substrate_UniProtAC_original	substrate_UniProtAC	canonical_UniProtAC	accession_is_isoform	substrate_genename	residue	position	site	mod_state	arg_methyl_state	arg_methyl_state_known	seq_window	peptides	source	source_family	ptm_type	ptm_group	organism	site_key	site_key_canonical_naive	is_arg_methyl	data_layer
Q9UKV3	Q9UKV3	Q9UKV3	False	ACIN1	R	14	R14	di	Rme2	True	PRTSGGTRGVLSGNR	TSGGTR(di)GVLSGNR	ProMetheusDB_mmc2	ProMetheusDB	METHYLATION	Arg methylation	Homo sapiens (Human)	Q9UKV3:R14	Q9UKV3:R14	True	external_methyl_table
Q9UKV3	Q9UKV3	Q9UKV3	False	ACIN1	R	29	R29	di	Rme2	True	GVEYGSGRGHLGTFE	GVEYGSGR(di)GHLGTFEGR	ProMetheusDB_mmc2	ProMetheusDB	METHYLATION	Arg methylation	Homo sapiens (Human)	Q9UKV3:R29	Q9UKV3:R29	True	external_methyl_table
P24666	P24666	P24666	False	ACP1	R	28	R28	me	Rme1	True	PIAEAVFRKLVTDQN	SPIAEAVFR(me)	ProMetheusDB_mmc2	ProMetheusDB	METHYLATION	Arg methylation	Homo sapiens (Human)	P24666:R28	P24666:R28	True	external_methyl_table
Q5FVE4	Q5FVE4	Q5FVE4	False	ACSBG2	R	205	R205	me	Rme1	True	DDFMELGRSIPDTQL	K(di)NNNLYSWDDFMELGR(me)	ProMetheusDB_mmc2	ProMetheusDB	METHYLATION	Arg methylation	Homo sapiens (Human)	Q5FVE4:R205	Q5FVE4:R205	True	external_methyl_table
P60709	P60709	P60709	False	ACTB	R	206	R206	me	Rme1	True	SFTTTAEREIVRDIK	GYSFTTTAER(me)	ProMetheusDB_mmc2	ProMetheusDB	METHYLATION	Arg methylation	Homo sapiens (Human)	P60709:R206	P60709:R206	True	external_methyl_table
P60709	P60709	P60709	False	ACTB	R	312	R312	me	Rme1	True	MYPGIADRMQKEITA	DLYANTVLSGGTTMYPGIADR(me)	ProMetheusDB_mmc2	ProMetheusDB	METHYLATION	Arg methylation	Homo sapiens (Human)	P60709:R312	P60709:R312	True	external_methyl_table
Q13443	Q13443	Q13443	False	ADAM9	R	772	R772	me	Rme1	True	EVPIYANRFAVPTYA	EVPIYANR(me)FAVPTYAAK	ProMetheusDB_mmc2	ProMetheusDB	METHYLATION	Arg methylation	Homo sapiens (Human)	Q13443:R772	Q13443:R772	True	external_methyl_table
O95450	O95450	O95450	False	ADAMTS2	R	695	R695	me	Rme1	True	LCVRGDCRKVGCDGV	GDCR(me)K(tr)VGCDGVIGSSKQEDK	ProMetheusDB_mmc2	ProMetheusDB	METHYLATION	Arg methylation	Homo sapiens (Human)	O95450:R695	O95450:R695	True	external_methyl_table
P55265	P55265	P55265	False	ADAR	R	26	R26	di	Rme2	True	GYEHRQLRYQQPGPG	QLR(di)YQQPGPGSSPSSFLLK	ProMetheusDB_mmc2	ProMetheusDB	METHYLATION	Arg methylation	Homo sapiens (Human)	P55265:R26	P55265:R26	True	external_methyl_table
P55265	P55265	P55265	False	ADAR	R	91	R91	me	Rme1	True	RGRQVDIRGVPRGVH	QVDIR(me)GVPR	ProMetheusDB_mmc2	ProMetheusDB	METHYLATION	Arg methylation	Homo sapiens (Human)	P55265:R91	P55265:R91	True	external_methyl_table
Q09666	Q09666	Q09666	False	AHNAK	R	149	R149	me	Rme1	True	DLGETQSRTITVTRR	LKSEDGVEGDLGETQSR(me)	ProMetheusDB_mmc2	ProMetheusDB	METHYLATION	Arg methylation	Homo sapiens (Human)	Q09666:R149	Q09666:R149	True	external_methyl_table
Q13155	Q13155	Q13155	False	AIMP2	R	26	R26	di	Rme2	True	ELPTCMYRLPNVHGR	VELPTCMYR(di)LPNVHGR, VELPTCM(me)YR(di)LPNVHGR, VELPTCMYR(di)LPNVHGR	ProMetheusDB_mmc2	ProMetheusDB	METHYLATION	Arg methylation	Homo sapiens (Human)	Q13155:R26	Q13155:R26	True	external_methyl_table
Q13155	Q13155	Q13155	False	AIMP2	R	17	R17	me	Rme1	True	HGGGAPLRVELPTCM	R(me)VELPTCMY	ProMetheusDB_mmc2	ProMetheusDB	METHYLATION	Arg methylation	Homo sapiens (Human)	Q13155:R17	Q13155:R17	True	external_methyl_table
Q13155	Q13155	Q13155	False	AIMP2	R	26	R26	me	Rme1	True	ELPTCMYRLPNVHGR	VELPTCMYR(me)LPNVHGR, VELPTCM(me)YR(me)LPNVHGR, VELPTCM(me)YR(me)LPNVHGR(me), VELPTCMYR(me)LPNVHGR, VELPTCMYR(me)LPNVHGR(me), VELPTCMYR(me)LPNVHGR(me)	ProMetheusDB_mmc2	ProMetheusDB	METHYLATION	Arg methylation	Homo sapiens (Human)	Q13155:R26	Q13155:R26	True	external_methyl_table
Q13155	Q13155	Q13155	False	AIMP2	R	33	R33	me	Rme1	True	RLPNVHGRSYGPAPG	VELPTCMYR(me)LPNVHGR(me), VELPTCMYR(me)LPNVHGR(me), VELPTCM(me)YRLPNVHGR(me), VELPTCM(me)YR(me)LPNVHGR(me)	ProMetheusDB_mmc2	ProMetheusDB	METHYLATION	Arg methylation	Homo sapiens (Human)	Q13155:R33	Q13155:R33	True	external_methyl_table
O43823	O43823	O43823	False	AKAP8	R	233	R233	me	Rme1	True	ELNYVGGRGLGGPSP	SDPFVPPAASSEPLSTPWNELNYVGGR(me)	ProMetheusDB_mmc2	ProMetheusDB	METHYLATION	Arg methylation	Homo sapiens (Human)	O43823:R233	O43823:R233	True	external_methyl_table
O43823	O43823	O43823	False	AKAP8	R	188	R188	di	Rme2	True	GSLDGFMRGRGQGRF	GSLDGFMR(di)GR(di)GQGR	ProMetheusDB_mmc2	ProMetheusDB	METHYLATION	Arg methylation	Homo sapiens (Human)	O43823:R188	O43823:R188	True	external_methyl_table
O43823	O43823	O43823	False	AKAP8	R	190	R190	di	Rme2	True	LDGFMRGRGQGRFQD	GSLDGFMR(di)GR(di)GQGR	ProMetheusDB_mmc2	ProMetheusDB	METHYLATION	Arg methylation	Homo sapiens (Human)	O43823:R190	O43823:R190	True	external_methyl_table
Q9ULX6	Q9ULX6	Q9ULX6	False	AKAP8L	R	171	R171	me	Rme1	True	YRDQFRMRGNDTFGP	MR(me)GNDTFGPR, M(me)R(me)GNDTFGPR, MR(me)GNDTFGPR, MR(me)GNDTFGPR(me), MR(me)GNDTFGPR, MR(me)GNDTFGPR(me)	ProMetheusDB_mmc2	ProMetheusDB	METHYLATION	Arg methylation	Homo sapiens (Human)	Q9ULX6:R171	Q9ULX6:R171	True	external_methyl_table
Q9ULX6	Q9ULX6	Q9ULX6	False	AKAP8L	R	179	R179	me	Rme1	True	GNDTFGPRAQGWARD	MR(me)GNDTFGPR(me), MR(me)GNDTFGPR(me), GNDTFGPR(me)AQGWAR	ProMetheusDB_mmc2	ProMetheusDB	METHYLATION	Arg methylation	Homo sapiens (Human)	Q9ULX6:R179	Q9ULX6:R179	True	external_methyl_table
Q9ULX6	Q9ULX6	Q9ULX6	False	AKAP8L	R	208	R208	me	Rme1	True	WEDPMGARGQCMSGA	MWEDPMGAR(me)GQCMSGASR, MWEDPMGAR(me)GQCMSGASR, MWEDPM(me)GAR(me)GQCM(me)SGASR, M(me)WEDPM(me)GAR(me)GQCM(me)SGASR(me), MWEDPMGAR(me)GQCM(me)SGASR, MWEDPMGAR(me)GQCMSGASR(me), MWEDPMGAR(me)GQCMSGASR	ProMetheusDB_mmc2	ProMetheusDB	METHYLATION	Arg methylation	Homo sapiens (Human)	Q9ULX6:R208	Q9ULX6:R208	True	external_methyl_table
Q9ULX6	Q9ULX6	Q9ULX6	False	AKAP8L	R	208	R208	di	Rme2	True	WEDPMGARGQCMSGA	MWEDPM(me)GAR(di)GQCM(me)SGASR, RMWEDPM(me)GAR(di)GQCM(me)SGAS, MWEDPMGAR(di)GQCMSGASR, RMWEDPMGAR(di)GQCMSGAS, RMWEDPMGAR(di)GQCMSGAS, RMWEDPM(me)GAR(di)GQCMSGAS, MWEDPMGAR(di)GQCMSGASR, RMWEDPMGAR(di)GQCMSGAS, M(me)WEDPM(me)GAR(di)GQCM(me)SGASR, MWEDPMGAR(di)GQCMSGASR, RMWEDPMGAR(di)GQCM(me)SGAS, MWEDPMGAR(di)GQCM(me)SGASR	ProMetheusDB_mmc2	ProMetheusDB	METHYLATION	Arg methylation	Homo sapiens (Human)	Q9ULX6:R208	Q9ULX6:R208	True	external_methyl_table
Q9ULX6	Q9ULX6	Q9ULX6	False	AKAP8L	R	217	R217	me	Rme1	True	QCMSGASRLPSLFSQ	MWEDPMGAR(me)GQCMSGASR(me), M(me)WEDPM(me)GAR(me)GQCM(me)SGASR(me)	ProMetheusDB_mmc2	ProMetheusDB	METHYLATION	Arg methylation	Homo sapiens (Human)	Q9ULX6:R217	Q9ULX6:R217	True	external_methyl_table
Q9ULX6	Q9ULX6	Q9ULX6	False	AKAP8L	R	237	R237	di	Rme2	True	YGMFQGMRGGGAFPG	LPSLFSQNIIPEYGMFQGMR(di)GGGAFPGGSR	ProMetheusDB_mmc2	ProMetheusDB	METHYLATION	Arg methylation	Homo sapiens (Human)	Q9ULX6:R237	Q9ULX6:R237	True	external_methyl_table
Q6P6C2	Q6P6C2	Q6P6C2	False	ALKBH5	R	359	R359	me	Rme1	True	LLPTHRRRGSFSSEN	R(me)GSFSSENYWR	ProMetheusDB_mmc2	ProMetheusDB	METHYLATION	Arg methylation	Homo sapiens (Human)	Q6P6C2:R359	Q6P6C2:R359	True	external_methyl_table
Q86V81	Q86V81	Q86V81	False	ALYREF	R	38	R38	me	Rme1	True	RAGSQGGRGGGAQAA	AGSQGGR(me)GGGAQAAAR	ProMetheusDB_mmc2	ProMetheusDB	METHYLATION	Arg methylation	Homo sapiens (Human)	Q86V81:R38	Q86V81:R38	True	external_methyl_table
Q86V81	Q86V81	Q86V81	False	ALYREF	R	204	R204	di	Rme2	True	RGGMTRNRGAGGFGG	NR(di)GAGGFGGGGGTR(me)R, NR(di)GAGGFGGGGGTR(me), NR(di)GAGGFGGGGGTR	ProMetheusDB_mmc2	ProMetheusDB	METHYLATION	Arg methylation	Homo sapiens (Human)	Q86V81:R204	Q86V81:R204	True	external_methyl_table
Q86V81	Q86V81	Q86V81	False	ALYREF	R	38	R38	di	Rme2	True	RAGSQGGRGGGAQAA	AGSQGGR(di)GGGAQAAAR	ProMetheusDB_mmc2	ProMetheusDB	METHYLATION	Arg methylation	Homo sapiens (Human)	Q86V81:R38	Q86V81:R38	True	external_methyl_table
Q86V81	Q86V81	Q86V81	False	ALYREF	R	63	R63	di	Rme2	True	RNRPAIARGAAGGGG	PAIAR(di)GAAGGGGR(me), GGGPIR(me)NRPAIAR(di)GAAGGGGR, NR(me)PAIAR(di)GAAGGGGR(me), PAIAR(di)GAAGGGGR, NR(me)PAIAR(di)GAAGGGGR, NRPAIAR(di)GAAGGGGR(me)NR, NR(di)PAIAR(di)GAAGGGGR, NRPAIAR(di)GAAGGGGR, NRPAIAR(di)GAAGGGGR(me)	ProMetheusDB_mmc2	ProMetheusDB	METHYLATION	Arg methylation	Homo sapiens (Human)	Q86V81:R63	Q86V81:R63	True	external_methyl_table
Q86V81	Q86V81	Q86V81	False	ALYREF	R	204	R204	me	Rme1	True	RGGMTRNRGAGGFGG	R(me)NR(me)GAGGFGGGGGT, NR(me)GAGGFGGGGGTR	ProMetheusDB_mmc2	ProMetheusDB	METHYLATION	Arg methylation	Homo sapiens (Human)	Q86V81:R204	Q86V81:R204	True	external_methyl_table
Q86V81	Q86V81	Q86V81	False	ALYREF	R	50	R50	me	Rme1	True	QAAARVNRGGGPIRN	VNR(me)GGGPIR(di)NR, VNR(me)GGGPIR(me)NR, VNR(me)GGGPIR	ProMetheusDB_mmc2	ProMetheusDB	METHYLATION	Arg methylation	Homo sapiens (Human)	Q86V81:R50	Q86V81:R50	True	external_methyl_table
Q86V81	Q86V81	Q86V81	False	ALYREF	R	216	R216	me	Rme1	True	FGGGGGTRRGTRGGA	NR(di)GAGGFGGGGGTR(me)R, NR(di)GAGGFGGGGGTR(me)	ProMetheusDB_mmc2	ProMetheusDB	METHYLATION	Arg methylation	Homo sapiens (Human)	Q86V81:R216	Q86V81:R216	True	external_methyl_table
Q86V81	Q86V81	Q86V81	False	ALYREF	R	63	R63	me	Rme1	True	RNRPAIARGAAGGGG	NRPAIAR(me), NRPAIAR(me)GAAGGGGR	ProMetheusDB_mmc2	ProMetheusDB	METHYLATION	Arg methylation	Homo sapiens (Human)	Q86V81:R63	Q86V81:R63	True	external_methyl_table
Q86V81	Q86V81	Q86V81	False	ALYREF	R	58	R58	me	Rme1	True	GGGPIRNRPAIARGA	NR(me)PAIAR(di)GAAGGGGR, NR(me)PAIAR(di)GAAGGGGR(me)	ProMetheusDB_mmc2	ProMetheusDB	METHYLATION	Arg methylation	Homo sapiens (Human)	Q86V81:R58	Q86V81:R58	True	external_methyl_table
Q86V81	Q86V81	Q86V81	False	ALYREF	R	71	R71	me	Rme1	True	GAAGGGGRNRPAPYS	NR(me)PAIAR(di)GAAGGGGR(me), NRPAIAR(di)GAAGGGGR(me)NR, NRPAIAR(di)GAAGGGGR(me), PAIAR(di)GAAGGGGR(me)	ProMetheusDB_mmc2	ProMetheusDB	METHYLATION	Arg methylation	Homo sapiens (Human)	Q86V81:R71	Q86V81:R71	True	external_methyl_table
Q86V81	Q86V81	Q86V81	False	ALYREF	R	50	R50	di	Rme2	True	QAAARVNRGGGPIRN	VNR(di)GGGPIR(me), VNR(di)GGGPIR, VNR(di)GGGPIR(me)NR	ProMetheusDB_mmc2	ProMetheusDB	METHYLATION	Arg methylation	Homo sapiens (Human)	Q86V81:R50	Q86V81:R50	True	external_methyl_table
Q86V81	Q86V81	Q86V81	False	ALYREF	R	73	R73	me	Rme1	True	AGGGGRNRPAPYSRP	NR(me)PAPYSR, NR(me)PAPYSRPK	ProMetheusDB_mmc2	ProMetheusDB	METHYLATION	Arg methylation	Homo sapiens (Human)	Q86V81:R73	Q86V81:R73	True	external_methyl_table
Q86V81	Q86V81	Q86V81	False	ALYREF	R	58	R58	di	Rme2	True	GGGPIRNRPAIARGA	NR(di)PAIAR(di)GAAGGGGR	ProMetheusDB_mmc2	ProMetheusDB	METHYLATION	Arg methylation	Homo sapiens (Human)	Q86V81:R58	Q86V81:R58	True	external_methyl_table
Q86V81	Q86V81	Q86V81	False	ALYREF	R	56	R56	me	Rme1	True	NRGGGPIRNRPAIAR	VNR(di)GGGPIR(me), GGGPIR(me)NRPAIAR(di)GAAGGGGR, VNR(me)GGGPIR(me)NR, VNR(di)GGGPIR(me)NR	ProMetheusDB_mmc2	ProMetheusDB	METHYLATION	Arg methylation	Homo sapiens (Human)	Q86V81:R56	Q86V81:R56	True	external_methyl_table
Q86V81	Q86V81	Q86V81	False	ALYREF	R	197	R197	me	Rme1	True	RPAQSVNRGGMTRNR	RPAQSVNR(me)GGMTR(me), RPAQSVNR(me)GGMTR, RPAQSVNR(me)GGMTR(me), RPAQSVNR(me)GGM(me)TR, RPAQSVNR(me)GGMTR	ProMetheusDB_mmc2	ProMetheusDB	METHYLATION	Arg methylation	Homo sapiens (Human)	Q86V81:R197	Q86V81:R197	True	external_methyl_table
Q86V81	Q86V81	Q86V81	False	ALYREF	R	197	R197	di	Rme2	True	RPAQSVNRGGMTRNR	RPAQSVNR(di)GGMT, RPAQSVNR(di)GGMTR, RPAQSVNR(di)GGMTR, RPAQSVNR(di)GGM(me)TR	ProMetheusDB_mmc2	ProMetheusDB	METHYLATION	Arg methylation	Homo sapiens (Human)	Q86V81:R197	Q86V81:R197	True	external_methyl_table
Q86V81	Q86V81	Q86V81	False	ALYREF	R	56	R56	di	Rme2	True	NRGGGPIRNRPAIAR	VNR(me)GGGPIR(di)NR	ProMetheusDB_mmc2	ProMetheusDB	METHYLATION	Arg methylation	Homo sapiens (Human)	Q86V81:R56	Q86V81:R56	True	external_methyl_table
Q86V81	Q86V81	Q86V81	False	ALYREF	R	202	R202	me	Rme1	True	VNRGGMTRNRGAGGF	R(me)NR(me)GAGGFGGGGGT, RPAQSVNR(me)GGMTR(me), RPAQSVNR(me)GGMTR(me)	ProMetheusDB_mmc2	ProMetheusDB	METHYLATION	Arg methylation	Homo sapiens (Human)	Q86V81:R202	Q86V81:R202	True	external_methyl_table
Q01433	Q01433	Q01433	False	AMPD2	R	87	R87	me	Rme1	True	STAAPEARGGLGAPP	R(me)GGLGAPPLQSA	ProMetheusDB_mmc2	ProMetheusDB	METHYLATION	Arg methylation	Homo sapiens (Human)	Q01433:R87	Q01433:R87	True	external_methyl_table
Q9H1A4	Q9H1A4	Q9H1A4	False	ANAPC1	R	368	R368	di	Rme2	True	HSFSGVQRFNISSHN	AHSPALGVHSFSGVQR(di)FNISSHNQSPKR	ProMetheusDB_mmc2	ProMetheusDB	METHYLATION	Arg methylation	Homo sapiens (Human)	Q9H1A4:R368	Q9H1A4:R368	True	external_methyl_table
O75179	O75179	O75179	False	ANKRD17	R	1743	R1743	me	Rme1	True	VISRVIGRGGCNINA	VIGR(me)GGCNINAIR	ProMetheusDB_mmc2	ProMetheusDB	METHYLATION	Arg methylation	Homo sapiens (Human)	O75179:R1743	O75179:R1743	True	external_methyl_table
Q4UJ75	Q4UJ75	Q4UJ75	False	ANKRD20A4P	R	733	R733	di	Rme2	True	KWNCVEERICHLQRE	VNNSTGK(di)WNCVEER(di)	ProMetheusDB_mmc2	ProMetheusDB	METHYLATION	Arg methylation	Homo sapiens (Human)	Q4UJ75:R733	Q4UJ75:R733	True	external_methyl_table
A6QL64	A6QL64	A6QL64	False	ANKRD36	R	1886	R1886	di	Rme2	True	EVEHVMMRKIIKKQD	LEVEHVMMR(di)	ProMetheusDB_mmc2	ProMetheusDB	METHYLATION	Arg methylation	Homo sapiens (Human)	A6QL64:R1886	A6QL64:R1886	True	external_methyl_table
P04083	P04083	P04083	False	ANXA1	R	144	R144	me	Rme1	True	LIEILASRTNKEIRD	GLGTDEDTLIEILASR(me)	ProMetheusDB_mmc2	ProMetheusDB	METHYLATION	Arg methylation	Homo sapiens (Human)	P04083:R144	P04083:R144	True	external_methyl_table
P04083	P04083	P04083	False	ANXA1	R	124	R124	me	Rme1	True	QFDADELRAAMKGLG	TPAQFDADELR(me)	ProMetheusDB_mmc2	ProMetheusDB	METHYLATION	Arg methylation	Homo sapiens (Human)	P04083:R124	P04083:R124	True	external_methyl_table
P07355	P07355	P07355	False	ANXA2	R	179	R179	me	Rme1	True	VALAKGRRAEDGSVI	R(me)AEDGSVIDYELIDQDAR	ProMetheusDB_mmc2	ProMetheusDB	METHYLATION	Arg methylation	Homo sapiens (Human)	P07355:R179	P07355:R179	True	external_methyl_table
A6NMY6	A6NMY6	A6NMY6	False	ANXA2P2	R	135	R135	di	Rme2	True	LIEIICSRTNQELQE	GLGTDEDSLIEIICSR(di)	ProMetheusDB_mmc2	ProMetheusDB	METHYLATION	Arg methylation	Homo sapiens (Human)	A6NMY6:R135	A6NMY6:R135	True	external_methyl_table
P09525	P09525	P09525	False	ANXA4	R	270	R270	me	Rme1	True	TDDNTLIRVMVSRAE	GLGTDDNTLIR(me)VMVSR	ProMetheusDB_mmc2	ProMetheusDB	METHYLATION	Arg methylation	Homo sapiens (Human)	P09525:R270	P09525:R270	True	external_methyl_table
Q9BZZ5	Q9BZZ5	Q9BZZ5	False	API5	R	500	R500	me	Rme1	True	GNFNYEQRGAFRGSR	YSSNLGNFNYEQR(me)GAFR(me), YSSNLGNFNYEQR(me), KYSSNLGNFNYEQR(me)GAF, YSSNLGNFNYEQR(me)GAFR, YSSNLGNFNYEQR(me)GAFR(me)GSR(me)GGR(me)	ProMetheusDB_mmc2	ProMetheusDB	METHYLATION	Arg methylation	Homo sapiens (Human)	Q9BZZ5:R500	Q9BZZ5:R500	True	external_methyl_table
Q9BZZ5	Q9BZZ5	Q9BZZ5	False	API5	R	500	R500	di	Rme2	True	GNFNYEQRGAFRGSR	YSSNLGNFNYEQR(di)GAFR, KYSSNLGNFNYEQR(di)GAFR(di)GS	ProMetheusDB_mmc2	ProMetheusDB	METHYLATION	Arg methylation	Homo sapiens (Human)	Q9BZZ5:R500	Q9BZZ5:R500	True	external_methyl_table
Q9BZZ5	Q9BZZ5	Q9BZZ5	False	API5	R	504	R504	me	Rme1	True	YEQRGAFRGSRGGRG	YSSNLGNFNYEQR(me)GAFR(me), YSSNLGNFNYEQR(me)GAFR(me)GSR(me)GGR(me)	ProMetheusDB_mmc2	ProMetheusDB	METHYLATION	Arg methylation	Homo sapiens (Human)	Q9BZZ5:R504	Q9BZZ5:R504	True	external_methyl_table
Q9BZZ5	Q9BZZ5	Q9BZZ5	False	API5	R	507	R507	me	Rme1	True	RGAFRGSRGGRGWGT	YSSNLGNFNYEQR(me)GAFR(me)GSR(me)GGR(me)	ProMetheusDB_mmc2	ProMetheusDB	METHYLATION	Arg methylation	Homo sapiens (Human)	Q9BZZ5:R507	Q9BZZ5:R507	True	external_methyl_table
Q9BZZ5	Q9BZZ5	Q9BZZ5	False	API5	R	510	R510	me	Rme1	True	FRGSRGGRGWGTRGN	YSSNLGNFNYEQR(me)GAFR(me)GSR(me)GGR(me)	ProMetheusDB_mmc2	ProMetheusDB	METHYLATION	Arg methylation	Homo sapiens (Human)	Q9BZZ5:R510	Q9BZZ5:R510	True	external_methyl_table
Q9BZZ5	Q9BZZ5	Q9BZZ5	False	API5	R	504	R504	di	Rme2	True	YEQRGAFRGSRGGRG	KYSSNLGNFNYEQR(di)GAFR(di)GS	ProMetheusDB_mmc2	ProMetheusDB	METHYLATION	Arg methylation	Homo sapiens (Human)	Q9BZZ5:R504	Q9BZZ5:R504	True	external_methyl_table
Q0VD83	Q0VD83	Q0VD83	False	APOBR	R	999	R999	me	Rme1	True	LLDVSVPRSRVHLSR	RGGAANSWSEAPLPGSLLDVSVPR(me)S	ProMetheusDB_mmc2	ProMetheusDB	METHYLATION	Arg methylation	Homo sapiens (Human)	Q0VD83:R999	Q0VD83:R999	True	external_methyl_table
Q9NWB6	Q9NWB6	Q9NWB6	False	ARGLU1	R	67	R67	me	Rme1	True	STNTAVSRRERDRER	STNTAVSR(me)	ProMetheusDB_mmc2	ProMetheusDB	METHYLATION	Arg methylation	Homo sapiens (Human)	Q9NWB6:R67	Q9NWB6:R67	True	external_methyl_table
A7KAX9	A7KAX9	A7KAX9	False	ARHGAP32	R	1695	R1695	me	Rme1	True	DFAFYNPRLQGKSLY	DFAFYNPR(me)LQGK(me)	ProMetheusDB_mmc2	ProMetheusDB	METHYLATION	Arg methylation	Homo sapiens (Human)	A7KAX9:R1695	A7KAX9:R1695	True	external_methyl_table
Q96PE2	Q96PE2	Q96PE2	False	ARHGEF17	R	1047	R1047	me	Rme1	True	AKPPEAARPADEPTP	PPEAAR(me)PADEPTPASK	ProMetheusDB_mmc2	ProMetheusDB	METHYLATION	Arg methylation	Homo sapiens (Human)	Q96PE2:R1047	Q96PE2:R1047	True	external_methyl_table
Q12774	Q12774	Q12774	False	ARHGEF5	R	866	R866	di	Rme2	True	RGRSRSTRGGHMNSG	STR(di)GGHMNSGGHAK	ProMetheusDB_mmc2	ProMetheusDB	METHYLATION	Arg methylation	Homo sapiens (Human)	Q12774:R866	Q12774:R866	True	external_methyl_table
O14497	O14497	O14497	False	ARID1A	R	1276	R1276	me	Rme1	True	GNVAMGPRQHYPYGG	AAGPGLGNVAM(me)GPR(me)QHYPYGGPYDR, RAAGPGLGNVAMGPR(me)QHYPYGGPYD, AAGPGLGNVAMGPR(me), AAGPGLGNVAMGPR(me)QHYPYGGPYDR, AAGPGLGNVAM(me)GPR(me)	ProMetheusDB_mmc2	ProMetheusDB	METHYLATION	Arg methylation	Homo sapiens (Human)	O14497:R1276	O14497:R1276	True	external_methyl_table
O14497	O14497	O14497	False	ARID1A	R	429	R429	di	Rme2	True	YGSQTPQRYPMTMQG	R(di)YPMTMQG	ProMetheusDB_mmc2	ProMetheusDB	METHYLATION	Arg methylation	Homo sapiens (Human)	O14497:R429	O14497:R429	True	external_methyl_table
O14497	O14497	O14497	False	ARID1A	R	727	R727	di	Rme2	True	PGNQMPPRPPSGQSD	SGPLSPAAVPGNQMPPR(di)PPSGQSDSIMHPSMNQSSIAQDR	ProMetheusDB_mmc2	ProMetheusDB	METHYLATION	Arg methylation	Homo sapiens (Human)	O14497:R727	O14497:R727	True	external_methyl_table
O14497	O14497	O14497	False	ARID1A	R	1276	R1276	di	Rme2	True	GNVAMGPRQHYPYGG	AAGPGLGNVAM(me)GPR(di)QHYPYGGPYDR	ProMetheusDB_mmc2	ProMetheusDB	METHYLATION	Arg methylation	Homo sapiens (Human)	O14497:R1276	O14497:R1276	True	external_methyl_table
Q8IZT6	Q8IZT6	Q8IZT6	False	ASPM	R	8	R8	me	Rme1	True	MANRRVGRGCWEVSP	VGR(me)GCWEVSPTER	ProMetheusDB_mmc2	ProMetheusDB	METHYLATION	Arg methylation	Homo sapiens (Human)	Q8IZT6:R8	Q8IZT6:R8	True	external_methyl_table
Q6VMQ6	Q6VMQ6	Q6VMQ6	False	ATF7IP	R	1087	R1087	di	Rme2	True	VMQAPAVRQVNPQNS	GTVMQAPAVR(di)QVNPQNSVTVR, GTVMQAPAVR(di)QVNPQNSVTVR	ProMetheusDB_mmc2	ProMetheusDB	METHYLATION	Arg methylation	Homo sapiens (Human)	Q6VMQ6:R1087	Q6VMQ6:R1087	True	external_methyl_table
P25705	P25705	P25705	False	ATP5F1A	R	204	R204	me	Rme1	True	DSLVPIGRGQRELII	AVDSLVPIGR(me)GQR, AVDSLVPIGR(me)	ProMetheusDB_mmc2	ProMetheusDB	METHYLATION	Arg methylation	Homo sapiens (Human)	P25705:R204	P25705:R204	True	external_methyl_table
Q99700	Q99700	Q99700	False	ATXN2	R	640	R640	me	Rme1	True	NHRVSAGRGSISSGL	VSAGR(me)GSISSGLEFVSHNPPSEAATPPVAR	ProMetheusDB_mmc2	ProMetheusDB	METHYLATION	Arg methylation	Homo sapiens (Human)	Q99700:R640	Q99700:R640	True	external_methyl_table
Q99700	Q99700	Q99700	False	ATXN2	R	640	R640	di	Rme2	True	NHRVSAGRGSISSGL	VSAGR(di)GSISSGLEFVSHNPPSEAATPPVAR	ProMetheusDB_mmc2	ProMetheusDB	METHYLATION	Arg methylation	Homo sapiens (Human)	Q99700:R640	Q99700:R640	True	external_methyl_table
Q8WWM7	Q8WWM7	Q8WWM7	False	ATXN2L	R	417	R417	me	Rme1	True	PKAQRPLRGAKTLSS	AQRPLR(me)GAK	ProMetheusDB_mmc2	ProMetheusDB	METHYLATION	Arg methylation	Homo sapiens (Human)	Q8WWM7:R417	Q8WWM7:R417	True	external_methyl_table
Q8WWM7	Q8WWM7	Q8WWM7	False	ATXN2L	R	417	R417	di	Rme2	True	PKAQRPLRGAKTLSS	AQRPLR(di)GAK	ProMetheusDB_mmc2	ProMetheusDB	METHYLATION	Arg methylation	Homo sapiens (Human)	Q8WWM7:R417	Q8WWM7:R417	True	external_methyl_table
Q8WXX7	Q8WXX7	Q8WXX7	False	AUTS2	R	1103	R1103	di	Rme2	True	LRNDPLHRLSTPRLY	NDPLHR(di)LSTPR	ProMetheusDB_mmc2	ProMetheusDB	METHYLATION	Arg methylation	Homo sapiens (Human)	Q8WXX7:R1103	Q8WXX7:R1103	True	external_methyl_table
Q9NQS1	Q9NQS1	Q9NQS1	False	AVEN	R	37	R37	di	Rme2	True	GAAAAVARGGGGGGG	HSERPGAAAAVAR(di)GGGGGGGGDGGGR	ProMetheusDB_mmc2	ProMetheusDB	METHYLATION	Arg methylation	Homo sapiens (Human)	Q9NQS1:R37	Q9NQS1:R37	True	external_methyl_table
Q96L58	Q96L58	Q96L58	False	B3GALT6	R	77	R77	di	Rme2	True	AERRSVIRSTWLARR	SVIR(di)STWLAR	ProMetheusDB_mmc2	ProMetheusDB	METHYLATION	Arg methylation	Homo sapiens (Human)	Q96L58:R77	Q96L58:R77	True	external_methyl_table
Q99933	Q99933	Q99933	False	BAG1	R	61	R61	di	Rme2	True	SGHDRPTRGAAAGAR	STASGHDRPTR(di)GAAAGAR	ProMetheusDB_mmc2	ProMetheusDB	METHYLATION	Arg methylation	Homo sapiens (Human)	Q99933:R61	Q99933:R61	True	external_methyl_table
O95817	O95817	O95817	False	BAG3	R	261	R261	me	Rme1	True	DWEPRPLRAASPFRS	PLR(me)AASPFR	ProMetheusDB_mmc2	ProMetheusDB	METHYLATION	Arg methylation	Homo sapiens (Human)	O95817:R261	O95817:R261	True	external_methyl_table
O95817	O95817	O95817	False	BAG3	R	258	R258	me	Rme1	True	QGDDWEPRPLRAASP	IQGDDWEPR(me)PLR	ProMetheusDB_mmc2	ProMetheusDB	METHYLATION	Arg methylation	Homo sapiens (Human)	O95817:R258	O95817:R258	True	external_methyl_table
O95429	O95429	O95429	False	BAG4	R	53	R53	me	Rme1	True	PPISWRVRGGGPAET	VR(me)GGGPAETTWLGEGGGGDGYYPSGGAWPEPGR	ProMetheusDB_mmc2	ProMetheusDB	METHYLATION	Arg methylation	Homo sapiens (Human)	O95429:R53	O95429:R53	True	external_methyl_table
O95429	O95429	O95429	False	BAG4	R	108	R108	me	Rme1	True	NYWNSTARSRAPYPS	AGGSHQEQPPYPSYNSNYWNSTAR(me)	ProMetheusDB_mmc2	ProMetheusDB	METHYLATION	Arg methylation	Homo sapiens (Human)	O95429:R108	O95429:R108	True	external_methyl_table
Q86UU0	Q86UU0	Q86UU0	False	BCL9L	R	680	R680	di	Rme2	True	RVREELLRHQLLEKR	EELLR(di)HQLLEK, VREELLR(di)HQLLEK, EELLR(di)HQLLEKR	ProMetheusDB_mmc2	ProMetheusDB	METHYLATION	Arg methylation	Homo sapiens (Human)	Q86UU0:R680	Q86UU0:R680	True	external_methyl_table
Q86UU0	Q86UU0	Q86UU0	False	BCL9L	R	680	R680	me	Rme1	True	RVREELLRHQLLEKR	EELLR(me)HQLLEKR	ProMetheusDB_mmc2	ProMetheusDB	METHYLATION	Arg methylation	Homo sapiens (Human)	Q86UU0:R680	Q86UU0:R680	True	external_methyl_table
Q9NYF8-3	Q9NYF8-3	Q9NYF8	True	BCLAF1	R	794	R794	me	Rme1	True	FAGVSRPRGTFHDDR	PR(me)GTFHDDRDDGVDYWAK	ProMetheusDB_mmc2	ProMetheusDB	METHYLATION	Arg methylation	Homo sapiens (Human)	Q9NYF8-3:R794	Q9NYF8:R794	True	external_methyl_table
Q9NYF8	Q9NYF8	Q9NYF8	False	BCLAF1	R	809	R809	me	Rme1	True	IRGRGRARGVFAGTN	R(me)GVFAGTNTGPNNSNTTFQ	ProMetheusDB_mmc2	ProMetheusDB	METHYLATION	Arg methylation	Homo sapiens (Human)	Q9NYF8:R809	Q9NYF8:R809	True	external_methyl_table
Q9NYF8-3	Q9NYF8-3	Q9NYF8	True	BCLAF1	R	76	R76	di	Rme2	True	YGYRGRGRGYYQGGG	R(di)GYYQGGGGR(di)YH	ProMetheusDB_mmc2	ProMetheusDB	METHYLATION	Arg methylation	Homo sapiens (Human)	Q9NYF8-3:R76	Q9NYF8:R76	True	external_methyl_table
Q9NYF8-3	Q9NYF8-3	Q9NYF8	True	BCLAF1	R	85	R85	di	Rme2	True	YYQGGGGRYHRGGYR	R(di)GYYQGGGGR(di)YH	ProMetheusDB_mmc2	ProMetheusDB	METHYLATION	Arg methylation	Homo sapiens (Human)	Q9NYF8-3:R85	Q9NYF8:R85	True	external_methyl_table
Q9NYF8	Q9NYF8	Q9NYF8	False	BCLAF1	R	809	R809	di	Rme2	True	IRGRGRARGVFAGTN	AR(di)GVFAGTNTGPNNSNTTFQK, R(di)GVFAGTNTGPNNSNTTFQ	ProMetheusDB_mmc2	ProMetheusDB	METHYLATION	Arg methylation	Homo sapiens (Human)	Q9NYF8:R809	Q9NYF8:R809	True	external_methyl_table
Q12830	Q12830	Q12830	False	BPTF	R	68	R68	di	Rme2	True	KTRLSSPRGGSSSRR	LSSPR(di)GGSSSR	ProMetheusDB_mmc2	ProMetheusDB	METHYLATION	Arg methylation	Homo sapiens (Human)	Q12830:R68	Q12830:R68	True	external_methyl_table
Q8TDN6	Q8TDN6	Q8TDN6	False	BRIX1	R	9	R9	me	Rme1	True	AATKRKRRGGFAVQA	R(me)GGFAVQAK	ProMetheusDB_mmc2	ProMetheusDB	METHYLATION	Arg methylation	Homo sapiens (Human)	Q8TDN6:R9	Q8TDN6:R9	True	external_methyl_table
P20290	P20290	P20290	False	BTF3	R	19	R19	me	Rme1	True	SRGRGRARGGCPGGE	AR(me)GGCPGGEATLSQPPPR	ProMetheusDB_mmc2	ProMetheusDB	METHYLATION	Arg methylation	Homo sapiens (Human)	P20290:R19	P20290:R19	True	external_methyl_table
Q9BRD0	Q9BRD0	Q9BRD0	False	BUD13	R	117	R117	me	Rme1	True	NEDLPSNRHFRHDTP	LLGGHNEDLPSNR(me)	ProMetheusDB_mmc2	ProMetheusDB	METHYLATION	Arg methylation	Homo sapiens (Human)	Q9BRD0:R117	Q9BRD0:R117	True	external_methyl_table
Q13895	Q13895	Q13895	False	BYSL	R	40	R40	me	Rme1	True	VREKRRGRGTGEAEE	GR(me)GTGEAEEEYVGPR	ProMetheusDB_mmc2	ProMetheusDB	METHYLATION	Arg methylation	Homo sapiens (Human)	Q13895:R40	Q13895:R40	True	external_methyl_table
Q9H3H3	Q9H3H3	Q9H3H3	False	C11orf68	R	29	R29	me	Rme1	True	RQERSRARGWAGVER	AR(me)GWAGVER	ProMetheusDB_mmc2	ProMetheusDB	METHYLATION	Arg methylation	Homo sapiens (Human)	Q9H3H3:R29	Q9H3H3:R29	True	external_methyl_table
Q6ZRI6	Q6ZRI6	Q6ZRI6	False	C15orf39	R	366	R366	di	Rme2	True	LEPPLTPRCPLDFAP	LEPPLTPR(di)CPLDFAPQTLSFPYAR, KLEPPLTPR(di)CPLDFAPQTLSFPYA	ProMetheusDB_mmc2	ProMetheusDB	METHYLATION	Arg methylation	Homo sapiens (Human)	Q6ZRI6:R366	Q6ZRI6:R366	True	external_methyl_table
Q96B23	Q96B23	Q96B23	False	C18orf25	R	347	R347	me	Rme1	True	HARCVHPRGGVIQSV	R(me)GGVIQSVSSW	ProMetheusDB_mmc2	ProMetheusDB	METHYLATION	Arg methylation	Homo sapiens (Human)	Q96B23:R347	Q96B23:R347	True	external_methyl_table
Q5T0Z8	Q5T0Z8	Q5T0Z8	False	C6orf132	R	1119	R1119	di	Rme2	True	PGGLHAPRLSLEGAA	APPGGLHAPR(di)LSLEGAAR	ProMetheusDB_mmc2	ProMetheusDB	METHYLATION	Arg methylation	Homo sapiens (Human)	Q5T0Z8:R1119	Q5T0Z8:R1119	True	external_methyl_table
Q5T0Z8	Q5T0Z8	Q5T0Z8	False	C6orf132	R	1119	R1119	me	Rme1	True	PGGLHAPRLSLEGAA	APPGGLHAPR(me)LSLEGAAR(me)	ProMetheusDB_mmc2	ProMetheusDB	METHYLATION	Arg methylation	Homo sapiens (Human)	Q5T0Z8:R1119	Q5T0Z8:R1119	True	external_methyl_table
Q5T0Z8	Q5T0Z8	Q5T0Z8	False	C6orf132	R	1127	R1127	me	Rme1	True	LSLEGAARGAAEAKH	APPGGLHAPR(me)LSLEGAAR(me)	ProMetheusDB_mmc2	ProMetheusDB	METHYLATION	Arg methylation	Homo sapiens (Human)	Q5T0Z8:R1127	Q5T0Z8:R1127	True	external_methyl_table
Q86Y37	Q86Y37	Q86Y37	False	CACUL1	R	366	R366	me	Rme1	True	SSACASSRGYR____	AGDELAYNSSSACASSR(me)GYR	ProMetheusDB_mmc2	ProMetheusDB	METHYLATION	Arg methylation	Homo sapiens (Human)	Q86Y37:R366	Q86Y37:R366	True	external_methyl_table
P27708	P27708	P27708	False	CAD	R	1378	R1378	me	Rme1	True	DGECPPQRSILEQLA	VTAVDWHFEEAVDGECPPQR(me)	ProMetheusDB_mmc2	ProMetheusDB	METHYLATION	Arg methylation	Homo sapiens (Human)	P27708:R1378	P27708:R1378	True	external_methyl_table
Q14444	Q14444	Q14444	False	CAPRIN1	R	608	R608	me	Rme1	True	NQPYYNSRGVSRGGS	SNQPYYNSR(me)	ProMetheusDB_mmc2	ProMetheusDB	METHYLATION	Arg methylation	Homo sapiens (Human)	Q14444:R608	Q14444:R608	True	external_methyl_table
Q14444	Q14444	Q14444	False	CAPRIN1	R	640	R640	me	Rme1	True	RGGYDGYRPSFSNTP	GPANGFR(me)GGYDGYR(me)PSFSNTPNSGYTQSQFSAPR, GGYDGYR(me)PSFSNTPNSGYTQSQFSAPR	ProMetheusDB_mmc2	ProMetheusDB	METHYLATION	Arg methylation	Homo sapiens (Human)	Q14444:R640	Q14444:R640	True	external_methyl_table
Q14444	Q14444	Q14444	False	CAPRIN1	R	619	R619	di	Rme2	True	RGGSRGARGLMNGYR	GAR(di)GLMNGYR, GAR(di)GLMNGYR	ProMetheusDB_mmc2	ProMetheusDB	METHYLATION	Arg methylation	Homo sapiens (Human)	Q14444:R619	Q14444:R619	True	external_methyl_table
Q14444	Q14444	Q14444	False	CAPRIN1	R	633	R633	me	Rme1	True	RGPANGFRGGYDGYR	GPANGFR(me)GGYDGYR, GPANGFR(me)GGYDGYR(me)PSFSNTPNSGYTQSQFSAPR	ProMetheusDB_mmc2	ProMetheusDB	METHYLATION	Arg methylation	Homo sapiens (Human)	Q14444:R633	Q14444:R633	True	external_methyl_table
Q14444	Q14444	Q14444	False	CAPRIN1	R	633	R633	di	Rme2	True	RGPANGFRGGYDGYR	GPANGFR(di)GGYDGYRPSFSNTPNSGYTQSQFSAPR, RGPANGFR(di)GGYDGY, GPANGFR(di)GGYDGYR	ProMetheusDB_mmc2	ProMetheusDB	METHYLATION	Arg methylation	Homo sapiens (Human)	Q14444:R633	Q14444:R633	True	external_methyl_table
Q14444	Q14444	Q14444	False	CAPRIN1	R	667	R667	me	Rme1	True	RDYSGYQRDGYQQNF	RDYSGYQR(me)DGYQQNF	ProMetheusDB_mmc2	ProMetheusDB	METHYLATION	Arg methylation	Homo sapiens (Human)	Q14444:R667	Q14444:R667	True	external_methyl_table
Q75N03	Q75N03	Q75N03	False	CBLL1	R	465	R465	di	Rme2	True	RGPPPPPRLQGPPSQ	GPPPPPR(di)LQGPPSQTPLPGPHHPDQTR	ProMetheusDB_mmc2	ProMetheusDB	METHYLATION	Arg methylation	Homo sapiens (Human)	Q75N03:R465	Q75N03:R465	True	external_methyl_table
Q14781	Q14781	Q14781	False	CBX2	R	247	R247	me	Rme1	True	GMASSPGRGGISWQS	GMASSPGR(me)GGISWQSSIVHYM(me)NR, GMASSPGR(me)GGISWQSSIVHYMNR	ProMetheusDB_mmc2	ProMetheusDB	METHYLATION	Arg methylation	Homo sapiens (Human)	Q14781:R247	Q14781:R247	True	external_methyl_table
Q9Y3X0	Q9Y3X0	Q9Y3X0	False	CCDC9	R	131	R131	di	Rme2	True	GAGGRGRRGRGRGSP	R(di)GR(di)GR(di)GSPHLSGAGDTSISDR	ProMetheusDB_mmc2	ProMetheusDB	METHYLATION	Arg methylation	Homo sapiens (Human)	Q9Y3X0:R131	Q9Y3X0:R131	True	external_methyl_table
Q9Y3X0	Q9Y3X0	Q9Y3X0	False	CCDC9	R	133	R133	di	Rme2	True	GGRGRRGRGRGSPHL	R(di)GR(di)GR(di)GSPHLSGAGDTSISDR	ProMetheusDB_mmc2	ProMetheusDB	METHYLATION	Arg methylation	Homo sapiens (Human)	Q9Y3X0:R133	Q9Y3X0:R133	True	external_methyl_table
Q9Y3X0	Q9Y3X0	Q9Y3X0	False	CCDC9	R	135	R135	di	Rme2	True	RGRRGRGRGSPHLSG	R(di)GR(di)GR(di)GSPHLSGAGDTSISDR, GR(di)GSPHLSGAGDTSISDRK, GR(di)GSPHLSGAGDTSISDR	ProMetheusDB_mmc2	ProMetheusDB	METHYLATION	Arg methylation	Homo sapiens (Human)	Q9Y3X0:R135	Q9Y3X0:R135	True	external_methyl_table
Q9Y3X0	Q9Y3X0	Q9Y3X0	False	CCDC9	R	121	R121	me	Rme1	True	GSPGEQPRGGGAGGR	SWEGSPGEQPR(me), SWEGSPGEQPR(me)GGGAGGR(me)GR(me)	ProMetheusDB_mmc2	ProMetheusDB	METHYLATION	Arg methylation	Homo sapiens (Human)	Q9Y3X0:R121	Q9Y3X0:R121	True	external_methyl_table
Q9Y3X0	Q9Y3X0	Q9Y3X0	False	CCDC9	R	135	R135	me	Rme1	True	RGRRGRGRGSPHLSG	GR(me)GSPHLSGAGDTSISDR, GR(me)GSPHLSGAGDTSISDRK	ProMetheusDB_mmc2	ProMetheusDB	METHYLATION	Arg methylation	Homo sapiens (Human)	Q9Y3X0:R135	Q9Y3X0:R135	True	external_methyl_table
Q9Y3X0	Q9Y3X0	Q9Y3X0	False	CCDC9	R	128	R128	me	Rme1	True	RGGGAGGRGRRGRGR	SWEGSPGEQPR(me)GGGAGGR(me)GR(me)	ProMetheusDB_mmc2	ProMetheusDB	METHYLATION	Arg methylation	Homo sapiens (Human)	Q9Y3X0:R128	Q9Y3X0:R128	True	external_methyl_table
Q9Y3X0	Q9Y3X0	Q9Y3X0	False	CCDC9	R	130	R130	me	Rme1	True	GGAGGRGRRGRGRGS	SWEGSPGEQPR(me)GGGAGGR(me)GR(me)	ProMetheusDB_mmc2	ProMetheusDB	METHYLATION	Arg methylation	Homo sapiens (Human)	Q9Y3X0:R130	Q9Y3X0:R130	True	external_methyl_table
Q9Y3X0	Q9Y3X0	Q9Y3X0	False	CCDC9	R	121	R121	di	Rme2	True	GSPGEQPRGGGAGGR	RSWEGSPGEQPR(di)GGGAGGR(di)G	ProMetheusDB_mmc2	ProMetheusDB	METHYLATION	Arg methylation	Homo sapiens (Human)	Q9Y3X0:R121	Q9Y3X0:R121	True	external_methyl_table
Q9Y3X0	Q9Y3X0	Q9Y3X0	False	CCDC9	R	128	R128	di	Rme2	True	RGGGAGGRGRRGRGR	RSWEGSPGEQPR(di)GGGAGGR(di)G	ProMetheusDB_mmc2	ProMetheusDB	METHYLATION	Arg methylation	Homo sapiens (Human)	Q9Y3X0:R128	Q9Y3X0:R128	True	external_methyl_table
Q6ZUT6	Q6ZUT6	Q6ZUT6	False	CCDC9B	R	311	R311	me	Rme1	True	LLPDGKGRGGQASRP	GR(me)GGQASRPSVAPATGSK	ProMetheusDB_mmc2	ProMetheusDB	METHYLATION	Arg methylation	Homo sapiens (Human)	Q6ZUT6:R311	Q6ZUT6:R311	True	external_methyl_table
P20248	P20248	P20248	False	CCNA2	R	59	R59	me	Rme1	True	VLKSGNPRGLAQQQR	AALAVLKSGNPR(me)	ProMetheusDB_mmc2	ProMetheusDB	METHYLATION	Arg methylation	Homo sapiens (Human)	P20248:R59	P20248:R59	True	external_methyl_table
P50991	P50991	P50991	False	CCT4	R	19	R19	me	Rme1	True	TAGAAGGRGKGAYQD	SGATAGAAGGR(me)GK	ProMetheusDB_mmc2	ProMetheusDB	METHYLATION	Arg methylation	Homo sapiens (Human)	P50991:R19	P50991:R19	True	external_methyl_table
Q99832	Q99832	Q99832	False	CCT7	R	535	R535	me	Rme1	True	DAPTAAGRGRGRGRP	RSTVDAPTAAGR(me)G, STVDAPTAAGR(me)GR(me)GR(me), STVDAPTAAGR(me)GR, STVDAPTAAGR(me), STVDAPTAAGR(me)GR(me)	ProMetheusDB_mmc2	ProMetheusDB	METHYLATION	Arg methylation	Homo sapiens (Human)	Q99832:R535	Q99832:R535	True	external_methyl_table
Q99832	Q99832	Q99832	False	CCT7	R	537	R537	me	Rme1	True	PTAAGRGRGRGRPH_	STVDAPTAAGR(me)GR(me)GR(me), STVDAPTAAGR(me)GR(me)	ProMetheusDB_mmc2	ProMetheusDB	METHYLATION	Arg methylation	Homo sapiens (Human)	Q99832:R537	Q99832:R537	True	external_methyl_table
Q99832	Q99832	Q99832	False	CCT7	R	539	R539	me	Rme1	True	AAGRGRGRGRPH___	STVDAPTAAGR(me)GR(me)GR(me)	ProMetheusDB_mmc2	ProMetheusDB	METHYLATION	Arg methylation	Homo sapiens (Human)	Q99832:R539	Q99832:R539	True	external_methyl_table
Q99832	Q99832	Q99832	False	CCT7	R	535	R535	di	Rme2	True	DAPTAAGRGRGRGRP	STVDAPTAAGR(di)GR, STVDAPTAAGR(di)GR(di)GR	ProMetheusDB_mmc2	ProMetheusDB	METHYLATION	Arg methylation	Homo sapiens (Human)	Q99832:R535	Q99832:R535	True	external_methyl_table
Q99832	Q99832	Q99832	False	CCT7	R	537	R537	di	Rme2	True	PTAAGRGRGRGRPH_	STVDAPTAAGR(di)GR(di)GR	ProMetheusDB_mmc2	ProMetheusDB	METHYLATION	Arg methylation	Homo sapiens (Human)	Q99832:R537	Q99832:R537	True	external_methyl_table
Q9Y5S2	Q9Y5S2	Q9Y5S2	False	CDC42BPB	R	671	R671	me	Rme1	True	LKVKQGGRGAGATLE	QGGR(me)GAGATLEHQQEISK	ProMetheusDB_mmc2	ProMetheusDB	METHYLATION	Arg methylation	Homo sapiens (Human)	Q9Y5S2:R671	Q9Y5S2:R671	True	external_methyl_table
Q00587	Q00587	Q00587	False	CDC42EP1	R	53	R53	me	Rme1	True	RHTMHVGRGGDVFGD	HTMHVGR(me)GGDVFGDTSFLSNHGGSSGSTHR, HTMHVGR(me)GGDVFGDTSFLSNHGGSSGSTHR	ProMetheusDB_mmc2	ProMetheusDB	METHYLATION	Arg methylation	Homo sapiens (Human)	Q00587:R53	Q00587:R53	True	external_methyl_table
Q6P1J9	Q6P1J9	Q6P1J9	False	CDC73	R	330	R330	me	Rme1	True	VTEGASARKTQTPAA	SVTEGASAR(me)	ProMetheusDB_mmc2	ProMetheusDB	METHYLATION	Arg methylation	Homo sapiens (Human)	Q6P1J9:R330	Q6P1J9:R330	True	external_methyl_table
P21127	P21127	P21127	False	CDK11B	R	443	R443	me	Rme1	True	EEFQCLNRIEEGTYG	SVEEFQCLNR(me)	ProMetheusDB_mmc2	ProMetheusDB	METHYLATION	Arg methylation	Homo sapiens (Human)	P21127:R443	P21127:R443	True	external_methyl_table
P21127	P21127	P21127	False	CDK11B	R	287	R287	me	Rme1	True	QDISDSERKTSSAES	DLLSDLQDISDSER(me)	ProMetheusDB_mmc2	ProMetheusDB	METHYLATION	Arg methylation	Homo sapiens (Human)	P21127:R287	P21127:R287	True	external_methyl_table
Q14004	Q14004	Q14004	False	CDK13	R	1504	R1504	di	Rme2	True	HISTSTGRGRGRGLP	GHISTSTGR(di)GR(di)GR(di)GLPY	ProMetheusDB_mmc2	ProMetheusDB	METHYLATION	Arg methylation	Homo sapiens (Human)	Q14004:R1504	Q14004:R1504	True	external_methyl_table
Q14004	Q14004	Q14004	False	CDK13	R	1506	R1506	di	Rme2	True	STSTGRGRGRGLPY_	GHISTSTGR(di)GR(di)GR(di)GLPY	ProMetheusDB_mmc2	ProMetheusDB	METHYLATION	Arg methylation	Homo sapiens (Human)	Q14004:R1506	Q14004:R1506	True	external_methyl_table
Q14004	Q14004	Q14004	False	CDK13	R	1508	R1508	di	Rme2	True	STGRGRGRGLPY___	GHISTSTGR(di)GR(di)GR(di)GLPY	ProMetheusDB_mmc2	ProMetheusDB	METHYLATION	Arg methylation	Homo sapiens (Human)	Q14004:R1508	Q14004:R1508	True	external_methyl_table
P50750	P50750	P50750	False	CDK9	R	370	R370	me	Rme1	True	TNQTEFERVF_____	NPATTNQTEFER(me)	ProMetheusDB_mmc2	ProMetheusDB	METHYLATION	Arg methylation	Homo sapiens (Human)	P50750:R370	P50750:R370	True	external_methyl_table
Q8N726	Q8N726	Q8N726	False	CDKN2A	R	115	R115	me	Rme1	True	AGGAAPGRGAAGRAR	CPGGLPGHAGGAAPGR(me)GAAGR(me)	ProMetheusDB_mmc2	ProMetheusDB	METHYLATION	Arg methylation	Homo sapiens (Human)	Q8N726:R115	Q8N726:R115	True	external_methyl_table
Q8N726	Q8N726	Q8N726	False	CDKN2A	R	120	R120	me	Rme1	True	PGRGAAGRARCLGPS	CPGGLPGHAGGAAPGR(me)GAAGR(me)	ProMetheusDB_mmc2	ProMetheusDB	METHYLATION	Arg methylation	Homo sapiens (Human)	Q8N726:R120	Q8N726:R120	True	external_methyl_table
Q8N726	Q8N726	Q8N726	False	CDKN2A	R	115	R115	di	Rme2	True	AGGAAPGRGAAGRAR	CPGGLPGHAGGAAPGR(di)GAAGR	ProMetheusDB_mmc2	ProMetheusDB	METHYLATION	Arg methylation	Homo sapiens (Human)	Q8N726:R115	Q8N726:R115	True	external_methyl_table
Q86WJ1	Q86WJ1	Q86WJ1	False	CHD1L	R	9	R9	me	Rme1	True	ERAGATSRGGQAPGF	AGATSR(me)GGQAPGFLLR	ProMetheusDB_mmc2	ProMetheusDB	METHYLATION	Arg methylation	Homo sapiens (Human)	Q86WJ1:R9	Q86WJ1:R9	True	external_methyl_table
Q9P2D1	Q9P2D1	Q9P2D1	False	CHD7	R	286	R286	me	Rme1	True	PPQQGAVRPQTLNFS	FSPNPPQQGAVR(me)PQTLNFSSR(me)	ProMetheusDB_mmc2	ProMetheusDB	METHYLATION	Arg methylation	Homo sapiens (Human)	Q9P2D1:R286	Q9P2D1:R286	True	external_methyl_table
Q9P2D1	Q9P2D1	Q9P2D1	False	CHD7	R	295	R295	me	Rme1	True	QTLNFSSRSQTVPSP	FSPNPPQQGAVR(me)PQTLNFSSR(me)	ProMetheusDB_mmc2	ProMetheusDB	METHYLATION	Arg methylation	Homo sapiens (Human)	Q9P2D1:R295	Q9P2D1:R295	True	external_methyl_table
Q9P2D1	Q9P2D1	Q9P2D1	False	CHD7	R	148	R148	me	Rme1	True	SSSMWGPRAVQVPDQ	HGQSFVDSSSMWGPR(me)	ProMetheusDB_mmc2	ProMetheusDB	METHYLATION	Arg methylation	Homo sapiens (Human)	Q9P2D1:R148	Q9P2D1:R148	True	external_methyl_table
Q8IWX8	Q8IWX8	Q8IWX8	False	CHERP	R	675	R675	me	Rme1	True	PLDPKDIRLPPPMPP	DIR(me)LPPPMPPSER	ProMetheusDB_mmc2	ProMetheusDB	METHYLATION	Arg methylation	Homo sapiens (Human)	Q8IWX8:R675	Q8IWX8:R675	True	external_methyl_table
Q8IWX8	Q8IWX8	Q8IWX8	False	CHERP	R	570	R570	me	Rme1	True	ERPPYPHRFDYPQGD	R(me)FDYPQGDFPAEMGPPHHHPGH	ProMetheusDB_mmc2	ProMetheusDB	METHYLATION	Arg methylation	Homo sapiens (Human)	Q8IWX8:R570	Q8IWX8:R570	True	external_methyl_table
Q8IWX8	Q8IWX8	Q8IWX8	False	CHERP	R	515	R515	di	Rme2	True	GQREPPFRMQRPPHF	REPPFR(di)M(me)Q	ProMetheusDB_mmc2	ProMetheusDB	METHYLATION	Arg methylation	Homo sapiens (Human)	Q8IWX8:R515	Q8IWX8:R515	True	external_methyl_table
Q9Y3Y2	Q9Y3Y2	Q9Y3Y2	False	CHTOP	R	97	R97	di	Rme2	True	RPIGALARGAIGGRG	LGRPIGALAR(di)GAIGGR, PIGALAR(di)GAIGGR(me), PIGALAR(di)GAIGGR	ProMetheusDB_mmc2	ProMetheusDB	METHYLATION	Arg methylation	Homo sapiens (Human)	Q9Y3Y2:R97	Q9Y3Y2:R97	True	external_methyl_table
Q9Y3Y2	Q9Y3Y2	Q9Y3Y2	False	CHTOP	R	103	R103	me	Rme1	True	ARGAIGGRGLPIIQR	PIGALAR(di)GAIGGR(me), LGRPIGALAR(me)GAIGGR(me)	ProMetheusDB_mmc2	ProMetheusDB	METHYLATION	Arg methylation	Homo sapiens (Human)	Q9Y3Y2:R103	Q9Y3Y2:R103	True	external_methyl_table
Q9Y3Y2	Q9Y3Y2	Q9Y3Y2	False	CHTOP	R	97	R97	me	Rme1	True	RPIGALARGAIGGRG	LGRPIGALAR(me), LGRPIGALAR(me)GAIGGR(me)	ProMetheusDB_mmc2	ProMetheusDB	METHYLATION	Arg methylation	Homo sapiens (Human)	Q9Y3Y2:R97	Q9Y3Y2:R97	True	external_methyl_table
Q9Y3Y2	Q9Y3Y2	Q9Y3Y2	False	CHTOP	R	174	R174	me	Rme1	True	LGRGAMGRGGIGGRG	GAMGR(me)GGIGGR(me)GR(me)	ProMetheusDB_mmc2	ProMetheusDB	METHYLATION	Arg methylation	Homo sapiens (Human)	Q9Y3Y2:R174	Q9Y3Y2:R174	True	external_methyl_table
Q9Y3Y2	Q9Y3Y2	Q9Y3Y2	False	CHTOP	R	180	R180	me	Rme1	True	GRGGIGGRGRGMIGR	GAMGR(me)GGIGGR(me)GR(me)	ProMetheusDB_mmc2	ProMetheusDB	METHYLATION	Arg methylation	Homo sapiens (Human)	Q9Y3Y2:R180	Q9Y3Y2:R180	True	external_methyl_table
Q9Y3Y2	Q9Y3Y2	Q9Y3Y2	False	CHTOP	R	182	R182	me	Rme1	True	GGIGGRGRGMIGRGR	GAMGR(me)GGIGGR(me)GR(me)	ProMetheusDB_mmc2	ProMetheusDB	METHYLATION	Arg methylation	Homo sapiens (Human)	Q9Y3Y2:R182	Q9Y3Y2:R182	True	external_methyl_table
Q9Y3Y2	Q9Y3Y2	Q9Y3Y2	False	CHTOP	R	148	R148	di	Rme2	True	GGRAVAPRMGLRRGG	AVAPR(di)M(me)GLR, AVAPR(di)MGLR(me), AVAPR(di)MGLR, AVAPR(di)MGLR, AVAPR(di)M(me)GLR(me)	ProMetheusDB_mmc2	ProMetheusDB	METHYLATION	Arg methylation	Homo sapiens (Human)	Q9Y3Y2:R148	Q9Y3Y2:R148	True	external_methyl_table
Q9Y3Y2	Q9Y3Y2	Q9Y3Y2	False	CHTOP	R	152	R152	me	Rme1	True	VAPRMGLRRGGVRGR	AVAPR(di)M(me)GLR(me), AVAPR(me)MGLR(me), AVAPR(di)MGLR(me)	ProMetheusDB_mmc2	ProMetheusDB	METHYLATION	Arg methylation	Homo sapiens (Human)	Q9Y3Y2:R152	Q9Y3Y2:R152	True	external_methyl_table
Q9Y3Y2	Q9Y3Y2	Q9Y3Y2	False	CHTOP	R	148	R148	me	Rme1	True	GGRAVAPRMGLRRGG	AVAPR(me)MGLR(me)	ProMetheusDB_mmc2	ProMetheusDB	METHYLATION	Arg methylation	Homo sapiens (Human)	Q9Y3Y2:R148	Q9Y3Y2:R148	True	external_methyl_table
Q9Y3Y2	Q9Y3Y2	Q9Y3Y2	False	CHTOP	R	128	R128	di	Rme2	True	RATRTLLRGGMSLRG	TLLR(di)GGMSLR(me), TLLR(di)GGM(me)SLR, TLLR(di)GGM(me)SLR(me)	ProMetheusDB_mmc2	ProMetheusDB	METHYLATION	Arg methylation	Homo sapiens (Human)	Q9Y3Y2:R128	Q9Y3Y2:R128	True	external_methyl_table
Q9Y3Y2	Q9Y3Y2	Q9Y3Y2	False	CHTOP	R	134	R134	me	Rme1	True	LRGGMSLRGQNLLRG	TLLR(di)GGMSLR(me), TLLR(di)GGM(me)SLR(me)	ProMetheusDB_mmc2	ProMetheusDB	METHYLATION	Arg methylation	Homo sapiens (Human)	Q9Y3Y2:R134	Q9Y3Y2:R134	True	external_methyl_table
Q9Y3Y2	Q9Y3Y2	Q9Y3Y2	False	CHTOP	R	128	R128	me	Rme1	True	RATRTLLRGGMSLRG	TLLR(me)GGMSLR	ProMetheusDB_mmc2	ProMetheusDB	METHYLATION	Arg methylation	Homo sapiens (Human)	Q9Y3Y2:R128	Q9Y3Y2:R128	True	external_methyl_table
Q14011	Q14011	Q14011	False	CIRBP	R	131	R131	me	Rme1	True	GGNRFESRSGGYGGS	GYGGNRFESR(me)SGGYGGSR, GYGGNRFESR(me), FESR(me)SGGYGGSR	ProMetheusDB_mmc2	ProMetheusDB	METHYLATION	Arg methylation	Homo sapiens (Human)	Q14011:R131	Q14011:R131	True	external_methyl_table
Q14011	Q14011	Q14011	False	CIRBP	R	94	R94	me	Rme1	True	DNRSRGYRGGSAGGR	GYR(me)GGSAGGR(di)GFFR(di)	ProMetheusDB_mmc2	ProMetheusDB	METHYLATION	Arg methylation	Homo sapiens (Human)	Q14011:R94	Q14011:R94	True	external_methyl_table
Q14011	Q14011	Q14011	False	CIRBP	R	101	R101	di	Rme2	True	RGGSAGGRGFFRGGR	GYR(me)GGSAGGR(di)GFFR(di)	ProMetheusDB_mmc2	ProMetheusDB	METHYLATION	Arg methylation	Homo sapiens (Human)	Q14011:R101	Q14011:R101	True	external_methyl_table
Q14011	Q14011	Q14011	False	CIRBP	R	105	R105	di	Rme2	True	AGGRGFFRGGRGRGR	GYR(me)GGSAGGR(di)GFFR(di)	ProMetheusDB_mmc2	ProMetheusDB	METHYLATION	Arg methylation	Homo sapiens (Human)	Q14011:R105	Q14011:R105	True	external_methyl_table
P62633-3	P62633-3	P62633	True	CNBP	R	32	R32	di	Rme2	True	RGRGMRSRGRGGFTS	SR(di)GR(di)GGFTSDRDICYR, SR(di)GR(di)GGFTSDR	ProMetheusDB_mmc2	ProMetheusDB	METHYLATION	Arg methylation	Homo sapiens (Human)	P62633-3:R32	P62633:R32	True	external_methyl_table
P62633-3	P62633-3	P62633	True	CNBP	R	34	R34	di	Rme2	True	RGMRSRGRGGFTSDR	SR(di)GR(di)GGFTSDRDICYR, SR(di)GR(di)GGFTSDR	ProMetheusDB_mmc2	ProMetheusDB	METHYLATION	Arg methylation	Homo sapiens (Human)	P62633-3:R34	P62633:R34	True	external_methyl_table
P62633-3	P62633-3	P62633	True	CNBP	R	25	R25	di	Rme2	True	ECPTGGGRGRGMRSR	ECPTGGGR(di)GR(di)GM(me)R, ECPTGGGR(di)GR(me)	ProMetheusDB_mmc2	ProMetheusDB	METHYLATION	Arg methylation	Homo sapiens (Human)	P62633-3:R25	P62633:R25	True	external_methyl_table
P62633-3	P62633-3	P62633	True	CNBP	R	27	R27	me	Rme1	True	PTGGGRGRGMRSRGR	ECPTGGGR(me)GR(me)GM(me)R(me), ECPTGGGR(di)GR(me)	ProMetheusDB_mmc2	ProMetheusDB	METHYLATION	Arg methylation	Homo sapiens (Human)	P62633-3:R27	P62633:R27	True	external_methyl_table
P62633-3	P62633-3	P62633	True	CNBP	R	69	R69	me	Rme1	True	DACYNCGRGGHIAKD	DCDLQEDACYNCGR(me)GGHIAK	ProMetheusDB_mmc2	ProMetheusDB	METHYLATION	Arg methylation	Homo sapiens (Human)	P62633-3:R69	P62633:R69	True	external_methyl_table
P62633-2	P62633-2	P62633	True	CNBP	R	32	R32	di	Rme2	True	RGRGMRSRGRGFQFV	SR(di)GR(di)GFQFVSSSLPDICYR	ProMetheusDB_mmc2	ProMetheusDB	METHYLATION	Arg methylation	Homo sapiens (Human)	P62633-2:R32	P62633:R32	True	external_methyl_table
P62633-2	P62633-2	P62633	True	CNBP	R	34	R34	di	Rme2	True	RGMRSRGRGFQFVSS	GR(di)GFQFVSSSLPDICYR, SR(di)GR(di)GFQFVSSSLPDICYR	ProMetheusDB_mmc2	ProMetheusDB	METHYLATION	Arg methylation	Homo sapiens (Human)	P62633-2:R34	P62633:R34	True	external_methyl_table
P62633-2	P62633-2	P62633	True	CNBP	R	32	R32	me	Rme1	True	RGRGMRSRGRGFQFV	SR(me)GR(me)GFQFVSSSLPDICYR	ProMetheusDB_mmc2	ProMetheusDB	METHYLATION	Arg methylation	Homo sapiens (Human)	P62633-2:R32	P62633:R32	True	external_methyl_table
P62633-2	P62633-2	P62633	True	CNBP	R	34	R34	me	Rme1	True	RGMRSRGRGFQFVSS	SR(me)GR(me)GFQFVSSSLPDICYR, GR(me)GFQFVSSSLPDICYR	ProMetheusDB_mmc2	ProMetheusDB	METHYLATION	Arg methylation	Homo sapiens (Human)	P62633-2:R34	P62633:R34	True	external_methyl_table
P62633-3	P62633-3	P62633	True	CNBP	R	27	R27	di	Rme2	True	PTGGGRGRGMRSRGR	ECPTGGGR(di)GR(di)GM(me)R	ProMetheusDB_mmc2	ProMetheusDB	METHYLATION	Arg methylation	Homo sapiens (Human)	P62633-3:R27	P62633:R27	True	external_methyl_table
P62633	P62633	P62633	False	CNBP	R	41	R41	me	Rme1	True	RGGFTSDRGFQFVSS	R(me)GFQFVSSSLPDICY	ProMetheusDB_mmc2	ProMetheusDB	METHYLATION	Arg methylation	Homo sapiens (Human)	P62633:R41	P62633:R41	True	external_methyl_table
P62633-3	P62633-3	P62633	True	CNBP	R	25	R25	me	Rme1	True	ECPTGGGRGRGMRSR	ECPTGGGR(me)GR(me)GM(me)R(me)	ProMetheusDB_mmc2	ProMetheusDB	METHYLATION	Arg methylation	Homo sapiens (Human)	P62633-3:R25	P62633:R25	True	external_methyl_table
P62633-3	P62633-3	P62633	True	CNBP	R	30	R30	me	Rme1	True	GGRGRGMRSRGRGGF	ECPTGGGR(me)GR(me)GM(me)R(me)	ProMetheusDB_mmc2	ProMetheusDB	METHYLATION	Arg methylation	Homo sapiens (Human)	P62633-3:R30	P62633:R30	True	external_methyl_table
P62633-4	P62633-4	P62633	True	CNBP	R	80	R80	me	Rme1	True	EACYNCGRGGHIAKD	DCDLQEDEACYNCGR(me)GGHIAK	ProMetheusDB_mmc2	ProMetheusDB	METHYLATION	Arg methylation	Homo sapiens (Human)	P62633-4:R80	P62633:R80	True	external_methyl_table
Q9UKZ1	Q9UKZ1	Q9UKZ1	False	CNOT11	R	41	R41	me	Rme1	True	FGGSGGGRGGASGPG	SGFGGSGGGR(me)GGASGPGSGSGGPGGPAGR	ProMetheusDB_mmc2	ProMetheusDB	METHYLATION	Arg methylation	Homo sapiens (Human)	Q9UKZ1:R41	Q9UKZ1:R41	True	external_methyl_table
Q9UKZ1	Q9UKZ1	Q9UKZ1	False	CNOT11	R	41	R41	di	Rme2	True	FGGSGGGRGGASGPG	SGFGGSGGGR(di)GGASGPGSGSGGPGGPAGR	ProMetheusDB_mmc2	ProMetheusDB	METHYLATION	Arg methylation	Homo sapiens (Human)	Q9UKZ1:R41	Q9UKZ1:R41	True	external_methyl_table
Q9UP83	Q9UP83	Q9UP83	False	COG5	R	309	R309	me	Rme1	True	QPSQSAVRGGPGRST	VLTQPSQSAVR(me)GGPGR	ProMetheusDB_mmc2	ProMetheusDB	METHYLATION	Arg methylation	Homo sapiens (Human)	Q9UP83:R309	Q9UP83:R309	True	external_methyl_table
P38432	P38432	P38432	False	COIL	R	393	R393	me	Rme1	True	SLPASLGRGWGREEN	SGSNGGGQAPGASPSVSLPASLGR(me)GWGR(me)	ProMetheusDB_mmc2	ProMetheusDB	METHYLATION	Arg methylation	Homo sapiens (Human)	P38432:R393	P38432:R393	True	external_methyl_table
P38432	P38432	P38432	False	COIL	R	397	R397	me	Rme1	True	SLGRGWGREENLFSW	SGSNGGGQAPGASPSVSLPASLGR(me)GWGR(me)	ProMetheusDB_mmc2	ProMetheusDB	METHYLATION	Arg methylation	Homo sapiens (Human)	P38432:R397	P38432:R397	True	external_methyl_table
P38432	P38432	P38432	False	COIL	R	350	R350	me	Rme1	True	TVGLFAGRGRPGPGL	TVGLFAGR(me)GR(me)	ProMetheusDB_mmc2	ProMetheusDB	METHYLATION	Arg methylation	Homo sapiens (Human)	P38432:R350	P38432:R350	True	external_methyl_table
P38432	P38432	P38432	False	COIL	R	352	R352	me	Rme1	True	GLFAGRGRPGPGLSS	TVGLFAGR(me)GR(me)	ProMetheusDB_mmc2	ProMetheusDB	METHYLATION	Arg methylation	Homo sapiens (Human)	P38432:R352	P38432:R352	True	external_methyl_table
P38432	P38432	P38432	False	COIL	R	350	R350	di	Rme2	True	TVGLFAGRGRPGPGL	TVGLFAGR(di)GR	ProMetheusDB_mmc2	ProMetheusDB	METHYLATION	Arg methylation	Homo sapiens (Human)	P38432:R350	P38432:R350	True	external_methyl_table
P31327	P31327	P31327	False	CPS1	R	787	R787	di	Rme2	True	RFHGTSSRIGSSMKS	WDLDRFHGTSSR(di)	ProMetheusDB_mmc2	ProMetheusDB	METHYLATION	Arg methylation	Homo sapiens (Human)	P31327:R787	P31327:R787	True	external_methyl_table
Q16630-2	Q16630-2	Q16630	True	CPSF6	R	202	R202	me	Rme1	True	AAFPQGGRGRGRFPG	AAFPQGGR(me)GR(me)GR(me)	ProMetheusDB_mmc2	ProMetheusDB	METHYLATION	Arg methylation	Homo sapiens (Human)	Q16630-2:R202	Q16630:R202	True	external_methyl_table
Q16630-2	Q16630-2	Q16630	True	CPSF6	R	204	R204	me	Rme1	True	FPQGGRGRGRFPGAV	AAFPQGGR(me)GR(me)GR(me)	ProMetheusDB_mmc2	ProMetheusDB	METHYLATION	Arg methylation	Homo sapiens (Human)	Q16630-2:R204	Q16630:R204	True	external_methyl_table
Q16630-2	Q16630-2	Q16630	True	CPSF6	R	206	R206	me	Rme1	True	QGGRGRGRFPGAVPG	AAFPQGGR(me)GR(me)GR(me)	ProMetheusDB_mmc2	ProMetheusDB	METHYLATION	Arg methylation	Homo sapiens (Human)	Q16630-2:R206	Q16630:R206	True	external_methyl_table
Q16630-2	Q16630-2	Q16630	True	CPSF6	R	243	R243	di	Rme2	True	KHLVKGTRPLFLETR	GTR(di)PLFLETR(me), GTR(di)PLFLETR	ProMetheusDB_mmc2	ProMetheusDB	METHYLATION	Arg methylation	Homo sapiens (Human)	Q16630-2:R243	Q16630:R243	True	external_methyl_table
Q16630-2	Q16630-2	Q16630	True	CPSF6	R	216	R216	di	Rme2	True	GAVPGGDRFPGPAGP	FPGAVPGGDR(di)FPGPAGPGGPPPPFPGNLIK	ProMetheusDB_mmc2	ProMetheusDB	METHYLATION	Arg methylation	Homo sapiens (Human)	Q16630-2:R216	Q16630:R216	True	external_methyl_table
Q16630-2	Q16630-2	Q16630	True	CPSF6	R	250	R250	me	Rme1	True	RPLFLETRIPWHMGH	GTR(di)PLFLETR(me)	ProMetheusDB_mmc2	ProMetheusDB	METHYLATION	Arg methylation	Homo sapiens (Human)	Q16630-2:R250	Q16630:R250	True	external_methyl_table
Q16630-2	Q16630-2	Q16630	True	CPSF6	R	202	R202	di	Rme2	True	AAFPQGGRGRGRFPG	AAFPQGGR(di)GR(di)GR	ProMetheusDB_mmc2	ProMetheusDB	METHYLATION	Arg methylation	Homo sapiens (Human)	Q16630-2:R202	Q16630:R202	True	external_methyl_table
Q16630-2	Q16630-2	Q16630	True	CPSF6	R	204	R204	di	Rme2	True	FPQGGRGRGRFPGAV	AAFPQGGR(di)GR(di)GR	ProMetheusDB_mmc2	ProMetheusDB	METHYLATION	Arg methylation	Homo sapiens (Human)	Q16630-2:R204	Q16630:R204	True	external_methyl_table
P50238	P50238	P50238	False	CRIP1	R	68	R68	me	Rme1	True	FGPKGFGRGGAESHT	GFGR(me)GGAESHTFK	ProMetheusDB_mmc2	ProMetheusDB	METHYLATION	Arg methylation	Homo sapiens (Human)	P50238:R68	P50238:R68	True	external_methyl_table
P50238	P50238	P50238	False	CRIP1	R	68	R68	di	Rme2	True	FGPKGFGRGGAESHT	GFGR(di)GGAESHTFK	ProMetheusDB_mmc2	ProMetheusDB	METHYLATION	Arg methylation	Homo sapiens (Human)	P50238:R68	P50238:R68	True	external_methyl_table
Q53ET0	Q53ET0	Q53ET0	False	CRTC2	R	161	R161	di	Rme2	True	AEKGQLFRLPSALNR	GQLFR(di)LPSALNR	ProMetheusDB_mmc2	ProMetheusDB	METHYLATION	Arg methylation	Homo sapiens (Human)	Q53ET0:R161	Q53ET0:R161	True	external_methyl_table
P33240	P33240	P33240	False	CSTF2	R	373	R373	me	Rme1	True	GPPPHELRGGPLPEP	GPPPHELR(me)GGPLPEPRPLMAEPR, GPPPHELR(me)GGPLPEPR(di)PLMAEPR, GPPPHELR(me)GGPLPEPR, GPPPHELR(me)GGPLPEPRPLM(me)AEPR	ProMetheusDB_mmc2	ProMetheusDB	METHYLATION	Arg methylation	Homo sapiens (Human)	P33240:R373	P33240:R373	True	external_methyl_table
P33240	P33240	P33240	False	CSTF2	R	308	R308	me	Rme1	True	DPRAAMQRGSLPANV	AAMQR(me)GSLPANVPTPR	ProMetheusDB_mmc2	ProMetheusDB	METHYLATION	Arg methylation	Homo sapiens (Human)	P33240:R308	P33240:R308	True	external_methyl_table
P33240	P33240	P33240	False	CSTF2	R	475	R475	di	Rme2	True	RGPVPGPRGPIPSGM	GPVPGPR(di)GPIPSGMQGPSPINMGAVVPQGSR, GPVPGPR(di)GPIPSGM(me)QGPSPINM(me)GAVVPQGSR, GPVPGPR(di)GPIPSGMQGPSPINMGAVVPQGSR, GPVPGPR(di)GPIPSGMQGPSPINM(me)GAVVPQGSR, GPVPGPR(di)GPIPSGMQGPSPINMGAVVPQGSR	ProMetheusDB_mmc2	ProMetheusDB	METHYLATION	Arg methylation	Homo sapiens (Human)	P33240:R475	P33240:R475	True	external_methyl_table
P33240	P33240	P33240	False	CSTF2	R	388	R388	me	Rme1	True	RPLMAEPRGPMLDQR	PLM(me)AEPR(me)GPM(me)LDQR, PLMAEPR(me)GPMLDQR, PLMAEPR(me)GPMLDQR, PLMAEPR(me)GPMLDQR	ProMetheusDB_mmc2	ProMetheusDB	METHYLATION	Arg methylation	Homo sapiens (Human)	P33240:R388	P33240:R388	True	external_methyl_table
P33240	P33240	P33240	False	CSTF2	R	381	R381	di	Rme2	True	GGPLPEPRPLMAEPR	GPPPHELR(me)GGPLPEPR(di)PLMAEPR	ProMetheusDB_mmc2	ProMetheusDB	METHYLATION	Arg methylation	Homo sapiens (Human)	P33240:R381	P33240:R381	True	external_methyl_table
P33240	P33240	P33240	False	CSTF2	R	468	R468	me	Rme1	True	EARGMDTRGPVPGPR	GMDTR(me)GPVPGPR, GM(me)DTR(me)GPVPGPR	ProMetheusDB_mmc2	ProMetheusDB	METHYLATION	Arg methylation	Homo sapiens (Human)	P33240:R468	P33240:R468	True	external_methyl_table
Q9H0L4	Q9H0L4	Q9H0L4	False	CSTF2T	R	311	R311	me	Rme1	True	QVQMSDPRAPIPRGP	GQVQMSDPR(me)APIPR, GQVQM(me)SDPR(me)APIPR, GQVQMSDPR(me)APIPR(me)	ProMetheusDB_mmc2	ProMetheusDB	METHYLATION	Arg methylation	Homo sapiens (Human)	Q9H0L4:R311	Q9H0L4:R311	True	external_methyl_table
Q9H0L4	Q9H0L4	Q9H0L4	False	CSTF2T	R	316	R316	me	Rme1	True	DPRAPIPRGPVTPGG	GQVQMSDPR(me)APIPR(me)	ProMetheusDB_mmc2	ProMetheusDB	METHYLATION	Arg methylation	Homo sapiens (Human)	Q9H0L4:R316	Q9H0L4:R316	True	external_methyl_table
Q9H0L4	Q9H0L4	Q9H0L4	False	CSTF2T	R	461	R461	me	Rme1	True	DARGLEMRGPVPSSR	GLEMR(me)GPVPSSR, GLEMR(me)GPVPSSR, GLEM(me)R(me)GPVPSSR	ProMetheusDB_mmc2	ProMetheusDB	METHYLATION	Arg methylation	Homo sapiens (Human)	Q9H0L4:R461	Q9H0L4:R461	True	external_methyl_table
Q9H0L4	Q9H0L4	Q9H0L4	False	CSTF2T	R	396	R396	me	Rme1	True	RLLIGEPRGPMIDQR	LLIGEPR(me)GPMIDQR, LLIGEPR(me)GPM(me)IDQR, LLIGEPR(me)GPMIDQR	ProMetheusDB_mmc2	ProMetheusDB	METHYLATION	Arg methylation	Homo sapiens (Human)	Q9H0L4:R396	Q9H0L4:R396	True	external_methyl_table
P56545	P56545	P56545	False	CTBP2	R	22	R22	di	Rme2	True	DRICEGIRPQIMNGP	ICEGIR(di)PQIMNGPLHPR, ICEGIR(di)PQIMNGPLHPR, ICEGIR(di)PQIM(me)NGPLHPR	ProMetheusDB_mmc2	ProMetheusDB	METHYLATION	Arg methylation	Homo sapiens (Human)	P56545:R22	P56545:R22	True	external_methyl_table
Q13616	Q13616	Q13616	False	CUL1	R	63	R63	me	Rme1	True	VHQSNQARGAGVPPS	YMELYTHVYNYCTSVHQSNQAR(me), YMELYTHVYNYCTSVHQSNQAR(me), YM(me)ELYTHVYNYCTSVHQSNQAR(me), YMELYTHVYNYCTSVHQSNQAR(me)	ProMetheusDB_mmc2	ProMetheusDB	METHYLATION	Arg methylation	Homo sapiens (Human)	Q13616:R63	Q13616:R63	True	external_methyl_table
Q9P013	Q9P013	Q9P013	False	CWC15	R	13	R13	me	Rme1	True	RPTFEPARGGRGKGE	TTAARPTFEPAR(me), TTAARPTFEPAR(me)GGR, PTFEPAR(me)GGR	ProMetheusDB_mmc2	ProMetheusDB	METHYLATION	Arg methylation	Homo sapiens (Human)	Q9P013:R13	Q9P013:R13	True	external_methyl_table
Q5QP82	Q5QP82	Q5QP82	False	DCAF10	R	134	R134	me	Rme1	True	LKERSLGRGLFVDPA	SLGR(me)GLFVDPAR	ProMetheusDB_mmc2	ProMetheusDB	METHYLATION	Arg methylation	Homo sapiens (Human)	Q5QP82:R134	Q5QP82:R134	True	external_methyl_table
Q58WW2	Q58WW2	Q58WW2	False	DCAF6	R	364	R364	me	Rme1	True	SEVAQSNRGRGRSRP	RWFEEASEVAQSNR(me)G	ProMetheusDB_mmc2	ProMetheusDB	METHYLATION	Arg methylation	Homo sapiens (Human)	Q58WW2:R364	Q58WW2:R364	True	external_methyl_table
Q7Z4W1	Q7Z4W1	Q7Z4W1	False	DCXR	R	21	R21	me	Rme1	True	GAGKGIGRGTVQALH	GIGR(me)GTVQALHATGAR	ProMetheusDB_mmc2	ProMetheusDB	METHYLATION	Arg methylation	Homo sapiens (Human)	Q7Z4W1:R21	Q7Z4W1:R21	True	external_methyl_table
Q5TDH0	Q5TDH0	Q5TDH0	False	DDI2	R	108	R108	me	Rme1	True	VPGTSSPRQRQPPGT	IDFSSIAVPGTSSPR(me)	ProMetheusDB_mmc2	ProMetheusDB	METHYLATION	Arg methylation	Homo sapiens (Human)	Q5TDH0:R108	Q5TDH0:R108	True	external_methyl_table
Q92841	Q92841	Q92841	False	DDX17	R	684	R684	me	Rme1	True	QQFSGIGRSGQQPQP	SSQSSSQQFSGIGR(me)	ProMetheusDB_mmc2	ProMetheusDB	METHYLATION	Arg methylation	Homo sapiens (Human)	Q92841:R684	Q92841:R684	True	external_methyl_table
Q92841	Q92841	Q92841	False	DDX17	R	100	R100	me	Rme1	True	DRGGFGARGGGGLPP	GGFGAR(me)GGGGLPPKKFGNPGER, GGFGAR(me)GGGGLPPK, GGFGAR(me)GGGGLPPKK	ProMetheusDB_mmc2	ProMetheusDB	METHYLATION	Arg methylation	Homo sapiens (Human)	Q92841:R100	Q92841:R100	True	external_methyl_table
Q92841	Q92841	Q92841	False	DDX17	R	81	R81	me	Rme1	True	LYPFGTMRGGGFGDR	MR(me)GGGFGDRDR, APLPDLYPFGTM(me)R(me)GGGFGDR, APLPDLYPFGTMR(me)GGGFGDR, MR(me)GGGFGDRDRDR	ProMetheusDB_mmc2	ProMetheusDB	METHYLATION	Arg methylation	Homo sapiens (Human)	Q92841:R81	Q92841:R81	True	external_methyl_table
Q92841	Q92841	Q92841	False	DDX17	R	555	R555	me	Rme1	True	LMQLVDHRGGGGGGG	LM(me)QLVDHR(me)GGGGGGGGR, LMQLVDHR(me)GGGGGGGGR	ProMetheusDB_mmc2	ProMetheusDB	METHYLATION	Arg methylation	Homo sapiens (Human)	Q92841:R555	Q92841:R555	True	external_methyl_table
Q92841	Q92841	Q92841	False	DDX17	R	68	R68	me	Rme1	True	ALPSPAIRAPLPDLY	R(me)APLPDLYPFGTM	ProMetheusDB_mmc2	ProMetheusDB	METHYLATION	Arg methylation	Homo sapiens (Human)	Q92841:R68	Q92841:R68	True	external_methyl_table
Q92841	Q92841	Q92841	False	DDX17	R	94	R94	me	Rme1	True	DRDRDRDRGGFGARG	DR(me)GGFGAR	ProMetheusDB_mmc2	ProMetheusDB	METHYLATION	Arg methylation	Homo sapiens (Human)	Q92841:R94	Q92841:R94	True	external_methyl_table
Q92841	Q92841	Q92841	False	DDX17	R	586	R586	me	Rme1	True	MYQDECDRRLRGVKD	TTSSANNPNLMYQDECDR(me)	ProMetheusDB_mmc2	ProMetheusDB	METHYLATION	Arg methylation	Homo sapiens (Human)	Q92841:R586	Q92841:R586	True	external_methyl_table
Q9BUQ8	Q9BUQ8	Q9BUQ8	False	DDX23	R	253	R253	me	Rme1	True	ELHAIKERYLGGIKK	ER(me)YLGGIK	ProMetheusDB_mmc2	ProMetheusDB	METHYLATION	Arg methylation	Homo sapiens (Human)	Q9BUQ8:R253	Q9BUQ8:R253	True	external_methyl_table
Q9BUQ8	Q9BUQ8	Q9BUQ8	False	DDX23	R	301	R301	me	Rme1	True	HQVQLLGRGFIAGID	HQVQLLGR(me)GFIAGIDLK	ProMetheusDB_mmc2	ProMetheusDB	METHYLATION	Arg methylation	Homo sapiens (Human)	Q9BUQ8:R301	Q9BUQ8:R301	True	external_methyl_table
Q9H8H2	Q9H8H2	Q9H8H2	False	DDX31	R	828	R828	me	Rme1	True	QPTPCFGRGKTLKWR	PLQHSLQPTPCFGR(me)	ProMetheusDB_mmc2	ProMetheusDB	METHYLATION	Arg methylation	Homo sapiens (Human)	Q9H8H2:R828	Q9H8H2:R828	True	external_methyl_table
O00571	O00571	O00571	False	DDX3X	R	88	R88	me	Rme1	True	KSSFFSDRGSGSRGR	SSFFSDR(me)GSGSR(me)GR(me), KSSFFSDR(me)GSGS, SSFFSDR(me)GSGSR	ProMetheusDB_mmc2	ProMetheusDB	METHYLATION	Arg methylation	Homo sapiens (Human)	O00571:R88	O00571:R88	True	external_methyl_table
O00571	O00571	O00571	False	DDX3X	R	93	R93	me	Rme1	True	SDRGSGSRGRFDDRG	SSFFSDR(me)GSGSR(me)GR(me), SSFFSDRGSGSR(me)GR(me), SSFFSDRGSGSR(me)	ProMetheusDB_mmc2	ProMetheusDB	METHYLATION	Arg methylation	Homo sapiens (Human)	O00571:R93	O00571:R93	True	external_methyl_table
O00571	O00571	O00571	False	DDX3X	R	95	R95	me	Rme1	True	RGSGSRGRFDDRGRS	SSFFSDR(me)GSGSR(me)GR(me), SSFFSDRGSGSR(me)GR(me)	ProMetheusDB_mmc2	ProMetheusDB	METHYLATION	Arg methylation	Homo sapiens (Human)	O00571:R95	O00571:R95	True	external_methyl_table
O00571	O00571	O00571	False	DDX3X	R	592	R592	me	Rme1	True	RGRSKSSRFSGGFGA	SSR(me)FSGGFGAR	ProMetheusDB_mmc2	ProMetheusDB	METHYLATION	Arg methylation	Homo sapiens (Human)	O00571:R592	O00571:R592	True	external_methyl_table
O00571	O00571	O00571	False	DDX3X	R	121	R121	me	Rme1	True	SGFGKFERGGNSRWC	SGFGKFER(me)GGNSR	ProMetheusDB_mmc2	ProMetheusDB	METHYLATION	Arg methylation	Homo sapiens (Human)	O00571:R121	O00571:R121	True	external_methyl_table
O00571	O00571	O00571	False	DDX3X	R	252	R252	me	Rme1	True	DGPGEALRAMKENGR	TAAFLLPILSQIYSDGPGEALR(me)	ProMetheusDB_mmc2	ProMetheusDB	METHYLATION	Arg methylation	Homo sapiens (Human)	O00571:R252	O00571:R252	True	external_methyl_table
Q86XP3	Q86XP3	Q86XP3	False	DDX42	R	12	R12	me	Rme1	True	KGGPGTKRGFGFGGF	R(me)GFGFGGFAISAGKK, R(me)GFGFGGFAISAGK	ProMetheusDB_mmc2	ProMetheusDB	METHYLATION	Arg methylation	Homo sapiens (Human)	Q86XP3:R12	Q86XP3:R12	True	external_methyl_table
Q9NXZ2	Q9NXZ2	Q9NXZ2	False	DDX43	R	47	R47	me	Rme1	True	PEGYSVGRGGRWRGT	TGPEGYSVGR(me)GGR	ProMetheusDB_mmc2	ProMetheusDB	METHYLATION	Arg methylation	Homo sapiens (Human)	Q9NXZ2:R47	Q9NXZ2:R47	True	external_methyl_table
Q7L014	Q7L014	Q7L014	False	DDX46	R	729	R729	me	Rme1	True	FITEDQARYAGDIIK	GYAYTFITEDQAR(me)	ProMetheusDB_mmc2	ProMetheusDB	METHYLATION	Arg methylation	Homo sapiens (Human)	Q7L014:R729	Q7L014:R729	True	external_methyl_table
P17844	P17844	P17844	False	DDX5	R	192	R192	me	Rme1	True	QVAAEYCRACRLKST	ELAQQVQQVAAEYCR(me)	ProMetheusDB_mmc2	ProMetheusDB	METHYLATION	Arg methylation	Homo sapiens (Human)	P17844:R192	P17844:R192	True	external_methyl_table
P17844	P17844	P17844	False	DDX5	R	502	R502	me	Rme1	True	DRYSAGKRGGFNTFR	K(me)R(me)GGFNTF, R(me)GGFNTFR, R(me)GGFNTFRDR, R(me)GGFNTFRDRENYDR	ProMetheusDB_mmc2	ProMetheusDB	METHYLATION	Arg methylation	Homo sapiens (Human)	P17844:R502	P17844:R502	True	external_methyl_table
P17844	P17844	P17844	False	DDX5	R	502	R502	di	Rme2	True	DRYSAGKRGGFNTFR	R(di)GGFNTFR	ProMetheusDB_mmc2	ProMetheusDB	METHYLATION	Arg methylation	Homo sapiens (Human)	P17844:R502	P17844:R502	True	external_methyl_table
P17844	P17844	P17844	False	DDX5	R	478	R478	me	Rme1	True	LLQLVEDRGSGRSRG	LLQLVEDR(me)GSGR	ProMetheusDB_mmc2	ProMetheusDB	METHYLATION	Arg methylation	Homo sapiens (Human)	P17844:R478	P17844:R478	True	external_methyl_table
P17844	P17844	P17844	False	DDX5	R	20	R20	me	Rme1	True	DRGFGAPRFGGSRAG	DR(me)GFGAPR(me)FGGSR, GFGAPR(me)FGGSR	ProMetheusDB_mmc2	ProMetheusDB	METHYLATION	Arg methylation	Homo sapiens (Human)	P17844:R20	P17844:R20	True	external_methyl_table
P17844	P17844	P17844	False	DDX5	R	14	R14	me	Rme1	True	DRDRGRDRGFGAPRF	DR(me)GFGAPR(me)FGGSR, DR(me)GFGAPR	ProMetheusDB_mmc2	ProMetheusDB	METHYLATION	Arg methylation	Homo sapiens (Human)	P17844:R14	P17844:R14	True	external_methyl_table
P17844	P17844	P17844	False	DDX5	R	484	R484	me	Rme1	True	DRGSGRSRGRGGMKD	SR(me)GR(di)GGMKDDR, SR(me)GR(me)GGM(me)KDDR	ProMetheusDB_mmc2	ProMetheusDB	METHYLATION	Arg methylation	Homo sapiens (Human)	P17844:R484	P17844:R484	True	external_methyl_table
P17844	P17844	P17844	False	DDX5	R	486	R486	di	Rme2	True	GSGRSRGRGGMKDDR	GR(di)GGM(me)KDDR, SR(di)GR(di)GGMKDDR, GR(di)GGMKDDR, SR(di)GR(di)GGM(me)KDDR, SR(me)GR(di)GGMKDDR	ProMetheusDB_mmc2	ProMetheusDB	METHYLATION	Arg methylation	Homo sapiens (Human)	P17844:R486	P17844:R486	True	external_methyl_table
P17844	P17844	P17844	False	DDX5	R	486	R486	me	Rme1	True	GSGRSRGRGGMKDDR	GR(me)GGMKDDRR, GR(me)GGM(me)KDDR, SR(me)GR(me)GGM(me)KDDR	ProMetheusDB_mmc2	ProMetheusDB	METHYLATION	Arg methylation	Homo sapiens (Human)	P17844:R486	P17844:R486	True	external_methyl_table
P17844	P17844	P17844	False	DDX5	R	484	R484	di	Rme2	True	DRGSGRSRGRGGMKD	SR(di)GR(di)GGMKDDR, SR(di)GR(di)GGM(me)KDDR	ProMetheusDB_mmc2	ProMetheusDB	METHYLATION	Arg methylation	Homo sapiens (Human)	P17844:R484	P17844:R484	True	external_methyl_table
Q8N8A6	Q8N8A6	Q8N8A6	False	DDX51	R	8	R8	me	Rme1	True	MALFYVARYPGPDAA	R(me)YPGPDAAAAAGPEGAEAGAHG	ProMetheusDB_mmc2	ProMetheusDB	METHYLATION	Arg methylation	Homo sapiens (Human)	Q8N8A6:R8	Q8N8A6:R8	True	external_methyl_table
Q8N8A6	Q8N8A6	Q8N8A6	False	DDX51	R	8	R8	di	Rme2	True	MALFYVARYPGPDAA	R(di)YPGPDAAAAAGPEGAEAGAHG	ProMetheusDB_mmc2	ProMetheusDB	METHYLATION	Arg methylation	Homo sapiens (Human)	Q8N8A6:R8	Q8N8A6:R8	True	external_methyl_table
Q8TDD1	Q8TDD1	Q8TDD1	False	DDX54	R	844	R844	me	Rme1	True	QKLHFLQRGGLKQLS	LHFLQR(me)GGLK	ProMetheusDB_mmc2	ProMetheusDB	METHYLATION	Arg methylation	Homo sapiens (Human)	Q8TDD1:R844	Q8TDD1:R844	True	external_methyl_table
P0CG12	P0CG12	P0CG12	False	DERPC	R	225	R225	me	Rme1	True	LGTNPAPRSGVFPGP	SGFLGTNPAPR(me)	ProMetheusDB_mmc2	ProMetheusDB	METHYLATION	Arg methylation	Homo sapiens (Human)	P0CG12:R225	P0CG12:R225	True	external_methyl_table
P0CG12	P0CG12	P0CG12	False	DERPC	R	5	R5	di	Rme2	True	___MKEPRIFPRERP	M(me)KEPR(di)IFPR, MKEPR(di)IFPR, MKEPR(di)IFP, EPR(di)IFPR, MKEPR(di)IFPR	ProMetheusDB_mmc2	ProMetheusDB	METHYLATION	Arg methylation	Homo sapiens (Human)	P0CG12:R5	P0CG12:R5	True	external_methyl_table
P0CG12	P0CG12	P0CG12	False	DERPC	R	387	R387	me	Rme1	True	SNPATFQRSAGLQGS	GAGSSAFSQSSGTLASNPATFQR(me)	ProMetheusDB_mmc2	ProMetheusDB	METHYLATION	Arg methylation	Homo sapiens (Human)	P0CG12:R387	P0CG12:R387	True	external_methyl_table
P0CG12	P0CG12	P0CG12	False	DERPC	R	239	R239	di	Rme2	True	PGLGPNPRPSGLGPG	RSGVFPGPGLGPNPR(di)PSGLGPGPNLDA, SGVFPGPGLGPNPR(di)PSGLGPGPNLDAR	ProMetheusDB_mmc2	ProMetheusDB	METHYLATION	Arg methylation	Homo sapiens (Human)	P0CG12:R239	P0CG12:R239	True	external_methyl_table
P0CG12	P0CG12	P0CG12	False	DERPC	R	266	R266	me	Rme1	True	TGSGLNLRMAGPQGL	AGGLLGTGSGLNLR(me)	ProMetheusDB_mmc2	ProMetheusDB	METHYLATION	Arg methylation	Homo sapiens (Human)	P0CG12:R266	P0CG12:R266	True	external_methyl_table
P0CG12	P0CG12	P0CG12	False	DERPC	R	172	R172	me	Rme1	True	LGAGPDPRGGGPMGP	AGGLLGAGPDPR(me)GGGPMGPGSGPNLR, AGGLLGAGPDPR(me)GGGPM(me)GPGSGPNLR, AGGLLGAGPDPR(me)GGGPMGPGSGPNLR, RAGGLLGAGPDPR(me)GGGPMGPGSGPNL	ProMetheusDB_mmc2	ProMetheusDB	METHYLATION	Arg methylation	Homo sapiens (Human)	P0CG12:R172	P0CG12:R172	True	external_methyl_table
P0CG12	P0CG12	P0CG12	False	DERPC	R	172	R172	di	Rme2	True	LGAGPDPRGGGPMGP	AGGLLGAGPDPR(di)GGGPM(me)GPGSGPNLR, AGGLLGAGPDPR(di)GGGPMGPGSGPNLR, AGGLLGAGPDPR(di)GGGPMGPGSGPNLR	ProMetheusDB_mmc2	ProMetheusDB	METHYLATION	Arg methylation	Homo sapiens (Human)	P0CG12:R172	P0CG12:R172	True	external_methyl_table
P0CG12	P0CG12	P0CG12	False	DERPC	R	252	R252	me	Rme1	True	PGPNLDARAGGLLGT	R(me)AGGLLGTGSGLNL	ProMetheusDB_mmc2	ProMetheusDB	METHYLATION	Arg methylation	Homo sapiens (Human)	P0CG12:R252	P0CG12:R252	True	external_methyl_table
P0CG12	P0CG12	P0CG12	False	DERPC	R	429	R429	me	Rme1	True	PSPTTFPRSTGPLGP	ATGLQGPSPTTFPR(me)	ProMetheusDB_mmc2	ProMetheusDB	METHYLATION	Arg methylation	Homo sapiens (Human)	P0CG12:R429	P0CG12:R429	True	external_methyl_table
P0CG12	P0CG12	P0CG12	False	DERPC	R	322	R322	me	Rme1	True	PNSGPSSRGIGLPGP	VPGPM(me)GPNSGPSSR(me)	ProMetheusDB_mmc2	ProMetheusDB	METHYLATION	Arg methylation	Homo sapiens (Human)	P0CG12:R322	P0CG12:R322	True	external_methyl_table
P0CG12	P0CG12	P0CG12	False	DERPC	R	146	R146	di	Rme2	True	PGPLSNPRLGGLPGP	TGALPGPGPLSNPR(di)LGGLPGPGPMSNPR	ProMetheusDB_mmc2	ProMetheusDB	METHYLATION	Arg methylation	Homo sapiens (Human)	P0CG12:R146	P0CG12:R146	True	external_methyl_table
Q9H6R0	Q9H6R0	Q9H6R0	False	DHX33	R	43	R43	me	Rme1	True	LTAGSGGRGGGGGRR	QVVMLLTAGSGGR(me)GGGGGR, QVVMLLTAGSGGR(me)GGGGGR	ProMetheusDB_mmc2	ProMetheusDB	METHYLATION	Arg methylation	Homo sapiens (Human)	Q9H6R0:R43	Q9H6R0:R43	True	external_methyl_table
Q9H2U1	Q9H2U1	Q9H2U1	False	DHX36	R	47	R47	di	Rme2	True	GGGGGGGRGGRGRHP	GSGGGGGGGGGGR(di)GGR(di)GR	ProMetheusDB_mmc2	ProMetheusDB	METHYLATION	Arg methylation	Homo sapiens (Human)	Q9H2U1:R47	Q9H2U1:R47	True	external_methyl_table
Q9H2U1	Q9H2U1	Q9H2U1	False	DHX36	R	50	R50	di	Rme2	True	GGGGRGGRGRHPGHL	GSGGGGGGGGGGR(di)GGR(di)GR	ProMetheusDB_mmc2	ProMetheusDB	METHYLATION	Arg methylation	Homo sapiens (Human)	Q9H2U1:R50	Q9H2U1:R50	True	external_methyl_table
Q08211	Q08211	Q08211	False	DHX9	R	1160	R1160	me	Rme1	True	TRYGDGPRPPKMARY	YGDGPR(me)PPK, RYGDGPR(me)PP	ProMetheusDB_mmc2	ProMetheusDB	METHYLATION	Arg methylation	Homo sapiens (Human)	Q08211:R1160	Q08211:R1160	True	external_methyl_table
Q08211	Q08211	Q08211	False	DHX9	R	1249	R1249	di	Rme2	True	RGSGGFQRGGGRGAY	GSGGFQR(di)GGGR(di)GAYGTGYFGQGR(di)GGGGY	ProMetheusDB_mmc2	ProMetheusDB	METHYLATION	Arg methylation	Homo sapiens (Human)	Q08211:R1249	Q08211:R1249	True	external_methyl_table
Q08211	Q08211	Q08211	False	DHX9	R	1253	R1253	di	Rme2	True	GFQRGGGRGAYGTGY	GGGR(di)GAYGTGYFGQGR(di)GGGGY, GSGGFQR(di)GGGR(di)GAYGTGYFGQGR(di)GGGGY	ProMetheusDB_mmc2	ProMetheusDB	METHYLATION	Arg methylation	Homo sapiens (Human)	Q08211:R1253	Q08211:R1253	True	external_methyl_table
Q08211	Q08211	Q08211	False	DHX9	R	1265	R1265	di	Rme2	True	TGYFGQGRGGGGY__	GGGR(di)GAYGTGYFGQGR(di)GGGGY, GAYGTGYFGQGR(di)GGGGY, GSGGFQR(di)GGGR(di)GAYGTGYFGQGR(di)GGGGY	ProMetheusDB_mmc2	ProMetheusDB	METHYLATION	Arg methylation	Homo sapiens (Human)	Q08211:R1265	Q08211:R1265	True	external_methyl_table
Q08211	Q08211	Q08211	False	DHX9	R	1223	R1223	di	Rme2	True	GGYRGVSRGGFRGNS	R(di)GGFR(di)GNSGGDYR(di)GPSGGY, GVSR(di)GGFR(di)GNSGGDYR	ProMetheusDB_mmc2	ProMetheusDB	METHYLATION	Arg methylation	Homo sapiens (Human)	Q08211:R1223	Q08211:R1223	True	external_methyl_table
Q08211	Q08211	Q08211	False	DHX9	R	1227	R1227	di	Rme2	True	GVSRGGFRGNSGGDY	R(di)GGFR(di)GNSGGDYR(di)GPSGGY, GVSR(di)GGFR(di)GNSGGDYR	ProMetheusDB_mmc2	ProMetheusDB	METHYLATION	Arg methylation	Homo sapiens (Human)	Q08211:R1227	Q08211:R1227	True	external_methyl_table
Q08211	Q08211	Q08211	False	DHX9	R	1160	R1160	di	Rme2	True	TRYGDGPRPPKMARY	YGDGPR(di)PPK	ProMetheusDB_mmc2	ProMetheusDB	METHYLATION	Arg methylation	Homo sapiens (Human)	Q08211:R1160	Q08211:R1160	True	external_methyl_table
Q08211	Q08211	Q08211	False	DHX9	R	1175	R1175	di	Rme2	True	DNGSGYRRGGSSYSG	R(di)GGSSYSGGGYGGGYSSGGYGSGGYGGSANSFR	ProMetheusDB_mmc2	ProMetheusDB	METHYLATION	Arg methylation	Homo sapiens (Human)	Q08211:R1175	Q08211:R1175	True	external_methyl_table
Q08211	Q08211	Q08211	False	DHX9	R	1235	R1235	di	Rme2	True	GNSGGDYRGPSGGYR	R(di)GGFR(di)GNSGGDYR(di)GPSGGY	ProMetheusDB_mmc2	ProMetheusDB	METHYLATION	Arg methylation	Homo sapiens (Human)	Q08211:R1235	Q08211:R1235	True	external_methyl_table
Q08211	Q08211	Q08211	False	DHX9	R	853	R853	me	Rme1	True	DELTPLGRILAKLPI	ELDALDANDELTPLGR(me)	ProMetheusDB_mmc2	ProMetheusDB	METHYLATION	Arg methylation	Homo sapiens (Human)	Q08211:R853	Q08211:R853	True	external_methyl_table
O60610	O60610	O60610	False	DIAPH1	R	12	R12	me	Rme1	True	GGSLGPGRGTRDKKK	MEPPGGSLGPGR(me)GTR	ProMetheusDB_mmc2	ProMetheusDB	METHYLATION	Arg methylation	Homo sapiens (Human)	O60610:R12	O60610:R12	True	external_methyl_table
Q9BTC0	Q9BTC0	Q9BTC0	False	DIDO1	R	1982	R1982	di	Rme2	True	PPRFTNQRAPAPLQF	FTNQR(di)APAPLQFGGLR(di)GSAPFSEK, FTNQR(di)APAPLQFGGLR(me)GSAPFSEK(me), FTNQR(di)APAPLQFGGLR, FTNQR(di)APAPLQFGGLR(me)GSAPFSEK	ProMetheusDB_mmc2	ProMetheusDB	METHYLATION	Arg methylation	Homo sapiens (Human)	Q9BTC0:R1982	Q9BTC0:R1982	True	external_methyl_table
Q9BTC0	Q9BTC0	Q9BTC0	False	DIDO1	R	1993	R1993	me	Rme1	True	PLQFGGLRGSAPFSE	FTNQR(di)APAPLQFGGLR(me)GSAPFSEK(me), FTNQR(di)APAPLQFGGLR(me)GSAPFSEK	ProMetheusDB_mmc2	ProMetheusDB	METHYLATION	Arg methylation	Homo sapiens (Human)	Q9BTC0:R1993	Q9BTC0:R1993	True	external_methyl_table
Q9BTC0	Q9BTC0	Q9BTC0	False	DIDO1	R	1993	R1993	di	Rme2	True	PLQFGGLRGSAPFSE	FTNQR(di)APAPLQFGGLR(di)GSAPFSEK	ProMetheusDB_mmc2	ProMetheusDB	METHYLATION	Arg methylation	Homo sapiens (Human)	Q9BTC0:R1993	Q9BTC0:R1993	True	external_methyl_table
Q9BTC0	Q9BTC0	Q9BTC0	False	DIDO1	R	1894	R1894	di	Rme2	True	FQFGGQRRPLLSQLK	R(di)PLLSQLK	ProMetheusDB_mmc2	ProMetheusDB	METHYLATION	Arg methylation	Homo sapiens (Human)	Q9BTC0:R1894	Q9BTC0:R1894	True	external_methyl_table
Q9BTC0	Q9BTC0	Q9BTC0	False	DIDO1	R	1835	R1835	me	Rme1	True	PSYLGGPRGVAPSQF	GPSPSYLGGPR(me)GVAPSQFEER, GPSPSYLGGPR(me)GVAPSQFEER(me)	ProMetheusDB_mmc2	ProMetheusDB	METHYLATION	Arg methylation	Homo sapiens (Human)	Q9BTC0:R1835	Q9BTC0:R1835	True	external_methyl_table
Q9BTC0	Q9BTC0	Q9BTC0	False	DIDO1	R	1835	R1835	di	Rme2	True	PSYLGGPRGVAPSQF	GPSPSYLGGPR(di)GVAPSQFEER	ProMetheusDB_mmc2	ProMetheusDB	METHYLATION	Arg methylation	Homo sapiens (Human)	Q9BTC0:R1835	Q9BTC0:R1835	True	external_methyl_table
Q9BTC0	Q9BTC0	Q9BTC0	False	DIDO1	R	1845	R1845	me	Rme1	True	APSQFEERKDPHGEK	GPSPSYLGGPR(me)GVAPSQFEER(me)	ProMetheusDB_mmc2	ProMetheusDB	METHYLATION	Arg methylation	Homo sapiens (Human)	Q9BTC0:R1845	Q9BTC0:R1845	True	external_methyl_table
Q9BTC0	Q9BTC0	Q9BTC0	False	DIDO1	R	1882	R1882	me	Rme1	True	QAPFLGSRGGAPFQF	R(me)GGAPFQFGGQ	ProMetheusDB_mmc2	ProMetheusDB	METHYLATION	Arg methylation	Homo sapiens (Human)	Q9BTC0:R1882	Q9BTC0:R1882	True	external_methyl_table
Q9BTC0	Q9BTC0	Q9BTC0	False	DIDO1	R	1775	R1775	di	Rme2	True	GPNFPGPRGPAPPFP	EPGPHALGMSGLHGPNFPGPR(di)GPAPPFPEENIASNDGPR	ProMetheusDB_mmc2	ProMetheusDB	METHYLATION	Arg methylation	Homo sapiens (Human)	Q9BTC0:R1775	Q9BTC0:R1775	True	external_methyl_table
Q8WXX0	Q8WXX0	Q8WXX0	False	DNAH7	R	2438	R2438	di	Rme2	True	QEICDKMRQLDRQRD	QEICDK(di)MR(di)QLDR	ProMetheusDB_mmc2	ProMetheusDB	METHYLATION	Arg methylation	Homo sapiens (Human)	Q8WXX0:R2438	Q8WXX0:R2438	True	external_methyl_table
P50570	P50570	P50570	False	DNM2	R	857	R857	me	Rme1	True	RPPAAPSRPTIIRPA	RPPAAPSR(me)PTIIR(me)PAEPSLLD	ProMetheusDB_mmc2	ProMetheusDB	METHYLATION	Arg methylation	Homo sapiens (Human)	P50570:R857	P50570:R857	True	external_methyl_table
P50570	P50570	P50570	False	DNM2	R	862	R862	me	Rme1	True	PSRPTIIRPAEPSLL	RPPAAPSR(me)PTIIR(me)PAEPSLLD, RPPAAPSRPTIIR(me)PAEPSLLD	ProMetheusDB_mmc2	ProMetheusDB	METHYLATION	Arg methylation	Homo sapiens (Human)	P50570:R862	P50570:R862	True	external_methyl_table
P50570	P50570	P50570	False	DNM2	R	862	R862	di	Rme2	True	PSRPTIIRPAEPSLL	RPPAAPSRPTIIR(di)PAEPSLLD	ProMetheusDB_mmc2	ProMetheusDB	METHYLATION	Arg methylation	Homo sapiens (Human)	P50570:R862	P50570:R862	True	external_methyl_table
Q9UBC3	Q9UBC3	Q9UBC3	False	DNMT3B	R	823	R823	me	Rme1	True	TDVSNMGRGARQKLL	IFGFPVHYTDVSNMGR(me)	ProMetheusDB_mmc2	ProMetheusDB	METHYLATION	Arg methylation	Homo sapiens (Human)	Q9UBC3:R823	Q9UBC3:R823	True	external_methyl_table
Q14195-2	Q14195-2	Q14195	True	DPYSL3	R	60	R60	me	Rme1	True	DALSVGQRGAKTPRS	TLDFDALSVGQR(me)GAK	ProMetheusDB_mmc2	ProMetheusDB	METHYLATION	Arg methylation	Homo sapiens (Human)	Q14195-2:R60	Q14195:R60	True	external_methyl_table
Q9NRR4	Q9NRR4	Q9NRR4	False	DROSHA	R	9	R9	di	Rme2	True	MQGNTCHRMSFHPGR	MQGNTCHR(di)MSFHPGR	ProMetheusDB_mmc2	ProMetheusDB	METHYLATION	Arg methylation	Homo sapiens (Human)	Q9NRR4:R9	Q9NRR4:R9	True	external_methyl_table
P15924	P15924	P15924	False	DSP	R	45	R45	me	Rme1	True	SRMYYSRRGVITDQN	R(me)GVITDQNSDGYCQTGTMSR	ProMetheusDB_mmc2	ProMetheusDB	METHYLATION	Arg methylation	Homo sapiens (Human)	P15924:R45	P15924:R45	True	external_methyl_table
O43237	O43237	O43237	False	DYNC1LI2	R	397	R397	me	Rme1	True	GSPRTQGRGGPASVP	TQGR(me)GGPASVPSSSPGTSVK, TQGR(me)GGPASVPSSSPGTSVKKPDPNIK	ProMetheusDB_mmc2	ProMetheusDB	METHYLATION	Arg methylation	Homo sapiens (Human)	O43237:R397	O43237:R397	True	external_methyl_table
O43237	O43237	O43237	False	DYNC1LI2	R	397	R397	di	Rme2	True	GSPRTQGRGGPASVP	TQGR(di)GGPASVPSSSPGTSVK	ProMetheusDB_mmc2	ProMetheusDB	METHYLATION	Arg methylation	Homo sapiens (Human)	O43237:R397	O43237:R397	True	external_methyl_table
O00716	O00716	O00716	False	E2F3	R	121	R121	me	Rme1	True	QQPPALGRGGSGGGG	AGLLQQPPALGR(me)GGSGGGGGPPAK, AGLLQQPPALGR(me)GGSGGGGGPPAKR	ProMetheusDB_mmc2	ProMetheusDB	METHYLATION	Arg methylation	Homo sapiens (Human)	O00716:R121	O00716:R121	True	external_methyl_table
P30084	P30084	P30084	False	ECHS1	R	197	R197	me	Rme1	True	EMVLTGDRISAQDAK	SLAMEMVLTGDR(me)	ProMetheusDB_mmc2	ProMetheusDB	METHYLATION	Arg methylation	Homo sapiens (Human)	P30084:R197	P30084:R197	True	external_methyl_table
Q5VYK3	Q5VYK3	Q5VYK3	False	ECPAS	R	1177	R1177	me	Rme1	True	NLTSNMWRVRESSCL	NLTSNMWR(me)VR(me)	ProMetheusDB_mmc2	ProMetheusDB	METHYLATION	Arg methylation	Homo sapiens (Human)	Q5VYK3:R1177	Q5VYK3:R1177	True	external_methyl_table
Q5VYK3	Q5VYK3	Q5VYK3	False	ECPAS	R	1179	R1179	me	Rme1	True	TSNMWRVRESSCLAL	NLTSNMWR(me)VR(me)	ProMetheusDB_mmc2	ProMetheusDB	METHYLATION	Arg methylation	Homo sapiens (Human)	Q5VYK3:R1179	Q5VYK3:R1179	True	external_methyl_table
P68104	P68104	P68104	False	EEF1A1	R	166	R166	me	Rme1	True	EPPYSQKRYEEIVKE	M(me)DSTEPPYSQK(me)R(me), QLIVGVNKMDSTEPPYSQK(me)R(me), MDSTEPPYSQK(me)R(me), MDSTEPPYSQK(me)R(me)YEEIVK(me), QLIVGVNKMDSTEPPYSQK(me)R(me), MDSTEPPYSQK(me)R(me), QLIVGVNKM(me)DSTEPPYSQK(me)R(me)	ProMetheusDB_mmc2	ProMetheusDB	METHYLATION	Arg methylation	Homo sapiens (Human)	P68104:R166	P68104:R166	True	external_methyl_table
P29692	P29692	P29692	False	EEF1D	R	38	R38	me	Rme1	True	GPVAGASRQENGASV	FYEQMNGPVAGASR(me)	ProMetheusDB_mmc2	ProMetheusDB	METHYLATION	Arg methylation	Homo sapiens (Human)	P29692:R38	P29692:R38	True	external_methyl_table
P29692	P29692	P29692	False	EEF1D	R	83	R83	di	Rme2	True	DHGELVVRIASLEVE	SLAGSSGPGASSGTSGDHGELVVR(di)	ProMetheusDB_mmc2	ProMetheusDB	METHYLATION	Arg methylation	Homo sapiens (Human)	P29692:R83	P29692:R83	True	external_methyl_table
P26641	P26641	P26641	False	EEF1G	R	201	R201	me	Rme1	True	CINQPQFRAVLGEVK	WFLTCINQPQFR(me)	ProMetheusDB_mmc2	ProMetheusDB	METHYLATION	Arg methylation	Homo sapiens (Human)	P26641:R201	P26641:R201	True	external_methyl_table
P20042	P20042	P20042	False	EIF2S2	R	308	R308	me	Rme1	True	QCETCHSRCSVASIK	LYFLQCETCHSR(me)	ProMetheusDB_mmc2	ProMetheusDB	METHYLATION	Arg methylation	Homo sapiens (Human)	P20042:R308	P20042:R308	True	external_methyl_table
P41091	P41091	P41091	False	EIF2S3	R	68	R68	me	Rme1	True	ISGVHTVRFKNELER	AISGVHTVR(me)	ProMetheusDB_mmc2	ProMetheusDB	METHYLATION	Arg methylation	Homo sapiens (Human)	P41091:R68	P41091:R68	True	external_methyl_table
O15371	O15371	O15371	False	EIF3D	R	99	R99	me	Rme1	True	AYQRNRMRFAQRNLR	MR(me)FAQR(di)NLR	ProMetheusDB_mmc2	ProMetheusDB	METHYLATION	Arg methylation	Homo sapiens (Human)	O15371:R99	O15371:R99	True	external_methyl_table
O15371	O15371	O15371	False	EIF3D	R	103	R103	di	Rme2	True	NRMRFAQRNLRRDKD	MR(me)FAQR(di)NLR, FAQR(di)NLR	ProMetheusDB_mmc2	ProMetheusDB	METHYLATION	Arg methylation	Homo sapiens (Human)	O15371:R103	O15371:R103	True	external_methyl_table
O15371	O15371	O15371	False	EIF3D	R	97	R97	di	Rme2	True	KTAYQRNRMRFAQRN	NR(di)M(me)R(di)FAQR(me)	ProMetheusDB_mmc2	ProMetheusDB	METHYLATION	Arg methylation	Homo sapiens (Human)	O15371:R97	O15371:R97	True	external_methyl_table
O15371	O15371	O15371	False	EIF3D	R	99	R99	di	Rme2	True	AYQRNRMRFAQRNLR	NR(di)M(me)R(di)FAQR(me)	ProMetheusDB_mmc2	ProMetheusDB	METHYLATION	Arg methylation	Homo sapiens (Human)	O15371:R99	O15371:R99	True	external_methyl_table
O15371	O15371	O15371	False	EIF3D	R	103	R103	me	Rme1	True	NRMRFAQRNLRRDKD	NR(di)M(me)R(di)FAQR(me)	ProMetheusDB_mmc2	ProMetheusDB	METHYLATION	Arg methylation	Homo sapiens (Human)	O15371:R103	O15371:R103	True	external_methyl_table
P23588	P23588	P23588	False	EIF4B	R	292	R292	me	Rme1	True	YRRDDDYRGGGDRYE	RDDDYR(me)GGGDRYEDR, DDDYR(me)GGGDRYEDRYDR, DDDYR(me)GGGDRYEDR	ProMetheusDB_mmc2	ProMetheusDB	METHYLATION	Arg methylation	Homo sapiens (Human)	P23588:R292	P23588:R292	True	external_methyl_table
O60573	O60573	O60573	False	EIF4E2	R	241	R241	me	Rme1	True	FQNLWKPRLNVP___	LLFQNLWKPR(me)	ProMetheusDB_mmc2	ProMetheusDB	METHYLATION	Arg methylation	Homo sapiens (Human)	O60573:R241	O60573:R241	True	external_methyl_table
Q9NRA8	Q9NRA8	Q9NRA8	False	EIF4ENIF1	R	584	R584	me	Rme1	True	SADYLRPRIPSPIGF	AASADYLRPR(me)	ProMetheusDB_mmc2	ProMetheusDB	METHYLATION	Arg methylation	Homo sapiens (Human)	Q9NRA8:R584	Q9NRA8:R584	True	external_methyl_table
Q9NRA8	Q9NRA8	Q9NRA8	False	EIF4ENIF1	R	574	R574	me	Rme1	True	LSQVFQTRAASADYL	R(me)AASADYLR(me)P	ProMetheusDB_mmc2	ProMetheusDB	METHYLATION	Arg methylation	Homo sapiens (Human)	Q9NRA8:R574	Q9NRA8:R574	True	external_methyl_table
Q9NRA8	Q9NRA8	Q9NRA8	False	EIF4ENIF1	R	582	R582	me	Rme1	True	AASADYLRPRIPSPI	R(me)AASADYLR(me)P	ProMetheusDB_mmc2	ProMetheusDB	METHYLATION	Arg methylation	Homo sapiens (Human)	Q9NRA8:R582	Q9NRA8:R582	True	external_methyl_table
Q04637	Q04637	Q04637	False	EIF4G1	R	685	R685	me	Rme1	True	LSTRGPPRGGPGGEL	TTLSTR(me)GPPR(me)GGPGGELPR, GPPR(me)GGPGGELPR, GPPR(me)GGPGGELPRGPAGLGPR, GPPR(me)GGPGGELPR(me)GPAGLGPR	ProMetheusDB_mmc2	ProMetheusDB	METHYLATION	Arg methylation	Homo sapiens (Human)	Q04637:R685	Q04637:R685	True	external_methyl_table
Q04637	Q04637	Q04637	False	EIF4G1	R	675	R675	me	Rme1	True	PSFANLGRTTLSTRG	LQGINCGPDFTPSFANLGR(me)	ProMetheusDB_mmc2	ProMetheusDB	METHYLATION	Arg methylation	Homo sapiens (Human)	Q04637:R675	Q04637:R675	True	external_methyl_table
Q04637-7	Q04637-7	Q04637	True	EIF4G1	R	489	R489	me	Rme1	True	LSTRGPPRGGPGGEL	GPPR(me)GGPGGELPR(di)GPQAGLGPR, GPPR(me)GGPGGELPR(me)GPQAGLGPR	ProMetheusDB_mmc2	ProMetheusDB	METHYLATION	Arg methylation	Homo sapiens (Human)	Q04637-7:R489	Q04637:R489	True	external_methyl_table
Q04637-7	Q04637-7	Q04637	True	EIF4G1	R	498	R498	me	Rme1	True	GPGGELPRGPQAGLG	GGPGGELPR(me)GPQAGLGPR, GPPR(me)GGPGGELPR(me)GPQAGLGPR	ProMetheusDB_mmc2	ProMetheusDB	METHYLATION	Arg methylation	Homo sapiens (Human)	Q04637-7:R498	Q04637:R498	True	external_methyl_table
Q04637	Q04637	Q04637	False	EIF4G1	R	1042	R1042	me	Rme1	True	PPGPPISRGLPLVDD	RGGPPGPPISR(me), R(di)GGPPGPPISR(me), R(me)GGPPGPPISR(me)	ProMetheusDB_mmc2	ProMetheusDB	METHYLATION	Arg methylation	Homo sapiens (Human)	Q04637:R1042	Q04637:R1042	True	external_methyl_table
Q04637	Q04637	Q04637	False	EIF4G1	R	1032	R1032	me	Rme1	True	AKGSDKRRGGPPGPP	R(me)GGPPGPPISR(me), R(me)GGPPGPPISR	ProMetheusDB_mmc2	ProMetheusDB	METHYLATION	Arg methylation	Homo sapiens (Human)	Q04637:R1032	Q04637:R1032	True	external_methyl_table
Q04637	Q04637	Q04637	False	EIF4G1	R	681	R681	me	Rme1	True	GRTTLSTRGPPRGGP	TTLSTR(me)GPPR(me)GGPGGELPR, TTLSTR(me)GPPR	ProMetheusDB_mmc2	ProMetheusDB	METHYLATION	Arg methylation	Homo sapiens (Human)	Q04637:R681	Q04637:R681	True	external_methyl_table
Q04637	Q04637	Q04637	False	EIF4G1	R	694	R694	me	Rme1	True	GPGGELPRGPAGLGP	GPPR(me)GGPGGELPR(me)GPAGLGPR	ProMetheusDB_mmc2	ProMetheusDB	METHYLATION	Arg methylation	Homo sapiens (Human)	Q04637:R694	Q04637:R694	True	external_methyl_table
Q04637	Q04637	Q04637	False	EIF4G1	R	55	R55	me	Rme1	True	RQHFYPSRAQPPSSA	QHFYPSR(me)AQPPSSAASR	ProMetheusDB_mmc2	ProMetheusDB	METHYLATION	Arg methylation	Homo sapiens (Human)	Q04637:R55	Q04637:R55	True	external_methyl_table
Q04637	Q04637	Q04637	False	EIF4G1	R	55	R55	di	Rme2	True	RQHFYPSRAQPPSSA	QHFYPSR(di)AQPPSSAASR	ProMetheusDB_mmc2	ProMetheusDB	METHYLATION	Arg methylation	Homo sapiens (Human)	Q04637:R55	Q04637:R55	True	external_methyl_table
Q04637	Q04637	Q04637	False	EIF4G1	R	685	R685	di	Rme2	True	LSTRGPPRGGPGGEL	GPPR(di)GGPGGELPR	ProMetheusDB_mmc2	ProMetheusDB	METHYLATION	Arg methylation	Homo sapiens (Human)	Q04637:R685	Q04637:R685	True	external_methyl_table
Q04637	Q04637	Q04637	False	EIF4G1	R	110	R110	me	Rme1	True	YYIPGQGRSTYVVPT	MIPSQISYPASQGAYYIPGQGR(me)	ProMetheusDB_mmc2	ProMetheusDB	METHYLATION	Arg methylation	Homo sapiens (Human)	Q04637:R110	Q04637:R110	True	external_methyl_table
Q04637-7	Q04637-7	Q04637	True	EIF4G1	R	498	R498	di	Rme2	True	GPGGELPRGPQAGLG	GPPR(me)GGPGGELPR(di)GPQAGLGPR	ProMetheusDB_mmc2	ProMetheusDB	METHYLATION	Arg methylation	Homo sapiens (Human)	Q04637-7:R498	Q04637:R498	True	external_methyl_table
Q04637	Q04637	Q04637	False	EIF4G1	R	1032	R1032	di	Rme2	True	AKGSDKRRGGPPGPP	R(di)GGPPGPPISR(me)	ProMetheusDB_mmc2	ProMetheusDB	METHYLATION	Arg methylation	Homo sapiens (Human)	Q04637:R1032	Q04637:R1032	True	external_methyl_table
P78344	P78344	P78344	False	EIF4G2	R	360	R360	me	Rme1	True	EGPFMPPRMKMDRDP	RSDFFLEGPFMPPR(me)M	ProMetheusDB_mmc2	ProMetheusDB	METHYLATION	Arg methylation	Homo sapiens (Human)	P78344:R360	P78344:R360	True	external_methyl_table
O43432	O43432	O43432	False	EIF4G3	R	692	R692	me	Rme1	True	GRQTPGGRGVPLLNV	QTPGGR(me)GVPLLNVGSR	ProMetheusDB_mmc2	ProMetheusDB	METHYLATION	Arg methylation	Homo sapiens (Human)	O43432:R692	O43432:R692	True	external_methyl_table
O43432	O43432	O43432	False	EIF4G3	R	692	R692	di	Rme2	True	GRQTPGGRGVPLLNV	QTPGGR(di)GVPLLNVGSR	ProMetheusDB_mmc2	ProMetheusDB	METHYLATION	Arg methylation	Homo sapiens (Human)	O43432:R692	O43432:R692	True	external_methyl_table
Q15056	Q15056	Q15056	False	EIF4H	R	19	R19	me	Rme1	True	YSSFGGGRGSRGSAG	AYSSFGGGR(me)GSR(me)GSAGGHGSR, AYSSFGGGR(me)GSR(me)GSAGGHGSR(me), AYSSFGGGR(me)GSR(me), RAYSSFGGGR(me)GS, AYSSFGGGR(me)GSR	ProMetheusDB_mmc2	ProMetheusDB	METHYLATION	Arg methylation	Homo sapiens (Human)	Q15056:R19	Q15056:R19	True	external_methyl_table
Q15056	Q15056	Q15056	False	EIF4H	R	166	R166	me	Rme1	True	RDDFLGGRGGSRPGD	DDFNSGFRDDFLGGR(me)GGSR(me)PGDR, DDFLGGR(me)GGSRPGDR, DDFLGGR(me)GGSR, DDFNSGFRDDFLGGR(me)GGSR, DDFLGGR(me)GGSR(me)PGDRR, DDFNSGFRDDFLGGR(me)GGSR(me), DDFLGGR(me)GGSR(me)PGDR(me)R, DDFLGGR(me)GGSRPGDRR, DDFLGGR(me)GGSR(me)PGDR, GFRDDFLGGR(me)GGSR, GFRDDFLGGR(me)GGSR(me)PGDR	ProMetheusDB_mmc2	ProMetheusDB	METHYLATION	Arg methylation	Homo sapiens (Human)	Q15056:R166	Q15056:R166	True	external_methyl_table
Q15056	Q15056	Q15056	False	EIF4H	R	19	R19	di	Rme2	True	YSSFGGGRGSRGSAG	AYSSFGGGR(di)GSR	ProMetheusDB_mmc2	ProMetheusDB	METHYLATION	Arg methylation	Homo sapiens (Human)	Q15056:R19	Q15056:R19	True	external_methyl_table
Q15056	Q15056	Q15056	False	EIF4H	R	22	R22	me	Rme1	True	FGGGRGSRGSAGGHG	AYSSFGGGR(me)GSR(me)GSAGGHGSR, AYSSFGGGR(me)GSR(me)GSAGGHGSR(me), AYSSFGGGR(me)GSR(me)	ProMetheusDB_mmc2	ProMetheusDB	METHYLATION	Arg methylation	Homo sapiens (Human)	Q15056:R22	Q15056:R22	True	external_methyl_table
Q15056	Q15056	Q15056	False	EIF4H	R	170	R170	me	Rme1	True	LGGRGGSRPGDRRTG	DDFNSGFRDDFLGGR(me)GGSR(me), DDFLGGR(me)GGSR(me)PGDRR, DDFLGGR(me)GGSR(me)PGDR(me)R, DDFLGGR(me)GGSR(me)PGDR, DDFNSGFRDDFLGGR(me)GGSR(me)PGDR, GFRDDFLGGR(me)GGSR(me)PGDR	ProMetheusDB_mmc2	ProMetheusDB	METHYLATION	Arg methylation	Homo sapiens (Human)	Q15056:R170	Q15056:R170	True	external_methyl_table
Q15056	Q15056	Q15056	False	EIF4H	R	31	R31	me	Rme1	True	SAGGHGSRSQKELPT	AYSSFGGGR(me)GSR(me)GSAGGHGSR(me)	ProMetheusDB_mmc2	ProMetheusDB	METHYLATION	Arg methylation	Homo sapiens (Human)	Q15056:R31	Q15056:R31	True	external_methyl_table
Q15056	Q15056	Q15056	False	EIF4H	R	191	R191	me	Rme1	True	FRDGPPLRGSNMDFR	DGPPLR(me)GSNMDFR, FRDGPPLR(me)GSNMDFREPTEEER, DGPPLR(me)GSNM(me)DFREPTEEER, FRDGPPLR(me)GSNMDFREPTEEER, FRDGPPLR(me)GSNM(me)DFR, DGPPLR(me)GSNMDFREPTEEER, FRDGPPLR(me)GSNMDFR, DGPPLR(me)GSNMDFREPTEEER, DGPPLR(me)GSNM(me)DFR, DGPPLR(me)GSNMDFR, FRDGPPLR(me)GSNMDFR, FRDGPPLR(me)GSNM(me)DFREPTEEER	ProMetheusDB_mmc2	ProMetheusDB	METHYLATION	Arg methylation	Homo sapiens (Human)	Q15056:R191	Q15056:R191	True	external_methyl_table
Q15056	Q15056	Q15056	False	EIF4H	R	166	R166	di	Rme2	True	RDDFLGGRGGSRPGD	GFRDDFLGGR(di)GGSRPGDR, DDFLGGR(di)GGSRPGDR, GFRDDFLGGR(di)GGSR	ProMetheusDB_mmc2	ProMetheusDB	METHYLATION	Arg methylation	Homo sapiens (Human)	Q15056:R166	Q15056:R166	True	external_methyl_table
Q15056	Q15056	Q15056	False	EIF4H	R	174	R174	me	Rme1	True	GGSRPGDRRTGPPMG	DDFLGGR(me)GGSR(me)PGDR(me)R	ProMetheusDB_mmc2	ProMetheusDB	METHYLATION	Arg methylation	Homo sapiens (Human)	Q15056:R174	Q15056:R174	True	external_methyl_table
Q15717	Q15717	Q15717	False	ELAVL1	R	217	R217	me	Rme1	True	PVHHQAQRFRFSPMG	R(me)FGGPVHHQAQR(me)FR, R(me)FGGPVHHQAQR(me), FGGPVHHQAQR(me)FR(me), FGGPVHHQAQR(me)FR, FGGPVHHQAQR(me)	ProMetheusDB_mmc2	ProMetheusDB	METHYLATION	Arg methylation	Homo sapiens (Human)	Q15717:R217	Q15717:R217	True	external_methyl_table
Q15717	Q15717	Q15717	False	ELAVL1	R	206	R206	me	Rme1	True	LYHSPARRFGGPVHH	R(me)FGGPVHHQAQR(me)FR, R(me)FGGPVHHQAQR(me), R(me)FGGPVHHQAQR(di)FR	ProMetheusDB_mmc2	ProMetheusDB	METHYLATION	Arg methylation	Homo sapiens (Human)	Q15717:R206	Q15717:R206	True	external_methyl_table
Q15717	Q15717	Q15717	False	ELAVL1	R	219	R219	me	Rme1	True	HHQAQRFRFSPMGVD	FGGPVHHQAQR(me)FR(me)	ProMetheusDB_mmc2	ProMetheusDB	METHYLATION	Arg methylation	Homo sapiens (Human)	Q15717:R219	Q15717:R219	True	external_methyl_table
Q15717	Q15717	Q15717	False	ELAVL1	R	217	R217	di	Rme2	True	PVHHQAQRFRFSPMG	R(me)FGGPVHHQAQR(di)FR, FGGPVHHQAQR(di)FR	ProMetheusDB_mmc2	ProMetheusDB	METHYLATION	Arg methylation	Homo sapiens (Human)	Q15717:R217	Q15717:R217	True	external_methyl_table
Q96C92	Q96C92	Q96C92	False	ENTR1	R	17	R17	me	Rme1	True	ATPLSRARSLAIPDA	AR(me)SLAIPDAPAFYER	ProMetheusDB_mmc2	ProMetheusDB	METHYLATION	Arg methylation	Homo sapiens (Human)	Q96C92:R17	Q96C92:R17	True	external_methyl_table
Q96L91	Q96L91	Q96L91	False	EP400	R	1643	R1643	me	Rme1	True	TLSHSQLRQLTAGQP	FTLSHSQLR(me)	ProMetheusDB_mmc2	ProMetheusDB	METHYLATION	Arg methylation	Homo sapiens (Human)	Q96L91:R1643	Q96L91:R1643	True	external_methyl_table
P07814	P07814	P07814	False	EPRS1	R	1152	R1152	me	Rme1	True	NQWCNVVRWEFKHPQ	LNQWCNVVR(me)WEFK	ProMetheusDB_mmc2	ProMetheusDB	METHYLATION	Arg methylation	Homo sapiens (Human)	P07814:R1152	P07814:R1152	True	external_methyl_table
A0FGR8	A0FGR8	A0FGR8	False	ESYT2	R	172	R172	me	Rme1	True	ALLEDEERVVRLGVR	ALALLEDEER(me)	ProMetheusDB_mmc2	ProMetheusDB	METHYLATION	Arg methylation	Homo sapiens (Human)	A0FGR8:R172	A0FGR8:R172	True	external_methyl_table
Q01844	Q01844	Q01844	False	EWSR1	R	615	R615	di	Rme2	True	GGFGGGRRGGPGGPP	R(di)GGPGGPPGPLMEQMGGR, R(di)GGPGGPPGPLM(me)EQM(me)GGR(me), R(di)GGPGGPPGPLMEQMGGR, R(di)GGPGGPPGPLMEQMGGR, R(di)GGPGGPPGPLMEQMGGR(me), R(di)GGPGGPPGPLMEQM(me)GGR(me), R(di)GGPGGPPGPLM(me)EQMGGR(me), R(di)GGPGGPPGPLMEQMGGR(me), R(di)GGPGGPPGPLM(me)EQMGGR, R(di)GGPGGPPGPLM(me)EQM(me)GGR, R(di)GGPGGPPGPLMEQMGGR(me), R(di)GGPGGPPGPLMEQMGGR, R(di)GGPGGPPGPLMEQM(me)GGR, R(di)GGPGGPPGPLMEQMGGR	ProMetheusDB_mmc2	ProMetheusDB	METHYLATION	Arg methylation	Homo sapiens (Human)	Q01844:R615	Q01844:R615	True	external_methyl_table
Q01844	Q01844	Q01844	False	EWSR1	R	615	R615	me	Rme1	True	GGFGGGRRGGPGGPP	R(me)GGPGGPPGPLMEQMGGR, R(me)GGPGGPPGPLMEQMGGR, R(me)R(me)GGPGGPPGPLMEQMGG, R(me)GGPGGPPGPLMEQMGGR, R(me)GGPGGPPGPLMEQMGGR, R(me)GGPGGPPGPLM(me)EQMGGR, R(me)R(me)GGPGGPPGPLM(me)EQMGG, R(me)GGPGGPPGPLMEQM(me)GGR, R(me)GGPGGPPGPLMEQMGGR, R(me)R(me)GGPGGPPGPLMEQMGG, R(me)R(me)GGPGGPPGPLMEQMGG, R(me)R(me)GGPGGPPGPLMEQM(me)GG, R(me)R(me)GGPGGPPGPLMEQMGG, R(me)GGPGGPPGPLM(me)EQM(me)GGR	ProMetheusDB_mmc2	ProMetheusDB	METHYLATION	Arg methylation	Homo sapiens (Human)	Q01844:R615	Q01844:R615	True	external_methyl_table
Q01844	Q01844	Q01844	False	EWSR1	R	506	R506	di	Rme2	True	PRGPRGSRGNPSGGG	GSR(di)GNPSGGGNVQHR, GPR(di)GSR(di)GNPSGGGNVQHR	ProMetheusDB_mmc2	ProMetheusDB	METHYLATION	Arg methylation	Homo sapiens (Human)	Q01844:R506	Q01844:R506	True	external_methyl_table
Q01844	Q01844	Q01844	False	EWSR1	R	471	R471	me	Rme1	True	RGMPPPLRGGPGGPG	GMPPPLR(me)GGPGGPGGPGGPMGR, R(me)GGPGGPGGPGGPMG, EGR(me)GMPPPLR(me)GGPGGPGGPGGPMGR, GM(me)PPPLR(me)GGPGGPGGPGGPMGR, GMPPPLR(me)GGPGGPGGPGGPMGR, GMPPPLR(me)GGPGGPGGPGGPMGR, GM(me)PPPLR(me)GGPGGPGGPGGPM(me)GR, GMPPPLR(me)GGPGGPGGPGGPM(me)GR, GMPPPLR(me)GGPGGPGGPGGPMGR, R(me)GGPGGPGGPGGPMG, R(me)GGPGGPGGPGGPM(me)G, EGR(me)GMPPPLR(me)GGPGGPGGPGGPMGR, R(me)GMPPPLR(me)GGPGGPGGPGGPMG, GMPPPLR(me)GGPGGPGGPGGPMGR	ProMetheusDB_mmc2	ProMetheusDB	METHYLATION	Arg methylation	Homo sapiens (Human)	Q01844:R471	Q01844:R471	True	external_methyl_table
Q01844	Q01844	Q01844	False	EWSR1	R	464	R464	me	Rme1	True	GLPPREGRGMPPPLR	EGR(me)GM(me)PPPLR(di)GGPGGPGGPGGPM(me)GR, EGR(me)GMPPPLR(me)GGPGGPGGPGGPMGR, EGR(me)GM(me)PPPLR(di)GGPGGPGGPGGPMGR, EGR(me)GMPPPLR(di)GGPGGPGGPGGPMGR, EGR(me)GMPPPLR(di)GGPGGPGGPGGPMGR(me), EGR(me)GMPPPLR(di)GGPGGPGGPGGPMGR, EGR(me)GMPPPLR(di)GGPGGPGGPGGPMGR, R(me)GMPPPLR(me)GGPGGPGGPGGPMG, EGR(me)GMPPPLR(me)GGPGGPGGPGGPMGR, EGR(me)GMPPPLR(di)GGPGGPGGPGGPMGR(me)	ProMetheusDB_mmc2	ProMetheusDB	METHYLATION	Arg methylation	Homo sapiens (Human)	Q01844:R464	Q01844:R464	True	external_methyl_table
Q01844	Q01844	Q01844	False	EWSR1	R	503	R503	di	Rme2	True	GFPPRGPRGSRGNPS	GGDR(di)GGFPPRGPR(di), GPR(di)GSR(di)GNPSGGGNVQHR	ProMetheusDB_mmc2	ProMetheusDB	METHYLATION	Arg methylation	Homo sapiens (Human)	Q01844:R503	Q01844:R503	True	external_methyl_table
Q01844	Q01844	Q01844	False	EWSR1	R	494	R494	di	Rme2	True	MGGRGGDRGGFPPRG	GGDR(di)GGFPPRGPR(di), MGGR(me)GGDR(di)GGFPPR(di)GPR	ProMetheusDB_mmc2	ProMetheusDB	METHYLATION	Arg methylation	Homo sapiens (Human)	Q01844:R494	Q01844:R494	True	external_methyl_table
Q01844	Q01844	Q01844	False	EWSR1	R	471	R471	di	Rme2	True	RGMPPPLRGGPGGPG	GMPPPLR(di)GGPGGPGGPGGPMGR, R(di)GGPGGPGGPGGPMG, GMPPPLR(di)GGPGGPGGPGGPMGR(me), EGR(me)GMPPPLR(di)GGPGGPGGPGGPMGR(me), GMPPPLR(di)GGPGGPGGPGGPMGR, EGR(me)GMPPPLR(di)GGPGGPGGPGGPMGR, GM(me)PPPLR(di)GGPGGPGGPGGPMGR(me), EGR(me)GMPPPLR(di)GGPGGPGGPGGPMGR, GMPPPLR(di)GGPGGPGGPGGPM(me)GR(me), EGR(me)GM(me)PPPLR(di)GGPGGPGGPGGPM(me)GR, EGR(me)GMPPPLR(di)GGPGGPGGPGGPMGR, GM(me)PPPLR(di)GGPGGPGGPGGPM(me)GR, EGR(me)GM(me)PPPLR(di)GGPGGPGGPGGPMGR, GMPPPLR(di)GGPGGPGGPGGPM(me)GR, GM(me)PPPLR(di)GGPGGPGGPGGPM(me)GR(me), GMPPPLR(di)GGPGGPGGPGGPMGR(me), GMPPPLR(di)GGPGGPGGPGGPMGR(me), GMPPPLR(di)GGPGGPGGPGGPMGR, GM(me)PPPLR(di)GGPGGPGGPGGPMGR, GMPPPLR(di)GGPGGPGGPGGPMGR, EGR(me)GMPPPLR(di)GGPGGPGGPGGPMGR(me)	ProMetheusDB_mmc2	ProMetheusDB	METHYLATION	Arg methylation	Homo sapiens (Human)	Q01844:R471	Q01844:R471	True	external_methyl_table
Q01844	Q01844	Q01844	False	EWSR1	R	455	R455	di	Rme2	True	KPPMNSMRGGLPPRE	KKPPMNSM(me)R(di)GGLPPR, KKPPM(me)NSM(me)R(di)GGLPPR, KKPPMNSMR(di)GGLPPR, KPPMNSMR(di)GGLPPR, KKPPMNSMR(di)GGLPPR, KKPPMNSMR(di)GGLPPR	ProMetheusDB_mmc2	ProMetheusDB	METHYLATION	Arg methylation	Homo sapiens (Human)	Q01844:R455	Q01844:R455	True	external_methyl_table
Q01844	Q01844	Q01844	False	EWSR1	R	455	R455	me	Rme1	True	KPPMNSMRGGLPPRE	KKPPM(me)NSM(me)R(me)GGLPPR, KKPPMNSM(me)R(me)GGLPPR, KKPPMNSMR(me)GGLPPR, KKPPMNSMR(me)GGLPPR	ProMetheusDB_mmc2	ProMetheusDB	METHYLATION	Arg methylation	Homo sapiens (Human)	Q01844:R455	Q01844:R455	True	external_methyl_table
Q01844	Q01844	Q01844	False	EWSR1	R	486	R486	me	Rme1	True	GPGGPMGRMGGRGGD	GM(me)PPPLR(di)GGPGGPGGPGGPM(me)GR(me), EGR(me)GMPPPLR(di)GGPGGPGGPGGPMGR(me), GMPPPLR(di)GGPGGPGGPGGPMGR(me), GMPPPLR(di)GGPGGPGGPGGPMGR(me), GMPPPLR(di)GGPGGPGGPGGPMGR(me), GM(me)PPPLR(di)GGPGGPGGPGGPMGR(me), GMPPPLR(di)GGPGGPGGPGGPM(me)GR(me), EGR(me)GMPPPLR(di)GGPGGPGGPGGPMGR(me)	ProMetheusDB_mmc2	ProMetheusDB	METHYLATION	Arg methylation	Homo sapiens (Human)	Q01844:R486	Q01844:R486	True	external_methyl_table
Q01844	Q01844	Q01844	False	EWSR1	R	633	R633	di	Rme2	True	MEQMGGRRGGRGGPG	R(di)GGR(di)GGPGK	ProMetheusDB_mmc2	ProMetheusDB	METHYLATION	Arg methylation	Homo sapiens (Human)	Q01844:R633	Q01844:R633	True	external_methyl_table
Q01844	Q01844	Q01844	False	EWSR1	R	636	R636	di	Rme2	True	MGGRRGGRGGPGKMD	R(di)GGR(di)GGPGK	ProMetheusDB_mmc2	ProMetheusDB	METHYLATION	Arg methylation	Homo sapiens (Human)	Q01844:R636	Q01844:R636	True	external_methyl_table
Q01844	Q01844	Q01844	False	EWSR1	R	632	R632	me	Rme1	True	LMEQMGGRRGGRGGP	R(di)GGPGGPPGPLM(me)EQM(me)GGR(me), R(di)GGPGGPPGPLMEQMGGR(me), R(di)GGPGGPPGPLMEQM(me)GGR(me), R(di)GGPGGPPGPLM(me)EQMGGR(me), R(di)GGPGGPPGPLMEQMGGR(me), R(di)GGPGGPPGPLMEQMGGR(me)	ProMetheusDB_mmc2	ProMetheusDB	METHYLATION	Arg methylation	Homo sapiens (Human)	Q01844:R632	Q01844:R632	True	external_methyl_table
Q01844	Q01844	Q01844	False	EWSR1	R	490	R490	me	Rme1	True	PMGRMGGRGGDRGGF	MGGR(me)GGDR(di)GGFPPR(di)GPR	ProMetheusDB_mmc2	ProMetheusDB	METHYLATION	Arg methylation	Homo sapiens (Human)	Q01844:R490	Q01844:R490	True	external_methyl_table
Q01844	Q01844	Q01844	False	EWSR1	R	500	R500	di	Rme2	True	DRGGFPPRGPRGSRG	MGGR(me)GGDR(di)GGFPPR(di)GPR	ProMetheusDB_mmc2	ProMetheusDB	METHYLATION	Arg methylation	Homo sapiens (Human)	Q01844:R500	Q01844:R500	True	external_methyl_table
Q01844	Q01844	Q01844	False	EWSR1	R	614	R614	me	Rme1	True	RGGFGGGRRGGPGGP	R(me)R(me)GGPGGPPGPLMEQMGG, R(me)R(me)GGPGGPPGPLM(me)EQMGG, R(me)R(me)GGPGGPPGPLMEQMGG, R(me)R(me)GGPGGPPGPLMEQMGG, R(me)R(me)GGPGGPPGPLMEQM(me)GG, R(me)R(me)GGPGGPPGPLMEQMGG	ProMetheusDB_mmc2	ProMetheusDB	METHYLATION	Arg methylation	Homo sapiens (Human)	Q01844:R614	Q01844:R614	True	external_methyl_table
Q9Y3B2	Q9Y3B2	Q9Y3B2	False	EXOSC1	R	6	R6	me	Rme1	True	__MAPPVRYCIPGER	APPVR(me)YCIPGER, APPVR(me)YCIPGE	ProMetheusDB_mmc2	ProMetheusDB	METHYLATION	Arg methylation	Homo sapiens (Human)	Q9Y3B2:R6	Q9Y3B2:R6	True	external_methyl_table
Q9Y3B2	Q9Y3B2	Q9Y3B2	False	EXOSC1	R	6	R6	di	Rme2	True	__MAPPVRYCIPGER	APPVR(di)YCIPGER	ProMetheusDB_mmc2	ProMetheusDB	METHYLATION	Arg methylation	Homo sapiens (Human)	Q9Y3B2:R6	Q9Y3B2:R6	True	external_methyl_table
Q86X51	Q86X51	Q86X51	False	EZHIP	R	324	R324	me	Rme1	True	SAPGPALRVRTARSD	DSAPGPALR(me)VR	ProMetheusDB_mmc2	ProMetheusDB	METHYLATION	Arg methylation	Homo sapiens (Human)	Q86X51:R324	Q86X51:R324	True	external_methyl_table
Q9NZB2	Q9NZB2	Q9NZB2	False	FAM120A	R	886	R886	me	Rme1	True	PPSQGRGRGFAGVCG	HFGPVPPSQGR(me)GR(me)GFAGVCGFGGPYGETVATGPYR, R(me)GR(me)GFAGVCGFGGPYGETVATGPY, R(me)GFAGVCGFGGPYGETVATGPY, GR(me)GFAGVCGFGGPYGETVATGPYR	ProMetheusDB_mmc2	ProMetheusDB	METHYLATION	Arg methylation	Homo sapiens (Human)	Q9NZB2:R886	Q9NZB2:R886	True	external_methyl_table
Q9NZB2	Q9NZB2	Q9NZB2	False	FAM120A	R	884	R884	di	Rme2	True	PVPPSQGRGRGFAGV	HFGPVPPSQGR(di)GR(di)GFAGVCGFGGPYGETVATGPYR	ProMetheusDB_mmc2	ProMetheusDB	METHYLATION	Arg methylation	Homo sapiens (Human)	Q9NZB2:R884	Q9NZB2:R884	True	external_methyl_table
Q9NZB2	Q9NZB2	Q9NZB2	False	FAM120A	R	886	R886	di	Rme2	True	PPSQGRGRGFAGVCG	HFGPVPPSQGR(di)GR(di)GFAGVCGFGGPYGETVATGPYR, GR(di)GFAGVCGFGGPYGETVATGPYR	ProMetheusDB_mmc2	ProMetheusDB	METHYLATION	Arg methylation	Homo sapiens (Human)	Q9NZB2:R886	Q9NZB2:R886	True	external_methyl_table
Q9NZB2	Q9NZB2	Q9NZB2	False	FAM120A	R	884	R884	me	Rme1	True	PVPPSQGRGRGFAGV	HFGPVPPSQGR(me)GR(me)GFAGVCGFGGPYGETVATGPYR, R(me)GR(me)GFAGVCGFGGPYGETVATGPY, HFGPVPPSQGR(me)	ProMetheusDB_mmc2	ProMetheusDB	METHYLATION	Arg methylation	Homo sapiens (Human)	Q9NZB2:R884	Q9NZB2:R884	True	external_methyl_table
Q9NZB2	Q9NZB2	Q9NZB2	False	FAM120A	R	986	R986	me	Rme1	True	GPARGRPRGVISTPV	PR(me)GVISTPVIR	ProMetheusDB_mmc2	ProMetheusDB	METHYLATION	Arg methylation	Homo sapiens (Human)	Q9NZB2:R986	Q9NZB2:R986	True	external_methyl_table
Q9NZB2	Q9NZB2	Q9NZB2	False	FAM120A	R	982	R982	me	Rme1	True	VSVGGPARGRPRGVI	GPFPLQVVSVGGPAR(me)GR(me)	ProMetheusDB_mmc2	ProMetheusDB	METHYLATION	Arg methylation	Homo sapiens (Human)	Q9NZB2:R982	Q9NZB2:R982	True	external_methyl_table
Q9NZB2	Q9NZB2	Q9NZB2	False	FAM120A	R	984	R984	me	Rme1	True	VGGPARGRPRGVIST	GPFPLQVVSVGGPAR(me)GR(me)	ProMetheusDB_mmc2	ProMetheusDB	METHYLATION	Arg methylation	Homo sapiens (Human)	Q9NZB2:R984	Q9NZB2:R984	True	external_methyl_table
Q9NX05	Q9NX05	Q9NX05	False	FAM120C	R	943	R943	me	Rme1	True	LPPQGRSRGFAGLHP	SR(me)GFAGLHPIPPQGGK	ProMetheusDB_mmc2	ProMetheusDB	METHYLATION	Arg methylation	Homo sapiens (Human)	Q9NX05:R943	Q9NX05:R943	True	external_methyl_table
Q9NX05	Q9NX05	Q9NX05	False	FAM120C	R	977	R977	me	Rme1	True	GSRSSRGRGSFGMQV	GR(me)GSFGMQVVSVGGPGK, GR(me)GSFGM(me)QVVSVGGPGK	ProMetheusDB_mmc2	ProMetheusDB	METHYLATION	Arg methylation	Homo sapiens (Human)	Q9NX05:R977	Q9NX05:R977	True	external_methyl_table
Q9NX05	Q9NX05	Q9NX05	False	FAM120C	R	977	R977	di	Rme2	True	GSRSSRGRGSFGMQV	GR(di)GSFGMQVVSVGGPGK, GR(di)GSFGMQVVSVGGPGK	ProMetheusDB_mmc2	ProMetheusDB	METHYLATION	Arg methylation	Homo sapiens (Human)	Q9NX05:R977	Q9NX05:R977	True	external_methyl_table
Q86UY5	Q86UY5	Q86UY5	False	FAM83A	R	419	R419	me	Rme1	True	EQLGLVPRLTPTWRP	LQLEQLGLVPR(me)	ProMetheusDB_mmc2	ProMetheusDB	METHYLATION	Arg methylation	Homo sapiens (Human)	Q86UY5:R419	Q86UY5:R419	True	external_methyl_table
Q52LJ0	Q52LJ0	Q52LJ0	False	FAM98B	R	396	R396	di	Rme2	True	GRGDYGGRGGYGGRG	GDYGGR(di)GGYGGR(di)GGYGGR(di)GYGDPYGGGGGGGGGGGGGGGYR, GDYGGR(di)GGYGGR(di)GGYGGR, GDYGGR(di)GGYGGR(me)GGYGGR(me)	ProMetheusDB_mmc2	ProMetheusDB	METHYLATION	Arg methylation	Homo sapiens (Human)	Q52LJ0:R396	Q52LJ0:R396	True	external_methyl_table
Q52LJ0	Q52LJ0	Q52LJ0	False	FAM98B	R	402	R402	di	Rme2	True	GRGGYGGRGGYGGRG	GDYGGR(di)GGYGGR(di)GGYGGR(di)GYGDPYGGGGGGGGGGGGGGGYR, GDYGGR(di)GGYGGR(di)GGYGGR	ProMetheusDB_mmc2	ProMetheusDB	METHYLATION	Arg methylation	Homo sapiens (Human)	Q52LJ0:R402	Q52LJ0:R402	True	external_methyl_table
Q52LJ0	Q52LJ0	Q52LJ0	False	FAM98B	R	408	R408	di	Rme2	True	GRGGYGGRGYGDPYG	GDYGGR(di)GGYGGR(di)GGYGGR(di)GYGDPYGGGGGGGGGGGGGGGYR	ProMetheusDB_mmc2	ProMetheusDB	METHYLATION	Arg methylation	Homo sapiens (Human)	Q52LJ0:R408	Q52LJ0:R408	True	external_methyl_table
Q52LJ0	Q52LJ0	Q52LJ0	False	FAM98B	R	402	R402	me	Rme1	True	GRGGYGGRGGYGGRG	GDYGGR(di)GGYGGR(me)GGYGGR(me)	ProMetheusDB_mmc2	ProMetheusDB	METHYLATION	Arg methylation	Homo sapiens (Human)	Q52LJ0:R402	Q52LJ0:R402	True	external_methyl_table
Q52LJ0	Q52LJ0	Q52LJ0	False	FAM98B	R	408	R408	me	Rme1	True	GRGGYGGRGYGDPYG	GDYGGR(di)GGYGGR(me)GGYGGR(me)	ProMetheusDB_mmc2	ProMetheusDB	METHYLATION	Arg methylation	Homo sapiens (Human)	Q52LJ0:R408	Q52LJ0:R408	True	external_methyl_table
P22087	P22087	P22087	False	FBL	R	15	R15	me	Rme1	True	RGGGFGGRGGFGDRG	GGGFGGR(me)GGFGDR, MKPGFSPR(di)GGGFGGR(me), M(me)KPGFSPR(di)GGGFGGR(me)	ProMetheusDB_mmc2	ProMetheusDB	METHYLATION	Arg methylation	Homo sapiens (Human)	P22087:R15	P22087:R15	True	external_methyl_table
P22087	P22087	P22087	False	FBL	R	8	R8	di	Rme2	True	MKPGFSPRGGGFGGR	MKPGFSPR(di)GGGFGGR(me), M(me)KPGFSPR(di)GGGFGGR(me)	ProMetheusDB_mmc2	ProMetheusDB	METHYLATION	Arg methylation	Homo sapiens (Human)	P22087:R8	P22087:R8	True	external_methyl_table
P22087	P22087	P22087	False	FBL	R	43	R43	di	Rme2	True	RGGGFRGRGRGGGGG	GR(di)GR(di)GGGGGGGGGGGGGR	ProMetheusDB_mmc2	ProMetheusDB	METHYLATION	Arg methylation	Homo sapiens (Human)	P22087:R43	P22087:R43	True	external_methyl_table
P22087	P22087	P22087	False	FBL	R	45	R45	di	Rme2	True	GGFRGRGRGGGGGGG	GR(di)GR(di)GGGGGGGGGGGGGR	ProMetheusDB_mmc2	ProMetheusDB	METHYLATION	Arg methylation	Homo sapiens (Human)	P22087:R45	P22087:R45	True	external_methyl_table
Q9Y3I1	Q9Y3I1	Q9Y3I1	False	FBXO7	R	498	R498	me	Rme1	True	PNPILPGRGGPNDRF	RFDPVGPLPGPNPILPGR(me)GGPND, FDPVGPLPGPNPILPGR(me)GGPNDR	ProMetheusDB_mmc2	ProMetheusDB	METHYLATION	Arg methylation	Homo sapiens (Human)	Q9Y3I1:R498	Q9Y3I1:R498	True	external_methyl_table
Q9Y3I1	Q9Y3I1	Q9Y3I1	False	FBXO7	R	504	R504	di	Rme2	True	GRGGPNDRFPFRPSR	RGGPNDR(di)FPF	ProMetheusDB_mmc2	ProMetheusDB	METHYLATION	Arg methylation	Homo sapiens (Human)	Q9Y3I1:R504	Q9Y3I1:R504	True	external_methyl_table
P21333	P21333	P21333	False	FLNA	R	1312	R1312	me	Rme1	True	TETYVQDRGDGMYKV	VANPSGNLTETYVQDR(me)	ProMetheusDB_mmc2	ProMetheusDB	METHYLATION	Arg methylation	Homo sapiens (Human)	P21333:R1312	P21333:R1312	True	external_methyl_table
Q06787	Q06787	Q06787	False	FMR1	R	471	R471	me	Rme1	True	DDGQGMGRGSRPYRN	SYVTDDGQGMGR(me)GSR(me)PYR(me), SYVTDDGQGM(me)GR(me)GSR(me)PYR, SYVTDDGQGMGR(me)GSR, SYVTDDGQGM(me)GR(me)GSR(me), SYVTDDGQGM(me)GR(me)GSRPYR, SYVTDDGQGMGR(me)GSR(me)PYR, SYVTDDGQGM(me)GR(me)GSR(me)PYR(me), SYVTDDGQGMGR(me)GSR(me)PYR, SYVTDDGQGM(me)GR(me)GSR, SYVTDDGQGMGR(me)GSR(me)PYR(me)	ProMetheusDB_mmc2	ProMetheusDB	METHYLATION	Arg methylation	Homo sapiens (Human)	Q06787:R471	Q06787:R471	True	external_methyl_table
Q06787	Q06787	Q06787	False	FMR1	R	474	R474	me	Rme1	True	QGMGRGSRPYRNRGH	SYVTDDGQGM(me)GR(me)GSR(me)PYR, SYVTDDGQGM(me)GR(me)GSR(me), SYVTDDGQGMGR(me)GSR(me)PYR, SYVTDDGQGM(me)GR(me)GSR(me)PYR(me), SYVTDDGQGMGR(me)GSR(me)PYR, SYVTDDGQGMGR(me)GSR(me)PYR(me), SYVTDDGQGMGR(me)GSR(me)PYR(me)	ProMetheusDB_mmc2	ProMetheusDB	METHYLATION	Arg methylation	Homo sapiens (Human)	Q06787:R474	Q06787:R474	True	external_methyl_table
Q06787	Q06787	Q06787	False	FMR1	R	477	R477	me	Rme1	True	GRGSRPYRNRGHGRR	SYVTDDGQGM(me)GR(me)GSR(me)PYR(me), SYVTDDGQGMGR(me)GSR(me)PYR(me), SYVTDDGQGMGR(me)GSR(me)PYR(me)	ProMetheusDB_mmc2	ProMetheusDB	METHYLATION	Arg methylation	Homo sapiens (Human)	Q06787:R477	Q06787:R477	True	external_methyl_table
P15407	P15407	P15407	False	FOSL1	R	84	R84	di	Rme2	True	QPRPGVIRALGPPPG	PGVIR(di)ALGPPPGVR	ProMetheusDB_mmc2	ProMetheusDB	METHYLATION	Arg methylation	Homo sapiens (Human)	P15407:R84	P15407:R84	True	external_methyl_table
P85037	P85037	P85037	False	FOXK1	R	191	R191	me	Rme1	True	LPKQCTFRFPSTAIK	QCTFR(me)FPSTAIK	ProMetheusDB_mmc2	ProMetheusDB	METHYLATION	Arg methylation	Homo sapiens (Human)	P85037:R191	P85037:R191	True	external_methyl_table
Q01167	Q01167	Q01167	False	FOXK2	R	144	R144	me	Rme1	True	LPRVCTFRFPSTNIK	VCTFR(me)FPSTNIK	ProMetheusDB_mmc2	ProMetheusDB	METHYLATION	Arg methylation	Homo sapiens (Human)	Q01167:R144	Q01167:R144	True	external_methyl_table
Q96CU9	Q96CU9	Q96CU9	False	FOXRED1	R	12	R12	me	Rme1	True	VLPHGMGRGLLTRRP	VLPHGMGR(me)GLLTR, VLPHGMGR(me)GLLTR, VLPHGMGR(me)GLLTR(me), RVLPHGM(me)GR(me)GLLTR, VLPHGMGR(me)GLLTR(me)	ProMetheusDB_mmc2	ProMetheusDB	METHYLATION	Arg methylation	Homo sapiens (Human)	Q96CU9:R12	Q96CU9:R12	True	external_methyl_table
Q96CU9	Q96CU9	Q96CU9	False	FOXRED1	R	17	R17	me	Rme1	True	MGRGLLTRRPGTRRG	VLPHGMGR(me)GLLTR(me), VLPHGMGR(me)GLLTR(me)	ProMetheusDB_mmc2	ProMetheusDB	METHYLATION	Arg methylation	Homo sapiens (Human)	Q96CU9:R17	Q96CU9:R17	True	external_methyl_table
Q96CU9	Q96CU9	Q96CU9	False	FOXRED1	R	12	R12	di	Rme2	True	VLPHGMGRGLLTRRP	RVLPHGMGR(di)GLLTR	ProMetheusDB_mmc2	ProMetheusDB	METHYLATION	Arg methylation	Homo sapiens (Human)	Q96CU9:R12	Q96CU9:R12	True	external_methyl_table
Q96AE4	Q96AE4	Q96AE4	False	FUBP1	R	363	R363	me	Rme1	True	PGGRGRGRGQGNWNM	GR(me)GR(me)GQGNWNMGPPGGLQEFNFIVPTGK, R(me)GQGNWNMGPPGGLQEFNFIVPTG, R(me)GQGNWNMGPPGGLQEFNFIVPTG, GR(me)GQGNWNMGPPGGLQEFNFIVPTGK, R(me)GQGNWNM(me)GPPGGLQEFNFIVPTG, GR(me)GR(me)GQGNWNMGPPGGLQEFNFIVPTGK	ProMetheusDB_mmc2	ProMetheusDB	METHYLATION	Arg methylation	Homo sapiens (Human)	Q96AE4:R363	Q96AE4:R363	True	external_methyl_table
Q96AE4	Q96AE4	Q96AE4	False	FUBP1	R	359	R359	me	Rme1	True	GGPGPGGRGRGRGQG	SVQAGNPGGPGPGGR(me)GR(me), SVQAGNPGGPGPGGR(me)	ProMetheusDB_mmc2	ProMetheusDB	METHYLATION	Arg methylation	Homo sapiens (Human)	Q96AE4:R359	Q96AE4:R359	True	external_methyl_table
Q96AE4	Q96AE4	Q96AE4	False	FUBP1	R	361	R361	me	Rme1	True	PGPGGRGRGRGQGNW	GR(me)GR(me)GQGNWNMGPPGGLQEFNFIVPTGK, GR(me)GR(me)GQGNWNMGPPGGLQEFNFIVPTGK, SVQAGNPGGPGPGGR(me)GR(me)	ProMetheusDB_mmc2	ProMetheusDB	METHYLATION	Arg methylation	Homo sapiens (Human)	Q96AE4:R361	Q96AE4:R361	True	external_methyl_table
Q96AE4	Q96AE4	Q96AE4	False	FUBP1	R	361	R361	di	Rme2	True	PGPGGRGRGRGQGNW	GR(di)GR(di)GQGNWNMGPPGGLQEFNFIVPTGK, GR(di)GR(di)GQGNWNMGPPGGLQEFNFIVPTGK, GR(di)GR(di)GQGNWNMGPPGGLQEFNFIVPTGK	ProMetheusDB_mmc2	ProMetheusDB	METHYLATION	Arg methylation	Homo sapiens (Human)	Q96AE4:R361	Q96AE4:R361	True	external_methyl_table
Q96AE4	Q96AE4	Q96AE4	False	FUBP1	R	363	R363	di	Rme2	True	PGGRGRGRGQGNWNM	GR(di)GR(di)GQGNWNMGPPGGLQEFNFIVPTGK, GR(di)GR(di)GQGNWNMGPPGGLQEFNFIVPTGK, GR(di)GR(di)GQGNWNMGPPGGLQEFNFIVPTGK	ProMetheusDB_mmc2	ProMetheusDB	METHYLATION	Arg methylation	Homo sapiens (Human)	Q96AE4:R363	Q96AE4:R363	True	external_methyl_table
Q96I24	Q96I24	Q96I24	False	FUBP3	R	337	R337	me	Rme1	True	FGGLAAARGRGRGRG	DGFGGLAAAR(me)GR, DGFGGLAAAR(me)GR(me), DGFGGLAAAR(me)	ProMetheusDB_mmc2	ProMetheusDB	METHYLATION	Arg methylation	Homo sapiens (Human)	Q96I24:R337	Q96I24:R337	True	external_methyl_table
Q96I24	Q96I24	Q96I24	False	FUBP3	R	408	R408	me	Rme1	True	NLRRFTIRGVPQQIE	FTIR(me)GVPQQIEVAR	ProMetheusDB_mmc2	ProMetheusDB	METHYLATION	Arg methylation	Homo sapiens (Human)	Q96I24:R408	Q96I24:R408	True	external_methyl_table
Q96I24	Q96I24	Q96I24	False	FUBP3	R	339	R339	me	Rme1	True	GLAAARGRGRGRGDW	DGFGGLAAAR(me)GR(me)	ProMetheusDB_mmc2	ProMetheusDB	METHYLATION	Arg methylation	Homo sapiens (Human)	Q96I24:R339	Q96I24:R339	True	external_methyl_table
P35637	P35637	P35637	False	FUS	R	218	R218	di	Rme2	True	QDRGGRGRGGSGGGG	GGR(di)GR(di)GGSGGGGGGGGGGYNR(me), GGR(me)GR(di)GGSGGGGGGGGGGYNR, GR(di)GGSGGGGGGGGGGYNR, GGR(di)GR(di)GGSGGGGGGGGGGYNR	ProMetheusDB_mmc2	ProMetheusDB	METHYLATION	Arg methylation	Homo sapiens (Human)	P35637:R218	P35637:R218	True	external_methyl_table
P35637	P35637	P35637	False	FUS	R	216	R216	di	Rme2	True	GQQDRGGRGRGGSGG	GGR(di)GR(di)GGSGGGGGGGGGGYNR(me), GGR(di)GR(di)GGSGGGGGGGGGGYNR	ProMetheusDB_mmc2	ProMetheusDB	METHYLATION	Arg methylation	Homo sapiens (Human)	P35637:R216	P35637:R216	True	external_methyl_table
P35637	P35637	P35637	False	FUS	R	407	R407	di	Rme2	True	GGSGGGGRGGFPSGG	GGYGGGGSGGGGR(di)GGFPSGGGGGGGQQR, R(di)GGYGGGGSGGGGR(di)GGFPSGGGGGGGQQ, GGPMGR(di)GGYGGGGSGGGGR(di)GGFPSGGGGGGGQQR	ProMetheusDB_mmc2	ProMetheusDB	METHYLATION	Arg methylation	Homo sapiens (Human)	P35637:R407	P35637:R407	True	external_methyl_table
P35637	P35637	P35637	False	FUS	R	503	R503	di	Rme2	True	GGRGGGDRGGFGPGK	GGGDR(di)GGFGPGK	ProMetheusDB_mmc2	ProMetheusDB	METHYLATION	Arg methylation	Homo sapiens (Human)	P35637:R503	P35637:R503	True	external_methyl_table
P35637	P35637	P35637	False	FUS	R	242	R242	me	Rme1	True	SSGGYEPRGRGGGRG	SSGGYEPR(me)	ProMetheusDB_mmc2	ProMetheusDB	METHYLATION	Arg methylation	Homo sapiens (Human)	P35637:R242	P35637:R242	True	external_methyl_table
P35637	P35637	P35637	False	FUS	R	503	R503	me	Rme1	True	GGRGGGDRGGFGPGK	GGGDR(me)GGFGPGK	ProMetheusDB_mmc2	ProMetheusDB	METHYLATION	Arg methylation	Homo sapiens (Human)	P35637:R503	P35637:R503	True	external_methyl_table
P35637	P35637	P35637	False	FUS	R	234	R234	me	Rme1	True	GGGGGYNRSSGGYEP	GGR(di)GR(di)GGSGGGGGGGGGGYNR(me)	ProMetheusDB_mmc2	ProMetheusDB	METHYLATION	Arg methylation	Homo sapiens (Human)	P35637:R234	P35637:R234	True	external_methyl_table
P35637	P35637	P35637	False	FUS	R	242	R242	di	Rme2	True	SSGGYEPRGRGGGRG	SSGGYEPR(di)GR(di)	ProMetheusDB_mmc2	ProMetheusDB	METHYLATION	Arg methylation	Homo sapiens (Human)	P35637:R242	P35637:R242	True	external_methyl_table
P35637	P35637	P35637	False	FUS	R	244	R244	di	Rme2	True	GGYEPRGRGGGRGGR	SSGGYEPR(di)GR(di)	ProMetheusDB_mmc2	ProMetheusDB	METHYLATION	Arg methylation	Homo sapiens (Human)	P35637:R244	P35637:R244	True	external_methyl_table
P35637	P35637	P35637	False	FUS	R	216	R216	me	Rme1	True	GQQDRGGRGRGGSGG	GGR(me)GR(di)GGSGGGGGGGGGGYNR	ProMetheusDB_mmc2	ProMetheusDB	METHYLATION	Arg methylation	Homo sapiens (Human)	P35637:R216	P35637:R216	True	external_methyl_table
P35637	P35637	P35637	False	FUS	R	371	R371	me	Rme1	True	IKVSFATRRADFNRG	VSFATR(me)R	ProMetheusDB_mmc2	ProMetheusDB	METHYLATION	Arg methylation	Homo sapiens (Human)	P35637:R371	P35637:R371	True	external_methyl_table
P35637	P35637	P35637	False	FUS	R	491	R491	di	Rme2	True	YRGRGGDRGGFRGGR	GGDR(di)GGFR(di)GGR(di)GGGDR	ProMetheusDB_mmc2	ProMetheusDB	METHYLATION	Arg methylation	Homo sapiens (Human)	P35637:R491	P35637:R491	True	external_methyl_table
P35637	P35637	P35637	False	FUS	R	495	R495	di	Rme2	True	GGDRGGFRGGRGGGD	GGDR(di)GGFR(di)GGR(di)GGGDR	ProMetheusDB_mmc2	ProMetheusDB	METHYLATION	Arg methylation	Homo sapiens (Human)	P35637:R495	P35637:R495	True	external_methyl_table
P35637	P35637	P35637	False	FUS	R	498	R498	di	Rme2	True	RGGFRGGRGGGDRGG	GGDR(di)GGFR(di)GGR(di)GGGDR	ProMetheusDB_mmc2	ProMetheusDB	METHYLATION	Arg methylation	Homo sapiens (Human)	P35637:R498	P35637:R498	True	external_methyl_table
P35637	P35637	P35637	False	FUS	R	394	R394	di	Rme2	True	GRGGPMGRGGYGGGG	R(di)GGYGGGGSGGGGR(di)GGFPSGGGGGGGQQ, GGPMGR(di)GGYGGGGSGGGGR(di)GGFPSGGGGGGGQQR	ProMetheusDB_mmc2	ProMetheusDB	METHYLATION	Arg methylation	Homo sapiens (Human)	P35637:R394	P35637:R394	True	external_methyl_table
P51114	P51114	P51114	False	FXR1	R	453	R453	di	Rme2	True	GRSVSGGRGRGGPRG	SVSGGR(di)GR(di)GGPRGGK(di), SVSGGR(di)GR(di)GGPR(me)GGK(me), SVSGGR(di)GR(di)GGPR(di)GGK	ProMetheusDB_mmc2	ProMetheusDB	METHYLATION	Arg methylation	Homo sapiens (Human)	P51114:R453	P51114:R453	True	external_methyl_table
P51114	P51114	P51114	False	FXR1	R	455	R455	di	Rme2	True	SVSGGRGRGGPRGGK	SVSGGR(di)GR(di)GGPRGGK(di), SVSGGR(di)GR(di)GGPR(me)GGK(me), SVSGGR(di)GR(di)GGPR(di)GGK	ProMetheusDB_mmc2	ProMetheusDB	METHYLATION	Arg methylation	Homo sapiens (Human)	P51114:R455	P51114:R455	True	external_methyl_table
P51114	P51114	P51114	False	FXR1	R	459	R459	di	Rme2	True	GRGRGGPRGGKSSIS	SVSGGR(di)GR(di)GGPR(di)GGK	ProMetheusDB_mmc2	ProMetheusDB	METHYLATION	Arg methylation	Homo sapiens (Human)	P51114:R459	P51114:R459	True	external_methyl_table
P51114	P51114	P51114	False	FXR1	R	459	R459	me	Rme1	True	GRGRGGPRGGKSSIS	SVSGGR(di)GR(di)GGPR(me)GGK(me)	ProMetheusDB_mmc2	ProMetheusDB	METHYLATION	Arg methylation	Homo sapiens (Human)	P51114:R459	P51114:R459	True	external_methyl_table
P51114	P51114	P51114	False	FXR1	R	386	R386	di	Rme2	True	GSRSYSGRGRGRRGP	SYSGR(di)GR(di)GR	ProMetheusDB_mmc2	ProMetheusDB	METHYLATION	Arg methylation	Homo sapiens (Human)	P51114:R386	P51114:R386	True	external_methyl_table
P51114	P51114	P51114	False	FXR1	R	388	R388	di	Rme2	True	RSYSGRGRGRRGPNY	SYSGR(di)GR(di)GR	ProMetheusDB_mmc2	ProMetheusDB	METHYLATION	Arg methylation	Homo sapiens (Human)	P51114:R388	P51114:R388	True	external_methyl_table
P51116	P51116	P51116	False	FXR2	R	399	R399	me	Rme1	True	FRPPGSGRGSGGSDK	QIGLGFRPPGSGR(me)GSGGSDK	ProMetheusDB_mmc2	ProMetheusDB	METHYLATION	Arg methylation	Homo sapiens (Human)	P51116:R399	P51116:R399	True	external_methyl_table
P51116	P51116	P51116	False	FXR2	R	399	R399	di	Rme2	True	FRPPGSGRGSGGSDK	QIGLGFRPPGSGR(di)GSGGSDK	ProMetheusDB_mmc2	ProMetheusDB	METHYLATION	Arg methylation	Homo sapiens (Human)	P51116:R399	P51116:R399	True	external_methyl_table
Q13283	Q13283	Q13283	False	G3BP1	R	460	R460	di	Rme2	True	KPGFGVGRGLAPRQ_	PGFGVGR(di)GLAPR, GGMVQKPGFGVGR(di)GLAPR, GPPR(me)GGMVQKPGFGVGR(di)GLAPR	ProMetheusDB_mmc2	ProMetheusDB	METHYLATION	Arg methylation	Homo sapiens (Human)	Q13283:R460	Q13283:R460	True	external_methyl_table
Q13283	Q13283	Q13283	False	G3BP1	R	435	R435	di	Rme2	True	LRGPGGPRGGLGGGM	GPGGPR(di)GGLGGGM(me)R, RGPGGPR(di)GGLGGGM, LRGPGGPR(di)GGLGGGMR, LR(me)GPGGPR(di)GGLGGGMR, GPGGPR(di)GGLGGGMR, GPGGPR(di)GGLGGGMR, GPGGPR(di)GGLGGGMR, LR(me)GPGGPR(di)GGLGGGMR, LRGPGGPR(di)GGLGGGM(me)R, LRGPGGPR(di)GGLGGGMR	ProMetheusDB_mmc2	ProMetheusDB	METHYLATION	Arg methylation	Homo sapiens (Human)	Q13283:R435	Q13283:R435	True	external_methyl_table
Q13283	Q13283	Q13283	False	G3BP1	R	435	R435	me	Rme1	True	LRGPGGPRGGLGGGM	LRGPGGPR(me)GGLGGGMRGPPR, GPGGPR(me)GGLGGGMR, LR(me)GPGGPR(me)GGLGGGM(me)R, R(me)GPGGPR(me)GGLGGGM, GPGGPR(me)GGLGGGMR, R(me)GPGGPR(me)GGLGGGM(me), LRGPGGPR(me)GGLGGGMRGPPR, LR(me)GPGGPR(me)GGLGGGMR, LRGPGGPR(me)GGLGGGMR, GPGGPR(me)GGLGGGM(me)R, LRGPGGPR(me)GGLGGGMR, LRGPGGPR(me)GGLGGGM(me)R, GPGGPR(me)GGLGGGMR, LRGPGGPR(me)GGLGGGMR	ProMetheusDB_mmc2	ProMetheusDB	METHYLATION	Arg methylation	Homo sapiens (Human)	Q13283:R435	Q13283:R435	True	external_methyl_table
Q13283	Q13283	Q13283	False	G3BP1	R	460	R460	me	Rme1	True	KPGFGVGRGLAPRQ_	GGMVQKPGFGVGR(me)GLAPR, GPPR(me)GGMVQKPGFGVGR(me)GLAPR, GGMVQKPGFGVGR(me)GLAPR, GGMVQKPGFGVGR(me)GLAPR(me), GPPR(me)GGM(me)VQKPGFGVGR(me)GLAPR, GPPR(me)GGMVQKPGFGVGR(me)GLAPR(me), GGMVQKPGFGVGR(me)GLAPR(me), GGMVQKPGFGVGR(me)GLAPR(me)	ProMetheusDB_mmc2	ProMetheusDB	METHYLATION	Arg methylation	Homo sapiens (Human)	Q13283:R460	Q13283:R460	True	external_methyl_table
Q13283	Q13283	Q13283	False	G3BP1	R	465	R465	me	Rme1	True	VGRGLAPRQ______	GPPR(me)GGMVQKPGFGVGR(me)GLAPR(me), GGMVQKPGFGVGR(me)GLAPR(me), GGMVQKPGFGVGR(me)GLAPR(me), GGMVQKPGFGVGR(me)GLAPR(me)	ProMetheusDB_mmc2	ProMetheusDB	METHYLATION	Arg methylation	Homo sapiens (Human)	Q13283:R465	Q13283:R465	True	external_methyl_table
Q13283	Q13283	Q13283	False	G3BP1	R	447	R447	me	Rme1	True	GGMRGPPRGGMVQKP	GPPR(me)GGMVQKPGFGVGR(me)GLAPR, GPPR(me)GGM(me)VQKPGFGVGR(me)GLAPR, GPPR(me)GGMVQKPGFGVGR(me)GLAPR(me), GPPR(me)GGMVQK, GPPR(me)GGMVQKPGFGVGR(di)GLAPR	ProMetheusDB_mmc2	ProMetheusDB	METHYLATION	Arg methylation	Homo sapiens (Human)	Q13283:R447	Q13283:R447	True	external_methyl_table
Q13283	Q13283	Q13283	False	G3BP1	R	429	R429	me	Rme1	True	DRRDNRLRGPGGPRG	LR(me)GPGGPR(me)GGLGGGM(me)R, R(me)GPGGPR(me)GGLGGGM, R(me)GPGGPR(me)GGLGGGM(me), LR(me)GPGGPR(di)GGLGGGMR, LR(me)GPGGPR(me)GGLGGGMR, LR(me)GPGGPR(di)GGLGGGMR	ProMetheusDB_mmc2	ProMetheusDB	METHYLATION	Arg methylation	Homo sapiens (Human)	Q13283:R429	Q13283:R429	True	external_methyl_table
Q9UN86	Q9UN86	Q9UN86	False	G3BP2	R	468	R468	me	Rme1	True	AQKLGSGRGTGQMEG	LGSGR(me)GTGQMEGR, LGSGR(me)GTGQMEGR, LGSGR(me)GTGQM(me)EGR, LGSGR(me)GTGQMEGR	ProMetheusDB_mmc2	ProMetheusDB	METHYLATION	Arg methylation	Homo sapiens (Human)	Q9UN86:R468	Q9UN86:R468	True	external_methyl_table
Q9UN86	Q9UN86	Q9UN86	False	G3BP2	R	468	R468	di	Rme2	True	AQKLGSGRGTGQMEG	LGSGR(di)GTGQM(me)EGR, LGSGR(di)GTGQMEGR, LGSGR(di)GTGQMEGR	ProMetheusDB_mmc2	ProMetheusDB	METHYLATION	Arg methylation	Homo sapiens (Human)	Q9UN86:R468	Q9UN86:R468	True	external_methyl_table
Q9UN86	Q9UN86	Q9UN86	False	G3BP2	R	457	R457	me	Rme1	True	DGRGPPPRGGMAQKL	GPPPR(me)GGMAQK	ProMetheusDB_mmc2	ProMetheusDB	METHYLATION	Arg methylation	Homo sapiens (Human)	Q9UN86:R457	Q9UN86:R457	True	external_methyl_table
A1L429	A1L429	A1L429	False	GAGE12B	R	13	R13	me	Rme1	True	RSTYYWPRPRRYVQP	STYYWPR(me)PR(me)	ProMetheusDB_mmc2	ProMetheusDB	METHYLATION	Arg methylation	Homo sapiens (Human)	A1L429:R13	A1L429:R13	True	external_methyl_table
A1L429	A1L429	A1L429	False	GAGE12B	R	15	R15	me	Rme1	True	TYYWPRPRRYVQPPE	STYYWPR(me)PR(me)	ProMetheusDB_mmc2	ProMetheusDB	METHYLATION	Arg methylation	Homo sapiens (Human)	A1L429:R15	A1L429:R15	True	external_methyl_table
Q86YP4	Q86YP4	Q86YP4	False	GATAD2A	R	293	R293	me	Rme1	True	IIQQGLIRVANVPNT	IIQQGLIR(me)	ProMetheusDB_mmc2	ProMetheusDB	METHYLATION	Arg methylation	Homo sapiens (Human)	Q86YP4:R293	Q86YP4:R293	True	external_methyl_table
Q86YP4	Q86YP4	Q86YP4	False	GATAD2A	R	258	R258	me	Rme1	True	AQQIHSIRQHSSTGP	GAQQIHSIR(me)QHSSTGPPPLLLAPR(me)	ProMetheusDB_mmc2	ProMetheusDB	METHYLATION	Arg methylation	Homo sapiens (Human)	Q86YP4:R258	Q86YP4:R258	True	external_methyl_table
Q86YP4	Q86YP4	Q86YP4	False	GATAD2A	R	273	R273	me	Rme1	True	PPLLLAPRASVPSVQ	GAQQIHSIR(me)QHSSTGPPPLLLAPR(me), R(me)ASVPSVQIQGQ	ProMetheusDB_mmc2	ProMetheusDB	METHYLATION	Arg methylation	Homo sapiens (Human)	Q86YP4:R273	Q86YP4:R273	True	external_methyl_table
Q86YP4	Q86YP4	Q86YP4	False	GATAD2A	R	539	R539	me	Rme1	True	RGSATTPRGVLHTFS	GSATTPR(me)GVLHTFSPSPK, R(me)GVLHTFSPSP	ProMetheusDB_mmc2	ProMetheusDB	METHYLATION	Arg methylation	Homo sapiens (Human)	Q86YP4:R539	Q86YP4:R539	True	external_methyl_table
Q86YP4	Q86YP4	Q86YP4	False	GATAD2A	R	249	R249	me	Rme1	True	VVMPPLVRGAQQIHS	LGPQASSQVVMPPLVR(me), LGPQASSQVVM(me)PPLVR(me)	ProMetheusDB_mmc2	ProMetheusDB	METHYLATION	Arg methylation	Homo sapiens (Human)	Q86YP4:R249	Q86YP4:R249	True	external_methyl_table
Q8WXI9	Q8WXI9	Q8WXI9	False	GATAD2B	R	286	R286	me	Rme1	True	PPKPGLVRTTTPNMN	R(me)TTTPNMNPAINYQPQSSSSVPCQ, R(me)TTTPNMNPAINYQPQSSSSVPCQ	ProMetheusDB_mmc2	ProMetheusDB	METHYLATION	Arg methylation	Homo sapiens (Human)	Q8WXI9:R286	Q8WXI9:R286	True	external_methyl_table
Q8WXI9	Q8WXI9	Q8WXI9	False	GATAD2B	R	478	R478	me	Rme1	True	QEQEIEQRLQQQAAL	ALQQEQEIEQR(me)	ProMetheusDB_mmc2	ProMetheusDB	METHYLATION	Arg methylation	Homo sapiens (Human)	Q8WXI9:R478	Q8WXI9:R478	True	external_methyl_table
Q6Y7W6	Q6Y7W6	Q6Y7W6	False	GIGYF2	R	149	R149	me	Rme1	True	EVEGVFGRGGGREMH	RSFDEVEGVFGR(me)GGG, SFDEVEGVFGR(me)GGGR(me), SFDEVEGVFGR(me)GGGR, SFDEVEGVFGR(me)	ProMetheusDB_mmc2	ProMetheusDB	METHYLATION	Arg methylation	Homo sapiens (Human)	Q6Y7W6:R149	Q6Y7W6:R149	True	external_methyl_table
Q6Y7W6	Q6Y7W6	Q6Y7W6	False	GIGYF2	R	153	R153	me	Rme1	True	VFGRGGGREMHRSQS	SFDEVEGVFGR(me)GGGR(me)	ProMetheusDB_mmc2	ProMetheusDB	METHYLATION	Arg methylation	Homo sapiens (Human)	Q6Y7W6:R153	Q6Y7W6:R153	True	external_methyl_table
Q6Y7W6	Q6Y7W6	Q6Y7W6	False	GIGYF2	R	149	R149	di	Rme2	True	EVEGVFGRGGGREMH	SFDEVEGVFGR(di)GGGR	ProMetheusDB_mmc2	ProMetheusDB	METHYLATION	Arg methylation	Homo sapiens (Human)	Q6Y7W6:R149	Q6Y7W6:R149	True	external_methyl_table
Q6Y7W6	Q6Y7W6	Q6Y7W6	False	GIGYF2	R	107	R107	me	Rme1	True	AVLRLTGRGGGGTVV	LTGR(me)GGGGTVVGAPR(me)GR(me)	ProMetheusDB_mmc2	ProMetheusDB	METHYLATION	Arg methylation	Homo sapiens (Human)	Q6Y7W6:R107	Q6Y7W6:R107	True	external_methyl_table
Q6Y7W6	Q6Y7W6	Q6Y7W6	False	GIGYF2	R	118	R118	me	Rme1	True	GTVVGAPRGRSSSRG	LTGR(me)GGGGTVVGAPR(me)GR(me)	ProMetheusDB_mmc2	ProMetheusDB	METHYLATION	Arg methylation	Homo sapiens (Human)	Q6Y7W6:R118	Q6Y7W6:R118	True	external_methyl_table
Q6Y7W6	Q6Y7W6	Q6Y7W6	False	GIGYF2	R	120	R120	me	Rme1	True	VVGAPRGRSSSRGRG	LTGR(me)GGGGTVVGAPR(me)GR(me)	ProMetheusDB_mmc2	ProMetheusDB	METHYLATION	Arg methylation	Homo sapiens (Human)	Q6Y7W6:R120	Q6Y7W6:R120	True	external_methyl_table
O14908	O14908	O14908	False	GIPC1	R	240	R240	me	Rme1	True	GPQLGTGRGTLRLRS	SAGGRPGSGPQLGTGR(me)GTLR	ProMetheusDB_mmc2	ProMetheusDB	METHYLATION	Arg methylation	Homo sapiens (Human)	O14908:R240	O14908:R240	True	external_methyl_table
P10070	P10070	P10070	False	GLI2	R	916	R916	me	Rme1	True	ERMSLRTRLALLDAP	TR(me)LALLDAPER	ProMetheusDB_mmc2	ProMetheusDB	METHYLATION	Arg methylation	Homo sapiens (Human)	P10070:R916	P10070:R916	True	external_methyl_table
P10070	P10070	P10070	False	GLI2	R	1397	R1397	me	Rme1	True	QQQLAYARATGHAMA	AVQQQLAYAR(me)	ProMetheusDB_mmc2	ProMetheusDB	METHYLATION	Arg methylation	Homo sapiens (Human)	P10070:R1397	P10070:R1397	True	external_methyl_table
P10070	P10070	P10070	False	GLI2	R	910	R910	me	Rme1	True	TPLPGLERMSLRTRL	YAAATGGPPPTPLPGLER(me)MSLR(me), YAAATGGPPPTPLPGLER(me)MSLR(me)	ProMetheusDB_mmc2	ProMetheusDB	METHYLATION	Arg methylation	Homo sapiens (Human)	P10070:R910	P10070:R910	True	external_methyl_table
P10070	P10070	P10070	False	GLI2	R	914	R914	me	Rme1	True	GLERMSLRTRLALLD	YAAATGGPPPTPLPGLER(me)MSLR(me), YAAATGGPPPTPLPGLER(me)MSLR(me)	ProMetheusDB_mmc2	ProMetheusDB	METHYLATION	Arg methylation	Homo sapiens (Human)	P10070:R914	P10070:R914	True	external_methyl_table
P10070	P10070	P10070	False	GLI2	R	916	R916	di	Rme2	True	ERMSLRTRLALLDAP	TR(di)LALLDAPER	ProMetheusDB_mmc2	ProMetheusDB	METHYLATION	Arg methylation	Homo sapiens (Human)	P10070:R916	P10070:R916	True	external_methyl_table
P10070	P10070	P10070	False	GLI2	R	890	R890	me	Rme1	True	PAQQYSLRAKYAAAT	SSEASQCSGGSGLLNLTPAQQYSLR(me)	ProMetheusDB_mmc2	ProMetheusDB	METHYLATION	Arg methylation	Homo sapiens (Human)	P10070:R890	P10070:R890	True	external_methyl_table
Q9P107	Q9P107	Q9P107	False	GMIP	R	905	R905	me	Rme1	True	TPITSVPRGSLRGRG	LCEETPITSVPR(me)GSLR(me)	ProMetheusDB_mmc2	ProMetheusDB	METHYLATION	Arg methylation	Homo sapiens (Human)	Q9P107:R905	Q9P107:R905	True	external_methyl_table
Q9P107	Q9P107	Q9P107	False	GMIP	R	909	R909	me	Rme1	True	SVPRGSLRGRGPSPA	LCEETPITSVPR(me)GSLR(me)	ProMetheusDB_mmc2	ProMetheusDB	METHYLATION	Arg methylation	Homo sapiens (Human)	Q9P107:R909	Q9P107:R909	True	external_methyl_table
P04899	P04899	P04899	False	GNAI2	R	15	R15	me	Rme1	True	EDKAAAERSKMIDKN	GCTVSAEDK(me)AAAER(me)SK(me)MIDK(tr)	ProMetheusDB_mmc2	ProMetheusDB	METHYLATION	Arg methylation	Homo sapiens (Human)	P04899:R15	P04899:R15	True	external_methyl_table
Q13227	Q13227	Q13227	False	GPS2	R	312	R312	di	Rme2	True	ATSQPGPRLPFIQHS	SGFAATSQPGPR(di)LPFIQHSQNPR(me)FYHK(me)	ProMetheusDB_mmc2	ProMetheusDB	METHYLATION	Arg methylation	Homo sapiens (Human)	Q13227:R312	Q13227:R312	True	external_methyl_table
Q13227	Q13227	Q13227	False	GPS2	R	323	R323	me	Rme1	True	IQHSQNPRFYHK___	SGFAATSQPGPR(di)LPFIQHSQNPR(me)FYHK(me)	ProMetheusDB_mmc2	ProMetheusDB	METHYLATION	Arg methylation	Homo sapiens (Human)	Q13227:R323	Q13227:R323	True	external_methyl_table
Q9BQ67	Q9BQ67	Q9BQ67	False	GRWD1	R	319	R319	me	Rme1	True	NVISWSRREPFLLSG	R(me)EPFLLSGGDDGALK	ProMetheusDB_mmc2	ProMetheusDB	METHYLATION	Arg methylation	Homo sapiens (Human)	Q9BQ67:R319	Q9BQ67:R319	True	external_methyl_table
Q14687	Q14687	Q14687	False	GSE1	R	232	R232	me	Rme1	True	YHTTDDLRMSSLPPL	SFRPYHTTDDLR(me)	ProMetheusDB_mmc2	ProMetheusDB	METHYLATION	Arg methylation	Homo sapiens (Human)	Q14687:R232	Q14687:R232	True	external_methyl_table
Q8WUA4	Q8WUA4	Q8WUA4	False	GTF3C2	R	867	R867	me	Rme1	True	LVRIHFVRGLASPLG	IHFVR(me)GLASPLGHR	ProMetheusDB_mmc2	ProMetheusDB	METHYLATION	Arg methylation	Homo sapiens (Human)	Q8WUA4:R867	Q8WUA4:R867	True	external_methyl_table
P04908	P04908	P04908	False	H2AC4	R	21	R21	me	Rme1	True	KAKTRSSRAGLQFPV	SSR(me)AGLQFPVGR	ProMetheusDB_mmc2	ProMetheusDB	METHYLATION	Arg methylation	Homo sapiens (Human)	P04908:R21	P04908:R21	True	external_methyl_table
O60814	O60814	O60814	False	H2BC12	R	73	R73	me	Rme1	True	FVNDIFERIAGEASR	AMGIMNSFVNDIFER(me)	ProMetheusDB_mmc2	ProMetheusDB	METHYLATION	Arg methylation	Homo sapiens (Human)	O60814:R73	O60814:R73	True	external_methyl_table
P84243	P84243	P84243	False	H3	R	41	R41	me	Rme1	True	GGVKKPHRYRPGTVA	SAPSTGGVK(me)K(me)PHR(me)	ProMetheusDB_mmc2	ProMetheusDB	METHYLATION	Arg methylation	Homo sapiens (Human)	P84243:R41	P84243:R41	True	external_methyl_table
P68431	P68431	P68431	False	H3C1	R	41	R41	me	Rme1	True	GGVKKPHRYRPGTVA	KSAPATGGVK(me)K(me)PHR(me), SAPATGGVK(me)K(me)PHR(me)	ProMetheusDB_mmc2	ProMetheusDB	METHYLATION	Arg methylation	Homo sapiens (Human)	P68431:R41	P68431:R41	True	external_methyl_table
P51610	P51610	P51610	False	HCFC1	R	847	R847	me	Rme1	True	GQPGTILRTVPMGGV	GAPGQPGTILR(me)	ProMetheusDB_mmc2	ProMetheusDB	METHYLATION	Arg methylation	Homo sapiens (Human)	P51610:R847	P51610:R847	True	external_methyl_table
P51610	P51610	P51610	False	HCFC1	R	524	R524	me	Rme1	True	TSLPAGVRMVVPTQS	APVTVTSLPAGVR(me)	ProMetheusDB_mmc2	ProMetheusDB	METHYLATION	Arg methylation	Homo sapiens (Human)	P51610:R524	P51610:R524	True	external_methyl_table
P51610	P51610	P51610	False	HCFC1	R	1219	R1219	di	Rme2	True	APLSSKVRLSSPSIK	VR(di)LSSPSIK, VR(di)LSSPSIKDLPAGR	ProMetheusDB_mmc2	ProMetheusDB	METHYLATION	Arg methylation	Homo sapiens (Human)	P51610:R1219	P51610:R1219	True	external_methyl_table
P51610	P51610	P51610	False	HCFC1	R	504	R504	di	Rme2	True	GTPLVTMRPASQAGK	VTGPQATTGTPLVTMR(di)PASQAGK	ProMetheusDB_mmc2	ProMetheusDB	METHYLATION	Arg methylation	Homo sapiens (Human)	P51610:R504	P51610:R504	True	external_methyl_table
P51610	P51610	P51610	False	HCFC1	R	1219	R1219	me	Rme1	True	APLSSKVRLSSPSIK	VR(me)LSSPSIKDLPAGR	ProMetheusDB_mmc2	ProMetheusDB	METHYLATION	Arg methylation	Homo sapiens (Human)	P51610:R1219	P51610:R1219	True	external_methyl_table
P51610	P51610	P51610	False	HCFC1	R	504	R504	me	Rme1	True	GTPLVTMRPASQAGK	VTGPQATTGTPLVTMR(me)PASQAGK(me)	ProMetheusDB_mmc2	ProMetheusDB	METHYLATION	Arg methylation	Homo sapiens (Human)	P51610:R504	P51610:R504	True	external_methyl_table
Q14527	Q14527	Q14527	False	HLTF	R	27	R27	di	Rme2	True	GVHGNFPRLSYPTFF	YLQTVQYGVHGNFPR(di)LSYPTFFPR	ProMetheusDB_mmc2	ProMetheusDB	METHYLATION	Arg methylation	Homo sapiens (Human)	Q14527:R27	Q14527:R27	True	external_methyl_table
Q14527	Q14527	Q14527	False	HLTF	R	27	R27	me	Rme1	True	GVHGNFPRLSYPTFF	YLQTVQYGVHGNFPR(me), YLQTVQYGVHGNFPR(me)LSYPTFFPR(me)	ProMetheusDB_mmc2	ProMetheusDB	METHYLATION	Arg methylation	Homo sapiens (Human)	Q14527:R27	Q14527:R27	True	external_methyl_table
Q14527	Q14527	Q14527	False	HLTF	R	36	R36	me	Rme1	True	SYPTFFPRFEFQDVI	YLQTVQYGVHGNFPR(me)LSYPTFFPR(me)	ProMetheusDB_mmc2	ProMetheusDB	METHYLATION	Arg methylation	Homo sapiens (Human)	Q14527:R36	Q14527:R36	True	external_methyl_table
Q13151	Q13151	Q13151	False	HNRNPA0	R	291	R291	me	Rme1	True	RSNSGPYRGGYGGGG	SNSGPYR(me)GGYGGGGGYGGSSF	ProMetheusDB_mmc2	ProMetheusDB	METHYLATION	Arg methylation	Homo sapiens (Human)	Q13151:R291	Q13151:R291	True	external_methyl_table
Q13151	Q13151	Q13151	False	HNRNPA0	R	291	R291	di	Rme2	True	RSNSGPYRGGYGGGG	SNSGPYR(di)GGYGGGGGYGGSSF, RSNSGPYR(di)GGYGGGGGYGGSSF	ProMetheusDB_mmc2	ProMetheusDB	METHYLATION	Arg methylation	Homo sapiens (Human)	Q13151:R291	Q13151:R291	True	external_methyl_table
Q13151	Q13151	Q13151	False	HNRNPA0	R	189	R189	me	Rme1	True	GGGGGGSRSSRGGRG	AVPKEDIYSGGGGGGSR(me)	ProMetheusDB_mmc2	ProMetheusDB	METHYLATION	Arg methylation	Homo sapiens (Human)	Q13151:R189	Q13151:R189	True	external_methyl_table
P09651	P09651	P09651	False	HNRNPA1	R	206	R206	me	Rme1	True	SGNFGGGRGGGFGGN	R(me)GGGFGGNDNFGR(me)GGNFSG, R(me)GGGFGGNDNFG, SGSGNFGGGR(me)GGGFGGNDNFGR(me)GGNFSGR(me)GGFGGSR(me), SGSGNFGGGR(me), SGSGNFGGGR(me)GGGFGGNDNFGR, SGSGNFGGGR(me)GGGFGGNDNFGR(me), GRSGSGNFGGGR(me)GGGFGGNDNFGR, RSGSGNFGGGR(me)GGGFGGNDNFG	ProMetheusDB_mmc2	ProMetheusDB	METHYLATION	Arg methylation	Homo sapiens (Human)	P09651:R206	P09651:R206	True	external_methyl_table
P09651	P09651	P09651	False	HNRNPA1	R	352	R352	me	Rme1	True	GQYFAKPRNQGGYGG	SSGPYGGGGQYFAKPR(me), PR(me)NQGGYGGSSSSSSYGSGR	ProMetheusDB_mmc2	ProMetheusDB	METHYLATION	Arg methylation	Homo sapiens (Human)	P09651:R352	P09651:R352	True	external_methyl_table
P09651	P09651	P09651	False	HNRNPA1	R	336	R336	me	Rme1	True	KGGNFGGRSSGPYGG	GGNFGGR(me)SSGPYGGGGQYFAKPR, GGNFGGR(me)SSGPYGGGGQYFAK	ProMetheusDB_mmc2	ProMetheusDB	METHYLATION	Arg methylation	Homo sapiens (Human)	P09651:R336	P09651:R336	True	external_methyl_table
P09651	P09651	P09651	False	HNRNPA1	R	194	R194	me	Rme1	True	ASASSSQRGRSGSGN	QEM(me)ASASSSQR(me)GR(me), QEMASASSSQR(me)GR(me), ALSKQEMASASSSQR(me)GR(me), QEMASASSSQR(me)GR(me), ALSKQEMASASSSQR(me)GR(me), ALSKQEM(me)ASASSSQR(me)GR(me), KALSKQEM(me)ASASSSQR(me)GR(me), QEMASASSSQR(me)GR, QEM(me)ASASSSQR(me)GR, KALSKQEMASASSSQR(me)GR(me), QEMASASSSQR(me)GR(me), QEMASASSSQR(me), QEMASASSSQR(me)GR	ProMetheusDB_mmc2	ProMetheusDB	METHYLATION	Arg methylation	Homo sapiens (Human)	P09651:R194	P09651:R194	True	external_methyl_table
P09651	P09651	P09651	False	HNRNPA1	R	206	R206	di	Rme2	True	SGNFGGGRGGGFGGN	SGSGNFGGGR(di)GGGFGGNDNFGR(me)GGNFSGR(di)GGFGGSR, RSGSGNFGGGR(di)GGGFGGNDNFGR(di)GGNFSGR(di)GGFGGS, SGSGNFGGGR(di)GGGFGGNDNFGR(di)GGNFSGR(di)GGFGGSR, SGSGNFGGGR(di)GGGFGGNDNFGR(di)GGNFSGR(di)GGFGGSR(me), SGSGNFGGGR(di), SGSGNFGGGR(di)GGGFGGNDNFGR(di)GGNFSGR(me)GGFGGSR(me), SGSGNFGGGR(di)GGGFGGNDNFGR(di)GGNFSGR(di), SGSGNFGGGR(di)GGGFGGNDNFGR(di), SGSGNFGGGR(di)GGGFGGNDNFGR(me), SGSGNFGGGR(di)GGGFGGNDNFGR, SGSGNFGGGR(di)GGGFGGNDNFGR(me)GGNFSGR(me)GGFGGSR(me)	ProMetheusDB_mmc2	ProMetheusDB	METHYLATION	Arg methylation	Homo sapiens (Human)	P09651:R206	P09651:R206	True	external_methyl_table
P09651	P09651	P09651	False	HNRNPA1	R	218	R218	me	Rme1	True	GGNDNFGRGGNFSGR	SGSGNFGGGR(di)GGGFGGNDNFGR(me)GGNFSGR(di)GGFGGSR, SGSGNFGGGR(di)GGGFGGNDNFGR(me), R(me)GGNFSGR(di)GGFGGS, R(me)GGGFGGNDNFGR(me)GGNFSG, GGGFGGNDNFGR(me)GGNFSGR(me)GGFGGSR(me), SGSGNFGGGR(me)GGGFGGNDNFGR(me)GGNFSGR(me)GGFGGSR(me), GGGFGGNDNFGR(me)GGNFSGR, SGSGNFGGGR(me)GGGFGGNDNFGR(me), GGGFGGNDNFGR(me)GGNFSGR(di)GGFGGSR, SGSGNFGGGR(di)GGGFGGNDNFGR(me)GGNFSGR(me)GGFGGSR(me)	ProMetheusDB_mmc2	ProMetheusDB	METHYLATION	Arg methylation	Homo sapiens (Human)	P09651:R218	P09651:R218	True	external_methyl_table
P09651	P09651	P09651	False	HNRNPA1	R	225	R225	me	Rme1	True	RGGNFSGRGGFGGSR	SGSGNFGGGR(di)GGGFGGNDNFGR(di)GGNFSGR(me)GGFGGSR(me), GGGFGGNDNFGR(me)GGNFSGR(me)GGFGGSR(me), SGSGNFGGGR(me)GGGFGGNDNFGR(me)GGNFSGR(me)GGFGGSR(me), GGNFSGR(me)GGFGGSR(me), GGNFSGR(me)GGFGGSR, SGSGNFGGGR(di)GGGFGGNDNFGR(me)GGNFSGR(me)GGFGGSR(me)	ProMetheusDB_mmc2	ProMetheusDB	METHYLATION	Arg methylation	Homo sapiens (Human)	P09651:R225	P09651:R225	True	external_methyl_table
P09651	P09651	P09651	False	HNRNPA1	R	370	R370	me	Rme1	True	SSSYGSGRRF_____	NQGGYGGSSSSSSYGSGR(me)R(me)F, NQGGYGGSSSSSSYGSGR(me), NQGGYGGSSSSSSYGSGR(me)R, RNQGGYGGSSSSSSYGSGR(me)	ProMetheusDB_mmc2	ProMetheusDB	METHYLATION	Arg methylation	Homo sapiens (Human)	P09651:R370	P09651:R370	True	external_methyl_table
P09651	P09651	P09651	False	HNRNPA1	R	194	R194	di	Rme2	True	ASASSSQRGRSGSGN	QEMASASSSQR(di)GR, KALSKQEMASASSSQR(di)GR, QEMASASSSQR(di)GR(me), QEMASASSSQR(di)GR, QEM(me)ASASSSQR(di)GR(me), QEMASASSSQR(di)GR, QEMASASSSQR(di)GR(me), ALSKQEMASASSSQR(di)GR, ALSKQEMASASSSQR(di)GR, QEM(me)ASASSSQR(di)GR	ProMetheusDB_mmc2	ProMetheusDB	METHYLATION	Arg methylation	Homo sapiens (Human)	P09651:R194	P09651:R194	True	external_methyl_table
P09651	P09651	P09651	False	HNRNPA1	R	196	R196	me	Rme1	True	ASSSQRGRSGSGNFG	QEM(me)ASASSSQR(me)GR(me), QEMASASSSQR(di)GR(me), QEMASASSSQR(me)GR(me), ALSKQEMASASSSQR(me)GR(me), QEMASASSSQR(me)GR(me), ALSKQEMASASSSQR(me)GR(me), QEM(me)ASASSSQR(di)GR(me), KALSKQEM(me)ASASSSQR(me)GR(me), QEMASASSSQR(di)GR(me), KALSKQEMASASSSQR(me)GR(me), QEMASASSSQR(me)GR(me), ALSKQEM(me)ASASSSQR(me)GR(me)	ProMetheusDB_mmc2	ProMetheusDB	METHYLATION	Arg methylation	Homo sapiens (Human)	P09651:R196	P09651:R196	True	external_methyl_table
P09651	P09651	P09651	False	HNRNPA1	R	218	R218	di	Rme2	True	GGNDNFGRGGNFSGR	RSGSGNFGGGR(di)GGGFGGNDNFGR(di)GGNFSGR(di)GGFGGS, SGSGNFGGGR(di)GGGFGGNDNFGR(di)GGNFSGR(di)GGFGGSR, SGSGNFGGGR(di)GGGFGGNDNFGR(di)GGNFSGR(me)GGFGGSR(me), SGSGNFGGGR(di)GGGFGGNDNFGR(di)GGNFSGR(di), SGSGNFGGGR(di)GGGFGGNDNFGR(di), SGSGNFGGGR(di)GGGFGGNDNFGR(di)GGNFSGR(di)GGFGGSR(me)	ProMetheusDB_mmc2	ProMetheusDB	METHYLATION	Arg methylation	Homo sapiens (Human)	P09651:R218	P09651:R218	True	external_methyl_table
P09651	P09651	P09651	False	HNRNPA1	R	225	R225	di	Rme2	True	RGGNFSGRGGFGGSR	SGSGNFGGGR(di)GGGFGGNDNFGR(me)GGNFSGR(di)GGFGGSR, RSGSGNFGGGR(di)GGGFGGNDNFGR(di)GGNFSGR(di)GGFGGS, SGSGNFGGGR(di)GGGFGGNDNFGR(di)GGNFSGR(di)GGFGGSR, GGNFSGR(di)GGFGGSR, R(me)GGNFSGR(di)GGFGGS, GGNFSGR(di)GGFGGSR(me), SGSGNFGGGR(di)GGGFGGNDNFGR(di)GGNFSGR(di), GGGFGGNDNFGR(me)GGNFSGR(di)GGFGGSR, SGSGNFGGGR(di)GGGFGGNDNFGR(di)GGNFSGR(di)GGFGGSR(me)	ProMetheusDB_mmc2	ProMetheusDB	METHYLATION	Arg methylation	Homo sapiens (Human)	P09651:R225	P09651:R225	True	external_methyl_table
P09651	P09651	P09651	False	HNRNPA1	R	232	R232	me	Rme1	True	RGGFGGSRGGGGYGG	GGNFSGR(di)GGFGGSR(me), R(me)GGGGYGGSGDGYNGFGNDGGYGGGGPGYSGGS, SGSGNFGGGR(di)GGGFGGNDNFGR(di)GGNFSGR(me)GGFGGSR(me), GGGFGGNDNFGR(me)GGNFSGR(me)GGFGGSR(me), SGSGNFGGGR(me)GGGFGGNDNFGR(me)GGNFSGR(me)GGFGGSR(me), GGNFSGR(me)GGFGGSR(me), SGSGNFGGGR(di)GGGFGGNDNFGR(me)GGNFSGR(me)GGFGGSR(me), SGSGNFGGGR(di)GGGFGGNDNFGR(di)GGNFSGR(di)GGFGGSR(me)	ProMetheusDB_mmc2	ProMetheusDB	METHYLATION	Arg methylation	Homo sapiens (Human)	P09651:R232	P09651:R232	True	external_methyl_table
P09651	P09651	P09651	False	HNRNPA1	R	371	R371	me	Rme1	True	SSYGSGRRF______	NQGGYGGSSSSSSYGSGR(me)R(me)F	ProMetheusDB_mmc2	ProMetheusDB	METHYLATION	Arg methylation	Homo sapiens (Human)	P09651:R371	P09651:R371	True	external_methyl_table
P09651	P09651	P09651	False	HNRNPA1	R	196	R196	di	Rme2	True	ASSSQRGRSGSGNFG	ALSKQEMASASSSQRGR(di)	ProMetheusDB_mmc2	ProMetheusDB	METHYLATION	Arg methylation	Homo sapiens (Human)	P09651:R196	P09651:R196	True	external_methyl_table
P22626	P22626	P22626	False	HNRNPA2B1	R	266	R266	me	Rme1	True	SPGYGGGRGGYGGGG	GFGDGYNGYGGGPGGGNFGGSPGYGGGR(me), GGSDGYGSGR(me)GFGDGYNGYGGGPGGGNFGGSPGYGGGR(me)	ProMetheusDB_mmc2	ProMetheusDB	METHYLATION	Arg methylation	Homo sapiens (Human)	P22626:R266	P22626:R266	True	external_methyl_table
P22626	P22626	P22626	False	HNRNPA2B1	R	213	R213	me	Rme1	True	NFGFGDSRGGGGNFG	SGRGGNFGFGDSR(me)GGGGNFGPGPGSNFR, SGR(di)GGNFGFGDSR(me), GGNFGFGDSR(me)GGGGNFGPGPGSNFR, SGR(me)GGNFGFGDSR(me)GGGGNFGPGPGSNFR(me)GGSDGYGSGR, GGNFGFGDSR(me), SGR(me)GGNFGFGDSR(me)GGGGNFGPGPGSNFRGGSDGYGSGR, R(me)GGGGNFGPGPGSNF, SGR(me)GGNFGFGDSR(me), RGGNFGFGDSR(me)GGGGNFGPGPGSNF, SGR(me)GGNFGFGDSR(me)GGGGNFGPGPGSNFR, SGR(di)GGNFGFGDSR(me)GGGGNFGPGPGSNFR, R(me)SGR(me)GGNFGFGDSR(me)GGGGNFGPGPGSNF, GGNFGFGDSR(me)GGGGNFGPGPGSNFR(me), GGNFGFGDSR(me)GGGGNFGPGPGSNFR(me)GGSDGYGSGR, R(me)GGNFGFGDSR(me)GGGGNFGPGPGSNF	ProMetheusDB_mmc2	ProMetheusDB	METHYLATION	Arg methylation	Homo sapiens (Human)	P22626:R213	P22626:R213	True	external_methyl_table
P22626	P22626	P22626	False	HNRNPA2B1	R	238	R238	me	Rme1	True	SDGYGSGRGFGDGYN	GGGGNFGPGPGSNFR(me)GGSDGYGSGR(me), GGSDGYGSGR(me)GFGDGYNGYGGGPGGGNFGGSPGYGGGR, R(me)GFGDGYNGYGGGPGGGNFGGSPGYGGG, GGSDGYGSGR(me)GFGDGYNGYGGGPGGGNFGGSPGYGGGR(me)	ProMetheusDB_mmc2	ProMetheusDB	METHYLATION	Arg methylation	Homo sapiens (Human)	P22626:R238	P22626:R238	True	external_methyl_table
P22626	P22626	P22626	False	HNRNPA2B1	R	228	R228	me	Rme1	True	PGPGSNFRGGSDGYG	SGR(me)GGNFGFGDSR(me)GGGGNFGPGPGSNFR(me)GGSDGYGSGR, GGGGNFGPGPGSNFR(me), SGR(me)GGNFGFGDSR(di)GGGGNFGPGPGSNFR(me)GGSDGYGSGR, GGGGNFGPGPGSNFR(me)GGSDGYGSGR, SGR(di)GGNFGFGDSR(di)GGGGNFGPGPGSNFR(me)GGSDGYGSGR, GGGGNFGPGPGSNFR(me)GGSDGYGSGR(me), GGNFGFGDSR(me)GGGGNFGPGPGSNFR(me), GGNFGFGDSR(me)GGGGNFGPGPGSNFR(me)GGSDGYGSGR, GGNFGFGDSR(di)GGGGNFGPGPGSNFR(me)GGSDGYGSGR, GGNFGFGDSR(di)GGGGNFGPGPGSNFR(me)	ProMetheusDB_mmc2	ProMetheusDB	METHYLATION	Arg methylation	Homo sapiens (Human)	P22626:R228	P22626:R228	True	external_methyl_table
P22626	P22626	P22626	False	HNRNPA2B1	R	213	R213	di	Rme2	True	NFGFGDSRGGGGNFG	R(me)GGNFGFGDSR(di)GGGGNFGPGPGSNF, SGR(me)GGNFGFGDSR(di)GGGGNFGPGPGSNFR(me)GGSDGYGSGR, SGR(me)GGNFGFGDSR(di)GGGGNFGPGPGSNFR, SGR(di)GGNFGFGDSR(di)GGGGNFGPGPGSNFR(me)GGSDGYGSGR, GGNFGFGDSR(di)GGGGNFGPGPGSNFR(di)GGSDGYGSGR, GGNFGFGDSR(di)GGGGNFGPGPGSNFR, GGNFGFGDSR(di)GGGGNFGPGPGSNFR(me)GGSDGYGSGR, RGGNFGFGDSR(di)GGGGNFGPGPGSNF, GGNFGFGDSR(di)GGGGNFGPGPGSNFR(me)	ProMetheusDB_mmc2	ProMetheusDB	METHYLATION	Arg methylation	Homo sapiens (Human)	P22626:R213	P22626:R213	True	external_methyl_table
P22626	P22626	P22626	False	HNRNPA2B1	R	203	R203	me	Rme1	True	VQSSRSGRGGNFGFG	R(me)GGNFGFGDSR(di)GGGGNFGPGPGSNF, SGR(me)GGNFGFGDSR(me)GGGGNFGPGPGSNFR(me)GGSDGYGSGR, SGR(me)GGNFGFGDSR(me)GGGGNFGPGPGSNFRGGSDGYGSGR, R(me)GGNFGFGDS, SGR(me)GGNFGFGDSR(me), SGR(me)GGNFGFGDSR(di)GGGGNFGPGPGSNFR(me)GGSDGYGSGR, SGR(me)GGNFGFGDSR(di)GGGGNFGPGPGSNFR, SGR(me)GGNFGFGDSR(me)GGGGNFGPGPGSNFR, SGR(me)GGNFGFGDSR, R(me)SGR(me)GGNFGFGDSR(me)GGGGNFGPGPGSNF, R(me)GGNFGFGDSRGGGGNFGPGPGSNF, R(me)GGNFGFGDSR(me)GGGGNFGPGPGSNF, R(me)SGR(me)GGNFGFGDS	ProMetheusDB_mmc2	ProMetheusDB	METHYLATION	Arg methylation	Homo sapiens (Human)	P22626:R203	P22626:R203	True	external_methyl_table
P22626	P22626	P22626	False	HNRNPA2B1	R	325	R325	me	Rme1	True	SGNFGGSRNMGGPYG	SGNFGGSR(me)NMGGPYGGGNYGPGGSGGSGGYGGR, SGNFGGSR(me)NM(me)GGPYGGGNYGPGGSGGSGGYGGR, SGNFGGSR(me)NMGGPYGGGNYGPGGSGGSGGYGGR, SGNFGGSR(me)NMGGPYGGGNYGPGGSGGSGGYGGR	ProMetheusDB_mmc2	ProMetheusDB	METHYLATION	Arg methylation	Homo sapiens (Human)	P22626:R325	P22626:R325	True	external_methyl_table
P22626	P22626	P22626	False	HNRNPA2B1	R	203	R203	di	Rme2	True	VQSSRSGRGGNFGFG	SGR(di)GGNFGFGDSR(di)GGGGNFGPGPGSNFR(me)GGSDGYGSGR, SGR(di)GGNFGFGDSR(me)GGGGNFGPGPGSNFR, SGR(di)GGNFGFGDSR(me), SGR(di)GGNFGFGDSR	ProMetheusDB_mmc2	ProMetheusDB	METHYLATION	Arg methylation	Homo sapiens (Human)	P22626:R203	P22626:R203	True	external_methyl_table
P22626	P22626	P22626	False	HNRNPA2B1	R	153	R153	me	Rme1	True	DRQSGKKRGFGFVTF	R(me)GFGFVTFDDHDPVDK	ProMetheusDB_mmc2	ProMetheusDB	METHYLATION	Arg methylation	Homo sapiens (Human)	P22626:R153	P22626:R153	True	external_methyl_table
P22626	P22626	P22626	False	HNRNPA2B1	R	228	R228	di	Rme2	True	PGPGSNFRGGSDGYG	GGGGNFGPGPGSNFR(di)GGSDGYGSGR, GGNFGFGDSR(di)GGGGNFGPGPGSNFR(di)GGSDGYGSGR	ProMetheusDB_mmc2	ProMetheusDB	METHYLATION	Arg methylation	Homo sapiens (Human)	P22626:R228	P22626:R228	True	external_methyl_table
P22626	P22626	P22626	False	HNRNPA2B1	R	350	R350	me	Rme1	True	GSGGYGGRSRY____	NM(me)GGPYGGGNYGPGGSGGSGGYGGR(me), RNMGGPYGGGNYGPGGSGGSGGYGGR(me)S, NMGGPYGGGNYGPGGSGGSGGYGGR(me), NMGGPYGGGNYGPGGSGGSGGYGGR(me), RNMGGPYGGGNYGPGGSGGSGGYGGR(me)S, RNM(me)GGPYGGGNYGPGGSGGSGGYGGR(me)S	ProMetheusDB_mmc2	ProMetheusDB	METHYLATION	Arg methylation	Homo sapiens (Human)	P22626:R350	P22626:R350	True	external_methyl_table
P22626	P22626	P22626	False	HNRNPA2B1	R	200	R200	me	Rme1	True	MQEVQSSRSGRGGNF	R(me)SGR(me)GGNFGFGDS, R(me)SGR(me)GGNFGFGDSR(me)GGGGNFGPGPGSNF	ProMetheusDB_mmc2	ProMetheusDB	METHYLATION	Arg methylation	Homo sapiens (Human)	P22626:R200	P22626:R200	True	external_methyl_table
P51991	P51991	P51991	False	HNRNPA3	R	286	R286	me	Rme1	True	GGPGYSSRGGYGGGG	GSYGGGDGGYNGFGGDGGNYGGGPGYSSR(me)	ProMetheusDB_mmc2	ProMetheusDB	METHYLATION	Arg methylation	Homo sapiens (Human)	P51991:R286	P51991:R286	True	external_methyl_table
P51991	P51991	P51991	False	HNRNPA3	R	226	R226	me	Rme1	True	GSGNFMGRGGNFGGG	GGGSGNFMGR(me)GGNFGGGGGNFGR, GGGSGNFMGR(me)GGNFGGGGGNFGR, GGGSGNFMGR(me)GGNFGGGGGNFGR	ProMetheusDB_mmc2	ProMetheusDB	METHYLATION	Arg methylation	Homo sapiens (Human)	P51991:R226	P51991:R226	True	external_methyl_table
P51991	P51991	P51991	False	HNRNPA3	R	214	R214	me	Rme1	True	MQSAGSQRGRGGGSG	QEMQSAGSQR(me), QEMQSAGSQR(me), QEMQSAGSQR(me)	ProMetheusDB_mmc2	ProMetheusDB	METHYLATION	Arg methylation	Homo sapiens (Human)	P51991:R214	P51991:R214	True	external_methyl_table
P51991	P51991	P51991	False	HNRNPA3	R	354	R354	me	Rme1	True	KGGSFGGRSSGSPYG	R(me)SSGSPYGGGYGSGGGSGGYGSR(me), GGSFGGR(me)SSGSPYGGGYGSGGGSGGYGSR	ProMetheusDB_mmc2	ProMetheusDB	METHYLATION	Arg methylation	Homo sapiens (Human)	P51991:R354	P51991:R354	True	external_methyl_table
P51991	P51991	P51991	False	HNRNPA3	R	246	R246	di	Rme2	True	RGGNFGGRGGYGGGG	GGNFGGR(di)GGYGGGGGGSR	ProMetheusDB_mmc2	ProMetheusDB	METHYLATION	Arg methylation	Homo sapiens (Human)	P51991:R246	P51991:R246	True	external_methyl_table
P51991	P51991	P51991	False	HNRNPA3	R	216	R216	me	Rme1	True	SAGSQRGRGGGSGNF	GR(me)GGGSGNFMGR, GR(me)GGGSGNFMGR(di)GGNFGGGGGNFGR, GR(me)GGGSGNFM(me)GR(di)GGNFGGGGGNFGR, GR(me)GGGSGNFMGR	ProMetheusDB_mmc2	ProMetheusDB	METHYLATION	Arg methylation	Homo sapiens (Human)	P51991:R216	P51991:R216	True	external_methyl_table
P51991	P51991	P51991	False	HNRNPA3	R	226	R226	di	Rme2	True	GSGNFMGRGGNFGGG	GR(me)GGGSGNFMGR(di)GGNFGGGGGNFGR, GR(me)GGGSGNFM(me)GR(di)GGNFGGGGGNFGR	ProMetheusDB_mmc2	ProMetheusDB	METHYLATION	Arg methylation	Homo sapiens (Human)	P51991:R226	P51991:R226	True	external_methyl_table
P51991	P51991	P51991	False	HNRNPA3	R	376	R376	me	Rme1	True	GSGGYGSRRF_____	RSSGSPYGGGYGSGGGSGGYGSR(me), SSGSPYGGGYGSGGGSGGYGSR(me)R(me)F, R(me)SSGSPYGGGYGSGGGSGGYGSR(me)	ProMetheusDB_mmc2	ProMetheusDB	METHYLATION	Arg methylation	Homo sapiens (Human)	P51991:R376	P51991:R376	True	external_methyl_table
P51991	P51991	P51991	False	HNRNPA3	R	257	R257	me	Rme1	True	GGGGGGSRGSYGGGD	R(me)GSYGGGDGGYNGFGGDGGNYGGGPGYSS	ProMetheusDB_mmc2	ProMetheusDB	METHYLATION	Arg methylation	Homo sapiens (Human)	P51991:R257	P51991:R257	True	external_methyl_table
P51991	P51991	P51991	False	HNRNPA3	R	377	R377	me	Rme1	True	SGGYGSRRF______	SSGSPYGGGYGSGGGSGGYGSR(me)R(me)F	ProMetheusDB_mmc2	ProMetheusDB	METHYLATION	Arg methylation	Homo sapiens (Human)	P51991:R377	P51991:R377	True	external_methyl_table
P51991	P51991	P51991	False	HNRNPA3	R	161	R161	me	Rme1	True	TIEVMEDRQSGKKRG	IETIEVMEDR(me)	ProMetheusDB_mmc2	ProMetheusDB	METHYLATION	Arg methylation	Homo sapiens (Human)	P51991:R161	P51991:R161	True	external_methyl_table
Q99729	Q99729	Q99729	False	HNRNPAB	R	245	R245	me	Rme1	True	QQYGSGGRGNRNRGN	EVYQQQQYGSGGR(me)GNR(me), EVYQQQQYGSGGR(me), KEVYQQQQYGSGGR(me)GN, EVYQQQQYGSGGR(me)GNR	ProMetheusDB_mmc2	ProMetheusDB	METHYLATION	Arg methylation	Homo sapiens (Human)	Q99729:R245	Q99729:R245	True	external_methyl_table
Q99729	Q99729	Q99729	False	HNRNPAB	R	322	R322	me	Rme1	True	NYGKSQRRGGHQNNY	R(me)GGHQNNYKPY	ProMetheusDB_mmc2	ProMetheusDB	METHYLATION	Arg methylation	Homo sapiens (Human)	Q99729:R322	Q99729:R322	True	external_methyl_table
Q99729	Q99729	Q99729	False	HNRNPAB	R	322	R322	di	Rme2	True	NYGKSQRRGGHQNNY	R(di)GGHQNNYKPY	ProMetheusDB_mmc2	ProMetheusDB	METHYLATION	Arg methylation	Homo sapiens (Human)	Q99729:R322	Q99729:R322	True	external_methyl_table
Q99729	Q99729	Q99729	False	HNRNPAB	R	248	R248	me	Rme1	True	GSGGRGNRNRGNRGS	EVYQQQQYGSGGR(me)GNR(me)	ProMetheusDB_mmc2	ProMetheusDB	METHYLATION	Arg methylation	Homo sapiens (Human)	Q99729:R248	Q99729:R248	True	external_methyl_table
Q99729-3	Q99729-3	Q99729	True	HNRNPAB	R	253	R253	me	Rme1	True	GNRNRGNRGSGGGGG	GNR(me)GSGGGGGGGGQGSTNYGK	ProMetheusDB_mmc2	ProMetheusDB	METHYLATION	Arg methylation	Homo sapiens (Human)	Q99729-3:R253	Q99729:R253	True	external_methyl_table
Q14103	Q14103	Q14103	False	HNRNPD	R	272	R272	me	Rme1	True	QQQQWGSRGGFAGRA	EQYQQQQQWGSR(me), EQYQQQQQWGSR(me)GGFAGR(me), EQYQQQQQWGSR(me)GGFAGR(me)AR(me), EQYQQQQQWGSR(me)GGFAGR, EQYQQQQQWGSR(me)GGFAGR(me)AR(me)GR(me), KEQYQQQQQWGSR(me)GGFAG	ProMetheusDB_mmc2	ProMetheusDB	METHYLATION	Arg methylation	Homo sapiens (Human)	Q14103:R272	Q14103:R272	True	external_methyl_table
Q14103	Q14103	Q14103	False	HNRNPD	R	278	R278	me	Rme1	True	SRGGFAGRARGRGGG	EQYQQQQQWGSR(me)GGFAGR(me)AR(me)GR(me), EQYQQQQQWGSR(me)GGFAGR(me), EQYQQQQQWGSR(me)GGFAGR(me)AR(me), EQYQQQQQWGSR(di)GGFAGR(me)	ProMetheusDB_mmc2	ProMetheusDB	METHYLATION	Arg methylation	Homo sapiens (Human)	Q14103:R278	Q14103:R278	True	external_methyl_table
Q14103	Q14103	Q14103	False	HNRNPD	R	280	R280	me	Rme1	True	GGFAGRARGRGGGPS	EQYQQQQQWGSR(me)GGFAGR(me)AR(me)GR(me), EQYQQQQQWGSR(me)GGFAGR(me)AR(me)	ProMetheusDB_mmc2	ProMetheusDB	METHYLATION	Arg methylation	Homo sapiens (Human)	Q14103:R280	Q14103:R280	True	external_methyl_table
Q14103	Q14103	Q14103	False	HNRNPD	R	272	R272	di	Rme2	True	QQQQWGSRGGFAGRA	KEQYQQQQQWGSR(di)GGFAGR(di)A, KEQYQQQQQWGSR(di)GGFAG, EQYQQQQQWGSR(di)GGFAGR, EQYQQQQQWGSR(di)GGFAGR(me), EQYQQQQQWGSR(di)GGFAGR(di), EQYQQQQQWGSR(di)GGFAGR(di)AR(di)	ProMetheusDB_mmc2	ProMetheusDB	METHYLATION	Arg methylation	Homo sapiens (Human)	Q14103:R272	Q14103:R272	True	external_methyl_table
Q14103	Q14103	Q14103	False	HNRNPD	R	345	R345	di	Rme2	True	GYGKVSRRGGHQNSY	R(di)GGHQNSYKPY	ProMetheusDB_mmc2	ProMetheusDB	METHYLATION	Arg methylation	Homo sapiens (Human)	Q14103:R345	Q14103:R345	True	external_methyl_table
Q14103	Q14103	Q14103	False	HNRNPD	R	345	R345	me	Rme1	True	GYGKVSRRGGHQNSY	R(me)R(me)GGHQNSY, R(me)GGHQNSYKPY	ProMetheusDB_mmc2	ProMetheusDB	METHYLATION	Arg methylation	Homo sapiens (Human)	Q14103:R345	Q14103:R345	True	external_methyl_table
Q14103	Q14103	Q14103	False	HNRNPD	R	278	R278	di	Rme2	True	SRGGFAGRARGRGGG	EQYQQQQQWGSR(di)GGFAGR(di), KEQYQQQQQWGSR(di)GGFAGR(di)A, EQYQQQQQWGSR(di)GGFAGR(di)AR(di), GGFAGR(di)AR(di)GR(me)	ProMetheusDB_mmc2	ProMetheusDB	METHYLATION	Arg methylation	Homo sapiens (Human)	Q14103:R278	Q14103:R278	True	external_methyl_table
Q14103	Q14103	Q14103	False	HNRNPD	R	280	R280	di	Rme2	True	GGFAGRARGRGGGPS	EQYQQQQQWGSR(di)GGFAGR(di)AR(di), GGFAGR(di)AR(di)GR(me)	ProMetheusDB_mmc2	ProMetheusDB	METHYLATION	Arg methylation	Homo sapiens (Human)	Q14103:R280	Q14103:R280	True	external_methyl_table
Q14103	Q14103	Q14103	False	HNRNPD	R	282	R282	me	Rme1	True	FAGRARGRGGGPSQN	EQYQQQQQWGSR(me)GGFAGR(me)AR(me)GR(me), GGFAGR(di)AR(di)GR(me)	ProMetheusDB_mmc2	ProMetheusDB	METHYLATION	Arg methylation	Homo sapiens (Human)	Q14103:R282	Q14103:R282	True	external_methyl_table
Q14103-3	Q14103-3	Q14103	True	HNRNPD	R	278	R278	di	Rme2	True	SRGGFAGRARGRGGD	GGFAGR(di)AR(di)GR(di)GGDQQSGYGK	ProMetheusDB_mmc2	ProMetheusDB	METHYLATION	Arg methylation	Homo sapiens (Human)	Q14103-3:R278	Q14103:R278	True	external_methyl_table
Q14103-3	Q14103-3	Q14103	True	HNRNPD	R	280	R280	di	Rme2	True	GGFAGRARGRGGDQQ	AR(di)GR(me)GGDQQSGYGK, AR(di)GR(di)GGDQQSGYGK, GGFAGR(di)AR(di)GR(di)GGDQQSGYGK	ProMetheusDB_mmc2	ProMetheusDB	METHYLATION	Arg methylation	Homo sapiens (Human)	Q14103-3:R280	Q14103:R280	True	external_methyl_table
Q14103-3	Q14103-3	Q14103	True	HNRNPD	R	282	R282	di	Rme2	True	FAGRARGRGGDQQSG	AR(di)GR(di)GGDQQSGYGK, GGFAGR(di)AR(di)GR(di)GGDQQSGYGK	ProMetheusDB_mmc2	ProMetheusDB	METHYLATION	Arg methylation	Homo sapiens (Human)	Q14103-3:R282	Q14103:R282	True	external_methyl_table
Q14103-3	Q14103-3	Q14103	True	HNRNPD	R	280	R280	me	Rme1	True	GGFAGRARGRGGDQQ	GGFAGR(me)AR(me)GR(me)GGDQQSGYGK, AR(me)GR(me)GGDQQSGYGK	ProMetheusDB_mmc2	ProMetheusDB	METHYLATION	Arg methylation	Homo sapiens (Human)	Q14103-3:R280	Q14103:R280	True	external_methyl_table
Q14103-3	Q14103-3	Q14103	True	HNRNPD	R	282	R282	me	Rme1	True	FAGRARGRGGDQQSG	GGFAGR(me)AR(me)GR(me)GGDQQSGYGK, AR(me)GR(me)GGDQQSGYGK, AR(di)GR(me)GGDQQSGYGK	ProMetheusDB_mmc2	ProMetheusDB	METHYLATION	Arg methylation	Homo sapiens (Human)	Q14103-3:R282	Q14103:R282	True	external_methyl_table
Q14103-3	Q14103-3	Q14103	True	HNRNPD	R	278	R278	me	Rme1	True	SRGGFAGRARGRGGD	GGFAGR(me)AR(me)GR(me)GGDQQSGYGK	ProMetheusDB_mmc2	ProMetheusDB	METHYLATION	Arg methylation	Homo sapiens (Human)	Q14103-3:R278	Q14103:R278	True	external_methyl_table
Q14103	Q14103	Q14103	False	HNRNPD	R	344	R344	me	Rme1	True	SGYGKVSRRGGHQNS	R(me)R(me)GGHQNSY	ProMetheusDB_mmc2	ProMetheusDB	METHYLATION	Arg methylation	Homo sapiens (Human)	Q14103:R344	Q14103:R344	True	external_methyl_table
O14979	O14979	O14979	False	HNRNPDL	R	408	R408	me	Rme1	True	STYGKASRGGGNHQN	ASR(me)GGGNHQNNYQPY	ProMetheusDB_mmc2	ProMetheusDB	METHYLATION	Arg methylation	Homo sapiens (Human)	O14979:R408	O14979:R408	True	external_methyl_table
O14979	O14979	O14979	False	HNRNPDL	R	408	R408	di	Rme2	True	STYGKASRGGGNHQN	ASR(di)GGGNHQNNYQPY	ProMetheusDB_mmc2	ProMetheusDB	METHYLATION	Arg methylation	Homo sapiens (Human)	O14979:R408	O14979:R408	True	external_methyl_table
P52597	P52597	P52597	False	HNRNPF	R	212	R212	me	Rme1	True	QRPGPYDRPGTARRY	RPGPYDR(me)PGTA, FMSVQRPGPYDR(me)PGTAR, FMSVQRPGPYDR(me)PGTAR	ProMetheusDB_mmc2	ProMetheusDB	METHYLATION	Arg methylation	Homo sapiens (Human)	P52597:R212	P52597:R212	True	external_methyl_table
P31943	P31943	P31943	False	HNRNPH1	R	233	R233	me	Rme1	True	AGFERMRRGAYGGGY	R(me)GAYGGGYGGYDDYNGYNDGYGFGSDR	ProMetheusDB_mmc2	ProMetheusDB	METHYLATION	Arg methylation	Homo sapiens (Human)	P31943:R233	P31943:R233	True	external_methyl_table
P31943	P31943	P31943	False	HNRNPH1	R	233	R233	di	Rme2	True	AGFERMRRGAYGGGY	R(di)GAYGGGYGGYDDYNGYNDGYGFGSDR	ProMetheusDB_mmc2	ProMetheusDB	METHYLATION	Arg methylation	Homo sapiens (Human)	P31943:R233	P31943:R233	True	external_methyl_table
P31943	P31943	P31943	False	HNRNPH1	R	217	R217	di	Rme2	True	YDRPGAGRGYNSIGR	RPGAGR(di)GYNSIGR(di)GAGFE, PGPYDRPGAGR(di)GYNSIGR(di)GAGFER, PGAGR(di)GYNSIGR(di)GAGFER, PGPYDRPGAGR(di)GYNSIGR(me)GAGFER(me), PGPYDR(di)PGAGR(di)GYNSIGRGAGFER, PGAGR(di)GYNSIGR(me)GAGFER(me), PGAGR(di)GYNSIGR(me)GAGFER, PGAGR(di)GYNSIGR(me), R(di)GYNSIGR(di)GAGFE	ProMetheusDB_mmc2	ProMetheusDB	METHYLATION	Arg methylation	Homo sapiens (Human)	P31943:R217	P31943:R217	True	external_methyl_table
P31943	P31943	P31943	False	HNRNPH1	R	224	R224	di	Rme2	True	RGYNSIGRGAGFERM	RPGAGR(di)GYNSIGR(di)GAGFE, R(me)GYNSIGR(di)GAGFE, PGPYDRPGAGR(di)GYNSIGR(di)GAGFER, PGAGR(di)GYNSIGR(di)GAGFER, GYNSIGR(di)GAGFER, R(di)GYNSIGR(di)GAGFE, PGPYDR(me)PGAGR(me)GYNSIGR(di)GAGFER, R(me)PGAGR(me)GYNSIGR(di)GAGFE	ProMetheusDB_mmc2	ProMetheusDB	METHYLATION	Arg methylation	Homo sapiens (Human)	P31943:R224	P31943:R224	True	external_methyl_table
P31943	P31943	P31943	False	HNRNPH1	R	224	R224	me	Rme1	True	RGYNSIGRGAGFERM	PGPYDRPGAGR(di)GYNSIGR(me)GAGFER(me), GYNSIGR(me)GAGFER, PGPYDR(me)PGAGR(me)GYNSIGR(me), PGPYDR(me)PGAGR(me)GYNSIGR(me)GAGFER(me), R(me)GYNSIGR(me)GAGFE, PGAGR(me)GYNSIGR(me), PGAGR(di)GYNSIGR(me)GAGFER(me), PGAGR(di)GYNSIGR(me)GAGFER, PGAGR(di)GYNSIGR(me), RGYNSIGR(me)GAGFE	ProMetheusDB_mmc2	ProMetheusDB	METHYLATION	Arg methylation	Homo sapiens (Human)	P31943:R224	P31943:R224	True	external_methyl_table
P31943	P31943	P31943	False	HNRNPH1	R	217	R217	me	Rme1	True	YDRPGAGRGYNSIGR	R(me)GYNSIGR(di)GAGFE, PGPYDRPGAGR(me)GYNSIGR, PGPYDR(me)PGAGR(me)GYNSIGR(me), PGPYDR(me)PGAGR(me)GYNSIGR(me)GAGFER(me), R(me)GYNSIGR(me)GAGFE, PGAGR(me)GYNSIGR(me), PGPYDR(me)PGAGR(me)GYNSIGR(di)GAGFER, R(me)PGAGR(me)GYNSIGR(di)GAGFE	ProMetheusDB_mmc2	ProMetheusDB	METHYLATION	Arg methylation	Homo sapiens (Human)	P31943:R217	P31943:R217	True	external_methyl_table
P31943	P31943	P31943	False	HNRNPH1	R	212	R212	me	Rme1	True	QRPGPYDRPGAGRGY	PGPYDR(me)PGAGR(me)GYNSIGR(me), PGPYDR(me)PGAGR(me)GYNSIGR(me)GAGFER(me), PGPYDR(me)PGAGR(me)GYNSIGR(di)GAGFER, R(me)PGAGR(me)GYNSIGR(di)GAGFE	ProMetheusDB_mmc2	ProMetheusDB	METHYLATION	Arg methylation	Homo sapiens (Human)	P31943:R212	P31943:R212	True	external_methyl_table
P31943	P31943	P31943	False	HNRNPH1	R	230	R230	me	Rme1	True	GRGAGFERMRRGAYG	PGPYDRPGAGR(di)GYNSIGR(me)GAGFER(me), PGPYDR(me)PGAGR(me)GYNSIGR(me)GAGFER(me), PGAGR(di)GYNSIGR(me)GAGFER(me)	ProMetheusDB_mmc2	ProMetheusDB	METHYLATION	Arg methylation	Homo sapiens (Human)	P31943:R230	P31943:R230	True	external_methyl_table
P31943	P31943	P31943	False	HNRNPH1	R	212	R212	di	Rme2	True	QRPGPYDRPGAGRGY	PGPYDR(di)PGAGR(di)GYNSIGRGAGFER	ProMetheusDB_mmc2	ProMetheusDB	METHYLATION	Arg methylation	Homo sapiens (Human)	P31943:R212	P31943:R212	True	external_methyl_table
P55795	P55795	P55795	False	HNRNPH2	R	233	R233	me	Rme1	True	AGFERMRRGAYGGGY	R(me)GAYGGGYGGYDDYGGYNDGYGFGSDR	ProMetheusDB_mmc2	ProMetheusDB	METHYLATION	Arg methylation	Homo sapiens (Human)	P55795:R233	P55795:R233	True	external_methyl_table
P55795	P55795	P55795	False	HNRNPH2	R	233	R233	di	Rme2	True	AGFERMRRGAYGGGY	R(di)GAYGGGYGGYDDYGGYNDGYGFGSDR	ProMetheusDB_mmc2	ProMetheusDB	METHYLATION	Arg methylation	Homo sapiens (Human)	P55795:R233	P55795:R233	True	external_methyl_table
P31942	P31942	P31942	False	HNRNPH3	R	323	R323	me	Rme1	True	DGLGGYGRGGGGSGG	MGMGNNYSGGYGTPDGLGGYGR(me)GGGGSGGYYGQGGMSGGGWR, MGMGNNYSGGYGTPDGLGGYGR(me)GGGGSGGYYGQGGMSGGGWR, RMGMGNNYSGGYGTPDGLGGYGR(me)GGGGSGGYYGQGGMSGGGW, MGMGNNYSGGYGTPDGLGGYGR(me)GGGGSGGYYGQGGMSGGGWR, RMGMGNNYSGGYGTPDGLGGYGR(me)GGGGSGGYYGQGGMSGGGW, MGMGNNYSGGYGTPDGLGGYGR(me)GGGGSGGYYGQGGMSGGGWR, MGMGNNYSGGYGTPDGLGGYGR(me)GGGGSGGYYGQGGM(me)SGGGWR, MGMGNNYSGGYGTPDGLGGYGR(me), MGMGNNYSGGYGTPDGLGGYGR(me), MGMGNNYSGGYGTPDGLGGYGR(me), M(me)GMGNNYSGGYGTPDGLGGYGR(me), M(me)GM(me)GNNYSGGYGTPDGLGGYGR(me)GGGGSGGYYGQGGM(me)SGGGWR, MGMGNNYSGGYGTPDGLGGYGR(me)GGGGSGGYYGQGGMSGGGWR, MGMGNNYSGGYGTPDGLGGYGR(me), MGM(me)GNNYSGGYGTPDGLGGYGR(me), M(me)GM(me)GNNYSGGYGTPDGLGGYGR(me)	ProMetheusDB_mmc2	ProMetheusDB	METHYLATION	Arg methylation	Homo sapiens (Human)	P31942:R323	P31942:R323	True	external_methyl_table
P31942	P31942	P31942	False	HNRNPH3	R	301	R301	me	Rme1	True	GGYGSVGRMGMGNNY	DGMDNQGGYGSVGR(me)	ProMetheusDB_mmc2	ProMetheusDB	METHYLATION	Arg methylation	Homo sapiens (Human)	P31942:R301	P31942:R301	True	external_methyl_table
P31942	P31942	P31942	False	HNRNPH3	R	343	R343	me	Rme1	True	GMSGGGWRGMY____	GGGGSGGYYGQGGM(me)SGGGWR(me)GMY, GGGGSGGYYGQGGMSGGGWR(me)GMY, GGGGSGGYYGQGGMSGGGWR(me)GM(me)Y, MGMGNNYSGGYGTPDGLGGYGR(di)GGGGSGGYYGQGGMSGGGWR(me), GGGGSGGYYGQGGMSGGGWR(me)GMY, GGGGSGGYYGQGGMSGGGWR(me)GMY, GGGGSGGYYGQGGMSGGGWR(me)GMY, GGGGSGGYYGQGGMSGGGWR(me), GGGGSGGYYGQGGM(me)SGGGWR(me)GM(me)Y, GGGGSGGYYGQGGMSGGGWR(me)GMY	ProMetheusDB_mmc2	ProMetheusDB	METHYLATION	Arg methylation	Homo sapiens (Human)	P31942:R343	P31942:R343	True	external_methyl_table
P31942	P31942	P31942	False	HNRNPH3	R	323	R323	di	Rme2	True	DGLGGYGRGGGGSGG	MGMGNNYSGGYGTPDGLGGYGR(di)GGGGSGGYYGQGGMSGGGWR, MGMGNNYSGGYGTPDGLGGYGR(di)GGGGSGGYYGQGGMSGGGWR(me)	ProMetheusDB_mmc2	ProMetheusDB	METHYLATION	Arg methylation	Homo sapiens (Human)	P31942:R323	P31942:R323	True	external_methyl_table
P31942	P31942	P31942	False	HNRNPH3	R	121	R121	me	Rme1	True	YDRPIGGRGGYYGAG	LLGQRPGPYDRPIGGR(me), PGPYDRPIGGR(me)GGYYGAGR(me)GSM(me)YDR(me), R(me)PIGGR(me)GGYYGAGR(di)GSM(me)YD, PGPYDR(me)PIGGR(me)GGYYGAGR(me)GSM(me)YDR, PGPYDRPIGGR(me)GGYYGAGR(me), PGPYDRPIGGR(me)GGYYGAGR, PGPYDRPIGGR(me), PGPYDRPIGGR(me)GGYYGAGR(me)GSMYDR(me), R(me)PIGGR(me)GGYYGAGR(me)GSMYD, PGPYDR(me)PIGGR(me)GGYYGAGR(di)GSMYDR, PGPYDR(me)PIGGR(me)GGYYGAGR, PIGGR(me)GGYYGAGR, R(me)PIGGR(me)GGYYGAGR(di)GSMYD, PGPYDR(me)PIGGR(me)GGYYGAGR(me)	ProMetheusDB_mmc2	ProMetheusDB	METHYLATION	Arg methylation	Homo sapiens (Human)	P31942:R121	P31942:R121	True	external_methyl_table
P31942	P31942	P31942	False	HNRNPH3	R	129	R129	me	Rme1	True	GGYYGAGRGSMYDRM	PGPYDRPIGGR(me)GGYYGAGR(me)GSM(me)YDR(me), GGYYGAGR(me)GSM(me)YDR, PGPYDRPIGGR(di)GGYYGAGR(me)GSMYDR, PGPYDRPIGGR(di)GGYYGAGR(me)GSMYDR, PIGGR(di)GGYYGAGR(me), GGYYGAGR(me)GSMYDR, PGPYDRPIGGR(me)GGYYGAGR(me), PIGGR(di)GGYYGAGR(me)GSMYDR, PGPYDRPIGGR(di)GGYYGAGR(me)GSMYDR(me), GGYYGAGR(me)GSMYDR, PGPYDRPIGGR(me)GGYYGAGR(me)GSMYDR(me), PGPYDRPIGGR(di)GGYYGAGR(me), PGPYDR(me)PIGGR(me)GGYYGAGR(me)GSM(me)YDR, R(me)PIGGR(me)GGYYGAGR(me)GSMYD, PIGGR(di)GGYYGAGR(me)GSMYDR(me), PGPYDR(me)PIGGR(me)GGYYGAGR(me)	ProMetheusDB_mmc2	ProMetheusDB	METHYLATION	Arg methylation	Homo sapiens (Human)	P31942:R129	P31942:R129	True	external_methyl_table
P31942	P31942	P31942	False	HNRNPH3	R	343	R343	di	Rme2	True	GMSGGGWRGMY____	GGGGSGGYYGQGGMSGGGWR(di)GMY	ProMetheusDB_mmc2	ProMetheusDB	METHYLATION	Arg methylation	Homo sapiens (Human)	P31942:R343	P31942:R343	True	external_methyl_table
P31942	P31942	P31942	False	HNRNPH3	R	121	R121	di	Rme2	True	YDRPIGGRGGYYGAG	PIGGR(di)GGYYGAGR(di)GSMYDR, PGPYDRPIGGR(di)GGYYGAGR(di)GSMYDR, PGPYDRPIGGR(di)GGYYGAGR(di)GSMYDR, RPGPYDR(me)PIGGR(di)GGYYGAGR(di)GSM(me)YD, RPGPYDR(me)PIGGR(di)GGYYGAGR(di)GSMYD, PGPYDRPIGGR(di)GGYYGAGR(me)GSMYDR, PGPYDRPIGGR(di)GGYYGAGR(me)GSMYDR, PIGGR(di)GGYYGAGR(me), PGPYDRPIGGR(di)GGYYGAGR(di)GSM(me)YDR, PGPYDRPIGGR(di)GGYYGAGR(me)GSMYDR(me), PIGGR(di)GGYYGAGR(me)GSMYDR, PGPYDRPIGGR(di)GGYYGAGR, PGPYDR(me)PIGGR(di)GGYYGAGR(di)GSMYDR, PGPYDRPIGGR(di)GGYYGAGR(me), RPIGGR(di)GGYYGAGR(di)GSMYD, RPGPYDR(me)PIGGR(di)GGYYGAG, PIGGR(di)GGYYGAGR(me)GSMYDR(me), PGPYDRPIGGR(di)GGYYGAGR(di)GSMYDR	ProMetheusDB_mmc2	ProMetheusDB	METHYLATION	Arg methylation	Homo sapiens (Human)	P31942:R121	P31942:R121	True	external_methyl_table
P31942	P31942	P31942	False	HNRNPH3	R	116	R116	me	Rme1	True	QRPGPYDRPIGGRGG	RPGPYDR(me)PIGG, RPGPYDR(me)PIGGR(di)GGYYGAGR(di)GSM(me)YD, RPGPYDR(me)PIGGR(di)GGYYGAGR(di)GSMYD, PGPYDR(me)PIGGR(me)GGYYGAGR(me)GSM(me)YDR, PGPYDR(me)PIGGR(di)GGYYGAGR(di)GSMYDR, RPGPYDR(me)PIGGR(di)GGYYGAG, PGPYDR(me)PIGGR(me)GGYYGAGR(di)GSMYDR, PGPYDR(me)PIGGR(me)GGYYGAGR, R(me)PIGGR(me)GGYYGAGR(di)GSM(me)YD, R(me)PIGGR(me)GGYYGAGR(me)GSMYD, R(me)PIGGR(me)GGYYGAGR(di)GSMYD, PGPYDR(me)PIGGR(me)GGYYGAGR(me)	ProMetheusDB_mmc2	ProMetheusDB	METHYLATION	Arg methylation	Homo sapiens (Human)	P31942:R116	P31942:R116	True	external_methyl_table
P31942	P31942	P31942	False	HNRNPH3	R	129	R129	di	Rme2	True	GGYYGAGRGSMYDRM	PIGGR(di)GGYYGAGR(di)GSMYDR, PGPYDRPIGGR(di)GGYYGAGR(di)GSMYDR, PGPYDRPIGGR(di)GGYYGAGR(di)GSMYDR, RPGPYDR(me)PIGGR(di)GGYYGAGR(di)GSM(me)YD, RPGPYDR(me)PIGGR(di)GGYYGAGR(di)GSMYD, PGPYDRPIGGR(di)GGYYGAGR(di)GSM(me)YDR, PGPYDR(me)PIGGR(di)GGYYGAGR(di)GSMYDR, PGPYDR(me)PIGGR(me)GGYYGAGR(di)GSMYDR, RPIGGR(di)GGYYGAGR(di)GSMYD, R(me)PIGGR(me)GGYYGAGR(di)GSM(me)YD, R(me)PIGGR(me)GGYYGAGR(di)GSMYD, PGPYDRPIGGR(di)GGYYGAGR(di)GSMYDR	ProMetheusDB_mmc2	ProMetheusDB	METHYLATION	Arg methylation	Homo sapiens (Human)	P31942:R129	P31942:R129	True	external_methyl_table
P31942	P31942	P31942	False	HNRNPH3	R	135	R135	me	Rme1	True	GRGSMYDRMRRGGDG	PGPYDRPIGGR(di)GGYYGAGR(me)GSMYDR(me), PGPYDRPIGGR(me)GGYYGAGR(me)GSM(me)YDR(me), PIGGR(di)GGYYGAGR(me)GSMYDR(me), PGPYDRPIGGR(me)GGYYGAGR(me)GSMYDR(me)	ProMetheusDB_mmc2	ProMetheusDB	METHYLATION	Arg methylation	Homo sapiens (Human)	P31942:R135	P31942:R135	True	external_methyl_table
P31942	P31942	P31942	False	HNRNPH3	R	174	R174	me	Rme1	True	DDRMRDGRGMGGHGY	DGR(me)GM(me)GGHGYGGAGDASSGFHGGHFVHM(me)R, DGR(me)GMGGHGYGGAGDASSGFHGGHFVHMR	ProMetheusDB_mmc2	ProMetheusDB	METHYLATION	Arg methylation	Homo sapiens (Human)	P31942:R174	P31942:R174	True	external_methyl_table
P61978	P61978	P61978	False	HNRNPK	R	316	R316	me	Rme1	True	LPPPPPPRGGDLMAY	NLPLPPPPPPR(me)GGDLMAYDR, NLPLPPPPPPR(me)GGDLMAYDRR, RNLPLPPPPPPR(me)GGDLM(me)AYD, NLPLPPPPPPR(me)GGDLMAYDRR, NLPLPPPPPPR(me), NLPLPPPPPPR(me)GGDLMAYDR, NLPLPPPPPPR(me)GGDLM(me)AYDR, NLPLPPPPPPR(me)GGDLMAYDRR, NLPLPPPPPPR(me)GGDLM(me)AYDRR, NLPLPPPPPPR(me)GGDLMAYDR, RNLPLPPPPPPR(me)GGDLMAYD	ProMetheusDB_mmc2	ProMetheusDB	METHYLATION	Arg methylation	Homo sapiens (Human)	P61978:R316	P61978:R316	True	external_methyl_table
P61978	P61978	P61978	False	HNRNPK	R	305	R305	me	Rme1	True	GRGGSRARNLPLPPP	AR(me)NLPLPPPPPPR	ProMetheusDB_mmc2	ProMetheusDB	METHYLATION	Arg methylation	Homo sapiens (Human)	P61978:R305	P61978:R305	True	external_methyl_table
P61978	P61978	P61978	False	HNRNPK	R	256	R256	di	Rme2	True	RPVGFPMRGRGGFDR	PVGFPMR(di)GR(di)GGFDR, GRPVGFPMR(di)GR(di)GGFDR, GRPVGFPM(me)R(di)GR(di)GGFDR, GRPVGFPMR(di)GR(di)GGFDR, GRPVGFPMR(di)GR(di)GGFDR, PVGFPM(me)R(di)GR(di)GGFDR, GRPVGFPM(me)R(di)GR(di)GGFDR(me), PVGFPMR(di)GR(di)GGFDR	ProMetheusDB_mmc2	ProMetheusDB	METHYLATION	Arg methylation	Homo sapiens (Human)	P61978:R256	P61978:R256	True	external_methyl_table
P61978	P61978	P61978	False	HNRNPK	R	258	R258	di	Rme2	True	VGFPMRGRGGFDRMP	PVGFPMR(di)GR(di)GGFDR, GRPVGFPMR(di)GR(di)GGFDR, GRPVGFPM(me)R(di)GR(di)GGFDR, GRPVGFPMR(di)GR(di)GGFDR, GRPVGFPMR(di)GR(di)GGFDR, PVGFPM(me)R(di)GR(di)GGFDR, GRPVGFPM(me)R(di)GR(di)GGFDR(me), PVGFPMR(di)GR(di)GGFDR	ProMetheusDB_mmc2	ProMetheusDB	METHYLATION	Arg methylation	Homo sapiens (Human)	P61978:R258	P61978:R258	True	external_methyl_table
P61978	P61978	P61978	False	HNRNPK	R	296	R296	di	Rme2	True	PPPPPPGRGGRGGSR	RGPPPPPPGR(di)GGR(di)GGSR	ProMetheusDB_mmc2	ProMetheusDB	METHYLATION	Arg methylation	Homo sapiens (Human)	P61978:R296	P61978:R296	True	external_methyl_table
P61978	P61978	P61978	False	HNRNPK	R	299	R299	di	Rme2	True	PPPGRGGRGGSRARN	GPPPPPPGRGGR(di)GGSR(di), RGPPPPPPGR(di)GGR(di)GGSR	ProMetheusDB_mmc2	ProMetheusDB	METHYLATION	Arg methylation	Homo sapiens (Human)	P61978:R299	P61978:R299	True	external_methyl_table
P61978	P61978	P61978	False	HNRNPK	R	268	R268	me	Rme1	True	FDRMPPGRGGRPMPP	MPPGR(me)GGR(me)PMPPSR	ProMetheusDB_mmc2	ProMetheusDB	METHYLATION	Arg methylation	Homo sapiens (Human)	P61978:R268	P61978:R268	True	external_methyl_table
P61978	P61978	P61978	False	HNRNPK	R	271	R271	me	Rme1	True	MPPGRGGRPMPPSRR	MPPGR(me)GGR(me)PMPPSR	ProMetheusDB_mmc2	ProMetheusDB	METHYLATION	Arg methylation	Homo sapiens (Human)	P61978:R271	P61978:R271	True	external_methyl_table
P61978	P61978	P61978	False	HNRNPK	R	268	R268	di	Rme2	True	FDRMPPGRGGRPMPP	MPPGR(di)GGR	ProMetheusDB_mmc2	ProMetheusDB	METHYLATION	Arg methylation	Homo sapiens (Human)	P61978:R268	P61978:R268	True	external_methyl_table
P61978	P61978	P61978	False	HNRNPK	R	325	R325	me	Rme1	True	GDLMAYDRRGRPGDR	RGGDLMAYDR(me), GGDLMAYDR(me)R	ProMetheusDB_mmc2	ProMetheusDB	METHYLATION	Arg methylation	Homo sapiens (Human)	P61978:R325	P61978:R325	True	external_methyl_table
P61978	P61978	P61978	False	HNRNPK	R	256	R256	me	Rme1	True	RPVGFPMRGRGGFDR	GRPVGFPMR(me)GR(me)GGFDR(me), GRPVGFPM(me)R(me), GRPVGFPMR(me)GR, GRPVGFPMR(me)GR(me)GGFDR(me), GRPVGFPMR(me)GR, GRPVGFPMR(me)GR(me)GGFDR, GRPVGFPMR(me)GR(me)	ProMetheusDB_mmc2	ProMetheusDB	METHYLATION	Arg methylation	Homo sapiens (Human)	P61978:R256	P61978:R256	True	external_methyl_table
P61978	P61978	P61978	False	HNRNPK	R	258	R258	me	Rme1	True	VGFPMRGRGGFDRMP	GRPVGFPMR(me)GR(me)GGFDR(me), GRPVGFPMR(me)GR(me)GGFDR(me), GRPVGFPMR(me)GR(me)GGFDR, GRPVGFPMR(me)GR(me)	ProMetheusDB_mmc2	ProMetheusDB	METHYLATION	Arg methylation	Homo sapiens (Human)	P61978:R258	P61978:R258	True	external_methyl_table
P61978	P61978	P61978	False	HNRNPK	R	263	R263	me	Rme1	True	RGRGGFDRMPPGRGG	GRPVGFPMR(me)GR(me)GGFDR(me), GRPVGFPMR(me)GR(me)GGFDR(me), GRPVGFPM(me)R(di)GR(di)GGFDR(me)	ProMetheusDB_mmc2	ProMetheusDB	METHYLATION	Arg methylation	Homo sapiens (Human)	P61978:R263	P61978:R263	True	external_methyl_table
P61978	P61978	P61978	False	HNRNPK	R	296	R296	me	Rme1	True	PPPPPPGRGGRGGSR	RGPPPPPPGR(me)GGR(me)GGSR(me)	ProMetheusDB_mmc2	ProMetheusDB	METHYLATION	Arg methylation	Homo sapiens (Human)	P61978:R296	P61978:R296	True	external_methyl_table
P61978	P61978	P61978	False	HNRNPK	R	299	R299	me	Rme1	True	PPPGRGGRGGSRARN	RGPPPPPPGR(me)GGR(me)GGSR(me)	ProMetheusDB_mmc2	ProMetheusDB	METHYLATION	Arg methylation	Homo sapiens (Human)	P61978:R299	P61978:R299	True	external_methyl_table
P61978	P61978	P61978	False	HNRNPK	R	303	R303	me	Rme1	True	RGGRGGSRARNLPLP	RGPPPPPPGR(me)GGR(me)GGSR(me)	ProMetheusDB_mmc2	ProMetheusDB	METHYLATION	Arg methylation	Homo sapiens (Human)	P61978:R303	P61978:R303	True	external_methyl_table
P61978	P61978	P61978	False	HNRNPK	R	303	R303	di	Rme2	True	RGGRGGSRARNLPLP	GPPPPPPGRGGR(di)GGSR(di)	ProMetheusDB_mmc2	ProMetheusDB	METHYLATION	Arg methylation	Homo sapiens (Human)	P61978:R303	P61978:R303	True	external_methyl_table
P61978	P61978	P61978	False	HNRNPK	R	286	R286	me	Rme1	True	DYDDMSPRRGPPPPP	RDYDDM(me)SPR(me)	ProMetheusDB_mmc2	ProMetheusDB	METHYLATION	Arg methylation	Homo sapiens (Human)	P61978:R286	P61978:R286	True	external_methyl_table
P14866	P14866	P14866	False	HNRNPL	R	46	R46	me	Rme1	True	GGGGGGGRYYGGGSE	M(me)AAAGGGGGGGR(me)YYGGGSEGGR, MAAAGGGGGGGR(me)YYGGGSEGGR	ProMetheusDB_mmc2	ProMetheusDB	METHYLATION	Arg methylation	Homo sapiens (Human)	P14866:R46	P14866:R46	True	external_methyl_table
P52272	P52272	P52272	False	HNRNPM	R	496	R496	di	Rme2	True	GMGFGLERMAAPIDR	MGAGMGFGLER(di)MAAPIDR, M(me)GAGM(me)GFGLER(di)M(me)AAPIDR, MGAGMGFGLER(di)MAAPIDR	ProMetheusDB_mmc2	ProMetheusDB	METHYLATION	Arg methylation	Homo sapiens (Human)	P52272:R496	P52272:R496	True	external_methyl_table
P52272	P52272	P52272	False	HNRNPM	R	496	R496	me	Rme1	True	GMGFGLERMAAPIDR	MGAGMGFGLER(me), MGAGMGFGLER(me)MAAPIDR, MGAGM(me)GFGLER(me)M(me)AAPIDR, MGAGMGFGLER(me)MAAPIDR, MGAGMGFGLER(me), MGAGMGFGLER(me)MAAPIDR, M(me)GAGM(me)GFGLER(me)M(me)AAPIDR, MGAGMGFGLER(me)MAAPIDR, M(me)GAGM(me)GFGLER(me), MGAGM(me)GFGLER(me), MGAGMGFGLER(me), MGAGMGFGLER(me)	ProMetheusDB_mmc2	ProMetheusDB	METHYLATION	Arg methylation	Homo sapiens (Human)	P52272:R496	P52272:R496	True	external_methyl_table
O43390	O43390	O43390	False	HNRNPR	R	532	R532	di	Rme2	True	GRAGYSQRGAPLGPP	AGYSQR(di)GAPLGPPR	ProMetheusDB_mmc2	ProMetheusDB	METHYLATION	Arg methylation	Homo sapiens (Human)	O43390:R532	O43390:R532	True	external_methyl_table
O43390	O43390	O43390	False	HNRNPR	R	500	R500	di	Rme2	True	YDDGYAVRGRGGGRG	GGYEDPYYGYDDGYAVR(di)GR(di)	ProMetheusDB_mmc2	ProMetheusDB	METHYLATION	Arg methylation	Homo sapiens (Human)	O43390:R500	O43390:R500	True	external_methyl_table
O43390	O43390	O43390	False	HNRNPR	R	502	R502	di	Rme2	True	DGYAVRGRGGGRGGR	GGYEDPYYGYDDGYAVR(di)GR(di)	ProMetheusDB_mmc2	ProMetheusDB	METHYLATION	Arg methylation	Homo sapiens (Human)	O43390:R502	O43390:R502	True	external_methyl_table
Q00839	Q00839	Q00839	False	HNRNPU	R	733	R733	di	Rme2	True	NRGGYNRRGNMPQRG	R(di)GNMPQR(di)GGGGGGSGGIGYPYPR(me), R(di)GNMPQR(me)GGGGGGSGGIGYPYPR, R(di)GNM(me)PQR(di)GGGGGGSGGIGYPYPR(me), R(di)GNM(me)PQR(di)GGGGGGSGGIGYPYPR, R(di)GNMPQR(di)GGGGGGSGGIGYPYPR, R(di)GNMPQR(di)GGGGGGSGGIGYPYPR, R(di)GNMPQR(di)GGGGGGSGGIGYPYPR(me), R(di)GNMPQR(di)GGGGGGSGGIGYPYPR(me)	ProMetheusDB_mmc2	ProMetheusDB	METHYLATION	Arg methylation	Homo sapiens (Human)	Q00839:R733	Q00839:R733	True	external_methyl_table
Q00839	Q00839	Q00839	False	HNRNPU	R	739	R739	me	Rme1	True	RRGNMPQRGGGGGGS	R(di)GNMPQR(me)GGGGGGSGGIGYPYPR, GNMPQR(me)GGGGGGSGGIGYPYPR	ProMetheusDB_mmc2	ProMetheusDB	METHYLATION	Arg methylation	Homo sapiens (Human)	Q00839:R739	Q00839:R739	True	external_methyl_table
Q00839	Q00839	Q00839	False	HNRNPU	R	739	R739	di	Rme2	True	RRGNMPQRGGGGGGS	GNM(me)PQR(di)GGGGGGSGGIGYPYPR, R(me)GNMPQR(di)GGGGGGSGGIGYPYPR, GNMPQR(di)GGGGGGSGGIGYPYPR, R(me)GNM(me)PQR(di)GGGGGGSGGIGYPYPR, R(di)GNMPQR(di)GGGGGGSGGIGYPYPR(me), R(di)GNM(me)PQR(di)GGGGGGSGGIGYPYPR(me), R(di)GNM(me)PQR(di)GGGGGGSGGIGYPYPR, R(di)GNMPQR(di)GGGGGGSGGIGYPYPR, GNMPQR(di)GGGGGGSGGIGYPYPR, RGNMPQR(di)GGGGGGSGGIGYPYPR, R(di)GNMPQR(di)GGGGGGSGGIGYPYPR, R(me)GNMPQR(di)GGGGGGSGGIGYPYPR, R(di)GNMPQR(di)GGGGGGSGGIGYPYPR(me), R(di)GNMPQR(di)GGGGGGSGGIGYPYPR(me)	ProMetheusDB_mmc2	ProMetheusDB	METHYLATION	Arg methylation	Homo sapiens (Human)	Q00839:R739	Q00839:R739	True	external_methyl_table
Q00839	Q00839	Q00839	False	HNRNPU	R	755	R755	me	Rme1	True	GIGYPYPRAPVFPGR	R(di)GNMPQR(di)GGGGGGSGGIGYPYPR(me), R(di)GNMPQR(di)GGGGGGSGGIGYPYPR(me), R(di)GNM(me)PQR(di)GGGGGGSGGIGYPYPR(me), R(di)GNMPQR(di)GGGGGGSGGIGYPYPR(me)	ProMetheusDB_mmc2	ProMetheusDB	METHYLATION	Arg methylation	Homo sapiens (Human)	Q00839:R755	Q00839:R755	True	external_methyl_table
Q00839	Q00839	Q00839	False	HNRNPU	R	762	R762	di	Rme2	True	RAPVFPGRGSYSNRG	RAPVFPGR(di)GSYSN, APVFPGR(di)GSYSNR(di)	ProMetheusDB_mmc2	ProMetheusDB	METHYLATION	Arg methylation	Homo sapiens (Human)	Q00839:R762	Q00839:R762	True	external_methyl_table
Q00839	Q00839	Q00839	False	HNRNPU	R	768	R768	di	Rme2	True	GRGSYSNRGNYNRGG	APVFPGR(di)GSYSNR(di)	ProMetheusDB_mmc2	ProMetheusDB	METHYLATION	Arg methylation	Homo sapiens (Human)	Q00839:R768	Q00839:R768	True	external_methyl_table
Q00839	Q00839	Q00839	False	HNRNPU	R	733	R733	me	Rme1	True	NRGGYNRRGNMPQRG	R(me)GNM(me)PQR(di)GGGGGGSGGIGYPYPR, R(me)GNMPQR(di)GGGGGGSGGIGYPYPR, R(me)GNMPQR(di)GGGGGGSGGIGYPYPR	ProMetheusDB_mmc2	ProMetheusDB	METHYLATION	Arg methylation	Homo sapiens (Human)	Q00839:R733	Q00839:R733	True	external_methyl_table
Q00839	Q00839	Q00839	False	HNRNPU	R	720	R720	di	Rme2	True	NMRGGNFRGGAPGNR	R(di)GGAPGNR(di)GGYN	ProMetheusDB_mmc2	ProMetheusDB	METHYLATION	Arg methylation	Homo sapiens (Human)	Q00839:R720	Q00839:R720	True	external_methyl_table
Q00839	Q00839	Q00839	False	HNRNPU	R	727	R727	di	Rme2	True	RGGAPGNRGGYNRRG	R(di)GGAPGNR(di)GGYN	ProMetheusDB_mmc2	ProMetheusDB	METHYLATION	Arg methylation	Homo sapiens (Human)	Q00839:R727	Q00839:R727	True	external_methyl_table
Q9BUJ2	Q9BUJ2	Q9BUJ2	False	HNRNPUL1	R	685	R685	me	Rme1	True	DNNNSNNRGSYNRAP	DNNNSNNR(me)GSYNR	ProMetheusDB_mmc2	ProMetheusDB	METHYLATION	Arg methylation	Homo sapiens (Human)	Q9BUJ2:R685	Q9BUJ2:R685	True	external_methyl_table
Q9BUJ2	Q9BUJ2	Q9BUJ2	False	HNRNPUL1	R	618	R618	di	Rme2	True	NRGGGGFRGRGGGGG	GGGGFR(di)GR(di)GGGGGFQR, GGGGFR(di)GR(me)GGGGGFQR, FDNR(me)GGGGFR(di)GR(di)GGGGGFQR	ProMetheusDB_mmc2	ProMetheusDB	METHYLATION	Arg methylation	Homo sapiens (Human)	Q9BUJ2:R618	Q9BUJ2:R618	True	external_methyl_table
Q9BUJ2	Q9BUJ2	Q9BUJ2	False	HNRNPUL1	R	620	R620	di	Rme2	True	GGGGFRGRGGGGGFQ	GGGGFR(di)GR(di)GGGGGFQR, FDNR(me)GGGGFR(di)GR(di)GGGGGFQR	ProMetheusDB_mmc2	ProMetheusDB	METHYLATION	Arg methylation	Homo sapiens (Human)	Q9BUJ2:R620	Q9BUJ2:R620	True	external_methyl_table
Q9BUJ2	Q9BUJ2	Q9BUJ2	False	HNRNPUL1	R	181	R181	me	Rme1	True	PYEENRGRGYFEHRE	GR(me)GYFEHREDR, GR(me)GYFEHR	ProMetheusDB_mmc2	ProMetheusDB	METHYLATION	Arg methylation	Homo sapiens (Human)	Q9BUJ2:R181	Q9BUJ2:R181	True	external_methyl_table
Q9BUJ2	Q9BUJ2	Q9BUJ2	False	HNRNPUL1	R	612	R612	me	Rme1	True	PEKRFDNRGGGGFRG	FDNR(me)GGGGFR(di)GR(di)GGGGGFQR	ProMetheusDB_mmc2	ProMetheusDB	METHYLATION	Arg methylation	Homo sapiens (Human)	Q9BUJ2:R612	Q9BUJ2:R612	True	external_methyl_table
Q9BUJ2	Q9BUJ2	Q9BUJ2	False	HNRNPUL1	R	645	R645	di	Rme2	True	NRGGFQNRGGGSGGG	GPPGGNR(di)GGFQNR(di)GGGSGGGGNYR(di)GGFNR, R(di)GGGSGGGGNYR(di)GGFN	ProMetheusDB_mmc2	ProMetheusDB	METHYLATION	Arg methylation	Homo sapiens (Human)	Q9BUJ2:R645	Q9BUJ2:R645	True	external_methyl_table
Q9BUJ2	Q9BUJ2	Q9BUJ2	False	HNRNPUL1	R	656	R656	di	Rme2	True	SGGGGNYRGGFNRSG	GPPGGNR(di)GGFQNR(di)GGGSGGGGNYR(di)GGFNR, R(di)GGGSGGGGNYR(di)GGFN	ProMetheusDB_mmc2	ProMetheusDB	METHYLATION	Arg methylation	Homo sapiens (Human)	Q9BUJ2:R656	Q9BUJ2:R656	True	external_methyl_table
Q9BUJ2	Q9BUJ2	Q9BUJ2	False	HNRNPUL1	R	620	R620	me	Rme1	True	GGGGFRGRGGGGGFQ	GGGGFR(di)GR(me)GGGGGFQR, GGGGFR(me)GR(me)GGGGGFQR	ProMetheusDB_mmc2	ProMetheusDB	METHYLATION	Arg methylation	Homo sapiens (Human)	Q9BUJ2:R620	Q9BUJ2:R620	True	external_methyl_table
Q9BUJ2	Q9BUJ2	Q9BUJ2	False	HNRNPUL1	R	618	R618	me	Rme1	True	NRGGGGFRGRGGGGG	GGGGFR(me)GR(me)GGGGGFQR	ProMetheusDB_mmc2	ProMetheusDB	METHYLATION	Arg methylation	Homo sapiens (Human)	Q9BUJ2:R618	Q9BUJ2:R618	True	external_methyl_table
Q9BUJ2	Q9BUJ2	Q9BUJ2	False	HNRNPUL1	R	639	R639	di	Rme2	True	RGPPGGNRGGFQNRG	RGPPGGNR(di)GGFQN, GPPGGNR(di)GGFQNR(di)GGGSGGGGNYR(di)GGFNR	ProMetheusDB_mmc2	ProMetheusDB	METHYLATION	Arg methylation	Homo sapiens (Human)	Q9BUJ2:R639	Q9BUJ2:R639	True	external_methyl_table
Q1KMD3	Q1KMD3	Q1KMD3	False	HNRNPUL2	R	684	R684	me	Rme1	True	YWGQPGNRGGYRNFY	AYGQQYWGQPGNR(me), AYGQQYWGQPGNR(me)GGYR(me)NFYDR(me), AYGQQYWGQPGNR(me)GGYR, AYGQQYWGQPGNR(me)GGYR(me)	ProMetheusDB_mmc2	ProMetheusDB	METHYLATION	Arg methylation	Homo sapiens (Human)	Q1KMD3:R684	Q1KMD3:R684	True	external_methyl_table
Q1KMD3	Q1KMD3	Q1KMD3	False	HNRNPUL2	R	656	R656	me	Rme1	True	RNRQNRSRGQGYVGG	SR(me)GQGYVGGQR	ProMetheusDB_mmc2	ProMetheusDB	METHYLATION	Arg methylation	Homo sapiens (Human)	Q1KMD3:R656	Q1KMD3:R656	True	external_methyl_table
Q1KMD3	Q1KMD3	Q1KMD3	False	HNRNPUL2	R	747	R747	me	Rme1	True	YYGYQGYR_______	NYYGYQGYR(me)	ProMetheusDB_mmc2	ProMetheusDB	METHYLATION	Arg methylation	Homo sapiens (Human)	Q1KMD3:R747	Q1KMD3:R747	True	external_methyl_table
Q1KMD3	Q1KMD3	Q1KMD3	False	HNRNPUL2	R	738	R738	me	Rme1	True	QDRDRYYRNYYGYQG	YYR(me)NYYGYQGYR, R(me)NYYGYQGY	ProMetheusDB_mmc2	ProMetheusDB	METHYLATION	Arg methylation	Homo sapiens (Human)	Q1KMD3:R738	Q1KMD3:R738	True	external_methyl_table
Q1KMD3	Q1KMD3	Q1KMD3	False	HNRNPUL2	R	656	R656	di	Rme2	True	RNRQNRSRGQGYVGG	SR(di)GQGYVGGQR	ProMetheusDB_mmc2	ProMetheusDB	METHYLATION	Arg methylation	Homo sapiens (Human)	Q1KMD3:R656	Q1KMD3:R656	True	external_methyl_table
Q1KMD3	Q1KMD3	Q1KMD3	False	HNRNPUL2	R	684	R684	di	Rme2	True	YWGQPGNRGGYRNFY	AYGQQYWGQPGNR(di)GGYR, RAYGQQYWGQPGNR(di)GGY, R(me)AYGQQYWGQPGNR(di)GGY	ProMetheusDB_mmc2	ProMetheusDB	METHYLATION	Arg methylation	Homo sapiens (Human)	Q1KMD3:R684	Q1KMD3:R684	True	external_methyl_table
Q1KMD3	Q1KMD3	Q1KMD3	False	HNRNPUL2	R	688	R688	me	Rme1	True	PGNRGGYRNFYDRYR	AYGQQYWGQPGNR(me)GGYR(me)NFYDR(me), AYGQQYWGQPGNR(me)GGYR(me)	ProMetheusDB_mmc2	ProMetheusDB	METHYLATION	Arg methylation	Homo sapiens (Human)	Q1KMD3:R688	Q1KMD3:R688	True	external_methyl_table
Q1KMD3	Q1KMD3	Q1KMD3	False	HNRNPUL2	R	693	R693	me	Rme1	True	GYRNFYDRYRGDYDR	AYGQQYWGQPGNR(me)GGYR(me)NFYDR(me)	ProMetheusDB_mmc2	ProMetheusDB	METHYLATION	Arg methylation	Homo sapiens (Human)	Q1KMD3:R693	Q1KMD3:R693	True	external_methyl_table
Q1KMD3	Q1KMD3	Q1KMD3	False	HNRNPUL2	R	671	R671	me	Rme1	True	QRRGYDNRAYGQQYW	R(me)AYGQQYWGQPGNR(di)GGY	ProMetheusDB_mmc2	ProMetheusDB	METHYLATION	Arg methylation	Homo sapiens (Human)	Q1KMD3:R671	Q1KMD3:R671	True	external_methyl_table
P07900	P07900	P07900	False	HSP90AA1	R	201	R201	me	Rme1	True	QTEYLEERRIKEIVK	EDQTEYLEER(me)	ProMetheusDB_mmc2	ProMetheusDB	METHYLATION	Arg methylation	Homo sapiens (Human)	P07900:R201	P07900:R201	True	external_methyl_table
P14625	P14625	P14625	False	HSP90B1	R	557	R557	me	Rme1	True	ESSPFVERLLKKGYE	KEAESSPFVER(me)	ProMetheusDB_mmc2	ProMetheusDB	METHYLATION	Arg methylation	Homo sapiens (Human)	P14625:R557	P14625:R557	True	external_methyl_table
P14625	P14625	P14625	False	HSP90B1	R	51	R51	me	Rme1	True	TDDEVVQREEEAIQL	TDDEVVQR(me)EEEAIQLDGLNASQIR	ProMetheusDB_mmc2	ProMetheusDB	METHYLATION	Arg methylation	Homo sapiens (Human)	P14625:R51	P14625:R51	True	external_methyl_table
P0DMV8	P0DMV8	P0DMV8	False	HSPA1A	R	469	R469	me	Rme1	True	SGIPPAPRGVPQIEV	FELSGIPPAPR(me)	ProMetheusDB_mmc2	ProMetheusDB	METHYLATION	Arg methylation	Homo sapiens (Human)	P0DMV8:R469	P0DMV8:R469	True	external_methyl_table
P0DMV8	P0DMV8	P0DMV8	False	HSPA1A	R	187	R187	me	Rme1	True	AIAYGLDRTGKGERN	IINEPTAAAIAYGLDR(me)	ProMetheusDB_mmc2	ProMetheusDB	METHYLATION	Arg methylation	Homo sapiens (Human)	P0DMV8:R187	P0DMV8:R187	True	external_methyl_table
P11142	P11142	P11142	False	HSPA8	R	469	R469	me	Rme1	True	TGIPPAPRGVPQIEV	FELTGIPPAPR(me), FELTGIPPAPR(me)GVPQIEVTFDIDANGILNVSAVDK, DNNLLGKFELTGIPPAPR(me)	ProMetheusDB_mmc2	ProMetheusDB	METHYLATION	Arg methylation	Homo sapiens (Human)	P11142:R469	P11142:R469	True	external_methyl_table
P11142	P11142	P11142	False	HSPA8	R	236	R236	me	Rme1	True	GGEDFDNRMVNHFIA	STAGDTHLGGEDFDNR(me)	ProMetheusDB_mmc2	ProMetheusDB	METHYLATION	Arg methylation	Homo sapiens (Human)	P11142:R236	P11142:R236	True	external_methyl_table
P38646	P38646	P38646	False	HSPA9	R	513	R513	me	Rme1	True	IGIPPAPRGVPQIEV	LLGQFTLIGIPPAPR(me)	ProMetheusDB_mmc2	ProMetheusDB	METHYLATION	Arg methylation	Homo sapiens (Human)	P38646:R513	P38646:R513	True	external_methyl_table
P04792	P04792	P04792	False	HSPB1	R	12	R12	me	Rme1	True	RVPFSLLRGPSWDPF	VPFSLLR(me)GPSWDPFR	ProMetheusDB_mmc2	ProMetheusDB	METHYLATION	Arg methylation	Homo sapiens (Human)	P04792:R12	P04792:R12	True	external_methyl_table
P04792	P04792	P04792	False	HSPB1	R	56	R56	me	Rme1	True	SSWPGYVRPLPPAAI	R(me)PLPPAAIESPAVAAPAYS	ProMetheusDB_mmc2	ProMetheusDB	METHYLATION	Arg methylation	Homo sapiens (Human)	P04792:R56	P04792:R56	True	external_methyl_table
Q9BUP3	Q9BUP3	Q9BUP3	False	HTATIP2	R	174	R174	me	Rme1	True	PGVLLCDRQESRPGE	YSVFRPGVLLCDR(me)	ProMetheusDB_mmc2	ProMetheusDB	METHYLATION	Arg methylation	Homo sapiens (Human)	Q9BUP3:R174	Q9BUP3:R174	True	external_methyl_table
Q7Z6Z7	Q7Z6Z7	Q7Z6Z7	False	HUWE1	R	2601	R2601	me	Rme1	True	SSLPLQSRGRARLLV	LLGPSAAADILQLSSSLPLQSR(me)	ProMetheusDB_mmc2	ProMetheusDB	METHYLATION	Arg methylation	Homo sapiens (Human)	Q7Z6Z7:R2601	Q7Z6Z7:R2601	True	external_methyl_table
Q6U949	Q6U949	Q6U949	False	IGF2	R	68	R68	me	Rme1	True	RRRGSARRGAHREAG	R(me)GAHR(me)EAGGCVR(me)GR(me)	ProMetheusDB_mmc2	ProMetheusDB	METHYLATION	Arg methylation	Homo sapiens (Human)	Q6U949:R68	Q6U949:R68	True	external_methyl_table
Q6U949	Q6U949	Q6U949	False	IGF2	R	72	R72	me	Rme1	True	SARRGAHREAGGCVR	R(me)GAHR(me)EAGGCVR(me)GR(me)	ProMetheusDB_mmc2	ProMetheusDB	METHYLATION	Arg methylation	Homo sapiens (Human)	Q6U949:R72	Q6U949:R72	True	external_methyl_table
Q6U949	Q6U949	Q6U949	False	IGF2	R	79	R79	me	Rme1	True	REAGGCVRGRTRSSG	R(me)GAHR(me)EAGGCVR(me)GR(me)	ProMetheusDB_mmc2	ProMetheusDB	METHYLATION	Arg methylation	Homo sapiens (Human)	Q6U949:R79	Q6U949:R79	True	external_methyl_table
Q6U949	Q6U949	Q6U949	False	IGF2	R	81	R81	me	Rme1	True	AGGCVRGRTRSSGSE	R(me)GAHR(me)EAGGCVR(me)GR(me)	ProMetheusDB_mmc2	ProMetheusDB	METHYLATION	Arg methylation	Homo sapiens (Human)	Q6U949:R81	Q6U949:R81	True	external_methyl_table
P01857	P01857	P01857	False	IGHG1	R	138	R138	me	Rme1	True	KDTLMISRTPEVTCV	DTLMISR(me)	ProMetheusDB_mmc2	ProMetheusDB	METHYLATION	Arg methylation	Homo sapiens (Human)	P01857:R138	P01857:R138	True	external_methyl_table
Q12905	Q12905	Q12905	False	ILF2	R	16	R16	me	Rme1	True	RGGRFGSRGGPGGGF	FGSR(me)GGPGGGFR	ProMetheusDB_mmc2	ProMetheusDB	METHYLATION	Arg methylation	Homo sapiens (Human)	Q12905:R16	Q12905:R16	True	external_methyl_table
Q12905	Q12905	Q12905	False	ILF2	R	16	R16	di	Rme2	True	RGGRFGSRGGPGGGF	GR(di)GGR(di)FGSR(di)GGPGGGFR, FGSR(di)GGPGGGFR	ProMetheusDB_mmc2	ProMetheusDB	METHYLATION	Arg methylation	Homo sapiens (Human)	Q12905:R16	Q12905:R16	True	external_methyl_table
Q12905	Q12905	Q12905	False	ILF2	R	9	R9	di	Rme2	True	RGDRGRGRGGRFGSR	GR(di)GGR(di)FGSR(di)GGPGGGFR, GR(di)GR(di)GGR(di)FGSR	ProMetheusDB_mmc2	ProMetheusDB	METHYLATION	Arg methylation	Homo sapiens (Human)	Q12905:R9	Q12905:R9	True	external_methyl_table
Q12905	Q12905	Q12905	False	ILF2	R	12	R12	di	Rme2	True	RGRGRGGRFGSRGGP	GR(di)GGR(di)FGSR(di)GGPGGGFR, GR(di)GR(di)GGR(di)FGSR	ProMetheusDB_mmc2	ProMetheusDB	METHYLATION	Arg methylation	Homo sapiens (Human)	Q12905:R12	Q12905:R12	True	external_methyl_table
Q12905	Q12905	Q12905	False	ILF2	R	7	R7	di	Rme2	True	_MRGDRGRGRGGRFG	GR(di)GR(di)GGR(di)FGSR	ProMetheusDB_mmc2	ProMetheusDB	METHYLATION	Arg methylation	Homo sapiens (Human)	Q12905:R7	Q12905:R7	True	external_methyl_table
Q12906	Q12906	Q12906	False	ILF3	R	609	R609	di	Rme2	True	KRAPVPVRGGPKFAA	RAPVPVR(di)GGPK, APVPVR(di)GGPK	ProMetheusDB_mmc2	ProMetheusDB	METHYLATION	Arg methylation	Homo sapiens (Human)	Q12906:R609	Q12906:R609	True	external_methyl_table
Q12906	Q12906	Q12906	False	ILF3	R	609	R609	me	Rme1	True	KRAPVPVRGGPKFAA	RAPVPVR(me)GGP, APVPVR(me)GGPK(me), APVPVR(me)GGPK, RAPVPVR(me)GGPK, KRAPVPVR(me)GGPK	ProMetheusDB_mmc2	ProMetheusDB	METHYLATION	Arg methylation	Homo sapiens (Human)	Q12906:R609	Q12906:R609	True	external_methyl_table
Q12906	Q12906	Q12906	False	ILF3	R	308	R308	me	Rme1	True	DAIGHLDRQQREDIT	EATDAIGHLDR(me)	ProMetheusDB_mmc2	ProMetheusDB	METHYLATION	Arg methylation	Homo sapiens (Human)	Q12906:R308	Q12906:R308	True	external_methyl_table
Q12906	Q12906	Q12906	False	ILF3	R	323	R323	me	Rme1	True	QSAQHALRLAAFGQL	EDITQSAQHALR(me)	ProMetheusDB_mmc2	ProMetheusDB	METHYLATION	Arg methylation	Homo sapiens (Human)	Q12906:R323	Q12906:R323	True	external_methyl_table
Q12906	Q12906	Q12906	False	ILF3	R	894	R894	me	Rme1	True	HSMNYQYR_______	NADHSM(me)NYQYR(me)	ProMetheusDB_mmc2	ProMetheusDB	METHYLATION	Arg methylation	Homo sapiens (Human)	Q12906:R894	Q12906:R894	True	external_methyl_table
Q8WYH8	Q8WYH8	Q8WYH8	False	ING5	R	126	R126	me	Rme1	True	DFESSGGRGLKKGRG	M(me)EGSDFESSGGR(me)GLK	ProMetheusDB_mmc2	ProMetheusDB	METHYLATION	Arg methylation	Homo sapiens (Human)	Q8WYH8:R126	Q8WYH8:R126	True	external_methyl_table
Q9C086	Q9C086	Q9C086	False	INO80B	R	251	R251	di	Rme2	True	KTAATSGRGGRGGAR	TAATSGR(di)GGR(di)GGAR	ProMetheusDB_mmc2	ProMetheusDB	METHYLATION	Arg methylation	Homo sapiens (Human)	Q9C086:R251	Q9C086:R251	True	external_methyl_table
Q9C086	Q9C086	Q9C086	False	INO80B	R	254	R254	di	Rme2	True	ATSGRGGRGGARGER	TAATSGR(di)GGR(di)GGAR	ProMetheusDB_mmc2	ProMetheusDB	METHYLATION	Arg methylation	Homo sapiens (Human)	Q9C086:R254	Q9C086:R254	True	external_methyl_table
Q92835	Q92835	Q92835	False	INPP5D	R	1140	R1140	me	Rme1	True	TPPTPTPRPPLPVKS	RSEINQQTPPTPTPR(me)PPLPV, SEINQQTPPTPTPR(me)PPLPVK	ProMetheusDB_mmc2	ProMetheusDB	METHYLATION	Arg methylation	Homo sapiens (Human)	Q92835:R1140	Q92835:R1140	True	external_methyl_table
P46940	P46940	P46940	False	IQGAP1	R	585	R585	me	Rme1	True	HYQDTLIRAKREKAQ	LEGVLAEVAQHYQDTLIR(me)	ProMetheusDB_mmc2	ProMetheusDB	METHYLATION	Arg methylation	Homo sapiens (Human)	P46940:R585	P46940:R585	True	external_methyl_table
Q5JU85	Q5JU85	Q5JU85	False	IQSEC2	R	389	R389	di	Rme2	True	RIILSNMRMQFSFEE	MSRRIILSNMR(di)	ProMetheusDB_mmc2	ProMetheusDB	METHYLATION	Arg methylation	Homo sapiens (Human)	Q5JU85:R389	Q5JU85:R389	True	external_methyl_table
Q9Y4H2	Q9Y4H2	Q9Y4H2	False	IRS2	R	569	R569	me	Rme1	True	DAAQDLDRGLRKRTY	VSGDAAQDLDR(me)GLR	ProMetheusDB_mmc2	ProMetheusDB	METHYLATION	Arg methylation	Homo sapiens (Human)	Q9Y4H2:R569	Q9Y4H2:R569	True	external_methyl_table
Q9Y4H2	Q9Y4H2	Q9Y4H2	False	IRS2	R	396	R396	me	Rme1	True	PLSPGPVRAPLSRSH	PVSVAGSPLSPGPVR(me)APLSR(me)	ProMetheusDB_mmc2	ProMetheusDB	METHYLATION	Arg methylation	Homo sapiens (Human)	Q9Y4H2:R396	Q9Y4H2:R396	True	external_methyl_table
Q9Y4H2	Q9Y4H2	Q9Y4H2	False	IRS2	R	401	R401	me	Rme1	True	PVRAPLSRSHTLSGG	PVSVAGSPLSPGPVR(me)APLSR(me)	ProMetheusDB_mmc2	ProMetheusDB	METHYLATION	Arg methylation	Homo sapiens (Human)	Q9Y4H2:R401	Q9Y4H2:R401	True	external_methyl_table
Q9Y4H2	Q9Y4H2	Q9Y4H2	False	IRS2	R	429	R429	me	Rme1	True	GGALQHSRSMSMPVA	VALLPAGGALQHSR(me)	ProMetheusDB_mmc2	ProMetheusDB	METHYLATION	Arg methylation	Homo sapiens (Human)	Q9Y4H2:R429	Q9Y4H2:R429	True	external_methyl_table
P16144-3	P16144-3	P16144	True	ITGB4	R	1461	R1461	me	Rme1	True	IWEHGRSRLPLSWAL	SR(me)LPLSWALGSR	ProMetheusDB_mmc2	ProMetheusDB	METHYLATION	Arg methylation	Homo sapiens (Human)	P16144-3:R1461	P16144:R1461	True	external_methyl_table
P16144-3	P16144-3	P16144	True	ITGB4	R	1461	R1461	di	Rme2	True	IWEHGRSRLPLSWAL	SR(di)LPLSWALGSR	ProMetheusDB_mmc2	ProMetheusDB	METHYLATION	Arg methylation	Homo sapiens (Human)	P16144-3:R1461	P16144:R1461	True	external_methyl_table
P23677	P23677	P23677	False	ITPKA	R	62	R62	me	Rme1	True	RARGAKRRGGQVPNG	R(me)GGQVPNGLPR	ProMetheusDB_mmc2	ProMetheusDB	METHYLATION	Arg methylation	Homo sapiens (Human)	P23677:R62	P23677:R62	True	external_methyl_table
Q63ZY3	Q63ZY3	Q63ZY3	False	KANK2	R	105	R105	me	Rme1	True	SAYSYCGRGFYPQYG	HSAYSYCGR(me)GFYPQYGALETR	ProMetheusDB_mmc2	ProMetheusDB	METHYLATION	Arg methylation	Homo sapiens (Human)	Q63ZY3:R105	Q63ZY3:R105	True	external_methyl_table
Q63ZY3	Q63ZY3	Q63ZY3	False	KANK2	R	105	R105	di	Rme2	True	SAYSYCGRGFYPQYG	HSAYSYCGR(di)GFYPQYGALETR(me)	ProMetheusDB_mmc2	ProMetheusDB	METHYLATION	Arg methylation	Homo sapiens (Human)	Q63ZY3:R105	Q63ZY3:R105	True	external_methyl_table
Q63ZY3	Q63ZY3	Q63ZY3	False	KANK2	R	117	R117	me	Rme1	True	QYGALETRGGFNPRV	HSAYSYCGR(di)GFYPQYGALETR(me), GFYPQYGALETR(me)GGFNPR	ProMetheusDB_mmc2	ProMetheusDB	METHYLATION	Arg methylation	Homo sapiens (Human)	Q63ZY3:R117	Q63ZY3:R117	True	external_methyl_table
Q9P0J7	Q9P0J7	Q9P0J7	False	KCMF1	R	159	R159	me	Rme1	True	RRMFHPGRGLGGPRA	M(me)FHPGR(me)GLGGPR(me)AR(me), MFHPGR(me)GLGGPR(me)AR(me)	ProMetheusDB_mmc2	ProMetheusDB	METHYLATION	Arg methylation	Homo sapiens (Human)	Q9P0J7:R159	Q9P0J7:R159	True	external_methyl_table
Q9P0J7	Q9P0J7	Q9P0J7	False	KCMF1	R	165	R165	me	Rme1	True	GRGLGGPRARRSNMH	M(me)FHPGR(me)GLGGPR(me)AR(me), MFHPGR(me)GLGGPR(me)AR(me)	ProMetheusDB_mmc2	ProMetheusDB	METHYLATION	Arg methylation	Homo sapiens (Human)	Q9P0J7:R165	Q9P0J7:R165	True	external_methyl_table
Q9P0J7	Q9P0J7	Q9P0J7	False	KCMF1	R	167	R167	me	Rme1	True	GLGGPRARRSNMHFT	M(me)FHPGR(me)GLGGPR(me)AR(me), MFHPGR(me)GLGGPR(me)AR(me)	ProMetheusDB_mmc2	ProMetheusDB	METHYLATION	Arg methylation	Homo sapiens (Human)	Q9P0J7:R167	Q9P0J7:R167	True	external_methyl_table
Q13303	Q13303	Q13303	False	KCNAB2	R	28	R28	me	Rme1	True	PGMIYSTRYGSPKRQ	QTGSPGM(me)IYSTR(me)YGSPK(me)	ProMetheusDB_mmc2	ProMetheusDB	METHYLATION	Arg methylation	Homo sapiens (Human)	Q13303:R28	Q13303:R28	True	external_methyl_table
Q13303	Q13303	Q13303	False	KCNAB2	R	28	R28	di	Rme2	True	PGMIYSTRYGSPKRQ	QTGSPGM(me)IYSTR(di)YGSPK, QTGSPGMIYSTR(di)YGSPK	ProMetheusDB_mmc2	ProMetheusDB	METHYLATION	Arg methylation	Homo sapiens (Human)	Q13303:R28	Q13303:R28	True	external_methyl_table
Q07666	Q07666	Q07666	False	KHDRBS1	R	325	R325	me	Rme1	True	PVRGAITRGATVTRG	GTPVR(me)GAITR(me)GATVTR, GTPVR(di)GAITR(me), GAITR(me)GATVTR(me)GVPPPPTVR, GTPVR(di)GAITR(me)GATVTR, GTPVR(me)GAITR(me), GAITR(me)GATVTR, GAITR(me)GATVTR(me)	ProMetheusDB_mmc2	ProMetheusDB	METHYLATION	Arg methylation	Homo sapiens (Human)	Q07666:R325	Q07666:R325	True	external_methyl_table
Q07666	Q07666	Q07666	False	KHDRBS1	R	331	R331	me	Rme1	True	TRGATVTRGVPPPPT	GATVTR(me)GVPPPPTVR, GATVTR(me)GVPPPPTVR(me), GAITR(me)GATVTR(me)GVPPPPTVR, GATVTR(me)GVPPPPTVR(me)GAPAPR, GAITR(me)GATVTR(me)	ProMetheusDB_mmc2	ProMetheusDB	METHYLATION	Arg methylation	Homo sapiens (Human)	Q07666:R331	Q07666:R331	True	external_methyl_table
Q07666	Q07666	Q07666	False	KHDRBS1	R	304	R304	me	Rme1	True	PPPVPRGRGVGPPRG	GR(me)GVGPPR(di)GALVR(me), GR(me)GVGPPR(di)GALVR, GR(me)GVGPPR(me)GALVR(me), GR(me)GVGPPR(me)GALVR	ProMetheusDB_mmc2	ProMetheusDB	METHYLATION	Arg methylation	Homo sapiens (Human)	Q07666:R304	Q07666:R304	True	external_methyl_table
Q07666	Q07666	Q07666	False	KHDRBS1	R	310	R310	me	Rme1	True	GRGVGPPRGALVRGT	GR(me)GVGPPR(me)GALVR(me), GR(di)GVGPPR(me)GALVR, GR(me)GVGPPR(me)GALVR	ProMetheusDB_mmc2	ProMetheusDB	METHYLATION	Arg methylation	Homo sapiens (Human)	Q07666:R310	Q07666:R310	True	external_methyl_table
Q07666	Q07666	Q07666	False	KHDRBS1	R	291	R291	di	Rme2	True	RGVPVRGRGAAPPPP	GR(di)GAAPPPPPVPR, GR(di)GAAPPPPPVPR(me)	ProMetheusDB_mmc2	ProMetheusDB	METHYLATION	Arg methylation	Homo sapiens (Human)	Q07666:R291	Q07666:R291	True	external_methyl_table
Q07666	Q07666	Q07666	False	KHDRBS1	R	320	R320	di	Rme2	True	LVRGTPVRGAITRGA	GTPVR(di)GAITR, GTPVR(di)GAITR(me), GTPVR(di)GAITR(me)GATVTR	ProMetheusDB_mmc2	ProMetheusDB	METHYLATION	Arg methylation	Homo sapiens (Human)	Q07666:R320	Q07666:R320	True	external_methyl_table
Q07666	Q07666	Q07666	False	KHDRBS1	R	325	R325	di	Rme2	True	PVRGAITRGATVTRG	GTPVR(me)GAITR(di)GATVTR, GAITR(di)GATVTR	ProMetheusDB_mmc2	ProMetheusDB	METHYLATION	Arg methylation	Homo sapiens (Human)	Q07666:R325	Q07666:R325	True	external_methyl_table
Q07666	Q07666	Q07666	False	KHDRBS1	R	304	R304	di	Rme2	True	PPPVPRGRGVGPPRG	GR(di)GVGPPR(di)GALVR, GR(di)GVGPPR(me)GALVR, GR(di)GVGPPR(di)GALVR(me)	ProMetheusDB_mmc2	ProMetheusDB	METHYLATION	Arg methylation	Homo sapiens (Human)	Q07666:R304	Q07666:R304	True	external_methyl_table
Q07666	Q07666	Q07666	False	KHDRBS1	R	310	R310	di	Rme2	True	GRGVGPPRGALVRGT	GR(me)GVGPPR(di)GALVR(me), GR(me)GVGPPR(di)GALVR, GR(di)GVGPPR(di)GALVR, GR(di)GVGPPR(di)GALVR(me)	ProMetheusDB_mmc2	ProMetheusDB	METHYLATION	Arg methylation	Homo sapiens (Human)	Q07666:R310	Q07666:R310	True	external_methyl_table
Q07666	Q07666	Q07666	False	KHDRBS1	R	331	R331	di	Rme2	True	TRGATVTRGVPPPPT	GATVTR(di)GVPPPPTVR, GATVTR(di)GVPPPPTVR(di), GATVTR(di)GVPPPPTVR(me)	ProMetheusDB_mmc2	ProMetheusDB	METHYLATION	Arg methylation	Homo sapiens (Human)	Q07666:R331	Q07666:R331	True	external_methyl_table
Q07666	Q07666	Q07666	False	KHDRBS1	R	320	R320	me	Rme1	True	LVRGTPVRGAITRGA	GTPVR(me)GAITR, GTPVR(me)GAITR(di)GATVTR, GTPVR(me)GAITR(me)GATVTR, GTPVR(me)GAITR(me)	ProMetheusDB_mmc2	ProMetheusDB	METHYLATION	Arg methylation	Homo sapiens (Human)	Q07666:R320	Q07666:R320	True	external_methyl_table
Q07666	Q07666	Q07666	False	KHDRBS1	R	340	R340	me	Rme1	True	VPPPPTVRGAPAPRA	GATVTR(me)GVPPPPTVR(me), GVPPPPTVR(me)GAPAPR(me)AR(me), GATVTR(me)GVPPPPTVR(me)GAPAPR, GATVTR(di)GVPPPPTVR(me), GVPPPPTVR(me)GAPAPR(di)AR	ProMetheusDB_mmc2	ProMetheusDB	METHYLATION	Arg methylation	Homo sapiens (Human)	Q07666:R340	Q07666:R340	True	external_methyl_table
Q07666	Q07666	Q07666	False	KHDRBS1	R	291	R291	me	Rme1	True	RGVPVRGRGAAPPPP	R(me)GAAPPPPPVPR(me)G, R(me)GAAPPPPPVPRG, GR(me)GAAPPPPPVPR(me), GR(di)GVPVR(di)GR(me), GR(me)GAAPPPPPVPR	ProMetheusDB_mmc2	ProMetheusDB	METHYLATION	Arg methylation	Homo sapiens (Human)	Q07666:R291	Q07666:R291	True	external_methyl_table
Q07666	Q07666	Q07666	False	KHDRBS1	R	302	R302	me	Rme1	True	PPPPPVPRGRGVGPP	R(me)GAAPPPPPVPR(me)G, GR(di)GAAPPPPPVPR(me), GAAPPPPPVPR(me), GR(me)GAAPPPPPVPR(me)	ProMetheusDB_mmc2	ProMetheusDB	METHYLATION	Arg methylation	Homo sapiens (Human)	Q07666:R302	Q07666:R302	True	external_methyl_table
Q07666	Q07666	Q07666	False	KHDRBS1	R	45	R45	di	Rme2	True	PPLPHRSRGGGGGSR	SR(di)GGGGGSR(me)GGAR, SR(di)GGGGGSR(di)GGAR	ProMetheusDB_mmc2	ProMetheusDB	METHYLATION	Arg methylation	Homo sapiens (Human)	Q07666:R45	Q07666:R45	True	external_methyl_table
Q07666	Q07666	Q07666	False	KHDRBS1	R	52	R52	di	Rme2	True	RGGGGGSRGGARASP	SR(di)GGGGGSR(di)GGAR	ProMetheusDB_mmc2	ProMetheusDB	METHYLATION	Arg methylation	Homo sapiens (Human)	Q07666:R52	Q07666:R52	True	external_methyl_table
Q07666	Q07666	Q07666	False	KHDRBS1	R	346	R346	me	Rme1	True	VRGAPAPRARTAGIQ	GVPPPPTVR(me)GAPAPR(me)AR(me)	ProMetheusDB_mmc2	ProMetheusDB	METHYLATION	Arg methylation	Homo sapiens (Human)	Q07666:R346	Q07666:R346	True	external_methyl_table
Q07666	Q07666	Q07666	False	KHDRBS1	R	348	R348	me	Rme1	True	GAPAPRARTAGIQRI	GAPAPR(di)AR(me), GVPPPPTVR(me)GAPAPR(me)AR(me)	ProMetheusDB_mmc2	ProMetheusDB	METHYLATION	Arg methylation	Homo sapiens (Human)	Q07666:R348	Q07666:R348	True	external_methyl_table
Q07666	Q07666	Q07666	False	KHDRBS1	R	346	R346	di	Rme2	True	VRGAPAPRARTAGIQ	GAPAPR(di)AR(me), GVPPPPTVR(me)GAPAPR(di)AR, GAPAPR(di)AR	ProMetheusDB_mmc2	ProMetheusDB	METHYLATION	Arg methylation	Homo sapiens (Human)	Q07666:R346	Q07666:R346	True	external_methyl_table
Q07666	Q07666	Q07666	False	KHDRBS1	R	315	R315	me	Rme1	True	PPRGALVRGTPVRGA	GR(me)GVGPPR(di)GALVR(me), GR(me)GVGPPR(me)GALVR(me), GR(di)GVGPPR(di)GALVR(me)	ProMetheusDB_mmc2	ProMetheusDB	METHYLATION	Arg methylation	Homo sapiens (Human)	Q07666:R315	Q07666:R315	True	external_methyl_table
Q07666	Q07666	Q07666	False	KHDRBS1	R	302	R302	di	Rme2	True	PPPPPVPRGRGVGPP	GAAPPPPPVPR(di)	ProMetheusDB_mmc2	ProMetheusDB	METHYLATION	Arg methylation	Homo sapiens (Human)	Q07666:R302	Q07666:R302	True	external_methyl_table
Q07666	Q07666	Q07666	False	KHDRBS1	R	284	R284	di	Rme2	True	VPEPSRGRGVPVRGR	GR(di)GVPVR(di)GR(me), GR(di)GVPVR(di)GR	ProMetheusDB_mmc2	ProMetheusDB	METHYLATION	Arg methylation	Homo sapiens (Human)	Q07666:R284	Q07666:R284	True	external_methyl_table
Q07666	Q07666	Q07666	False	KHDRBS1	R	289	R289	di	Rme2	True	RGRGVPVRGRGAAPP	GR(di)GVPVR(di)GR(me), GR(di)GVPVR(di)GR	ProMetheusDB_mmc2	ProMetheusDB	METHYLATION	Arg methylation	Homo sapiens (Human)	Q07666:R289	Q07666:R289	True	external_methyl_table
Q07666	Q07666	Q07666	False	KHDRBS1	R	52	R52	me	Rme1	True	RGGGGGSRGGARASP	SR(di)GGGGGSR(me)GGAR	ProMetheusDB_mmc2	ProMetheusDB	METHYLATION	Arg methylation	Homo sapiens (Human)	Q07666:R52	Q07666:R52	True	external_methyl_table
Q07666	Q07666	Q07666	False	KHDRBS1	R	340	R340	di	Rme2	True	VPPPPTVRGAPAPRA	GATVTR(di)GVPPPPTVR(di)	ProMetheusDB_mmc2	ProMetheusDB	METHYLATION	Arg methylation	Homo sapiens (Human)	Q07666:R340	Q07666:R340	True	external_methyl_table
Q07666	Q07666	Q07666	False	KHDRBS1	R	442	R442	me	Rme1	True	YREHPYGRY______	GAYREHPYGR(me)Y	ProMetheusDB_mmc2	ProMetheusDB	METHYLATION	Arg methylation	Homo sapiens (Human)	Q07666:R442	Q07666:R442	True	external_methyl_table
O75525	O75525	O75525	False	KHDRBS3	R	206	R206	me	Rme1	True	APAITRGRGGVTARP	GR(me)GGVTARPVGVVVPR	ProMetheusDB_mmc2	ProMetheusDB	METHYLATION	Arg methylation	Homo sapiens (Human)	O75525:R206	O75525:R206	True	external_methyl_table
Q92945	Q92945	Q92945	False	KHSRP	R	442	R442	me	Rme1	True	KCGLVIGRGGENVKA	KCGLVIGR(me)GGENV, CGLVIGR(me)GGENVK	ProMetheusDB_mmc2	ProMetheusDB	METHYLATION	Arg methylation	Homo sapiens (Human)	Q92945:R442	Q92945:R442	True	external_methyl_table
Q92945	Q92945	Q92945	False	KHSRP	R	411	R411	me	Rme1	True	PGMPPGGRGRGRGQG	SGPPGPPGGPGMPPGGR(me)GR(me), SGPPGPPGGPGM(me)PPGGR(me)GR(me), RSGPPGPPGGPGMPPGGR(me)G, SGPPGPPGGPGMPPGGR(me), SGPPGPPGGPGM(me)PPGGR(me), SGPPGPPGGPGMPPGGR(me), SGPPGPPGGPGMPPGGR(me)GR(me), SGPPGPPGGPGMPPGGR(me)	ProMetheusDB_mmc2	ProMetheusDB	METHYLATION	Arg methylation	Homo sapiens (Human)	Q92945:R411	Q92945:R411	True	external_methyl_table
Q92945	Q92945	Q92945	False	KHSRP	R	413	R413	me	Rme1	True	MPPGGRGRGRGQGNW	SGPPGPPGGPGMPPGGR(me)GR(me), SGPPGPPGGPGM(me)PPGGR(me)GR(me), GR(me)GR(me)GQGNWGPPGGEMTFSIPTHK, GR(me)GR(me)GQGNWGPPGGEM(me)TFSIPTHK, R(me)GR(me)GQGNWGPPGGEMTFSIPTH, GR(me)GR(me)GQGNWGPPGGEMTFSIPTHK, SGPPGPPGGPGMPPGGR(me)GR(me), GR(me)GR(me)GQGNWGPPGGEMTFSIPTHK	ProMetheusDB_mmc2	ProMetheusDB	METHYLATION	Arg methylation	Homo sapiens (Human)	Q92945:R413	Q92945:R413	True	external_methyl_table
Q92945	Q92945	Q92945	False	KHSRP	R	415	R415	me	Rme1	True	PGGRGRGRGQGNWGP	GR(me)GQGNWGPPGGEM(me)TFSIPTHK, GR(me)GQGNWGPPGGEMTFSIPTHK, GR(me)GR(me)GQGNWGPPGGEMTFSIPTHK, GR(me)GR(me)GQGNWGPPGGEM(me)TFSIPTHK, R(me)GQGNWGPPGGEM(me)TFSIPTH, R(me)GR(me)GQGNWGPPGGEMTFSIPTH, GR(me)GQGNWGPPGGEMTFSIPTHK, GR(me)GR(me)GQGNWGPPGGEMTFSIPTHK, GR(me)GR(me)GQGNWGPPGGEMTFSIPTHK, R(me)GQGNWGPPGGEMTFSIPTH, GR(me)GQGNWGPPGGEMTFSIPTHK	ProMetheusDB_mmc2	ProMetheusDB	METHYLATION	Arg methylation	Homo sapiens (Human)	Q92945:R415	Q92945:R415	True	external_methyl_table
Q92945	Q92945	Q92945	False	KHSRP	R	413	R413	di	Rme2	True	MPPGGRGRGRGQGNW	SGPPGPPGGPGMPPGGR(di)GR(di)GR(di)GQGNWGPPGGEMTFSIPTHK, SGPPGPPGGPGMPPGGR(di)GR(di)GR(di)GQGNWGPPGGEMTFSIPTHK, GR(di)GR(di)GQGNWGPPGGEM(me)TFSIPTHK	ProMetheusDB_mmc2	ProMetheusDB	METHYLATION	Arg methylation	Homo sapiens (Human)	Q92945:R413	Q92945:R413	True	external_methyl_table
Q92945	Q92945	Q92945	False	KHSRP	R	415	R415	di	Rme2	True	PGGRGRGRGQGNWGP	SGPPGPPGGPGMPPGGR(di)GR(di)GR(di)GQGNWGPPGGEMTFSIPTHK, SGPPGPPGGPGMPPGGR(di)GR(di)GR(di)GQGNWGPPGGEMTFSIPTHK, GR(di)GR(di)GQGNWGPPGGEM(me)TFSIPTHK	ProMetheusDB_mmc2	ProMetheusDB	METHYLATION	Arg methylation	Homo sapiens (Human)	Q92945:R415	Q92945:R415	True	external_methyl_table
Q92945	Q92945	Q92945	False	KHSRP	R	411	R411	di	Rme2	True	PGMPPGGRGRGRGQG	SGPPGPPGGPGMPPGGR(di)GR(di)GR(di)GQGNWGPPGGEMTFSIPTHK, SGPPGPPGGPGMPPGGR(di)GR(di)GR(di)GQGNWGPPGGEMTFSIPTHK, SGPPGPPGGPGMPPGGR(di)GR	ProMetheusDB_mmc2	ProMetheusDB	METHYLATION	Arg methylation	Homo sapiens (Human)	Q92945:R411	Q92945:R411	True	external_methyl_table
O43896	O43896	O43896	False	KIF1C	R	948	R948	me	Rme1	True	WLKQEQLRLQGLQGS	QEQLR(me)LQGLQGSGGR(di)GGGLR	ProMetheusDB_mmc2	ProMetheusDB	METHYLATION	Arg methylation	Homo sapiens (Human)	O43896:R948	O43896:R948	True	external_methyl_table
O43896	O43896	O43896	False	KIF1C	R	958	R958	di	Rme2	True	GLQGSGGRGGGLRRP	QEQLR(me)LQGLQGSGGR(di)GGGLR, LQGLQGSGGR(di)GGGLR	ProMetheusDB_mmc2	ProMetheusDB	METHYLATION	Arg methylation	Homo sapiens (Human)	O43896:R958	O43896:R958	True	external_methyl_table
O43896	O43896	O43896	False	KIF1C	R	958	R958	me	Rme1	True	GLQGSGGRGGGLRRP	LQGLQGSGGR(me)GGGLR, LQGLQGSGGR(me)GGGLR(me)	ProMetheusDB_mmc2	ProMetheusDB	METHYLATION	Arg methylation	Homo sapiens (Human)	O43896:R958	O43896:R958	True	external_methyl_table
O43896	O43896	O43896	False	KIF1C	R	963	R963	me	Rme1	True	GGRGGGLRRPPARFV	LQGLQGSGGR(me)GGGLR(me)	ProMetheusDB_mmc2	ProMetheusDB	METHYLATION	Arg methylation	Homo sapiens (Human)	O43896:R963	O43896:R963	True	external_methyl_table
O43896	O43896	O43896	False	KIF1C	R	1041	R1041	me	Rme1	True	LDGGGRSRGAGSAQP	SR(me)GAGSAQPEPQHFQPK	ProMetheusDB_mmc2	ProMetheusDB	METHYLATION	Arg methylation	Homo sapiens (Human)	O43896:R1041	O43896:R1041	True	external_methyl_table
Q6ZMV9	Q6ZMV9	Q6ZMV9	False	KIF6	R	242	R242	di	Rme2	True	EPGSATVRHAKLHLV	EPGSATVR(di)	ProMetheusDB_mmc2	ProMetheusDB	METHYLATION	Arg methylation	Homo sapiens (Human)	Q6ZMV9:R242	Q6ZMV9:R242	True	external_methyl_table
Q9UMN6	Q9UMN6	Q9UMN6	False	KMT2B	R	49	R49	me	Rme1	True	RVRVALRRGGGATGP	R(me)GGGATGPGGAEPGEDTALLR	ProMetheusDB_mmc2	ProMetheusDB	METHYLATION	Arg methylation	Homo sapiens (Human)	Q9UMN6:R49	Q9UMN6:R49	True	external_methyl_table
Q8NEZ4	Q8NEZ4	Q8NEZ4	False	KMT2C	R	4139	R4139	di	Rme2	True	INPGLEYRQHLLLRG	INPGLEYR(di)QHLLLR	ProMetheusDB_mmc2	ProMetheusDB	METHYLATION	Arg methylation	Homo sapiens (Human)	Q8NEZ4:R4139	Q8NEZ4:R4139	True	external_methyl_table
Q8NEZ4	Q8NEZ4	Q8NEZ4	False	KMT2C	R	2571	R2571	di	Rme2	True	RAPDGRQRLPFSAPP	QR(di)LPFSAPPGSVVEASSNLR	ProMetheusDB_mmc2	ProMetheusDB	METHYLATION	Arg methylation	Homo sapiens (Human)	Q8NEZ4:R2571	Q8NEZ4:R2571	True	external_methyl_table
Q8NEZ4	Q8NEZ4	Q8NEZ4	False	KMT2C	R	2454	R2454	di	Rme2	True	VAPPLGPRYAVFPKD	SPVAPPLGPR(di)YAVFPK	ProMetheusDB_mmc2	ProMetheusDB	METHYLATION	Arg methylation	Homo sapiens (Human)	Q8NEZ4:R2454	Q8NEZ4:R2454	True	external_methyl_table
Q8NEZ4	Q8NEZ4	Q8NEZ4	False	KMT2C	R	4139	R4139	me	Rme1	True	INPGLEYRQHLLLRG	INPGLEYR(me)QHLLLR(me)	ProMetheusDB_mmc2	ProMetheusDB	METHYLATION	Arg methylation	Homo sapiens (Human)	Q8NEZ4:R4139	Q8NEZ4:R4139	True	external_methyl_table
Q8NEZ4	Q8NEZ4	Q8NEZ4	False	KMT2C	R	4145	R4145	me	Rme1	True	YRQHLLLRGPPPGSA	INPGLEYR(me)QHLLLR(me)	ProMetheusDB_mmc2	ProMetheusDB	METHYLATION	Arg methylation	Homo sapiens (Human)	Q8NEZ4:R4145	Q8NEZ4:R4145	True	external_methyl_table
Q8NEZ4	Q8NEZ4	Q8NEZ4	False	KMT2C	R	2569	R2569	me	Rme1	True	RHRAPDGRQRLPFSA	R(me)QR(me)LPFSAPPGSVVEASSNL	ProMetheusDB_mmc2	ProMetheusDB	METHYLATION	Arg methylation	Homo sapiens (Human)	Q8NEZ4:R2569	Q8NEZ4:R2569	True	external_methyl_table
Q8NEZ4	Q8NEZ4	Q8NEZ4	False	KMT2C	R	2571	R2571	me	Rme1	True	RAPDGRQRLPFSAPP	R(me)QR(me)LPFSAPPGSVVEASSNL	ProMetheusDB_mmc2	ProMetheusDB	METHYLATION	Arg methylation	Homo sapiens (Human)	Q8NEZ4:R2571	Q8NEZ4:R2571	True	external_methyl_table
O14686	O14686	O14686	False	KMT2D	R	2903	R2903	me	Rme1	True	PGQGPPQRPRFYPVS	GLGPGGTPFPGQGPPQR(me)PR(me)	ProMetheusDB_mmc2	ProMetheusDB	METHYLATION	Arg methylation	Homo sapiens (Human)	O14686:R2903	O14686:R2903	True	external_methyl_table
O14686	O14686	O14686	False	KMT2D	R	2905	R2905	me	Rme1	True	QGPPQRPRFYPVSED	GLGPGGTPFPGQGPPQR(me)PR(me)	ProMetheusDB_mmc2	ProMetheusDB	METHYLATION	Arg methylation	Homo sapiens (Human)	O14686:R2905	O14686:R2905	True	external_methyl_table
O14686	O14686	O14686	False	KMT2D	R	2443	R2443	di	Rme2	True	CPSPVTPRFQSPDPY	RPLSAEAFCPSPVTPR(di)FQSPDPYS, RVPASPQSQSSSQSPLTPRPLSAEAFCPSPVTPR(di)FQSPDPYS	ProMetheusDB_mmc2	ProMetheusDB	METHYLATION	Arg methylation	Homo sapiens (Human)	O14686:R2443	O14686:R2443	True	external_methyl_table
O14686	O14686	O14686	False	KMT2D	R	3727	R3727	di	Rme2	True	QLQLQQQRMQLAQKL	QLQLQQQR(di)MQLAQK, QLQLQQQR(di)M(me)QLAQK, QLQLQQQR(di)MQLAQK	ProMetheusDB_mmc2	ProMetheusDB	METHYLATION	Arg methylation	Homo sapiens (Human)	O14686:R3727	O14686:R3727	True	external_methyl_table
O14686	O14686	O14686	False	KMT2D	R	3727	R3727	me	Rme1	True	QLQLQQQRMQLAQKL	QLQLQQQR(me)M(me)QLAQK(me)	ProMetheusDB_mmc2	ProMetheusDB	METHYLATION	Arg methylation	Homo sapiens (Human)	O14686:R3727	O14686:R3727	True	external_methyl_table
O14686	O14686	O14686	False	KMT2D	R	4212	R4212	di	Rme2	True	LAKNPQLRHLSPQQQ	NPQLR(di)HLSPQQQQQLQALLMQR	ProMetheusDB_mmc2	ProMetheusDB	METHYLATION	Arg methylation	Homo sapiens (Human)	O14686:R4212	O14686:R4212	True	external_methyl_table
O14686	O14686	O14686	False	KMT2D	R	2471	R2471	di	Rme2	True	APLHKPPRPQPPEVA	DPFAPLHKPPR(di)PQPPEVAFK	ProMetheusDB_mmc2	ProMetheusDB	METHYLATION	Arg methylation	Homo sapiens (Human)	O14686:R2471	O14686:R2471	True	external_methyl_table
Q1ED39	Q1ED39	Q1ED39	False	KNOP1	R	430	R430	me	Rme1	True	AMSWKYSRGAGLGFS	YSR(me)GAGLGFSTAPNK	ProMetheusDB_mmc2	ProMetheusDB	METHYLATION	Arg methylation	Homo sapiens (Human)	Q1ED39:R430	Q1ED39:R430	True	external_methyl_table
P05783	P05783	P05783	False	KRT18	R	55	R55	me	Rme1	True	VSRSTSFRGGMGSGG	STSFR(me)GGMGSGGLATGIAGGLAGMGGIQNEK, STSFR(me)GGMGSGGLATGIAGGLAGMGGIQNEKETMQSLNDR, STSFR(me)GGM(me)GSGGLATGIAGGLAGMGGIQNEK, STSFR(me)GGMGSGGLATGIAGGLAGMGGIQNEKETMQSLNDR, STSFR(me)GGMGSGGLATGIAGGLAGMGGIQNEK, STSFR(me)GGMGSGGLATGIAGGLAGMGGIQNEK, STSFR(me)GGMGSGGLATGIAGGLAGM(me)GGIQNEKETM(me)QSLNDR, STSFR(me)GGMGSGGLATGIAGGLAGMGGIQNEKETM(me)QSLNDR, STSFR(me)GGM(me)GSGGLATGIAGGLAGM(me)GGIQNEK, STSFR(me)GGMGSGGLATGIAGGLAGMGGIQNEK, STSFR(me)GGMGSGGLATGIAGGLAGMGGIQNEK, STSFR(me)GGMGSGGLATGIAGGLAGM(me)GGIQNEK	ProMetheusDB_mmc2	ProMetheusDB	METHYLATION	Arg methylation	Homo sapiens (Human)	P05783:R55	P05783:R55	True	external_methyl_table
P05783	P05783	P05783	False	KRT18	R	45	R45	me	Rme1	True	GAGGSGSRISVSRST	PVSSAASVYAGAGGSGSR(me)ISVSR(me), PVSSAASVYAGAGGSGSR(me)	ProMetheusDB_mmc2	ProMetheusDB	METHYLATION	Arg methylation	Homo sapiens (Human)	P05783:R45	P05783:R45	True	external_methyl_table
P05783	P05783	P05783	False	KRT18	R	50	R50	me	Rme1	True	GSRISVSRSTSFRGG	PVSSAASVYAGAGGSGSR(me)ISVSR(me)	ProMetheusDB_mmc2	ProMetheusDB	METHYLATION	Arg methylation	Homo sapiens (Human)	P05783:R50	P05783:R50	True	external_methyl_table
P05783	P05783	P05783	False	KRT18	R	55	R55	di	Rme2	True	VSRSTSFRGGMGSGG	STSFR(di)GGMGSGGLATGIAGGLAGMGGIQNEK	ProMetheusDB_mmc2	ProMetheusDB	METHYLATION	Arg methylation	Homo sapiens (Human)	P05783:R55	P05783:R55	True	external_methyl_table
P08727	P08727	P08727	False	KRT19	R	32	R32	di	Rme2	True	FGPGVAFRAPSIHGG	FGPGVAFR(di)APSIHGGSGGR, FGPGVAFR(di)APSIHGGSGGR(me)GVSVSSAR	ProMetheusDB_mmc2	ProMetheusDB	METHYLATION	Arg methylation	Homo sapiens (Human)	P08727:R32	P08727:R32	True	external_methyl_table
P08727	P08727	P08727	False	KRT19	R	43	R43	me	Rme1	True	IHGGSGGRGVSVSSA	APSIHGGSGGR(me)GVSVSSAR(me), APSIHGGSGGR(me)GVSVSSAR(me)FVSSSSSGAYGGGYGGVLTASDGLLAGNEK, FGPGVAFR(di)APSIHGGSGGR(me)GVSVSSAR, FGPGVAFR(me)APSIHGGSGGR(me), APSIHGGSGGR(me)GVSVSSAR, FGPGVAFR(me)APSIHGGSGGR(me)GVSVSSAR	ProMetheusDB_mmc2	ProMetheusDB	METHYLATION	Arg methylation	Homo sapiens (Human)	P08727:R43	P08727:R43	True	external_methyl_table
P08727	P08727	P08727	False	KRT19	R	51	R51	me	Rme1	True	GVSVSSARFVSSSSS	APSIHGGSGGR(me)GVSVSSAR(me), APSIHGGSGGR(me)GVSVSSAR(me)FVSSSSSGAYGGGYGGVLTASDGLLAGNEK	ProMetheusDB_mmc2	ProMetheusDB	METHYLATION	Arg methylation	Homo sapiens (Human)	P08727:R51	P08727:R51	True	external_methyl_table
P08727	P08727	P08727	False	KRT19	R	32	R32	me	Rme1	True	FGPGVAFRAPSIHGG	FGPGVAFR(me)APSIHGGSGGR(me), FGPGVAFR(me)APSIHGGSGGR, FGPGVAFR(me)APSIHGGSGGR(me)GVSVSSAR	ProMetheusDB_mmc2	ProMetheusDB	METHYLATION	Arg methylation	Homo sapiens (Human)	P08727:R32	P08727:R32	True	external_methyl_table
P08729	P08729	P08729	False	KRT7	R	20	R20	di	Rme2	True	RSAAFSGRGAQVRLS	SAAFSGR(di)GAQVR, SAAFSGR(di)GAQVR(me), SAAFSGR(di)GAQVR(di)LSSAR	ProMetheusDB_mmc2	ProMetheusDB	METHYLATION	Arg methylation	Homo sapiens (Human)	P08729:R20	P08729:R20	True	external_methyl_table
P08729	P08729	P08729	False	KRT7	R	25	R25	di	Rme2	True	SGRGAQVRLSSARPG	SAAFSGR(di)GAQVR(di)LSSAR	ProMetheusDB_mmc2	ProMetheusDB	METHYLATION	Arg methylation	Homo sapiens (Human)	P08729:R25	P08729:R25	True	external_methyl_table
P08729	P08729	P08729	False	KRT7	R	20	R20	me	Rme1	True	RSAAFSGRGAQVRLS	SAAFSGR(me)GAQVR, SAAFSGR(me)GAQVR(me)	ProMetheusDB_mmc2	ProMetheusDB	METHYLATION	Arg methylation	Homo sapiens (Human)	P08729:R20	P08729:R20	True	external_methyl_table
P08729	P08729	P08729	False	KRT7	R	25	R25	me	Rme1	True	SGRGAQVRLSSARPG	SAAFSGR(di)GAQVR(me), SAAFSGR(me)GAQVR(me)	ProMetheusDB_mmc2	ProMetheusDB	METHYLATION	Arg methylation	Homo sapiens (Human)	P08729:R25	P08729:R25	True	external_methyl_table
P08729	P08729	P08729	False	KRT7	R	46	R46	me	Rme1	True	LYGLGASRPRVAVRS	PGGLGSSSLYGLGASR(me)PR(me)	ProMetheusDB_mmc2	ProMetheusDB	METHYLATION	Arg methylation	Homo sapiens (Human)	P08729:R46	P08729:R46	True	external_methyl_table
P08729	P08729	P08729	False	KRT7	R	48	R48	me	Rme1	True	GLGASRPRVAVRSAY	PGGLGSSSLYGLGASR(me)PR(me)	ProMetheusDB_mmc2	ProMetheusDB	METHYLATION	Arg methylation	Homo sapiens (Human)	P08729:R48	P08729:R48	True	external_methyl_table
P05787	P05787	P05787	False	KRT8	R	18	R18	di	Rme2	True	KVSTSGPRAFSSRSY	VSTSGPR(di)AFSSR	ProMetheusDB_mmc2	ProMetheusDB	METHYLATION	Arg methylation	Homo sapiens (Human)	P05787:R18	P05787:R18	True	external_methyl_table
P05787	P05787	P05787	False	KRT8	R	18	R18	me	Rme1	True	KVSTSGPRAFSSRSY	VSTSGPR(me)AFSSR, VSTSGPR(me)AFSSR(me)	ProMetheusDB_mmc2	ProMetheusDB	METHYLATION	Arg methylation	Homo sapiens (Human)	P05787:R18	P05787:R18	True	external_methyl_table
P05787	P05787	P05787	False	KRT8	R	23	R23	me	Rme1	True	GPRAFSSRSYTSGPG	VSTSGPR(me)AFSSR(me), AFSSR(me)SYTSGPGSR	ProMetheusDB_mmc2	ProMetheusDB	METHYLATION	Arg methylation	Homo sapiens (Human)	P05787:R23	P05787:R23	True	external_methyl_table
P05787	P05787	P05787	False	KRT8	R	40	R40	me	Rme1	True	ISSSSFSRVGSSNFR	ISSSSFSR(me)VGSSNFR(me), SYTSGPGSR(me)ISSSSFSR(me)	ProMetheusDB_mmc2	ProMetheusDB	METHYLATION	Arg methylation	Homo sapiens (Human)	P05787:R40	P05787:R40	True	external_methyl_table
P05787	P05787	P05787	False	KRT8	R	47	R47	me	Rme1	True	RVGSSNFRGGLGGGY	ISSSSFSR(me)VGSSNFR(me)	ProMetheusDB_mmc2	ProMetheusDB	METHYLATION	Arg methylation	Homo sapiens (Human)	P05787:R47	P05787:R47	True	external_methyl_table
P05787	P05787	P05787	False	KRT8	R	32	R32	me	Rme1	True	YTSGPGSRISSSSFS	SYTSGPGSR(me)ISSSSFSR(me)	ProMetheusDB_mmc2	ProMetheusDB	METHYLATION	Arg methylation	Homo sapiens (Human)	P05787:R32	P05787:R32	True	external_methyl_table
P11047	P11047	P11047	False	LAMC1	R	677	R677	me	Rme1	True	DVTLASARPGPGVPA	SAGYLDDVTLASAR(me)	ProMetheusDB_mmc2	ProMetheusDB	METHYLATION	Arg methylation	Homo sapiens (Human)	P11047:R677	P11047:R677	True	external_methyl_table
Q71RC2	Q71RC2	Q71RC2	False	LARP4	R	443	R443	me	Rme1	True	EQNGDYGRGRRTLFR	ETSTLQVEQNGDYGR(me), KETSTLQVEQNGDYGR(me)G, ETSTLQVEQNGDYGR(me)GR	ProMetheusDB_mmc2	ProMetheusDB	METHYLATION	Arg methylation	Homo sapiens (Human)	Q71RC2:R443	Q71RC2:R443	True	external_methyl_table
Q71RC2	Q71RC2	Q71RC2	False	LARP4	R	680	R680	me	Rme1	True	SKDYSGFRGNIIPRG	DYSGFR(me)GNIIPR	ProMetheusDB_mmc2	ProMetheusDB	METHYLATION	Arg methylation	Homo sapiens (Human)	Q71RC2:R680	Q71RC2:R680	True	external_methyl_table
Q92615	Q92615	Q92615	False	LARP4B	R	493	R493	me	Rme1	True	ESSPGLGRGRKNSFG	VEPGSLESSPGLGR(me), VEPGSLESSPGLGR(me)GR(me), VEPGSLESSPGLGR(me)GR, RVEPGSLESSPGLGR(me)G	ProMetheusDB_mmc2	ProMetheusDB	METHYLATION	Arg methylation	Homo sapiens (Human)	Q92615:R493	Q92615:R493	True	external_methyl_table
Q92615	Q92615	Q92615	False	LARP4B	R	495	R495	me	Rme1	True	SPGLGRGRKNSFGYR	VEPGSLESSPGLGRGR(me), VEPGSLESSPGLGR(me)GR(me)	ProMetheusDB_mmc2	ProMetheusDB	METHYLATION	Arg methylation	Homo sapiens (Human)	Q92615:R495	Q92615:R495	True	external_methyl_table
Q92615	Q92615	Q92615	False	LARP4B	R	419	R419	me	Rme1	True	NPSKSHLRHAIPSAE	SHLR(me)HAIPSAERGPGLLESPSIFNFTADR, SHLR(me)HAIPSAER	ProMetheusDB_mmc2	ProMetheusDB	METHYLATION	Arg methylation	Homo sapiens (Human)	Q92615:R419	Q92615:R419	True	external_methyl_table
Q92615	Q92615	Q92615	False	LARP4B	R	493	R493	di	Rme2	True	ESSPGLGRGRKNSFG	VEPGSLESSPGLGR(di)GR	ProMetheusDB_mmc2	ProMetheusDB	METHYLATION	Arg methylation	Homo sapiens (Human)	Q92615:R493	Q92615:R493	True	external_methyl_table
Q96PV6	Q96PV6	Q96PV6	False	LENG8	R	374	R374	me	Rme1	True	RGAGSATRGGGAPSQ	GAGSATR(me)GGGAPSQR(di)GTPGAGGAGR	ProMetheusDB_mmc2	ProMetheusDB	METHYLATION	Arg methylation	Homo sapiens (Human)	Q96PV6:R374	Q96PV6:R374	True	external_methyl_table
Q96PV6	Q96PV6	Q96PV6	False	LENG8	R	382	R382	di	Rme2	True	GGGAPSQRGTPGAGG	GAGSATR(me)GGGAPSQR(di)GTPGAGGAGR	ProMetheusDB_mmc2	ProMetheusDB	METHYLATION	Arg methylation	Homo sapiens (Human)	Q96PV6:R382	Q96PV6:R382	True	external_methyl_table
Q9HAP6	Q9HAP6	Q9HAP6	False	LIN7B	R	45	R45	me	Rme1	True	LQRVLQSRFCSAIRE	LQALQRVLQSR(me)FCSAIR	ProMetheusDB_mmc2	ProMetheusDB	METHYLATION	Arg methylation	Homo sapiens (Human)	Q9HAP6:R45	Q9HAP6:R45	True	external_methyl_table
Q8N7H1	Q8N7H1	Q8N7H1	False	LINC01465	R	8	R8	di	Rme2	True	MGGKSAVRHQLVLDC	SAVR(di)HQLVLDCPR	ProMetheusDB_mmc2	ProMetheusDB	METHYLATION	Arg methylation	Homo sapiens (Human)	Q8N7H1:R8	Q8N7H1:R8	True	external_methyl_table
P02545	P02545	P02545	False	LMNA	R	644	R644	me	Rme1	True	FGDNLVTRSYLLGNS	SVGGSGGGSFGDNLVTR(me)	ProMetheusDB_mmc2	ProMetheusDB	METHYLATION	Arg methylation	Homo sapiens (Human)	P02545:R644	P02545:R644	True	external_methyl_table
P02545	P02545	P02545	False	LMNA	R	249	R249	me	Rme1	True	ADALQELRAQHEDQV	LADALQELR(me)	ProMetheusDB_mmc2	ProMetheusDB	METHYLATION	Arg methylation	Homo sapiens (Human)	P02545:R249	P02545:R249	True	external_methyl_table
P20700	P20700	P20700	False	LMNB1	R	14	R14	me	Rme1	True	VPPRMGSRAGGPTTP	R(me)AGGPTTPLSPT, MGSR(me)AGGPTTPLSPTR	ProMetheusDB_mmc2	ProMetheusDB	METHYLATION	Arg methylation	Homo sapiens (Human)	P20700:R14	P20700:R14	True	external_methyl_table
Q8WWI1	Q8WWI1	Q8WWI1	False	LMO7	R	922	R922	me	Rme1	True	RPFGSQTRGISSLPR	PFGSQTR(me)GISSLPR	ProMetheusDB_mmc2	ProMetheusDB	METHYLATION	Arg methylation	Homo sapiens (Human)	Q8WWI1:R922	Q8WWI1:R922	True	external_methyl_table
P36776	P36776	P36776	False	LONP1	R	959	R959	me	Rme1	True	AEALAVER_______	EIFDIAFPDEQAEALAVER(me)	ProMetheusDB_mmc2	ProMetheusDB	METHYLATION	Arg methylation	Homo sapiens (Human)	P36776:R959	P36776:R959	True	external_methyl_table
Q9H089	Q9H089	Q9H089	False	LSG1	R	5	R5	me	Rme1	True	___MGRRRAPAGGSL	R(me)APAGGSLGR(di)ALMR	ProMetheusDB_mmc2	ProMetheusDB	METHYLATION	Arg methylation	Homo sapiens (Human)	Q9H089:R5	Q9H089:R5	True	external_methyl_table
Q9H089	Q9H089	Q9H089	False	LSG1	R	14	R14	di	Rme2	True	PAGGSLGRALMRHQT	APAGGSLGR(di)ALMR, R(me)APAGGSLGR(di)ALMR	ProMetheusDB_mmc2	ProMetheusDB	METHYLATION	Arg methylation	Homo sapiens (Human)	Q9H089:R14	Q9H089:R14	True	external_methyl_table
P83369	P83369	P83369	False	LSM11	R	279	R279	me	Rme1	True	RGSHKRSRSVPSSLQ	SR(me)SVPSSLQASAR	ProMetheusDB_mmc2	ProMetheusDB	METHYLATION	Arg methylation	Homo sapiens (Human)	P83369:R279	P83369:R279	True	external_methyl_table
Q9BX40	Q9BX40	Q9BX40	False	LSM14B	R	351	R351	me	Rme1	True	ETFGVSGRFLRGRSS	LNTETFGVSGR(me), KLNTETFGVSGR(me)	ProMetheusDB_mmc2	ProMetheusDB	METHYLATION	Arg methylation	Homo sapiens (Human)	Q9BX40:R351	Q9BX40:R351	True	external_methyl_table
Q9Y4Z0	Q9Y4Z0	Q9Y4Z0	False	LSM4	R	88	R88	di	Rme2	True	EEVVAKGRGRGGLQQ	GR(di)GR(di)GGLQQQK	ProMetheusDB_mmc2	ProMetheusDB	METHYLATION	Arg methylation	Homo sapiens (Human)	Q9Y4Z0:R88	Q9Y4Z0:R88	True	external_methyl_table
Q9Y4Z0	Q9Y4Z0	Q9Y4Z0	False	LSM4	R	90	R90	di	Rme2	True	VVAKGRGRGGLQQQK	GR(di)GR(di)GGLQQQK	ProMetheusDB_mmc2	ProMetheusDB	METHYLATION	Arg methylation	Homo sapiens (Human)	Q9Y4Z0:R90	Q9Y4Z0:R90	True	external_methyl_table
Q9Y4Z0	Q9Y4Z0	Q9Y4Z0	False	LSM4	R	117	R117	me	Rme1	True	GVFGGRGRGGIPGTG	R(me)GGIPGTGR(me)GQPE	ProMetheusDB_mmc2	ProMetheusDB	METHYLATION	Arg methylation	Homo sapiens (Human)	Q9Y4Z0:R117	Q9Y4Z0:R117	True	external_methyl_table
Q9Y4Z0	Q9Y4Z0	Q9Y4Z0	False	LSM4	R	125	R125	me	Rme1	True	GGIPGTGRGQPEKKP	R(me)GGIPGTGR(me)GQPE	ProMetheusDB_mmc2	ProMetheusDB	METHYLATION	Arg methylation	Homo sapiens (Human)	Q9Y4Z0:R125	Q9Y4Z0:R125	True	external_methyl_table
Q96JK9	Q96JK9	Q96JK9	False	MAML3	R	996	R996	me	Rme1	True	PLQAGQPRLTKQHFP	TSGELGPFNNGASYPLQAGQPR(me)LTK(me)	ProMetheusDB_mmc2	ProMetheusDB	METHYLATION	Arg methylation	Homo sapiens (Human)	Q96JK9:R996	Q96JK9:R996	True	external_methyl_table
P45985	P45985	P45985	False	MAP2K4	R	58	R58	me	Rme1	True	PPFKSTARFTLNPNP	STAR(me)FTLNPNPTGVQNPHIER, R(me)FTLNPNPTGVQNPHIE	ProMetheusDB_mmc2	ProMetheusDB	METHYLATION	Arg methylation	Homo sapiens (Human)	P45985:R58	P45985:R58	True	external_methyl_table
P45985	P45985	P45985	False	MAP2K4	R	58	R58	di	Rme2	True	PPFKSTARFTLNPNP	STAR(di)FTLNPNPTGVQNPHIER	ProMetheusDB_mmc2	ProMetheusDB	METHYLATION	Arg methylation	Homo sapiens (Human)	P45985:R58	P45985:R58	True	external_methyl_table
Q9NYL2	Q9NYL2	Q9NYL2	False	MAP3K20	R	683	R683	di	Rme2	True	RSRNKYGRGSISLNS	YGR(di)GSISLNSSPR(me)GR(me), YGR(di)GSISLNSSPR(di)GR	ProMetheusDB_mmc2	ProMetheusDB	METHYLATION	Arg methylation	Homo sapiens (Human)	Q9NYL2:R683	Q9NYL2:R683	True	external_methyl_table
Q9NYL2	Q9NYL2	Q9NYL2	False	MAP3K20	R	693	R693	me	Rme1	True	ISLNSSPRGRYSGKS	YGR(di)GSISLNSSPR(me)GR(me)	ProMetheusDB_mmc2	ProMetheusDB	METHYLATION	Arg methylation	Homo sapiens (Human)	Q9NYL2:R693	Q9NYL2:R693	True	external_methyl_table
Q9NYL2	Q9NYL2	Q9NYL2	False	MAP3K20	R	695	R695	me	Rme1	True	LNSSPRGRYSGKSQH	YGR(di)GSISLNSSPR(me)GR(me)	ProMetheusDB_mmc2	ProMetheusDB	METHYLATION	Arg methylation	Homo sapiens (Human)	Q9NYL2:R695	Q9NYL2:R695	True	external_methyl_table
Q9NYL2	Q9NYL2	Q9NYL2	False	MAP3K20	R	693	R693	di	Rme2	True	ISLNSSPRGRYSGKS	YGR(di)GSISLNSSPR(di)GR	ProMetheusDB_mmc2	ProMetheusDB	METHYLATION	Arg methylation	Homo sapiens (Human)	Q9NYL2:R693	Q9NYL2:R693	True	external_methyl_table
P31153	P31153	P31153	False	MAT2A	R	264	R264	me	Rme1	True	GDAGLTGRKIIVDTY	FVIGGPQGDAGLTGR(me)	ProMetheusDB_mmc2	ProMetheusDB	METHYLATION	Arg methylation	Homo sapiens (Human)	P31153:R264	P31153:R264	True	external_methyl_table
P43243	P43243	P43243	False	MATR3	R	12	R12	me	Rme1	True	FQQSSLSRDSQGHGR	SFQQSSLSR(me)	ProMetheusDB_mmc2	ProMetheusDB	METHYLATION	Arg methylation	Homo sapiens (Human)	P43243:R12	P43243:R12	True	external_methyl_table
Q96DN6	Q96DN6	Q96DN6	False	MBD6	R	896	R896	di	Rme2	True	LALKWGTRGGFNGQM	WGTR(di)GGFNGQMER	ProMetheusDB_mmc2	ProMetheusDB	METHYLATION	Arg methylation	Homo sapiens (Human)	Q96DN6:R896	Q96DN6:R896	True	external_methyl_table
Q5VZF2	Q5VZF2	Q5VZF2	False	MBNL2	R	183	R183	me	Rme1	True	TDKLEVCREFQRGNC	LEVCR(me)EFQR	ProMetheusDB_mmc2	ProMetheusDB	METHYLATION	Arg methylation	Homo sapiens (Human)	Q5VZF2:R183	Q5VZF2:R183	True	external_methyl_table
P33992	P33992	P33992	False	MCM5	R	323	R323	me	Rme1	True	PQEEEEFRRLAALPN	SFAGAVSPQEEEEFR(me)	ProMetheusDB_mmc2	ProMetheusDB	METHYLATION	Arg methylation	Homo sapiens (Human)	P33992:R323	P33992:R323	True	external_methyl_table
Q93074	Q93074	Q93074	False	MED12	R	1899	R1899	di	Rme2	True	SYKTSVYRQQQPAVP	TSVYR(di)QQQPAVPQGQR(me)LR(me), TSVYR(di)QQQPAVPQGQR	ProMetheusDB_mmc2	ProMetheusDB	METHYLATION	Arg methylation	Homo sapiens (Human)	Q93074:R1899	Q93074:R1899	True	external_methyl_table
Q93074	Q93074	Q93074	False	MED12	R	1871	R1871	di	Rme2	True	PMQKLPTRPTYPGVL	LPTR(di)PTYPGVLPTTMTGVMGLEPSSYK	ProMetheusDB_mmc2	ProMetheusDB	METHYLATION	Arg methylation	Homo sapiens (Human)	Q93074:R1871	Q93074:R1871	True	external_methyl_table
Q93074	Q93074	Q93074	False	MED12	R	1899	R1899	me	Rme1	True	SYKTSVYRQQQPAVP	TSVYR(me)QQQPAVPQGQR	ProMetheusDB_mmc2	ProMetheusDB	METHYLATION	Arg methylation	Homo sapiens (Human)	Q93074:R1899	Q93074:R1899	True	external_methyl_table
Q93074	Q93074	Q93074	False	MED12	R	1859	R1859	di	Rme2	True	GPRVDPYRPVRLPMQ	VDPYR(di)PVR(di)LPMQK	ProMetheusDB_mmc2	ProMetheusDB	METHYLATION	Arg methylation	Homo sapiens (Human)	Q93074:R1859	Q93074:R1859	True	external_methyl_table
Q93074	Q93074	Q93074	False	MED12	R	1862	R1862	di	Rme2	True	VDPYRPVRLPMQKLP	VDPYR(di)PVR(di)LPMQK	ProMetheusDB_mmc2	ProMetheusDB	METHYLATION	Arg methylation	Homo sapiens (Human)	Q93074:R1862	Q93074:R1862	True	external_methyl_table
Q93074	Q93074	Q93074	False	MED12	R	1910	R1910	me	Rme1	True	PAVPQGQRLRQQLQQ	TSVYR(di)QQQPAVPQGQR(me)LR(me)	ProMetheusDB_mmc2	ProMetheusDB	METHYLATION	Arg methylation	Homo sapiens (Human)	Q93074:R1910	Q93074:R1910	True	external_methyl_table
Q93074	Q93074	Q93074	False	MED12	R	1912	R1912	me	Rme1	True	VPQGQRLRQQLQQSQ	TSVYR(di)QQQPAVPQGQR(me)LR(me)	ProMetheusDB_mmc2	ProMetheusDB	METHYLATION	Arg methylation	Homo sapiens (Human)	Q93074:R1912	Q93074:R1912	True	external_methyl_table
Q71F56	Q71F56	Q71F56	False	MED13L	R	1061	R1061	me	Rme1	True	PRTPRTPRGGGTASG	TPR(me)GGGTASGQGSVK	ProMetheusDB_mmc2	ProMetheusDB	METHYLATION	Arg methylation	Homo sapiens (Human)	Q71F56:R1061	Q71F56:R1061	True	external_methyl_table
Q02080	Q02080	Q02080	False	MEF2B	R	219	R219	me	Rme1	True	PGGLAGPRGGLNTSR	RSDLPGGLAGPR(me)GGLNTSR(me)	ProMetheusDB_mmc2	ProMetheusDB	METHYLATION	Arg methylation	Homo sapiens (Human)	Q02080:R219	Q02080:R219	True	external_methyl_table
Q02080	Q02080	Q02080	False	MEF2B	R	226	R226	me	Rme1	True	RGGLNTSRSLYSGLQ	RSDLPGGLAGPR(me)GGLNTSR(me)	ProMetheusDB_mmc2	ProMetheusDB	METHYLATION	Arg methylation	Homo sapiens (Human)	Q02080:R226	Q02080:R226	True	external_methyl_table
Q96PC5	Q96PC5	Q96PC5	False	MIA2	R	1317	R1317	di	Rme2	True	PLFPVDARGPFLRRG	GPLFPVDAR(di)GPFLR	ProMetheusDB_mmc2	ProMetheusDB	METHYLATION	Arg methylation	Homo sapiens (Human)	Q96PC5:R1317	Q96PC5:R1317	True	external_methyl_table
Q96PC5	Q96PC5	Q96PC5	False	MIA2	R	1165	R1165	me	Rme1	True	LLPGGGGRGSRGPGN	LSPLLPGGGGR(me)GSR(me)GPGNPLDHQITNER, LSPLLPGGGGR(me), LSPLLPGGGGR(me)GSR	ProMetheusDB_mmc2	ProMetheusDB	METHYLATION	Arg methylation	Homo sapiens (Human)	Q96PC5:R1165	Q96PC5:R1165	True	external_methyl_table
Q96PC5	Q96PC5	Q96PC5	False	MIA2	R	1168	R1168	me	Rme1	True	GGGGRGSRGPGNPLD	LSPLLPGGGGR(me)GSR(me)GPGNPLDHQITNER	ProMetheusDB_mmc2	ProMetheusDB	METHYLATION	Arg methylation	Homo sapiens (Human)	Q96PC5:R1168	Q96PC5:R1168	True	external_methyl_table
Q5JRA6	Q5JRA6	Q5JRA6	False	MIA3	R	1859	R1859	di	Rme2	True	EYFIPGTRLPPPTHG	EYFIPGTR(di)LPPPTHGPQEYPPPPAVR	ProMetheusDB_mmc2	ProMetheusDB	METHYLATION	Arg methylation	Homo sapiens (Human)	Q5JRA6:R1859	Q5JRA6:R1859	True	external_methyl_table
Q5JRA6	Q5JRA6	Q5JRA6	False	MIA3	R	1851	R1851	me	Rme1	True	PLGSLGPREYFIPGT	R(me)EYFIPGTR(me)LPPPTHGPQEYPPPPAV	ProMetheusDB_mmc2	ProMetheusDB	METHYLATION	Arg methylation	Homo sapiens (Human)	Q5JRA6:R1851	Q5JRA6:R1851	True	external_methyl_table
Q5JRA6	Q5JRA6	Q5JRA6	False	MIA3	R	1859	R1859	me	Rme1	True	EYFIPGTRLPPPTHG	R(me)EYFIPGTR(me)LPPPTHGPQEYPPPPAV	ProMetheusDB_mmc2	ProMetheusDB	METHYLATION	Arg methylation	Homo sapiens (Human)	Q5JRA6:R1859	Q5JRA6:R1859	True	external_methyl_table
Q6PJG2	Q6PJG2	Q6PJG2	False	MIDEAS	R	447	R447	me	Rme1	True	GDCGQVLRGGVIQST	AVSTGDCGQVLR(me)GGVIQSTR	ProMetheusDB_mmc2	ProMetheusDB	METHYLATION	Arg methylation	Homo sapiens (Human)	Q6PJG2:R447	Q6PJG2:R447	True	external_methyl_table
Q6PJG2	Q6PJG2	Q6PJG2	False	MIDEAS	R	193	R193	di	Rme2	True	KVQLEVGRPQAPLNS	VQLEVGR(di)PQAPLNSFHAAK	ProMetheusDB_mmc2	ProMetheusDB	METHYLATION	Arg methylation	Homo sapiens (Human)	Q6PJG2:R193	Q6PJG2:R193	True	external_methyl_table
Q6PJG2	Q6PJG2	Q6PJG2	False	MIDEAS	R	455	R455	me	Rme1	True	GGVIQSTRRRRRASQ	AVSTGDCGQVLRGGVIQSTR(me)	ProMetheusDB_mmc2	ProMetheusDB	METHYLATION	Arg methylation	Homo sapiens (Human)	Q6PJG2:R455	Q6PJG2:R455	True	external_methyl_table
Q8IVT2	Q8IVT2	Q8IVT2	False	MISP	R	6	R6	di	Rme2	True	__MDRVTRYPILGIP	VTR(di)YPILGIPQAHR	ProMetheusDB_mmc2	ProMetheusDB	METHYLATION	Arg methylation	Homo sapiens (Human)	Q8IVT2:R6	Q8IVT2:R6	True	external_methyl_table
P46013	P46013	P46013	False	MKI67	R	2543	R2543	me	Rme1	True	AASVTGSRRQLRTRK	QILDPAASVTGSR(me)	ProMetheusDB_mmc2	ProMetheusDB	METHYLATION	Arg methylation	Homo sapiens (Human)	P46013:R2543	P46013:R2543	True	external_methyl_table
Q9BU76	Q9BU76	Q9BU76	False	MMTAG2	R	10	R10	me	Rme1	True	GSSRGGVRGGQDQFN	GGVR(me)GGQDQFNWEDVK	ProMetheusDB_mmc2	ProMetheusDB	METHYLATION	Arg methylation	Homo sapiens (Human)	Q9BU76:R10	Q9BU76:R10	True	external_methyl_table
Q9BU76	Q9BU76	Q9BU76	False	MMTAG2	R	6	R6	me	Rme1	True	__MFGSSRGGVRGGQ	MFGSSR(me)GGVR	ProMetheusDB_mmc2	ProMetheusDB	METHYLATION	Arg methylation	Homo sapiens (Human)	Q9BU76:R6	Q9BU76:R6	True	external_methyl_table
Q10571	Q10571	Q10571	False	MN1	R	456	R456	me	Rme1	True	PYMNVAKRPRFDFPG	R(me)PR(me)FDFPGSAGVDR	ProMetheusDB_mmc2	ProMetheusDB	METHYLATION	Arg methylation	Homo sapiens (Human)	Q10571:R456	Q10571:R456	True	external_methyl_table
Q10571	Q10571	Q10571	False	MN1	R	458	R458	me	Rme1	True	MNVAKRPRFDFPGSA	R(me)PR(me)FDFPGSAGVDR	ProMetheusDB_mmc2	ProMetheusDB	METHYLATION	Arg methylation	Homo sapiens (Human)	Q10571:R458	Q10571:R458	True	external_methyl_table
Q8TAP9	Q8TAP9	Q8TAP9	False	MPLKIP	R	57	R57	me	Rme1	True	HTPPYGPRSRPYGSS	DGYGSPHHTPPYGPR(me)	ProMetheusDB_mmc2	ProMetheusDB	METHYLATION	Arg methylation	Homo sapiens (Human)	Q8TAP9:R57	Q8TAP9:R57	True	external_methyl_table
Q8TAP9	Q8TAP9	Q8TAP9	False	MPLKIP	R	117	R117	me	Rme1	True	THPQGSPRTSTPFGS	SPAGSQQQFGYSPGQQQTHPQGSPR(me)TSTPFGSGR(me)	ProMetheusDB_mmc2	ProMetheusDB	METHYLATION	Arg methylation	Homo sapiens (Human)	Q8TAP9:R117	Q8TAP9:R117	True	external_methyl_table
Q8TAP9	Q8TAP9	Q8TAP9	False	MPLKIP	R	126	R126	me	Rme1	True	STPFGSGRVREKRMS	SPAGSQQQFGYSPGQQQTHPQGSPR(me)TSTPFGSGR(me)	ProMetheusDB_mmc2	ProMetheusDB	METHYLATION	Arg methylation	Homo sapiens (Human)	Q8TAP9:R126	Q8TAP9:R126	True	external_methyl_table
Q8TAP9	Q8TAP9	Q8TAP9	False	MPLKIP	R	59	R59	di	Rme2	True	PPYGPRSRPYGSSHS	SR(di)PYGSSHSPR(me), SR(di)PYGSSHSPR	ProMetheusDB_mmc2	ProMetheusDB	METHYLATION	Arg methylation	Homo sapiens (Human)	Q8TAP9:R59	Q8TAP9:R59	True	external_methyl_table
Q8TAP9	Q8TAP9	Q8TAP9	False	MPLKIP	R	68	R68	me	Rme1	True	YGSSHSPRHGGSFPG	SR(di)PYGSSHSPR(me)	ProMetheusDB_mmc2	ProMetheusDB	METHYLATION	Arg methylation	Homo sapiens (Human)	Q8TAP9:R68	Q8TAP9:R68	True	external_methyl_table
P49959	P49959	P49959	False	MRE11	R	577	R577	di	Rme2	True	RGRGRGRRGGRGQNS	R(di)GGR(di)GQNSASR(di)GGSQR	ProMetheusDB_mmc2	ProMetheusDB	METHYLATION	Arg methylation	Homo sapiens (Human)	P49959:R577	P49959:R577	True	external_methyl_table
P49959	P49959	P49959	False	MRE11	R	580	R580	di	Rme2	True	GRGRRGGRGQNSASR	R(di)GGR(di)GQNSASR(di)GGSQR	ProMetheusDB_mmc2	ProMetheusDB	METHYLATION	Arg methylation	Homo sapiens (Human)	P49959:R580	P49959:R580	True	external_methyl_table
P49959	P49959	P49959	False	MRE11	R	587	R587	di	Rme2	True	RGQNSASRGGSQRGR	R(di)GGR(di)GQNSASR(di)GGSQR	ProMetheusDB_mmc2	ProMetheusDB	METHYLATION	Arg methylation	Homo sapiens (Human)	P49959:R587	P49959:R587	True	external_methyl_table
O15235	O15235	O15235	False	MRPS12	R	68	R68	me	Rme1	True	VVLCTFTRKPKKPNS	GVVLCTFTR(me)K	ProMetheusDB_mmc2	ProMetheusDB	METHYLATION	Arg methylation	Homo sapiens (Human)	O15235:R68	O15235:R68	True	external_methyl_table
P26038	P26038	P26038	False	MSN	R	393	R393	me	Rme1	True	AEKLAKERQEAEEAK	ER(me)QEAEEAKEALLQASR	ProMetheusDB_mmc2	ProMetheusDB	METHYLATION	Arg methylation	Homo sapiens (Human)	P26038:R393	P26038:R393	True	external_methyl_table
Q13330	Q13330	Q13330	False	MTA1	R	636	R636	me	Rme1	True	PTKVRLIRGGSLPPV	LIR(me)GGSLPPVKR	ProMetheusDB_mmc2	ProMetheusDB	METHYLATION	Arg methylation	Homo sapiens (Human)	Q13330:R636	Q13330:R636	True	external_methyl_table
Q9Y4B5	Q9Y4B5	Q9Y4B5	False	MTCL1	R	1304	R1304	me	Rme1	True	FPHQGSLRMPRPVAM	DGNVRPFPHQGSLR(me)M(me)PR, DGNVRPFPHQGSLR(me)MPR	ProMetheusDB_mmc2	ProMetheusDB	METHYLATION	Arg methylation	Homo sapiens (Human)	Q9Y4B5:R1304	Q9Y4B5:R1304	True	external_methyl_table
P15941	P15941	P15941	False	MUC1	R	1217	R1217	me	Rme1	True	PTYHTHGRYVPPSST	DTYHPMSEYPTYHTHGR(me)	ProMetheusDB_mmc2	ProMetheusDB	METHYLATION	Arg methylation	Homo sapiens (Human)	P15941:R1217	P15941:R1217	True	external_methyl_table
P12882	P12882	P12882	False	MYH1	R	1254	R1254	di	Rme2	True	GNLEKMCRALEDQLS	GNLEK(di)MCR(di)	ProMetheusDB_mmc2	ProMetheusDB	METHYLATION	Arg methylation	Homo sapiens (Human)	P12882:R1254	P12882:R1254	True	external_methyl_table
P35580	P35580	P35580	False	MYH10	R	1940	R1940	me	Rme1	True	PISFSSSRSGRRQLH	GGPISFSSSR(me)	ProMetheusDB_mmc2	ProMetheusDB	METHYLATION	Arg methylation	Homo sapiens (Human)	P35580:R1940	P35580:R1940	True	external_methyl_table
P35579	P35579	P35579	False	MYH9	R	923	R923	me	Rme1	True	ICHDLEARVEEEEER	KQELEEICHDLEAR(me)	ProMetheusDB_mmc2	ProMetheusDB	METHYLATION	Arg methylation	Homo sapiens (Human)	P35579:R923	P35579:R923	True	external_methyl_table
P35579	P35579	P35579	False	MYH9	R	1923	R1923	me	Rme1	True	SLKNKLRRGDLPFVV	R(me)GDLPFVVPR	ProMetheusDB_mmc2	ProMetheusDB	METHYLATION	Arg methylation	Homo sapiens (Human)	P35579:R1923	P35579:R1923	True	external_methyl_table
Q13459	Q13459	Q13459	False	MYO9B	R	2055	R2055	me	Rme1	True	PSSFVTVRVKTPRRT	RRPSSFVTVR(me)VK	ProMetheusDB_mmc2	ProMetheusDB	METHYLATION	Arg methylation	Homo sapiens (Human)	Q13459:R2055	Q13459:R2055	True	external_methyl_table
Q96HR8	Q96HR8	Q96HR8	False	NAF1	R	375	R375	me	Rme1	True	YRNREFTRGFSRARY	EFTR(me)GFSR	ProMetheusDB_mmc2	ProMetheusDB	METHYLATION	Arg methylation	Homo sapiens (Human)	Q96HR8:R375	Q96HR8:R375	True	external_methyl_table
Q96HR8	Q96HR8	Q96HR8	False	NAF1	R	384	R384	me	Rme1	True	FSRARYPRSCHGRPP	YPR(me)SCHGR(me)PPPQHFYNSEHM(me)VSQETSGFPSQR, YPR(me)SCHGR(me)PPPQHFYNSEHMVSQETSGFPSQR	ProMetheusDB_mmc2	ProMetheusDB	METHYLATION	Arg methylation	Homo sapiens (Human)	Q96HR8:R384	Q96HR8:R384	True	external_methyl_table
Q96HR8	Q96HR8	Q96HR8	False	NAF1	R	389	R389	me	Rme1	True	YPRSCHGRPPPQHFY	YPR(me)SCHGR(me)PPPQHFYNSEHM(me)VSQETSGFPSQR, YPR(me)SCHGR(me)PPPQHFYNSEHMVSQETSGFPSQR	ProMetheusDB_mmc2	ProMetheusDB	METHYLATION	Arg methylation	Homo sapiens (Human)	Q96HR8:R389	Q96HR8:R389	True	external_methyl_table
Q9NR45	Q9NR45	Q9NR45	False	NANS	R	264	R264	me	Rme1	True	GELAELVRSVRLVER	GSDHSASLEPGELAELVR(me)	ProMetheusDB_mmc2	ProMetheusDB	METHYLATION	Arg methylation	Homo sapiens (Human)	Q9NR45:R264	Q9NR45:R264	True	external_methyl_table
P55209	P55209	P55209	False	NAP1L1	R	72	R72	me	Rme1	True	GYIESLPRVVKRRVN	LDGLVETPTGYIESLPR(me)	ProMetheusDB_mmc2	ProMetheusDB	METHYLATION	Arg methylation	Homo sapiens (Human)	P55209:R72	P55209:R72	True	external_methyl_table
Q9H0A0	Q9H0A0	Q9H0A0	False	NAT10	R	718	R718	me	Rme1	True	VSYGLTPRLLKFWKR	LDYLGVSYGLTPR(me)	ProMetheusDB_mmc2	ProMetheusDB	METHYLATION	Arg methylation	Homo sapiens (Human)	Q9H0A0:R718	Q9H0A0:R718	True	external_methyl_table
P52298	P52298	P52298	False	NCBP2	R	146	R146	me	Rme1	True	RQDYDAGRGGYGKLA	RQDYDAGR(me)GGYG, DEYRQDYDAGR(me)GGYGK, SGGQVRDEYRQDYDAGR(me)GGYGK	ProMetheusDB_mmc2	ProMetheusDB	METHYLATION	Arg methylation	Homo sapiens (Human)	P52298:R146	P52298:R146	True	external_methyl_table
Q53F19	Q53F19	Q53F19	False	NCBP3	R	107	R107	me	Rme1	True	SEVNLAQRNVALDRD	SEVNLAQR(me)	ProMetheusDB_mmc2	ProMetheusDB	METHYLATION	Arg methylation	Homo sapiens (Human)	Q53F19:R107	Q53F19:R107	True	external_methyl_table
P19338	P19338	P19338	False	NCL	R	656	R656	me	Rme1	True	GEGGFGGRGGGRGGF	GEGGFGGR(me)	ProMetheusDB_mmc2	ProMetheusDB	METHYLATION	Arg methylation	Homo sapiens (Human)	P19338:R656	P19338:R656	True	external_methyl_table
P19338	P19338	P19338	False	NCL	R	694	R694	di	Rme2	True	RGGFRGGRGGGGDHK	GGFR(di)GGR(di)GGGGDHKPQGK, GGR(di)GGGGDHKPQGK	ProMetheusDB_mmc2	ProMetheusDB	METHYLATION	Arg methylation	Homo sapiens (Human)	P19338:R694	P19338:R694	True	external_methyl_table
P19338	P19338	P19338	False	NCL	R	687	R687	me	Rme1	True	GRGGFGGRGGFRGGR	GGFGGR(me)GGFR, GR(di)GGFGGR(me)GGFR	ProMetheusDB_mmc2	ProMetheusDB	METHYLATION	Arg methylation	Homo sapiens (Human)	P19338:R687	P19338:R687	True	external_methyl_table
P19338	P19338	P19338	False	NCL	R	681	R681	di	Rme2	True	GGFGGRGRGGFGGRG	GR(di)GGFGGR(di)GGFR, GR(di)GGFGGR(me)GGFR	ProMetheusDB_mmc2	ProMetheusDB	METHYLATION	Arg methylation	Homo sapiens (Human)	P19338:R681	P19338:R681	True	external_methyl_table
P19338	P19338	P19338	False	NCL	R	687	R687	di	Rme2	True	GRGGFGGRGGFRGGR	GR(di)GGFGGR(di)GGFR	ProMetheusDB_mmc2	ProMetheusDB	METHYLATION	Arg methylation	Homo sapiens (Human)	P19338:R687	P19338:R687	True	external_methyl_table
P19338	P19338	P19338	False	NCL	R	561	R561	me	Rme1	True	RLELQGPRGSPNARS	LELQGPR(me)GSPNAR, LELQGPR(me)	ProMetheusDB_mmc2	ProMetheusDB	METHYLATION	Arg methylation	Homo sapiens (Human)	P19338:R561	P19338:R561	True	external_methyl_table
P19338	P19338	P19338	False	NCL	R	656	R656	di	Rme2	True	GEGGFGGRGGGRGGF	GEGGFGGR(di)GGGR(di)	ProMetheusDB_mmc2	ProMetheusDB	METHYLATION	Arg methylation	Homo sapiens (Human)	P19338:R656	P19338:R656	True	external_methyl_table
P19338	P19338	P19338	False	NCL	R	660	R660	di	Rme2	True	FGGRGGGRGGFGGRG	GEGGFGGR(di)GGGR(di)	ProMetheusDB_mmc2	ProMetheusDB	METHYLATION	Arg methylation	Homo sapiens (Human)	P19338:R660	P19338:R660	True	external_methyl_table
P19338	P19338	P19338	False	NCL	R	691	R691	di	Rme2	True	FGGRGGFRGGRGGGG	GGFR(di)GGR(di)GGGGDHKPQGK	ProMetheusDB_mmc2	ProMetheusDB	METHYLATION	Arg methylation	Homo sapiens (Human)	P19338:R691	P19338:R691	True	external_methyl_table
Q15788	Q15788	Q15788	False	NCOA1	R	1131	R1131	di	Rme2	True	RQLIQQQRAMLMRQQ	QLIQQQR(di)AMLM(me)R	ProMetheusDB_mmc2	ProMetheusDB	METHYLATION	Arg methylation	Homo sapiens (Human)	Q15788:R1131	Q15788:R1131	True	external_methyl_table
Q15596	Q15596	Q15596	False	NCOA2	R	1240	R1240	me	Rme1	True	QMLAQRQREILNQHL	QR(me)EILNQHLR	ProMetheusDB_mmc2	ProMetheusDB	METHYLATION	Arg methylation	Homo sapiens (Human)	Q15596:R1240	Q15596:R1240	True	external_methyl_table
Q9Y6Q9	Q9Y6Q9	Q9Y6Q9	False	NCOA3	R	1171	R1171	di	Rme2	True	TNTPKQLRMQLQQRL	QLR(di)M(me)QLQQR(me), QLR(di)M(me)QLQQR	ProMetheusDB_mmc2	ProMetheusDB	METHYLATION	Arg methylation	Homo sapiens (Human)	Q9Y6Q9:R1171	Q9Y6Q9:R1171	True	external_methyl_table
Q9Y6Q9	Q9Y6Q9	Q9Y6Q9	False	NCOA3	R	1188	R1188	di	Rme2	True	QQFLNQSRQALELKM	LQGQQFLNQSR(di)QALELK, R(di)LQGQQFLNQSR(di)QALEL	ProMetheusDB_mmc2	ProMetheusDB	METHYLATION	Arg methylation	Homo sapiens (Human)	Q9Y6Q9:R1188	Q9Y6Q9:R1188	True	external_methyl_table
Q9Y6Q9	Q9Y6Q9	Q9Y6Q9	False	NCOA3	R	1177	R1177	me	Rme1	True	LRMQLQQRLQGQQFL	QLR(di)M(me)QLQQR(me)	ProMetheusDB_mmc2	ProMetheusDB	METHYLATION	Arg methylation	Homo sapiens (Human)	Q9Y6Q9:R1177	Q9Y6Q9:R1177	True	external_methyl_table
Q9Y6Q9	Q9Y6Q9	Q9Y6Q9	False	NCOA3	R	1177	R1177	di	Rme2	True	LRMQLQQRLQGQQFL	R(di)LQGQQFLNQSR(di)QALEL	ProMetheusDB_mmc2	ProMetheusDB	METHYLATION	Arg methylation	Homo sapiens (Human)	Q9Y6Q9:R1177	Q9Y6Q9:R1177	True	external_methyl_table
Q14686	Q14686	Q14686	False	NCOA6	R	148	R148	me	Rme1	True	QNRSQDVRMNGPMGA	SQDVR(me)MNGPMGAGNSVR	ProMetheusDB_mmc2	ProMetheusDB	METHYLATION	Arg methylation	Homo sapiens (Human)	Q14686:R148	Q14686:R148	True	external_methyl_table
O75376	O75376	O75376	False	NCOR1	R	1589	R1589	me	Rme1	True	AAAYLFQRQLSPTPG	ALDPAAAAYLFQR(me)	ProMetheusDB_mmc2	ProMetheusDB	METHYLATION	Arg methylation	Homo sapiens (Human)	O75376:R1589	O75376:R1589	True	external_methyl_table
Q9Y618	Q9Y618	Q9Y618	False	NCOR2	R	1711	R1711	me	Rme1	True	AQRADMLRGLSPRES	ADMLR(me)GLSPR, ADM(me)LR(me)GLSPR, ADMLR(me)GLSPR	ProMetheusDB_mmc2	ProMetheusDB	METHYLATION	Arg methylation	Homo sapiens (Human)	Q9Y618:R1711	Q9Y618:R1711	True	external_methyl_table
Q9Y618	Q9Y618	Q9Y618	False	NCOR2	R	1653	R1653	me	Rme1	True	AAAYYLPRHLAPNPT	GIPLDAAAAYYLPR(me)	ProMetheusDB_mmc2	ProMetheusDB	METHYLATION	Arg methylation	Homo sapiens (Human)	Q9Y618:R1653	Q9Y618:R1653	True	external_methyl_table
O75306	O75306	O75306	False	NDUFS2	R	118	R118	me	Rme1	True	PHIGLLHRGTEKLIE	KCDPHIGLLHR(me)GTEK(me)	ProMetheusDB_mmc2	ProMetheusDB	METHYLATION	Arg methylation	Homo sapiens (Human)	O75306:R118	O75306:R118	True	external_methyl_table
O75306	O75306	O75306	False	NDUFS2	R	118	R118	di	Rme2	True	PHIGLLHRGTEKLIE	KCDPHIGLLHR(di)GTEK	ProMetheusDB_mmc2	ProMetheusDB	METHYLATION	Arg methylation	Homo sapiens (Human)	O75306:R118	O75306:R118	True	external_methyl_table
O76041-2	O76041-2	O76041	True	NEBL	R	132	R132	me	Rme1	True	DFEKTKGRGFTPVVD	GR(me)GFTPVVDDPVTER	ProMetheusDB_mmc2	ProMetheusDB	METHYLATION	Arg methylation	Homo sapiens (Human)	O76041-2:R132	O76041:R132	True	external_methyl_table
O76041-2	O76041-2	O76041	True	NEBL	R	96	R96	me	Rme1	True	DFEESKGRGFSIVTD	GR(me)GFSIVTDTPELQR	ProMetheusDB_mmc2	ProMetheusDB	METHYLATION	Arg methylation	Homo sapiens (Human)	O76041-2:R96	O76041:R96	True	external_methyl_table
O76041-2	O76041-2	O76041	True	NEBL	R	96	R96	di	Rme2	True	DFEESKGRGFSIVTD	GR(di)GFSIVTDTPELQR	ProMetheusDB_mmc2	ProMetheusDB	METHYLATION	Arg methylation	Homo sapiens (Human)	O76041-2:R96	O76041:R96	True	external_methyl_table
Q8NC96	Q8NC96	Q8NC96	False	NECAP1	R	180	R180	me	Rme1	True	ASKPRTARGGGLSLL	R(me)GGGLSLLPPPPGG	ProMetheusDB_mmc2	ProMetheusDB	METHYLATION	Arg methylation	Homo sapiens (Human)	Q8NC96:R180	Q8NC96:R180	True	external_methyl_table
Q13469	Q13469	Q13469	False	NFATC2	R	150	R150	me	Rme1	True	AGVAASPRFTLPVPG	DAGLLVEQPPLAGVAASPR(me)	ProMetheusDB_mmc2	ProMetheusDB	METHYLATION	Arg methylation	Homo sapiens (Human)	Q13469:R150	Q13469:R150	True	external_methyl_table
Q12857	Q12857	Q12857	False	NFIA	R	389	R389	me	Rme1	True	YFSHPAIRYHPQETL	ASPHATPSTLHFPTSPIIQQPGPYFSHPAIR(me)YHPQETLK(me)	ProMetheusDB_mmc2	ProMetheusDB	METHYLATION	Arg methylation	Homo sapiens (Human)	Q12857:R389	Q12857:R389	True	external_methyl_table
O00712	O00712	O00712	False	NFIB	R	335	R335	me	Rme1	True	SPQDSSPRLSTFPQH	KPEKPLFSSASPQDSSPR(me)	ProMetheusDB_mmc2	ProMetheusDB	METHYLATION	Arg methylation	Homo sapiens (Human)	O00712:R335	O00712:R335	True	external_methyl_table
P08651-3	P08651-3	P08651	True	NFIC	R	418	R418	me	Rme1	True	QPGPPTLRPTRPLQT	DLVSLACDPASQQPGPPTLR(me)PTR(me)	ProMetheusDB_mmc2	ProMetheusDB	METHYLATION	Arg methylation	Homo sapiens (Human)	P08651-3:R418	P08651:R418	True	external_methyl_table
P08651-3	P08651-3	P08651	True	NFIC	R	421	R421	me	Rme1	True	PPTLRPTRPLQTVPL	DLVSLACDPASQQPGPPTLR(me)PTR(me)	ProMetheusDB_mmc2	ProMetheusDB	METHYLATION	Arg methylation	Homo sapiens (Human)	P08651-3:R421	P08651:R421	True	external_methyl_table
Q14938	Q14938	Q14938	False	NFIX	R	390	R390	di	Rme2	True	YFTHPTIRYHHHHGQ	ATASALHFPSTSIIQQSSPYFTHPTIR(di)YHHHHGQDSLK	ProMetheusDB_mmc2	ProMetheusDB	METHYLATION	Arg methylation	Homo sapiens (Human)	Q14938:R390	Q14938:R390	True	external_methyl_table
Q9NX24	Q9NX24	Q9NX24	False	NHP2	R	41	R41	me	Rme1	True	IAQPLASRRLTRKLY	TYQELLVNQNPIAQPLASR(me)	ProMetheusDB_mmc2	ProMetheusDB	METHYLATION	Arg methylation	Homo sapiens (Human)	Q9NX24:R41	Q9NX24:R41	True	external_methyl_table
Q6KC79	Q6KC79	Q6KC79	False	NIPBL	R	1294	R1294	me	Rme1	True	NDTEEEERLWRDLIM	LSTLLNHNNDTEEEER(me)	ProMetheusDB_mmc2	ProMetheusDB	METHYLATION	Arg methylation	Homo sapiens (Human)	Q6KC79:R1294	Q6KC79:R1294	True	external_methyl_table
Q14978	Q14978	Q14978	False	NOLC1	R	683	R683	me	Rme1	True	KKKRGSYRGGSISVQ	GSYR(me)GGSISVQVNSIK	ProMetheusDB_mmc2	ProMetheusDB	METHYLATION	Arg methylation	Homo sapiens (Human)	Q14978:R683	Q14978:R683	True	external_methyl_table
Q15233	Q15233	Q15233	False	NONO	R	456	R456	me	Rme1	True	GTPPAFNRAAPGAEF	FGQAATM(me)EGIGAIGGTPPAFNR(me)AAPGAEFAPNKR, FGQAATMEGIGAIGGTPPAFNR(me)AAPGAEFAPNKR	ProMetheusDB_mmc2	ProMetheusDB	METHYLATION	Arg methylation	Homo sapiens (Human)	Q15233:R456	Q15233:R456	True	external_methyl_table
Q15233	Q15233	Q15233	False	NONO	R	142	R142	me	Rme1	True	RGKQLRVRFACHSAS	VR(me)FACHSASLTVR	ProMetheusDB_mmc2	ProMetheusDB	METHYLATION	Arg methylation	Homo sapiens (Human)	Q15233:R142	Q15233:R142	True	external_methyl_table
Q15233	Q15233	Q15233	False	NONO	R	256	R256	me	Rme1	True	KEREQPPRFAQPGSF	EQPPR(me)FAQPGSFEYEYAMR, EQPPR(me)FAQPGSFEYEYAMR, EQPPR(me)FAQPGSFEYEYAM(me)R	ProMetheusDB_mmc2	ProMetheusDB	METHYLATION	Arg methylation	Homo sapiens (Human)	Q15233:R256	Q15233:R256	True	external_methyl_table
O00567	O00567	O00567	False	NOP56	R	359	R359	me	Rme1	True	FHSTFIGRAAAKNKG	YGLIFHSTFIGR(me)AAAK(me), YGLIFHSTFIGR(me)	ProMetheusDB_mmc2	ProMetheusDB	METHYLATION	Arg methylation	Homo sapiens (Human)	O00567:R359	O00567:R359	True	external_methyl_table
O00567	O00567	O00567	False	NOP56	R	307	R307	me	Rme1	True	IGEAVGARLIAHAGS	MSQVAPSLSALIGEAVGAR(me)	ProMetheusDB_mmc2	ProMetheusDB	METHYLATION	Arg methylation	Homo sapiens (Human)	O00567:R307	O00567:R307	True	external_methyl_table
O00567	O00567	O00567	False	NOP56	R	220	R220	me	Rme1	True	LAQFIGNRRELNEDK	LAQFIGNR(me)	ProMetheusDB_mmc2	ProMetheusDB	METHYLATION	Arg methylation	Homo sapiens (Human)	O00567:R220	O00567:R220	True	external_methyl_table
P55786	P55786	P55786	False	NPEPPS	R	912	R912	me	Rme1	True	IHQYLLQRKASPPTV	DAESIHQYLLQR(me)	ProMetheusDB_mmc2	ProMetheusDB	METHYLATION	Arg methylation	Homo sapiens (Human)	P55786:R912	P55786:R912	True	external_methyl_table
P06748	P06748	P06748	False	NPM1	R	45	R45	me	Rme1	True	NEHQLSLRTVSLGAG	VDNDENEHQLSLR(me)	ProMetheusDB_mmc2	ProMetheusDB	METHYLATION	Arg methylation	Homo sapiens (Human)	P06748:R45	P06748:R45	True	external_methyl_table
P55055	P55055	P55055	False	NR1H2	R	126	R126	me	Rme1	True	GARRYACRGGGTCQM	YACR(me)GGGTCQMDAFMR, YACR(me)GGGTCQM(me)DAFM(me)R, YACR(me)GGGTCQMDAFMR	ProMetheusDB_mmc2	ProMetheusDB	METHYLATION	Arg methylation	Homo sapiens (Human)	P55055:R126	P55055:R126	True	external_methyl_table
Q92570	Q92570	Q92570	False	NR4A3	R	187	R187	di	Rme2	True	VPTVAGARFPLFHFK	AVPTVAGAR(di)FPLFHFK	ProMetheusDB_mmc2	ProMetheusDB	METHYLATION	Arg methylation	Homo sapiens (Human)	Q92570:R187	Q92570:R187	True	external_methyl_table
O43809	O43809	O43809	False	NUDT21	R	15	R15	me	Rme1	True	RSQTGWPRGVTQFGN	SQTGWPR(me)GVTQFGNK	ProMetheusDB_mmc2	ProMetheusDB	METHYLATION	Arg methylation	Homo sapiens (Human)	O43809:R15	O43809:R15	True	external_methyl_table
Q14980	Q14980	Q14980	False	NUMA1	R	1321	R1321	me	Rme1	True	ELTSQAERAEELGQE	QELTSQAER(me)	ProMetheusDB_mmc2	ProMetheusDB	METHYLATION	Arg methylation	Homo sapiens (Human)	Q14980:R1321	Q14980:R1321	True	external_methyl_table
P49757	P49757	P49757	False	NUMB	R	196	R196	di	Rme2	True	FTREGSFRVTTATEQ	EGSFR(di)VTTATEQAER(di)	ProMetheusDB_mmc2	ProMetheusDB	METHYLATION	Arg methylation	Homo sapiens (Human)	P49757:R196	P49757:R196	True	external_methyl_table
P49757	P49757	P49757	False	NUMB	R	206	R206	di	Rme2	True	TATEQAEREEIMKQM	EGSFR(di)VTTATEQAER(di)	ProMetheusDB_mmc2	ProMetheusDB	METHYLATION	Arg methylation	Homo sapiens (Human)	P49757:R206	P49757:R206	True	external_methyl_table
Q8WUM0	Q8WUM0	Q8WUM0	False	NUP133	R	17	R17	me	Rme1	True	TPGTGSRRGPLAGLG	R(me)GPLAGLGPGSTPR, R(me)GPLAGLGPGSTPR(me)	ProMetheusDB_mmc2	ProMetheusDB	METHYLATION	Arg methylation	Homo sapiens (Human)	Q8WUM0:R17	Q8WUM0:R17	True	external_methyl_table
Q8WUM0	Q8WUM0	Q8WUM0	False	NUP133	R	30	R30	me	Rme1	True	LGPGSTPRTASRKGL	R(me)GPLAGLGPGSTPR(me)	ProMetheusDB_mmc2	ProMetheusDB	METHYLATION	Arg methylation	Homo sapiens (Human)	Q8WUM0:R30	Q8WUM0:R30	True	external_methyl_table
Q01804	Q01804	Q01804	False	OTUD4	R	1061	R1061	me	Rme1	True	SDWGYSGRGGYQHVR	SDWGYSGR(me)GGYQHVR	ProMetheusDB_mmc2	ProMetheusDB	METHYLATION	Arg methylation	Homo sapiens (Human)	Q01804:R1061	Q01804:R1061	True	external_methyl_table
Q01804	Q01804	Q01804	False	OTUD4	R	1061	R1061	di	Rme2	True	SDWGYSGRGGYQHVR	SDWGYSGR(di)GGYQHVR	ProMetheusDB_mmc2	ProMetheusDB	METHYLATION	Arg methylation	Homo sapiens (Human)	Q01804:R1061	Q01804:R1061	True	external_methyl_table
P11940	P11940	P11940	False	PABPC1	R	493	R493	di	Rme2	True	STQTMGPRPAAAAAA	VANTSTQTM(me)GPR(di)PAAAAAAATPAVR, VANTSTQTMGPR(di)PAAAAAAATPAVR, VANTSTQTMGPR(di)PAAAAAAATPAVR, VANTSTQTMGPR(di)PAAAAAAATPAVR(me), RVANTSTQTMGPR(di)PAAAAAAATPAV, VANTSTQTMGPR(di)PAAAAAAATPAVR, VANTSTQTMGPR(di)PAAAAAAATPAVR(me), VANTSTQTM(me)GPR(di)PAAAAAAATPAVR(me)	ProMetheusDB_mmc2	ProMetheusDB	METHYLATION	Arg methylation	Homo sapiens (Human)	P11940:R493	P11940:R493	True	external_methyl_table
P11940	P11940	P11940	False	PABPC1	R	493	R493	me	Rme1	True	STQTMGPRPAAAAAA	VANTSTQTMGPR(me)PAAAAAAATPAVR, VANTSTQTMGPR(me)PAAAAAAATPAVR, VANTSTQTMGPR(me)PAAAAAAATPAVR(me), VANTSTQTM(me)GPR(me)PAAAAAAATPAVR(me), VANTSTQTM(me)GPR(me)PAAAAAAATPAVR, VANTSTQTMGPR(me)PAAAAAAATPAVR(me)	ProMetheusDB_mmc2	ProMetheusDB	METHYLATION	Arg methylation	Homo sapiens (Human)	P11940:R493	P11940:R493	True	external_methyl_table
P11940	P11940	P11940	False	PABPC1	R	506	R506	me	Rme1	True	AAATPAVRTVPQYKY	VANTSTQTMGPR(me)PAAAAAAATPAVR(me), VANTSTQTM(me)GPR(me)PAAAAAAATPAVR(me), VANTSTQTMGPR(di)PAAAAAAATPAVR(me), VANTSTQTMGPR(me)PAAAAAAATPAVR(me), VANTSTQTMGPR(di)PAAAAAAATPAVR(me), VANTSTQTM(me)GPR(di)PAAAAAAATPAVR(me)	ProMetheusDB_mmc2	ProMetheusDB	METHYLATION	Arg methylation	Homo sapiens (Human)	P11940:R506	P11940:R506	True	external_methyl_table
P11940	P11940	P11940	False	PABPC1	R	385	R385	me	Rme1	True	LTNQYMQRMASVRAV	QAHLTNQYMQR(me), QAHLTNQYM(me)QR(me), QAHLTNQYMQR(me)	ProMetheusDB_mmc2	ProMetheusDB	METHYLATION	Arg methylation	Homo sapiens (Human)	P11940:R385	P11940:R385	True	external_methyl_table
P11940	P11940	P11940	False	PABPC1	R	436	R436	di	Rme2	True	AQLRPSPRWTAQGAR	PSPR(di)WTAQGAR, LR(di)PSPR(di)WTAQGAR	ProMetheusDB_mmc2	ProMetheusDB	METHYLATION	Arg methylation	Homo sapiens (Human)	P11940:R436	P11940:R436	True	external_methyl_table
P11940	P11940	P11940	False	PABPC1	R	419	R419	me	Rme1	True	AIPQTQNRAAYYPPS	R(me)AAYYPPSQIAQL	ProMetheusDB_mmc2	ProMetheusDB	METHYLATION	Arg methylation	Homo sapiens (Human)	P11940:R419	P11940:R419	True	external_methyl_table
P11940	P11940	P11940	False	PABPC1	R	432	R432	di	Rme2	True	PSQIAQLRPSPRWTA	LR(di)PSPR(di)WTAQGAR	ProMetheusDB_mmc2	ProMetheusDB	METHYLATION	Arg methylation	Homo sapiens (Human)	P11940:R432	P11940:R432	True	external_methyl_table
P11940	P11940	P11940	False	PABPC1	R	506	R506	di	Rme2	True	AAATPAVRTVPQYKY	VANTSTQTM(me)GPRPAAAAAAATPAVR(di)	ProMetheusDB_mmc2	ProMetheusDB	METHYLATION	Arg methylation	Homo sapiens (Human)	P11940:R506	P11940:R506	True	external_methyl_table
Q13310	Q13310	Q13310	False	PABPC4	R	518	R518	di	Rme2	True	AVAAAAPRAVAPYKY	AAVAAAAPR(di)AVAPYK	ProMetheusDB_mmc2	ProMetheusDB	METHYLATION	Arg methylation	Homo sapiens (Human)	Q13310:R518	Q13310:R518	True	external_methyl_table
Q13310-2	Q13310-2	Q13310	True	PABPC4	R	475	R475	me	Rme1	True	TGNAPASRGLPTTTQ	HLAPTGNAPASR(me)	ProMetheusDB_mmc2	ProMetheusDB	METHYLATION	Arg methylation	Homo sapiens (Human)	Q13310-2:R475	Q13310:R475	True	external_methyl_table
Q13310	Q13310	Q13310	False	PABPC4	R	509	R509	me	Rme1	True	AVQNLAPRAAVAAAA	LAMDFGGAGAAQQGLTDSCQSGGVPTAVQNLAPR(me), LAM(me)DFGGAGAAQQGLTDSCQSGGVPTAVQNLAPR(me)	ProMetheusDB_mmc2	ProMetheusDB	METHYLATION	Arg methylation	Homo sapiens (Human)	Q13310:R509	Q13310:R509	True	external_methyl_table
Q13310	Q13310	Q13310	False	PABPC4	R	454	R454	me	Rme1	True	QGMPSAIRQSGPRPT	WQQGGRPQGFQGM(me)PSAIR(me)	ProMetheusDB_mmc2	ProMetheusDB	METHYLATION	Arg methylation	Homo sapiens (Human)	Q13310:R454	Q13310:R454	True	external_methyl_table
Q86U42	Q86U42	Q86U42	False	PABPN1	R	238	R238	me	Rme1	True	ALDESLFRGRQIKVI	TSLALDESLFR(me), TSLALDESLFR(me)GR, TSLALDESLFR(me)GR(me), RTSLALDESLFR(me)G	ProMetheusDB_mmc2	ProMetheusDB	METHYLATION	Arg methylation	Homo sapiens (Human)	Q86U42:R238	Q86U42:R238	True	external_methyl_table
Q86U42	Q86U42	Q86U42	False	PABPN1	R	17	R17	me	Rme1	True	AAGAAGGRGSGPGRR	AAAAAAAAAAGAAGGR(me)	ProMetheusDB_mmc2	ProMetheusDB	METHYLATION	Arg methylation	Homo sapiens (Human)	Q86U42:R17	Q86U42:R17	True	external_methyl_table
Q86U42	Q86U42	Q86U42	False	PABPN1	R	240	R240	me	Rme1	True	DESLFRGRQIKVIPK	TSLALDESLFR(me)GR(me)	ProMetheusDB_mmc2	ProMetheusDB	METHYLATION	Arg methylation	Homo sapiens (Human)	Q86U42:R240	Q86U42:R240	True	external_methyl_table
Q86U42	Q86U42	Q86U42	False	PABPN1	R	259	R259	me	Rme1	True	PGISTTDRGFPRARY	RTNRPGISTTDR(me)GFPR, TNRPGISTTDR(me)GFPR	ProMetheusDB_mmc2	ProMetheusDB	METHYLATION	Arg methylation	Homo sapiens (Human)	Q86U42:R259	Q86U42:R259	True	external_methyl_table
Q86U42	Q86U42	Q86U42	False	PABPN1	R	279	R279	me	Rme1	True	NYNSSRSRFYSGFNS	SR(me)FYSGFNSR	ProMetheusDB_mmc2	ProMetheusDB	METHYLATION	Arg methylation	Homo sapiens (Human)	Q86U42:R279	Q86U42:R279	True	external_methyl_table
Q9H074	Q9H074	Q9H074	False	PAIP1	R	21	R21	me	Rme1	True	GRSRGLGRGGGGPEG	R(me)GLGR(me)GGGGPEGGGFPNGAGPAE, R(me)GGGGPEGGGFPNGAGPAE, GLGR(me)GGGGPEGGGFPNGAGPAER, SR(me)GLGR(me)GGGGPEGGGFPNGAGPAER	ProMetheusDB_mmc2	ProMetheusDB	METHYLATION	Arg methylation	Homo sapiens (Human)	Q9H074:R21	Q9H074:R21	True	external_methyl_table
Q9H074	Q9H074	Q9H074	False	PAIP1	R	21	R21	di	Rme2	True	GRSRGLGRGGGGPEG	SR(di)GLGR(di)GGGGPEGGGFPNGAGPAER, GLGR(di)GGGGPEGGGFPNGAGPAER	ProMetheusDB_mmc2	ProMetheusDB	METHYLATION	Arg methylation	Homo sapiens (Human)	Q9H074:R21	Q9H074:R21	True	external_methyl_table
Q9H074	Q9H074	Q9H074	False	PAIP1	R	17	R17	me	Rme1	True	GAGRGRSRGLGRGGG	R(me)GLGR(me)GGGGPEGGGFPNGAGPAE, APGAGR(di)GR(di)SR(me), SR(me)GLGR(me)GGGGPEGGGFPNGAGPAER	ProMetheusDB_mmc2	ProMetheusDB	METHYLATION	Arg methylation	Homo sapiens (Human)	Q9H074:R17	Q9H074:R17	True	external_methyl_table
Q9H074	Q9H074	Q9H074	False	PAIP1	R	17	R17	di	Rme2	True	GAGRGRSRGLGRGGG	SR(di)GLGR(di)GGGGPEGGGFPNGAGPAER	ProMetheusDB_mmc2	ProMetheusDB	METHYLATION	Arg methylation	Homo sapiens (Human)	Q9H074:R17	Q9H074:R17	True	external_methyl_table
Q9H074	Q9H074	Q9H074	False	PAIP1	R	13	R13	di	Rme2	True	DRAPGAGRGRSRGLG	APGAGR(di)GR(di)SR(me)	ProMetheusDB_mmc2	ProMetheusDB	METHYLATION	Arg methylation	Homo sapiens (Human)	Q9H074:R13	Q9H074:R13	True	external_methyl_table
Q9H074	Q9H074	Q9H074	False	PAIP1	R	15	R15	di	Rme2	True	APGAGRGRSRGLGRG	APGAGR(di)GR(di)SR(me)	ProMetheusDB_mmc2	ProMetheusDB	METHYLATION	Arg methylation	Homo sapiens (Human)	Q9H074:R15	Q9H074:R15	True	external_methyl_table
Q9BWT3	Q9BWT3	Q9BWT3	False	PAPOLG	R	731	R731	me	Rme1	True	RVIKNSIRLTLNR__	NSIR(me)LTLNR	ProMetheusDB_mmc2	ProMetheusDB	METHYLATION	Arg methylation	Homo sapiens (Human)	Q9BWT3:R731	Q9BWT3:R731	True	external_methyl_table
Q86TB9	Q86TB9	Q86TB9	False	PATL1	R	217	R217	di	Rme2	True	CPKPVHVRPPMPPRY	PVHVR(di)PPMPPR(di)YPAPYGER, PVHVR(di)PPMPPR(di)YPAPYGER, PVHVR(di)PPM(me)PPR(di)YPAPYGER	ProMetheusDB_mmc2	ProMetheusDB	METHYLATION	Arg methylation	Homo sapiens (Human)	Q86TB9:R217	Q86TB9:R217	True	external_methyl_table
Q86TB9	Q86TB9	Q86TB9	False	PATL1	R	223	R223	di	Rme2	True	VRPPMPPRYPAPYGE	PVHVR(di)PPMPPR(di)YPAPYGER, PVHVR(di)PPMPPR(di)YPAPYGER, PVHVR(di)PPM(me)PPR(di)YPAPYGER	ProMetheusDB_mmc2	ProMetheusDB	METHYLATION	Arg methylation	Homo sapiens (Human)	Q86TB9:R223	Q86TB9:R223	True	external_methyl_table
Q86TB9	Q86TB9	Q86TB9	False	PATL1	R	263	R263	di	Rme2	True	PVLSPLQRAQLLGGA	R(di)AQLLGGAQLQPG	ProMetheusDB_mmc2	ProMetheusDB	METHYLATION	Arg methylation	Homo sapiens (Human)	Q86TB9:R263	Q86TB9:R263	True	external_methyl_table
Q86TB9	Q86TB9	Q86TB9	False	PATL1	R	284	R284	di	Rme2	True	MSPSQFARVPGFVGS	MSPSQFAR(di)VPGFVGSPLAAMNPK	ProMetheusDB_mmc2	ProMetheusDB	METHYLATION	Arg methylation	Homo sapiens (Human)	Q86TB9:R284	Q86TB9:R284	True	external_methyl_table
P57721	P57721	P57721	False	PCBP3	R	89	R89	me	Rme1	True	SEGNCPERIVTITGP	INISEGNCPER(me)	ProMetheusDB_mmc2	ProMetheusDB	METHYLATION	Arg methylation	Homo sapiens (Human)	P57721:R89	P57721:R89	True	external_methyl_table
O94913	O94913	O94913	False	PCF11	R	864	R864	di	Rme2	True	EGSPGGLRFEGPGGQ	FEGSPGLR(di)FEGSPGGLR(di)FEGPGGQPVGGLR, R(di)FEGPGGQPVGGLR(di)FEGH, RFEGSPGGLR(di)FEGPGGQPVGGLR(di)FEGH, R(di)FEGSPGGLR(di)FEGPGGQPVGGLR(di)FEGH, FEGSPGGLR(di)FEGPGGQPVGGLR(di)FEGHR, R(me)FEGSPGGLR(di)FEGPGGQPVGGLR(di)FEGH, FEGSPGGLR(di)FEGPGGQPVGGLR(me)FEGHR(me)	ProMetheusDB_mmc2	ProMetheusDB	METHYLATION	Arg methylation	Homo sapiens (Human)	O94913:R864	O94913:R864	True	external_methyl_table
O94913	O94913	O94913	False	PCF11	R	877	R877	di	Rme2	True	GQPVGGLRFEGHRGQ	R(di)FEGPGGQPVGGLR(di)FEGH, RFEGSPGGLR(di)FEGPGGQPVGGLR(di)FEGH, R(di)FEGSPGGLR(di)FEGPGGQPVGGLR(di)FEGH, FEGSPGGLR(di)FEGPGGQPVGGLR(di)FEGHR, R(me)FEGSPGGLR(di)FEGPGGQPVGGLR(di)FEGH, R(me)FEGSPGGLR(me)FEGPGGQPVGGLR(di)FEGH	ProMetheusDB_mmc2	ProMetheusDB	METHYLATION	Arg methylation	Homo sapiens (Human)	O94913:R877	O94913:R877	True	external_methyl_table
O94913	O94913	O94913	False	PCF11	R	1051	R1051	me	Rme1	True	GQPSLLPRFDGLHGQ	FDGQPGQPSLLPR(me)FDGLHGQPGPR(me)FER(me)	ProMetheusDB_mmc2	ProMetheusDB	METHYLATION	Arg methylation	Homo sapiens (Human)	O94913:R1051	O94913:R1051	True	external_methyl_table
O94913	O94913	O94913	False	PCF11	R	1062	R1062	me	Rme1	True	LHGQPGPRFERTPGQ	FDGQPGQPSLLPR(di)FDGLHGQPGPR(me)FER(me), FDGQPGQPSLLPR(me)FDGLHGQPGPR(me)FER(me), FDGLHGQPGPR(me)FER(me)	ProMetheusDB_mmc2	ProMetheusDB	METHYLATION	Arg methylation	Homo sapiens (Human)	O94913:R1062	O94913:R1062	True	external_methyl_table
O94913	O94913	O94913	False	PCF11	R	1065	R1065	me	Rme1	True	QPGPRFERTPGQPGP	FDGQPGQPSLLPR(di)FDGLHGQPGPR(me)FER(me), FDGQPGQPSLLPR(me)FDGLHGQPGPR(me)FER(me), FDGLHGQPGPR(me)FER(me)	ProMetheusDB_mmc2	ProMetheusDB	METHYLATION	Arg methylation	Homo sapiens (Human)	O94913:R1065	O94913:R1065	True	external_methyl_table
O94913	O94913	O94913	False	PCF11	R	890	R890	di	Rme2	True	GQPVGGLRFEGPHGQ	RGQPVGGLR(di)FEGPHGQPVGGLR(di)FDNP, R(di)FEGPHGQPVGGLR(di)FDNP, GQPVGGLR(di)FEGPHGQPVGGLR(di)FDNPR	ProMetheusDB_mmc2	ProMetheusDB	METHYLATION	Arg methylation	Homo sapiens (Human)	O94913:R890	O94913:R890	True	external_methyl_table
O94913	O94913	O94913	False	PCF11	R	903	R903	di	Rme2	True	GQPVGGLRFDNPRGQ	RGQPVGGLR(di)FEGPHGQPVGGLR(di)FDNP, R(di)FEGPHGQPVGGLR(di)FDNP, GQPVGGLR(di)FEGPHGQPVGGLR(di)FDNPR	ProMetheusDB_mmc2	ProMetheusDB	METHYLATION	Arg methylation	Homo sapiens (Human)	O94913:R903	O94913:R903	True	external_methyl_table
O94913	O94913	O94913	False	PCF11	R	1051	R1051	di	Rme2	True	GQPSLLPRFDGLHGQ	FDGQPGQPSLLPR(di)FDGLHGQPGPR(me)FER(me), RFDGQPGQPSLLPR(di)FDGLHGQPGPR(di)FE, FDGQPGQPSLLPR(di)FDGLHGQPGPR(di)FER	ProMetheusDB_mmc2	ProMetheusDB	METHYLATION	Arg methylation	Homo sapiens (Human)	O94913:R1051	O94913:R1051	True	external_methyl_table
O94913	O94913	O94913	False	PCF11	R	1093	R1093	di	Rme2	True	RFDGVPQRFDGPQHQ	FDGVPQR(di)FDGPQHQQASR, FDGVPQR(di)FDGPQHQQASR(di)FDIPLGLQGTR	ProMetheusDB_mmc2	ProMetheusDB	METHYLATION	Arg methylation	Homo sapiens (Human)	O94913:R1093	O94913:R1093	True	external_methyl_table
O94913	O94913	O94913	False	PCF11	R	1104	R1104	di	Rme2	True	PQHQQASRFDIPLGL	FDGVPQR(di)FDGPQHQQASR(di)FDIPLGLQGTR	ProMetheusDB_mmc2	ProMetheusDB	METHYLATION	Arg methylation	Homo sapiens (Human)	O94913:R1104	O94913:R1104	True	external_methyl_table
O94913	O94913	O94913	False	PCF11	R	855	R855	di	Rme2	True	FEGSPGLRFEGSPGG	FEGSPGLR(di)FEGSPGGLR(di)FEGPGGQPVGGLR, R(di)FEGSPGGLR(di)FEGPGGQPVGGLR(di)FEGH	ProMetheusDB_mmc2	ProMetheusDB	METHYLATION	Arg methylation	Homo sapiens (Human)	O94913:R855	O94913:R855	True	external_methyl_table
O94913	O94913	O94913	False	PCF11	R	877	R877	me	Rme1	True	GQPVGGLRFEGHRGQ	FEGSPGGLR(di)FEGPGGQPVGGLR(me)FEGHR(me)	ProMetheusDB_mmc2	ProMetheusDB	METHYLATION	Arg methylation	Homo sapiens (Human)	O94913:R877	O94913:R877	True	external_methyl_table
O94913	O94913	O94913	False	PCF11	R	882	R882	me	Rme1	True	GLRFEGHRGQPVGGL	FEGSPGGLR(di)FEGPGGQPVGGLR(me)FEGHR(me)	ProMetheusDB_mmc2	ProMetheusDB	METHYLATION	Arg methylation	Homo sapiens (Human)	O94913:R882	O94913:R882	True	external_methyl_table
O94913	O94913	O94913	False	PCF11	R	1030	R1030	di	Rme2	True	PLGQGGPRFEGCHAL	IEGPLGQGGPR(di)FEGCHALR	ProMetheusDB_mmc2	ProMetheusDB	METHYLATION	Arg methylation	Homo sapiens (Human)	O94913:R1030	O94913:R1030	True	external_methyl_table
O94913	O94913	O94913	False	PCF11	R	855	R855	me	Rme1	True	FEGSPGLRFEGSPGG	R(me)FEGSPGGLR(di)FEGPGGQPVGGLR(di)FEGH, R(me)FEGSPGGLR(me)FEGPGGQPVGGLR(di)FEGH	ProMetheusDB_mmc2	ProMetheusDB	METHYLATION	Arg methylation	Homo sapiens (Human)	O94913:R855	O94913:R855	True	external_methyl_table
O94913	O94913	O94913	False	PCF11	R	1074	R1074	di	Rme2	True	PGQPGPQRFDGPPGQ	TPGQPGPQR(di)FDGPPGQQVQPR	ProMetheusDB_mmc2	ProMetheusDB	METHYLATION	Arg methylation	Homo sapiens (Human)	O94913:R1074	O94913:R1074	True	external_methyl_table
O94913	O94913	O94913	False	PCF11	R	864	R864	me	Rme1	True	EGSPGGLRFEGPGGQ	R(me)FEGSPGGLR(me)FEGPGGQPVGGLR(di)FEGH	ProMetheusDB_mmc2	ProMetheusDB	METHYLATION	Arg methylation	Homo sapiens (Human)	O94913:R864	O94913:R864	True	external_methyl_table
O94913	O94913	O94913	False	PCF11	R	833	R833	di	Rme2	True	GPVGTPLRFEGPIGQ	RFEGPPGPVGTPLR(di)FEGPIGQAGGGGF, RFEGPQGQLGGGCPLR(di)FEGPPGPVGTPLR(di)FEGPIGQAGGGGF	ProMetheusDB_mmc2	ProMetheusDB	METHYLATION	Arg methylation	Homo sapiens (Human)	O94913:R833	O94913:R833	True	external_methyl_table
O94913	O94913	O94913	False	PCF11	R	1062	R1062	di	Rme2	True	LHGQPGPRFERTPGQ	FDGQPGQPSLLPR(di)FDGLHGQPGPR(di)FER, RFDGQPGQPSLLPR(di)FDGLHGQPGPR(di)FE	ProMetheusDB_mmc2	ProMetheusDB	METHYLATION	Arg methylation	Homo sapiens (Human)	O94913:R1062	O94913:R1062	True	external_methyl_table
O94913	O94913	O94913	False	PCF11	R	820	R820	di	Rme2	True	LGGGCPLRFEGPPGP	RFEGPQGQLGGGCPLR(di)FEGPPGPVGTPLR(di)FEGPIGQAGGGGF	ProMetheusDB_mmc2	ProMetheusDB	METHYLATION	Arg methylation	Homo sapiens (Human)	O94913:R820	O94913:R820	True	external_methyl_table
Q14690	Q14690	Q14690	False	PDCD11	R	1716	R1716	me	Rme1	True	EAGELYNRMLKRFRQ	FQEAGELYNR(me)	ProMetheusDB_mmc2	ProMetheusDB	METHYLATION	Arg methylation	Homo sapiens (Human)	Q14690:R1716	Q14690:R1716	True	external_methyl_table
Q8WUM4	Q8WUM4	Q8WUM4	False	PDCD6IP	R	745	R745	me	Rme1	True	TPPTPAPRTMPPTKP	EPSAPSIPTPAYQSSPAGGHAPTPPTPAPR(me)	ProMetheusDB_mmc2	ProMetheusDB	METHYLATION	Arg methylation	Homo sapiens (Human)	Q8WUM4:R745	Q8WUM4:R745	True	external_methyl_table
Q9NR12	Q9NR12	Q9NR12	False	PDLIM7	R	103	R103	di	Rme2	True	APAADPPRYTFAPSV	ASAPAADPPR(di)YTFAPSVSLNK	ProMetheusDB_mmc2	ProMetheusDB	METHYLATION	Arg methylation	Homo sapiens (Human)	Q9NR12:R103	Q9NR12:R103	True	external_methyl_table
P30086	P30086	P30086	False	PEBP1	R	76	R76	me	Rme1	True	TDPDAPSRKDPKYRE	LYTLVLTDPDAPSR(me)	ProMetheusDB_mmc2	ProMetheusDB	METHYLATION	Arg methylation	Homo sapiens (Human)	P30086:R76	P30086:R76	True	external_methyl_table
Q92576	Q92576	Q92576	False	PHF3	R	1911	R1911	me	Rme1	True	QDQQQLDRPFNRGKG	QDQQQLDR(me)PFNR	ProMetheusDB_mmc2	ProMetheusDB	METHYLATION	Arg methylation	Homo sapiens (Human)	Q92576:R1911	Q92576:R1911	True	external_methyl_table
Q92576	Q92576	Q92576	False	PHF3	R	1799	R1799	di	Rme2	True	STNFSPMRPQQPNLQ	TSTNFSPMR(di)PQQPNLQHLK	ProMetheusDB_mmc2	ProMetheusDB	METHYLATION	Arg methylation	Homo sapiens (Human)	Q92576:R1799	Q92576:R1799	True	external_methyl_table
Q8WWQ0	Q8WWQ0	Q8WWQ0	False	PHIP	R	1804	R1804	me	Rme1	True	LTFGTSSRGRVRKLT	RQLLFEDTSLTFGTSSR(me)G	ProMetheusDB_mmc2	ProMetheusDB	METHYLATION	Arg methylation	Homo sapiens (Human)	Q8WWQ0:R1804	Q8WWQ0:R1804	True	external_methyl_table
Q86UU1	Q86UU1	Q86UU1	False	PHLDB1	R	401	R401	me	Rme1	True	KIGTLQDRPPSPFRE	IGTLQDR(me)PPSPFR	ProMetheusDB_mmc2	ProMetheusDB	METHYLATION	Arg methylation	Homo sapiens (Human)	Q86UU1:R401	Q86UU1:R401	True	external_methyl_table
Q5JRX3	Q5JRX3	Q5JRX3	False	PITRM1	R	924	R924	me	Rme1	True	IFTLYSYRDPNTIET	LSHNGIFTLYSYR(me)	ProMetheusDB_mmc2	ProMetheusDB	METHYLATION	Arg methylation	Homo sapiens (Human)	Q5JRX3:R924	Q5JRX3:R924	True	external_methyl_table
Q5JRX3	Q5JRX3	Q5JRX3	False	PITRM1	R	924	R924	di	Rme2	True	IFTLYSYRDPNTIET	LSHNGIFTLYSYR(di)	ProMetheusDB_mmc2	ProMetheusDB	METHYLATION	Arg methylation	Homo sapiens (Human)	Q5JRX3:R924	Q5JRX3:R924	True	external_methyl_table
P30613	P30613	P30613	False	PKLR	R	435	R435	di	Rme2	True	AEAAVYHRQLFEELR	EAEAAVYHR(di)QLFEELR	ProMetheusDB_mmc2	ProMetheusDB	METHYLATION	Arg methylation	Homo sapiens (Human)	P30613:R435	P30613:R435	True	external_methyl_table
P14618	P14618	P14618	False	PKM	R	399	R399	me	Rme1	True	LQLFEELRRLAPITS	EAEAAIYHLQLFEELR(me)	ProMetheusDB_mmc2	ProMetheusDB	METHYLATION	Arg methylation	Homo sapiens (Human)	P14618:R399	P14618:R399	True	external_methyl_table
Q9Y446	Q9Y446	Q9Y446	False	PKP3	R	261	R261	me	Rme1	True	FQSSHRSRGVGGAVP	SR(me)GVGGAVPGAVLEPVAR	ProMetheusDB_mmc2	ProMetheusDB	METHYLATION	Arg methylation	Homo sapiens (Human)	Q9Y446:R261	Q9Y446:R261	True	external_methyl_table
Q9UPR0	Q9UPR0	Q9UPR0	False	PLCL2	R	6	R6	me	Rme1	True	__MAECGRGGAAGGA	AECGR(me)GGAAGGALPTSPGPALGAK	ProMetheusDB_mmc2	ProMetheusDB	METHYLATION	Arg methylation	Homo sapiens (Human)	Q9UPR0:R6	Q9UPR0:R6	True	external_methyl_table
Q9HB19	Q9HB19	Q9HB19	False	PLEKHA2	R	333	R333	me	Rme1	True	GPNSILCRGRPPLEE	SISLTRPGSSSLSSGPNSILCR(me)	ProMetheusDB_mmc2	ProMetheusDB	METHYLATION	Arg methylation	Homo sapiens (Human)	Q9HB19:R333	Q9HB19:R333	True	external_methyl_table
Q02809	Q02809	Q02809	False	PLOD1	R	681	R681	me	Rme1	True	DYEGGGCRFLRYNCS	VGVDYEGGGCR(me)	ProMetheusDB_mmc2	ProMetheusDB	METHYLATION	Arg methylation	Homo sapiens (Human)	Q02809:R681	Q02809:R681	True	external_methyl_table
O94903	O94903	O94903	False	PLPBP	R	241	R241	di	Rme2	True	EVGSTNVRIGSTIFG	R(di)IGSTIFGERDYSK	ProMetheusDB_mmc2	ProMetheusDB	METHYLATION	Arg methylation	Homo sapiens (Human)	O94903:R241	O94903:R241	True	external_methyl_table
Q9H307	Q9H307	Q9H307	False	PNN	R	54	R54	me	Rme1	True	LSGPGGGRGRGSLLL	LLALSGPGGGR(me), LLALSGPGGGR(me)GR, LLALSGPGGGR(me)GR(me)	ProMetheusDB_mmc2	ProMetheusDB	METHYLATION	Arg methylation	Homo sapiens (Human)	Q9H307:R54	Q9H307:R54	True	external_methyl_table
Q9H307	Q9H307	Q9H307	False	PNN	R	56	R56	me	Rme1	True	GPGGGRGRGSLLLRR	LLALSGPGGGR(me)GR(me)	ProMetheusDB_mmc2	ProMetheusDB	METHYLATION	Arg methylation	Homo sapiens (Human)	Q9H307:R56	Q9H307:R56	True	external_methyl_table
Q9H307	Q9H307	Q9H307	False	PNN	R	54	R54	di	Rme2	True	LSGPGGGRGRGSLLL	LLALSGPGGGR(di)GR	ProMetheusDB_mmc2	ProMetheusDB	METHYLATION	Arg methylation	Homo sapiens (Human)	Q9H307:R54	Q9H307:R54	True	external_methyl_table
Q9H307	Q9H307	Q9H307	False	PNN	R	56	R56	di	Rme2	True	GPGGGRGRGSLLLRR	GR(di)GSLLLR	ProMetheusDB_mmc2	ProMetheusDB	METHYLATION	Arg methylation	Homo sapiens (Human)	Q9H307:R56	Q9H307:R56	True	external_methyl_table
Q9H307	Q9H307	Q9H307	False	PNN	R	63	R63	me	Rme1	True	RGSLLLRRGFSDSGG	R(me)GFSDSGGGPPAK	ProMetheusDB_mmc2	ProMetheusDB	METHYLATION	Arg methylation	Homo sapiens (Human)	Q9H307:R63	Q9H307:R63	True	external_methyl_table
Q6EEV4	Q6EEV4	Q6EEV4	False	POLR2M	R	45	R45	me	Rme1	True	QNVLAAPRLRAPSSR	QPQPAQNVLAAPR(me)	ProMetheusDB_mmc2	ProMetheusDB	METHYLATION	Arg methylation	Homo sapiens (Human)	Q6EEV4:R45	Q6EEV4:R45	True	external_methyl_table
Q96HA1	Q96HA1	Q96HA1	False	POM121	R	223	R223	me	Rme1	True	DCGTLPNRFVITPRR	DCGTLPNR(me)FVITPR(me)	ProMetheusDB_mmc2	ProMetheusDB	METHYLATION	Arg methylation	Homo sapiens (Human)	Q96HA1:R223	Q96HA1:R223	True	external_methyl_table
Q96HA1	Q96HA1	Q96HA1	False	POM121	R	229	R229	me	Rme1	True	NRFVITPRRRYPIHQ	DCGTLPNR(me)FVITPR(me)	ProMetheusDB_mmc2	ProMetheusDB	METHYLATION	Arg methylation	Homo sapiens (Human)	Q96HA1:R229	Q96HA1:R229	True	external_methyl_table
P62937	P62937	P62937	False	PPIA	R	144	R144	me	Rme1	True	NIVEAMERFGSRNGK	EGMNIVEAMER(me)	ProMetheusDB_mmc2	ProMetheusDB	METHYLATION	Arg methylation	Homo sapiens (Human)	P62937:R144	P62937:R144	True	external_methyl_table
Q96QC0	Q96QC0	Q96QC0	False	PPP1R10	R	723	R723	me	Rme1	True	PPPPPPFRGARGGRS	GGNEPPPPPPPFR(me)GAR(me)GGR(me)	ProMetheusDB_mmc2	ProMetheusDB	METHYLATION	Arg methylation	Homo sapiens (Human)	Q96QC0:R723	Q96QC0:R723	True	external_methyl_table
Q96QC0	Q96QC0	Q96QC0	False	PPP1R10	R	726	R726	me	Rme1	True	PPPFRGARGGRSGGG	GGNEPPPPPPPFR(me)GAR(me)GGR(me)	ProMetheusDB_mmc2	ProMetheusDB	METHYLATION	Arg methylation	Homo sapiens (Human)	Q96QC0:R726	Q96QC0:R726	True	external_methyl_table
Q96QC0	Q96QC0	Q96QC0	False	PPP1R10	R	729	R729	me	Rme1	True	FRGARGGRSGGGPPN	GGNEPPPPPPPFR(me)GAR(me)GGR(me)	ProMetheusDB_mmc2	ProMetheusDB	METHYLATION	Arg methylation	Homo sapiens (Human)	Q96QC0:R729	Q96QC0:R729	True	external_methyl_table
Q96QC0	Q96QC0	Q96QC0	False	PPP1R10	R	665	R665	me	Rme1	True	PGGPVGPRLLGPPPP	GMQHFPPGPGGPMPGPHGGPGGPVGPR(me)LLGPPPPPR(me), GMQHFPPGPGGPM(me)PGPHGGPGGPVGPR(me)LLGPPPPPR(me), GMQHFPPGPGGPMPGPHGGPGGPVGPR(me)LLGPPPPPR(me)	ProMetheusDB_mmc2	ProMetheusDB	METHYLATION	Arg methylation	Homo sapiens (Human)	Q96QC0:R665	Q96QC0:R665	True	external_methyl_table
Q96QC0	Q96QC0	Q96QC0	False	PPP1R10	R	674	R674	me	Rme1	True	LGPPPPPRGGDPFWD	GMQHFPPGPGGPMPGPHGGPGGPVGPR(me)LLGPPPPPR(me), GMQHFPPGPGGPM(me)PGPHGGPGGPVGPR(me)LLGPPPPPR(me), GMQHFPPGPGGPMPGPHGGPGGPVGPR(me)LLGPPPPPR(me)	ProMetheusDB_mmc2	ProMetheusDB	METHYLATION	Arg methylation	Homo sapiens (Human)	Q96QC0:R674	Q96QC0:R674	True	external_methyl_table
Q96QC0	Q96QC0	Q96QC0	False	PPP1R10	R	665	R665	di	Rme2	True	PGGPVGPRLLGPPPP	GMQHFPPGPGGPMPGPHGGPGGPVGPR(di)LLGPPPPPR, GMQHFPPGPGGPM(me)PGPHGGPGGPVGPR(di)LLGPPPPPR	ProMetheusDB_mmc2	ProMetheusDB	METHYLATION	Arg methylation	Homo sapiens (Human)	Q96QC0:R665	Q96QC0:R665	True	external_methyl_table
Q96QC0	Q96QC0	Q96QC0	False	PPP1R10	R	693	R693	me	Rme1	True	PMRGGPMRGGPGPGP	GGPMR(me)GGPGPGPGPYHR, GGPMR(me)GGPGPGPGPYHR, GGPMR(me)GGPGPGPGPYHR(di)GR(di)GGR, GGPM(me)R(me)GGPGPGPGPYHR	ProMetheusDB_mmc2	ProMetheusDB	METHYLATION	Arg methylation	Homo sapiens (Human)	Q96QC0:R693	Q96QC0:R693	True	external_methyl_table
Q96QC0	Q96QC0	Q96QC0	False	PPP1R10	R	705	R705	me	Rme1	True	PGPGPYHRGRGGRGG	GGPGPGPGPYHR(me)GR(me)GGR(me)	ProMetheusDB_mmc2	ProMetheusDB	METHYLATION	Arg methylation	Homo sapiens (Human)	Q96QC0:R705	Q96QC0:R705	True	external_methyl_table
Q96QC0	Q96QC0	Q96QC0	False	PPP1R10	R	707	R707	me	Rme1	True	PGPYHRGRGGRGGNE	GGPGPGPGPYHR(me)GR(me)GGR(me)	ProMetheusDB_mmc2	ProMetheusDB	METHYLATION	Arg methylation	Homo sapiens (Human)	Q96QC0:R707	Q96QC0:R707	True	external_methyl_table
Q96QC0	Q96QC0	Q96QC0	False	PPP1R10	R	710	R710	me	Rme1	True	YHRGRGGRGGNEPPP	GGPGPGPGPYHR(me)GR(me)GGR(me)	ProMetheusDB_mmc2	ProMetheusDB	METHYLATION	Arg methylation	Homo sapiens (Human)	Q96QC0:R710	Q96QC0:R710	True	external_methyl_table
Q96QC0	Q96QC0	Q96QC0	False	PPP1R10	R	693	R693	di	Rme2	True	PMRGGPMRGGPGPGP	GGPMR(di)GGPGPGPGPYHR	ProMetheusDB_mmc2	ProMetheusDB	METHYLATION	Arg methylation	Homo sapiens (Human)	Q96QC0:R693	Q96QC0:R693	True	external_methyl_table
Q96QC0	Q96QC0	Q96QC0	False	PPP1R10	R	688	R688	me	Rme1	True	DGPGDPMRGGPMRGG	GGDPFWDGPGDPM(me)R(me)GGPM(me)R	ProMetheusDB_mmc2	ProMetheusDB	METHYLATION	Arg methylation	Homo sapiens (Human)	Q96QC0:R688	Q96QC0:R688	True	external_methyl_table
Q96QC0	Q96QC0	Q96QC0	False	PPP1R10	R	705	R705	di	Rme2	True	PGPGPYHRGRGGRGG	GGPMR(me)GGPGPGPGPYHR(di)GR(di)GGR	ProMetheusDB_mmc2	ProMetheusDB	METHYLATION	Arg methylation	Homo sapiens (Human)	Q96QC0:R705	Q96QC0:R705	True	external_methyl_table
Q96QC0	Q96QC0	Q96QC0	False	PPP1R10	R	707	R707	di	Rme2	True	PGPYHRGRGGRGGNE	GGPMR(me)GGPGPGPGPYHR(di)GR(di)GGR	ProMetheusDB_mmc2	ProMetheusDB	METHYLATION	Arg methylation	Homo sapiens (Human)	Q96QC0:R707	Q96QC0:R707	True	external_methyl_table
Q8WUF5	Q8WUF5	Q8WUF5	False	PPP1R13L	R	344	R344	me	Rme1	True	GPSGTLPRSWQPVSR	SLGSAGPSGTLPR(me)	ProMetheusDB_mmc2	ProMetheusDB	METHYLATION	Arg methylation	Homo sapiens (Human)	Q8WUF5:R344	Q8WUF5:R344	True	external_methyl_table
Q8WUF5	Q8WUF5	Q8WUF5	False	PPP1R13L	R	180	R180	me	Rme1	True	TPFDFLGRAGSPRGS	QQGPPTPFDFLGR(me)	ProMetheusDB_mmc2	ProMetheusDB	METHYLATION	Arg methylation	Homo sapiens (Human)	Q8WUF5:R180	Q8WUF5:R180	True	external_methyl_table
Q8WUF5	Q8WUF5	Q8WUF5	False	PPP1R13L	R	185	R185	me	Rme1	True	LGRAGSPRGSPLAEG	AGSPR(me)GSPLAEGPQAFFPER	ProMetheusDB_mmc2	ProMetheusDB	METHYLATION	Arg methylation	Homo sapiens (Human)	Q8WUF5:R185	Q8WUF5:R185	True	external_methyl_table
Q8WUF5	Q8WUF5	Q8WUF5	False	PPP1R13L	R	122	R122	di	Rme2	True	KGRPSSPRTPLYLQP	PSSPR(di)TPLYLQPDAYGSLDR	ProMetheusDB_mmc2	ProMetheusDB	METHYLATION	Arg methylation	Homo sapiens (Human)	Q8WUF5:R122	Q8WUF5:R122	True	external_methyl_table
Q8WUF5	Q8WUF5	Q8WUF5	False	PPP1R13L	R	117	R117	me	Rme1	True	SPLSPKGRPSSPRTP	GR(me)PSSPR(me)TPLYLQPDAYGSLDR	ProMetheusDB_mmc2	ProMetheusDB	METHYLATION	Arg methylation	Homo sapiens (Human)	Q8WUF5:R117	Q8WUF5:R117	True	external_methyl_table
Q8WUF5	Q8WUF5	Q8WUF5	False	PPP1R13L	R	122	R122	me	Rme1	True	KGRPSSPRTPLYLQP	GR(me)PSSPR(me)TPLYLQPDAYGSLDR	ProMetheusDB_mmc2	ProMetheusDB	METHYLATION	Arg methylation	Homo sapiens (Human)	Q8WUF5:R122	Q8WUF5:R122	True	external_methyl_table
Q8WUF5	Q8WUF5	Q8WUF5	False	PPP1R13L	R	400	R400	di	Rme2	True	PGSPLFTRAPPPKLQ	AMLPGSPLFTR(di)APPPK, AM(me)LPGSPLFTR(di)APPPK, AMLPGSPLFTR(di)APPPK	ProMetheusDB_mmc2	ProMetheusDB	METHYLATION	Arg methylation	Homo sapiens (Human)	Q8WUF5:R400	Q8WUF5:R400	True	external_methyl_table
Q8WUF5	Q8WUF5	Q8WUF5	False	PPP1R13L	R	82	R82	me	Rme1	True	IPEPFGSRGSPRKAA	YSSSSIPEPFGSR(me)GSPR	ProMetheusDB_mmc2	ProMetheusDB	METHYLATION	Arg methylation	Homo sapiens (Human)	Q8WUF5:R82	Q8WUF5:R82	True	external_methyl_table
Q8WUF5	Q8WUF5	Q8WUF5	False	PPP1R13L	R	160	R160	me	Rme1	True	LGRAPSPRPGPGPLR	APSPR(me)PGPGPLR	ProMetheusDB_mmc2	ProMetheusDB	METHYLATION	Arg methylation	Homo sapiens (Human)	Q8WUF5:R160	Q8WUF5:R160	True	external_methyl_table
Q9UD71	Q9UD71	Q9UD71	False	PPP1R1B	R	29	R29	me	Rme1	True	PRQVEMIRRRRPTPA	QVEM(me)IR(me)R, QVEMIR(me)R	ProMetheusDB_mmc2	ProMetheusDB	METHYLATION	Arg methylation	Homo sapiens (Human)	Q9UD71:R29	Q9UD71:R29	True	external_methyl_table
P78527	P78527	P78527	False	PRKDC	R	852	R852	me	Rme1	True	AISLEEIRIRVVQML	NLSSNEAISLEEIR(me)	ProMetheusDB_mmc2	ProMetheusDB	METHYLATION	Arg methylation	Homo sapiens (Human)	P78527:R852	P78527:R852	True	external_methyl_table
Q9NVM4	Q9NVM4	Q9NVM4	False	PRMT7	R	32	R32	me	Rme1	True	DYHQEIARSSYADML	ANPTTGSVEWLEEDEHYDYHQEIAR(me)	ProMetheusDB_mmc2	ProMetheusDB	METHYLATION	Arg methylation	Homo sapiens (Human)	Q9NVM4:R32	Q9NVM4:R32	True	external_methyl_table
Q86WR7	Q86WR7	Q86WR7	False	PROSER2	R	320	R320	di	Rme2	True	PERVARGRGLPGPAE	GR(di)GLPGPAESLR	ProMetheusDB_mmc2	ProMetheusDB	METHYLATION	Arg methylation	Homo sapiens (Human)	Q86WR7:R320	Q86WR7:R320	True	external_methyl_table
Q86WR7	Q86WR7	Q86WR7	False	PROSER2	R	320	R320	me	Rme1	True	PERVARGRGLPGPAE	GR(me)GLPGPAESLR	ProMetheusDB_mmc2	ProMetheusDB	METHYLATION	Arg methylation	Homo sapiens (Human)	Q86WR7:R320	Q86WR7:R320	True	external_methyl_table
Q86WR7	Q86WR7	Q86WR7	False	PROSER2	R	378	R378	me	Rme1	True	GPALPSTRARQSFPG	SLCFRPGPALPSTR(me)	ProMetheusDB_mmc2	ProMetheusDB	METHYLATION	Arg methylation	Homo sapiens (Human)	Q86WR7:R378	Q86WR7:R378	True	external_methyl_table
Q86WR7	Q86WR7	Q86WR7	False	PROSER2	R	28	R28	me	Rme1	True	CRLRAFSRGGSLESR	AFSR(me)GGSLESR	ProMetheusDB_mmc2	ProMetheusDB	METHYLATION	Arg methylation	Homo sapiens (Human)	Q86WR7:R28	Q86WR7:R28	True	external_methyl_table
Q9UMS4	Q9UMS4	Q9UMS4	False	PRPF19	R	187	R187	me	Rme1	True	ATVLTTERKKRGKTV	ATVLTTER(me)	ProMetheusDB_mmc2	ProMetheusDB	METHYLATION	Arg methylation	Homo sapiens (Human)	Q9UMS4:R187	Q9UMS4:R187	True	external_methyl_table
Q8NAV1	Q8NAV1	Q8NAV1	False	PRPF38A	R	180	R180	me	Rme1	True	EAEQLEPRVSALEED	YVLEEAEQLEPR(me)	ProMetheusDB_mmc2	ProMetheusDB	METHYLATION	Arg methylation	Homo sapiens (Human)	Q8NAV1:R180	Q8NAV1:R180	True	external_methyl_table
O75400-2	O75400-2	O75400	True	PRPF40A	R	8	R8	di	Rme2	True	MCSGSGRRRSSLSPT	R(di)R(di)SSLSPTM(me)R	ProMetheusDB_mmc2	ProMetheusDB	METHYLATION	Arg methylation	Homo sapiens (Human)	O75400-2:R8	O75400:R8	True	external_methyl_table
O75400-2	O75400-2	O75400	True	PRPF40A	R	9	R9	di	Rme2	True	CSGSGRRRSSLSPTM	R(di)R(di)SSLSPTM(me)R	ProMetheusDB_mmc2	ProMetheusDB	METHYLATION	Arg methylation	Homo sapiens (Human)	O75400-2:R9	O75400:R9	True	external_methyl_table
O75400	O75400	O75400	False	PRPF40A	R	9	R9	me	Rme1	True	RPGTGAERGGLMVSE	R(me)GGLMVSEMESHPPSQGPGDGER, R(me)GGLMVSEMESHPPSQGPGDGE, R(me)GGLMVSEM(me)ESHPPSQGPGDGE, MRPGTGAER(me)GGLMVSEMESHPPSQGPGDGER, R(me)GGLM(me)VSEM(me)ESHPPSQGPGDGE, R(me)GGLMVSEMESHPPSQGPGDGE, R(me)GGLMVSEMESHPPSQGPGDGE	ProMetheusDB_mmc2	ProMetheusDB	METHYLATION	Arg methylation	Homo sapiens (Human)	O75400:R9	O75400:R9	True	external_methyl_table
O75400	O75400	O75400	False	PRPF40A	R	789	R789	me	Rme1	True	DITLESERKRIFKDF	EPAFEDITLESER(me)	ProMetheusDB_mmc2	ProMetheusDB	METHYLATION	Arg methylation	Homo sapiens (Human)	O75400:R789	O75400:R789	True	external_methyl_table
O94906	O94906	O94906	False	PRPF6	R	23	R23	me	Rme1	True	GYVPGLGRGATGFTT	KPFLGMPAPLGYVPGLGR(me)GATGFTTR(me)	ProMetheusDB_mmc2	ProMetheusDB	METHYLATION	Arg methylation	Homo sapiens (Human)	O94906:R23	O94906:R23	True	external_methyl_table
O94906	O94906	O94906	False	PRPF6	R	31	R31	me	Rme1	True	GATGFTTRSDIGPAR	KPFLGMPAPLGYVPGLGR(me)GATGFTTR(me)	ProMetheusDB_mmc2	ProMetheusDB	METHYLATION	Arg methylation	Homo sapiens (Human)	O94906:R31	O94906:R31	True	external_methyl_table
O94906	O94906	O94906	False	PRPF6	R	23	R23	di	Rme2	True	GYVPGLGRGATGFTT	KPFLGMPAPLGYVPGLGR(di)GATGFTTR	ProMetheusDB_mmc2	ProMetheusDB	METHYLATION	Arg methylation	Homo sapiens (Human)	O94906:R23	O94906:R23	True	external_methyl_table
O94906	O94906	O94906	False	PRPF6	R	420	R420	me	Rme1	True	LEEPEDARIMLSRAV	AAVELEEPEDAR(me)	ProMetheusDB_mmc2	ProMetheusDB	METHYLATION	Arg methylation	Homo sapiens (Human)	O94906:R420	O94906:R420	True	external_methyl_table
P79522	P79522	P79522	False	PRR3	R	88	R88	di	Rme2	True	WGRGPIRRGLGPRSS	R(di)GLGPR(di)SSPYGR(me)	ProMetheusDB_mmc2	ProMetheusDB	METHYLATION	Arg methylation	Homo sapiens (Human)	P79522:R88	P79522:R88	True	external_methyl_table
P79522	P79522	P79522	False	PRR3	R	93	R93	di	Rme2	True	IRRGLGPRSSPYGRG	R(di)GLGPR(di)SSPYGR(me)	ProMetheusDB_mmc2	ProMetheusDB	METHYLATION	Arg methylation	Homo sapiens (Human)	P79522:R93	P79522:R93	True	external_methyl_table
P79522	P79522	P79522	False	PRR3	R	99	R99	me	Rme1	True	PRSSPYGRGWWGVNA	R(di)GLGPR(di)SSPYGR(me)	ProMetheusDB_mmc2	ProMetheusDB	METHYLATION	Arg methylation	Homo sapiens (Human)	P79522:R99	P79522:R99	True	external_methyl_table
P48634	P48634	P48634	False	PRRC2A	R	1223	R1223	me	Rme1	True	GPLSPVARGGSNGGS	LIPGPLSPVAR(me)	ProMetheusDB_mmc2	ProMetheusDB	METHYLATION	Arg methylation	Homo sapiens (Human)	P48634:R1223	P48634:R1223	True	external_methyl_table
P48634	P48634	P48634	False	PRRC2A	R	1164	R1164	me	Rme1	True	GGRVFTPRGVPSRRG	VFTPR(me)GVPSR	ProMetheusDB_mmc2	ProMetheusDB	METHYLATION	Arg methylation	Homo sapiens (Human)	P48634:R1164	P48634:R1164	True	external_methyl_table
P48634	P48634	P48634	False	PRRC2A	R	1164	R1164	di	Rme2	True	GGRVFTPRGVPSRRG	VFTPR(di)GVPSR	ProMetheusDB_mmc2	ProMetheusDB	METHYLATION	Arg methylation	Homo sapiens (Human)	P48634:R1164	P48634:R1164	True	external_methyl_table
P48634	P48634	P48634	False	PRRC2A	R	296	R296	me	Rme1	True	RGSGPPMRLVEPVGR	R(me)LVEPVGRPSIL, R(me)LVEPVGR(me)PSIL	ProMetheusDB_mmc2	ProMetheusDB	METHYLATION	Arg methylation	Homo sapiens (Human)	P48634:R296	P48634:R296	True	external_methyl_table
P48634	P48634	P48634	False	PRRC2A	R	303	R303	me	Rme1	True	RLVEPVGRPSILKED	R(me)LVEPVGR(me)PSIL	ProMetheusDB_mmc2	ProMetheusDB	METHYLATION	Arg methylation	Homo sapiens (Human)	P48634:R303	P48634:R303	True	external_methyl_table
P48634	P48634	P48634	False	PRRC2A	R	1066	R1066	me	Rme1	True	EFRGDDGRGGGTGGP	EFRGDDGR(me)GGGTGGPNHPPAPR, GDDGR(me)GGGTGGPNHPPAPR	ProMetheusDB_mmc2	ProMetheusDB	METHYLATION	Arg methylation	Homo sapiens (Human)	P48634:R1066	P48634:R1066	True	external_methyl_table
P48634	P48634	P48634	False	PRRC2A	R	738	R738	di	Rme2	True	DPRLLQGRPPLDFYP	LLQGR(di)PPLDFYPPGVHPSGLVPR	ProMetheusDB_mmc2	ProMetheusDB	METHYLATION	Arg methylation	Homo sapiens (Human)	P48634:R738	P48634:R738	True	external_methyl_table
Q5JSZ5	Q5JSZ5	Q5JSZ5	False	PRRC2B	R	1976	R1976	me	Rme1	True	AQAQLGLRGGLPVSQ	R(me)GGLPVSQSQEIFSSLQPF	ProMetheusDB_mmc2	ProMetheusDB	METHYLATION	Arg methylation	Homo sapiens (Human)	Q5JSZ5:R1976	Q5JSZ5:R1976	True	external_methyl_table
Q5JSZ5	Q5JSZ5	Q5JSZ5	False	PRRC2B	R	1065	R1065	di	Rme2	True	FGVRGQARGRGRGFR	GQAR(di)GR(di)GR(di)GFR	ProMetheusDB_mmc2	ProMetheusDB	METHYLATION	Arg methylation	Homo sapiens (Human)	Q5JSZ5:R1065	Q5JSZ5:R1065	True	external_methyl_table
Q5JSZ5	Q5JSZ5	Q5JSZ5	False	PRRC2B	R	1067	R1067	di	Rme2	True	VRGQARGRGRGFREF	GQAR(di)GR(di)GR(di)GFR	ProMetheusDB_mmc2	ProMetheusDB	METHYLATION	Arg methylation	Homo sapiens (Human)	Q5JSZ5:R1067	Q5JSZ5:R1067	True	external_methyl_table
Q5JSZ5	Q5JSZ5	Q5JSZ5	False	PRRC2B	R	1069	R1069	di	Rme2	True	GQARGRGRGFREFTF	GQAR(di)GR(di)GR(di)GFR	ProMetheusDB_mmc2	ProMetheusDB	METHYLATION	Arg methylation	Homo sapiens (Human)	Q5JSZ5:R1069	Q5JSZ5:R1069	True	external_methyl_table
Q9Y520	Q9Y520	Q9Y520	False	PRRC2C	R	242	R242	me	Rme1	True	AALASQYRAMMPPYM	LNGQQAALASQYR(me)	ProMetheusDB_mmc2	ProMetheusDB	METHYLATION	Arg methylation	Homo sapiens (Human)	Q9Y520:R242	Q9Y520:R242	True	external_methyl_table
Q9Y520	Q9Y520	Q9Y520	False	PRRC2C	R	1186	R1186	me	Rme1	True	WFPDQGYRGRGRGEY	DWFPDQGYR(me)GR(me)	ProMetheusDB_mmc2	ProMetheusDB	METHYLATION	Arg methylation	Homo sapiens (Human)	Q9Y520:R1186	Q9Y520:R1186	True	external_methyl_table
Q9Y520	Q9Y520	Q9Y520	False	PRRC2C	R	1188	R1188	me	Rme1	True	PDQGYRGRGRGEYYS	DWFPDQGYR(me)GR(me)	ProMetheusDB_mmc2	ProMetheusDB	METHYLATION	Arg methylation	Homo sapiens (Human)	Q9Y520:R1188	Q9Y520:R1188	True	external_methyl_table
Q9Y520	Q9Y520	Q9Y520	False	PRRC2C	R	1342	R1342	di	Rme2	True	PKGEPTRRGRGGTFR	R(di)GR(di)GGTFR	ProMetheusDB_mmc2	ProMetheusDB	METHYLATION	Arg methylation	Homo sapiens (Human)	Q9Y520:R1342	Q9Y520:R1342	True	external_methyl_table
Q9Y520	Q9Y520	Q9Y520	False	PRRC2C	R	1344	R1344	di	Rme2	True	GEPTRRGRGGTFRRG	R(di)GR(di)GGTFR	ProMetheusDB_mmc2	ProMetheusDB	METHYLATION	Arg methylation	Homo sapiens (Human)	Q9Y520:R1344	Q9Y520:R1344	True	external_methyl_table
Q9Y520	Q9Y520	Q9Y520	False	PRRC2C	R	255	R255	me	Rme1	True	YMFQQYPRMTYPPLH	AMMPPYMFQQYPR(me)	ProMetheusDB_mmc2	ProMetheusDB	METHYLATION	Arg methylation	Homo sapiens (Human)	Q9Y520:R255	Q9Y520:R255	True	external_methyl_table
Q9Y520	Q9Y520	Q9Y520	False	PRRC2C	R	1350	R1350	di	Rme2	True	GRGGTFRRGGRDPGG	R(di)GGR(di)DPGGRPSR	ProMetheusDB_mmc2	ProMetheusDB	METHYLATION	Arg methylation	Homo sapiens (Human)	Q9Y520:R1350	Q9Y520:R1350	True	external_methyl_table
Q9Y520	Q9Y520	Q9Y520	False	PRRC2C	R	1353	R1353	di	Rme2	True	GTFRRGGRDPGGRPS	R(di)GGR(di)DPGGRPSR	ProMetheusDB_mmc2	ProMetheusDB	METHYLATION	Arg methylation	Homo sapiens (Human)	Q9Y520:R1353	Q9Y520:R1353	True	external_methyl_table
P43686	P43686	P43686	False	PSMC4	R	114	R114	me	Rme1	True	TGSNYYVRILSTIDR	IQSIPLVIGQFLEAVDQNTAIVGSTTGSNYYVR(me)	ProMetheusDB_mmc2	ProMetheusDB	METHYLATION	Arg methylation	Homo sapiens (Human)	P43686:R114	P43686:R114	True	external_methyl_table
Q92530	Q92530	Q92530	False	PSMF1	R	231	R231	me	Rme1	True	PSSGLPNRLPPGAVP	ALIDPSSGLPNR(me)LPPGAVPPGAR	ProMetheusDB_mmc2	ProMetheusDB	METHYLATION	Arg methylation	Homo sapiens (Human)	Q92530:R231	Q92530:R231	True	external_methyl_table
Q92530	Q92530	Q92530	False	PSMF1	R	205	R205	me	Rme1	True	LDPFGPRRGGMIVDP	R(me)GGMIVDPLR, R(me)GGM(me)IVDPLR, R(me)GGMIVDPLR	ProMetheusDB_mmc2	ProMetheusDB	METHYLATION	Arg methylation	Homo sapiens (Human)	Q92530:R205	Q92530:R205	True	external_methyl_table
Q8WXF1	Q8WXF1	Q8WXF1	False	PSPC1	R	507	R507	me	Rme1	True	GGPGGFGRGSQGGNF	TGSETPQAPMSGVGPVSGGPGGFGR(me)GSQGGNFEGPNKR, TGSETPQAPMSGVGPVSGGPGGFGR(me)GSQGGNFEGPNK, TGSETPQAPMSGVGPVSGGPGGFGR(me), RTGSETPQAPMSGVGPVSGGPGGFGR(me)GSQGGNFEGPNK, TGSETPQAPMSGVGPVSGGPGGFGR(me), TGSETPQAPM(me)SGVGPVSGGPGGFGR(me), RTGSETPQAPMSGVGPVSGGPGGFGR(me)GSQGGNFEGPNK, RTGSETPQAPMSGVGPVSGGPGGFGR(me)GSQGGNFEGPN, TGSETPQAPMSGVGPVSGGPGGFGR(me), TGSETPQAPMSGVGPVSGGPGGFGR(me)GSQGGNFEGPNK, TGSETPQAPM(me)SGVGPVSGGPGGFGR(me)GSQGGNFEGPNKR, TGSETPQAPMSGVGPVSGGPGGFGR(me)GSQGGNFEGPNKR, TGSETPQAPM(me)SGVGPVSGGPGGFGR(me)GSQGGNFEGPNK, TGSETPQAPMSGVGPVSGGPGGFGR(me)GSQGGNFEGPNK	ProMetheusDB_mmc2	ProMetheusDB	METHYLATION	Arg methylation	Homo sapiens (Human)	Q8WXF1:R507	Q8WXF1:R507	True	external_methyl_table
Q8WXF1	Q8WXF1	Q8WXF1	False	PSPC1	R	4	R4	me	Rme1	True	____MMLRGNLKQVR	MMLR(me)GNLK	ProMetheusDB_mmc2	ProMetheusDB	METHYLATION	Arg methylation	Homo sapiens (Human)	Q8WXF1:R4	Q8WXF1:R4	True	external_methyl_table
Q8WXF1	Q8WXF1	Q8WXF1	False	PSPC1	R	4	R4	di	Rme2	True	____MMLRGNLKQVR	MLR(di)GNLK, MMLR(di)GNLK	ProMetheusDB_mmc2	ProMetheusDB	METHYLATION	Arg methylation	Homo sapiens (Human)	Q8WXF1:R4	Q8WXF1:R4	True	external_methyl_table
O75127	O75127	O75127	False	PTCD1	R	235	R235	di	Rme2	True	LQSALKLRQQLQAKN	LR(di)QQLQAK	ProMetheusDB_mmc2	ProMetheusDB	METHYLATION	Arg methylation	Homo sapiens (Human)	O75127:R235	O75127:R235	True	external_methyl_table
Q9UHX1	Q9UHX1	Q9UHX1	False	PUF60	R	551	R551	me	Rme1	True	AEVYDQERFDNSDLS	KVVAEVYDQER(me)	ProMetheusDB_mmc2	ProMetheusDB	METHYLATION	Arg methylation	Homo sapiens (Human)	Q9UHX1:R551	Q9UHX1:R551	True	external_methyl_table
Q96QR8	Q96QR8	Q96QR8	False	PURB	R	152	R152	me	Rme1	True	RIRQTVNRGGGGFGA	R(me)GGGGFGAGPGPGGLQSGQTIALPAQGLIEF	ProMetheusDB_mmc2	ProMetheusDB	METHYLATION	Arg methylation	Homo sapiens (Human)	Q96QR8:R152	Q96QR8:R152	True	external_methyl_table
P06737	P06737	P06737	False	PYGL	R	387	R387	me	Rme1	True	VLPEALERWPVDLVE	TFAYTNHTVLPEALER(me)	ProMetheusDB_mmc2	ProMetheusDB	METHYLATION	Arg methylation	Homo sapiens (Human)	P06737:R387	P06737:R387	True	external_methyl_table
Q96PU8	Q96PU8	Q96PU8	False	QKI	R	242	R242	di	Rme2	True	VLPPAALRTPTPAGP	R(di)TPTPAGPTIMPLI	ProMetheusDB_mmc2	ProMetheusDB	METHYLATION	Arg methylation	Homo sapiens (Human)	Q96PU8:R242	Q96PU8:R242	True	external_methyl_table
Q96PU8	Q96PU8	Q96PU8	False	QKI	R	242	R242	me	Rme1	True	VLPPAALRTPTPAGP	R(me)TPTPAGPTIMPLI	ProMetheusDB_mmc2	ProMetheusDB	METHYLATION	Arg methylation	Homo sapiens (Human)	Q96PU8:R242	Q96PU8:R242	True	external_methyl_table
Q2KHR3	Q2KHR3	Q2KHR3	False	QSER1	R	1171	R1171	me	Rme1	True	QFSTLAVRMPNRTRR	QQFSTLAVR(me)M(me)PNR	ProMetheusDB_mmc2	ProMetheusDB	METHYLATION	Arg methylation	Homo sapiens (Human)	Q2KHR3:R1171	Q2KHR3:R1171	True	external_methyl_table
Q15032	Q15032	Q15032	False	R3HDM1	R	929	R929	di	Rme2	True	VPGQGDSRYPLLGQP	PFVPGQGDSR(di)YPLLGQPLQYNPPAVLHGHIPNQQGQPGSR	ProMetheusDB_mmc2	ProMetheusDB	METHYLATION	Arg methylation	Homo sapiens (Human)	Q15032:R929	Q15032:R929	True	external_methyl_table
P0DI83	P0DI83	P0DI83	False	RAB34	R	24	R24	di	Rme2	True	RVIVGTIRPRVIVGT	VIVGTIR(di)PR	ProMetheusDB_mmc2	ProMetheusDB	METHYLATION	Arg methylation	Homo sapiens (Human)	P0DI83:R24	P0DI83:R24	True	external_methyl_table
P0DI83	P0DI83	P0DI83	False	RAB34	R	186	R186	me	Rme1	True	LPPPRHLRLPGAPDR	HLR(me)LPGAPDR	ProMetheusDB_mmc2	ProMetheusDB	METHYLATION	Arg methylation	Homo sapiens (Human)	P0DI83:R186	P0DI83:R186	True	external_methyl_table
Q5R372	Q5R372	Q5R372	False	RABGAP1L	R	253	R253	me	Rme1	True	SFCTAFKRSSRQVSD	ILYSFCTAFK(me)R(me)	ProMetheusDB_mmc2	ProMetheusDB	METHYLATION	Arg methylation	Homo sapiens (Human)	Q5R372:R253	Q5R372:R253	True	external_methyl_table
Q5HYI8	Q5HYI8	Q5HYI8	False	RABL3	R	222	R222	me	Rme1	True	QIPGFPDRKRFGAGT	EGNQIPGFPDR(me)K	ProMetheusDB_mmc2	ProMetheusDB	METHYLATION	Arg methylation	Homo sapiens (Human)	Q5HYI8:R222	Q5HYI8:R222	True	external_methyl_table
Q9UKM9	Q9UKM9	Q9UKM9	False	RALY	R	131	R131	me	Rme1	True	YDRLFDYRGRLSPVP	LFDYR(me)GR	ProMetheusDB_mmc2	ProMetheusDB	METHYLATION	Arg methylation	Homo sapiens (Human)	Q9UKM9:R131	Q9UKM9:R131	True	external_methyl_table
P49792	P49792	P49792	False	RANBP2	R	1016	R1016	di	Rme2	True	PMPGEGLRPSLPTQA	TNFVQPM(me)PGEGLR(di)PSLPTQAHTTQPTPFK, TNFVQPMPGEGLR(di)PSLPTQAHTTQPTPFK, TNFVQPMPGEGLR(di)PSLPTQAHTTQPTPFK	ProMetheusDB_mmc2	ProMetheusDB	METHYLATION	Arg methylation	Homo sapiens (Human)	P49792:R1016	P49792:R1016	True	external_methyl_table
P49792	P49792	P49792	False	RANBP2	R	945	R945	me	Rme1	True	MYGPPALRFESPATG	R(me)FESPATGILSP	ProMetheusDB_mmc2	ProMetheusDB	METHYLATION	Arg methylation	Homo sapiens (Human)	P49792:R945	P49792:R945	True	external_methyl_table
P49792	P49792	P49792	False	RANBP2	R	1016	R1016	me	Rme1	True	PMPGEGLRPSLPTQA	TNFVQPMPGEGLR(me)PSLPTQAHTTQPTPFK	ProMetheusDB_mmc2	ProMetheusDB	METHYLATION	Arg methylation	Homo sapiens (Human)	P49792:R1016	P49792:R1016	True	external_methyl_table
Q8IY67-2	Q8IY67-2	Q8IY67	True	RAVER1	R	564	R564	me	Rme1	True	KAFQLKSRLLSPLSS	SR(me)LLSPLSSAR	ProMetheusDB_mmc2	ProMetheusDB	METHYLATION	Arg methylation	Homo sapiens (Human)	Q8IY67-2:R564	Q8IY67:R564	True	external_methyl_table
O43251	O43251	O43251	False	RBFOX2	R	381	R381	me	Rme1	True	GAVASLYRGGYSRFA	VYTADPYHALAPAASYGVGAVASLYR(me)GGYSR(me)	ProMetheusDB_mmc2	ProMetheusDB	METHYLATION	Arg methylation	Homo sapiens (Human)	O43251:R381	O43251:R381	True	external_methyl_table
O43251	O43251	O43251	False	RBFOX2	R	386	R386	me	Rme1	True	LYRGGYSRFAPY___	VYTADPYHALAPAASYGVGAVASLYR(me)GGYSR(me)	ProMetheusDB_mmc2	ProMetheusDB	METHYLATION	Arg methylation	Homo sapiens (Human)	O43251:R386	O43251:R386	True	external_methyl_table
P98175	P98175	P98175	False	RBM10	R	902	R902	me	Rme1	True	RGSGLGARGSSYGVT	GSGLGAR(me)GSSYGVTSTESYK, GSGLGAR(me)GSSYGVTSTESYKETLHK	ProMetheusDB_mmc2	ProMetheusDB	METHYLATION	Arg methylation	Homo sapiens (Human)	P98175:R902	P98175:R902	True	external_methyl_table
Q8IXT5	Q8IXT5	Q8IXT5	False	RBM12B	R	733	R733	di	Rme2	True	PPQEHFRRPPPEHFR	R(di)PPPEHFR(di)RPPPEHFR, R(di)PPPEHFR(me)R(me)PPPEHFR	ProMetheusDB_mmc2	ProMetheusDB	METHYLATION	Arg methylation	Homo sapiens (Human)	Q8IXT5:R733	Q8IXT5:R733	True	external_methyl_table
Q8IXT5	Q8IXT5	Q8IXT5	False	RBM12B	R	740	R740	me	Rme1	True	RPPPEHFRRPPPEHF	R(di)PPPEHFR(me)R(me)PPPEHFR	ProMetheusDB_mmc2	ProMetheusDB	METHYLATION	Arg methylation	Homo sapiens (Human)	Q8IXT5:R740	Q8IXT5:R740	True	external_methyl_table
Q8IXT5	Q8IXT5	Q8IXT5	False	RBM12B	R	741	R741	me	Rme1	True	PPPEHFRRPPPEHFR	R(di)PPPEHFR(me)R(me)PPPEHFR	ProMetheusDB_mmc2	ProMetheusDB	METHYLATION	Arg methylation	Homo sapiens (Human)	Q8IXT5:R741	Q8IXT5:R741	True	external_methyl_table
Q8IXT5	Q8IXT5	Q8IXT5	False	RBM12B	R	740	R740	di	Rme2	True	RPPPEHFRRPPPEHF	R(di)PPPEHFR(di)RPPPEHFR	ProMetheusDB_mmc2	ProMetheusDB	METHYLATION	Arg methylation	Homo sapiens (Human)	Q8IXT5:R740	Q8IXT5:R740	True	external_methyl_table
Q96PK6	Q96PK6	Q96PK6	False	RBM14	R	238	R238	me	Rme1	True	TAQPATYRAQPSVSL	ASYVAPLTAQPATYR(me)	ProMetheusDB_mmc2	ProMetheusDB	METHYLATION	Arg methylation	Homo sapiens (Human)	Q96PK6:R238	Q96PK6:R238	True	external_methyl_table
Q96PK6	Q96PK6	Q96PK6	False	RBM14	R	286	R286	me	Rme1	True	VSLGAPYRGQLASPS	AQPSVSLGAPYR(me)	ProMetheusDB_mmc2	ProMetheusDB	METHYLATION	Arg methylation	Homo sapiens (Human)	Q96PK6:R286	Q96PK6:R286	True	external_methyl_table
Q9NW64	Q9NW64	Q9NW64	False	RBM22	R	395	R395	di	Rme2	True	GPPPPFMRAPGPIHY	R(di)APGPIHYPSQDPQ	ProMetheusDB_mmc2	ProMetheusDB	METHYLATION	Arg methylation	Homo sapiens (Human)	Q9NW64:R395	Q9NW64:R395	True	external_methyl_table
Q5T8P6	Q5T8P6	Q5T8P6	False	RBM26	R	878	R878	me	Rme1	True	GRGRGRGRGVPGHAV	R(me)GVPGHAVVDH	ProMetheusDB_mmc2	ProMetheusDB	METHYLATION	Arg methylation	Homo sapiens (Human)	Q5T8P6:R878	Q5T8P6:R878	True	external_methyl_table
Q9P2N5	Q9P2N5	Q9P2N5	False	RBM27	R	455	R455	me	Rme1	True	PPPLLAARLVPPRNL	LQLGTPPPLLAAR(me)	ProMetheusDB_mmc2	ProMetheusDB	METHYLATION	Arg methylation	Homo sapiens (Human)	Q9P2N5:R455	Q9P2N5:R455	True	external_methyl_table
Q9P2N5	Q9P2N5	Q9P2N5	False	RBM27	R	943	R943	me	Rme1	True	LGILPVGRGKTMSSQ	LGILPVGR(me), LGILPVGR(me)GK(me)	ProMetheusDB_mmc2	ProMetheusDB	METHYLATION	Arg methylation	Homo sapiens (Human)	Q9P2N5:R943	Q9P2N5:R943	True	external_methyl_table
Q9P2N5	Q9P2N5	Q9P2N5	False	RBM27	R	943	R943	di	Rme2	True	LGILPVGRGKTMSSQ	LGILPVGR(di)GK	ProMetheusDB_mmc2	ProMetheusDB	METHYLATION	Arg methylation	Homo sapiens (Human)	Q9P2N5:R943	Q9P2N5:R943	True	external_methyl_table
Q9P2N5	Q9P2N5	Q9P2N5	False	RBM27	R	961	R961	di	Rme2	True	RGRGRGGRGRGSLNH	R(di)GR(di)GSLNHM(me)VVDH, R(di)GR(di)GSLNHMVVDH, GGR(di)GR(di)GSLNHMVVDHRPK	ProMetheusDB_mmc2	ProMetheusDB	METHYLATION	Arg methylation	Homo sapiens (Human)	Q9P2N5:R961	Q9P2N5:R961	True	external_methyl_table
Q9P2N5	Q9P2N5	Q9P2N5	False	RBM27	R	963	R963	di	Rme2	True	RGRGGRGRGSLNHMV	R(di)GR(di)GSLNHM(me)VVDH, R(di)GR(di)GSLNHMVVDH, GGR(di)GR(di)GSLNHMVVDHRPK	ProMetheusDB_mmc2	ProMetheusDB	METHYLATION	Arg methylation	Homo sapiens (Human)	Q9P2N5:R963	Q9P2N5:R963	True	external_methyl_table
P98179	P98179	P98179	False	RBM3	R	105	R105	me	Rme1	True	GRGRSYSRGGGDQGY	SYSR(me)GGGDQGYGSGR	ProMetheusDB_mmc2	ProMetheusDB	METHYLATION	Arg methylation	Homo sapiens (Human)	P98179:R105	P98179:R105	True	external_methyl_table
P98179	P98179	P98179	False	RBM3	R	131	R131	me	Rme1	True	GYGYGYGRSRDYNGR	YYDSRPGGYGYGYGR(me)SR, YYDSR(me)PGGYGYGYGR(me), YYDSR(me)PGGYGYGYGR(me)SR, YYDSRPGGYGYGYGR(me), PGGYGYGYGR(me)	ProMetheusDB_mmc2	ProMetheusDB	METHYLATION	Arg methylation	Homo sapiens (Human)	P98179:R131	P98179:R131	True	external_methyl_table
P98179	P98179	P98179	False	RBM3	R	105	R105	di	Rme2	True	GRGRSYSRGGGDQGY	SYSR(di)GGGDQGYGSGR(me)YYDSR, SYSR(di)GGGDQGYGSGR(me), SYSR(di)GGGDQGYGSGR	ProMetheusDB_mmc2	ProMetheusDB	METHYLATION	Arg methylation	Homo sapiens (Human)	P98179:R105	P98179:R105	True	external_methyl_table
P98179	P98179	P98179	False	RBM3	R	138	R138	me	Rme1	True	RSRDYNGRNQGGYDR	DYNGR(me)NQGGYDR	ProMetheusDB_mmc2	ProMetheusDB	METHYLATION	Arg methylation	Homo sapiens (Human)	P98179:R138	P98179:R138	True	external_methyl_table
P98179	P98179	P98179	False	RBM3	R	47	R47	me	Rme1	True	DRETQRSRGFGFITF	SR(me)GFGFITFTNPEHASVAM(me)R, SR(me)GFGFITFTNPEHASVAMR, SR(me)GFGFITFTNPEHASVAMR, SR(me)GFGFITFTNPEHASVAMR	ProMetheusDB_mmc2	ProMetheusDB	METHYLATION	Arg methylation	Homo sapiens (Human)	P98179:R47	P98179:R47	True	external_methyl_table
P98179	P98179	P98179	False	RBM3	R	121	R121	me	Rme1	True	SGRYYDSRPGGYGYG	YYDSR(me)PGGYGYGYGR(me), YYDSR(me)PGGYGYGYGR(me)SR	ProMetheusDB_mmc2	ProMetheusDB	METHYLATION	Arg methylation	Homo sapiens (Human)	P98179:R121	P98179:R121	True	external_methyl_table
P98179	P98179	P98179	False	RBM3	R	116	R116	me	Rme1	True	DQGYGSGRYYDSRPG	SYSR(di)GGGDQGYGSGR(me)YYDSR, SYSR(di)GGGDQGYGSGR(me)	ProMetheusDB_mmc2	ProMetheusDB	METHYLATION	Arg methylation	Homo sapiens (Human)	P98179:R116	P98179:R116	True	external_methyl_table
P98179	P98179	P98179	False	RBM3	R	145	R145	me	Rme1	True	RNQGGYDRYSGGNYR	NQGGYDR(me)YSGGNYR	ProMetheusDB_mmc2	ProMetheusDB	METHYLATION	Arg methylation	Homo sapiens (Human)	P98179:R145	P98179:R145	True	external_methyl_table
P98179	P98179	P98179	False	RBM3	R	90	R90	di	Rme2	True	GKSARGTRGGGFGAH	GTR(di)GGGFGAHGR(di)GR(me), SAR(me)GTR(di)GGGFGAHGR(di)GR(me), SAR(di)GTR(di)GGGFGAHGR(me)GR(me)	ProMetheusDB_mmc2	ProMetheusDB	METHYLATION	Arg methylation	Homo sapiens (Human)	P98179:R90	P98179:R90	True	external_methyl_table
P98179	P98179	P98179	False	RBM3	R	99	R99	di	Rme2	True	GGFGAHGRGRSYSRG	SAR(me)GTR(me)GGGFGAHGR(di)GR, SAR(me)GTR(di)GGGFGAHGR(di)GR(me), GTR(me)GGGFGAHGR(di)GR(me), GTR(me)GGGFGAHGR(di)GR, GTR(di)GGGFGAHGR(di)GR(me), GGGFGAHGR(di)GR	ProMetheusDB_mmc2	ProMetheusDB	METHYLATION	Arg methylation	Homo sapiens (Human)	P98179:R99	P98179:R99	True	external_methyl_table
P98179	P98179	P98179	False	RBM3	R	101	R101	me	Rme1	True	FGAHGRGRSYSRGGG	SAR(me)GTR(me)GGGFGAHGR(me)GR(me), SAR(me)GTR(di)GGGFGAHGR(di)GR(me), SAR(di)GTR(di)GGGFGAHGR(me)GR(me), GTR(me)GGGFGAHGR(me)GR(me), SAR(di)GTR(me)GGGFGAHGR(me)GR(me), GTR(me)GGGFGAHGR(di)GR(me), GTR(di)GGGFGAHGR(di)GR(me)	ProMetheusDB_mmc2	ProMetheusDB	METHYLATION	Arg methylation	Homo sapiens (Human)	P98179:R101	P98179:R101	True	external_methyl_table
P98179	P98179	P98179	False	RBM3	R	90	R90	me	Rme1	True	GKSARGTRGGGFGAH	SAR(me)GTR(me)GGGFGAHGR(me)GR(me), SAR(me)GTR(me)GGGFGAHGR(di)GR, GTR(me)GGGFGAHGRGR(di), GTR(me)GGGFGAHGR(me)GR(me), SAR(di)GTR(me)GGGFGAHGR(me)GR(me), GTR(me)GGGFGAHGR(di)GR, GTR(me)GGGFGAHGR(di)GR(me)	ProMetheusDB_mmc2	ProMetheusDB	METHYLATION	Arg methylation	Homo sapiens (Human)	P98179:R90	P98179:R90	True	external_methyl_table
P98179	P98179	P98179	False	RBM3	R	99	R99	me	Rme1	True	GGFGAHGRGRSYSRG	SAR(me)GTR(me)GGGFGAHGR(me)GR(me), SAR(di)GTR(di)GGGFGAHGR(me)GR(me), SAR(di)GTR(me)GGGFGAHGR(me)GR(me), GTR(me)GGGFGAHGR(me)GR(me)	ProMetheusDB_mmc2	ProMetheusDB	METHYLATION	Arg methylation	Homo sapiens (Human)	P98179:R99	P98179:R99	True	external_methyl_table
P98179	P98179	P98179	False	RBM3	R	87	R87	di	Rme2	True	DHAGKSARGTRGGGF	SAR(di)GTR(di)GGGFGAHGR(me)GR(me), SAR(di)GTR(me)GGGFGAHGR(me)GR(me)	ProMetheusDB_mmc2	ProMetheusDB	METHYLATION	Arg methylation	Homo sapiens (Human)	P98179:R87	P98179:R87	True	external_methyl_table
P98179	P98179	P98179	False	RBM3	R	87	R87	me	Rme1	True	DHAGKSARGTRGGGF	SAR(me)GTR(me)GGGFGAHGR(me)GR(me), SAR(me)GTR(me)GGGFGAHGR(di)GR, SAR(me)GTR(di)GGGFGAHGR(di)GR(me)	ProMetheusDB_mmc2	ProMetheusDB	METHYLATION	Arg methylation	Homo sapiens (Human)	P98179:R87	P98179:R87	True	external_methyl_table
P98179	P98179	P98179	False	RBM3	R	101	R101	di	Rme2	True	FGAHGRGRSYSRGGG	GTR(me)GGGFGAHGRGR(di)	ProMetheusDB_mmc2	ProMetheusDB	METHYLATION	Arg methylation	Homo sapiens (Human)	P98179:R101	P98179:R101	True	external_methyl_table
Q96EV2	Q96EV2	Q96EV2	False	RBM33	R	1028	R1028	me	Rme1	True	ARKVTLTRGGLQQPP	R(me)GGLQQPPHLPAGPHAHSPVPPGI	ProMetheusDB_mmc2	ProMetheusDB	METHYLATION	Arg methylation	Homo sapiens (Human)	Q96EV2:R1028	Q96EV2:R1028	True	external_methyl_table
Q96EV2	Q96EV2	Q96EV2	False	RBM33	R	1070	R1070	di	Rme2	True	AIMHGRGRGVAGPMG	GR(di)GVAGPMGR(me)GR(me)	ProMetheusDB_mmc2	ProMetheusDB	METHYLATION	Arg methylation	Homo sapiens (Human)	Q96EV2:R1070	Q96EV2:R1070	True	external_methyl_table
Q96EV2	Q96EV2	Q96EV2	False	RBM33	R	1078	R1078	me	Rme1	True	GVAGPMGRGRLMPNK	GR(di)GVAGPMGR(me)GR(me)	ProMetheusDB_mmc2	ProMetheusDB	METHYLATION	Arg methylation	Homo sapiens (Human)	Q96EV2:R1078	Q96EV2:R1078	True	external_methyl_table
Q96EV2	Q96EV2	Q96EV2	False	RBM33	R	1080	R1080	me	Rme1	True	AGPMGRGRLMPNKQN	GR(di)GVAGPMGR(me)GR(me)	ProMetheusDB_mmc2	ProMetheusDB	METHYLATION	Arg methylation	Homo sapiens (Human)	Q96EV2:R1080	Q96EV2:R1080	True	external_methyl_table
Q14498	Q14498	Q14498	False	RBM39	R	109	R109	di	Rme2	True	PKFNSAIRGKIGLPH	FNSAIR(di)GK	ProMetheusDB_mmc2	ProMetheusDB	METHYLATION	Arg methylation	Homo sapiens (Human)	Q14498:R109	Q14498:R109	True	external_methyl_table
Q14498	Q14498	Q14498	False	RBM39	R	109	R109	me	Rme1	True	PKFNSAIRGKIGLPH	FNSAIR(me)GK(me), FNSAIR(me)GK	ProMetheusDB_mmc2	ProMetheusDB	METHYLATION	Arg methylation	Homo sapiens (Human)	Q14498:R109	Q14498:R109	True	external_methyl_table
A0AV96	A0AV96	A0AV96	False	RBM47	R	405	R405	me	Rme1	True	LGGYSAGRGIYSRYH	GSYLGGYSAGR(me)GIYSR(me), APGPR(me)GSYLGGYSAGR(me), GSYLGGYSAGR(me)GIYSR	ProMetheusDB_mmc2	ProMetheusDB	METHYLATION	Arg methylation	Homo sapiens (Human)	A0AV96:R405	A0AV96:R405	True	external_methyl_table
A0AV96	A0AV96	A0AV96	False	RBM47	R	405	R405	di	Rme2	True	LGGYSAGRGIYSRYH	GSYLGGYSAGR(di)GIYSR, APGPR(di)GSYLGGYSAGR(di)GIYSR, APGPR(me)GSYLGGYSAGR(di)GIYSR	ProMetheusDB_mmc2	ProMetheusDB	METHYLATION	Arg methylation	Homo sapiens (Human)	A0AV96:R405	A0AV96:R405	True	external_methyl_table
A0AV96	A0AV96	A0AV96	False	RBM47	R	332	R332	me	Rme1	True	SRYQKAARGGGAAEA	AAR(me)GGGAAEAAQQPSYVYSCDPYTLAYYGYPYNALIGPNR	ProMetheusDB_mmc2	ProMetheusDB	METHYLATION	Arg methylation	Homo sapiens (Human)	A0AV96:R332	A0AV96:R332	True	external_methyl_table
A0AV96	A0AV96	A0AV96	False	RBM47	R	410	R410	me	Rme1	True	AGRGIYSRYHEGKGK	GSYLGGYSAGR(me)GIYSR(me)	ProMetheusDB_mmc2	ProMetheusDB	METHYLATION	Arg methylation	Homo sapiens (Human)	A0AV96:R410	A0AV96:R410	True	external_methyl_table
A0AV96	A0AV96	A0AV96	False	RBM47	R	394	R394	me	Rme1	True	GNRAPGPRGSYLGGY	APGPR(me)GSYLGGYSAGR(me), APGPR(me)GSYLGGYSAGR(di)GIYSR	ProMetheusDB_mmc2	ProMetheusDB	METHYLATION	Arg methylation	Homo sapiens (Human)	A0AV96:R394	A0AV96:R394	True	external_methyl_table
A0AV96	A0AV96	A0AV96	False	RBM47	R	394	R394	di	Rme2	True	GNRAPGPRGSYLGGY	APGPR(di)GSYLGGYSAGR(di)GIYSR	ProMetheusDB_mmc2	ProMetheusDB	METHYLATION	Arg methylation	Homo sapiens (Human)	A0AV96:R394	A0AV96:R394	True	external_methyl_table
Q9Y580	Q9Y580	Q9Y580	False	RBM7	R	201	R201	me	Rme1	True	PSSQRKVRMNSYPYL	VR(me)MNSYPYLADR, VR(me)M(me)NSYPYLADR	ProMetheusDB_mmc2	ProMetheusDB	METHYLATION	Arg methylation	Homo sapiens (Human)	Q9Y580:R201	Q9Y580:R201	True	external_methyl_table
P38159	P38159	P38159	False	RBMX	R	164	R164	me	Rme1	True	SGGPPPKRSAPSGPV	R(me)SAPSGPVR(me)SSSGMGGR, R(me)SAPSGPVR(me)SSSGMGGR, R(me)SAPSGPVR	ProMetheusDB_mmc2	ProMetheusDB	METHYLATION	Arg methylation	Homo sapiens (Human)	P38159:R164	P38159:R164	True	external_methyl_table
P38159	P38159	P38159	False	RBMX	R	172	R172	me	Rme1	True	SAPSGPVRSSSGMGG	SAPSGPVR(me)SSSGMGGR, R(me)SAPSGPVR(me)SSSGMGGR, R(me)SAPSGPVR(me)SSSGMGGR	ProMetheusDB_mmc2	ProMetheusDB	METHYLATION	Arg methylation	Homo sapiens (Human)	P38159:R172	P38159:R172	True	external_methyl_table
P38159	P38159	P38159	False	RBMX	R	298	R298	me	Rme1	True	SRSAPPTRGPPPSYG	SAPPTR(me)GPPPSYGGSSR	ProMetheusDB_mmc2	ProMetheusDB	METHYLATION	Arg methylation	Homo sapiens (Human)	P38159:R298	P38159:R298	True	external_methyl_table
P38159	P38159	P38159	False	RBMX	R	110	R110	di	Rme2	True	RGPPRGLRGGRGGSG	GLR(di)GGR(di)GGSGGTR	ProMetheusDB_mmc2	ProMetheusDB	METHYLATION	Arg methylation	Homo sapiens (Human)	P38159:R110	P38159:R110	True	external_methyl_table
P38159	P38159	P38159	False	RBMX	R	113	R113	di	Rme2	True	PRGLRGGRGGSGGTR	GLR(di)GGR(di)GGSGGTR	ProMetheusDB_mmc2	ProMetheusDB	METHYLATION	Arg methylation	Homo sapiens (Human)	P38159:R113	P38159:R113	True	external_methyl_table
P38159	P38159	P38159	False	RBMX	R	369	R369	di	Rme2	True	DSYSSSSRGAPRGGG	DSYSSSSR(di)GAPR(di)GGGR(di)GGSR	ProMetheusDB_mmc2	ProMetheusDB	METHYLATION	Arg methylation	Homo sapiens (Human)	P38159:R369	P38159:R369	True	external_methyl_table
P38159	P38159	P38159	False	RBMX	R	373	R373	di	Rme2	True	SSSRGAPRGGGRGGS	DSYSSSSR(di)GAPR(di)GGGR(di)GGSR	ProMetheusDB_mmc2	ProMetheusDB	METHYLATION	Arg methylation	Homo sapiens (Human)	P38159:R373	P38159:R373	True	external_methyl_table
P38159	P38159	P38159	False	RBMX	R	377	R377	di	Rme2	True	GAPRGGGRGGSRSDR	DSYSSSSR(di)GAPR(di)GGGR(di)GGSR	ProMetheusDB_mmc2	ProMetheusDB	METHYLATION	Arg methylation	Homo sapiens (Human)	P38159:R377	P38159:R377	True	external_methyl_table
P38159	P38159	P38159	False	RBMX	R	185	R185	me	Rme1	True	GGRAPVSRGRDSYGG	APVSR(me)GR(me)DSYGGPPR	ProMetheusDB_mmc2	ProMetheusDB	METHYLATION	Arg methylation	Homo sapiens (Human)	P38159:R185	P38159:R185	True	external_methyl_table
P38159	P38159	P38159	False	RBMX	R	187	R187	me	Rme1	True	RAPVSRGRDSYGGPP	APVSR(me)GR(me)DSYGGPPR	ProMetheusDB_mmc2	ProMetheusDB	METHYLATION	Arg methylation	Homo sapiens (Human)	P38159:R187	P38159:R187	True	external_methyl_table
Q96E39	Q96E39	Q96E39	False	RBMXL1	R	125	R125	me	Rme1	True	GTRGPPSRGGHMDDG	GPPSR(me)GGHMDDGGYSMNFNMSSSR, GPPSR(me)GGHM(me)DDGGYSMNFNMSSSR, GPPSR(me)GGHMDDGGYSMNFNMSSSR(me)GPLPVK, R(me)GGHMDDGGYSMNFNMSSS, GPPSR(me)GGHMDDGGYSMNFNMSSSR, GPPSR(me)GGHMDDGGYSMNFNMSSSR, GPPSR(me)GGHMDDGGYSMNFNMSSSR, GPPSR(me)GGHMDDGGYSMNFNMSSSR, GPPSR(me)GGHM(me)DDGGYSM(me)NFNMSSSR, GPPSR(me)GGHMDDGGYSMNFNMSSSR, GPPSR(me)GGHMDDGGYSMNFNMSSSR, R(me)GGHMDDGGYSMNFNMSSS, GPPSR(me)GGHM(me)DDGGYSMNFNM(me)SSSR, GPPSR(me)GGHMDDGGYSMNFNMSSSR, GPPSR(me)GGHM(me)DDGGYSM(me)NFNM(me)SSSR, GPPSR(me)GGHMDDGGYSM(me)NFNMSSSR, R(me)GGHMDDGGYSMNFNMSSS, R(me)GGHM(me)DDGGYSM(me)NFNM(me)SSS, GPPSR(me)GGHMDDGGYSMNFNM(me)SSSR, GPPSR(me)GGHMDDGGYSM(me)NFNM(me)SSSR(me)GPLPVK, GPPSR(me)GGHMDDGGYSMNFNMSSSR, R(me)GGHMDDGGYSMNFNMSSS, GPPSR(me)GGHMDDGGYSM(me)NFNM(me)SSSR	ProMetheusDB_mmc2	ProMetheusDB	METHYLATION	Arg methylation	Homo sapiens (Human)	Q96E39:R125	Q96E39:R125	True	external_methyl_table
Q96E39	Q96E39	Q96E39	False	RBMXL1	R	368	R368	me	Rme1	True	DSYSSSSRGAPRGAG	DSYSSSSR(me)GAPR(me), DSYSSSSR(me)GAPR	ProMetheusDB_mmc2	ProMetheusDB	METHYLATION	Arg methylation	Homo sapiens (Human)	Q96E39:R368	Q96E39:R368	True	external_methyl_table
Q96E39	Q96E39	Q96E39	False	RBMXL1	R	317	R317	me	Rme1	True	YDDYSSSRDGYGGSR	YDDYSSSR(me)DGYGGSR, YDDYSSSR(me)	ProMetheusDB_mmc2	ProMetheusDB	METHYLATION	Arg methylation	Homo sapiens (Human)	Q96E39:R317	Q96E39:R317	True	external_methyl_table
Q96E39	Q96E39	Q96E39	False	RBMXL1	R	372	R372	me	Rme1	True	SSSRGAPRGAGPGGS	DSYSSSSR(me)GAPR(me)	ProMetheusDB_mmc2	ProMetheusDB	METHYLATION	Arg methylation	Homo sapiens (Human)	Q96E39:R372	Q96E39:R372	True	external_methyl_table
Q96E39	Q96E39	Q96E39	False	RBMXL1	R	113	R113	di	Rme2	True	PRGFGAGRGGSGGTR	GFGAGR(di)GGSGGTR	ProMetheusDB_mmc2	ProMetheusDB	METHYLATION	Arg methylation	Homo sapiens (Human)	Q96E39:R113	Q96E39:R113	True	external_methyl_table
Q96E39	Q96E39	Q96E39	False	RBMXL1	R	125	R125	di	Rme2	True	GTRGPPSRGGHMDDG	GPPSR(di)GGHMDDGGYSMNFNMSSSR, GPPSR(di)GGHMDDGGYSMNFNMSSSR, GPPSR(di)GGHMDDGGYSMNFNMSSSR, GPPSR(di)GGHMDDGGYSM(me)NFNMSSSR, GPPSR(di)GGHMDDGGYSMNFNM(me)SSSR, GPPSR(di)GGHM(me)DDGGYSM(me)NFNM(me)SSSR	ProMetheusDB_mmc2	ProMetheusDB	METHYLATION	Arg methylation	Homo sapiens (Human)	Q96E39:R125	Q96E39:R125	True	external_methyl_table
Q96E39	Q96E39	Q96E39	False	RBMXL1	R	144	R144	me	Rme1	True	NFNMSSSRGPLPVKR	GPPSR(me)GGHMDDGGYSM(me)NFNM(me)SSSR(me)GPLPVK, GPPSR(me)GGHMDDGGYSMNFNMSSSR(me)GPLPVK, GGHMDDGGYSMNFNMSSSR(me)GPLPVK	ProMetheusDB_mmc2	ProMetheusDB	METHYLATION	Arg methylation	Homo sapiens (Human)	Q96E39:R144	Q96E39:R144	True	external_methyl_table
Q5TC82	Q5TC82	Q5TC82	False	RC3H1	R	729	R729	me	Rme1	True	APHPTQIRPSYLREP	YQQIESYYPVAPHPTQIR(me)PSYLR(me)	ProMetheusDB_mmc2	ProMetheusDB	METHYLATION	Arg methylation	Homo sapiens (Human)	Q5TC82:R729	Q5TC82:R729	True	external_methyl_table
Q5TC82	Q5TC82	Q5TC82	False	RC3H1	R	734	R734	me	Rme1	True	QIRPSYLREPPYSRL	YQQIESYYPVAPHPTQIR(me)PSYLR(me)	ProMetheusDB_mmc2	ProMetheusDB	METHYLATION	Arg methylation	Homo sapiens (Human)	Q5TC82:R734	Q5TC82:R734	True	external_methyl_table
Q9P2R6	Q9P2R6	Q9P2R6	False	RERE	R	1387	R1387	di	Rme2	True	ALAGPQLRPEMSYPD	LALAGPQLR(di)PEM(me)SYPDR	ProMetheusDB_mmc2	ProMetheusDB	METHYLATION	Arg methylation	Homo sapiens (Human)	Q9P2R6:R1387	Q9P2R6:R1387	True	external_methyl_table
Q9P2R6	Q9P2R6	Q9P2R6	False	RERE	R	1405	R1405	di	Rme2	True	AERIHAERMASLTSD	IHAER(di)M(me)ASLTSDPLAR	ProMetheusDB_mmc2	ProMetheusDB	METHYLATION	Arg methylation	Homo sapiens (Human)	Q9P2R6:R1405	Q9P2R6:R1405	True	external_methyl_table
Q86VR2	Q86VR2	Q86VR2	False	RETREG3	R	231	R231	di	Rme2	True	QRLDFSVRGYMMSKQ	LDFSVR(di)GYMMSK(me)QR	ProMetheusDB_mmc2	ProMetheusDB	METHYLATION	Arg methylation	Homo sapiens (Human)	Q86VR2:R231	Q86VR2:R231	True	external_methyl_table
Q8N1G1	Q8N1G1	Q8N1G1	False	REXO1	R	191	R191	me	Rme1	True	SLDRGQGRGGGGGGA	GQGR(me)GGGGGGALEYVPK	ProMetheusDB_mmc2	ProMetheusDB	METHYLATION	Arg methylation	Homo sapiens (Human)	Q8N1G1:R191	Q8N1G1:R191	True	external_methyl_table
P35249	P35249	P35249	False	RFC4	R	114	R114	me	Rme1	True	ELNASDERGIQVVRE	VLELNASDER(me)	ProMetheusDB_mmc2	ProMetheusDB	METHYLATION	Arg methylation	Homo sapiens (Human)	P35249:R114	P35249:R114	True	external_methyl_table
P49796	P49796	P49796	False	RGS3	R	448	R448	me	Rme1	True	RYTEVAKRGGQHTLP	R(me)GGQHTLPALSR	ProMetheusDB_mmc2	ProMetheusDB	METHYLATION	Arg methylation	Homo sapiens (Human)	P49796:R448	P49796:R448	True	external_methyl_table
Q9NVW2	Q9NVW2	Q9NVW2	False	RLIM	R	360	R360	me	Rme1	True	TVTYESERGGFRRTF	RSQTPNNTVTYESER(me)GGF, SQTPNNTVTYESER(me)GGFR	ProMetheusDB_mmc2	ProMetheusDB	METHYLATION	Arg methylation	Homo sapiens (Human)	Q9NVW2:R360	Q9NVW2:R360	True	external_methyl_table
P49247	P49247	P49247	False	RPIA	R	42	R42	me	Rme1	True	DLPGSHVRLPGRAQS	AGGAASGGGGNSWDLPGSHVR(me)LPGR(me), AGGAASGGGGNSWDLPGSHVR(me)LPGR	ProMetheusDB_mmc2	ProMetheusDB	METHYLATION	Arg methylation	Homo sapiens (Human)	P49247:R42	P49247:R42	True	external_methyl_table
P49247	P49247	P49247	False	RPIA	R	46	R46	me	Rme1	True	SHVRLPGRAQSGTRG	AGGAASGGGGNSWDLPGSHVR(me)LPGR(me)	ProMetheusDB_mmc2	ProMetheusDB	METHYLATION	Arg methylation	Homo sapiens (Human)	P49247:R46	P49247:R46	True	external_methyl_table
P49247	P49247	P49247	False	RPIA	R	42	R42	di	Rme2	True	DLPGSHVRLPGRAQS	AGGAASGGGGNSWDLPGSHVR(di)LPGR	ProMetheusDB_mmc2	ProMetheusDB	METHYLATION	Arg methylation	Homo sapiens (Human)	P49247:R42	P49247:R42	True	external_methyl_table
P30050	P30050	P30050	False	RPL12	R	146	R146	me	Rme1	True	VGCNVDGRHPHDIID	EILGTAQSVGCNVDGR(me)	ProMetheusDB_mmc2	ProMetheusDB	METHYLATION	Arg methylation	Homo sapiens (Human)	P30050:R146	P30050:R146	True	external_methyl_table
P36578	P36578	P36578	False	RPL4	R	97	R97	me	Rme1	True	GAFGNMCRGGRMFAP	SGQGAFGNM(me)CR(me)GGR, SGQGAFGNMCR(me)GGR	ProMetheusDB_mmc2	ProMetheusDB	METHYLATION	Arg methylation	Homo sapiens (Human)	P36578:R97	P36578:R97	True	external_methyl_table
Q5VT52	Q5VT52	Q5VT52	False	RPRD2	R	1424	R1424	di	Rme2	True	PRPDFRPREPFLSRD	PR(di)EPFLSR(di)DPFHSLK	ProMetheusDB_mmc2	ProMetheusDB	METHYLATION	Arg methylation	Homo sapiens (Human)	Q5VT52:R1424	Q5VT52:R1424	True	external_methyl_table
Q5VT52	Q5VT52	Q5VT52	False	RPRD2	R	1430	R1430	di	Rme2	True	PREPFLSRDPFHSLK	REPFLSR(di)DPFHSL, EPFLSR(di)DPFHSLK, PR(di)EPFLSR(di)DPFHSLK	ProMetheusDB_mmc2	ProMetheusDB	METHYLATION	Arg methylation	Homo sapiens (Human)	Q5VT52:R1430	Q5VT52:R1430	True	external_methyl_table
Q5VT52	Q5VT52	Q5VT52	False	RPRD2	R	1366	R1366	di	Rme2	True	GPGLSRVRESLTLPS	VR(di)ESLTLPSHSLEHLGPPHGGGGGGGSNSSSGPPLGPSHR	ProMetheusDB_mmc2	ProMetheusDB	METHYLATION	Arg methylation	Homo sapiens (Human)	Q5VT52:R1366	Q5VT52:R1366	True	external_methyl_table
Q5VT52	Q5VT52	Q5VT52	False	RPRD2	R	1454	R1454	di	Rme2	True	PPFFAPKRPFFPPRY	R(di)PFFPPR(di)Y	ProMetheusDB_mmc2	ProMetheusDB	METHYLATION	Arg methylation	Homo sapiens (Human)	Q5VT52:R1454	Q5VT52:R1454	True	external_methyl_table
Q5VT52	Q5VT52	Q5VT52	False	RPRD2	R	1460	R1460	di	Rme2	True	KRPFFPPRY______	R(di)PFFPPR(di)Y	ProMetheusDB_mmc2	ProMetheusDB	METHYLATION	Arg methylation	Homo sapiens (Human)	Q5VT52:R1460	Q5VT52:R1460	True	external_methyl_table
Q5VT52	Q5VT52	Q5VT52	False	RPRD2	R	1364	R1364	me	Rme1	True	LNGPGLSRVRESLTL	R(me)VR(me)ESLTLPSHSLEHLGPPHGGGGGGGSNSSSGPPLGPSH	ProMetheusDB_mmc2	ProMetheusDB	METHYLATION	Arg methylation	Homo sapiens (Human)	Q5VT52:R1364	Q5VT52:R1364	True	external_methyl_table
Q5VT52	Q5VT52	Q5VT52	False	RPRD2	R	1366	R1366	me	Rme1	True	GPGLSRVRESLTLPS	R(me)VR(me)ESLTLPSHSLEHLGPPHGGGGGGGSNSSSGPPLGPSH	ProMetheusDB_mmc2	ProMetheusDB	METHYLATION	Arg methylation	Homo sapiens (Human)	Q5VT52:R1366	Q5VT52:R1366	True	external_methyl_table
P46783	P46783	P46783	False	RPS10	R	153	R153	me	Rme1	True	SATEFQFRGGFGRGR	AEAGAGSATEFQFR(me), KAEAGAGSATEFQFR(me), AEAGAGSATEFQFR(me)GGFGR(di)GR(di)GQPPQ	ProMetheusDB_mmc2	ProMetheusDB	METHYLATION	Arg methylation	Homo sapiens (Human)	P46783:R153	P46783:R153	True	external_methyl_table
P46783	P46783	P46783	False	RPS10	R	158	R158	di	Rme2	True	QFRGGFGRGRGQPPQ	GGFGR(di)GR(me)GQPPQ, GGFGR(di)GR(di)GQPPQ, AEAGAGSATEFQFR(me)GGFGR(di)GR(di)GQPPQ	ProMetheusDB_mmc2	ProMetheusDB	METHYLATION	Arg methylation	Homo sapiens (Human)	P46783:R158	P46783:R158	True	external_methyl_table
P46783	P46783	P46783	False	RPS10	R	160	R160	di	Rme2	True	RGGFGRGRGQPPQ__	GGFGR(di)GR(di)GQPPQ, AEAGAGSATEFQFR(me)GGFGR(di)GR(di)GQPPQ	ProMetheusDB_mmc2	ProMetheusDB	METHYLATION	Arg methylation	Homo sapiens (Human)	P46783:R160	P46783:R160	True	external_methyl_table
P46783	P46783	P46783	False	RPS10	R	158	R158	me	Rme1	True	QFRGGFGRGRGQPPQ	GGFGR(me)GR(me)GQPPQ	ProMetheusDB_mmc2	ProMetheusDB	METHYLATION	Arg methylation	Homo sapiens (Human)	P46783:R158	P46783:R158	True	external_methyl_table
P46783	P46783	P46783	False	RPS10	R	160	R160	me	Rme1	True	RGGFGRGRGQPPQ__	GGFGR(di)GR(me)GQPPQ, GGFGR(me)GR(me)GQPPQ	ProMetheusDB_mmc2	ProMetheusDB	METHYLATION	Arg methylation	Homo sapiens (Human)	P46783:R160	P46783:R160	True	external_methyl_table
P46783	P46783	P46783	False	RPS10	R	119	R119	me	Rme1	True	ERPARLTRGEADRDT	LTR(me)GEADRDTYRR	ProMetheusDB_mmc2	ProMetheusDB	METHYLATION	Arg methylation	Homo sapiens (Human)	P46783:R119	P46783:R119	True	external_methyl_table
P62269	P62269	P62269	False	RPS18	R	66	R66	me	Rme1	True	LTEDEVERVITIMQN	RAGELTEDEVER(me)	ProMetheusDB_mmc2	ProMetheusDB	METHYLATION	Arg methylation	Homo sapiens (Human)	P62269:R66	P62269:R66	True	external_methyl_table
P62266	P62266	P62266	False	RPS23	R	107	R107	me	Rme1	True	VLVAGFGRKGHAVGD	ITAFVPNDGCLNFIEENDEVLVAGFGR(me)	ProMetheusDB_mmc2	ProMetheusDB	METHYLATION	Arg methylation	Homo sapiens (Human)	P62266:R107	P62266:R107	True	external_methyl_table
P62273	P62273	P62273	False	RPS29	R	12	R12	me	Rme1	True	QLYWSHPRKFGQGSR	GHQQLYWSHPR(me)	ProMetheusDB_mmc2	ProMetheusDB	METHYLATION	Arg methylation	Homo sapiens (Human)	P62273:R12	P62273:R12	True	external_methyl_table
P46782	P46782	P46782	False	RPS5	R	198	R198	me	Rme1	True	KKKDELERVAKSNR_	KKDELER(me)	ProMetheusDB_mmc2	ProMetheusDB	METHYLATION	Arg methylation	Homo sapiens (Human)	P46782:R198	P46782:R198	True	external_methyl_table
Q14684	Q14684	Q14684	False	RRP1B	R	283	R283	me	Rme1	True	GLSDERGRDDCGTFE	GR(me)DDCGTFEDTGPLLQFDYK	ProMetheusDB_mmc2	ProMetheusDB	METHYLATION	Arg methylation	Homo sapiens (Human)	Q14684:R283	Q14684:R283	True	external_methyl_table
Q01196	Q01196	Q01196	False	RUNX1	R	223	R223	di	Rme2	True	PAPTPNPRASLNHST	VSPHHPAPTPNPR(di)ASLNHSTAFNPQPQSQMQDTR, VSPHHPAPTPNPR(di)ASLNHSTAFNPQPQSQM(me)QDTR, VSPHHPAPTPNPR(di)ASLNHSTAFNPQPQSQMQDTR	ProMetheusDB_mmc2	ProMetheusDB	METHYLATION	Arg methylation	Homo sapiens (Human)	Q01196:R223	Q01196:R223	True	external_methyl_table
Q13950	Q13950	Q13950	False	RUNX2	R	267	R267	di	Rme2	True	GVPPQNPRPSLNSAP	VGVPPQNPR(di)PSLNSAPSPFNPQGQSQITDPR	ProMetheusDB_mmc2	ProMetheusDB	METHYLATION	Arg methylation	Homo sapiens (Human)	Q13950:R267	Q13950:R267	True	external_methyl_table
Q13950	Q13950	Q13950	False	RUNX2	R	325	R325	me	Rme1	True	TTPLSSTRGTGLPAI	R(me)GTGLPAITDVPR	ProMetheusDB_mmc2	ProMetheusDB	METHYLATION	Arg methylation	Homo sapiens (Human)	Q13950:R325	Q13950:R325	True	external_methyl_table
Q13950	Q13950	Q13950	False	RUNX2	R	337	R337	me	Rme1	True	PAITDVPRRISDDDT	RGTGLPAITDVPR(me)	ProMetheusDB_mmc2	ProMetheusDB	METHYLATION	Arg methylation	Homo sapiens (Human)	Q13950:R337	Q13950:R337	True	external_methyl_table
Q13761	Q13761	Q13761	False	RUNX3	R	262	R262	me	Rme1	True	LPTLTESRFPDPRMH	RSFPTLPTLTESR(me)FPDP	ProMetheusDB_mmc2	ProMetheusDB	METHYLATION	Arg methylation	Homo sapiens (Human)	Q13761:R262	Q13761:R262	True	external_methyl_table
Q15424	Q15424	Q15424	False	SAFB	R	811	R811	me	Rme1	True	DKRMSEGRGLPPPPR	MSEGR(me)GLPPPPRR, MSEGR(me)GLPPPPR, M(me)SEGR(me)GLPPPPR, MSEGR(me)GLPPPPR	ProMetheusDB_mmc2	ProMetheusDB	METHYLATION	Arg methylation	Homo sapiens (Human)	Q15424:R811	Q15424:R811	True	external_methyl_table
Q15424	Q15424	Q15424	False	SAFB	R	874	R874	me	Rme1	True	NRGGMSGRGSFAPGG	GGMSGR(me)GSFAPGGASR	ProMetheusDB_mmc2	ProMetheusDB	METHYLATION	Arg methylation	Homo sapiens (Human)	Q15424:R874	Q15424:R874	True	external_methyl_table
Q15424-2	Q15424-2	Q15424	True	SAFB	R	742	R742	me	Rme1	True	DKRMSEGRGLPPPPR	M(me)SEGR(me)GLPPPPR(me)GR(me), MSEGR(me)GLPPPPR(di)GR, MSEGR(me)GLPPPPR(me)GR(me)	ProMetheusDB_mmc2	ProMetheusDB	METHYLATION	Arg methylation	Homo sapiens (Human)	Q15424-2:R742	Q15424:R742	True	external_methyl_table
Q15424-2	Q15424-2	Q15424	True	SAFB	R	749	R749	me	Rme1	True	RGLPPPPRGRRDWGD	GLPPPPR(me)GR(me), M(me)SEGR(me)GLPPPPR(me)GR(me), GLPPPPR(me)GR, MSEGR(me)GLPPPPR(me)GR(me)	ProMetheusDB_mmc2	ProMetheusDB	METHYLATION	Arg methylation	Homo sapiens (Human)	Q15424-2:R749	Q15424:R749	True	external_methyl_table
Q15424-2	Q15424-2	Q15424	True	SAFB	R	751	R751	me	Rme1	True	LPPPPRGRRDWGDHG	GLPPPPR(me)GR(me), M(me)SEGR(me)GLPPPPR(me)GR(me), MSEGR(me)GLPPPPR(me)GR(me)	ProMetheusDB_mmc2	ProMetheusDB	METHYLATION	Arg methylation	Homo sapiens (Human)	Q15424-2:R751	Q15424:R751	True	external_methyl_table
Q15424	Q15424	Q15424	False	SAFB	R	756	R756	me	Rme1	True	FDHRDRGRYPDHSVD	DRGR(me)YPDHSVDRR	ProMetheusDB_mmc2	ProMetheusDB	METHYLATION	Arg methylation	Homo sapiens (Human)	Q15424:R756	Q15424:R756	True	external_methyl_table
Q15424-2	Q15424-2	Q15424	True	SAFB	R	749	R749	di	Rme2	True	RGLPPPPRGRRDWGD	MSEGR(me)GLPPPPR(di)GR	ProMetheusDB_mmc2	ProMetheusDB	METHYLATION	Arg methylation	Homo sapiens (Human)	Q15424-2:R749	Q15424:R749	True	external_methyl_table
Q15424	Q15424	Q15424	False	SAFB	R	910	R910	me	Rme1	True	GSRPSDARFTRRY__	GSRPSDAR(me)FTR	ProMetheusDB_mmc2	ProMetheusDB	METHYLATION	Arg methylation	Homo sapiens (Human)	Q15424:R910	Q15424:R910	True	external_methyl_table
Q14151	Q14151	Q14151	False	SAFB2	R	903	R903	me	Rme1	True	SRGGVAGRGGFAQGG	GGVAGR(me)GGFAQGGHSQGHVVPGGGLEGGGVASQDR	ProMetheusDB_mmc2	ProMetheusDB	METHYLATION	Arg methylation	Homo sapiens (Human)	Q14151:R903	Q14151:R903	True	external_methyl_table
Q14151	Q14151	Q14151	False	SAFB2	R	903	R903	di	Rme2	True	SRGGVAGRGGFAQGG	GGVAGR(di)GGFAQGGHSQGHVVPGGGLEGGGVASQDR, GLSGPSGPGHMASR(di)GGVAGR(di)GGFAQGGHSQGHVVPGGGLEGGGVASQDR, GLSGPSGPGHMASR(di)GGVAGR(di)GGFAQGGHSQGHVVPGGGLEGGGVASQDR, GLSGPSGPGHM(me)ASR(di)GGVAGR(di)GGFAQGGHSQGHVVPGGGLEGGGVASQDR	ProMetheusDB_mmc2	ProMetheusDB	METHYLATION	Arg methylation	Homo sapiens (Human)	Q14151:R903	Q14151:R903	True	external_methyl_table
Q14151	Q14151	Q14151	False	SAFB2	R	835	R835	me	Rme1	True	DKRLSEGRGLPPPPR	LSEGR(me)GLPPPPRGGR, LSEGR(me)GLPPPPR	ProMetheusDB_mmc2	ProMetheusDB	METHYLATION	Arg methylation	Homo sapiens (Human)	Q14151:R835	Q14151:R835	True	external_methyl_table
Q14151	Q14151	Q14151	False	SAFB2	R	897	R897	di	Rme2	True	GPGHMASRGGVAGRG	GLSGPSGPGHMASR(di)GGVAGR(di)GGFAQGGHSQGHVVPGGGLEGGGVASQDR, GLSGPSGPGHMASR(di)GGVAGR(di)GGFAQGGHSQGHVVPGGGLEGGGVASQDR, GLSGPSGPGHM(me)ASR(di)GGVAGR(di)GGFAQGGHSQGHVVPGGGLEGGGVASQDR	ProMetheusDB_mmc2	ProMetheusDB	METHYLATION	Arg methylation	Homo sapiens (Human)	Q14151:R897	Q14151:R897	True	external_methyl_table
Q6SPF0	Q6SPF0	Q6SPF0	False	SAMD1	R	284	R284	me	Rme1	True	LEEEAAARGRLERTR	RVQGLLEEEAAAR(me)G, VQGLLEEEAAAR(me)GR	ProMetheusDB_mmc2	ProMetheusDB	METHYLATION	Arg methylation	Homo sapiens (Human)	Q6SPF0:R284	Q6SPF0:R284	True	external_methyl_table
Q5PRF9	Q5PRF9	Q5PRF9	False	SAMD4B	R	602	R602	di	Rme2	True	GIGGVSPRHALTSPS	M(me)GLLSPSGIGGVSPR(di)HALTSPSLGGQGR, MGLLSPSGIGGVSPR(di)HALTSPSLGGQGR, MGLLSPSGIGGVSPR(di)HALTSPSLGGQGR	ProMetheusDB_mmc2	ProMetheusDB	METHYLATION	Arg methylation	Homo sapiens (Human)	Q5PRF9:R602	Q5PRF9:R602	True	external_methyl_table
Q5PRF9	Q5PRF9	Q5PRF9	False	SAMD4B	R	602	R602	me	Rme1	True	GIGGVSPRHALTSPS	M(me)GLLSPSGIGGVSPR(me)HALTSPSLGGQGR(me)	ProMetheusDB_mmc2	ProMetheusDB	METHYLATION	Arg methylation	Homo sapiens (Human)	Q5PRF9:R602	Q5PRF9:R602	True	external_methyl_table
Q5PRF9	Q5PRF9	Q5PRF9	False	SAMD4B	R	615	R615	me	Rme1	True	PSLGGQGRQNLWFAN	M(me)GLLSPSGIGGVSPR(me)HALTSPSLGGQGR(me)	ProMetheusDB_mmc2	ProMetheusDB	METHYLATION	Arg methylation	Homo sapiens (Human)	Q5PRF9:R615	Q5PRF9:R615	True	external_methyl_table
Q9H0E3	Q9H0E3	Q9H0E3	False	SAP130	R	5	R5	di	Rme2	True	___MGPPRHPQAGEI	GPPR(di)HPQAGEIEAGGAGGGRR	ProMetheusDB_mmc2	ProMetheusDB	METHYLATION	Arg methylation	Homo sapiens (Human)	Q9H0E3:R5	Q9H0E3:R5	True	external_methyl_table
Q15020	Q15020	Q15020	False	SART3	R	906	R906	me	Rme1	True	LPQTYGARGKGRTQL	KAPGGPMLLPQTYGAR(me), KAPGGPM(me)LLPQTYGAR(me), KAPGGPMLLPQTYGAR(me), KAPGGPMLLPQTYGAR(me)GK(me)	ProMetheusDB_mmc2	ProMetheusDB	METHYLATION	Arg methylation	Homo sapiens (Human)	Q15020:R906	Q15020:R906	True	external_methyl_table
Q15020	Q15020	Q15020	False	SART3	R	906	R906	di	Rme2	True	LPQTYGARGKGRTQL	KAPGGPMLLPQTYGAR(di)GK	ProMetheusDB_mmc2	ProMetheusDB	METHYLATION	Arg methylation	Homo sapiens (Human)	Q15020:R906	Q15020:R906	True	external_methyl_table
Q99590	Q99590	Q99590	False	SCAF11	R	969	R969	me	Rme1	True	YSPRWKGRWANDGWR	GR(me)WANDGWR	ProMetheusDB_mmc2	ProMetheusDB	METHYLATION	Arg methylation	Homo sapiens (Human)	Q99590:R969	Q99590:R969	True	external_methyl_table
Q99590	Q99590	Q99590	False	SCAF11	R	693	R693	me	Rme1	True	ESLTEHPRSTELPKT	SLEEKNESLTEHPR(me)	ProMetheusDB_mmc2	ProMetheusDB	METHYLATION	Arg methylation	Homo sapiens (Human)	Q99590:R693	Q99590:R693	True	external_methyl_table
O95104	O95104	O95104	False	SCAF4	R	917	R917	di	Rme2	True	PPHGPFVRPGGMPGL	GPFPPHGPFVR(di)PGGMPGLGGPGPGPGGPEDR, GPFPPHGPFVR(di)PGGMPGLGGPGPGPGGPEDR, GPFPPHGPFVR(di)PGGMPGLGGPGPGPGGPEDRDGR, GPFPPHGPFVR(di)PGGM(me)PGLGGPGPGPGGPEDRDGR, GPFPPHGPFVR(di)PGGM(me)PGLGGPGPGPGGPEDR, GPFPPHGPFVR(di)PGGMPGLGGPGPGPGGPEDRDGR	ProMetheusDB_mmc2	ProMetheusDB	METHYLATION	Arg methylation	Homo sapiens (Human)	O95104:R917	O95104:R917	True	external_methyl_table
Q9UPN6	Q9UPN6	Q9UPN6	False	SCAF8	R	1120	R1120	me	Rme1	True	PKGLHEERGRFRSGN	RVLPVYGGPKGLHEER(me)G, GLHEER(me)GR(me)	ProMetheusDB_mmc2	ProMetheusDB	METHYLATION	Arg methylation	Homo sapiens (Human)	Q9UPN6:R1120	Q9UPN6:R1120	True	external_methyl_table
Q9UPN6	Q9UPN6	Q9UPN6	False	SCAF8	R	1120	R1120	di	Rme2	True	PKGLHEERGRFRSGN	GLHEER(di)GR	ProMetheusDB_mmc2	ProMetheusDB	METHYLATION	Arg methylation	Homo sapiens (Human)	Q9UPN6:R1120	Q9UPN6:R1120	True	external_methyl_table
Q9UPN6	Q9UPN6	Q9UPN6	False	SCAF8	R	1122	R1122	me	Rme1	True	GLHEERGRFRSGNYR	GLHEER(me)GR(me)	ProMetheusDB_mmc2	ProMetheusDB	METHYLATION	Arg methylation	Homo sapiens (Human)	Q9UPN6:R1122	Q9UPN6:R1122	True	external_methyl_table
Q8IZE3	Q8IZE3	Q8IZE3	False	SCYL3	R	44	R44	di	Rme2	True	ASVFVYKRENEDKVN	R(di)ENEDKVNK(di)	ProMetheusDB_mmc2	ProMetheusDB	METHYLATION	Arg methylation	Homo sapiens (Human)	Q8IZE3:R44	Q8IZE3:R44	True	external_methyl_table
Q8NC51	Q8NC51	Q8NC51	False	SERBP1	R	216	R216	me	Rme1	True	GLKHEDKRGGSGSHN	R(me)GGSGSHNWGTVK, R(me)GGSGSHNWGTVKDELTESPK	ProMetheusDB_mmc2	ProMetheusDB	METHYLATION	Arg methylation	Homo sapiens (Human)	Q8NC51:R216	Q8NC51:R216	True	external_methyl_table
Q8NC51	Q8NC51	Q8NC51	False	SERBP1	R	160	R160	me	Rme1	True	VDRPIIDRPIRGRGG	GEGGEFSVDRPIIDR(me)PIR(me)GR(me)	ProMetheusDB_mmc2	ProMetheusDB	METHYLATION	Arg methylation	Homo sapiens (Human)	Q8NC51:R160	Q8NC51:R160	True	external_methyl_table
Q8NC51	Q8NC51	Q8NC51	False	SERBP1	R	163	R163	me	Rme1	True	PIIDRPIRGRGGLGR	GEGGEFSVDRPIIDR(me)PIR(me)GR(me)	ProMetheusDB_mmc2	ProMetheusDB	METHYLATION	Arg methylation	Homo sapiens (Human)	Q8NC51:R163	Q8NC51:R163	True	external_methyl_table
Q8NC51	Q8NC51	Q8NC51	False	SERBP1	R	165	R165	me	Rme1	True	IDRPIRGRGGLGRGR	GEGGEFSVDRPIIDR(me)PIR(me)GR(me)	ProMetheusDB_mmc2	ProMetheusDB	METHYLATION	Arg methylation	Homo sapiens (Human)	Q8NC51:R165	Q8NC51:R165	True	external_methyl_table
Q8NC51	Q8NC51	Q8NC51	False	SERBP1	R	201	R201	me	Rme1	True	DRHSGSDRSSFSHYS	HSGSDR(me)SSFSHYSGLK	ProMetheusDB_mmc2	ProMetheusDB	METHYLATION	Arg methylation	Homo sapiens (Human)	Q8NC51:R201	Q8NC51:R201	True	external_methyl_table
Q8NC51	Q8NC51	Q8NC51	False	SERBP1	R	181	R181	me	Rme1	True	GRGRGMGRGDGFDSR	R(me)GMGR(me)GDGFDS, R(me)GDGFDSR(me)GK(me), GR(di)GMGR(me)GDGFDSR	ProMetheusDB_mmc2	ProMetheusDB	METHYLATION	Arg methylation	Homo sapiens (Human)	Q8NC51:R181	Q8NC51:R181	True	external_methyl_table
Q8NC51	Q8NC51	Q8NC51	False	SERBP1	R	188	R188	me	Rme1	True	RGDGFDSRGKREFDR	R(me)GDGFDSR(me)GK(me)	ProMetheusDB_mmc2	ProMetheusDB	METHYLATION	Arg methylation	Homo sapiens (Human)	Q8NC51:R188	Q8NC51:R188	True	external_methyl_table
Q8NC51	Q8NC51	Q8NC51	False	SERBP1	R	216	R216	di	Rme2	True	GLKHEDKRGGSGSHN	R(di)GGSGSHNWGTVK	ProMetheusDB_mmc2	ProMetheusDB	METHYLATION	Arg methylation	Homo sapiens (Human)	Q8NC51:R216	Q8NC51:R216	True	external_methyl_table
Q8NC51	Q8NC51	Q8NC51	False	SERBP1	R	364	R364	me	Rme1	True	INFGDLGRPGRGGRG	KPANDITSQLEINFGDLGR(me)	ProMetheusDB_mmc2	ProMetheusDB	METHYLATION	Arg methylation	Homo sapiens (Human)	Q8NC51:R364	Q8NC51:R364	True	external_methyl_table
Q8NC51	Q8NC51	Q8NC51	False	SERBP1	R	177	R177	di	Rme2	True	RGRGGRGRGMGRGDG	GR(di)GMGR(me)GDGFDSR	ProMetheusDB_mmc2	ProMetheusDB	METHYLATION	Arg methylation	Homo sapiens (Human)	Q8NC51:R177	Q8NC51:R177	True	external_methyl_table
Q8NC51	Q8NC51	Q8NC51	False	SERBP1	R	177	R177	me	Rme1	True	RGRGGRGRGMGRGDG	R(me)GMGR(me)GDGFDS	ProMetheusDB_mmc2	ProMetheusDB	METHYLATION	Arg methylation	Homo sapiens (Human)	Q8NC51:R177	Q8NC51:R177	True	external_methyl_table
O15047	O15047	O15047	False	SETD1A	R	1227	R1227	me	Rme1	True	SWPEEVSRGGRSRAG	SWPEEVSR(me)GGR	ProMetheusDB_mmc2	ProMetheusDB	METHYLATION	Arg methylation	Homo sapiens (Human)	O15047:R1227	O15047:R1227	True	external_methyl_table
O15047	O15047	O15047	False	SETD1A	R	106	R106	me	Rme1	True	ARLNDNVRETFLKDM	LNDNVR(me)ETFLKDMCR	ProMetheusDB_mmc2	ProMetheusDB	METHYLATION	Arg methylation	Homo sapiens (Human)	O15047:R106	O15047:R106	True	external_methyl_table
Q9UPS6	Q9UPS6	Q9UPS6	False	SETD1B	R	278	R278	me	Rme1	True	QGTPLTPRLGTPFSQ	LDTPNSYGQGTPLTPR(me)	ProMetheusDB_mmc2	ProMetheusDB	METHYLATION	Arg methylation	Homo sapiens (Human)	Q9UPS6:R278	Q9UPS6:R278	True	external_methyl_table
Q13435	Q13435	Q13435	False	SF3B2	R	502	R502	di	Rme2	True	RNSVPVPRHWCFKRK	NSVPVPR(di)HWCFK	ProMetheusDB_mmc2	ProMetheusDB	METHYLATION	Arg methylation	Homo sapiens (Human)	Q13435:R502	Q13435:R502	True	external_methyl_table
Q13435	Q13435	Q13435	False	SF3B2	R	502	R502	me	Rme1	True	RNSVPVPRHWCFKRK	NSVPVPR(me)HWCFK	ProMetheusDB_mmc2	ProMetheusDB	METHYLATION	Arg methylation	Homo sapiens (Human)	Q13435:R502	Q13435:R502	True	external_methyl_table
Q13435	Q13435	Q13435	False	SF3B2	R	216	R216	di	Rme2	True	DMGQIGVRTPLGPRV	MGTPVPRPPQDMGQIGVR(di)TPLGPR, MGTPVPRPPQDMGQIGVR(di)TPLGPR, MGTPVPRPPQDM(me)GQIGVR(di)TPLGPR, MGTPVPRPPQDMGQIGVR(di)TPLGPR, KMGTPVPRPPQDMGQIGVR(di)TPLGP, RPPQDMGQIGVR(di)TPLGP, M(me)GTPVPRPPQDMGQIGVR(di)TPLGPR, RPPQDMGQIGVR(di)TPLGP, MGTPVPRPPQDMGQIGVR(di)TPLGPR, M(me)GTPVPRPPQDM(me)GQIGVR(di)TPLGPR	ProMetheusDB_mmc2	ProMetheusDB	METHYLATION	Arg methylation	Homo sapiens (Human)	Q13435:R216	Q13435:R216	True	external_methyl_table
Q13435	Q13435	Q13435	False	SF3B2	R	216	R216	me	Rme1	True	DMGQIGVRTPLGPRV	M(me)GTPVPRPPQDMGQIGVR(me)TPLGPR(me), MGTPVPR(me)PPQDMGQIGVR(me)TPLGPR(me), MGTPVPRPPQDM(me)GQIGVR(me), MGTPVPRPPQDMGQIGVR(me)TPLGPR(me), MGTPVPRPPQDMGQIGVR(me)TPLGPR(me), MGTPVPRPPQDMGQIGVR(me)TPLGPR(me), MGTPVPRPPQDMGQIGVR(me)TPLGPR(me), MGTPVPRPPQDM(me)GQIGVR(me)TPLGPR(me), M(me)GTPVPRPPQDM(me)GQIGVR(me)TPLGPR(me)	ProMetheusDB_mmc2	ProMetheusDB	METHYLATION	Arg methylation	Homo sapiens (Human)	Q13435:R216	Q13435:R216	True	external_methyl_table
Q13435	Q13435	Q13435	False	SF3B2	R	222	R222	me	Rme1	True	VRTPLGPRVAAPVGP	M(me)GTPVPRPPQDMGQIGVR(me)TPLGPR(me), MGTPVPR(me)PPQDMGQIGVR(me)TPLGPR(me), MGTPVPRPPQDMGQIGVR(me)TPLGPR(me), MGTPVPRPPQDMGQIGVR(me)TPLGPR(me), MGTPVPRPPQDMGQIGVR(me)TPLGPR(me), MGTPVPRPPQDMGQIGVR(me)TPLGPR(me), MGTPVPRPPQDM(me)GQIGVR(me)TPLGPR(me), M(me)GTPVPRPPQDM(me)GQIGVR(me)TPLGPR(me)	ProMetheusDB_mmc2	ProMetheusDB	METHYLATION	Arg methylation	Homo sapiens (Human)	Q13435:R222	Q13435:R222	True	external_methyl_table
Q13435	Q13435	Q13435	False	SF3B2	R	247	R247	me	Rme1	True	GAPVPRPRGPPPPPG	PR(me)GPPPPPGDENREMDDPSVGPK, PR(me)GPPPPPGDENREM(me)DDPSVGPK	ProMetheusDB_mmc2	ProMetheusDB	METHYLATION	Arg methylation	Homo sapiens (Human)	Q13435:R247	Q13435:R247	True	external_methyl_table
Q13435	Q13435	Q13435	False	SF3B2	R	205	R205	me	Rme1	True	KMGTPVPRPPQDMGQ	MGTPVPR(me)PPQDMGQIGVR(me)TPLGPR(me)	ProMetheusDB_mmc2	ProMetheusDB	METHYLATION	Arg methylation	Homo sapiens (Human)	Q13435:R205	Q13435:R205	True	external_methyl_table
P23246	P23246	P23246	False	SFPQ	R	681	R681	me	Rme1	True	PVGGQGPRGMGPGTP	FGQGGAGPVGGQGPR(me)GMGPGTPAGYGR(me), FGQGGAGPVGGQGPR(me)GMGPGTPAGYGR, FGQGGAGPVGGQGPR(me)GMGPGTPAGYGR(me), FGQGGAGPVGGQGPR(me)GMGPGTPAGYGR(me)GR(me), FGQGGAGPVGGQGPR(me)GMGPGTPAGYGR, R(me)GMGPGTPAGYG, R(me)GMGPGTPAGYGR(me)G, FGQGGAGPVGGQGPR(me)GM(me)GPGTPAGYGR(me)GR(me), FGQGGAGPVGGQGPR(me)GMGPGTPAGYGR(me)GR, R(me)GM(me)GPGTPAGYGR(me)G, R(me)GMGPGTPAGYGR(me)G, FGQGGAGPVGGQGPR(me)GMGPGTPAGYGR(me)GR(me), FGQGGAGPVGGQGPR(me)GMGPGTPAGYGR, FGQGGAGPVGGQGPR(me)	ProMetheusDB_mmc2	ProMetheusDB	METHYLATION	Arg methylation	Homo sapiens (Human)	P23246:R681	P23246:R681	True	external_methyl_table
P23246	P23246	P23246	False	SFPQ	R	693	R693	me	Rme1	True	GTPAGYGRGREEYEG	FGQGGAGPVGGQGPR(me)GMGPGTPAGYGR(me)GR(me), GMGPGTPAGYGR(me)GR, RGMGPGTPAGYGR(me)G, RGMGPGTPAGYGR(me)G, R(me)GM(me)GPGTPAGYGR(me)G, FGQGGAGPVGGQGPR(di)GMGPGTPAGYGR(me), R(me)GMGPGTPAGYGR(me)G, FGQGGAGPVGGQGPR(di)GMGPGTPAGYGR(me), R(me)GMGPGTPAGYGR(me)G, GMGPGTPAGYGR(me), FGQGGAGPVGGQGPR(me)GMGPGTPAGYGR(me), FGQGGAGPVGGQGPR(me)GMGPGTPAGYGR(me), FGQGGAGPVGGQGPR(di)GMGPGTPAGYGR(me), RGM(me)GPGTPAGYGR(me)G, GM(me)GPGTPAGYGR(me)GR(me), GMGPGTPAGYGR(me), FGQGGAGPVGGQGPR(me)GM(me)GPGTPAGYGR(me)GR(me), GM(me)GPGTPAGYGR(me)GR, FGQGGAGPVGGQGPR(di)GM(me)GPGTPAGYGR(me), GMGPGTPAGYGR(me), GMGPGTPAGYGR(me)GR, GM(me)GPGTPAGYGR(me), GMGPGTPAGYGR(me)GR(me), GMGPGTPAGYGR(me)GR, FGQGGAGPVGGQGPR(me)GMGPGTPAGYGR(me)GR, FGQGGAGPVGGQGPR(me)GMGPGTPAGYGR(me)GR(me)	ProMetheusDB_mmc2	ProMetheusDB	METHYLATION	Arg methylation	Homo sapiens (Human)	P23246:R693	P23246:R693	True	external_methyl_table
P23246	P23246	P23246	False	SFPQ	R	706	R706	me	Rme1	True	EGPNKKPRF______	EEYEGPNKKPR(me)F	ProMetheusDB_mmc2	ProMetheusDB	METHYLATION	Arg methylation	Homo sapiens (Human)	P23246:R706	P23246:R706	True	external_methyl_table
P23246	P23246	P23246	False	SFPQ	R	681	R681	di	Rme2	True	PVGGQGPRGMGPGTP	FGQGGAGPVGGQGPR(di)GM(me)GPGTPAGYGR(me), FGQGGAGPVGGQGPR(di)GMGPGTPAGYGR(me), FGQGGAGPVGGQGPR(di)GMGPGTPAGYGR(me), FGQGGAGPVGGQGPR(di)GMGPGTPAGYGR(me), FGQGGAGPVGGQGPR(di)GM(me)GPGTPAGYGRGR	ProMetheusDB_mmc2	ProMetheusDB	METHYLATION	Arg methylation	Homo sapiens (Human)	P23246:R681	P23246:R681	True	external_methyl_table
P23246	P23246	P23246	False	SFPQ	R	19	R19	di	Rme2	True	GGGGFHRRGGGGGRG	R(di)GGGGGR(di)GGLHDFR(di)SPPPGMGLNQNR, R(di)GGGGGR(me)GGLHDFR, R(di)GGGGGR(di)GGLHDFRSPPPGMGLNQNR, R(di)GGGGGR(di)GGLHDFR, R(di)GGGGGR(di)GGLHDFR(me)SPPPGMGLNQNR, R(di)GGGGGR(di)GGLHDFR(me), R(di)GGGGGR(di)GGLHDFR(me)SPPPGMGLNQNR, GGGGGGFHR(di)R(di), R(di)GGGGGR(di)GGLHDFR(me)SPPPGM(me)GLNQNR	ProMetheusDB_mmc2	ProMetheusDB	METHYLATION	Arg methylation	Homo sapiens (Human)	P23246:R19	P23246:R19	True	external_methyl_table
P23246	P23246	P23246	False	SFPQ	R	25	R25	di	Rme2	True	RRGGGGGRGGLHDFR	R(me)GGGGGR(di)GGLHDFR, R(di)GGGGGR(di)GGLHDFR(di)SPPPGMGLNQNR, R(di)GGGGGR(di)GGLHDFRSPPPGMGLNQNR, R(di)GGGGGR(di)GGLHDFR, R(di)GGGGGR(di)GGLHDFR(me)SPPPGMGLNQNR, R(di)GGGGGR(di)GGLHDFR(me), R(di)GGGGGR(di)GGLHDFR(me)SPPPGMGLNQNR, R(di)GGGGGR(di)GGLHDFR(me)SPPPGM(me)GLNQNR	ProMetheusDB_mmc2	ProMetheusDB	METHYLATION	Arg methylation	Homo sapiens (Human)	P23246:R25	P23246:R25	True	external_methyl_table
P23246	P23246	P23246	False	SFPQ	R	9	R9	di	Rme2	True	SRDRFRSRGGGGGGF	SR(di)GGGGGGFHR, FR(di)SR(di)GGGGGGFHR, FR(di)SR(di)GGGGGGFHR(me), SR(di)GGGGGGFHR(me), FR(me)SR(di)GGGGGGFHR	ProMetheusDB_mmc2	ProMetheusDB	METHYLATION	Arg methylation	Homo sapiens (Human)	P23246:R9	P23246:R9	True	external_methyl_table
P23246	P23246	P23246	False	SFPQ	R	25	R25	me	Rme1	True	RRGGGGGRGGLHDFR	R(di)GGGGGR(me)GGLHDFR, GGGGGR(me)GGLHDFR	ProMetheusDB_mmc2	ProMetheusDB	METHYLATION	Arg methylation	Homo sapiens (Human)	P23246:R25	P23246:R25	True	external_methyl_table
P23246	P23246	P23246	False	SFPQ	R	7	R7	me	Rme1	True	_MSRDRFRSRGGGGG	FR(me)SR(di)GGGGGGFHR	ProMetheusDB_mmc2	ProMetheusDB	METHYLATION	Arg methylation	Homo sapiens (Human)	P23246:R7	P23246:R7	True	external_methyl_table
P23246	P23246	P23246	False	SFPQ	R	7	R7	di	Rme2	True	_MSRDRFRSRGGGGG	FR(di)SR(di)GGGGGGFHR, FR(di)SR(di)GGGGGGFHR(me)	ProMetheusDB_mmc2	ProMetheusDB	METHYLATION	Arg methylation	Homo sapiens (Human)	P23246:R7	P23246:R7	True	external_methyl_table
P23246	P23246	P23246	False	SFPQ	R	18	R18	me	Rme1	True	GGGGGFHRRGGGGGR	SR(di)GGGGGGFHR(me), FR(di)SR(di)GGGGGGFHR(me)	ProMetheusDB_mmc2	ProMetheusDB	METHYLATION	Arg methylation	Homo sapiens (Human)	P23246:R18	P23246:R18	True	external_methyl_table
P23246	P23246	P23246	False	SFPQ	R	19	R19	me	Rme1	True	GGGGFHRRGGGGGRG	R(me)GGGGGR(di)GGLHDFR	ProMetheusDB_mmc2	ProMetheusDB	METHYLATION	Arg methylation	Homo sapiens (Human)	P23246:R19	P23246:R19	True	external_methyl_table
P23246	P23246	P23246	False	SFPQ	R	18	R18	di	Rme2	True	GGGGGFHRRGGGGGR	GGGGGGFHR(di)R(di)	ProMetheusDB_mmc2	ProMetheusDB	METHYLATION	Arg methylation	Homo sapiens (Human)	P23246:R18	P23246:R18	True	external_methyl_table
P23246	P23246	P23246	False	SFPQ	R	236	R236	me	Rme1	True	GHPKPPHRGGGEPRG	MPGGPKPGGGPGLSTPGGHPKPPHR(me)GGGEPR, PGGGPGLSTPGGHPKPPHR(me)GGGEPR(me)GGR(me), MPGGPKPGGGPGLSTPGGHPKPPHR(me)GGGEPR	ProMetheusDB_mmc2	ProMetheusDB	METHYLATION	Arg methylation	Homo sapiens (Human)	P23246:R236	P23246:R236	True	external_methyl_table
P23246	P23246	P23246	False	SFPQ	R	242	R242	me	Rme1	True	HRGGGEPRGGRQHHP	PGGGPGLSTPGGHPKPPHR(me)GGGEPR(me)GGR(me)	ProMetheusDB_mmc2	ProMetheusDB	METHYLATION	Arg methylation	Homo sapiens (Human)	P23246:R242	P23246:R242	True	external_methyl_table
P23246	P23246	P23246	False	SFPQ	R	245	R245	me	Rme1	True	GGEPRGGRQHHPPYH	PGGGPGLSTPGGHPKPPHR(me)GGGEPR(me)GGR(me)	ProMetheusDB_mmc2	ProMetheusDB	METHYLATION	Arg methylation	Homo sapiens (Human)	P23246:R245	P23246:R245	True	external_methyl_table
P23246	P23246	P23246	False	SFPQ	R	32	R32	me	Rme1	True	RGGLHDFRSPPPGMG	R(di)GGGGGR(di)GGLHDFR(me), R(di)GGGGGR(di)GGLHDFR(me)SPPPGMGLNQNR, R(me)SPPPGMGLNQN, R(di)GGGGGR(di)GGLHDFR(me)SPPPGMGLNQNR, R(di)GGGGGR(di)GGLHDFR(me)SPPPGM(me)GLNQNR	ProMetheusDB_mmc2	ProMetheusDB	METHYLATION	Arg methylation	Homo sapiens (Human)	P23246:R32	P23246:R32	True	external_methyl_table
P23246	P23246	P23246	False	SFPQ	R	695	R695	me	Rme1	True	PAGYGRGREEYEGPN	FGQGGAGPVGGQGPR(me)GMGPGTPAGYGR(me)GR(me), GM(me)GPGTPAGYGR(me)GR(me), GMGPGTPAGYGR(me)GR(me), FGQGGAGPVGGQGPR(me)GM(me)GPGTPAGYGR(me)GR(me), FGQGGAGPVGGQGPR(me)GMGPGTPAGYGR(me)GR(me)	ProMetheusDB_mmc2	ProMetheusDB	METHYLATION	Arg methylation	Homo sapiens (Human)	P23246:R695	P23246:R695	True	external_methyl_table
P23246	P23246	P23246	False	SFPQ	R	32	R32	di	Rme2	True	RGGLHDFRSPPPGMG	R(di)GGGGGR(di)GGLHDFR(di)SPPPGMGLNQNR	ProMetheusDB_mmc2	ProMetheusDB	METHYLATION	Arg methylation	Homo sapiens (Human)	P23246:R32	P23246:R32	True	external_methyl_table
P23246	P23246	P23246	False	SFPQ	R	693	R693	di	Rme2	True	GTPAGYGRGREEYEG	GMGPGTPAGYGR(di)GR	ProMetheusDB_mmc2	ProMetheusDB	METHYLATION	Arg methylation	Homo sapiens (Human)	P23246:R693	P23246:R693	True	external_methyl_table
P23246	P23246	P23246	False	SFPQ	R	695	R695	di	Rme2	True	PAGYGRGREEYEGPN	GMGPGTPAGYGRGR(di), GMGPGTPAGYGRGR(di)	ProMetheusDB_mmc2	ProMetheusDB	METHYLATION	Arg methylation	Homo sapiens (Human)	P23246:R695	P23246:R695	True	external_methyl_table
P34897	P34897	P34897	False	SHMT2	R	214	R214	me	Rme1	True	NQLALTARLFRPRLI	TGLIDYNQLALTAR(me)	ProMetheusDB_mmc2	ProMetheusDB	METHYLATION	Arg methylation	Homo sapiens (Human)	P34897:R214	P34897:R214	True	external_methyl_table
A0A0B4J2F2	A0A0B4J2F2	A0A0B4J2F2	False	SIK1B	R	622	R622	me	Rme1	True	VPASRASRGGLSPFH	ASR(me)GGLSPFHAPAQSPGLHGGAAGSR	ProMetheusDB_mmc2	ProMetheusDB	METHYLATION	Arg methylation	Homo sapiens (Human)	A0A0B4J2F2:R622	A0A0B4J2F2:R622	True	external_methyl_table
Q96FS4	Q96FS4	Q96FS4	False	SIPA1	R	47	R47	di	Rme2	True	TFEPRPVRGPLLRSG	PVR(di)GPLLR	ProMetheusDB_mmc2	ProMetheusDB	METHYLATION	Arg methylation	Homo sapiens (Human)	Q96FS4:R47	Q96FS4:R47	True	external_methyl_table
Q96FS4	Q96FS4	Q96FS4	False	SIPA1	R	13	R13	me	Rme1	True	GGVGSPRRGMAPAST	R(me)GMAPASTDDLFAR, R(me)GM(me)APASTDDLFAR	ProMetheusDB_mmc2	ProMetheusDB	METHYLATION	Arg methylation	Homo sapiens (Human)	Q96FS4:R13	Q96FS4:R13	True	external_methyl_table
Q8ND83	Q8ND83	Q8ND83	False	SLAIN1	R	471	R471	me	Rme1	True	GHFPVSIRQPLKATA	VHSVGHFPVSIR(me)QPLK(me)	ProMetheusDB_mmc2	ProMetheusDB	METHYLATION	Arg methylation	Homo sapiens (Human)	Q8ND83:R471	Q8ND83:R471	True	external_methyl_table
Q8ND83	Q8ND83	Q8ND83	False	SLAIN1	R	347	R347	me	Rme1	True	PRCSPFQRGIPHSQT	R(me)GIPHSQTFSSI	ProMetheusDB_mmc2	ProMetheusDB	METHYLATION	Arg methylation	Homo sapiens (Human)	Q8ND83:R347	Q8ND83:R347	True	external_methyl_table
Q8ND83	Q8ND83	Q8ND83	False	SLAIN1	R	471	R471	di	Rme2	True	GHFPVSIRQPLKATA	VHSVGHFPVSIR(di)QPLK	ProMetheusDB_mmc2	ProMetheusDB	METHYLATION	Arg methylation	Homo sapiens (Human)	Q8ND83:R471	Q8ND83:R471	True	external_methyl_table
Q6NXT4	Q6NXT4	Q6NXT4	False	SLC30A6	R	449	R449	me	Rme1	True	GFTNIPSRYGTNNRI	TGFTNIPSR(me)YGTNNR(me)	ProMetheusDB_mmc2	ProMetheusDB	METHYLATION	Arg methylation	Homo sapiens (Human)	Q6NXT4:R449	Q6NXT4:R449	True	external_methyl_table
Q6NXT4	Q6NXT4	Q6NXT4	False	SLC30A6	R	455	R455	me	Rme1	True	SRYGTNNRIGQPRP_	TGFTNIPSR(me)YGTNNR(me)	ProMetheusDB_mmc2	ProMetheusDB	METHYLATION	Arg methylation	Homo sapiens (Human)	Q6NXT4:R455	Q6NXT4:R455	True	external_methyl_table
Q9BRY0	Q9BRY0	Q9BRY0	False	SLC39A3	R	164	R164	me	Rme1	True	LSVQGLSRASPVRLL	GHALYVEPHGHGPSLSVQGLSR(me)	ProMetheusDB_mmc2	ProMetheusDB	METHYLATION	Arg methylation	Homo sapiens (Human)	Q9BRY0:R164	Q9BRY0:R164	True	external_methyl_table
P08195	P08195	P08195	False	SLC3A2	R	603	R603	me	Rme1	True	LLSTQPGREEGSPLE	ADLLLSTQPGR(me)EEGSPLELER	ProMetheusDB_mmc2	ProMetheusDB	METHYLATION	Arg methylation	Homo sapiens (Human)	P08195:R603	P08195:R603	True	external_methyl_table
Q96T83	Q96T83	Q96T83	False	SLC9A7	R	174	R174	me	Rme1	True	VEQNDMLRKVTFDPE	INSVEQNDMLR(me)K(me)	ProMetheusDB_mmc2	ProMetheusDB	METHYLATION	Arg methylation	Homo sapiens (Human)	Q96T83:R174	Q96T83:R174	True	external_methyl_table
Q9GZT3	Q9GZT3	Q9GZT3	False	SLIRP	R	7	R7	me	Rme1	True	_MAASAARGAAALRR	AASAAR(me)GAAALR	ProMetheusDB_mmc2	ProMetheusDB	METHYLATION	Arg methylation	Homo sapiens (Human)	Q9GZT3:R7	Q9GZT3:R7	True	external_methyl_table
O60264	O60264	O60264	False	SMARCA5	R	616	R616	me	Rme1	True	TDNTVEERIVERAEM	FITDNTVEER(me)	ProMetheusDB_mmc2	ProMetheusDB	METHYLATION	Arg methylation	Homo sapiens (Human)	O60264:R616	O60264:R616	True	external_methyl_table
Q96GM5	Q96GM5	Q96GM5	False	SMARCD1	R	88	R88	di	Rme2	True	YGGNPSVRPGLAQSG	MTPQGPSM(me)GPPGYGGNPSVR(di)PGLAQSGM(me)DQSR, MTPQGPSMGPPGYGGNPSVR(di)PGLAQSGMDQSR	ProMetheusDB_mmc2	ProMetheusDB	METHYLATION	Arg methylation	Homo sapiens (Human)	Q96GM5:R88	Q96GM5:R88	True	external_methyl_table
Q92540	Q92540	Q92540	False	SMG7	R	910	R910	me	Rme1	True	PEQDPVPRMPFEKSL	SPGVFRPEQDPVPR(me)MPFEK(me), RSPGVFRPEQDPVPR(me), SPGVFRPEQDPVPR(me)M(me)PFEK(me), SPGVFRPEQDPVPR(me)	ProMetheusDB_mmc2	ProMetheusDB	METHYLATION	Arg methylation	Homo sapiens (Human)	Q92540:R910	Q92540:R910	True	external_methyl_table
Q92540	Q92540	Q92540	False	SMG7	R	910	R910	di	Rme2	True	PEQDPVPRMPFEKSL	RPEQDPVPR(di)M(me)PFE, RPEQDPVPR(di)MPFE, SPGVFRPEQDPVPR(di)MPFEK, SPGVFRPEQDPVPR(di)MPFEK, RPEQDPVPR(di)MPFE, SPGVFRPEQDPVPR(di)M(me)PFEK	ProMetheusDB_mmc2	ProMetheusDB	METHYLATION	Arg methylation	Homo sapiens (Human)	Q92540:R910	Q92540:R910	True	external_methyl_table
Q96DI7	Q96DI7	Q96DI7	False	SNRNP40	R	161	R161	me	Rme1	True	VNSCYPARRGPQLVC	GHTSFVNSCYPAR(me)	ProMetheusDB_mmc2	ProMetheusDB	METHYLATION	Arg methylation	Homo sapiens (Human)	Q96DI7:R161	Q96DI7:R161	True	external_methyl_table
P09012	P09012	P09012	False	SNRPA	R	152	R152	me	Rme1	True	PPMTQAPRIMHHMPG	AVQGGGATPVVGAVQGPVPGMPPMTQAPR(me), AVQGGGATPVVGAVQGPVPGMPPMTQAPR(me), AVQGGGATPVVGAVQGPVPGM(me)PPM(me)TQAPR(me), KAVQGGGATPVVGAVQGPVPGMPPMTQAPR(me)	ProMetheusDB_mmc2	ProMetheusDB	METHYLATION	Arg methylation	Homo sapiens (Human)	P09012:R152	P09012:R152	True	external_methyl_table
P14678	P14678	P14678	False	SNRPB	R	147	R147	me	Rme1	True	QVMTPQGRGTVAAAA	GVGGPSQQVMTPQGR(me), GVGGPSQQVMTPQGR(me), GVGGPSQQVMTPQGR(me), GVGGPSQQVM(me)TPQGR(me), GVGGPSQQVMTPQGR(me)GTVAAAAAAATASIAGAPTQYPPGR	ProMetheusDB_mmc2	ProMetheusDB	METHYLATION	Arg methylation	Homo sapiens (Human)	P14678:R147	P14678:R147	True	external_methyl_table
P14678	P14678	P14678	False	SNRPB	R	108	R108	me	Rme1	True	AGGPGIGRAAGRGIP	VPLAGAAGGPGIGR(me)	ProMetheusDB_mmc2	ProMetheusDB	METHYLATION	Arg methylation	Homo sapiens (Human)	P14678:R108	P14678:R108	True	external_methyl_table
P14678	P14678	P14678	False	SNRPB	R	112	R112	me	Rme1	True	GIGRAAGRGIPAGVP	R(me)GIPAGVPMPQAPAGLAGPV, R(me)GIPAGVPM(me)PQAPAGLAGPV, AAGR(me)GIPAGVPMPQAPAGLAGPVR, R(me)GIPAGVPMPQAPAGLAGPV	ProMetheusDB_mmc2	ProMetheusDB	METHYLATION	Arg methylation	Homo sapiens (Human)	P14678:R112	P14678:R112	True	external_methyl_table
P14678	P14678	P14678	False	SNRPB	R	108	R108	di	Rme2	True	AGGPGIGRAAGRGIP	VPLAGAAGGPGIGR(di)AAGR(di), VPLAGAAGGPGIGR(di)	ProMetheusDB_mmc2	ProMetheusDB	METHYLATION	Arg methylation	Homo sapiens (Human)	P14678:R108	P14678:R108	True	external_methyl_table
P14678	P14678	P14678	False	SNRPB	R	112	R112	di	Rme2	True	GIGRAAGRGIPAGVP	AAGR(di)GIPAGVPMPQAPAGLAGPVR, AAGR(di)GIPAGVPM(me)PQAPAGLAGPVR, VPLAGAAGGPGIGR(di)AAGR(di), AAGR(di)GIPAGVPMPQAPAGLAGPVR	ProMetheusDB_mmc2	ProMetheusDB	METHYLATION	Arg methylation	Homo sapiens (Human)	P14678:R112	P14678:R112	True	external_methyl_table
P14678	P14678	P14678	False	SNRPB	R	236	R236	di	Rme2	True	GPPPPGMRPPRP___	GPPPPGMR(di)PPRP, GPPPPGM(me)R(di)PPRP, GPPPPGMR(di)PPRP	ProMetheusDB_mmc2	ProMetheusDB	METHYLATION	Arg methylation	Homo sapiens (Human)	P14678:R236	P14678:R236	True	external_methyl_table
P14678	P14678	P14678	False	SNRPB	R	147	R147	di	Rme2	True	QVMTPQGRGTVAAAA	GVGGPSQQVM(me)TPQGR(di), GVGGPSQQVMTPQGR(di), GVGGPSQQVMTPQGR(di)	ProMetheusDB_mmc2	ProMetheusDB	METHYLATION	Arg methylation	Homo sapiens (Human)	P14678:R147	P14678:R147	True	external_methyl_table
P14678	P14678	P14678	False	SNRPB	R	236	R236	me	Rme1	True	GPPPPGMRPPRP___	GPPPPGMR(me)PPR(me)P	ProMetheusDB_mmc2	ProMetheusDB	METHYLATION	Arg methylation	Homo sapiens (Human)	P14678:R236	P14678:R236	True	external_methyl_table
P14678	P14678	P14678	False	SNRPB	R	239	R239	me	Rme1	True	PPGMRPPRP______	GPPPPGMR(me)PPR(me)P	ProMetheusDB_mmc2	ProMetheusDB	METHYLATION	Arg methylation	Homo sapiens (Human)	P14678:R239	P14678:R239	True	external_methyl_table
P14678	P14678	P14678	False	SNRPB	R	132	R132	me	Rme1	True	AGLAGPVRGVGGPSQ	R(me)GVGGPSQQVMTPQG	ProMetheusDB_mmc2	ProMetheusDB	METHYLATION	Arg methylation	Homo sapiens (Human)	P14678:R132	P14678:R132	True	external_methyl_table
P62314	P62314	P62314	False	SNRPD1	R	98	R98	di	Rme2	True	KREAVAGRGRGRGRG	EAVAGR(di)GR(di)GR(di)	ProMetheusDB_mmc2	ProMetheusDB	METHYLATION	Arg methylation	Homo sapiens (Human)	P62314:R98	P62314:R98	True	external_methyl_table
P62314	P62314	P62314	False	SNRPD1	R	100	R100	di	Rme2	True	EAVAGRGRGRGRGRG	EAVAGR(di)GR(di)GR(di)	ProMetheusDB_mmc2	ProMetheusDB	METHYLATION	Arg methylation	Homo sapiens (Human)	P62314:R100	P62314:R100	True	external_methyl_table
P62314	P62314	P62314	False	SNRPD1	R	102	R102	di	Rme2	True	VAGRGRGRGRGRGRG	EAVAGR(di)GR(di)GR(di)	ProMetheusDB_mmc2	ProMetheusDB	METHYLATION	Arg methylation	Homo sapiens (Human)	P62314:R102	P62314:R102	True	external_methyl_table
P62316	P62316	P62316	False	SNRPD2	R	19	R19	di	Rme2	True	TPEELQKREEEEFNT	R(di)EEEEFNTGPLSVLTQSVK	ProMetheusDB_mmc2	ProMetheusDB	METHYLATION	Arg methylation	Homo sapiens (Human)	P62316:R19	P62316:R19	True	external_methyl_table
P62318	P62318	P62318	False	SNRPD3	R	97	R97	me	Rme1	True	NQGSGAGRGKAAILK	NQGSGAGR(me)GK(me), NKNQGSGAGR(me)GK(me)	ProMetheusDB_mmc2	ProMetheusDB	METHYLATION	Arg methylation	Homo sapiens (Human)	P62318:R97	P62318:R97	True	external_methyl_table
P62318	P62318	P62318	False	SNRPD3	R	114	R114	di	Rme2	True	VAARGRGRGMGRGNI	GR(di)GMGR(di)GNIFQK, GR(di)GM(me)GR(di)GNIFQK, GR(di)GR(di)GMGR(di)	ProMetheusDB_mmc2	ProMetheusDB	METHYLATION	Arg methylation	Homo sapiens (Human)	P62318:R114	P62318:R114	True	external_methyl_table
P62318	P62318	P62318	False	SNRPD3	R	118	R118	di	Rme2	True	GRGRGMGRGNIFQKR	GR(di)GMGR(di)GNIFQK, GR(di)GM(me)GR(di)GNIFQK, GR(di)GR(di)GMGR(di)	ProMetheusDB_mmc2	ProMetheusDB	METHYLATION	Arg methylation	Homo sapiens (Human)	P62318:R118	P62318:R118	True	external_methyl_table
P62318	P62318	P62318	False	SNRPD3	R	110	R110	di	Rme2	True	LKAQVAARGRGRGMG	AQVAAR(di)GR(di)	ProMetheusDB_mmc2	ProMetheusDB	METHYLATION	Arg methylation	Homo sapiens (Human)	P62318:R110	P62318:R110	True	external_methyl_table
P62318	P62318	P62318	False	SNRPD3	R	112	R112	di	Rme2	True	AQVAARGRGRGMGRG	AQVAAR(di)GR(di), GR(di)GR(di)GMGR(di)	ProMetheusDB_mmc2	ProMetheusDB	METHYLATION	Arg methylation	Homo sapiens (Human)	P62318:R112	P62318:R112	True	external_methyl_table
P63162	P63162	P63162	False	SNRPN	R	108	R108	me	Rme1	True	AGGPGVGRAAGRGVP	VPLAGAAGGPGVGR(me)	ProMetheusDB_mmc2	ProMetheusDB	METHYLATION	Arg methylation	Homo sapiens (Human)	P63162:R108	P63162:R108	True	external_methyl_table
O60493	O60493	O60493	False	SNX3	R	43	R43	me	Rme1	True	PQTVGVGRGRFTTYE	LITKPQNLNDAYGPPSNFLEIDVSNPQTVGVGR(me), LITKPQNLNDAYGPPSNFLEIDVSNPQTVGVGR(me)GR(me)	ProMetheusDB_mmc2	ProMetheusDB	METHYLATION	Arg methylation	Homo sapiens (Human)	O60493:R43	O60493:R43	True	external_methyl_table
O60493	O60493	O60493	False	SNX3	R	45	R45	me	Rme1	True	TVGVGRGRFTTYEIR	LITKPQNLNDAYGPPSNFLEIDVSNPQTVGVGR(me)GR(me)	ProMetheusDB_mmc2	ProMetheusDB	METHYLATION	Arg methylation	Homo sapiens (Human)	O60493:R45	O60493:R45	True	external_methyl_table
P18583	P18583	P18583	False	SON	R	950	R950	di	Rme2	True	RLGQDPYRLGHDPYR	RLGQDPYR(di)LGHDPY, LGQDPYR(di)LGHDPYR, LGHDAYR(di)LGQDPYR(di)LGHDPYR	ProMetheusDB_mmc2	ProMetheusDB	METHYLATION	Arg methylation	Homo sapiens (Human)	P18583:R950	P18583:R950	True	external_methyl_table
P18583	P18583	P18583	False	SON	R	936	R936	me	Rme1	True	RLGHDPYRLGHDAYR	LGHDPYR(me)LGHDAYR	ProMetheusDB_mmc2	ProMetheusDB	METHYLATION	Arg methylation	Homo sapiens (Human)	P18583:R936	P18583:R936	True	external_methyl_table
P18583	P18583	P18583	False	SON	R	936	R936	di	Rme2	True	RLGHDPYRLGHDAYR	LGHDPYR(di)LGHDAYR	ProMetheusDB_mmc2	ProMetheusDB	METHYLATION	Arg methylation	Homo sapiens (Human)	P18583:R936	P18583:R936	True	external_methyl_table
P18583	P18583	P18583	False	SON	R	943	R943	di	Rme2	True	RLGHDAYRLGQDPYR	LGHDAYR(di)LGQDPYR(di)LGHDPYR, LGHDAYR(di)LGQDPYR	ProMetheusDB_mmc2	ProMetheusDB	METHYLATION	Arg methylation	Homo sapiens (Human)	P18583:R943	P18583:R943	True	external_methyl_table
P18583	P18583	P18583	False	SON	R	957	R957	di	Rme2	True	RLGHDPYRLTPDPYR	LGHDPYR(di)LTPDPYR	ProMetheusDB_mmc2	ProMetheusDB	METHYLATION	Arg methylation	Homo sapiens (Human)	P18583:R957	P18583:R957	True	external_methyl_table
P18583	P18583	P18583	False	SON	R	950	R950	me	Rme1	True	RLGQDPYRLGHDPYR	LGQDPYR(me)LGHDPYR	ProMetheusDB_mmc2	ProMetheusDB	METHYLATION	Arg methylation	Homo sapiens (Human)	P18583:R950	P18583:R950	True	external_methyl_table
P18583	P18583	P18583	False	SON	R	929	R929	me	Rme1	True	RLAQDPYRLGHDPYR	LAQDPYR(me)LGHDPYR	ProMetheusDB_mmc2	ProMetheusDB	METHYLATION	Arg methylation	Homo sapiens (Human)	P18583:R929	P18583:R929	True	external_methyl_table
P18583	P18583	P18583	False	SON	R	982	R982	di	Rme2	True	RSYRIAPRPYRLAPR	IAPR(di)PYR	ProMetheusDB_mmc2	ProMetheusDB	METHYLATION	Arg methylation	Homo sapiens (Human)	P18583:R982	P18583:R982	True	external_methyl_table
P18583	P18583	P18583	False	SON	R	997	R997	di	Rme2	True	PLMLASRRSMMMSYA	R(di)SM(me)M(me)M(me)SYAAER, R(di)SMMMSYAAER	ProMetheusDB_mmc2	ProMetheusDB	METHYLATION	Arg methylation	Homo sapiens (Human)	P18583:R997	P18583:R997	True	external_methyl_table
P18583	P18583	P18583	False	SON	R	1022	R1022	di	Rme2	True	RSMMSYERSMMSPMA	SMMSYER(di)SMMSPMAER, SM(me)M(me)SYER(di)SM(me)M(me)SPM(me)AER	ProMetheusDB_mmc2	ProMetheusDB	METHYLATION	Arg methylation	Homo sapiens (Human)	P18583:R1022	P18583:R1022	True	external_methyl_table
P18583	P18583	P18583	False	SON	R	989	R989	di	Rme2	True	RPYRLAPRPLMLASR	LAPR(di)PLMLASR	ProMetheusDB_mmc2	ProMetheusDB	METHYLATION	Arg methylation	Homo sapiens (Human)	P18583:R989	P18583:R989	True	external_methyl_table
P18583	P18583	P18583	False	SON	R	997	R997	me	Rme1	True	PLMLASRRSMMMSYA	R(me)SMMMSYAAER, R(me)SM(me)M(me)M(me)SYAAER	ProMetheusDB_mmc2	ProMetheusDB	METHYLATION	Arg methylation	Homo sapiens (Human)	P18583:R997	P18583:R997	True	external_methyl_table
P18583	P18583	P18583	False	SON	R	1081	R1081	me	Rme1	True	MMSPMADRSMMSMGA	SM(me)M(me)SPM(me)ADR(me)SM(me)M(me)SM(me)GADR	ProMetheusDB_mmc2	ProMetheusDB	METHYLATION	Arg methylation	Homo sapiens (Human)	P18583:R1081	P18583:R1081	True	external_methyl_table
Q96T58	Q96T58	Q96T58	False	SPEN	R	108	R108	me	Rme1	True	SREVSGFRGGGGGPA	EVSGFR(me)GGGGGPAYGPPPSLHAR	ProMetheusDB_mmc2	ProMetheusDB	METHYLATION	Arg methylation	Homo sapiens (Human)	Q96T58:R108	Q96T58:R108	True	external_methyl_table
Q96T58	Q96T58	Q96T58	False	SPEN	R	3312	R3312	me	Rme1	True	EYRYGDIRTYHPPAQ	YGDIR(me)TYHPPAQLTHTQFPAASSVGLPSR	ProMetheusDB_mmc2	ProMetheusDB	METHYLATION	Arg methylation	Homo sapiens (Human)	Q96T58:R3312	Q96T58:R3312	True	external_methyl_table
Q96T58	Q96T58	Q96T58	False	SPEN	R	3132	R3132	me	Rme1	True	QPQQIEVRAPQRAST	RAPLQPQQIEVR(me)APQ, R(me)APLQPQQIEVR(me)APQ	ProMetheusDB_mmc2	ProMetheusDB	METHYLATION	Arg methylation	Homo sapiens (Human)	Q96T58:R3132	Q96T58:R3132	True	external_methyl_table
Q96T58	Q96T58	Q96T58	False	SPEN	R	3121	R3121	me	Rme1	True	PEALHSPRAPLQPQQ	R(me)APLQPQQIEVR(me)APQ	ProMetheusDB_mmc2	ProMetheusDB	METHYLATION	Arg methylation	Homo sapiens (Human)	Q96T58:R3121	Q96T58:R3121	True	external_methyl_table
Q96T58	Q96T58	Q96T58	False	SPEN	R	3121	R3121	di	Rme2	True	PEALHSPRAPLQPQQ	RPEALHSPR(di)APLQPQQIEV	ProMetheusDB_mmc2	ProMetheusDB	METHYLATION	Arg methylation	Homo sapiens (Human)	Q96T58:R3121	Q96T58:R3121	True	external_methyl_table
Q13813	Q13813	Q13813	False	SPTAN1	R	439	R439	me	Rme1	True	HYASDEVREKLTVLS	SADESGQALLAAGHYASDEVR(me)	ProMetheusDB_mmc2	ProMetheusDB	METHYLATION	Arg methylation	Homo sapiens (Human)	Q13813:R439	Q13813:R439	True	external_methyl_table
Q13813	Q13813	Q13813	False	SPTAN1	R	204	R204	me	Rme1	True	DMAAHEERVNEVNQF	KFEEFQTDMAAHEER(me)	ProMetheusDB_mmc2	ProMetheusDB	METHYLATION	Arg methylation	Homo sapiens (Human)	Q13813:R204	Q13813:R204	True	external_methyl_table
Q01082	Q01082	Q01082	False	SPTBN1	R	2140	R2140	me	Rme1	True	PAEQGSPRMAETVDT	GEQVSQNGLPAEQGSPR(me)	ProMetheusDB_mmc2	ProMetheusDB	METHYLATION	Arg methylation	Homo sapiens (Human)	Q01082:R2140	Q01082:R2140	True	external_methyl_table
P11831	P11831	P11831	False	SRF	R	14	R14	me	Rme1	True	GAAAALGRGSALGGS	MLPTQAGAAAALGR(me)GSALGGSLNR	ProMetheusDB_mmc2	ProMetheusDB	METHYLATION	Arg methylation	Homo sapiens (Human)	P11831:R14	P11831:R14	True	external_methyl_table
Q9UQ35	Q9UQ35	Q9UQ35	False	SRRM2	R	2384	R2384	di	Rme2	True	GANLTSPRVPLSAYE	RM(me)APALSGANLTSPR(di)VPLSAYE, MAPALSGANLTSPR(di)VPLSAYER, MAPALSGANLTSPR(di)VPLSAYER, MAPALSGANLTSPR(di)VPLSAYER, RMAPALSGANLTSPR(di)VPLSAYE, M(me)APALSGANLTSPR(di)VPLSAYER	ProMetheusDB_mmc2	ProMetheusDB	METHYLATION	Arg methylation	Homo sapiens (Human)	Q9UQ35:R2384	Q9UQ35:R2384	True	external_methyl_table
Q9UQ35	Q9UQ35	Q9UQ35	False	SRRM2	R	2370	R2370	me	Rme1	True	PASLTSARMAPALSG	TAAALAPASLTSAR(me)	ProMetheusDB_mmc2	ProMetheusDB	METHYLATION	Arg methylation	Homo sapiens (Human)	Q9UQ35:R2370	Q9UQ35:R2370	True	external_methyl_table
Q9UQ35	Q9UQ35	Q9UQ35	False	SRRM2	R	2342	R2342	me	Rme1	True	SANLVGPRSAHATAP	TPQAPASANLVGPR(me), TPQAPASANLVGPR(me)SAHATAPVNIAGSR	ProMetheusDB_mmc2	ProMetheusDB	METHYLATION	Arg methylation	Homo sapiens (Human)	Q9UQ35:R2342	Q9UQ35:R2342	True	external_methyl_table
Q9UQ35	Q9UQ35	Q9UQ35	False	SRRM2	R	11	R11	me	Rme1	True	GIGLPTPRGSGTNGY	MYNGIGLPTPR(me)	ProMetheusDB_mmc2	ProMetheusDB	METHYLATION	Arg methylation	Homo sapiens (Human)	Q9UQ35:R11	Q9UQ35:R11	True	external_methyl_table
Q9UQ35	Q9UQ35	Q9UQ35	False	SRRM2	R	2392	R2392	di	Rme2	True	VPLSAYERVSGRTSP	MAPALSGANLTSPRVPLSAYER(di)	ProMetheusDB_mmc2	ProMetheusDB	METHYLATION	Arg methylation	Homo sapiens (Human)	Q9UQ35:R2392	Q9UQ35:R2392	True	external_methyl_table
Q9UQ35	Q9UQ35	Q9UQ35	False	SRRM2	R	2384	R2384	me	Rme1	True	GANLTSPRVPLSAYE	M(me)APALSGANLTSPR(me)VPLSAYER(me), MAPALSGANLTSPR(me)VPLSAYER(me), MAPALSGANLTSPR(me)VPLSAYER(me), MAPALSGANLTSPR(me)VPLSAYER, MAPALSGANLTSPR(me)VPLSAYER(me)	ProMetheusDB_mmc2	ProMetheusDB	METHYLATION	Arg methylation	Homo sapiens (Human)	Q9UQ35:R2384	Q9UQ35:R2384	True	external_methyl_table
Q9UQ35	Q9UQ35	Q9UQ35	False	SRRM2	R	2392	R2392	me	Rme1	True	VPLSAYERVSGRTSP	MAPALSGANLTSPR(me)VPLSAYER(me), M(me)APALSGANLTSPR(me)VPLSAYER(me), MAPALSGANLTSPR(me)VPLSAYER(me), MAPALSGANLTSPR(me)VPLSAYER(me)	ProMetheusDB_mmc2	ProMetheusDB	METHYLATION	Arg methylation	Homo sapiens (Human)	Q9UQ35:R2392	Q9UQ35:R2392	True	external_methyl_table
Q9UQ35	Q9UQ35	Q9UQ35	False	SRRM2	R	2288	R2288	me	Rme1	True	AVNLADPRTPTAPAV	TAVAPSAVNLADPR(me)TPTAPAVNLAGAR(me), TAVAPSAVNLADPR(me)TPTAPAVNLAGAR	ProMetheusDB_mmc2	ProMetheusDB	METHYLATION	Arg methylation	Homo sapiens (Human)	Q9UQ35:R2288	Q9UQ35:R2288	True	external_methyl_table
Q9UQ35	Q9UQ35	Q9UQ35	False	SRRM2	R	2342	R2342	di	Rme2	True	SANLVGPRSAHATAP	TPQAPASANLVGPR(di)SAHATAPVNIAGSR	ProMetheusDB_mmc2	ProMetheusDB	METHYLATION	Arg methylation	Homo sapiens (Human)	Q9UQ35:R2342	Q9UQ35:R2342	True	external_methyl_table
Q9UQ35	Q9UQ35	Q9UQ35	False	SRRM2	R	2246	R2246	di	Rme2	True	AMNLASARTPAIPTA	IPAASAAAMNLASAR(di)TPAIPTAVNLADSR, IPAASAAAM(me)NLASAR(di)TPAIPTAVNLADSR, IPAASAAAMNLASAR(di)TPAIPTAVNLADSR	ProMetheusDB_mmc2	ProMetheusDB	METHYLATION	Arg methylation	Homo sapiens (Human)	Q9UQ35:R2246	Q9UQ35:R2246	True	external_methyl_table
Q9UQ35	Q9UQ35	Q9UQ35	False	SRRM2	R	2246	R2246	me	Rme1	True	AMNLASARTPAIPTA	IPAASAAAM(me)NLASAR(me)TPAIPTAVNLADSR, IPAASAAAMNLASAR(me)TPAIPTAVNLADSR, IPAASAAAMNLASAR(me)TPAIPTAVNLADSR, IPAASAAAMNLASAR(me)	ProMetheusDB_mmc2	ProMetheusDB	METHYLATION	Arg methylation	Homo sapiens (Human)	Q9UQ35:R2246	Q9UQ35:R2246	True	external_methyl_table
Q9UQ35	Q9UQ35	Q9UQ35	False	SRRM2	R	2274	R2274	me	Rme1	True	AMNLASPRTAVAPSA	TPAAAAAMNLASPR(me)	ProMetheusDB_mmc2	ProMetheusDB	METHYLATION	Arg methylation	Homo sapiens (Human)	Q9UQ35:R2274	Q9UQ35:R2274	True	external_methyl_table
Q9UQ35	Q9UQ35	Q9UQ35	False	SRRM2	R	2301	R2301	me	Rme1	True	AVNLAGARTPAALAA	TAVAPSAVNLADPR(me)TPTAPAVNLAGAR(me)	ProMetheusDB_mmc2	ProMetheusDB	METHYLATION	Arg methylation	Homo sapiens (Human)	Q9UQ35:R2301	Q9UQ35:R2301	True	external_methyl_table
Q9UQ35	Q9UQ35	Q9UQ35	False	SRRM2	R	2221	R2221	me	Rme1	True	PVPLMSLRTAPAANL	MSQVPAPVPLM(me)SLR(me), MSQVPAPVPLMSLR(me)	ProMetheusDB_mmc2	ProMetheusDB	METHYLATION	Arg methylation	Homo sapiens (Human)	Q9UQ35:R2221	Q9UQ35:R2221	True	external_methyl_table
Q9UQ35	Q9UQ35	Q9UQ35	False	SRRM2	R	2698	R2698	me	Rme1	True	LSYSPVERRRPSPQP	SLSYSPVER(me)	ProMetheusDB_mmc2	ProMetheusDB	METHYLATION	Arg methylation	Homo sapiens (Human)	Q9UQ35:R2698	Q9UQ35:R2698	True	external_methyl_table
Q9UQ35	Q9UQ35	Q9UQ35	False	SRRM2	R	1827	R1827	me	Rme1	True	YHSRSPARQESSRTS	SPAR(me)QESSRTSSRR	ProMetheusDB_mmc2	ProMetheusDB	METHYLATION	Arg methylation	Homo sapiens (Human)	Q9UQ35:R1827	Q9UQ35:R1827	True	external_methyl_table
Q9UQ35	Q9UQ35	Q9UQ35	False	SRRM2	R	2356	R2356	me	Rme1	True	PVNIAGSRTAAALAP	SAHATAPVNIAGSR(me)	ProMetheusDB_mmc2	ProMetheusDB	METHYLATION	Arg methylation	Homo sapiens (Human)	Q9UQ35:R2356	Q9UQ35:R2356	True	external_methyl_table
Q9BXP5	Q9BXP5	Q9BXP5	False	SRRT	R	840	R840	me	Rme1	True	RGNYDAFRGQGGYPG	GNYDAFR(me)GQGGYPGKPR	ProMetheusDB_mmc2	ProMetheusDB	METHYLATION	Arg methylation	Homo sapiens (Human)	Q9BXP5:R840	Q9BXP5:R840	True	external_methyl_table
Q9BXP5	Q9BXP5	Q9BXP5	False	SRRT	R	840	R840	di	Rme2	True	RGNYDAFRGQGGYPG	GNYDAFR(di)GQGGYPGKPR, R(me)GNYDAFR(di)GQGGYPGKP	ProMetheusDB_mmc2	ProMetheusDB	METHYLATION	Arg methylation	Homo sapiens (Human)	Q9BXP5:R840	Q9BXP5:R840	True	external_methyl_table
Q9BXP5	Q9BXP5	Q9BXP5	False	SRRT	R	45	R45	me	Rme1	True	WNDREWDRGRERRSR	GDDWNDREWDR(me)GR	ProMetheusDB_mmc2	ProMetheusDB	METHYLATION	Arg methylation	Homo sapiens (Human)	Q9BXP5:R45	Q9BXP5:R45	True	external_methyl_table
Q9BXP5	Q9BXP5	Q9BXP5	False	SRRT	R	833	R833	me	Rme1	True	HAPYGAGRGNYDAFR	R(me)GNYDAFR(di)GQGGYPGKP	ProMetheusDB_mmc2	ProMetheusDB	METHYLATION	Arg methylation	Homo sapiens (Human)	Q9BXP5:R833	Q9BXP5:R833	True	external_methyl_table
Q07955	Q07955	Q07955	False	SRSF1	R	97	R97	me	Rme1	True	RSGRGTGRGGGGGGG	GTGR(me)GGGGGGGGGAPR(di)GR, GTGR(me)GGGGGGGGGAPR(me)GR(me), SGR(di)GTGR(me)GGGGGGGGGAPR, SGR(me)GTGR(me)GGGGGGGGGAPR(di)GR, GTGR(me)GGGGGGGGGAPR, SGR(me)GTGR(me)GGGGGGGGGAPR(me)GR(me), GTGR(me)GGGGGGGGGAPR(me), SGR(me)GTGR(me)GGGGGGGGGAPR	ProMetheusDB_mmc2	ProMetheusDB	METHYLATION	Arg methylation	Homo sapiens (Human)	Q07955:R97	Q07955:R97	True	external_methyl_table
Q07955	Q07955	Q07955	False	SRSF1	R	109	R109	me	Rme1	True	GGGGGAPRGRYGPPS	GTGR(di)GGGGGGGGGAPR(me)GR(me), GTGR(me)GGGGGGGGGAPR(me)GR(me), GTGR(di)GGGGGGGGGAPR(me)GR, GTGR(di)GGGGGGGGGAPR(me), GGGGGGGGGAPR(me)GR(me), SGR(me)GTGR(di)GGGGGGGGGAPR(me), SGR(di)GTGR(di)GGGGGGGGGAPR(me)GR(me), GGGGGGGGGAPR(me)GR, SGR(di)GTGR(di)GGGGGGGGGAPR(me), SGR(me)GTGR(me)GGGGGGGGGAPR(me)GR(me), GTGR(me)GGGGGGGGGAPR(me)	ProMetheusDB_mmc2	ProMetheusDB	METHYLATION	Arg methylation	Homo sapiens (Human)	Q07955:R109	Q07955:R109	True	external_methyl_table
Q07955	Q07955	Q07955	False	SRSF1	R	97	R97	di	Rme2	True	RSGRGTGRGGGGGGG	GTGR(di)GGGGGGGGGAPR(me)GR(me), GTGR(di)GGGGGGGGGAPR, GTGR(di)GGGGGGGGGAPR(me)GR, GTGR(di)GGGGGGGGGAPR(me), SGR(me)GTGR(di)GGGGGGGGGAPR(me), SGR(di)GTGR(di)GGGGGGGGGAPR(me)GR(me), SGR(me)GTGR(di)GGGGGGGGGAPR, SGR(di)GTGR(di)GGGGGGGGGAPR(me), SGR(di)GTGR(di)GGGGGGGGGAPR(di)GR, SGR(di)GTGR(di)GGGGGGGGGAPR, GTGR(di)GGGGGGGGGAPR(di)GR, SGR(me)GTGR(di)GGGGGGGGGAPR(di)GR	ProMetheusDB_mmc2	ProMetheusDB	METHYLATION	Arg methylation	Homo sapiens (Human)	Q07955:R97	Q07955:R97	True	external_methyl_table
Q07955	Q07955	Q07955	False	SRSF1	R	93	R93	me	Rme1	True	VEFPRSGRGTGRGGG	SGR(me)GTGR(me)GGGGGGGGGAPR(di)GR, SGR(me)GTGR(di)GGGGGGGGGAPR(me), SGR(me)GTGR(di)GGGGGGGGGAPR, SGR(me)GTGR(di)GGGGGGGGGAPR(di)GR, SGR(me)GTGR(me)GGGGGGGGGAPR(me)GR(me), SGR(me)GTGR(me)GGGGGGGGGAPR	ProMetheusDB_mmc2	ProMetheusDB	METHYLATION	Arg methylation	Homo sapiens (Human)	Q07955:R93	Q07955:R93	True	external_methyl_table
Q07955	Q07955	Q07955	False	SRSF1	R	111	R111	me	Rme1	True	GGGAPRGRYGPPSRR	GTGR(di)GGGGGGGGGAPR(me)GR(me), GTGR(me)GGGGGGGGGAPR(me)GR(me), GGGGGGGGGAPR(me)GR(me), SGR(di)GTGR(di)GGGGGGGGGAPR(me)GR(me), SGR(me)GTGR(me)GGGGGGGGGAPR(me)GR(me)	ProMetheusDB_mmc2	ProMetheusDB	METHYLATION	Arg methylation	Homo sapiens (Human)	Q07955:R111	Q07955:R111	True	external_methyl_table
Q07955	Q07955	Q07955	False	SRSF1	R	109	R109	di	Rme2	True	GGGGGAPRGRYGPPS	GTGR(me)GGGGGGGGGAPR(di)GR, SGR(me)GTGR(me)GGGGGGGGGAPR(di)GR, SGR(di)GTGR(di)GGGGGGGGGAPR(di)GR, GTGR(di)GGGGGGGGGAPR(di)GR, SGR(me)GTGR(di)GGGGGGGGGAPR(di)GR	ProMetheusDB_mmc2	ProMetheusDB	METHYLATION	Arg methylation	Homo sapiens (Human)	Q07955:R109	Q07955:R109	True	external_methyl_table
Q07955	Q07955	Q07955	False	SRSF1	R	93	R93	di	Rme2	True	VEFPRSGRGTGRGGG	SGR(di)GTGR(me)GGGGGGGGGAPR, SGR(di)GTGR(di)GGGGGGGGGAPR(me)GR(me), SGR(di)GTGR(di)GGGGGGGGGAPR(di)GR, SGR(di)GTGR(di)GGGGGGGGGAPR(me), SGR(di)GTGR(di)GGGGGGGGGAPR	ProMetheusDB_mmc2	ProMetheusDB	METHYLATION	Arg methylation	Homo sapiens (Human)	Q07955:R93	Q07955:R93	True	external_methyl_table
Q07955	Q07955	Q07955	False	SRSF1	R	154	R154	me	Rme1	True	VCYADVYRDGTGVVE	EAGDVCYADVYR(me)	ProMetheusDB_mmc2	ProMetheusDB	METHYLATION	Arg methylation	Homo sapiens (Human)	Q07955:R154	Q07955:R154	True	external_methyl_table
Q07955	Q07955	Q07955	False	SRSF1	R	74	R74	me	Rme1	True	AEDAVYGRDGYDYDG	DAEDAVYGR(me)	ProMetheusDB_mmc2	ProMetheusDB	METHYLATION	Arg methylation	Homo sapiens (Human)	Q07955:R74	Q07955:R74	True	external_methyl_table
Q07955	Q07955	Q07955	False	SRSF1	R	65	R65	me	Rme1	True	FVEFEDPRDAEDAVY	GGPPFAFVEFEDPR(me)	ProMetheusDB_mmc2	ProMetheusDB	METHYLATION	Arg methylation	Homo sapiens (Human)	Q07955:R65	Q07955:R65	True	external_methyl_table
Q07955	Q07955	Q07955	False	SRSF1	R	191	R191	me	Rme1	True	EGETAYIRVKVDGPR	SHEGETAYIR(me)	ProMetheusDB_mmc2	ProMetheusDB	METHYLATION	Arg methylation	Homo sapiens (Human)	Q07955:R191	Q07955:R191	True	external_methyl_table
O75494	O75494	O75494	False	SRSF10	R	73	R73	me	Rme1	True	DALHNLDRKWICGRQ	DAEDALHNLDR(me)	ProMetheusDB_mmc2	ProMetheusDB	METHYLATION	Arg methylation	Homo sapiens (Human)	O75494:R73	O75494:R73	True	external_methyl_table
O75494	O75494	O75494	False	SRSF10	R	62	R62	me	Rme1	True	YVQFEDVRDAEDALH	GFAYVQFEDVR(me)	ProMetheusDB_mmc2	ProMetheusDB	METHYLATION	Arg methylation	Homo sapiens (Human)	O75494:R62	O75494:R62	True	external_methyl_table
Q08170	Q08170	Q08170	False	SRSF4	R	83	R83	me	Rme1	True	DGSYGSGRSGYGYRR	DGSYGSGR(me)SGYGYR, RDGSYGSGR(me)SGYGYR	ProMetheusDB_mmc2	ProMetheusDB	METHYLATION	Arg methylation	Homo sapiens (Human)	Q08170:R83	Q08170:R83	True	external_methyl_table
Q13243	Q13243	Q13243	False	SRSF5	R	88	R88	me	Rme1	True	GRGRYSDRFSSRRPR	YSDR(me)FSSR	ProMetheusDB_mmc2	ProMetheusDB	METHYLATION	Arg methylation	Homo sapiens (Human)	Q13243:R88	Q13243:R88	True	external_methyl_table
Q13243	Q13243	Q13243	False	SRSF5	R	5	R5	di	Rme2	True	___MSGCRVFIGRLN	SGCR(di)VFIGR	ProMetheusDB_mmc2	ProMetheusDB	METHYLATION	Arg methylation	Homo sapiens (Human)	Q13243:R5	Q13243:R5	True	external_methyl_table
Q13247	Q13247	Q13247	False	SRSF6	R	85	R85	me	Rme1	True	DGYSYGSRSGGGGYS	DGYSYGSR(me)SGGGGYSSR	ProMetheusDB_mmc2	ProMetheusDB	METHYLATION	Arg methylation	Homo sapiens (Human)	Q13247:R85	Q13247:R85	True	external_methyl_table
Q13242	Q13242	Q13242	False	SRSF9	R	209	R209	me	Rme1	True	RDSPYQSRGSPHYFS	DSPYQSR(me)GSPHYFSPFRPY	ProMetheusDB_mmc2	ProMetheusDB	METHYLATION	Arg methylation	Homo sapiens (Human)	Q13242:R209	Q13242:R209	True	external_methyl_table
Q13242	Q13242	Q13242	False	SRSF9	R	93	R93	me	Rme1	True	FPRTYGGRGGWPRGG	TYGGR(me)GGWPR(di)GGR, TYGGR(me)GGWPR, TYGGR(me)GGWPR(me)GGR(me), TYGGR(me)GGWPR(me)	ProMetheusDB_mmc2	ProMetheusDB	METHYLATION	Arg methylation	Homo sapiens (Human)	Q13242:R93	Q13242:R93	True	external_methyl_table
Q13242	Q13242	Q13242	False	SRSF9	R	98	R98	me	Rme1	True	GGRGGWPRGGRNGPP	TYGGR(me)GGWPR(me)GGR(me), TYGGR(me)GGWPR(me)	ProMetheusDB_mmc2	ProMetheusDB	METHYLATION	Arg methylation	Homo sapiens (Human)	Q13242:R98	Q13242:R98	True	external_methyl_table
Q13242	Q13242	Q13242	False	SRSF9	R	88	R88	me	Rme1	True	RLRVEFPRTYGGRGG	VEFPR(me)TYGGR, LRVEFPR(me)	ProMetheusDB_mmc2	ProMetheusDB	METHYLATION	Arg methylation	Homo sapiens (Human)	Q13242:R88	Q13242:R88	True	external_methyl_table
Q13242	Q13242	Q13242	False	SRSF9	R	101	R101	me	Rme1	True	GGWPRGGRNGPPTRR	TYGGR(me)GGWPR(me)GGR(me)	ProMetheusDB_mmc2	ProMetheusDB	METHYLATION	Arg methylation	Homo sapiens (Human)	Q13242:R101	Q13242:R101	True	external_methyl_table
Q13242	Q13242	Q13242	False	SRSF9	R	98	R98	di	Rme2	True	GGRGGWPRGGRNGPP	TYGGR(me)GGWPR(di)GGR	ProMetheusDB_mmc2	ProMetheusDB	METHYLATION	Arg methylation	Homo sapiens (Human)	Q13242:R98	Q13242:R98	True	external_methyl_table
Q9BYN0	Q9BYN0	Q9BYN0	False	SRXN1	R	16	R16	me	Rme1	True	LGRAGAGRGAPEGPG	AGAGR(me)GAPEGPGPSGGAQGGSIHSGR	ProMetheusDB_mmc2	ProMetheusDB	METHYLATION	Arg methylation	Homo sapiens (Human)	Q9BYN0:R16	Q9BYN0:R16	True	external_methyl_table
Q9BYN0	Q9BYN0	Q9BYN0	False	SRXN1	R	16	R16	di	Rme2	True	LGRAGAGRGAPEGPG	AGAGR(di)GAPEGPGPSGGAQGGSIHSGR	ProMetheusDB_mmc2	ProMetheusDB	METHYLATION	Arg methylation	Homo sapiens (Human)	Q9BYN0:R16	Q9BYN0:R16	True	external_methyl_table
Q8N3U4	Q8N3U4	Q8N3U4	False	STAG2	R	1066	R1066	me	Rme1	True	VISGISSRGSTVRSK	NSLLAGGDDDTMSVISGISSR(me)	ProMetheusDB_mmc2	ProMetheusDB	METHYLATION	Arg methylation	Homo sapiens (Human)	Q8N3U4:R1066	Q8N3U4:R1066	True	external_methyl_table
Q9NUL3	Q9NUL3	Q9NUL3	False	STAU2	R	131	R131	me	Rme1	True	YRANYNFRGMYNQRY	ANYNFR(me)GM(me)YNQR	ProMetheusDB_mmc2	ProMetheusDB	METHYLATION	Arg methylation	Homo sapiens (Human)	Q9NUL3:R131	Q9NUL3:R131	True	external_methyl_table
O00267	O00267	O00267	False	SUPT5H	R	681	R681	di	Rme2	True	HPSAGGQRGGFGSPG	ISSPMHPSAGGQR(di)GGFGSPGGGSGGMSR(me), ISSPM(me)HPSAGGQR(di)GGFGSPGGGSGGM(me)SR(me)	ProMetheusDB_mmc2	ProMetheusDB	METHYLATION	Arg methylation	Homo sapiens (Human)	O00267:R681	O00267:R681	True	external_methyl_table
O00267	O00267	O00267	False	SUPT5H	R	696	R696	me	Rme1	True	GGSGGMSRGRGRRDN	ISSPMHPSAGGQR(di)GGFGSPGGGSGGMSR(me), ISSPM(me)HPSAGGQR(di)GGFGSPGGGSGGM(me)SR(me)	ProMetheusDB_mmc2	ProMetheusDB	METHYLATION	Arg methylation	Homo sapiens (Human)	O00267:R696	O00267:R696	True	external_methyl_table
O00267	O00267	O00267	False	SUPT5H	R	681	R681	me	Rme1	True	HPSAGGQRGGFGSPG	R(me)GGFGSPGGGSGGMS, ISSPMHPSAGGQR(me)	ProMetheusDB_mmc2	ProMetheusDB	METHYLATION	Arg methylation	Homo sapiens (Human)	O00267:R681	O00267:R681	True	external_methyl_table
O00267	O00267	O00267	False	SUPT5H	R	668	R668	me	Rme1	True	GFAPMSPRISSPMHP	DVTNFTVGGFAPMSPR(me)	ProMetheusDB_mmc2	ProMetheusDB	METHYLATION	Arg methylation	Homo sapiens (Human)	O00267:R668	O00267:R668	True	external_methyl_table
Q7KZ85	Q7KZ85	Q7KZ85	False	SUPT6H	R	1495	R1495	me	Rme1	True	TVTPEGFRYRGQIFP	IEYVTVTPEGFR(me)	ProMetheusDB_mmc2	ProMetheusDB	METHYLATION	Arg methylation	Homo sapiens (Human)	Q7KZ85:R1495	Q7KZ85:R1495	True	external_methyl_table
O95425	O95425	O95425	False	SVIL	R	1203	R1203	me	Rme1	True	EAWKTRGRGAANDST	GR(me)GAANDSTQFTVAGR	ProMetheusDB_mmc2	ProMetheusDB	METHYLATION	Arg methylation	Homo sapiens (Human)	O95425:R1203	O95425:R1203	True	external_methyl_table
O95425	O95425	O95425	False	SVIL	R	1203	R1203	di	Rme2	True	EAWKTRGRGAANDST	GR(di)GAANDSTQFTVAGR	ProMetheusDB_mmc2	ProMetheusDB	METHYLATION	Arg methylation	Homo sapiens (Human)	O95425:R1203	O95425:R1203	True	external_methyl_table
O60506	O60506	O60506	False	SYNCRIP	R	496	R496	di	Rme2	True	EDFQVGARGRGGRGA	GGYEDPYYGYEDFQVGAR(di)GR(di), RGGYEDPYYGYEDFQVGAR(di)GR(di)GGR(di)GA, R(me)GGYEDPYYGYEDFQVGAR(di)GR(di)GG, R(me)GGYEDPYYGYEDFQVGAR(di)G, R(me)GGYEDPYYGYEDFQVGAR(di)GR(di)GGR(di)GA	ProMetheusDB_mmc2	ProMetheusDB	METHYLATION	Arg methylation	Homo sapiens (Human)	O60506:R496	O60506:R496	True	external_methyl_table
O60506	O60506	O60506	False	SYNCRIP	R	498	R498	di	Rme2	True	FQVGARGRGGRGARG	RGGYEDPYYGYEDFQVGAR(di)GR(di)GGR(di)GA, R(me)GGYEDPYYGYEDFQVGAR(di)GR(di)GG, GGYEDPYYGYEDFQVGAR(di)GR(di), R(me)GGYEDPYYGYEDFQVGAR(di)GR(di)GGR(di)GA	ProMetheusDB_mmc2	ProMetheusDB	METHYLATION	Arg methylation	Homo sapiens (Human)	O60506:R498	O60506:R498	True	external_methyl_table
O60506	O60506	O60506	False	SYNCRIP	R	478	R478	me	Rme1	True	GYDYHNYRGGYEDPY	R(me)GGYEDPYYGYEDFQVGAR(di)GR(di)GGR(di)GA, R(me)GGYEDPYYGYEDFQVGA, R(me)GGYEDPYYGYEDFQVGAR(di)GR(di)GG, R(me)GGYEDPYYGYEDFQVGAR(di)G	ProMetheusDB_mmc2	ProMetheusDB	METHYLATION	Arg methylation	Homo sapiens (Human)	O60506:R478	O60506:R478	True	external_methyl_table
O60506	O60506	O60506	False	SYNCRIP	R	501	R501	di	Rme2	True	GARGRGGRGARGAAP	RGGYEDPYYGYEDFQVGAR(di)GR(di)GGR(di)GA, R(me)GGYEDPYYGYEDFQVGAR(di)GR(di)GGR(di)GA	ProMetheusDB_mmc2	ProMetheusDB	METHYLATION	Arg methylation	Homo sapiens (Human)	O60506:R501	O60506:R501	True	external_methyl_table
Q92804	Q92804	Q92804	False	TAF15	R	483	R483	me	Rme1	True	GGGYGGDRGGYGGDR	GGYGGDR(me)GGYGGDR, GGGYGGDR(me)GGYGGDR	ProMetheusDB_mmc2	ProMetheusDB	METHYLATION	Arg methylation	Homo sapiens (Human)	Q92804:R483	Q92804:R483	True	external_methyl_table
Q92804	Q92804	Q92804	False	TAF15	R	185	R185	me	Rme1	True	GGSQGGGRGRGGYDK	GYGGSQGGGR(me)GR(me)GGYDK, GYGGSQGGGR(me)GR(me), GYGGSQGGGR(me)GR(me)GGYDK(me), GYGGSQGGGR(me), RGYGGSQGGGR(me)GR(me)GGYDK(me)DG, GYGGSQGGGR(me)GR(me)GGYDKDGR, YGEDNR(me)GYGGSQGGGR(me)GR(me), GYGGSQGGGR(me)GR, GYGGSQGGGR(me)GR(me)GGYDK(me)DGR(me)	ProMetheusDB_mmc2	ProMetheusDB	METHYLATION	Arg methylation	Homo sapiens (Human)	Q92804:R185	Q92804:R185	True	external_methyl_table
Q92804	Q92804	Q92804	False	TAF15	R	562	R562	me	Rme1	True	GGGYGGDRGGGYGGD	SGGGYGGDR(me)GGGYGGDR(me)GGYGGK(me), SGGGYGGDR(me)GGGYGGDR(di)GGYGGK	ProMetheusDB_mmc2	ProMetheusDB	METHYLATION	Arg methylation	Homo sapiens (Human)	Q92804:R562	Q92804:R562	True	external_methyl_table
Q92804	Q92804	Q92804	False	TAF15	R	570	R570	di	Rme2	True	GGGYGGDRGGYGGKM	GGGYGGDR(di)GGYGGK, SGGGYGGDRGGGYGGDR(di)GGYGGK, SGGGYGGDR(me)GGGYGGDR(di)GGYGGK, SGGGYGGDR(di)GGGYGGDR(di)GGYGGK	ProMetheusDB_mmc2	ProMetheusDB	METHYLATION	Arg methylation	Homo sapiens (Human)	Q92804:R570	Q92804:R570	True	external_methyl_table
Q92804	Q92804	Q92804	False	TAF15	R	459	R459	me	Rme1	True	GGGYGGDRGGGYGGD	GGYGGDR(me)GGGYGGDR, SGGGYGGDR(me)GGGYGGDR(me)GGGYGGDR, SGGGYGGDR(me)GGGYGGDR, GGGYGGDR(me)GGGYGGDR, SGGGYGGDR(me)GGGYGGDR(di)GGGYGGDR, SGGGYGGDR(me)GGGYGGDR(me)GGGYGGDR(me), SGGGYGGDR(me)GGGYGGDRGGGYGGDR, RSGGGYGGDR(me)GGGYGGDR(di)GGGYGGD	ProMetheusDB_mmc2	ProMetheusDB	METHYLATION	Arg methylation	Homo sapiens (Human)	Q92804:R459	Q92804:R459	True	external_methyl_table
Q92804	Q92804	Q92804	False	TAF15	R	195	R195	me	Rme1	True	GGYDKDGRGPMTGSS	DGR(me)GPM(me)TGSSGGDR(di)GGFK, DGR(me)GPMTGSSGGDR(di)GGFK, DGR(me)GPMTGSSGGDR(di)GGFK, GYGGSQGGGR(me)GR(me)GGYDK(me)DGR(me)	ProMetheusDB_mmc2	ProMetheusDB	METHYLATION	Arg methylation	Homo sapiens (Human)	Q92804:R195	Q92804:R195	True	external_methyl_table
Q92804	Q92804	Q92804	False	TAF15	R	206	R206	di	Rme2	True	TGSSGGDRGGFKNFG	RGPM(me)TGSSGGDR(di)GGF, GPMTGSSGGDR(di)GGFK, DGR(me)GPM(me)TGSSGGDR(di)GGFK, RGPMTGSSGGDR(di)GGF, GPM(me)TGSSGGDR(di)GGFK, RGPMTGSSGGDR(di)GGF, DGRGPM(me)TGSSGGDR(di)GGFK, DGR(me)GPMTGSSGGDR(di)GGFK, DGR(me)GPMTGSSGGDR(di)GGFK, GPMTGSSGGDR(di)GGFK	ProMetheusDB_mmc2	ProMetheusDB	METHYLATION	Arg methylation	Homo sapiens (Human)	Q92804:R206	Q92804:R206	True	external_methyl_table
Q92804	Q92804	Q92804	False	TAF15	R	528	R528	di	Rme2	True	GYGGDRSRGGYGGDR	SR(di)GGYGGDR(di)GGGSGYGGDR, SR(di)GGYGGDR(me)GGGSGYGGDR	ProMetheusDB_mmc2	ProMetheusDB	METHYLATION	Arg methylation	Homo sapiens (Human)	Q92804:R528	Q92804:R528	True	external_methyl_table
Q92804	Q92804	Q92804	False	TAF15	R	535	R535	di	Rme2	True	RGGYGGDRGGGSGYG	SR(di)GGYGGDR(di)GGGSGYGGDR, SR(me)GGYGGDR(di)GGGSGYGGDR, GGYGGDR(di)GGGSGYGGDR	ProMetheusDB_mmc2	ProMetheusDB	METHYLATION	Arg methylation	Homo sapiens (Human)	Q92804:R535	Q92804:R535	True	external_methyl_table
Q92804	Q92804	Q92804	False	TAF15	R	467	R467	me	Rme1	True	GGGYGGDRGGGYGGD	SGGGYGGDR(me)GGGYGGDR(me)GGGYGGDR, GGGYGGDR(me)GGGYGGDR(di)GGGYGGDR(di)GGYGGDR, GGGYGGDR(me)GGGYGGDR(me)GGGYGGDR(di)GGYGGDR, SGGGYGGDR(me)GGGYGGDR(me)GGGYGGDR(me), SGGGYGGDRGGGYGGDR(me)GGGYGGDR	ProMetheusDB_mmc2	ProMetheusDB	METHYLATION	Arg methylation	Homo sapiens (Human)	Q92804:R467	Q92804:R467	True	external_methyl_table
Q92804	Q92804	Q92804	False	TAF15	R	535	R535	me	Rme1	True	RGGYGGDRGGGSGYG	SR(di)GGYGGDR(me)GGGSGYGGDR	ProMetheusDB_mmc2	ProMetheusDB	METHYLATION	Arg methylation	Homo sapiens (Human)	Q92804:R535	Q92804:R535	True	external_methyl_table
Q92804	Q92804	Q92804	False	TAF15	R	206	R206	me	Rme1	True	TGSSGGDRGGFKNFG	GPMTGSSGGDR(me)GGFK(me), GPM(me)TGSSGGDR(me)GGFK(me), GPMTGSSGGDR(me)GGFK(me), RGPM(me)TGSSGGDR(me)GGF, GPMTGSSGGDR(me)GGFK, DGRGPMTGSSGGDR(me)GGFK(me), GPMTGSSGGDR(me)GGFK(me), RGPMTGSSGGDR(me)GGF	ProMetheusDB_mmc2	ProMetheusDB	METHYLATION	Arg methylation	Homo sapiens (Human)	Q92804:R206	Q92804:R206	True	external_methyl_table
Q92804	Q92804	Q92804	False	TAF15	R	185	R185	di	Rme2	True	GGSQGGGRGRGGYDK	GYGGSQGGGR(di)GRGGYDK, GYGGSQGGGR(di)GR(me), GYGGSQGGGR(di)GR, GYGGSQGGGR(di)GRGGYDKDGR, GYGGSQGGGR(di)GR(di)GGYDK, GYGGSQGGGR(di)GR(me)GGYDK, GYGGSQGGGR(di)GR(di)GGYDKDGR	ProMetheusDB_mmc2	ProMetheusDB	METHYLATION	Arg methylation	Homo sapiens (Human)	Q92804:R185	Q92804:R185	True	external_methyl_table
Q92804	Q92804	Q92804	False	TAF15	R	187	R187	me	Rme1	True	SQGGGRGRGGYDKDG	GR(me)GGYDKDGR, GYGGSQGGGR(me)GR(me)GGYDK, GYGGSQGGGR(me)GR(me)GGYDK(me), GYGGSQGGGR(me)GR(me), GYGGSQGGGR(di)GR(me), RGYGGSQGGGR(me)GR(me)GGYDK(me)DG, GYGGSQGGGR(me)GR(me)GGYDKDGR, YGEDNR(me)GYGGSQGGGR(me)GR(me), GYGGSQGGGR(di)GR(me)GGYDK, GYGGSQGGGR(me)GR(me)GGYDK(me)DGR(me)	ProMetheusDB_mmc2	ProMetheusDB	METHYLATION	Arg methylation	Homo sapiens (Human)	Q92804:R187	Q92804:R187	True	external_methyl_table
Q92804	Q92804	Q92804	False	TAF15	R	467	R467	di	Rme2	True	GGGYGGDRGGGYGGD	GGGYGGDRGGGYGGDR(di)GGGYGGDR, SGGGYGGDR(me)GGGYGGDR(di)GGGYGGDR, RSGGGYGGDR(me)GGGYGGDR(di)GGGYGGD, GGGYGGDR(di)GGGYGGDR(di)	ProMetheusDB_mmc2	ProMetheusDB	METHYLATION	Arg methylation	Homo sapiens (Human)	Q92804:R467	Q92804:R467	True	external_methyl_table
Q92804	Q92804	Q92804	False	TAF15	R	498	R498	me	Rme1	True	GGGYGGDRGGYGGDR	GGYGGDR(me)GGYGGDR(di)GGYGGDR, GGGYGGDR(me)GGYGGDR(di)GGYGGDR, GGYGGDR(me)GGYGGDR(di)GGYGGDR(di)GGYGGDR	ProMetheusDB_mmc2	ProMetheusDB	METHYLATION	Arg methylation	Homo sapiens (Human)	Q92804:R498	Q92804:R498	True	external_methyl_table
Q92804	Q92804	Q92804	False	TAF15	R	505	R505	di	Rme2	True	RGGYGGDRGGYGGDR	GGYGGDR(me)GGYGGDR(di)GGYGGDR, GGYGGDR(di)GGYGGDR(di)GGYGGDR(me)GGYGGDR(me), GGYGGDR(di)GGYGGDR(di)GGYGGDR(di)GGYGGDR, GGYGGDR(me)GGYGGDR(di)GGYGGDR(di)GGYGGDR, GGGYGGDR(me)GGYGGDR(di)GGYGGDR, GGYGGDR(di)GGYGGDR(di)GGYGGDR	ProMetheusDB_mmc2	ProMetheusDB	METHYLATION	Arg methylation	Homo sapiens (Human)	Q92804:R505	Q92804:R505	True	external_methyl_table
Q92804	Q92804	Q92804	False	TAF15	R	562	R562	di	Rme2	True	GGGYGGDRGGGYGGD	SGGGYGGDR(di)GGGYGGDR(me)GGYGGK(me), SGGGYGGDR(di)GGGYGGDR(di)GGYGGK	ProMetheusDB_mmc2	ProMetheusDB	METHYLATION	Arg methylation	Homo sapiens (Human)	Q92804:R562	Q92804:R562	True	external_methyl_table
Q92804	Q92804	Q92804	False	TAF15	R	187	R187	di	Rme2	True	SQGGGRGRGGYDKDG	GYGGSQGGGR(di)GR(di)GGYDK, GYGGSQGGGR(di)GR(di)GGYDKDGR	ProMetheusDB_mmc2	ProMetheusDB	METHYLATION	Arg methylation	Homo sapiens (Human)	Q92804:R187	Q92804:R187	True	external_methyl_table
Q92804	Q92804	Q92804	False	TAF15	R	483	R483	di	Rme2	True	GGGYGGDRGGYGGDR	GGGYGGDR(me)GGGYGGDR(di)GGGYGGDR(di)GGYGGDR, GGGYGGDR(me)GGGYGGDR(di)GGYGGDR, GGGYGGDR(me)GGGYGGDR(me)GGGYGGDR(di)GGYGGDR, GGGYGGDR(di)GGYGGDR, GGGYGGDR(di)GGGYGGDR(di)GGYGGDR	ProMetheusDB_mmc2	ProMetheusDB	METHYLATION	Arg methylation	Homo sapiens (Human)	Q92804:R483	Q92804:R483	True	external_methyl_table
Q92804	Q92804	Q92804	False	TAF15	R	570	R570	me	Rme1	True	GGGYGGDRGGYGGKM	SGGGYGGDR(me)GGGYGGDR(me)GGYGGK(me), SGGGYGGDR(di)GGGYGGDR(me)GGYGGK(me)	ProMetheusDB_mmc2	ProMetheusDB	METHYLATION	Arg methylation	Homo sapiens (Human)	Q92804:R570	Q92804:R570	True	external_methyl_table
Q92804	Q92804	Q92804	False	TAF15	R	475	R475	me	Rme1	True	GGGYGGDRGGGYGGD	GGGYGGDR(me)GGGYGGDR(di)GGYGGDR, SGGGYGGDR(me)GGGYGGDR(me)GGGYGGDR(me), GGGYGGDR(me)GGGYGGDR(me)GGGYGGDR(di)GGYGGDR	ProMetheusDB_mmc2	ProMetheusDB	METHYLATION	Arg methylation	Homo sapiens (Human)	Q92804:R475	Q92804:R475	True	external_methyl_table
Q92804	Q92804	Q92804	False	TAF15	R	459	R459	di	Rme2	True	GGGYGGDRGGGYGGD	GGGYGGDR(di)GGGYGGDR, GGGYGGDR(di)GGGYGGDR(di), SGGGYGGDR(di)GGGYGGDR	ProMetheusDB_mmc2	ProMetheusDB	METHYLATION	Arg methylation	Homo sapiens (Human)	Q92804:R459	Q92804:R459	True	external_methyl_table
Q92804	Q92804	Q92804	False	TAF15	R	475	R475	di	Rme2	True	GGGYGGDRGGGYGGD	GGGYGGDR(me)GGGYGGDR(di)GGGYGGDR(di)GGYGGDR, GGGYGGDR(di)GGGYGGDR(di)GGYGGDR	ProMetheusDB_mmc2	ProMetheusDB	METHYLATION	Arg methylation	Homo sapiens (Human)	Q92804:R475	Q92804:R475	True	external_methyl_table
Q92804	Q92804	Q92804	False	TAF15	R	498	R498	di	Rme2	True	GGGYGGDRGGYGGDR	GGYGGDR(di)GGYGGDR(di)GGYGGDR(me)GGYGGDR(me), GGYGGDR(di)GGYGGDR(di)GGYGGDR(di)GGYGGDR, GGYGGDR(di)GGYGGDR(di)GGYGGDR	ProMetheusDB_mmc2	ProMetheusDB	METHYLATION	Arg methylation	Homo sapiens (Human)	Q92804:R498	Q92804:R498	True	external_methyl_table
Q92804	Q92804	Q92804	False	TAF15	R	528	R528	me	Rme1	True	GYGGDRSRGGYGGDR	SR(me)GGYGGDR(di)GGGSGYGGDR	ProMetheusDB_mmc2	ProMetheusDB	METHYLATION	Arg methylation	Homo sapiens (Human)	Q92804:R528	Q92804:R528	True	external_methyl_table
Q92804	Q92804	Q92804	False	TAF15	R	395	R395	me	Rme1	True	RPSGGDFRGRGYGGE	NSCNQCNEPRPEDSRPSGGDFR(me)GR(me), PSGGDFR(me)GR(me)	ProMetheusDB_mmc2	ProMetheusDB	METHYLATION	Arg methylation	Homo sapiens (Human)	Q92804:R395	Q92804:R395	True	external_methyl_table
Q92804	Q92804	Q92804	False	TAF15	R	397	R397	me	Rme1	True	SGGDFRGRGYGGERG	NSCNQCNEPRPEDSRPSGGDFR(me)GR(me), PSGGDFR(me)GR(me), R(me)GYGGER(di)GY, PSGGDFR(di)GR(me)	ProMetheusDB_mmc2	ProMetheusDB	METHYLATION	Arg methylation	Homo sapiens (Human)	Q92804:R397	Q92804:R397	True	external_methyl_table
Q92804	Q92804	Q92804	False	TAF15	R	512	R512	di	Rme2	True	RGGYGGDRGGYGGDR	GGYGGDR(di)GGYGGDR(di)GGYGGDR(di)GGYGGDR, GGYGGDR(me)GGYGGDR(di)GGYGGDR(di)GGYGGDR	ProMetheusDB_mmc2	ProMetheusDB	METHYLATION	Arg methylation	Homo sapiens (Human)	Q92804:R512	Q92804:R512	True	external_methyl_table
Q92804	Q92804	Q92804	False	TAF15	R	415	R415	di	Rme2	True	RGGRGGDRGGYGGDR	GGDR(di)GGYGGDR	ProMetheusDB_mmc2	ProMetheusDB	METHYLATION	Arg methylation	Homo sapiens (Human)	Q92804:R415	Q92804:R415	True	external_methyl_table
Q92804	Q92804	Q92804	False	TAF15	R	326	R326	di	Rme2	True	TRRPEFMRGGGSGGG	RPEFM(me)R(di)GGGSGGGR, RPEFMR(di)GGGSGGGR, RPEFMR(di)GGGSGGGR, RPEFMR(di)GGGSGGGR(me)	ProMetheusDB_mmc2	ProMetheusDB	METHYLATION	Arg methylation	Homo sapiens (Human)	Q92804:R326	Q92804:R326	True	external_methyl_table
Q92804	Q92804	Q92804	False	TAF15	R	395	R395	di	Rme2	True	RPSGGDFRGRGYGGE	PSGGDFR(di)GR(di)GYGGER(me), RPSGGDFR(di)GR(di)GYGGER(di)GY, PSGGDFR(di)GR, PSGGDFR(di)GR(me), PSGGDFR(di)GR(di)GYGGER	ProMetheusDB_mmc2	ProMetheusDB	METHYLATION	Arg methylation	Homo sapiens (Human)	Q92804:R395	Q92804:R395	True	external_methyl_table
Q92804	Q92804	Q92804	False	TAF15	R	326	R326	me	Rme1	True	TRRPEFMRGGGSGGG	RPEFMR(me)GGGSGGGR, RPEFMR(me)GGGSGGGR(me)	ProMetheusDB_mmc2	ProMetheusDB	METHYLATION	Arg methylation	Homo sapiens (Human)	Q92804:R326	Q92804:R326	True	external_methyl_table
Q92804	Q92804	Q92804	False	TAF15	R	397	R397	di	Rme2	True	SGGDFRGRGYGGERG	RPSGGDFR(di)GR(di)GYGGER(di)GY, PSGGDFR(di)GR(di)GYGGER(me), PSGGDFR(di)GR(di)GYGGER	ProMetheusDB_mmc2	ProMetheusDB	METHYLATION	Arg methylation	Homo sapiens (Human)	Q92804:R397	Q92804:R397	True	external_methyl_table
Q92804	Q92804	Q92804	False	TAF15	R	403	R403	di	Rme2	True	GRGYGGERGYRGRGG	R(me)GYGGER(di)GY, RPSGGDFR(di)GR(di)GYGGER(di)GY	ProMetheusDB_mmc2	ProMetheusDB	METHYLATION	Arg methylation	Homo sapiens (Human)	Q92804:R403	Q92804:R403	True	external_methyl_table
Q92804	Q92804	Q92804	False	TAF15	R	334	R334	me	Rme1	True	GGGSGGGRRGRGGYR	RPEFMR(di)GGGSGGGR(me), RPEFMR(me)GGGSGGGR(me)	ProMetheusDB_mmc2	ProMetheusDB	METHYLATION	Arg methylation	Homo sapiens (Human)	Q92804:R334	Q92804:R334	True	external_methyl_table
Q92804	Q92804	Q92804	False	TAF15	R	175	R175	me	Rme1	True	SRYGEDNRGYGGSQG	YGEDNR(me)GYGGSQGGGR(me)GR(me)	ProMetheusDB_mmc2	ProMetheusDB	METHYLATION	Arg methylation	Homo sapiens (Human)	Q92804:R175	Q92804:R175	True	external_methyl_table
Q92804	Q92804	Q92804	False	TAF15	R	349	R349	me	Rme1	True	GRGGFQGRGGDPKSG	R(me)GGDPKSGDWVCPNPSCGNMNFA	ProMetheusDB_mmc2	ProMetheusDB	METHYLATION	Arg methylation	Homo sapiens (Human)	Q92804:R349	Q92804:R349	True	external_methyl_table
Q92804	Q92804	Q92804	False	TAF15	R	512	R512	me	Rme1	True	RGGYGGDRGGYGGDR	GGYGGDR(di)GGYGGDR(di)GGYGGDR(me)GGYGGDR(me)	ProMetheusDB_mmc2	ProMetheusDB	METHYLATION	Arg methylation	Homo sapiens (Human)	Q92804:R512	Q92804:R512	True	external_methyl_table
Q92804	Q92804	Q92804	False	TAF15	R	519	R519	me	Rme1	True	RGGYGGDRGGYGGDR	GGYGGDR(di)GGYGGDR(di)GGYGGDR(me)GGYGGDR(me)	ProMetheusDB_mmc2	ProMetheusDB	METHYLATION	Arg methylation	Homo sapiens (Human)	Q92804:R519	Q92804:R519	True	external_methyl_table
Q92804	Q92804	Q92804	False	TAF15	R	403	R403	me	Rme1	True	GRGYGGERGYRGRGG	PSGGDFR(di)GR(di)GYGGER(me)	ProMetheusDB_mmc2	ProMetheusDB	METHYLATION	Arg methylation	Homo sapiens (Human)	Q92804:R403	Q92804:R403	True	external_methyl_table
Q6P1X5	Q6P1X5	Q6P1X5	False	TAF2	R	827	R827	me	Rme1	True	DNLNPDVRLILEEIT	TLDNLNPDVR(me)	ProMetheusDB_mmc2	ProMetheusDB	METHYLATION	Arg methylation	Homo sapiens (Human)	Q6P1X5:R827	Q6P1X5:R827	True	external_methyl_table
Q9Y6J9	Q9Y6J9	Q9Y6J9	False	TAF6L	R	555	R555	me	Rme1	True	QKSRFAPRGAPHFRF	FAPR(me)GAPHFR(di)FIIAGR, FAPR(me)GAPHFR, FAPR(me)GAPHFR(me)FIIAGR	ProMetheusDB_mmc2	ProMetheusDB	METHYLATION	Arg methylation	Homo sapiens (Human)	Q9Y6J9:R555	Q9Y6J9:R555	True	external_methyl_table
Q9Y6J9	Q9Y6J9	Q9Y6J9	False	TAF6L	R	555	R555	di	Rme2	True	QKSRFAPRGAPHFRF	FAPR(di)GAPHFR(di)FIIAGR	ProMetheusDB_mmc2	ProMetheusDB	METHYLATION	Arg methylation	Homo sapiens (Human)	Q9Y6J9:R555	Q9Y6J9:R555	True	external_methyl_table
Q9Y6J9	Q9Y6J9	Q9Y6J9	False	TAF6L	R	561	R561	di	Rme2	True	PRGAPHFRFIIAGRQ	FAPR(di)GAPHFR(di)FIIAGR, GAPHFR(di)FIIAGR, FAPR(me)GAPHFR(di)FIIAGR	ProMetheusDB_mmc2	ProMetheusDB	METHYLATION	Arg methylation	Homo sapiens (Human)	Q9Y6J9:R561	Q9Y6J9:R561	True	external_methyl_table
Q9Y6J9	Q9Y6J9	Q9Y6J9	False	TAF6L	R	561	R561	me	Rme1	True	PRGAPHFRFIIAGRQ	FAPR(me)GAPHFR(me)FIIAGR	ProMetheusDB_mmc2	ProMetheusDB	METHYLATION	Arg methylation	Homo sapiens (Human)	Q9Y6J9:R561	Q9Y6J9:R561	True	external_methyl_table
Q16594	Q16594	Q16594	False	TAF9	R	128	R128	me	Rme1	True	CLTAPNYRLKSLQKK	YCLTAPNYR(me)LK(me)	ProMetheusDB_mmc2	ProMetheusDB	METHYLATION	Arg methylation	Homo sapiens (Human)	Q16594:R128	Q16594:R128	True	external_methyl_table
P37802	P37802	P37802	False	TAGLN2	R	182	R182	me	Rme1	True	GLQMGTNRGASQAGM	NVIGLQMGTNR(me)GASQAGMTGYGMPR(me), NVIGLQM(me)GTNR(me)GASQAGM(me)TGYGMPR, NVIGLQMGTNR(me)GASQAGMTGYGMPR, NVIGLQMGTNR(me)GASQAGMTGYGMPR, NVIGLQM(me)GTNR(me)GASQAGM(me)TGYGM(me)PR, NVIGLQM(me)GTNR(me)GASQAGM(me)TGYGM(me)PR(me), NVIGLQMGTNR(me)GASQAGMTGYGMPR(me)	ProMetheusDB_mmc2	ProMetheusDB	METHYLATION	Arg methylation	Homo sapiens (Human)	P37802:R182	P37802:R182	True	external_methyl_table
P37802	P37802	P37802	False	TAGLN2	R	196	R196	me	Rme1	True	MTGYGMPRQIL____	NVIGLQMGTNR(me)GASQAGMTGYGMPR(me), GASQAGMTGYGMPR(me)QIL, GASQAGMTGYGM(me)PR(me), GASQAGM(me)TGYGM(me)PR(me)QIL, GASQAGMTGYGMPR(me), GASQAGMTGYGMPR(me), GASQAGMTGYGMPR(me), GASQAGMTGYGMPR(me), NVIGLQM(me)GTNR(me)GASQAGM(me)TGYGM(me)PR(me), NVIGLQMGTNR(me)GASQAGMTGYGMPR(me), GASQAGM(me)TGYGM(me)PR(me)	ProMetheusDB_mmc2	ProMetheusDB	METHYLATION	Arg methylation	Homo sapiens (Human)	P37802:R196	P37802:R196	True	external_methyl_table
P37802	P37802	P37802	False	TAGLN2	R	196	R196	di	Rme2	True	MTGYGMPRQIL____	GASQAGM(me)TGYGM(me)PR(di)QIL, GASQAGMTGYGMPR(di)QIL	ProMetheusDB_mmc2	ProMetheusDB	METHYLATION	Arg methylation	Homo sapiens (Human)	P37802:R196	P37802:R196	True	external_methyl_table
Q9HCD6	Q9HCD6	Q9HCD6	False	TANC2	R	1706	R1706	me	Rme1	True	QRPSSAYRGGVRYSQ	EDLPQRPSSAYR(me)GGVR	ProMetheusDB_mmc2	ProMetheusDB	METHYLATION	Arg methylation	Homo sapiens (Human)	Q9HCD6:R1706	Q9HCD6:R1706	True	external_methyl_table
Q03518	Q03518	Q03518	False	TAP1	R	30	R30	me	Rme1	True	FPPPAASRGGLGGTR	APPSFPPPAASR(me)GGLGGTR	ProMetheusDB_mmc2	ProMetheusDB	METHYLATION	Arg methylation	Homo sapiens (Human)	Q03518:R30	Q03518:R30	True	external_methyl_table
Q13148	Q13148	Q13148	False	TARDBP	R	293	R293	me	Rme1	True	QGGFGNSRGGGAGLG	FGGNPGGFGNQGGFGNSR(me)	ProMetheusDB_mmc2	ProMetheusDB	METHYLATION	Arg methylation	Homo sapiens (Human)	Q13148:R293	Q13148:R293	True	external_methyl_table
Q5H9L2	Q5H9L2	Q5H9L2	False	TCEAL5	R	182	R182	me	Rme1	True	VQDPFAPRGQRGVRG	DVQDPFAPR(me)GQR	ProMetheusDB_mmc2	ProMetheusDB	METHYLATION	Arg methylation	Homo sapiens (Human)	Q5H9L2:R182	Q5H9L2:R182	True	external_methyl_table
O14776	O14776	O14776	False	TCERG1	R	20	R20	me	Rme1	True	RFNPGELRMAQQQAL	FNPGELR(me)	ProMetheusDB_mmc2	ProMetheusDB	METHYLATION	Arg methylation	Homo sapiens (Human)	O14776:R20	O14776:R20	True	external_methyl_table
Q9Y242	Q9Y242	Q9Y242	False	TCF19	R	14	R14	me	Rme1	True	LLRIGGGRGGDLYTF	IGGGR(me)GGDLYTFHPPAGAGCTYR	ProMetheusDB_mmc2	ProMetheusDB	METHYLATION	Arg methylation	Homo sapiens (Human)	Q9Y242:R14	Q9Y242:R14	True	external_methyl_table
P36402-13	P36402-13	P36402	True	TCF7	R	348	R348	me	Rme1	True	NYGKKKRRSREKHQE	R(me)SR(me)EK(tr)HQESTTDGIPACTILSP	ProMetheusDB_mmc2	ProMetheusDB	METHYLATION	Arg methylation	Homo sapiens (Human)	P36402-13:R348	P36402:R348	True	external_methyl_table
P36402-13	P36402-13	P36402	True	TCF7	R	350	R350	me	Rme1	True	GKKKRRSREKHQEST	R(me)SR(me)EK(tr)HQESTTDGIPACTILSP	ProMetheusDB_mmc2	ProMetheusDB	METHYLATION	Arg methylation	Homo sapiens (Human)	P36402-13:R350	P36402:R350	True	external_methyl_table
Q6N021	Q6N021	Q6N021	False	TET2	R	680	R680	me	Rme1	True	VQSLCGTRFHFQQRA	AHVQSLCGTR(me)FHFQQR(me)	ProMetheusDB_mmc2	ProMetheusDB	METHYLATION	Arg methylation	Homo sapiens (Human)	Q6N021:R680	Q6N021:R680	True	external_methyl_table
Q6N021	Q6N021	Q6N021	False	TET2	R	686	R686	me	Rme1	True	TRFHFQQRADSQTEK	AHVQSLCGTR(me)FHFQQR(me)	ProMetheusDB_mmc2	ProMetheusDB	METHYLATION	Arg methylation	Homo sapiens (Human)	Q6N021:R686	Q6N021:R686	True	external_methyl_table
P19532	P19532	P19532	False	TFE3	R	188	R188	me	Rme1	True	THLENPTRYHLQQAR	VQTHLENPTR(me)YHLQQAR(me)	ProMetheusDB_mmc2	ProMetheusDB	METHYLATION	Arg methylation	Homo sapiens (Human)	P19532:R188	P19532:R188	True	external_methyl_table
P19532	P19532	P19532	False	TFE3	R	195	R195	me	Rme1	True	RYHLQQARRQQVKQY	VQTHLENPTR(me)YHLQQAR(me)	ProMetheusDB_mmc2	ProMetheusDB	METHYLATION	Arg methylation	Homo sapiens (Human)	P19532:R195	P19532:R195	True	external_methyl_table
P19532	P19532	P19532	False	TFE3	R	188	R188	di	Rme2	True	THLENPTRYHLQQAR	VQTHLENPTR(di)YHLQQAR	ProMetheusDB_mmc2	ProMetheusDB	METHYLATION	Arg methylation	Homo sapiens (Human)	P19532:R188	P19532:R188	True	external_methyl_table
P19484	P19484	P19484	False	TFEB	R	8	R8	di	Rme2	True	MASRIGLRMQLMREQ	IGLR(di)MQLM(me)R, IGLR(di)MQLMR, IGLR(di)M(me)QLM(me)R, IGLR(di)M(me)QLMR, IGLR(di)MQLMR, IGLR(di)MQLMR	ProMetheusDB_mmc2	ProMetheusDB	METHYLATION	Arg methylation	Homo sapiens (Human)	P19484:R8	P19484:R8	True	external_methyl_table
Q92734	Q92734	Q92734	False	TFG	R	385	R385	di	Rme2	True	PNPYARNRPPFGQGY	NR(di)PPFGQGYTQPGPGYR, NR(di)PPFGQGYTQPGPGYR(me)	ProMetheusDB_mmc2	ProMetheusDB	METHYLATION	Arg methylation	Homo sapiens (Human)	Q92734:R385	Q92734:R385	True	external_methyl_table
Q92734	Q92734	Q92734	False	TFG	R	400	R400	me	Rme1	True	TQPGPGYR_______	NR(me)PPFGQGYTQPGPGYR(me), NR(di)PPFGQGYTQPGPGYR(me), NRPPFGQGYTQPGPGYR(me)	ProMetheusDB_mmc2	ProMetheusDB	METHYLATION	Arg methylation	Homo sapiens (Human)	Q92734:R400	Q92734:R400	True	external_methyl_table
Q92734	Q92734	Q92734	False	TFG	R	385	R385	me	Rme1	True	PNPYARNRPPFGQGY	NR(me)PPFGQGYTQPGPGYR(me), NR(me)PPFGQGYTQPGPGYR	ProMetheusDB_mmc2	ProMetheusDB	METHYLATION	Arg methylation	Homo sapiens (Human)	Q92734:R385	Q92734:R385	True	external_methyl_table
P0C1Z6	P0C1Z6	P0C1Z6	False	TFPT	R	68	R68	di	Rme2	True	DEEEEAARGRRRRQR	ERDEEEEAAR(di)GR	ProMetheusDB_mmc2	ProMetheusDB	METHYLATION	Arg methylation	Homo sapiens (Human)	P0C1Z6:R68	P0C1Z6:R68	True	external_methyl_table
Q96EK4	Q96EK4	Q96EK4	False	THAP11	R	83	R83	me	Rme1	True	VPTIFPLRGVNERKV	VPTIFPLR(me)GVNER	ProMetheusDB_mmc2	ProMetheusDB	METHYLATION	Arg methylation	Homo sapiens (Human)	Q96EK4:R83	Q96EK4:R83	True	external_methyl_table
Q9Y2W1	Q9Y2W1	Q9Y2W1	False	THRAP3	R	66	R66	di	Rme2	True	NRERNHPRVYQNRDF	NHPR(di)VYQNR, ERNHPR(di)VYQNR	ProMetheusDB_mmc2	ProMetheusDB	METHYLATION	Arg methylation	Homo sapiens (Human)	Q9Y2W1:R66	Q9Y2W1:R66	True	external_methyl_table
Q9Y2W1	Q9Y2W1	Q9Y2W1	False	THRAP3	R	66	R66	me	Rme1	True	NRERNHPRVYQNRDF	NHPR(me)VYQNR	ProMetheusDB_mmc2	ProMetheusDB	METHYLATION	Arg methylation	Homo sapiens (Human)	Q9Y2W1:R66	Q9Y2W1:R66	True	external_methyl_table
Q9Y2W1	Q9Y2W1	Q9Y2W1	False	THRAP3	R	91	R91	di	Rme2	True	YYFRGRNRGFYPWGQ	NR(di)GFYPWGQYNR(di)GGYGNYR, NR(di)GFYPWGQYNR(me)GGYGNYR(me), R(di)GFYPWGQYNR(di)GGYGNY	ProMetheusDB_mmc2	ProMetheusDB	METHYLATION	Arg methylation	Homo sapiens (Human)	Q9Y2W1:R91	Q9Y2W1:R91	True	external_methyl_table
Q9Y2W1	Q9Y2W1	Q9Y2W1	False	THRAP3	R	101	R101	di	Rme2	True	YPWGQYNRGGYGNYR	NR(di)GFYPWGQYNR(di)GGYGNYR, R(di)GFYPWGQYNR(di)GGYGNY	ProMetheusDB_mmc2	ProMetheusDB	METHYLATION	Arg methylation	Homo sapiens (Human)	Q9Y2W1:R101	Q9Y2W1:R101	True	external_methyl_table
Q9Y2W1	Q9Y2W1	Q9Y2W1	False	THRAP3	R	825	R825	me	Rme1	True	DFVGPSERGGGRARG	DFVGPSER(me)GGGR, LGTKDFVGPSER(me)GGGR	ProMetheusDB_mmc2	ProMetheusDB	METHYLATION	Arg methylation	Homo sapiens (Human)	Q9Y2W1:R825	Q9Y2W1:R825	True	external_methyl_table
Q9Y2W1	Q9Y2W1	Q9Y2W1	False	THRAP3	R	115	R115	me	Rme1	True	RSNWQNYRQAYSPRR	SNWQNYR(me)QAYSPR	ProMetheusDB_mmc2	ProMetheusDB	METHYLATION	Arg methylation	Homo sapiens (Human)	Q9Y2W1:R115	Q9Y2W1:R115	True	external_methyl_table
Q9Y2W1	Q9Y2W1	Q9Y2W1	False	THRAP3	R	101	R101	me	Rme1	True	YPWGQYNRGGYGNYR	NR(di)GFYPWGQYNR(me)GGYGNYR(me), GFYPWGQYNR(me)GGYGNYR(me)	ProMetheusDB_mmc2	ProMetheusDB	METHYLATION	Arg methylation	Homo sapiens (Human)	Q9Y2W1:R101	Q9Y2W1:R101	True	external_methyl_table
Q9Y2W1	Q9Y2W1	Q9Y2W1	False	THRAP3	R	108	R108	me	Rme1	True	RGGYGNYRSNWQNYR	NR(di)GFYPWGQYNR(me)GGYGNYR(me), GFYPWGQYNR(me)GGYGNYR(me)	ProMetheusDB_mmc2	ProMetheusDB	METHYLATION	Arg methylation	Homo sapiens (Human)	Q9Y2W1:R108	Q9Y2W1:R108	True	external_methyl_table
Q9Y2W1	Q9Y2W1	Q9Y2W1	False	THRAP3	R	74	R74	di	Rme2	True	VYQNRDFRGHNRGYR	RDFR(di)GHNR(di)GY, DFR(di)GHNR(di)GYR	ProMetheusDB_mmc2	ProMetheusDB	METHYLATION	Arg methylation	Homo sapiens (Human)	Q9Y2W1:R74	Q9Y2W1:R74	True	external_methyl_table
Q9Y2W1	Q9Y2W1	Q9Y2W1	False	THRAP3	R	78	R78	di	Rme2	True	RDFRGHNRGYRRPYY	RDFR(di)GHNR(di)GY, DFR(di)GHNR(di)GYR	ProMetheusDB_mmc2	ProMetheusDB	METHYLATION	Arg methylation	Homo sapiens (Human)	Q9Y2W1:R78	Q9Y2W1:R78	True	external_methyl_table
Q9Y2W1	Q9Y2W1	Q9Y2W1	False	THRAP3	R	91	R91	me	Rme1	True	YYFRGRNRGFYPWGQ	NR(me)GFYPWGQYNRGGYGNYR(di)	ProMetheusDB_mmc2	ProMetheusDB	METHYLATION	Arg methylation	Homo sapiens (Human)	Q9Y2W1:R91	Q9Y2W1:R91	True	external_methyl_table
Q9Y2W1	Q9Y2W1	Q9Y2W1	False	THRAP3	R	108	R108	di	Rme2	True	RGGYGNYRSNWQNYR	NR(me)GFYPWGQYNRGGYGNYR(di)	ProMetheusDB_mmc2	ProMetheusDB	METHYLATION	Arg methylation	Homo sapiens (Human)	Q9Y2W1:R108	Q9Y2W1:R108	True	external_methyl_table
Q9Y2W1	Q9Y2W1	Q9Y2W1	False	THRAP3	R	908	R908	di	Rme2	True	RGAFPRGRGRFMFRK	GR(di)GR(di)FM(me)FR	ProMetheusDB_mmc2	ProMetheusDB	METHYLATION	Arg methylation	Homo sapiens (Human)	Q9Y2W1:R908	Q9Y2W1:R908	True	external_methyl_table
Q9Y2W1	Q9Y2W1	Q9Y2W1	False	THRAP3	R	910	R910	di	Rme2	True	AFPRGRGRFMFRKSS	GR(di)GR(di)FM(me)FR	ProMetheusDB_mmc2	ProMetheusDB	METHYLATION	Arg methylation	Homo sapiens (Human)	Q9Y2W1:R910	Q9Y2W1:R910	True	external_methyl_table
Q96DC7	Q96DC7	Q96DC7	False	TMCO6	R	8	R8	me	Rme1	True	MWSRRQGRLRPTVCG	QGR(me)LR(me)PTVCGVEELR	ProMetheusDB_mmc2	ProMetheusDB	METHYLATION	Arg methylation	Homo sapiens (Human)	Q96DC7:R8	Q96DC7:R8	True	external_methyl_table
Q96DC7	Q96DC7	Q96DC7	False	TMCO6	R	10	R10	me	Rme1	True	SRRQGRLRPTVCGVE	QGR(me)LR(me)PTVCGVEELR	ProMetheusDB_mmc2	ProMetheusDB	METHYLATION	Arg methylation	Homo sapiens (Human)	Q96DC7:R10	Q96DC7:R10	True	external_methyl_table
Q6NUQ4	Q6NUQ4	Q6NUQ4	False	TMEM214	R	29	R29	me	Rme1	True	VGAGAGGRGGGRNRR	GRRPGVGAGAGGR(me)GGGR	ProMetheusDB_mmc2	ProMetheusDB	METHYLATION	Arg methylation	Homo sapiens (Human)	Q6NUQ4:R29	Q6NUQ4:R29	True	external_methyl_table
Q15025	Q15025	Q15025	False	TNIP1	R	599	R599	di	Rme2	True	HLPEYTWRLPCGGVR	LFHLPEYTWR(di)LPCGGVR	ProMetheusDB_mmc2	ProMetheusDB	METHYLATION	Arg methylation	Homo sapiens (Human)	Q15025:R599	Q15025:R599	True	external_methyl_table
Q15025	Q15025	Q15025	False	TNIP1	R	599	R599	me	Rme1	True	HLPEYTWRLPCGGVR	LFHLPEYTWR(me)LPCGGVR(me)	ProMetheusDB_mmc2	ProMetheusDB	METHYLATION	Arg methylation	Homo sapiens (Human)	Q15025:R599	Q15025:R599	True	external_methyl_table
Q15025	Q15025	Q15025	False	TNIP1	R	606	R606	me	Rme1	True	RLPCGGVRNPNQSSQ	LFHLPEYTWR(me)LPCGGVR(me)	ProMetheusDB_mmc2	ProMetheusDB	METHYLATION	Arg methylation	Homo sapiens (Human)	Q15025:R606	Q15025:R606	True	external_methyl_table
Q9UPQ9	Q9UPQ9	Q9UPQ9	False	TNRC6B	R	1623	R1623	me	Rme1	True	STAPRSVRGWGTQDS	SVR(me)GWGTQDSR	ProMetheusDB_mmc2	ProMetheusDB	METHYLATION	Arg methylation	Homo sapiens (Human)	Q9UPQ9:R1623	Q9UPQ9:R1623	True	external_methyl_table
Q16890	Q16890	Q16890	False	TPD52L1	R	133	R133	di	Rme2	True	GDMSYSIRHSISMPA	FGDMSYSIR(di)HSISMPAMR	ProMetheusDB_mmc2	ProMetheusDB	METHYLATION	Arg methylation	Homo sapiens (Human)	Q16890:R133	Q16890:R133	True	external_methyl_table
P12270	P12270	P12270	False	TPR	R	2111	R2111	me	Rme1	True	TRRQSVGRGLQLTPG	QSVGR(me)GLQLTPGIGGMQQHFFDDEDRTVPSTPTLVVPHR, QSVGR(me)GLQLTPGIGGM(me)QQHFFDDEDR, QSVGR(me)GLQLTPGIGGMQQHFFDDEDR, QSVGR(me)GLQLTPGIGGMQQHFFDDEDR, QSVGR(me)GLQLTPGIGGM(me)QQHFFDDEDRTVPSTPTLVVPHR, R(me)GLQLTPGIGGMQQHFFDDEDRTVPSTPTLVVPH, QSVGR(me)GLQLTPGIGGMQQHFFDDEDRTVPSTPTLVVPHR, R(me)GLQLTPGIGGMQQHFFDDEDRTVPSTPTLVVPH, RQSVGR(me)GLQLTPGIGGMQQHFFDDEDR, QSVGR(me)GLQLTPGIGGMQQHFFDDEDR, R(me)GLQLTPGIGGMQQHFFDDED	ProMetheusDB_mmc2	ProMetheusDB	METHYLATION	Arg methylation	Homo sapiens (Human)	P12270:R2111	P12270:R2111	True	external_methyl_table
P12270	P12270	P12270	False	TPR	R	2345	R2345	di	Rme2	True	GRQFNRQRGVSHAMG	QR(di)GVSHAMGGR(me)GGINR, QR(di)GVSHAMGGR(di)GGINR, QR(di)GVSHAMGGR(di)GGINR, QR(di)GVSHAMGGR(di)GGINR	ProMetheusDB_mmc2	ProMetheusDB	METHYLATION	Arg methylation	Homo sapiens (Human)	P12270:R2345	P12270:R2345	True	external_methyl_table
P12270	P12270	P12270	False	TPR	R	2354	R2354	di	Rme2	True	VSHAMGGRGGINRGN	QR(di)GVSHAMGGR(di)GGINR, QR(di)GVSHAMGGR(di)GGINR, QR(di)GVSHAMGGR(di)GGINR	ProMetheusDB_mmc2	ProMetheusDB	METHYLATION	Arg methylation	Homo sapiens (Human)	P12270:R2354	P12270:R2354	True	external_methyl_table
P12270	P12270	P12270	False	TPR	R	2163	R2163	me	Rme1	True	PQVAGVPRFRFGPPE	RTDGFAEAIHSPQVAGVPR(me)F, TDGFAEAIHSPQVAGVPR(me)	ProMetheusDB_mmc2	ProMetheusDB	METHYLATION	Arg methylation	Homo sapiens (Human)	P12270:R2163	P12270:R2163	True	external_methyl_table
P12270	P12270	P12270	False	TPR	R	2327	R2327	me	Rme1	True	PKPFRRVRLQTTLRQ	VR(me)LQTTLR(me)	ProMetheusDB_mmc2	ProMetheusDB	METHYLATION	Arg methylation	Homo sapiens (Human)	P12270:R2327	P12270:R2327	True	external_methyl_table
P12270	P12270	P12270	False	TPR	R	2333	R2333	me	Rme1	True	VRLQTTLRQGVRGRQ	VR(me)LQTTLR(me)	ProMetheusDB_mmc2	ProMetheusDB	METHYLATION	Arg methylation	Homo sapiens (Human)	P12270:R2333	P12270:R2333	True	external_methyl_table
P12270	P12270	P12270	False	TPR	R	2354	R2354	me	Rme1	True	VSHAMGGRGGINRGN	QR(di)GVSHAMGGR(me)GGINR	ProMetheusDB_mmc2	ProMetheusDB	METHYLATION	Arg methylation	Homo sapiens (Human)	P12270:R2354	P12270:R2354	True	external_methyl_table
P12270	P12270	P12270	False	TPR	R	594	R594	me	Rme1	True	LTELEQLRKSRQHQM	LESALTELEQLR(me)	ProMetheusDB_mmc2	ProMetheusDB	METHYLATION	Arg methylation	Homo sapiens (Human)	P12270:R594	P12270:R594	True	external_methyl_table
P62995	P62995	P62995	False	TRA2B	R	241	R241	di	Rme2	True	DYYSRSYRGGGGGGG	R(di)GGGGGGGGW, SYR(di)GGGGGGGGWR	ProMetheusDB_mmc2	ProMetheusDB	METHYLATION	Arg methylation	Homo sapiens (Human)	P62995:R241	P62995:R241	True	external_methyl_table
P62995	P62995	P62995	False	TRA2B	R	241	R241	me	Rme1	True	DYYSRSYRGGGGGGG	R(me)SYR(me)GGGGGGGGW, SYR(me)GGGGGGGGWR	ProMetheusDB_mmc2	ProMetheusDB	METHYLATION	Arg methylation	Homo sapiens (Human)	P62995:R241	P62995:R241	True	external_methyl_table
P62995	P62995	P62995	False	TRA2B	R	238	R238	me	Rme1	True	DDRDYYSRSYRGGGG	R(me)SYR(me)GGGGGGGGW	ProMetheusDB_mmc2	ProMetheusDB	METHYLATION	Arg methylation	Homo sapiens (Human)	P62995:R238	P62995:R238	True	external_methyl_table
Q6Q0C0	Q6Q0C0	Q6Q0C0	False	TRAF7	R	355	R355	di	Rme2	True	SEDLMEFRRDASMLN	LSEDLM(me)EFR(di)	ProMetheusDB_mmc2	ProMetheusDB	METHYLATION	Arg methylation	Homo sapiens (Human)	Q6Q0C0:R355	Q6Q0C0:R355	True	external_methyl_table
O15164	O15164	O15164	False	TRIM24	R	539	R539	di	Rme2	True	PPHPQQLRYPPNQNI	R(di)YPPNQNIPR(di)QAI	ProMetheusDB_mmc2	ProMetheusDB	METHYLATION	Arg methylation	Homo sapiens (Human)	O15164:R539	O15164:R539	True	external_methyl_table
O15164	O15164	O15164	False	TRIM24	R	548	R548	di	Rme2	True	PPNQNIPRQAIKPNP	R(di)YPPNQNIPR(di)QAI	ProMetheusDB_mmc2	ProMetheusDB	METHYLATION	Arg methylation	Homo sapiens (Human)	O15164:R548	O15164:R548	True	external_methyl_table
Q9UPN9	Q9UPN9	Q9UPN9	False	TRIM33	R	515	R515	me	Rme1	True	QINLAQLRLQHMQQQ	TPGQINLAQLR(me)	ProMetheusDB_mmc2	ProMetheusDB	METHYLATION	Arg methylation	Homo sapiens (Human)	Q9UPN9:R515	Q9UPN9:R515	True	external_methyl_table
Q9UPN9	Q9UPN9	Q9UPN9	False	TRIM33	R	515	R515	di	Rme2	True	QINLAQLRLQHMQQQ	TPGQINLAQLR(di)LQHMQQQVYAQK, TPGQINLAQLR(di)LQHM(me)QQQVYAQK, TPGQINLAQLR(di)LQHMQQQVYAQK	ProMetheusDB_mmc2	ProMetheusDB	METHYLATION	Arg methylation	Homo sapiens (Human)	Q9UPN9:R515	Q9UPN9:R515	True	external_methyl_table
Q9UPN9	Q9UPN9	Q9UPN9	False	TRIM33	R	440	R440	di	Rme2	True	RLITFQLRHILKARC	LITFQLR(di)HILK	ProMetheusDB_mmc2	ProMetheusDB	METHYLATION	Arg methylation	Homo sapiens (Human)	Q9UPN9:R440	Q9UPN9:R440	True	external_methyl_table
Q96LD4	Q96LD4	Q96LD4	False	TRIM47	R	582	R582	me	Rme1	True	LKASRPRRGGIPASP	R(me)GGIPASPIDPFQSR	ProMetheusDB_mmc2	ProMetheusDB	METHYLATION	Arg methylation	Homo sapiens (Human)	Q96LD4:R582	Q96LD4:R582	True	external_methyl_table
Q14669	Q14669	Q14669	False	TRIP12	R	232	R232	me	Rme1	True	GKDQNKARRSRSASS	DQNK(me)AR(me)R(me)SR	ProMetheusDB_mmc2	ProMetheusDB	METHYLATION	Arg methylation	Homo sapiens (Human)	Q14669:R232	Q14669:R232	True	external_methyl_table
Q14669	Q14669	Q14669	False	TRIP12	R	233	R233	me	Rme1	True	KDQNKARRSRSASSP	DQNK(me)AR(me)R(me)SR	ProMetheusDB_mmc2	ProMetheusDB	METHYLATION	Arg methylation	Homo sapiens (Human)	Q14669:R233	Q14669:R233	True	external_methyl_table
Q15654	Q15654	Q15654	False	TRIP6	R	236	R236	me	Rme1	True	GVSGPAGRGRGGEHG	R(me)GR(me)GGEHGPQVPLSQPPEDELDRLT, EEAAGVSGPAGR(me)GR(me), EPGPGAKEEAAGVSGPAGR(me)GR, EEAAGVSGPAGR(me)GR, EEAAGVSGPAGR(me), EEAAGVSGPAGR(me)GR(me)GGEHGPQVPLSQPPEDELDR, SQREPGPGAKEEAAGVSGPAGR(me)GR, REPGPGAKEEAAGVSGPAGR(me)G, KEEAAGVSGPAGR(me)G	ProMetheusDB_mmc2	ProMetheusDB	METHYLATION	Arg methylation	Homo sapiens (Human)	Q15654:R236	Q15654:R236	True	external_methyl_table
Q15654	Q15654	Q15654	False	TRIP6	R	186	R186	di	Rme2	True	RGCGPPRRGASQASG	R(di)GASQASGPLPGPHFPLPGR(me)GEVWGPGYR	ProMetheusDB_mmc2	ProMetheusDB	METHYLATION	Arg methylation	Homo sapiens (Human)	Q15654:R186	Q15654:R186	True	external_methyl_table
Q15654	Q15654	Q15654	False	TRIP6	R	205	R205	me	Rme1	True	PHFPLPGRGEVWGPG	R(di)GASQASGPLPGPHFPLPGR(me)GEVWGPGYR	ProMetheusDB_mmc2	ProMetheusDB	METHYLATION	Arg methylation	Homo sapiens (Human)	Q15654:R205	Q15654:R205	True	external_methyl_table
Q15654	Q15654	Q15654	False	TRIP6	R	179	R179	me	Rme1	True	VKVAQPVRGCGPPRR	VAQPVR(me)GCGPPR	ProMetheusDB_mmc2	ProMetheusDB	METHYLATION	Arg methylation	Homo sapiens (Human)	Q15654:R179	Q15654:R179	True	external_methyl_table
Q15654	Q15654	Q15654	False	TRIP6	R	236	R236	di	Rme2	True	GVSGPAGRGRGGEHG	EEAAGVSGPAGR(di)GR, EEAAGVSGPAGR(di)GR(me)	ProMetheusDB_mmc2	ProMetheusDB	METHYLATION	Arg methylation	Homo sapiens (Human)	Q15654:R236	Q15654:R236	True	external_methyl_table
Q15654	Q15654	Q15654	False	TRIP6	R	238	R238	me	Rme1	True	SGPAGRGRGGEHGPQ	GR(me)GGEHGPQVPLSQPPEDELDR, GR(me)GGEHGPQVPLSQPPEDELDRLTK, R(me)GR(me)GGEHGPQVPLSQPPEDELDRLT, EEAAGVSGPAGR(me)GR(me), EEAAGVSGPAGR(di)GR(me), EEAAGVSGPAGR(me)GR(me)GGEHGPQVPLSQPPEDELDR	ProMetheusDB_mmc2	ProMetheusDB	METHYLATION	Arg methylation	Homo sapiens (Human)	Q15654:R238	Q15654:R238	True	external_methyl_table
Q15654	Q15654	Q15654	False	TRIP6	R	186	R186	me	Rme1	True	RGCGPPRRGASQASG	R(me)GASQASGPLPGPHFPLPGR	ProMetheusDB_mmc2	ProMetheusDB	METHYLATION	Arg methylation	Homo sapiens (Human)	Q15654:R186	Q15654:R186	True	external_methyl_table
Q15654	Q15654	Q15654	False	TRIP6	R	43	R43	me	Rme1	True	AALQPHPRVNFCPLP	GTPGPPPAHGAALQPHPR(me)	ProMetheusDB_mmc2	ProMetheusDB	METHYLATION	Arg methylation	Homo sapiens (Human)	Q15654:R43	Q15654:R43	True	external_methyl_table
Q15654	Q15654	Q15654	False	TRIP6	R	179	R179	di	Rme2	True	VKVAQPVRGCGPPRR	VAQPVR(di)GCGPPR	ProMetheusDB_mmc2	ProMetheusDB	METHYLATION	Arg methylation	Homo sapiens (Human)	Q15654:R179	Q15654:R179	True	external_methyl_table
Q15654	Q15654	Q15654	False	TRIP6	R	21	R21	di	Rme2	True	PARAPQGRAIPRGTP	APQGR(di)AIPR	ProMetheusDB_mmc2	ProMetheusDB	METHYLATION	Arg methylation	Homo sapiens (Human)	Q15654:R21	Q15654:R21	True	external_methyl_table
Q7Z6J9	Q7Z6J9	Q7Z6J9	False	TSEN54	R	316	R316	me	Rme1	True	DSRHTLLRAPAPELL	HTLLR(me)APAPELLPANVAGR	ProMetheusDB_mmc2	ProMetheusDB	METHYLATION	Arg methylation	Homo sapiens (Human)	Q7Z6J9:R316	Q7Z6J9:R316	True	external_methyl_table
Q9UJK0	Q9UJK0	Q9UJK0	False	TSR3	R	8	R8	me	Rme1	True	MGRRRAARGPGAEGG	AAR(me)GPGAEGGRPR	ProMetheusDB_mmc2	ProMetheusDB	METHYLATION	Arg methylation	Homo sapiens (Human)	Q9UJK0:R8	Q9UJK0:R8	True	external_methyl_table
Q9Y5U2	Q9Y5U2	Q9Y5U2	False	TSSC4	R	240	R240	me	Rme1	True	GKVGEPGRGGLGNPA	VGEPGR(me)GGLGNPATDR	ProMetheusDB_mmc2	ProMetheusDB	METHYLATION	Arg methylation	Homo sapiens (Human)	Q9Y5U2:R240	Q9Y5U2:R240	True	external_methyl_table
Q9Y5U2	Q9Y5U2	Q9Y5U2	False	TSSC4	R	240	R240	di	Rme2	True	GKVGEPGRGGLGNPA	VGEPGR(di)GGLGNPATDR	ProMetheusDB_mmc2	ProMetheusDB	METHYLATION	Arg methylation	Homo sapiens (Human)	Q9Y5U2:R240	Q9Y5U2:R240	True	external_methyl_table
P68371	P68371	P68371	False	TUBB4B	R	121	R121	me	Rme1	True	DSVLDVVRKEAESCD	GHYTEGAELVDSVLDVVR(me)	ProMetheusDB_mmc2	ProMetheusDB	METHYLATION	Arg methylation	Homo sapiens (Human)	P68371:R121	P68371:R121	True	external_methyl_table
P49411	P49411	P49411	False	TUFM	R	327	R327	me	Rme1	True	DNLGALVRGLKREDL	AEAGDNLGALVR(me)	ProMetheusDB_mmc2	ProMetheusDB	METHYLATION	Arg methylation	Homo sapiens (Human)	P49411:R327	P49411:R327	True	external_methyl_table
Q9NUQ3	Q9NUQ3	Q9NUQ3	False	TXLNG	R	24	R24	me	Rme1	True	EEATEAGRGGRRRSP	RGGGAEEATEAGR(me)GG	ProMetheusDB_mmc2	ProMetheusDB	METHYLATION	Arg methylation	Homo sapiens (Human)	Q9NUQ3:R24	Q9NUQ3:R24	True	external_methyl_table
Q9NUQ3	Q9NUQ3	Q9NUQ3	False	TXLNG	R	12	R12	me	Rme1	True	VEEAARGRGGGAEEA	GR(me)GGGAEEATEAGRGGR	ProMetheusDB_mmc2	ProMetheusDB	METHYLATION	Arg methylation	Homo sapiens (Human)	Q9NUQ3:R12	Q9NUQ3:R12	True	external_methyl_table
P0DN76	P0DN76	P0DN76	False	U2AF1L5	R	165	R165	me	Rme1	True	YEMGECTRGGFCNFM	QYEMGECTR(me)GGFCNFM(me)HLKPISR, QYEMGECTR(me)GGFCNFMHLKPISR, QYEMGECTR(me)GGFCNFMHLKPISR, QYEMGECTR(me)GGFCNFMHLKPISR	ProMetheusDB_mmc2	ProMetheusDB	METHYLATION	Arg methylation	Homo sapiens (Human)	P0DN76:R165	P0DN76:R165	True	external_methyl_table
Q5T6F2	Q5T6F2	Q5T6F2	False	UBAP2	R	166	R166	me	Rme1	True	QVDKPSDRGKRARGR	EFRGEENGIDCNQVDKPSDR(me)GK	ProMetheusDB_mmc2	ProMetheusDB	METHYLATION	Arg methylation	Homo sapiens (Human)	Q5T6F2:R166	Q5T6F2:R166	True	external_methyl_table
Q14157	Q14157	Q14157	False	UBAP2L	R	168	R168	di	Rme2	True	KSGGPSGRGTERGRR	SGGPSGR(di)GTER(di)GR	ProMetheusDB_mmc2	ProMetheusDB	METHYLATION	Arg methylation	Homo sapiens (Human)	Q14157:R168	Q14157:R168	True	external_methyl_table
Q14157	Q14157	Q14157	False	UBAP2L	R	172	R172	di	Rme2	True	PSGRGTERGRRGRGR	SGGPSGR(di)GTER(di)GR	ProMetheusDB_mmc2	ProMetheusDB	METHYLATION	Arg methylation	Homo sapiens (Human)	Q14157:R172	Q14157:R172	True	external_methyl_table
P61081	P61081	P61081	False	UBE2M	R	169	R169	me	Rme1	True	QNVQRSMRGGYIGST	SMR(me)GGYIGSTYFER, SM(me)R(me)GGYIGSTYFER, R(me)GGYIGSTYFE, SMR(me)GGYIGSTYFER, SMR(me)GGYIGSTYFER	ProMetheusDB_mmc2	ProMetheusDB	METHYLATION	Arg methylation	Homo sapiens (Human)	P61081:R169	P61081:R169	True	external_methyl_table
O94874	O94874	O94874	False	UFL1	R	433	R433	me	Rme1	True	TEGSGSMRGGGGGNA	ATEGSGSMR(me)GGGGGNAR, ATEGSGSM(me)R(me)GGGGGNAR, ATEGSGSMR(me)GGGGGNAR	ProMetheusDB_mmc2	ProMetheusDB	METHYLATION	Arg methylation	Homo sapiens (Human)	O94874:R433	O94874:R433	True	external_methyl_table
P61960	P61960	P61960	False	UFM1	R	15	R15	me	Rme1	True	ITLTSDPRLPYKVLS	KITLTSDPR(me)LPY, ITLTSDPR(me)LPYK	ProMetheusDB_mmc2	ProMetheusDB	METHYLATION	Arg methylation	Homo sapiens (Human)	P61960:R15	P61960:R15	True	external_methyl_table
Q92995	Q92995	Q92995	False	USP13	R	4	R4	me	Rme1	True	____MQRRGALFGMP	R(me)GALFGMPGGSGGR	ProMetheusDB_mmc2	ProMetheusDB	METHYLATION	Arg methylation	Homo sapiens (Human)	Q92995:R4	Q92995:R4	True	external_methyl_table
Q70EL1	Q70EL1	Q70EL1	False	USP54	R	12	R12	me	Rme1	True	RNYFSGGRGSVQGMF	NYFSGGR(me)GSVQGMFAPR	ProMetheusDB_mmc2	ProMetheusDB	METHYLATION	Arg methylation	Homo sapiens (Human)	Q70EL1:R12	Q70EL1:R12	True	external_methyl_table
Q9BRU9	Q9BRU9	Q9BRU9	False	UTP23	R	63	R63	me	Rme1	True	ETQLCTTRCVLKELE	YLMGETQLCTTR(me)	ProMetheusDB_mmc2	ProMetheusDB	METHYLATION	Arg methylation	Homo sapiens (Human)	Q9BRU9:R63	Q9BRU9:R63	True	external_methyl_table
P08670	P08670	P08670	False	VIM	R	64	R64	me	Rme1	True	PGGVYATRSSAVRLR	SLYASSPGGVYATR(me)SSAVR, SLYASSPGGVYATR(me)	ProMetheusDB_mmc2	ProMetheusDB	METHYLATION	Arg methylation	Homo sapiens (Human)	P08670:R64	P08670:R64	True	external_methyl_table
P08670	P08670	P08670	False	VIM	R	45	R45	me	Rme1	True	YSLGSALRPSTSRSL	TYSLGSALR(me)PSTSR	ProMetheusDB_mmc2	ProMetheusDB	METHYLATION	Arg methylation	Homo sapiens (Human)	P08670:R45	P08670:R45	True	external_methyl_table
Q69YN4	Q69YN4	Q69YN4	False	VIRMA	R	1723	R1723	me	Rme1	True	YSRREGTRGSSWSAQ	EGTR(me)GSSWSAQNTPR, R(me)GSSWSAQNTP	ProMetheusDB_mmc2	ProMetheusDB	METHYLATION	Arg methylation	Homo sapiens (Human)	Q69YN4:R1723	Q69YN4:R1723	True	external_methyl_table
Q69YN4	Q69YN4	Q69YN4	False	VIRMA	R	1741	R1741	di	Rme2	True	RGNYNESRGGQSNFN	GNYNESR(di)GGQSNFNR	ProMetheusDB_mmc2	ProMetheusDB	METHYLATION	Arg methylation	Homo sapiens (Human)	Q69YN4:R1741	Q69YN4:R1741	True	external_methyl_table
Q69YN4	Q69YN4	Q69YN4	False	VIRMA	R	1626	R1626	me	Rme1	True	PPPRGRGRGGFGQGI	GR(me)GGFGQGIRPHDIFR	ProMetheusDB_mmc2	ProMetheusDB	METHYLATION	Arg methylation	Homo sapiens (Human)	Q69YN4:R1626	Q69YN4:R1626	True	external_methyl_table
Q69YN4	Q69YN4	Q69YN4	False	VIRMA	R	1723	R1723	di	Rme2	True	YSRREGTRGSSWSAQ	EGTR(di)GSSWSAQNTPR	ProMetheusDB_mmc2	ProMetheusDB	METHYLATION	Arg methylation	Homo sapiens (Human)	Q69YN4:R1723	Q69YN4:R1723	True	external_methyl_table
Q69YN4	Q69YN4	Q69YN4	False	VIRMA	R	1803	R1803	me	Rme1	True	FVSGGSGRGRHVRSF	FVSGGSGR(me)GR(me)	ProMetheusDB_mmc2	ProMetheusDB	METHYLATION	Arg methylation	Homo sapiens (Human)	Q69YN4:R1803	Q69YN4:R1803	True	external_methyl_table
Q69YN4	Q69YN4	Q69YN4	False	VIRMA	R	1805	R1805	me	Rme1	True	SGGSGRGRHVRSFTR	FVSGGSGR(me)GR(me)	ProMetheusDB_mmc2	ProMetheusDB	METHYLATION	Arg methylation	Homo sapiens (Human)	Q69YN4:R1805	Q69YN4:R1805	True	external_methyl_table
Q69YN4	Q69YN4	Q69YN4	False	VIRMA	R	1624	R1624	di	Rme2	True	VVPPPRGRGRGGFGQ	GR(di)GR(di)GGFGQGIRPHDIFR	ProMetheusDB_mmc2	ProMetheusDB	METHYLATION	Arg methylation	Homo sapiens (Human)	Q69YN4:R1624	Q69YN4:R1624	True	external_methyl_table
Q69YN4	Q69YN4	Q69YN4	False	VIRMA	R	1626	R1626	di	Rme2	True	PPPRGRGRGGFGQGI	GR(di)GR(di)GGFGQGIRPHDIFR	ProMetheusDB_mmc2	ProMetheusDB	METHYLATION	Arg methylation	Homo sapiens (Human)	Q69YN4:R1626	Q69YN4:R1626	True	external_methyl_table
Q69YN4	Q69YN4	Q69YN4	False	VIRMA	R	1687	R1687	di	Rme2	True	VSQKISSRGGFSGNR	ISSR(di)GGFSGNR(di)GGR(di)GAFHSQNR	ProMetheusDB_mmc2	ProMetheusDB	METHYLATION	Arg methylation	Homo sapiens (Human)	Q69YN4:R1687	Q69YN4:R1687	True	external_methyl_table
Q69YN4	Q69YN4	Q69YN4	False	VIRMA	R	1694	R1694	di	Rme2	True	RGGFSGNRGGRGAFH	ISSR(di)GGFSGNR(di)GGR(di)GAFHSQNR	ProMetheusDB_mmc2	ProMetheusDB	METHYLATION	Arg methylation	Homo sapiens (Human)	Q69YN4:R1694	Q69YN4:R1694	True	external_methyl_table
Q69YN4	Q69YN4	Q69YN4	False	VIRMA	R	1697	R1697	di	Rme2	True	FSGNRGGRGAFHSQN	ISSR(di)GGFSGNR(di)GGR(di)GAFHSQNR	ProMetheusDB_mmc2	ProMetheusDB	METHYLATION	Arg methylation	Homo sapiens (Human)	Q69YN4:R1697	Q69YN4:R1697	True	external_methyl_table
Q69YN4	Q69YN4	Q69YN4	False	VIRMA	R	1773	R1773	di	Rme2	True	SPRDRASRGRGGLGP	ASR(di)GR(di)GGLGPSWASANSGSGGSR(me)GK(me)	ProMetheusDB_mmc2	ProMetheusDB	METHYLATION	Arg methylation	Homo sapiens (Human)	Q69YN4:R1773	Q69YN4:R1773	True	external_methyl_table
Q69YN4	Q69YN4	Q69YN4	False	VIRMA	R	1775	R1775	di	Rme2	True	RDRASRGRGGLGPSW	ASR(di)GR(di)GGLGPSWASANSGSGGSR(me)GK(me)	ProMetheusDB_mmc2	ProMetheusDB	METHYLATION	Arg methylation	Homo sapiens (Human)	Q69YN4:R1775	Q69YN4:R1775	True	external_methyl_table
Q69YN4	Q69YN4	Q69YN4	False	VIRMA	R	1793	R1793	me	Rme1	True	NSGSGGSRGKFVSGG	ASR(di)GR(di)GGLGPSWASANSGSGGSR(me)GK(me)	ProMetheusDB_mmc2	ProMetheusDB	METHYLATION	Arg methylation	Homo sapiens (Human)	Q69YN4:R1793	Q69YN4:R1793	True	external_methyl_table
P42768	P42768	P42768	False	WAS	R	364	R364	me	Rme1	True	RGPPPPGRGGPPPPP	GPPPPGR(me)GGPPPPPPPATGR	ProMetheusDB_mmc2	ProMetheusDB	METHYLATION	Arg methylation	Homo sapiens (Human)	P42768:R364	P42768:R364	True	external_methyl_table
O00401	O00401	O00401	False	WASL	R	307	R307	me	Rme1	True	PPPPARGRGAPPPPP	GR(me)GAPPPPPSR	ProMetheusDB_mmc2	ProMetheusDB	METHYLATION	Arg methylation	Homo sapiens (Human)	O00401:R307	O00401:R307	True	external_methyl_table
Q9H1Z4	Q9H1Z4	Q9H1Z4	False	WDR13	R	114	R114	me	Rme1	True	GHRRSVSRGSYQLQA	SVSR(me)GSYQLQAQMNR, SVSR(me)GSYQLQAQM(me)NR	ProMetheusDB_mmc2	ProMetheusDB	METHYLATION	Arg methylation	Homo sapiens (Human)	Q9H1Z4:R114	Q9H1Z4:R114	True	external_methyl_table
Q9C0J8	Q9C0J8	Q9C0J8	False	WDR33	R	915	R915	di	Rme2	True	PLLGDGPRAPFNQEG	TPLLGDGPR(di)APFNQEGQSTGPPPLIPGLGQQGAQGR	ProMetheusDB_mmc2	ProMetheusDB	METHYLATION	Arg methylation	Homo sapiens (Human)	Q9C0J8:R915	Q9C0J8:R915	True	external_methyl_table
Q9C0J8	Q9C0J8	Q9C0J8	False	WDR33	R	1035	R1035	me	Rme1	True	RLREFEGRGGPLPQE	LREFEGR(me)GGPLPQEEKWR, EFEGR(me)GGPLPQEEK, LREFEGR(me)GGPLPQEEK, EFEGR(me)GGPLPQEEKWR	ProMetheusDB_mmc2	ProMetheusDB	METHYLATION	Arg methylation	Homo sapiens (Human)	Q9C0J8:R1035	Q9C0J8:R1035	True	external_methyl_table
Q9C0J8	Q9C0J8	Q9C0J8	False	WDR33	R	1315	R1315	me	Rme1	True	RSGSNWGRGSNMNSG	SGSNWGR(me)GSNMNSGPPR, SGSNWGR(me), SGSNWGR(me)GSNMNSGPPR	ProMetheusDB_mmc2	ProMetheusDB	METHYLATION	Arg methylation	Homo sapiens (Human)	Q9C0J8:R1315	Q9C0J8:R1315	True	external_methyl_table
Q9C0J8	Q9C0J8	Q9C0J8	False	WDR33	R	1262	R1262	me	Rme1	True	EDRGGKGRGGPGPAQ	GR(me)GGPGPAQR, GGKGR(me)GGPGPAQR, GR(me)GGPGPAQRVPK	ProMetheusDB_mmc2	ProMetheusDB	METHYLATION	Arg methylation	Homo sapiens (Human)	Q9C0J8:R1262	Q9C0J8:R1262	True	external_methyl_table
Q9C0J8	Q9C0J8	Q9C0J8	False	WDR33	R	1067	R1067	me	Rme1	True	EFSEGDGRGAARGPP	EFSEGDGR(me)GAAR	ProMetheusDB_mmc2	ProMetheusDB	METHYLATION	Arg methylation	Homo sapiens (Human)	Q9C0J8:R1067	Q9C0J8:R1067	True	external_methyl_table
Q9C0J8	Q9C0J8	Q9C0J8	False	WDR33	R	16	R16	di	Rme2	True	PRFFHMPRFQHQAPR	FFHMPR(di)FQHQAPR, FFHMPR(di)FQHQAPR, FFHMPR(di)FQHQAPR, FFHM(me)PR(di)FQHQAPR	ProMetheusDB_mmc2	ProMetheusDB	METHYLATION	Arg methylation	Homo sapiens (Human)	Q9C0J8:R16	Q9C0J8:R16	True	external_methyl_table
Q9C0J8	Q9C0J8	Q9C0J8	False	WDR33	R	10	R10	me	Rme1	True	TEIGSPPRFFHMPRF	ATEIGSPPR(me)FFHMPR(me)	ProMetheusDB_mmc2	ProMetheusDB	METHYLATION	Arg methylation	Homo sapiens (Human)	Q9C0J8:R10	Q9C0J8:R10	True	external_methyl_table
Q9C0J8	Q9C0J8	Q9C0J8	False	WDR33	R	16	R16	me	Rme1	True	PRFFHMPRFQHQAPR	FFHMPR(me)FQHQAPR(me), ATEIGSPPR(me)FFHMPR(me)	ProMetheusDB_mmc2	ProMetheusDB	METHYLATION	Arg methylation	Homo sapiens (Human)	Q9C0J8:R16	Q9C0J8:R16	True	external_methyl_table
Q9C0J8	Q9C0J8	Q9C0J8	False	WDR33	R	1144	R1144	me	Rme1	True	DASEEAARGRDLRGR	DGFPGPEDFGPEENFDASEEAAR(me)GR, GRDGFPGPEDFGPEENFDASEEAAR(me)GR, DGFPGPEDFGPEENFDASEEAAR(me)GR(me), RGRDGFPGPEDFGPEENFDASEEAAR(me)G	ProMetheusDB_mmc2	ProMetheusDB	METHYLATION	Arg methylation	Homo sapiens (Human)	Q9C0J8:R1144	Q9C0J8:R1144	True	external_methyl_table
Q9C0J8	Q9C0J8	Q9C0J8	False	WDR33	R	1146	R1146	me	Rme1	True	SEEAARGRDLRGRGR	DGFPGPEDFGPEENFDASEEAAR(me)GR(me)	ProMetheusDB_mmc2	ProMetheusDB	METHYLATION	Arg methylation	Homo sapiens (Human)	Q9C0J8:R1146	Q9C0J8:R1146	True	external_methyl_table
Q9C0J8	Q9C0J8	Q9C0J8	False	WDR33	R	23	R23	me	Rme1	True	RFQHQAPRQLFYKRP	FFHMPR(me)FQHQAPR(me)	ProMetheusDB_mmc2	ProMetheusDB	METHYLATION	Arg methylation	Homo sapiens (Human)	Q9C0J8:R23	Q9C0J8:R23	True	external_methyl_table
Q9C0J8	Q9C0J8	Q9C0J8	False	WDR33	R	915	R915	me	Rme1	True	PLLGDGPRAPFNQEG	TPLLGDGPR(me)APFNQEGQSTGPPPLIPGLGQQGAQGR	ProMetheusDB_mmc2	ProMetheusDB	METHYLATION	Arg methylation	Homo sapiens (Human)	Q9C0J8:R915	Q9C0J8:R915	True	external_methyl_table
Q9C0J8	Q9C0J8	Q9C0J8	False	WDR33	R	1305	R1305	me	Rme1	True	PGSGTPSRGGRSGSN	SSSLDGEHHDGYHRDEPFGGPPGSGTPSR(me)GGR(me), DEPFGGPPGSGTPSR(me)GGR(me)	ProMetheusDB_mmc2	ProMetheusDB	METHYLATION	Arg methylation	Homo sapiens (Human)	Q9C0J8:R1305	Q9C0J8:R1305	True	external_methyl_table
Q9C0J8	Q9C0J8	Q9C0J8	False	WDR33	R	1308	R1308	me	Rme1	True	GTPSRGGRSGSNWGR	SSSLDGEHHDGYHRDEPFGGPPGSGTPSR(me)GGR(me), DEPFGGPPGSGTPSR(me)GGR(me)	ProMetheusDB_mmc2	ProMetheusDB	METHYLATION	Arg methylation	Homo sapiens (Human)	Q9C0J8:R1308	Q9C0J8:R1308	True	external_methyl_table
Q9C0J8	Q9C0J8	Q9C0J8	False	WDR33	R	1315	R1315	di	Rme2	True	RSGSNWGRGSNMNSG	SGSNWGR(di)GSNM(me)NSGPPR, SGSNWGR(di)GSNMNSGPPR, SGSNWGR(di)GSNMNSGPPR	ProMetheusDB_mmc2	ProMetheusDB	METHYLATION	Arg methylation	Homo sapiens (Human)	Q9C0J8:R1315	Q9C0J8:R1315	True	external_methyl_table
Q9C0J8	Q9C0J8	Q9C0J8	False	WDR33	R	1047	R1047	me	Rme1	True	PQEEKWRRGGPGPPF	R(me)GGPGPPFPPDHR	ProMetheusDB_mmc2	ProMetheusDB	METHYLATION	Arg methylation	Homo sapiens (Human)	Q9C0J8:R1047	Q9C0J8:R1047	True	external_methyl_table
Q9C0J8	Q9C0J8	Q9C0J8	False	WDR33	R	1305	R1305	di	Rme2	True	PGSGTPSRGGRSGSN	DEPFGGPPGSGTPSR(di)GGR	ProMetheusDB_mmc2	ProMetheusDB	METHYLATION	Arg methylation	Homo sapiens (Human)	Q9C0J8:R1305	Q9C0J8:R1305	True	external_methyl_table
Q9C0J8	Q9C0J8	Q9C0J8	False	WDR33	R	1262	R1262	di	Rme2	True	EDRGGKGRGGPGPAQ	GR(di)GGPGPAQR	ProMetheusDB_mmc2	ProMetheusDB	METHYLATION	Arg methylation	Homo sapiens (Human)	Q9C0J8:R1262	Q9C0J8:R1262	True	external_methyl_table
Q8NI36	Q8NI36	Q8NI36	False	WDR36	R	800	R800	me	Rme1	True	TIPGLVPRYAAPEQN	SAPFFIPTIPGLVPR(me)	ProMetheusDB_mmc2	ProMetheusDB	METHYLATION	Arg methylation	Homo sapiens (Human)	Q8NI36:R800	Q8NI36:R800	True	external_methyl_table
Q15061	Q15061	Q15061	False	WDR43	R	441	R441	me	Rme1	True	NEVSIEERLGAMDID	SGGNEVSIEER(me)	ProMetheusDB_mmc2	ProMetheusDB	METHYLATION	Arg methylation	Homo sapiens (Human)	Q15061:R441	Q15061:R441	True	external_methyl_table
Q9NW82	Q9NW82	Q9NW82	False	WDR70	R	573	R573	me	Rme1	True	PPVAGPGRGGRVGTH	SHKPEPPVAGPGR(me)GGR(me), KPEPPVAGPGR(me)GG, SHKPEPPVAGPGR(me)GGR	ProMetheusDB_mmc2	ProMetheusDB	METHYLATION	Arg methylation	Homo sapiens (Human)	Q9NW82:R573	Q9NW82:R573	True	external_methyl_table
Q9NW82	Q9NW82	Q9NW82	False	WDR70	R	576	R576	me	Rme1	True	AGPGRGGRVGTHGGT	SHKPEPPVAGPGR(me)GGR(me)	ProMetheusDB_mmc2	ProMetheusDB	METHYLATION	Arg methylation	Homo sapiens (Human)	Q9NW82:R576	Q9NW82:R576	True	external_methyl_table
Q9NW82	Q9NW82	Q9NW82	False	WDR70	R	573	R573	di	Rme2	True	PPVAGPGRGGRVGTH	SHKPEPPVAGPGR(di)GGR	ProMetheusDB_mmc2	ProMetheusDB	METHYLATION	Arg methylation	Homo sapiens (Human)	Q9NW82:R573	Q9NW82:R573	True	external_methyl_table
O43516	O43516	O43516	False	WIPF1	R	33	R33	di	Rme2	True	NKTEQAGRNALLSDI	KTEQAGR(di)NALLSDIS, TEQAGR(di)NALLSDISK	ProMetheusDB_mmc2	ProMetheusDB	METHYLATION	Arg methylation	Homo sapiens (Human)	O43516:R33	O43516:R33	True	external_methyl_table
O43516	O43516	O43516	False	WIPF1	R	33	R33	me	Rme1	True	NKTEQAGRNALLSDI	TEQAGR(me)NALLSDISK	ProMetheusDB_mmc2	ProMetheusDB	METHYLATION	Arg methylation	Homo sapiens (Human)	O43516:R33	O43516:R33	True	external_methyl_table
O43516	O43516	O43516	False	WIPF1	R	125	R125	me	Rme1	True	DNDSGGSRPPLLPPG	DNDSGGSR(me)PPLLPPGGR	ProMetheusDB_mmc2	ProMetheusDB	METHYLATION	Arg methylation	Homo sapiens (Human)	O43516:R125	O43516:R125	True	external_methyl_table
O43516	O43516	O43516	False	WIPF1	R	493	R493	me	Rme1	True	SGSNRRERGAPPLPP	ER(me)GAPPLPPIPR	ProMetheusDB_mmc2	ProMetheusDB	METHYLATION	Arg methylation	Homo sapiens (Human)	O43516:R493	O43516:R493	True	external_methyl_table
O43516	O43516	O43516	False	WIPF1	R	211	R211	di	Rme2	True	PPVPGGPRQPSPGPT	GSPPVPGGPR(di)QPSPGPTPPPFPGNR	ProMetheusDB_mmc2	ProMetheusDB	METHYLATION	Arg methylation	Homo sapiens (Human)	O43516:R211	O43516:R211	True	external_methyl_table
O43516	O43516	O43516	False	WIPF1	R	134	R134	me	Rme1	True	PLLPPGGRSTSAKPF	DNDSGGSRPPLLPPGGR(me)	ProMetheusDB_mmc2	ProMetheusDB	METHYLATION	Arg methylation	Homo sapiens (Human)	O43516:R134	O43516:R134	True	external_methyl_table
O43516	O43516	O43516	False	WIPF1	R	415	R415	me	Rme1	True	DSPRSGPRPPLPPDR	SGPR(me)PPLPPDRPSAGAPPPPPPSTSIR	ProMetheusDB_mmc2	ProMetheusDB	METHYLATION	Arg methylation	Homo sapiens (Human)	O43516:R415	O43516:R415	True	external_methyl_table
Q8TF74	Q8TF74	Q8TF74	False	WIPF2	R	37	R37	di	Rme2	True	SRDEQRGRGALLQDI	GR(di)GALLQDICK	ProMetheusDB_mmc2	ProMetheusDB	METHYLATION	Arg methylation	Homo sapiens (Human)	Q8TF74:R37	Q8TF74:R37	True	external_methyl_table
O95785	O95785	O95785	False	WIZ	R	1453	R1453	me	Rme1	True	PQKVGAYRSYIQGGR	VGAYR(me)SYIQGGRPFTK	ProMetheusDB_mmc2	ProMetheusDB	METHYLATION	Arg methylation	Homo sapiens (Human)	O95785:R1453	O95785:R1453	True	external_methyl_table
Q9H0D6	Q9H0D6	Q9H0D6	False	XRN2	R	895	R895	me	Rme1	True	EPLLPWNRMLQTQNA	GVGAEPLLPWNR(me)	ProMetheusDB_mmc2	ProMetheusDB	METHYLATION	Arg methylation	Homo sapiens (Human)	Q9H0D6:R895	Q9H0D6:R895	True	external_methyl_table
Q9H0D6	Q9H0D6	Q9H0D6	False	XRN2	R	946	R946	me	Rme1	True	PLPPPSGRYNWN___	KYPLPPPSGR(me)YNWN	ProMetheusDB_mmc2	ProMetheusDB	METHYLATION	Arg methylation	Homo sapiens (Human)	Q9H0D6:R946	Q9H0D6:R946	True	external_methyl_table
Q9H0D6	Q9H0D6	Q9H0D6	False	XRN2	R	883	R883	me	Rme1	True	FQQQRFDRGVGAEPL	FDR(me)GVGAEPLLPWNR	ProMetheusDB_mmc2	ProMetheusDB	METHYLATION	Arg methylation	Homo sapiens (Human)	Q9H0D6:R883	Q9H0D6:R883	True	external_methyl_table
Q9H0D6	Q9H0D6	Q9H0D6	False	XRN2	R	946	R946	di	Rme2	True	PLPPPSGRYNWN___	KYPLPPPSGR(di)YNWN, YPLPPPSGR(di)YNWN	ProMetheusDB_mmc2	ProMetheusDB	METHYLATION	Arg methylation	Homo sapiens (Human)	Q9H0D6:R946	Q9H0D6:R946	True	external_methyl_table
Q9H0D6	Q9H0D6	Q9H0D6	False	XRN2	R	816	R816	me	Rme1	True	HLDQAAFRTLGHVMP	RPVHLDQAAFR(me)	ProMetheusDB_mmc2	ProMetheusDB	METHYLATION	Arg methylation	Homo sapiens (Human)	Q9H0D6:R816	Q9H0D6:R816	True	external_methyl_table
Q9H0D6	Q9H0D6	Q9H0D6	False	XRN2	R	847	R847	di	Rme2	True	TYQGNLYRPLLRGQA	GSGTGIYSNAAPPPVTYQGNLYR(di)PLLR	ProMetheusDB_mmc2	ProMetheusDB	METHYLATION	Arg methylation	Homo sapiens (Human)	Q9H0D6:R847	Q9H0D6:R847	True	external_methyl_table
Q9H0D6	Q9H0D6	Q9H0D6	False	XRN2	R	824	R824	me	Rme1	True	TLGHVMPRGSGTGIY	TLGHVMPR(me), TLGHVM(me)PR(me)	ProMetheusDB_mmc2	ProMetheusDB	METHYLATION	Arg methylation	Homo sapiens (Human)	Q9H0D6:R824	Q9H0D6:R824	True	external_methyl_table
Q9H0D6	Q9H0D6	Q9H0D6	False	XRN2	R	870	R870	di	Rme2	True	MRPQDSWRGPPPLFQ	LMSNMRPQDSWR(di)GPPPLFQQQR	ProMetheusDB_mmc2	ProMetheusDB	METHYLATION	Arg methylation	Homo sapiens (Human)	Q9H0D6:R870	Q9H0D6:R870	True	external_methyl_table
P67809	P67809	P67809	False	YBX1	R	199	R199	me	Rme1	True	RFPPYYMRRPYGRRP	RFPPYYM(me)R(me), RFPPYYMR(me), RFPPYYMR(me), RFPPYYMR(me)	ProMetheusDB_mmc2	ProMetheusDB	METHYLATION	Arg methylation	Homo sapiens (Human)	P67809:R199	P67809:R199	True	external_methyl_table
P67809	P67809	P67809	False	YBX1	R	239	R239	me	Rme1	True	PVRQNMYRGYRPRFR	QNMYR(me)GYRPR, QNMYR(me)GYRPR, QNM(me)YR(me)GYRPR	ProMetheusDB_mmc2	ProMetheusDB	METHYLATION	Arg methylation	Homo sapiens (Human)	P67809:R239	P67809:R239	True	external_methyl_table
P16989	P16989	P16989	False	YBX3	R	326	R326	me	Rme1	True	GPNQPSVRRGYRRPY	PAPAVGEAEDKENQQATSGPNQPSVR(me)R(me)GYR(me), PAPAVGEAEDKENQQATSGPNQPSVR(me)	ProMetheusDB_mmc2	ProMetheusDB	METHYLATION	Arg methylation	Homo sapiens (Human)	P16989:R326	P16989:R326	True	external_methyl_table
P16989	P16989	P16989	False	YBX3	R	327	R327	me	Rme1	True	PNQPSVRRGYRRPYN	PAPAVGEAEDKENQQATSGPNQPSVR(me)R(me)GYR(me)	ProMetheusDB_mmc2	ProMetheusDB	METHYLATION	Arg methylation	Homo sapiens (Human)	P16989:R327	P16989:R327	True	external_methyl_table
P16989	P16989	P16989	False	YBX3	R	330	R330	me	Rme1	True	PSVRRGYRRPYNYRR	PAPAVGEAEDKENQQATSGPNQPSVR(me)R(me)GYR(me)	ProMetheusDB_mmc2	ProMetheusDB	METHYLATION	Arg methylation	Homo sapiens (Human)	P16989:R330	P16989:R330	True	external_methyl_table
P16989	P16989	P16989	False	YBX3	R	251	R251	me	Rme1	True	QTFDRRSRVLPHPNR	SR(me)VLPHPNR	ProMetheusDB_mmc2	ProMetheusDB	METHYLATION	Arg methylation	Homo sapiens (Human)	P16989:R251	P16989:R251	True	external_methyl_table
P16989	P16989	P16989	False	YBX3	R	288	R288	di	Rme2	True	VHRNPTYRPRYRSRG	NPTYR(di)PR(me), NPTYR(di)PR(di)YR	ProMetheusDB_mmc2	ProMetheusDB	METHYLATION	Arg methylation	Homo sapiens (Human)	P16989:R288	P16989:R288	True	external_methyl_table
P16989	P16989	P16989	False	YBX3	R	290	R290	di	Rme2	True	RNPTYRPRYRSRGPP	NPTYR(di)PR(di)YR	ProMetheusDB_mmc2	ProMetheusDB	METHYLATION	Arg methylation	Homo sapiens (Human)	P16989:R290	P16989:R290	True	external_methyl_table
P16989	P16989	P16989	False	YBX3	R	294	R294	me	Rme1	True	YRPRYRSRGPPRPRP	SR(me)GPPRPR	ProMetheusDB_mmc2	ProMetheusDB	METHYLATION	Arg methylation	Homo sapiens (Human)	P16989:R294	P16989:R294	True	external_methyl_table
P16989	P16989	P16989	False	YBX3	R	294	R294	di	Rme2	True	YRPRYRSRGPPRPRP	SR(di)GPPRPR	ProMetheusDB_mmc2	ProMetheusDB	METHYLATION	Arg methylation	Homo sapiens (Human)	P16989:R294	P16989:R294	True	external_methyl_table
P16989	P16989	P16989	False	YBX3	R	290	R290	me	Rme1	True	RNPTYRPRYRSRGPP	NPTYR(di)PR(me)	ProMetheusDB_mmc2	ProMetheusDB	METHYLATION	Arg methylation	Homo sapiens (Human)	P16989:R290	P16989:R290	True	external_methyl_table
P49750	P49750	P49750	False	YLPM1	R	831	R831	me	Rme1	True	PSTSLSPRQSGPQWK	GPASQFYITPSTSLSPR(me)	ProMetheusDB_mmc2	ProMetheusDB	METHYLATION	Arg methylation	Homo sapiens (Human)	P49750:R831	P49750:R831	True	external_methyl_table
P49750	P49750	P49750	False	YLPM1	R	1758	R1758	me	Rme1	True	KDHSSSRRGGFDRPS	R(me)GGFDRPSYDR, R(me)GGFDRPSYDRK	ProMetheusDB_mmc2	ProMetheusDB	METHYLATION	Arg methylation	Homo sapiens (Human)	P49750:R1758	P49750:R1758	True	external_methyl_table
P49750	P49750	P49750	False	YLPM1	R	761	R761	di	Rme2	True	LESPRGPRFDGPRRF	GPR(di)FDGPR, SSYLESPR(di)GPR(di)FDGPR, RSSYLESPR(di)GPR(di)FDGPR, SSYLESPR(me)GPR(di)FDGPR	ProMetheusDB_mmc2	ProMetheusDB	METHYLATION	Arg methylation	Homo sapiens (Human)	P49750:R761	P49750:R761	True	external_methyl_table
P49750	P49750	P49750	False	YLPM1	R	761	R761	me	Rme1	True	LESPRGPRFDGPRRF	SGGLLPDPPR(me)SSYLESPR(me)GPR(me)FDGPR(me), SSYLESPR(di)GPR(me)FDGPR, GPR(me)FDGPR	ProMetheusDB_mmc2	ProMetheusDB	METHYLATION	Arg methylation	Homo sapiens (Human)	P49750:R761	P49750:R761	True	external_methyl_table
P49750	P49750	P49750	False	YLPM1	R	758	R758	me	Rme1	True	SSYLESPRGPRFDGP	SGGLLPDPPR(me)SSYLESPR(me)GPR(me)FDGPR(me), SSYLESPR(me)GPR(di)FDGPR	ProMetheusDB_mmc2	ProMetheusDB	METHYLATION	Arg methylation	Homo sapiens (Human)	P49750:R758	P49750:R758	True	external_methyl_table
P49750	P49750	P49750	False	YLPM1	R	758	R758	di	Rme2	True	SSYLESPRGPRFDGP	RSSYLESPR(di)GPR(di)FDGPR, SSYLESPR(di)GPR(me)FDGPR, SSYLESPR(di)GPR(di)FDGPR	ProMetheusDB_mmc2	ProMetheusDB	METHYLATION	Arg methylation	Homo sapiens (Human)	P49750:R758	P49750:R758	True	external_methyl_table
P49750	P49750	P49750	False	YLPM1	R	794	R794	di	Rme2	True	GNRPDGPRPRYEGHP	GPR(di)FEGNR(di)PDGPR(di)PR, GPR(di)FEGNRPDGPR(di)PR, FEGNRPDGPR(di)PR(di)YEGHPAEGTK	ProMetheusDB_mmc2	ProMetheusDB	METHYLATION	Arg methylation	Homo sapiens (Human)	P49750:R794	P49750:R794	True	external_methyl_table
P49750	P49750	P49750	False	YLPM1	R	796	R796	di	Rme2	True	RPDGPRPRYEGHPAE	FEGNRPDGPR(di)PR(di)YEGHPAEGTK	ProMetheusDB_mmc2	ProMetheusDB	METHYLATION	Arg methylation	Homo sapiens (Human)	P49750:R796	P49750:R796	True	external_methyl_table
P49750	P49750	P49750	False	YLPM1	R	784	R784	di	Rme2	True	GPRPKGPRFEGNRPD	GPR(di)FEGNRPDGPR(di)PR, GPR(di)FEGNR(di)PDGPR(di)PR, GPR(di)FEGNRPDGPR(me)PR(me)	ProMetheusDB_mmc2	ProMetheusDB	METHYLATION	Arg methylation	Homo sapiens (Human)	P49750:R784	P49750:R784	True	external_methyl_table
P49750	P49750	P49750	False	YLPM1	R	750	R750	me	Rme1	True	GLLPDPPRSSYLESP	SGGLLPDPPR(me)SSYLESPR(me)GPR(me)FDGPR(me)	ProMetheusDB_mmc2	ProMetheusDB	METHYLATION	Arg methylation	Homo sapiens (Human)	P49750:R750	P49750:R750	True	external_methyl_table
P49750	P49750	P49750	False	YLPM1	R	766	R766	me	Rme1	True	GPRFDGPRRFEDLGS	SGGLLPDPPR(me)SSYLESPR(me)GPR(me)FDGPR(me)	ProMetheusDB_mmc2	ProMetheusDB	METHYLATION	Arg methylation	Homo sapiens (Human)	P49750:R766	P49750:R766	True	external_methyl_table
P49750	P49750	P49750	False	YLPM1	R	831	R831	di	Rme2	True	PSTSLSPRQSGPQWK	GPASQFYITPSTSLSPR(di)QSGPQWK	ProMetheusDB_mmc2	ProMetheusDB	METHYLATION	Arg methylation	Homo sapiens (Human)	P49750:R831	P49750:R831	True	external_methyl_table
P49750	P49750	P49750	False	YLPM1	R	1758	R1758	di	Rme2	True	KDHSSSRRGGFDRPS	R(di)GGFDRPSYDR	ProMetheusDB_mmc2	ProMetheusDB	METHYLATION	Arg methylation	Homo sapiens (Human)	P49750:R1758	P49750:R1758	True	external_methyl_table
P49750	P49750	P49750	False	YLPM1	R	794	R794	me	Rme1	True	GNRPDGPRPRYEGHP	GPR(me)FEGNRPDGPR(me)PR, GPR(di)FEGNRPDGPR(me)PR(me)	ProMetheusDB_mmc2	ProMetheusDB	METHYLATION	Arg methylation	Homo sapiens (Human)	P49750:R794	P49750:R794	True	external_methyl_table
P49750	P49750	P49750	False	YLPM1	R	796	R796	me	Rme1	True	RPDGPRPRYEGHPAE	GPR(di)FEGNRPDGPR(me)PR(me)	ProMetheusDB_mmc2	ProMetheusDB	METHYLATION	Arg methylation	Homo sapiens (Human)	P49750:R796	P49750:R796	True	external_methyl_table
P49750	P49750	P49750	False	YLPM1	R	1041	R1041	di	Rme2	True	KGLVNRGRGQAISRG	GR(di)GQAISR(me)GPGLVK, GR(di)GQAISR	ProMetheusDB_mmc2	ProMetheusDB	METHYLATION	Arg methylation	Homo sapiens (Human)	P49750:R1041	P49750:R1041	True	external_methyl_table
P49750	P49750	P49750	False	YLPM1	R	1047	R1047	me	Rme1	True	GRGQAISRGPGLVKQ	GR(di)GQAISR(me)GPGLVK	ProMetheusDB_mmc2	ProMetheusDB	METHYLATION	Arg methylation	Homo sapiens (Human)	P49750:R1047	P49750:R1047	True	external_methyl_table
P49750	P49750	P49750	False	YLPM1	R	789	R789	di	Rme2	True	GPRFEGNRPDGPRPR	GPR(di)FEGNR(di)PDGPR(di)PR	ProMetheusDB_mmc2	ProMetheusDB	METHYLATION	Arg methylation	Homo sapiens (Human)	P49750:R789	P49750:R789	True	external_methyl_table
P49750	P49750	P49750	False	YLPM1	R	1527	R1527	me	Rme1	True	KPPGSIVRPSAPPAR	PGMYPPPGSYRPPPPMGKPPGSIVR(me)PSAPPAR(me)	ProMetheusDB_mmc2	ProMetheusDB	METHYLATION	Arg methylation	Homo sapiens (Human)	P49750:R1527	P49750:R1527	True	external_methyl_table
P49750	P49750	P49750	False	YLPM1	R	1534	R1534	me	Rme1	True	RPSAPPARSSVPVTR	PGMYPPPGSYRPPPPMGKPPGSIVR(me)PSAPPAR(me)	ProMetheusDB_mmc2	ProMetheusDB	METHYLATION	Arg methylation	Homo sapiens (Human)	P49750:R1534	P49750:R1534	True	external_methyl_table
P49750	P49750	P49750	False	YLPM1	R	1527	R1527	di	Rme2	True	KPPGSIVRPSAPPAR	PPGSIVR(di)PSAPPAR	ProMetheusDB_mmc2	ProMetheusDB	METHYLATION	Arg methylation	Homo sapiens (Human)	P49750:R1527	P49750:R1527	True	external_methyl_table
P49750	P49750	P49750	False	YLPM1	R	784	R784	me	Rme1	True	GPRPKGPRFEGNRPD	GPR(me)FEGNRPDGPR(me)PR	ProMetheusDB_mmc2	ProMetheusDB	METHYLATION	Arg methylation	Homo sapiens (Human)	P49750:R784	P49750:R784	True	external_methyl_table
Q96DT7	Q96DT7	Q96DT7	False	ZBTB10	R	126	R126	me	Rme1	True	NRRTLAFRGGGGGGL	TLAFR(me)GGGGGGLGNNGSSR	ProMetheusDB_mmc2	ProMetheusDB	METHYLATION	Arg methylation	Homo sapiens (Human)	Q96DT7:R126	Q96DT7:R126	True	external_methyl_table
Q5T200	Q5T200	Q5T200	False	ZC3H13	R	1377	R1377	di	Rme2	True	DRDRDRDRTFESSQI	DR(di)TFESSQIESVK(me)RCEAK	ProMetheusDB_mmc2	ProMetheusDB	METHYLATION	Arg methylation	Homo sapiens (Human)	Q5T200:R1377	Q5T200:R1377	True	external_methyl_table
Q9UPT8	Q9UPT8	Q9UPT8	False	ZC3H4	R	589	R589	me	Rme1	True	SLFEIVVRPTGQLAE	IPSLFEIVVR(me)PTGQLAEK	ProMetheusDB_mmc2	ProMetheusDB	METHYLATION	Arg methylation	Homo sapiens (Human)	Q9UPT8:R589	Q9UPT8:R589	True	external_methyl_table
Q7Z2W4	Q7Z2W4	Q7Z2W4	False	ZC3HAV1	R	179	R179	me	Rme1	True	HICDHFTRGNCRFPN	LHICDHFTR(me)GNCR	ProMetheusDB_mmc2	ProMetheusDB	METHYLATION	Arg methylation	Homo sapiens (Human)	Q7Z2W4:R179	Q7Z2W4:R179	True	external_methyl_table
O76080	O76080	O76080	False	ZFAND5	R	169	R169	di	Rme2	True	GLTGFDCRCGNLFCG	R(di)CGNLFCGLH	ProMetheusDB_mmc2	ProMetheusDB	METHYLATION	Arg methylation	Homo sapiens (Human)	O76080:R169	O76080:R169	True	external_methyl_table
O60293	O60293	O60293	False	ZFC3H1	R	95	R95	di	Rme2	True	RSRHASERGHLRGPS	HASER(di)GHLR(me)GPSSYRPK, HASER(di)GHLR, SRHASER(di)GHLR	ProMetheusDB_mmc2	ProMetheusDB	METHYLATION	Arg methylation	Homo sapiens (Human)	O60293:R95	O60293:R95	True	external_methyl_table
O60293	O60293	O60293	False	ZFC3H1	R	99	R99	me	Rme1	True	ASERGHLRGPSSYRP	HASER(di)GHLR(me)GPSSYRPK	ProMetheusDB_mmc2	ProMetheusDB	METHYLATION	Arg methylation	Homo sapiens (Human)	O60293:R99	O60293:R99	True	external_methyl_table
Q8N5A5	Q8N5A5	Q8N5A5	False	ZGPAT	R	370	R370	me	Rme1	True	IHAVVLPRGKSLDQC	RVEPIHAVVLPR(me)G	ProMetheusDB_mmc2	ProMetheusDB	METHYLATION	Arg methylation	Homo sapiens (Human)	Q8N5A5:R370	Q8N5A5:R370	True	external_methyl_table
Q8NF64	Q8NF64	Q8NF64	False	ZMIZ2	R	262	R262	me	Rme1	True	PQAQPLPRQGVKRTY	LPQHGYPGPPQAQPLPR(me)QGVK(me)	ProMetheusDB_mmc2	ProMetheusDB	METHYLATION	Arg methylation	Homo sapiens (Human)	Q8NF64:R262	Q8NF64:R262	True	external_methyl_table
Q5VZL5	Q5VZL5	Q5VZL5	False	ZMYM4	R	680	R680	me	Rme1	True	SQHVGFARSVVKLKC	LAAQSQHVGFAR(me)	ProMetheusDB_mmc2	ProMetheusDB	METHYLATION	Arg methylation	Homo sapiens (Human)	Q5VZL5:R680	Q5VZL5:R680	True	external_methyl_table
O15231	O15231	O15231	False	ZNF185	R	295	R295	me	Rme1	True	LTPRAGLRLVAPDVE	AGLR(me)LVAPDVEGMR, AGLR(me)LVAPDVEGM(me)R, AGLR(me)LVAPDVEGMR	ProMetheusDB_mmc2	ProMetheusDB	METHYLATION	Arg methylation	Homo sapiens (Human)	O15231:R295	O15231:R295	True	external_methyl_table
Q5BKZ1	Q5BKZ1	Q5BKZ1	False	ZNF326	R	235	R235	me	Rme1	True	NVTVAAARGIKRKMM	STNVTVAAAR(me)GIK(me), STNVTVAAAR(me), STNVTVAAAR(me)GIK	ProMetheusDB_mmc2	ProMetheusDB	METHYLATION	Arg methylation	Homo sapiens (Human)	Q5BKZ1:R235	Q5BKZ1:R235	True	external_methyl_table
Q5BKZ1	Q5BKZ1	Q5BKZ1	False	ZNF326	R	175	R175	di	Rme2	True	APVGSRGRGTPAYPE	GR(di)GTPAYPESTFGSR, PAPVGSR(di)GR(di)GTPAYPESTFGSR	ProMetheusDB_mmc2	ProMetheusDB	METHYLATION	Arg methylation	Homo sapiens (Human)	Q5BKZ1:R175	Q5BKZ1:R175	True	external_methyl_table
Q5BKZ1	Q5BKZ1	Q5BKZ1	False	ZNF326	R	175	R175	me	Rme1	True	APVGSRGRGTPAYPE	GR(me)GTPAYPESTFGSR	ProMetheusDB_mmc2	ProMetheusDB	METHYLATION	Arg methylation	Homo sapiens (Human)	Q5BKZ1:R175	Q5BKZ1:R175	True	external_methyl_table
Q5BKZ1	Q5BKZ1	Q5BKZ1	False	ZNF326	R	200	R200	me	Rme1	True	FGGPSTGRGRGRGHM	NYDAFGGPSTGR(me)GR(me)GR(me), NYDAFGGPSTGR(me)	ProMetheusDB_mmc2	ProMetheusDB	METHYLATION	Arg methylation	Homo sapiens (Human)	Q5BKZ1:R200	Q5BKZ1:R200	True	external_methyl_table
Q5BKZ1	Q5BKZ1	Q5BKZ1	False	ZNF326	R	173	R173	me	Rme1	True	KPAPVGSRGRGTPAY	ENYSSYSSFSSPHMKPAPVGSR(me), ENYSSYSSFSSPHMKPAPVGSR(me), GRENYSSYSSFSSPHMKPAPVGSR(me)	ProMetheusDB_mmc2	ProMetheusDB	METHYLATION	Arg methylation	Homo sapiens (Human)	Q5BKZ1:R173	Q5BKZ1:R173	True	external_methyl_table
Q5BKZ1	Q5BKZ1	Q5BKZ1	False	ZNF326	R	173	R173	di	Rme2	True	KPAPVGSRGRGTPAY	PAPVGSR(di)GR(di)GTPAYPESTFGSR	ProMetheusDB_mmc2	ProMetheusDB	METHYLATION	Arg methylation	Homo sapiens (Human)	Q5BKZ1:R173	Q5BKZ1:R173	True	external_methyl_table
Q5BKZ1	Q5BKZ1	Q5BKZ1	False	ZNF326	R	235	R235	di	Rme2	True	NVTVAAARGIKRKMM	STNVTVAAAR(di)GIK	ProMetheusDB_mmc2	ProMetheusDB	METHYLATION	Arg methylation	Homo sapiens (Human)	Q5BKZ1:R235	Q5BKZ1:R235	True	external_methyl_table
Q5BKZ1	Q5BKZ1	Q5BKZ1	False	ZNF326	R	202	R202	me	Rme1	True	GPSTGRGRGRGHMGD	NYDAFGGPSTGR(me)GR(me)GR(me)	ProMetheusDB_mmc2	ProMetheusDB	METHYLATION	Arg methylation	Homo sapiens (Human)	Q5BKZ1:R202	Q5BKZ1:R202	True	external_methyl_table
Q5BKZ1	Q5BKZ1	Q5BKZ1	False	ZNF326	R	204	R204	me	Rme1	True	STGRGRGRGHMGDFG	R(me)GHMGDFGSIH, R(me)GHMGDFGSIH, NYDAFGGPSTGR(me)GR(me)GR(me), R(me)GHM(me)GDFGSIH	ProMetheusDB_mmc2	ProMetheusDB	METHYLATION	Arg methylation	Homo sapiens (Human)	Q5BKZ1:R204	Q5BKZ1:R204	True	external_methyl_table
O60765	O60765	O60765	False	ZNF354A	R	230	R230	me	Rme1	True	FINTSSLRKHEKNHS	R(me)K(me)HEK(me)NHSGEK(me)LF	ProMetheusDB_mmc2	ProMetheusDB	METHYLATION	Arg methylation	Homo sapiens (Human)	O60765:R230	O60765:R230	True	external_methyl_table
Q9C0G0	Q9C0G0	Q9C0G0	False	ZNF407	R	277	R277	me	Rme1	True	RRQNLAARGGFVQIL	RQNLAAR(me)GGFVQILTK	ProMetheusDB_mmc2	ProMetheusDB	METHYLATION	Arg methylation	Homo sapiens (Human)	Q9C0G0:R277	Q9C0G0:R277	True	external_methyl_table
Q9Y4E5	Q9Y4E5	Q9Y4E5	False	ZNF451	R	158	R158	me	Rme1	True	GTKSSFRRGGHTWVS	R(me)GGHTWVSGKPILCPIM(me)HCNK, R(me)GGHTWVSGKPILCPIMHCNK, R(me)GGHTWVSGKPILCPIMHCNK	ProMetheusDB_mmc2	ProMetheusDB	METHYLATION	Arg methylation	Homo sapiens (Human)	Q9Y4E5:R158	Q9Y4E5:R158	True	external_methyl_table
Q92618	Q92618	Q92618	False	ZNF516	R	1086	R1086	me	Rme1	True	SGPGLEHRGTLRTQA	DFATLYQGWGVSGPGLEHR(me)GTLR(me)	ProMetheusDB_mmc2	ProMetheusDB	METHYLATION	Arg methylation	Homo sapiens (Human)	Q92618:R1086	Q92618:R1086	True	external_methyl_table
Q92618	Q92618	Q92618	False	ZNF516	R	1090	R1090	me	Rme1	True	LEHRGTLRTQARPGE	DFATLYQGWGVSGPGLEHR(me)GTLR(me)	ProMetheusDB_mmc2	ProMetheusDB	METHYLATION	Arg methylation	Homo sapiens (Human)	Q92618:R1090	Q92618:R1090	True	external_methyl_table
Q8NAF0	Q8NAF0	Q8NAF0	False	ZNF579	R	92	R92	me	Rme1	True	AHLSRHLRGHGPQPP	HLR(me)GHGPQPPLR	ProMetheusDB_mmc2	ProMetheusDB	METHYLATION	Arg methylation	Homo sapiens (Human)	Q8NAF0:R92	Q8NAF0:R92	True	external_methyl_table
Q86UK7	Q86UK7	Q86UK7	False	ZNF598	R	745	R745	di	Rme2	True	PRLLPAPRAYLVPEN	LLPAPR(di)AYLVPENFR	ProMetheusDB_mmc2	ProMetheusDB	METHYLATION	Arg methylation	Homo sapiens (Human)	Q86UK7:R745	Q86UK7:R745	True	external_methyl_table
Q14966	Q14966	Q14966	False	ZNF638	R	54	R54	di	Rme2	True	RARGIPHRFAGHESY	GIPHR(di)FAGHESYQNMGPQR	ProMetheusDB_mmc2	ProMetheusDB	METHYLATION	Arg methylation	Homo sapiens (Human)	Q14966:R54	Q14966:R54	True	external_methyl_table
Q14966	Q14966	Q14966	False	ZNF638	R	1465	R1465	me	Rme1	True	PTQSSLTRGGSGRIS	FKPTQSSLTR(me)GGSGR	ProMetheusDB_mmc2	ProMetheusDB	METHYLATION	Arg methylation	Homo sapiens (Human)	Q14966:R1465	Q14966:R1465	True	external_methyl_table
Q9BU19	Q9BU19	Q9BU19	False	ZNF692	R	44	R44	me	Rme1	True	QWCLLKERLGFSLHS	ER(me)LGFSLHSQLAKFLLDR	ProMetheusDB_mmc2	ProMetheusDB	METHYLATION	Arg methylation	Homo sapiens (Human)	Q9BU19:R44	Q9BU19:R44	True	external_methyl_table
Q16587-5	Q16587-5	Q16587	True	ZNF74	R	164	R164	di	Rme2	True	LRPATRSRGGTLAGH	SR(di)GGTLAGHTQERPGH	ProMetheusDB_mmc2	ProMetheusDB	METHYLATION	Arg methylation	Homo sapiens (Human)	Q16587-5:R164	Q16587:R164	True	external_methyl_table
Q16587-5	Q16587-5	Q16587	True	ZNF74	R	164	R164	me	Rme1	True	LRPATRSRGGTLAGH	SR(me)GGTLAGHTQERPGH	ProMetheusDB_mmc2	ProMetheusDB	METHYLATION	Arg methylation	Homo sapiens (Human)	Q16587-5:R164	Q16587:R164	True	external_methyl_table
Q9H5H4	Q9H5H4	Q9H5H4	False	ZNF768	R	272	R272	me	Rme1	True	ICGKSFGRGSTLIQH	SFGR(me)GSTLIQHQR	ProMetheusDB_mmc2	ProMetheusDB	METHYLATION	Arg methylation	Homo sapiens (Human)	Q9H5H4:R272	Q9H5H4:R272	True	external_methyl_table
Q9P2E3	Q9P2E3	Q9P2E3	False	ZNFX1	R	44	R44	me	Rme1	True	NPPANALRGGASHPG	NQANNPPANALR(me)GGASHPGR	ProMetheusDB_mmc2	ProMetheusDB	METHYLATION	Arg methylation	Homo sapiens (Human)	Q9P2E3:R44	Q9P2E3:R44	True	external_methyl_table
A7E2V4	A7E2V4	A7E2V4	False	ZSWIM8	R	1120	R1120	me	Rme1	True	SRLALGSRGGYNGRG	LALGSR(me)GGYNGR	ProMetheusDB_mmc2	ProMetheusDB	METHYLATION	Arg methylation	Homo sapiens (Human)	A7E2V4:R1120	A7E2V4:R1120	True	external_methyl_table
