substrate_UniProtAC	substrate_UniProtAC_original	canonical_UniProtAC	accession_is_isoform	canonical_counting_status	substrate_genename	unique_sites_accession_level	source_accessions_original	source_families	needs_sequence_remap
A0A075B730	A0A075B730	A0A075B730	False	canonical_or_unversioned_accession	EPPK1	1	A0A075B730	Maron2021	False
A0A087WUK2	A0A087WUK2	A0A087WUK2	False	canonical_or_unversioned_accession	HNRNPDL	2	A0A087WUK2	Maron2021	False
A0A087WUL4	A0A087WUL4	A0A087WUL4	False	canonical_or_unversioned_accession	PEG10	2	A0A087WUL4	Maron2021	False
A0A087WVF7	A0A087WVF7	A0A087WVF7	False	canonical_or_unversioned_accession	ITSN2	2	A0A087WVF7	Maron2021	False
A0A087WW06	A0A087WW06	A0A087WW06	False	canonical_or_unversioned_accession	TTC28	2	A0A087WW06	Maron2021	False
A0A087WWP4	A0A087WWP4	A0A087WWP4	False	canonical_or_unversioned_accession	RBM15	1	A0A087WWP4	Maron2021	False
A0A087WYA1	A0A087WYA1	A0A087WYA1	False	canonical_or_unversioned_accession	MYO15A	1	A0A087WYA1	Maron2021	False
A0A087WZ32	A0A087WZ32	A0A087WZ32	False	canonical_or_unversioned_accession	PLEKHA2	1	A0A087WZ32	Maron2021	False
A0A087WZV0	A0A087WZV0	A0A087WZV0	False	canonical_or_unversioned_accession	PPIP5K2	2	A0A087WZV0	Maron2021	False
A0A087WZX0	A0A087WZX0	A0A087WZX0	False	canonical_or_unversioned_accession	BCL9L	5	A0A087WZX0	Maron2021	False
A0A087X0Q1	A0A087X0Q1	A0A087X0Q1	False	canonical_or_unversioned_accession	YTHDF3	1	A0A087X0Q1	Maron2021	False
A0A087X1A5	A0A087X1A5	A0A087X1A5	False	canonical_or_unversioned_accession	STAU1	1	A0A087X1A5	Maron2021	False
A0A087X208	A0A087X208	A0A087X208	False	canonical_or_unversioned_accession	AGRN	1	A0A087X208	Maron2021	False
A0A096LNH6	A0A096LNH6	A0A096LNH6	False	canonical_or_unversioned_accession	DOCK1	1	A0A096LNH6	Maron2021	False
A0A096LP44	A0A096LP44	A0A096LP44	False	canonical_or_unversioned_accession	RAB7B	1	A0A096LP44	Maron2021	False
A0A0A0MQV9	A0A0A0MQV9	A0A0A0MQV9	False	canonical_or_unversioned_accession	SETD1B	1	A0A0A0MQV9	Maron2021	False
A0A0A0MRF6	A0A0A0MRF6	A0A0A0MRF6	False	canonical_or_unversioned_accession	AKAP9	1	A0A0A0MRF6	Maron2021	False
A0A0A0MRF9	A0A0A0MRF9	A0A0A0MRF9	False	canonical_or_unversioned_accession	PLCG2	3	A0A0A0MRF9	Maron2021	False
A0A0A0MRJ6	A0A0A0MRJ6	A0A0A0MRJ6	False	canonical_or_unversioned_accession	PCMT1	1	A0A0A0MRJ6	Maron2021	False
A0A0A0MRM9	A0A0A0MRM9	A0A0A0MRM9	False	canonical_or_unversioned_accession	NOLC1	1	A0A0A0MRM9	Maron2021	False
A0A0A0MS59	A0A0A0MS59	A0A0A0MS59	False	canonical_or_unversioned_accession	SRCAP	1	A0A0A0MS59	Maron2021	False
A0A0A0MSJ9	A0A0A0MSJ9	A0A0A0MSJ9	False	canonical_or_unversioned_accession	RASA2	1	A0A0A0MSJ9	Maron2021	False
A0A0A0MSK4	A0A0A0MSK4	A0A0A0MSK4	False	canonical_or_unversioned_accession	GPSM1	1	A0A0A0MSK4	Maron2021	False
A0A0A0MSS8	A0A0A0MSS8	A0A0A0MSS8	False	canonical_or_unversioned_accession	AKR1C3	1	A0A0A0MSS8	Maron2021	False
A0A0A0MT33	A0A0A0MT33	A0A0A0MT33	False	canonical_or_unversioned_accession	SCAF8	1	A0A0A0MT33	Maron2021	False
A0A0A0MTB8	A0A0A0MTB8	A0A0A0MTB8	False	canonical_or_unversioned_accession	WDR36	1	A0A0A0MTB8	Maron2021	False
A0A0A0MTR7	A0A0A0MTR7	A0A0A0MTR7	False	canonical_or_unversioned_accession	RNF213	1	A0A0A0MTR7	Maron2021	False
A0A0B4J2A2	A0A0B4J2A2	A0A0B4J2A2	False	canonical_or_unversioned_accession	PPIAL4C	1	A0A0B4J2A2	Maron2021	False
A0A0C4DGA6	A0A0C4DGA6	A0A0C4DGA6	False	canonical_or_unversioned_accession	HLTF	2	A0A0C4DGA6	Maron2021	False
A0A0D9SF60	A0A0D9SF60	A0A0D9SF60	False	canonical_or_unversioned_accession	PKP4	1	A0A0D9SF60	Maron2021	False
A0A0D9SG39	A0A0D9SG39	A0A0D9SG39	False	canonical_or_unversioned_accession	R3HCC1	1	A0A0D9SG39	Maron2021	False
A0A0G2JH68	A0A0G2JH68	A0A0G2JH68	False	canonical_or_unversioned_accession	DIAPH1	1	A0A0G2JH68	Maron2021	False
A0A0G2JIW1	A0A0G2JIW1	A0A0G2JIW1	False	canonical_or_unversioned_accession	HSPA6	1	A0A0G2JIW1	Maron2021	False
A0A0G2JNW7	A0A0G2JNW7	A0A0G2JNW7	False	canonical_or_unversioned_accession	SLC12A7	1	A0A0G2JNW7	Maron2021	False
A0A0U1RQK7	A0A0U1RQK7	A0A0U1RQK7	False	canonical_or_unversioned_accession	EIF4G3	1	A0A0U1RQK7	Maron2021	False
A0A0U1RQQ9	A0A0U1RQQ9	A0A0U1RQQ9	False	canonical_or_unversioned_accession	SCYL2	1	A0A0U1RQQ9	Maron2021	False
A0A0U1RRI6	A0A0U1RRI6	A0A0U1RRI6	False	canonical_or_unversioned_accession	CENPVP3	1	A0A0U1RRI6	Maron2021	False
A0A1B0GV09	A0A1B0GV09	A0A1B0GV09	False	canonical_or_unversioned_accession	EHMT1	1	A0A1B0GV09	Maron2021	False
A0A1B0GVN3	A0A1B0GVN3	A0A1B0GVN3	False	canonical_or_unversioned_accession	C2ORF92	1	A0A1B0GVN3	Maron2021	False
A0A1C7CYW6	A0A1C7CYW6	A0A1C7CYW6	False	canonical_or_unversioned_accession	RAB34	7	A0A1C7CYW6	Maron2021	False
A0A1W2PNZ9	A0A1W2PNZ9	A0A1W2PNZ9	False	canonical_or_unversioned_accession	JMJD1C	2	A0A1W2PNZ9	Maron2021	False
A0A1W2PPJ5	A0A1W2PPJ5	A0A1W2PPJ5	False	canonical_or_unversioned_accession	CRBN	1	A0A1W2PPJ5	Maron2021	False
A0A1W2PQP7	A0A1W2PQP7	A0A1W2PQP7	False	canonical_or_unversioned_accession	FAM131A	2	A0A1W2PQP7	Maron2021	False
A0A1W2PRV5	A0A1W2PRV5	A0A1W2PRV5	False	canonical_or_unversioned_accession	SMN1	1	A0A1W2PRV5	Maron2021	False
A0A1X7SBZ2	A0A1X7SBZ2	A0A1X7SBZ2	False	canonical_or_unversioned_accession	DDX17	5	A0A1X7SBZ2	Maron2021	False
A0A2R8Y424	A0A2R8Y424	A0A2R8Y424	False	canonical_or_unversioned_accession	PRRC2C	1	A0A2R8Y424	Maron2021	False
A0A2R8Y5H9	A0A2R8Y5H9	A0A2R8Y5H9	False	canonical_or_unversioned_accession	KSR1	1	A0A2R8Y5H9	Maron2021	False
A0A2R8Y880	A0A2R8Y880	A0A2R8Y880	False	canonical_or_unversioned_accession	RBBP6	1	A0A2R8Y880	Maron2021	False
A0A2R8YD58	A0A2R8YD58	A0A2R8YD58	False	canonical_or_unversioned_accession	CSNK2A1	1	A0A2R8YD58	Maron2021	False
A0A2R8YDM9	A0A2R8YDM9	A0A2R8YDM9	False	canonical_or_unversioned_accession	ATXN2	1	A0A2R8YDM9	Maron2021	False
A0A2R8YF49	A0A2R8YF49	A0A2R8YF49	False	canonical_or_unversioned_accession	ARHGEF5	1	A0A2R8YF49	Maron2021	False
A0A2R8YFS5	A0A2R8YFS5	A0A2R8YFS5	False	canonical_or_unversioned_accession	DDX3Y	6	A0A2R8YFS5	Maron2021	False
A0A2U3TZH3	A0A2U3TZH3	A0A2U3TZH3	False	canonical_or_unversioned_accession	EEF1A2	2	A0A2U3TZH3	Maron2021	False
A0AV96	A0AV96	A0AV96	False	canonical_or_unversioned_accession	RBM47	8	A0AV96	Maron2021;ProMetheusDB;human_ptm_master	False
A0AVF1	A0AVF1	A0AVF1	False	canonical_or_unversioned_accession	TTC26	1	A0AVF1	Maron2021	False
A0FGR8	A0FGR8	A0FGR8	False	canonical_or_unversioned_accession	ESYT2	1	A0FGR8	ProMetheusDB	False
A0MZ66	A0MZ66	A0MZ66	False	canonical_or_unversioned_accession	KIAA1598	1	A0MZ66	Maron2021	False
A1A519	A1A519	A1A519	False	canonical_or_unversioned_accession	FAM170A	1	A1A519	Maron2021	False
A1KXE4	A1KXE4	A1KXE4	False	canonical_or_unversioned_accession	FAM168B	1	A1KXE4	Maron2021	False
A1KZ92	A1KZ92	A1KZ92	False	canonical_or_unversioned_accession	PXDNL	2	A1KZ92	Maron2021	False
A1L020	A1L020	A1L020	False	canonical_or_unversioned_accession	MEX3A	2	A1L020	Maron2021	False
A1L188	A1L188	A1L188	False	canonical_or_unversioned_accession	C17orf89	2	A1L188	Maron2021	False
A1L390	A1L390	A1L390	False	canonical_or_unversioned_accession	PLEKHG3	3	A1L390	Maron2021;human_ptm_master	False
A1L429	A1L429	A1L429	False	canonical_or_unversioned_accession	GAGE12E	3	A1L429	Maron2021;ProMetheusDB	False
A1X283	A1X283	A1X283	False	canonical_or_unversioned_accession	SH3PXD2B	1	A1X283	Maron2021	False
A2A274	A2A274	A2A274	False	canonical_or_unversioned_accession	ACO2	4	A2A274	Maron2021	False
A2ABF9	A2ABF9	A2ABF9	False	canonical_or_unversioned_accession	EHMT2	1	A2ABF9	Maron2021	False
A2PYH4	A2PYH4	A2PYH4	False	canonical_or_unversioned_accession	HFM1	2	A2PYH4	Maron2021	False
A2RQR6	A2RQR6	A2RQR6	False	canonical_or_unversioned_accession	TCEAL4	2	A2RQR6	Maron2021	False
A2RUQ5	A2RUQ5	A2RUQ5	False	canonical_or_unversioned_accession	C17orf102	1	A2RUQ5	Maron2021	False
A3KN83	A3KN83	A3KN83	False	canonical_or_unversioned_accession	SBNO1	1	A3KN83	Maron2021	False
A3QJZ7	A3QJZ7	A3QJZ7	False	canonical_or_unversioned_accession	PRAMEF27	1	A3QJZ7	Maron2021	False
A4D1S0	A4D1S0	A4D1S0	False	canonical_or_unversioned_accession	KLRG2	1	A4D1S0	Maron2021	False
A4D1U4	A4D1U4	A4D1U4	False	canonical_or_unversioned_accession	DENND11	3	A4D1U4	Maron2021;human_ptm_master	False
A4D2G3	A4D2G3	A4D2G3	False	canonical_or_unversioned_accession	OR2A25	1	A4D2G3	Maron2021	False
A4UGR9	A4UGR9	A4UGR9	False	canonical_or_unversioned_accession	XIRP2	1	A4UGR9	Maron2021	False
A5A3E0	A5A3E0	A5A3E0	False	canonical_or_unversioned_accession	POTEF	1	A5A3E0	Maron2021	False
A5D8V6	A5D8V6	A5D8V6	False	canonical_or_unversioned_accession	VPS37C	1	A5D8V6	Maron2021	False
A5PL33	A5PL33	A5PL33	False	canonical_or_unversioned_accession	KRBA1	5	A5PL33	Maron2021	False
A5X2G7	A5X2G7	A5X2G7	False	canonical_or_unversioned_accession	CDKN2A	5	A5X2G7	Maron2021	False
A5YKK6	A5YKK6	A5YKK6	False	canonical_or_unversioned_accession	CNOT1	3	A5YKK6	Maron2021	False
A5YVE9	A5YVE9	A5YVE9	False	canonical_or_unversioned_accession	PDHA1	1	A5YVE9	Maron2021	False
A6H8Y1	A6H8Y1	A6H8Y1	False	canonical_or_unversioned_accession	BDP1	1	A6H8Y1	Maron2021	False
A6NC57	A6NC57	A6NC57	False	canonical_or_unversioned_accession	ANKRD62	1	A6NC57	Maron2021	False
A6NC86	A6NC86	A6NC86	False	canonical_or_unversioned_accession	PINLYP	1	A6NC86	Maron2021	False
A6NC98	A6NC98	A6NC98	False	canonical_or_unversioned_accession	CCDC88B	1	A6NC98	Maron2021	False
A6NCE7	A6NCE7	A6NCE7	False	canonical_or_unversioned_accession	MAP1LC3B2	1	A6NCE7	Maron2021	False
A6NCJ1	A6NCJ1	A6NCJ1	False	canonical_or_unversioned_accession	C19orf71	1	A6NCJ1	Maron2021	False
A6NCL7	A6NCL7	A6NCL7	False	canonical_or_unversioned_accession	ANKRD33B	1	A6NCL7	Maron2021	False
A6NDA2	A6NDA2	A6NDA2	False	canonical_or_unversioned_accession	PRR3	2	A6NDA2	Maron2021	False
A6NDE8	A6NDE8	A6NDE8	False	canonical_or_unversioned_accession	GAGE12H	3	A6NDE8	Maron2021	False
A6NDY0	A6NDY0	A6NDY0	False	canonical_or_unversioned_accession	PABPN1L	1	A6NDY0	Maron2021	False
A6NE01	A6NE01	A6NE01	False	canonical_or_unversioned_accession	FAM186A	2	A6NE01	Maron2021	False
A6NED2	A6NED2	A6NED2	False	canonical_or_unversioned_accession	RCCD1	4	A6NED2	Maron2021	False
A6NEL2	A6NEL2	A6NEL2	False	canonical_or_unversioned_accession	SOWAHB	2	A6NEL2	Maron2021	False
A6NEM2	A6NEM2	A6NEM2	False	canonical_or_unversioned_accession	HCFC1	9	A6NEM2	Maron2021	False
A6NER3	A6NER3	A6NER3	False	canonical_or_unversioned_accession	GAGE12J	2	A6NER3	Maron2021	False
A6NES4	A6NES4	A6NES4	False	canonical_or_unversioned_accession	HEATR7B1	1	A6NES4	Maron2021	False
A6NFI3	A6NFI3	A6NFI3	False	canonical_or_unversioned_accession	ZNF316	2	A6NFI3	Maron2021	False
A6NFN3	A6NFN3	A6NFN3	False	canonical_or_unversioned_accession	RBFOX3	1	A6NFN3	Maron2021	False
A6NFY7	A6NFY7	A6NFY7	False	canonical_or_unversioned_accession	SDHAF1	1	A6NFY7	Maron2021	False
A6NGB9	A6NGB9	A6NGB9	False	canonical_or_unversioned_accession	WIPF3	1	A6NGB9	Maron2021;human_ptm_master	False
A6NGG8	A6NGG8	A6NGG8	False	canonical_or_unversioned_accession	C2orf71	1	A6NGG8	Maron2021	False
A6NGK3	A6NGK3	A6NGK3	False	canonical_or_unversioned_accession	GAGE10	1	A6NGK3	Maron2021	False
A6NGN4	A6NGN4	A6NGN4	False	canonical_or_unversioned_accession	PRAMEF25	2	A6NGN4	Maron2021;human_ptm_master	False
A6NGR9	A6NGR9	A6NGR9	False	canonical_or_unversioned_accession	MROH6	2	A6NGR9	Maron2021	False
A6NHB5	A6NHB5	A6NHB5	False	canonical_or_unversioned_accession	ZMYM3	1	A6NHB5	Maron2021	False
A6NHG4	A6NHG4	A6NHG4	False	canonical_or_unversioned_accession	DDTL	1	A6NHG4	Maron2021	False
A6NHQ2	A6NHQ2	A6NHQ2	False	canonical_or_unversioned_accession	FBLL1	2	A6NHQ2	Maron2021	False
A6NHQ4	A6NHQ4	A6NHQ4	False	canonical_or_unversioned_accession	EPOP	2	A6NHQ4	Maron2021;human_ptm_master	False
A6NHR9	A6NHR9	A6NHR9	False	canonical_or_unversioned_accession	SMCHD1	2	A6NHR9	Maron2021	False
A6NHT5	A6NHT5	A6NHT5	False	canonical_or_unversioned_accession	HMX3	1	A6NHT5	Maron2021	False
A6NI47	A6NI47	A6NI47	False	canonical_or_unversioned_accession	POTEM	1	A6NI47	Maron2021	False
A6NJ78	A6NJ78	A6NJ78	False	canonical_or_unversioned_accession	METTL15	1	A6NJ78	Maron2021	False
A6NJG2	A6NJG2	A6NJG2	False	canonical_or_unversioned_accession	SOWAHD	1	A6NJG2	Maron2021	False
A6NJZ7	A6NJZ7	A6NJZ7	False	canonical_or_unversioned_accession	RIMBP3C	1	A6NJZ7	Maron2021	False
A6NJZ9	A6NJZ9	A6NJZ9	False	canonical_or_unversioned_accession	NOC3L	1	A6NJZ9	Maron2021	False
A6NKF1	A6NKF1	A6NKF1	False	canonical_or_unversioned_accession	SAC3D1	1	A6NKF1	Maron2021	False
A6NKT7	A6NKT7	A6NKT7	False	canonical_or_unversioned_accession	RGPD3	2	A6NKT7	Maron2021	False
A6NMN0	A6NMN0	A6NMN0	False	canonical_or_unversioned_accession	PHKA1	2	A6NMN0	Maron2021	False
A6NMY6	A6NMY6	A6NMY6	False	canonical_or_unversioned_accession	ANXA2P2	2	A6NMY6	Maron2021;ProMetheusDB	False
A6NNC1	A6NNC1	A6NNC1	False	canonical_or_unversioned_accession	LOC441081	1	A6NNC1	Maron2021	False
A6NNM3	A6NNM3	A6NNM3	False	canonical_or_unversioned_accession	RIMBP3B	1	A6NNM3	Maron2021	False
A6NNY8	A6NNY8	A6NNY8	False	canonical_or_unversioned_accession	USP27X	1	A6NNY8	Maron2021	False
A6PVY3	A6PVY3	A6PVY3	False	canonical_or_unversioned_accession	FAM177B	1	A6PVY3	Maron2021	False
A6PW55	A6PW55	A6PW55	False	canonical_or_unversioned_accession	VPS72	1	A6PW55	Maron2021	False
A6QL63	A6QL63	A6QL63	False	canonical_or_unversioned_accession	BTBD11	2	A6QL63	Maron2021	False
A6QL64	A6QL64	A6QL64	False	canonical_or_unversioned_accession	ANKRD36	1	A6QL64	ProMetheusDB	False
A7E2V4	A7E2V4	A7E2V4	False	canonical_or_unversioned_accession	KIAA0913	6	A7E2V4	Maron2021;ProMetheusDB	False
A7KAX9	A7KAX9	A7KAX9	False	canonical_or_unversioned_accession	ARHGAP32	3	A7KAX9	Maron2021;ProMetheusDB	False
A7MAP0	A7MAP0	A7MAP0	False	canonical_or_unversioned_accession	CORO1C	2	A7MAP0	Maron2021	False
A7MBM2	A7MBM2	A7MBM2	False	canonical_or_unversioned_accession	DISP2	1	A7MBM2	Maron2021	False
A7MCY6	A7MCY6	A7MCY6	False	canonical_or_unversioned_accession	TBKBP1	2	A7MCY6	Maron2021;human_ptm_master	False
A7YIJ8	A7YIJ8	A7YIJ8	False	canonical_or_unversioned_accession	RDX	1	A7YIJ8	Maron2021	False
A8CG34	A8CG34	A8CG34	False	canonical_or_unversioned_accession	POM121C	4	A8CG34	Maron2021	False
A8KAH5	A8KAH5	A8KAH5	False	canonical_or_unversioned_accession	IST1	1	A8KAH5	Maron2021	False
A8MSH7	A8MSH7	A8MSH7	False	canonical_or_unversioned_accession	CUL4A	2	A8MSH7	Maron2021	False
A8MTC3	A8MTC3	A8MTC3	False	canonical_or_unversioned_accession	RAI1	4	A8MTC3	Maron2021	False
A8MU08	A8MU08	A8MU08	False	canonical_or_unversioned_accession	DOCK1	1	A8MU08	Maron2021	False
A8MU17	A8MU17	A8MU17	False	canonical_or_unversioned_accession	TRPT1	2	A8MU17	Maron2021	False
A8MU93	A8MU93	A8MU93	False	canonical_or_unversioned_accession	C17orf100	1	A8MU93	Maron2021	False
A8MUW5	A8MUW5	A8MUW5	False	canonical_or_unversioned_accession	FAM98B	5	A8MUW5	Maron2021	False
A8MVJ9	A8MVJ9	A8MVJ9	False	canonical_or_unversioned_accession		2	A8MVJ9	Maron2021	False
A8MWD9	A8MWD9	A8MWD9	False	canonical_or_unversioned_accession	SNRPG	2	A8MWD9	Maron2021	False
A8MX97	A8MX97	A8MX97	False	canonical_or_unversioned_accession	PICALM	2	A8MX97	Maron2021	False
A8MXP9	A8MXP9	A8MXP9	False	canonical_or_unversioned_accession	MATR3	8	A8MXP9	Maron2021	False
A8MYX1	A8MYX1	A8MYX1	False	canonical_or_unversioned_accession	ZNF326	15	A8MYX1	Maron2021	False
A8MZ91	A8MZ91	A8MZ91	False	canonical_or_unversioned_accession	PRMT5	2	A8MZ91	Maron2021	False
A9YTQ3	A9YTQ3	A9YTQ3	False	canonical_or_unversioned_accession	AHRR	1	A9YTQ3	Maron2021	False
B0I1T2	B0I1T2	B0I1T2	False	canonical_or_unversioned_accession	MYO1G	1	B0I1T2	Maron2021	False
B0QY95	B0QY95	B0QY95	False	canonical_or_unversioned_accession	MIEF1	1	B0QY95	Maron2021	False
B0QYC7	B0QYC7	B0QYC7	False	canonical_or_unversioned_accession	CDC42EP1	1	B0QYC7	Maron2021	False
B0QYC8	B0QYC8	B0QYC8	False	canonical_or_unversioned_accession	CDC42EP1	1	B0QYC8	Maron2021	False
B0QYK0	B0QYK0	B0QYK0	False	canonical_or_unversioned_accession	EWSR1	5	B0QYK0	Maron2021	False
B0QYV1	B0QYV1	B0QYV1	False	canonical_or_unversioned_accession	RBFOX2	1	B0QYV1	Maron2021	False
B0S7P1	B0S7P1	B0S7P1	False	canonical_or_unversioned_accession	BRD2	1	B0S7P1	Maron2021	False
B0UZZ8	B0UZZ8	B0UZZ8	False	canonical_or_unversioned_accession	WDR46	2	B0UZZ8	Maron2021	False
B0YIW6	B0YIW6	B0YIW6	False	canonical_or_unversioned_accession	ARCN1	2	B0YIW6	Maron2021	False
B1AH63	B1AH63	B1AH63	False	canonical_or_unversioned_accession	MPPED1	1	B1AH63	Maron2021	False
B1AHF6	B1AHF6	B1AHF6	False	canonical_or_unversioned_accession	PRR5	1	B1AHF6	Maron2021	False
B1AK53	B1AK53	B1AK53	False	canonical_or_unversioned_accession	ESPN	1	B1AK53	Maron2021	False
B1AKN3	B1AKN3	B1AKN3	False	canonical_or_unversioned_accession	RERE	1	B1AKN3	Maron2021	False
B1AKR6	B1AKR6	B1AKR6	False	canonical_or_unversioned_accession	DYNLRB1	1	B1AKR6	Maron2021	False
B1AVU8	B1AVU8	B1AVU8	False	canonical_or_unversioned_accession	PSAP	2	B1AVU8	Maron2021	False
B1N949	B1N949	B1N949	False	canonical_or_unversioned_accession	PPFIA4	1	B1N949	Maron2021	False
B2RCS5	B2RCS5	B2RCS5	False	canonical_or_unversioned_accession	ACTN2	1	B2RCS5	Maron2021	False
B2RTY4	B2RTY4	B2RTY4	False	canonical_or_unversioned_accession	MYO9A	1	B2RTY4	Maron2021	False
B2ZZ83	B2ZZ83	B2ZZ83	False	canonical_or_unversioned_accession	FLNB	7	B2ZZ83	Maron2021	False
B3KSH1	B3KSH1	B3KSH1	False	canonical_or_unversioned_accession	EIF3F	1	B3KSH1	Maron2021	False
B3KTM8	B3KTM8	B3KTM8	False	canonical_or_unversioned_accession	MORF4L1	1	B3KTM8	Maron2021	False
B3KVR1	B3KVR1	B3KVR1	False	canonical_or_unversioned_accession	SNRPN	2	B3KVR1	Maron2021	False
B3KXT8	B3KXT8	B3KXT8	False	canonical_or_unversioned_accession	TBC1D10A	1	B3KXT8	Maron2021	False
B3KXX3	B3KXX3	B3KXX3	False	canonical_or_unversioned_accession	SLC12A6	1	B3KXX3	Maron2021	False
B4DDF4	B4DDF4	B4DDF4	False	canonical_or_unversioned_accession	CNN2	2	B4DDF4	Maron2021	False
B4DI41	B4DI41	B4DI41	False	canonical_or_unversioned_accession	MBD1	2	B4DI41	Maron2021	False
B4DI73	B4DI73	B4DI73	False	canonical_or_unversioned_accession	AARSD1	1	B4DI73	Maron2021	False
B4DKT0	B4DKT0	B4DKT0	False	canonical_or_unversioned_accession	GORASP2	1	B4DKT0	Maron2021	False
B4DLE8	B4DLE8	B4DLE8	False	canonical_or_unversioned_accession	CRYBG3	1	B4DLE8	Maron2021	False
B4DNJ6	B4DNJ6	B4DNJ6	False	canonical_or_unversioned_accession	STRAP	3	B4DNJ6	Maron2021	False
B4DP47	B4DP47	B4DP47	False	canonical_or_unversioned_accession	BCKDHA	1	B4DP47	Maron2021	False
B4DR61	B4DR61	B4DR61	False	canonical_or_unversioned_accession	SEC61A1	1	B4DR61	Maron2021	False
B4DR87	B4DR87	B4DR87	False	canonical_or_unversioned_accession	PLOD1	1	B4DR87	Maron2021	False
B4DST0	B4DST0	B4DST0	False	canonical_or_unversioned_accession	SUV39H1	1	B4DST0	Maron2021	False
B4DT67	B4DT67	B4DT67	False	canonical_or_unversioned_accession	SPATS2L	2	B4DT67	Maron2021	False
B4DW28	B4DW28	B4DW28	False	canonical_or_unversioned_accession	RPS20	3	B4DW28	Maron2021	False
B4DW92	B4DW92	B4DW92	False	canonical_or_unversioned_accession	NR2C2AP	1	B4DW92	Maron2021	False
B4DY08	B4DY08	B4DY08	False	canonical_or_unversioned_accession	HNRNPC	2	B4DY08	Maron2021	False
B4E1T7	B4E1T7	B4E1T7	False	canonical_or_unversioned_accession	PPP2R2A	2	B4E1T7	Maron2021	False
B4E2N0	B4E2N0	B4E2N0	False	canonical_or_unversioned_accession	LZIC	1	B4E2N0	Maron2021	False
B5MBZ0	B5MBZ0	B5MBZ0	False	canonical_or_unversioned_accession	EML4	1	B5MBZ0	Maron2021	False
B5MC40	B5MC40	B5MC40	False	canonical_or_unversioned_accession	GATAD2A	11	B5MC40	Maron2021	False
B5MCN3	B5MCN3	B5MCN3	False	canonical_or_unversioned_accession	SEC14L6	1	B5MCN3	Maron2021	False
B5MDA0	B5MDA0	B5MDA0	False	canonical_or_unversioned_accession	WDR73	1	B5MDA0	Maron2021	False
B5MDQ7	B5MDQ7	B5MDQ7	False	canonical_or_unversioned_accession	TFE3	4	B5MDQ7	Maron2021	False
B5ME19	B5ME19	B5ME19	False	canonical_or_unversioned_accession	EIF3CL	7	B5ME19	Maron2021	False
B5TJY2	B5TJY2	B5TJY2	False	canonical_or_unversioned_accession	FERMT2	2	B5TJY2	Maron2021	False
B7Z484	B7Z484	B7Z484	False	canonical_or_unversioned_accession	KIFC3	2	B7Z484	Maron2021	False
B7Z5W1	B7Z5W1	B7Z5W1	False	canonical_or_unversioned_accession	F11R	1	B7Z5W1	Maron2021	False
B7Z6F8	B7Z6F8	B7Z6F8	False	canonical_or_unversioned_accession	CLINT1	3	B7Z6F8	Maron2021	False
B7Z7L3	B7Z7L3	B7Z7L3	False	canonical_or_unversioned_accession	CYB5R3	2	B7Z7L3	Maron2021	False
B7Z8T0	B7Z8T0	B7Z8T0	False	canonical_or_unversioned_accession	CDK16	1	B7Z8T0	Maron2021	False
B7ZC38	B7ZC38	B7ZC38	False	canonical_or_unversioned_accession	SH3GLB2	2	B7ZC38	Maron2021	False
B7ZKS7	B7ZKS7	B7ZKS7	False	canonical_or_unversioned_accession	USP48	1	B7ZKS7	Maron2021	False
B7ZLM3	B7ZLM3	B7ZLM3	False	canonical_or_unversioned_accession	SAP130	7	B7ZLM3	Maron2021	False
B7ZM82	B7ZM82	B7ZM82	False	canonical_or_unversioned_accession	WIZ	4	B7ZM82	Maron2021	False
B8ZZ34	B8ZZ34	B8ZZ34	False	canonical_or_unversioned_accession	SHISA8	1	B8ZZ34	Maron2021	False
B8ZZB5	B8ZZB5	B8ZZB5	False	canonical_or_unversioned_accession	SH2D7	2	B8ZZB5	Maron2021	False
B8ZZN6	B8ZZN6	B8ZZN6	False	canonical_or_unversioned_accession	SUMO1	1	B8ZZN6	Maron2021	False
B9A6I9	B9A6I9	B9A6I9	False	canonical_or_unversioned_accession	EVI5L	2	B9A6I9	Maron2021	False
B9EGQ7	B9EGQ7	B9EGQ7	False	canonical_or_unversioned_accession	EIF4G3	3	B9EGQ7	Maron2021	False
C4P0B0	C4P0B0	C4P0B0	False	canonical_or_unversioned_accession	DISC1	2	C4P0B0	Maron2021	False
C9J069	C9J069	C9J069	False	canonical_or_unversioned_accession	C9orf172	2	C9J069	Maron2021	False
C9J2K4	C9J2K4	C9J2K4	False	canonical_or_unversioned_accession	ATP6V1F	2	C9J2K4	Maron2021	False
C9J4J4	C9J4J4	C9J4J4	False	canonical_or_unversioned_accession	MEF2B	2	C9J4J4	Maron2021	False
C9J683	C9J683	C9J683	False	canonical_or_unversioned_accession	SAP130	1	C9J683	Maron2021	False
C9J6P4	C9J6P4	C9J6P4	False	canonical_or_unversioned_accession	ZC3HAV1	3	C9J6P4	Maron2021	False
C9J837	C9J837	C9J837	False	canonical_or_unversioned_accession	RAB3GAP1	2	C9J837	Maron2021	False
C9J9K3	C9J9K3	C9J9K3	False	canonical_or_unversioned_accession	RPSA	1	C9J9K3	Maron2021	False
C9JA08	C9JA08	C9JA08	False	canonical_or_unversioned_accession	NMD3	2	C9JA08	Maron2021	False
C9JDG0	C9JDG0	C9JDG0	False	canonical_or_unversioned_accession	DIAPH3	3	C9JDG0	Maron2021	False
C9JDN2	C9JDN2	C9JDN2	False	canonical_or_unversioned_accession	GRHL2	1	C9JDN2	Maron2021	False
C9JE52	C9JE52	C9JE52	False	canonical_or_unversioned_accession	PSME2	1	C9JE52	Maron2021	False
C9JEH3	C9JEH3	C9JEH3	False	canonical_or_unversioned_accession	AAMP	1	C9JEH3	Maron2021	False
C9JFD3	C9JFD3	C9JFD3	False	canonical_or_unversioned_accession	NCOR2	5	C9JFD3	Maron2021	False
C9JG80	C9JG80	C9JG80	False	canonical_or_unversioned_accession	61E3.4	1	C9JG80	Maron2021	False
C9JGD6	C9JGD6	C9JGD6	False	canonical_or_unversioned_accession	WNK2	1	C9JGD6	Maron2021	False
C9JIF9	C9JIF9	C9JIF9	False	canonical_or_unversioned_accession	APEH	2	C9JIF9	Maron2021	False
C9JJV1	C9JJV1	C9JJV1	False	canonical_or_unversioned_accession	TSSC4	2	C9JJV1	Maron2021	False
C9JLR9	C9JLR9	C9JLR9	False	canonical_or_unversioned_accession	C11orf95	4	C9JLR9	Maron2021	False
C9JMG9	C9JMG9	C9JMG9	False	canonical_or_unversioned_accession	IQSEC1	1	C9JMG9	Maron2021	False
C9JP52	C9JP52	C9JP52	False	canonical_or_unversioned_accession	TBC1D5	2	C9JP52	Maron2021	False
C9JPG0	C9JPG0	C9JPG0	False	canonical_or_unversioned_accession	SCRN1	2	C9JPG0	Maron2021	False
C9JRJ5	C9JRJ5	C9JRJ5	False	canonical_or_unversioned_accession	LIMD1	1	C9JRJ5	Maron2021	False
C9JRZ6	C9JRZ6	C9JRZ6	False	canonical_or_unversioned_accession	CHCHD3	1	C9JRZ6	Maron2021	False
C9JRZ8	C9JRZ8	C9JRZ8	False	canonical_or_unversioned_accession	AKR1B15	1	C9JRZ8	Maron2021	False
C9JSP0	C9JSP0	C9JSP0	False	canonical_or_unversioned_accession	DONSON	1	C9JSP0	Maron2021	False
C9JV30	C9JV30	C9JV30	False	canonical_or_unversioned_accession	IMPDH1	1	C9JV30	Maron2021	False
C9JW99	C9JW99	C9JW99	False	canonical_or_unversioned_accession	VWA5B2	1	C9JW99	Maron2021	False
C9JWM7	C9JWM7	C9JWM7	False	canonical_or_unversioned_accession	ARPC4	1	C9JWM7	Maron2021	False
C9JY79	C9JY79	C9JY79	False	canonical_or_unversioned_accession	SPTBN4	3	C9JY79	Maron2021	False
C9JYJ4	C9JYJ4	C9JYJ4	False	canonical_or_unversioned_accession	ZDHHC13	1	C9JYJ4	Maron2021	False
C9JZB1	C9JZB1	C9JZB1	False	canonical_or_unversioned_accession	TMEM169	1	C9JZB1	Maron2021	False
C9JZR2	C9JZR2	C9JZR2	False	canonical_or_unversioned_accession	CTNND1	1	C9JZR2	Maron2021	False
C9K0D3	C9K0D3	C9K0D3	False	canonical_or_unversioned_accession	MLF1	1	C9K0D3	Maron2021	False
D2IYK5	D2IYK5	D2IYK5	False	canonical_or_unversioned_accession	TCF19	2	D2IYK5	Maron2021	False
D6R9P3	D6R9P3	D6R9P3	False	canonical_or_unversioned_accession	HNRNPAB	2	D6R9P3	Maron2021	False
D6RBZ1	D6RBZ1	D6RBZ1	False	canonical_or_unversioned_accession	RNF4	1	D6RBZ1	Maron2021	False
D6RD83	D6RD83	D6RD83	False	canonical_or_unversioned_accession	HNRNPD	1	D6RD83	Maron2021	False
D6REX3	D6REX3	D6REX3	False	canonical_or_unversioned_accession	SEC31A	2	D6REX3	Maron2021	False
D6RG30	D6RG30	D6RG30	False	canonical_or_unversioned_accession	ASTE1	1	D6RG30	Maron2021	False
D6RIA3	D6RIA3	D6RIA3	False	canonical_or_unversioned_accession	C4orf54	1	D6RIA3	Maron2021	False
D6RIE8	D6RIE8	D6RIE8	False	canonical_or_unversioned_accession	TAF9	1	D6RIE8	Maron2021	False
D6RJG6	D6RJG6	D6RJG6	False	canonical_or_unversioned_accession	MEF2C	1	D6RJG6	Maron2021	False
E2QRI7	E2QRI7	E2QRI7	False	canonical_or_unversioned_accession	NFIA	1	E2QRI7	Maron2021	False
E5KLJ5	E5KLJ5	E5KLJ5	False	canonical_or_unversioned_accession	OPA1	2	E5KLJ5	Maron2021	False
E5RG83	E5RG83	E5RG83	False	canonical_or_unversioned_accession	TSNARE1	1	E5RG83	Maron2021	False
E5RJD8	E5RJD8	E5RJD8	False	canonical_or_unversioned_accession	TBCA	1	E5RJD8	Maron2021	False
E7EMK3	E7EMK3	E7EMK3	False	canonical_or_unversioned_accession	FLOT2	1	E7EMK3	Maron2021	False
E7EN19	E7EN19	E7EN19	False	canonical_or_unversioned_accession	MAP4K4	2	E7EN19	Maron2021	False
E7ENA8	E7ENA8	E7ENA8	False	canonical_or_unversioned_accession	PDS5B	1	E7ENA8	Maron2021	False
E7ENH9	E7ENH9	E7ENH9	False	canonical_or_unversioned_accession	ACLY	4	E7ENH9	Maron2021	False
E7ENI0	E7ENI0	E7ENI0	False	canonical_or_unversioned_accession	MGA	1	E7ENI0	Maron2021	False
E7ENU0	E7ENU0	E7ENU0	False	canonical_or_unversioned_accession	KLHDC3	1	E7ENU0	Maron2021	False
E7EP74	E7EP74	E7EP74	False	canonical_or_unversioned_accession	GOLGB1	1	E7EP74	Maron2021	False
E7EPA7	E7EPA7	E7EPA7	False	canonical_or_unversioned_accession	TKT	6	E7EPA7	Maron2021	False
E7EQ40	E7EQ40	E7EQ40	False	canonical_or_unversioned_accession	CAPZB	1	E7EQ40	Maron2021	False
E7EQD5	E7EQD5	E7EQD5	False	canonical_or_unversioned_accession	STXBP2	1	E7EQD5	Maron2021	False
E7EQI5	E7EQI5	E7EQI5	False	canonical_or_unversioned_accession	SYNE1	1	E7EQI5	Maron2021	False
E7EQP8	E7EQP8	E7EQP8	False	canonical_or_unversioned_accession	LENG8	4	E7EQP8	Maron2021	False
E7EQT4	E7EQT4	E7EQT4	False	canonical_or_unversioned_accession	ACIN1	1	E7EQT4	Maron2021	False
E7EQU7	E7EQU7	E7EQU7	False	canonical_or_unversioned_accession	MCM8	1	E7EQU7	Maron2021	False
E7EQZ4	E7EQZ4	E7EQZ4	False	canonical_or_unversioned_accession	SMN1	1	E7EQZ4	Maron2021	False
E7EQZ9	E7EQZ9	E7EQZ9	False	canonical_or_unversioned_accession	PRKCSH	1	E7EQZ9	Maron2021	False
E7ERS3	E7ERS3	E7ERS3	False	canonical_or_unversioned_accession	ZC3H18	1	E7ERS3	Maron2021	False
E7ES43	E7ES43	E7ES43	False	canonical_or_unversioned_accession	HSPA4L	2	E7ES43	Maron2021	False
E7ESA6	E7ESA6	E7ESA6	False	canonical_or_unversioned_accession	PTK2	2	E7ESA6	Maron2021	False
E7ESG2	E7ESG2	E7ESG2	False	canonical_or_unversioned_accession	CLSPN	2	E7ESG2	Maron2021	False
E7ESL0	E7ESL0	E7ESL0	False	canonical_or_unversioned_accession	MRPL22	1	E7ESL0	Maron2021	False
E7ET89	E7ET89	E7ET89	False	canonical_or_unversioned_accession	DTX2	1	E7ET89	Maron2021	False
E7ETD3	E7ETD3	E7ETD3	False	canonical_or_unversioned_accession	ABCA5	1	E7ETD3	Maron2021	False
E7ETE0	E7ETE0	E7ETE0	False	canonical_or_unversioned_accession	METTL8	2	E7ETE0	Maron2021	False
E7ETS8	E7ETS8	E7ETS8	False	canonical_or_unversioned_accession	POLE	2	E7ETS8	Maron2021	False
E7EU22	E7EU22	E7EU22	False	canonical_or_unversioned_accession	CEP350	1	E7EU22	Maron2021	False
E7EU23	E7EU23	E7EU23	False	canonical_or_unversioned_accession	GDI2	3	E7EU23	Maron2021	False
E7EU96	E7EU96	E7EU96	False	canonical_or_unversioned_accession	CSNK2A1	1	E7EU96	Maron2021	False
E7EUU4	E7EUU4	E7EUU4	False	canonical_or_unversioned_accession	EIF4G1	7	E7EUU4	Maron2021	False
E7EVU8	E7EVU8	E7EVU8	False	canonical_or_unversioned_accession	HUWE1	7	E7EVU8	Maron2021	False
E7EVW0	E7EVW0	E7EVW0	False	canonical_or_unversioned_accession	POLD1	5	E7EVW0	Maron2021	False
E7EVW8	E7EVW8	E7EVW8	False	canonical_or_unversioned_accession	MAML3	1	E7EVW8	Maron2021	False
E7EW49	E7EW49	E7EW49	False	canonical_or_unversioned_accession	CLASP2	2	E7EW49	Maron2021	False
E7EWD6	E7EWD6	E7EWD6	False	canonical_or_unversioned_accession	ASXL2	3	E7EWD6	Maron2021	False
E7EWN3	E7EWN3	E7EWN3	False	canonical_or_unversioned_accession	SETD5	3	E7EWN3	Maron2021	False
E7EWU5	E7EWU5	E7EWU5	False	canonical_or_unversioned_accession	CAMTA2	1	E7EWU5	Maron2021	False
E7EX17	E7EX17	E7EX17	False	canonical_or_unversioned_accession	EIF4B	11	E7EX17	Maron2021	False
E9PAL9	E9PAL9	E9PAL9	False	canonical_or_unversioned_accession	NT5DC2	2	E9PAL9	Maron2021	False
E9PAU2	E9PAU2	E9PAU2	False	canonical_or_unversioned_accession	RAVER1	3	E9PAU2	Maron2021	False
E9PAW3	E9PAW3	E9PAW3	False	canonical_or_unversioned_accession	BBC3	1	E9PAW3	Maron2021	False
E9PAX5	E9PAX5	E9PAX5	False	canonical_or_unversioned_accession	DNAAF3	1	E9PAX5	Maron2021	False
E9PB12	E9PB12	E9PB12	False	canonical_or_unversioned_accession	TUBGCP5	1	E9PB12	Maron2021	False
E9PB61	E9PB61	E9PB61	False	canonical_or_unversioned_accession	ALYREF	15	E9PB61	Maron2021	False
E9PBD4	E9PBD4	E9PBD4	False	canonical_or_unversioned_accession	DPM1	1	E9PBD4	Maron2021	False
E9PC16	E9PC16	E9PC16	False	canonical_or_unversioned_accession	HIPK2	1	E9PC16	Maron2021	False
E9PC62	E9PC62	E9PC62	False	canonical_or_unversioned_accession	CELF2	1	E9PC62	Maron2021	False
E9PCT1	E9PCT1	E9PCT1	False	canonical_or_unversioned_accession	SRRM1	2	E9PCT1	Maron2021	False
E9PD64	E9PD64	E9PD64	False	canonical_or_unversioned_accession	TLE3	4	E9PD64	Maron2021	False
E9PD98	E9PD98	E9PD98	False	canonical_or_unversioned_accession	ITSN1	2	E9PD98	Maron2021	False
E9PDH7	E9PDH7	E9PDH7	False	canonical_or_unversioned_accession	CDC45	1	E9PDH7	Maron2021	False
E9PEB9	E9PEB9	E9PEB9	False	canonical_or_unversioned_accession	DST	1	E9PEB9	Maron2021	False
E9PEN8	E9PEN8	E9PEN8	False	canonical_or_unversioned_accession	XPO7	1	E9PEN8	Maron2021	False
E9PER1	E9PER1	E9PER1	False	canonical_or_unversioned_accession	DIP2A	1	E9PER1	Maron2021	False
E9PES1	E9PES1	E9PES1	False	canonical_or_unversioned_accession	PPT1	1	E9PES1	Maron2021	False
E9PES3	E9PES3	E9PES3	False	canonical_or_unversioned_accession	RPAIN	1	E9PES3	Maron2021	False
E9PF19	E9PF19	E9PF19	False	canonical_or_unversioned_accession	TBL2	1	E9PF19	Maron2021	False
E9PF26	E9PF26	E9PF26	False	canonical_or_unversioned_accession	STAU2	4	E9PF26	Maron2021	False
E9PFD3	E9PFD3	E9PFD3	False	canonical_or_unversioned_accession	FOXP1	1	E9PFD3	Maron2021	False
E9PFM1	E9PFM1	E9PFM1	False	canonical_or_unversioned_accession	EIF4G1	1	E9PFM1	Maron2021	False
E9PFU1	E9PFU1	E9PFU1	False	canonical_or_unversioned_accession	PDCD6IP	6	E9PFU1	Maron2021	False
E9PGM1	E9PGM1	E9PGM1	False	canonical_or_unversioned_accession	EIF4G1	1	E9PGM1	Maron2021	False
E9PGM8	E9PGM8	E9PGM8	False	canonical_or_unversioned_accession	PPIP5K2	2	E9PGM8	Maron2021	False
E9PGT1	E9PGT1	E9PGT1	False	canonical_or_unversioned_accession	TSN	1	E9PGT1	Maron2021	False
E9PH57	E9PH57	E9PH57	False	canonical_or_unversioned_accession	TCF4	1	E9PH57	Maron2021	False
E9PHA2	E9PHA2	E9PHA2	False	canonical_or_unversioned_accession	NCAPH	1	E9PHA2	Maron2021	False
E9PHM6	E9PHM6	E9PHM6	False	canonical_or_unversioned_accession	DST	2	E9PHM6	Maron2021	False
E9PHQ3	E9PHQ3	E9PHQ3	False	canonical_or_unversioned_accession	PLEKHA5	4	E9PHQ3	Maron2021	False
E9PI62	E9PI62	E9PI62	False	canonical_or_unversioned_accession	MTG1	1	E9PI62	Maron2021	False
E9PJ04	E9PJ04	E9PJ04	False	canonical_or_unversioned_accession	SF3B2	3	E9PJ04	Maron2021	False
E9PKC0	E9PKC0	E9PKC0	False	canonical_or_unversioned_accession	PLEKHA7	1	E9PKC0	Maron2021	False
E9PKP7	E9PKP7	E9PKP7	False	canonical_or_unversioned_accession	UBTF	1	E9PKP7	Maron2021	False
E9PMR6	E9PMR6	E9PMR6	False	canonical_or_unversioned_accession	ARHGEF12	1	E9PMR6	Maron2021	False
E9PMS6	E9PMS6	E9PMS6	False	canonical_or_unversioned_accession	LMO7	1	E9PMS6	Maron2021	False
E9PP13	E9PP13	E9PP13	False	canonical_or_unversioned_accession	POLR2M	1	E9PP13	Maron2021	False
E9PR47	E9PR47	E9PR47	False	canonical_or_unversioned_accession	AAMDC	1	E9PR47	Maron2021	False
E9PRY8	E9PRY8	E9PRY8	False	canonical_or_unversioned_accession	EEF1D	4	E9PRY8	Maron2021	False
F2Z2J9	F2Z2J9	F2Z2J9	False	canonical_or_unversioned_accession	PGAM1	6	F2Z2J9	Maron2021	False
F2Z2S5	F2Z2S5	F2Z2S5	False	canonical_or_unversioned_accession	SERP2	1	F2Z2S5	Maron2021	False
F2Z2W7	F2Z2W7	F2Z2W7	False	canonical_or_unversioned_accession	TRMT2A	1	F2Z2W7	Maron2021	False
F5GWR5	F5GWR5	F5GWR5	False	canonical_or_unversioned_accession	FHL1	1	F5GWR5	Maron2021	False
F5GX82	F5GX82	F5GX82	False	canonical_or_unversioned_accession	FRYL	1	F5GX82	Maron2021	False
F5GXA6	F5GXA6	F5GXA6	False	canonical_or_unversioned_accession	HLA-C	4	F5GXA6	Maron2021	False
F5GXD7	F5GXD7	F5GXD7	False	canonical_or_unversioned_accession	ZNF791	1	F5GXD7	Maron2021	False
F5GY05	F5GY05	F5GY05	False	canonical_or_unversioned_accession	FAM120B	4	F5GY05	Maron2021	False
F5GY92	F5GY92	F5GY92	False	canonical_or_unversioned_accession	GPBP1	1	F5GY92	Maron2021	False
F5GYH1	F5GYH1	F5GYH1	False	canonical_or_unversioned_accession	NECAP1	1	F5GYH1	Maron2021	False
F5GYQ1	F5GYQ1	F5GYQ1	False	canonical_or_unversioned_accession	ATP6V0D1	1	F5GYQ1	Maron2021	False
F5GZA2	F5GZA2	F5GZA2	False	canonical_or_unversioned_accession	COL18A1	1	F5GZA2	Maron2021	False
F5GZU4	F5GZU4	F5GZU4	False	canonical_or_unversioned_accession	CCDC120	1	F5GZU4	Maron2021	False
F5GZV7	F5GZV7	F5GZV7	False	canonical_or_unversioned_accession	VAMP1	1	F5GZV7	Maron2021	False
F5GZX4	F5GZX4	F5GZX4	False	canonical_or_unversioned_accession	POLR1B	1	F5GZX4	Maron2021	False
F5H070	F5H070	F5H070	False	canonical_or_unversioned_accession	KDM3A	1	F5H070	Maron2021	False
F5H098	F5H098	F5H098	False	canonical_or_unversioned_accession	MDH1	1	F5H098	Maron2021	False
F5H0B0	F5H0B0	F5H0B0	False	canonical_or_unversioned_accession	TPD52	1	F5H0B0	Maron2021	False
F5H0K4	F5H0K4	F5H0K4	False	canonical_or_unversioned_accession	TAF4B	2	F5H0K4	Maron2021	False
F5H0R1	F5H0R1	F5H0R1	False	canonical_or_unversioned_accession	TUT1	1	F5H0R1	Maron2021	False
F5H148	F5H148	F5H148	False	canonical_or_unversioned_accession	RRN3	1	F5H148	Maron2021	False
F5H1U9	F5H1U9	F5H1U9	False	canonical_or_unversioned_accession	MPDZ	3	F5H1U9	Maron2021	False
F5H1X8	F5H1X8	F5H1X8	False	canonical_or_unversioned_accession	LRBA	1	F5H1X8	Maron2021	False
F5H269	F5H269	F5H269	False	canonical_or_unversioned_accession	DMXL1	2	F5H269	Maron2021	False
F5H2A4	F5H2A4	F5H2A4	False	canonical_or_unversioned_accession	HMGA2	1	F5H2A4	Maron2021	False
F5H2M7	F5H2M7	F5H2M7	False	canonical_or_unversioned_accession	WNK1	2	F5H2M7	Maron2021	False
F5H2S7	F5H2S7	F5H2S7	False	canonical_or_unversioned_accession	DCTN2	1	F5H2S7	Maron2021	False
F5H2U5	F5H2U5	F5H2U5	False	canonical_or_unversioned_accession	RND2	2	F5H2U5	Maron2021	False
F5H301	F5H301	F5H301	False	canonical_or_unversioned_accession	TJP2	1	F5H301	Maron2021	False
F5H315	F5H315	F5H315	False	canonical_or_unversioned_accession	XAB2	1	F5H315	Maron2021	False
F5H385	F5H385	F5H385	False	canonical_or_unversioned_accession	SLC39A3	1	F5H385	Maron2021	False
F5H3A1	F5H3A1	F5H3A1	False	canonical_or_unversioned_accession	ATP1A1	6	F5H3A1	Maron2021	False
F5H3D6	F5H3D6	F5H3D6	False	canonical_or_unversioned_accession	HLTF	1	F5H3D6	Maron2021	False
F5H3I5	F5H3I5	F5H3I5	False	canonical_or_unversioned_accession	CDK5RAP3	3	F5H3I5	Maron2021	False
F5H4C0	F5H4C0	F5H4C0	False	canonical_or_unversioned_accession	ATXN3	1	F5H4C0	Maron2021	False
F5H4D0	F5H4D0	F5H4D0	False	canonical_or_unversioned_accession	CLEC16A	1	F5H4D0	Maron2021	False
F5H4L0	F5H4L0	F5H4L0	False	canonical_or_unversioned_accession	TUBGCP2	1	F5H4L0	Maron2021	False
F5H5E4	F5H5E4	F5H5E4	False	canonical_or_unversioned_accession	BCAT1	2	F5H5E4	Maron2021	False
F5H5S0	F5H5S0	F5H5S0	False	canonical_or_unversioned_accession	RFC5	1	F5H5S0	Maron2021	False
F5H5V6	F5H5V6	F5H5V6	False	canonical_or_unversioned_accession	KDM6A	1	F5H5V6	Maron2021	False
F5H7H5	F5H7H5	F5H7H5	False	canonical_or_unversioned_accession	BEX2	2	F5H7H5	Maron2021	False
F5H7T8	F5H7T8	F5H7T8	False	canonical_or_unversioned_accession	IQCC	1	F5H7T8	Maron2021	False
F5H864	F5H864	F5H864	False	canonical_or_unversioned_accession	KIF21B	1	F5H864	Maron2021	False
F5H874	F5H874	F5H874	False	canonical_or_unversioned_accession	ASCC1	1	F5H874	Maron2021	False
F5H8B1	F5H8B1	F5H8B1	False	canonical_or_unversioned_accession	PCYT2	1	F5H8B1	Maron2021	False
F6S8M0	F6S8M0	F6S8M0	False	canonical_or_unversioned_accession	GNS	1	F6S8M0	Maron2021	False
F6VRR5	F6VRR5	F6VRR5	False	canonical_or_unversioned_accession	POLDIP3	1	F6VRR5	Maron2021	False
F8VNW9	F8VNW9	F8VNW9	False	canonical_or_unversioned_accession	PBX2	1	F8VNW9	Maron2021	False
F8VQD8	F8VQD8	F8VQD8	False	canonical_or_unversioned_accession	CNOT2	1	F8VQD8	Maron2021	False
F8VQP3	F8VQP3	F8VQP3	False	canonical_or_unversioned_accession	CNOT4	1	F8VQP3	Maron2021	False
F8VQY2	F8VQY2	F8VQY2	False	canonical_or_unversioned_accession	UIMC1	2	F8VQY2	Maron2021	False
F8VRQ1	F8VRQ1	F8VRQ1	False	canonical_or_unversioned_accession	HNRNPA1	1	F8VRQ1	Maron2021	False
F8VVA7	F8VVA7	F8VVA7	False	canonical_or_unversioned_accession	COPZ1	2	F8VVA7	Maron2021	False
F8VVT9	F8VVT9	F8VVT9	False	canonical_or_unversioned_accession	AGAP2	1	F8VVT9	Maron2021	False
F8VXG7	F8VXG7	F8VXG7	False	canonical_or_unversioned_accession	SCAF11	4	F8VXG7	Maron2021	False
F8VYA6	F8VYA6	F8VYA6	False	canonical_or_unversioned_accession	STRN4	2	F8VYA6	Maron2021	False
F8VZ49	F8VZ49	F8VZ49	False	canonical_or_unversioned_accession	HNRNPA1	3	F8VZ49	Maron2021	False
F8W0B5	F8W0B5	F8W0B5	False	canonical_or_unversioned_accession	ATXN2	1	F8W0B5	Maron2021	False
F8W0Q9	F8W0Q9	F8W0Q9	False	canonical_or_unversioned_accession	PPHLN1	4	F8W0Q9	Maron2021	False
F8W130	F8W130	F8W130	False	canonical_or_unversioned_accession	TROAP	8	F8W130	Maron2021	False
F8W1P5	F8W1P5	F8W1P5	False	canonical_or_unversioned_accession	APPL2	1	F8W1P5	Maron2021	False
F8W689	F8W689	F8W689	False	canonical_or_unversioned_accession	RFX5	2	F8W689	Maron2021	False
F8W6F6	F8W6F6	F8W6F6	False	canonical_or_unversioned_accession	KIF1A	2	F8W6F6	Maron2021	False
F8W727	F8W727	F8W727	False	canonical_or_unversioned_accession	RPL32	3	F8W727	Maron2021	False
F8W774	F8W774	F8W774	False	canonical_or_unversioned_accession	NRCAM	1	F8W774	Maron2021	False
F8W7U2	F8W7U2	F8W7U2	False	canonical_or_unversioned_accession	DSC2	1	F8W7U2	Maron2021	False
F8W8D3	F8W8D3	F8W8D3	False	canonical_or_unversioned_accession	SLBP	2	F8W8D3	Maron2021	False
F8W9B4	F8W9B4	F8W9B4	False	canonical_or_unversioned_accession	RFC5	1	F8W9B4	Maron2021	False
F8W9B9	F8W9B9	F8W9B9	False	canonical_or_unversioned_accession	SYTL4	2	F8W9B9	Maron2021	False
F8W9H1	F8W9H1	F8W9H1	False	canonical_or_unversioned_accession	CAMKK1	1	F8W9H1	Maron2021	False
F8WA39	F8WA39	F8WA39	False	canonical_or_unversioned_accession	MTMR1	4	F8WA39	Maron2021	False
F8WAA2	F8WAA2	F8WAA2	False	canonical_or_unversioned_accession	ROBO1	3	F8WAA2	Maron2021	False
F8WAF2	F8WAF2	F8WAF2	False	canonical_or_unversioned_accession	CNOT10	1	F8WAF2	Maron2021	False
F8WAP3	F8WAP3	F8WAP3	False	canonical_or_unversioned_accession	PDE4DIP	1	F8WAP3	Maron2021	False
F8WAQ9	F8WAQ9	F8WAQ9	False	canonical_or_unversioned_accession	MAST4	1	F8WAQ9	Maron2021	False
F8WBW8	F8WBW8	F8WBW8	False	canonical_or_unversioned_accession	BAHCC1	4	F8WBW8	Maron2021	False
F8WBZ9	F8WBZ9	F8WBZ9	False	canonical_or_unversioned_accession	TULP3	1	F8WBZ9	Maron2021	False
F8WCA0	F8WCA0	F8WCA0	False	canonical_or_unversioned_accession	VAMP2	1	F8WCA0	Maron2021	False
F8WCS9	F8WCS9	F8WCS9	False	canonical_or_unversioned_accession	FRA10AC1	1	F8WCS9	Maron2021	False
G3V0F8	G3V0F8	G3V0F8	False	canonical_or_unversioned_accession	PTPN6	1	G3V0F8	Maron2021	False
G3V0I6	G3V0I6	G3V0I6	False	canonical_or_unversioned_accession	OTUD4	4	G3V0I6	Maron2021	False
G3V0Z7	G3V0Z7	G3V0Z7	False	canonical_or_unversioned_accession	FBXO41	2	G3V0Z7	Maron2021	False
G3V180	G3V180	G3V180	False	canonical_or_unversioned_accession	DPP3	1	G3V180	Maron2021	False
G3V1M7	G3V1M7	G3V1M7	False	canonical_or_unversioned_accession	ACADVL	2	G3V1M7	Maron2021	False
G3V1N1	G3V1N1	G3V1N1	False	canonical_or_unversioned_accession	NKRF	2	G3V1N1	Maron2021	False
G3V1S2	G3V1S2	G3V1S2	False	canonical_or_unversioned_accession	CUL2	1	G3V1S2	Maron2021	False
G3V1V0	G3V1V0	G3V1V0	False	canonical_or_unversioned_accession	MYL6	2	G3V1V0	Maron2021	False
G3V1Z5	G3V1Z5	G3V1Z5	False	canonical_or_unversioned_accession	BAG6	1	G3V1Z5	Maron2021	False
G3V325	G3V325	G3V325	False	canonical_or_unversioned_accession	PTCD1	1	G3V325	Maron2021	False
G3V5T9	G3V5T9	G3V5T9	False	canonical_or_unversioned_accession	CDK2	1	G3V5T9	Maron2021	False
G3V5U4	G3V5U4	G3V5U4	False	canonical_or_unversioned_accession	PAX2	1	G3V5U4	Maron2021	False
G3XA88	G3XA88	G3XA88	False	canonical_or_unversioned_accession	OS9	1	G3XA88	Maron2021	False
G3XAI2	G3XAI2	G3XAI2	False	canonical_or_unversioned_accession	LAMB1	1	G3XAI2	Maron2021	False
G3XAI5	G3XAI5	G3XAI5	False	canonical_or_unversioned_accession	EOMES	2	G3XAI5	Maron2021	False
G5E927	G5E927	G5E927	False	canonical_or_unversioned_accession	MAZ	2	G5E927	Maron2021	False
G5E982	G5E982	G5E982	False	canonical_or_unversioned_accession	DMPK	1	G5E982	Maron2021	False
G5E9M5	G5E9M5	G5E9M5	False	canonical_or_unversioned_accession	ILF3	10	G5E9M5	Maron2021	False
G5E9P9	G5E9P9	G5E9P9	False	canonical_or_unversioned_accession	RAP1GDS1	1	G5E9P9	Maron2021	False
G5E9Q2	G5E9Q2	G5E9Q2	False	canonical_or_unversioned_accession	CSDE1	4	G5E9Q2	Maron2021	False
G5EA30	G5EA30	G5EA30	False	canonical_or_unversioned_accession	CELF2	2	G5EA30	Maron2021	False
G8JLB6	G8JLB6	G8JLB6	False	canonical_or_unversioned_accession	HNRNPH1	16	G8JLB6	Maron2021	False
G8JLC6	G8JLC6	G8JLC6	False	canonical_or_unversioned_accession	MIA3	4	G8JLC6	Maron2021	False
G8JLI3	G8JLI3	G8JLI3	False	canonical_or_unversioned_accession	PPP6R3	1	G8JLI3	Maron2021	False
G8JLJ4	G8JLJ4	G8JLJ4	False	canonical_or_unversioned_accession	PPP1R18	1	G8JLJ4	Maron2021	False
G8JLL9	G8JLL9	G8JLL9	False	canonical_or_unversioned_accession	MYH14	3	G8JLL9	Maron2021	False
G8JLN3	G8JLN3	G8JLN3	False	canonical_or_unversioned_accession	ZMIZ2	2	G8JLN3	Maron2021	False
H0Y3G8	H0Y3G8	H0Y3G8	False	canonical_or_unversioned_accession	USP7	2	H0Y3G8	Maron2021	False
H0Y3M2	H0Y3M2	H0Y3M2	False	canonical_or_unversioned_accession	ZNF207	2	H0Y3M2	Maron2021	False
H0Y3N5	H0Y3N5	H0Y3N5	False	canonical_or_unversioned_accession	SECISBP2	2	H0Y3N5	Maron2021	False
H0Y4E8	H0Y4E8	H0Y4E8	False	canonical_or_unversioned_accession	SIK3	3	H0Y4E8	Maron2021	False
H0Y5S0	H0Y5S0	H0Y5S0	False	canonical_or_unversioned_accession	TLE4	1	H0Y5S0	Maron2021	False
H0Y7A7	H0Y7A7	H0Y7A7	False	canonical_or_unversioned_accession	CALM2	3	H0Y7A7	Maron2021	False
H0Y7S4	H0Y7S4	H0Y7S4	False	canonical_or_unversioned_accession	PRAMEF26	1	H0Y7S4	Maron2021	False
H0Y8W1	H0Y8W1	H0Y8W1	False	canonical_or_unversioned_accession	ZFR	1	H0Y8W1	Maron2021	False
H0YDQ8	H0YDQ8	H0YDQ8	False	canonical_or_unversioned_accession	CRTC2	1	H0YDQ8	Maron2021	False
H0YEU6	H0YEU6	H0YEU6	False	canonical_or_unversioned_accession	PABPC4	1	H0YEU6	Maron2021	False
H0YG33	H0YG33	H0YG33	False	canonical_or_unversioned_accession	HSPA1B	7	H0YG33	Maron2021	False
H0YG49	H0YG49	H0YG49	False	canonical_or_unversioned_accession	SRSF2	8	H0YG49	Maron2021	False
H0YGP4	H0YGP4	H0YGP4	False	canonical_or_unversioned_accession	CPS1	1	H0YGP4	Maron2021	False
H0YGW6	H0YGW6	H0YGW6	False	canonical_or_unversioned_accession	TIA1	1	H0YGW6	Maron2021	False
H0YIV9	H0YIV9	H0YIV9	False	canonical_or_unversioned_accession	GATC	2	H0YIV9	Maron2021	False
H0YK83	H0YK83	H0YK83	False	canonical_or_unversioned_accession	SEC11A	1	H0YK83	Maron2021	False
H0YM23	H0YM23	H0YM23	False	canonical_or_unversioned_accession	ANKRD17	1	H0YM23	Maron2021	False
H0YMV8	H0YMV8	H0YMV8	False	canonical_or_unversioned_accession	RPS27L	1	H0YMV8	Maron2021	False
H0YNQ7	H0YNQ7	H0YNQ7	False	canonical_or_unversioned_accession	ZNF280D	1	H0YNQ7	Maron2021	False
H3BPH8	H3BPH8	H3BPH8	False	canonical_or_unversioned_accession	NDRG4	1	H3BPH8	Maron2021	False
H3BS42	H3BS42	H3BS42	False	canonical_or_unversioned_accession	ZNF768	1	H3BS42	Maron2021	False
H3BTN1	H3BTN1	H3BTN1	False	canonical_or_unversioned_accession	KIFC3	1	H3BTN1	Maron2021	False
H3BU53	H3BU53	H3BU53	False	canonical_or_unversioned_accession	MGA	3	H3BU53	Maron2021	False
H7BXC7	H7BXC7	H7BXC7	False	canonical_or_unversioned_accession	PLEKHG2	1	H7BXC7	Maron2021	False
H7BXF5	H7BXF5	H7BXF5	False	canonical_or_unversioned_accession	SAP130	3	H7BXF5	Maron2021	False
H7BXH2	H7BXH2	H7BXH2	False	canonical_or_unversioned_accession	PPP6R3	1	H7BXH2	Maron2021	False
H7BXZ5	H7BXZ5	H7BXZ5	False	canonical_or_unversioned_accession	KALRN	2	H7BXZ5	Maron2021	False
H7BZX2	H7BZX2	H7BZX2	False	canonical_or_unversioned_accession	OMA1	1	H7BZX2	Maron2021	False
H9KVB4	H9KVB4	H9KVB4	False	canonical_or_unversioned_accession	TNRC18	1	H9KVB4	Maron2021	False
I3L2J0	I3L2J0	I3L2J0	False	canonical_or_unversioned_accession	CIC	3	I3L2J0	Maron2021	False
J3KMX2	J3KMX2	J3KMX2	False	canonical_or_unversioned_accession	SMARCD2	1	J3KMX2	Maron2021	False
J3KMZ8	J3KMZ8	J3KMZ8	False	canonical_or_unversioned_accession	DPF2	1	J3KMZ8	Maron2021	False
J3KNL6	J3KNL6	J3KNL6	False	canonical_or_unversioned_accession	SEC16A	2	J3KNL6	Maron2021	False
J3KNZ9	J3KNZ9	J3KNZ9	False	canonical_or_unversioned_accession	FBRS	1	J3KNZ9	Maron2021	False
J3KPD3	J3KPD3	J3KPD3	False	canonical_or_unversioned_accession	RBM7	3	J3KPD3	Maron2021	False
J3KPS0	J3KPS0	J3KPS0	False	canonical_or_unversioned_accession	DNAJB12	1	J3KPS0	Maron2021	False
J3KR72	J3KR72	J3KR72	False	canonical_or_unversioned_accession	TAF6	1	J3KR72	Maron2021	False
J3KTL2	J3KTL2	J3KTL2	False	canonical_or_unversioned_accession	SRSF1	2	J3KTL2	Maron2021	False
K7EKI0	K7EKI0	K7EKI0	False	canonical_or_unversioned_accession	EVPL	2	K7EKI0	Maron2021	False
K7EQ55	K7EQ55	K7EQ55	False	canonical_or_unversioned_accession	DAZAP1	1	K7EQ55	Maron2021	False
M0QZ22	M0QZ22	M0QZ22	False	canonical_or_unversioned_accession	SAMD4B	2	M0QZ22	Maron2021	False
M0R116	M0R116	M0R116	False	canonical_or_unversioned_accession	ATP1A3	1	M0R116	Maron2021	False
M0R1V8	M0R1V8	M0R1V8	False	canonical_or_unversioned_accession	NR1H2	1	M0R1V8	Maron2021	False
O00115	O00115	O00115	False	canonical_or_unversioned_accession	DNASE2	1	O00115	Maron2021	False
O00116	O00116	O00116	False	canonical_or_unversioned_accession	AGPS	1	O00116	Maron2021	False
O00139	O00139	O00139	False	canonical_or_unversioned_accession	KIF2A	1	O00139	Maron2021	False
O00148	O00148	O00148	False	canonical_or_unversioned_accession	DDX39A	5	O00148	Maron2021	False
O00159	O00159	O00159	False	canonical_or_unversioned_accession	MYO1C	2	O00159	Maron2021	False
O00161	O00161	O00161	False	canonical_or_unversioned_accession	SNAP23	1	O00161	Maron2021	False
O00165	O00165	O00165	False	canonical_or_unversioned_accession	HAX1	4	O00165	Maron2021	False
O00170	O00170	O00170	False	canonical_or_unversioned_accession	AIP	2	O00170	Maron2021	False
O00178	O00178	O00178	False	canonical_or_unversioned_accession	GTPBP1	2	O00178	Maron2021	False
O00182	O00182	O00182	False	canonical_or_unversioned_accession	LGALS9	1	O00182	Maron2021	False
O00186	O00186	O00186	False	canonical_or_unversioned_accession	STXBP3	1	O00186	Maron2021	False
O00192	O00192	O00192	False	canonical_or_unversioned_accession	ARVCF	5	O00192	Maron2021	False
O00193	O00193	O00193	False	canonical_or_unversioned_accession	SMAP	3	O00193	Maron2021	False
O00203	O00203	O00203	False	canonical_or_unversioned_accession	AP3B2	1	O00203	Maron2021	False
O00204	O00204	O00204	False	canonical_or_unversioned_accession	SULT2B1	1	O00204	Maron2021	False
O00217	O00217	O00217	False	canonical_or_unversioned_accession	NDUFS8	1	O00217	Maron2021	False
O00220	O00220	O00220	False	canonical_or_unversioned_accession	TNFRSF10A	1	O00220	Maron2021;human_ptm_master	False
O00231	O00231	O00231	False	canonical_or_unversioned_accession	PSMD11	2	O00231	Maron2021	False
O00233	O00233	O00233	False	canonical_or_unversioned_accession	PSMD9	1	O00233	Maron2021	False
O00238	O00238	O00238	False	canonical_or_unversioned_accession	BMPR1B	1	O00238	Maron2021	False
O00257	O00257	O00257	False	canonical_or_unversioned_accession	CBX4	1	O00257	Maron2021	False
O00264	O00264	O00264	False	canonical_or_unversioned_accession	PGRMC1	4	O00264	Maron2021	False
O00267	O00267	O00267	False	canonical_or_unversioned_accession	SUPT5H	11	O00267	Maron2021;ProMetheusDB;human_ptm_master	False
O00268	O00268	O00268	False	canonical_or_unversioned_accession	TAF4	5	O00268	Maron2021;human_ptm_master	False
O00273	O00273	O00273	False	canonical_or_unversioned_accession	DFFA	1	O00273	Maron2021	False
O00291	O00291	O00291	False	canonical_or_unversioned_accession	HIP1	2	O00291	Maron2021	False
O00294	O00294	O00294	False	canonical_or_unversioned_accession	TULP1	1	O00294	Maron2021	False
O00299	O00299	O00299	False	canonical_or_unversioned_accession	CLIC1	3	O00299	Maron2021	False
O00303	O00303	O00303	False	canonical_or_unversioned_accession	EIF3F	1	O00303	Maron2021	False
O00330	O00330	O00330	False	canonical_or_unversioned_accession	PDHX	1	O00330	Maron2021	False
O00401	O00401	O00401	False	canonical_or_unversioned_accession	WASL	5	O00401	Maron2021;ProMetheusDB;human_ptm_master	False
O00410	O00410	O00410	False	canonical_or_unversioned_accession	IPO5	1	O00410	Maron2021	False
O00411	O00411	O00411	False	canonical_or_unversioned_accession	POLRMT	2	O00411	Maron2021	False
O00418	O00418	O00418	False	canonical_or_unversioned_accession	EEF2K	1	O00418	Maron2021	False
O00422	O00422	O00422	False	canonical_or_unversioned_accession	SAP18	1	O00422	Maron2021	False
O00429	O00429	O00429	False	canonical_or_unversioned_accession	DNM1L	2	O00429	Maron2021	False
O00443	O00443	O00443	False	canonical_or_unversioned_accession	PIK3C2A	2	O00443	Maron2021	False
O00444	O00444	O00444	False	canonical_or_unversioned_accession	PLK4	2	O00444	Maron2021	False
O00461	O00461	O00461	False	canonical_or_unversioned_accession	GOLIM4	1	O00461	Maron2021	False
O00469	O00469	O00469	False	canonical_or_unversioned_accession	PLOD2	1	O00469	Maron2021	False
O00470	O00470	O00470	False	canonical_or_unversioned_accession	MEIS1	1	O00470	Maron2021	False
O00471	O00471	O00471	False	canonical_or_unversioned_accession	EXOC5	1	O00471	Maron2021	False
O00478	O00478	O00478	False	canonical_or_unversioned_accession	BTN3A3	1	O00478	Maron2021	False
O00481	O00481	O00481	False	canonical_or_unversioned_accession	BTN3A1	1	O00481	Maron2021	False
O00483	O00483	O00483	False	canonical_or_unversioned_accession	NDUFA4	1	O00483	Maron2021	False
O00499	O00499	O00499	False	canonical_or_unversioned_accession	BIN1	1	O00499	Maron2021	False
O00505	O00505	O00505	False	canonical_or_unversioned_accession	KPNA3	2	O00505	Maron2021	False
O00512	O00512	O00512	False	canonical_or_unversioned_accession	BCL9	6	O00512	Maron2021	False
O00515	O00515	O00515	False	canonical_or_unversioned_accession	LAD1	1	O00515	Maron2021;human_ptm_master	False
O00541	O00541	O00541	False	canonical_or_unversioned_accession	PES1	5	O00541	Maron2021	False
O00555	O00555	O00555	False	canonical_or_unversioned_accession	CACNA1A	3	O00555	Maron2021	False
O00562	O00562	O00562	False	canonical_or_unversioned_accession	PITPNM1	2	O00562	Maron2021	False
O00567	O00567	O00567	False	canonical_or_unversioned_accession	NOP56	6	O00567	Maron2021;ProMetheusDB;human_ptm_master	False
O00571	O00571	O00571	False	canonical_or_unversioned_accession	DDX3X	23	O00571	Maron2021;ProMetheusDB;human_ptm_master	False
O00625	O00625	O00625	False	canonical_or_unversioned_accession	PIR	1	O00625	Maron2021	False
O00629	O00629	O00629	False	canonical_or_unversioned_accession	KPNA4	3	O00629	Maron2021	False
O00712	O00712	O00712	False	canonical_or_unversioned_accession	NFIB	2	O00712	Maron2021;ProMetheusDB	False
O00716	O00716	O00716	False	canonical_or_unversioned_accession	E2F3	1	O00716	Maron2021;ProMetheusDB	False
O00743	O00743	O00743	False	canonical_or_unversioned_accession	PPP6C	1	O00743	Maron2021	False
O00754	O00754	O00754	False	canonical_or_unversioned_accession	MAN2B1	2	O00754	Maron2021	False
O00762	O00762	O00762	False	canonical_or_unversioned_accession	UBE2C	2	O00762	Maron2021;human_ptm_master	False
O00764	O00764	O00764	False	canonical_or_unversioned_accession	PDXK	2	O00764	Maron2021	False
O14490	O14490	O14490	False	canonical_or_unversioned_accession	DLGAP1	2	O14490	Maron2021	False
O14497	O14497	O14497	False	canonical_or_unversioned_accession	ARID1A	15	O14497	Maron2021;ProMetheusDB;human_ptm_master	False
O14503	O14503	O14503	False	canonical_or_unversioned_accession	BHLHE40	1	O14503	Maron2021	False
O14511	O14511	O14511	False	canonical_or_unversioned_accession	NRG2	1	O14511	Maron2021	False
O14531	O14531	O14531	False	canonical_or_unversioned_accession	DPYSL4	1	O14531	Maron2021	False
O14559	O14559	O14559	False	canonical_or_unversioned_accession	ARHGAP33	3	O14559	Maron2021	False
O14578	O14578	O14578	False	canonical_or_unversioned_accession	CIT	1	O14578	Maron2021	False
O14579	O14579	O14579	False	canonical_or_unversioned_accession	COPE	3	O14579	Maron2021	False
O14598	O14598	O14598	False	canonical_or_unversioned_accession	VCY	1	O14598	Maron2021	False
O14602	O14602	O14602	False	canonical_or_unversioned_accession	EIF1AY	1	O14602	Maron2021	False
O14617	O14617	O14617	False	canonical_or_unversioned_accession	AP3D1	1	O14617	Maron2021	False
O14618	O14618	O14618	False	canonical_or_unversioned_accession	CCS	2	O14618	Maron2021	False
O14639	O14639	O14639	False	canonical_or_unversioned_accession	ABLIM1	1	O14639	Maron2021	False
O14640	O14640	O14640	False	canonical_or_unversioned_accession	DVL1	1	O14640	Maron2021	False
O14641	O14641	O14641	False	canonical_or_unversioned_accession	DVL2	7	O14641	Maron2021	False
O14646	O14646	O14646	False	canonical_or_unversioned_accession	CHD1	1	O14646	Maron2021	False
O14647	O14647	O14647	False	canonical_or_unversioned_accession	CHD2	6	O14647	Maron2021	False
O14649	O14649	O14649	False	canonical_or_unversioned_accession	KCNK3	1	O14649	Maron2021	False
O14654	O14654	O14654	False	canonical_or_unversioned_accession	IRS4	16	O14654	Maron2021	False
O14686	O14686	O14686	False	canonical_or_unversioned_accession	KMT2D	25	O14686	Maron2021;ProMetheusDB;human_ptm_master	False
O14715	O14715	O14715	False	canonical_or_unversioned_accession	RGPD8	2	O14715	Maron2021	False
O14737	O14737	O14737	False	canonical_or_unversioned_accession	PDCD5	3	O14737	Maron2021	False
O14744	O14744	O14744	False	canonical_or_unversioned_accession	PRMT5	1	O14744	Maron2021	False
O14745	O14745	O14745	False	canonical_or_unversioned_accession	SLC9A3R1	3	O14745	Maron2021	False
O14757	O14757	O14757	False	canonical_or_unversioned_accession	CHEK1	2	O14757	Maron2021	False
O14771	O14771	O14771	False	canonical_or_unversioned_accession	ZNF213	1	O14771	Maron2021	False
O14776	O14776	O14776	False	canonical_or_unversioned_accession	TCERG1	8	O14776	Maron2021;ProMetheusDB;human_ptm_master	False
O14777	O14777	O14777	False	canonical_or_unversioned_accession	NDC80	2	O14777	Maron2021	False
O14787	O14787	O14787	False	canonical_or_unversioned_accession	TNPO2	1	O14787	Maron2021	False
O14802	O14802	O14802	False	canonical_or_unversioned_accession	POLR3A	2	O14802	Maron2021	False
O14818	O14818	O14818	False	canonical_or_unversioned_accession	PSMA7	5	O14818	Maron2021	False
O14867	O14867	O14867	False	canonical_or_unversioned_accession	BACH1	1	O14867	Maron2021	False
O14893	O14893	O14893	False	canonical_or_unversioned_accession	GEMIN2	1	O14893	Maron2021	False
O14908	O14908	O14908	False	canonical_or_unversioned_accession	GIPC1	7	O14908	Maron2021;ProMetheusDB	False
O14924	O14924	O14924	False	canonical_or_unversioned_accession	RGS12	3	O14924	Maron2021;human_ptm_master	False
O14929	O14929	O14929	False	canonical_or_unversioned_accession	HAT1	1	O14929	Maron2021	False
O14949	O14949	O14949	False	canonical_or_unversioned_accession	UQCRQ	2	O14949	Maron2021	False
O14950	O14950	O14950	False	canonical_or_unversioned_accession	MYL12B	1	O14950	Maron2021	False
O14964	O14964	O14964	False	canonical_or_unversioned_accession	HGS	1	O14964	Maron2021	False
O14967	O14967	O14967	False	canonical_or_unversioned_accession	CLGN	1	O14967	Maron2021	False
O14976	O14976	O14976	False	canonical_or_unversioned_accession	GAK	2	O14976	Maron2021	False
O14979	O14979	O14979	False	canonical_or_unversioned_accession	HNRNPDL	11	O14979	Maron2021;ProMetheusDB;human_ptm_master	False
O14980	O14980	O14980	False	canonical_or_unversioned_accession	XPO1	2	O14980	Maron2021	False
O15014	O15014	O15014	False	canonical_or_unversioned_accession	ZNF609	2	O15014	Maron2021	False
O15015	O15015	O15015	False	canonical_or_unversioned_accession	ZNF646	1	O15015	Maron2021	False
O15018	O15018	O15018	False	canonical_or_unversioned_accession	PDZD2	2	O15018	Maron2021	False
O15020	O15020	O15020	False	canonical_or_unversioned_accession	SPTBN2	1	O15020	Maron2021	False
O15021	O15021	O15021	False	canonical_or_unversioned_accession	MAST4	4	O15021	Maron2021	False
O15027	O15027	O15027	False	canonical_or_unversioned_accession	SEC16A	10	O15027	Maron2021	False
O15031	O15031	O15031	False	canonical_or_unversioned_accession	PLXNB2	2	O15031	Maron2021	False
O15037	O15037	O15037	False	canonical_or_unversioned_accession	KHNYN	6	O15037	Maron2021	False
O15042	O15042	O15042	False	canonical_or_unversioned_accession	U2SURP	3	O15042	Maron2021	False
O15047	O15047	O15047	False	canonical_or_unversioned_accession	SETD1A	7	O15047	Maron2021;ProMetheusDB	False
O15050	O15050	O15050	False	canonical_or_unversioned_accession	TRANK1	1	O15050	Maron2021	False
O15061	O15061	O15061	False	canonical_or_unversioned_accession	SYNM	2	O15061	Maron2021	False
O15062	O15062	O15062	False	canonical_or_unversioned_accession	ZBTB5	1	O15062	Maron2021	False
O15066	O15066	O15066	False	canonical_or_unversioned_accession	KIF3B	1	O15066	Maron2021	False
O15067	O15067	O15067	False	canonical_or_unversioned_accession	PFAS	6	O15067	Maron2021	False
O15069	O15069	O15069	False	canonical_or_unversioned_accession	NACAD	1	O15069	Maron2021	False
O15083	O15083	O15083	False	canonical_or_unversioned_accession	ERC2	3	O15083	Maron2021	False
O15119	O15119	O15119	False	canonical_or_unversioned_accession	TBX3	1	O15119	Maron2021	False
O15156	O15156	O15156	False	canonical_or_unversioned_accession	ZBTB7B	2	O15156	Maron2021	False
O15160	O15160	O15160	False	canonical_or_unversioned_accession	POLR1C	2	O15160	Maron2021	False
O15164	O15164	O15164	False	canonical_or_unversioned_accession	TRIM24	5	O15164	Maron2021;ProMetheusDB	False
O15165	O15165	O15165	False	canonical_or_unversioned_accession	LDLRAD4	1	O15165	Maron2021	False
O15169	O15169	O15169	False	canonical_or_unversioned_accession	AXIN1	1	O15169	Maron2021	False
O15173	O15173	O15173	False	canonical_or_unversioned_accession	PGRMC2	3	O15173	Maron2021	False
O15182	O15182	O15182	False	canonical_or_unversioned_accession	CETN3	1	O15182	Maron2021	False
O15209	O15209	O15209	False	canonical_or_unversioned_accession	ZBTB22	1	O15209	Maron2021	False
O15226	O15226	O15226	False	canonical_or_unversioned_accession	NKRF	1	O15226	Maron2021	False
O15230	O15230	O15230	False	canonical_or_unversioned_accession	LAMA5	1	O15230	Maron2021	False
O15231	O15231	O15231	False	canonical_or_unversioned_accession	ZNF185	1	O15231	Maron2021;ProMetheusDB	False
O15234	O15234	O15234	False	canonical_or_unversioned_accession	CASC3	9	O15234	Maron2021	False
O15235	O15235	O15235	False	canonical_or_unversioned_accession	MRPS12	1	O15235	ProMetheusDB	False
O15239	O15239	O15239	False	canonical_or_unversioned_accession	NDUFA1	1	O15239	Maron2021	False
O15265	O15265	O15265	False	canonical_or_unversioned_accession	ATXN7	1	O15265	Maron2021	False
O15270	O15270	O15270	False	canonical_or_unversioned_accession	SPTLC2	1	O15270	Maron2021	False
O15318	O15318	O15318	False	canonical_or_unversioned_accession	POLR3G	2	O15318	Maron2021	False
O15320	O15320	O15320	False	canonical_or_unversioned_accession	MIA2	8	O15320	Maron2021	False
O15344	O15344	O15344	False	canonical_or_unversioned_accession	MID1	2	O15344	Maron2021	False
O15347	O15347	O15347	False	canonical_or_unversioned_accession	HMGB3	1	O15347	Maron2021	False
O15355	O15355	O15355	False	canonical_or_unversioned_accession	PPM1G	1	O15355	Maron2021;human_ptm_master	False
O15357	O15357	O15357	False	canonical_or_unversioned_accession	INPPL1	7	O15357	Maron2021	False
O15360	O15360	O15360	False	canonical_or_unversioned_accession	FANCA	1	O15360	Maron2021	False
O15370	O15370	O15370	False	canonical_or_unversioned_accession	SOX12	2	O15370	Maron2021	False
O15371	O15371	O15371	False	canonical_or_unversioned_accession	EIF3D	6	O15371	Maron2021;ProMetheusDB	False
O15372	O15372	O15372	False	canonical_or_unversioned_accession	EIF3H	1	O15372	Maron2021	False
O15397	O15397	O15397	False	canonical_or_unversioned_accession	IPO8	2	O15397	Maron2021	False
O15417	O15417	O15417	False	canonical_or_unversioned_accession	TNRC18	3	O15417	Maron2021	False
O15439	O15439	O15439	False	canonical_or_unversioned_accession	ABCC4	2	O15439	Maron2021	False
O15446	O15446	O15446	False	canonical_or_unversioned_accession	CD3EAP	3	O15446	Maron2021	False
O15481	O15481	O15481	False	canonical_or_unversioned_accession	MAGEB4	1	O15481	Maron2021	False
O15488	O15488	O15488	False	canonical_or_unversioned_accession	GYG2	2	O15488	Maron2021	False
O15498	O15498	O15498	False	canonical_or_unversioned_accession	YKT6	1	O15498	Maron2021	False
O15504	O15504	O15504	False	canonical_or_unversioned_accession	NUPL2	2	O15504	Maron2021	False
O15511	O15511	O15511	False	canonical_or_unversioned_accession	ARPC5	2	O15511	Maron2021	False
O15516	O15516	O15516	False	canonical_or_unversioned_accession	CLOCK	1	O15516	Maron2021	False
O15519	O15519	O15519	False	canonical_or_unversioned_accession	CFLAR	1	O15519	Maron2021	False
O15523	O15523	O15523	False	canonical_or_unversioned_accession	DDX3Y	13	O15523	Maron2021	False
O15534	O15534	O15534	False	canonical_or_unversioned_accession	PER1	5	O15534	Maron2021	False
O15552	O15552	O15552	False	canonical_or_unversioned_accession	FFAR2	3	O15552	Maron2021	False
O15553	O15553	O15553	False	canonical_or_unversioned_accession	MEFV	1	O15553	Maron2021	False
O43143	O43143	O43143	False	canonical_or_unversioned_accession	DHX15	3	O43143	Maron2021	False
O43147	O43147	O43147	False	canonical_or_unversioned_accession	SGSM2	2	O43147	Maron2021	False
O43149	O43149	O43149	False	canonical_or_unversioned_accession	ZZEF1	1	O43149	Maron2021	False
O43157	O43157	O43157	False	canonical_or_unversioned_accession	PLXNB1	1	O43157	Maron2021	False
O43159	O43159	O43159	False	canonical_or_unversioned_accession	RRP8	1	O43159	Maron2021	False
O43172	O43172	O43172	False	canonical_or_unversioned_accession	PRPF4	1	O43172	Maron2021	False
O43175	O43175	O43175	False	canonical_or_unversioned_accession	PHGDH	6	O43175	Maron2021	False
O43182	O43182	O43182	False	canonical_or_unversioned_accession	ARHGAP6	3	O43182	Maron2021	False
O43184	O43184	O43184	False	canonical_or_unversioned_accession	ADAM12	2	O43184	Maron2021	False
O43189	O43189	O43189	False	canonical_or_unversioned_accession	PHF1	1	O43189	Maron2021	False
O43193	O43193	O43193	False	canonical_or_unversioned_accession	MLNR	1	O43193	Maron2021	False
O43237	O43237	O43237	False	canonical_or_unversioned_accession	DYNC1LI2	3	O43237	Maron2021;ProMetheusDB;human_ptm_master	False
O43251	O43251	O43251	False	canonical_or_unversioned_accession	RBFOX2	10	O43251	Maron2021;ProMetheusDB;human_ptm_master	False
O43252	O43252	O43252	False	canonical_or_unversioned_accession	PAPSS2	4	O43252	Maron2021	False
O43290	O43290	O43290	False	canonical_or_unversioned_accession	SART1	3	O43290	Maron2021	False
O43293	O43293	O43293	False	canonical_or_unversioned_accession	DAPK3	2	O43293	Maron2021	False
O43299	O43299	O43299	False	canonical_or_unversioned_accession	AP5Z1	3	O43299	Maron2021	False
O43307	O43307	O43307	False	canonical_or_unversioned_accession	ARHGEF9	1	O43307	Maron2021	False
O43314	O43314	O43314	False	canonical_or_unversioned_accession	PPIP5K2	1	O43314	Maron2021	False
O43324	O43324	O43324	False	canonical_or_unversioned_accession	EEF1E1	1	O43324	Maron2021	False
O43347	O43347	O43347	False	canonical_or_unversioned_accession	MSI1	3	O43347	Maron2021	False
O43353	O43353	O43353	False	canonical_or_unversioned_accession	RIPK2	1	O43353	Maron2021	False
O43379	O43379	O43379	False	canonical_or_unversioned_accession	WDR62	1	O43379	Maron2021	False
O43390	O43390	O43390	False	canonical_or_unversioned_accession	HNRNPR	18	O43390	Maron2021;ProMetheusDB	False
O43395	O43395	O43395	False	canonical_or_unversioned_accession	PRPF3	1	O43395	Maron2021	False
O43399	O43399	O43399	False	canonical_or_unversioned_accession	TPD52L2	1	O43399	Maron2021	False
O43402	O43402	O43402	False	canonical_or_unversioned_accession	COX4NB	1	O43402	Maron2021	False
O43414	O43414	O43414	False	canonical_or_unversioned_accession	ERI3	2	O43414	Maron2021	False
O43424	O43424	O43424	False	canonical_or_unversioned_accession	GRID2	2	O43424	Maron2021	False
O43426	O43426	O43426	False	canonical_or_unversioned_accession	SYNJ1	2	O43426	Maron2021	False
O43427	O43427	O43427	False	canonical_or_unversioned_accession	FIBP	1	O43427	Maron2021	False
O43432	O43432	O43432	False	canonical_or_unversioned_accession	EIF4G3	4	O43432	Maron2021;ProMetheusDB	False
O43447	O43447	O43447	False	canonical_or_unversioned_accession	PPIH	2	O43447	Maron2021	False
O43464	O43464	O43464	False	canonical_or_unversioned_accession	HTRA2	5	O43464	Maron2021	False
O43482	O43482	O43482	False	canonical_or_unversioned_accession	OIP5	2	O43482	Maron2021	False
O43488	O43488	O43488	False	canonical_or_unversioned_accession	AKR7A2	4	O43488	Maron2021	False
O43491	O43491	O43491	False	canonical_or_unversioned_accession	EPB41L2	4	O43491	Maron2021	False
O43497	O43497	O43497	False	canonical_or_unversioned_accession	CACNA1G	5	O43497	Maron2021	False
O43516	O43516	O43516	False	canonical_or_unversioned_accession	WIPF1	13	O43516	Maron2021;ProMetheusDB	False
O43520	O43520	O43520	False	canonical_or_unversioned_accession	ATP8B1	1	O43520	Maron2021	False
O43541	O43541	O43541	False	canonical_or_unversioned_accession	SMAD6	1	O43541	Maron2021	False
O43566	O43566	O43566	False	canonical_or_unversioned_accession	RGS14	1	O43566	Maron2021	False
O43572	O43572	O43572	False	canonical_or_unversioned_accession	AKAP10	2	O43572	Maron2021	False
O43593	O43593	O43593	False	canonical_or_unversioned_accession	HR	1	O43593	Maron2021	False
O43598	O43598	O43598	False	canonical_or_unversioned_accession	RCL	7	O43598	Maron2021	False
O43638	O43638	O43638	False	canonical_or_unversioned_accession	FOXS1	2	O43638	Maron2021	False
O43657	O43657	O43657	False	canonical_or_unversioned_accession	TSPAN6	1	O43657	Maron2021	False
O43663	O43663	O43663	False	canonical_or_unversioned_accession	PRC1	5	O43663	Maron2021	False
O43665	O43665	O43665	False	canonical_or_unversioned_accession	RGS10	2	O43665	Maron2021	False
O43670	O43670	O43670	False	canonical_or_unversioned_accession	ZNF207	2	O43670	Maron2021	False
O43678	O43678	O43678	False	canonical_or_unversioned_accession	NDUFA2	1	O43678	Maron2021	False
O43679	O43679	O43679	False	canonical_or_unversioned_accession	LDB2	1	O43679	Maron2021	False
O43681	O43681	O43681	False	canonical_or_unversioned_accession	ASNA1	1	O43681	Maron2021	False
O43684	O43684	O43684	False	canonical_or_unversioned_accession	BUB3	4	O43684	Maron2021	False
O43707	O43707	O43707	False	canonical_or_unversioned_accession	ACTN4	8	O43707	Maron2021	False
O43709	O43709	O43709	False	canonical_or_unversioned_accession	WBSCR22	5	O43709	Maron2021	False
O43715	O43715	O43715	False	canonical_or_unversioned_accession	TRIAP1	1	O43715	Maron2021	False
O43716	O43716	O43716	False	canonical_or_unversioned_accession	GATC	1	O43716	Maron2021	False
O43719	O43719	O43719	False	canonical_or_unversioned_accession	HTATSF1	9	O43719	Maron2021	False
O43734	O43734	O43734	False	canonical_or_unversioned_accession	TRAF3IP2	1	O43734	Maron2021	False
O43760	O43760	O43760	False	canonical_or_unversioned_accession	SYNGR2	1	O43760	Maron2021	False
O43765	O43765	O43765	False	canonical_or_unversioned_accession	SGTA	2	O43765	Maron2021	False
O43772	O43772	O43772	False	canonical_or_unversioned_accession	SLC25A20	1	O43772	Maron2021	False
O43776	O43776	O43776	False	canonical_or_unversioned_accession	NARS	3	O43776	Maron2021	False
O43809	O43809	O43809	False	canonical_or_unversioned_accession	NUDT21	2	O43809	Maron2021;ProMetheusDB;human_ptm_master	False
O43815	O43815	O43815	False	canonical_or_unversioned_accession	STRN	1	O43815	Maron2021	False
O43818	O43818	O43818	False	canonical_or_unversioned_accession	RRP9	3	O43818	Maron2021;human_ptm_master	False
O43819	O43819	O43819	False	canonical_or_unversioned_accession	SCO2	1	O43819	Maron2021	False
O43823	O43823	O43823	False	canonical_or_unversioned_accession	AKAP8	9	O43823	Maron2021;ProMetheusDB;human_ptm_master	False
O43824	O43824	O43824	False	canonical_or_unversioned_accession	GTPBP6	6	O43824	Maron2021	False
O43852	O43852	O43852	False	canonical_or_unversioned_accession	CALU	1	O43852	Maron2021	False
O43865	O43865	O43865	False	canonical_or_unversioned_accession	AHCYL1	3	O43865	Maron2021	False
O43896	O43896	O43896	False	canonical_or_unversioned_accession	KIF1C	8	O43896	Maron2021;ProMetheusDB;human_ptm_master	False
O43900	O43900	O43900	False	canonical_or_unversioned_accession	PRICKLE3	2	O43900	Maron2021	False
O43924	O43924	O43924	False	canonical_or_unversioned_accession	PDE6D	1	O43924	Maron2021	False
O43929	O43929	O43929	False	canonical_or_unversioned_accession	ORC4	1	O43929	Maron2021	False
O60216	O60216	O60216	False	canonical_or_unversioned_accession	RAD21	3	O60216	Maron2021	False
O60218	O60218	O60218	False	canonical_or_unversioned_accession	AKR1B10	2	O60218	Maron2021	False
O60229	O60229	O60229	False	canonical_or_unversioned_accession	KALRN	2	O60229	Maron2021	False
O60231	O60231	O60231	False	canonical_or_unversioned_accession	DHX16	1	O60231	Maron2021	False
O60232	O60232	O60232	False	canonical_or_unversioned_accession	SSSCA1	1	O60232	Maron2021	False
O60237	O60237	O60237	False	canonical_or_unversioned_accession	PPP1R12B	1	O60237	Maron2021	False
O60241	O60241	O60241	False	canonical_or_unversioned_accession	ADGRB2	3	O60241	Maron2021	False
O60244	O60244	O60244	False	canonical_or_unversioned_accession	MED14	2	O60244	Maron2021	False
O60264	O60264	O60264	False	canonical_or_unversioned_accession	SMARCA5	3	O60264	Maron2021;ProMetheusDB	False
O60269	O60269	O60269	False	canonical_or_unversioned_accession	GPRIN2	3	O60269	Maron2021	False
O60271	O60271	O60271	False	canonical_or_unversioned_accession	SPAG9	2	O60271	Maron2021	False
O60279	O60279	O60279	False	canonical_or_unversioned_accession	SUSD5	1	O60279	Maron2021	False
O60282	O60282	O60282	False	canonical_or_unversioned_accession	KIF5C	3	O60282	Maron2021	False
O60285	O60285	O60285	False	canonical_or_unversioned_accession	NUAK1	1	O60285	Maron2021	False
O60293	O60293	O60293	False	canonical_or_unversioned_accession	ZFC3H1	11	O60293	Maron2021;ProMetheusDB	False
O60294	O60294	O60294	False	canonical_or_unversioned_accession	LCMT2	1	O60294	Maron2021	False
O60299	O60299	O60299	False	canonical_or_unversioned_accession	PROSAPIP1	1	O60299	Maron2021	False
O60307	O60307	O60307	False	canonical_or_unversioned_accession	MAST3	2	O60307	Maron2021	False
O60313	O60313	O60313	False	canonical_or_unversioned_accession	OPA1	2	O60313	Maron2021	False
O60318	O60318	O60318	False	canonical_or_unversioned_accession	MCM3AP	2	O60318	Maron2021	False
O60331	O60331	O60331	False	canonical_or_unversioned_accession	PIP5K1C	1	O60331	Maron2021	False
O60333	O60333	O60333	False	canonical_or_unversioned_accession	KIF1B	2	O60333	Maron2021	False
O60341	O60341	O60341	False	canonical_or_unversioned_accession	KDM1A	2	O60341	Maron2021	False
O60343	O60343	O60343	False	canonical_or_unversioned_accession	TBC1D4	1	O60343	Maron2021	False
O60346	O60346	O60346	False	canonical_or_unversioned_accession	PHLPP1	1	O60346	Maron2021	False
O60347	O60347	O60347	False	canonical_or_unversioned_accession	TBC1D12	1	O60347	Maron2021	False
O60462	O60462	O60462	False	canonical_or_unversioned_accession	NRP2	2	O60462	Maron2021	False
O60469	O60469	O60469	False	canonical_or_unversioned_accession	DSCAM	1	O60469	Maron2021	False
O60477	O60477	O60477	False	canonical_or_unversioned_accession	BRINP1	1	O60477	Maron2021	False
O60486	O60486	O60486	False	canonical_or_unversioned_accession	PLXNC1	2	O60486	Maron2021	False
O60493	O60493	O60493	False	canonical_or_unversioned_accession	SNX3	3	O60493	Maron2021;ProMetheusDB;human_ptm_master	False
O60494	O60494	O60494	False	canonical_or_unversioned_accession	CUBN	1	O60494	Maron2021	False
O60504	O60504	O60504	False	canonical_or_unversioned_accession	SORBS3	1	O60504	Maron2021	False
O60506	O60506	O60506	False	canonical_or_unversioned_accession	SYNCRIP	24	O60506	Maron2021;ProMetheusDB;human_ptm_master	False
O60508	O60508	O60508	False	canonical_or_unversioned_accession	CDC40	2	O60508	Maron2021	False
O60518	O60518	O60518	False	canonical_or_unversioned_accession	RANBP6	1	O60518	Maron2021	False
O60519	O60519	O60519	False	canonical_or_unversioned_accession	CREBL2	1	O60519	Maron2021	False
O60547	O60547	O60547	False	canonical_or_unversioned_accession	GMDS	1	O60547	Maron2021	False
O60566	O60566	O60566	False	canonical_or_unversioned_accession	BUB1B	1	O60566	Maron2021	False
O60568	O60568	O60568	False	canonical_or_unversioned_accession	PLOD3	2	O60568	Maron2021	False
O60573	O60573	O60573	False	canonical_or_unversioned_accession	EIF4E2	2	O60573	Maron2021;ProMetheusDB	False
O60610	O60610	O60610	False	canonical_or_unversioned_accession	DIAPH1	2	O60610	Maron2021;ProMetheusDB	False
O60613	O60613	O60613	False	canonical_or_unversioned_accession	SELENOF	1	O60613	Maron2021	False
O60664	O60664	O60664	False	canonical_or_unversioned_accession	PLIN3	1	O60664	Maron2021	False
O60678	O60678	O60678	False	canonical_or_unversioned_accession	PRMT3	2	O60678	Maron2021	False
O60683	O60683	O60683	False	canonical_or_unversioned_accession	PEX10	2	O60683	Maron2021	False
O60684	O60684	O60684	False	canonical_or_unversioned_accession	KPNA6	2	O60684	Maron2021	False
O60716	O60716	O60716	False	canonical_or_unversioned_accession	CTNND1	7	O60716	Maron2021	False
O60749	O60749	O60749	False	canonical_or_unversioned_accession	SNX2	2	O60749	Maron2021	False
O60755	O60755	O60755	False	canonical_or_unversioned_accession	GALR3	3	O60755	Maron2021	False
O60760	O60760	O60760	False	canonical_or_unversioned_accession	HPGDS	1	O60760	Maron2021	False
O60762	O60762	O60762	False	canonical_or_unversioned_accession	DPM1	1	O60762	Maron2021	False
O60763	O60763	O60763	False	canonical_or_unversioned_accession	USO1	5	O60763	Maron2021	False
O60765	O60765	O60765	False	canonical_or_unversioned_accession	ZNF354A	1	O60765	ProMetheusDB	False
O60813	O60813	O60813	False	canonical_or_unversioned_accession	PRAMEF11	1	O60813	Maron2021	False
O60814	O60814	O60814	False	canonical_or_unversioned_accession	H2BC12	5	O60814	Maron2021;ProMetheusDB	False
O60828	O60828	O60828	False	canonical_or_unversioned_accession	PQBP1	2	O60828	Maron2021	False
O60829	O60829	O60829	False	canonical_or_unversioned_accession	PAGE4	1	O60829	Maron2021	False
O60830	O60830	O60830	False	canonical_or_unversioned_accession	TIMM17B	1	O60830	Maron2021	False
O60841	O60841	O60841	False	canonical_or_unversioned_accession	EIF5B	1	O60841	Maron2021	False
O60869	O60869	O60869	False	canonical_or_unversioned_accession	EDF1	2	O60869	Maron2021	False
O60870	O60870	O60870	False	canonical_or_unversioned_accession	KIN	1	O60870	Maron2021	False
O60880	O60880	O60880	False	canonical_or_unversioned_accession	SH2D1A	1	O60880	Maron2021	False
O60884	O60884	O60884	False	canonical_or_unversioned_accession	DNAJA2	3	O60884	Maron2021	False
O60885	O60885	O60885	False	canonical_or_unversioned_accession	BRD4	4	O60885	Maron2021	False
O60907	O60907	O60907	False	canonical_or_unversioned_accession	TBL1X	2	O60907	Maron2021	False
O60930	O60930	O60930	False	canonical_or_unversioned_accession	RNASEH1	3	O60930	Maron2021	False
O60942	O60942	O60942	False	canonical_or_unversioned_accession	RNGTT	1	O60942	Maron2021	False
O75023	O75023	O75023	False	canonical_or_unversioned_accession	LILRB5	1	O75023	Maron2021	False
O75027	O75027	O75027	False	canonical_or_unversioned_accession	ABCB7	1	O75027	Maron2021	False
O75030	O75030	O75030	False	canonical_or_unversioned_accession	MITF	1	O75030	Maron2021	False
O75037	O75037	O75037	False	canonical_or_unversioned_accession	KIF21B	1	O75037	Maron2021	False
O75052	O75052	O75052	False	canonical_or_unversioned_accession	NOS1AP	1	O75052	Maron2021	False
O75061	O75061	O75061	False	canonical_or_unversioned_accession	DNAJC6	1	O75061	Maron2021	False
O75064	O75064	O75064	False	canonical_or_unversioned_accession	DENND4B	4	O75064	Maron2021	False
O75083	O75083	O75083	False	canonical_or_unversioned_accession	WDR1	3	O75083	Maron2021	False
O75096	O75096	O75096	False	canonical_or_unversioned_accession	LRP4	1	O75096	Maron2021	False
O75112	O75112	O75112	False	canonical_or_unversioned_accession	LDB3	1	O75112	Maron2021	False
O75113	O75113	O75113	False	canonical_or_unversioned_accession	N4BP1	2	O75113	Maron2021	False
O75122	O75122	O75122	False	canonical_or_unversioned_accession	CLASP2	4	O75122	Maron2021	False
O75123	O75123	O75123	False	canonical_or_unversioned_accession	ZNF623	1	O75123	Maron2021	False
O75127	O75127	O75127	False	canonical_or_unversioned_accession	PTCD1	1	O75127	Maron2021;ProMetheusDB	False
O75128	O75128	O75128	False	canonical_or_unversioned_accession	COBL	2	O75128	Maron2021	False
O75145	O75145	O75145	False	canonical_or_unversioned_accession	PPFIA3	2	O75145	Maron2021	False
O75150	O75150	O75150	False	canonical_or_unversioned_accession	RNF40	1	O75150	Maron2021	False
O75152	O75152	O75152	False	canonical_or_unversioned_accession	ZC3H11A	3	O75152	Maron2021	False
O75155	O75155	O75155	False	canonical_or_unversioned_accession	CAND2	1	O75155	Maron2021	False
O75175	O75175	O75175	False	canonical_or_unversioned_accession	CNOT3	2	O75175	Maron2021	False
O75179	O75179	O75179	False	canonical_or_unversioned_accession	ANKRD17	9	O75179	Maron2021;ProMetheusDB	False
O75182	O75182	O75182	False	canonical_or_unversioned_accession	SIN3B	2	O75182	Maron2021	False
O75190	O75190	O75190	False	canonical_or_unversioned_accession	DNAJB6	1	O75190	Maron2021	False
O75208	O75208	O75208	False	canonical_or_unversioned_accession	COQ9	2	O75208	Maron2021	False
O75251	O75251	O75251	False	canonical_or_unversioned_accession	NDUFS7	1	O75251	Maron2021	False
O75306	O75306	O75306	False	canonical_or_unversioned_accession	NDUFS2	3	O75306	Maron2021;ProMetheusDB	False
O75319	O75319	O75319	False	canonical_or_unversioned_accession	DUSP11	6	O75319	Maron2021	False
O75323	O75323	O75323	False	canonical_or_unversioned_accession	GBAS	3	O75323	Maron2021	False
O75326	O75326	O75326	False	canonical_or_unversioned_accession	SEMA7A	1	O75326	Maron2021	False
O75335	O75335	O75335	False	canonical_or_unversioned_accession	PPFIA4	1	O75335	Maron2021	False
O75340	O75340	O75340	False	canonical_or_unversioned_accession	PDCD6	2	O75340	Maron2021	False
O75342	O75342	O75342	False	canonical_or_unversioned_accession	ALOX12B	1	O75342	Maron2021	False
O75347	O75347	O75347	False	canonical_or_unversioned_accession	TBCA	1	O75347	Maron2021	False
O75348	O75348	O75348	False	canonical_or_unversioned_accession	ATP6V1G1	1	O75348	Maron2021	False
O75367	O75367	O75367	False	canonical_or_unversioned_accession	H2AFY	2	O75367	Maron2021	False
O75369	O75369	O75369	False	canonical_or_unversioned_accession	FLNB	9	O75369	Maron2021	False
O75376	O75376	O75376	False	canonical_or_unversioned_accession	NCOR1	19	O75376	Maron2021;ProMetheusDB	False
O75381	O75381	O75381	False	canonical_or_unversioned_accession	PEX14	1	O75381	Maron2021	False
O75382	O75382	O75382	False	canonical_or_unversioned_accession	TRIM3	2	O75382	Maron2021	False
O75385	O75385	O75385	False	canonical_or_unversioned_accession	ULK1	3	O75385	Maron2021	False
O75390	O75390	O75390	False	canonical_or_unversioned_accession	CS	1	O75390	Maron2021	False
O75400	O75400	O75400	False	canonical_or_unversioned_accession	PRPF40A	6	O75400	Maron2021;ProMetheusDB	False
O75419	O75419	O75419	False	canonical_or_unversioned_accession	CDC45	1	O75419	Maron2021	False
O75420	O75420	O75420	False	canonical_or_unversioned_accession	GIGYF1	2	O75420	Maron2021	False
O75431	O75431	O75431	False	canonical_or_unversioned_accession	MTX2	1	O75431	Maron2021	False
O75445	O75445	O75445	False	canonical_or_unversioned_accession	USH2A	1	O75445	Maron2021	False
O75449	O75449	O75449	False	canonical_or_unversioned_accession	KATNA1	1	O75449	Maron2021	False
O75467	O75467	O75467	False	canonical_or_unversioned_accession	ZNF324	3	O75467	Maron2021	False
O75475	O75475	O75475	False	canonical_or_unversioned_accession	PSIP1	1	O75475	Maron2021	False
O75493	O75493	O75493	False	canonical_or_unversioned_accession	CA11	1	O75493	Maron2021	False
O75494	O75494	O75494	False	canonical_or_unversioned_accession	FUSIP1	6	O75494	Maron2021;ProMetheusDB	False
O75525	O75525	O75525	False	canonical_or_unversioned_accession	KHDRBS3	14	O75525	Maron2021;ProMetheusDB	False
O75526	O75526	O75526	False	canonical_or_unversioned_accession	RBMXL2	3	O75526	Maron2021	False
O75528	O75528	O75528	False	canonical_or_unversioned_accession	TADA3	1	O75528	Maron2021	False
O75531	O75531	O75531	False	canonical_or_unversioned_accession	BANF1	4	O75531	Maron2021	False
O75533	O75533	O75533	False	canonical_or_unversioned_accession	SF3B1	9	O75533	Maron2021	False
O75534	O75534	O75534	False	canonical_or_unversioned_accession	CSDE1	3	O75534	Maron2021	False
O75581	O75581	O75581	False	canonical_or_unversioned_accession	LRP6	1	O75581	Maron2021	False
O75592	O75592	O75592	False	canonical_or_unversioned_accession	MYCBP2	2	O75592	Maron2021	False
O75607	O75607	O75607	False	canonical_or_unversioned_accession	NPM3	2	O75607	Maron2021;human_ptm_master	False
O75626	O75626	O75626	False	canonical_or_unversioned_accession	PRDM1	1	O75626	Maron2021	False
O75638	O75638	O75638	False	canonical_or_unversioned_accession	CTAG2	1	O75638	Maron2021	False
O75643	O75643	O75643	False	canonical_or_unversioned_accession	SNRNP200	2	O75643	Maron2021	False
O75676	O75676	O75676	False	canonical_or_unversioned_accession	RPS6KA4	1	O75676	Maron2021	False
O75694	O75694	O75694	False	canonical_or_unversioned_accession	NUP155	1	O75694	Maron2021	False
O75781	O75781	O75781	False	canonical_or_unversioned_accession	PALM	2	O75781	Maron2021	False
O75787	O75787	O75787	False	canonical_or_unversioned_accession	ATP6AP2	1	O75787	Maron2021	False
O75791	O75791	O75791	False	canonical_or_unversioned_accession	GRAP2	2	O75791	Maron2021	False
O75792	O75792	O75792	False	canonical_or_unversioned_accession	RNASEH2A	3	O75792	Maron2021	False
O75815	O75815	O75815	False	canonical_or_unversioned_accession	BCAR3	1	O75815	Maron2021;human_ptm_master	False
O75817	O75817	O75817	False	canonical_or_unversioned_accession	POP7	1	O75817	Maron2021	False
O75821	O75821	O75821	False	canonical_or_unversioned_accession	EIF3G	1	O75821	Maron2021	False
O75822	O75822	O75822	False	canonical_or_unversioned_accession	EIF3J	1	O75822	Maron2021	False
O75865	O75865	O75865	False	canonical_or_unversioned_accession	TRAPPC6A	1	O75865	Maron2021	False
O75882	O75882	O75882	False	canonical_or_unversioned_accession	ATRN	3	O75882	Maron2021	False
O75884	O75884	O75884	False	canonical_or_unversioned_accession	RBBP9	1	O75884	Maron2021	False
O75891	O75891	O75891	False	canonical_or_unversioned_accession	ALDH1L1	1	O75891	Maron2021	False
O75896	O75896	O75896	False	canonical_or_unversioned_accession	TUSC2	2	O75896	Maron2021	False
O75909	O75909	O75909	False	canonical_or_unversioned_accession	CCNK	2	O75909	Maron2021	False
O75911	O75911	O75911	False	canonical_or_unversioned_accession	DHRS3	1	O75911	Maron2021	False
O75920	O75920	O75920	False	canonical_or_unversioned_accession	SERF1A	1	O75920	Maron2021	False
O75923	O75923	O75923	False	canonical_or_unversioned_accession	DYSF	1	O75923	Maron2021	False
O75925	O75925	O75925	False	canonical_or_unversioned_accession	PIAS1	1	O75925	Maron2021	False
O75935	O75935	O75935	False	canonical_or_unversioned_accession	DCTN3	1	O75935	Maron2021	False
O75937	O75937	O75937	False	canonical_or_unversioned_accession	DNAJC8	5	O75937	Maron2021	False
O75940	O75940	O75940	False	canonical_or_unversioned_accession	SMNDC1	1	O75940	Maron2021	False
O75943	O75943	O75943	False	canonical_or_unversioned_accession	RAD17	1	O75943	Maron2021	False
O75955	O75955	O75955	False	canonical_or_unversioned_accession	FLOT1	2	O75955	Maron2021	False
O75962	O75962	O75962	False	canonical_or_unversioned_accession	TRIO	2	O75962	Maron2021	False
O75969	O75969	O75969	False	canonical_or_unversioned_accession	AKAP3	1	O75969	Maron2021	False
O75970	O75970	O75970	False	canonical_or_unversioned_accession	MPDZ	2	O75970	Maron2021	False
O75976	O75976	O75976	False	canonical_or_unversioned_accession	CPD	2	O75976	Maron2021	False
O76003	O76003	O76003	False	canonical_or_unversioned_accession	GLRX3	1	O76003	Maron2021	False
O76021	O76021	O76021	False	canonical_or_unversioned_accession	RSL1D1	1	O76021	Maron2021	False
O76031	O76031	O76031	False	canonical_or_unversioned_accession	CLPX	2	O76031	Maron2021	False
O76041	O76041;O76041-2	O76041	True	canonical_or_unversioned_accession	NEBL	2	O76041;O76041-2	Maron2021;ProMetheusDB;human_ptm_master	True
O76061	O76061	O76061	False	canonical_or_unversioned_accession	STC2	1	O76061	Maron2021	False
O76071	O76071	O76071	False	canonical_or_unversioned_accession	CIAO1	2	O76071	Maron2021	False
O76080	O76080	O76080	False	canonical_or_unversioned_accession	ZFAND5	1	O76080	ProMetheusDB	False
O76087	O76087	O76087	False	canonical_or_unversioned_accession	GAGE7	3	O76087	Maron2021	False
O76093	O76093	O76093	False	canonical_or_unversioned_accession	FGF18	2	O76093	Maron2021	False
O76094	O76094	O76094	False	canonical_or_unversioned_accession	SRP72	1	O76094	Maron2021	False
O77932	O77932	O77932	False	canonical_or_unversioned_accession	DOM3Z	2	O77932	Maron2021	False
O94760	O94760	O94760	False	canonical_or_unversioned_accession	DDAH1	2	O94760	Maron2021	False
O94762	O94762	O94762	False	canonical_or_unversioned_accession	RECQL5	1	O94762	Maron2021	False
O94776	O94776	O94776	False	canonical_or_unversioned_accession	MTA2	4	O94776	Maron2021	False
O94782	O94782	O94782	False	canonical_or_unversioned_accession	USP1	1	O94782	Maron2021	False
O94788	O94788	O94788	False	canonical_or_unversioned_accession	ALDH1A2	1	O94788	Maron2021	False
O94804	O94804	O94804	False	canonical_or_unversioned_accession	STK10	3	O94804	Maron2021	False
O94805	O94805	O94805	False	canonical_or_unversioned_accession	ACTL6B	1	O94805	Maron2021	False
O94819	O94819	O94819	False	canonical_or_unversioned_accession	KBTBD11	1	O94819	Maron2021	False
O94822	O94822	O94822	False	canonical_or_unversioned_accession	LTN1	1	O94822	Maron2021	False
O94826	O94826	O94826	False	canonical_or_unversioned_accession	TOMM70	3	O94826	Maron2021;human_ptm_master	False
O94832	O94832	O94832	False	canonical_or_unversioned_accession	MYO1D	1	O94832	Maron2021	False
O94842	O94842	O94842	False	canonical_or_unversioned_accession	TOX4	2	O94842	Maron2021;human_ptm_master	False
O94855	O94855	O94855	False	canonical_or_unversioned_accession	SEC24D	1	O94855	Maron2021	False
O94874	O94874	O94874	False	canonical_or_unversioned_accession	UFL1	4	O94874	Maron2021;ProMetheusDB	False
O94876	O94876	O94876	False	canonical_or_unversioned_accession	TMCC1	1	O94876	Maron2021	False
O94885	O94885	O94885	False	canonical_or_unversioned_accession	SASH1	1	O94885	Maron2021	False
O94887	O94887	O94887	False	canonical_or_unversioned_accession	FARP2	2	O94887	Maron2021	False
O94903	O94903	O94903	False	canonical_or_unversioned_accession	PLPBP	1	O94903	ProMetheusDB	False
O94906	O94906	O94906	False	canonical_or_unversioned_accession	PRPF6	9	O94906	Maron2021;ProMetheusDB	False
O94913	O94913	O94913	False	canonical_or_unversioned_accession	PCF11	33	O94913	Maron2021;ProMetheusDB;human_ptm_master	False
O94915	O94915	O94915	False	canonical_or_unversioned_accession	FRYL	1	O94915	Maron2021	False
O94925	O94925	O94925	False	canonical_or_unversioned_accession	GLS	1	O94925	Maron2021	False
O94941	O94941	O94941	False	canonical_or_unversioned_accession	UBOX5	1	O94941	Maron2021;human_ptm_master	False
O94964	O94964	O94964	False	canonical_or_unversioned_accession	SOGA1	2	O94964	Maron2021	False
O94966	O94966	O94966	False	canonical_or_unversioned_accession	USP19	2	O94966	Maron2021	False
O94973	O94973	O94973	False	canonical_or_unversioned_accession	AP2A2	2	O94973	Maron2021	False
O94979	O94979	O94979	False	canonical_or_unversioned_accession	SEC31A	3	O94979	Maron2021	False
O94989	O94989	O94989	False	canonical_or_unversioned_accession	ARHGEF15	1	O94989	Maron2021	False
O94992	O94992	O94992	False	canonical_or_unversioned_accession	HEXIM1	4	O94992	Maron2021	False
O95049	O95049	O95049	False	canonical_or_unversioned_accession	TJP3	1	O95049	Maron2021	False
O95071	O95071	O95071	False	canonical_or_unversioned_accession	UBR5	7	O95071	Maron2021	False
O95104	O95104	O95104	False	canonical_or_unversioned_accession	SCAF4	6	O95104	Maron2021;ProMetheusDB	False
O95140	O95140	O95140	False	canonical_or_unversioned_accession	MFN2	1	O95140	Maron2021	False
O95147	O95147	O95147	False	canonical_or_unversioned_accession	DUSP14	3	O95147	Maron2021	False
O95154	O95154	O95154	False	canonical_or_unversioned_accession	AKR7A3	1	O95154	Maron2021	False
O95155	O95155	O95155	False	canonical_or_unversioned_accession	UBE4B	3	O95155	Maron2021	False
O95166	O95166	O95166	False	canonical_or_unversioned_accession	GABARAP	1	O95166	Maron2021	False
O95168	O95168	O95168	False	canonical_or_unversioned_accession	NDUFB4	2	O95168	Maron2021	False
O95169	O95169	O95169	False	canonical_or_unversioned_accession	NDUFB8	1	O95169	Maron2021	False
O95182	O95182	O95182	False	canonical_or_unversioned_accession	NDUFA7	1	O95182	Maron2021	False
O95197	O95197	O95197	False	canonical_or_unversioned_accession	RTN3	1	O95197	Maron2021	False
O95202	O95202	O95202	False	canonical_or_unversioned_accession	LETM1	2	O95202	Maron2021	False
O95208	O95208	O95208	False	canonical_or_unversioned_accession	EPN2	1	O95208	Maron2021	False
O95218	O95218	O95218	False	canonical_or_unversioned_accession	ZRANB2	1	O95218	Maron2021	False
O95219	O95219	O95219	False	canonical_or_unversioned_accession	SNX4	1	O95219	Maron2021	False
O95232	O95232	O95232	False	canonical_or_unversioned_accession	LUC7L3	1	O95232	Maron2021	False
O95239	O95239	O95239	False	canonical_or_unversioned_accession	KIF4A	2	O95239	Maron2021	False
O95249	O95249	O95249	False	canonical_or_unversioned_accession	GOSR1	3	O95249	Maron2021	False
O95260	O95260	O95260	False	canonical_or_unversioned_accession	ATE1	2	O95260	Maron2021	False
O95264	O95264	O95264	False	canonical_or_unversioned_accession	HTR3B	1	O95264	Maron2021	False
O95278	O95278	O95278	False	canonical_or_unversioned_accession	EPM2A	1	O95278	Maron2021	False
O95292	O95292	O95292	False	canonical_or_unversioned_accession	VAPB	1	O95292	Maron2021	False
O95297	O95297	O95297	False	canonical_or_unversioned_accession	MPZL1	1	O95297	Maron2021	False
O95319	O95319	O95319	False	canonical_or_unversioned_accession	CELF2	2	O95319	Maron2021	False
O95336	O95336	O95336	False	canonical_or_unversioned_accession	PGLS	1	O95336	Maron2021	False
O95340	O95340	O95340	False	canonical_or_unversioned_accession	PAPSS2	2	O95340	Maron2021	False
O95352	O95352	O95352	False	canonical_or_unversioned_accession	ATG7	1	O95352	Maron2021	False
O95359	O95359	O95359	False	canonical_or_unversioned_accession	TACC2	1	O95359	Maron2021	False
O95373	O95373	O95373	False	canonical_or_unversioned_accession	IPO7	1	O95373	Maron2021	False
O95382	O95382	O95382	False	canonical_or_unversioned_accession	MAP3K6	3	O95382	Maron2021	False
O95400	O95400	O95400	False	canonical_or_unversioned_accession	CD2BP2	2	O95400	Maron2021	False
O95425	O95425	O95425	False	canonical_or_unversioned_accession	SVIL	3	O95425	Maron2021;ProMetheusDB;human_ptm_master	False
O95428	O95428	O95428	False	canonical_or_unversioned_accession	PAPLN	1	O95428	Maron2021	False
O95429	O95429	O95429	False	canonical_or_unversioned_accession	BAG4	10	O95429	Maron2021;ProMetheusDB;human_ptm_master	False
O95433	O95433	O95433	False	canonical_or_unversioned_accession	AHSA1	5	O95433	Maron2021	False
O95450	O95450	O95450	False	canonical_or_unversioned_accession	ADAMTS2	1	O95450	ProMetheusDB	False
O95456	O95456	O95456	False	canonical_or_unversioned_accession	PSMG1	4	O95456	Maron2021	False
O95467	O95467	O95467	False	canonical_or_unversioned_accession	GNAS	1	O95467	Maron2021	False
O95476	O95476	O95476	False	canonical_or_unversioned_accession	CTDNEP1	1	O95476	Maron2021	False
O95478	O95478	O95478	False	canonical_or_unversioned_accession	NSA2	1	O95478	Maron2021	False
O95479	O95479	O95479	False	canonical_or_unversioned_accession	H6PD	2	O95479	Maron2021	False
O95486	O95486	O95486	False	canonical_or_unversioned_accession	SEC24A	4	O95486	Maron2021	False
O95490	O95490	O95490	False	canonical_or_unversioned_accession	LPHN2	1	O95490	Maron2021	False
O95544	O95544	O95544	False	canonical_or_unversioned_accession	NADK	3	O95544	Maron2021	False
O95551	O95551	O95551	False	canonical_or_unversioned_accession	TDP2	1	O95551	Maron2021	False
O95602	O95602	O95602	False	canonical_or_unversioned_accession	POLR1A	5	O95602	Maron2021	False
O95613	O95613	O95613	False	canonical_or_unversioned_accession	PCNT	4	O95613	Maron2021	False
O95625	O95625	O95625	False	canonical_or_unversioned_accession	ZBTB11	1	O95625	Maron2021	False
O95628	O95628	O95628	False	canonical_or_unversioned_accession	CNOT4	4	O95628	Maron2021;human_ptm_master	False
O95630	O95630	O95630	False	canonical_or_unversioned_accession	STAMBP	4	O95630	Maron2021	False
O95639	O95639	O95639	False	canonical_or_unversioned_accession	CPSF4	1	O95639	Maron2021	False
O95644	O95644	O95644	False	canonical_or_unversioned_accession	NFATC1	1	O95644	Maron2021	False
O95671	O95671	O95671	False	canonical_or_unversioned_accession	ASMTL	1	O95671	Maron2021	False
O95678	O95678	O95678	False	canonical_or_unversioned_accession	KRT75	3	O95678	Maron2021	False
O95685	O95685	O95685	False	canonical_or_unversioned_accession	PPP1R3D	1	O95685	Maron2021	False
O95721	O95721	O95721	False	canonical_or_unversioned_accession	SNAP29	3	O95721	Maron2021	False
O95747	O95747	O95747	False	canonical_or_unversioned_accession	OXSR1	2	O95747	Maron2021	False
O95749	O95749	O95749	False	canonical_or_unversioned_accession	GGPS1	1	O95749	Maron2021	False
O95757	O95757	O95757	False	canonical_or_unversioned_accession	HSPA4L	3	O95757	Maron2021	False
O95782	O95782	O95782	False	canonical_or_unversioned_accession	AP2A2	2	O95782	Maron2021	False
O95785	O95785	O95785	False	canonical_or_unversioned_accession	WIZ	1	O95785	ProMetheusDB	False
O95793	O95793	O95793	False	canonical_or_unversioned_accession	STAU1	4	O95793	Maron2021;human_ptm_master	False
O95801	O95801	O95801	False	canonical_or_unversioned_accession	TTC4	3	O95801	Maron2021	False
O95810	O95810	O95810	False	canonical_or_unversioned_accession	SDPR	1	O95810	Maron2021	False
O95817	O95817	O95817	False	canonical_or_unversioned_accession	BAG3	13	O95817	Maron2021;ProMetheusDB	False
O95819	O95819	O95819	False	canonical_or_unversioned_accession	MAP4K4	1	O95819	Maron2021	False
O95831	O95831	O95831	False	canonical_or_unversioned_accession	AIFM1	1	O95831	Maron2021	False
O95835	O95835	O95835	False	canonical_or_unversioned_accession	LATS1	3	O95835	Maron2021	False
O95841	O95841	O95841	False	canonical_or_unversioned_accession	ANGPTL1	1	O95841	Maron2021	False
O95847	O95847	O95847	False	canonical_or_unversioned_accession	SLC25A27	1	O95847	Maron2021	False
O95861	O95861	O95861	False	canonical_or_unversioned_accession	BPNT1	1	O95861	Maron2021	False
O95873	O95873	O95873	False	canonical_or_unversioned_accession	C6orf47	2	O95873	Maron2021	False
O95886	O95886	O95886	False	canonical_or_unversioned_accession	DLGAP3	2	O95886	Maron2021	False
O95900	O95900	O95900	False	canonical_or_unversioned_accession	TRUB2	5	O95900	Maron2021	False
O95936	O95936	O95936	False	canonical_or_unversioned_accession	EOMES	2	O95936	Maron2021	False
O95948	O95948	O95948	False	canonical_or_unversioned_accession	ONECUT2	1	O95948	Maron2021	False
O95954	O95954	O95954	False	canonical_or_unversioned_accession	FTCD	5	O95954	Maron2021	False
O95983	O95983	O95983	False	canonical_or_unversioned_accession	MBD3	2	O95983	Maron2021	False
O95985	O95985	O95985	False	canonical_or_unversioned_accession	TOP3B	3	O95985	Maron2021	False
O95996	O95996	O95996	False	canonical_or_unversioned_accession	APC2	2	O95996	Maron2021	False
O96000	O96000	O96000	False	canonical_or_unversioned_accession	NDUFB10	3	O96000	Maron2021	False
O96013	O96013	O96013	False	canonical_or_unversioned_accession	PAK4	3	O96013	Maron2021	False
O96018	O96018	O96018	False	canonical_or_unversioned_accession	APBA3	1	O96018	Maron2021	False
P00167	P00167	P00167	False	canonical_or_unversioned_accession	CYB5A	1	P00167	Maron2021	False
P00338	P00338	P00338	False	canonical_or_unversioned_accession	LDHA	5	P00338	Maron2021	False
P00352	P00352	P00352	False	canonical_or_unversioned_accession	ALDH1A1	2	P00352	Maron2021	False
P00367	P00367	P00367	False	canonical_or_unversioned_accession	GLUD1	2	P00367	Maron2021	False
P00374	P00374	P00374	False	canonical_or_unversioned_accession	DHFR	2	P00374	Maron2021	False
P00390	P00390	P00390	False	canonical_or_unversioned_accession	GSR	1	P00390	Maron2021	False
P00403	P00403	P00403	False	canonical_or_unversioned_accession	MT-CO2	1	P00403	Maron2021	False
P00441	P00441	P00441	False	canonical_or_unversioned_accession	SOD1	2	P00441	Maron2021	False
P00491	P00491	P00491	False	canonical_or_unversioned_accession	PNP	2	P00491	Maron2021	False
P00492	P00492	P00492	False	canonical_or_unversioned_accession	HPRT1	3	P00492	Maron2021	False
P00533	P00533	P00533	False	canonical_or_unversioned_accession	EGFR	4	P00533	Maron2021;human_ptm_master	False
P00558	P00558	P00558	False	canonical_or_unversioned_accession	PGK1	5	P00558	Maron2021	False
P00568	P00568	P00568	False	canonical_or_unversioned_accession	AK1	1	P00568	Maron2021	False
P00746	P00746	P00746	False	canonical_or_unversioned_accession	CFD	1	P00746	Maron2021	False
P00748	P00748	P00748	False	canonical_or_unversioned_accession	F12	2	P00748	Maron2021	False
P00966	P00966	P00966	False	canonical_or_unversioned_accession	ASS1	3	P00966	Maron2021	False
P01023	P01023	P01023	False	canonical_or_unversioned_accession	A2M	1	P01023	Maron2021	False
P01570	P01570	P01570	False	canonical_or_unversioned_accession	IFNA14	2	P01570	Maron2021	False
P01718	P01718	P01718	False	canonical_or_unversioned_accession	IGLV3-27	1	P01718	Maron2021	False
P01857	P01857	P01857	False	canonical_or_unversioned_accession	IGHG1	1	P01857	ProMetheusDB	False
P01889	P01889	P01889	False	canonical_or_unversioned_accession	HLA-B	4	P01889	Maron2021;human_ptm_master	False
P02458	P02458	P02458	False	canonical_or_unversioned_accession	COL2A1	1	P02458	Maron2021	False
P02489	P02489	P02489	False	canonical_or_unversioned_accession	CRYAA	1	P02489	Maron2021	False
P02511	P02511	P02511	False	canonical_or_unversioned_accession	CRYAB	3	P02511	Maron2021	False
P02538	P02538	P02538	False	canonical_or_unversioned_accession	KRT6A	7	P02538	Maron2021	False
P02545	P02545	P02545	False	canonical_or_unversioned_accession	LMNA	9	P02545	Maron2021;ProMetheusDB	False
P02686	P02686	P02686	False	canonical_or_unversioned_accession	MBP	1	P02686	Maron2021;human_ptm_master	False
P02708	P02708	P02708	False	canonical_or_unversioned_accession	CHRNA1	1	P02708	Maron2021	False
P02765	P02765	P02765	False	canonical_or_unversioned_accession	AHSG	1	P02765	Maron2021	False
P02768	P02768	P02768	False	canonical_or_unversioned_accession	ALB	4	P02768	Maron2021	False
P02786	P02786	P02786	False	canonical_or_unversioned_accession	TFRC	2	P02786	Maron2021	False
P02794	P02794	P02794	False	canonical_or_unversioned_accession	FTH1	1	P02794	Maron2021	False
P03372	P03372	P03372	False	canonical_or_unversioned_accession	ESR1	2	P03372	Maron2021;human_ptm_master	False
P03915	P03915	P03915	False	canonical_or_unversioned_accession	MT-ND5	1	P03915	Maron2021	False
P03952	P03952	P03952	False	canonical_or_unversioned_accession	KLKB1	2	P03952	Maron2021	False
P04040	P04040	P04040	False	canonical_or_unversioned_accession	CAT	1	P04040	Maron2021	False
P04049	P04049	P04049	False	canonical_or_unversioned_accession	RAF1	2	P04049	Maron2021	False
P04053	P04053	P04053	False	canonical_or_unversioned_accession	DNTT	1	P04053	Maron2021	False
P04075	P04075	P04075	False	canonical_or_unversioned_accession	ALDOA	9	P04075	Maron2021	False
P04080	P04080	P04080	False	canonical_or_unversioned_accession	CSTB	1	P04080	Maron2021	False
P04083	P04083	P04083	False	canonical_or_unversioned_accession	ANXA1	2	P04083	Maron2021;ProMetheusDB	False
P04114	P04114	P04114	False	canonical_or_unversioned_accession	APOB	1	P04114	Maron2021	False
P04150	P04150	P04150	False	canonical_or_unversioned_accession	NR3C1	1	P04150	Maron2021	False
P04181	P04181	P04181	False	canonical_or_unversioned_accession	OAT	1	P04181	Maron2021	False
P04183	P04183	P04183	False	canonical_or_unversioned_accession	TK1	1	P04183	Maron2021	False
P04198	P04198	P04198	False	canonical_or_unversioned_accession	MYCN	3	P04198	Maron2021	False
P04259	P04259	P04259	False	canonical_or_unversioned_accession	KRT6B	5	P04259	Maron2021	False
P04264	P04264	P04264	False	canonical_or_unversioned_accession	KRT1	4	P04264	Maron2021	False
P04350	P04350	P04350	False	canonical_or_unversioned_accession	TUBB4A	2	P04350	Maron2021	False
P04406	P04406	P04406	False	canonical_or_unversioned_accession	GAPDH	5	P04406	Maron2021	False
P04439	P04439	P04439	False	canonical_or_unversioned_accession	HLA-A	2	P04439	Maron2021	False
P04632	P04632	P04632	False	canonical_or_unversioned_accession	CAPNS1	3	P04632	Maron2021	False
P04637	P04637	P04637	False	canonical_or_unversioned_accession	TP53	7	P04637	Maron2021;human_ptm_master	False
P04792	P04792	P04792	False	canonical_or_unversioned_accession	HSPB1	7	P04792	Maron2021;ProMetheusDB;human_ptm_master	False
P04818	P04818	P04818	False	canonical_or_unversioned_accession	TYMS	1	P04818	Maron2021	False
P04843	P04843	P04843	False	canonical_or_unversioned_accession	RPN1	2	P04843	Maron2021	False
P04899	P04899	P04899	False	canonical_or_unversioned_accession	GNAI2	1	P04899	ProMetheusDB	False
P04908	P04908	P04908	False	canonical_or_unversioned_accession	H2AC8	5	P04908	Maron2021;ProMetheusDB	False
P04920	P04920	P04920	False	canonical_or_unversioned_accession	SLC4A2	1	P04920	Maron2021	False
P05023	P05023	P05023	False	canonical_or_unversioned_accession	ATP1A1	6	P05023	Maron2021	False
P05026	P05026	P05026	False	canonical_or_unversioned_accession	ATP1B1	1	P05026	Maron2021	False
P05067	P05067	P05067	False	canonical_or_unversioned_accession	APP	1	P05067	Maron2021	False
P05089	P05089	P05089	False	canonical_or_unversioned_accession	ARG1	2	P05089	Maron2021	False
P05091	P05091	P05091	False	canonical_or_unversioned_accession	ALDH2	3	P05091	Maron2021	False
P05141	P05141	P05141	False	canonical_or_unversioned_accession	SLC25A5	3	P05141	Maron2021	False
P05155	P05155	P05155	False	canonical_or_unversioned_accession	SERPING1	1	P05155	Maron2021	False
P05166	P05166	P05166	False	canonical_or_unversioned_accession	PCCB	1	P05166	Maron2021	False
P05198	P05198	P05198	False	canonical_or_unversioned_accession	EIF2S1	3	P05198	Maron2021	False
P05387	P05387	P05387	False	canonical_or_unversioned_accession	RPLP2	1	P05387	Maron2021	False
P05388	P05388	P05388	False	canonical_or_unversioned_accession	RPLP0	3	P05388	Maron2021	False
P05423	P05423	P05423	False	canonical_or_unversioned_accession	POLR3D	8	P05423	Maron2021;human_ptm_master	False
P05455	P05455	P05455	False	canonical_or_unversioned_accession	SSB	1	P05455	Maron2021	False
P05556	P05556	P05556	False	canonical_or_unversioned_accession	ITGB1	1	P05556	Maron2021	False
P05783	P05783	P05783	False	canonical_or_unversioned_accession	KRT18	8	P05783	Maron2021;ProMetheusDB;human_ptm_master	False
P05787	P05787	P05787	False	canonical_or_unversioned_accession	KRT8	8	P05787	Maron2021;ProMetheusDB;human_ptm_master	False
P05813	P05813	P05813	False	canonical_or_unversioned_accession	CRYBA1	1	P05813	Maron2021	False
P06213	P06213	P06213	False	canonical_or_unversioned_accession	INSR	2	P06213	Maron2021	False
P06280	P06280	P06280	False	canonical_or_unversioned_accession	GLA	1	P06280	Maron2021	False
P06307	P06307	P06307	False	canonical_or_unversioned_accession	CCK	1	P06307	Maron2021	False
P06396	P06396	P06396	False	canonical_or_unversioned_accession	GSN	1	P06396	Maron2021	False
P06400	P06400	P06400	False	canonical_or_unversioned_accession	RB1	4	P06400	Maron2021	False
P06454	P06454	P06454	False	canonical_or_unversioned_accession	PTMA	1	P06454	Maron2021	False
P06576	P06576	P06576	False	canonical_or_unversioned_accession	ATP5B	5	P06576	Maron2021	False
P06730	P06730	P06730	False	canonical_or_unversioned_accession	EIF4E	1	P06730	Maron2021	False
P06732	P06732	P06732	False	canonical_or_unversioned_accession	CKM	1	P06732	Maron2021	False
P06733	P06733	P06733	False	canonical_or_unversioned_accession	ENO1	9	P06733	Maron2021	False
P06737	P06737	P06737	False	canonical_or_unversioned_accession	PYGL	6	P06737	Maron2021;ProMetheusDB	False
P06744	P06744	P06744	False	canonical_or_unversioned_accession	GPI	3	P06744	Maron2021	False
P06746	P06746	P06746	False	canonical_or_unversioned_accession	POLB	3	P06746	Maron2021;human_ptm_master	False
P06748	P06748	P06748	False	canonical_or_unversioned_accession	NPM1	4	P06748	Maron2021;ProMetheusDB	False
P06753	P06753	P06753	False	canonical_or_unversioned_accession	TPM3	2	P06753	Maron2021	False
P06899	P06899	P06899	False	canonical_or_unversioned_accession	HIST1H2BK	5	P06899	Maron2021	False
P07093	P07093	P07093	False	canonical_or_unversioned_accession	SERPINE2	1	P07093	Maron2021	False
P07195	P07195	P07195	False	canonical_or_unversioned_accession	LDHB	3	P07195	Maron2021	False
P07196	P07196	P07196	False	canonical_or_unversioned_accession	NEFL	4	P07196	Maron2021	False
P07197	P07197	P07197	False	canonical_or_unversioned_accession	NEFM	6	P07197	Maron2021	False
P07203	P07203	P07203	False	canonical_or_unversioned_accession	GPX1	1	P07203	Maron2021	False
P07237	P07237	P07237	False	canonical_or_unversioned_accession	P4HB	5	P07237	Maron2021	False
P07320	P07320	P07320	False	canonical_or_unversioned_accession	CRYGD	2	P07320	Maron2021	False
P07355	P07355	P07355	False	canonical_or_unversioned_accession	ANXA2	2	P07355	Maron2021;ProMetheusDB	False
P07384	P07384	P07384	False	canonical_or_unversioned_accession	CAPN1	1	P07384	Maron2021	False
P07437	P07437	P07437	False	canonical_or_unversioned_accession	TUBB	7	P07437	Maron2021	False
P07602	P07602	P07602	False	canonical_or_unversioned_accession	PSAP	2	P07602	Maron2021	False
P07686	P07686	P07686	False	canonical_or_unversioned_accession	HEXB	1	P07686	Maron2021	False
P07737	P07737	P07737	False	canonical_or_unversioned_accession	PFN1	1	P07737	Maron2021	False
P07738	P07738	P07738	False	canonical_or_unversioned_accession	BPGM	2	P07738	Maron2021	False
P07741	P07741	P07741	False	canonical_or_unversioned_accession	APRT	2	P07741	Maron2021	False
P07814	P07814	P07814	False	canonical_or_unversioned_accession	EPRS1	5	P07814	Maron2021;ProMetheusDB;human_ptm_master	False
P07864	P07864	P07864	False	canonical_or_unversioned_accession	LDHC	2	P07864	Maron2021	False
P07900	P07900	P07900	False	canonical_or_unversioned_accession	HSP90AA1	14	P07900	Maron2021;ProMetheusDB	False
P07910	P07910	P07910	False	canonical_or_unversioned_accession	HNRNPC	8	P07910	Maron2021	False
P07942	P07942	P07942	False	canonical_or_unversioned_accession	LAMB1	1	P07942	Maron2021	False
P07954	P07954	P07954	False	canonical_or_unversioned_accession	FH	2	P07954	Maron2021	False
P07996	P07996	P07996	False	canonical_or_unversioned_accession	THBS1	1	P07996	Maron2021	False
P08069	P08069	P08069	False	canonical_or_unversioned_accession	IGF1R	2	P08069	Maron2021	False
P08107	P08107	P08107	False	canonical_or_unversioned_accession	HSPA1A	1	P08107	Maron2021	False
P08133	P08133	P08133	False	canonical_or_unversioned_accession	ANXA6	5	P08133	Maron2021	False
P08151	P08151	P08151	False	canonical_or_unversioned_accession	GLI1	3	P08151	Maron2021	False
P08195	P08195	P08195	False	canonical_or_unversioned_accession	SLC3A2	3	P08195	Maron2021;ProMetheusDB	False
P08237	P08237	P08237	False	canonical_or_unversioned_accession	PFKM	4	P08237	Maron2021	False
P08238	P08238	P08238	False	canonical_or_unversioned_accession	HSP90AB1	12	P08238	Maron2021	False
P08240	P08240	P08240	False	canonical_or_unversioned_accession	SRPR	1	P08240	Maron2021	False
P08243	P08243	P08243	False	canonical_or_unversioned_accession	ASNS	5	P08243	Maron2021	False
P08294	P08294	P08294	False	canonical_or_unversioned_accession	SOD3	1	P08294	Maron2021	False
P08397	P08397	P08397	False	canonical_or_unversioned_accession	HMBS	1	P08397	Maron2021	False
P08519	P08519	P08519	False	canonical_or_unversioned_accession	LPA	2	P08519	Maron2021	False
P08559	P08559	P08559	False	canonical_or_unversioned_accession	PDHA1	1	P08559	Maron2021	False
P08574	P08574	P08574	False	canonical_or_unversioned_accession	CYC1	2	P08574	Maron2021	False
P08588	P08588	P08588	False	canonical_or_unversioned_accession	ADRB1	1	P08588	Maron2021	False
P08621	P08621	P08621	False	canonical_or_unversioned_accession	SNRNP70	7	P08621	Maron2021	False
P08651	P08651	P08651	False	canonical_or_unversioned_accession	NFIC	5	P08651	Maron2021;human_ptm_master	False
P08670	P08670	P08670	False	canonical_or_unversioned_accession	VIM	16	P08670	Maron2021;ProMetheusDB	False
P08684	P08684	P08684	False	canonical_or_unversioned_accession	CYP3A4	2	P08684	Maron2021	False
P08708	P08708	P08708	False	canonical_or_unversioned_accession	RPS17	1	P08708	Maron2021	False
P08727	P08727	P08727	False	canonical_or_unversioned_accession	KRT19	9	P08727	Maron2021;ProMetheusDB;human_ptm_master	False
P08729	P08729	P08729	False	canonical_or_unversioned_accession	KRT7	13	P08729	Maron2021;ProMetheusDB	False
P08754	P08754	P08754	False	canonical_or_unversioned_accession	GNAI3	2	P08754	Maron2021	False
P08758	P08758	P08758	False	canonical_or_unversioned_accession	ANXA5	4	P08758	Maron2021	False
P08865	P08865	P08865	False	canonical_or_unversioned_accession	RPSA	2	P08865	Maron2021	False
P08F94	P08F94	P08F94	False	canonical_or_unversioned_accession	PKHD1	1	P08F94	Maron2021	False
P09012	P09012	P09012	False	canonical_or_unversioned_accession	SNRPA	1	P09012	Maron2021;ProMetheusDB;human_ptm_master	False
P09016	P09016	P09016	False	canonical_or_unversioned_accession	HOXD4	1	P09016	Maron2021	False
P09017	P09017	P09017	False	canonical_or_unversioned_accession	HOXC4	2	P09017	Maron2021	False
P09038	P09038	P09038	False	canonical_or_unversioned_accession	FGF2	11	P09038	Maron2021	False
P09067	P09067	P09067	False	canonical_or_unversioned_accession	HOXB5	1	P09067	Maron2021	False
P09086	P09086	P09086	False	canonical_or_unversioned_accession	POU2F2	1	P09086	Maron2021	False
P09104	P09104	P09104	False	canonical_or_unversioned_accession	ENO2	1	P09104	Maron2021	False
P09132	P09132	P09132	False	canonical_or_unversioned_accession	SRP19	1	P09132	Maron2021	False
P09211	P09211	P09211	False	canonical_or_unversioned_accession	GSTP1	2	P09211	Maron2021	False
P09234	P09234	P09234	False	canonical_or_unversioned_accession	SNRPC	1	P09234	human_ptm_master	False
P09417	P09417	P09417	False	canonical_or_unversioned_accession	QDPR	2	P09417	Maron2021	False
P09429	P09429	P09429	False	canonical_or_unversioned_accession	HMGB1P1	2	P09429	Maron2021	False
P09488	P09488	P09488	False	canonical_or_unversioned_accession	GSTM1	1	P09488	Maron2021	False
P09493	P09493	P09493	False	canonical_or_unversioned_accession	TPM1	1	P09493	Maron2021	False
P09496	P09496	P09496	False	canonical_or_unversioned_accession	CLTA	1	P09496	Maron2021	False
P09525	P09525	P09525	False	canonical_or_unversioned_accession	ANXA4	1	P09525	ProMetheusDB	False
P09622	P09622	P09622	False	canonical_or_unversioned_accession	DLD	1	P09622	Maron2021	False
P09629	P09629	P09629	False	canonical_or_unversioned_accession	HOXB7	1	P09629	Maron2021	False
P09630	P09630	P09630	False	canonical_or_unversioned_accession	HOXC6	1	P09630	Maron2021	False
P09651	P09651	P09651	False	canonical_or_unversioned_accession	HNRNPA1	20	P09651	Maron2021;ProMetheusDB;human_ptm_master	False
P09661	P09661	P09661	False	canonical_or_unversioned_accession	SNRPA1	1	P09661	Maron2021	False
P09874	P09874	P09874	False	canonical_or_unversioned_accession	PARP1	10	P09874	Maron2021	False
P09936	P09936	P09936	False	canonical_or_unversioned_accession	UCHL1	1	P09936	Maron2021	False
P09972	P09972	P09972	False	canonical_or_unversioned_accession	ALDOC	2	P09972	Maron2021	False
P0C0L4	P0C0L4	P0C0L4	False	canonical_or_unversioned_accession	C4A	1	P0C0L4	Maron2021	False
P0C0S5	P0C0S5	P0C0S5	False	canonical_or_unversioned_accession	H2AFZ	3	P0C0S5	Maron2021	False
P0C0S8	P0C0S8	P0C0S8	False	canonical_or_unversioned_accession	H2AC17	5	P0C0S8	Maron2021	False
P0C1Z6	P0C1Z6	P0C1Z6	False	canonical_or_unversioned_accession	TFPT	2	P0C1Z6	Maron2021;ProMetheusDB	False
P0C221	P0C221	P0C221	False	canonical_or_unversioned_accession	CCDC175	1	P0C221	Maron2021	False
P0C7T5	P0C7T5	P0C7T5	False	canonical_or_unversioned_accession	ATXN1L	2	P0C7T5	Maron2021	False
P0C7X2	P0C7X2	P0C7X2	False	canonical_or_unversioned_accession	ZNF688	3	P0C7X2	Maron2021	False
P0CG00	P0CG00	P0CG00	False	canonical_or_unversioned_accession	ZSCAN5D	1	P0CG00	Maron2021	False
P0CG12	P0CG12	P0CG12	False	canonical_or_unversioned_accession	CHTF8	33	P0CG12	Maron2021;ProMetheusDB	False
P0CG38	P0CG38	P0CG38	False	canonical_or_unversioned_accession	POTEI	2	P0CG38	Maron2021	False
P0CG39	P0CG39	P0CG39	False	canonical_or_unversioned_accession	POTEJ	2	P0CG39	Maron2021	False
P0CJ78	P0CJ78	P0CJ78	False	canonical_or_unversioned_accession	ZNF865	1	P0CJ78	Maron2021	False
P0CL80	P0CL80	P0CL80	False	canonical_or_unversioned_accession	GAGE12F	3	P0CL80	Maron2021	False
P0CL81	P0CL81	P0CL81	False	canonical_or_unversioned_accession	GAGE12G	3	P0CL81	Maron2021	False
P0CL82	P0CL82	P0CL82	False	canonical_or_unversioned_accession	GAGE12I	3	P0CL82	Maron2021	False
P0DI83	P0DI83	P0DI83	False	canonical_or_unversioned_accession	RAB34	16	P0DI83	Maron2021;ProMetheusDB	False
P0DJD0	P0DJD0	P0DJD0	False	canonical_or_unversioned_accession	RGPD1	1	P0DJD0	Maron2021	False
P0DJD1	P0DJD1	P0DJD1	False	canonical_or_unversioned_accession	RGPD2	1	P0DJD1	Maron2021	False
P0DMQ5	P0DMQ5	P0DMQ5	False	canonical_or_unversioned_accession	LINC00984	1	P0DMQ5	Maron2021	False
P0DMV8	P0DMV8	P0DMV8	False	canonical_or_unversioned_accession	HSPA1A	6	P0DMV8	Maron2021;ProMetheusDB;human_ptm_master	False
P0DMV9	P0DMV9	P0DMV9	False	canonical_or_unversioned_accession	HSPA1B	2	P0DMV9	Maron2021;human_ptm_master	False
P0DN76	P0DN76	P0DN76	False	canonical_or_unversioned_accession	U2AF1	2	P0DN76	Maron2021	False
P0DP23	P0DP23	P0DP23	False	canonical_or_unversioned_accession	CALM3	4	P0DP23	Maron2021	False
P0DP25	P0DP25	P0DP25	False	canonical_or_unversioned_accession	CALM3	1	P0DP25	Maron2021	False
P0DPH7	P0DPH7	P0DPH7	False	canonical_or_unversioned_accession	TUBA3C	1	P0DPH7	human_ptm_master	False
P0DPH8	P0DPH8	P0DPH8	False	canonical_or_unversioned_accession	TUBA3D	2	P0DPH8	Maron2021	False
P0DPI2	P0DPI2	P0DPI2	False	canonical_or_unversioned_accession	GATD3A	2	P0DPI2	Maron2021	False
P0DTW1	P0DTW1	P0DTW1	False	canonical_or_unversioned_accession	GAGE1	3	P0DTW1	Maron2021	False
P10070	P10070	P10070	False	canonical_or_unversioned_accession	GLI2	16	P10070	Maron2021;ProMetheusDB	False
P10071	P10071	P10071	False	canonical_or_unversioned_accession	GLI3	3	P10071	Maron2021	False
P10074	P10074	P10074	False	canonical_or_unversioned_accession	ZBTB48	1	P10074	Maron2021	False
P10075	P10075	P10075	False	canonical_or_unversioned_accession	GLI4	2	P10075	Maron2021	False
P10109	P10109	P10109	False	canonical_or_unversioned_accession	FDX1	1	P10109	Maron2021	False
P10155	P10155	P10155	False	canonical_or_unversioned_accession	TROVE2	1	P10155	Maron2021	False
P10242	P10242	P10242	False	canonical_or_unversioned_accession	MYB	2	P10242	Maron2021	False
P10244	P10244	P10244	False	canonical_or_unversioned_accession	MYBL2	2	P10244	Maron2021	False
P10253	P10253	P10253	False	canonical_or_unversioned_accession	GAA	3	P10253	Maron2021	False
P10275	P10275	P10275	False	canonical_or_unversioned_accession	AR	2	P10275	Maron2021	False
P10301	P10301	P10301	False	canonical_or_unversioned_accession	RRAS	3	P10301	Maron2021	False
P10321	P10321	P10321	False	canonical_or_unversioned_accession	HLA-C	3	P10321	Maron2021;human_ptm_master	False
P10412	P10412	P10412	False	canonical_or_unversioned_accession	HIST1H1E	3	P10412	Maron2021	False
P10589	P10589	P10589	False	canonical_or_unversioned_accession	NR2F1	1	P10589	Maron2021	False
P10644	P10644	P10644	False	canonical_or_unversioned_accession	PRKAR1A	2	P10644	Maron2021	False
P10768	P10768	P10768	False	canonical_or_unversioned_accession	ESD	1	P10768	Maron2021	False
P10809	P10809	P10809	False	canonical_or_unversioned_accession	HSPD1	4	P10809	Maron2021	False
P11021	P11021	P11021	False	canonical_or_unversioned_accession	HSPA5	5	P11021	Maron2021;human_ptm_master	False
P11047	P11047	P11047	False	canonical_or_unversioned_accession	LAMC1	2	P11047	Maron2021;ProMetheusDB	False
P11137	P11137	P11137	False	canonical_or_unversioned_accession	MAP2	1	P11137	Maron2021	False
P11142	P11142	P11142	False	canonical_or_unversioned_accession	HSPA8	5	P11142	Maron2021;ProMetheusDB;human_ptm_master	False
P11161	P11161	P11161	False	canonical_or_unversioned_accession	EGR2	2	P11161	Maron2021	False
P11171	P11171	P11171	False	canonical_or_unversioned_accession	EPB41	2	P11171	Maron2021	False
P11172	P11172	P11172	False	canonical_or_unversioned_accession	UMPS	2	P11172	Maron2021	False
P11177	P11177	P11177	False	canonical_or_unversioned_accession	PDHB	1	P11177	Maron2021	False
P11216	P11216	P11216	False	canonical_or_unversioned_accession	PYGB	1	P11216	Maron2021	False
P11217	P11217	P11217	False	canonical_or_unversioned_accession	PYGM	1	P11217	Maron2021	False
P11274	P11274	P11274	False	canonical_or_unversioned_accession	BCR	3	P11274	Maron2021	False
P11310	P11310	P11310	False	canonical_or_unversioned_accession	ACADM	1	P11310	Maron2021	False
P11387	P11387	P11387	False	canonical_or_unversioned_accession	TOP1	3	P11387	Maron2021	False
P11388	P11388	P11388	False	canonical_or_unversioned_accession	TOP2A	6	P11388	Maron2021	False
P11413	P11413	P11413	False	canonical_or_unversioned_accession	G6PD	5	P11413	Maron2021	False
P11487	P11487	P11487	False	canonical_or_unversioned_accession	FGF3	3	P11487	Maron2021	False
P11509	P11509	P11509	False	canonical_or_unversioned_accession	CYP2A6	2	P11509	Maron2021	False
P11586	P11586	P11586	False	canonical_or_unversioned_accession	MTHFD1	5	P11586	Maron2021	False
P11717	P11717	P11717	False	canonical_or_unversioned_accession	IGF2R	3	P11717	Maron2021	False
P11802	P11802	P11802	False	canonical_or_unversioned_accession	CDK4	1	P11802	Maron2021	False
P11831	P11831	P11831	False	canonical_or_unversioned_accession	SRF	4	P11831	Maron2021;ProMetheusDB	False
P11836	P11836	P11836	False	canonical_or_unversioned_accession	MS4A1	1	P11836	human_ptm_master	False
P11908	P11908	P11908	False	canonical_or_unversioned_accession	PRPS2	3	P11908	Maron2021	False
P11940	P11940	P11940	False	canonical_or_unversioned_accession	PABPC1	19	P11940	Maron2021;ProMetheusDB;human_ptm_master	False
P12004	P12004	P12004	False	canonical_or_unversioned_accession	PCNA	4	P12004	Maron2021	False
P12035	P12035	P12035	False	canonical_or_unversioned_accession	KRT3	3	P12035	Maron2021	False
P12036	P12036	P12036	False	canonical_or_unversioned_accession	NEFH	2	P12036	Maron2021	False
P12074	P12074	P12074	False	canonical_or_unversioned_accession	COX6A1	1	P12074	Maron2021	False
P12235	P12235	P12235	False	canonical_or_unversioned_accession	SLC25A4	2	P12235	Maron2021	False
P12236	P12236	P12236	False	canonical_or_unversioned_accession	SLC25A6	5	P12236	Maron2021	False
P12268	P12268	P12268	False	canonical_or_unversioned_accession	IMPDH2	4	P12268	Maron2021	False
P12270	P12270	P12270	False	canonical_or_unversioned_accession	TPR	19	P12270	Maron2021;ProMetheusDB;human_ptm_master	False
P12277	P12277	P12277	False	canonical_or_unversioned_accession	CKB	9	P12277	Maron2021	False
P12532	P12532	P12532	False	canonical_or_unversioned_accession	CKMT1B	6	P12532	Maron2021	False
P12694	P12694	P12694	False	canonical_or_unversioned_accession	BCKDHA	1	P12694	Maron2021	False
P12814	P12814	P12814	False	canonical_or_unversioned_accession	ACTN1	2	P12814	Maron2021	False
P12821	P12821	P12821	False	canonical_or_unversioned_accession	ACE	2	P12821	Maron2021	False
P12872	P12872	P12872	False	canonical_or_unversioned_accession	MLN	1	P12872	Maron2021	False
P12882	P12882	P12882	False	canonical_or_unversioned_accession	MYH1	2	P12882	Maron2021;ProMetheusDB	False
P12955	P12955	P12955	False	canonical_or_unversioned_accession	PEPD	2	P12955	Maron2021	False
P12956	P12956	P12956	False	canonical_or_unversioned_accession	XRCC6	6	P12956	Maron2021	False
P13010	P13010	P13010	False	canonical_or_unversioned_accession	XRCC5	2	P13010	Maron2021	False
P13051	P13051	P13051	False	canonical_or_unversioned_accession	UNG	1	P13051	Maron2021	False
P13073	P13073	P13073	False	canonical_or_unversioned_accession	COX4I1	2	P13073	Maron2021	False
P13473	P13473	P13473	False	canonical_or_unversioned_accession	LAMP2	1	P13473	Maron2021	False
P13591	P13591	P13591	False	canonical_or_unversioned_accession	NCAM1	1	P13591	Maron2021	False
P13639	P13639	P13639	False	canonical_or_unversioned_accession	EEF2	13	P13639	Maron2021;human_ptm_master	False
P13646	P13646	P13646	False	canonical_or_unversioned_accession	KRT13	4	P13646	Maron2021;human_ptm_master	False
P13647	P13647	P13647	False	canonical_or_unversioned_accession	KRT5	1	P13647	Maron2021	False
P13667	P13667	P13667	False	canonical_or_unversioned_accession	PDIA4	2	P13667	Maron2021	False
P13797	P13797	P13797	False	canonical_or_unversioned_accession	PLS3	2	P13797	Maron2021	False
P13798	P13798	P13798	False	canonical_or_unversioned_accession	APEH	1	P13798	Maron2021	False
P13804	P13804	P13804	False	canonical_or_unversioned_accession	ETFA	2	P13804	Maron2021	False
P13807	P13807	P13807	False	canonical_or_unversioned_accession	GYS1	1	P13807	Maron2021	False
P13929	P13929	P13929	False	canonical_or_unversioned_accession	ENO3	1	P13929	Maron2021	False
P13984	P13984	P13984	False	canonical_or_unversioned_accession	GTF2F2	1	P13984	Maron2021	False
P13995	P13995	P13995	False	canonical_or_unversioned_accession	MTHFD2	2	P13995	Maron2021	False
P14136	P14136	P14136	False	canonical_or_unversioned_accession	GFAP	2	P14136	Maron2021	False
P14174	P14174	P14174	False	canonical_or_unversioned_accession	MIF	5	P14174	Maron2021	False
P14314	P14314	P14314	False	canonical_or_unversioned_accession	PRKCSH	1	P14314	Maron2021	False
P14317	P14317	P14317	False	canonical_or_unversioned_accession	HCLS1	1	P14317	Maron2021	False
P14543	P14543	P14543	False	canonical_or_unversioned_accession	NID1	2	P14543	Maron2021	False
P14618	P14618	P14618	False	canonical_or_unversioned_accession	PKM	9	P14618	Maron2021;ProMetheusDB	False
P14625	P14625	P14625	False	canonical_or_unversioned_accession	HSP90B1	7	P14625	Maron2021;ProMetheusDB	False
P14649	P14649	P14649	False	canonical_or_unversioned_accession	MYL6B	1	P14649	Maron2021	False
P14678	P14678	P14678	False	canonical_or_unversioned_accession	SNRPB	13	P14678	Maron2021;ProMetheusDB;human_ptm_master	False
P14735	P14735	P14735	False	canonical_or_unversioned_accession	IDE	2	P14735	Maron2021	False
P14866	P14866	P14866	False	canonical_or_unversioned_accession	HNRNPL	10	P14866	Maron2021;ProMetheusDB	False
P14868	P14868	P14868	False	canonical_or_unversioned_accession	DARS	5	P14868	Maron2021	False
P14927	P14927	P14927	False	canonical_or_unversioned_accession	UQCRB	2	P14927	Maron2021	False
P15056	P15056	P15056	False	canonical_or_unversioned_accession	BRAF	1	P15056	human_ptm_master	False
P15121	P15121	P15121	False	canonical_or_unversioned_accession	AKR1B1	2	P15121	Maron2021	False
P15153	P15153	P15153	False	canonical_or_unversioned_accession	RAC2	2	P15153	Maron2021;human_ptm_master	False
P15259	P15259	P15259	False	canonical_or_unversioned_accession	PGAM2	1	P15259	Maron2021	False
P15289	P15289	P15289	False	canonical_or_unversioned_accession	ARSA	1	P15289	Maron2021	False
P15291	P15291	P15291	False	canonical_or_unversioned_accession	B4GALT1	1	P15291	Maron2021	False
P15311	P15311	P15311	False	canonical_or_unversioned_accession	EZR	6	P15311	Maron2021	False
P15407	P15407	P15407	False	canonical_or_unversioned_accession	FOSL1	3	P15407	Maron2021;ProMetheusDB	False
P15498	P15498	P15498	False	canonical_or_unversioned_accession	VAV1	1	P15498	Maron2021	False
P15531	P15531	P15531	False	canonical_or_unversioned_accession	NME1	4	P15531	Maron2021	False
P15559	P15559	P15559	False	canonical_or_unversioned_accession	NQO1	1	P15559	Maron2021	False
P15586	P15586	P15586	False	canonical_or_unversioned_accession	GNS	1	P15586	Maron2021	False
P15822	P15822	P15822	False	canonical_or_unversioned_accession	HIVEP1	1	P15822	Maron2021	False
P15863	P15863	P15863	False	canonical_or_unversioned_accession	PAX1	3	P15863	Maron2021	False
P15880	P15880	P15880	False	canonical_or_unversioned_accession	RPS2	8	P15880	Maron2021	False
P15923	P15923	P15923	False	canonical_or_unversioned_accession	TCF3	2	P15923	Maron2021	False
P15924	P15924	P15924	False	canonical_or_unversioned_accession	DSP	13	P15924	Maron2021;ProMetheusDB	False
P15927	P15927	P15927	False	canonical_or_unversioned_accession	RPA2	2	P15927	Maron2021	False
P15941	P15941	P15941	False	canonical_or_unversioned_accession	MUC1	1	P15941	ProMetheusDB	False
P16104	P16104	P16104	False	canonical_or_unversioned_accession	H2AX	4	P16104	Maron2021	False
P16152	P16152	P16152	False	canonical_or_unversioned_accession	CBR1	1	P16152	Maron2021	False
P16220	P16220	P16220	False	canonical_or_unversioned_accession	CREB1	1	P16220	Maron2021	False
P16383	P16383	P16383	False	canonical_or_unversioned_accession	GCFC2	1	P16383	Maron2021	False
P16402	P16402	P16402	False	canonical_or_unversioned_accession	HIST1H1E	2	P16402	Maron2021	False
P16403	P16403	P16403	False	canonical_or_unversioned_accession	HIST1H1E	1	P16403	Maron2021	False
P16615	P16615	P16615	False	canonical_or_unversioned_accession	ATP2A2	4	P16615	Maron2021	False
P16949	P16949	P16949	False	canonical_or_unversioned_accession	STMN1	3	P16949	Maron2021	False
P16989	P16989	P16989	False	canonical_or_unversioned_accession	YBX3	36	P16989	Maron2021;ProMetheusDB;human_ptm_master	False
P17028	P17028	P17028	False	canonical_or_unversioned_accession	ZNF24	2	P17028	Maron2021	False
P17029	P17029	P17029	False	canonical_or_unversioned_accession	ZKSCAN1	1	P17029	Maron2021	False
P17066	P17066	P17066	False	canonical_or_unversioned_accession	HSPA6	4	P17066	Maron2021	False
P17096	P17096	P17096	False	canonical_or_unversioned_accession	HMGA1	9	P17096	Maron2021;human_ptm_master	False
P17174	P17174	P17174	False	canonical_or_unversioned_accession	GOT1	1	P17174	Maron2021	False
P17252	P17252	P17252	False	canonical_or_unversioned_accession	PRKCA	1	P17252	Maron2021	False
P17301	P17301	P17301	False	canonical_or_unversioned_accession	ITGA2	1	P17301	Maron2021	False
P17302	P17302	P17302	False	canonical_or_unversioned_accession	GJA1	1	P17302	Maron2021	False
P17482	P17482	P17482	False	canonical_or_unversioned_accession	HOXB9	3	P17482	Maron2021	False
P17483	P17483	P17483	False	canonical_or_unversioned_accession	HOXC4	3	P17483	Maron2021	False
P17509	P17509	P17509	False	canonical_or_unversioned_accession	HOXB6	1	P17509	Maron2021	False
P17540	P17540	P17540	False	canonical_or_unversioned_accession	CKMT2	1	P17540	Maron2021	False
P17655	P17655	P17655	False	canonical_or_unversioned_accession	CAPN2	2	P17655	Maron2021	False
P17661	P17661	P17661	False	canonical_or_unversioned_accession	DES	4	P17661	Maron2021	False
P17676	P17676	P17676	False	canonical_or_unversioned_accession	CEBPB	1	P17676	Maron2021;human_ptm_master	False
P17812	P17812	P17812	False	canonical_or_unversioned_accession	CTPS	6	P17812	Maron2021	False
P17844	P17844	P17844	False	canonical_or_unversioned_accession	DDX5	21	P17844	Maron2021;ProMetheusDB;human_ptm_master	False
P17858	P17858	P17858	False	canonical_or_unversioned_accession	PFKL	7	P17858	Maron2021	False
P17980	P17980	P17980	False	canonical_or_unversioned_accession	PSMC3	2	P17980	Maron2021	False
P17987	P17987	P17987	False	canonical_or_unversioned_accession	TCP1	4	P17987	Maron2021	False
P18031	P18031	P18031	False	canonical_or_unversioned_accession	PTPN1	1	P18031	Maron2021	False
P18077	P18077	P18077	False	canonical_or_unversioned_accession	RPL35A	4	P18077	Maron2021	False
P18124	P18124	P18124	False	canonical_or_unversioned_accession	RPL7	4	P18124	Maron2021	False
P18206	P18206	P18206	False	canonical_or_unversioned_accession	VCL	4	P18206	Maron2021	False
P18545	P18545	P18545	False	canonical_or_unversioned_accession	PDE6G	1	P18545	Maron2021	False
P18583	P18583	P18583	False	canonical_or_unversioned_accession	SON	25	P18583	Maron2021;ProMetheusDB;human_ptm_master	False
P18615	P18615	P18615	False	canonical_or_unversioned_accession	NELFE	1	P18615	Maron2021	False
P18621	P18621	P18621	False	canonical_or_unversioned_accession	RPL17	1	P18621	Maron2021	False
P18669	P18669	P18669	False	canonical_or_unversioned_accession	PGAM1	2	P18669	Maron2021	False
P18754	P18754	P18754	False	canonical_or_unversioned_accession	RCC1	2	P18754	Maron2021	False
P18846	P18846	P18846	False	canonical_or_unversioned_accession	ATF1	1	P18846	Maron2021	False
P18847	P18847	P18847	False	canonical_or_unversioned_accession	ATF3	1	P18847	Maron2021	False
P18858	P18858	P18858	False	canonical_or_unversioned_accession	LIG1	1	P18858	Maron2021	False
P18887	P18887	P18887	False	canonical_or_unversioned_accession	XRCC1	1	P18887	Maron2021	False
P19013	P19013	P19013	False	canonical_or_unversioned_accession	KRT4	5	P19013	Maron2021	False
P19022	P19022	P19022	False	canonical_or_unversioned_accession	CDH2	2	P19022	Maron2021	False
P19105	P19105	P19105	False	canonical_or_unversioned_accession	MYL12A	1	P19105	Maron2021	False
P19174	P19174	P19174	False	canonical_or_unversioned_accession	PLCG1	5	P19174	Maron2021	False
P19338	P19338	P19338	False	canonical_or_unversioned_accession	NCL	17	P19338	Maron2021;ProMetheusDB	False
P19367	P19367	P19367	False	canonical_or_unversioned_accession	HK1	2	P19367	Maron2021	False
P19388	P19388	P19388	False	canonical_or_unversioned_accession	POLR2E	2	P19388	Maron2021	False
P19484	P19484	P19484	False	canonical_or_unversioned_accession	TFEB	2	P19484	Maron2021;ProMetheusDB	False
P19525	P19525	P19525	False	canonical_or_unversioned_accession	EIF2AK2	3	P19525	Maron2021	False
P19532	P19532	P19532	False	canonical_or_unversioned_accession	TFE3	2	P19532	ProMetheusDB	False
P19544	P19544	P19544	False	canonical_or_unversioned_accession	WT1	1	P19544	Maron2021	False
P19622	P19622	P19622	False	canonical_or_unversioned_accession	EN2	1	P19622	Maron2021	False
P19784	P19784	P19784	False	canonical_or_unversioned_accession	CSNK2A2	2	P19784	Maron2021	False
P20020	P20020	P20020	False	canonical_or_unversioned_accession	ATP2B1	1	P20020	Maron2021	False
P20042	P20042	P20042	False	canonical_or_unversioned_accession	EIF2S2	3	P20042	Maron2021;ProMetheusDB	False
P20073	P20073	P20073	False	canonical_or_unversioned_accession	ANXA7	1	P20073	Maron2021	False
P20248	P20248	P20248	False	canonical_or_unversioned_accession	CCNA2	1	P20248	ProMetheusDB	False
P20290	P20290	P20290	False	canonical_or_unversioned_accession	BTF3	8	P20290	Maron2021;ProMetheusDB;human_ptm_master	False
P20339	P20339	P20339	False	canonical_or_unversioned_accession	RAB5A	3	P20339	Maron2021	False
P20340	P20340	P20340	False	canonical_or_unversioned_accession	RAB6A	4	P20340	Maron2021	False
P20585	P20585	P20585	False	canonical_or_unversioned_accession	MSH3	2	P20585	Maron2021	False
P20618	P20618	P20618	False	canonical_or_unversioned_accession	PSMB1	4	P20618	Maron2021	False
P20671	P20671	P20671	False	canonical_or_unversioned_accession	HIST1H2AD	4	P20671	Maron2021	False
P20700	P20700	P20700	False	canonical_or_unversioned_accession	LMNB1	14	P20700	Maron2021;ProMetheusDB;human_ptm_master	False
P20719	P20719	P20719	False	canonical_or_unversioned_accession	HOXA5	1	P20719	Maron2021	False
P20742	P20742	P20742	False	canonical_or_unversioned_accession	PZP	2	P20742	Maron2021	False
P20749	P20749	P20749	False	canonical_or_unversioned_accession	BCL3	1	P20749	Maron2021	False
P20839	P20839	P20839	False	canonical_or_unversioned_accession	IMPDH1	3	P20839	Maron2021	False
P20848	P20848	P20848	False	canonical_or_unversioned_accession	SERPINA2P	1	P20848	Maron2021	False
P20916	P20916	P20916	False	canonical_or_unversioned_accession	MAG	1	P20916	Maron2021	False
P20929	P20929	P20929	False	canonical_or_unversioned_accession	NEB	5	P20929	Maron2021	False
P20930	P20930	P20930	False	canonical_or_unversioned_accession	FLG	4	P20930	Maron2021	False
P21108	P21108	P21108	False	canonical_or_unversioned_accession	PRPS1L1	1	P21108	Maron2021	False
P21127	P21127	P21127	False	canonical_or_unversioned_accession	CDK11B	2	P21127	ProMetheusDB	False
P21266	P21266	P21266	False	canonical_or_unversioned_accession	GSTM3	2	P21266	Maron2021	False
P21281	P21281	P21281	False	canonical_or_unversioned_accession	ATP6V1B2	6	P21281	Maron2021	False
P21333	P21333	P21333	False	canonical_or_unversioned_accession	FLNB	7	P21333	Maron2021;ProMetheusDB	False
P21359	P21359	P21359	False	canonical_or_unversioned_accession	NF1	1	P21359	Maron2021	False
P21399	P21399	P21399	False	canonical_or_unversioned_accession	ACO1	4	P21399	Maron2021	False
P21796	P21796	P21796	False	canonical_or_unversioned_accession	VDAC1	1	P21796	Maron2021	False
P21817	P21817	P21817	False	canonical_or_unversioned_accession	RYR1	1	P21817	Maron2021	False
P21917	P21917	P21917	False	canonical_or_unversioned_accession	DRD4	1	P21917	Maron2021	False
P22059	P22059	P22059	False	canonical_or_unversioned_accession	OSBP	3	P22059	Maron2021	False
P22061	P22061	P22061	False	canonical_or_unversioned_accession	PCMT1	2	P22061	Maron2021	False
P22083	P22083	P22083	False	canonical_or_unversioned_accession	FUT4	5	P22083	Maron2021	False
P22087	P22087	P22087	False	canonical_or_unversioned_accession	FBL	16	P22087	Maron2021;ProMetheusDB	False
P22090	P22090	P22090	False	canonical_or_unversioned_accession	RPS4Y1	3	P22090	Maron2021	False
P22102	P22102	P22102	False	canonical_or_unversioned_accession	GART	4	P22102	Maron2021	False
P22105	P22105	P22105	False	canonical_or_unversioned_accession	TNXB	1	P22105	Maron2021	False
P22234	P22234	P22234	False	canonical_or_unversioned_accession	PAICS	3	P22234	Maron2021	False
P22314	P22314	P22314	False	canonical_or_unversioned_accession	UBA1	12	P22314	Maron2021	False
P22392	P22392	P22392	False	canonical_or_unversioned_accession	NME2	6	P22392	Maron2021	False
P22413	P22413	P22413	False	canonical_or_unversioned_accession	ENPP1	1	P22413	Maron2021	False
P22612	P22612	P22612	False	canonical_or_unversioned_accession	PRKACG	1	P22612	Maron2021	False
P22626	P22626	P22626	False	canonical_or_unversioned_accession	HNRNPA2B1	15	P22626	Maron2021;ProMetheusDB;human_ptm_master	False
P22681	P22681	P22681	False	canonical_or_unversioned_accession	CBL	3	P22681	Maron2021	False
P22695	P22695	P22695	False	canonical_or_unversioned_accession	UQCRC2	3	P22695	Maron2021	False
P22732	P22732	P22732	False	canonical_or_unversioned_accession	SLC2A5	1	P22732	Maron2021	False
P22760	P22760	P22760	False	canonical_or_unversioned_accession	AADAC	1	P22760	Maron2021	False
P23142	P23142	P23142	False	canonical_or_unversioned_accession	FBLN1	1	P23142	Maron2021	False
P23246	P23246	P23246	False	canonical_or_unversioned_accession	SFPQ	20	P23246	Maron2021;ProMetheusDB;human_ptm_master	False
P23258	P23258	P23258	False	canonical_or_unversioned_accession	TUBG1	1	P23258	Maron2021	False
P23284	P23284	P23284	False	canonical_or_unversioned_accession	PPIB	4	P23284	Maron2021	False
P23368	P23368	P23368	False	canonical_or_unversioned_accession	ME2	1	P23368	Maron2021	False
P23381	P23381	P23381	False	canonical_or_unversioned_accession	WARS	1	P23381	Maron2021	False
P23396	P23396	P23396	False	canonical_or_unversioned_accession	RPS3	5	P23396	Maron2021;human_ptm_master	False
P23443	P23443	P23443	False	canonical_or_unversioned_accession	RPS6KB1	3	P23443	Maron2021	False
P23468	P23468	P23468	False	canonical_or_unversioned_accession	PTPRD	1	P23468	Maron2021	False
P23511	P23511	P23511	False	canonical_or_unversioned_accession	NFYA	1	P23511	Maron2021	False
P23526	P23526	P23526	False	canonical_or_unversioned_accession	AHCY	7	P23526	Maron2021	False
P23527	P23527	P23527	False	canonical_or_unversioned_accession	H2BC17	5	P23527	Maron2021	False
P23588	P23588	P23588	False	canonical_or_unversioned_accession	EIF4B	13	P23588	Maron2021;ProMetheusDB	False
P23634	P23634	P23634	False	canonical_or_unversioned_accession	ATP2B4	2	P23634	Maron2021	False
P23677	P23677	P23677	False	canonical_or_unversioned_accession	ITPKA	1	P23677	Maron2021;ProMetheusDB	False
P23760	P23760	P23760	False	canonical_or_unversioned_accession	PAX3	1	P23760	Maron2021	False
P23769	P23769	P23769	False	canonical_or_unversioned_accession	GATA2	1	P23769	Maron2021;human_ptm_master	False
P23771	P23771	P23771	False	canonical_or_unversioned_accession	GATA3	2	P23771	Maron2021	False
P23786	P23786	P23786	False	canonical_or_unversioned_accession	CPT2	2	P23786	Maron2021	False
P23919	P23919	P23919	False	canonical_or_unversioned_accession	DTYMK	3	P23919	Maron2021	False
P23921	P23921	P23921	False	canonical_or_unversioned_accession	RRM1	1	P23921	Maron2021	False
P24462	P24462	P24462	False	canonical_or_unversioned_accession	CYP3A7	2	P24462	Maron2021	False
P24534	P24534	P24534	False	canonical_or_unversioned_accession	EEF1B2	3	P24534	Maron2021	False
P24666	P24666	P24666	False	canonical_or_unversioned_accession	ACP1	2	P24666	Maron2021;ProMetheusDB	False
P24928	P24928	P24928	False	canonical_or_unversioned_accession	POLR2A	3	P24928	Maron2021;human_ptm_master	False
P24941	P24941	P24941	False	canonical_or_unversioned_accession	CDK2	1	P24941	Maron2021	False
P25024	P25024	P25024	False	canonical_or_unversioned_accession	CXCR1	2	P25024	Maron2021	False
P25054	P25054	P25054	False	canonical_or_unversioned_accession	APC	4	P25054	Maron2021	False
P25098	P25098	P25098	False	canonical_or_unversioned_accession	ADRBK1	3	P25098	Maron2021	False
P25205	P25205	P25205	False	canonical_or_unversioned_accession	MCM3	7	P25205	Maron2021	False
P25311	P25311	P25311	False	canonical_or_unversioned_accession	AZGP1	1	P25311	Maron2021	False
P25325	P25325	P25325	False	canonical_or_unversioned_accession	MPST	1	P25325	Maron2021	False
P25391	P25391	P25391	False	canonical_or_unversioned_accession	LAMA1	1	P25391	Maron2021	False
P25398	P25398	P25398	False	canonical_or_unversioned_accession	RPS12	2	P25398	Maron2021	False
P25440	P25440	P25440	False	canonical_or_unversioned_accession	BRD2	1	P25440	Maron2021	False
P25490	P25490	P25490	False	canonical_or_unversioned_accession	YY1	2	P25490	Maron2021	False
P25685	P25685	P25685	False	canonical_or_unversioned_accession	DNAJB1	2	P25685	Maron2021	False
P25705	P25705	P25705	False	canonical_or_unversioned_accession	ATP5A1	7	P25705	Maron2021;ProMetheusDB	False
P25940	P25940	P25940	False	canonical_or_unversioned_accession	COL5A3	2	P25940	Maron2021	False
P26022	P26022	P26022	False	canonical_or_unversioned_accession	PTX3	1	P26022	Maron2021	False
P26038	P26038	P26038	False	canonical_or_unversioned_accession	MSN	5	P26038	Maron2021;ProMetheusDB	False
P26045	P26045	P26045	False	canonical_or_unversioned_accession	PTPN3	1	P26045	Maron2021	False
P26196	P26196	P26196	False	canonical_or_unversioned_accession	DDX6	2	P26196	Maron2021	False
P26232	P26232	P26232	False	canonical_or_unversioned_accession	CTNNA2	2	P26232	Maron2021	False
P26358	P26358	P26358	False	canonical_or_unversioned_accession	DNMT1	6	P26358	Maron2021	False
P26368	P26368	P26368	False	canonical_or_unversioned_accession	U2AF2	4	P26368	Maron2021	False
P26373	P26373	P26373	False	canonical_or_unversioned_accession	RPL13	6	P26373	Maron2021	False
P26378	P26378	P26378	False	canonical_or_unversioned_accession	ELAVL4	1	P26378	human_ptm_master	False
P26440	P26440	P26440	False	canonical_or_unversioned_accession	IVD	1	P26440	Maron2021	False
P26583	P26583	P26583	False	canonical_or_unversioned_accession	HMGB2	3	P26583	Maron2021	False
P26599	P26599	P26599	False	canonical_or_unversioned_accession	PTBP1	1	P26599	Maron2021	False
P26639	P26639	P26639	False	canonical_or_unversioned_accession	TARS	3	P26639	Maron2021	False
P26640	P26640	P26640	False	canonical_or_unversioned_accession	VARS	2	P26640	Maron2021	False
P26641	P26641	P26641	False	canonical_or_unversioned_accession	EEF1G	4	P26641	Maron2021;ProMetheusDB	False
P26885	P26885	P26885	False	canonical_or_unversioned_accession	FKBP2	1	P26885	Maron2021	False
P27144	P27144	P27144	False	canonical_or_unversioned_accession	AK4	3	P27144	Maron2021	False
P27348	P27348	P27348	False	canonical_or_unversioned_accession	YWHAQ	2	P27348	Maron2021	False
P27361	P27361	P27361	False	canonical_or_unversioned_accession	MAPK3	2	P27361	Maron2021	False
P27448	P27448	P27448	False	canonical_or_unversioned_accession	MARK3	2	P27448	Maron2021	False
P27482	P27482	P27482	False	canonical_or_unversioned_accession	CALML3	2	P27482	Maron2021	False
P27540	P27540	P27540	False	canonical_or_unversioned_accession	ARNT	1	P27540	Maron2021	False
P27635	P27635	P27635	False	canonical_or_unversioned_accession	RPL10	6	P27635	Maron2021	False
P27694	P27694	P27694	False	canonical_or_unversioned_accession	RPA1	2	P27694	Maron2021	False
P27695	P27695	P27695	False	canonical_or_unversioned_accession	APEX1	5	P27695	Maron2021	False
P27708	P27708	P27708	False	canonical_or_unversioned_accession	CAD	4	P27708	Maron2021;ProMetheusDB	False
P27797	P27797	P27797	False	canonical_or_unversioned_accession	CALR	3	P27797	Maron2021	False
P27816	P27816	P27816	False	canonical_or_unversioned_accession	MAP4	1	P27816	Maron2021	False
P27824	P27824	P27824	False	canonical_or_unversioned_accession	CANX	4	P27824	Maron2021	False
P27986	P27986	P27986	False	canonical_or_unversioned_accession	PIK3R1	2	P27986	Maron2021	False
P27987	P27987	P27987	False	canonical_or_unversioned_accession	ITPKB	2	P27987	Maron2021	False
P28062	P28062	P28062	False	canonical_or_unversioned_accession	PSMB8	1	P28062	Maron2021;human_ptm_master	False
P28065	P28065	P28065	False	canonical_or_unversioned_accession	PSMB9	2	P28065	Maron2021	False
P28066	P28066	P28066	False	canonical_or_unversioned_accession	PSMA5	2	P28066	Maron2021	False
P28072	P28072	P28072	False	canonical_or_unversioned_accession	PSMB6	3	P28072	Maron2021	False
P28161	P28161	P28161	False	canonical_or_unversioned_accession	GSTM2	2	P28161	Maron2021	False
P28331	P28331	P28331	False	canonical_or_unversioned_accession	NDUFS1	4	P28331	Maron2021	False
P28340	P28340	P28340	False	canonical_or_unversioned_accession	POLD1	4	P28340	Maron2021;human_ptm_master	False
P28482	P28482	P28482	False	canonical_or_unversioned_accession	MAPK3	1	P28482	Maron2021	False
P28676	P28676	P28676	False	canonical_or_unversioned_accession	GCA	1	P28676	Maron2021	False
P28702	P28702	P28702	False	canonical_or_unversioned_accession	RXRB	4	P28702	Maron2021;human_ptm_master	False
P28838	P28838	P28838	False	canonical_or_unversioned_accession	LAP3	1	P28838	Maron2021	False
P29033	P29033	P29033	False	canonical_or_unversioned_accession	GJB2	1	P29033	Maron2021	False
P29317	P29317	P29317	False	canonical_or_unversioned_accession	EPHA2	2	P29317	Maron2021	False
P29322	P29322	P29322	False	canonical_or_unversioned_accession	EPHA8	1	P29322	Maron2021	False
P29350	P29350	P29350	False	canonical_or_unversioned_accession	PTPN6	1	P29350	Maron2021	False
P29353	P29353	P29353	False	canonical_or_unversioned_accession	SHC1	1	P29353	Maron2021	False
P29372	P29372	P29372	False	canonical_or_unversioned_accession	MPG	4	P29372	Maron2021	False
P29590	P29590	P29590	False	canonical_or_unversioned_accession	PML	3	P29590	Maron2021	False
P29597	P29597	P29597	False	canonical_or_unversioned_accession	TYK2	2	P29597	Maron2021	False
P29692	P29692	P29692	False	canonical_or_unversioned_accession	EEF1D	5	P29692	Maron2021;ProMetheusDB	False
P29992	P29992	P29992	False	canonical_or_unversioned_accession	GNA11	1	P29992	Maron2021	False
P30038	P30038	P30038	False	canonical_or_unversioned_accession	ALDH4A1	2	P30038	Maron2021	False
P30040	P30040	P30040	False	canonical_or_unversioned_accession	ERP29	1	P30040	Maron2021	False
P30041	P30041	P30041	False	canonical_or_unversioned_accession	PRDX6	5	P30041	Maron2021	False
P30043	P30043	P30043	False	canonical_or_unversioned_accession	BLVRB	2	P30043	Maron2021	False
P30044	P30044	P30044	False	canonical_or_unversioned_accession	PRDX5	2	P30044	Maron2021	False
P30046	P30046	P30046	False	canonical_or_unversioned_accession	DDT	2	P30046	Maron2021	False
P30048	P30048	P30048	False	canonical_or_unversioned_accession	PRDX3	2	P30048	Maron2021	False
P30050	P30050	P30050	False	canonical_or_unversioned_accession	RPL12	3	P30050	Maron2021;ProMetheusDB	False
P30084	P30084	P30084	False	canonical_or_unversioned_accession	ECHS1	2	P30084	Maron2021;ProMetheusDB	False
P30086	P30086	P30086	False	canonical_or_unversioned_accession	PEBP1	2	P30086	Maron2021;ProMetheusDB	False
P30101	P30101	P30101	False	canonical_or_unversioned_accession	PDIA3	7	P30101	Maron2021	False
P30153	P30153	P30153	False	canonical_or_unversioned_accession	PPP2R1A	3	P30153	Maron2021	False
P30154	P30154	P30154	False	canonical_or_unversioned_accession	PPP2R1B	1	P30154	Maron2021	False
P30291	P30291	P30291	False	canonical_or_unversioned_accession	WEE1	4	P30291	Maron2021	False
P30304	P30304	P30304	False	canonical_or_unversioned_accession	CDC25A	2	P30304	Maron2021	False
P30419	P30419	P30419	False	canonical_or_unversioned_accession	NMT1	2	P30419	Maron2021	False
P30480	P30480	P30480	False	canonical_or_unversioned_accession	HLA-B	2	P30480	Maron2021	False
P30520	P30520	P30520	False	canonical_or_unversioned_accession	ADSS	1	P30520	Maron2021	False
P30530	P30530	P30530	False	canonical_or_unversioned_accession	AXL	1	P30530	Maron2021	False
P30533	P30533	P30533	False	canonical_or_unversioned_accession	LRPAP1	3	P30533	Maron2021	False
P30613	P30613	P30613	False	canonical_or_unversioned_accession	PKLR	1	P30613	ProMetheusDB	False
P30626	P30626	P30626	False	canonical_or_unversioned_accession	SRI	1	P30626	Maron2021	False
P30679	P30679	P30679	False	canonical_or_unversioned_accession	GNA15	2	P30679	Maron2021	False
P30825	P30825	P30825	False	canonical_or_unversioned_accession	SLC7A1	2	P30825	Maron2021	False
P30837	P30837	P30837	False	canonical_or_unversioned_accession	ALDH1B1	2	P30837	Maron2021	False
P30876	P30876	P30876	False	canonical_or_unversioned_accession	POLR2B	3	P30876	Maron2021	False
P30939	P30939	P30939	False	canonical_or_unversioned_accession	HTR1F	1	P30939	Maron2021	False
P31040	P31040	P31040	False	canonical_or_unversioned_accession	SDHA	9	P31040	Maron2021	False
P31150	P31150	P31150	False	canonical_or_unversioned_accession	GDI1	5	P31150	Maron2021	False
P31153	P31153	P31153	False	canonical_or_unversioned_accession	MAT2A	2	P31153	Maron2021;ProMetheusDB	False
P31260	P31260	P31260	False	canonical_or_unversioned_accession	HOXA10	2	P31260	Maron2021	False
P31267	P31267	P31267	False	canonical_or_unversioned_accession	HOXA6	1	P31267	Maron2021	False
P31268	P31268	P31268	False	canonical_or_unversioned_accession	HOXA7	1	P31268	Maron2021	False
P31275	P31275	P31275	False	canonical_or_unversioned_accession	HOXC12	1	P31275	Maron2021	False
P31276	P31276	P31276	False	canonical_or_unversioned_accession	HOXC13	1	P31276	Maron2021	False
P31277	P31277	P31277	False	canonical_or_unversioned_accession	HOXD11	1	P31277	Maron2021	False
P31321	P31321	P31321	False	canonical_or_unversioned_accession	PRKAR1B	1	P31321	Maron2021	False
P31327	P31327	P31327	False	canonical_or_unversioned_accession	CPS1	3	P31327	Maron2021;ProMetheusDB	False
P31350	P31350	P31350	False	canonical_or_unversioned_accession	RRM2	1	P31350	Maron2021	False
P31689	P31689	P31689	False	canonical_or_unversioned_accession	DNAJA1	2	P31689	Maron2021	False
P31939	P31939	P31939	False	canonical_or_unversioned_accession	ATIC	3	P31939	Maron2021	False
P31942	P31942	P31942	False	canonical_or_unversioned_accession	HNRNPH3	19	P31942	Maron2021;ProMetheusDB;human_ptm_master	False
P31943	P31943;P31943; P55795	P31943	False	canonical_or_unversioned_accession	HNRNPH1	16	P31943	Maron2021;ProMetheusDB;human_ptm_master	False
P31944	P31944	P31944	False	canonical_or_unversioned_accession	CASP14	1	P31944	Maron2021	False
P31946	P31946	P31946	False	canonical_or_unversioned_accession	YWHAB	1	P31946	Maron2021	False
P31948	P31948	P31948	False	canonical_or_unversioned_accession	STIP1	6	P31948	Maron2021	False
P31949	P31949	P31949	False	canonical_or_unversioned_accession	S100A11	1	P31949	Maron2021	False
P32119	P32119	P32119	False	canonical_or_unversioned_accession	PRDX2	4	P32119	Maron2021	False
P32456	P32456	P32456	False	canonical_or_unversioned_accession	GBP2	2	P32456	Maron2021	False
P32519	P32519	P32519	False	canonical_or_unversioned_accession	ELF1	1	P32519	Maron2021	False
P32927	P32927	P32927	False	canonical_or_unversioned_accession	CSF2RB	1	P32927	Maron2021	False
P32929	P32929	P32929	False	canonical_or_unversioned_accession	CTH	3	P32929	Maron2021	False
P32969	P32969	P32969	False	canonical_or_unversioned_accession	RPL9	2	P32969	Maron2021	False
P33176	P33176	P33176	False	canonical_or_unversioned_accession	KIF5B	5	P33176	Maron2021;human_ptm_master	False
P33240	P33240	P33240	False	canonical_or_unversioned_accession	CSTF2	18	P33240	Maron2021;ProMetheusDB;human_ptm_master	False
P33316	P33316	P33316	False	canonical_or_unversioned_accession	DUT	8	P33316	Maron2021	False
P33552	P33552	P33552	False	canonical_or_unversioned_accession	CKS2	1	P33552	Maron2021	False
P33778	P33778	P33778	False	canonical_or_unversioned_accession	H2BC3	5	P33778	Maron2021	False
P33991	P33991	P33991	False	canonical_or_unversioned_accession	MCM4	9	P33991	Maron2021	False
P33992	P33992	P33992	False	canonical_or_unversioned_accession	MCM5	5	P33992	Maron2021;ProMetheusDB	False
P33993	P33993	P33993	False	canonical_or_unversioned_accession	MCM7	12	P33993	Maron2021	False
P34897	P34897	P34897	False	canonical_or_unversioned_accession	SHMT2	6	P34897	Maron2021;ProMetheusDB	False
P34925	P34925	P34925	False	canonical_or_unversioned_accession	RYK	1	P34925	Maron2021	False
P34931	P34931	P34931	False	canonical_or_unversioned_accession	HSPA1L	4	P34931	Maron2021	False
P34932	P34932	P34932	False	canonical_or_unversioned_accession	HSPA4	6	P34932	Maron2021	False
P34949	P34949	P34949	False	canonical_or_unversioned_accession	MPI	2	P34949	Maron2021	False
P35080	P35080	P35080	False	canonical_or_unversioned_accession	PFN2	2	P35080	Maron2021	False
P35221	P35221	P35221	False	canonical_or_unversioned_accession	CTNNA1	2	P35221	Maron2021	False
P35222	P35222	P35222	False	canonical_or_unversioned_accession	CTNNB1	1	P35222	Maron2021	False
P35226	P35226	P35226	False	canonical_or_unversioned_accession	BMI1	1	P35226	Maron2021	False
P35228	P35228	P35228	False	canonical_or_unversioned_accession	NOS2	1	P35228	Maron2021	False
P35232	P35232	P35232	False	canonical_or_unversioned_accession	PHB	3	P35232	Maron2021	False
P35236	P35236	P35236	False	canonical_or_unversioned_accession	PTPN7	1	P35236	Maron2021	False
P35237	P35237	P35237	False	canonical_or_unversioned_accession	SERPINB6	2	P35237	Maron2021	False
P35240	P35240	P35240	False	canonical_or_unversioned_accession	NF2	3	P35240	Maron2021	False
P35241	P35241	P35241	False	canonical_or_unversioned_accession	RDX	2	P35241	Maron2021	False
P35249	P35249	P35249	False	canonical_or_unversioned_accession	RFC4	2	P35249	Maron2021;ProMetheusDB	False
P35250	P35250	P35250	False	canonical_or_unversioned_accession	RFC2	3	P35250	Maron2021	False
P35251	P35251	P35251	False	canonical_or_unversioned_accession	RFC1	1	P35251	Maron2021	False
P35268	P35268	P35268	False	canonical_or_unversioned_accession	RPL22	1	P35268	Maron2021	False
P35269	P35269	P35269	False	canonical_or_unversioned_accession	GTF2F1	1	P35269	Maron2021	False
P35354	P35354	P35354	False	canonical_or_unversioned_accession	PTGS2	1	P35354	Maron2021	False
P35368	P35368	P35368	False	canonical_or_unversioned_accession	ADRA1B	4	P35368	Maron2021	False
P35520	P35520	P35520	False	canonical_or_unversioned_accession	CBS	5	P35520	Maron2021	False
P35527	P35527	P35527	False	canonical_or_unversioned_accession	KRT9	3	P35527	Maron2021	False
P35555	P35555	P35555	False	canonical_or_unversioned_accession	FBN1	1	P35555	Maron2021	False
P35556	P35556	P35556	False	canonical_or_unversioned_accession	FBN2	2	P35556	Maron2021	False
P35568	P35568	P35568	False	canonical_or_unversioned_accession	IRS1	3	P35568	Maron2021	False
P35573	P35573	P35573	False	canonical_or_unversioned_accession	AGL	2	P35573	Maron2021	False
P35579	P35579	P35579	False	canonical_or_unversioned_accession	MYH9	13	P35579	Maron2021;ProMetheusDB	False
P35580	P35580	P35580	False	canonical_or_unversioned_accession	MYH10	15	P35580	Maron2021;ProMetheusDB	False
P35606	P35606	P35606	False	canonical_or_unversioned_accession	COPB2	3	P35606	Maron2021	False
P35609	P35609	P35609	False	canonical_or_unversioned_accession	ACTN2	3	P35609	Maron2021	False
P35611	P35611	P35611	False	canonical_or_unversioned_accession	ADD1	2	P35611	Maron2021	False
P35637	P35637	P35637	False	canonical_or_unversioned_accession	FUS	30	P35637	Maron2021;ProMetheusDB;human_ptm_master	False
P35658	P35658	P35658	False	canonical_or_unversioned_accession	NUP214	1	P35658	Maron2021	False
P35659	P35659	P35659	False	canonical_or_unversioned_accession	DEK	2	P35659	Maron2021	False
P35711	P35711	P35711	False	canonical_or_unversioned_accession	SOX5	1	P35711	Maron2021	False
P35712	P35712	P35712	False	canonical_or_unversioned_accession	SOX6	2	P35712	Maron2021	False
P35749	P35749	P35749	False	canonical_or_unversioned_accession	MYH11	3	P35749	Maron2021	False
P35869	P35869	P35869	False	canonical_or_unversioned_accession	AHR	1	P35869	Maron2021	False
P35900	P35900	P35900	False	canonical_or_unversioned_accession	KRT20	2	P35900	Maron2021	False
P35908	P35908	P35908	False	canonical_or_unversioned_accession	KRT2	6	P35908	Maron2021	False
P35998	P35998	P35998	False	canonical_or_unversioned_accession	PSMC2	1	P35998	Maron2021	False
P36402	P36402-13	P36402	True	isoform_needs_sequence_remap	TCF7	2	P36402-13	ProMetheusDB	True
P36405	P36405	P36405	False	canonical_or_unversioned_accession	ARL3	1	P36405	Maron2021	False
P36508	P36508	P36508	False	canonical_or_unversioned_accession	ZNF76	1	P36508	Maron2021	False
P36542	P36542	P36542	False	canonical_or_unversioned_accession	ATP5C1	2	P36542	Maron2021	False
P36551	P36551	P36551	False	canonical_or_unversioned_accession	CPOX	2	P36551	Maron2021	False
P36578	P36578	P36578	False	canonical_or_unversioned_accession	RPL4	9	P36578	Maron2021;ProMetheusDB	False
P36639	P36639	P36639	False	canonical_or_unversioned_accession	NUDT1	1	P36639	Maron2021	False
P36776	P36776	P36776	False	canonical_or_unversioned_accession	LONP1	2	P36776	Maron2021;ProMetheusDB	False
P36871	P36871	P36871	False	canonical_or_unversioned_accession	PGM1	4	P36871	Maron2021	False
P36873	P36873	P36873	False	canonical_or_unversioned_accession	PPP1CC	4	P36873	Maron2021	False
P36915	P36915	P36915	False	canonical_or_unversioned_accession	GNL1	2	P36915	Maron2021	False
P36952	P36952	P36952	False	canonical_or_unversioned_accession	SERPINB5	1	P36952	Maron2021	False
P36957	P36957	P36957	False	canonical_or_unversioned_accession	DLST	2	P36957	Maron2021	False
P37268	P37268	P37268	False	canonical_or_unversioned_accession	FDFT1	1	P37268	Maron2021	False
P37287	P37287	P37287	False	canonical_or_unversioned_accession	PIGA	2	P37287	Maron2021	False
P37802	P37802	P37802	False	canonical_or_unversioned_accession	TAGLN2	3	P37802	Maron2021;ProMetheusDB;human_ptm_master	False
P37837	P37837	P37837	False	canonical_or_unversioned_accession	TALDO1	1	P37837	Maron2021	False
P38117	P38117	P38117	False	canonical_or_unversioned_accession	ETFB	5	P38117	Maron2021	False
P38159	P38159	P38159	False	canonical_or_unversioned_accession	RBMX	33	P38159	Maron2021;ProMetheusDB	False
P38432	P38432	P38432	False	canonical_or_unversioned_accession	COIL	5	P38432	Maron2021;ProMetheusDB	False
P38606	P38606	P38606	False	canonical_or_unversioned_accession	ATP6V1A	5	P38606	Maron2021	False
P38646	P38646	P38646	False	canonical_or_unversioned_accession	HSPA9	7	P38646	Maron2021;ProMetheusDB;human_ptm_master	False
P38919	P38919	P38919	False	canonical_or_unversioned_accession	EIF4A3	2	P38919	Maron2021	False
P38935	P38935	P38935	False	canonical_or_unversioned_accession	IGHMBP2	1	P38935	Maron2021	False
P38936	P38936	P38936	False	canonical_or_unversioned_accession	CDKN1A	1	P38936	Maron2021	False
P39019	P39019	P39019	False	canonical_or_unversioned_accession	RPS19	4	P39019	Maron2021;human_ptm_master	False
P39023	P39023	P39023	False	canonical_or_unversioned_accession	RPL3	3	P39023	Maron2021	False
P39060	P39060	P39060	False	canonical_or_unversioned_accession	COL18A1	1	P39060	Maron2021	False
P39656	P39656	P39656	False	canonical_or_unversioned_accession	DDOST	1	P39656	Maron2021	False
P39687	P39687	P39687	False	canonical_or_unversioned_accession	ANP32A	4	P39687	Maron2021	False
P39748	P39748	P39748	False	canonical_or_unversioned_accession	FEN1	5	P39748	Maron2021	False
P39880	P39880	P39880	False	canonical_or_unversioned_accession	CUX1	1	P39880	Maron2021	False
P40126	P40126	P40126	False	canonical_or_unversioned_accession	DCT	1	P40126	Maron2021	False
P40197	P40197	P40197	False	canonical_or_unversioned_accession	GP5	1	P40197	Maron2021	False
P40222	P40222	P40222	False	canonical_or_unversioned_accession	TXLNA	3	P40222	Maron2021	False
P40227	P40227	P40227	False	canonical_or_unversioned_accession	CCT6A	3	P40227	Maron2021	False
P40337	P40337	P40337	False	canonical_or_unversioned_accession	VHL	2	P40337	Maron2021	False
P40425	P40425	P40425	False	canonical_or_unversioned_accession	PBX2	1	P40425	Maron2021	False
P40429	P40429	P40429	False	canonical_or_unversioned_accession	RPL13A	6	P40429	Maron2021	False
P40763	P40763	P40763	False	canonical_or_unversioned_accession	STAT3	1	P40763	Maron2021	False
P40818	P40818	P40818	False	canonical_or_unversioned_accession	USP8	2	P40818	Maron2021	False
P40925	P40925	P40925	False	canonical_or_unversioned_accession	MDH1	1	P40925	Maron2021	False
P40926	P40926	P40926	False	canonical_or_unversioned_accession	MDH2	1	P40926	Maron2021	False
P40937	P40937	P40937	False	canonical_or_unversioned_accession	RFC5	2	P40937	Maron2021	False
P40939	P40939	P40939	False	canonical_or_unversioned_accession	HADHA	2	P40939	Maron2021	False
P41091	P41091	P41091	False	canonical_or_unversioned_accession	EIF2S3	1	P41091	ProMetheusDB	False
P41162	P41162	P41162	False	canonical_or_unversioned_accession	ETV3	1	P41162	Maron2021	False
P41208	P41208	P41208	False	canonical_or_unversioned_accession	CETN2	1	P41208	Maron2021	False
P41219	P41219	P41219	False	canonical_or_unversioned_accession	PRPH	4	P41219	Maron2021	False
P41223	P41223	P41223	False	canonical_or_unversioned_accession	BUD31	2	P41223	Maron2021	False
P41227	P41227	P41227	False	canonical_or_unversioned_accession	NAA10	1	P41227	Maron2021	False
P41236	P41236	P41236	False	canonical_or_unversioned_accession	PPP1R2	1	P41236	Maron2021	False
P41250	P41250	P41250	False	canonical_or_unversioned_accession	GARS	3	P41250	Maron2021	False
P41252	P41252	P41252	False	canonical_or_unversioned_accession	IARS	3	P41252	Maron2021	False
P41567	P41567	P41567	False	canonical_or_unversioned_accession	EIF1B	3	P41567	Maron2021	False
P42025	P42025	P42025	False	canonical_or_unversioned_accession	ACTR1B	1	P42025	Maron2021	False
P42126	P42126	P42126	False	canonical_or_unversioned_accession	ECI1	2	P42126	Maron2021	False
P42166	P42166	P42166	False	canonical_or_unversioned_accession	TMPO	6	P42166	Maron2021	False
P42167	P42167	P42167	False	canonical_or_unversioned_accession	TMPO	6	P42167	Maron2021	False
P42229	P42229	P42229	False	canonical_or_unversioned_accession	STAT5B	1	P42229	Maron2021	False
P42345	P42345	P42345	False	canonical_or_unversioned_accession	MTOR	1	P42345	Maron2021	False
P42356	P42356	P42356	False	canonical_or_unversioned_accession	PI4KA	4	P42356	Maron2021	False
P42575	P42575	P42575	False	canonical_or_unversioned_accession	CASP2	3	P42575	Maron2021	False
P42658	P42658	P42658	False	canonical_or_unversioned_accession	DPP6	2	P42658	Maron2021	False
P42677	P42677	P42677	False	canonical_or_unversioned_accession	RPS27	1	P42677	Maron2021	False
P42679	P42679	P42679	False	canonical_or_unversioned_accession	MATK	3	P42679	Maron2021	False
P42684	P42684	P42684	False	canonical_or_unversioned_accession	ABL2	2	P42684	Maron2021	False
P42694	P42694	P42694	False	canonical_or_unversioned_accession	HELZ	5	P42694	Maron2021;human_ptm_master	False
P42696	P42696	P42696	False	canonical_or_unversioned_accession	RBM34	2	P42696	Maron2021	False
P42704	P42704	P42704	False	canonical_or_unversioned_accession	LRPPRC	5	P42704	Maron2021	False
P42765	P42765	P42765	False	canonical_or_unversioned_accession	ACAA2	1	P42765	Maron2021	False
P42766	P42766	P42766	False	canonical_or_unversioned_accession	RPL35	4	P42766	Maron2021	False
P42768	P42768	P42768	False	canonical_or_unversioned_accession	WAS	5	P42768	Maron2021;ProMetheusDB	False
P42771	P42771	P42771	False	canonical_or_unversioned_accession	CDKN2A	3	P42771	Maron2021	False
P42772	P42772	P42772	False	canonical_or_unversioned_accession	CDKN2B	1	P42772	Maron2021	False
P43026	P43026	P43026	False	canonical_or_unversioned_accession	GDF5	1	P43026	Maron2021	False
P43034	P43034	P43034	False	canonical_or_unversioned_accession	PAFAH1B1	2	P43034	Maron2021	False
P43121	P43121	P43121	False	canonical_or_unversioned_accession	MCAM	1	P43121	Maron2021	False
P43155	P43155	P43155	False	canonical_or_unversioned_accession	CRAT	1	P43155	Maron2021	False
P43166	P43166	P43166	False	canonical_or_unversioned_accession	CA7	1	P43166	Maron2021	False
P43243	P43243	P43243	False	canonical_or_unversioned_accession	MATR3	9	P43243	Maron2021;ProMetheusDB	False
P43246	P43246	P43246	False	canonical_or_unversioned_accession	MSH2	1	P43246	Maron2021	False
P43308	P43308	P43308	False	canonical_or_unversioned_accession	SSR2	1	P43308	Maron2021	False
P43364	P43364	P43364	False	canonical_or_unversioned_accession	MAGEA11	1	P43364	Maron2021	False
P43405	P43405	P43405	False	canonical_or_unversioned_accession	SYK	1	P43405	Maron2021	False
P43490	P43490	P43490	False	canonical_or_unversioned_accession	NAMPT	1	P43490	Maron2021	False
P43681	P43681	P43681	False	canonical_or_unversioned_accession	CHRNA4	3	P43681	Maron2021	False
P43686	P43686	P43686	False	canonical_or_unversioned_accession	PSMC4	4	P43686	Maron2021;ProMetheusDB	False
P43699	P43699	P43699	False	canonical_or_unversioned_accession	NKX2-1	2	P43699	Maron2021	False
P45877	P45877	P45877	False	canonical_or_unversioned_accession	PPIC	1	P45877	Maron2021	False
P45973	P45973	P45973	False	canonical_or_unversioned_accession	CBX5	3	P45973	Maron2021	False
P45985	P45985	P45985	False	canonical_or_unversioned_accession	MAP2K4	1	P45985	Maron2021;ProMetheusDB;human_ptm_master	False
P46013	P46013	P46013	False	canonical_or_unversioned_accession	MKI67	2	P46013	Maron2021;ProMetheusDB	False
P46060	P46060	P46060	False	canonical_or_unversioned_accession	RANGAP1	2	P46060	Maron2021	False
P46087	P46087	P46087	False	canonical_or_unversioned_accession	NOP2	1	P46087	Maron2021	False
P46100	P46100	P46100	False	canonical_or_unversioned_accession	ATRX	4	P46100	Maron2021	False
P46108	P46108	P46108	False	canonical_or_unversioned_accession	CRK	1	P46108	Maron2021	False
P46109	P46109	P46109	False	canonical_or_unversioned_accession	CRKL	2	P46109	Maron2021	False
P46379	P46379	P46379	False	canonical_or_unversioned_accession	BAG6	3	P46379	Maron2021	False
P46439	P46439	P46439	False	canonical_or_unversioned_accession	GSTM5	1	P46439	Maron2021	False
P46459	P46459	P46459	False	canonical_or_unversioned_accession	NSF	1	P46459	Maron2021	False
P46527	P46527	P46527	False	canonical_or_unversioned_accession	CDKN1B	2	P46527	Maron2021	False
P46531	P46531	P46531	False	canonical_or_unversioned_accession	NOTCH1	1	P46531	Maron2021	False
P46776	P46776	P46776	False	canonical_or_unversioned_accession	RPL27A	3	P46776	Maron2021	False
P46777	P46777	P46777	False	canonical_or_unversioned_accession	RPL5	2	P46777	Maron2021	False
P46778	P46778	P46778	False	canonical_or_unversioned_accession	RPL21	3	P46778	Maron2021	False
P46779	P46779	P46779	False	canonical_or_unversioned_accession	RPL28	2	P46779	Maron2021	False
P46781	P46781	P46781	False	canonical_or_unversioned_accession	RPS9	6	P46781	Maron2021	False
P46782	P46782	P46782	False	canonical_or_unversioned_accession	RPS5	4	P46782	Maron2021;ProMetheusDB	False
P46783	P46783	P46783	False	canonical_or_unversioned_accession	RPS10	5	P46783	Maron2021;ProMetheusDB	False
P46821	P46821	P46821	False	canonical_or_unversioned_accession	MAP1B	4	P46821	Maron2021	False
P46934	P46934	P46934	False	canonical_or_unversioned_accession	NEDD4	1	P46934	Maron2021	False
P46937	P46937	P46937	False	canonical_or_unversioned_accession	YAP1	1	P46937	Maron2021	False
P46939	P46939	P46939	False	canonical_or_unversioned_accession	UTRN	6	P46939	Maron2021	False
P46940	P46940	P46940	False	canonical_or_unversioned_accession	IQGAP1	8	P46940	Maron2021;ProMetheusDB	False
P46977	P46977	P46977	False	canonical_or_unversioned_accession	STT3A	1	P46977	Maron2021	False
P47756	P47756	P47756	False	canonical_or_unversioned_accession	CAPZB	2	P47756	Maron2021	False
P47813	P47813	P47813	False	canonical_or_unversioned_accession	EIF1AX	1	P47813	Maron2021	False
P47869	P47869	P47869	False	canonical_or_unversioned_accession	GABRA2	1	P47869	Maron2021	False
P47895	P47895	P47895	False	canonical_or_unversioned_accession	ALDH1A3	2	P47895	Maron2021	False
P47897	P47897	P47897	False	canonical_or_unversioned_accession	QARS	2	P47897	Maron2021	False
P47914	P47914	P47914	False	canonical_or_unversioned_accession	RPL29	1	P47914	Maron2021	False
P47928	P47928	P47928	False	canonical_or_unversioned_accession	ID4	1	P47928	Maron2021	False
P47974	P47974	P47974	False	canonical_or_unversioned_accession	ZFP36L2	1	P47974	Maron2021	False
P47985	P47985	P47985	False	canonical_or_unversioned_accession	UQCRFS1	2	P47985	Maron2021	False
P48029	P48029	P48029	False	canonical_or_unversioned_accession	SLC6A8	1	P48029	Maron2021	False
P48047	P48047	P48047	False	canonical_or_unversioned_accession	ATP5O	2	P48047	Maron2021	False
P48147	P48147	P48147	False	canonical_or_unversioned_accession	PREP	1	P48147	Maron2021	False
P48200	P48200	P48200	False	canonical_or_unversioned_accession	IREB2	2	P48200	Maron2021	False
P48382	P48382	P48382	False	canonical_or_unversioned_accession	RFX5	6	P48382	Maron2021	False
P48444	P48444	P48444	False	canonical_or_unversioned_accession	ARCN1	1	P48444	Maron2021	False
P48449	P48449	P48449	False	canonical_or_unversioned_accession	LSS	2	P48449	Maron2021	False
P48506	P48506	P48506	False	canonical_or_unversioned_accession	GCLC	3	P48506	Maron2021	False
P48552	P48552	P48552	False	canonical_or_unversioned_accession	NRIP1	4	P48552	Maron2021	False
P48634	P48634	P48634	False	canonical_or_unversioned_accession	PRRC2A	46	P48634	Maron2021;ProMetheusDB;human_ptm_master	False
P48637	P48637	P48637	False	canonical_or_unversioned_accession	GSS	3	P48637	Maron2021	False
P48643	P48643	P48643	False	canonical_or_unversioned_accession	CCT5	4	P48643	Maron2021	False
P48668	P48668	P48668	False	canonical_or_unversioned_accession	KRT6C	5	P48668	Maron2021	False
P48681	P48681	P48681	False	canonical_or_unversioned_accession	NES	2	P48681	Maron2021	False
P48723	P48723	P48723	False	canonical_or_unversioned_accession	HSPA13	1	P48723	Maron2021	False
P48730	P48730	P48730	False	canonical_or_unversioned_accession	CSNK1D	2	P48730	Maron2021	False
P48735	P48735	P48735	False	canonical_or_unversioned_accession	IDH2	1	P48735	Maron2021	False
P48739	P48739	P48739	False	canonical_or_unversioned_accession	PITPNB	2	P48739	Maron2021	False
P48741	P48741	P48741	False	canonical_or_unversioned_accession	HSPA7	1	P48741	Maron2021	False
P49069	P49069	P49069	False	canonical_or_unversioned_accession	CAMLG	1	P49069	Maron2021	False
P49189	P49189	P49189	False	canonical_or_unversioned_accession	ALDH9A1	2	P49189	Maron2021	False
P49207	P49207	P49207	False	canonical_or_unversioned_accession	RPL34	6	P49207	Maron2021	False
P49247	P49247	P49247	False	canonical_or_unversioned_accession	RPIA	4	P49247	Maron2021;ProMetheusDB;human_ptm_master	False
P49321	P49321	P49321	False	canonical_or_unversioned_accession	NASP	3	P49321	Maron2021	False
P49327	P49327	P49327	False	canonical_or_unversioned_accession	FASN	7	P49327	Maron2021	False
P49354	P49354	P49354	False	canonical_or_unversioned_accession	FNTA	2	P49354	Maron2021	False
P49366	P49366	P49366	False	canonical_or_unversioned_accession	DHPS	2	P49366	Maron2021	False
P49368	P49368	P49368	False	canonical_or_unversioned_accession	CCT3	7	P49368	Maron2021	False
P49411	P49411	P49411	False	canonical_or_unversioned_accession	TUFM	6	P49411	Maron2021;ProMetheusDB	False
P49427	P49427	P49427	False	canonical_or_unversioned_accession	CDC34	1	P49427	Maron2021	False
P49441	P49441	P49441	False	canonical_or_unversioned_accession	INPP1	1	P49441	Maron2021	False
P49448	P49448	P49448	False	canonical_or_unversioned_accession	GLUD2	1	P49448	Maron2021	False
P49450	P49450	P49450	False	canonical_or_unversioned_accession	CENPA	1	P49450	Maron2021	False
P49458	P49458	P49458	False	canonical_or_unversioned_accession	SRP9	2	P49458	Maron2021	False
P49588	P49588	P49588	False	canonical_or_unversioned_accession	AARS	11	P49588	Maron2021	False
P49589	P49589	P49589	False	canonical_or_unversioned_accession	CARS	1	P49589	Maron2021	False
P49591	P49591	P49591	False	canonical_or_unversioned_accession	SARS	4	P49591	Maron2021	False
P49593	P49593	P49593	False	canonical_or_unversioned_accession	PPM1F	1	P49593	Maron2021	False
P49674	P49674	P49674	False	canonical_or_unversioned_accession	CSNK1E	3	P49674	Maron2021	False
P49720	P49720	P49720	False	canonical_or_unversioned_accession	PSMB3	3	P49720	Maron2021	False
P49721	P49721	P49721	False	canonical_or_unversioned_accession	PSMB2	5	P49721	Maron2021	False
P49736	P49736	P49736	False	canonical_or_unversioned_accession	MCM2	9	P49736	Maron2021	False
P49748	P49748	P49748	False	canonical_or_unversioned_accession	ACADVL	2	P49748	Maron2021	False
P49750	P49750	P49750	False	canonical_or_unversioned_accession	YLPM1	35	P49750	Maron2021;ProMetheusDB;human_ptm_master	False
P49753	P49753	P49753	False	canonical_or_unversioned_accession	ACOT2	1	P49753	Maron2021	False
P49755	P49755	P49755	False	canonical_or_unversioned_accession	TMED10	2	P49755	Maron2021	False
P49756	P49756	P49756	False	canonical_or_unversioned_accession	RBM25	2	P49756	Maron2021	False
P49757	P49757	P49757	False	canonical_or_unversioned_accession	NUMB	5	P49757	Maron2021;ProMetheusDB	False
P49773	P49773	P49773	False	canonical_or_unversioned_accession	HINT1	1	P49773	Maron2021	False
P49790	P49790	P49790	False	canonical_or_unversioned_accession	NUP153	3	P49790	Maron2021	False
P49792	P49792	P49792	False	canonical_or_unversioned_accession	RANBP2	8	P49792	Maron2021;ProMetheusDB;human_ptm_master	False
P49796	P49796	P49796	False	canonical_or_unversioned_accession	RGS3	1	P49796	Maron2021;ProMetheusDB;human_ptm_master	False
P49815	P49815	P49815	False	canonical_or_unversioned_accession	TSC2	3	P49815	Maron2021	False
P49821	P49821	P49821	False	canonical_or_unversioned_accession	NDUFV1	3	P49821	Maron2021	False
P49840	P49840	P49840	False	canonical_or_unversioned_accession	GSK3A	2	P49840	Maron2021	False
P49842	P49842	P49842	False	canonical_or_unversioned_accession	STK19	1	P49842	Maron2021	False
P49848	P49848	P49848	False	canonical_or_unversioned_accession	TAF6	1	P49848	Maron2021;human_ptm_master	False
P49915	P49915	P49915	False	canonical_or_unversioned_accession	GMPS	4	P49915	Maron2021	False
P49917	P49917	P49917	False	canonical_or_unversioned_accession	LIG4	2	P49917	Maron2021	False
P49959	P49959	P49959	False	canonical_or_unversioned_accession	MRE11A	13	P49959	Maron2021;ProMetheusDB	False
P50213	P50213	P50213	False	canonical_or_unversioned_accession	IDH3A	1	P50213	Maron2021	False
P50219	P50219	P50219	False	canonical_or_unversioned_accession	MNX1	1	P50219	Maron2021	False
P50238	P50238	P50238	False	canonical_or_unversioned_accession	CRIP1	1	P50238	Maron2021;ProMetheusDB;human_ptm_master	False
P50395	P50395	P50395	False	canonical_or_unversioned_accession	GDI2	3	P50395	Maron2021	False
P50402	P50402	P50402	False	canonical_or_unversioned_accession	EMD	2	P50402	Maron2021	False
P50452	P50452	P50452	False	canonical_or_unversioned_accession	SERPINB8	1	P50452	Maron2021	False
P50454	P50454	P50454	False	canonical_or_unversioned_accession	SERPINH1	1	P50454	Maron2021	False
P50479	P50479	P50479	False	canonical_or_unversioned_accession	PDLIM4	2	P50479	Maron2021	False
P50502	P50502	P50502	False	canonical_or_unversioned_accession	ST13	4	P50502	Maron2021	False
P50548	P50548	P50548	False	canonical_or_unversioned_accession	ERF	6	P50548	Maron2021	False
P50570	P50570	P50570	False	canonical_or_unversioned_accession	DNM3	7	P50570	Maron2021;ProMetheusDB	False
P50579	P50579	P50579	False	canonical_or_unversioned_accession	METAP2	3	P50579	Maron2021	False
P50749	P50749	P50749	False	canonical_or_unversioned_accession	RASSF2	4	P50749	Maron2021	False
P50750	P50750	P50750	False	canonical_or_unversioned_accession	CDK9	2	P50750	Maron2021;ProMetheusDB	False
P50851	P50851	P50851	False	canonical_or_unversioned_accession	LRBA	1	P50851	Maron2021	False
P50895	P50895	P50895	False	canonical_or_unversioned_accession	BCAM	1	P50895	Maron2021	False
P50914	P50914	P50914	False	canonical_or_unversioned_accession	RPL14	2	P50914	Maron2021	False
P50990	P50990	P50990	False	canonical_or_unversioned_accession	CCT8	1	P50990	Maron2021	False
P50991	P50991	P50991	False	canonical_or_unversioned_accession	CCT4	8	P50991	Maron2021;ProMetheusDB;human_ptm_master	False
P50993	P50993	P50993	False	canonical_or_unversioned_accession	ATP1A2	1	P50993	Maron2021	False
P50995	P50995	P50995	False	canonical_or_unversioned_accession	ANXA11	5	P50995	Maron2021	False
P51114	P51114	P51114	False	canonical_or_unversioned_accession	FXR1	14	P51114	Maron2021;ProMetheusDB;human_ptm_master	False
P51116	P51116	P51116	False	canonical_or_unversioned_accession	FXR2	13	P51116	Maron2021;ProMetheusDB	False
P51148	P51148	P51148	False	canonical_or_unversioned_accession	RAB5C	2	P51148	Maron2021	False
P51149	P51149	P51149	False	canonical_or_unversioned_accession	RAB7A	2	P51149	Maron2021	False
P51153	P51153	P51153	False	canonical_or_unversioned_accession	RAB13	1	P51153	Maron2021	False
P51159	P51159	P51159	False	canonical_or_unversioned_accession	RAB27A	1	P51159	Maron2021	False
P51397	P51397	P51397	False	canonical_or_unversioned_accession	DAP	1	P51397	Maron2021	False
P51531	P51531	P51531	False	canonical_or_unversioned_accession	SMARCA2	3	P51531	Maron2021	False
P51532	P51532	P51532	False	canonical_or_unversioned_accession	SMARCA4	4	P51532	Maron2021	False
P51553	P51553	P51553	False	canonical_or_unversioned_accession	IDH3G	1	P51553	Maron2021	False
P51570	P51570	P51570	False	canonical_or_unversioned_accession	GALK1	4	P51570	Maron2021	False
P51571	P51571	P51571	False	canonical_or_unversioned_accession	SSR4	1	P51571	Maron2021	False
P51572	P51572	P51572	False	canonical_or_unversioned_accession	BCAP31	1	P51572	Maron2021	False
P51608	P51608	P51608	False	canonical_or_unversioned_accession	MECP2	4	P51608	Maron2021	False
P51610	P51610	P51610	False	canonical_or_unversioned_accession	HCFC1	11	P51610	Maron2021;ProMetheusDB;human_ptm_master	False
P51617	P51617	P51617	False	canonical_or_unversioned_accession	IRAK1	2	P51617	Maron2021	False
P51648	P51648	P51648	False	canonical_or_unversioned_accession	ALDH3A2	1	P51648	Maron2021	False
P51659	P51659	P51659	False	canonical_or_unversioned_accession	HSD17B4	1	P51659	Maron2021	False
P51665	P51665	P51665	False	canonical_or_unversioned_accession	PSMD7	1	P51665	Maron2021	False
P51692	P51692	P51692	False	canonical_or_unversioned_accession	STAT5B	1	P51692	Maron2021	False
P51784	P51784	P51784	False	canonical_or_unversioned_accession	USP11	2	P51784	Maron2021	False
P51798	P51798	P51798	False	canonical_or_unversioned_accession	CLCN7	1	P51798	Maron2021	False
P51805	P51805	P51805	False	canonical_or_unversioned_accession	PLXNA3	1	P51805	Maron2021	False
P51809	P51809	P51809	False	canonical_or_unversioned_accession	VAMP7	1	P51809	Maron2021	False
P51812	P51812	P51812	False	canonical_or_unversioned_accession	RPS6KA3	1	P51812	Maron2021	False
P51858	P51858	P51858	False	canonical_or_unversioned_accession	HDGF	2	P51858	Maron2021	False
P51911	P51911	P51911	False	canonical_or_unversioned_accession	CNN1	2	P51911	Maron2021	False
P51956	P51956	P51956	False	canonical_or_unversioned_accession	NEK3	1	P51956	Maron2021	False
P51957	P51957	P51957	False	canonical_or_unversioned_accession	NEK4	1	P51957	Maron2021	False
P51991	P51991	P51991	False	canonical_or_unversioned_accession	HNRNPA3	20	P51991	Maron2021;ProMetheusDB;human_ptm_master	False
P52198	P52198	P52198	False	canonical_or_unversioned_accession	RND2	1	P52198	Maron2021	False
P52209	P52209	P52209	False	canonical_or_unversioned_accession	PGD	1	P52209	Maron2021	False
P52272	P52272	P52272	False	canonical_or_unversioned_accession	HNRNPM	22	P52272	Maron2021;ProMetheusDB;human_ptm_master	False
P52292	P52292	P52292	False	canonical_or_unversioned_accession	KPNA2	2	P52292	Maron2021	False
P52298	P52298	P52298	False	canonical_or_unversioned_accession	NCBP2	2	P52298	Maron2021;ProMetheusDB;human_ptm_master	False
P52306	P52306	P52306	False	canonical_or_unversioned_accession	RAP1GDS1	1	P52306	Maron2021	False
P52594	P52594	P52594	False	canonical_or_unversioned_accession	AGFG1	2	P52594	Maron2021	False
P52597	P52597	P52597	False	canonical_or_unversioned_accession	HNRNPF	7	P52597	Maron2021;ProMetheusDB	False
P52655	P52655	P52655	False	canonical_or_unversioned_accession	GTF2A1	1	P52655	Maron2021	False
P52701	P52701	P52701	False	canonical_or_unversioned_accession	MSH6	6	P52701	Maron2021	False
P52732	P52732	P52732	False	canonical_or_unversioned_accession	KIF11	2	P52732	Maron2021	False
P52737	P52737	P52737	False	canonical_or_unversioned_accession	ZNF136	1	P52737	Maron2021	False
P52746	P52746	P52746	False	canonical_or_unversioned_accession	ZNF142	2	P52746	Maron2021	False
P52756	P52756	P52756	False	canonical_or_unversioned_accession	RBM5	3	P52756	Maron2021	False
P52788	P52788	P52788	False	canonical_or_unversioned_accession	SMS	1	P52788	Maron2021	False
P52789	P52789	P52789	False	canonical_or_unversioned_accession	HK2	1	P52789	Maron2021	False
P52790	P52790	P52790	False	canonical_or_unversioned_accession	HK3	1	P52790	Maron2021	False
P52824	P52824	P52824	False	canonical_or_unversioned_accession	DGKQ	3	P52824	Maron2021	False
P52895	P52895	P52895	False	canonical_or_unversioned_accession	AKR1C2	1	P52895	Maron2021	False
P52907	P52907	P52907	False	canonical_or_unversioned_accession	CAPZA1	1	P52907	Maron2021	False
P52926	P52926	P52926	False	canonical_or_unversioned_accession	HMGA2	1	P52926	Maron2021	False
P52948	P52948	P52948	False	canonical_or_unversioned_accession	NUP98	5	P52948	Maron2021	False
P52952	P52952	P52952	False	canonical_or_unversioned_accession	NKX2-5	1	P52952	Maron2021	False
P53007	P53007	P53007	False	canonical_or_unversioned_accession	SLC25A1	1	P53007	Maron2021	False
P53041	P53041	P53041	False	canonical_or_unversioned_accession	PPP5C	2	P53041	Maron2021	False
P53365	P53365	P53365	False	canonical_or_unversioned_accession	ARFIP2	1	P53365	Maron2021	False
P53384	P53384	P53384	False	canonical_or_unversioned_accession	NUBP1	1	P53384	Maron2021	False
P53396	P53396	P53396	False	canonical_or_unversioned_accession	ACLY	4	P53396	Maron2021	False
P53567	P53567	P53567	False	canonical_or_unversioned_accession	CEBPG	1	P53567	Maron2021	False
P53609	P53609	P53609	False	canonical_or_unversioned_accession	PGGT1B	2	P53609	Maron2021	False
P53618	P53618	P53618	False	canonical_or_unversioned_accession	COPB1	5	P53618	Maron2021	False
P53621	P53621	P53621	False	canonical_or_unversioned_accession	COPA	11	P53621	Maron2021;human_ptm_master	False
P53667	P53667	P53667	False	canonical_or_unversioned_accession	LIMK1	1	P53667	Maron2021	False
P53674	P53674	P53674	False	canonical_or_unversioned_accession	CRYBB1	2	P53674	Maron2021	False
P53677	P53677	P53677	False	canonical_or_unversioned_accession	AP3M2	1	P53677	Maron2021	False
P53814	P53814	P53814	False	canonical_or_unversioned_accession	SMTN	7	P53814	Maron2021	False
P53990	P53990	P53990	False	canonical_or_unversioned_accession	IST1	2	P53990	Maron2021	False
P53992	P53992	P53992	False	canonical_or_unversioned_accession	SEC24C	5	P53992	Maron2021	False
P54098	P54098	P54098	False	canonical_or_unversioned_accession	POLG	2	P54098	Maron2021	False
P54105	P54105	P54105	False	canonical_or_unversioned_accession	CLNS1A	2	P54105	Maron2021	False
P54132	P54132	P54132	False	canonical_or_unversioned_accession	BLM	1	P54132	Maron2021	False
P54136	P54136	P54136	False	canonical_or_unversioned_accession	RARS	6	P54136	Maron2021	False
P54253	P54253	P54253	False	canonical_or_unversioned_accession	ATXN1	2	P54253	Maron2021	False
P54259	P54259	P54259	False	canonical_or_unversioned_accession	ATN1	5	P54259	Maron2021	False
P54274	P54274	P54274	False	canonical_or_unversioned_accession	TERF1	1	P54274	Maron2021	False
P54577	P54577	P54577	False	canonical_or_unversioned_accession	YARS	6	P54577	Maron2021	False
P54578	P54578	P54578	False	canonical_or_unversioned_accession	USP14	1	P54578	Maron2021	False
P54646	P54646	P54646	False	canonical_or_unversioned_accession	PRKAA2	1	P54646	Maron2021	False
P54652	P54652	P54652	False	canonical_or_unversioned_accession	HSPA2	4	P54652	Maron2021	False
P54687	P54687	P54687	False	canonical_or_unversioned_accession	BCAT1	1	P54687	Maron2021	False
P54727	P54727	P54727	False	canonical_or_unversioned_accession	RAD23B	1	P54727	Maron2021	False
P54764	P54764	P54764	False	canonical_or_unversioned_accession	EPHA5	1	P54764	Maron2021	False
P54819	P54819	P54819	False	canonical_or_unversioned_accession	AK2	2	P54819	Maron2021	False
P54886	P54886	P54886	False	canonical_or_unversioned_accession	ALDH18A1	2	P54886	Maron2021	False
P54920	P54920	P54920	False	canonical_or_unversioned_accession	NAPA	2	P54920	Maron2021	False
P55011	P55011	P55011	False	canonical_or_unversioned_accession	SLC12A2	1	P55011	Maron2021	False
P55017	P55017	P55017	False	canonical_or_unversioned_accession	SLC12A3	1	P55017	Maron2021	False
P55042	P55042	P55042	False	canonical_or_unversioned_accession	RRAD	1	P55042	Maron2021	False
P55055	P55055	P55055	False	canonical_or_unversioned_accession	NR1H2	1	P55055	Maron2021;ProMetheusDB	False
P55060	P55060	P55060	False	canonical_or_unversioned_accession	CSE1L	7	P55060	Maron2021	False
P55072	P55072	P55072	False	canonical_or_unversioned_accession	VCP	14	P55072	Maron2021	False
P55081	P55081	P55081	False	canonical_or_unversioned_accession	MFAP1	2	P55081	Maron2021	False
P55084	P55084	P55084	False	canonical_or_unversioned_accession	HADHB	1	P55084	Maron2021	False
P55196	P55196	P55196	False	canonical_or_unversioned_accession	MLLT4	4	P55196	Maron2021	False
P55198	P55198	P55198	False	canonical_or_unversioned_accession	MLLT6	2	P55198	Maron2021	False
P55201	P55201	P55201	False	canonical_or_unversioned_accession	BRPF1	1	P55201	Maron2021	False
P55209	P55209	P55209	False	canonical_or_unversioned_accession	NAP1L1	1	P55209	ProMetheusDB	False
P55211	P55211	P55211	False	canonical_or_unversioned_accession	CASP9	1	P55211	Maron2021	False
P55212	P55212	P55212	False	canonical_or_unversioned_accession	CASP6	1	P55212	Maron2021	False
P55265	P55265	P55265	False	canonical_or_unversioned_accession	ADAR	11	P55265	Maron2021;ProMetheusDB;human_ptm_master	False
P55268	P55268	P55268	False	canonical_or_unversioned_accession	LAMB2	3	P55268	Maron2021	False
P55283	P55283	P55283	False	canonical_or_unversioned_accession	CDH4	1	P55283	Maron2021	False
P55290	P55290	P55290	False	canonical_or_unversioned_accession	CDH13	2	P55290	Maron2021	False
P55345	P55345	P55345	False	canonical_or_unversioned_accession	PRMT2	3	P55345	Maron2021;human_ptm_master	False
P55735	P55735	P55735	False	canonical_or_unversioned_accession	SEC13	1	P55735	Maron2021	False
P55786	P55786	P55786	False	canonical_or_unversioned_accession	NPEPPS	6	P55786	Maron2021;ProMetheusDB	False
P55789	P55789	P55789	False	canonical_or_unversioned_accession	GFER	6	P55789	Maron2021	False
P55795	P55795	P55795	False	canonical_or_unversioned_accession	HNRNPH2	14	P55795	Maron2021;ProMetheusDB;human_ptm_master	False
P55809	P55809	P55809	False	canonical_or_unversioned_accession	OXCT1	1	P55809	Maron2021	False
P55884	P55884	P55884	False	canonical_or_unversioned_accession	EIF3B	3	P55884	Maron2021	False
P56182	P56182	P56182	False	canonical_or_unversioned_accession	RRP1	2	P56182	Maron2021	False
P56192	P56192	P56192	False	canonical_or_unversioned_accession	MARS	5	P56192	Maron2021	False
P56211	P56211	P56211	False	canonical_or_unversioned_accession	ARPP19	2	P56211	Maron2021	False
P56270	P56270	P56270	False	canonical_or_unversioned_accession	MAZ	2	P56270	Maron2021	False
P56537	P56537	P56537	False	canonical_or_unversioned_accession	EIF6	3	P56537	Maron2021	False
P56545	P56545	P56545	False	canonical_or_unversioned_accession	CTBP2	3	P56545	Maron2021;ProMetheusDB;human_ptm_master	False
P56556	P56556	P56556	False	canonical_or_unversioned_accession	NDUFA6	1	P56556	Maron2021	False
P57053	P57053	P57053	False	canonical_or_unversioned_accession	HIST1H2BL	5	P57053	Maron2021	False
P57055	P57055	P57055	False	canonical_or_unversioned_accession	DSCR6	2	P57055	Maron2021	False
P57071	P57071	P57071	False	canonical_or_unversioned_accession	PRDM15	1	P57071	Maron2021	False
P57073	P57073	P57073	False	canonical_or_unversioned_accession	SOX8	1	P57073	Maron2021	False
P57076	P57076	P57076	False	canonical_or_unversioned_accession	C21orf59	1	P57076	Maron2021	False
P57078	P57078	P57078	False	canonical_or_unversioned_accession	RIPK4	1	P57078	Maron2021	False
P57088	P57088	P57088	False	canonical_or_unversioned_accession	TMEM33	1	P57088	Maron2021	False
P57721	P57721	P57721	False	canonical_or_unversioned_accession	PCBP3	2	P57721	Maron2021;ProMetheusDB	False
P57735	P57735	P57735	False	canonical_or_unversioned_accession	RAB25	1	P57735	Maron2021	False
P57740	P57740	P57740	False	canonical_or_unversioned_accession	NUP107	3	P57740	Maron2021;human_ptm_master	False
P57772	P57772	P57772	False	canonical_or_unversioned_accession	EEFSEC	3	P57772	Maron2021	False
P58004	P58004	P58004	False	canonical_or_unversioned_accession	SESN2	4	P58004	Maron2021	False
P58005	P58005	P58005	False	canonical_or_unversioned_accession	SESN3	2	P58005	Maron2021	False
P58107	P58107	P58107	False	canonical_or_unversioned_accession	EPPK1	5	P58107	Maron2021	False
P58340	P58340	P58340	False	canonical_or_unversioned_accession	MLF1	5	P58340	Maron2021	False
P58417	P58417	P58417	False	canonical_or_unversioned_accession	NXPH1	1	P58417	Maron2021	False
P58876	P58876	P58876	False	canonical_or_unversioned_accession	H2BC5	5	P58876	Maron2021	False
P59047	P59047	P59047	False	canonical_or_unversioned_accession	NLRP5	1	P59047	Maron2021	False
P60174	P60174	P60174	False	canonical_or_unversioned_accession	TPI1	3	P60174	Maron2021	False
P60228	P60228	P60228	False	canonical_or_unversioned_accession	EIF3E	1	P60228	Maron2021	False
P60323	P60323	P60323	False	canonical_or_unversioned_accession	NANOS3	3	P60323	Maron2021	False
P60510	P60510	P60510	False	canonical_or_unversioned_accession	PPP4C	2	P60510	Maron2021	False
P60520	P60520	P60520	False	canonical_or_unversioned_accession	GABARAPL2	2	P60520	Maron2021	False
P60602	P60602	P60602	False	canonical_or_unversioned_accession	ROMO1	2	P60602	Maron2021	False
P60660	P60660	P60660	False	canonical_or_unversioned_accession	MYL6	2	P60660	Maron2021	False
P60709	P60709	P60709	False	canonical_or_unversioned_accession	ACTB	3	P60709	Maron2021;ProMetheusDB	False
P60763	P60763	P60763	False	canonical_or_unversioned_accession	RAC3	1	P60763	Maron2021	False
P60842	P60842	P60842	False	canonical_or_unversioned_accession	EIF4A1	5	P60842	Maron2021	False
P60866	P60866	P60866	False	canonical_or_unversioned_accession	RPS20	3	P60866	Maron2021	False
P60891	P60891	P60891	False	canonical_or_unversioned_accession	PRPS2	4	P60891	Maron2021	False
P60900	P60900	P60900	False	canonical_or_unversioned_accession	PSMA6	4	P60900	Maron2021	False
P61019	P61019	P61019	False	canonical_or_unversioned_accession	RAB2A	2	P61019	Maron2021	False
P61026	P61026	P61026	False	canonical_or_unversioned_accession	RAB13	2	P61026	Maron2021	False
P61073	P61073	P61073	False	canonical_or_unversioned_accession	CXCR4	1	P61073	Maron2021	False
P61081	P61081	P61081	False	canonical_or_unversioned_accession	UBE2M	5	P61081	Maron2021;ProMetheusDB;human_ptm_master	False
P61086	P61086	P61086	False	canonical_or_unversioned_accession	UBE2K	2	P61086	Maron2021	False
P61088	P61088	P61088	False	canonical_or_unversioned_accession	UBE2N	1	P61088	Maron2021	False
P61163	P61163	P61163	False	canonical_or_unversioned_accession	ACTR1B	3	P61163	Maron2021	False
P61201	P61201	P61201	False	canonical_or_unversioned_accession	COPS2	2	P61201	Maron2021	False
P61204	P61204	P61204	False	canonical_or_unversioned_accession	ARF3	1	P61204	Maron2021	False
P61221	P61221	P61221	False	canonical_or_unversioned_accession	ABCE1	1	P61221	Maron2021	False
P61244	P61244	P61244	False	canonical_or_unversioned_accession	MAX	1	P61244	Maron2021	False
P61254	P61254	P61254	False	canonical_or_unversioned_accession	RPL26	5	P61254	Maron2021	False
P61313	P61313	P61313	False	canonical_or_unversioned_accession	RPL15	6	P61313	Maron2021	False
P61326	P61326	P61326	False	canonical_or_unversioned_accession	MAGOH	3	P61326	Maron2021	False
P61353	P61353	P61353	False	canonical_or_unversioned_accession	RPL27	2	P61353	Maron2021	False
P61421	P61421	P61421	False	canonical_or_unversioned_accession	ATP6V0D1	1	P61421	Maron2021	False
P61513	P61513	P61513	False	canonical_or_unversioned_accession	RPL37A	1	P61513	Maron2021	False
P61586	P61586	P61586	False	canonical_or_unversioned_accession	RHOA	2	P61586	Maron2021	False
P61599	P61599	P61599	False	canonical_or_unversioned_accession	NAA20	1	P61599	Maron2021	False
P61604	P61604	P61604	False	canonical_or_unversioned_accession	HSPE1	3	P61604	Maron2021	False
P61619	P61619	P61619	False	canonical_or_unversioned_accession	SEC61A1	1	P61619	Maron2021	False
P61923	P61923	P61923	False	canonical_or_unversioned_accession	COPZ1	2	P61923	Maron2021	False
P61956	P61956	P61956	False	canonical_or_unversioned_accession	SUMO3	1	P61956	Maron2021	False
P61960	P61960	P61960	False	canonical_or_unversioned_accession	UFM1	2	P61960	Maron2021;ProMetheusDB	False
P61962	P61962	P61962	False	canonical_or_unversioned_accession	DCAF7	3	P61962	Maron2021	False
P61978	P61978	P61978	False	canonical_or_unversioned_accession	HNRNPK	28	P61978	Maron2021;ProMetheusDB;human_ptm_master	False
P61981	P61981	P61981	False	canonical_or_unversioned_accession	YWHAG	1	P61981	Maron2021	False
P62072	P62072	P62072	False	canonical_or_unversioned_accession	TIMM10	1	P62072	Maron2021	False
P62136	P62136	P62136	False	canonical_or_unversioned_accession	PPP1CC	6	P62136	Maron2021	False
P62140	P62140	P62140	False	canonical_or_unversioned_accession	PPP1CB	4	P62140	Maron2021	False
P62191	P62191	P62191	False	canonical_or_unversioned_accession	PSMC1	1	P62191	Maron2021	False
P62195	P62195	P62195	False	canonical_or_unversioned_accession	PSMC5	1	P62195	Maron2021	False
P62241	P62241	P62241	False	canonical_or_unversioned_accession	RPS8	3	P62241	Maron2021	False
P62244	P62244	P62244	False	canonical_or_unversioned_accession	RPS15A	1	P62244	Maron2021	False
P62249	P62249	P62249	False	canonical_or_unversioned_accession	RPS16	7	P62249	Maron2021	False
P62258	P62258	P62258	False	canonical_or_unversioned_accession	YWHAE	5	P62258	Maron2021	False
P62263	P62263	P62263	False	canonical_or_unversioned_accession	RPS14	1	P62263	Maron2021	False
P62266	P62266	P62266	False	canonical_or_unversioned_accession	RPS23	1	P62266	ProMetheusDB	False
P62269	P62269	P62269	False	canonical_or_unversioned_accession	RPS18	5	P62269	Maron2021;ProMetheusDB	False
P62273	P62273	P62273	False	canonical_or_unversioned_accession	RPS29	2	P62273	Maron2021;ProMetheusDB;human_ptm_master	False
P62277	P62277	P62277	False	canonical_or_unversioned_accession	RPS13	2	P62277	Maron2021	False
P62280	P62280	P62280	False	canonical_or_unversioned_accession	RPS11	4	P62280	Maron2021	False
P62304	P62304	P62304	False	canonical_or_unversioned_accession	SNRPE	1	P62304	Maron2021	False
P62306	P62306	P62306	False	canonical_or_unversioned_accession	SNRPF	1	P62306	Maron2021	False
P62310	P62310	P62310	False	canonical_or_unversioned_accession	LSM3	1	P62310	Maron2021	False
P62312	P62312	P62312	False	canonical_or_unversioned_accession	LSM6	1	P62312	Maron2021	False
P62314	P62314	P62314	False	canonical_or_unversioned_accession	SNRPD1	6	P62314	Maron2021;ProMetheusDB	False
P62316	P62316	P62316	False	canonical_or_unversioned_accession	SNRPD2	2	P62316	Maron2021;ProMetheusDB	False
P62318	P62318	P62318	False	canonical_or_unversioned_accession	SNRPD3	6	P62318	Maron2021;ProMetheusDB	False
P62424	P62424	P62424	False	canonical_or_unversioned_accession	RPL7A	5	P62424	Maron2021	False
P62487	P62487	P62487	False	canonical_or_unversioned_accession	POLR2G	1	P62487	Maron2021	False
P62491	P62491	P62491	False	canonical_or_unversioned_accession	RAB11A	3	P62491	Maron2021	False
P62495	P62495	P62495	False	canonical_or_unversioned_accession	ETF1	4	P62495	Maron2021	False
P62508	P62508	P62508	False	canonical_or_unversioned_accession	ESRRG	1	P62508	Maron2021	False
P62633	P62633;P62633-3	P62633	True	canonical_or_unversioned_accession	CNBP	8	P62633;P62633-3	Maron2021;ProMetheusDB;human_ptm_master	True
P62699	P62699	P62699	False	canonical_or_unversioned_accession	YPEL5	2	P62699	Maron2021	False
P62701	P62701	P62701	False	canonical_or_unversioned_accession	RPS4X	4	P62701	Maron2021	False
P62714	P62714	P62714	False	canonical_or_unversioned_accession	PPP2CB	2	P62714	Maron2021	False
P62736	P62736	P62736	False	canonical_or_unversioned_accession	ACTA2	3	P62736	Maron2021	False
P62753	P62753	P62753	False	canonical_or_unversioned_accession	RPS6	5	P62753	Maron2021	False
P62805	P62805	P62805	False	canonical_or_unversioned_accession	H4C1	8	P62805	Maron2021;human_ptm_master	False
P62807	P62807	P62807	False	canonical_or_unversioned_accession	H2BC4	5	P62807	Maron2021	False
P62820	P62820	P62820	False	canonical_or_unversioned_accession	RAB1A	1	P62820	Maron2021	False
P62826	P62826	P62826	False	canonical_or_unversioned_accession	RAN	2	P62826	Maron2021	False
P62829	P62829	P62829	False	canonical_or_unversioned_accession	RPL23	1	P62829	Maron2021	False
P62841	P62841	P62841	False	canonical_or_unversioned_accession	RPS15	1	P62841	Maron2021	False
P62851	P62851	P62851	False	canonical_or_unversioned_accession	RPS25	1	P62851	Maron2021	False
P62854	P62854	P62854	False	canonical_or_unversioned_accession	RPS26	1	P62854	Maron2021	False
P62857	P62857	P62857	False	canonical_or_unversioned_accession	RPS28	1	P62857	Maron2021	False
P62873	P62873	P62873	False	canonical_or_unversioned_accession	GNB1	2	P62873	Maron2021	False
P62877	P62877	P62877	False	canonical_or_unversioned_accession	RBX1	1	P62877	Maron2021	False
P62879	P62879	P62879	False	canonical_or_unversioned_accession	GNB2	1	P62879	Maron2021	False
P62888	P62888	P62888	False	canonical_or_unversioned_accession	RPL30	1	P62888	Maron2021	False
P62899	P62899	P62899	False	canonical_or_unversioned_accession	RPL31	2	P62899	Maron2021	False
P62906	P62906	P62906	False	canonical_or_unversioned_accession	RPL10A	3	P62906	Maron2021	False
P62910	P62910	P62910	False	canonical_or_unversioned_accession	RPL32	5	P62910	Maron2021	False
P62913	P62913	P62913	False	canonical_or_unversioned_accession	RPL11	5	P62913	Maron2021	False
P62917	P62917	P62917	False	canonical_or_unversioned_accession	RPL8	5	P62917	Maron2021	False
P62937	P62937	P62937	False	canonical_or_unversioned_accession	PPIA	1	P62937	Maron2021;ProMetheusDB	False
P62942	P62942	P62942	False	canonical_or_unversioned_accession	FKBP1A	2	P62942	Maron2021	False
P62979	P62979	P62979	False	canonical_or_unversioned_accession	RPS27A	3	P62979	Maron2021	False
P62993	P62993	P62993	False	canonical_or_unversioned_accession	GRB2	3	P62993	Maron2021	False
P62995	P62995	P62995	False	canonical_or_unversioned_accession	TRA2B	12	P62995	Maron2021;ProMetheusDB;human_ptm_master	False
P63000	P63000	P63000	False	canonical_or_unversioned_accession	RAC3	2	P63000	Maron2021	False
P63010	P63010	P63010	False	canonical_or_unversioned_accession	AP2B1	2	P63010	Maron2021	False
P63092	P63092	P63092	False	canonical_or_unversioned_accession	GNAS	1	P63092	Maron2021	False
P63096	P63096	P63096	False	canonical_or_unversioned_accession	GNAI1	1	P63096	Maron2021	False
P63104	P63104	P63104	False	canonical_or_unversioned_accession	YWHAZ	1	P63104	Maron2021	False
P63151	P63151	P63151	False	canonical_or_unversioned_accession	PPP2R2A	2	P63151	Maron2021	False
P63162	P63162	P63162	False	canonical_or_unversioned_accession	SNRPN	6	P63162	Maron2021;ProMetheusDB;human_ptm_master	False
P63173	P63173	P63173	False	canonical_or_unversioned_accession	RPL38	1	P63173	Maron2021	False
P63208	P63208	P63208	False	canonical_or_unversioned_accession	SKP1	1	P63208	Maron2021	False
P63218	P63218	P63218	False	canonical_or_unversioned_accession	GNG5	1	P63218	Maron2021	False
P63220	P63220	P63220	False	canonical_or_unversioned_accession	RPS21	3	P63220	Maron2021	False
P63241	P63241	P63241	False	canonical_or_unversioned_accession	EIF5A	1	P63241	Maron2021	False
P63244	P63244	P63244	False	canonical_or_unversioned_accession	GNB2L1	7	P63244	Maron2021	False
P63261	P63261	P63261	False	canonical_or_unversioned_accession	POTEI	6	P63261	Maron2021	False
P63267	P63267	P63267	False	canonical_or_unversioned_accession	ACTG2	3	P63267	Maron2021	False
P67775	P67775	P67775	False	canonical_or_unversioned_accession	PPP2CA	1	P67775	Maron2021	False
P67809	P67809	P67809	False	canonical_or_unversioned_accession	YBX1	23	P67809	Maron2021;ProMetheusDB	False
P67870	P67870	P67870	False	canonical_or_unversioned_accession	CSNK2B	3	P67870	Maron2021	False
P67936	P67936	P67936	False	canonical_or_unversioned_accession	TPM4	2	P67936	Maron2021	False
P68032	P68032	P68032	False	canonical_or_unversioned_accession	ACTA2	4	P68032	Maron2021	False
P68104	P68104	P68104	False	canonical_or_unversioned_accession	EEF1A1	7	P68104	Maron2021;ProMetheusDB	False
P68133	P68133	P68133	False	canonical_or_unversioned_accession	ACTA1	2	P68133	Maron2021	False
P68363	P68363	P68363	False	canonical_or_unversioned_accession	TUBA1C	2	P68363	Maron2021	False
P68366	P68366	P68366	False	canonical_or_unversioned_accession	TUBA4A	1	P68366	Maron2021	False
P68371	P68371	P68371	False	canonical_or_unversioned_accession	TUBB4A	3	P68371	Maron2021;ProMetheusDB	False
P68400	P68400	P68400	False	canonical_or_unversioned_accession	CSNK2A1	1	P68400	Maron2021	False
P68431	P68431	P68431	False	canonical_or_unversioned_accession	H3C1	10	P68431	Maron2021;ProMetheusDB;human_ptm_master	False
P69849	P69849	P69849	False	canonical_or_unversioned_accession	NOMO3	1	P69849	human_ptm_master	False
P78316	P78316	P78316	False	canonical_or_unversioned_accession	NOP14	3	P78316	Maron2021	False
P78317	P78317	P78317	False	canonical_or_unversioned_accession	RNF4	2	P78317	Maron2021	False
P78318	P78318	P78318	False	canonical_or_unversioned_accession	IGBP1	2	P78318	Maron2021	False
P78330	P78330	P78330	False	canonical_or_unversioned_accession	PSPH	3	P78330	Maron2021	False
P78332	P78332	P78332	False	canonical_or_unversioned_accession	RBM6	9	P78332	Maron2021	False
P78337	P78337	P78337	False	canonical_or_unversioned_accession	PITX1	1	P78337	Maron2021	False
P78344	P78344	P78344	False	canonical_or_unversioned_accession	EIF4G2	10	P78344	Maron2021;ProMetheusDB;human_ptm_master	False
P78345	P78345	P78345	False	canonical_or_unversioned_accession	RPP38	2	P78345	Maron2021	False
P78346	P78346	P78346	False	canonical_or_unversioned_accession	RPP30	1	P78346	Maron2021	False
P78347	P78347	P78347	False	canonical_or_unversioned_accession	GTF2I	9	P78347	Maron2021	False
P78364	P78364	P78364	False	canonical_or_unversioned_accession	PHC1	1	P78364	Maron2021	False
P78368	P78368	P78368	False	canonical_or_unversioned_accession	CSNK1G2	1	P78368	Maron2021	False
P78371	P78371	P78371	False	canonical_or_unversioned_accession	CCT2	1	P78371	Maron2021	False
P78406	P78406	P78406	False	canonical_or_unversioned_accession	RAE1	2	P78406	Maron2021	False
P78410	P78410	P78410	False	canonical_or_unversioned_accession	BTN3A2	1	P78410	Maron2021	False
P78417	P78417	P78417	False	canonical_or_unversioned_accession	GSTO1	3	P78417	Maron2021	False
P78426	P78426	P78426	False	canonical_or_unversioned_accession	NKX6-1	1	P78426	Maron2021;human_ptm_master	False
P78524	P78524	P78524	False	canonical_or_unversioned_accession	ST5	2	P78524	Maron2021	False
P78527	P78527	P78527	False	canonical_or_unversioned_accession	PRKDC	15	P78527	Maron2021;ProMetheusDB	False
P78549	P78549	P78549	False	canonical_or_unversioned_accession	NTHL1	1	P78549	Maron2021	False
P78559	P78559	P78559	False	canonical_or_unversioned_accession	MAP1A	1	P78559	Maron2021	False
P78560	P78560	P78560	False	canonical_or_unversioned_accession	CRADD	3	P78560	Maron2021	False
P79522	P79522	P79522	False	canonical_or_unversioned_accession	PRR3	7	P79522	Maron2021;ProMetheusDB	False
P80303	P80303	P80303	False	canonical_or_unversioned_accession	NUCB2	2	P80303	Maron2021	False
P81274	P81274	P81274	False	canonical_or_unversioned_accession	GPSM2	1	P81274	Maron2021	False
P81605	P81605	P81605	False	canonical_or_unversioned_accession	DCD	1	P81605	Maron2021	False
P81877	P81877	P81877	False	canonical_or_unversioned_accession	SSBP2	1	P81877	human_ptm_master	False
P82094	P82094	P82094	False	canonical_or_unversioned_accession	TMF1	1	P82094	Maron2021	False
P82675	P82675	P82675	False	canonical_or_unversioned_accession	MRPS5	1	P82675	Maron2021	False
P82909	P82909	P82909	False	canonical_or_unversioned_accession	MRPS36	1	P82909	Maron2021	False
P82932	P82932	P82932	False	canonical_or_unversioned_accession	MRPS6	1	P82932	Maron2021	False
P83369	P83369	P83369	False	canonical_or_unversioned_accession	LSM11	6	P83369	Maron2021;ProMetheusDB	False
P83436	P83436	P83436	False	canonical_or_unversioned_accession	COG7	1	P83436	Maron2021	False
P83731	P83731	P83731	False	canonical_or_unversioned_accession	RPL24	1	P83731	Maron2021	False
P83881	P83881	P83881	False	canonical_or_unversioned_accession	RPL36A	1	P83881	Maron2021	False
P83916	P83916	P83916	False	canonical_or_unversioned_accession	CBX1	2	P83916	Maron2021	False
P84077	P84077	P84077	False	canonical_or_unversioned_accession	ARF4	3	P84077	Maron2021	False
P84085	P84085	P84085	False	canonical_or_unversioned_accession	ARF5	1	P84085	Maron2021	False
P84090	P84090	P84090	False	canonical_or_unversioned_accession	ERH	2	P84090	Maron2021	False
P84098	P84098	P84098	False	canonical_or_unversioned_accession	RPL19	4	P84098	Maron2021	False
P84101	P84101	P84101	False	canonical_or_unversioned_accession	SERF2	2	P84101	Maron2021	False
P84103	P84103	P84103	False	canonical_or_unversioned_accession	SRSF3	8	P84103	Maron2021	False
P84243	P84243	P84243	False	canonical_or_unversioned_accession	H3-3A	8	P84243	Maron2021;ProMetheusDB;human_ptm_master	False
P85037	P85037	P85037	False	canonical_or_unversioned_accession	FOXK1	5	P85037	Maron2021;ProMetheusDB;human_ptm_master	False
P85299	P85299	P85299	False	canonical_or_unversioned_accession	PRR5	1	P85299	Maron2021	False
P98082	P98082	P98082	False	canonical_or_unversioned_accession	DAB2	3	P98082	Maron2021	False
P98153	P98153	P98153	False	canonical_or_unversioned_accession	DGCR2	1	P98153	Maron2021	False
P98160	P98160	P98160	False	canonical_or_unversioned_accession	HSPG2	1	P98160	Maron2021	False
P98161	P98161	P98161	False	canonical_or_unversioned_accession	PKD1	2	P98161	Maron2021	False
P98170	P98170	P98170	False	canonical_or_unversioned_accession	XIAP	3	P98170	Maron2021	False
P98174	P98174	P98174	False	canonical_or_unversioned_accession	FGD1	5	P98174	Maron2021	False
P98175	P98175	P98175	False	canonical_or_unversioned_accession	RBM10	8	P98175	Maron2021;ProMetheusDB;human_ptm_master	False
P98179	P98179	P98179	False	canonical_or_unversioned_accession	RBM3	13	P98179	Maron2021;ProMetheusDB;human_ptm_master	False
Q00056	Q00056	Q00056	False	canonical_or_unversioned_accession	HOXA4	1	Q00056	Maron2021	False
Q00059	Q00059	Q00059	False	canonical_or_unversioned_accession	TFAM	1	Q00059	Maron2021	False
Q00169	Q00169	Q00169	False	canonical_or_unversioned_accession	PITPNA	3	Q00169	Maron2021	False
Q00266	Q00266	Q00266	False	canonical_or_unversioned_accession	MAT1A	1	Q00266	Maron2021	False
Q00325	Q00325	Q00325	False	canonical_or_unversioned_accession	SLC25A3	3	Q00325	Maron2021	False
Q00341	Q00341	Q00341	False	canonical_or_unversioned_accession	HDLBP	3	Q00341	Maron2021	False
Q00403	Q00403	Q00403	False	canonical_or_unversioned_accession	GTF2B	1	Q00403	Maron2021	False
Q00444	Q00444	Q00444	False	canonical_or_unversioned_accession	HOXC5	1	Q00444	Maron2021	False
Q00536	Q00536	Q00536	False	canonical_or_unversioned_accession	CDK16	1	Q00536	Maron2021	False
Q00587	Q00587	Q00587	False	canonical_or_unversioned_accession	CDC42EP1	6	Q00587	Maron2021;ProMetheusDB;human_ptm_master	False
Q00610	Q00610	Q00610	False	canonical_or_unversioned_accession	CLTCL1	8	Q00610	Maron2021	False
Q00688	Q00688	Q00688	False	canonical_or_unversioned_accession	FKBP3	2	Q00688	Maron2021	False
Q00722	Q00722	Q00722	False	canonical_or_unversioned_accession	PLCB2	2	Q00722	Maron2021	False
Q00796	Q00796	Q00796	False	canonical_or_unversioned_accession	SORD	1	Q00796	Maron2021	False
Q00839	Q00839	Q00839	False	canonical_or_unversioned_accession	HNRNPU	24	Q00839	Maron2021;ProMetheusDB;human_ptm_master	False
Q00994	Q00994	Q00994	False	canonical_or_unversioned_accession	NGFRAP1	1	Q00994	Maron2021	False
Q01081	Q01081	Q01081	False	canonical_or_unversioned_accession	U2AF1	2	Q01081	Maron2021;human_ptm_master	False
Q01082	Q01082	Q01082	False	canonical_or_unversioned_accession	SPTBN1	9	Q01082	Maron2021;ProMetheusDB	False
Q01094	Q01094	Q01094	False	canonical_or_unversioned_accession	E2F1	3	Q01094	Maron2021	False
Q01105	Q01105	Q01105	False	canonical_or_unversioned_accession	SET	2	Q01105	Maron2021	False
Q01130	Q01130	Q01130	False	canonical_or_unversioned_accession	SRSF2	10	Q01130	Maron2021	False
Q01167	Q01167	Q01167	False	canonical_or_unversioned_accession	FOXK2	3	Q01167	Maron2021;ProMetheusDB;human_ptm_master	False
Q01196	Q01196	Q01196	False	canonical_or_unversioned_accession	RUNX1	4	Q01196	Maron2021;ProMetheusDB	False
Q01201	Q01201	Q01201	False	canonical_or_unversioned_accession	RELB	1	Q01201	Maron2021;human_ptm_master	False
Q01433	Q01433	Q01433	False	canonical_or_unversioned_accession	AMPD2	3	Q01433	Maron2021;ProMetheusDB	False
Q01469	Q01469	Q01469	False	canonical_or_unversioned_accession	FABP5	2	Q01469	Maron2021	False
Q01484	Q01484	Q01484	False	canonical_or_unversioned_accession	ANK2	2	Q01484	Maron2021	False
Q01543	Q01543	Q01543	False	canonical_or_unversioned_accession	FLI1	1	Q01543	Maron2021	False
Q01546	Q01546	Q01546	False	canonical_or_unversioned_accession	KRT76	4	Q01546	Maron2021	False
Q01581	Q01581	Q01581	False	canonical_or_unversioned_accession	HMGCS1	1	Q01581	Maron2021	False
Q01780	Q01780	Q01780	False	canonical_or_unversioned_accession	EXOSC10	1	Q01780	Maron2021	False
Q01804	Q01804	Q01804	False	canonical_or_unversioned_accession	OTUD4	5	Q01804	Maron2021;ProMetheusDB	False
Q01813	Q01813	Q01813	False	canonical_or_unversioned_accession	PFKP	3	Q01813	Maron2021	False
Q01814	Q01814	Q01814	False	canonical_or_unversioned_accession	ATP2B2	2	Q01814	Maron2021	False
Q01826	Q01826	Q01826	False	canonical_or_unversioned_accession	SATB1	2	Q01826	Maron2021	False
Q01831	Q01831	Q01831	False	canonical_or_unversioned_accession	XPC	1	Q01831	Maron2021	False
Q01844	Q01844	Q01844	False	canonical_or_unversioned_accession	EWSR1	35	Q01844	Maron2021;ProMetheusDB;human_ptm_master	False
Q01860	Q01860	Q01860	False	canonical_or_unversioned_accession	POU5F1	1	Q01860	Maron2021	False
Q01995	Q01995	Q01995	False	canonical_or_unversioned_accession	TAGLN	1	Q01995	Maron2021;human_ptm_master	False
Q02040	Q02040	Q02040	False	canonical_or_unversioned_accession	AKAP17A	1	Q02040	Maron2021	False
Q02080	Q02080	Q02080	False	canonical_or_unversioned_accession	MEF2B	2	Q02080	Maron2021;ProMetheusDB	False
Q02224	Q02224	Q02224	False	canonical_or_unversioned_accession	CENPE	1	Q02224	Maron2021	False
Q02241	Q02241	Q02241	False	canonical_or_unversioned_accession	KIF23	1	Q02241	Maron2021	False
Q02252	Q02252	Q02252	False	canonical_or_unversioned_accession	ALDH6A1	2	Q02252	Maron2021	False
Q02388	Q02388	Q02388	False	canonical_or_unversioned_accession	COL7A1	4	Q02388	Maron2021	False
Q02447	Q02447	Q02447	False	canonical_or_unversioned_accession	SP3	1	Q02447	Maron2021	False
Q02487	Q02487	Q02487	False	canonical_or_unversioned_accession	DSC2	1	Q02487	Maron2021	False
Q02543	Q02543	Q02543	False	canonical_or_unversioned_accession	RPL18A	3	Q02543	Maron2021	False
Q02548	Q02548	Q02548	False	canonical_or_unversioned_accession	PAX5	1	Q02548	Maron2021	False
Q02641	Q02641	Q02641	False	canonical_or_unversioned_accession	CACNB1	1	Q02641	Maron2021	False
Q02750	Q02750	Q02750	False	canonical_or_unversioned_accession	MAP2K1	1	Q02750	Maron2021	False
Q02779	Q02779	Q02779	False	canonical_or_unversioned_accession	MAP3K10	1	Q02779	Maron2021	False
Q02790	Q02790	Q02790	False	canonical_or_unversioned_accession	FKBP4	7	Q02790	Maron2021	False
Q02809	Q02809	Q02809	False	canonical_or_unversioned_accession	PLOD1	2	Q02809	Maron2021;ProMetheusDB	False
Q02818	Q02818	Q02818	False	canonical_or_unversioned_accession	NUCB1	4	Q02818	Maron2021	False
Q02833	Q02833	Q02833	False	canonical_or_unversioned_accession	RASSF7	1	Q02833	Maron2021	False
Q02878	Q02878	Q02878	False	canonical_or_unversioned_accession	RPL6	5	Q02878	Maron2021	False
Q02930	Q02930	Q02930	False	canonical_or_unversioned_accession	CREB5	1	Q02930	Maron2021	False
Q02952	Q02952	Q02952	False	canonical_or_unversioned_accession	AKAP12	3	Q02952	Maron2021	False
Q02962	Q02962	Q02962	False	canonical_or_unversioned_accession	PAX2	1	Q02962	Maron2021	False
Q02978	Q02978	Q02978	False	canonical_or_unversioned_accession	SLC25A11	1	Q02978	Maron2021	False
Q03001	Q03001	Q03001	False	canonical_or_unversioned_accession	DST	1	Q03001	Maron2021	False
Q03013	Q03013	Q03013	False	canonical_or_unversioned_accession	GSTM4	1	Q03013	Maron2021	False
Q03112	Q03112	Q03112	False	canonical_or_unversioned_accession	MECOM	1	Q03112	Maron2021	False
Q03113	Q03113	Q03113	False	canonical_or_unversioned_accession	GNA12	1	Q03113	Maron2021	False
Q03154	Q03154	Q03154	False	canonical_or_unversioned_accession	ACY1	1	Q03154	Maron2021	False
Q03164	Q03164	Q03164	False	canonical_or_unversioned_accession	KMT2A	4	Q03164	Maron2021	False
Q03252	Q03252	Q03252	False	canonical_or_unversioned_accession	LMNB2	12	Q03252	Maron2021	False
Q03518	Q03518	Q03518	False	canonical_or_unversioned_accession	TAP1	1	Q03518	Maron2021	False
Q03701	Q03701	Q03701	False	canonical_or_unversioned_accession	CEBPZ	2	Q03701	Maron2021	False
Q04206	Q04206	Q04206	False	canonical_or_unversioned_accession	RELA	3	Q04206	Maron2021	False
Q04637	Q04637;Q04637-7	Q04637	True	canonical_or_unversioned_accession	EIF4G1	25	Q04637;Q04637-7	Maron2021;ProMetheusDB;human_ptm_master	True
Q04721	Q04721	Q04721	False	canonical_or_unversioned_accession	NOTCH2	3	Q04721	Maron2021	False
Q04724	Q04724	Q04724	False	canonical_or_unversioned_accession	TLE1	4	Q04724	Maron2021	False
Q04726	Q04726	Q04726	False	canonical_or_unversioned_accession	TLE3	3	Q04726	Maron2021	False
Q04727	Q04727	Q04727	False	canonical_or_unversioned_accession	TLE4	2	Q04727	Maron2021	False
Q04756	Q04756	Q04756	False	canonical_or_unversioned_accession	HGFAC	2	Q04756	Maron2021	False
Q04760	Q04760	Q04760	False	canonical_or_unversioned_accession	GLO1	1	Q04760	Maron2021	False
Q04828	Q04828	Q04828	False	canonical_or_unversioned_accession	AKR1C1	1	Q04828	Maron2021	False
Q04864	Q04864	Q04864	False	canonical_or_unversioned_accession	REL	1	Q04864	Maron2021	False
Q04917	Q04917	Q04917	False	canonical_or_unversioned_accession	YWHAH	1	Q04917	Maron2021	False
Q05086	Q05086	Q05086	False	canonical_or_unversioned_accession	UBE3A	1	Q05086	Maron2021	False
Q05193	Q05193	Q05193	False	canonical_or_unversioned_accession	DNM1	3	Q05193	Maron2021	False
Q05195	Q05195	Q05195	False	canonical_or_unversioned_accession	MXD1	1	Q05195	Maron2021	False
Q05397	Q05397	Q05397	False	canonical_or_unversioned_accession	PTK2	1	Q05397	Maron2021	False
Q05639	Q05639	Q05639	False	canonical_or_unversioned_accession	EEF1A2	6	Q05639	Maron2021	False
Q05682	Q05682	Q05682	False	canonical_or_unversioned_accession	CALD1	1	Q05682	Maron2021	False
Q05707	Q05707	Q05707	False	canonical_or_unversioned_accession	COL14A1	1	Q05707	Maron2021	False
Q05925	Q05925	Q05925	False	canonical_or_unversioned_accession	EN1	2	Q05925	Maron2021	False
Q05D32	Q05D32	Q05D32	False	canonical_or_unversioned_accession	CTDSPL2	1	Q05D32	Maron2021	False
Q06033	Q06033	Q06033	False	canonical_or_unversioned_accession	ITIH3	1	Q06033	Maron2021	False
Q06124	Q06124	Q06124	False	canonical_or_unversioned_accession	PTPN11	1	Q06124	Maron2021	False
Q06203	Q06203	Q06203	False	canonical_or_unversioned_accession	PPAT	1	Q06203	Maron2021	False
Q06210	Q06210	Q06210	False	canonical_or_unversioned_accession	GFPT1	1	Q06210	Maron2021	False
Q06278	Q06278	Q06278	False	canonical_or_unversioned_accession	AOX1	1	Q06278	Maron2021	False
Q06323	Q06323	Q06323	False	canonical_or_unversioned_accession	PSME1	2	Q06323	Maron2021	False
Q06481	Q06481	Q06481	False	canonical_or_unversioned_accession	APLP2	1	Q06481	Maron2021	False
Q06546	Q06546	Q06546	False	canonical_or_unversioned_accession	GABPA	1	Q06546	Maron2021	False
Q06587	Q06587	Q06587	False	canonical_or_unversioned_accession	RING1	4	Q06587	Maron2021	False
Q06609	Q06609	Q06609	False	canonical_or_unversioned_accession	RAD51	1	Q06609	Maron2021	False
Q06787	Q06787	Q06787	False	canonical_or_unversioned_accession	FMR1	13	Q06787	Maron2021;ProMetheusDB;human_ptm_master	False
Q06830	Q06830	Q06830	False	canonical_or_unversioned_accession	PRDX1	2	Q06830	Maron2021	False
Q07002	Q07002	Q07002	False	canonical_or_unversioned_accession	CDK18	1	Q07002	Maron2021	False
Q07020	Q07020	Q07020	False	canonical_or_unversioned_accession	RPL18	7	Q07020	Maron2021	False
Q07065	Q07065	Q07065	False	canonical_or_unversioned_accession	CKAP4	1	Q07065	Maron2021	False
Q07352	Q07352	Q07352	False	canonical_or_unversioned_accession	ZFP36L1	1	Q07352	Maron2021	False
Q07507	Q07507	Q07507	False	canonical_or_unversioned_accession	DPT	1	Q07507	Maron2021	False
Q07666	Q07666	Q07666	False	canonical_or_unversioned_accession	KHDRBS1	25	Q07666	Maron2021;ProMetheusDB;human_ptm_master	False
Q07812	Q07812	Q07812	False	canonical_or_unversioned_accession	BAX	2	Q07812	Maron2021	False
Q07864	Q07864	Q07864	False	canonical_or_unversioned_accession	POLE	3	Q07864	Maron2021	False
Q07866	Q07866	Q07866	False	canonical_or_unversioned_accession	KLC1	2	Q07866	Maron2021	False
Q07889	Q07889	Q07889	False	canonical_or_unversioned_accession	SOS1	1	Q07889	Maron2021	False
Q07890	Q07890	Q07890	False	canonical_or_unversioned_accession	SOS2	1	Q07890	Maron2021	False
Q07912	Q07912	Q07912	False	canonical_or_unversioned_accession	TNK2	2	Q07912	Maron2021	False
Q07954	Q07954	Q07954	False	canonical_or_unversioned_accession	LRP1	3	Q07954	Maron2021	False
Q07955	Q07955	Q07955	False	canonical_or_unversioned_accession	SRSF1	11	Q07955	Maron2021;ProMetheusDB;human_ptm_master	False
Q08043	Q08043	Q08043	False	canonical_or_unversioned_accession	ACTN3	6	Q08043	Maron2021	False
Q08117	Q08117	Q08117	False	canonical_or_unversioned_accession	AES	2	Q08117	Maron2021	False
Q08170	Q08170	Q08170	False	canonical_or_unversioned_accession	SRSF4	7	Q08170	Maron2021;ProMetheusDB	False
Q08188	Q08188	Q08188	False	canonical_or_unversioned_accession	TGM3	1	Q08188	Maron2021	False
Q08209	Q08209	Q08209	False	canonical_or_unversioned_accession	PPP3CA	1	Q08209	Maron2021	False
Q08211	Q08211	Q08211	False	canonical_or_unversioned_accession	DHX9	19	Q08211	Maron2021;ProMetheusDB;human_ptm_master	False
Q08378	Q08378	Q08378	False	canonical_or_unversioned_accession	GOLGA3	1	Q08378	Maron2021	False
Q08379	Q08379	Q08379	False	canonical_or_unversioned_accession	GOLGA2	5	Q08379	Maron2021;human_ptm_master	False
Q08397	Q08397	Q08397	False	canonical_or_unversioned_accession	LOXL1	1	Q08397	Maron2021	False
Q08499	Q08499	Q08499	False	canonical_or_unversioned_accession	PDE4D	1	Q08499	Maron2021	False
Q08752	Q08752	Q08752	False	canonical_or_unversioned_accession	PPID	1	Q08752	Maron2021	False
Q08945	Q08945	Q08945	False	canonical_or_unversioned_accession	SSRP1	5	Q08945	Maron2021	False
Q08AD1	Q08AD1	Q08AD1	False	canonical_or_unversioned_accession	CAMSAP2	1	Q08AD1	Maron2021	False
Q08AG5	Q08AG5	Q08AG5	False	canonical_or_unversioned_accession	ZNF844	1	Q08AG5	Maron2021	False
Q08AM6	Q08AM6	Q08AM6	False	canonical_or_unversioned_accession	VAC14	1	Q08AM6	Maron2021	False
Q08J23	Q08J23	Q08J23	False	canonical_or_unversioned_accession	NSUN2	2	Q08J23	Maron2021	False
Q09013	Q09013	Q09013	False	canonical_or_unversioned_accession	DMPK	1	Q09013	Maron2021	False
Q09019	Q09019	Q09019	False	canonical_or_unversioned_accession	DMWD	3	Q09019	Maron2021	False
Q09028	Q09028	Q09028	False	canonical_or_unversioned_accession	RBBP4	6	Q09028	Maron2021	False
Q09161	Q09161	Q09161	False	canonical_or_unversioned_accession	NCBP1	2	Q09161	Maron2021	False
Q09472	Q09472	Q09472	False	canonical_or_unversioned_accession	EP300	13	Q09472	Maron2021;human_ptm_master	False
Q09666	Q09666	Q09666	False	canonical_or_unversioned_accession	AHNAK	5	Q09666	Maron2021;ProMetheusDB;human_ptm_master	False
Q0VAM2	Q0VAM2	Q0VAM2	False	canonical_or_unversioned_accession	RASGEF1B	1	Q0VAM2	Maron2021	False
Q0VD83	Q0VD83	Q0VD83	False	canonical_or_unversioned_accession	APOBR	4	Q0VD83	Maron2021;ProMetheusDB	False
Q0VDF9	Q0VDF9	Q0VDF9	False	canonical_or_unversioned_accession	HSPA14	1	Q0VDF9	Maron2021	False
Q0VFZ6	Q0VFZ6	Q0VFZ6	False	canonical_or_unversioned_accession	C2orf77	2	Q0VFZ6	Maron2021	False
Q0Z7S8	Q0Z7S8	Q0Z7S8	False	canonical_or_unversioned_accession	FABP9	1	Q0Z7S8	Maron2021	False
Q10567	Q10567	Q10567	False	canonical_or_unversioned_accession	AP2B1	1	Q10567	Maron2021	False
Q10570	Q10570	Q10570	False	canonical_or_unversioned_accession	CPSF1	2	Q10570	Maron2021	False
Q10571	Q10571	Q10571	False	canonical_or_unversioned_accession	MN1	5	Q10571	Maron2021;ProMetheusDB	False
Q10588	Q10588	Q10588	False	canonical_or_unversioned_accession	BST1	1	Q10588	Maron2021	False
Q10713	Q10713	Q10713	False	canonical_or_unversioned_accession	PMPCA	2	Q10713	Maron2021	False
Q12756	Q12756	Q12756	False	canonical_or_unversioned_accession	KIF1A	4	Q12756	Maron2021	False
Q12766	Q12766	Q12766	False	canonical_or_unversioned_accession	HMGXB3	2	Q12766	Maron2021	False
Q12769	Q12769	Q12769	False	canonical_or_unversioned_accession	NUP160	2	Q12769	Maron2021	False
Q12774	Q12774	Q12774	False	canonical_or_unversioned_accession	ARHGEF5	2	Q12774	Maron2021;ProMetheusDB;human_ptm_master	False
Q12778	Q12778	Q12778	False	canonical_or_unversioned_accession	FOXO1	2	Q12778	Maron2021	False
Q12788	Q12788	Q12788	False	canonical_or_unversioned_accession	TBL3	1	Q12788	Maron2021	False
Q12789	Q12789	Q12789	False	canonical_or_unversioned_accession	GTF3C1	3	Q12789	Maron2021	False
Q12791	Q12791	Q12791	False	canonical_or_unversioned_accession	KCNMA1	1	Q12791	Maron2021	False
Q12792	Q12792	Q12792	False	canonical_or_unversioned_accession	TWF1	1	Q12792	Maron2021	False
Q12800	Q12800	Q12800	False	canonical_or_unversioned_accession	TFCP2	1	Q12800	Maron2021	False
Q12815	Q12815	Q12815	False	canonical_or_unversioned_accession	TROAP	1	Q12815	Maron2021	False
Q12830	Q12830	Q12830	False	canonical_or_unversioned_accession	BPTF	18	Q12830	Maron2021;ProMetheusDB;human_ptm_master	False
Q12834	Q12834	Q12834	False	canonical_or_unversioned_accession	CDC20	2	Q12834	Maron2021	False
Q12840	Q12840	Q12840	False	canonical_or_unversioned_accession	KIF5A	2	Q12840	Maron2021	False
Q12849	Q12849	Q12849	False	canonical_or_unversioned_accession	GRSF1	1	Q12849	Maron2021	False
Q12857	Q12857	Q12857	False	canonical_or_unversioned_accession	NFIA	1	Q12857	Maron2021;ProMetheusDB	False
Q12866	Q12866	Q12866	False	canonical_or_unversioned_accession	MERTK	1	Q12866	Maron2021	False
Q12873	Q12873	Q12873	False	canonical_or_unversioned_accession	CHD3	4	Q12873	Maron2021	False
Q12874	Q12874	Q12874	False	canonical_or_unversioned_accession	SF3A3	3	Q12874	Maron2021	False
Q12888	Q12888	Q12888	False	canonical_or_unversioned_accession	TP53BP1	8	Q12888	Maron2021	False
Q12904	Q12904	Q12904	False	canonical_or_unversioned_accession	AIMP1	3	Q12904	Maron2021	False
Q12905	Q12905	Q12905	False	canonical_or_unversioned_accession	ILF2	6	Q12905	Maron2021;ProMetheusDB;human_ptm_master	False
Q12906	Q12906	Q12906	False	canonical_or_unversioned_accession	ILF3	13	Q12906	Maron2021;ProMetheusDB	False
Q12907	Q12907	Q12907	False	canonical_or_unversioned_accession	LMAN2	2	Q12907	Maron2021	False
Q12912	Q12912	Q12912	False	canonical_or_unversioned_accession	IRAG2	1	Q12912	Maron2021	False
Q12923	Q12923	Q12923	False	canonical_or_unversioned_accession	PTPN13	2	Q12923	Maron2021	False
Q12931	Q12931	Q12931	False	canonical_or_unversioned_accession	TRAP1	4	Q12931	Maron2021	False
Q12948	Q12948	Q12948	False	canonical_or_unversioned_accession	FOXC1	2	Q12948	Maron2021	False
Q12955	Q12955	Q12955	False	canonical_or_unversioned_accession	ANK3	1	Q12955	Maron2021	False
Q12962	Q12962	Q12962	False	canonical_or_unversioned_accession	TAF10	1	Q12962	Maron2021	False
Q12965	Q12965	Q12965	False	canonical_or_unversioned_accession	MYO1E	2	Q12965	Maron2021	False
Q12979	Q12979	Q12979	False	canonical_or_unversioned_accession	ABR	3	Q12979	Maron2021	False
Q12983	Q12983	Q12983	False	canonical_or_unversioned_accession	BNIP3	1	Q12983	Maron2021	False
Q12986	Q12986	Q12986	False	canonical_or_unversioned_accession	NFX1	1	Q12986	Maron2021	False
Q12996	Q12996	Q12996	False	canonical_or_unversioned_accession	CSTF3	1	Q12996	Maron2021	False
Q13015	Q13015	Q13015	False	canonical_or_unversioned_accession	MLLT11	1	Q13015	Maron2021	False
Q13029	Q13029	Q13029	False	canonical_or_unversioned_accession	PRDM2	2	Q13029	Maron2021	False
Q13033	Q13033	Q13033	False	canonical_or_unversioned_accession	STRN3	2	Q13033	Maron2021	False
Q13064	Q13064	Q13064	False	canonical_or_unversioned_accession	MKRN3	2	Q13064	Maron2021	False
Q13069	Q13069	Q13069	False	canonical_or_unversioned_accession	GAGE5	3	Q13069	Maron2021	False
Q13070	Q13070	Q13070	False	canonical_or_unversioned_accession	GAGE6	3	Q13070	Maron2021	False
Q13085	Q13085	Q13085	False	canonical_or_unversioned_accession	ACACA	1	Q13085	Maron2021	False
Q13094	Q13094	Q13094	False	canonical_or_unversioned_accession	LCP2	2	Q13094	Maron2021	False
Q13105	Q13105	Q13105	False	canonical_or_unversioned_accession	ZBTB17	1	Q13105	Maron2021	False
Q13112	Q13112	Q13112	False	canonical_or_unversioned_accession	CHAF1B	2	Q13112	Maron2021	False
Q13123	Q13123	Q13123	False	canonical_or_unversioned_accession	IK	3	Q13123	Maron2021	False
Q13126	Q13126	Q13126	False	canonical_or_unversioned_accession	MTAP	2	Q13126	Maron2021	False
Q13129	Q13129	Q13129	False	canonical_or_unversioned_accession	RLF	1	Q13129	Maron2021	False
Q13136	Q13136	Q13136	False	canonical_or_unversioned_accession	PPFIA1	3	Q13136	Maron2021	False
Q13148	Q13148	Q13148	False	canonical_or_unversioned_accession	TARDBP	2	Q13148	Maron2021;ProMetheusDB;human_ptm_master	False
Q13151	Q13151	Q13151	False	canonical_or_unversioned_accession	HNRNPA0	9	Q13151	Maron2021;ProMetheusDB;human_ptm_master	False
Q13155	Q13155	Q13155	False	canonical_or_unversioned_accession	AIMP2	4	Q13155	Maron2021;ProMetheusDB	False
Q13158	Q13158	Q13158	False	canonical_or_unversioned_accession	FADD	2	Q13158	Maron2021	False
Q13162	Q13162	Q13162	False	canonical_or_unversioned_accession	PRDX4	2	Q13162	Maron2021	False
Q13163	Q13163	Q13163	False	canonical_or_unversioned_accession	MAP2K5	1	Q13163	Maron2021	False
Q13185	Q13185	Q13185	False	canonical_or_unversioned_accession	CBX3	2	Q13185	Maron2021	False
Q13191	Q13191	Q13191	False	canonical_or_unversioned_accession	CBLB	4	Q13191	Maron2021	False
Q13200	Q13200	Q13200	False	canonical_or_unversioned_accession	PSMD2	5	Q13200	Maron2021	False
Q13206	Q13206	Q13206	False	canonical_or_unversioned_accession	DDX10	1	Q13206	Maron2021	False
Q13227	Q13227	Q13227	False	canonical_or_unversioned_accession	GPS2	2	Q13227	Maron2021;ProMetheusDB;human_ptm_master	False
Q13232	Q13232	Q13232	False	canonical_or_unversioned_accession	NME3	1	Q13232	Maron2021	False
Q13233	Q13233	Q13233	False	canonical_or_unversioned_accession	MAP3K1	2	Q13233	Maron2021	False
Q13242	Q13242	Q13242	False	canonical_or_unversioned_accession	SRSF9	16	Q13242	Maron2021;ProMetheusDB	False
Q13243	Q13243	Q13243	False	canonical_or_unversioned_accession	SRSF5	10	Q13243	Maron2021;ProMetheusDB	False
Q13247	Q13247	Q13247	False	canonical_or_unversioned_accession	SRSF6	3	Q13247	Maron2021;ProMetheusDB	False
Q13257	Q13257	Q13257	False	canonical_or_unversioned_accession	MAD2L1	2	Q13257	Maron2021	False
Q13263	Q13263	Q13263	False	canonical_or_unversioned_accession	TRIM28	4	Q13263	Maron2021	False
Q13283	Q13283	Q13283	False	canonical_or_unversioned_accession	G3BP1	12	Q13283	Maron2021;ProMetheusDB;human_ptm_master	False
Q13303	Q13303	Q13303	False	canonical_or_unversioned_accession	KCNAB2	4	Q13303	Maron2021;ProMetheusDB;human_ptm_master	False
Q13310	Q13310	Q13310	False	canonical_or_unversioned_accession	PABPC4	14	Q13310	Maron2021;ProMetheusDB;human_ptm_master	False
Q13315	Q13315	Q13315	False	canonical_or_unversioned_accession	ATM	2	Q13315	Maron2021	False
Q13322	Q13322	Q13322	False	canonical_or_unversioned_accession	GRB10	1	Q13322	Maron2021	False
Q13330	Q13330	Q13330	False	canonical_or_unversioned_accession	MTA3	5	Q13330	Maron2021;ProMetheusDB	False
Q13332	Q13332	Q13332	False	canonical_or_unversioned_accession	PTPRS	2	Q13332	Maron2021	False
Q13347	Q13347	Q13347	False	canonical_or_unversioned_accession	EIF3I	1	Q13347	Maron2021	False
Q13356	Q13356	Q13356	False	canonical_or_unversioned_accession	PPIL2	1	Q13356	Maron2021	False
Q13362	Q13362	Q13362	False	canonical_or_unversioned_accession	PPP2R5C	1	Q13362	Maron2021	False
Q13363	Q13363	Q13363	False	canonical_or_unversioned_accession	CTBP1	3	Q13363	Maron2021	False
Q13367	Q13367	Q13367	False	canonical_or_unversioned_accession	AP3B2	1	Q13367	Maron2021	False
Q13387	Q13387	Q13387	False	canonical_or_unversioned_accession	MAPK8IP2	1	Q13387	Maron2021	False
Q13393	Q13393	Q13393	False	canonical_or_unversioned_accession	PLD1	1	Q13393	Maron2021	False
Q13394	Q13394	Q13394	False	canonical_or_unversioned_accession	MAB21L1	1	Q13394	Maron2021	False
Q13409	Q13409	Q13409	False	canonical_or_unversioned_accession	DYNC1I2	1	Q13409	Maron2021	False
Q13418	Q13418	Q13418	False	canonical_or_unversioned_accession	ILK	1	Q13418	Maron2021	False
Q13422	Q13422	Q13422	False	canonical_or_unversioned_accession	IKZF1	1	Q13422	Maron2021	False
Q13432	Q13432	Q13432	False	canonical_or_unversioned_accession	UNC119	1	Q13432	Maron2021	False
Q13435	Q13435	Q13435	False	canonical_or_unversioned_accession	SF3B2	16	Q13435	Maron2021;ProMetheusDB;human_ptm_master	False
Q13442	Q13442	Q13442	False	canonical_or_unversioned_accession	PDAP1	1	Q13442	Maron2021	False
Q13443	Q13443	Q13443	False	canonical_or_unversioned_accession	ADAM9	1	Q13443	Maron2021;ProMetheusDB	False
Q13451	Q13451	Q13451	False	canonical_or_unversioned_accession	FKBP5	2	Q13451	Maron2021	False
Q13454	Q13454	Q13454	False	canonical_or_unversioned_accession	TUSC3	2	Q13454	Maron2021	False
Q13459	Q13459	Q13459	False	canonical_or_unversioned_accession	MYO9B	1	Q13459	Maron2021;ProMetheusDB	False
Q13469	Q13469	Q13469	False	canonical_or_unversioned_accession	NFATC2	1	Q13469	Maron2021;ProMetheusDB	False
Q13472	Q13472	Q13472	False	canonical_or_unversioned_accession	TOP3A	1	Q13472	Maron2021	False
Q13492	Q13492	Q13492	False	canonical_or_unversioned_accession	PICALM	2	Q13492	Maron2021	False
Q13501	Q13501	Q13501	False	canonical_or_unversioned_accession	SQSTM1	2	Q13501	Maron2021	False
Q13509	Q13509	Q13509	False	canonical_or_unversioned_accession	TUBB3	2	Q13509	Maron2021	False
Q13526	Q13526	Q13526	False	canonical_or_unversioned_accession	PIN1	1	Q13526	Maron2021	False
Q13535	Q13535	Q13535	False	canonical_or_unversioned_accession	ATR	1	Q13535	Maron2021	False
Q13541	Q13541	Q13541	False	canonical_or_unversioned_accession	EIF4EBP1	2	Q13541	Maron2021	False
Q13542	Q13542	Q13542	False	canonical_or_unversioned_accession	EIF4EBP2	2	Q13542	Maron2021	False
Q13546	Q13546	Q13546	False	canonical_or_unversioned_accession	RIPK1	2	Q13546	Maron2021	False
Q13547	Q13547	Q13547	False	canonical_or_unversioned_accession	HDAC1	5	Q13547	Maron2021	False
Q13555	Q13555	Q13555	False	canonical_or_unversioned_accession	CAMK2G	1	Q13555	Maron2021	False
Q13561	Q13561	Q13561	False	canonical_or_unversioned_accession	DCTN2	1	Q13561	Maron2021	False
Q13563	Q13563	Q13563	False	canonical_or_unversioned_accession	PKD2	1	Q13563	Maron2021	False
Q13573	Q13573	Q13573	False	canonical_or_unversioned_accession	SNW1	5	Q13573	Maron2021	False
Q13576	Q13576	Q13576	False	canonical_or_unversioned_accession	IQGAP2	1	Q13576	Maron2021	False
Q13595	Q13595	Q13595	False	canonical_or_unversioned_accession	TRA2A	2	Q13595	Maron2021	False
Q13596	Q13596	Q13596	False	canonical_or_unversioned_accession	SNX1	1	Q13596	Maron2021	False
Q13601	Q13601	Q13601	False	canonical_or_unversioned_accession	KRR1	1	Q13601	Maron2021	False
Q13608	Q13608	Q13608	False	canonical_or_unversioned_accession	PEX6	7	Q13608	Maron2021;human_ptm_master	False
Q13610	Q13610	Q13610	False	canonical_or_unversioned_accession	PWP1	2	Q13610	Maron2021	False
Q13613	Q13613	Q13613	False	canonical_or_unversioned_accession	MTMR1	1	Q13613	Maron2021	False
Q13616	Q13616	Q13616	False	canonical_or_unversioned_accession	CUL1	1	Q13616	Maron2021;ProMetheusDB;human_ptm_master	False
Q13617	Q13617	Q13617	False	canonical_or_unversioned_accession	CUL2	1	Q13617	Maron2021	False
Q13618	Q13618	Q13618	False	canonical_or_unversioned_accession	CUL3	2	Q13618	Maron2021	False
Q13619	Q13619	Q13619	False	canonical_or_unversioned_accession	CUL4A	4	Q13619	Maron2021	False
Q13620	Q13620	Q13620	False	canonical_or_unversioned_accession	CUL4B	5	Q13620	Maron2021	False
Q13625	Q13625	Q13625	False	canonical_or_unversioned_accession	TP53BP2	2	Q13625	Maron2021	False
Q13635	Q13635	Q13635	False	canonical_or_unversioned_accession	PTCH1	2	Q13635	Maron2021	False
Q13642	Q13642	Q13642	False	canonical_or_unversioned_accession	FHL1	1	Q13642	Maron2021	False
Q13671	Q13671	Q13671	False	canonical_or_unversioned_accession	RIN1	2	Q13671	Maron2021;human_ptm_master	False
Q13685	Q13685	Q13685	False	canonical_or_unversioned_accession	AAMP	1	Q13685	Maron2021	False
Q13733	Q13733	Q13733	False	canonical_or_unversioned_accession	ATP1A4	1	Q13733	Maron2021	False
Q13748	Q13748	Q13748	False	canonical_or_unversioned_accession	TUBA3C	1	Q13748	Maron2021	False
Q13761	Q13761	Q13761	False	canonical_or_unversioned_accession	RUNX3	4	Q13761	Maron2021;ProMetheusDB	False
Q13769	Q13769	Q13769	False	canonical_or_unversioned_accession	THOC5	1	Q13769	Maron2021	False
Q13796	Q13796	Q13796	False	canonical_or_unversioned_accession	SHROOM2	2	Q13796	Maron2021	False
Q13813	Q13813	Q13813	False	canonical_or_unversioned_accession	SPTAN1	15	Q13813	Maron2021;ProMetheusDB	False
Q13823	Q13823	Q13823	False	canonical_or_unversioned_accession	GNL2	3	Q13823	Maron2021	False
Q13838	Q13838	Q13838	False	canonical_or_unversioned_accession	DDX39B	6	Q13838	Maron2021	False
Q13868	Q13868	Q13868	False	canonical_or_unversioned_accession	EXOSC2	1	Q13868	Maron2021	False
Q13895	Q13895	Q13895	False	canonical_or_unversioned_accession	BYSL	9	Q13895	Maron2021;ProMetheusDB;human_ptm_master	False
Q13907	Q13907	Q13907	False	canonical_or_unversioned_accession	IDI1	1	Q13907	Maron2021	False
Q13946	Q13946	Q13946	False	canonical_or_unversioned_accession	PDE7A	2	Q13946	Maron2021	False
Q13948	Q13948	Q13948	False	canonical_or_unversioned_accession	CUX1	1	Q13948	Maron2021	False
Q13950	Q13950	Q13950	False	canonical_or_unversioned_accession	RUNX2	5	Q13950	Maron2021;ProMetheusDB	False
Q13951	Q13951	Q13951	False	canonical_or_unversioned_accession	CBFB	1	Q13951	Maron2021	False
Q13956	Q13956	Q13956	False	canonical_or_unversioned_accession	PDE6H	1	Q13956	Maron2021	False
Q14004	Q14004	Q14004	False	canonical_or_unversioned_accession	CDK13	3	Q14004	Maron2021;ProMetheusDB	False
Q14005	Q14005	Q14005	False	canonical_or_unversioned_accession	IL16	2	Q14005	Maron2021	False
Q14008	Q14008	Q14008	False	canonical_or_unversioned_accession	CKAP5	6	Q14008	Maron2021	False
Q14011	Q14011	Q14011	False	canonical_or_unversioned_accession	CIRBP	14	Q14011	Maron2021;ProMetheusDB	False
Q14019	Q14019	Q14019	False	canonical_or_unversioned_accession	COTL1	2	Q14019	Maron2021	False
Q14031	Q14031	Q14031	False	canonical_or_unversioned_accession	COL4A6	1	Q14031	Maron2021	False
Q14093	Q14093	Q14093	False	canonical_or_unversioned_accession	CYLC2	3	Q14093	Maron2021	False
Q14103	Q14103	Q14103	False	canonical_or_unversioned_accession	HNRNPD	9	Q14103	Maron2021;ProMetheusDB;human_ptm_master	False
Q14126	Q14126	Q14126	False	canonical_or_unversioned_accession	DSG2	3	Q14126	Maron2021	False
Q14129	Q14129	Q14129	False	canonical_or_unversioned_accession	DGCR6	1	Q14129	Maron2021	False
Q14134	Q14134	Q14134	False	canonical_or_unversioned_accession	TRIM29	1	Q14134	Maron2021	False
Q14137	Q14137	Q14137	False	canonical_or_unversioned_accession	BOP1	4	Q14137	Maron2021	False
Q14147	Q14147	Q14147	False	canonical_or_unversioned_accession	DHX34	2	Q14147	Maron2021	False
Q14151	Q14151	Q14151	False	canonical_or_unversioned_accession	SAFB2	16	Q14151	Maron2021;ProMetheusDB;human_ptm_master	False
Q14152	Q14152	Q14152	False	canonical_or_unversioned_accession	EIF3A	29	Q14152	Maron2021	False
Q14157	Q14157	Q14157	False	canonical_or_unversioned_accession	UBAP2L	15	Q14157	Maron2021;ProMetheusDB;human_ptm_master	False
Q14159	Q14159	Q14159	False	canonical_or_unversioned_accession	KIAA0146	1	Q14159	Maron2021	False
Q14160	Q14160	Q14160	False	canonical_or_unversioned_accession	SCRIB	7	Q14160	Maron2021	False
Q14185	Q14185	Q14185	False	canonical_or_unversioned_accession	DOCK1	2	Q14185	Maron2021	False
Q14191	Q14191	Q14191	False	canonical_or_unversioned_accession	WRN	1	Q14191	Maron2021	False
Q14194	Q14194	Q14194	False	canonical_or_unversioned_accession	CRMP1	1	Q14194	Maron2021	False
Q14195	Q14195	Q14195	False	canonical_or_unversioned_accession	DPYSL3	2	Q14195	Maron2021	False
Q14197	Q14197	Q14197	False	canonical_or_unversioned_accession	ICT1	1	Q14197	Maron2021	False
Q14203	Q14203	Q14203	False	canonical_or_unversioned_accession	DCTN1	2	Q14203	Maron2021	False
Q14204	Q14204	Q14204	False	canonical_or_unversioned_accession	DYNC1H1	16	Q14204	Maron2021	False
Q14240	Q14240	Q14240	False	canonical_or_unversioned_accession	EIF4A2	4	Q14240	Maron2021	False
Q14241	Q14241	Q14241	False	canonical_or_unversioned_accession	TCEB3	1	Q14241	Maron2021	False
Q14244	Q14244	Q14244	False	canonical_or_unversioned_accession	MAP7	2	Q14244	Maron2021	False
Q14247	Q14247	Q14247	False	canonical_or_unversioned_accession	CTTN	8	Q14247	Maron2021	False
Q14254	Q14254	Q14254	False	canonical_or_unversioned_accession	FLOT2	1	Q14254	Maron2021	False
Q14315	Q14315	Q14315	False	canonical_or_unversioned_accession	FLNC	5	Q14315	Maron2021	False
Q14320	Q14320	Q14320	False	canonical_or_unversioned_accession	FAM50A	4	Q14320	Maron2021	False
Q14331	Q14331	Q14331	False	canonical_or_unversioned_accession	FRG1	1	Q14331	Maron2021	False
Q14444	Q14444	Q14444	False	canonical_or_unversioned_accession	CAPRIN1	18	Q14444	Maron2021;ProMetheusDB;human_ptm_master	False
Q14457	Q14457	Q14457	False	canonical_or_unversioned_accession	BECN1	1	Q14457	Maron2021	False
Q14493	Q14493	Q14493	False	canonical_or_unversioned_accession	SLBP	3	Q14493	Maron2021	False
Q14498	Q14498	Q14498	False	canonical_or_unversioned_accession	RBM39	7	Q14498	Maron2021;ProMetheusDB	False
Q14524	Q14524	Q14524	False	canonical_or_unversioned_accession	SCN5A	3	Q14524	Maron2021;human_ptm_master	False
Q14526	Q14526	Q14526	False	canonical_or_unversioned_accession	HIC1	1	Q14526	Maron2021	False
Q14527	Q14527	Q14527	False	canonical_or_unversioned_accession	HLTF	4	Q14527	Maron2021;ProMetheusDB;human_ptm_master	False
Q14532	Q14532	Q14532	False	canonical_or_unversioned_accession	KRT32	1	Q14532	Maron2021	False
Q14562	Q14562	Q14562	False	canonical_or_unversioned_accession	DHX8	1	Q14562	Maron2021	False
Q14566	Q14566	Q14566	False	canonical_or_unversioned_accession	MCM6	7	Q14566	Maron2021	False
Q14571	Q14571	Q14571	False	canonical_or_unversioned_accession	ITPR2	1	Q14571	Maron2021	False
Q14573	Q14573	Q14573	False	canonical_or_unversioned_accession	ITPR3	1	Q14573	Maron2021	False
Q14574	Q14574	Q14574	False	canonical_or_unversioned_accession	DSC3	1	Q14574	Maron2021	False
Q14576	Q14576	Q14576	False	canonical_or_unversioned_accession	ELAVL3	1	Q14576	Maron2021	False
Q14624	Q14624	Q14624	False	canonical_or_unversioned_accession	ITIH4	1	Q14624	Maron2021	False
Q14651	Q14651	Q14651	False	canonical_or_unversioned_accession	PLS1	1	Q14651	Maron2021	False
Q14657	Q14657	Q14657	False	canonical_or_unversioned_accession	LAGE3	4	Q14657	Maron2021	False
Q14669	Q14669	Q14669	False	canonical_or_unversioned_accession	TRIP12	1	Q14669	Maron2021	False
Q14671	Q14671	Q14671	False	canonical_or_unversioned_accession	PUM1	4	Q14671	Maron2021;human_ptm_master	False
Q14674	Q14674	Q14674	False	canonical_or_unversioned_accession	ESPL1	1	Q14674	Maron2021	False
Q14676	Q14676	Q14676	False	canonical_or_unversioned_accession	MDC1	9	Q14676	Maron2021;human_ptm_master	False
Q14677	Q14677	Q14677	False	canonical_or_unversioned_accession	CLINT1	2	Q14677	Maron2021;human_ptm_master	False
Q14680	Q14680	Q14680	False	canonical_or_unversioned_accession	MELK	1	Q14680	Maron2021	False
Q14681	Q14681	Q14681	False	canonical_or_unversioned_accession	KCTD2	1	Q14681	Maron2021	False
Q14683	Q14683	Q14683	False	canonical_or_unversioned_accession	SMC1A	7	Q14683	Maron2021	False
Q14684	Q14684	Q14684	False	canonical_or_unversioned_accession	RRP1B	3	Q14684	Maron2021;ProMetheusDB	False
Q14686	Q14686	Q14686	False	canonical_or_unversioned_accession	NCOA6	11	Q14686	Maron2021;ProMetheusDB;human_ptm_master	False
Q14687	Q14687	Q14687	False	canonical_or_unversioned_accession	GSE1	9	Q14687	Maron2021;ProMetheusDB;human_ptm_master	False
Q14690	Q14690	Q14690	False	canonical_or_unversioned_accession	PDCD11	5	Q14690	Maron2021;ProMetheusDB	False
Q14692	Q14692	Q14692	False	canonical_or_unversioned_accession	BMS1	4	Q14692	Maron2021	False
Q14696	Q14696	Q14696	False	canonical_or_unversioned_accession	MESDC2	1	Q14696	Maron2021	False
Q14697	Q14697	Q14697	False	canonical_or_unversioned_accession	GANAB	13	Q14697	Maron2021	False
Q14703	Q14703	Q14703	False	canonical_or_unversioned_accession	MBTPS1	1	Q14703	Maron2021	False
Q14738	Q14738	Q14738	False	canonical_or_unversioned_accession	PPP2R5D	1	Q14738	Maron2021	False
Q14739	Q14739	Q14739	False	canonical_or_unversioned_accession	LBR	2	Q14739	Maron2021	False
Q14746	Q14746	Q14746	False	canonical_or_unversioned_accession	COG2	1	Q14746	Maron2021	False
Q14781	Q14781	Q14781	False	canonical_or_unversioned_accession	CBX2	1	Q14781	Maron2021;ProMetheusDB;human_ptm_master	False
Q14789	Q14789	Q14789	False	canonical_or_unversioned_accession	GOLGB1	1	Q14789	Maron2021	False
Q14807	Q14807	Q14807	False	canonical_or_unversioned_accession	KIF22	5	Q14807	Maron2021	False
Q14839	Q14839	Q14839	False	canonical_or_unversioned_accession	CHD4	9	Q14839	Maron2021	False
Q14914	Q14914	Q14914	False	canonical_or_unversioned_accession	PTGR1	1	Q14914	Maron2021	False
Q14938	Q14938	Q14938	False	canonical_or_unversioned_accession	NFIX	2	Q14938	Maron2021;ProMetheusDB	False
Q14966	Q14966	Q14966	False	canonical_or_unversioned_accession	ZNF638	11	Q14966	Maron2021;ProMetheusDB;human_ptm_master	False
Q14974	Q14974	Q14974	False	canonical_or_unversioned_accession	KPNB1	5	Q14974	Maron2021	False
Q14978	Q14978	Q14978	False	canonical_or_unversioned_accession	NOLC1	6	Q14978	Maron2021;ProMetheusDB;human_ptm_master	False
Q14980	Q14980	Q14980	False	canonical_or_unversioned_accession	NUMA1	14	Q14980	Maron2021;ProMetheusDB	False
Q14997	Q14997	Q14997	False	canonical_or_unversioned_accession	PSME4	1	Q14997	Maron2021	False
Q14999	Q14999	Q14999	False	canonical_or_unversioned_accession	CUL7	2	Q14999	Maron2021	False
Q149N8	Q149N8	Q149N8	False	canonical_or_unversioned_accession	SHPRH	2	Q149N8	Maron2021	False
Q14C86	Q14C86	Q14C86	False	canonical_or_unversioned_accession	GAPVD1	1	Q14C86	Maron2021	False
Q14CA3	Q14CA3	Q14CA3	False	canonical_or_unversioned_accession	TRIP12	2	Q14CA3	Maron2021	False
Q14CM0	Q14CM0	Q14CM0	False	canonical_or_unversioned_accession	FRMPD4	1	Q14CM0	Maron2021	False
Q14CX7	Q14CX7	Q14CX7	False	canonical_or_unversioned_accession	NAA25	5	Q14CX7	Maron2021	False
Q15003	Q15003	Q15003	False	canonical_or_unversioned_accession	NCAPH	2	Q15003	Maron2021	False
Q15006	Q15006	Q15006	False	canonical_or_unversioned_accession	TTC35	1	Q15006	Maron2021	False
Q15007	Q15007	Q15007	False	canonical_or_unversioned_accession	WTAP	1	Q15007	Maron2021	False
Q15008	Q15008	Q15008	False	canonical_or_unversioned_accession	PSMD6	4	Q15008	Maron2021	False
Q15014	Q15014	Q15014	False	canonical_or_unversioned_accession	MORF4L2	3	Q15014	Maron2021	False
Q15019	Q15019	Q15019	False	canonical_or_unversioned_accession	SEPTIN2	1	Q15019	Maron2021	False
Q15020	Q15020	Q15020	False	canonical_or_unversioned_accession	SART3	7	Q15020	Maron2021;ProMetheusDB;human_ptm_master	False
Q15021	Q15021	Q15021	False	canonical_or_unversioned_accession	NCAPD2	3	Q15021	Maron2021	False
Q15025	Q15025	Q15025	False	canonical_or_unversioned_accession	TNIP1	2	Q15025	Maron2021;ProMetheusDB;human_ptm_master	False
Q15027	Q15027	Q15027	False	canonical_or_unversioned_accession	ACAP1	1	Q15027	Maron2021	False
Q15029	Q15029	Q15029	False	canonical_or_unversioned_accession	EFTUD2	6	Q15029	Maron2021	False
Q15032	Q15032	Q15032	False	canonical_or_unversioned_accession	R3HDM1	3	Q15032	Maron2021;ProMetheusDB;human_ptm_master	False
Q15036	Q15036	Q15036	False	canonical_or_unversioned_accession	SNX17	3	Q15036	Maron2021	False
Q15042	Q15042	Q15042	False	canonical_or_unversioned_accession	RAB3GAP1	2	Q15042	Maron2021	False
Q15046	Q15046	Q15046	False	canonical_or_unversioned_accession	KARS	3	Q15046	Maron2021	False
Q15047	Q15047	Q15047	False	canonical_or_unversioned_accession	SETDB1	1	Q15047	Maron2021	False
Q15050	Q15050	Q15050	False	canonical_or_unversioned_accession	RRS1	1	Q15050	Maron2021	False
Q15051	Q15051	Q15051	False	canonical_or_unversioned_accession	IQCB1	2	Q15051	Maron2021	False
Q15056	Q15056	Q15056	False	canonical_or_unversioned_accession	EIF4H	20	Q15056	Maron2021;ProMetheusDB;human_ptm_master	False
Q15058	Q15058	Q15058	False	canonical_or_unversioned_accession	KIF14	3	Q15058	Maron2021	False
Q15059	Q15059	Q15059	False	canonical_or_unversioned_accession	BRD3	1	Q15059	Maron2021	False
Q15061	Q15061	Q15061	False	canonical_or_unversioned_accession	WDR43	1	Q15061	ProMetheusDB	False
Q15070	Q15070	Q15070	False	canonical_or_unversioned_accession	OXA1L	1	Q15070	Maron2021	False
Q15072	Q15072	Q15072	False	canonical_or_unversioned_accession	ZNF146	1	Q15072	Maron2021	False
Q15084	Q15084	Q15084	False	canonical_or_unversioned_accession	PDIA6	4	Q15084	Maron2021	False
Q15118	Q15118	Q15118	False	canonical_or_unversioned_accession	PDK1	1	Q15118	Maron2021	False
Q15119	Q15119	Q15119	False	canonical_or_unversioned_accession	PDK1	2	Q15119	Maron2021	False
Q15120	Q15120	Q15120	False	canonical_or_unversioned_accession	PDK3	1	Q15120	Maron2021	False
Q15126	Q15126	Q15126	False	canonical_or_unversioned_accession	PMVK	2	Q15126	Maron2021	False
Q15149	Q15149	Q15149	False	canonical_or_unversioned_accession	PLEC	21	Q15149	Maron2021;human_ptm_master	False
Q15154	Q15154	Q15154	False	canonical_or_unversioned_accession	PCM1	1	Q15154	Maron2021	False
Q15170	Q15170	Q15170	False	canonical_or_unversioned_accession	TCEAL1	1	Q15170	Maron2021	False
Q15181	Q15181	Q15181	False	canonical_or_unversioned_accession	PPA1	1	Q15181	Maron2021	False
Q15185	Q15185	Q15185	False	canonical_or_unversioned_accession	PTGES3	1	Q15185	Maron2021	False
Q15208	Q15208	Q15208	False	canonical_or_unversioned_accession	STK38	2	Q15208	Maron2021	False
Q15233	Q15233	Q15233	False	canonical_or_unversioned_accession	NONO	15	Q15233	Maron2021;ProMetheusDB;human_ptm_master	False
Q15257	Q15257	Q15257	False	canonical_or_unversioned_accession	PPP2R4	2	Q15257	Maron2021	False
Q15269	Q15269	Q15269	False	canonical_or_unversioned_accession	PWP2	2	Q15269	Maron2021	False
Q15274	Q15274	Q15274	False	canonical_or_unversioned_accession	QPRT	1	Q15274	Maron2021	False
Q15287	Q15287	Q15287	False	canonical_or_unversioned_accession	RNPS1	2	Q15287	Maron2021	False
Q15291	Q15291	Q15291	False	canonical_or_unversioned_accession	RBBP5	3	Q15291	Maron2021	False
Q15293	Q15293	Q15293	False	canonical_or_unversioned_accession	RCN1	6	Q15293	Maron2021	False
Q15306	Q15306	Q15306	False	canonical_or_unversioned_accession	IRF4	1	Q15306	Maron2021	False
Q15345	Q15345	Q15345	False	canonical_or_unversioned_accession	LRRC41	1	Q15345	Maron2021	False
Q15365	Q15365	Q15365	False	canonical_or_unversioned_accession	PCBP1	2	Q15365	Maron2021	False
Q15366	Q15366	Q15366	False	canonical_or_unversioned_accession	PCBP2	1	Q15366	Maron2021	False
Q15388	Q15388	Q15388	False	canonical_or_unversioned_accession	TOMM20	1	Q15388	Maron2021	False
Q15393	Q15393	Q15393	False	canonical_or_unversioned_accession	SF3B3	4	Q15393	Maron2021	False
Q15398	Q15398	Q15398	False	canonical_or_unversioned_accession	DLGAP5	1	Q15398	Maron2021	False
Q15417	Q15417	Q15417	False	canonical_or_unversioned_accession	CNN3	2	Q15417	Maron2021	False
Q15424	Q15424;Q15424-2	Q15424	True	canonical_or_unversioned_accession	SAFB	21	Q15424;Q15424-2	Maron2021;ProMetheusDB;human_ptm_master	True
Q15427	Q15427	Q15427	False	canonical_or_unversioned_accession	SF3B4	5	Q15427	Maron2021	False
Q15428	Q15428	Q15428	False	canonical_or_unversioned_accession	SF3A2	3	Q15428	Maron2021	False
Q15435	Q15435	Q15435	False	canonical_or_unversioned_accession	PPP1R7	4	Q15435	Maron2021	False
Q15459	Q15459	Q15459	False	canonical_or_unversioned_accession	SF3A1	9	Q15459	Maron2021;human_ptm_master	False
Q15466	Q15466	Q15466	False	canonical_or_unversioned_accession	NR0B2	2	Q15466	Maron2021	False
Q15527	Q15527	Q15527	False	canonical_or_unversioned_accession	SURF2	2	Q15527	Maron2021	False
Q15532	Q15532	Q15532	False	canonical_or_unversioned_accession	SS18	2	Q15532	Maron2021	False
Q15554	Q15554	Q15554	False	canonical_or_unversioned_accession	TERF2	4	Q15554	Maron2021;human_ptm_master	False
Q15560	Q15560	Q15560	False	canonical_or_unversioned_accession	TCEA2	1	Q15560	Maron2021	False
Q15569	Q15569	Q15569	False	canonical_or_unversioned_accession	TESK1	5	Q15569	Maron2021	False
Q15572	Q15572	Q15572	False	canonical_or_unversioned_accession	TAF1C	1	Q15572	Maron2021	False
Q15596	Q15596	Q15596	False	canonical_or_unversioned_accession	NCOA2	17	Q15596	Maron2021;ProMetheusDB;human_ptm_master	False
Q155Q3	Q155Q3	Q155Q3	False	canonical_or_unversioned_accession	DIXDC1	2	Q155Q3	Maron2021	False
Q15637	Q15637	Q15637	False	canonical_or_unversioned_accession	SF1	4	Q15637	Maron2021	False
Q15642	Q15642	Q15642	False	canonical_or_unversioned_accession	TRIP10	2	Q15642	Maron2021	False
Q15650	Q15650	Q15650	False	canonical_or_unversioned_accession	TRIP4	1	Q15650	Maron2021	False
Q15652	Q15652	Q15652	False	canonical_or_unversioned_accession	JMJD1C	2	Q15652	Maron2021	False
Q15654	Q15654	Q15654	False	canonical_or_unversioned_accession	TRIP6	22	Q15654	Maron2021;ProMetheusDB;human_ptm_master	False
Q15699	Q15699	Q15699	False	canonical_or_unversioned_accession	ALX1	1	Q15699	Maron2021	False
Q15717	Q15717	Q15717	False	canonical_or_unversioned_accession	ELAVL1	6	Q15717	Maron2021;ProMetheusDB;human_ptm_master	False
Q15723	Q15723	Q15723	False	canonical_or_unversioned_accession	ELF2	5	Q15723	Maron2021;human_ptm_master	False
Q15735	Q15735	Q15735	False	canonical_or_unversioned_accession	INPP5J	6	Q15735	Maron2021	False
Q15746	Q15746	Q15746	False	canonical_or_unversioned_accession	MYLK	1	Q15746	Maron2021	False
Q15750	Q15750	Q15750	False	canonical_or_unversioned_accession	TAB1	1	Q15750	Maron2021	False
Q15751	Q15751	Q15751	False	canonical_or_unversioned_accession	HERC1	1	Q15751	Maron2021	False
Q15758	Q15758	Q15758	False	canonical_or_unversioned_accession	SLC1A5	1	Q15758	Maron2021	False
Q15761	Q15761	Q15761	False	canonical_or_unversioned_accession	NPY5R	1	Q15761	Maron2021	False
Q15772	Q15772	Q15772	False	canonical_or_unversioned_accession	SPEG	1	Q15772	Maron2021	False
Q15773	Q15773	Q15773	False	canonical_or_unversioned_accession	MLF2	1	Q15773	Maron2021	False
Q15785	Q15785	Q15785	False	canonical_or_unversioned_accession	TOMM34	1	Q15785	Maron2021	False
Q15788	Q15788	Q15788	False	canonical_or_unversioned_accession	NCOA1	5	Q15788	Maron2021;ProMetheusDB	False
Q15813	Q15813	Q15813	False	canonical_or_unversioned_accession	TBCE	1	Q15813	Maron2021	False
Q15819	Q15819	Q15819	False	canonical_or_unversioned_accession	UBE2V2	2	Q15819	Maron2021	False
Q15836	Q15836	Q15836	False	canonical_or_unversioned_accession	VAMP2	1	Q15836	Maron2021	False
Q15904	Q15904	Q15904	False	canonical_or_unversioned_accession	ATP6AP1	1	Q15904	Maron2021	False
Q15907	Q15907	Q15907	False	canonical_or_unversioned_accession	RAB11B	3	Q15907	Maron2021	False
Q15942	Q15942	Q15942	False	canonical_or_unversioned_accession	ZYX	1	Q15942	Maron2021	False
Q16082	Q16082	Q16082	False	canonical_or_unversioned_accession	HSPB2	2	Q16082	Maron2021	False
Q16181	Q16181	Q16181	False	canonical_or_unversioned_accession	SEPTIN7	1	Q16181	Maron2021	False
Q16186	Q16186	Q16186	False	canonical_or_unversioned_accession	ADRM1	1	Q16186	Maron2021	False
Q16204	Q16204	Q16204	False	canonical_or_unversioned_accession	CCDC6	6	Q16204	Maron2021	False
Q16236	Q16236	Q16236	False	canonical_or_unversioned_accession	NFE2L2	1	Q16236	Maron2021	False
Q16270	Q16270	Q16270	False	canonical_or_unversioned_accession	IGFBP7	1	Q16270	Maron2021	False
Q16352	Q16352	Q16352	False	canonical_or_unversioned_accession	INA	5	Q16352	Maron2021	False
Q16394	Q16394	Q16394	False	canonical_or_unversioned_accession	EXT1	1	Q16394	Maron2021	False
Q16512	Q16512	Q16512	False	canonical_or_unversioned_accession	PKN1	6	Q16512	Maron2021	False
Q16513	Q16513	Q16513	False	canonical_or_unversioned_accession	PKN2	5	Q16513	Maron2021;human_ptm_master	False
Q16527	Q16527	Q16527	False	canonical_or_unversioned_accession	CSRP2	3	Q16527	Maron2021	False
Q16531	Q16531	Q16531	False	canonical_or_unversioned_accession	DDB1	4	Q16531	Maron2021	False
Q16539	Q16539	Q16539	False	canonical_or_unversioned_accession	MAPK14	1	Q16539	Maron2021	False
Q16540	Q16540	Q16540	False	canonical_or_unversioned_accession	MRPL23	3	Q16540	Maron2021	False
Q16543	Q16543	Q16543	False	canonical_or_unversioned_accession	CDC37	2	Q16543	Maron2021	False
Q16555	Q16555	Q16555	False	canonical_or_unversioned_accession	DPYSL2	3	Q16555	Maron2021	False
Q16576	Q16576	Q16576	False	canonical_or_unversioned_accession	RBBP7	5	Q16576	Maron2021	False
Q16584	Q16584	Q16584	False	canonical_or_unversioned_accession	MAP3K11	2	Q16584	Maron2021	False
Q16594	Q16594	Q16594	False	canonical_or_unversioned_accession	TAF9	3	Q16594	Maron2021;ProMetheusDB	False
Q16629	Q16629	Q16629	False	canonical_or_unversioned_accession	SRSF7	5	Q16629	Maron2021	False
Q16630	Q16630;Q16630-2	Q16630	True	canonical_or_unversioned_accession	CPSF6	6	Q16630;Q16630-2	Maron2021;ProMetheusDB	True
Q16637	Q16637	Q16637	False	canonical_or_unversioned_accession	SMN1	2	Q16637	Maron2021	False
Q16643	Q16643	Q16643	False	canonical_or_unversioned_accession	DBN1	1	Q16643	Maron2021	False
Q16658	Q16658	Q16658	False	canonical_or_unversioned_accession	FSCN1	2	Q16658	Maron2021	False
Q16695	Q16695	Q16695	False	canonical_or_unversioned_accession	H3-4	6	Q16695	Maron2021	False
Q16698	Q16698	Q16698	False	canonical_or_unversioned_accession	DECR1	1	Q16698	Maron2021	False
Q16718	Q16718	Q16718	False	canonical_or_unversioned_accession	NDUFA5	1	Q16718	Maron2021	False
Q16720	Q16720	Q16720	False	canonical_or_unversioned_accession	ATP2B3	1	Q16720	Maron2021	False
Q16763	Q16763	Q16763	False	canonical_or_unversioned_accession	UBE2S	1	Q16763	Maron2021	False
Q16775	Q16775	Q16775	False	canonical_or_unversioned_accession	HAGH	1	Q16775	Maron2021	False
Q16777	Q16777	Q16777	False	canonical_or_unversioned_accession	HIST1H2AJ	5	Q16777	Maron2021	False
Q16778	Q16778	Q16778	False	canonical_or_unversioned_accession	H2BC21	5	Q16778	Maron2021	False
Q16787	Q16787	Q16787	False	canonical_or_unversioned_accession	LAMA3	1	Q16787	Maron2021	False
Q16795	Q16795	Q16795	False	canonical_or_unversioned_accession	NDUFA9	2	Q16795	Maron2021	False
Q16799	Q16799	Q16799	False	canonical_or_unversioned_accession	RTN1	1	Q16799	Maron2021	False
Q16822	Q16822	Q16822	False	canonical_or_unversioned_accession	PCK2	3	Q16822	Maron2021	False
Q16832	Q16832	Q16832	False	canonical_or_unversioned_accession	DDR2	2	Q16832	Maron2021	False
Q16836	Q16836	Q16836	False	canonical_or_unversioned_accession	HADH	1	Q16836	Maron2021	False
Q16850	Q16850	Q16850	False	canonical_or_unversioned_accession	CYP51A1	1	Q16850	Maron2021	False
Q16864	Q16864	Q16864	False	canonical_or_unversioned_accession	ATP6V1F	2	Q16864	Maron2021	False
Q16881	Q16881	Q16881	False	canonical_or_unversioned_accession	TXNRD1	1	Q16881	Maron2021	False
Q16890	Q16890	Q16890	False	canonical_or_unversioned_accession	TPD52L1	1	Q16890	Maron2021;ProMetheusDB;human_ptm_master	False
Q16891	Q16891	Q16891	False	canonical_or_unversioned_accession	IMMT	3	Q16891	Maron2021	False
Q17RB8	Q17RB8	Q17RB8	False	canonical_or_unversioned_accession	LONRF1	2	Q17RB8	Maron2021	False
Q17RY0	Q17RY0	Q17RY0	False	canonical_or_unversioned_accession	CPEB4	2	Q17RY0	Maron2021	False
Q1ED39	Q1ED39	Q1ED39	False	canonical_or_unversioned_accession	KNOP1	3	Q1ED39	Maron2021;ProMetheusDB;human_ptm_master	False
Q1KMD3	Q1KMD3	Q1KMD3	False	canonical_or_unversioned_accession	HNRNPUL2	21	Q1KMD3	Maron2021;ProMetheusDB;human_ptm_master	False
Q1MSJ5	Q1MSJ5	Q1MSJ5	False	canonical_or_unversioned_accession	CSPP1	2	Q1MSJ5	Maron2021	False
Q1W6H9	Q1W6H9	Q1W6H9	False	canonical_or_unversioned_accession	FAM110C	2	Q1W6H9	Maron2021	False
Q27J81	Q27J81	Q27J81	False	canonical_or_unversioned_accession	INF2	1	Q27J81	Maron2021	False
Q29RF7	Q29RF7	Q29RF7	False	canonical_or_unversioned_accession	PDS5A	2	Q29RF7	Maron2021	False
Q2I0M4	Q2I0M4	Q2I0M4	False	canonical_or_unversioned_accession	LRRC26	1	Q2I0M4	Maron2021	False
Q2KHM9	Q2KHM9	Q2KHM9	False	canonical_or_unversioned_accession	KIAA0753	2	Q2KHM9	Maron2021	False
Q2KHN1	Q2KHN1	Q2KHN1	False	canonical_or_unversioned_accession	RNF151	1	Q2KHN1	Maron2021	False
Q2KHR3	Q2KHR3	Q2KHR3	False	canonical_or_unversioned_accession	QSER1	4	Q2KHR3	Maron2021;ProMetheusDB	False
Q2KHT3	Q2KHT3	Q2KHT3	False	canonical_or_unversioned_accession	CLEC16A	1	Q2KHT3	Maron2021	False
Q2LD37	Q2LD37	Q2LD37	False	canonical_or_unversioned_accession	KIAA1109	7	Q2LD37	Maron2021	False
Q2M1P5	Q2M1P5	Q2M1P5	False	canonical_or_unversioned_accession	KIF7	2	Q2M1P5	Maron2021	False
Q2M2I8	Q2M2I8	Q2M2I8	False	canonical_or_unversioned_accession	AAK1	1	Q2M2I8	Maron2021	False
Q2M3C7	Q2M3C7	Q2M3C7	False	canonical_or_unversioned_accession	SPHKAP	1	Q2M3C7	Maron2021	False
Q2M3G4	Q2M3G4	Q2M3G4	False	canonical_or_unversioned_accession	SHROOM1	6	Q2M3G4	Maron2021	False
Q2M3V2	Q2M3V2	Q2M3V2	False	canonical_or_unversioned_accession	SOWAHA	1	Q2M3V2	Maron2021	False
Q2M5E1	Q2M5E1	Q2M5E1	False	canonical_or_unversioned_accession	CIT	2	Q2M5E1	Maron2021	False
Q2NKX9	Q2NKX9	Q2NKX9	False	canonical_or_unversioned_accession	C2orf68	1	Q2NKX9	Maron2021	False
Q2NL82	Q2NL82	Q2NL82	False	canonical_or_unversioned_accession	TSR1	1	Q2NL82	Maron2021	False
Q2QGD7	Q2QGD7	Q2QGD7	False	canonical_or_unversioned_accession	ZXDC	1	Q2QGD7	Maron2021	False
Q2TAC2	Q2TAC2	Q2TAC2	False	canonical_or_unversioned_accession	CCDC57	1	Q2TAC2	Maron2021	False
Q2TAC6	Q2TAC6	Q2TAC6	False	canonical_or_unversioned_accession	KIF19	2	Q2TAC6	Maron2021	False
Q2TAL8	Q2TAL8	Q2TAL8	False	canonical_or_unversioned_accession	QRICH1	1	Q2TAL8	Maron2021	False
Q2TAY7	Q2TAY7	Q2TAY7	False	canonical_or_unversioned_accession	SMU1	1	Q2TAY7	Maron2021	False
Q2TBE0	Q2TBE0	Q2TBE0	False	canonical_or_unversioned_accession	CWF19L2	1	Q2TBE0	Maron2021	False
Q2V2M9	Q2V2M9	Q2V2M9	False	canonical_or_unversioned_accession	FHOD3	1	Q2V2M9	Maron2021	False
Q2VPA4	Q2VPA4	Q2VPA4	False	canonical_or_unversioned_accession	CR1L	1	Q2VPA4	Maron2021	False
Q2VYF4	Q2VYF4	Q2VYF4	False	canonical_or_unversioned_accession	LETM2	1	Q2VYF4	Maron2021	False
Q32MZ4	Q32MZ4	Q32MZ4	False	canonical_or_unversioned_accession	LRRFIP1	2	Q32MZ4	Maron2021	False
Q32P44	Q32P44	Q32P44	False	canonical_or_unversioned_accession	EML3	2	Q32P44	Maron2021	False
Q32P51	Q32P51	Q32P51	False	canonical_or_unversioned_accession	HNRNPA1L2	13	Q32P51	Maron2021	False
Q32Q12	Q32Q12	Q32Q12	False	canonical_or_unversioned_accession	NME2	5	Q32Q12	Maron2021	False
Q3B7T1	Q3B7T1	Q3B7T1	False	canonical_or_unversioned_accession	EDRF1	1	Q3B7T1	Maron2021	False
Q3B8N2	Q3B8N2	Q3B8N2	False	canonical_or_unversioned_accession	LGALS9B	1	Q3B8N2	Maron2021	False
Q3KNS6	Q3KNS6	Q3KNS6	False	canonical_or_unversioned_accession	ZNF829	1	Q3KNS6	Maron2021	False
Q3KNT7	Q3KNT7	Q3KNT7	False	canonical_or_unversioned_accession	NSUN5P1	1	Q3KNT7	Maron2021	False
Q3KP66	Q3KP66	Q3KP66	False	canonical_or_unversioned_accession	C1orf106	10	Q3KP66	Maron2021	False
Q3KQS4	Q3KQS4	Q3KQS4	False	canonical_or_unversioned_accession	NOP2	1	Q3KQS4	Maron2021	False
Q3KQU3	Q3KQU3	Q3KQU3	False	canonical_or_unversioned_accession	MAP7D1	3	Q3KQU3	Maron2021	False
Q3KQV9	Q3KQV9	Q3KQV9	False	canonical_or_unversioned_accession	UAP1L1	1	Q3KQV9	human_ptm_master	False
Q3KQZ1	Q3KQZ1	Q3KQZ1	False	canonical_or_unversioned_accession	SLC25A35	1	Q3KQZ1	Maron2021	False
Q3KR16	Q3KR16	Q3KR16	False	canonical_or_unversioned_accession	PLEKHG6	2	Q3KR16	Maron2021	False
Q3KR37	Q3KR37	Q3KR37	False	canonical_or_unversioned_accession	GRAMD1B	1	Q3KR37	Maron2021	False
Q3L8U1	Q3L8U1	Q3L8U1	False	canonical_or_unversioned_accession	CHD9	1	Q3L8U1	Maron2021	False
Q3LXA3	Q3LXA3	Q3LXA3	False	canonical_or_unversioned_accession	DAK	1	Q3LXA3	Maron2021	False
Q3MIN7	Q3MIN7	Q3MIN7	False	canonical_or_unversioned_accession	RGL3	1	Q3MIN7	Maron2021	False
Q3SX64	Q3SX64	Q3SX64	False	canonical_or_unversioned_accession	ODF3L2	3	Q3SX64	Maron2021	False
Q3SY69	Q3SY69	Q3SY69	False	canonical_or_unversioned_accession	ALDH1L2	1	Q3SY69	Maron2021	False
Q3YEC7	Q3YEC7	Q3YEC7	False	canonical_or_unversioned_accession	RABL6	2	Q3YEC7	Maron2021	False
Q3ZCM7	Q3ZCM7	Q3ZCM7	False	canonical_or_unversioned_accession	TUBB8	1	Q3ZCM7	Maron2021	False
Q3ZCQ8	Q3ZCQ8	Q3ZCQ8	False	canonical_or_unversioned_accession	TIMM50	1	Q3ZCQ8	Maron2021	False
Q49A26	Q49A26	Q49A26	False	canonical_or_unversioned_accession	GLYR1	2	Q49A26	Maron2021	False
Q49A88	Q49A88	Q49A88	False	canonical_or_unversioned_accession	CCDC14	1	Q49A88	Maron2021	False
Q49AJ0	Q49AJ0	Q49AJ0	False	canonical_or_unversioned_accession	FAM135B	1	Q49AJ0	Maron2021	False
Q49AM3	Q49AM3	Q49AM3	False	canonical_or_unversioned_accession	TTC31	4	Q49AM3	Maron2021	False
Q4AC94	Q4AC94	Q4AC94	False	canonical_or_unversioned_accession	C2CD3	1	Q4AC94	Maron2021	False
Q4G0J3	Q4G0J3	Q4G0J3	False	canonical_or_unversioned_accession	LARP7	2	Q4G0J3	Maron2021	False
Q4G0N4	Q4G0N4	Q4G0N4	False	canonical_or_unversioned_accession	NADKD1	1	Q4G0N4	Maron2021	False
Q4G0P3	Q4G0P3	Q4G0P3	False	canonical_or_unversioned_accession	HYDIN	2	Q4G0P3	Maron2021	False
Q4G0S4	Q4G0S4	Q4G0S4	False	canonical_or_unversioned_accession	CYP27C1	1	Q4G0S4	Maron2021	False
Q4G176	Q4G176	Q4G176	False	canonical_or_unversioned_accession	ACSF3	2	Q4G176	Maron2021	False
Q4J6C6	Q4J6C6	Q4J6C6	False	canonical_or_unversioned_accession	PREPL	1	Q4J6C6	Maron2021	False
Q4KMP7	Q4KMP7	Q4KMP7	False	canonical_or_unversioned_accession	TBC1D10B	1	Q4KMP7	Maron2021	False
Q4KMQ1	Q4KMQ1	Q4KMQ1	False	canonical_or_unversioned_accession	TPRN	2	Q4KMQ1	Maron2021	False
Q4KMZ1	Q4KMZ1	Q4KMZ1	False	canonical_or_unversioned_accession	IQCC	1	Q4KMZ1	Maron2021	False
Q4UJ75	Q4UJ75	Q4UJ75	False	canonical_or_unversioned_accession	ANKRD20A4P	1	Q4UJ75	ProMetheusDB	False
Q4V321	Q4V321	Q4V321	False	canonical_or_unversioned_accession	GAGE2E	4	Q4V321	Maron2021	False
Q4V326	Q4V326	Q4V326	False	canonical_or_unversioned_accession	GAGE2E	1	Q4V326	Maron2021	False
Q4V328	Q4V328	Q4V328	False	canonical_or_unversioned_accession	GRIPAP1	1	Q4V328	Maron2021	False
Q4VC03	Q4VC03	Q4VC03	False	canonical_or_unversioned_accession	PABPC4	4	Q4VC03	Maron2021	False
Q4VC05	Q4VC05	Q4VC05	False	canonical_or_unversioned_accession	BCL7A	1	Q4VC05	Maron2021	False
Q4VC31	Q4VC31	Q4VC31	False	canonical_or_unversioned_accession	CCDC58	1	Q4VC31	Maron2021	False
Q4VCS5	Q4VCS5	Q4VCS5	False	canonical_or_unversioned_accession	AMOT	7	Q4VCS5	Maron2021	False
Q4VXU2	Q4VXU2	Q4VXU2	False	canonical_or_unversioned_accession	PABPC1L	1	Q4VXU2	Maron2021	False
Q4ZG55	Q4ZG55	Q4ZG55	False	canonical_or_unversioned_accession	GREB1	2	Q4ZG55	Maron2021	False
Q504Q3	Q504Q3	Q504Q3	False	canonical_or_unversioned_accession	PAN2	3	Q504Q3	Maron2021	False
Q52LJ0	Q52LJ0	Q52LJ0	False	canonical_or_unversioned_accession	FAM98B	9	Q52LJ0	Maron2021;ProMetheusDB	False
Q52LR7	Q52LR7	Q52LR7	False	canonical_or_unversioned_accession	EPC2	1	Q52LR7	Maron2021	False
Q52LW3	Q52LW3	Q52LW3	False	canonical_or_unversioned_accession	ARHGAP29	1	Q52LW3	Maron2021	False
Q53EL6	Q53EL6	Q53EL6	False	canonical_or_unversioned_accession	PDCD4	2	Q53EL6	Maron2021	False
Q53ET0	Q53ET0	Q53ET0	False	canonical_or_unversioned_accession	CRTC2	3	Q53ET0	Maron2021;ProMetheusDB	False
Q53F19	Q53F19	Q53F19	False	canonical_or_unversioned_accession	NCBP3	1	Q53F19	ProMetheusDB	False
Q53GA4	Q53GA4	Q53GA4	False	canonical_or_unversioned_accession	PHLDA2	1	Q53GA4	Maron2021	False
Q53GI3	Q53GI3	Q53GI3	False	canonical_or_unversioned_accession	ZNF394	1	Q53GI3	Maron2021	False
Q53GQ0	Q53GQ0	Q53GQ0	False	canonical_or_unversioned_accession	HSD17B12	1	Q53GQ0	Maron2021	False
Q53GS7	Q53GS7	Q53GS7	False	canonical_or_unversioned_accession	GLE1	2	Q53GS7	Maron2021	False
Q53GS9	Q53GS9	Q53GS9	False	canonical_or_unversioned_accession	USP39	3	Q53GS9	Maron2021	False
Q53H47	Q53H47	Q53H47	False	canonical_or_unversioned_accession	SETMAR	3	Q53H47	Maron2021	False
Q53SZ7	Q53SZ7	Q53SZ7	False	canonical_or_unversioned_accession	PRR30	1	Q53SZ7	Maron2021	False
Q53TS8	Q53TS8	Q53TS8	False	canonical_or_unversioned_accession	C2CD6	1	Q53TS8	Maron2021	False
Q562F6	Q562F6	Q562F6	False	canonical_or_unversioned_accession	SGOL2	1	Q562F6	Maron2021	False
Q562R1	Q562R1	Q562R1	False	canonical_or_unversioned_accession	ACTBL2	3	Q562R1	Maron2021	False
Q56NI9	Q56NI9	Q56NI9	False	canonical_or_unversioned_accession	ESCO2	1	Q56NI9	Maron2021	False
Q58EX2	Q58EX2	Q58EX2	False	canonical_or_unversioned_accession	SDK2	1	Q58EX2	Maron2021	False
Q58EX7	Q58EX7	Q58EX7	False	canonical_or_unversioned_accession	PLEKHG4	1	Q58EX7	Maron2021	False
Q58FF3	Q58FF3	Q58FF3	False	canonical_or_unversioned_accession	HSP90B2P	1	Q58FF3	Maron2021	False
Q58FF7	Q58FF7	Q58FF7	False	canonical_or_unversioned_accession	HSP90AB3P	1	Q58FF7	Maron2021	False
Q58WW2	Q58WW2	Q58WW2	False	canonical_or_unversioned_accession	DCAF6	6	Q58WW2	Maron2021;ProMetheusDB	False
Q5BJF6	Q5BJF6	Q5BJF6	False	canonical_or_unversioned_accession	ODF2	1	Q5BJF6	Maron2021	False
Q5BJH7	Q5BJH7	Q5BJH7	False	canonical_or_unversioned_accession	YIF1B	3	Q5BJH7	Maron2021	False
Q5BKY9	Q5BKY9	Q5BKY9	False	canonical_or_unversioned_accession	FAM133B	2	Q5BKY9	Maron2021	False
Q5BKZ1	Q5BKZ1	Q5BKZ1	False	canonical_or_unversioned_accession	ZNF326	13	Q5BKZ1	Maron2021;ProMetheusDB;human_ptm_master	False
Q5C9Z4	Q5C9Z4	Q5C9Z4	False	canonical_or_unversioned_accession	NOM1	3	Q5C9Z4	Maron2021	False
Q5CZ79	Q5CZ79	Q5CZ79	False	canonical_or_unversioned_accession	ANKRD20A8P	1	Q5CZ79	Maron2021	False
Q5CZC0	Q5CZC0	Q5CZC0	False	canonical_or_unversioned_accession	FSIP2	4	Q5CZC0	Maron2021	False
Q5EBL8	Q5EBL8	Q5EBL8	False	canonical_or_unversioned_accession	PDZD11	1	Q5EBL8	Maron2021	False
Q5EBM0	Q5EBM0	Q5EBM0	False	canonical_or_unversioned_accession	CMPK2	1	Q5EBM0	Maron2021	False
Q5FVE4	Q5FVE4	Q5FVE4	False	canonical_or_unversioned_accession	ACSBG2	1	Q5FVE4	ProMetheusDB	False
Q5H9F3	Q5H9F3	Q5H9F3	False	canonical_or_unversioned_accession	BCORL1	2	Q5H9F3	Maron2021	False
Q5H9L2	Q5H9L2	Q5H9L2	False	canonical_or_unversioned_accession	TCEAL5	1	Q5H9L2	Maron2021;ProMetheusDB	False
Q5H9R7	Q5H9R7	Q5H9R7	False	canonical_or_unversioned_accession	PPP6R3	1	Q5H9R7	Maron2021	False
Q5HY92	Q5HY92	Q5HY92	False	canonical_or_unversioned_accession	FIGN	1	Q5HY92	Maron2021	False
Q5HYB6	Q5HYB6	Q5HYB6	False	canonical_or_unversioned_accession	TPM3	1	Q5HYB6	Maron2021	False
Q5HYI8	Q5HYI8	Q5HYI8	False	canonical_or_unversioned_accession	RABL3	1	Q5HYI8	Maron2021;ProMetheusDB	False
Q5HYK3	Q5HYK3	Q5HYK3	False	canonical_or_unversioned_accession	COQ5	1	Q5HYK3	Maron2021	False
Q5HYW2	Q5HYW2	Q5HYW2	False	canonical_or_unversioned_accession	NHSL2	1	Q5HYW2	Maron2021	False
Q5J8M3	Q5J8M3	Q5J8M3	False	canonical_or_unversioned_accession	TMEM85	2	Q5J8M3	Maron2021	False
Q5JP00	Q5JP00	Q5JP00	False	canonical_or_unversioned_accession	RBBP7	5	Q5JP00	Maron2021	False
Q5JPH6	Q5JPH6	Q5JPH6	False	canonical_or_unversioned_accession	EARS2	1	Q5JPH6	Maron2021	False
Q5JPI3	Q5JPI3	Q5JPI3	False	canonical_or_unversioned_accession	C3orf38	1	Q5JPI3	Maron2021	False
Q5JRA6	Q5JRA6	Q5JRA6	False	canonical_or_unversioned_accession	MIA3	7	Q5JRA6	Maron2021;ProMetheusDB	False
Q5JRX3	Q5JRX3	Q5JRX3	False	canonical_or_unversioned_accession	PITRM1	4	Q5JRX3	Maron2021;ProMetheusDB	False
Q5JSZ5	Q5JSZ5	Q5JSZ5	False	canonical_or_unversioned_accession	PRRC2B	22	Q5JSZ5	Maron2021;ProMetheusDB	False
Q5JT09	Q5JT09	Q5JT09	False	canonical_or_unversioned_accession	UCK1	1	Q5JT09	Maron2021	False
Q5JT82	Q5JT82	Q5JT82	False	canonical_or_unversioned_accession	KLF17	1	Q5JT82	Maron2021	False
Q5JTC6	Q5JTC6	Q5JTC6	False	canonical_or_unversioned_accession	FAM123B	1	Q5JTC6	Maron2021	False
Q5JTD0	Q5JTD0	Q5JTD0	False	canonical_or_unversioned_accession	TJAP1	1	Q5JTD0	Maron2021	False
Q5JTH9	Q5JTH9	Q5JTH9	False	canonical_or_unversioned_accession	RRP12	3	Q5JTH9	Maron2021	False
Q5JTV8	Q5JTV8	Q5JTV8	False	canonical_or_unversioned_accession	TOR1AIP1	1	Q5JTV8	Maron2021	False
Q5JTW2	Q5JTW2	Q5JTW2	False	canonical_or_unversioned_accession	CEP78	1	Q5JTW2	Maron2021	False
Q5JTZ9	Q5JTZ9	Q5JTZ9	False	canonical_or_unversioned_accession	AARS2	5	Q5JTZ9	Maron2021	False
Q5JU85	Q5JU85	Q5JU85	False	canonical_or_unversioned_accession	IQSEC2	2	Q5JU85	Maron2021;ProMetheusDB	False
Q5JUK3	Q5JUK3	Q5JUK3	False	canonical_or_unversioned_accession	KCNT1	1	Q5JUK3	Maron2021	False
Q5JUX0	Q5JUX0	Q5JUX0	False	canonical_or_unversioned_accession	SPIN3	1	Q5JUX0	Maron2021	False
Q5JV73	Q5JV73	Q5JV73	False	canonical_or_unversioned_accession	FRMPD3	1	Q5JV73	Maron2021	False
Q5JVS0	Q5JVS0	Q5JVS0	False	canonical_or_unversioned_accession	HABP4	11	Q5JVS0	Maron2021;human_ptm_master	False
Q5JWF2	Q5JWF2	Q5JWF2	False	canonical_or_unversioned_accession	GNAS	2	Q5JWF2	Maron2021	False
Q5JWF8	Q5JWF8	Q5JWF8	False	canonical_or_unversioned_accession	ACTL10	1	Q5JWF8	Maron2021	False
Q5KU26	Q5KU26	Q5KU26	False	canonical_or_unversioned_accession	COLEC12	1	Q5KU26	Maron2021	False
Q5MIZ7	Q5MIZ7	Q5MIZ7	False	canonical_or_unversioned_accession	PPP4R3B	1	Q5MIZ7	Maron2021	False
Q5MNZ6	Q5MNZ6	Q5MNZ6	False	canonical_or_unversioned_accession	WDR45L	1	Q5MNZ6	Maron2021	False
Q5NUL3	Q5NUL3	Q5NUL3	False	canonical_or_unversioned_accession	FFAR4	1	Q5NUL3	Maron2021	False
Q5PRF9	Q5PRF9	Q5PRF9	False	canonical_or_unversioned_accession	SAMD4B	5	Q5PRF9	Maron2021;ProMetheusDB;human_ptm_master	False
Q5QGS0	Q5QGS0	Q5QGS0	False	canonical_or_unversioned_accession	KIAA2022	1	Q5QGS0	Maron2021	False
Q5QJE6	Q5QJE6	Q5QJE6	False	canonical_or_unversioned_accession	DNTTIP2	1	Q5QJE6	Maron2021	False
Q5QNW6	Q5QNW6	Q5QNW6	False	canonical_or_unversioned_accession	HIST2H2BF	5	Q5QNW6	Maron2021	False
Q5QP82	Q5QP82	Q5QP82	False	canonical_or_unversioned_accession	DCAF10	2	Q5QP82	Maron2021;ProMetheusDB;human_ptm_master	False
Q5QPM7	Q5QPM7	Q5QPM7	False	canonical_or_unversioned_accession	PSMF1	4	Q5QPM7	Maron2021	False
Q5QPS4	Q5QPS4	Q5QPS4	False	canonical_or_unversioned_accession	NADK	3	Q5QPS4	Maron2021	False
Q5R372	Q5R372	Q5R372	False	canonical_or_unversioned_accession	RABGAP1L	1	Q5R372	ProMetheusDB	False
Q5RKV6	Q5RKV6	Q5RKV6	False	canonical_or_unversioned_accession	EXOSC6	3	Q5RKV6	Maron2021	False
Q5SQI0	Q5SQI0	Q5SQI0	False	canonical_or_unversioned_accession	ATAT1	2	Q5SQI0	Maron2021;human_ptm_master	False
Q5SRE5	Q5SRE5	Q5SRE5	False	canonical_or_unversioned_accession	NUP188	3	Q5SRE5	Maron2021	False
Q5SRN2	Q5SRN2	Q5SRN2	False	canonical_or_unversioned_accession	C6orf10	1	Q5SRN2	Maron2021	False
Q5SRQ6	Q5SRQ6	Q5SRQ6	False	canonical_or_unversioned_accession	CSNK2B	3	Q5SRQ6	Maron2021	False
Q5SSJ5	Q5SSJ5	Q5SSJ5	False	canonical_or_unversioned_accession	HP1BP3	1	Q5SSJ5	Maron2021	False
Q5STQ1	Q5STQ1	Q5STQ1	False	canonical_or_unversioned_accession	RXRB	5	Q5STQ1	Maron2021	False
Q5SW79	Q5SW79	Q5SW79	False	canonical_or_unversioned_accession	CEP170	3	Q5SW79	Maron2021	False
Q5SXM2	Q5SXM2	Q5SXM2	False	canonical_or_unversioned_accession	SNAPC4	1	Q5SXM2	Maron2021	False
Q5SY16	Q5SY16	Q5SY16	False	canonical_or_unversioned_accession	NOL9	1	Q5SY16	Maron2021	False
Q5SYE7	Q5SYE7	Q5SYE7	False	canonical_or_unversioned_accession	NHSL1	2	Q5SYE7	Maron2021	False
Q5SZJ8	Q5SZJ8	Q5SZJ8	False	canonical_or_unversioned_accession	BEND6	1	Q5SZJ8	Maron2021	False
Q5SZL2	Q5SZL2	Q5SZL2	False	canonical_or_unversioned_accession	CEP85L	1	Q5SZL2	Maron2021	False
Q5T011	Q5T011	Q5T011	False	canonical_or_unversioned_accession	SZT2	2	Q5T011	Maron2021	False
Q5T089	Q5T089	Q5T089	False	canonical_or_unversioned_accession	MORN1	1	Q5T089	Maron2021	False
Q5T0B9	Q5T0B9	Q5T0B9	False	canonical_or_unversioned_accession	ZNF362	1	Q5T0B9	Maron2021	False
Q5T0F9	Q5T0F9	Q5T0F9	False	canonical_or_unversioned_accession	CC2D1B	1	Q5T0F9	Maron2021	False
Q5T0W9	Q5T0W9	Q5T0W9	False	canonical_or_unversioned_accession	FAM83B	4	Q5T0W9	Maron2021	False
Q5T0Z8	Q5T0Z8	Q5T0Z8	False	canonical_or_unversioned_accession	C6orf132	12	Q5T0Z8	Maron2021;ProMetheusDB;human_ptm_master	False
Q5T123	Q5T123	Q5T123	False	canonical_or_unversioned_accession	SH3BGRL3	2	Q5T123	Maron2021	False
Q5T171	Q5T171	Q5T171	False	canonical_or_unversioned_accession	PYGO2	2	Q5T171	Maron2021	False
Q5T1A1	Q5T1A1	Q5T1A1	False	canonical_or_unversioned_accession	DCST2	1	Q5T1A1	Maron2021	False
Q5T1M5	Q5T1M5	Q5T1M5	False	canonical_or_unversioned_accession	FKBP15	1	Q5T1M5	Maron2021	False
Q5T1R4	Q5T1R4	Q5T1R4	False	canonical_or_unversioned_accession	HIVEP3	2	Q5T1R4	Maron2021	False
Q5T1Z4	Q5T1Z4	Q5T1Z4	False	canonical_or_unversioned_accession	PUM1	1	Q5T1Z4	Maron2021	False
Q5T200	Q5T200	Q5T200	False	canonical_or_unversioned_accession	ZC3H13	8	Q5T200	Maron2021;ProMetheusDB	False
Q5T280	Q5T280	Q5T280	False	canonical_or_unversioned_accession	C9orf114	1	Q5T280	Maron2021	False
Q5T2E6	Q5T2E6	Q5T2E6	False	canonical_or_unversioned_accession	C10orf76	2	Q5T2E6	Maron2021	False
Q5T2N8	Q5T2N8	Q5T2N8	False	canonical_or_unversioned_accession	ATAD3C	1	Q5T2N8	Maron2021	False
Q5T3I0	Q5T3I0	Q5T3I0	False	canonical_or_unversioned_accession	GPATCH4	3	Q5T3I0	Maron2021	False
Q5T440	Q5T440	Q5T440	False	canonical_or_unversioned_accession	IBA57	1	Q5T440	Maron2021	False
Q5T4S7	Q5T4S7	Q5T4S7	False	canonical_or_unversioned_accession	UBR4	3	Q5T4S7	Maron2021	False
Q5T4U5	Q5T4U5	Q5T4U5	False	canonical_or_unversioned_accession	ACADM	4	Q5T4U5	Maron2021	False
Q5T5P2	Q5T5P2	Q5T5P2	False	canonical_or_unversioned_accession	SKT	4	Q5T5P2	Maron2021	False
Q5T5S1	Q5T5S1	Q5T5S1	False	canonical_or_unversioned_accession	KIAA1984	2	Q5T5S1	Maron2021	False
Q5T5U3	Q5T5U3	Q5T5U3	False	canonical_or_unversioned_accession	ARHGAP21	3	Q5T5U3	Maron2021;human_ptm_master	False
Q5T5X7	Q5T5X7	Q5T5X7	False	canonical_or_unversioned_accession	BEND3	2	Q5T5X7	Maron2021	False
Q5T6F2	Q5T6F2	Q5T6F2	False	canonical_or_unversioned_accession	UBAP2	5	Q5T6F2	Maron2021;ProMetheusDB;human_ptm_master	False
Q5T6L9	Q5T6L9	Q5T6L9	False	canonical_or_unversioned_accession	ERMARD	1	Q5T6L9	Maron2021	False
Q5T6V5	Q5T6V5	Q5T6V5	False	canonical_or_unversioned_accession	C9orf64	1	Q5T6V5	Maron2021	False
Q5T7N2	Q5T7N2	Q5T7N2	False	canonical_or_unversioned_accession	L1TD1	1	Q5T7N2	Maron2021	False
Q5T8I3	Q5T8I3	Q5T8I3	False	canonical_or_unversioned_accession	FAM102B	2	Q5T8I3	Maron2021	False
Q5T8P6	Q5T8P6	Q5T8P6	False	canonical_or_unversioned_accession	RBM26	7	Q5T8P6	Maron2021;ProMetheusDB	False
Q5T8R8	Q5T8R8	Q5T8R8	False	canonical_or_unversioned_accession	DOCK8-AS1	1	Q5T8R8	Maron2021	False
Q5T9B7	Q5T9B7	Q5T9B7	False	canonical_or_unversioned_accession	AK1	2	Q5T9B7	Maron2021	False
Q5TA31	Q5TA31	Q5TA31	False	canonical_or_unversioned_accession	RNF187	2	Q5TA31	Maron2021;human_ptm_master	False
Q5TA45	Q5TA45	Q5TA45	False	canonical_or_unversioned_accession	CPSF3L	1	Q5TA45	Maron2021	False
Q5TAQ9	Q5TAQ9	Q5TAQ9	False	canonical_or_unversioned_accession	DCAF8	1	Q5TAQ9	human_ptm_master	False
Q5TAX3	Q5TAX3	Q5TAX3	False	canonical_or_unversioned_accession	ZCCHC11	2	Q5TAX3	Maron2021	False
Q5TBK1	Q5TBK1	Q5TBK1	False	canonical_or_unversioned_accession	N4BP2L1	1	Q5TBK1	Maron2021	False
Q5TC12	Q5TC12	Q5TC12	False	canonical_or_unversioned_accession	ATPAF1	1	Q5TC12	Maron2021	False
Q5TC82	Q5TC82	Q5TC82	False	canonical_or_unversioned_accession	RC3H1	5	Q5TC82	Maron2021;ProMetheusDB	False
Q5TCZ1	Q5TCZ1	Q5TCZ1	False	canonical_or_unversioned_accession	SH3PXD2A	2	Q5TCZ1	Maron2021	False
Q5TD97	Q5TD97	Q5TD97	False	canonical_or_unversioned_accession	FHL5	1	Q5TD97	Maron2021	False
Q5TDH0	Q5TDH0	Q5TDH0	False	canonical_or_unversioned_accession	DDI2	3	Q5TDH0	Maron2021;ProMetheusDB	False
Q5TF21	Q5TF21	Q5TF21	False	canonical_or_unversioned_accession	C6orf174	1	Q5TF21	Maron2021	False
Q5TG53	Q5TG53	Q5TG53	False	canonical_or_unversioned_accession	SERTAD4-AS1	1	Q5TG53	Maron2021	False
Q5TGY1	Q5TGY1	Q5TGY1	False	canonical_or_unversioned_accession	TMCO4	1	Q5TGY1	Maron2021	False
Q5TGY3	Q5TGY3	Q5TGY3	False	canonical_or_unversioned_accession	AHDC1	5	Q5TGY3	Maron2021;human_ptm_master	False
Q5TH69	Q5TH69	Q5TH69	False	canonical_or_unversioned_accession	ARFGEF3	1	Q5TH69	Maron2021	False
Q5TH74	Q5TH74	Q5TH74	False	canonical_or_unversioned_accession	STPG1	1	Q5TH74	Maron2021	False
Q5TYX0	Q5TYX0	Q5TYX0	False	canonical_or_unversioned_accession	PRAMEF5	1	Q5TYX0	Maron2021	False
Q5TZA2	Q5TZA2	Q5TZA2	False	canonical_or_unversioned_accession	CROCC	3	Q5TZA2	Maron2021	False
Q5U5R9	Q5U5R9	Q5U5R9	False	canonical_or_unversioned_accession	HECTD2	1	Q5U5R9	Maron2021	False
Q5UCC4	Q5UCC4	Q5UCC4	False	canonical_or_unversioned_accession	C19orf63	1	Q5UCC4	Maron2021	False
Q5UIP0	Q5UIP0	Q5UIP0	False	canonical_or_unversioned_accession	RIF1	1	Q5UIP0	Maron2021	False
Q5VST9	Q5VST9	Q5VST9	False	canonical_or_unversioned_accession	OBSCN	3	Q5VST9	Maron2021	False
Q5VT06	Q5VT06	Q5VT06	False	canonical_or_unversioned_accession	CEP350	2	Q5VT06	Maron2021	False
Q5VT25	Q5VT25	Q5VT25	False	canonical_or_unversioned_accession	CDC42BPA	2	Q5VT25	Maron2021	False
Q5VT52	Q5VT52	Q5VT52	False	canonical_or_unversioned_accession	RPRD2	19	Q5VT52	Maron2021;ProMetheusDB;human_ptm_master	False
Q5VT66	Q5VT66	Q5VT66	False	canonical_or_unversioned_accession	MTARC1	1	Q5VT66	Maron2021	False
Q5VT79	Q5VT79	Q5VT79	False	canonical_or_unversioned_accession	ANXA8	1	Q5VT79	Maron2021	False
Q5VT97	Q5VT97	Q5VT97	False	canonical_or_unversioned_accession	SYDE2	2	Q5VT97	Maron2021	False
Q5VTB9	Q5VTB9	Q5VTB9	False	canonical_or_unversioned_accession	RNF220	1	Q5VTB9	Maron2021	False
Q5VTE0	Q5VTE0	Q5VTE0	False	canonical_or_unversioned_accession	EEF1A1P5	1	Q5VTE0	Maron2021	False
Q5VTE6	Q5VTE6	Q5VTE6	False	canonical_or_unversioned_accession	ANGEL2	6	Q5VTE6	Maron2021	False
Q5VTI5	Q5VTI5	Q5VTI5	False	canonical_or_unversioned_accession	PLEKHA6	2	Q5VTI5	Maron2021	False
Q5VTL8	Q5VTL8	Q5VTL8	False	canonical_or_unversioned_accession	PRPF38B	1	Q5VTL8	Maron2021	False
Q5VTR2	Q5VTR2	Q5VTR2	False	canonical_or_unversioned_accession	RNF20	2	Q5VTR2	Maron2021	False
Q5VU43	Q5VU43	Q5VU43	False	canonical_or_unversioned_accession	PDE4DIP	1	Q5VU43	Maron2021	False
Q5VUA4	Q5VUA4	Q5VUA4	False	canonical_or_unversioned_accession	ZNF318	7	Q5VUA4	Maron2021	False
Q5VUJ6	Q5VUJ6	Q5VUJ6	False	canonical_or_unversioned_accession	LRCH2	3	Q5VUJ6	Maron2021	False
Q5VV17	Q5VV17	Q5VV17	False	canonical_or_unversioned_accession	OTUD1	1	Q5VV17	Maron2021	False
Q5VV41	Q5VV41	Q5VV41	False	canonical_or_unversioned_accession	ARHGEF16	2	Q5VV41	Maron2021	False
Q5VV67	Q5VV67	Q5VV67	False	canonical_or_unversioned_accession	PPRC1	1	Q5VV67	human_ptm_master	False
Q5VVH2	Q5VVH2	Q5VVH2	False	canonical_or_unversioned_accession	FKBP1C	1	Q5VVH2	Maron2021	False
Q5VVW2	Q5VVW2	Q5VVW2	False	canonical_or_unversioned_accession	GARNL3	1	Q5VVW2	Maron2021	False
Q5VWM5	Q5VWM5	Q5VWM5	False	canonical_or_unversioned_accession	PRAMEF15	1	Q5VWM5	Maron2021	False
Q5VWN6	Q5VWN6	Q5VWN6	False	canonical_or_unversioned_accession	FAM208B	1	Q5VWN6	Maron2021	False
Q5VWQ0	Q5VWQ0	Q5VWQ0	False	canonical_or_unversioned_accession	RSBN1	2	Q5VWQ0	Maron2021	False
Q5VWQ8	Q5VWQ8	Q5VWQ8	False	canonical_or_unversioned_accession	DAB2IP	2	Q5VWQ8	Maron2021	False
Q5VWX1	Q5VWX1	Q5VWX1	False	canonical_or_unversioned_accession	KHDRBS2	8	Q5VWX1	Maron2021	False
Q5VXH4	Q5VXH4	Q5VXH4	False	canonical_or_unversioned_accession	PRAMEF6	1	Q5VXH4	Maron2021	False
Q5VYK3	Q5VYK3	Q5VYK3	False	canonical_or_unversioned_accession	ECPAS	3	Q5VYK3	Maron2021;ProMetheusDB	False
Q5VZ89	Q5VZ89	Q5VZ89	False	canonical_or_unversioned_accession	DENND4C	1	Q5VZ89	Maron2021	False
Q5VZF2	Q5VZF2	Q5VZF2	False	canonical_or_unversioned_accession	MBNL2	1	Q5VZF2	ProMetheusDB	False
Q5VZL5	Q5VZL5	Q5VZL5	False	canonical_or_unversioned_accession	ZMYM4	2	Q5VZL5	Maron2021;ProMetheusDB	False
Q5VZZ6	Q5VZZ6	Q5VZZ6	False	canonical_or_unversioned_accession	CELF2	1	Q5VZZ6	Maron2021	False
Q5XG87	Q5XG87	Q5XG87	False	canonical_or_unversioned_accession	PAPD7	2	Q5XG87	Maron2021	False
Q5XPI4	Q5XPI4	Q5XPI4	False	canonical_or_unversioned_accession	RNF123	3	Q5XPI4	Maron2021	False
Q5XUX0	Q5XUX0	Q5XUX0	False	canonical_or_unversioned_accession	FBXO31	1	Q5XUX0	Maron2021	False
Q5XXA6	Q5XXA6	Q5XXA6	False	canonical_or_unversioned_accession	ANO1	1	Q5XXA6	Maron2021	False
Q60I27	Q60I27	Q60I27	False	canonical_or_unversioned_accession	ALS2CL	1	Q60I27	Maron2021	False
Q63HN8	Q63HN8	Q63HN8	False	canonical_or_unversioned_accession	RNF213	4	Q63HN8	Maron2021	False
Q63HQ2	Q63HQ2	Q63HQ2	False	canonical_or_unversioned_accession	EGFLAM	2	Q63HQ2	Maron2021	False
Q63ZY3	Q63ZY3	Q63ZY3	False	canonical_or_unversioned_accession	KANK2	5	Q63ZY3	Maron2021;ProMetheusDB;human_ptm_master	False
Q63ZY6	Q63ZY6	Q63ZY6	False	canonical_or_unversioned_accession	NSUN5P2	1	Q63ZY6	Maron2021	False
Q641Q2	Q641Q2	Q641Q2	False	canonical_or_unversioned_accession	FAM21A	2	Q641Q2	Maron2021	False
Q641Q3	Q641Q3	Q641Q3	False	canonical_or_unversioned_accession	METRNL	1	Q641Q3	Maron2021	False
Q659C4	Q659C4	Q659C4	False	canonical_or_unversioned_accession	LARP1B	7	Q659C4	Maron2021	False
Q66K14	Q66K14	Q66K14	False	canonical_or_unversioned_accession	TBC1D9B	1	Q66K14	Maron2021	False
Q66K74	Q66K74	Q66K74	False	canonical_or_unversioned_accession	MAP1S	8	Q66K74	Maron2021	False
Q66PJ3	Q66PJ3	Q66PJ3	False	canonical_or_unversioned_accession	ARL6IP4	3	Q66PJ3	Maron2021	False
Q68BL7	Q68BL7	Q68BL7	False	canonical_or_unversioned_accession	OLFML2A	1	Q68BL7	Maron2021	False
Q68CQ4	Q68CQ4	Q68CQ4	False	canonical_or_unversioned_accession	DIEXF	4	Q68CQ4	Maron2021	False
Q68CZ2	Q68CZ2	Q68CZ2	False	canonical_or_unversioned_accession	TNS3	4	Q68CZ2	Maron2021	False
Q68D20	Q68D20	Q68D20	False	canonical_or_unversioned_accession	PMS2CL	1	Q68D20	Maron2021	False
Q68D85	Q68D85	Q68D85	False	canonical_or_unversioned_accession	NCR3LG1	1	Q68D85	Maron2021	False
Q68D91	Q68D91	Q68D91	False	canonical_or_unversioned_accession	MBLAC2	1	Q68D91	Maron2021	False
Q68DC2	Q68DC2	Q68DC2	False	canonical_or_unversioned_accession	ANKS6	1	Q68DC2	Maron2021	False
Q68DK7	Q68DK7	Q68DK7	False	canonical_or_unversioned_accession	MSL1	1	Q68DK7	Maron2021	False
Q68DN1	Q68DN1	Q68DN1	False	canonical_or_unversioned_accession	C2orf16	4	Q68DN1	Maron2021	False
Q68DQ2	Q68DQ2	Q68DQ2	False	canonical_or_unversioned_accession	CRYBG3	1	Q68DQ2	Maron2021	False
Q68EM7	Q68EM7	Q68EM7	False	canonical_or_unversioned_accession	ARHGAP17	2	Q68EM7	Maron2021	False
Q69YH5	Q69YH5	Q69YH5	False	canonical_or_unversioned_accession	CDCA2	3	Q69YH5	Maron2021	False
Q69YN4	Q69YN4	Q69YN4	False	canonical_or_unversioned_accession	VIRMA	17	Q69YN4	Maron2021;ProMetheusDB;human_ptm_master	False
Q6AI08	Q6AI08	Q6AI08	False	canonical_or_unversioned_accession	HEATR6	1	Q6AI08	Maron2021	False
Q6AI12	Q6AI12	Q6AI12	False	canonical_or_unversioned_accession	ANKRD40	1	Q6AI12	Maron2021	False
Q6AWC2	Q6AWC2	Q6AWC2	False	canonical_or_unversioned_accession	WWC2	1	Q6AWC2	Maron2021	False
Q6DKJ4	Q6DKJ4	Q6DKJ4	False	canonical_or_unversioned_accession	NXN	1	Q6DKJ4	Maron2021	False
Q6DN03	Q6DN03	Q6DN03	False	canonical_or_unversioned_accession	HIST2H2BC	1	Q6DN03	Maron2021	False
Q6DN14	Q6DN14	Q6DN14	False	canonical_or_unversioned_accession	MCTP1	1	Q6DN14	Maron2021	False
Q6DN90	Q6DN90	Q6DN90	False	canonical_or_unversioned_accession	IQSEC1	1	Q6DN90	Maron2021	False
Q6DRA6	Q6DRA6	Q6DRA6	False	canonical_or_unversioned_accession	HIST2H2BD	1	Q6DRA6	Maron2021	False
Q6DT37	Q6DT37	Q6DT37	False	canonical_or_unversioned_accession	CDC42BPG	1	Q6DT37	Maron2021	False
Q6EEV4	Q6EEV4	Q6EEV4	False	canonical_or_unversioned_accession	POLR2M	4	Q6EEV4	Maron2021;ProMetheusDB	False
Q6F5E8	Q6F5E8	Q6F5E8	False	canonical_or_unversioned_accession	RLTPR	2	Q6F5E8	Maron2021	False
Q6FI13	Q6FI13	Q6FI13	False	canonical_or_unversioned_accession	HIST1H2AG	5	Q6FI13	Maron2021	False
Q6GMV3	Q6GMV3	Q6GMV3	False	canonical_or_unversioned_accession	PTRHD1	2	Q6GMV3	Maron2021	False
Q6GQQ9	Q6GQQ9	Q6GQQ9	False	canonical_or_unversioned_accession	OTUD7B	4	Q6GQQ9	Maron2021	False
Q6I9Y2	Q6I9Y2	Q6I9Y2	False	canonical_or_unversioned_accession	THOC7	1	Q6I9Y2	Maron2021	False
Q6IAA8	Q6IAA8	Q6IAA8	False	canonical_or_unversioned_accession	LAMTOR1	2	Q6IAA8	Maron2021	False
Q6IBS0	Q6IBS0	Q6IBS0	False	canonical_or_unversioned_accession	TWF2	2	Q6IBS0	Maron2021	False
Q6ICC9	Q6ICC9	Q6ICC9	False	canonical_or_unversioned_accession	LDOC1L	2	Q6ICC9	Maron2021	False
Q6IE81	Q6IE81	Q6IE81	False	canonical_or_unversioned_accession	JADE1	2	Q6IE81	Maron2021	False
Q6IMN6	Q6IMN6	Q6IMN6	False	canonical_or_unversioned_accession	CAPRIN2	2	Q6IMN6	Maron2021	False
Q6IN84	Q6IN84	Q6IN84	False	canonical_or_unversioned_accession	MRM1	1	Q6IN84	Maron2021	False
Q6IN85	Q6IN85	Q6IN85	False	canonical_or_unversioned_accession	PPP4R3A	1	Q6IN85	Maron2021	False
Q6IPF4	Q6IPF4	Q6IPF4	False	canonical_or_unversioned_accession	PCBP2	2	Q6IPF4	Maron2021	False
Q6IQ22	Q6IQ22	Q6IQ22	False	canonical_or_unversioned_accession	RAB12	1	Q6IQ22	Maron2021	False
Q6IQ23	Q6IQ23	Q6IQ23	False	canonical_or_unversioned_accession	PLEKHA7	1	Q6IQ23	Maron2021	False
Q6IQ26	Q6IQ26	Q6IQ26	False	canonical_or_unversioned_accession	DENND5A	1	Q6IQ26	Maron2021	False
Q6IQ49	Q6IQ49	Q6IQ49	False	canonical_or_unversioned_accession	SDE2	2	Q6IQ49	Maron2021	False
Q6IS14	Q6IS14	Q6IS14	False	canonical_or_unversioned_accession	EIF5AL1	1	Q6IS14	Maron2021	False
Q6ISB3	Q6ISB3	Q6ISB3	False	canonical_or_unversioned_accession	GRHL2	1	Q6ISB3	Maron2021	False
Q6KB66	Q6KB66	Q6KB66	False	canonical_or_unversioned_accession	KRT80	1	Q6KB66	Maron2021	False
Q6KC79	Q6KC79	Q6KC79	False	canonical_or_unversioned_accession	NIPBL	4	Q6KC79	Maron2021;ProMetheusDB	False
Q6L8Q7	Q6L8Q7	Q6L8Q7	False	canonical_or_unversioned_accession	PDE12	1	Q6L8Q7	Maron2021	False
Q6L9W6	Q6L9W6	Q6L9W6	False	canonical_or_unversioned_accession	B4GALNT3	1	Q6L9W6	Maron2021	False
Q6MZP7	Q6MZP7	Q6MZP7	False	canonical_or_unversioned_accession	LIN54	2	Q6MZP7	Maron2021	False
Q6N021	Q6N021	Q6N021	False	canonical_or_unversioned_accession	TET2	3	Q6N021	Maron2021;ProMetheusDB;human_ptm_master	False
Q6NSJ2	Q6NSJ2	Q6NSJ2	False	canonical_or_unversioned_accession	PHLDB3	1	Q6NSJ2	Maron2021	False
Q6NT89	Q6NT89	Q6NT89	False	canonical_or_unversioned_accession	TRNP1	2	Q6NT89	Maron2021	False
Q6NTE8	Q6NTE8	Q6NTE8	False	canonical_or_unversioned_accession	C5orf45	3	Q6NTE8	Maron2021	False
Q6NUM9	Q6NUM9	Q6NUM9	False	canonical_or_unversioned_accession	RETSAT	2	Q6NUM9	Maron2021	False
Q6NUN9	Q6NUN9	Q6NUN9	False	canonical_or_unversioned_accession	ZNF746	1	Q6NUN9	Maron2021	False
Q6NUQ4	Q6NUQ4	Q6NUQ4	False	canonical_or_unversioned_accession	TMEM214	3	Q6NUQ4	Maron2021;ProMetheusDB	False
Q6NUT2	Q6NUT2	Q6NUT2	False	canonical_or_unversioned_accession	DPY19L2	1	Q6NUT2	Maron2021	False
Q6NV74	Q6NV74	Q6NV74	False	canonical_or_unversioned_accession	C2orf55	2	Q6NV74	Maron2021	False
Q6NWY9	Q6NWY9	Q6NWY9	False	canonical_or_unversioned_accession	PRPF40B	1	Q6NWY9	Maron2021	False
Q6NXE6	Q6NXE6	Q6NXE6	False	canonical_or_unversioned_accession	ARMC6	3	Q6NXE6	Maron2021	False
Q6NXG1	Q6NXG1	Q6NXG1	False	canonical_or_unversioned_accession	ESRP1	2	Q6NXG1	Maron2021;human_ptm_master	False
Q6NXT1	Q6NXT1	Q6NXT1	False	canonical_or_unversioned_accession	ANKRD54	1	Q6NXT1	Maron2021	False
Q6NXT2	Q6NXT2	Q6NXT2	False	canonical_or_unversioned_accession	H3-5	4	Q6NXT2	Maron2021	False
Q6NXT4	Q6NXT4	Q6NXT4	False	canonical_or_unversioned_accession	SLC30A6	3	Q6NXT4	Maron2021;ProMetheusDB	False
Q6NY19	Q6NY19	Q6NY19	False	canonical_or_unversioned_accession	KANK3	1	Q6NY19	Maron2021	False
Q6NYC8	Q6NYC8	Q6NYC8	False	canonical_or_unversioned_accession	PPP1R18	3	Q6NYC8	Maron2021	False
Q6NZ36	Q6NZ36	Q6NZ36	False	canonical_or_unversioned_accession	FAAP20	1	Q6NZ36	Maron2021	False
Q6NZ67	Q6NZ67	Q6NZ67	False	canonical_or_unversioned_accession	MZT2B	3	Q6NZ67	Maron2021	False
Q6NZY4	Q6NZY4	Q6NZY4	False	canonical_or_unversioned_accession	ZCCHC8	2	Q6NZY4	Maron2021	False
Q6NZY7	Q6NZY7	Q6NZY7	False	canonical_or_unversioned_accession	CDC42EP5	1	Q6NZY7	Maron2021	False
Q6P087	Q6P087	Q6P087	False	canonical_or_unversioned_accession	RPUSD3	2	Q6P087	Maron2021	False
Q6P0Q8	Q6P0Q8	Q6P0Q8	False	canonical_or_unversioned_accession	MAST2	3	Q6P0Q8	Maron2021;human_ptm_master	False
Q6P158	Q6P158	Q6P158	False	canonical_or_unversioned_accession	DHX57	1	Q6P158	Maron2021	False
Q6P161	Q6P161	Q6P161	False	canonical_or_unversioned_accession	MRPL54	2	Q6P161	Maron2021	False
Q6P1J9	Q6P1J9	Q6P1J9	False	canonical_or_unversioned_accession	CDC73	3	Q6P1J9	Maron2021;ProMetheusDB	False
Q6P1N0	Q6P1N0	Q6P1N0	False	canonical_or_unversioned_accession	CC2D1A	3	Q6P1N0	Maron2021	False
Q6P1Q9	Q6P1Q9	Q6P1Q9	False	canonical_or_unversioned_accession	METTL2B	1	Q6P1Q9	Maron2021	False
Q6P1R3	Q6P1R3	Q6P1R3	False	canonical_or_unversioned_accession	MSANTD2	1	Q6P1R3	Maron2021	False
Q6P1X5	Q6P1X5	Q6P1X5	False	canonical_or_unversioned_accession	TAF2	1	Q6P1X5	ProMetheusDB	False
Q6P2E9	Q6P2E9	Q6P2E9	False	canonical_or_unversioned_accession	EDC4	2	Q6P2E9	Maron2021	False
Q6P2H3	Q6P2H3	Q6P2H3	False	canonical_or_unversioned_accession	CEP85	2	Q6P2H3	Maron2021	False
Q6P2Q9	Q6P2Q9	Q6P2Q9	False	canonical_or_unversioned_accession	PRPF8	13	Q6P2Q9	Maron2021	False
Q6P3X8	Q6P3X8	Q6P3X8	False	canonical_or_unversioned_accession	PGBD2	1	Q6P3X8	Maron2021	False
Q6P435	Q6P435	Q6P435	False	canonical_or_unversioned_accession	SMG1P2	1	Q6P435	Maron2021	False
Q6P4F2	Q6P4F2	Q6P4F2	False	canonical_or_unversioned_accession	FDX1L	1	Q6P4F2	Maron2021	False
Q6P582	Q6P582	Q6P582	False	canonical_or_unversioned_accession	MZT2A	2	Q6P582	Maron2021	False
Q6P597	Q6P597	Q6P597	False	canonical_or_unversioned_accession	KLC3	1	Q6P597	Maron2021	False
Q6P5Z2	Q6P5Z2	Q6P5Z2	False	canonical_or_unversioned_accession	PKN3	1	Q6P5Z2	Maron2021	False
Q6P6C2	Q6P6C2	Q6P6C2	False	canonical_or_unversioned_accession	ALKBH5	4	Q6P6C2	Maron2021;ProMetheusDB;human_ptm_master	False
Q6P996	Q6P996	Q6P996	False	canonical_or_unversioned_accession	PDXDC1	4	Q6P996	Maron2021	False
Q6P9G0	Q6P9G0	Q6P9G0	False	canonical_or_unversioned_accession	CYB5D1	1	Q6P9G0	Maron2021	False
Q6P9H4	Q6P9H4	Q6P9H4	False	canonical_or_unversioned_accession	CNKSR3	2	Q6P9H4	Maron2021	False
Q6PCB5	Q6PCB5	Q6PCB5	False	canonical_or_unversioned_accession	RSBN1L	1	Q6PCB5	Maron2021	False
Q6PCD5	Q6PCD5	Q6PCD5	False	canonical_or_unversioned_accession	RFWD3	1	Q6PCD5	Maron2021	False
Q6PCT2	Q6PCT2	Q6PCT2	False	canonical_or_unversioned_accession	FBXL19	1	Q6PCT2	Maron2021	False
Q6PEZ8	Q6PEZ8	Q6PEZ8	False	canonical_or_unversioned_accession	PODNL1	2	Q6PEZ8	Maron2021	False
Q6PGN9	Q6PGN9	Q6PGN9	False	canonical_or_unversioned_accession	PSRC1	1	Q6PGN9	Maron2021	False
Q6PID8	Q6PID8	Q6PID8	False	canonical_or_unversioned_accession	KLHDC10	4	Q6PID8	Maron2021	False
Q6PIY7	Q6PIY7	Q6PIY7	False	canonical_or_unversioned_accession	PAPD4	6	Q6PIY7	Maron2021	False
Q6PJ69	Q6PJ69	Q6PJ69	False	canonical_or_unversioned_accession	TRIM65	1	Q6PJ69	Maron2021	False
Q6PJF5	Q6PJF5	Q6PJF5	False	canonical_or_unversioned_accession	RHBDF2	2	Q6PJF5	Maron2021	False
Q6PJG2	Q6PJG2	Q6PJG2	False	canonical_or_unversioned_accession	MIDEAS	9	Q6PJG2	Maron2021;ProMetheusDB;human_ptm_master	False
Q6PJG9	Q6PJG9	Q6PJG9	False	canonical_or_unversioned_accession	LRFN4	1	Q6PJG9	Maron2021	False
Q6PJT7	Q6PJT7	Q6PJT7	False	canonical_or_unversioned_accession	ZC3H14	1	Q6PJT7	Maron2021	False
Q6PK04	Q6PK04	Q6PK04	False	canonical_or_unversioned_accession	CCDC137	4	Q6PK04	Maron2021	False
Q6PKG0	Q6PKG0	Q6PKG0	False	canonical_or_unversioned_accession	LARP1	12	Q6PKG0	Maron2021	False
Q6Q0C0	Q6Q0C0	Q6Q0C0	False	canonical_or_unversioned_accession	TRAF7	1	Q6Q0C0	ProMetheusDB	False
Q6QNY0	Q6QNY0	Q6QNY0	False	canonical_or_unversioned_accession	BLOC1S3	1	Q6QNY0	Maron2021	False
Q6R327	Q6R327	Q6R327	False	canonical_or_unversioned_accession	RICTOR	2	Q6R327	Maron2021	False
Q6RI45	Q6RI45	Q6RI45	False	canonical_or_unversioned_accession	BRWD3	2	Q6RI45	Maron2021	False
Q6RW13	Q6RW13	Q6RW13	False	canonical_or_unversioned_accession	AGTRAP	1	Q6RW13	Maron2021	False
Q6S8J3	Q6S8J3	Q6S8J3	False	canonical_or_unversioned_accession	POTEE	1	Q6S8J3	Maron2021	False
Q6SPF0	Q6SPF0	Q6SPF0	False	canonical_or_unversioned_accession	SAMD1	11	Q6SPF0	Maron2021;ProMetheusDB	False
Q6STE5	Q6STE5	Q6STE5	False	canonical_or_unversioned_accession	SMARCD3	2	Q6STE5	Maron2021	False
Q6TDP4	Q6TDP4	Q6TDP4	False	canonical_or_unversioned_accession	KLHL17	1	Q6TDP4	Maron2021	False
Q6TFL3	Q6TFL3	Q6TFL3	False	canonical_or_unversioned_accession	CCDC171	1	Q6TFL3	Maron2021	False
Q6U949	Q6U949	Q6U949	False	canonical_or_unversioned_accession	IGF2	4	Q6U949	ProMetheusDB	False
Q6UB35	Q6UB35	Q6UB35	False	canonical_or_unversioned_accession	MTHFD1L	2	Q6UB35	Maron2021	False
Q6UB98	Q6UB98	Q6UB98	False	canonical_or_unversioned_accession	ANKRD12	1	Q6UB98	Maron2021	False
Q6ULP2	Q6ULP2	Q6ULP2	False	canonical_or_unversioned_accession	AFTPH	1	Q6ULP2	Maron2021	False
Q6UN15	Q6UN15	Q6UN15	False	canonical_or_unversioned_accession	FIP1L1	2	Q6UN15	Maron2021	False
Q6UUV7	Q6UUV7	Q6UUV7	False	canonical_or_unversioned_accession	CRTC3	2	Q6UUV7	Maron2021	False
Q6UUV9	Q6UUV9	Q6UUV9	False	canonical_or_unversioned_accession	CRTC1	2	Q6UUV9	Maron2021	False
Q6UWL6	Q6UWL6	Q6UWL6	False	canonical_or_unversioned_accession	KIRREL2	1	Q6UWL6	Maron2021	False
Q6UWP7	Q6UWP7	Q6UWP7	False	canonical_or_unversioned_accession	LCLAT1	2	Q6UWP7	Maron2021	False
Q6UWU2	Q6UWU2	Q6UWU2	False	canonical_or_unversioned_accession	GLB1L	1	Q6UWU2	Maron2021	False
Q6UWZ7	Q6UWZ7	Q6UWZ7	False	canonical_or_unversioned_accession	ABRAXAS1	1	Q6UWZ7	Maron2021	False
Q6UX04	Q6UX04	Q6UX04	False	canonical_or_unversioned_accession	CWC27	1	Q6UX04	Maron2021	False
Q6UX72	Q6UX72	Q6UX72	False	canonical_or_unversioned_accession	B3GNT9	1	Q6UX72	Maron2021	False
Q6UXH8	Q6UXH8	Q6UXH8	False	canonical_or_unversioned_accession	CCBE1	1	Q6UXH8	Maron2021	False
Q6UXN9	Q6UXN9	Q6UXN9	False	canonical_or_unversioned_accession	WDR82	3	Q6UXN9	Maron2021	False
Q6UXT9	Q6UXT9	Q6UXT9	False	canonical_or_unversioned_accession	ABHD15	1	Q6UXT9	Maron2021	False
Q6UXX5	Q6UXX5	Q6UXX5	False	canonical_or_unversioned_accession	ITIH6	2	Q6UXX5	Maron2021	False
Q6V0I7	Q6V0I7	Q6V0I7	False	canonical_or_unversioned_accession	FAT4	1	Q6V0I7	Maron2021	False
Q6V1P9	Q6V1P9	Q6V1P9	False	canonical_or_unversioned_accession	DCHS2	1	Q6V1P9	Maron2021	False
Q6VEQ5	Q6VEQ5	Q6VEQ5	False	canonical_or_unversioned_accession	WASH2P	2	Q6VEQ5	Maron2021	False
Q6VMQ6	Q6VMQ6	Q6VMQ6	False	canonical_or_unversioned_accession	ATF7IP	3	Q6VMQ6	Maron2021;ProMetheusDB	False
Q6VN20	Q6VN20	Q6VN20	False	canonical_or_unversioned_accession	RANBP10	2	Q6VN20	Maron2021	False
Q6VY07	Q6VY07	Q6VY07	False	canonical_or_unversioned_accession	PACS1	1	Q6VY07	Maron2021	False
Q6W2J9	Q6W2J9	Q6W2J9	False	canonical_or_unversioned_accession	BCOR	9	Q6W2J9	Maron2021	False
Q6WKZ4	Q6WKZ4	Q6WKZ4	False	canonical_or_unversioned_accession	RAB11FIP1	1	Q6WKZ4	Maron2021	False
Q6XLA1	Q6XLA1	Q6XLA1	False	canonical_or_unversioned_accession	CASC2	1	Q6XLA1	Maron2021	False
Q6XPR3	Q6XPR3	Q6XPR3	False	canonical_or_unversioned_accession	RPTN	1	Q6XPR3	Maron2021	False
Q6XQN6	Q6XQN6	Q6XQN6	False	canonical_or_unversioned_accession	NAPRT	1	Q6XQN6	Maron2021	False
Q6XUX3	Q6XUX3	Q6XUX3	False	canonical_or_unversioned_accession	DSTYK	2	Q6XUX3	Maron2021	False
Q6XZF7	Q6XZF7	Q6XZF7	False	canonical_or_unversioned_accession	DNMBP	2	Q6XZF7	Maron2021	False
Q6Y7W6	Q6Y7W6	Q6Y7W6	False	canonical_or_unversioned_accession	GIGYF2	9	Q6Y7W6	Maron2021;ProMetheusDB	False
Q6YP21	Q6YP21	Q6YP21	False	canonical_or_unversioned_accession	CCBL2	1	Q6YP21	Maron2021	False
Q6ZMG9	Q6ZMG9	Q6ZMG9	False	canonical_or_unversioned_accession	CERS6	1	Q6ZMG9	Maron2021	False
Q6ZMR3	Q6ZMR3	Q6ZMR3	False	canonical_or_unversioned_accession	LDHAL6A	2	Q6ZMR3	Maron2021	False
Q6ZMT9	Q6ZMT9	Q6ZMT9	False	canonical_or_unversioned_accession	DTHD1	2	Q6ZMT9	Maron2021	False
Q6ZMV9	Q6ZMV9	Q6ZMV9	False	canonical_or_unversioned_accession	KIF6	1	Q6ZMV9	ProMetheusDB	False
Q6ZMY3	Q6ZMY3	Q6ZMY3	False	canonical_or_unversioned_accession	SPOCD1	3	Q6ZMY3	Maron2021	False
Q6ZN06	Q6ZN06	Q6ZN06	False	canonical_or_unversioned_accession	ZNF813	1	Q6ZN06	Maron2021	False
Q6ZN28	Q6ZN28	Q6ZN28	False	canonical_or_unversioned_accession	MACC1	1	Q6ZN28	Maron2021	False
Q6ZN55	Q6ZN55	Q6ZN55	False	canonical_or_unversioned_accession	ZNF574	1	Q6ZN55	Maron2021;human_ptm_master	False
Q6ZNA4	Q6ZNA4	Q6ZNA4	False	canonical_or_unversioned_accession	RNF111	2	Q6ZNA4	Maron2021	False
Q6ZNB6	Q6ZNB6	Q6ZNB6	False	canonical_or_unversioned_accession	NFXL1	2	Q6ZNB6	Maron2021	False
Q6ZP65	Q6ZP65	Q6ZP65	False	canonical_or_unversioned_accession	BICDL1	2	Q6ZP65	Maron2021	False
Q6ZRI6	Q6ZRI6	Q6ZRI6	False	canonical_or_unversioned_accession	C15orf39	3	Q6ZRI6	Maron2021;ProMetheusDB	False
Q6ZRP7	Q6ZRP7	Q6ZRP7	False	canonical_or_unversioned_accession	QSOX2	2	Q6ZRP7	Maron2021	False
Q6ZRQ5	Q6ZRQ5	Q6ZRQ5	False	canonical_or_unversioned_accession	MMS22L	2	Q6ZRQ5	Maron2021	False
Q6ZRS2	Q6ZRS2	Q6ZRS2	False	canonical_or_unversioned_accession	SRCAP	12	Q6ZRS2	Maron2021;human_ptm_master	False
Q6ZRV2	Q6ZRV2	Q6ZRV2	False	canonical_or_unversioned_accession	FAM83H	13	Q6ZRV2	Maron2021	False
Q6ZSJ9	Q6ZSJ9	Q6ZSJ9	False	canonical_or_unversioned_accession	SHISA6	1	Q6ZSJ9	Maron2021	False
Q6ZSY5	Q6ZSY5	Q6ZSY5	False	canonical_or_unversioned_accession	PPP1R3F	2	Q6ZSY5	Maron2021	False
Q6ZT62	Q6ZT62	Q6ZT62	False	canonical_or_unversioned_accession	SH3BP1	1	Q6ZT62	Maron2021	False
Q6ZTR5	Q6ZTR5	Q6ZTR5	False	canonical_or_unversioned_accession	CFAP47	2	Q6ZTR5	Maron2021	False
Q6ZTU2	Q6ZTU2	Q6ZTU2	False	canonical_or_unversioned_accession	EP400NL	4	Q6ZTU2	Maron2021	False
Q6ZU52	Q6ZU52	Q6ZU52	False	canonical_or_unversioned_accession	KIAA0408	1	Q6ZU52	Maron2021	False
Q6ZU65	Q6ZU65	Q6ZU65	False	canonical_or_unversioned_accession	UBN2	2	Q6ZU65	Maron2021	False
Q6ZU69	Q6ZU69	Q6ZU69	False	canonical_or_unversioned_accession	FAM205A	1	Q6ZU69	Maron2021	False
Q6ZU80	Q6ZU80	Q6ZU80	False	canonical_or_unversioned_accession	CEP128	1	Q6ZU80	Maron2021	False
Q6ZUK4	Q6ZUK4	Q6ZUK4	False	canonical_or_unversioned_accession	TMEM26	1	Q6ZUK4	Maron2021	False
Q6ZUM4	Q6ZUM4	Q6ZUM4	False	canonical_or_unversioned_accession	ARHGAP27	1	Q6ZUM4	Maron2021	False
Q6ZUT1	Q6ZUT1	Q6ZUT1	False	canonical_or_unversioned_accession	C11orf57	2	Q6ZUT1	Maron2021	False
Q6ZUT6	Q6ZUT6	Q6ZUT6	False	canonical_or_unversioned_accession	C15orf52	9	Q6ZUT6	Maron2021;ProMetheusDB	False
Q6ZUX3	Q6ZUX3	Q6ZUX3	False	canonical_or_unversioned_accession	TOGARAM2	1	Q6ZUX3	Maron2021	False
Q6ZW31	Q6ZW31	Q6ZW31	False	canonical_or_unversioned_accession	SYDE1	2	Q6ZW31	Maron2021	False
Q709C8	Q709C8	Q709C8	False	canonical_or_unversioned_accession	VPS13C	3	Q709C8	Maron2021;human_ptm_master	False
Q709F0	Q709F0	Q709F0	False	canonical_or_unversioned_accession	ACAD11	2	Q709F0	Maron2021	False
Q70CQ1	Q70CQ1	Q70CQ1	False	canonical_or_unversioned_accession	USP49	1	Q70CQ1	Maron2021	False
Q70CQ3	Q70CQ3	Q70CQ3	False	canonical_or_unversioned_accession	USP30	3	Q70CQ3	Maron2021	False
Q70EL1	Q70EL1	Q70EL1	False	canonical_or_unversioned_accession	USP54	4	Q70EL1	Maron2021;ProMetheusDB	False
Q70EL4	Q70EL4	Q70EL4	False	canonical_or_unversioned_accession	USP43	3	Q70EL4	Maron2021	False
Q70I54	Q70I54	Q70I54	False	canonical_or_unversioned_accession	NEBL	2	Q70I54	Maron2021	False
Q70J99	Q70J99	Q70J99	False	canonical_or_unversioned_accession	UNC13D	1	Q70J99	Maron2021	False
Q70Z53	Q70Z53	Q70Z53	False	canonical_or_unversioned_accession	FRA10AC1	1	Q70Z53	Maron2021	False
Q712K3	Q712K3	Q712K3	False	canonical_or_unversioned_accession	UBE2R2	1	Q712K3	Maron2021	False
Q71DI3	Q71DI3	Q71DI3	False	canonical_or_unversioned_accession	H3C15	10	Q71DI3	Maron2021;human_ptm_master	False
Q71F56	Q71F56	Q71F56	False	canonical_or_unversioned_accession	MED13L	1	Q71F56	Maron2021;ProMetheusDB	False
Q71H61	Q71H61	Q71H61	False	canonical_or_unversioned_accession	ILDR2	2	Q71H61	Maron2021	False
Q71RC2	Q71RC2	Q71RC2	False	canonical_or_unversioned_accession	LARP4	7	Q71RC2	Maron2021;ProMetheusDB;human_ptm_master	False
Q71UI9	Q71UI9	Q71UI9	False	canonical_or_unversioned_accession	H2AZ2	3	Q71UI9	Maron2021	False
Q71UM5	Q71UM5	Q71UM5	False	canonical_or_unversioned_accession	RPS27L	1	Q71UM5	Maron2021	False
Q75N03	Q75N03	Q75N03	False	canonical_or_unversioned_accession	CBLL1	8	Q75N03	Maron2021;ProMetheusDB	False
Q75N90	Q75N90	Q75N90	False	canonical_or_unversioned_accession	FBN3	1	Q75N90	Maron2021	False
Q75WM6	Q75WM6	Q75WM6	False	canonical_or_unversioned_accession	H1-7	1	Q75WM6	Maron2021	False
Q76L83	Q76L83	Q76L83	False	canonical_or_unversioned_accession	ASXL2	3	Q76L83	Maron2021	False
Q76N32	Q76N32	Q76N32	False	canonical_or_unversioned_accession	CEP68	1	Q76N32	Maron2021	False
Q76NI1	Q76NI1	Q76NI1	False	canonical_or_unversioned_accession	KNDC1	1	Q76NI1	human_ptm_master	False
Q7KYR7	Q7KYR7	Q7KYR7	False	canonical_or_unversioned_accession	BTN2A1	1	Q7KYR7	Maron2021	False
Q7KZ85	Q7KZ85	Q7KZ85	False	canonical_or_unversioned_accession	SUPT6H	5	Q7KZ85	Maron2021;ProMetheusDB	False
Q7KZF4	Q7KZF4	Q7KZF4	False	canonical_or_unversioned_accession	SND1	7	Q7KZF4	Maron2021	False
Q7KZI7	Q7KZI7	Q7KZI7	False	canonical_or_unversioned_accession	MARK2	4	Q7KZI7	Maron2021	False
Q7L014	Q7L014	Q7L014	False	canonical_or_unversioned_accession	DDX46	5	Q7L014	Maron2021;ProMetheusDB	False
Q7L0J3	Q7L0J3	Q7L0J3	False	canonical_or_unversioned_accession	SV2A	1	Q7L0J3	Maron2021	False
Q7L2E3	Q7L2E3	Q7L2E3	False	canonical_or_unversioned_accession	DHX30	3	Q7L2E3	Maron2021	False
Q7L2J0	Q7L2J0	Q7L2J0	False	canonical_or_unversioned_accession	MEPCE	7	Q7L2J0	Maron2021	False
Q7L2K0	Q7L2K0	Q7L2K0	False	canonical_or_unversioned_accession	C16orf59	1	Q7L2K0	Maron2021	False
Q7L3T8	Q7L3T8	Q7L3T8	False	canonical_or_unversioned_accession	PARS2	1	Q7L3T8	Maron2021	False
Q7L4I2	Q7L4I2	Q7L4I2	False	canonical_or_unversioned_accession	RSRC2	2	Q7L4I2	Maron2021	False
Q7L590	Q7L590	Q7L590	False	canonical_or_unversioned_accession	MCM10	1	Q7L590	Maron2021	False
Q7L591	Q7L591	Q7L591	False	canonical_or_unversioned_accession	DOK3	1	Q7L591	Maron2021	False
Q7L5N1	Q7L5N1	Q7L5N1	False	canonical_or_unversioned_accession	COPS6	2	Q7L5N1	Maron2021	False
Q7L7L0	Q7L7L0	Q7L7L0	False	canonical_or_unversioned_accession	HIST3H2A	5	Q7L7L0	Maron2021	False
Q7L7X3	Q7L7X3	Q7L7X3	False	canonical_or_unversioned_accession	TAOK1	1	Q7L7X3	Maron2021	False
Q7L8L6	Q7L8L6	Q7L8L6	False	canonical_or_unversioned_accession	FASTKD5	1	Q7L8L6	Maron2021	False
Q7L985	Q7L985	Q7L985	False	canonical_or_unversioned_accession	LINGO2	1	Q7L985	Maron2021	False
Q7L9B9	Q7L9B9	Q7L9B9	False	canonical_or_unversioned_accession	EEPD1	2	Q7L9B9	Maron2021	False
Q7LBC6	Q7LBC6	Q7LBC6	False	canonical_or_unversioned_accession	KDM3B	5	Q7LBC6	Maron2021	False
Q7LDG7	Q7LDG7	Q7LDG7	False	canonical_or_unversioned_accession	RASGRP2	2	Q7LDG7	Maron2021	False
Q7LG56	Q7LG56	Q7LG56	False	canonical_or_unversioned_accession	RRM2B	1	Q7LG56	Maron2021	False
Q7LGA3	Q7LGA3	Q7LGA3	False	canonical_or_unversioned_accession	HS2ST1	2	Q7LGA3	Maron2021	False
Q7LGC8	Q7LGC8	Q7LGC8	False	canonical_or_unversioned_accession	CHST3	1	Q7LGC8	Maron2021	False
Q7RTP6	Q7RTP6	Q7RTP6	False	canonical_or_unversioned_accession	MICAL3	3	Q7RTP6	Maron2021	False
Q7RTS7	Q7RTS7	Q7RTS7	False	canonical_or_unversioned_accession	KRT74	1	Q7RTS7	Maron2021	False
Q7RTT3	Q7RTT3	Q7RTT3	False	canonical_or_unversioned_accession	SSX9	1	Q7RTT3	Maron2021	False
Q7RTU0	Q7RTU0	Q7RTU0	False	canonical_or_unversioned_accession	TCF24	2	Q7RTU0	Maron2021	False
Q7RTV0	Q7RTV0	Q7RTV0	False	canonical_or_unversioned_accession	PHF5A	1	Q7RTV0	Maron2021	False
Q7Z2G1	Q7Z2G1	Q7Z2G1	False	canonical_or_unversioned_accession	H2BW1	1	Q7Z2G1	Maron2021	False
Q7Z2K6	Q7Z2K6	Q7Z2K6	False	canonical_or_unversioned_accession	ERMP1	1	Q7Z2K6	Maron2021	False
Q7Z2K8	Q7Z2K8	Q7Z2K8	False	canonical_or_unversioned_accession	GPRIN1	2	Q7Z2K8	Maron2021	False
Q7Z2Q5	Q7Z2Q5	Q7Z2Q5	False	canonical_or_unversioned_accession	CTBP1	2	Q7Z2Q5	Maron2021	False
Q7Z2W4	Q7Z2W4	Q7Z2W4	False	canonical_or_unversioned_accession	ZC3HAV1	1	Q7Z2W4	Maron2021;ProMetheusDB	False
Q7Z304	Q7Z304	Q7Z304	False	canonical_or_unversioned_accession	MAMDC2	1	Q7Z304	Maron2021	False
Q7Z309	Q7Z309	Q7Z309	False	canonical_or_unversioned_accession	PABIR2	1	Q7Z309	Maron2021;human_ptm_master	False
Q7Z333	Q7Z333	Q7Z333	False	canonical_or_unversioned_accession	SETX	3	Q7Z333	Maron2021	False
Q7Z3B0	Q7Z3B0	Q7Z3B0	False	canonical_or_unversioned_accession	SMIM15	1	Q7Z3B0	Maron2021	False
Q7Z3B4	Q7Z3B4	Q7Z3B4	False	canonical_or_unversioned_accession	NUP54	2	Q7Z3B4	Maron2021	False
Q7Z3C6	Q7Z3C6	Q7Z3C6	False	canonical_or_unversioned_accession	ATG9A	4	Q7Z3C6	Maron2021	False
Q7Z3E2	Q7Z3E2	Q7Z3E2	False	canonical_or_unversioned_accession	CCDC186	1	Q7Z3E2	Maron2021	False
Q7Z3J3	Q7Z3J3	Q7Z3J3	False	canonical_or_unversioned_accession	RGPD4	2	Q7Z3J3	Maron2021	False
Q7Z3K3	Q7Z3K3	Q7Z3K3	False	canonical_or_unversioned_accession	POGZ	3	Q7Z3K3	Maron2021;human_ptm_master	False
Q7Z3T8	Q7Z3T8	Q7Z3T8	False	canonical_or_unversioned_accession	ZFYVE16	1	Q7Z3T8	Maron2021	False
Q7Z401	Q7Z401	Q7Z401	False	canonical_or_unversioned_accession	DENND4A	1	Q7Z401	Maron2021	False
Q7Z403	Q7Z403	Q7Z403	False	canonical_or_unversioned_accession	TMC6	1	Q7Z403	Maron2021;human_ptm_master	False
Q7Z406	Q7Z406	Q7Z406	False	canonical_or_unversioned_accession	MYH14	6	Q7Z406	Maron2021	False
Q7Z410	Q7Z410	Q7Z410	False	canonical_or_unversioned_accession	TMPRSS9	3	Q7Z410	Maron2021	False
Q7Z417	Q7Z417	Q7Z417	False	canonical_or_unversioned_accession	NUFIP2	2	Q7Z417	Maron2021;human_ptm_master	False
Q7Z422	Q7Z422	Q7Z422	False	canonical_or_unversioned_accession	C1orf144	1	Q7Z422	Maron2021	False
Q7Z434	Q7Z434	Q7Z434	False	canonical_or_unversioned_accession	MAVS	3	Q7Z434	Maron2021	False
Q7Z442	Q7Z442	Q7Z442	False	canonical_or_unversioned_accession	PKD1L2	1	Q7Z442	Maron2021	False
Q7Z460	Q7Z460	Q7Z460	False	canonical_or_unversioned_accession	CLASP1	7	Q7Z460	Maron2021	False
Q7Z478	Q7Z478	Q7Z478	False	canonical_or_unversioned_accession	DHX29	3	Q7Z478	Maron2021	False
Q7Z494	Q7Z494	Q7Z494	False	canonical_or_unversioned_accession	NPHP3	1	Q7Z494	Maron2021	False
Q7Z4H7	Q7Z4H7	Q7Z4H7	False	canonical_or_unversioned_accession	HAUS6	2	Q7Z4H7	Maron2021	False
Q7Z4H9	Q7Z4H9	Q7Z4H9	False	canonical_or_unversioned_accession	FAM220A	2	Q7Z4H9	Maron2021	False
Q7Z4N2	Q7Z4N2	Q7Z4N2	False	canonical_or_unversioned_accession	TRPM1	1	Q7Z4N2	Maron2021	False
Q7Z4P5	Q7Z4P5	Q7Z4P5	False	canonical_or_unversioned_accession	GDF7	1	Q7Z4P5	Maron2021	False
Q7Z4V5	Q7Z4V5	Q7Z4V5	False	canonical_or_unversioned_accession	HDGFRP2	2	Q7Z4V5	Maron2021	False
Q7Z4W1	Q7Z4W1	Q7Z4W1	False	canonical_or_unversioned_accession	DCXR	2	Q7Z4W1	Maron2021;ProMetheusDB;human_ptm_master	False
Q7Z591	Q7Z591	Q7Z591	False	canonical_or_unversioned_accession	AKNA	2	Q7Z591	Maron2021	False
Q7Z5G4	Q7Z5G4	Q7Z5G4	False	canonical_or_unversioned_accession	GOLGA7	2	Q7Z5G4	Maron2021	False
Q7Z5J4	Q7Z5J4	Q7Z5J4	False	canonical_or_unversioned_accession	RAI1	2	Q7Z5J4	Maron2021	False
Q7Z5L9	Q7Z5L9	Q7Z5L9	False	canonical_or_unversioned_accession	IRF2BP2	5	Q7Z5L9	Maron2021	False
Q7Z5V6	Q7Z5V6	Q7Z5V6	False	canonical_or_unversioned_accession	PPP1R32	2	Q7Z5V6	Maron2021	False
Q7Z628	Q7Z628	Q7Z628	False	canonical_or_unversioned_accession	NET1	2	Q7Z628	Maron2021	False
Q7Z6B7	Q7Z6B7	Q7Z6B7	False	canonical_or_unversioned_accession	SRGAP1	1	Q7Z6B7	Maron2021	False
Q7Z6E9	Q7Z6E9	Q7Z6E9	False	canonical_or_unversioned_accession	RBBP6	10	Q7Z6E9	Maron2021	False
Q7Z6I8	Q7Z6I8	Q7Z6I8	False	canonical_or_unversioned_accession	C5orf24	1	Q7Z6I8	Maron2021	False
Q7Z6J6	Q7Z6J6	Q7Z6J6	False	canonical_or_unversioned_accession	FRMD5	1	Q7Z6J6	Maron2021	False
Q7Z6J9	Q7Z6J9	Q7Z6J9	False	canonical_or_unversioned_accession	TSEN54	1	Q7Z6J9	Maron2021;ProMetheusDB;human_ptm_master	False
Q7Z6K4	Q7Z6K4	Q7Z6K4	False	canonical_or_unversioned_accession	NRARP	1	Q7Z6K4	Maron2021	False
Q7Z6K5	Q7Z6K5	Q7Z6K5	False	canonical_or_unversioned_accession	ARPIN	1	Q7Z6K5	Maron2021	False
Q7Z6M1	Q7Z6M1	Q7Z6M1	False	canonical_or_unversioned_accession	RABEPK	1	Q7Z6M1	Maron2021	False
Q7Z6Z7	Q7Z6Z7	Q7Z6Z7	False	canonical_or_unversioned_accession	HUWE1	10	Q7Z6Z7	Maron2021;ProMetheusDB	False
Q7Z736	Q7Z736	Q7Z736	False	canonical_or_unversioned_accession	PLEKHH3	4	Q7Z736	Maron2021;human_ptm_master	False
Q7Z794	Q7Z794	Q7Z794	False	canonical_or_unversioned_accession	KRT77	3	Q7Z794	Maron2021	False
Q7Z7A1	Q7Z7A1	Q7Z7A1	False	canonical_or_unversioned_accession	CNTRL	1	Q7Z7A1	Maron2021	False
Q7Z7A3	Q7Z7A3	Q7Z7A3	False	canonical_or_unversioned_accession	CTU1	4	Q7Z7A3	Maron2021	False
Q7Z7E8	Q7Z7E8	Q7Z7E8	False	canonical_or_unversioned_accession	UBE2Q1	1	Q7Z7E8	Maron2021	False
Q7Z7F7	Q7Z7F7	Q7Z7F7	False	canonical_or_unversioned_accession	MRPL55	2	Q7Z7F7	Maron2021	False
Q7Z7J5	Q7Z7J5	Q7Z7J5	False	canonical_or_unversioned_accession	DPPA2	2	Q7Z7J5	Maron2021	False
Q7Z7M0	Q7Z7M0	Q7Z7M0	False	canonical_or_unversioned_accession	MEGF8	1	Q7Z7M0	Maron2021	False
Q86T24	Q86T24	Q86T24	False	canonical_or_unversioned_accession	ZBTB33	1	Q86T24	Maron2021	False
Q86T75	Q86T75	Q86T75	False	canonical_or_unversioned_accession	NBPF11	1	Q86T75	Maron2021	False
Q86T82	Q86T82	Q86T82	False	canonical_or_unversioned_accession	USP37	2	Q86T82	Maron2021	False
Q86TB9	Q86TB9	Q86TB9	False	canonical_or_unversioned_accession	PATL1	15	Q86TB9	Maron2021;ProMetheusDB;human_ptm_master	False
Q86TC9	Q86TC9	Q86TC9	False	canonical_or_unversioned_accession	MYPN	3	Q86TC9	Maron2021	False
Q86TG7	Q86TG7	Q86TG7	False	canonical_or_unversioned_accession	PEG10	2	Q86TG7	Maron2021	False
Q86TL2	Q86TL2	Q86TL2	False	canonical_or_unversioned_accession	TMEM110	1	Q86TL2	Maron2021	False
Q86TX2	Q86TX2	Q86TX2	False	canonical_or_unversioned_accession	ACOT1	1	Q86TX2	Maron2021	False
Q86U28	Q86U28	Q86U28	False	canonical_or_unversioned_accession	ISCA2	4	Q86U28	Maron2021	False
Q86U38	Q86U38	Q86U38	False	canonical_or_unversioned_accession	NOP9	2	Q86U38	Maron2021	False
Q86U42	Q86U42	Q86U42	False	canonical_or_unversioned_accession	PABPN1	22	Q86U42	Maron2021;ProMetheusDB;human_ptm_master	False
Q86U44	Q86U44	Q86U44	False	canonical_or_unversioned_accession	METTL3	1	Q86U44	Maron2021	False
Q86U70	Q86U70	Q86U70	False	canonical_or_unversioned_accession	LDB2	2	Q86U70	Maron2021	False
Q86U86	Q86U86	Q86U86	False	canonical_or_unversioned_accession	PBRM1	1	Q86U86	Maron2021	False
Q86U90	Q86U90	Q86U90	False	canonical_or_unversioned_accession	YRDC	2	Q86U90	Maron2021	False
Q86UA6	Q86UA6	Q86UA6	False	canonical_or_unversioned_accession	RPAIN	1	Q86UA6	Maron2021	False
Q86UD1	Q86UD1	Q86UD1	False	canonical_or_unversioned_accession	OAF	1	Q86UD1	Maron2021	False
Q86UE4	Q86UE4	Q86UE4	False	canonical_or_unversioned_accession	MTDH	1	Q86UE4	Maron2021	False
Q86UF2	Q86UF2	Q86UF2	False	canonical_or_unversioned_accession	CTAGE6	1	Q86UF2	Maron2021	False
Q86UK7	Q86UK7	Q86UK7	False	canonical_or_unversioned_accession	ZNF598	8	Q86UK7	Maron2021;ProMetheusDB	False
Q86UQ4	Q86UQ4	Q86UQ4	False	canonical_or_unversioned_accession	ABCA13	1	Q86UQ4	Maron2021	False
Q86US8	Q86US8	Q86US8	False	canonical_or_unversioned_accession	SMG6	6	Q86US8	Maron2021	False
Q86UT8	Q86UT8	Q86UT8	False	canonical_or_unversioned_accession	CCDC84	2	Q86UT8	Maron2021	False
Q86UU0	Q86UU0	Q86UU0	False	canonical_or_unversioned_accession	BCL9L	9	Q86UU0	Maron2021;ProMetheusDB	False
Q86UU1	Q86UU1	Q86UU1	False	canonical_or_unversioned_accession	PHLDB1	3	Q86UU1	Maron2021;ProMetheusDB	False
Q86UW9	Q86UW9	Q86UW9	False	canonical_or_unversioned_accession	DTX2	6	Q86UW9	Maron2021;human_ptm_master	False
Q86UX6	Q86UX6	Q86UX6	False	canonical_or_unversioned_accession	STK32C	1	Q86UX6	Maron2021	False
Q86UY5	Q86UY5	Q86UY5	False	canonical_or_unversioned_accession	FAM83A	1	Q86UY5	Maron2021;ProMetheusDB	False
Q86UY8	Q86UY8	Q86UY8	False	canonical_or_unversioned_accession	NT5DC3	1	Q86UY8	Maron2021	False
Q86V15	Q86V15	Q86V15	False	canonical_or_unversioned_accession	CASZ1	1	Q86V15	Maron2021	False
Q86V42	Q86V42	Q86V42	False	canonical_or_unversioned_accession	FAM124A	2	Q86V42	Maron2021	False
Q86V48	Q86V48	Q86V48	False	canonical_or_unversioned_accession	LUZP1	1	Q86V48	Maron2021	False
Q86V71	Q86V71	Q86V71	False	canonical_or_unversioned_accession	ZNF429	1	Q86V71	Maron2021	False
Q86V81	Q86V81	Q86V81	False	canonical_or_unversioned_accession	ALYREF	16	Q86V81	Maron2021;ProMetheusDB;human_ptm_master	False
Q86V85	Q86V85	Q86V85	False	canonical_or_unversioned_accession	GPR180	1	Q86V85	Maron2021	False
Q86V88	Q86V88	Q86V88	False	canonical_or_unversioned_accession	MDP1	1	Q86V88	Maron2021	False
Q86VD7	Q86VD7	Q86VD7	False	canonical_or_unversioned_accession	SLC25A42	1	Q86VD7	Maron2021	False
Q86VF2	Q86VF2	Q86VF2	False	canonical_or_unversioned_accession	IGFN1	1	Q86VF2	Maron2021	False
Q86VF7	Q86VF7	Q86VF7	False	canonical_or_unversioned_accession	NRAP	2	Q86VF7	Maron2021	False
Q86VH2	Q86VH2	Q86VH2	False	canonical_or_unversioned_accession	KIF27	1	Q86VH2	Maron2021	False
Q86VI3	Q86VI3	Q86VI3	False	canonical_or_unversioned_accession	IQGAP3	1	Q86VI3	Maron2021	False
Q86VL8	Q86VL8	Q86VL8	False	canonical_or_unversioned_accession	SLC47A2	1	Q86VL8	Maron2021	False
Q86VM9	Q86VM9	Q86VM9	False	canonical_or_unversioned_accession	ZC3H18	1	Q86VM9	Maron2021	False
Q86VP6	Q86VP6	Q86VP6	False	canonical_or_unversioned_accession	CAND1	1	Q86VP6	Maron2021	False
Q86VQ0	Q86VQ0	Q86VQ0	False	canonical_or_unversioned_accession	LCA5	1	Q86VQ0	Maron2021	False
Q86VQ1	Q86VQ1	Q86VQ1	False	canonical_or_unversioned_accession	GLCCI1	3	Q86VQ1	Maron2021	False
Q86VR2	Q86VR2	Q86VR2	False	canonical_or_unversioned_accession	RETREG3	1	Q86VR2	ProMetheusDB	False
Q86VS8	Q86VS8	Q86VS8	False	canonical_or_unversioned_accession	HOOK3	3	Q86VS8	Maron2021	False
Q86W24	Q86W24	Q86W24	False	canonical_or_unversioned_accession	NLRP14	2	Q86W24	Maron2021	False
Q86W56	Q86W56	Q86W56	False	canonical_or_unversioned_accession	PARG	2	Q86W56	Maron2021	False
Q86W92	Q86W92	Q86W92	False	canonical_or_unversioned_accession	PPFIBP1	1	Q86W92	Maron2021	False
Q86WA6	Q86WA6	Q86WA6	False	canonical_or_unversioned_accession	BPHL	1	Q86WA6	Maron2021	False
Q86WA8	Q86WA8	Q86WA8	False	canonical_or_unversioned_accession	LONP2	1	Q86WA8	Maron2021	False
Q86WB0	Q86WB0	Q86WB0	False	canonical_or_unversioned_accession	ZC3HC1	1	Q86WB0	Maron2021	False
Q86WJ1	Q86WJ1	Q86WJ1	False	canonical_or_unversioned_accession	CHD1L	2	Q86WJ1	Maron2021;ProMetheusDB;human_ptm_master	False
Q86WP2	Q86WP2	Q86WP2	False	canonical_or_unversioned_accession	GPBP1	2	Q86WP2	Maron2021;human_ptm_master	False
Q86WQ0	Q86WQ0	Q86WQ0	False	canonical_or_unversioned_accession	NR2C2AP	1	Q86WQ0	Maron2021	False
Q86WR7	Q86WR7	Q86WR7	False	canonical_or_unversioned_accession	PROSER2	18	Q86WR7	Maron2021;ProMetheusDB;human_ptm_master	False
Q86WX3	Q86WX3	Q86WX3	False	canonical_or_unversioned_accession	RPS19BP1	2	Q86WX3	Maron2021	False
Q86WZ6	Q86WZ6	Q86WZ6	False	canonical_or_unversioned_accession	ZNF227	1	Q86WZ6	Maron2021	False
Q86X19	Q86X19	Q86X19	False	canonical_or_unversioned_accession	TMEM17	2	Q86X19	Maron2021	False
Q86X51	Q86X51	Q86X51	False	canonical_or_unversioned_accession	EZHIP	7	Q86X51	Maron2021;ProMetheusDB	False
Q86X55	Q86X55	Q86X55	False	canonical_or_unversioned_accession	CARM1	2	Q86X55	Maron2021	False
Q86X83	Q86X83	Q86X83	False	canonical_or_unversioned_accession	COMMD2	1	Q86X83	Maron2021	False
Q86XD8	Q86XD8	Q86XD8	False	canonical_or_unversioned_accession	ZFAND4	1	Q86XD8	Maron2021	False
Q86XF0	Q86XF0	Q86XF0	False	canonical_or_unversioned_accession	DHFRL1	1	Q86XF0	Maron2021	False
Q86XI8	Q86XI8	Q86XI8	False	canonical_or_unversioned_accession	C19orf68	1	Q86XI8	Maron2021	False
Q86XL3	Q86XL3	Q86XL3	False	canonical_or_unversioned_accession	ANKLE2	2	Q86XL3	Maron2021	False
Q86XN7	Q86XN7	Q86XN7	False	canonical_or_unversioned_accession	PROSER1	1	Q86XN7	Maron2021	False
Q86XN8	Q86XN8	Q86XN8	False	canonical_or_unversioned_accession	MEX3D	2	Q86XN8	Maron2021	False
Q86XP3	Q86XP3	Q86XP3	False	canonical_or_unversioned_accession	DDX42	5	Q86XP3	Maron2021;ProMetheusDB;human_ptm_master	False
Q86XS5	Q86XS5	Q86XS5	False	canonical_or_unversioned_accession	ANGPTL5	1	Q86XS5	Maron2021	False
Q86XZ4	Q86XZ4	Q86XZ4	False	canonical_or_unversioned_accession	SPATS2	2	Q86XZ4	Maron2021	False
Q86Y13	Q86Y13	Q86Y13	False	canonical_or_unversioned_accession	DZIP3	1	Q86Y13	Maron2021	False
Q86Y22	Q86Y22	Q86Y22	False	canonical_or_unversioned_accession	COL23A1	1	Q86Y22	Maron2021	False
Q86Y37	Q86Y37	Q86Y37	False	canonical_or_unversioned_accession	CACUL1	2	Q86Y37	Maron2021;ProMetheusDB	False
Q86Y38	Q86Y38	Q86Y38	False	canonical_or_unversioned_accession	XYLT1	1	Q86Y38	Maron2021	False
Q86Y46	Q86Y46	Q86Y46	False	canonical_or_unversioned_accession	KRT73	1	Q86Y46	Maron2021	False
Q86Y91	Q86Y91	Q86Y91	False	canonical_or_unversioned_accession	KIF18B	2	Q86Y91	Maron2021	False
Q86YP4	Q86YP4	Q86YP4	False	canonical_or_unversioned_accession	GATAD2A	11	Q86YP4	Maron2021;ProMetheusDB;human_ptm_master	False
Q86YR5	Q86YR5	Q86YR5	False	canonical_or_unversioned_accession	GPSM1	4	Q86YR5	Maron2021	False
Q86YV9	Q86YV9	Q86YV9	False	canonical_or_unversioned_accession	HPS6	1	Q86YV9	Maron2021	False
Q86YZ3	Q86YZ3	Q86YZ3	False	canonical_or_unversioned_accession	HRNR	3	Q86YZ3	Maron2021	False
Q86Z02	Q86Z02	Q86Z02	False	canonical_or_unversioned_accession	HIPK1	1	Q86Z02	Maron2021	False
Q8IU60	Q8IU60	Q8IU60	False	canonical_or_unversioned_accession	DCP2	1	Q8IU60	Maron2021	False
Q8IU81	Q8IU81	Q8IU81	False	canonical_or_unversioned_accession	IRF2BP1	7	Q8IU81	Maron2021;human_ptm_master	False
Q8IUC8	Q8IUC8	Q8IUC8	False	canonical_or_unversioned_accession	GALNT13	1	Q8IUC8	Maron2021	False
Q8IUD2	Q8IUD2	Q8IUD2	False	canonical_or_unversioned_accession	ERC1	5	Q8IUD2	Maron2021	False
Q8IUE6	Q8IUE6	Q8IUE6	False	canonical_or_unversioned_accession	HIST2H2AB	3	Q8IUE6	Maron2021	False
Q8IUF8	Q8IUF8	Q8IUF8	False	canonical_or_unversioned_accession	MINA	1	Q8IUF8	Maron2021	False
Q8IUG5	Q8IUG5	Q8IUG5	False	canonical_or_unversioned_accession	MYO18B	2	Q8IUG5	Maron2021	False
Q8IUH5	Q8IUH5	Q8IUH5	False	canonical_or_unversioned_accession	ZDHHC17	1	Q8IUH5	Maron2021	False
Q8IUI8	Q8IUI8	Q8IUI8	False	canonical_or_unversioned_accession	CRLF3	1	Q8IUI8	Maron2021	False
Q8IUQ0	Q8IUQ0	Q8IUQ0	False	canonical_or_unversioned_accession	CLVS1	2	Q8IUQ0	Maron2021	False
Q8IUR7	Q8IUR7	Q8IUR7	False	canonical_or_unversioned_accession	ARMC8	1	Q8IUR7	Maron2021	False
Q8IUX4	Q8IUX4	Q8IUX4	False	canonical_or_unversioned_accession	APOBEC3F	1	Q8IUX4	Maron2021	False
Q8IV08	Q8IV08	Q8IV08	False	canonical_or_unversioned_accession	PLD3	1	Q8IV08	Maron2021	False
Q8IV53	Q8IV53	Q8IV53	False	canonical_or_unversioned_accession	DENND1C	1	Q8IV53	Maron2021	False
Q8IV63	Q8IV63	Q8IV63	False	canonical_or_unversioned_accession	VRK3	1	Q8IV63	Maron2021	False
Q8IVB5	Q8IVB5	Q8IVB5	False	canonical_or_unversioned_accession	LIX1L	4	Q8IVB5	Maron2021	False
Q8IVD9	Q8IVD9	Q8IVD9	False	canonical_or_unversioned_accession	NUDCD3	3	Q8IVD9	Maron2021	False
Q8IVF2	Q8IVF2	Q8IVF2	False	canonical_or_unversioned_accession	AHNAK2	4	Q8IVF2	Maron2021	False
Q8IVF4	Q8IVF4	Q8IVF4	False	canonical_or_unversioned_accession	DNAH10	1	Q8IVF4	Maron2021	False
Q8IVL0	Q8IVL0	Q8IVL0	False	canonical_or_unversioned_accession	NAV3	2	Q8IVL0	Maron2021	False
Q8IVL1	Q8IVL1	Q8IVL1	False	canonical_or_unversioned_accession	NAV2	1	Q8IVL1	Maron2021	False
Q8IVS2	Q8IVS2	Q8IVS2	False	canonical_or_unversioned_accession	MCAT	3	Q8IVS2	Maron2021	False
Q8IVS8	Q8IVS8	Q8IVS8	False	canonical_or_unversioned_accession	GLYCTK	1	Q8IVS8	Maron2021	False
Q8IVT2	Q8IVT2	Q8IVT2	False	canonical_or_unversioned_accession	C19orf21	3	Q8IVT2	Maron2021;ProMetheusDB	False
Q8IVV7	Q8IVV7	Q8IVV7	False	canonical_or_unversioned_accession	C17orf39	2	Q8IVV7	Maron2021	False
Q8IVW6	Q8IVW6	Q8IVW6	False	canonical_or_unversioned_accession	ARID3B	4	Q8IVW6	Maron2021;human_ptm_master	False
Q8IW35	Q8IW35	Q8IW35	False	canonical_or_unversioned_accession	CEP97	2	Q8IW35	Maron2021	False
Q8IWA4	Q8IWA4	Q8IWA4	False	canonical_or_unversioned_accession	MFN1	1	Q8IWA4	Maron2021	False
Q8IWB7	Q8IWB7	Q8IWB7	False	canonical_or_unversioned_accession	WDFY1	1	Q8IWB7	Maron2021	False
Q8IWC1	Q8IWC1	Q8IWC1	False	canonical_or_unversioned_accession	MAP7D3	1	Q8IWC1	Maron2021	False
Q8IWD4	Q8IWD4	Q8IWD4	False	canonical_or_unversioned_accession	CCDC117	3	Q8IWD4	Maron2021	False
Q8IWF6	Q8IWF6	Q8IWF6	False	canonical_or_unversioned_accession	FAM116A	3	Q8IWF6	Maron2021	False
Q8IWI9	Q8IWI9	Q8IWI9	False	canonical_or_unversioned_accession	MGA	5	Q8IWI9	Maron2021;human_ptm_master	False
Q8IWJ2	Q8IWJ2	Q8IWJ2	False	canonical_or_unversioned_accession	GCC2	2	Q8IWJ2	Maron2021	False
Q8IWN7	Q8IWN7	Q8IWN7	False	canonical_or_unversioned_accession	RP1L1	1	Q8IWN7	Maron2021	False
Q8IWQ3	Q8IWQ3	Q8IWQ3	False	canonical_or_unversioned_accession	BRSK2	3	Q8IWQ3	Maron2021	False
Q8IWR0	Q8IWR0	Q8IWR0	False	canonical_or_unversioned_accession	ZC3H7A	1	Q8IWR0	Maron2021	False
Q8IWS0	Q8IWS0	Q8IWS0	False	canonical_or_unversioned_accession	PHF6	2	Q8IWS0	Maron2021	False
Q8IWU4	Q8IWU4	Q8IWU4	False	canonical_or_unversioned_accession	SLC30A8	1	Q8IWU4	Maron2021	False
Q8IWV1	Q8IWV1	Q8IWV1	False	canonical_or_unversioned_accession	LAX1	1	Q8IWV1	Maron2021	False
Q8IWX8	Q8IWX8	Q8IWX8	False	canonical_or_unversioned_accession	CHERP	14	Q8IWX8	Maron2021;ProMetheusDB	False
Q8IWY9	Q8IWY9	Q8IWY9	False	canonical_or_unversioned_accession	CDAN1	2	Q8IWY9	Maron2021	False
Q8IWZ2	Q8IWZ2	Q8IWZ2	False	canonical_or_unversioned_accession	ANKHD1	7	Q8IWZ2	Maron2021	False
Q8IWZ3	Q8IWZ3	Q8IWZ3	False	canonical_or_unversioned_accession	ANKHD1	6	Q8IWZ3	Maron2021	False
Q8IWZ6	Q8IWZ6	Q8IWZ6	False	canonical_or_unversioned_accession	BBS7	1	Q8IWZ6	Maron2021	False
Q8IWZ8	Q8IWZ8	Q8IWZ8	False	canonical_or_unversioned_accession	SUGP1	4	Q8IWZ8	Maron2021	False
Q8IX01	Q8IX01	Q8IX01	False	canonical_or_unversioned_accession	SUGP2	4	Q8IX01	Maron2021	False
Q8IX03	Q8IX03	Q8IX03	False	canonical_or_unversioned_accession	WWC1	1	Q8IX03	Maron2021	False
Q8IX12	Q8IX12	Q8IX12	False	canonical_or_unversioned_accession	CCAR1	3	Q8IX12	Maron2021	False
Q8IX18	Q8IX18	Q8IX18	False	canonical_or_unversioned_accession	DHX40	2	Q8IX18	Maron2021	False
Q8IXB1	Q8IXB1	Q8IXB1	False	canonical_or_unversioned_accession	DNAJC10	1	Q8IXB1	Maron2021	False
Q8IXH7	Q8IXH7	Q8IXH7	False	canonical_or_unversioned_accession	TH1L	1	Q8IXH7	Maron2021	False
Q8IXJ6	Q8IXJ6	Q8IXJ6	False	canonical_or_unversioned_accession	SIRT2	1	Q8IXJ6	Maron2021	False
Q8IXJ9	Q8IXJ9	Q8IXJ9	False	canonical_or_unversioned_accession	ASXL1	1	Q8IXJ9	Maron2021	False
Q8IXL7	Q8IXL7	Q8IXL7	False	canonical_or_unversioned_accession	MSRB3	1	Q8IXL7	Maron2021	False
Q8IXQ4	Q8IXQ4	Q8IXQ4	False	canonical_or_unversioned_accession	KIAA1704	6	Q8IXQ4	Maron2021	False
Q8IXQ5	Q8IXQ5	Q8IXQ5	False	canonical_or_unversioned_accession	KLHL7	2	Q8IXQ5	Maron2021	False
Q8IXQ8	Q8IXQ8	Q8IXQ8	False	canonical_or_unversioned_accession	PDZD9	1	Q8IXQ8	Maron2021	False
Q8IXS8	Q8IXS8	Q8IXS8	False	canonical_or_unversioned_accession	FAM126B	4	Q8IXS8	Maron2021	False
Q8IXT5	Q8IXT5	Q8IXT5	False	canonical_or_unversioned_accession	RBM12B	15	Q8IXT5	Maron2021;ProMetheusDB	False
Q8IXZ2	Q8IXZ2	Q8IXZ2	False	canonical_or_unversioned_accession	ZC3H3	2	Q8IXZ2	Maron2021	False
Q8IY18	Q8IY18	Q8IY18	False	canonical_or_unversioned_accession	SMC5	2	Q8IY18	Maron2021	False
Q8IY26	Q8IY26	Q8IY26	False	canonical_or_unversioned_accession	PPAPDC2	1	Q8IY26	Maron2021	False
Q8IY33	Q8IY33	Q8IY33	False	canonical_or_unversioned_accession	MICALL2	1	Q8IY33	Maron2021	False
Q8IY67	Q8IY67	Q8IY67	False	canonical_or_unversioned_accession	RAVER1	5	Q8IY67	Maron2021	False
Q8IY81	Q8IY81	Q8IY81	False	canonical_or_unversioned_accession	FTSJ3	1	Q8IY81	Maron2021	False
Q8IY92	Q8IY92	Q8IY92	False	canonical_or_unversioned_accession	SLX4	2	Q8IY92	Maron2021	False
Q8IYB7	Q8IYB7	Q8IYB7	False	canonical_or_unversioned_accession	DIS3L2	2	Q8IYB7	Maron2021	False
Q8IYD1	Q8IYD1	Q8IYD1	False	canonical_or_unversioned_accession	GSPT2	2	Q8IYD1	Maron2021	False
Q8IYJ2	Q8IYJ2	Q8IYJ2	False	canonical_or_unversioned_accession	C10orf67	1	Q8IYJ2	Maron2021	False
Q8IYN2	Q8IYN2	Q8IYN2	False	canonical_or_unversioned_accession	TCEAL8	1	Q8IYN2	Maron2021	False
Q8IYQ7	Q8IYQ7	Q8IYQ7	False	canonical_or_unversioned_accession	THNSL1	1	Q8IYQ7	Maron2021	False
Q8IYS4	Q8IYS4	Q8IYS4	False	canonical_or_unversioned_accession	DNAAF8	1	Q8IYS4	human_ptm_master	False
Q8IYS8	Q8IYS8	Q8IYS8	False	canonical_or_unversioned_accession	BOD1L2	1	Q8IYS8	Maron2021	False
Q8IYT1	Q8IYT1	Q8IYT1	False	canonical_or_unversioned_accession	FAM71A	2	Q8IYT1	Maron2021	False
Q8IYX3	Q8IYX3	Q8IYX3	False	canonical_or_unversioned_accession	CCDC116	1	Q8IYX3	Maron2021	False
Q8IZ07	Q8IZ07	Q8IZ07	False	canonical_or_unversioned_accession	ANKRD13A	1	Q8IZ07	Maron2021	False
Q8IZ40	Q8IZ40	Q8IZ40	False	canonical_or_unversioned_accession	RCOR2	5	Q8IZ40	Maron2021	False
Q8IZ41	Q8IZ41	Q8IZ41	False	canonical_or_unversioned_accession	RASEF	1	Q8IZ41	Maron2021	False
Q8IZ83	Q8IZ83	Q8IZ83	False	canonical_or_unversioned_accession	ALDH16A1	7	Q8IZ83	Maron2021	False
Q8IZA0	Q8IZA0	Q8IZA0	False	canonical_or_unversioned_accession	KIAA0319L	1	Q8IZA0	Maron2021	False
Q8IZA3	Q8IZA3	Q8IZA3	False	canonical_or_unversioned_accession	H1-8	1	Q8IZA3	Maron2021	False
Q8IZC6	Q8IZC6	Q8IZC6	False	canonical_or_unversioned_accession	COL27A1	2	Q8IZC6	Maron2021	False
Q8IZD2	Q8IZD2	Q8IZD2	False	canonical_or_unversioned_accession	MLL5	1	Q8IZD2	Maron2021	False
Q8IZD9	Q8IZD9	Q8IZD9	False	canonical_or_unversioned_accession	DOCK3	1	Q8IZD9	Maron2021	False
Q8IZE3	Q8IZE3	Q8IZE3	False	canonical_or_unversioned_accession	SCYL3	1	Q8IZE3	ProMetheusDB	False
Q8IZH2	Q8IZH2	Q8IZH2	False	canonical_or_unversioned_accession	XRN1	3	Q8IZH2	Maron2021	False
Q8IZL2	Q8IZL2	Q8IZL2	False	canonical_or_unversioned_accession	MAML2	1	Q8IZL2	Maron2021	False
Q8IZL8	Q8IZL8	Q8IZL8	False	canonical_or_unversioned_accession	PELP1	4	Q8IZL8	Maron2021	False
Q8IZQ1	Q8IZQ1	Q8IZQ1	False	canonical_or_unversioned_accession	WDFY3	1	Q8IZQ1	Maron2021	False
Q8IZQ8	Q8IZQ8	Q8IZQ8	False	canonical_or_unversioned_accession	MYOCD	1	Q8IZQ8	Maron2021	False
Q8IZS5	Q8IZS5	Q8IZS5	False	canonical_or_unversioned_accession	OFCC1	1	Q8IZS5	human_ptm_master	False
Q8IZT6	Q8IZT6	Q8IZT6	False	canonical_or_unversioned_accession	ASPM	6	Q8IZT6	Maron2021;ProMetheusDB	False
Q8IZU9	Q8IZU9	Q8IZU9	False	canonical_or_unversioned_accession	KIRREL3	2	Q8IZU9	Maron2021	False
Q8IZW8	Q8IZW8	Q8IZW8	False	canonical_or_unversioned_accession	TNS4	1	Q8IZW8	Maron2021	False
Q8N0X7	Q8N0X7	Q8N0X7	False	canonical_or_unversioned_accession	SPG20	1	Q8N0X7	Maron2021	False
Q8N0Y7	Q8N0Y7	Q8N0Y7	False	canonical_or_unversioned_accession	PGAM4	1	Q8N0Y7	Maron2021	False
Q8N0Z3	Q8N0Z3	Q8N0Z3	False	canonical_or_unversioned_accession	SPICE1	3	Q8N0Z3	Maron2021	False
Q8N114	Q8N114	Q8N114	False	canonical_or_unversioned_accession	SHISA5	1	Q8N114	Maron2021	False
Q8N122	Q8N122	Q8N122	False	canonical_or_unversioned_accession	RPTOR	3	Q8N122	Maron2021	False
Q8N137	Q8N137	Q8N137	False	canonical_or_unversioned_accession	CNTROB	1	Q8N137	Maron2021	False
Q8N163	Q8N163	Q8N163	False	canonical_or_unversioned_accession	CCAR2	7	Q8N163	Maron2021;human_ptm_master	False
Q8N196	Q8N196	Q8N196	False	canonical_or_unversioned_accession	SIX5	2	Q8N196	Maron2021	False
Q8N1F7	Q8N1F7	Q8N1F7	False	canonical_or_unversioned_accession	NUP93	3	Q8N1F7	Maron2021	False
Q8N1G0	Q8N1G0	Q8N1G0	False	canonical_or_unversioned_accession	ZNF687	3	Q8N1G0	Maron2021	False
Q8N1G1	Q8N1G1	Q8N1G1	False	canonical_or_unversioned_accession	REXO1	3	Q8N1G1	Maron2021;ProMetheusDB;human_ptm_master	False
Q8N1G2	Q8N1G2	Q8N1G2	False	canonical_or_unversioned_accession	FTSJD2	4	Q8N1G2	Maron2021	False
Q8N1G4	Q8N1G4	Q8N1G4	False	canonical_or_unversioned_accession	LRRC47	2	Q8N1G4	Maron2021	False
Q8N1N4	Q8N1N4	Q8N1N4	False	canonical_or_unversioned_accession	KRT78	1	Q8N1N4	Maron2021	False
Q8N1W1	Q8N1W1	Q8N1W1	False	canonical_or_unversioned_accession	ARHGEF28	2	Q8N1W1	Maron2021	False
Q8N201	Q8N201	Q8N201	False	canonical_or_unversioned_accession	INTS1	1	Q8N201	Maron2021	False
Q8N239	Q8N239	Q8N239	False	canonical_or_unversioned_accession	KLHL34	1	Q8N239	Maron2021	False
Q8N257	Q8N257	Q8N257	False	canonical_or_unversioned_accession	HIST3H2BB	2	Q8N257	Maron2021	False
Q8N2M8	Q8N2M8	Q8N2M8	False	canonical_or_unversioned_accession	CLASRP	4	Q8N2M8	Maron2021	False
Q8N2Y8	Q8N2Y8	Q8N2Y8	False	canonical_or_unversioned_accession	RUSC2	2	Q8N2Y8	Maron2021	False
Q8N3C0	Q8N3C0	Q8N3C0	False	canonical_or_unversioned_accession	ASCC3	1	Q8N3C0	Maron2021	False
Q8N3D4	Q8N3D4	Q8N3D4	False	canonical_or_unversioned_accession	EHBP1L1	1	Q8N3D4	Maron2021	False
Q8N3F8	Q8N3F8	Q8N3F8	False	canonical_or_unversioned_accession	MICALL1	2	Q8N3F8	Maron2021	False
Q8N3J3	Q8N3J3	Q8N3J3	False	canonical_or_unversioned_accession	HROB	6	Q8N3J3	Maron2021;human_ptm_master	False
Q8N3U4	Q8N3U4	Q8N3U4	False	canonical_or_unversioned_accession	STAG2	2	Q8N3U4	Maron2021;ProMetheusDB	False
Q8N3Z6	Q8N3Z6	Q8N3Z6	False	canonical_or_unversioned_accession	ZCCHC7	2	Q8N3Z6	Maron2021	False
Q8N414	Q8N414	Q8N414	False	canonical_or_unversioned_accession	PGBD5	1	Q8N414	Maron2021	False
Q8N442	Q8N442	Q8N442	False	canonical_or_unversioned_accession	GUF1	1	Q8N442	Maron2021	False
Q8N448	Q8N448	Q8N448	False	canonical_or_unversioned_accession	LNX2	1	Q8N448	Maron2021	False
Q8N4C8	Q8N4C8	Q8N4C8	False	canonical_or_unversioned_accession	MINK1	3	Q8N4C8	Maron2021;human_ptm_master	False
Q8N4N3	Q8N4N3	Q8N4N3	False	canonical_or_unversioned_accession	KLHL36	1	Q8N4N3	Maron2021	False
Q8N4Q0	Q8N4Q0	Q8N4Q0	False	canonical_or_unversioned_accession	ZADH2	1	Q8N4Q0	Maron2021	False
Q8N4V1	Q8N4V1	Q8N4V1	False	canonical_or_unversioned_accession	MMGT1	1	Q8N4V1	Maron2021	False
Q8N543	Q8N543	Q8N543	False	canonical_or_unversioned_accession	OGFOD1	2	Q8N543	Maron2021	False
Q8N573	Q8N573	Q8N573	False	canonical_or_unversioned_accession	OXR1	1	Q8N573	Maron2021	False
Q8N5A5	Q8N5A5	Q8N5A5	False	canonical_or_unversioned_accession	ZGPAT	3	Q8N5A5	Maron2021;ProMetheusDB	False
Q8N5C6	Q8N5C6	Q8N5C6	False	canonical_or_unversioned_accession	SRBD1	1	Q8N5C6	Maron2021	False
Q8N5C8	Q8N5C8	Q8N5C8	False	canonical_or_unversioned_accession	TAB3	3	Q8N5C8	Maron2021	False
Q8N5F7	Q8N5F7	Q8N5F7	False	canonical_or_unversioned_accession	NKAP	1	Q8N5F7	Maron2021	False
Q8N5I4	Q8N5I4	Q8N5I4	False	canonical_or_unversioned_accession	DHRSX	1	Q8N5I4	Maron2021	False
Q8N5I9	Q8N5I9	Q8N5I9	False	canonical_or_unversioned_accession	C12orf45	1	Q8N5I9	Maron2021	False
Q8N5J2	Q8N5J2	Q8N5J2	False	canonical_or_unversioned_accession	FAM63A	3	Q8N5J2	Maron2021	False
Q8N5M4	Q8N5M4	Q8N5M4	False	canonical_or_unversioned_accession	TTC9C	1	Q8N5M4	Maron2021	False
Q8N5S9	Q8N5S9	Q8N5S9	False	canonical_or_unversioned_accession	CAMKK1	3	Q8N5S9	Maron2021	False
Q8N5V2	Q8N5V2	Q8N5V2	False	canonical_or_unversioned_accession	NGEF	1	Q8N5V2	Maron2021	False
Q8N5X7	Q8N5X7	Q8N5X7	False	canonical_or_unversioned_accession	EIF4E3	1	Q8N5X7	Maron2021	False
Q8N612	Q8N612	Q8N612	False	canonical_or_unversioned_accession	FAM160A2	2	Q8N612	Maron2021	False
Q8N653	Q8N653	Q8N653	False	canonical_or_unversioned_accession	LZTR1	1	Q8N653	Maron2021	False
Q8N684	Q8N684	Q8N684	False	canonical_or_unversioned_accession	CPSF7	2	Q8N684	Maron2021	False
Q8N6H7	Q8N6H7	Q8N6H7	False	canonical_or_unversioned_accession	ARFGAP2	1	Q8N6H7	Maron2021	False
Q8N6I1	Q8N6I1	Q8N6I1	False	canonical_or_unversioned_accession	EID2	3	Q8N6I1	Maron2021;human_ptm_master	False
Q8N6N6	Q8N6N6	Q8N6N6	False	canonical_or_unversioned_accession	GTLF3B	2	Q8N6N6	Maron2021	False
Q8N6N7	Q8N6N7	Q8N6N7	False	canonical_or_unversioned_accession	ACBD7	1	Q8N6N7	Maron2021	False
Q8N6R1	Q8N6R1	Q8N6R1	False	canonical_or_unversioned_accession	SERP2	1	Q8N6R1	Maron2021	False
Q8N6W0	Q8N6W0	Q8N6W0	False	canonical_or_unversioned_accession	CELF5	2	Q8N6W0	Maron2021	False
Q8N715	Q8N715	Q8N715	False	canonical_or_unversioned_accession	CCDC185	1	Q8N715	Maron2021	False
Q8N726	Q8N726	Q8N726	False	canonical_or_unversioned_accession	CDKN2A	4	Q8N726	Maron2021;ProMetheusDB	False
Q8N7F7	Q8N7F7	Q8N7F7	False	canonical_or_unversioned_accession	UBL4B	1	Q8N7F7	human_ptm_master	False
Q8N7H1	Q8N7H1	Q8N7H1	False	canonical_or_unversioned_accession	LINC01465	1	Q8N7H1	Maron2021;ProMetheusDB	False
Q8N7J2	Q8N7J2	Q8N7J2	False	canonical_or_unversioned_accession	AMER2	1	Q8N7J2	Maron2021	False
Q8N7L0	Q8N7L0	Q8N7L0	False	canonical_or_unversioned_accession	FAM216B	1	Q8N7L0	Maron2021	False
Q8N7X1	Q8N7X1	Q8N7X1	False	canonical_or_unversioned_accession	RBMXL3	3	Q8N7X1	Maron2021	False
Q8N8A6	Q8N8A6	Q8N8A6	False	canonical_or_unversioned_accession	DDX51	3	Q8N8A6	Maron2021;ProMetheusDB	False
Q8N8D1	Q8N8D1	Q8N8D1	False	canonical_or_unversioned_accession	PDCD7	2	Q8N8D1	Maron2021	False
Q8N8E1	Q8N8E1	Q8N8E1	False	canonical_or_unversioned_accession	MAPKAPK5-AS1	1	Q8N8E1	Maron2021	False
Q8N8F8	Q8N8F8	Q8N8F8	False	canonical_or_unversioned_accession	MLF1	2	Q8N8F8	Maron2021	False
Q8N8J7	Q8N8J7	Q8N8J7	False	canonical_or_unversioned_accession	C4orf32	1	Q8N8J7	Maron2021	False
Q8N8M0	Q8N8M0	Q8N8M0	False	canonical_or_unversioned_accession	NAT16	1	Q8N8M0	Maron2021	False
Q8N8Q3	Q8N8Q3	Q8N8Q3	False	canonical_or_unversioned_accession	ENDOV	2	Q8N8Q3	Maron2021	False
Q8N8Q8	Q8N8Q8	Q8N8Q8	False	canonical_or_unversioned_accession	COX18	1	Q8N8Q8	Maron2021	False
Q8N8S7	Q8N8S7	Q8N8S7	False	canonical_or_unversioned_accession	ENAH	1	Q8N8S7	Maron2021	False
Q8N8Z3	Q8N8Z3	Q8N8Z3	False	canonical_or_unversioned_accession	PRR26	2	Q8N8Z3	Maron2021	False
Q8N954	Q8N954	Q8N954	False	canonical_or_unversioned_accession	GPATCH11	1	Q8N954	Maron2021	False
Q8N983	Q8N983	Q8N983	False	canonical_or_unversioned_accession	MRPL43	2	Q8N983	Maron2021	False
Q8N9A8	Q8N9A8	Q8N9A8	False	canonical_or_unversioned_accession	CNEP1R1	1	Q8N9A8	Maron2021	False
Q8N9B5	Q8N9B5	Q8N9B5	False	canonical_or_unversioned_accession	JMY	5	Q8N9B5	Maron2021	False
Q8N9E0	Q8N9E0	Q8N9E0	False	canonical_or_unversioned_accession	FAM133A	1	Q8N9E0	Maron2021	False
Q8N9N2	Q8N9N2	Q8N9N2	False	canonical_or_unversioned_accession	ASCC1	1	Q8N9N2	Maron2021	False
Q8N9N5	Q8N9N5	Q8N9N5	False	canonical_or_unversioned_accession	BANP	1	Q8N9N5	Maron2021	False
Q8N9P6	Q8N9P6	Q8N9P6	False	canonical_or_unversioned_accession	C9orf163	1	Q8N9P6	Maron2021	False
Q8N9W4	Q8N9W4	Q8N9W4	False	canonical_or_unversioned_accession	GOLGA6L2	1	Q8N9W4	Maron2021	False
Q8N9W5	Q8N9W5	Q8N9W5	False	canonical_or_unversioned_accession	DNAAF3	1	Q8N9W5	Maron2021	False
Q8NA75	Q8NA75	Q8NA75	False	canonical_or_unversioned_accession	DCAF4L2	1	Q8NA75	Maron2021	False
Q8NAF0	Q8NAF0	Q8NAF0	False	canonical_or_unversioned_accession	ZNF579	6	Q8NAF0	Maron2021;ProMetheusDB;human_ptm_master	False
Q8NAV1	Q8NAV1	Q8NAV1	False	canonical_or_unversioned_accession	PRPF38A	1	Q8NAV1	ProMetheusDB	False
Q8NB14	Q8NB14	Q8NB14	False	canonical_or_unversioned_accession	USP38	1	Q8NB14	Maron2021	False
Q8NB15	Q8NB15	Q8NB15	False	canonical_or_unversioned_accession	ZNF511	1	Q8NB15	Maron2021;human_ptm_master	False
Q8NB25	Q8NB25	Q8NB25	False	canonical_or_unversioned_accession	FAM184A	1	Q8NB25	Maron2021	False
Q8NBE8	Q8NBE8	Q8NBE8	False	canonical_or_unversioned_accession	KLHL23	1	Q8NBE8	Maron2021	False
Q8NBF2	Q8NBF2	Q8NBF2	False	canonical_or_unversioned_accession	NHLRC2	3	Q8NBF2	Maron2021	False
Q8NBF6	Q8NBF6	Q8NBF6	False	canonical_or_unversioned_accession	AVL9	2	Q8NBF6	Maron2021;human_ptm_master	False
Q8NBJ4	Q8NBJ4	Q8NBJ4	False	canonical_or_unversioned_accession	GOLM1	1	Q8NBJ4	Maron2021	False
Q8NBJ5	Q8NBJ5	Q8NBJ5	False	canonical_or_unversioned_accession	GLT25D1	1	Q8NBJ5	Maron2021	False
Q8NBJ7	Q8NBJ7	Q8NBJ7	False	canonical_or_unversioned_accession	SUMF2	4	Q8NBJ7	Maron2021	False
Q8NBN7	Q8NBN7	Q8NBN7	False	canonical_or_unversioned_accession	RDH13	1	Q8NBN7	Maron2021	False
Q8NBR6	Q8NBR6	Q8NBR6	False	canonical_or_unversioned_accession	FAM63B	1	Q8NBR6	Maron2021	False
Q8NBS9	Q8NBS9	Q8NBS9	False	canonical_or_unversioned_accession	TXNDC5	1	Q8NBS9	Maron2021	False
Q8NBT0	Q8NBT0	Q8NBT0	False	canonical_or_unversioned_accession	POC1A	1	Q8NBT0	Maron2021	False
Q8NBU5	Q8NBU5	Q8NBU5	False	canonical_or_unversioned_accession	ATAD1	1	Q8NBU5	Maron2021	False
Q8NC51	Q8NC51	Q8NC51	False	canonical_or_unversioned_accession	SERBP1	24	Q8NC51	Maron2021;ProMetheusDB;human_ptm_master	False
Q8NC56	Q8NC56	Q8NC56	False	canonical_or_unversioned_accession	LEMD2	6	Q8NC56	Maron2021	False
Q8NC74	Q8NC74	Q8NC74	False	canonical_or_unversioned_accession	RBBP8NL	1	Q8NC74	Maron2021	False
Q8NC96	Q8NC96	Q8NC96	False	canonical_or_unversioned_accession	NECAP1	2	Q8NC96	Maron2021;ProMetheusDB;human_ptm_master	False
Q8NCA5	Q8NCA5	Q8NCA5	False	canonical_or_unversioned_accession	FAM98A	12	Q8NCA5	Maron2021	False
Q8NCE2	Q8NCE2	Q8NCE2	False	canonical_or_unversioned_accession	MTMR14	1	Q8NCE2	Maron2021;human_ptm_master	False
Q8NCM8	Q8NCM8	Q8NCM8	False	canonical_or_unversioned_accession	DYNC2H1	3	Q8NCM8	Maron2021	False
Q8NCN2	Q8NCN2	Q8NCN2	False	canonical_or_unversioned_accession	ZBTB34	2	Q8NCN2	Maron2021	False
Q8NCN4	Q8NCN4	Q8NCN4	False	canonical_or_unversioned_accession	RNF169	2	Q8NCN4	Maron2021	False
Q8NCN5	Q8NCN5	Q8NCN5	False	canonical_or_unversioned_accession	PDPR	4	Q8NCN5	Maron2021	False
Q8NCR6	Q8NCR6	Q8NCR6	False	canonical_or_unversioned_accession	SMRP1	2	Q8NCR6	Maron2021	False
Q8NCR9	Q8NCR9	Q8NCR9	False	canonical_or_unversioned_accession	CLRN3	1	Q8NCR9	Maron2021	False
Q8NCU4	Q8NCU4	Q8NCU4	False	canonical_or_unversioned_accession	CCDC191	1	Q8NCU4	Maron2021	False
Q8NCW5	Q8NCW5	Q8NCW5	False	canonical_or_unversioned_accession	APOA1BP	1	Q8NCW5	Maron2021	False
Q8ND04	Q8ND04	Q8ND04	False	canonical_or_unversioned_accession	SMG8	4	Q8ND04	Maron2021;human_ptm_master	False
Q8ND07	Q8ND07	Q8ND07	False	canonical_or_unversioned_accession	CCDC176	1	Q8ND07	Maron2021	False
Q8ND24	Q8ND24	Q8ND24	False	canonical_or_unversioned_accession	RNF214	4	Q8ND24	Maron2021	False
Q8ND56	Q8ND56	Q8ND56	False	canonical_or_unversioned_accession	LSM14A	12	Q8ND56	Maron2021	False
Q8ND82	Q8ND82	Q8ND82	False	canonical_or_unversioned_accession	ZNF280C	1	Q8ND82	Maron2021	False
Q8ND83	Q8ND83	Q8ND83	False	canonical_or_unversioned_accession	SLAIN1	6	Q8ND83	Maron2021;ProMetheusDB	False
Q8NDA8	Q8NDA8	Q8NDA8	False	canonical_or_unversioned_accession	MROH1	1	Q8NDA8	Maron2021	False
Q8NDT2	Q8NDT2	Q8NDT2	False	canonical_or_unversioned_accession	RBM15B	5	Q8NDT2	Maron2021	False
Q8NDV7	Q8NDV7	Q8NDV7	False	canonical_or_unversioned_accession	TNRC6A	2	Q8NDV7	Maron2021	False
Q8NDX1	Q8NDX1	Q8NDX1	False	canonical_or_unversioned_accession	PSD4	1	Q8NDX1	Maron2021	False
Q8NDX5	Q8NDX5	Q8NDX5	False	canonical_or_unversioned_accession	PHC3	2	Q8NDX5	Maron2021	False
Q8NDY3	Q8NDY3	Q8NDY3	False	canonical_or_unversioned_accession	ADPRHL1	1	Q8NDY3	Maron2021	False
Q8NDY8	Q8NDY8	Q8NDY8	False	canonical_or_unversioned_accession	TMEM52	1	Q8NDY8	Maron2021	False
Q8NE01	Q8NE01	Q8NE01	False	canonical_or_unversioned_accession	CNNM3	1	Q8NE01	Maron2021	False
Q8NE35	Q8NE35	Q8NE35	False	canonical_or_unversioned_accession	CPEB3	1	Q8NE35	Maron2021	False
Q8NE62	Q8NE62	Q8NE62	False	canonical_or_unversioned_accession	CHDH	1	Q8NE62	Maron2021	False
Q8NEL9	Q8NEL9	Q8NEL9	False	canonical_or_unversioned_accession	DDHD1	2	Q8NEL9	Maron2021	False
Q8NET4	Q8NET4	Q8NET4	False	canonical_or_unversioned_accession	RTL9	1	Q8NET4	Maron2021	False
Q8NEU8	Q8NEU8	Q8NEU8	False	canonical_or_unversioned_accession	APPL2	1	Q8NEU8	Maron2021	False
Q8NEV1	Q8NEV1	Q8NEV1	False	canonical_or_unversioned_accession	CSNK2A3	1	Q8NEV1	Maron2021	False
Q8NEV9	Q8NEV9	Q8NEV9	False	canonical_or_unversioned_accession	IL27	1	Q8NEV9	Maron2021	False
Q8NEY1	Q8NEY1	Q8NEY1	False	canonical_or_unversioned_accession	NAV1	3	Q8NEY1	Maron2021	False
Q8NEY8	Q8NEY8	Q8NEY8	False	canonical_or_unversioned_accession	PPHLN1	2	Q8NEY8	Maron2021	False
Q8NEZ4	Q8NEZ4	Q8NEZ4	False	canonical_or_unversioned_accession	KMT2C	20	Q8NEZ4	Maron2021;ProMetheusDB;human_ptm_master	False
Q8NF37	Q8NF37	Q8NF37	False	canonical_or_unversioned_accession	LPCAT1	3	Q8NF37	Maron2021	False
Q8NF64	Q8NF64	Q8NF64	False	canonical_or_unversioned_accession	ZMIZ2	4	Q8NF64	Maron2021;ProMetheusDB;human_ptm_master	False
Q8NFA0	Q8NFA0	Q8NFA0	False	canonical_or_unversioned_accession	USP32	1	Q8NFA0	Maron2021	False
Q8NFC6	Q8NFC6	Q8NFC6	False	canonical_or_unversioned_accession	BOD1L1	2	Q8NFC6	Maron2021	False
Q8NFD2	Q8NFD2	Q8NFD2	False	canonical_or_unversioned_accession	ANKK1	1	Q8NFD2	Maron2021	False
Q8NFD5	Q8NFD5	Q8NFD5	False	canonical_or_unversioned_accession	ARID1B	9	Q8NFD5	Maron2021;human_ptm_master	False
Q8NFG4	Q8NFG4	Q8NFG4	False	canonical_or_unversioned_accession	FLCN	1	Q8NFG4	Maron2021	False
Q8NFH4	Q8NFH4	Q8NFH4	False	canonical_or_unversioned_accession	NUP37	1	Q8NFH4	Maron2021	False
Q8NFI3	Q8NFI3	Q8NFI3	False	canonical_or_unversioned_accession	ENGASE	2	Q8NFI3	Maron2021	False
Q8NFP9	Q8NFP9	Q8NFP9	False	canonical_or_unversioned_accession	NBEA	2	Q8NFP9	Maron2021	False
Q8NFQ8	Q8NFQ8	Q8NFQ8	False	canonical_or_unversioned_accession	TOR1AIP2	1	Q8NFQ8	Maron2021	False
Q8NFV4	Q8NFV4	Q8NFV4	False	canonical_or_unversioned_accession	ABHD11	1	Q8NFV4	Maron2021	False
Q8NFW1	Q8NFW1	Q8NFW1	False	canonical_or_unversioned_accession	COL22A1	2	Q8NFW1	Maron2021	False
Q8NFW8	Q8NFW8	Q8NFW8	False	canonical_or_unversioned_accession	CMAS	6	Q8NFW8	Maron2021	False
Q8NG48	Q8NG48	Q8NG48	False	canonical_or_unversioned_accession	LINS1	1	Q8NG48	Maron2021	False
Q8NG75	Q8NG75	Q8NG75	False	canonical_or_unversioned_accession	OR5T1	1	Q8NG75	Maron2021	False
Q8NGG2	Q8NGG2	Q8NGG2	False	canonical_or_unversioned_accession	OR5T2	1	Q8NGG2	Maron2021	False
Q8NGG3	Q8NGG3	Q8NGG3	False	canonical_or_unversioned_accession	OR5T3	1	Q8NGG3	Maron2021	False
Q8NGK0	Q8NGK0	Q8NGK0	False	canonical_or_unversioned_accession	OR51G2	1	Q8NGK0	Maron2021	False
Q8NGZ6	Q8NGZ6	Q8NGZ6	False	canonical_or_unversioned_accession	OR6F1	1	Q8NGZ6	Maron2021	False
Q8NHH9	Q8NHH9	Q8NHH9	False	canonical_or_unversioned_accession	ATL2	1	Q8NHH9	Maron2021	False
Q8NHM5	Q8NHM5	Q8NHM5	False	canonical_or_unversioned_accession	KDM2B	1	Q8NHM5	Maron2021	False
Q8NHP1	Q8NHP1	Q8NHP1	False	canonical_or_unversioned_accession	AKR7L	1	Q8NHP1	Maron2021	False
Q8NHP8	Q8NHP8	Q8NHP8	False	canonical_or_unversioned_accession	PLBD2	1	Q8NHP8	Maron2021	False
Q8NHQ9	Q8NHQ9	Q8NHQ9	False	canonical_or_unversioned_accession	DDX55	1	Q8NHQ9	Maron2021	False
Q8NHV5	Q8NHV5	Q8NHV5	False	canonical_or_unversioned_accession	MOSMO	1	Q8NHV5	Maron2021	False
Q8NHY3	Q8NHY3	Q8NHY3	False	canonical_or_unversioned_accession	GAS2L2	2	Q8NHY3	Maron2021	False
Q8NHY6	Q8NHY6	Q8NHY6	False	canonical_or_unversioned_accession	ZFP28	1	Q8NHY6	Maron2021	False
Q8NI27	Q8NI27	Q8NI27	False	canonical_or_unversioned_accession	THOC2	1	Q8NI27	Maron2021	False
Q8NI28	Q8NI28	Q8NI28	False	canonical_or_unversioned_accession	C7orf13	1	Q8NI28	Maron2021	False
Q8NI35	Q8NI35	Q8NI35	False	canonical_or_unversioned_accession	INADL	2	Q8NI35	Maron2021	False
Q8NI36	Q8NI36	Q8NI36	False	canonical_or_unversioned_accession	WDR36	1	Q8NI36	Maron2021;ProMetheusDB	False
Q8TAE6	Q8TAE6	Q8TAE6	False	canonical_or_unversioned_accession	PPP1R14C	2	Q8TAE6	Maron2021	False
Q8TAE8	Q8TAE8	Q8TAE8	False	canonical_or_unversioned_accession	GADD45GIP1	5	Q8TAE8	Maron2021	False
Q8TAG9	Q8TAG9	Q8TAG9	False	canonical_or_unversioned_accession	EXOC6	1	Q8TAG9	Maron2021	False
Q8TAP9	Q8TAP9	Q8TAP9	False	canonical_or_unversioned_accession	MPLKIP	12	Q8TAP9	Maron2021;ProMetheusDB;human_ptm_master	False
Q8TAQ2	Q8TAQ2	Q8TAQ2	False	canonical_or_unversioned_accession	SMARCC2	4	Q8TAQ2	Maron2021	False
Q8TAT6	Q8TAT6	Q8TAT6	False	canonical_or_unversioned_accession	NPLOC4	1	Q8TAT6	Maron2021	False
Q8TAU3	Q8TAU3	Q8TAU3	False	canonical_or_unversioned_accession	ZNF417	1	Q8TAU3	human_ptm_master	False
Q8TAZ6	Q8TAZ6	Q8TAZ6	False	canonical_or_unversioned_accession	CMTM2	2	Q8TAZ6	Maron2021	False
Q8TB24	Q8TB24	Q8TB24	False	canonical_or_unversioned_accession	RIN3	2	Q8TB24	Maron2021	False
Q8TB72	Q8TB72	Q8TB72	False	canonical_or_unversioned_accession	PUM2	6	Q8TB72	Maron2021	False
Q8TBC3	Q8TBC3	Q8TBC3	False	canonical_or_unversioned_accession	SHKBP1	2	Q8TBC3	Maron2021	False
Q8TBC4	Q8TBC4	Q8TBC4	False	canonical_or_unversioned_accession	UBA3	2	Q8TBC4	Maron2021	False
Q8TBC5	Q8TBC5	Q8TBC5	False	canonical_or_unversioned_accession	ZSCAN18	1	Q8TBC5	Maron2021	False
Q8TBQ9	Q8TBQ9	Q8TBQ9	False	canonical_or_unversioned_accession	TMEM167A	1	Q8TBQ9	Maron2021	False
Q8TBY8	Q8TBY8	Q8TBY8	False	canonical_or_unversioned_accession	PMFBP1	1	Q8TBY8	Maron2021	False
Q8TC07	Q8TC07	Q8TC07	False	canonical_or_unversioned_accession	TBC1D15	1	Q8TC07	Maron2021	False
Q8TC26	Q8TC26	Q8TC26	False	canonical_or_unversioned_accession	TMEM163	1	Q8TC26	Maron2021	False
Q8TC27	Q8TC27	Q8TC27	False	canonical_or_unversioned_accession	ADAM32	1	Q8TC27	Maron2021	False
Q8TC59	Q8TC59	Q8TC59	False	canonical_or_unversioned_accession	PIWIL2	3	Q8TC59	Maron2021	False
Q8TC84	Q8TC84	Q8TC84	False	canonical_or_unversioned_accession	FANK1	1	Q8TC84	Maron2021	False
Q8TCC3	Q8TCC3	Q8TCC3	False	canonical_or_unversioned_accession	MRPL30	1	Q8TCC3	Maron2021	False
Q8TCG1	Q8TCG1	Q8TCG1	False	canonical_or_unversioned_accession	KIAA1524	2	Q8TCG1	Maron2021	False
Q8TCG2	Q8TCG2	Q8TCG2	False	canonical_or_unversioned_accession	PI4K2B	1	Q8TCG2	Maron2021	False
Q8TCI5	Q8TCI5	Q8TCI5	False	canonical_or_unversioned_accession	PIFO	1	Q8TCI5	Maron2021	False
Q8TCS8	Q8TCS8	Q8TCS8	False	canonical_or_unversioned_accession	PNPT1	3	Q8TCS8	Maron2021	False
Q8TCU4	Q8TCU4	Q8TCU4	False	canonical_or_unversioned_accession	ALMS1	3	Q8TCU4	Maron2021	False
Q8TCU5	Q8TCU5	Q8TCU5	False	canonical_or_unversioned_accession	GRIN3A	1	Q8TCU5	Maron2021	False
Q8TCU6	Q8TCU6	Q8TCU6	False	canonical_or_unversioned_accession	PREX1	1	Q8TCU6	Maron2021	False
Q8TCX5	Q8TCX5	Q8TCX5	False	canonical_or_unversioned_accession	RHPN1	2	Q8TCX5	Maron2021	False
Q8TD08	Q8TD08	Q8TD08	False	canonical_or_unversioned_accession	MAPK15	1	Q8TD08	Maron2021;human_ptm_master	False
Q8TD16	Q8TD16	Q8TD16	False	canonical_or_unversioned_accession	BICD2	1	Q8TD16	Maron2021	False
Q8TD19	Q8TD19	Q8TD19	False	canonical_or_unversioned_accession	NEK9	3	Q8TD19	Maron2021	False
Q8TD26	Q8TD26	Q8TD26	False	canonical_or_unversioned_accession	CHD6	1	Q8TD26	Maron2021	False
Q8TD30	Q8TD30	Q8TD30	False	canonical_or_unversioned_accession	GPT2	1	Q8TD30	Maron2021	False
Q8TD47	Q8TD47	Q8TD47	False	canonical_or_unversioned_accession	RPS4Y2	2	Q8TD47	Maron2021	False
Q8TD55	Q8TD55	Q8TD55	False	canonical_or_unversioned_accession	PLEKHO2	1	Q8TD55	Maron2021	False
Q8TD57	Q8TD57	Q8TD57	False	canonical_or_unversioned_accession	DNAH3	2	Q8TD57	Maron2021	False
Q8TDC3	Q8TDC3	Q8TDC3	False	canonical_or_unversioned_accession	BRSK1	7	Q8TDC3	Maron2021	False
Q8TDD1	Q8TDD1	Q8TDD1	False	canonical_or_unversioned_accession	DDX54	5	Q8TDD1	Maron2021;ProMetheusDB	False
Q8TDI0	Q8TDI0	Q8TDI0	False	canonical_or_unversioned_accession	CHD5	4	Q8TDI0	Maron2021	False
Q8TDI8	Q8TDI8	Q8TDI8	False	canonical_or_unversioned_accession	TMC1	1	Q8TDI8	Maron2021	False
Q8TDJ6	Q8TDJ6	Q8TDJ6	False	canonical_or_unversioned_accession	DMXL2	1	Q8TDJ6	Maron2021	False
Q8TDN4	Q8TDN4	Q8TDN4	False	canonical_or_unversioned_accession	CABLES1	2	Q8TDN4	Maron2021	False
Q8TDN6	Q8TDN6	Q8TDN6	False	canonical_or_unversioned_accession	BRIX1	2	Q8TDN6	Maron2021;ProMetheusDB	False
Q8TDP1	Q8TDP1	Q8TDP1	False	canonical_or_unversioned_accession	RNASEH2C	3	Q8TDP1	Maron2021	False
Q8TDY2	Q8TDY2	Q8TDY2	False	canonical_or_unversioned_accession	RB1CC1	3	Q8TDY2	Maron2021	False
Q8TE49	Q8TE49	Q8TE49	False	canonical_or_unversioned_accession	OTUD7A	3	Q8TE49	Maron2021	False
Q8TE56	Q8TE56	Q8TE56	False	canonical_or_unversioned_accession	ADAMTS17	1	Q8TE56	Maron2021	False
Q8TE68	Q8TE68	Q8TE68	False	canonical_or_unversioned_accession	EPS8L1	2	Q8TE68	Maron2021	False
Q8TE73	Q8TE73	Q8TE73	False	canonical_or_unversioned_accession	DNAH5	1	Q8TE73	Maron2021	False
Q8TE82	Q8TE82	Q8TE82	False	canonical_or_unversioned_accession	SH3TC1	1	Q8TE82	Maron2021	False
Q8TEA7	Q8TEA7	Q8TEA7	False	canonical_or_unversioned_accession	TBCK	1	Q8TEA7	Maron2021	False
Q8TEA8	Q8TEA8	Q8TEA8	False	canonical_or_unversioned_accession	DTD1	2	Q8TEA8	Maron2021	False
Q8TEB7	Q8TEB7	Q8TEB7	False	canonical_or_unversioned_accession	RNF128	1	Q8TEB7	Maron2021	False
Q8TEB9	Q8TEB9	Q8TEB9	False	canonical_or_unversioned_accession	RHBDD1	2	Q8TEB9	Maron2021	False
Q8TEC5	Q8TEC5	Q8TEC5	False	canonical_or_unversioned_accession	SH3RF2	1	Q8TEC5	Maron2021	False
Q8TED0	Q8TED0	Q8TED0	False	canonical_or_unversioned_accession	UTP15	2	Q8TED0	Maron2021	False
Q8TEL6	Q8TEL6	Q8TEL6	False	canonical_or_unversioned_accession	TRPC4AP	2	Q8TEL6	Maron2021	False
Q8TEM1	Q8TEM1	Q8TEM1	False	canonical_or_unversioned_accession	NUP210	5	Q8TEM1	Maron2021	False
Q8TEQ6	Q8TEQ6	Q8TEQ6	False	canonical_or_unversioned_accession	GEMIN5	4	Q8TEQ6	Maron2021	False
Q8TER5	Q8TER5	Q8TER5	False	canonical_or_unversioned_accession	ARHGEF40	7	Q8TER5	Maron2021	False
Q8TES7	Q8TES7	Q8TES7	False	canonical_or_unversioned_accession	FBF1	2	Q8TES7	Maron2021	False
Q8TEW0	Q8TEW0	Q8TEW0	False	canonical_or_unversioned_accession	PARD3	4	Q8TEW0	Maron2021	False
Q8TEW8	Q8TEW8	Q8TEW8	False	canonical_or_unversioned_accession	PARD3B	3	Q8TEW8	Maron2021	False
Q8TEX9	Q8TEX9	Q8TEX9	False	canonical_or_unversioned_accession	IPO4	2	Q8TEX9	Maron2021	False
Q8TF17	Q8TF17	Q8TF17	False	canonical_or_unversioned_accession	SH3TC2	2	Q8TF17	Maron2021	False
Q8TF30	Q8TF30	Q8TF30	False	canonical_or_unversioned_accession	WHAMM	1	Q8TF30	Maron2021	False
Q8TF44	Q8TF44	Q8TF44	False	canonical_or_unversioned_accession	C2CD4C	1	Q8TF44	Maron2021	False
Q8TF61	Q8TF61	Q8TF61	False	canonical_or_unversioned_accession	FBXO41	3	Q8TF61	Maron2021	False
Q8TF68	Q8TF68	Q8TF68	False	canonical_or_unversioned_accession	ZNF384	1	Q8TF68	Maron2021	False
Q8TF72	Q8TF72	Q8TF72	False	canonical_or_unversioned_accession	SHROOM3	1	Q8TF72	Maron2021	False
Q8TF74	Q8TF74	Q8TF74	False	canonical_or_unversioned_accession	WIPF2	7	Q8TF74	Maron2021;ProMetheusDB	False
Q8WTQ1	Q8WTQ1	Q8WTQ1	False	canonical_or_unversioned_accession	DEFB104A	2	Q8WTQ1	Maron2021	False
Q8WTQ4	Q8WTQ4	Q8WTQ4	False	canonical_or_unversioned_accession	C16orf78	3	Q8WTQ4	Maron2021	False
Q8WTS6	Q8WTS6	Q8WTS6	False	canonical_or_unversioned_accession	SETD7	1	Q8WTS6	Maron2021	False
Q8WTV1	Q8WTV1	Q8WTV1	False	canonical_or_unversioned_accession	THAP3	1	Q8WTV1	Maron2021	False
Q8WTW3	Q8WTW3	Q8WTW3	False	canonical_or_unversioned_accession	COG1	1	Q8WTW3	Maron2021	False
Q8WUA2	Q8WUA2	Q8WUA2	False	canonical_or_unversioned_accession	PPIL4	7	Q8WUA2	Maron2021	False
Q8WUA4	Q8WUA4	Q8WUA4	False	canonical_or_unversioned_accession	GTF3C2	3	Q8WUA4	Maron2021;ProMetheusDB	False
Q8WUF5	Q8WUF5	Q8WUF5	False	canonical_or_unversioned_accession	PPP1R13L	24	Q8WUF5	Maron2021;ProMetheusDB;human_ptm_master	False
Q8WUI4	Q8WUI4	Q8WUI4	False	canonical_or_unversioned_accession	HDAC7	1	Q8WUI4	Maron2021	False
Q8WUM0	Q8WUM0	Q8WUM0	False	canonical_or_unversioned_accession	NUP133	6	Q8WUM0	Maron2021;ProMetheusDB;human_ptm_master	False
Q8WUM4	Q8WUM4	Q8WUM4	False	canonical_or_unversioned_accession	PDCD6IP	7	Q8WUM4	Maron2021;ProMetheusDB;human_ptm_master	False
Q8WUP2	Q8WUP2	Q8WUP2	False	canonical_or_unversioned_accession	FBLIM1	2	Q8WUP2	Maron2021	False
Q8WUT4	Q8WUT4	Q8WUT4	False	canonical_or_unversioned_accession	LRRN4	1	Q8WUT4	Maron2021	False
Q8WUW1	Q8WUW1	Q8WUW1	False	canonical_or_unversioned_accession	BRK1	1	Q8WUW1	Maron2021	False
Q8WUX9	Q8WUX9	Q8WUX9	False	canonical_or_unversioned_accession	CHMP7	1	Q8WUX9	Maron2021	False
Q8WUZ0	Q8WUZ0	Q8WUZ0	False	canonical_or_unversioned_accession	BCL7C	1	Q8WUZ0	Maron2021	False
Q8WVB6	Q8WVB6	Q8WVB6	False	canonical_or_unversioned_accession	CHTF18	1	Q8WVB6	Maron2021	False
Q8WVC0	Q8WVC0	Q8WVC0	False	canonical_or_unversioned_accession	LEO1	2	Q8WVC0	Maron2021	False
Q8WVC6	Q8WVC6	Q8WVC6	False	canonical_or_unversioned_accession	DCAKD	2	Q8WVC6	Maron2021	False
Q8WVD3	Q8WVD3	Q8WVD3	False	canonical_or_unversioned_accession	RNF138	1	Q8WVD3	Maron2021	False
Q8WVM7	Q8WVM7	Q8WVM7	False	canonical_or_unversioned_accession	STAG1	1	Q8WVM7	Maron2021	False
Q8WVM8	Q8WVM8	Q8WVM8	False	canonical_or_unversioned_accession	SCFD1	1	Q8WVM8	Maron2021	False
Q8WVV9	Q8WVV9	Q8WVV9	False	canonical_or_unversioned_accession	HNRPLL	1	Q8WVV9	Maron2021	False
Q8WVX3	Q8WVX3	Q8WVX3	False	canonical_or_unversioned_accession	C4orf3	1	Q8WVX3	Maron2021	False
Q8WW12	Q8WW12	Q8WW12	False	canonical_or_unversioned_accession	PCNP	1	Q8WW12	Maron2021	False
Q8WWH5	Q8WWH5	Q8WWH5	False	canonical_or_unversioned_accession	TRUB1	1	Q8WWH5	Maron2021	False
Q8WWI1	Q8WWI1	Q8WWI1	False	canonical_or_unversioned_accession	LMO7	6	Q8WWI1	Maron2021;ProMetheusDB	False
Q8WWM7	Q8WWM7	Q8WWM7	False	canonical_or_unversioned_accession	ATXN2L	16	Q8WWM7	Maron2021;ProMetheusDB;human_ptm_master	False
Q8WWN8	Q8WWN8	Q8WWN8	False	canonical_or_unversioned_accession	ARAP3	1	Q8WWN8	Maron2021	False
Q8WWQ0	Q8WWQ0	Q8WWQ0	False	canonical_or_unversioned_accession	PHIP	4	Q8WWQ0	Maron2021;ProMetheusDB	False
Q8WWR8	Q8WWR8	Q8WWR8	False	canonical_or_unversioned_accession	NEU4	1	Q8WWR8	Maron2021	False
Q8WWV3	Q8WWV3	Q8WWV3	False	canonical_or_unversioned_accession	RTN4IP1	1	Q8WWV3	Maron2021	False
Q8WWY3	Q8WWY3	Q8WWY3	False	canonical_or_unversioned_accession	PRPF31	2	Q8WWY3	Maron2021	False
Q8WWZ7	Q8WWZ7	Q8WWZ7	False	canonical_or_unversioned_accession	ABCA5	1	Q8WWZ7	Maron2021	False
Q8WX93	Q8WX93	Q8WX93	False	canonical_or_unversioned_accession	PALLD	3	Q8WX93	Maron2021	False
Q8WXA9	Q8WXA9	Q8WXA9	False	canonical_or_unversioned_accession	SREK1	2	Q8WXA9	Maron2021	False
Q8WXD9	Q8WXD9	Q8WXD9	False	canonical_or_unversioned_accession	CASKIN1	1	Q8WXD9	Maron2021;human_ptm_master	False
Q8WXE0	Q8WXE0	Q8WXE0	False	canonical_or_unversioned_accession	CASKIN2	6	Q8WXE0	Maron2021	False
Q8WXE1	Q8WXE1	Q8WXE1	False	canonical_or_unversioned_accession	ATRIP	1	Q8WXE1	Maron2021	False
Q8WXF1	Q8WXF1	Q8WXF1	False	canonical_or_unversioned_accession	PSPC1	9	Q8WXF1	Maron2021;ProMetheusDB;human_ptm_master	False
Q8WXH0	Q8WXH0	Q8WXH0	False	canonical_or_unversioned_accession	SYNE2	2	Q8WXH0	Maron2021	False
Q8WXH2	Q8WXH2	Q8WXH2	False	canonical_or_unversioned_accession	JPH3	1	Q8WXH2	Maron2021	False
Q8WXI7	Q8WXI7	Q8WXI7	False	canonical_or_unversioned_accession	MUC16	1	Q8WXI7	Maron2021	False
Q8WXI9	Q8WXI9	Q8WXI9	False	canonical_or_unversioned_accession	GATAD2B	12	Q8WXI9	Maron2021;ProMetheusDB	False
Q8WXK1	Q8WXK1	Q8WXK1	False	canonical_or_unversioned_accession	ASB15	2	Q8WXK1	Maron2021	False
Q8WXW3	Q8WXW3	Q8WXW3	False	canonical_or_unversioned_accession	PIBF1	1	Q8WXW3	Maron2021	False
Q8WXX0	Q8WXX0	Q8WXX0	False	canonical_or_unversioned_accession	DNAH7	1	Q8WXX0	ProMetheusDB	False
Q8WXX5	Q8WXX5	Q8WXX5	False	canonical_or_unversioned_accession	DNAJC9	3	Q8WXX5	Maron2021	False
Q8WXX7	Q8WXX7	Q8WXX7	False	canonical_or_unversioned_accession	AUTS2	12	Q8WXX7	Maron2021;ProMetheusDB	False
Q8WYA0	Q8WYA0	Q8WYA0	False	canonical_or_unversioned_accession	IFT81	2	Q8WYA0	Maron2021	False
Q8WYA6	Q8WYA6	Q8WYA6	False	canonical_or_unversioned_accession	CTNNBL1	4	Q8WYA6	Maron2021	False
Q8WYB5	Q8WYB5	Q8WYB5	False	canonical_or_unversioned_accession	KAT6B	5	Q8WYB5	Maron2021	False
Q8WYH8	Q8WYH8	Q8WYH8	False	canonical_or_unversioned_accession	ING5	2	Q8WYH8	Maron2021;ProMetheusDB;human_ptm_master	False
Q8WYJ6	Q8WYJ6	Q8WYJ6	False	canonical_or_unversioned_accession	SEPTIN1	1	Q8WYJ6	Maron2021	False
Q8WYP5	Q8WYP5	Q8WYP5	False	canonical_or_unversioned_accession	AHCTF1	1	Q8WYP5	Maron2021	False
Q8WZ19	Q8WZ19	Q8WZ19	False	canonical_or_unversioned_accession	KCTD13	1	Q8WZ19	Maron2021	False
Q8WZ42	Q8WZ42	Q8WZ42	False	canonical_or_unversioned_accession	TTN	2	Q8WZ42	Maron2021	False
Q8WZ73	Q8WZ73	Q8WZ73	False	canonical_or_unversioned_accession	RFFL	1	Q8WZ73	Maron2021	False
Q8WZ74	Q8WZ74	Q8WZ74	False	canonical_or_unversioned_accession	CTTNBP2	1	Q8WZ74	Maron2021	False
Q92481	Q92481	Q92481	False	canonical_or_unversioned_accession	TFAP2B	1	Q92481	Maron2021	False
Q92499	Q92499	Q92499	False	canonical_or_unversioned_accession	DDX1	3	Q92499	Maron2021	False
Q92522	Q92522	Q92522	False	canonical_or_unversioned_accession	H1FX	2	Q92522	Maron2021	False
Q92526	Q92526	Q92526	False	canonical_or_unversioned_accession	CCT6B	1	Q92526	Maron2021	False
Q92527	Q92527	Q92527	False	canonical_or_unversioned_accession	ANKRD7	1	Q92527	Maron2021	False
Q92530	Q92530	Q92530	False	canonical_or_unversioned_accession	PSMF1	5	Q92530	Maron2021;ProMetheusDB;human_ptm_master	False
Q92538	Q92538	Q92538	False	canonical_or_unversioned_accession	GBF1	1	Q92538	Maron2021	False
Q92540	Q92540	Q92540	False	canonical_or_unversioned_accession	SMG7	4	Q92540	Maron2021;ProMetheusDB	False
Q92542	Q92542	Q92542	False	canonical_or_unversioned_accession	NCSTN	1	Q92542	Maron2021	False
Q92544	Q92544	Q92544	False	canonical_or_unversioned_accession	TM9SF4	1	Q92544	Maron2021	False
Q92547	Q92547	Q92547	False	canonical_or_unversioned_accession	TOPBP1	1	Q92547	Maron2021	False
Q92556	Q92556	Q92556	False	canonical_or_unversioned_accession	ELMO1	1	Q92556	Maron2021	False
Q92558	Q92558	Q92558	False	canonical_or_unversioned_accession	WASF1	3	Q92558	Maron2021	False
Q92562	Q92562	Q92562	False	canonical_or_unversioned_accession	FIG4	1	Q92562	Maron2021	False
Q92567	Q92567	Q92567	False	canonical_or_unversioned_accession	FAM168A	3	Q92567	Maron2021	False
Q92570	Q92570	Q92570	False	canonical_or_unversioned_accession	NR4A3	1	Q92570	Maron2021;ProMetheusDB	False
Q92574	Q92574	Q92574	False	canonical_or_unversioned_accession	TSC1	1	Q92574	Maron2021	False
Q92575	Q92575	Q92575	False	canonical_or_unversioned_accession	UBXN4	1	Q92575	Maron2021	False
Q92576	Q92576	Q92576	False	canonical_or_unversioned_accession	PHF3	11	Q92576	Maron2021;ProMetheusDB;human_ptm_master	False
Q92585	Q92585	Q92585	False	canonical_or_unversioned_accession	MAML1	2	Q92585	Maron2021	False
Q92598	Q92598	Q92598	False	canonical_or_unversioned_accession	HSPH1	2	Q92598	Maron2021	False
Q92599	Q92599	Q92599	False	canonical_or_unversioned_accession	SEPTIN8	1	Q92599	Maron2021	False
Q92608	Q92608	Q92608	False	canonical_or_unversioned_accession	DOCK2	1	Q92608	Maron2021	False
Q92613	Q92613	Q92613	False	canonical_or_unversioned_accession	PHF16	1	Q92613	Maron2021	False
Q92614	Q92614	Q92614	False	canonical_or_unversioned_accession	MYO18A	2	Q92614	Maron2021	False
Q92615	Q92615	Q92615	False	canonical_or_unversioned_accession	LARP4B	9	Q92615	Maron2021;ProMetheusDB;human_ptm_master	False
Q92616	Q92616	Q92616	False	canonical_or_unversioned_accession	GCN1L1	5	Q92616	Maron2021	False
Q92618	Q92618	Q92618	False	canonical_or_unversioned_accession	ZNF516	3	Q92618	Maron2021;ProMetheusDB	False
Q92620	Q92620	Q92620	False	canonical_or_unversioned_accession	DHX38	4	Q92620	Maron2021	False
Q92621	Q92621	Q92621	False	canonical_or_unversioned_accession	NUP205	1	Q92621	Maron2021	False
Q92625	Q92625	Q92625	False	canonical_or_unversioned_accession	ANKS1A	1	Q92625	Maron2021	False
Q92626	Q92626	Q92626	False	canonical_or_unversioned_accession	PXDN	1	Q92626	Maron2021	False
Q92630	Q92630	Q92630	False	canonical_or_unversioned_accession	DYRK2	1	Q92630	Maron2021	False
Q92673	Q92673	Q92673	False	canonical_or_unversioned_accession	SORL1	1	Q92673	Maron2021	False
Q92686	Q92686	Q92686	False	canonical_or_unversioned_accession	NRGN	2	Q92686	Maron2021;human_ptm_master	False
Q92688	Q92688	Q92688	False	canonical_or_unversioned_accession	ANP32B	3	Q92688	Maron2021	False
Q92734	Q92734	Q92734	False	canonical_or_unversioned_accession	TFG	5	Q92734	Maron2021;ProMetheusDB;human_ptm_master	False
Q92738	Q92738	Q92738	False	canonical_or_unversioned_accession	USP6NL	1	Q92738	Maron2021	False
Q92747	Q92747	Q92747	False	canonical_or_unversioned_accession	ARPC1A	1	Q92747	Maron2021	False
Q92750	Q92750	Q92750	False	canonical_or_unversioned_accession	TAF4B	1	Q92750	Maron2021	False
Q92769	Q92769	Q92769	False	canonical_or_unversioned_accession	HDAC2	2	Q92769	Maron2021	False
Q92785	Q92785	Q92785	False	canonical_or_unversioned_accession	DPF2	5	Q92785	Maron2021	False
Q92786	Q92786	Q92786	False	canonical_or_unversioned_accession	PROX1	1	Q92786	Maron2021	False
Q92793	Q92793	Q92793	False	canonical_or_unversioned_accession	CREBBP	10	Q92793	Maron2021;human_ptm_master	False
Q92794	Q92794	Q92794	False	canonical_or_unversioned_accession	KAT6A	3	Q92794	Maron2021	False
Q92797	Q92797	Q92797	False	canonical_or_unversioned_accession	SYMPK	1	Q92797	Maron2021	False
Q92804	Q92804	Q92804	False	canonical_or_unversioned_accession	TAF15	41	Q92804	Maron2021;ProMetheusDB;human_ptm_master	False
Q92820	Q92820	Q92820	False	canonical_or_unversioned_accession	GGH	2	Q92820	Maron2021	False
Q92823	Q92823	Q92823	False	canonical_or_unversioned_accession	NRCAM	1	Q92823	Maron2021	False
Q92835	Q92835	Q92835	False	canonical_or_unversioned_accession	INPP5D	1	Q92835	Maron2021;ProMetheusDB	False
Q92837	Q92837	Q92837	False	canonical_or_unversioned_accession	FRAT1	1	Q92837	Maron2021	False
Q92841	Q92841	Q92841	False	canonical_or_unversioned_accession	DDX17	23	Q92841	Maron2021;ProMetheusDB;human_ptm_master	False
Q92871	Q92871	Q92871	False	canonical_or_unversioned_accession	PMM1	1	Q92871	Maron2021	False
Q92878	Q92878	Q92878	False	canonical_or_unversioned_accession	RAD50	5	Q92878	Maron2021	False
Q92879	Q92879	Q92879	False	canonical_or_unversioned_accession	CELF1	2	Q92879	Maron2021	False
Q92896	Q92896	Q92896	False	canonical_or_unversioned_accession	GLG1	3	Q92896	Maron2021	False
Q92900	Q92900	Q92900	False	canonical_or_unversioned_accession	UPF1	6	Q92900	Maron2021;human_ptm_master	False
Q92905	Q92905	Q92905	False	canonical_or_unversioned_accession	COPS5	2	Q92905	Maron2021	False
Q92908	Q92908	Q92908	False	canonical_or_unversioned_accession	GATA6	1	Q92908	Maron2021	False
Q92917	Q92917	Q92917	False	canonical_or_unversioned_accession	GPKOW	5	Q92917	Maron2021	False
Q92922	Q92922	Q92922	False	canonical_or_unversioned_accession	SMARCC1	4	Q92922	Maron2021	False
Q92925	Q92925	Q92925	False	canonical_or_unversioned_accession	SMARCD2	12	Q92925	Maron2021;human_ptm_master	False
Q92934	Q92934	Q92934	False	canonical_or_unversioned_accession	BAD	4	Q92934	Maron2021;human_ptm_master	False
Q92945	Q92945	Q92945	False	canonical_or_unversioned_accession	KHSRP	14	Q92945	Maron2021;ProMetheusDB;human_ptm_master	False
Q92947	Q92947	Q92947	False	canonical_or_unversioned_accession	GCDH	2	Q92947	Maron2021	False
Q92966	Q92966	Q92966	False	canonical_or_unversioned_accession	SNAPC3	2	Q92966	Maron2021	False
Q92973	Q92973	Q92973	False	canonical_or_unversioned_accession	TNPO1	3	Q92973	Maron2021	False
Q92974	Q92974	Q92974	False	canonical_or_unversioned_accession	ARHGEF2	3	Q92974	Maron2021	False
Q92979	Q92979	Q92979	False	canonical_or_unversioned_accession	EMG1	1	Q92979	Maron2021	False
Q92995	Q92995	Q92995	False	canonical_or_unversioned_accession	USP13	2	Q92995	Maron2021;ProMetheusDB	False
Q92997	Q92997	Q92997	False	canonical_or_unversioned_accession	DVL3	6	Q92997	Maron2021;human_ptm_master	False
Q93008	Q93008	Q93008	False	canonical_or_unversioned_accession	USP9X	2	Q93008	Maron2021	False
Q93009	Q93009	Q93009	False	canonical_or_unversioned_accession	USP7	2	Q93009	Maron2021	False
Q93015	Q93015	Q93015	False	canonical_or_unversioned_accession	NAT6	1	Q93015	Maron2021	False
Q93034	Q93034	Q93034	False	canonical_or_unversioned_accession	CUL5	2	Q93034	Maron2021	False
Q93052	Q93052	Q93052	False	canonical_or_unversioned_accession	LPP	1	Q93052	Maron2021	False
Q93073	Q93073	Q93073	False	canonical_or_unversioned_accession	SECISBP2L	2	Q93073	Maron2021	False
Q93074	Q93074	Q93074	False	canonical_or_unversioned_accession	MED12	12	Q93074	Maron2021;ProMetheusDB;human_ptm_master	False
Q93077	Q93077	Q93077	False	canonical_or_unversioned_accession	H2AC6	5	Q93077	Maron2021	False
Q93079	Q93079	Q93079	False	canonical_or_unversioned_accession	HIST1H2BH	6	Q93079	Maron2021	False
Q93100	Q93100	Q93100	False	canonical_or_unversioned_accession	PHKB	1	Q93100	Maron2021	False
Q969E4	Q969E4	Q969E4	False	canonical_or_unversioned_accession	TCEAL3	1	Q969E4	Maron2021	False
Q969F0	Q969F0	Q969F0	False	canonical_or_unversioned_accession	FATE1	1	Q969F0	Maron2021	False
Q969G2	Q969G2	Q969G2	False	canonical_or_unversioned_accession	LHX4	2	Q969G2	Maron2021	False
Q969G3	Q969G3	Q969G3	False	canonical_or_unversioned_accession	SMARCE1	4	Q969G3	Maron2021;human_ptm_master	False
Q969G6	Q969G6	Q969G6	False	canonical_or_unversioned_accession	RFK	1	Q969G6	Maron2021	False
Q969G9	Q969G9	Q969G9	False	canonical_or_unversioned_accession	NKD1	1	Q969G9	Maron2021	False
Q969H8	Q969H8	Q969H8	False	canonical_or_unversioned_accession	C19orf10	1	Q969H8	Maron2021	False
Q969Q0	Q969Q0	Q969Q0	False	canonical_or_unversioned_accession	RPL36AL	1	Q969Q0	Maron2021	False
Q969Q5	Q969Q5	Q969Q5	False	canonical_or_unversioned_accession	RAB24	1	Q969Q5	Maron2021	False
Q969R2	Q969R2	Q969R2	False	canonical_or_unversioned_accession	OSBP2	1	Q969R2	Maron2021	False
Q969S3	Q969S3	Q969S3	False	canonical_or_unversioned_accession	ZNF622	4	Q969S3	Maron2021	False
Q969W3	Q969W3	Q969W3	False	canonical_or_unversioned_accession	VCF1	6	Q969W3	Maron2021;human_ptm_master	False
Q969X6	Q969X6	Q969X6	False	canonical_or_unversioned_accession	CIRH1A	1	Q969X6	Maron2021	False
Q96A00	Q96A00	Q96A00	False	canonical_or_unversioned_accession	PPP1R14A	4	Q96A00	Maron2021	False
Q96A05	Q96A05	Q96A05	False	canonical_or_unversioned_accession	ATP6V1E2	1	Q96A05	Maron2021	False
Q96A08	Q96A08	Q96A08	False	canonical_or_unversioned_accession	H2BC1	3	Q96A08	Maron2021;human_ptm_master	False
Q96A33	Q96A33	Q96A33	False	canonical_or_unversioned_accession	CCDC47	1	Q96A33	Maron2021	False
Q96A35	Q96A35	Q96A35	False	canonical_or_unversioned_accession	MRPL24	1	Q96A35	Maron2021	False
Q96A46	Q96A46	Q96A46	False	canonical_or_unversioned_accession	SLC25A28	2	Q96A46	Maron2021	False
Q96A47	Q96A47	Q96A47	False	canonical_or_unversioned_accession	ISL2	1	Q96A47	Maron2021	False
Q96A65	Q96A65	Q96A65	False	canonical_or_unversioned_accession	EXOC4	1	Q96A65	Maron2021	False
Q96A73	Q96A73	Q96A73	False	canonical_or_unversioned_accession	KIAA1191	1	Q96A73	Maron2021	False
Q96AA8	Q96AA8	Q96AA8	False	canonical_or_unversioned_accession	JAKMIP2	3	Q96AA8	Maron2021	False
Q96AB3	Q96AB3	Q96AB3	False	canonical_or_unversioned_accession	ISOC2	1	Q96AB3	Maron2021	False
Q96AC1	Q96AC1	Q96AC1	False	canonical_or_unversioned_accession	FERMT2	2	Q96AC1	Maron2021	False
Q96AE4	Q96AE4	Q96AE4	False	canonical_or_unversioned_accession	FUBP1	8	Q96AE4	Maron2021;ProMetheusDB;human_ptm_master	False
Q96AG3	Q96AG3	Q96AG3	False	canonical_or_unversioned_accession	SLC25A46	1	Q96AG3	Maron2021	False
Q96AH0	Q96AH0	Q96AH0	False	canonical_or_unversioned_accession	OBFC2A	1	Q96AH0	Maron2021	False
Q96AJ1	Q96AJ1	Q96AJ1	False	canonical_or_unversioned_accession	CLUAP1	2	Q96AJ1	Maron2021	False
Q96AP0	Q96AP0	Q96AP0	False	canonical_or_unversioned_accession	ACD	3	Q96AP0	Maron2021;human_ptm_master	False
Q96AQ9	Q96AQ9	Q96AQ9	False	canonical_or_unversioned_accession	FAM131C	1	Q96AQ9	Maron2021	False
Q96AT1	Q96AT1	Q96AT1	False	canonical_or_unversioned_accession	KIAA1143	3	Q96AT1	Maron2021	False
Q96AX1	Q96AX1	Q96AX1	False	canonical_or_unversioned_accession	VPS33A	1	Q96AX1	Maron2021	False
Q96AY3	Q96AY3	Q96AY3	False	canonical_or_unversioned_accession	FKBP10	2	Q96AY3	Maron2021	False
Q96AY4	Q96AY4	Q96AY4	False	canonical_or_unversioned_accession	TTC28	2	Q96AY4	Maron2021	False
Q96B18	Q96B18	Q96B18	False	canonical_or_unversioned_accession	DACT3	2	Q96B18	Maron2021	False
Q96B23	Q96B23	Q96B23	False	canonical_or_unversioned_accession	ARK2N	2	Q96B23	Maron2021;ProMetheusDB;human_ptm_master	False
Q96B36	Q96B36	Q96B36	False	canonical_or_unversioned_accession	AKT1S1	3	Q96B36	Maron2021;human_ptm_master	False
Q96B49	Q96B49	Q96B49	False	canonical_or_unversioned_accession	TOMM6	3	Q96B49	Maron2021	False
Q96B54	Q96B54	Q96B54	False	canonical_or_unversioned_accession	ZNF428	2	Q96B54	Maron2021	False
Q96B70	Q96B70	Q96B70	False	canonical_or_unversioned_accession	LENG9	3	Q96B70	Maron2021	False
Q96BD5	Q96BD5	Q96BD5	False	canonical_or_unversioned_accession	PHF21A	2	Q96BD5	Maron2021	False
Q96BD8	Q96BD8	Q96BD8	False	canonical_or_unversioned_accession	SKA1	2	Q96BD8	Maron2021	False
Q96BH1	Q96BH1	Q96BH1	False	canonical_or_unversioned_accession	RNF25	7	Q96BH1	Maron2021	False
Q96BK5	Q96BK5	Q96BK5	False	canonical_or_unversioned_accession	PINX1	2	Q96BK5	Maron2021	False
Q96BN6	Q96BN6	Q96BN6	False	canonical_or_unversioned_accession	FAM149B1	3	Q96BN6	Maron2021	False
Q96BP2	Q96BP2	Q96BP2	False	canonical_or_unversioned_accession	CHCHD1	2	Q96BP2	Maron2021	False
Q96BR5	Q96BR5	Q96BR5	False	canonical_or_unversioned_accession	SELRC1	1	Q96BR5	Maron2021	False
Q96BU1	Q96BU1	Q96BU1	False	canonical_or_unversioned_accession	S100PBP	2	Q96BU1	Maron2021	False
Q96BW5	Q96BW5	Q96BW5	False	canonical_or_unversioned_accession	PTER	3	Q96BW5	Maron2021	False
Q96BY2	Q96BY2	Q96BY2	False	canonical_or_unversioned_accession	MOAP1	1	Q96BY2	Maron2021	False
Q96BZ8	Q96BZ8	Q96BZ8	False	canonical_or_unversioned_accession	LENG1	2	Q96BZ8	Maron2021	False
Q96C90	Q96C90	Q96C90	False	canonical_or_unversioned_accession	PPP1R14B	3	Q96C90	Maron2021	False
Q96C92	Q96C92	Q96C92	False	canonical_or_unversioned_accession	SDCCAG3	3	Q96C92	Maron2021;ProMetheusDB	False
Q96CB9	Q96CB9	Q96CB9	False	canonical_or_unversioned_accession	NSUN4	1	Q96CB9	Maron2021	False
Q96CN7	Q96CN7	Q96CN7	False	canonical_or_unversioned_accession	ISOC1	2	Q96CN7	Maron2021	False
Q96CP6	Q96CP6	Q96CP6	False	canonical_or_unversioned_accession	GRAMD1A	1	Q96CP6	Maron2021	False
Q96CS3	Q96CS3	Q96CS3	False	canonical_or_unversioned_accession	FAF2	1	Q96CS3	Maron2021	False
Q96CS4	Q96CS4	Q96CS4	False	canonical_or_unversioned_accession	ZNF689	1	Q96CS4	Maron2021	False
Q96CT7	Q96CT7	Q96CT7	False	canonical_or_unversioned_accession	CCDC124	5	Q96CT7	Maron2021	False
Q96CU9	Q96CU9	Q96CU9	False	canonical_or_unversioned_accession	FOXRED1	3	Q96CU9	Maron2021;ProMetheusDB	False
Q96CW5	Q96CW5	Q96CW5	False	canonical_or_unversioned_accession	TUBGCP3	4	Q96CW5	Maron2021	False
Q96CX2	Q96CX2	Q96CX2	False	canonical_or_unversioned_accession	KCTD12	2	Q96CX2	Maron2021	False
Q96D05	Q96D05	Q96D05	False	canonical_or_unversioned_accession	C10orf35	2	Q96D05	Maron2021	False
Q96D46	Q96D46	Q96D46	False	canonical_or_unversioned_accession	NMD3	2	Q96D46	Maron2021	False
Q96D71	Q96D71	Q96D71	False	canonical_or_unversioned_accession	REPS1	1	Q96D71	Maron2021	False
Q96DA6	Q96DA6	Q96DA6	False	canonical_or_unversioned_accession	DNAJC19	1	Q96DA6	Maron2021	False
Q96DC7	Q96DC7	Q96DC7	False	canonical_or_unversioned_accession	TMCO6	2	Q96DC7	Maron2021;ProMetheusDB	False
Q96DF8	Q96DF8	Q96DF8	False	canonical_or_unversioned_accession	DGCR14	3	Q96DF8	Maron2021	False
Q96DH6	Q96DH6	Q96DH6	False	canonical_or_unversioned_accession	MSI2	7	Q96DH6	Maron2021;human_ptm_master	False
Q96DI7	Q96DI7	Q96DI7	False	canonical_or_unversioned_accession	SNRNP40	7	Q96DI7	Maron2021;ProMetheusDB	False
Q96DN2	Q96DN2	Q96DN2	False	canonical_or_unversioned_accession	VWCE	1	Q96DN2	Maron2021	False
Q96DN6	Q96DN6	Q96DN6	False	canonical_or_unversioned_accession	MBD6	5	Q96DN6	Maron2021;ProMetheusDB	False
Q96DR7	Q96DR7	Q96DR7	False	canonical_or_unversioned_accession	ARHGEF26	1	Q96DR7	Maron2021	False
Q96DT7	Q96DT7	Q96DT7	False	canonical_or_unversioned_accession	ZBTB10	2	Q96DT7	Maron2021;ProMetheusDB;human_ptm_master	False
Q96DU7	Q96DU7	Q96DU7	False	canonical_or_unversioned_accession	ITPKC	2	Q96DU7	Maron2021	False
Q96DZ1	Q96DZ1	Q96DZ1	False	canonical_or_unversioned_accession	ERLEC1	1	Q96DZ1	Maron2021	False
Q96E09	Q96E09	Q96E09	False	canonical_or_unversioned_accession	FAM122A	1	Q96E09	Maron2021	False
Q96E14	Q96E14	Q96E14	False	canonical_or_unversioned_accession	RMI2	5	Q96E14	Maron2021	False
Q96E39	Q96E39	Q96E39	False	canonical_or_unversioned_accession	RBMXL1	27	Q96E39	Maron2021;ProMetheusDB	False
Q96EA4	Q96EA4	Q96EA4	False	canonical_or_unversioned_accession	CCDC99	3	Q96EA4	Maron2021	False
Q96ED9	Q96ED9	Q96ED9	False	canonical_or_unversioned_accession	HOOK2	2	Q96ED9	Maron2021	False
Q96EI5	Q96EI5	Q96EI5	False	canonical_or_unversioned_accession	TCEAL4	3	Q96EI5	Maron2021	False
Q96EK4	Q96EK4	Q96EK4	False	canonical_or_unversioned_accession	THAP11	2	Q96EK4	Maron2021;ProMetheusDB	False
Q96EK5	Q96EK5	Q96EK5	False	canonical_or_unversioned_accession	KIAA1279	2	Q96EK5	Maron2021	False
Q96EK6	Q96EK6	Q96EK6	False	canonical_or_unversioned_accession	GNPNAT1	1	Q96EK6	Maron2021	False
Q96EK7	Q96EK7	Q96EK7	False	canonical_or_unversioned_accession	FAM120B	5	Q96EK7	Maron2021;human_ptm_master	False
Q96EK9	Q96EK9	Q96EK9	False	canonical_or_unversioned_accession	KTI12	2	Q96EK9	Maron2021	False
Q96EL2	Q96EL2	Q96EL2	False	canonical_or_unversioned_accession	MRPS24	1	Q96EL2	Maron2021	False
Q96EP5	Q96EP5	Q96EP5	False	canonical_or_unversioned_accession	DAZAP1	7	Q96EP5	Maron2021;human_ptm_master	False
Q96ER9	Q96ER9	Q96ER9	False	canonical_or_unversioned_accession	CCDC51	1	Q96ER9	Maron2021	False
Q96EU6	Q96EU6	Q96EU6	False	canonical_or_unversioned_accession	RRP36	2	Q96EU6	Maron2021	False
Q96EV2	Q96EV2	Q96EV2	False	canonical_or_unversioned_accession	RBM33	22	Q96EV2	Maron2021;ProMetheusDB;human_ptm_master	False
Q96EY1	Q96EY1	Q96EY1	False	canonical_or_unversioned_accession	DNAJA3	3	Q96EY1	human_ptm_master	False
Q96EY5	Q96EY5	Q96EY5	False	canonical_or_unversioned_accession	MVB12A	1	Q96EY5	Maron2021	False
Q96EY7	Q96EY7	Q96EY7	False	canonical_or_unversioned_accession	PTCD3	2	Q96EY7	Maron2021	False
Q96EY8	Q96EY8	Q96EY8	False	canonical_or_unversioned_accession	MMAB	1	Q96EY8	Maron2021	False
Q96F44	Q96F44	Q96F44	False	canonical_or_unversioned_accession	TRIM11	4	Q96F44	Maron2021	False
Q96F45	Q96F45	Q96F45	False	canonical_or_unversioned_accession	ZNF503	3	Q96F45	Maron2021	False
Q96F63	Q96F63	Q96F63	False	canonical_or_unversioned_accession	CCDC97	3	Q96F63	Maron2021	False
Q96F86	Q96F86	Q96F86	False	canonical_or_unversioned_accession	EDC3	3	Q96F86	Maron2021	False
Q96FF7	Q96FF7	Q96FF7	False	canonical_or_unversioned_accession	MISP3	4	Q96FF7	Maron2021	False
Q96FN4	Q96FN4	Q96FN4	False	canonical_or_unversioned_accession	CPNE2	1	Q96FN4	Maron2021	False
Q96FS4	Q96FS4	Q96FS4	False	canonical_or_unversioned_accession	SIPA1	7	Q96FS4	Maron2021;ProMetheusDB	False
Q96FW1	Q96FW1	Q96FW1	False	canonical_or_unversioned_accession	OTUB1	1	Q96FW1	Maron2021	False
Q96FX7	Q96FX7	Q96FX7	False	canonical_or_unversioned_accession	TRMT61A	2	Q96FX7	Maron2021	False
Q96G03	Q96G03	Q96G03	False	canonical_or_unversioned_accession	PGM2	1	Q96G03	Maron2021	False
Q96G61	Q96G61	Q96G61	False	canonical_or_unversioned_accession	NUDT11	1	Q96G61	Maron2021	False
Q96G74	Q96G74	Q96G74	False	canonical_or_unversioned_accession	OTUD5	2	Q96G74	Maron2021	False
Q96GD0	Q96GD0	Q96GD0	False	canonical_or_unversioned_accession	PDXP	1	Q96GD0	Maron2021	False
Q96GD4	Q96GD4	Q96GD4	False	canonical_or_unversioned_accession	AURKB	1	Q96GD4	Maron2021	False
Q96GE4	Q96GE4	Q96GE4	False	canonical_or_unversioned_accession	CEP95	2	Q96GE4	Maron2021	False
Q96GF1	Q96GF1	Q96GF1	False	canonical_or_unversioned_accession	RNF185	2	Q96GF1	Maron2021	False
Q96GI7	Q96GI7	Q96GI7	False	canonical_or_unversioned_accession	FAM89A	1	Q96GI7	Maron2021	False
Q96GM5	Q96GM5	Q96GM5	False	canonical_or_unversioned_accession	SMARCD1	6	Q96GM5	Maron2021;ProMetheusDB	False
Q96GN5	Q96GN5	Q96GN5	False	canonical_or_unversioned_accession	CDCA7L	2	Q96GN5	Maron2021	False
Q96GQ7	Q96GQ7	Q96GQ7	False	canonical_or_unversioned_accession	DDX27	2	Q96GQ7	Maron2021	False
Q96GS4	Q96GS4	Q96GS4	False	canonical_or_unversioned_accession	C17orf59	1	Q96GS4	Maron2021	False
Q96GV9	Q96GV9	Q96GV9	False	canonical_or_unversioned_accession	C5orf30	1	Q96GV9	Maron2021	False
Q96H20	Q96H20	Q96H20	False	canonical_or_unversioned_accession	SNF8	1	Q96H20	Maron2021;human_ptm_master	False
Q96H79	Q96H79	Q96H79	False	canonical_or_unversioned_accession	ZC3HAV1L	1	Q96H79	Maron2021	False
Q96HA1	Q96HA1	Q96HA1	False	canonical_or_unversioned_accession	POM121	7	Q96HA1	Maron2021;ProMetheusDB	False
Q96HA7	Q96HA7	Q96HA7	False	canonical_or_unversioned_accession	TONSL	2	Q96HA7	Maron2021	False
Q96HB5	Q96HB5	Q96HB5	False	canonical_or_unversioned_accession	CCDC120	2	Q96HB5	Maron2021	False
Q96HC4	Q96HC4	Q96HC4	False	canonical_or_unversioned_accession	PDLIM5	2	Q96HC4	Maron2021	False
Q96HD1	Q96HD1	Q96HD1	False	canonical_or_unversioned_accession	CRELD1	1	Q96HD1	Maron2021	False
Q96HE7	Q96HE7	Q96HE7	False	canonical_or_unversioned_accession	ERO1L	1	Q96HE7	Maron2021	False
Q96HJ3	Q96HJ3	Q96HJ3	False	canonical_or_unversioned_accession	CCDC34	1	Q96HJ3	Maron2021	False
Q96HM7	Q96HM7	Q96HM7	False	canonical_or_unversioned_accession	PCED1B	1	Q96HM7	Maron2021	False
Q96HN2	Q96HN2	Q96HN2	False	canonical_or_unversioned_accession	AHCYL2	3	Q96HN2	Maron2021	False
Q96HP0	Q96HP0	Q96HP0	False	canonical_or_unversioned_accession	DOCK6	2	Q96HP0	Maron2021	False
Q96HR8	Q96HR8	Q96HR8	False	canonical_or_unversioned_accession	NAF1	5	Q96HR8	Maron2021;ProMetheusDB	False
Q96HY6	Q96HY6	Q96HY6	False	canonical_or_unversioned_accession	DDRGK1	3	Q96HY6	Maron2021	False
Q96I24	Q96I24	Q96I24	False	canonical_or_unversioned_accession	FUBP3	16	Q96I24	Maron2021;ProMetheusDB	False
Q96I25	Q96I25	Q96I25	False	canonical_or_unversioned_accession	RBM17	4	Q96I25	Maron2021	False
Q96I59	Q96I59	Q96I59	False	canonical_or_unversioned_accession	NARS2	1	Q96I59	Maron2021	False
Q96II8	Q96II8	Q96II8	False	canonical_or_unversioned_accession	LRCH3	2	Q96II8	Maron2021	False
Q96IK1	Q96IK1	Q96IK1	False	canonical_or_unversioned_accession	BOD1	1	Q96IK1	Maron2021	False
Q96IQ9	Q96IQ9	Q96IQ9	False	canonical_or_unversioned_accession	ZNF414	1	Q96IQ9	Maron2021	False
Q96IU2	Q96IU2	Q96IU2	False	canonical_or_unversioned_accession	ZBED3	1	Q96IU2	Maron2021	False
Q96IZ6	Q96IZ6	Q96IZ6	False	canonical_or_unversioned_accession	METTL2A	1	Q96IZ6	Maron2021	False
Q96J01	Q96J01	Q96J01	False	canonical_or_unversioned_accession	THOC3	4	Q96J01	Maron2021	False
Q96J84	Q96J84	Q96J84	False	canonical_or_unversioned_accession	KIRREL	1	Q96J84	Maron2021	False
Q96J88	Q96J88	Q96J88	False	canonical_or_unversioned_accession	EPSTI1	2	Q96J88	Maron2021	False
Q96J94	Q96J94	Q96J94	False	canonical_or_unversioned_accession	PIWIL1	1	Q96J94	Maron2021	False
Q96JB2	Q96JB2	Q96JB2	False	canonical_or_unversioned_accession	COG3	2	Q96JB2	Maron2021	False
Q96JB5	Q96JB5	Q96JB5	False	canonical_or_unversioned_accession	CDK5RAP3	1	Q96JB5	Maron2021	False
Q96JE9	Q96JE9	Q96JE9	False	canonical_or_unversioned_accession	MAP6	2	Q96JE9	Maron2021	False
Q96JG8	Q96JG8	Q96JG8	False	canonical_or_unversioned_accession	MAGED4	1	Q96JG8	Maron2021	False
Q96JG9	Q96JG9	Q96JG9	False	canonical_or_unversioned_accession	ZNF469	1	Q96JG9	Maron2021	False
Q96JH7	Q96JH7	Q96JH7	False	canonical_or_unversioned_accession	VCPIP1	1	Q96JH7	Maron2021	False
Q96JJ3	Q96JJ3	Q96JJ3	False	canonical_or_unversioned_accession	ELMO2	1	Q96JJ3	Maron2021	False
Q96JK2	Q96JK2	Q96JK2	False	canonical_or_unversioned_accession	DCAF5	1	Q96JK2	Maron2021	False
Q96JK9	Q96JK9	Q96JK9	False	canonical_or_unversioned_accession	MAML3	3	Q96JK9	Maron2021;ProMetheusDB	False
Q96JM2	Q96JM2	Q96JM2	False	canonical_or_unversioned_accession	ZNF462	1	Q96JM2	Maron2021	False
Q96JM3	Q96JM3	Q96JM3	False	canonical_or_unversioned_accession	CHAMP1	6	Q96JM3	Maron2021	False
Q96JP2	Q96JP2	Q96JP2	False	canonical_or_unversioned_accession	MYO15B	1	Q96JP2	Maron2021	False
Q96JP5	Q96JP5	Q96JP5	False	canonical_or_unversioned_accession	ZFP91	9	Q96JP5	Maron2021	False
Q96JQ0	Q96JQ0	Q96JQ0	False	canonical_or_unversioned_accession	DCHS1	1	Q96JQ0	Maron2021	False
Q96JY0	Q96JY0	Q96JY0	False	canonical_or_unversioned_accession	MAEL	2	Q96JY0	Maron2021	False
Q96JY6	Q96JY6	Q96JY6	False	canonical_or_unversioned_accession	PDLIM2	3	Q96JY6	Maron2021	False
Q96K30	Q96K30	Q96K30	False	canonical_or_unversioned_accession	RITA1	3	Q96K30	Maron2021	False
Q96K76	Q96K76	Q96K76	False	canonical_or_unversioned_accession	USP47	1	Q96K76	Maron2021	False
Q96KF7	Q96KF7	Q96KF7	False	canonical_or_unversioned_accession	C6orf162	1	Q96KF7	Maron2021	False
Q96KK5	Q96KK5	Q96KK5	False	canonical_or_unversioned_accession	HIST1H2AH	4	Q96KK5	Maron2021	False
Q96KM6	Q96KM6	Q96KM6	False	canonical_or_unversioned_accession	ZNF512B	1	Q96KM6	Maron2021	False
Q96KP1	Q96KP1	Q96KP1	False	canonical_or_unversioned_accession	EXOC2	1	Q96KP1	Maron2021	False
Q96KP4	Q96KP4	Q96KP4	False	canonical_or_unversioned_accession	CNDP2	1	Q96KP4	Maron2021	False
Q96KQ4	Q96KQ4	Q96KQ4	False	canonical_or_unversioned_accession	PPP1R13B	2	Q96KQ4	Maron2021	False
Q96KQ7	Q96KQ7	Q96KQ7	False	canonical_or_unversioned_accession	EHMT2	1	Q96KQ7	Maron2021	False
Q96KR1	Q96KR1	Q96KR1	False	canonical_or_unversioned_accession	ZFR	6	Q96KR1	Maron2021	False
Q96KS9	Q96KS9	Q96KS9	False	canonical_or_unversioned_accession	FAM167A	1	Q96KS9	Maron2021	False
Q96L21	Q96L21	Q96L21	False	canonical_or_unversioned_accession	RPL10L	4	Q96L21	Maron2021	False
Q96L34	Q96L34	Q96L34	False	canonical_or_unversioned_accession	MARK4	2	Q96L34	Maron2021	False
Q96L58	Q96L58	Q96L58	False	canonical_or_unversioned_accession	B3GALT6	1	Q96L58	ProMetheusDB	False
Q96L73	Q96L73	Q96L73	False	canonical_or_unversioned_accession	NSD1	2	Q96L73	Maron2021	False
Q96L91	Q96L91	Q96L91	False	canonical_or_unversioned_accession	EP400	12	Q96L91	Maron2021;ProMetheusDB	False
Q96L92	Q96L92	Q96L92	False	canonical_or_unversioned_accession	SNX27	1	Q96L92	Maron2021	False
Q96L96	Q96L96	Q96L96	False	canonical_or_unversioned_accession	ALPK3	4	Q96L96	Maron2021	False
Q96LA8	Q96LA8	Q96LA8	False	canonical_or_unversioned_accession	PRMT6	7	Q96LA8	Maron2021;human_ptm_master	False
Q96LB3	Q96LB3	Q96LB3	False	canonical_or_unversioned_accession	IFT74	4	Q96LB3	Maron2021;human_ptm_master	False
Q96LD4	Q96LD4	Q96LD4	False	canonical_or_unversioned_accession	TRIM47	1	Q96LD4	Maron2021;ProMetheusDB;human_ptm_master	False
Q96LJ7	Q96LJ7	Q96LJ7	False	canonical_or_unversioned_accession	DHRS1	1	Q96LJ7	Maron2021	False
Q96M27	Q96M27	Q96M27	False	canonical_or_unversioned_accession	PRRC1	1	Q96M27	Maron2021	False
Q96M98	Q96M98	Q96M98	False	canonical_or_unversioned_accession	PACRG	1	Q96M98	Maron2021	False
Q96ME1	Q96ME1	Q96ME1	False	canonical_or_unversioned_accession	FBXL18	1	Q96ME1	Maron2021	False
Q96MH2	Q96MH2	Q96MH2	False	canonical_or_unversioned_accession	HEXIM2	3	Q96MH2	Maron2021	False
Q96MN9	Q96MN9	Q96MN9	False	canonical_or_unversioned_accession	ZNF488	2	Q96MN9	Maron2021	False
Q96MR9	Q96MR9	Q96MR9	False	canonical_or_unversioned_accession	ZNF560	1	Q96MR9	Maron2021	False
Q96MS0	Q96MS0	Q96MS0	False	canonical_or_unversioned_accession	ROBO3	5	Q96MS0	Maron2021	False
Q96MU7	Q96MU7	Q96MU7	False	canonical_or_unversioned_accession	YTHDC1	1	Q96MU7	Maron2021	False
Q96N11	Q96N11	Q96N11	False	canonical_or_unversioned_accession	C7orf26	2	Q96N11	Maron2021	False
Q96N67	Q96N67	Q96N67	False	canonical_or_unversioned_accession	DOCK7	1	Q96N67	Maron2021	False
Q96NB2	Q96NB2	Q96NB2	False	canonical_or_unversioned_accession	SFXN2	1	Q96NB2	Maron2021	False
Q96NC0	Q96NC0	Q96NC0	False	canonical_or_unversioned_accession	ZMAT2	1	Q96NC0	Maron2021	False
Q96NL0	Q96NL0	Q96NL0	False	canonical_or_unversioned_accession	RUNDC3B	1	Q96NL0	Maron2021	False
Q96NM4	Q96NM4	Q96NM4	False	canonical_or_unversioned_accession	TOX2	1	Q96NM4	Maron2021	False
Q96NU1	Q96NU1	Q96NU1	False	canonical_or_unversioned_accession	SAMD11	1	Q96NU1	Maron2021	False
Q96P11	Q96P11	Q96P11	False	canonical_or_unversioned_accession	NSUN5	2	Q96P11	Maron2021	False
Q96P16	Q96P16	Q96P16	False	canonical_or_unversioned_accession	RPRD1A	2	Q96P16	Maron2021	False
Q96P48	Q96P48	Q96P48	False	canonical_or_unversioned_accession	ARAP1	1	Q96P48	Maron2021	False
Q96P50	Q96P50	Q96P50	False	canonical_or_unversioned_accession	ACAP3	2	Q96P50	Maron2021	False
Q96PC5	Q96PC5	Q96PC5	False	canonical_or_unversioned_accession	MIA2	7	Q96PC5	Maron2021;ProMetheusDB	False
Q96PD6	Q96PD6	Q96PD6	False	canonical_or_unversioned_accession	MOGAT1	1	Q96PD6	Maron2021	False
Q96PE2	Q96PE2	Q96PE2	False	canonical_or_unversioned_accession	ARHGEF17	6	Q96PE2	Maron2021;ProMetheusDB	False
Q96PE3	Q96PE3	Q96PE3	False	canonical_or_unversioned_accession	INPP4A	1	Q96PE3	Maron2021	False
Q96PG8	Q96PG8	Q96PG8	False	canonical_or_unversioned_accession	BBC3	1	Q96PG8	Maron2021	False
Q96PK6	Q96PK6	Q96PK6	False	canonical_or_unversioned_accession	RBM14	9	Q96PK6	Maron2021;ProMetheusDB	False
Q96PR1	Q96PR1	Q96PR1	False	canonical_or_unversioned_accession	KCNC2	1	Q96PR1	Maron2021	False
Q96PU4	Q96PU4	Q96PU4	False	canonical_or_unversioned_accession	UHRF2	1	Q96PU4	Maron2021	False
Q96PU8	Q96PU8	Q96PU8	False	canonical_or_unversioned_accession	QKI	5	Q96PU8	Maron2021;ProMetheusDB;human_ptm_master	False
Q96PU9	Q96PU9	Q96PU9	False	canonical_or_unversioned_accession	ODF3	1	Q96PU9	Maron2021	False
Q96PV6	Q96PV6	Q96PV6	False	canonical_or_unversioned_accession	LENG8	5	Q96PV6	Maron2021;ProMetheusDB	False
Q96PV7	Q96PV7	Q96PV7	False	canonical_or_unversioned_accession	FAM193B	3	Q96PV7	Maron2021	False
Q96PY5	Q96PY5	Q96PY5	False	canonical_or_unversioned_accession	FMNL2	1	Q96PY5	Maron2021	False
Q96PY6	Q96PY6	Q96PY6	False	canonical_or_unversioned_accession	NEK1	1	Q96PY6	Maron2021	False
Q96PZ0	Q96PZ0	Q96PZ0	False	canonical_or_unversioned_accession	PUS7	4	Q96PZ0	Maron2021	False
Q96Q04	Q96Q04	Q96Q04	False	canonical_or_unversioned_accession	LMTK3	1	Q96Q04	Maron2021	False
Q96Q15	Q96Q15	Q96Q15	False	canonical_or_unversioned_accession	SMG1	3	Q96Q15	Maron2021	False
Q96Q42	Q96Q42	Q96Q42	False	canonical_or_unversioned_accession	ALS2	1	Q96Q42	Maron2021	False
Q96QC0	Q96QC0	Q96QC0	False	canonical_or_unversioned_accession	PPP1R10	11	Q96QC0	Maron2021;ProMetheusDB;human_ptm_master	False
Q96QD5	Q96QD5	Q96QD5	False	canonical_or_unversioned_accession	DEPDC7	2	Q96QD5	Maron2021	False
Q96QE3	Q96QE3	Q96QE3	False	canonical_or_unversioned_accession	ATAD5	1	Q96QE3	Maron2021	False
Q96QI5	Q96QI5	Q96QI5	False	canonical_or_unversioned_accession	HS3ST6	1	Q96QI5	Maron2021	False
Q96QK1	Q96QK1	Q96QK1	False	canonical_or_unversioned_accession	VPS35	1	Q96QK1	Maron2021	False
Q96QR8	Q96QR8	Q96QR8	False	canonical_or_unversioned_accession	PURB	1	Q96QR8	Maron2021;ProMetheusDB	False
Q96QS3	Q96QS3	Q96QS3	False	canonical_or_unversioned_accession	ARX	3	Q96QS3	Maron2021	False
Q96QU8	Q96QU8	Q96QU8	False	canonical_or_unversioned_accession	XPO6	3	Q96QU8	Maron2021	False
Q96QV6	Q96QV6	Q96QV6	False	canonical_or_unversioned_accession	HIST1H2AA	4	Q96QV6	Maron2021	False
Q96RF0	Q96RF0	Q96RF0	False	canonical_or_unversioned_accession	SNX18	1	Q96RF0	Maron2021	False
Q96RK0	Q96RK0	Q96RK0	False	canonical_or_unversioned_accession	CIC	6	Q96RK0	Maron2021	False
Q96RL1	Q96RL1	Q96RL1	False	canonical_or_unversioned_accession	UIMC1	2	Q96RL1	Maron2021	False
Q96RL7	Q96RL7	Q96RL7	False	canonical_or_unversioned_accession	VPS13A	1	Q96RL7	Maron2021	False
Q96RN5	Q96RN5	Q96RN5	False	canonical_or_unversioned_accession	MED15	3	Q96RN5	Maron2021	False
Q96RP9	Q96RP9	Q96RP9	False	canonical_or_unversioned_accession	GFM1	2	Q96RP9	Maron2021	False
Q96RT1	Q96RT1	Q96RT1	False	canonical_or_unversioned_accession	ERBB2IP	1	Q96RT1	Maron2021	False
Q96RT8	Q96RT8	Q96RT8	False	canonical_or_unversioned_accession	TUBGCP5	1	Q96RT8	Maron2021	False
Q96S44	Q96S44	Q96S44	False	canonical_or_unversioned_accession	TP53RK	1	Q96S44	Maron2021	False
Q96S55	Q96S55	Q96S55	False	canonical_or_unversioned_accession	WRNIP1	2	Q96S55	Maron2021	False
Q96S59	Q96S59	Q96S59	False	canonical_or_unversioned_accession	RANBP9	1	Q96S59	Maron2021	False
Q96S65	Q96S65	Q96S65	False	canonical_or_unversioned_accession	CSRNP1	1	Q96S65	Maron2021	False
Q96S66	Q96S66	Q96S66	False	canonical_or_unversioned_accession	CLCC1	1	Q96S66	Maron2021	False
Q96SB3	Q96SB3	Q96SB3	False	canonical_or_unversioned_accession	PPP1R9B	1	Q96SB3	Maron2021	False
Q96SB4	Q96SB4	Q96SB4	False	canonical_or_unversioned_accession	SRPK3	2	Q96SB4	Maron2021	False
Q96SB8	Q96SB8	Q96SB8	False	canonical_or_unversioned_accession	SMC6	2	Q96SB8	Maron2021	False
Q96SI9	Q96SI9	Q96SI9	False	canonical_or_unversioned_accession	STRBP	6	Q96SI9	Maron2021	False
Q96SL8	Q96SL8	Q96SL8	False	canonical_or_unversioned_accession	FIZ1	1	Q96SL8	Maron2021	False
Q96SN8	Q96SN8	Q96SN8	False	canonical_or_unversioned_accession	CDK5RAP2	4	Q96SN8	Maron2021	False
Q96ST2	Q96ST2	Q96ST2	False	canonical_or_unversioned_accession	IWS1	1	Q96ST2	Maron2021	False
Q96SZ5	Q96SZ5	Q96SZ5	False	canonical_or_unversioned_accession	ADO	1	Q96SZ5	Maron2021	False
Q96SZ6	Q96SZ6	Q96SZ6	False	canonical_or_unversioned_accession	CDK5RAP1	1	Q96SZ6	Maron2021	False
Q96T17	Q96T17	Q96T17	False	canonical_or_unversioned_accession	MAP7D2	4	Q96T17	Maron2021	False
Q96T21	Q96T21	Q96T21	False	canonical_or_unversioned_accession	SECISBP2	2	Q96T21	Maron2021	False
Q96T23	Q96T23	Q96T23	False	canonical_or_unversioned_accession	RSF1	1	Q96T23	Maron2021	False
Q96T37	Q96T37	Q96T37	False	canonical_or_unversioned_accession	RBM15	7	Q96T37	Maron2021;human_ptm_master	False
Q96T51	Q96T51	Q96T51	False	canonical_or_unversioned_accession	RUFY1	3	Q96T51	Maron2021	False
Q96T58	Q96T58	Q96T58	False	canonical_or_unversioned_accession	SPEN	22	Q96T58	Maron2021;ProMetheusDB;human_ptm_master	False
Q96T60	Q96T60	Q96T60	False	canonical_or_unversioned_accession	PNKP	1	Q96T60	Maron2021	False
Q96T83	Q96T83	Q96T83	False	canonical_or_unversioned_accession	SLC9A7	1	Q96T83	ProMetheusDB	False
Q96T88	Q96T88	Q96T88	False	canonical_or_unversioned_accession	UHRF1	3	Q96T88	Maron2021	False
Q96TA1	Q96TA1	Q96TA1	False	canonical_or_unversioned_accession	NIBAN2	2	Q96TA1	Maron2021	False
Q99081	Q99081	Q99081	False	canonical_or_unversioned_accession	TCF12	2	Q99081	Maron2021	False
Q99439	Q99439	Q99439	False	canonical_or_unversioned_accession	CNN2	2	Q99439	Maron2021	False
Q99447	Q99447	Q99447	False	canonical_or_unversioned_accession	PCYT2	1	Q99447	Maron2021	False
Q99459	Q99459	Q99459	False	canonical_or_unversioned_accession	CDC5L	3	Q99459	Maron2021	False
Q99460	Q99460	Q99460	False	canonical_or_unversioned_accession	PSMD1	2	Q99460	Maron2021	False
Q99490	Q99490	Q99490	False	canonical_or_unversioned_accession	AGAP2	2	Q99490	Maron2021	False
Q99497	Q99497	Q99497	False	canonical_or_unversioned_accession	PARK7	3	Q99497	Maron2021	False
Q99501	Q99501	Q99501	False	canonical_or_unversioned_accession	GAS2L1	3	Q99501	Maron2021;human_ptm_master	False
Q99523	Q99523	Q99523	False	canonical_or_unversioned_accession	SORT1	1	Q99523	Maron2021	False
Q99536	Q99536	Q99536	False	canonical_or_unversioned_accession	VAT1	2	Q99536	Maron2021	False
Q99558	Q99558	Q99558	False	canonical_or_unversioned_accession	MAP3K14	1	Q99558	Maron2021	False
Q99569	Q99569	Q99569	False	canonical_or_unversioned_accession	PKP4	8	Q99569	Maron2021	False
Q99575	Q99575	Q99575	False	canonical_or_unversioned_accession	POP1	4	Q99575	Maron2021	False
Q99590	Q99590	Q99590	False	canonical_or_unversioned_accession	SCAF11	13	Q99590	Maron2021;ProMetheusDB;human_ptm_master	False
Q99607	Q99607	Q99607	False	canonical_or_unversioned_accession	ELF4	1	Q99607	Maron2021	False
Q99613	Q99613	Q99613	False	canonical_or_unversioned_accession	EIF3C	9	Q99613	Maron2021	False
Q99615	Q99615	Q99615	False	canonical_or_unversioned_accession	DNAJC7	4	Q99615	Maron2021	False
Q99618	Q99618	Q99618	False	canonical_or_unversioned_accession	CDCA3	2	Q99618	Maron2021	False
Q99623	Q99623	Q99623	False	canonical_or_unversioned_accession	PHB2	3	Q99623	Maron2021	False
Q99653	Q99653	Q99653	False	canonical_or_unversioned_accession	CHP	1	Q99653	Maron2021	False
Q99661	Q99661	Q99661	False	canonical_or_unversioned_accession	KIF2C	4	Q99661	Maron2021	False
Q99666	Q99666	Q99666	False	canonical_or_unversioned_accession	RGPD6	2	Q99666	Maron2021	False
Q99680	Q99680	Q99680	False	canonical_or_unversioned_accession	GPR22	1	Q99680	Maron2021	False
Q99683	Q99683	Q99683	False	canonical_or_unversioned_accession	MAP3K5	3	Q99683	Maron2021;human_ptm_master	False
Q99698	Q99698	Q99698	False	canonical_or_unversioned_accession	LYST	1	Q99698	Maron2021	False
Q99700	Q99700	Q99700	False	canonical_or_unversioned_accession	ATXN2	15	Q99700	Maron2021;ProMetheusDB;human_ptm_master	False
Q99704	Q99704	Q99704	False	canonical_or_unversioned_accession	DOK1	2	Q99704	Maron2021	False
Q99707	Q99707	Q99707	False	canonical_or_unversioned_accession	MTR	2	Q99707	Maron2021	False
Q99708	Q99708	Q99708	False	canonical_or_unversioned_accession	RBBP8	2	Q99708	Maron2021	False
Q99714	Q99714	Q99714	False	canonical_or_unversioned_accession	HSD17B10	2	Q99714	Maron2021	False
Q99719	Q99719	Q99719	False	canonical_or_unversioned_accession	SEPTIN2	1	Q99719	Maron2021	False
Q99726	Q99726	Q99726	False	canonical_or_unversioned_accession	SLC30A3	1	Q99726	Maron2021	False
Q99729	Q99729;Q99729-3	Q99729	True	canonical_or_unversioned_accession	HNRNPAB	8	Q99729;Q99729-3	Maron2021;ProMetheusDB;human_ptm_master	True
Q99741	Q99741	Q99741	False	canonical_or_unversioned_accession	CDC6	1	Q99741	Maron2021	False
Q99742	Q99742	Q99742	False	canonical_or_unversioned_accession	NPAS1	1	Q99742	Maron2021	False
Q99747	Q99747	Q99747	False	canonical_or_unversioned_accession	NAPG	1	Q99747	Maron2021	False
Q99755	Q99755	Q99755	False	canonical_or_unversioned_accession	PIP5K1A	1	Q99755	Maron2021	False
Q99797	Q99797	Q99797	False	canonical_or_unversioned_accession	MIPEP	1	Q99797	Maron2021	False
Q99798	Q99798	Q99798	False	canonical_or_unversioned_accession	ACO2	3	Q99798	Maron2021	False
Q99805	Q99805	Q99805	False	canonical_or_unversioned_accession	TM9SF2	1	Q99805	Maron2021	False
Q99807	Q99807	Q99807	False	canonical_or_unversioned_accession	COQ7	1	Q99807	Maron2021	False
Q99829	Q99829	Q99829	False	canonical_or_unversioned_accession	CPNE1	2	Q99829	Maron2021	False
Q99832	Q99832	Q99832	False	canonical_or_unversioned_accession	CCT7	9	Q99832	Maron2021;ProMetheusDB;human_ptm_master	False
Q99856	Q99856	Q99856	False	canonical_or_unversioned_accession	ARID3A	2	Q99856	Maron2021	False
Q99871	Q99871	Q99871	False	canonical_or_unversioned_accession	HAUS7	1	Q99871	Maron2021	False
Q99873	Q99873	Q99873	False	canonical_or_unversioned_accession	PRMT1	2	Q99873	Maron2021	False
Q99877	Q99877	Q99877	False	canonical_or_unversioned_accession	H2BC15	5	Q99877	Maron2021	False
Q99878	Q99878	Q99878	False	canonical_or_unversioned_accession	HIST1H2AC	4	Q99878	Maron2021	False
Q99879	Q99879	Q99879	False	canonical_or_unversioned_accession	HIST1H2BM	5	Q99879	Maron2021	False
Q99880	Q99880	Q99880	False	canonical_or_unversioned_accession	H2BC13	4	Q99880	Maron2021	False
Q99933	Q99933	Q99933	False	canonical_or_unversioned_accession	BAG1	4	Q99933	Maron2021;ProMetheusDB	False
Q99943	Q99943	Q99943	False	canonical_or_unversioned_accession	AGPAT1	3	Q99943	Maron2021	False
Q99958	Q99958	Q99958	False	canonical_or_unversioned_accession	FOXC2	1	Q99958	Maron2021	False
Q99959	Q99959	Q99959	False	canonical_or_unversioned_accession	PKP2	7	Q99959	Maron2021;human_ptm_master	False
Q99961	Q99961	Q99961	False	canonical_or_unversioned_accession	SH3GL1	1	Q99961	Maron2021	False
Q99962	Q99962	Q99962	False	canonical_or_unversioned_accession	SH3GL2	1	Q99962	Maron2021	False
Q99963	Q99963	Q99963	False	canonical_or_unversioned_accession	SH3GL3	1	Q99963	Maron2021	False
Q99967	Q99967	Q99967	False	canonical_or_unversioned_accession	CITED2	1	Q99967	Maron2021	False
Q99972	Q99972	Q99972	False	canonical_or_unversioned_accession	MYOC	1	Q99972	human_ptm_master	False
Q99996	Q99996	Q99996	False	canonical_or_unversioned_accession	AKAP9	3	Q99996	Maron2021	False
Q9BPU6	Q9BPU6	Q9BPU6	False	canonical_or_unversioned_accession	DPYSL5	4	Q9BPU6	Maron2021	False
Q9BPW8	Q9BPW8	Q9BPW8	False	canonical_or_unversioned_accession	NIPSNAP1	2	Q9BPW8	Maron2021	False
Q9BPX1	Q9BPX1	Q9BPX1	False	canonical_or_unversioned_accession	HSD17B14	1	Q9BPX1	Maron2021	False
Q9BPX3	Q9BPX3	Q9BPX3	False	canonical_or_unversioned_accession	NCAPG	3	Q9BPX3	Maron2021	False
Q9BPX5	Q9BPX5	Q9BPX5	False	canonical_or_unversioned_accession	ARPC5L	2	Q9BPX5	Maron2021	False
Q9BQ04	Q9BQ04	Q9BQ04	False	canonical_or_unversioned_accession	RBM4B	2	Q9BQ04	Maron2021	False
Q9BQ52	Q9BQ52	Q9BQ52	False	canonical_or_unversioned_accession	ELAC2	4	Q9BQ52	Maron2021	False
Q9BQ61	Q9BQ61	Q9BQ61	False	canonical_or_unversioned_accession	C19orf43	2	Q9BQ61	Maron2021	False
Q9BQ65	Q9BQ65	Q9BQ65	False	canonical_or_unversioned_accession	C16orf57	1	Q9BQ65	Maron2021	False
Q9BQ67	Q9BQ67	Q9BQ67	False	canonical_or_unversioned_accession	GRWD1	3	Q9BQ67	Maron2021;ProMetheusDB	False
Q9BQ69	Q9BQ69	Q9BQ69	False	canonical_or_unversioned_accession	MACROD1	1	Q9BQ69	Maron2021	False
Q9BQ70	Q9BQ70	Q9BQ70	False	canonical_or_unversioned_accession	TCF25	3	Q9BQ70	Maron2021	False
Q9BQ75	Q9BQ75	Q9BQ75	False	canonical_or_unversioned_accession	CMSS1	1	Q9BQ75	Maron2021;human_ptm_master	False
Q9BQ83	Q9BQ83	Q9BQ83	False	canonical_or_unversioned_accession	SLX1A	1	Q9BQ83	Maron2021	False
Q9BQ90	Q9BQ90	Q9BQ90	False	canonical_or_unversioned_accession	KLHDC3	1	Q9BQ90	Maron2021	False
Q9BQC6	Q9BQC6	Q9BQC6	False	canonical_or_unversioned_accession	MRPL57	1	Q9BQC6	Maron2021	False
Q9BQF6	Q9BQF6	Q9BQF6	False	canonical_or_unversioned_accession	SENP7	1	Q9BQF6	Maron2021	False
Q9BQG0	Q9BQG0	Q9BQG0	False	canonical_or_unversioned_accession	MYBBP1A	3	Q9BQG0	Maron2021	False
Q9BQI0	Q9BQI0	Q9BQI0	False	canonical_or_unversioned_accession	AIF1L	1	Q9BQI0	Maron2021	False
Q9BR39	Q9BR39	Q9BR39	False	canonical_or_unversioned_accession	JPH2	1	Q9BR39	Maron2021	False
Q9BR76	Q9BR76	Q9BR76	False	canonical_or_unversioned_accession	CORO1B	1	Q9BR76	Maron2021	False
Q9BRD0	Q9BRD0	Q9BRD0	False	canonical_or_unversioned_accession	BUD13	2	Q9BRD0	Maron2021;ProMetheusDB	False
Q9BRG1	Q9BRG1	Q9BRG1	False	canonical_or_unversioned_accession	VPS25	1	Q9BRG1	Maron2021	False
Q9BRG2	Q9BRG2	Q9BRG2	False	canonical_or_unversioned_accession	SH2D3A	1	Q9BRG2	Maron2021	False
Q9BRJ9	Q9BRJ9	Q9BRJ9	False	canonical_or_unversioned_accession	MESP1	1	Q9BRJ9	Maron2021	False
Q9BRK4	Q9BRK4	Q9BRK4	False	canonical_or_unversioned_accession	LZTS2	3	Q9BRK4	Maron2021	False
Q9BRK5	Q9BRK5	Q9BRK5	False	canonical_or_unversioned_accession	SDF4	2	Q9BRK5	Maron2021	False
Q9BRL6	Q9BRL6	Q9BRL6	False	canonical_or_unversioned_accession	SRSF8	2	Q9BRL6	Maron2021	False
Q9BRP4	Q9BRP4	Q9BRP4	False	canonical_or_unversioned_accession	PAAF1	4	Q9BRP4	Maron2021	False
Q9BRQ0	Q9BRQ0	Q9BRQ0	False	canonical_or_unversioned_accession	PYGO2	3	Q9BRQ0	Maron2021	False
Q9BRR9	Q9BRR9	Q9BRR9	False	canonical_or_unversioned_accession	ARHGAP9	1	Q9BRR9	Maron2021	False
Q9BRS2	Q9BRS2	Q9BRS2	False	canonical_or_unversioned_accession	RIOK1	1	Q9BRS2	Maron2021	False
Q9BRS8	Q9BRS8	Q9BRS8	False	canonical_or_unversioned_accession	LARP6	1	Q9BRS8	Maron2021	False
Q9BRT9	Q9BRT9	Q9BRT9	False	canonical_or_unversioned_accession	GINS4	1	Q9BRT9	Maron2021	False
Q9BRU9	Q9BRU9	Q9BRU9	False	canonical_or_unversioned_accession	UTP23	1	Q9BRU9	ProMetheusDB	False
Q9BRX2	Q9BRX2	Q9BRX2	False	canonical_or_unversioned_accession	PELO	3	Q9BRX2	Maron2021	False
Q9BRY0	Q9BRY0	Q9BRY0	False	canonical_or_unversioned_accession	SLC39A3	1	Q9BRY0	Maron2021;ProMetheusDB	False
Q9BS26	Q9BS26	Q9BS26	False	canonical_or_unversioned_accession	ERP44	1	Q9BS26	Maron2021	False
Q9BSC4	Q9BSC4	Q9BSC4	False	canonical_or_unversioned_accession	NOL10	2	Q9BSC4	Maron2021	False
Q9BSH4	Q9BSH4	Q9BSH4	False	canonical_or_unversioned_accession	TACO1	1	Q9BSH4	Maron2021	False
Q9BSH5	Q9BSH5	Q9BSH5	False	canonical_or_unversioned_accession	HDHD3	2	Q9BSH5	Maron2021	False
Q9BSI4	Q9BSI4	Q9BSI4	False	canonical_or_unversioned_accession	TINF2	1	Q9BSI4	Maron2021	False
Q9BSJ6	Q9BSJ6	Q9BSJ6	False	canonical_or_unversioned_accession	FAM64A	1	Q9BSJ6	Maron2021	False
Q9BSJ8	Q9BSJ8	Q9BSJ8	False	canonical_or_unversioned_accession	ESYT1	1	Q9BSJ8	Maron2021	False
Q9BSL1	Q9BSL1	Q9BSL1	False	canonical_or_unversioned_accession	UBAC1	1	Q9BSL1	Maron2021	False
Q9BSM1	Q9BSM1	Q9BSM1	False	canonical_or_unversioned_accession	PCGF1	2	Q9BSM1	Maron2021	False
Q9BST9	Q9BST9	Q9BST9	False	canonical_or_unversioned_accession	RTKN	5	Q9BST9	Maron2021;human_ptm_master	False
Q9BSV6	Q9BSV6	Q9BSV6	False	canonical_or_unversioned_accession	TSEN34	1	Q9BSV6	Maron2021	False
Q9BT17	Q9BT17	Q9BT17	False	canonical_or_unversioned_accession	MTG1	1	Q9BT17	Maron2021	False
Q9BT25	Q9BT25	Q9BT25	False	canonical_or_unversioned_accession	HAUS8	3	Q9BT25	Maron2021	False
Q9BT43	Q9BT43	Q9BT43	False	canonical_or_unversioned_accession	POLR3GL	2	Q9BT43	Maron2021	False
Q9BT78	Q9BT78	Q9BT78	False	canonical_or_unversioned_accession	COPS4	1	Q9BT78	Maron2021	False
Q9BTA9	Q9BTA9	Q9BTA9	False	canonical_or_unversioned_accession	WAC	1	Q9BTA9	Maron2021	False
Q9BTC0	Q9BTC0	Q9BTC0	False	canonical_or_unversioned_accession	DIDO1	24	Q9BTC0	Maron2021;ProMetheusDB;human_ptm_master	False
Q9BTC8	Q9BTC8	Q9BTC8	False	canonical_or_unversioned_accession	MTA3	1	Q9BTC8	Maron2021	False
Q9BTD8	Q9BTD8	Q9BTD8	False	canonical_or_unversioned_accession	RBM42	16	Q9BTD8	Maron2021;human_ptm_master	False
Q9BTE3	Q9BTE3	Q9BTE3	False	canonical_or_unversioned_accession	MCMBP	1	Q9BTE3	Maron2021	False
Q9BTE6	Q9BTE6	Q9BTE6	False	canonical_or_unversioned_accession	AARSD1	1	Q9BTE6	Maron2021	False
Q9BTF0	Q9BTF0	Q9BTF0	False	canonical_or_unversioned_accession	THUMPD2	1	Q9BTF0	Maron2021	False
Q9BTK2	Q9BTK2	Q9BTK2	False	canonical_or_unversioned_accession	DANT2	1	Q9BTK2	Maron2021	False
Q9BTL3	Q9BTL3	Q9BTL3	False	canonical_or_unversioned_accession	RAMAC	11	Q9BTL3	Maron2021;human_ptm_master	False
Q9BTM1	Q9BTM1	Q9BTM1	False	canonical_or_unversioned_accession	H2AJ	4	Q9BTM1	Maron2021	False
Q9BTT0	Q9BTT0	Q9BTT0	False	canonical_or_unversioned_accession	ANP32E	3	Q9BTT0	Maron2021	False
Q9BTV4	Q9BTV4	Q9BTV4	False	canonical_or_unversioned_accession	TMEM43	4	Q9BTV4	Maron2021	False
Q9BTV5	Q9BTV5	Q9BTV5	False	canonical_or_unversioned_accession	FSD1	3	Q9BTV5	Maron2021;human_ptm_master	False
Q9BTV7	Q9BTV7	Q9BTV7	False	canonical_or_unversioned_accession	CABLES2	1	Q9BTV7	Maron2021	False
Q9BTY7	Q9BTY7	Q9BTY7	False	canonical_or_unversioned_accession	HGH1	2	Q9BTY7	Maron2021	False
Q9BTZ2	Q9BTZ2	Q9BTZ2	False	canonical_or_unversioned_accession	DHRS4	1	Q9BTZ2	Maron2021	False
Q9BU19	Q9BU19	Q9BU19	False	canonical_or_unversioned_accession	ZNF692	1	Q9BU19	ProMetheusDB	False
Q9BU61	Q9BU61	Q9BU61	False	canonical_or_unversioned_accession	NDUFAF3	1	Q9BU61	Maron2021	False
Q9BU76	Q9BU76	Q9BU76	False	canonical_or_unversioned_accession	MMTAG2	3	Q9BU76	Maron2021;ProMetheusDB	False
Q9BUA3	Q9BUA3	Q9BUA3	False	canonical_or_unversioned_accession	C11orf84	1	Q9BUA3	Maron2021	False
Q9BUB5	Q9BUB5	Q9BUB5	False	canonical_or_unversioned_accession	MKNK1	2	Q9BUB5	Maron2021	False
Q9BUE0	Q9BUE0	Q9BUE0	False	canonical_or_unversioned_accession	MED18	1	Q9BUE0	Maron2021	False
Q9BUF5	Q9BUF5	Q9BUF5	False	canonical_or_unversioned_accession	TUBB6	4	Q9BUF5	Maron2021	False
Q9BUH6	Q9BUH6	Q9BUH6	False	canonical_or_unversioned_accession	C9orf142	2	Q9BUH6	Maron2021	False
Q9BUH8	Q9BUH8	Q9BUH8	False	canonical_or_unversioned_accession	BEGAIN	1	Q9BUH8	Maron2021	False
Q9BUJ2	Q9BUJ2	Q9BUJ2	False	canonical_or_unversioned_accession	HNRNPUL1	20	Q9BUJ2	Maron2021;ProMetheusDB;human_ptm_master	False
Q9BUK6	Q9BUK6	Q9BUK6	False	canonical_or_unversioned_accession	MSTO1	1	Q9BUK6	Maron2021	False
Q9BUL8	Q9BUL8	Q9BUL8	False	canonical_or_unversioned_accession	PDCD10	2	Q9BUL8	Maron2021	False
Q9BUL9	Q9BUL9	Q9BUL9	False	canonical_or_unversioned_accession	RPP25	1	Q9BUL9	Maron2021	False
Q9BUM1	Q9BUM1	Q9BUM1	False	canonical_or_unversioned_accession	G6PC3	1	Q9BUM1	Maron2021	False
Q9BUN8	Q9BUN8	Q9BUN8	False	canonical_or_unversioned_accession	DERL1	1	Q9BUN8	Maron2021	False
Q9BUP0	Q9BUP0	Q9BUP0	False	canonical_or_unversioned_accession	EFHD1	1	Q9BUP0	Maron2021	False
Q9BUP3	Q9BUP3	Q9BUP3	False	canonical_or_unversioned_accession	HTATIP2	1	Q9BUP3	ProMetheusDB	False
Q9BUQ0	Q9BUQ0	Q9BUQ0	False	canonical_or_unversioned_accession	PTBP1	1	Q9BUQ0	Maron2021	False
Q9BUQ8	Q9BUQ8	Q9BUQ8	False	canonical_or_unversioned_accession	DDX23	3	Q9BUQ8	Maron2021;ProMetheusDB	False
Q9BUT9	Q9BUT9	Q9BUT9	False	canonical_or_unversioned_accession	MCRIP2	5	Q9BUT9	Maron2021;human_ptm_master	False
Q9BV20	Q9BV20	Q9BV20	False	canonical_or_unversioned_accession	MRI1	2	Q9BV20	Maron2021	False
Q9BV38	Q9BV38	Q9BV38	False	canonical_or_unversioned_accession	WDR18	1	Q9BV38	Maron2021	False
Q9BV40	Q9BV40	Q9BV40	False	canonical_or_unversioned_accession	VAMP8	1	Q9BV40	Maron2021	False
Q9BV44	Q9BV44	Q9BV44	False	canonical_or_unversioned_accession	THUMPD3	1	Q9BV44	Maron2021	False
Q9BV57	Q9BV57	Q9BV57	False	canonical_or_unversioned_accession	ADI1	3	Q9BV57	Maron2021	False
Q9BV68	Q9BV68	Q9BV68	False	canonical_or_unversioned_accession	RNF126	2	Q9BV68	Maron2021	False
Q9BV79	Q9BV79	Q9BV79	False	canonical_or_unversioned_accession	MECR	1	Q9BV79	Maron2021	False
Q9BV86	Q9BV86	Q9BV86	False	canonical_or_unversioned_accession	METTL11A	1	Q9BV86	Maron2021	False
Q9BVA0	Q9BVA0	Q9BVA0	False	canonical_or_unversioned_accession	KATNB1	1	Q9BVA0	Maron2021	False
Q9BVA1	Q9BVA1	Q9BVA1	False	canonical_or_unversioned_accession	TUBB2A	1	Q9BVA1	Maron2021	False
Q9BVC6	Q9BVC6	Q9BVC6	False	canonical_or_unversioned_accession	TMEM109	1	Q9BVC6	Maron2021	False
Q9BVG8	Q9BVG8	Q9BVG8	False	canonical_or_unversioned_accession	KIFC3	3	Q9BVG8	Maron2021	False
Q9BVK2	Q9BVK2	Q9BVK2	False	canonical_or_unversioned_accession	ALG8	1	Q9BVK2	Maron2021	False
Q9BVL2	Q9BVL2	Q9BVL2	False	canonical_or_unversioned_accession	NUPL1	1	Q9BVL2	Maron2021	False
Q9BVP2	Q9BVP2	Q9BVP2	False	canonical_or_unversioned_accession	GNL3	1	Q9BVP2	Maron2021	False
Q9BVT8	Q9BVT8	Q9BVT8	False	canonical_or_unversioned_accession	TMUB1	1	Q9BVT8	Maron2021	False
Q9BVW5	Q9BVW5	Q9BVW5	False	canonical_or_unversioned_accession	TIPIN	2	Q9BVW5	Maron2021	False
Q9BW19	Q9BW19	Q9BW19	False	canonical_or_unversioned_accession	KIFC1	2	Q9BW19	Maron2021	False
Q9BW27	Q9BW27	Q9BW27	False	canonical_or_unversioned_accession	NUP85	2	Q9BW27	Maron2021	False
Q9BW62	Q9BW62	Q9BW62	False	canonical_or_unversioned_accession	KATNAL1	2	Q9BW62	Maron2021	False
Q9BW71	Q9BW71	Q9BW71	False	canonical_or_unversioned_accession	HIRIP3	3	Q9BW71	Maron2021	False
Q9BW72	Q9BW72	Q9BW72	False	canonical_or_unversioned_accession	HIGD2A	1	Q9BW72	Maron2021	False
Q9BW85	Q9BW85	Q9BW85	False	canonical_or_unversioned_accession	CCDC94	2	Q9BW85	Maron2021	False
Q9BW92	Q9BW92	Q9BW92	False	canonical_or_unversioned_accession	TARS2	1	Q9BW92	Maron2021	False
Q9BWC9	Q9BWC9	Q9BWC9	False	canonical_or_unversioned_accession	CCDC106	1	Q9BWC9	Maron2021	False
Q9BWD1	Q9BWD1	Q9BWD1	False	canonical_or_unversioned_accession	ACAT2	1	Q9BWD1	Maron2021	False
Q9BWF3	Q9BWF3	Q9BWF3	False	canonical_or_unversioned_accession	RBM4B	3	Q9BWF3	Maron2021	False
Q9BWG4	Q9BWG4	Q9BWG4	False	canonical_or_unversioned_accession	SSBP4	1	Q9BWG4	human_ptm_master	False
Q9BWH6	Q9BWH6	Q9BWH6	False	canonical_or_unversioned_accession	RPAP1	1	Q9BWH6	Maron2021	False
Q9BWS9	Q9BWS9	Q9BWS9	False	canonical_or_unversioned_accession	CHID1	2	Q9BWS9	Maron2021	False
Q9BWT3	Q9BWT3	Q9BWT3	False	canonical_or_unversioned_accession	PAPOLG	2	Q9BWT3	Maron2021;ProMetheusDB	False
Q9BWT7	Q9BWT7	Q9BWT7	False	canonical_or_unversioned_accession	CARD10	1	Q9BWT7	Maron2021	False
Q9BWU0	Q9BWU0	Q9BWU0	False	canonical_or_unversioned_accession	SLC4A1AP	1	Q9BWU0	Maron2021	False
Q9BWW4	Q9BWW4	Q9BWW4	False	canonical_or_unversioned_accession	SSBP3	4	Q9BWW4	Maron2021;human_ptm_master	False
Q9BX10	Q9BX10	Q9BX10	False	canonical_or_unversioned_accession	GTPBP2	1	Q9BX10	Maron2021	False
Q9BX40	Q9BX40	Q9BX40	False	canonical_or_unversioned_accession	LSM14B	14	Q9BX40	Maron2021;ProMetheusDB	False
Q9BX46	Q9BX46	Q9BX46	False	canonical_or_unversioned_accession	RBM24	1	Q9BX46	Maron2021	False
Q9BX68	Q9BX68	Q9BX68	False	canonical_or_unversioned_accession	HINT2	1	Q9BX68	Maron2021	False
Q9BX69	Q9BX69	Q9BX69	False	canonical_or_unversioned_accession	CARD6	2	Q9BX69	Maron2021	False
Q9BXB4	Q9BXB4	Q9BXB4	False	canonical_or_unversioned_accession	OSBPL11	1	Q9BXB4	Maron2021	False
Q9BXB5	Q9BXB5	Q9BXB5	False	canonical_or_unversioned_accession	OSBPL10	2	Q9BXB5	Maron2021;human_ptm_master	False
Q9BXF3	Q9BXF3	Q9BXF3	False	canonical_or_unversioned_accession	CECR2	8	Q9BXF3	Maron2021	False
Q9BXF6	Q9BXF6	Q9BXF6	False	canonical_or_unversioned_accession	RAB11FIP5	1	Q9BXF6	Maron2021	False
Q9BXH1	Q9BXH1	Q9BXH1	False	canonical_or_unversioned_accession	BBC3	4	Q9BXH1	Maron2021	False
Q9BXJ9	Q9BXJ9	Q9BXJ9	False	canonical_or_unversioned_accession	NAA15	2	Q9BXJ9	Maron2021	False
Q9BXK1	Q9BXK1	Q9BXK1	False	canonical_or_unversioned_accession	KLF16	1	Q9BXK1	Maron2021	False
Q9BXM0	Q9BXM0	Q9BXM0	False	canonical_or_unversioned_accession	PRX	2	Q9BXM0	Maron2021	False
Q9BXP5	Q9BXP5	Q9BXP5	False	canonical_or_unversioned_accession	SRRT	14	Q9BXP5	Maron2021;ProMetheusDB;human_ptm_master	False
Q9BXS5	Q9BXS5	Q9BXS5	False	canonical_or_unversioned_accession	AP1M1	3	Q9BXS5	Maron2021	False
Q9BXT6	Q9BXT6	Q9BXT6	False	canonical_or_unversioned_accession	MOV10L1	3	Q9BXT6	Maron2021	False
Q9BXW6	Q9BXW6	Q9BXW6	False	canonical_or_unversioned_accession	OSBPL1A	1	Q9BXW6	Maron2021	False
Q9BY12	Q9BY12	Q9BY12	False	canonical_or_unversioned_accession	SCAPER	2	Q9BY12	Maron2021	False
Q9BY66	Q9BY66	Q9BY66	False	canonical_or_unversioned_accession	KDM5D	1	Q9BY66	Maron2021	False
Q9BY76	Q9BY76	Q9BY76	False	canonical_or_unversioned_accession	ANGPTL4	3	Q9BY76	Maron2021;human_ptm_master	False
Q9BY77	Q9BY77	Q9BY77	False	canonical_or_unversioned_accession	POLDIP3	4	Q9BY77	Maron2021;human_ptm_master	False
Q9BY89	Q9BY89	Q9BY89	False	canonical_or_unversioned_accession	KIAA1671	2	Q9BY89	Maron2021	False
Q9BYB0	Q9BYB0	Q9BYB0	False	canonical_or_unversioned_accession	SHANK3	4	Q9BYB0	Maron2021	False
Q9BYB4	Q9BYB4	Q9BYB4	False	canonical_or_unversioned_accession	GNB1L	1	Q9BYB4	Maron2021	False
Q9BYD3	Q9BYD3	Q9BYD3	False	canonical_or_unversioned_accession	MRPL4	2	Q9BYD3	Maron2021;human_ptm_master	False
Q9BYD6	Q9BYD6	Q9BYD6	False	canonical_or_unversioned_accession	MRPL1	1	Q9BYD6	Maron2021	False
Q9BYG3	Q9BYG3	Q9BYG3	False	canonical_or_unversioned_accession	NIFK	4	Q9BYG3	Maron2021;human_ptm_master	False
Q9BYG4	Q9BYG4	Q9BYG4	False	canonical_or_unversioned_accession	PARD6G	1	Q9BYG4	Maron2021	False
Q9BYI3	Q9BYI3	Q9BYI3	False	canonical_or_unversioned_accession	FAM126A	1	Q9BYI3	Maron2021	False
Q9BYJ9	Q9BYJ9	Q9BYJ9	False	canonical_or_unversioned_accession	YTHDF1	1	Q9BYJ9	Maron2021	False
Q9BYN0	Q9BYN0	Q9BYN0	False	canonical_or_unversioned_accession	SRXN1	3	Q9BYN0	Maron2021;ProMetheusDB;human_ptm_master	False
Q9BYN7	Q9BYN7	Q9BYN7	False	canonical_or_unversioned_accession	ZNF341	1	Q9BYN7	Maron2021	False
Q9BYN8	Q9BYN8	Q9BYN8	False	canonical_or_unversioned_accession	MRPS26	2	Q9BYN8	Maron2021	False
Q9BYP7	Q9BYP7	Q9BYP7	False	canonical_or_unversioned_accession	WNK3	1	Q9BYP7	Maron2021	False
Q9BYW2	Q9BYW2	Q9BYW2	False	canonical_or_unversioned_accession	SETD2	3	Q9BYW2	Maron2021	False
Q9BZ67	Q9BZ67	Q9BZ67	False	canonical_or_unversioned_accession	FRMD8	3	Q9BZ67	Maron2021	False
Q9BZ76	Q9BZ76	Q9BZ76	False	canonical_or_unversioned_accession	CNTNAP3	3	Q9BZ76	Maron2021	False
Q9BZE1	Q9BZE1	Q9BZE1	False	canonical_or_unversioned_accession	MRPL37	2	Q9BZE1	Maron2021	False
Q9BZE4	Q9BZE4	Q9BZE4	False	canonical_or_unversioned_accession	GTPBP4	4	Q9BZE4	Maron2021	False
Q9BZE9	Q9BZE9	Q9BZE9	False	canonical_or_unversioned_accession	ASPSCR1	1	Q9BZE9	Maron2021	False
Q9BZI7	Q9BZI7	Q9BZI7	False	canonical_or_unversioned_accession	UPF3B	1	Q9BZI7	Maron2021;human_ptm_master	False
Q9BZJ0	Q9BZJ0	Q9BZJ0	False	canonical_or_unversioned_accession	CRNKL1	1	Q9BZJ0	Maron2021	False
Q9BZK7	Q9BZK7	Q9BZK7	False	canonical_or_unversioned_accession	TBL1XR1	1	Q9BZK7	Maron2021	False
Q9BZL1	Q9BZL1	Q9BZL1	False	canonical_or_unversioned_accession	UBL5	1	Q9BZL1	Maron2021	False
Q9BZQ8	Q9BZQ8	Q9BZQ8	False	canonical_or_unversioned_accession	FAM129A	1	Q9BZQ8	Maron2021	False
Q9BZX2	Q9BZX2	Q9BZX2	False	canonical_or_unversioned_accession	UCK2	1	Q9BZX2	Maron2021	False
Q9BZZ5	Q9BZZ5	Q9BZZ5	False	canonical_or_unversioned_accession	API5	5	Q9BZZ5	Maron2021;ProMetheusDB;human_ptm_master	False
Q9C009	Q9C009	Q9C009	False	canonical_or_unversioned_accession	FOXQ1	1	Q9C009	Maron2021	False
Q9C026	Q9C026	Q9C026	False	canonical_or_unversioned_accession	TRIM9	1	Q9C026	Maron2021	False
Q9C073	Q9C073	Q9C073	False	canonical_or_unversioned_accession	FAM117A	5	Q9C073	Maron2021	False
Q9C075	Q9C075	Q9C075	False	canonical_or_unversioned_accession	KRT23	1	Q9C075	Maron2021	False
Q9C086	Q9C086	Q9C086	False	canonical_or_unversioned_accession	INO80B	3	Q9C086	Maron2021;ProMetheusDB	False
Q9C0A6	Q9C0A6	Q9C0A6	False	canonical_or_unversioned_accession	SETD5	3	Q9C0A6	Maron2021	False
Q9C0B5	Q9C0B5	Q9C0B5	False	canonical_or_unversioned_accession	ZDHHC5	6	Q9C0B5	Maron2021;human_ptm_master	False
Q9C0C2	Q9C0C2	Q9C0C2	False	canonical_or_unversioned_accession	TNKS1BP1	8	Q9C0C2	Maron2021	False
Q9C0C4	Q9C0C4	Q9C0C4	False	canonical_or_unversioned_accession	SEMA4C	1	Q9C0C4	Maron2021	False
Q9C0C7	Q9C0C7	Q9C0C7	False	canonical_or_unversioned_accession	AMBRA1	15	Q9C0C7	Maron2021	False
Q9C0C9	Q9C0C9	Q9C0C9	False	canonical_or_unversioned_accession	UBE2O	1	Q9C0C9	Maron2021	False
Q9C0D2	Q9C0D2	Q9C0D2	False	canonical_or_unversioned_accession	CEP295	1	Q9C0D2	Maron2021	False
Q9C0E4	Q9C0E4	Q9C0E4	False	canonical_or_unversioned_accession	GRIP2	1	Q9C0E4	Maron2021	False
Q9C0G0	Q9C0G0	Q9C0G0	False	canonical_or_unversioned_accession	ZNF407	1	Q9C0G0	Maron2021;ProMetheusDB	False
Q9C0G6	Q9C0G6	Q9C0G6	False	canonical_or_unversioned_accession	DNAH6	2	Q9C0G6	Maron2021	False
Q9C0J8	Q9C0J8	Q9C0J8	False	canonical_or_unversioned_accession	WDR33	34	Q9C0J8	Maron2021;ProMetheusDB;human_ptm_master	False
Q9C0K0	Q9C0K0	Q9C0K0	False	canonical_or_unversioned_accession	BCL11B	6	Q9C0K0	Maron2021	False
Q9GZL7	Q9GZL7	Q9GZL7	False	canonical_or_unversioned_accession	WDR12	2	Q9GZL7	Maron2021	False
Q9GZP4	Q9GZP4	Q9GZP4	False	canonical_or_unversioned_accession	PITHD1	2	Q9GZP4	Maron2021	False
Q9GZQ8	Q9GZQ8	Q9GZQ8	False	canonical_or_unversioned_accession	MAP1LC3B	1	Q9GZQ8	Maron2021	False
Q9GZR2	Q9GZR2	Q9GZR2	False	canonical_or_unversioned_accession	REXO4	1	Q9GZR2	Maron2021	False
Q9GZR7	Q9GZR7	Q9GZR7	False	canonical_or_unversioned_accession	DDX24	1	Q9GZR7	Maron2021	False
Q9GZS1	Q9GZS1	Q9GZS1	False	canonical_or_unversioned_accession	POLR1E	2	Q9GZS1	Maron2021	False
Q9GZT3	Q9GZT3	Q9GZT3	False	canonical_or_unversioned_accession	SLIRP	3	Q9GZT3	Maron2021;ProMetheusDB	False
Q9GZT8	Q9GZT8	Q9GZT8	False	canonical_or_unversioned_accession	NIF3L1	1	Q9GZT8	Maron2021	False
Q9GZU2	Q9GZU2	Q9GZU2	False	canonical_or_unversioned_accession	PEG3	1	Q9GZU2	Maron2021	False
Q9GZU8	Q9GZU8	Q9GZU8	False	canonical_or_unversioned_accession	FAM192A	1	Q9GZU8	Maron2021	False
Q9GZY4	Q9GZY4	Q9GZY4	False	canonical_or_unversioned_accession	C7orf44	2	Q9GZY4	Maron2021	False
Q9H000	Q9H000	Q9H000	False	canonical_or_unversioned_accession	MKRN2	3	Q9H000	Maron2021	False
Q9H013	Q9H013	Q9H013	False	canonical_or_unversioned_accession	ADAM19	1	Q9H013	Maron2021	False
Q9H074	Q9H074	Q9H074	False	canonical_or_unversioned_accession	PAIP1	10	Q9H074	Maron2021;ProMetheusDB;human_ptm_master	False
Q9H089	Q9H089	Q9H089	False	canonical_or_unversioned_accession	LSG1	3	Q9H089	Maron2021;ProMetheusDB	False
Q9H098	Q9H098	Q9H098	False	canonical_or_unversioned_accession	FAM107B	1	Q9H098	Maron2021	False
Q9H0A0	Q9H0A0	Q9H0A0	False	canonical_or_unversioned_accession	NAT10	2	Q9H0A0	Maron2021;ProMetheusDB	False
Q9H0A8	Q9H0A8	Q9H0A8	False	canonical_or_unversioned_accession	COMMD4	1	Q9H0A8	Maron2021	False
Q9H0B3	Q9H0B3	Q9H0B3	False	canonical_or_unversioned_accession	IQCN	3	Q9H0B3	Maron2021	False
Q9H0B6	Q9H0B6	Q9H0B6	False	canonical_or_unversioned_accession	KLC2	2	Q9H0B6	Maron2021	False
Q9H0C5	Q9H0C5	Q9H0C5	False	canonical_or_unversioned_accession	BTBD1	1	Q9H0C5	Maron2021;human_ptm_master	False
Q9H0C8	Q9H0C8	Q9H0C8	False	canonical_or_unversioned_accession	ILKAP	5	Q9H0C8	Maron2021	False
Q9H0D6	Q9H0D6	Q9H0D6	False	canonical_or_unversioned_accession	XRN2	21	Q9H0D6	Maron2021;ProMetheusDB;human_ptm_master	False
Q9H0E3	Q9H0E3	Q9H0E3	False	canonical_or_unversioned_accession	SAP130	7	Q9H0E3	Maron2021;ProMetheusDB;human_ptm_master	False
Q9H0E9	Q9H0E9	Q9H0E9	False	canonical_or_unversioned_accession	BRD8	2	Q9H0E9	Maron2021	False
Q9H0F6	Q9H0F6	Q9H0F6	False	canonical_or_unversioned_accession	SHARPIN	1	Q9H0F6	Maron2021	False
Q9H0H3	Q9H0H3	Q9H0H3	False	canonical_or_unversioned_accession	KLHL25	1	Q9H0H3	Maron2021	False
Q9H0I3	Q9H0I3	Q9H0I3	False	canonical_or_unversioned_accession	CCDC113	1	Q9H0I3	Maron2021	False
Q9H0K1	Q9H0K1	Q9H0K1	False	canonical_or_unversioned_accession	SIK2	1	Q9H0K1	Maron2021	False
Q9H0L4	Q9H0L4	Q9H0L4	False	canonical_or_unversioned_accession	CSTF2T	14	Q9H0L4	Maron2021;ProMetheusDB	False
Q9H0N0	Q9H0N0	Q9H0N0	False	canonical_or_unversioned_accession	RAB6C	1	Q9H0N0	Maron2021	False
Q9H0P0	Q9H0P0	Q9H0P0	False	canonical_or_unversioned_accession	NT5C3	1	Q9H0P0	Maron2021	False
Q9H0R8	Q9H0R8	Q9H0R8	False	canonical_or_unversioned_accession	GABARAPL1	1	Q9H0R8	Maron2021	False
Q9H0U4	Q9H0U4	Q9H0U4	False	canonical_or_unversioned_accession	RAB1B	1	Q9H0U4	Maron2021	False
Q9H0U9	Q9H0U9	Q9H0U9	False	canonical_or_unversioned_accession	TSPYL1	4	Q9H0U9	Maron2021	False
Q9H0V9	Q9H0V9	Q9H0V9	False	canonical_or_unversioned_accession	LMAN2L	1	Q9H0V9	Maron2021	False
Q9H0W5	Q9H0W5	Q9H0W5	False	canonical_or_unversioned_accession	CCDC8	3	Q9H0W5	Maron2021	False
Q9H0W8	Q9H0W8	Q9H0W8	False	canonical_or_unversioned_accession	SMG9	1	Q9H0W8	Maron2021	False
Q9H0W9	Q9H0W9	Q9H0W9	False	canonical_or_unversioned_accession	C11orf54	1	Q9H0W9	Maron2021	False
Q9H0X9	Q9H0X9	Q9H0X9	False	canonical_or_unversioned_accession	OSBPL5	1	Q9H0X9	Maron2021	False
Q9H0Z9	Q9H0Z9	Q9H0Z9	False	canonical_or_unversioned_accession	RBM38	1	Q9H0Z9	Maron2021	False
Q9H112	Q9H112	Q9H112	False	canonical_or_unversioned_accession	CST11	1	Q9H112	Maron2021	False
Q9H147	Q9H147	Q9H147	False	canonical_or_unversioned_accession	DNTTIP1	1	Q9H147	Maron2021	False
Q9H161	Q9H161	Q9H161	False	canonical_or_unversioned_accession	ALX4	1	Q9H161	Maron2021	False
Q9H165	Q9H165	Q9H165	False	canonical_or_unversioned_accession	BCL11A	3	Q9H165	Maron2021	False
Q9H1A4	Q9H1A4	Q9H1A4	False	canonical_or_unversioned_accession	ANAPC1	4	Q9H1A4	Maron2021;ProMetheusDB	False
Q9H1B7	Q9H1B7	Q9H1B7	False	canonical_or_unversioned_accession	IRF2BPL	3	Q9H1B7	Maron2021	False
Q9H1E3	Q9H1E3	Q9H1E3	False	canonical_or_unversioned_accession	NUCKS1	1	Q9H1E3	Maron2021	False
Q9H1I8	Q9H1I8	Q9H1I8	False	canonical_or_unversioned_accession	ASCC2	1	Q9H1I8	Maron2021	False
Q9H1K1	Q9H1K1	Q9H1K1	False	canonical_or_unversioned_accession	ISCU	1	Q9H1K1	human_ptm_master	False
Q9H1Z4	Q9H1Z4	Q9H1Z4	False	canonical_or_unversioned_accession	WDR13	1	Q9H1Z4	Maron2021;ProMetheusDB;human_ptm_master	False
Q9H211	Q9H211	Q9H211	False	canonical_or_unversioned_accession	CDT1	1	Q9H211	Maron2021	False
Q9H223	Q9H223	Q9H223	False	canonical_or_unversioned_accession	EHD4	1	Q9H223	Maron2021	False
Q9H299	Q9H299	Q9H299	False	canonical_or_unversioned_accession	SH3BGRL3	2	Q9H299	Maron2021	False
Q9H2D6	Q9H2D6	Q9H2D6	False	canonical_or_unversioned_accession	TRIOBP	1	Q9H2D6	Maron2021	False
Q9H2F3	Q9H2F3	Q9H2F3	False	canonical_or_unversioned_accession	HSD3B7	1	Q9H2F3	Maron2021	False
Q9H2F5	Q9H2F5	Q9H2F5	False	canonical_or_unversioned_accession	EPC1	1	Q9H2F5	Maron2021	False
Q9H2G2	Q9H2G2	Q9H2G2	False	canonical_or_unversioned_accession	SLK	1	Q9H2G2	Maron2021	False
Q9H2H8	Q9H2H8	Q9H2H8	False	canonical_or_unversioned_accession	PPIL3	2	Q9H2H8	Maron2021	False
Q9H2J4	Q9H2J4	Q9H2J4	False	canonical_or_unversioned_accession	PDCL3	1	Q9H2J4	Maron2021	False
Q9H2M9	Q9H2M9	Q9H2M9	False	canonical_or_unversioned_accession	RAB3GAP2	1	Q9H2M9	Maron2021	False
Q9H2P0	Q9H2P0	Q9H2P0	False	canonical_or_unversioned_accession	ADNP	6	Q9H2P0	Maron2021	False
Q9H2S1	Q9H2S1	Q9H2S1	False	canonical_or_unversioned_accession	KCNN2	1	Q9H2S1	Maron2021	False
Q9H2U1	Q9H2U1	Q9H2U1	False	canonical_or_unversioned_accession	DHX36	7	Q9H2U1	Maron2021;ProMetheusDB	False
Q9H2X6	Q9H2X6	Q9H2X6	False	canonical_or_unversioned_accession	HIPK2	1	Q9H2X6	Maron2021	False
Q9H2Z4	Q9H2Z4	Q9H2Z4	False	canonical_or_unversioned_accession	NKX2-4	1	Q9H2Z4	Maron2021	False
Q9H307	Q9H307	Q9H307	False	canonical_or_unversioned_accession	PNN	6	Q9H307	Maron2021;ProMetheusDB	False
Q9H324	Q9H324	Q9H324	False	canonical_or_unversioned_accession	ADAMTS10	1	Q9H324	Maron2021	False
Q9H329	Q9H329	Q9H329	False	canonical_or_unversioned_accession	EPB41L4B	2	Q9H329	Maron2021	False
Q9H334	Q9H334	Q9H334	False	canonical_or_unversioned_accession	FOXP1	2	Q9H334	Maron2021	False
Q9H336	Q9H336	Q9H336	False	canonical_or_unversioned_accession	CRISPLD1	1	Q9H336	Maron2021	False
Q9H361	Q9H361	Q9H361	False	canonical_or_unversioned_accession	PABPC3	8	Q9H361	Maron2021	False
Q9H3G5	Q9H3G5	Q9H3G5	False	canonical_or_unversioned_accession	CPVL	1	Q9H3G5	Maron2021	False
Q9H3H3	Q9H3H3	Q9H3H3	False	canonical_or_unversioned_accession	C11orf68	5	Q9H3H3	Maron2021;ProMetheusDB;human_ptm_master	False
Q9H3H9	Q9H3H9	Q9H3H9	False	canonical_or_unversioned_accession	TCEAL2	1	Q9H3H9	Maron2021	False
Q9H3K6	Q9H3K6	Q9H3K6	False	canonical_or_unversioned_accession	BOLA2	1	Q9H3K6	Maron2021	False
Q9H3N8	Q9H3N8	Q9H3N8	False	canonical_or_unversioned_accession	HRH4	1	Q9H3N8	Maron2021	False
Q9H3P2	Q9H3P2	Q9H3P2	False	canonical_or_unversioned_accession	NELFA	1	Q9H3P2	Maron2021	False
Q9H3P7	Q9H3P7	Q9H3P7	False	canonical_or_unversioned_accession	ACBD3	3	Q9H3P7	Maron2021	False
Q9H3Q1	Q9H3Q1	Q9H3Q1	False	canonical_or_unversioned_accession	CDC42EP4	1	Q9H3Q1	Maron2021	False
Q9H3R5	Q9H3R5	Q9H3R5	False	canonical_or_unversioned_accession	CENPH	1	Q9H3R5	Maron2021	False
Q9H3S7	Q9H3S7	Q9H3S7	False	canonical_or_unversioned_accession	PTPN23	6	Q9H3S7	Maron2021;human_ptm_master	False
Q9H3T2	Q9H3T2	Q9H3T2	False	canonical_or_unversioned_accession	SEMA6C	1	Q9H3T2	Maron2021	False
Q9H3T3	Q9H3T3	Q9H3T3	False	canonical_or_unversioned_accession	SEMA6B	1	Q9H3T3	Maron2021	False
Q9H3U1	Q9H3U1	Q9H3U1	False	canonical_or_unversioned_accession	UNC45A	1	Q9H3U1	Maron2021	False
Q9H3U7	Q9H3U7	Q9H3U7	False	canonical_or_unversioned_accession	SMOC2	1	Q9H3U7	Maron2021	False
Q9H3Y8	Q9H3Y8	Q9H3Y8	False	canonical_or_unversioned_accession	PPDPF	2	Q9H3Y8	Maron2021	False
Q9H400	Q9H400	Q9H400	False	canonical_or_unversioned_accession	LIME1	1	Q9H400	Maron2021	False
Q9H410	Q9H410	Q9H410	False	canonical_or_unversioned_accession	DSN1	2	Q9H410	Maron2021	False
Q9H425	Q9H425	Q9H425	False	canonical_or_unversioned_accession	C1orf198	3	Q9H425	Maron2021	False
Q9H488	Q9H488	Q9H488	False	canonical_or_unversioned_accession	POFUT1	1	Q9H488	Maron2021	False
Q9H4A4	Q9H4A4	Q9H4A4	False	canonical_or_unversioned_accession	RNPEP	2	Q9H4A4	Maron2021	False
Q9H4B6	Q9H4B6	Q9H4B6	False	canonical_or_unversioned_accession	SAV1	6	Q9H4B6	Maron2021	False
Q9H4H8	Q9H4H8	Q9H4H8	False	canonical_or_unversioned_accession	FAM83D	1	Q9H4H8	Maron2021	False
Q9H4L4	Q9H4L4	Q9H4L4	False	canonical_or_unversioned_accession	SENP3	2	Q9H4L4	Maron2021	False
Q9H4M7	Q9H4M7	Q9H4M7	False	canonical_or_unversioned_accession	PLEKHA4	3	Q9H4M7	Maron2021	False
Q9H4Q4	Q9H4Q4	Q9H4Q4	False	canonical_or_unversioned_accession	PRDM12	2	Q9H4Q4	Maron2021	False
Q9H4W6	Q9H4W6	Q9H4W6	False	canonical_or_unversioned_accession	EBF3	1	Q9H4W6	Maron2021	False
Q9H4Z3	Q9H4Z3	Q9H4Z3	False	canonical_or_unversioned_accession	PCIF1	1	Q9H4Z3	Maron2021	False
Q9H501	Q9H501	Q9H501	False	canonical_or_unversioned_accession	ESF1	2	Q9H501	Maron2021	False
Q9H511	Q9H511	Q9H511	False	canonical_or_unversioned_accession	KLHL31	2	Q9H511	Maron2021	False
Q9H568	Q9H568	Q9H568	False	canonical_or_unversioned_accession	ACTL8	2	Q9H568	Maron2021	False
Q9H582	Q9H582	Q9H582	False	canonical_or_unversioned_accession	ZNF644	1	Q9H582	Maron2021	False
Q9H583	Q9H583	Q9H583	False	canonical_or_unversioned_accession	HEATR1	2	Q9H583	Maron2021	False
Q9H5H4	Q9H5H4	Q9H5H4	False	canonical_or_unversioned_accession	ZNF768	3	Q9H5H4	Maron2021;ProMetheusDB	False
Q9H5Q4	Q9H5Q4	Q9H5Q4	False	canonical_or_unversioned_accession	TFB2M	1	Q9H5Q4	Maron2021	False
Q9H6A9	Q9H6A9	Q9H6A9	False	canonical_or_unversioned_accession	PCNX3	4	Q9H6A9	Maron2021;human_ptm_master	False
Q9H6E5	Q9H6E5	Q9H6E5	False	canonical_or_unversioned_accession	TUT1	1	Q9H6E5	Maron2021	False
Q9H6F5	Q9H6F5	Q9H6F5	False	canonical_or_unversioned_accession	CCDC86	2	Q9H6F5	Maron2021	False
Q9H6H4	Q9H6H4	Q9H6H4	False	canonical_or_unversioned_accession	REEP4	2	Q9H6H4	Maron2021	False
Q9H6K5	Q9H6K5	Q9H6K5	False	canonical_or_unversioned_accession	PRR36	5	Q9H6K5	Maron2021	False
Q9H6L4	Q9H6L4	Q9H6L4	False	canonical_or_unversioned_accession	ARMC7	1	Q9H6L4	Maron2021	False
Q9H6Q4	Q9H6Q4	Q9H6Q4	False	canonical_or_unversioned_accession	NARFL	1	Q9H6Q4	Maron2021	False
Q9H6R0	Q9H6R0	Q9H6R0	False	canonical_or_unversioned_accession	DHX33	4	Q9H6R0	Maron2021;ProMetheusDB	False
Q9H6R4	Q9H6R4	Q9H6R4	False	canonical_or_unversioned_accession	NOL6	1	Q9H6R4	Maron2021	False
Q9H6S0	Q9H6S0	Q9H6S0	False	canonical_or_unversioned_accession	YTHDC2	3	Q9H6S0	Maron2021	False
Q9H6T0	Q9H6T0	Q9H6T0	False	canonical_or_unversioned_accession	ESRP2	1	Q9H6T0	Maron2021	False
Q9H6T3	Q9H6T3	Q9H6T3	False	canonical_or_unversioned_accession	RPAP3	2	Q9H6T3	Maron2021	False
Q9H6U6	Q9H6U6	Q9H6U6	False	canonical_or_unversioned_accession	BCAS3	1	Q9H6U6	Maron2021	False
Q9H6Y7	Q9H6Y7	Q9H6Y7	False	canonical_or_unversioned_accession	RNF167	1	Q9H6Y7	Maron2021	False
Q9H773	Q9H773	Q9H773	False	canonical_or_unversioned_accession	DCTPP1	5	Q9H773	Maron2021	False
Q9H788	Q9H788	Q9H788	False	canonical_or_unversioned_accession	SH2D4A	2	Q9H788	Maron2021	False
Q9H7B2	Q9H7B2	Q9H7B2	False	canonical_or_unversioned_accession	RPF2	2	Q9H7B2	Maron2021	False
Q9H7C9	Q9H7C9	Q9H7C9	False	canonical_or_unversioned_accession	AAMDC	2	Q9H7C9	Maron2021	False
Q9H7D0	Q9H7D0	Q9H7D0	False	canonical_or_unversioned_accession	DOCK5	1	Q9H7D0	Maron2021	False
Q9H7D7	Q9H7D7	Q9H7D7	False	canonical_or_unversioned_accession	WDR26	1	Q9H7D7	Maron2021	False
Q9H7E2	Q9H7E2	Q9H7E2	False	canonical_or_unversioned_accession	TDRD3	2	Q9H7E2	Maron2021	False
Q9H7E9	Q9H7E9	Q9H7E9	False	canonical_or_unversioned_accession	C8orf33	3	Q9H7E9	Maron2021;human_ptm_master	False
Q9H7N4	Q9H7N4	Q9H7N4	False	canonical_or_unversioned_accession	SCAF1	2	Q9H7N4	Maron2021	False
Q9H7P9	Q9H7P9	Q9H7P9	False	canonical_or_unversioned_accession	PLEKHG2	5	Q9H7P9	Maron2021	False
Q9H7S9	Q9H7S9	Q9H7S9	False	canonical_or_unversioned_accession	ZNF703	3	Q9H7S9	Maron2021	False
Q9H7U1	Q9H7U1	Q9H7U1	False	canonical_or_unversioned_accession	FAM190B	3	Q9H7U1	Maron2021	False
Q9H832	Q9H832	Q9H832	False	canonical_or_unversioned_accession	UBE2Z	1	Q9H832	Maron2021	False
Q9H840	Q9H840	Q9H840	False	canonical_or_unversioned_accession	GEMIN7	3	Q9H840	Maron2021	False
Q9H845	Q9H845	Q9H845	False	canonical_or_unversioned_accession	ACAD9	3	Q9H845	Maron2021	False
Q9H857	Q9H857	Q9H857	False	canonical_or_unversioned_accession	NT5DC2	1	Q9H857	Maron2021	False
Q9H875	Q9H875	Q9H875	False	canonical_or_unversioned_accession	PRKRIP1	2	Q9H875	Maron2021	False
Q9H8H0	Q9H8H0	Q9H8H0	False	canonical_or_unversioned_accession	NOL11	4	Q9H8H0	Maron2021	False
Q9H8H2	Q9H8H2	Q9H8H2	False	canonical_or_unversioned_accession	DDX31	1	Q9H8H2	Maron2021;ProMetheusDB;human_ptm_master	False
Q9H8U3	Q9H8U3	Q9H8U3	False	canonical_or_unversioned_accession	ZFAND3	2	Q9H8U3	Maron2021	False
Q9H8V3	Q9H8V3	Q9H8V3	False	canonical_or_unversioned_accession	ECT2	1	Q9H8V3	Maron2021	False
Q9H8Y5	Q9H8Y5	Q9H8Y5	False	canonical_or_unversioned_accession	ANKZF1	2	Q9H8Y5	Maron2021	False
Q9H8Y8	Q9H8Y8	Q9H8Y8	False	canonical_or_unversioned_accession	GORASP2	1	Q9H8Y8	Maron2021	False
Q9H910	Q9H910	Q9H910	False	canonical_or_unversioned_accession	JPT2	1	Q9H910	Maron2021	False
Q9H992	Q9H992	Q9H992	False	canonical_or_unversioned_accession	MARCHF7	3	Q9H992	Maron2021	False
Q9H9A5	Q9H9A5	Q9H9A5	False	canonical_or_unversioned_accession	CNOT10	1	Q9H9A5	Maron2021	False
Q9H9A6	Q9H9A6	Q9H9A6	False	canonical_or_unversioned_accession	LRRC40	2	Q9H9A6	Maron2021	False
Q9H9B1	Q9H9B1	Q9H9B1	False	canonical_or_unversioned_accession	EHMT1	2	Q9H9B1	Maron2021	False
Q9H9B4	Q9H9B4	Q9H9B4	False	canonical_or_unversioned_accession	SFXN1	1	Q9H9B4	Maron2021	False
Q9H9D4	Q9H9D4	Q9H9D4	False	canonical_or_unversioned_accession	ZNF408	1	Q9H9D4	Maron2021	False
Q9H9E3	Q9H9E3	Q9H9E3	False	canonical_or_unversioned_accession	COG4	1	Q9H9E3	Maron2021	False
Q9H9F9	Q9H9F9	Q9H9F9	False	canonical_or_unversioned_accession	ACTR5	2	Q9H9F9	Maron2021	False
Q9H9H4	Q9H9H4	Q9H9H4	False	canonical_or_unversioned_accession	VPS37B	3	Q9H9H4	Maron2021;human_ptm_master	False
Q9H9J2	Q9H9J2	Q9H9J2	False	canonical_or_unversioned_accession	MRPL44	1	Q9H9J2	Maron2021	False
Q9H9L4	Q9H9L4	Q9H9L4	False	canonical_or_unversioned_accession	KANSL2	1	Q9H9L4	Maron2021	False
Q9H9P8	Q9H9P8	Q9H9P8	False	canonical_or_unversioned_accession	L2HGDH	1	Q9H9P8	Maron2021	False
Q9H9S3	Q9H9S3	Q9H9S3	False	canonical_or_unversioned_accession	SEC61A2	1	Q9H9S3	Maron2021	False
Q9H9T3	Q9H9T3	Q9H9T3	False	canonical_or_unversioned_accession	ELP3	1	Q9H9T3	Maron2021	False
Q9H9Y2	Q9H9Y2	Q9H9Y2	False	canonical_or_unversioned_accession	RPF1	1	Q9H9Y2	Maron2021	False
Q9HA47	Q9HA47	Q9HA47	False	canonical_or_unversioned_accession	UCK1	1	Q9HA47	Maron2021	False
Q9HA64	Q9HA64	Q9HA64	False	canonical_or_unversioned_accession	FN3KRP	3	Q9HA64	Maron2021	False
Q9HA92	Q9HA92	Q9HA92	False	canonical_or_unversioned_accession	RSAD1	1	Q9HA92	Maron2021	False
Q9HAH7	Q9HAH7	Q9HAH7	False	canonical_or_unversioned_accession	FBRS	12	Q9HAH7	Maron2021;human_ptm_master	False
Q9HAN9	Q9HAN9	Q9HAN9	False	canonical_or_unversioned_accession	NMNAT1	1	Q9HAN9	Maron2021	False
Q9HAP6	Q9HAP6	Q9HAP6	False	canonical_or_unversioned_accession	LIN7B	1	Q9HAP6	ProMetheusDB	False
Q9HAT8	Q9HAT8	Q9HAT8	False	canonical_or_unversioned_accession	PELI2	2	Q9HAT8	Maron2021	False
Q9HAU0	Q9HAU0	Q9HAU0	False	canonical_or_unversioned_accession	PLEKHA5	2	Q9HAU0	Maron2021	False
Q9HAU4	Q9HAU4	Q9HAU4	False	canonical_or_unversioned_accession	SMURF2	4	Q9HAU4	Maron2021	False
Q9HAV0	Q9HAV0	Q9HAV0	False	canonical_or_unversioned_accession	GNB4	1	Q9HAV0	Maron2021	False
Q9HAV4	Q9HAV4	Q9HAV4	False	canonical_or_unversioned_accession	XPO5	1	Q9HAV4	Maron2021	False
Q9HAW4	Q9HAW4	Q9HAW4	False	canonical_or_unversioned_accession	CLSPN	2	Q9HAW4	Maron2021	False
Q9HB09	Q9HB09	Q9HB09	False	canonical_or_unversioned_accession	BCL2L12	1	Q9HB09	Maron2021	False
Q9HB19	Q9HB19	Q9HB19	False	canonical_or_unversioned_accession	PLEKHA2	3	Q9HB19	Maron2021;ProMetheusDB	False
Q9HB71	Q9HB71	Q9HB71	False	canonical_or_unversioned_accession	CACYBP	1	Q9HB71	Maron2021	False
Q9HB96	Q9HB96	Q9HB96	False	canonical_or_unversioned_accession	FANCE	2	Q9HB96	Maron2021	False
Q9HBD1	Q9HBD1	Q9HBD1	False	canonical_or_unversioned_accession	RC3H2	3	Q9HBD1	Maron2021	False
Q9HBD4	Q9HBD4	Q9HBD4	False	canonical_or_unversioned_accession	SMARCA4	3	Q9HBD4	Maron2021	False
Q9HBE1	Q9HBE1	Q9HBE1	False	canonical_or_unversioned_accession	PATZ1	1	Q9HBE1	Maron2021	False
Q9HBE5	Q9HBE5	Q9HBE5	False	canonical_or_unversioned_accession	IL21R	1	Q9HBE5	Maron2021	False
Q9HBI1	Q9HBI1	Q9HBI1	False	canonical_or_unversioned_accession	PARVB	1	Q9HBI1	Maron2021	False
Q9HBI6	Q9HBI6	Q9HBI6	False	canonical_or_unversioned_accession	CYP4F11	1	Q9HBI6	Maron2021	False
Q9HBM6	Q9HBM6	Q9HBM6	False	canonical_or_unversioned_accession	TAF9B	2	Q9HBM6	Maron2021	False
Q9HBR0	Q9HBR0	Q9HBR0	False	canonical_or_unversioned_accession	SLC38A10	1	Q9HBR0	Maron2021	False
Q9HBU6	Q9HBU6	Q9HBU6	False	canonical_or_unversioned_accession	ETNK1	1	Q9HBU6	Maron2021	False
Q9HBZ2	Q9HBZ2	Q9HBZ2	False	canonical_or_unversioned_accession	ARNT2	3	Q9HBZ2	Maron2021	False
Q9HC35	Q9HC35	Q9HC35	False	canonical_or_unversioned_accession	EML4	3	Q9HC35	Maron2021	False
Q9HC44	Q9HC44	Q9HC44	False	canonical_or_unversioned_accession	GPBP1L1	2	Q9HC44	Maron2021	False
Q9HC52	Q9HC52	Q9HC52	False	canonical_or_unversioned_accession	CBX8	1	Q9HC52	Maron2021	False
Q9HC96	Q9HC96	Q9HC96	False	canonical_or_unversioned_accession	CAPN10	1	Q9HC96	Maron2021	False
Q9HC97	Q9HC97	Q9HC97	False	canonical_or_unversioned_accession	GPR35	1	Q9HC97	Maron2021	False
Q9HC98	Q9HC98	Q9HC98	False	canonical_or_unversioned_accession	NEK6	2	Q9HC98	Maron2021	False
Q9HCC0	Q9HCC0	Q9HCC0	False	canonical_or_unversioned_accession	MCCC2	2	Q9HCC0	Maron2021	False
Q9HCD5	Q9HCD5	Q9HCD5	False	canonical_or_unversioned_accession	NCOA5	3	Q9HCD5	Maron2021	False
Q9HCD6	Q9HCD6	Q9HCD6	False	canonical_or_unversioned_accession	TANC2	7	Q9HCD6	Maron2021;ProMetheusDB	False
Q9HCE1	Q9HCE1	Q9HCE1	False	canonical_or_unversioned_accession	MOV10	3	Q9HCE1	Maron2021	False
Q9HCE5	Q9HCE5	Q9HCE5	False	canonical_or_unversioned_accession	METTL14	6	Q9HCE5	Maron2021	False
Q9HCG8	Q9HCG8	Q9HCG8	False	canonical_or_unversioned_accession	CWC22	1	Q9HCG8	Maron2021	False
Q9HCH3	Q9HCH3	Q9HCH3	False	canonical_or_unversioned_accession	CPNE5	1	Q9HCH3	Maron2021	False
Q9HCJ0	Q9HCJ0	Q9HCJ0	False	canonical_or_unversioned_accession	TNRC6C	2	Q9HCJ0	Maron2021;human_ptm_master	False
Q9HCK8	Q9HCK8	Q9HCK8	False	canonical_or_unversioned_accession	CHD8	4	Q9HCK8	Maron2021	False
Q9HCL2	Q9HCL2	Q9HCL2	False	canonical_or_unversioned_accession	GPAM	1	Q9HCL2	Maron2021	False
Q9HCM3	Q9HCM3	Q9HCM3	False	canonical_or_unversioned_accession	KIAA1549	1	Q9HCM3	Maron2021	False
Q9HCM7	Q9HCM7	Q9HCM7	False	canonical_or_unversioned_accession	FBRSL1	3	Q9HCM7	Maron2021	False
Q9HCN8	Q9HCN8	Q9HCN8	False	canonical_or_unversioned_accession	SDF2L1	2	Q9HCN8	Maron2021	False
Q9HCS7	Q9HCS7	Q9HCS7	False	canonical_or_unversioned_accession	XAB2	2	Q9HCS7	Maron2021	False
Q9HD15	Q9HD15	Q9HD15	False	canonical_or_unversioned_accession	SRA1	3	Q9HD15	Maron2021	False
Q9HD20	Q9HD20	Q9HD20	False	canonical_or_unversioned_accession	ATP13A1	1	Q9HD20	Maron2021	False
Q9HD40	Q9HD40	Q9HD40	False	canonical_or_unversioned_accession	SEPSECS	1	Q9HD40	Maron2021	False
Q9HD45	Q9HD45	Q9HD45	False	canonical_or_unversioned_accession	TM9SF3	1	Q9HD45	Maron2021	False
Q9NNW5	Q9NNW5	Q9NNW5	False	canonical_or_unversioned_accession	WDR6	2	Q9NNW5	Maron2021	False
Q9NP08	Q9NP08	Q9NP08	False	canonical_or_unversioned_accession	HMX1	2	Q9NP08	Maron2021	False
Q9NP50	Q9NP50	Q9NP50	False	canonical_or_unversioned_accession	SINHCAF	1	Q9NP50	Maron2021	False
Q9NP61	Q9NP61	Q9NP61	False	canonical_or_unversioned_accession	ARFGAP3	1	Q9NP61	Maron2021	False
Q9NP73	Q9NP73	Q9NP73	False	canonical_or_unversioned_accession	ALG13	2	Q9NP73	Maron2021	False
Q9NP77	Q9NP77	Q9NP77	False	canonical_or_unversioned_accession	SSU72	1	Q9NP77	Maron2021	False
Q9NP79	Q9NP79	Q9NP79	False	canonical_or_unversioned_accession	VTA1	3	Q9NP79	Maron2021	False
Q9NP80	Q9NP80	Q9NP80	False	canonical_or_unversioned_accession	PNPLA8	1	Q9NP80	Maron2021	False
Q9NP92	Q9NP92	Q9NP92	False	canonical_or_unversioned_accession	MRPS30	1	Q9NP92	Maron2021	False
Q9NPB8	Q9NPB8	Q9NPB8	False	canonical_or_unversioned_accession	GPCPD1	3	Q9NPB8	Maron2021	False
Q9NPC4	Q9NPC4	Q9NPC4	False	canonical_or_unversioned_accession	A4GALT	1	Q9NPC4	Maron2021	False
Q9NPD3	Q9NPD3	Q9NPD3	False	canonical_or_unversioned_accession	EXOSC4	2	Q9NPD3	Maron2021	False
Q9NPE3	Q9NPE3	Q9NPE3	False	canonical_or_unversioned_accession	NOP10	2	Q9NPE3	Maron2021	False
Q9NPF4	Q9NPF4	Q9NPF4	False	canonical_or_unversioned_accession	OSGEP	2	Q9NPF4	Maron2021	False
Q9NPF5	Q9NPF5	Q9NPF5	False	canonical_or_unversioned_accession	DMAP1	1	Q9NPF5	Maron2021	False
Q9NPG1	Q9NPG1	Q9NPG1	False	canonical_or_unversioned_accession	FZD3	1	Q9NPG1	Maron2021	False
Q9NPH2	Q9NPH2	Q9NPH2	False	canonical_or_unversioned_accession	ISYNA1	1	Q9NPH2	Maron2021	False
Q9NPI1	Q9NPI1	Q9NPI1	False	canonical_or_unversioned_accession	BRD7	1	Q9NPI1	Maron2021	False
Q9NPI6	Q9NPI6	Q9NPI6	False	canonical_or_unversioned_accession	DCP1A	1	Q9NPI6	Maron2021;human_ptm_master	False
Q9NPQ8	Q9NPQ8	Q9NPQ8	False	canonical_or_unversioned_accession	RIC8A	1	Q9NPQ8	Maron2021	False
Q9NPY3	Q9NPY3	Q9NPY3	False	canonical_or_unversioned_accession	CD93	1	Q9NPY3	Maron2021	False
Q9NQ48	Q9NQ48	Q9NQ48	False	canonical_or_unversioned_accession	LZTFL1	1	Q9NQ48	Maron2021	False
Q9NQ55	Q9NQ55	Q9NQ55	False	canonical_or_unversioned_accession	PPAN	3	Q9NQ55	Maron2021;human_ptm_master	False
Q9NQ87	Q9NQ87	Q9NQ87	False	canonical_or_unversioned_accession	HEYL	1	Q9NQ87	Maron2021	False
Q9NQ88	Q9NQ88	Q9NQ88	False	canonical_or_unversioned_accession	TIGAR	1	Q9NQ88	Maron2021	False
Q9NQ92	Q9NQ92	Q9NQ92	False	canonical_or_unversioned_accession	COPR5	4	Q9NQ92	Maron2021	False
Q9NQ94	Q9NQ94	Q9NQ94	False	canonical_or_unversioned_accession	A1CF	2	Q9NQ94	Maron2021	False
Q9NQB0	Q9NQB0	Q9NQB0	False	canonical_or_unversioned_accession	TCF7L2	2	Q9NQB0	Maron2021	False
Q9NQG5	Q9NQG5	Q9NQG5	False	canonical_or_unversioned_accession	RPRD1B	2	Q9NQG5	Maron2021	False
Q9NQL9	Q9NQL9	Q9NQL9	False	canonical_or_unversioned_accession	DMRT3	1	Q9NQL9	Maron2021	False
Q9NQR4	Q9NQR4	Q9NQR4	False	canonical_or_unversioned_accession	NIT2	1	Q9NQR4	Maron2021	False
Q9NQR7	Q9NQR7	Q9NQR7	False	canonical_or_unversioned_accession	CCDC177	2	Q9NQR7	Maron2021	False
Q9NQS1	Q9NQS1	Q9NQS1	False	canonical_or_unversioned_accession	AVEN	8	Q9NQS1	Maron2021;ProMetheusDB	False
Q9NQS7	Q9NQS7	Q9NQS7	False	canonical_or_unversioned_accession	INCENP	1	Q9NQS7	Maron2021	False
Q9NQT8	Q9NQT8	Q9NQT8	False	canonical_or_unversioned_accession	KIF13B	1	Q9NQT8	Maron2021	False
Q9NQX0	Q9NQX0	Q9NQX0	False	canonical_or_unversioned_accession	PRDM6	1	Q9NQX0	Maron2021	False
Q9NQX3	Q9NQX3	Q9NQX3	False	canonical_or_unversioned_accession	GPHN	1	Q9NQX3	Maron2021	False
Q9NQX4	Q9NQX4	Q9NQX4	False	canonical_or_unversioned_accession	MYO5C	1	Q9NQX4	Maron2021	False
Q9NR12	Q9NR12	Q9NR12	False	canonical_or_unversioned_accession	PDLIM7	7	Q9NR12	Maron2021;ProMetheusDB;human_ptm_master	False
Q9NR22	Q9NR22	Q9NR22	False	canonical_or_unversioned_accession	PRMT8	2	Q9NR22	Maron2021;human_ptm_master	False
Q9NR30	Q9NR30	Q9NR30	False	canonical_or_unversioned_accession	DDX21	7	Q9NR30	Maron2021	False
Q9NR33	Q9NR33	Q9NR33	False	canonical_or_unversioned_accession	POLE4	1	Q9NR33	Maron2021	False
Q9NR45	Q9NR45	Q9NR45	False	canonical_or_unversioned_accession	S	1	Q9NR45	Maron2021;ProMetheusDB	False
Q9NR46	Q9NR46	Q9NR46	False	canonical_or_unversioned_accession	SH3GLB2	3	Q9NR46	Maron2021	False
Q9NR48	Q9NR48	Q9NR48	False	canonical_or_unversioned_accession	ASH1L	2	Q9NR48	Maron2021	False
Q9NR50	Q9NR50	Q9NR50	False	canonical_or_unversioned_accession	EIF2B3	1	Q9NR50	Maron2021	False
Q9NR56	Q9NR56	Q9NR56	False	canonical_or_unversioned_accession	MBNL1	2	Q9NR56	Maron2021	False
Q9NR99	Q9NR99	Q9NR99	False	canonical_or_unversioned_accession	MXRA5	2	Q9NR99	Maron2021	False
Q9NRA8	Q9NRA8	Q9NRA8	False	canonical_or_unversioned_accession	EIF4ENIF1	6	Q9NRA8	Maron2021;ProMetheusDB	False
Q9NRC8	Q9NRC8	Q9NRC8	False	canonical_or_unversioned_accession	SIRT7	2	Q9NRC8	Maron2021;human_ptm_master	False
Q9NRF2	Q9NRF2	Q9NRF2	False	canonical_or_unversioned_accession	SH2B1	3	Q9NRF2	Maron2021;human_ptm_master	False
Q9NRF8	Q9NRF8	Q9NRF8	False	canonical_or_unversioned_accession	CTPS2	3	Q9NRF8	Maron2021	False
Q9NRF9	Q9NRF9	Q9NRF9	False	canonical_or_unversioned_accession	POLE3	2	Q9NRF9	Maron2021	False
Q9NRH2	Q9NRH2	Q9NRH2	False	canonical_or_unversioned_accession	SNRK	1	Q9NRH2	Maron2021	False
Q9NRI5	Q9NRI5	Q9NRI5	False	canonical_or_unversioned_accession	DISC1	2	Q9NRI5	Maron2021	False
Q9NRJ4	Q9NRJ4	Q9NRJ4	False	canonical_or_unversioned_accession	TULP4	4	Q9NRJ4	Maron2021	False
Q9NRL2	Q9NRL2	Q9NRL2	False	canonical_or_unversioned_accession	BAZ1A	2	Q9NRL2	Maron2021	False
Q9NRN7	Q9NRN7	Q9NRN7	False	canonical_or_unversioned_accession	AASDHPPT	4	Q9NRN7	Maron2021	False
Q9NRP2	Q9NRP2	Q9NRP2	False	canonical_or_unversioned_accession	CMC2	1	Q9NRP2	Maron2021	False
Q9NRR4	Q9NRR4	Q9NRR4	False	canonical_or_unversioned_accession	DROSHA	3	Q9NRR4	Maron2021;ProMetheusDB	False
Q9NRS6	Q9NRS6	Q9NRS6	False	canonical_or_unversioned_accession	SNX15	1	Q9NRS6	Maron2021	False
Q9NRW1	Q9NRW1	Q9NRW1	False	canonical_or_unversioned_accession	RAB6B	2	Q9NRW1	Maron2021	False
Q9NRX1	Q9NRX1	Q9NRX1	False	canonical_or_unversioned_accession	PNO1	1	Q9NRX1	Maron2021	False
Q9NRX2	Q9NRX2	Q9NRX2	False	canonical_or_unversioned_accession	MRPL17	1	Q9NRX2	Maron2021	False
Q9NRZ9	Q9NRZ9	Q9NRZ9	False	canonical_or_unversioned_accession	HELLS	2	Q9NRZ9	Maron2021	False
Q9NS23	Q9NS23	Q9NS23	False	canonical_or_unversioned_accession	RASSF1	3	Q9NS23	Maron2021;human_ptm_master	False
Q9NS56	Q9NS56	Q9NS56	False	canonical_or_unversioned_accession	TOPORS	2	Q9NS56	Maron2021	False
Q9NS62	Q9NS62	Q9NS62	False	canonical_or_unversioned_accession	THSD1	1	Q9NS62	Maron2021	False
Q9NS69	Q9NS69	Q9NS69	False	canonical_or_unversioned_accession	TOMM22	2	Q9NS69	Maron2021	False
Q9NS87	Q9NS87	Q9NS87	False	canonical_or_unversioned_accession	KIF15	2	Q9NS87	Maron2021	False
Q9NS91	Q9NS91	Q9NS91	False	canonical_or_unversioned_accession	RAD18	1	Q9NS91	Maron2021	False
Q9NSC5	Q9NSC5	Q9NSC5	False	canonical_or_unversioned_accession	HOMER3	1	Q9NSC5	Maron2021	False
Q9NSD7	Q9NSD7	Q9NSD7	False	canonical_or_unversioned_accession	RXFP3	2	Q9NSD7	Maron2021	False
Q9NSD9	Q9NSD9	Q9NSD9	False	canonical_or_unversioned_accession	FARSB	2	Q9NSD9	Maron2021	False
Q9NSE4	Q9NSE4	Q9NSE4	False	canonical_or_unversioned_accession	IARS2	1	Q9NSE4	Maron2021	False
Q9NSI2	Q9NSI2	Q9NSI2	False	canonical_or_unversioned_accession	FAM207A	1	Q9NSI2	Maron2021	False
Q9NSK0	Q9NSK0	Q9NSK0	False	canonical_or_unversioned_accession	KLC4	2	Q9NSK0	Maron2021	False
Q9NSQ0	Q9NSQ0	Q9NSQ0	False	canonical_or_unversioned_accession	RRP7B	1	Q9NSQ0	Maron2021	False
Q9NSV4	Q9NSV4	Q9NSV4	False	canonical_or_unversioned_accession	DIAPH3	6	Q9NSV4	Maron2021	False
Q9NSY1	Q9NSY1	Q9NSY1	False	canonical_or_unversioned_accession	BMP2K	1	Q9NSY1	Maron2021	False
Q9NT62	Q9NT62	Q9NT62	False	canonical_or_unversioned_accession	ATG3	1	Q9NT62	Maron2021	False
Q9NTG1	Q9NTG1	Q9NTG1	False	canonical_or_unversioned_accession	PKDREJ	2	Q9NTG1	Maron2021	False
Q9NTG7	Q9NTG7	Q9NTG7	False	canonical_or_unversioned_accession	SIRT3	4	Q9NTG7	Maron2021	False
Q9NTI5	Q9NTI5	Q9NTI5	False	canonical_or_unversioned_accession	PDS5B	1	Q9NTI5	Maron2021	False
Q9NTJ3	Q9NTJ3	Q9NTJ3	False	canonical_or_unversioned_accession	SMC4	5	Q9NTJ3	Maron2021	False
Q9NTZ6	Q9NTZ6	Q9NTZ6	False	canonical_or_unversioned_accession	RBM12	2	Q9NTZ6	Maron2021	False
Q9NU22	Q9NU22	Q9NU22	False	canonical_or_unversioned_accession	MDN1	6	Q9NU22	Maron2021	False
Q9NU39	Q9NU39	Q9NU39	False	canonical_or_unversioned_accession	FOXD4L1	1	Q9NU39	Maron2021	False
Q9NUA8	Q9NUA8	Q9NUA8	False	canonical_or_unversioned_accession	ZBTB40	1	Q9NUA8	Maron2021	False
Q9NUC0	Q9NUC0	Q9NUC0	False	canonical_or_unversioned_accession	SERTAD4	1	Q9NUC0	Maron2021	False
Q9NUD5	Q9NUD5	Q9NUD5	False	canonical_or_unversioned_accession	ZCCHC3	3	Q9NUD5	Maron2021	False
Q9NUI1	Q9NUI1	Q9NUI1	False	canonical_or_unversioned_accession	DECR2	1	Q9NUI1	Maron2021	False
Q9NUL3	Q9NUL3	Q9NUL3	False	canonical_or_unversioned_accession	STAU2	2	Q9NUL3	Maron2021;ProMetheusDB	False
Q9NUP9	Q9NUP9	Q9NUP9	False	canonical_or_unversioned_accession	LIN7C	3	Q9NUP9	Maron2021	False
Q9NUQ3	Q9NUQ3	Q9NUQ3	False	canonical_or_unversioned_accession	TXLNG	3	Q9NUQ3	Maron2021;ProMetheusDB;human_ptm_master	False
Q9NUQ6	Q9NUQ6	Q9NUQ6	False	canonical_or_unversioned_accession	SPATS2L	1	Q9NUQ6	Maron2021	False
Q9NUQ7	Q9NUQ7	Q9NUQ7	False	canonical_or_unversioned_accession	UFSP2	1	Q9NUQ7	Maron2021	False
Q9NUQ8	Q9NUQ8	Q9NUQ8	False	canonical_or_unversioned_accession	ABCF3	1	Q9NUQ8	Maron2021	False
Q9NUQ9	Q9NUQ9	Q9NUQ9	False	canonical_or_unversioned_accession	FAM49B	2	Q9NUQ9	Maron2021	False
Q9NUU7	Q9NUU7	Q9NUU7	False	canonical_or_unversioned_accession	DDX19A	1	Q9NUU7	Maron2021	False
Q9NUY8	Q9NUY8	Q9NUY8	False	canonical_or_unversioned_accession	TBC1D23	1	Q9NUY8	Maron2021	False
Q9NV06	Q9NV06	Q9NV06	False	canonical_or_unversioned_accession	DCAF13	1	Q9NV06	Maron2021	False
Q9NV35	Q9NV35	Q9NV35	False	canonical_or_unversioned_accession	NUDT15	2	Q9NV35	Maron2021	False
Q9NV64	Q9NV64	Q9NV64	False	canonical_or_unversioned_accession	TMEM39A	1	Q9NV64	Maron2021	False
Q9NVI1	Q9NVI1	Q9NVI1	False	canonical_or_unversioned_accession	FANCI	1	Q9NVI1	Maron2021	False
Q9NVI7	Q9NVI7	Q9NVI7	False	canonical_or_unversioned_accession	ATAD3B	2	Q9NVI7	Maron2021	False
Q9NVM4	Q9NVM4	Q9NVM4	False	canonical_or_unversioned_accession	PRMT7	3	Q9NVM4	Maron2021;ProMetheusDB	False
Q9NVM9	Q9NVM9	Q9NVM9	False	canonical_or_unversioned_accession	INTS13	1	Q9NVM9	Maron2021	False
Q9NVP1	Q9NVP1	Q9NVP1	False	canonical_or_unversioned_accession	DDX18	2	Q9NVP1	Maron2021	False
Q9NVP4	Q9NVP4	Q9NVP4	False	canonical_or_unversioned_accession	DZANK1	1	Q9NVP4	Maron2021	False
Q9NVS2	Q9NVS2	Q9NVS2	False	canonical_or_unversioned_accession	MRPS18A	1	Q9NVS2	Maron2021	False
Q9NVS9	Q9NVS9	Q9NVS9	False	canonical_or_unversioned_accession	PNPO	4	Q9NVS9	Maron2021	False
Q9NVU7	Q9NVU7	Q9NVU7	False	canonical_or_unversioned_accession	SDAD1	2	Q9NVU7	Maron2021	False
Q9NVW2	Q9NVW2	Q9NVW2	False	canonical_or_unversioned_accession	RLIM	5	Q9NVW2	Maron2021;ProMetheusDB	False
Q9NVZ3	Q9NVZ3	Q9NVZ3	False	canonical_or_unversioned_accession	NECAP2	1	Q9NVZ3	Maron2021	False
Q9NW08	Q9NW08	Q9NW08	False	canonical_or_unversioned_accession	POLR3B	1	Q9NW08	Maron2021	False
Q9NW13	Q9NW13	Q9NW13	False	canonical_or_unversioned_accession	RBM28	3	Q9NW13	Maron2021	False
Q9NW64	Q9NW64	Q9NW64	False	canonical_or_unversioned_accession	RBM22	2	Q9NW64	Maron2021;ProMetheusDB	False
Q9NW68	Q9NW68	Q9NW68	False	canonical_or_unversioned_accession	BSDC1	1	Q9NW68	Maron2021	False
Q9NW75	Q9NW75	Q9NW75	False	canonical_or_unversioned_accession	GPATCH2	2	Q9NW75	Maron2021	False
Q9NW82	Q9NW82	Q9NW82	False	canonical_or_unversioned_accession	WDR70	2	Q9NW82	Maron2021;ProMetheusDB	False
Q9NWB1	Q9NWB1	Q9NWB1	False	canonical_or_unversioned_accession	RBFOX1	4	Q9NWB1	Maron2021	False
Q9NWB6	Q9NWB6	Q9NWB6	False	canonical_or_unversioned_accession	ARGLU1	5	Q9NWB6	Maron2021;ProMetheusDB	False
Q9NWF9	Q9NWF9	Q9NWF9	False	canonical_or_unversioned_accession	RNF216	1	Q9NWF9	Maron2021	False
Q9NWH9	Q9NWH9	Q9NWH9	False	canonical_or_unversioned_accession	SLTM	6	Q9NWH9	Maron2021;human_ptm_master	False
Q9NWK9	Q9NWK9	Q9NWK9	False	canonical_or_unversioned_accession	ZNHIT6	1	Q9NWK9	Maron2021	False
Q9NWM3	Q9NWM3	Q9NWM3	False	canonical_or_unversioned_accession	CUEDC1	1	Q9NWM3	Maron2021	False
Q9NWQ4	Q9NWQ4	Q9NWQ4	False	canonical_or_unversioned_accession	C14orf118	4	Q9NWQ4	Maron2021	False
Q9NWS0	Q9NWS0	Q9NWS0	False	canonical_or_unversioned_accession	PIH1D1	1	Q9NWS0	Maron2021	False
Q9NWT6	Q9NWT6	Q9NWT6	False	canonical_or_unversioned_accession	HIF1AN	1	Q9NWT6	Maron2021	False
Q9NWU5	Q9NWU5	Q9NWU5	False	canonical_or_unversioned_accession	MRPL22	1	Q9NWU5	Maron2021	False
Q9NWV4	Q9NWV4	Q9NWV4	False	canonical_or_unversioned_accession	C1orf123	1	Q9NWV4	Maron2021	False
Q9NWV8	Q9NWV8	Q9NWV8	False	canonical_or_unversioned_accession	BABAM1	1	Q9NWV8	Maron2021	False
Q9NWW7	Q9NWW7	Q9NWW7	False	canonical_or_unversioned_accession	C2orf42	1	Q9NWW7	Maron2021	False
Q9NX00	Q9NX00	Q9NX00	False	canonical_or_unversioned_accession	TMEM160	1	Q9NX00	Maron2021	False
Q9NX05	Q9NX05	Q9NX05	False	canonical_or_unversioned_accession	FAM120C	3	Q9NX05	Maron2021;ProMetheusDB	False
Q9NX07	Q9NX07	Q9NX07	False	canonical_or_unversioned_accession	TRNAU1AP	1	Q9NX07	Maron2021	False
Q9NX14	Q9NX14	Q9NX14	False	canonical_or_unversioned_accession	NDUFB11	1	Q9NX14	Maron2021	False
Q9NX24	Q9NX24	Q9NX24	False	canonical_or_unversioned_accession	NHP2	2	Q9NX24	Maron2021;ProMetheusDB	False
Q9NX40	Q9NX40	Q9NX40	False	canonical_or_unversioned_accession	OCIAD1	3	Q9NX40	Maron2021	False
Q9NX55	Q9NX55	Q9NX55	False	canonical_or_unversioned_accession	HYPK	2	Q9NX55	Maron2021	False
Q9NX63	Q9NX63	Q9NX63	False	canonical_or_unversioned_accession	CHCHD3	1	Q9NX63	Maron2021	False
Q9NXC5	Q9NXC5	Q9NXC5	False	canonical_or_unversioned_accession	MIOS	1	Q9NXC5	Maron2021	False
Q9NXE4	Q9NXE4	Q9NXE4	False	canonical_or_unversioned_accession	SMPD4	1	Q9NXE4	Maron2021	False
Q9NXE8	Q9NXE8	Q9NXE8	False	canonical_or_unversioned_accession	CWC25	1	Q9NXE8	Maron2021	False
Q9NXG0	Q9NXG0	Q9NXG0	False	canonical_or_unversioned_accession	CNTLN	2	Q9NXG0	Maron2021	False
Q9NXH9	Q9NXH9	Q9NXH9	False	canonical_or_unversioned_accession	TRMT1	4	Q9NXH9	Maron2021	False
Q9NXL9	Q9NXL9	Q9NXL9	False	canonical_or_unversioned_accession	MCM9	1	Q9NXL9	Maron2021	False
Q9NXR8	Q9NXR8	Q9NXR8	False	canonical_or_unversioned_accession	ING3	1	Q9NXR8	Maron2021	False
Q9NXV2	Q9NXV2	Q9NXV2	False	canonical_or_unversioned_accession	KCTD5	2	Q9NXV2	Maron2021	False
Q9NXW9	Q9NXW9	Q9NXW9	False	canonical_or_unversioned_accession	ALKBH4	1	Q9NXW9	Maron2021	False
Q9NXZ2	Q9NXZ2	Q9NXZ2	False	canonical_or_unversioned_accession	DDX43	2	Q9NXZ2	Maron2021;ProMetheusDB	False
Q9NY12	Q9NY12	Q9NY12	False	canonical_or_unversioned_accession	GAR1	16	Q9NY12	Maron2021	False
Q9NY33	Q9NY33	Q9NY33	False	canonical_or_unversioned_accession	DPP3	1	Q9NY33	Maron2021	False
Q9NY43	Q9NY43	Q9NY43	False	canonical_or_unversioned_accession	BARHL2	2	Q9NY43	Maron2021	False
Q9NY74	Q9NY74	Q9NY74	False	canonical_or_unversioned_accession	ETAA1	1	Q9NY74	Maron2021	False
Q9NYB9	Q9NYB9	Q9NYB9	False	canonical_or_unversioned_accession	ABI2	5	Q9NYB9	Maron2021	False
Q9NYC9	Q9NYC9	Q9NYC9	False	canonical_or_unversioned_accession	DNAH9	3	Q9NYC9	Maron2021	False
Q9NYF0	Q9NYF0	Q9NYF0	False	canonical_or_unversioned_accession	DACT1	1	Q9NYF0	Maron2021	False
Q9NYF5	Q9NYF5	Q9NYF5	False	canonical_or_unversioned_accession	FAM13B	1	Q9NYF5	Maron2021	False
Q9NYF8	Q9NYF8;Q9NYF8-3	Q9NYF8	True	canonical_or_unversioned_accession	BCLAF1	16	Q9NYF8;Q9NYF8-3	Maron2021;ProMetheusDB;human_ptm_master	True
Q9NYH9	Q9NYH9	Q9NYH9	False	canonical_or_unversioned_accession	UTP6	1	Q9NYH9	Maron2021	False
Q9NYJ8	Q9NYJ8	Q9NYJ8	False	canonical_or_unversioned_accession	TAB2	2	Q9NYJ8	Maron2021;human_ptm_master	False
Q9NYK5	Q9NYK5	Q9NYK5	False	canonical_or_unversioned_accession	MRPL39	1	Q9NYK5	Maron2021	False
Q9NYL2	Q9NYL2	Q9NYL2	False	canonical_or_unversioned_accession	MAP3K20	8	Q9NYL2	Maron2021;ProMetheusDB;human_ptm_master	False
Q9NYM9	Q9NYM9	Q9NYM9	False	canonical_or_unversioned_accession	BET1L	1	Q9NYM9	Maron2021	False
Q9NYP3	Q9NYP3	Q9NYP3	False	canonical_or_unversioned_accession	DONSON	3	Q9NYP3	Maron2021	False
Q9NYP9	Q9NYP9	Q9NYP9	False	canonical_or_unversioned_accession	MIS18A	1	Q9NYP9	Maron2021	False
Q9NYQ3	Q9NYQ3	Q9NYQ3	False	canonical_or_unversioned_accession	HAO2	1	Q9NYQ3	Maron2021	False
Q9NYQ6	Q9NYQ6	Q9NYQ6	False	canonical_or_unversioned_accession	CELSR1	1	Q9NYQ6	Maron2021	False
Q9NYQ7	Q9NYQ7	Q9NYQ7	False	canonical_or_unversioned_accession	CELSR3	1	Q9NYQ7	Maron2021	False
Q9NYR9	Q9NYR9	Q9NYR9	False	canonical_or_unversioned_accession	NKIRAS2	2	Q9NYR9	Maron2021	False
Q9NYT0	Q9NYT0	Q9NYT0	False	canonical_or_unversioned_accession	PLEK2	1	Q9NYT0	Maron2021	False
Q9NYU1	Q9NYU1	Q9NYU1	False	canonical_or_unversioned_accession	UGGT2	2	Q9NYU1	Maron2021	False
Q9NYU2	Q9NYU2	Q9NYU2	False	canonical_or_unversioned_accession	UGGT1	2	Q9NYU2	Maron2021	False
Q9NYV4	Q9NYV4	Q9NYV4	False	canonical_or_unversioned_accession	CDK12	7	Q9NYV4	Maron2021	False
Q9NYV6	Q9NYV6	Q9NYV6	False	canonical_or_unversioned_accession	RRN3	2	Q9NYV6	Maron2021	False
Q9NYW2	Q9NYW2	Q9NYW2	False	canonical_or_unversioned_accession	TAS2R8	1	Q9NYW2	Maron2021	False
Q9NYZ3	Q9NYZ3	Q9NYZ3	False	canonical_or_unversioned_accession	GTSE1	3	Q9NYZ3	Maron2021	False
Q9NZ52	Q9NZ52	Q9NZ52	False	canonical_or_unversioned_accession	GGA3	1	Q9NZ52	Maron2021	False
Q9NZ63	Q9NZ63	Q9NZ63	False	canonical_or_unversioned_accession	C9orf78	2	Q9NZ63	Maron2021	False
Q9NZB2	Q9NZB2	Q9NZB2	False	canonical_or_unversioned_accession	FAM120A	14	Q9NZB2	Maron2021;ProMetheusDB;human_ptm_master	False
Q9NZC3	Q9NZC3	Q9NZC3	False	canonical_or_unversioned_accession	GDE1	3	Q9NZC3	Maron2021	False
Q9NZI8	Q9NZI8	Q9NZI8	False	canonical_or_unversioned_accession	IGF2BP1	3	Q9NZI8	Maron2021	False
Q9NZJ0	Q9NZJ0	Q9NZJ0	False	canonical_or_unversioned_accession	DTL	1	Q9NZJ0	Maron2021	False
Q9NZJ4	Q9NZJ4	Q9NZJ4	False	canonical_or_unversioned_accession	SACS	1	Q9NZJ4	Maron2021	False
Q9NZJ7	Q9NZJ7	Q9NZJ7	False	canonical_or_unversioned_accession	MTCH1	1	Q9NZJ7	Maron2021;human_ptm_master	False
Q9NZJ9	Q9NZJ9	Q9NZJ9	False	canonical_or_unversioned_accession	NUDT4	1	Q9NZJ9	Maron2021	False
Q9NZL4	Q9NZL4	Q9NZL4	False	canonical_or_unversioned_accession	HSPBP1	2	Q9NZL4	Maron2021	False
Q9NZL6	Q9NZL6	Q9NZL6	False	canonical_or_unversioned_accession	RGL1	1	Q9NZL6	Maron2021	False
Q9NZL9	Q9NZL9	Q9NZL9	False	canonical_or_unversioned_accession	MAT2B	2	Q9NZL9	Maron2021	False
Q9NZM3	Q9NZM3	Q9NZM3	False	canonical_or_unversioned_accession	ITSN2	1	Q9NZM3	Maron2021	False
Q9NZM4	Q9NZM4	Q9NZM4	False	canonical_or_unversioned_accession	GLTSCR1	1	Q9NZM4	Maron2021	False
Q9NZM5	Q9NZM5	Q9NZM5	False	canonical_or_unversioned_accession	GLTSCR2	4	Q9NZM5	Maron2021	False
Q9NZN4	Q9NZN4	Q9NZN4	False	canonical_or_unversioned_accession	EHD2	1	Q9NZN4	Maron2021	False
Q9NZN5	Q9NZN5	Q9NZN5	False	canonical_or_unversioned_accession	ARHGEF12	3	Q9NZN5	Maron2021	False
Q9NZN8	Q9NZN8	Q9NZN8	False	canonical_or_unversioned_accession	CNOT2	2	Q9NZN8	Maron2021	False
Q9NZQ3	Q9NZQ3	Q9NZQ3	False	canonical_or_unversioned_accession	NCKIPSD	2	Q9NZQ3	Maron2021	False
Q9NZR2	Q9NZR2	Q9NZR2	False	canonical_or_unversioned_accession	LRP1B	3	Q9NZR2	Maron2021	False
Q9NZU7	Q9NZU7	Q9NZU7	False	canonical_or_unversioned_accession	CABP1	6	Q9NZU7	Maron2021	False
Q9NZZ3	Q9NZZ3	Q9NZZ3	False	canonical_or_unversioned_accession	CHMP5	1	Q9NZZ3	Maron2021	False
Q9P013	Q9P013	Q9P013	False	canonical_or_unversioned_accession	CWC15	3	Q9P013	Maron2021;ProMetheusDB	False
Q9P015	Q9P015	Q9P015	False	canonical_or_unversioned_accession	MRPL15	1	Q9P015	Maron2021	False
Q9P031	Q9P031	Q9P031	False	canonical_or_unversioned_accession	CCDC59	1	Q9P031	Maron2021	False
Q9P032	Q9P032	Q9P032	False	canonical_or_unversioned_accession	NDUFAF4	1	Q9P032	Maron2021	False
Q9P035	Q9P035	Q9P035	False	canonical_or_unversioned_accession	PTPLAD1	4	Q9P035	Maron2021	False
Q9P0J0	Q9P0J0	Q9P0J0	False	canonical_or_unversioned_accession	NDUFA13	2	Q9P0J0	Maron2021	False
Q9P0J1	Q9P0J1	Q9P0J1	False	canonical_or_unversioned_accession	PDP1	1	Q9P0J1	Maron2021	False
Q9P0J7	Q9P0J7	Q9P0J7	False	canonical_or_unversioned_accession	KCMF1	6	Q9P0J7	Maron2021;ProMetheusDB	False
Q9P0L0	Q9P0L0	Q9P0L0	False	canonical_or_unversioned_accession	VAPA	2	Q9P0L0	Maron2021	False
Q9P0L2	Q9P0L2	Q9P0L2	False	canonical_or_unversioned_accession	MARK1	2	Q9P0L2	Maron2021	False
Q9P0M6	Q9P0M6	Q9P0M6	False	canonical_or_unversioned_accession	MACROH2A2	1	Q9P0M6	Maron2021	False
Q9P0U4	Q9P0U4	Q9P0U4	False	canonical_or_unversioned_accession	CXXC1	1	Q9P0U4	Maron2021	False
Q9P0W8	Q9P0W8	Q9P0W8	False	canonical_or_unversioned_accession	SPATA7	1	Q9P0W8	Maron2021	False
Q9P107	Q9P107	Q9P107	False	canonical_or_unversioned_accession	GMIP	7	Q9P107	Maron2021;ProMetheusDB	False
Q9P1U1	Q9P1U1	Q9P1U1	False	canonical_or_unversioned_accession	ACTR3B	2	Q9P1U1	Maron2021	False
Q9P1Y5	Q9P1Y5	Q9P1Y5	False	canonical_or_unversioned_accession	CAMSAP3	4	Q9P1Y5	Maron2021	False
Q9P1Y6	Q9P1Y6	Q9P1Y6	False	canonical_or_unversioned_accession	PHRF1	5	Q9P1Y6	Maron2021	False
Q9P1Z2	Q9P1Z2	Q9P1Z2	False	canonical_or_unversioned_accession	CALCOCO1	1	Q9P1Z2	Maron2021	False
Q9P1Z9	Q9P1Z9	Q9P1Z9	False	canonical_or_unversioned_accession	CCDC180	1	Q9P1Z9	Maron2021	False
Q9P206	Q9P206	Q9P206	False	canonical_or_unversioned_accession	KIAA1522	3	Q9P206	Maron2021	False
Q9P209	Q9P209	Q9P209	False	canonical_or_unversioned_accession	CEP72	1	Q9P209	Maron2021	False
Q9P219	Q9P219	Q9P219	False	canonical_or_unversioned_accession	CCDC88C	1	Q9P219	Maron2021	False
Q9P225	Q9P225	Q9P225	False	canonical_or_unversioned_accession	DNAH2	1	Q9P225	Maron2021	False
Q9P227	Q9P227	Q9P227	False	canonical_or_unversioned_accession	ARHGAP23	5	Q9P227	Maron2021	False
Q9P253	Q9P253	Q9P253	False	canonical_or_unversioned_accession	VPS18	1	Q9P253	Maron2021	False
Q9P258	Q9P258	Q9P258	False	canonical_or_unversioned_accession	RCC2	6	Q9P258	Maron2021	False
Q9P266	Q9P266	Q9P266	False	canonical_or_unversioned_accession	KIAA1462	2	Q9P266	Maron2021	False
Q9P270	Q9P270	Q9P270	False	canonical_or_unversioned_accession	SLAIN2	6	Q9P270	Maron2021;human_ptm_master	False
Q9P278	Q9P278	Q9P278	False	canonical_or_unversioned_accession	FNIP2	1	Q9P278	Maron2021	False
Q9P281	Q9P281	Q9P281	False	canonical_or_unversioned_accession	BAHCC1	4	Q9P281	Maron2021	False
Q9P286	Q9P286	Q9P286	False	canonical_or_unversioned_accession	PAK5	1	Q9P286	Maron2021	False
Q9P287	Q9P287	Q9P287	False	canonical_or_unversioned_accession	BCCIP	2	Q9P287	Maron2021	False
Q9P289	Q9P289	Q9P289	False	canonical_or_unversioned_accession	STK26	1	Q9P289	Maron2021	False
Q9P291	Q9P291	Q9P291	False	canonical_or_unversioned_accession	ARMCX1	1	Q9P291	Maron2021	False
Q9P2B2	Q9P2B2	Q9P2B2	False	canonical_or_unversioned_accession	PTGFRN	1	Q9P2B2	Maron2021	False
Q9P2B4	Q9P2B4	Q9P2B4	False	canonical_or_unversioned_accession	CTTNBP2NL	1	Q9P2B4	Maron2021	False
Q9P2D0	Q9P2D0	Q9P2D0	False	canonical_or_unversioned_accession	IBTK	2	Q9P2D0	Maron2021	False
Q9P2D1	Q9P2D1	Q9P2D1	False	canonical_or_unversioned_accession	CHD7	13	Q9P2D1	Maron2021;ProMetheusDB;human_ptm_master	False
Q9P2D3	Q9P2D3	Q9P2D3	False	canonical_or_unversioned_accession	HEATR5B	1	Q9P2D3	Maron2021	False
Q9P2E3	Q9P2E3	Q9P2E3	False	canonical_or_unversioned_accession	ZNFX1	2	Q9P2E3	Maron2021;ProMetheusDB	False
Q9P2E8	Q9P2E8	Q9P2E8	False	canonical_or_unversioned_accession	MARCHF4	1	Q9P2E8	Maron2021	False
Q9P2F5	Q9P2F5	Q9P2F5	False	canonical_or_unversioned_accession	STOX2	1	Q9P2F5	Maron2021	False
Q9P2I0	Q9P2I0	Q9P2I0	False	canonical_or_unversioned_accession	CPSF2	1	Q9P2I0	Maron2021	False
Q9P2J2	Q9P2J2	Q9P2J2	False	canonical_or_unversioned_accession	IGSF9	1	Q9P2J2	Maron2021	False
Q9P2J5	Q9P2J5	Q9P2J5	False	canonical_or_unversioned_accession	LARS	6	Q9P2J5	Maron2021	False
Q9P2J9	Q9P2J9	Q9P2J9	False	canonical_or_unversioned_accession	PDP2	1	Q9P2J9	Maron2021	False
Q9P2K1	Q9P2K1	Q9P2K1	False	canonical_or_unversioned_accession	CC2D2A	2	Q9P2K1	Maron2021	False
Q9P2K3	Q9P2K3	Q9P2K3	False	canonical_or_unversioned_accession	RCOR3	4	Q9P2K3	Maron2021;human_ptm_master	False
Q9P2K5	Q9P2K5	Q9P2K5	False	canonical_or_unversioned_accession	MYEF2	2	Q9P2K5	Maron2021	False
Q9P2K8	Q9P2K8	Q9P2K8	False	canonical_or_unversioned_accession	EIF2AK4	3	Q9P2K8	Maron2021	False
Q9P2L0	Q9P2L0	Q9P2L0	False	canonical_or_unversioned_accession	WDR35	1	Q9P2L0	Maron2021	False
Q9P2M7	Q9P2M7	Q9P2M7	False	canonical_or_unversioned_accession	CGN	6	Q9P2M7	Maron2021	False
Q9P2N2	Q9P2N2	Q9P2N2	False	canonical_or_unversioned_accession	ARHGAP28	2	Q9P2N2	Maron2021	False
Q9P2N5	Q9P2N5	Q9P2N5	False	canonical_or_unversioned_accession	RBM27	15	Q9P2N5	Maron2021;ProMetheusDB;human_ptm_master	False
Q9P2N6	Q9P2N6	Q9P2N6	False	canonical_or_unversioned_accession	KANSL3	3	Q9P2N6	Maron2021	False
Q9P2N7	Q9P2N7	Q9P2N7	False	canonical_or_unversioned_accession	KLHL13	1	Q9P2N7	Maron2021	False
Q9P2P6	Q9P2P6	Q9P2P6	False	canonical_or_unversioned_accession	STARD9	1	Q9P2P6	Maron2021	False
Q9P2R3	Q9P2R3	Q9P2R3	False	canonical_or_unversioned_accession	ANKFY1	1	Q9P2R3	Maron2021	False
Q9P2R6	Q9P2R6	Q9P2R6	False	canonical_or_unversioned_accession	RERE	7	Q9P2R6	Maron2021;ProMetheusDB	False
Q9P2R7	Q9P2R7	Q9P2R7	False	canonical_or_unversioned_accession	SUCLA2	1	Q9P2R7	Maron2021	False
Q9P2Y4	Q9P2Y4	Q9P2Y4	False	canonical_or_unversioned_accession	ZNF219	1	Q9P2Y4	Maron2021	False
Q9UBB4	Q9UBB4	Q9UBB4	False	canonical_or_unversioned_accession	ATXN10	2	Q9UBB4	Maron2021	False
Q9UBB5	Q9UBB5	Q9UBB5	False	canonical_or_unversioned_accession	MBD2	5	Q9UBB5	Maron2021	False
Q9UBB9	Q9UBB9	Q9UBB9	False	canonical_or_unversioned_accession	TFIP11	2	Q9UBB9	Maron2021	False
Q9UBC1	Q9UBC1	Q9UBC1	False	canonical_or_unversioned_accession	NFKBIL1	4	Q9UBC1	Maron2021	False
Q9UBC3	Q9UBC3	Q9UBC3	False	canonical_or_unversioned_accession	DNMT3B	2	Q9UBC3	Maron2021;ProMetheusDB	False
Q9UBE0	Q9UBE0	Q9UBE0	False	canonical_or_unversioned_accession	SAE1	2	Q9UBE0	Maron2021	False
Q9UBF2	Q9UBF2	Q9UBF2	False	canonical_or_unversioned_accession	COPG2	2	Q9UBF2	Maron2021	False
Q9UBI9	Q9UBI9	Q9UBI9	False	canonical_or_unversioned_accession	HECA	2	Q9UBI9	Maron2021	False
Q9UBL0	Q9UBL0	Q9UBL0	False	canonical_or_unversioned_accession	ARPP21	2	Q9UBL0	Maron2021;human_ptm_master	False
Q9UBL3	Q9UBL3	Q9UBL3	False	canonical_or_unversioned_accession	ASH2L	3	Q9UBL3	Maron2021;human_ptm_master	False
Q9UBP0	Q9UBP0	Q9UBP0	False	canonical_or_unversioned_accession	SPAST	3	Q9UBP0	Maron2021	False
Q9UBP6	Q9UBP6	Q9UBP6	False	canonical_or_unversioned_accession	METTL1	1	Q9UBP6	Maron2021	False
Q9UBQ6	Q9UBQ6	Q9UBQ6	False	canonical_or_unversioned_accession	EXTL2	1	Q9UBQ6	Maron2021	False
Q9UBR4	Q9UBR4	Q9UBR4	False	canonical_or_unversioned_accession	LHX3	3	Q9UBR4	Maron2021	False
Q9UBS3	Q9UBS3	Q9UBS3	False	canonical_or_unversioned_accession	DNAJB9	1	Q9UBS3	Maron2021	False
Q9UBS4	Q9UBS4	Q9UBS4	False	canonical_or_unversioned_accession	DNAJB11	1	Q9UBS4	Maron2021	False
Q9UBT2	Q9UBT2	Q9UBT2	False	canonical_or_unversioned_accession	UBA2	1	Q9UBT2	Maron2021	False
Q9UBT7	Q9UBT7	Q9UBT7	False	canonical_or_unversioned_accession	CTNNAL1	1	Q9UBT7	Maron2021	False
Q9UBU6	Q9UBU6	Q9UBU6	False	canonical_or_unversioned_accession	FAM8A1	1	Q9UBU6	Maron2021	False
Q9UBU9	Q9UBU9	Q9UBU9	False	canonical_or_unversioned_accession	NXF1	4	Q9UBU9	Maron2021	False
Q9UBV8	Q9UBV8	Q9UBV8	False	canonical_or_unversioned_accession	PEF1	1	Q9UBV8	Maron2021	False
Q9UBW8	Q9UBW8	Q9UBW8	False	canonical_or_unversioned_accession	COPS7A	2	Q9UBW8	Maron2021	False
Q9UD71	Q9UD71	Q9UD71	False	canonical_or_unversioned_accession	PPP1R1B	1	Q9UD71	Maron2021;ProMetheusDB	False
Q9UDT6	Q9UDT6	Q9UDT6	False	canonical_or_unversioned_accession	CLIP2	1	Q9UDT6	Maron2021	False
Q9UDX3	Q9UDX3	Q9UDX3	False	canonical_or_unversioned_accession	SEC14L4	1	Q9UDX3	Maron2021	False
Q9UDX5	Q9UDX5	Q9UDX5	False	canonical_or_unversioned_accession	MTFP1	1	Q9UDX5	Maron2021	False
Q9UDY4	Q9UDY4	Q9UDY4	False	canonical_or_unversioned_accession	DNAJB4	1	Q9UDY4	Maron2021	False
Q9UEE5	Q9UEE5	Q9UEE5	False	canonical_or_unversioned_accession	STK17A	1	Q9UEE5	Maron2021	False
Q9UEE9	Q9UEE9	Q9UEE9	False	canonical_or_unversioned_accession	CFDP1	2	Q9UEE9	Maron2021	False
Q9UEG4	Q9UEG4	Q9UEG4	False	canonical_or_unversioned_accession	ZNF629	3	Q9UEG4	Maron2021	False
Q9UEU0	Q9UEU0	Q9UEU0	False	canonical_or_unversioned_accession	VTI1B	3	Q9UEU0	Maron2021;human_ptm_master	False
Q9UEY8	Q9UEY8	Q9UEY8	False	canonical_or_unversioned_accession	ADD3	2	Q9UEY8	Maron2021	False
Q9UF33	Q9UF33	Q9UF33	False	canonical_or_unversioned_accession	EPHA6	1	Q9UF33	Maron2021	False
Q9UF83	Q9UF83	Q9UF83	False	canonical_or_unversioned_accession	LOC100271840	4	Q9UF83	Maron2021	False
Q9UFD9	Q9UFD9	Q9UFD9	False	canonical_or_unversioned_accession	RIMBP3	1	Q9UFD9	Maron2021	False
Q9UFH2	Q9UFH2	Q9UFH2	False	canonical_or_unversioned_accession	DNAH17	1	Q9UFH2	Maron2021	False
Q9UFP1	Q9UFP1	Q9UFP1	False	canonical_or_unversioned_accession	FAM198A	1	Q9UFP1	Maron2021	False
Q9UFW8	Q9UFW8	Q9UFW8	False	canonical_or_unversioned_accession	CGGBP1	1	Q9UFW8	Maron2021	False
Q9UG01	Q9UG01	Q9UG01	False	canonical_or_unversioned_accession	IFT172	2	Q9UG01	Maron2021	False
Q9UG63	Q9UG63	Q9UG63	False	canonical_or_unversioned_accession	ABCF2	1	Q9UG63	Maron2021	False
Q9UGC7	Q9UGC7	Q9UGC7	False	canonical_or_unversioned_accession	MTRF1L	1	Q9UGC7	Maron2021	False
Q9UGL9	Q9UGL9	Q9UGL9	False	canonical_or_unversioned_accession	CRCT1	1	Q9UGL9	Maron2021	False
Q9UGP4	Q9UGP4	Q9UGP4	False	canonical_or_unversioned_accession	LIMD1	5	Q9UGP4	Maron2021	False
Q9UGP8	Q9UGP8	Q9UGP8	False	canonical_or_unversioned_accession	SEC63	3	Q9UGP8	Maron2021	False
Q9UGU0	Q9UGU0	Q9UGU0	False	canonical_or_unversioned_accession	TCF20	2	Q9UGU0	Maron2021;human_ptm_master	False
Q9UGY1	Q9UGY1	Q9UGY1	False	canonical_or_unversioned_accession	NOL12	1	Q9UGY1	Maron2021	False
Q9UH17	Q9UH17	Q9UH17	False	canonical_or_unversioned_accession	APOBEC3B	1	Q9UH17	Maron2021	False
Q9UH62	Q9UH62	Q9UH62	False	canonical_or_unversioned_accession	ARMCX3	2	Q9UH62	Maron2021	False
Q9UH92	Q9UH92	Q9UH92	False	canonical_or_unversioned_accession	MLX	3	Q9UH92	Maron2021	False
Q9UHA3	Q9UHA3	Q9UHA3	False	canonical_or_unversioned_accession	RSL24D1	1	Q9UHA3	Maron2021	False
Q9UHB7	Q9UHB7	Q9UHB7	False	canonical_or_unversioned_accession	AFF4	3	Q9UHB7	Maron2021	False
Q9UHB9	Q9UHB9	Q9UHB9	False	canonical_or_unversioned_accession	SRP68	1	Q9UHB9	Maron2021	False
Q9UHC1	Q9UHC1	Q9UHC1	False	canonical_or_unversioned_accession	MLH3	1	Q9UHC1	Maron2021	False
Q9UHC7	Q9UHC7	Q9UHC7	False	canonical_or_unversioned_accession	MKRN1	1	Q9UHC7	Maron2021	False
Q9UHD1	Q9UHD1	Q9UHD1	False	canonical_or_unversioned_accession	CHORDC1	2	Q9UHD1	Maron2021	False
Q9UHD8	Q9UHD8	Q9UHD8	False	canonical_or_unversioned_accession	SEPTIN9	5	Q9UHD8	Maron2021	False
Q9UHD9	Q9UHD9	Q9UHD9	False	canonical_or_unversioned_accession	UBQLN2	2	Q9UHD9	Maron2021	False
Q9UHF3	Q9UHF3	Q9UHF3	False	canonical_or_unversioned_accession	NAT8B	1	Q9UHF3	Maron2021	False
Q9UHI6	Q9UHI6	Q9UHI6	False	canonical_or_unversioned_accession	DDX20	1	Q9UHI6	Maron2021	False
Q9UHJ6	Q9UHJ6	Q9UHJ6	False	canonical_or_unversioned_accession	SHPK	1	Q9UHJ6	Maron2021	False
Q9UHK0	Q9UHK0	Q9UHK0	False	canonical_or_unversioned_accession	NUFIP1	1	Q9UHK0	Maron2021	False
Q9UHQ4	Q9UHQ4	Q9UHQ4	False	canonical_or_unversioned_accession	BCAP29	1	Q9UHQ4	Maron2021	False
Q9UHR4	Q9UHR4	Q9UHR4	False	canonical_or_unversioned_accession	BAIAP2L1	2	Q9UHR4	Maron2021	False
Q9UHR5	Q9UHR5	Q9UHR5	False	canonical_or_unversioned_accession	SAP30BP	1	Q9UHR5	Maron2021	False
Q9UHR6	Q9UHR6	Q9UHR6	False	canonical_or_unversioned_accession	ZNHIT2	2	Q9UHR6	Maron2021	False
Q9UHV7	Q9UHV7	Q9UHV7	False	canonical_or_unversioned_accession	MED13	2	Q9UHV7	Maron2021	False
Q9UHV9	Q9UHV9	Q9UHV9	False	canonical_or_unversioned_accession	PFDN2	1	Q9UHV9	Maron2021	False
Q9UHW9	Q9UHW9	Q9UHW9	False	canonical_or_unversioned_accession	SLC12A6	1	Q9UHW9	Maron2021	False
Q9UHX1	Q9UHX1	Q9UHX1	False	canonical_or_unversioned_accession	PUF60	1	Q9UHX1	ProMetheusDB	False
Q9UI10	Q9UI10	Q9UI10	False	canonical_or_unversioned_accession	EIF2B4	1	Q9UI10	Maron2021	False
Q9UI14	Q9UI14	Q9UI14	False	canonical_or_unversioned_accession	RABAC1	1	Q9UI14	Maron2021	False
Q9UI15	Q9UI15	Q9UI15	False	canonical_or_unversioned_accession	TAGLN3	1	Q9UI15	Maron2021	False
Q9UI30	Q9UI30	Q9UI30	False	canonical_or_unversioned_accession	TRMT112	3	Q9UI30	Maron2021	False
Q9UIA9	Q9UIA9	Q9UIA9	False	canonical_or_unversioned_accession	XPO7	1	Q9UIA9	Maron2021	False
Q9UID3	Q9UID3	Q9UID3	False	canonical_or_unversioned_accession	FFR	2	Q9UID3	Maron2021	False
Q9UID6	Q9UID6	Q9UID6	False	canonical_or_unversioned_accession	ZNF639	1	Q9UID6	Maron2021	False
Q9UIF8	Q9UIF8	Q9UIF8	False	canonical_or_unversioned_accession	BAZ2B	2	Q9UIF8	Maron2021	False
Q9UIF9	Q9UIF9	Q9UIF9	False	canonical_or_unversioned_accession	BAZ2A	6	Q9UIF9	Maron2021	False
Q9UIG0	Q9UIG0	Q9UIG0	False	canonical_or_unversioned_accession	BAZ1B	1	Q9UIG0	Maron2021	False
Q9UII2	Q9UII2	Q9UII2	False	canonical_or_unversioned_accession	ATPIF1	3	Q9UII2	Maron2021	False
Q9UIJ7	Q9UIJ7	Q9UIJ7	False	canonical_or_unversioned_accession	AK3	1	Q9UIJ7	Maron2021	False
Q9UIQ6	Q9UIQ6	Q9UIQ6	False	canonical_or_unversioned_accession	LNPEP	1	Q9UIQ6	Maron2021	False
Q9UIS9	Q9UIS9	Q9UIS9	False	canonical_or_unversioned_accession	MBD1	1	Q9UIS9	Maron2021	False
Q9UIU6	Q9UIU6	Q9UIU6	False	canonical_or_unversioned_accession	SIX4	2	Q9UIU6	Maron2021	False
Q9UJ96	Q9UJ96	Q9UJ96	False	canonical_or_unversioned_accession	KCNG2	1	Q9UJ96	Maron2021	False
Q9UJA3	Q9UJA3	Q9UJA3	False	canonical_or_unversioned_accession	MCM8	1	Q9UJA3	Maron2021	False
Q9UJA5	Q9UJA5	Q9UJA5	False	canonical_or_unversioned_accession	TRMT6	1	Q9UJA5	Maron2021	False
Q9UJC3	Q9UJC3	Q9UJC3	False	canonical_or_unversioned_accession	HOOK1	1	Q9UJC3	Maron2021	False
Q9UJH8	Q9UJH8	Q9UJH8	False	canonical_or_unversioned_accession	METRN	1	Q9UJH8	Maron2021	False
Q9UJK0	Q9UJK0	Q9UJK0	False	canonical_or_unversioned_accession	C16orf42	1	Q9UJK0	Maron2021;ProMetheusDB	False
Q9UJM3	Q9UJM3	Q9UJM3	False	canonical_or_unversioned_accession	ERRFI1	1	Q9UJM3	Maron2021	False
Q9UJU2	Q9UJU2	Q9UJU2	False	canonical_or_unversioned_accession	LEF1	3	Q9UJU2	Maron2021	False
Q9UJU3	Q9UJU3	Q9UJU3	False	canonical_or_unversioned_accession	ZFP112	2	Q9UJU3	Maron2021	False
Q9UJU6	Q9UJU6	Q9UJU6	False	canonical_or_unversioned_accession	DBNL	1	Q9UJU6	Maron2021	False
Q9UJV9	Q9UJV9	Q9UJV9	False	canonical_or_unversioned_accession	DDX41	2	Q9UJV9	Maron2021	False
Q9UJW0	Q9UJW0	Q9UJW0	False	canonical_or_unversioned_accession	DCTN4	1	Q9UJW0	Maron2021	False
Q9UJX2	Q9UJX2	Q9UJX2	False	canonical_or_unversioned_accession	CDC23	1	Q9UJX2	Maron2021	False
Q9UJX5	Q9UJX5	Q9UJX5	False	canonical_or_unversioned_accession	ANAPC4	3	Q9UJX5	Maron2021	False
Q9UJX6	Q9UJX6	Q9UJX6	False	canonical_or_unversioned_accession	ANAPC2	1	Q9UJX6	Maron2021	False
Q9UJY1	Q9UJY1	Q9UJY1	False	canonical_or_unversioned_accession	HSPB8	5	Q9UJY1	Maron2021	False
Q9UJZ1	Q9UJZ1	Q9UJZ1	False	canonical_or_unversioned_accession	STOML2	2	Q9UJZ1	Maron2021	False
Q9UK39	Q9UK39	Q9UK39	False	canonical_or_unversioned_accession	NOCT	2	Q9UK39	Maron2021	False
Q9UK58	Q9UK58	Q9UK58	False	canonical_or_unversioned_accession	CCNL1	2	Q9UK58	Maron2021	False
Q9UK76	Q9UK76	Q9UK76	False	canonical_or_unversioned_accession	HN1	1	Q9UK76	Maron2021	False
Q9UK80	Q9UK80	Q9UK80	False	canonical_or_unversioned_accession	USP21	1	Q9UK80	Maron2021	False
Q9UK96	Q9UK96	Q9UK96	False	canonical_or_unversioned_accession	FBXO10	1	Q9UK96	Maron2021	False
Q9UKA8	Q9UKA8	Q9UKA8	False	canonical_or_unversioned_accession	RCAN3	1	Q9UKA8	Maron2021	False
Q9UKB3	Q9UKB3	Q9UKB3	False	canonical_or_unversioned_accession	DNAJC12	2	Q9UKB3	Maron2021	False
Q9UKB5	Q9UKB5	Q9UKB5	False	canonical_or_unversioned_accession	AJAP1	1	Q9UKB5	Maron2021	False
Q9UKD1	Q9UKD1	Q9UKD1	False	canonical_or_unversioned_accession	GMEB2	1	Q9UKD1	Maron2021	False
Q9UKD2	Q9UKD2	Q9UKD2	False	canonical_or_unversioned_accession	MRTO4	2	Q9UKD2	Maron2021	False
Q9UKE5	Q9UKE5	Q9UKE5	False	canonical_or_unversioned_accession	TNIK	2	Q9UKE5	Maron2021	False
Q9UKF6	Q9UKF6	Q9UKF6	False	canonical_or_unversioned_accession	CPSF3	2	Q9UKF6	Maron2021	False
Q9UKJ3	Q9UKJ3	Q9UKJ3	False	canonical_or_unversioned_accession	GPATCH8	1	Q9UKJ3	human_ptm_master	False
Q9UKK3	Q9UKK3	Q9UKK3	False	canonical_or_unversioned_accession	PARP4	4	Q9UKK3	Maron2021;human_ptm_master	False
Q9UKM9	Q9UKM9	Q9UKM9	False	canonical_or_unversioned_accession	RALY	4	Q9UKM9	Maron2021;ProMetheusDB	False
Q9UKN7	Q9UKN7	Q9UKN7	False	canonical_or_unversioned_accession	MYO15A	5	Q9UKN7	Maron2021	False
Q9UKN8	Q9UKN8	Q9UKN8	False	canonical_or_unversioned_accession	GTF3C4	2	Q9UKN8	Maron2021	False
Q9UKT5	Q9UKT5	Q9UKT5	False	canonical_or_unversioned_accession	FBXO4	1	Q9UKT5	Maron2021	False
Q9UKV3	Q9UKV3	Q9UKV3	False	canonical_or_unversioned_accession	ACIN1	9	Q9UKV3	Maron2021;ProMetheusDB	False
Q9UKX2	Q9UKX2	Q9UKX2	False	canonical_or_unversioned_accession	MYH1	2	Q9UKX2	Maron2021	False
Q9UKX7	Q9UKX7	Q9UKX7	False	canonical_or_unversioned_accession	NUP50	2	Q9UKX7	Maron2021	False
Q9UKY7	Q9UKY7	Q9UKY7	False	canonical_or_unversioned_accession	CDV3	1	Q9UKY7	Maron2021	False
Q9UKZ1	Q9UKZ1	Q9UKZ1	False	canonical_or_unversioned_accession	CNOT11	2	Q9UKZ1	Maron2021;ProMetheusDB;human_ptm_master	False
Q9UKZ4	Q9UKZ4	Q9UKZ4	False	canonical_or_unversioned_accession	TENM1	1	Q9UKZ4	Maron2021	False
Q9UL25	Q9UL25	Q9UL25	False	canonical_or_unversioned_accession	RAB21	2	Q9UL25	Maron2021	False
Q9UL46	Q9UL46	Q9UL46	False	canonical_or_unversioned_accession	PSME2	1	Q9UL46	Maron2021	False
Q9UL49	Q9UL49	Q9UL49	False	canonical_or_unversioned_accession	TCFL5	1	Q9UL49	Maron2021	False
Q9ULB1	Q9ULB1	Q9ULB1	False	canonical_or_unversioned_accession	NRXN1	1	Q9ULB1	Maron2021	False
Q9ULC8	Q9ULC8	Q9ULC8	False	canonical_or_unversioned_accession	ZDHHC8	1	Q9ULC8	Maron2021	False
Q9ULD4	Q9ULD4	Q9ULD4	False	canonical_or_unversioned_accession	BRPF3	2	Q9ULD4	Maron2021	False
Q9ULD9	Q9ULD9	Q9ULD9	False	canonical_or_unversioned_accession	ZNF608	2	Q9ULD9	Maron2021	False
Q9ULE0	Q9ULE0	Q9ULE0	False	canonical_or_unversioned_accession	WWC3	2	Q9ULE0	Maron2021	False
Q9ULE4	Q9ULE4	Q9ULE4	False	canonical_or_unversioned_accession	FAM184B	1	Q9ULE4	Maron2021	False
Q9ULF5	Q9ULF5	Q9ULF5	False	canonical_or_unversioned_accession	SLC39A10	1	Q9ULF5	Maron2021	False
Q9ULG1	Q9ULG1	Q9ULG1	False	canonical_or_unversioned_accession	INO80	2	Q9ULG1	Maron2021	False
Q9ULH0	Q9ULH0	Q9ULH0	False	canonical_or_unversioned_accession	KIDINS220	3	Q9ULH0	Maron2021	False
Q9ULH7	Q9ULH7	Q9ULH7	False	canonical_or_unversioned_accession	MKL2	1	Q9ULH7	Maron2021	False
Q9ULI4	Q9ULI4	Q9ULI4	False	canonical_or_unversioned_accession	KIF26A	5	Q9ULI4	Maron2021	False
Q9ULJ3	Q9ULJ3	Q9ULJ3	False	canonical_or_unversioned_accession	ZNF295	1	Q9ULJ3	Maron2021	False
Q9ULJ6	Q9ULJ6	Q9ULJ6	False	canonical_or_unversioned_accession	ZMIZ1	2	Q9ULJ6	Maron2021	False
Q9ULK2	Q9ULK2	Q9ULK2	False	canonical_or_unversioned_accession	ATXN7L1	2	Q9ULK2	Maron2021	False
Q9ULL5	Q9ULL5	Q9ULL5	False	canonical_or_unversioned_accession	PRR12	6	Q9ULL5	Maron2021	False
Q9ULQ1	Q9ULQ1	Q9ULQ1	False	canonical_or_unversioned_accession	TPCN1	1	Q9ULQ1	Maron2021	False
Q9ULR3	Q9ULR3	Q9ULR3	False	canonical_or_unversioned_accession	PPM1H	1	Q9ULR3	Maron2021	False
Q9ULT8	Q9ULT8	Q9ULT8	False	canonical_or_unversioned_accession	HECTD1	4	Q9ULT8	Maron2021	False
Q9ULU4	Q9ULU4	Q9ULU4	False	canonical_or_unversioned_accession	ZMYND8	1	Q9ULU4	Maron2021	False
Q9ULV3	Q9ULV3	Q9ULV3	False	canonical_or_unversioned_accession	CIZ1	1	Q9ULV3	Maron2021	False
Q9ULV4	Q9ULV4	Q9ULV4	False	canonical_or_unversioned_accession	CORO1C	2	Q9ULV4	Maron2021	False
Q9ULW3	Q9ULW3	Q9ULW3	False	canonical_or_unversioned_accession	ABT1	3	Q9ULW3	Maron2021	False
Q9ULX3	Q9ULX3	Q9ULX3	False	canonical_or_unversioned_accession	NOB1	3	Q9ULX3	Maron2021	False
Q9ULX6	Q9ULX6	Q9ULX6	False	canonical_or_unversioned_accession	AKAP8L	13	Q9ULX6	Maron2021;ProMetheusDB;human_ptm_master	False
Q9UM47	Q9UM47	Q9UM47	False	canonical_or_unversioned_accession	NOTCH3	1	Q9UM47	Maron2021;human_ptm_master	False
Q9UM63	Q9UM63	Q9UM63	False	canonical_or_unversioned_accession	PLAGL1	1	Q9UM63	Maron2021	False
Q9UMN6	Q9UMN6	Q9UMN6	False	canonical_or_unversioned_accession	WBP7	12	Q9UMN6	Maron2021;ProMetheusDB	False
Q9UMR2	Q9UMR2	Q9UMR2	False	canonical_or_unversioned_accession	DDX19B	1	Q9UMR2	Maron2021	False
Q9UMS0	Q9UMS0	Q9UMS0	False	canonical_or_unversioned_accession	NFU1	2	Q9UMS0	Maron2021	False
Q9UMS4	Q9UMS4	Q9UMS4	False	canonical_or_unversioned_accession	PRPF19	1	Q9UMS4	ProMetheusDB	False
Q9UMS5	Q9UMS5	Q9UMS5	False	canonical_or_unversioned_accession	PHTF1	2	Q9UMS5	Maron2021	False
Q9UMX0	Q9UMX0	Q9UMX0	False	canonical_or_unversioned_accession	UBQLN4	3	Q9UMX0	Maron2021	False
Q9UMX5	Q9UMX5	Q9UMX5	False	canonical_or_unversioned_accession	NENF	1	Q9UMX5	Maron2021	False
Q9UMY4	Q9UMY4	Q9UMY4	False	canonical_or_unversioned_accession	SNX12	5	Q9UMY4	Maron2021	False
Q9UN36	Q9UN36	Q9UN36	False	canonical_or_unversioned_accession	NDRG2	1	Q9UN36	Maron2021	False
Q9UN42	Q9UN42	Q9UN42	False	canonical_or_unversioned_accession	ATP1B4	1	Q9UN42	Maron2021	False
Q9UN81	Q9UN81	Q9UN81	False	canonical_or_unversioned_accession	L1RE1	2	Q9UN81	Maron2021	False
Q9UN86	Q9UN86	Q9UN86	False	canonical_or_unversioned_accession	G3BP2	9	Q9UN86	Maron2021;ProMetheusDB;human_ptm_master	False
Q9UNE7	Q9UNE7	Q9UNE7	False	canonical_or_unversioned_accession	STUB1	4	Q9UNE7	Maron2021	False
Q9UNF0	Q9UNF0	Q9UNF0	False	canonical_or_unversioned_accession	PACSIN2	2	Q9UNF0	Maron2021	False
Q9UNF1	Q9UNF1	Q9UNF1	False	canonical_or_unversioned_accession	MAGED2	3	Q9UNF1	Maron2021;human_ptm_master	False
Q9UNH7	Q9UNH7	Q9UNH7	False	canonical_or_unversioned_accession	SNX6	2	Q9UNH7	Maron2021	False
Q9UNK0	Q9UNK0	Q9UNK0	False	canonical_or_unversioned_accession	STX8	1	Q9UNK0	Maron2021	False
Q9UNN5	Q9UNN5	Q9UNN5	False	canonical_or_unversioned_accession	FAF1	1	Q9UNN5	Maron2021	False
Q9UNS1	Q9UNS1	Q9UNS1	False	canonical_or_unversioned_accession	TIMELESS	5	Q9UNS1	Maron2021	False
Q9UNX3	Q9UNX3	Q9UNX3	False	canonical_or_unversioned_accession	RPL26L1	5	Q9UNX3	Maron2021	False
Q9UNY4	Q9UNY4	Q9UNY4	False	canonical_or_unversioned_accession	TTF2	3	Q9UNY4	Maron2021	False
Q9UNZ2	Q9UNZ2	Q9UNZ2	False	canonical_or_unversioned_accession	NSFL1C	5	Q9UNZ2	Maron2021	False
Q9UP83	Q9UP83	Q9UP83	False	canonical_or_unversioned_accession	COG5	3	Q9UP83	Maron2021;ProMetheusDB	False
Q9UPA5	Q9UPA5	Q9UPA5	False	canonical_or_unversioned_accession	BSN	4	Q9UPA5	Maron2021	False
Q9UPN3	Q9UPN3	Q9UPN3	False	canonical_or_unversioned_accession	MACF1	4	Q9UPN3	Maron2021	False
Q9UPN4	Q9UPN4	Q9UPN4	False	canonical_or_unversioned_accession	AZI1	1	Q9UPN4	Maron2021	False
Q9UPN6	Q9UPN6	Q9UPN6	False	canonical_or_unversioned_accession	SCAF8	16	Q9UPN6	Maron2021;ProMetheusDB;human_ptm_master	False
Q9UPN9	Q9UPN9	Q9UPN9	False	canonical_or_unversioned_accession	TRIM33	9	Q9UPN9	Maron2021;ProMetheusDB;human_ptm_master	False
Q9UPQ9	Q9UPQ9	Q9UPQ9	False	canonical_or_unversioned_accession	TNRC6B	8	Q9UPQ9	Maron2021;ProMetheusDB	False
Q9UPR0	Q9UPR0	Q9UPR0	False	canonical_or_unversioned_accession	PLCL2	1	Q9UPR0	Maron2021;ProMetheusDB	False
Q9UPR6	Q9UPR6	Q9UPR6	False	canonical_or_unversioned_accession	ZFR2	1	Q9UPR6	Maron2021	False
Q9UPS6	Q9UPS6	Q9UPS6	False	canonical_or_unversioned_accession	SETD1B	4	Q9UPS6	Maron2021;ProMetheusDB	False
Q9UPS8	Q9UPS8	Q9UPS8	False	canonical_or_unversioned_accession	ANKRD26	2	Q9UPS8	Maron2021	False
Q9UPT6	Q9UPT6	Q9UPT6	False	canonical_or_unversioned_accession	MAPK8IP3	4	Q9UPT6	Maron2021	False
Q9UPT8	Q9UPT8	Q9UPT8	False	canonical_or_unversioned_accession	ZC3H4	6	Q9UPT8	Maron2021;ProMetheusDB	False
Q9UPT9	Q9UPT9	Q9UPT9	False	canonical_or_unversioned_accession	USP22	2	Q9UPT9	Maron2021	False
Q9UPU5	Q9UPU5	Q9UPU5	False	canonical_or_unversioned_accession	USP24	1	Q9UPU5	Maron2021	False
Q9UPU7	Q9UPU7	Q9UPU7	False	canonical_or_unversioned_accession	TBC1D2B	1	Q9UPU7	Maron2021	False
Q9UPU9	Q9UPU9	Q9UPU9	False	canonical_or_unversioned_accession	SAMD4A	2	Q9UPU9	Maron2021	False
Q9UPV0	Q9UPV0	Q9UPV0	False	canonical_or_unversioned_accession	CEP164	2	Q9UPV0	Maron2021	False
Q9UPV9	Q9UPV9	Q9UPV9	False	canonical_or_unversioned_accession	TRAK1	2	Q9UPV9	Maron2021	False
Q9UPW5	Q9UPW5	Q9UPW5	False	canonical_or_unversioned_accession	AGTPBP1	1	Q9UPW5	Maron2021	False
Q9UPW6	Q9UPW6	Q9UPW6	False	canonical_or_unversioned_accession	SATB2	3	Q9UPW6	Maron2021	False
Q9UPZ6	Q9UPZ6	Q9UPZ6	False	canonical_or_unversioned_accession	THSD7A	1	Q9UPZ6	Maron2021	False
Q9UQ16	Q9UQ16	Q9UQ16	False	canonical_or_unversioned_accession	DNM3	1	Q9UQ16	Maron2021	False
Q9UQ26	Q9UQ26	Q9UQ26	False	canonical_or_unversioned_accession	RIMS2	2	Q9UQ26	Maron2021	False
Q9UQ35	Q9UQ35	Q9UQ35	False	canonical_or_unversioned_accession	SRRM2	27	Q9UQ35	Maron2021;ProMetheusDB;human_ptm_master	False
Q9UQ80	Q9UQ80	Q9UQ80	False	canonical_or_unversioned_accession	PA2G4	4	Q9UQ80	Maron2021	False
Q9UQB8	Q9UQB8	Q9UQB8	False	canonical_or_unversioned_accession	BAIAP2	2	Q9UQB8	Maron2021	False
Q9UQE7	Q9UQE7	Q9UQE7	False	canonical_or_unversioned_accession	SMC3	13	Q9UQE7	Maron2021	False
Q9UQF2	Q9UQF2	Q9UQF2	False	canonical_or_unversioned_accession	MAPK8IP1	1	Q9UQF2	Maron2021	False
Q9UQN3	Q9UQN3	Q9UQN3	False	canonical_or_unversioned_accession	CHMP2B	1	Q9UQN3	Maron2021	False
Q9UQQ1	Q9UQQ1	Q9UQQ1	False	canonical_or_unversioned_accession	NAALADL1	1	Q9UQQ1	Maron2021	False
Q9UQR1	Q9UQR1	Q9UQR1	False	canonical_or_unversioned_accession	ZNF148	1	Q9UQR1	Maron2021	False
Q9Y215	Q9Y215	Q9Y215	False	canonical_or_unversioned_accession	COLQ	1	Q9Y215	Maron2021	False
Q9Y217	Q9Y217	Q9Y217	False	canonical_or_unversioned_accession	MTMR6	1	Q9Y217	Maron2021	False
Q9Y221	Q9Y221	Q9Y221	False	canonical_or_unversioned_accession	NIP7	2	Q9Y221	Maron2021	False
Q9Y224	Q9Y224	Q9Y224	False	canonical_or_unversioned_accession	C14orf166	1	Q9Y224	Maron2021	False
Q9Y230	Q9Y230	Q9Y230	False	canonical_or_unversioned_accession	RUVBL2	4	Q9Y230	Maron2021	False
Q9Y242	Q9Y242	Q9Y242	False	canonical_or_unversioned_accession	TCF19	2	Q9Y242	ProMetheusDB;human_ptm_master	False
Q9Y247	Q9Y247	Q9Y247	False	canonical_or_unversioned_accession	FAM50B	2	Q9Y247	Maron2021	False
Q9Y252	Q9Y252	Q9Y252	False	canonical_or_unversioned_accession	RNF6	3	Q9Y252	Maron2021	False
Q9Y263	Q9Y263	Q9Y263	False	canonical_or_unversioned_accession	PLAA	1	Q9Y263	Maron2021	False
Q9Y265	Q9Y265	Q9Y265	False	canonical_or_unversioned_accession	RUVBL1	3	Q9Y265	Maron2021	False
Q9Y283	Q9Y283	Q9Y283	False	canonical_or_unversioned_accession	INVS	4	Q9Y283	Maron2021	False
Q9Y285	Q9Y285	Q9Y285	False	canonical_or_unversioned_accession	FARSA	8	Q9Y285	Maron2021	False
Q9Y2A7	Q9Y2A7	Q9Y2A7	False	canonical_or_unversioned_accession	NCKAP1	1	Q9Y2A7	Maron2021	False
Q9Y2B0	Q9Y2B0	Q9Y2B0	False	canonical_or_unversioned_accession	CNPY2	1	Q9Y2B0	Maron2021	False
Q9Y2B4	Q9Y2B4	Q9Y2B4	False	canonical_or_unversioned_accession	TP53TG5	2	Q9Y2B4	Maron2021	False
Q9Y2D8	Q9Y2D8	Q9Y2D8	False	canonical_or_unversioned_accession	SSX2IP	1	Q9Y2D8	Maron2021	False
Q9Y2H1	Q9Y2H1	Q9Y2H1	False	canonical_or_unversioned_accession	STK38L	1	Q9Y2H1	Maron2021	False
Q9Y2H5	Q9Y2H5	Q9Y2H5	False	canonical_or_unversioned_accession	PLEKHA6	6	Q9Y2H5	Maron2021	False
Q9Y2H6	Q9Y2H6	Q9Y2H6	False	canonical_or_unversioned_accession	FNDC3A	2	Q9Y2H6	Maron2021	False
Q9Y2H9	Q9Y2H9	Q9Y2H9	False	canonical_or_unversioned_accession	MAST1	1	Q9Y2H9	Maron2021	False
Q9Y2J4	Q9Y2J4	Q9Y2J4	False	canonical_or_unversioned_accession	AMOTL2	2	Q9Y2J4	Maron2021	False
Q9Y2K2	Q9Y2K2	Q9Y2K2	False	canonical_or_unversioned_accession	SIK3	4	Q9Y2K2	Maron2021;human_ptm_master	False
Q9Y2L1	Q9Y2L1	Q9Y2L1	False	canonical_or_unversioned_accession	DIS3	8	Q9Y2L1	Maron2021	False
Q9Y2L6	Q9Y2L6	Q9Y2L6	False	canonical_or_unversioned_accession	FRMD4B	2	Q9Y2L6	Maron2021	False
Q9Y2P4	Q9Y2P4	Q9Y2P4	False	canonical_or_unversioned_accession	SLC27A6	1	Q9Y2P4	Maron2021	False
Q9Y2P8	Q9Y2P8	Q9Y2P8	False	canonical_or_unversioned_accession	RCL1	2	Q9Y2P8	Maron2021	False
Q9Y2R0	Q9Y2R0	Q9Y2R0	False	canonical_or_unversioned_accession	CCDC56	1	Q9Y2R0	Maron2021	False
Q9Y2R4	Q9Y2R4	Q9Y2R4	False	canonical_or_unversioned_accession	DDX52	1	Q9Y2R4	Maron2021	False
Q9Y2R9	Q9Y2R9	Q9Y2R9	False	canonical_or_unversioned_accession	MRPS7	2	Q9Y2R9	Maron2021	False
Q9Y2S7	Q9Y2S7	Q9Y2S7	False	canonical_or_unversioned_accession	POLDIP2	1	Q9Y2S7	Maron2021	False
Q9Y2U8	Q9Y2U8	Q9Y2U8	False	canonical_or_unversioned_accession	LEMD3	3	Q9Y2U8	Maron2021	False
Q9Y2V2	Q9Y2V2	Q9Y2V2	False	canonical_or_unversioned_accession	CARHSP1	1	Q9Y2V2	Maron2021	False
Q9Y2W1	Q9Y2W1	Q9Y2W1	False	canonical_or_unversioned_accession	THRAP3	25	Q9Y2W1	Maron2021;ProMetheusDB;human_ptm_master	False
Q9Y2W2	Q9Y2W2	Q9Y2W2	False	canonical_or_unversioned_accession	WBP11	4	Q9Y2W2	Maron2021;human_ptm_master	False
Q9Y2W6	Q9Y2W6	Q9Y2W6	False	canonical_or_unversioned_accession	TDRKH	2	Q9Y2W6	Maron2021	False
Q9Y2X3	Q9Y2X3	Q9Y2X3	False	canonical_or_unversioned_accession	NOP58	2	Q9Y2X3	Maron2021	False
Q9Y2X9	Q9Y2X9	Q9Y2X9	False	canonical_or_unversioned_accession	ZNF281	2	Q9Y2X9	Maron2021	False
Q9Y2Y0	Q9Y2Y0	Q9Y2Y0	False	canonical_or_unversioned_accession	ARL2BP	1	Q9Y2Y0	Maron2021	False
Q9Y2Z0	Q9Y2Z0	Q9Y2Z0	False	canonical_or_unversioned_accession	SUGT1	1	Q9Y2Z0	Maron2021	False
Q9Y2Z4	Q9Y2Z4	Q9Y2Z4	False	canonical_or_unversioned_accession	YARS2	2	Q9Y2Z4	Maron2021	False
Q9Y303	Q9Y303	Q9Y303	False	canonical_or_unversioned_accession	AMDHD2	2	Q9Y303	Maron2021	False
Q9Y314	Q9Y314	Q9Y314	False	canonical_or_unversioned_accession	NOSIP	3	Q9Y314	Maron2021	False
Q9Y324	Q9Y324	Q9Y324	False	canonical_or_unversioned_accession	FCF1	2	Q9Y324	Maron2021	False
Q9Y371	Q9Y371	Q9Y371	False	canonical_or_unversioned_accession	SH3GLB1	1	Q9Y371	Maron2021	False
Q9Y376	Q9Y376	Q9Y376	False	canonical_or_unversioned_accession	CAB39	2	Q9Y376	Maron2021	False
Q9Y383	Q9Y383	Q9Y383	False	canonical_or_unversioned_accession	LUC7L2	4	Q9Y383	Maron2021	False
Q9Y3A2	Q9Y3A2	Q9Y3A2	False	canonical_or_unversioned_accession	UTP11L	1	Q9Y3A2	Maron2021	False
Q9Y3A5	Q9Y3A5	Q9Y3A5	False	canonical_or_unversioned_accession	SBDS	3	Q9Y3A5	Maron2021	False
Q9Y3B2	Q9Y3B2	Q9Y3B2	False	canonical_or_unversioned_accession	EXOSC1	2	Q9Y3B2	Maron2021;ProMetheusDB	False
Q9Y3B7	Q9Y3B7	Q9Y3B7	False	canonical_or_unversioned_accession	MRPL11	1	Q9Y3B7	Maron2021	False
Q9Y3B8	Q9Y3B8	Q9Y3B8	False	canonical_or_unversioned_accession	REXO2	3	Q9Y3B8	Maron2021	False
Q9Y3C6	Q9Y3C6	Q9Y3C6	False	canonical_or_unversioned_accession	PPIL1	1	Q9Y3C6	Maron2021	False
Q9Y3C7	Q9Y3C7	Q9Y3C7	False	canonical_or_unversioned_accession	MED31	1	Q9Y3C7	Maron2021	False
Q9Y3D3	Q9Y3D3	Q9Y3D3	False	canonical_or_unversioned_accession	MRPS16	3	Q9Y3D3	Maron2021	False
Q9Y3D8	Q9Y3D8	Q9Y3D8	False	canonical_or_unversioned_accession	TAF9	2	Q9Y3D8	Maron2021	False
Q9Y3D9	Q9Y3D9	Q9Y3D9	False	canonical_or_unversioned_accession	MRPS23	3	Q9Y3D9	Maron2021	False
Q9Y3I0	Q9Y3I0	Q9Y3I0	False	canonical_or_unversioned_accession	C22orf28	3	Q9Y3I0	Maron2021	False
Q9Y3I1	Q9Y3I1	Q9Y3I1	False	canonical_or_unversioned_accession	FBXO7	6	Q9Y3I1	Maron2021;ProMetheusDB	False
Q9Y3M8	Q9Y3M8	Q9Y3M8	False	canonical_or_unversioned_accession	STARD13	1	Q9Y3M8	Maron2021	False
Q9Y3R0	Q9Y3R0	Q9Y3R0	False	canonical_or_unversioned_accession	GRIP1	1	Q9Y3R0	Maron2021	False
Q9Y3R4	Q9Y3R4	Q9Y3R4	False	canonical_or_unversioned_accession	NEU2	1	Q9Y3R4	Maron2021	False
Q9Y3S2	Q9Y3S2	Q9Y3S2	False	canonical_or_unversioned_accession	ZNF330	1	Q9Y3S2	Maron2021	False
Q9Y3T6	Q9Y3T6	Q9Y3T6	False	canonical_or_unversioned_accession	R3HCC1	4	Q9Y3T6	Maron2021	False
Q9Y3U8	Q9Y3U8	Q9Y3U8	False	canonical_or_unversioned_accession	RPL36	4	Q9Y3U8	Maron2021	False
Q9Y3X0	Q9Y3X0	Q9Y3X0	False	canonical_or_unversioned_accession	CCDC9	12	Q9Y3X0	Maron2021;ProMetheusDB;human_ptm_master	False
Q9Y3Y2	Q9Y3Y2	Q9Y3Y2	False	canonical_or_unversioned_accession	CHTOP	29	Q9Y3Y2	Maron2021;ProMetheusDB	False
Q9Y446	Q9Y446	Q9Y446	False	canonical_or_unversioned_accession	PKP3	2	Q9Y446	Maron2021;ProMetheusDB;human_ptm_master	False
Q9Y450	Q9Y450	Q9Y450	False	canonical_or_unversioned_accession	HBS1L	1	Q9Y450	Maron2021	False
Q9Y467	Q9Y467	Q9Y467	False	canonical_or_unversioned_accession	SALL2	1	Q9Y467	Maron2021	False
Q9Y483	Q9Y483	Q9Y483	False	canonical_or_unversioned_accession	MTF2	1	Q9Y483	Maron2021	False
Q9Y485	Q9Y485	Q9Y485	False	canonical_or_unversioned_accession	DMXL1	2	Q9Y485	Maron2021	False
Q9Y490	Q9Y490	Q9Y490	False	canonical_or_unversioned_accession	TLN1	12	Q9Y490	Maron2021	False
Q9Y4A5	Q9Y4A5	Q9Y4A5	False	canonical_or_unversioned_accession	TRRAP	1	Q9Y4A5	Maron2021	False
Q9Y4B4	Q9Y4B4	Q9Y4B4	False	canonical_or_unversioned_accession	RAD54L2	5	Q9Y4B4	Maron2021	False
Q9Y4B5	Q9Y4B5	Q9Y4B5	False	canonical_or_unversioned_accession	SOGA2	6	Q9Y4B5	Maron2021;ProMetheusDB	False
Q9Y4C0	Q9Y4C0	Q9Y4C0	False	canonical_or_unversioned_accession	NRXN3	1	Q9Y4C0	Maron2021	False
Q9Y4C2	Q9Y4C2	Q9Y4C2	False	canonical_or_unversioned_accession	FAM115A	1	Q9Y4C2	Maron2021	False
Q9Y4D1	Q9Y4D1	Q9Y4D1	False	canonical_or_unversioned_accession	DAAM1	1	Q9Y4D1	Maron2021	False
Q9Y4E5	Q9Y4E5	Q9Y4E5	False	canonical_or_unversioned_accession	ZNF451	1	Q9Y4E5	Maron2021;ProMetheusDB;human_ptm_master	False
Q9Y4E6	Q9Y4E6	Q9Y4E6	False	canonical_or_unversioned_accession	WDR7	1	Q9Y4E6	Maron2021	False
Q9Y4E8	Q9Y4E8	Q9Y4E8	False	canonical_or_unversioned_accession	USP15	1	Q9Y4E8	Maron2021	False
Q9Y4F4	Q9Y4F4	Q9Y4F4	False	canonical_or_unversioned_accession	TOGARAM1	3	Q9Y4F4	Maron2021	False
Q9Y4F5	Q9Y4F5	Q9Y4F5	False	canonical_or_unversioned_accession	KIAA0284	6	Q9Y4F5	Maron2021	False
Q9Y4G2	Q9Y4G2	Q9Y4G2	False	canonical_or_unversioned_accession	PLEKHM1	3	Q9Y4G2	Maron2021	False
Q9Y4H2	Q9Y4H2	Q9Y4H2	False	canonical_or_unversioned_accession	IRS2	10	Q9Y4H2	Maron2021;ProMetheusDB;human_ptm_master	False
Q9Y4I1	Q9Y4I1	Q9Y4I1	False	canonical_or_unversioned_accession	MYO5A	2	Q9Y4I1	Maron2021	False
Q9Y4K4	Q9Y4K4	Q9Y4K4	False	canonical_or_unversioned_accession	MAP4K5	1	Q9Y4K4	Maron2021	False
Q9Y4L1	Q9Y4L1	Q9Y4L1	False	canonical_or_unversioned_accession	HYOU1	4	Q9Y4L1	Maron2021	False
Q9Y4L5	Q9Y4L5	Q9Y4L5	False	canonical_or_unversioned_accession	RNF115	2	Q9Y4L5	Maron2021	False
Q9Y4P1	Q9Y4P1	Q9Y4P1	False	canonical_or_unversioned_accession	ATG4B	1	Q9Y4P1	Maron2021	False
Q9Y4P3	Q9Y4P3	Q9Y4P3	False	canonical_or_unversioned_accession	TBL2	2	Q9Y4P3	Maron2021	False
Q9Y4R8	Q9Y4R8	Q9Y4R8	False	canonical_or_unversioned_accession	TELO2	1	Q9Y4R8	Maron2021	False
Q9Y4W2	Q9Y4W2	Q9Y4W2	False	canonical_or_unversioned_accession	LAS1L	2	Q9Y4W2	Maron2021	False
Q9Y4W6	Q9Y4W6	Q9Y4W6	False	canonical_or_unversioned_accession	AFG3L2	2	Q9Y4W6	Maron2021	False
Q9Y4Z0	Q9Y4Z0	Q9Y4Z0	False	canonical_or_unversioned_accession	LSM4	8	Q9Y4Z0	Maron2021;ProMetheusDB	False
Q9Y4Z2	Q9Y4Z2	Q9Y4Z2	False	canonical_or_unversioned_accession	NEUROG3	1	Q9Y4Z2	Maron2021	False
Q9Y519	Q9Y519	Q9Y519	False	canonical_or_unversioned_accession	TMEM184B	2	Q9Y519	Maron2021	False
Q9Y520	Q9Y520	Q9Y520	False	canonical_or_unversioned_accession	PRRC2C	40	Q9Y520	Maron2021;ProMetheusDB;human_ptm_master	False
Q9Y561	Q9Y561	Q9Y561	False	canonical_or_unversioned_accession	LRP12	1	Q9Y561	Maron2021	False
Q9Y566	Q9Y566	Q9Y566	False	canonical_or_unversioned_accession	SHANK1	2	Q9Y566	Maron2021	False
Q9Y570	Q9Y570	Q9Y570	False	canonical_or_unversioned_accession	PPME1	2	Q9Y570	Maron2021;human_ptm_master	False
Q9Y572	Q9Y572	Q9Y572	False	canonical_or_unversioned_accession	RIPK3	2	Q9Y572	Maron2021	False
Q9Y577	Q9Y577	Q9Y577	False	canonical_or_unversioned_accession	TRIM17	1	Q9Y577	Maron2021	False
Q9Y580	Q9Y580	Q9Y580	False	canonical_or_unversioned_accession	RBM7	8	Q9Y580	Maron2021;ProMetheusDB;human_ptm_master	False
Q9Y597	Q9Y597	Q9Y597	False	canonical_or_unversioned_accession	KCTD3	1	Q9Y597	Maron2021	False
Q9Y5A9	Q9Y5A9	Q9Y5A9	False	canonical_or_unversioned_accession	YTHDF2	2	Q9Y5A9	Maron2021	False
Q9Y5B0	Q9Y5B0	Q9Y5B0	False	canonical_or_unversioned_accession	CTDP1	3	Q9Y5B0	Maron2021	False
Q9Y5B8	Q9Y5B8	Q9Y5B8	False	canonical_or_unversioned_accession	NME7	1	Q9Y5B8	Maron2021	False
Q9Y5B9	Q9Y5B9	Q9Y5B9	False	canonical_or_unversioned_accession	SUPT16H	6	Q9Y5B9	Maron2021	False
Q9Y5E7	Q9Y5E7	Q9Y5E7	False	canonical_or_unversioned_accession	PCDHB2	1	Q9Y5E7	Maron2021	False
Q9Y5F9	Q9Y5F9	Q9Y5F9	False	canonical_or_unversioned_accession	PCDHGB6	2	Q9Y5F9	Maron2021	False
Q9Y5H7	Q9Y5H7	Q9Y5H7	False	canonical_or_unversioned_accession	PCDHA5	2	Q9Y5H7	Maron2021	False
Q9Y5J1	Q9Y5J1	Q9Y5J1	False	canonical_or_unversioned_accession	UTP18	1	Q9Y5J1	Maron2021	False
Q9Y5K6	Q9Y5K6	Q9Y5K6	False	canonical_or_unversioned_accession	CD2AP	1	Q9Y5K6	Maron2021	False
Q9Y5K8	Q9Y5K8	Q9Y5K8	False	canonical_or_unversioned_accession	ATP6V1D	2	Q9Y5K8	Maron2021	False
Q9Y5L4	Q9Y5L4	Q9Y5L4	False	canonical_or_unversioned_accession	TIMM13	1	Q9Y5L4	Maron2021	False
Q9Y5M8	Q9Y5M8	Q9Y5M8	False	canonical_or_unversioned_accession	SRPRB	1	Q9Y5M8	Maron2021	False
Q9Y5N6	Q9Y5N6	Q9Y5N6	False	canonical_or_unversioned_accession	ORC6	2	Q9Y5N6	Maron2021	False
Q9Y5P6	Q9Y5P6	Q9Y5P6	False	canonical_or_unversioned_accession	GMPPB	1	Q9Y5P6	Maron2021	False
Q9Y5Q9	Q9Y5Q9	Q9Y5Q9	False	canonical_or_unversioned_accession	GTF3C3	2	Q9Y5Q9	Maron2021	False
Q9Y5R2	Q9Y5R2	Q9Y5R2	False	canonical_or_unversioned_accession	MMP24	2	Q9Y5R2	Maron2021	False
Q9Y5R6	Q9Y5R6	Q9Y5R6	False	canonical_or_unversioned_accession	DMRT1	1	Q9Y5R6	Maron2021	False
Q9Y5R8	Q9Y5R8	Q9Y5R8	False	canonical_or_unversioned_accession	TRAPPC1	1	Q9Y5R8	Maron2021	False
Q9Y5S2	Q9Y5S2	Q9Y5S2	False	canonical_or_unversioned_accession	CDC42BPB	1	Q9Y5S2	Maron2021;ProMetheusDB;human_ptm_master	False
Q9Y5S9	Q9Y5S9	Q9Y5S9	False	canonical_or_unversioned_accession	RBM8A	3	Q9Y5S9	Maron2021	False
Q9Y5U2	Q9Y5U2	Q9Y5U2	False	canonical_or_unversioned_accession	TSSC4	5	Q9Y5U2	Maron2021;ProMetheusDB	False
Q9Y5V3	Q9Y5V3	Q9Y5V3	False	canonical_or_unversioned_accession	MAGED1	3	Q9Y5V3	Maron2021	False
Q9Y5X1	Q9Y5X1	Q9Y5X1	False	canonical_or_unversioned_accession	SNX9	1	Q9Y5X1	Maron2021	False
Q9Y5Y2	Q9Y5Y2	Q9Y5Y2	False	canonical_or_unversioned_accession	NUBP2	2	Q9Y5Y2	Maron2021	False
Q9Y5Z4	Q9Y5Z4	Q9Y5Z4	False	canonical_or_unversioned_accession	HEBP2	1	Q9Y5Z4	Maron2021	False
Q9Y608	Q9Y608	Q9Y608	False	canonical_or_unversioned_accession	LRRFIP2	2	Q9Y608	Maron2021	False
Q9Y613	Q9Y613	Q9Y613	False	canonical_or_unversioned_accession	FHOD1	1	Q9Y613	Maron2021	False
Q9Y617	Q9Y617	Q9Y617	False	canonical_or_unversioned_accession	PSAT1	5	Q9Y617	Maron2021	False
Q9Y618	Q9Y618	Q9Y618	False	canonical_or_unversioned_accession	NCOR2	17	Q9Y618	Maron2021;ProMetheusDB;human_ptm_master	False
Q9Y620	Q9Y620	Q9Y620	False	canonical_or_unversioned_accession	RAD54B	1	Q9Y620	Maron2021	False
Q9Y623	Q9Y623	Q9Y623	False	canonical_or_unversioned_accession	MYH4	1	Q9Y623	Maron2021	False
Q9Y624	Q9Y624	Q9Y624	False	canonical_or_unversioned_accession	F11R	1	Q9Y624	Maron2021	False
Q9Y651	Q9Y651	Q9Y651	False	canonical_or_unversioned_accession	SOX21	1	Q9Y651	Maron2021	False
Q9Y657	Q9Y657	Q9Y657	False	canonical_or_unversioned_accession	SPIN1	2	Q9Y657	Maron2021	False
Q9Y664	Q9Y664	Q9Y664	False	canonical_or_unversioned_accession	KPTN	1	Q9Y664	Maron2021	False
Q9Y678	Q9Y678	Q9Y678	False	canonical_or_unversioned_accession	COPG1	4	Q9Y678	Maron2021	False
Q9Y692	Q9Y692	Q9Y692	False	canonical_or_unversioned_accession	GMEB1	1	Q9Y692	Maron2021	False
Q9Y696	Q9Y696	Q9Y696	False	canonical_or_unversioned_accession	CLIC4	2	Q9Y696	Maron2021	False
Q9Y6A4	Q9Y6A4	Q9Y6A4	False	canonical_or_unversioned_accession	C16orf80	1	Q9Y6A4	Maron2021	False
Q9Y6A5	Q9Y6A5	Q9Y6A5	False	canonical_or_unversioned_accession	TACC3	2	Q9Y6A5	Maron2021	False
Q9Y6B7	Q9Y6B7	Q9Y6B7	False	canonical_or_unversioned_accession	AP4B1	1	Q9Y6B7	Maron2021	False
Q9Y6D6	Q9Y6D6	Q9Y6D6	False	canonical_or_unversioned_accession	ARFGEF1	1	Q9Y6D6	Maron2021	False
Q9Y6G9	Q9Y6G9	Q9Y6G9	False	canonical_or_unversioned_accession	DYNC1LI1	4	Q9Y6G9	Maron2021	False
Q9Y6H1	Q9Y6H1	Q9Y6H1	False	canonical_or_unversioned_accession	CHCHD2	1	Q9Y6H1	Maron2021	False
Q9Y6I3	Q9Y6I3	Q9Y6I3	False	canonical_or_unversioned_accession	EPN1	1	Q9Y6I3	Maron2021	False
Q9Y6J0	Q9Y6J0	Q9Y6J0	False	canonical_or_unversioned_accession	CABIN1	2	Q9Y6J0	Maron2021	False
Q9Y6J9	Q9Y6J9	Q9Y6J9	False	canonical_or_unversioned_accession	TAF6L	6	Q9Y6J9	Maron2021;ProMetheusDB;human_ptm_master	False
Q9Y6K1	Q9Y6K1	Q9Y6K1	False	canonical_or_unversioned_accession	DNMT3A	2	Q9Y6K1	Maron2021	False
Q9Y6K5	Q9Y6K5	Q9Y6K5	False	canonical_or_unversioned_accession	OAS3	4	Q9Y6K5	Maron2021	False
Q9Y6L7	Q9Y6L7	Q9Y6L7	False	canonical_or_unversioned_accession	TLL2	1	Q9Y6L7	Maron2021	False
Q9Y6N5	Q9Y6N5	Q9Y6N5	False	canonical_or_unversioned_accession	SQRDL	1	Q9Y6N5	Maron2021	False
Q9Y6N6	Q9Y6N6	Q9Y6N6	False	canonical_or_unversioned_accession	LAMC3	1	Q9Y6N6	Maron2021	False
Q9Y6N7	Q9Y6N7	Q9Y6N7	False	canonical_or_unversioned_accession	ROBO1	1	Q9Y6N7	Maron2021	False
Q9Y6Q9	Q9Y6Q9	Q9Y6Q9	False	canonical_or_unversioned_accession	NCOA3	7	Q9Y6Q9	Maron2021;ProMetheusDB;human_ptm_master	False
Q9Y6R0	Q9Y6R0	Q9Y6R0	False	canonical_or_unversioned_accession	NUMBL	1	Q9Y6R0	Maron2021	False
Q9Y6R9	Q9Y6R9	Q9Y6R9	False	canonical_or_unversioned_accession	CCDC61	4	Q9Y6R9	Maron2021	False
Q9Y6V7	Q9Y6V7	Q9Y6V7	False	canonical_or_unversioned_accession	DDX49	3	Q9Y6V7	Maron2021	False
Q9Y6W5	Q9Y6W5	Q9Y6W5	False	canonical_or_unversioned_accession	WASF2	1	Q9Y6W5	Maron2021	False
Q9Y6X1	Q9Y6X1	Q9Y6X1	False	canonical_or_unversioned_accession	SERP1	1	Q9Y6X1	Maron2021	False
Q9Y6X9	Q9Y6X9	Q9Y6X9	False	canonical_or_unversioned_accession	MORC2	1	Q9Y6X9	Maron2021	False
Q9Y6Y1	Q9Y6Y1	Q9Y6Y1	False	canonical_or_unversioned_accession	CAMTA1	1	Q9Y6Y1	Maron2021	False
Q9Y6Y8	Q9Y6Y8	Q9Y6Y8	False	canonical_or_unversioned_accession	SEC23IP	2	Q9Y6Y8	Maron2021	False
R4GMU1	R4GMU1	R4GMU1	False	canonical_or_unversioned_accession	H6PD	2	R4GMU1	Maron2021	False
R4GNJ5	R4GNJ5	R4GNJ5	False	canonical_or_unversioned_accession	ACD	1	R4GNJ5	Maron2021	False
S4R3H3	S4R3H3	S4R3H3	False	canonical_or_unversioned_accession	ZSWIM8	1	S4R3H3	Maron2021	False
X6R700	X6R700	X6R700	False	canonical_or_unversioned_accession	CHTOP	6	X6R700	Maron2021	False
