nearest_domain_edge_distance	domain_context_class
0.0	in_domain
123.0	distal
96.0	distal
255.0	distal
268.0	distal
	no_domain_annotation
	no_domain_annotation
0.0	in_domain
564.0	distal
0.0	in_domain
	no_domain_annotation
83.0	distal
967.0	distal
973.0	distal
198.0	distal
207.0	distal
215.0	distal
280.0	distal
285.0	distal
405.0	distal
	no_domain_annotation
0.0	in_domain
0.0	in_domain
0.0	in_domain
	no_domain_annotation
426.0	distal
	no_domain_annotation
	no_domain_annotation
	no_domain_annotation
	no_domain_annotation
0.0	in_domain
	no_domain_annotation
	no_domain_annotation
59.0	distal
1.0	boundary
508.0	distal
	no_domain_annotation
151.0	inter_domain_linker
0.0	in_domain
33.0	distal
24.0	distal
	no_domain_annotation
39.0	distal
	no_domain_annotation
	no_domain_annotation
0.0	in_domain
252.0	distal
0.0	in_domain
98.0	distal
320.0	distal
	no_domain_annotation
0.0	in_domain
69.0	distal
0.0	in_domain
0.0	in_domain
0.0	in_domain
0.0	in_domain
0.0	in_domain
	no_domain_annotation
	no_domain_annotation
0.0	in_domain
	no_domain_annotation
	no_domain_annotation
	no_domain_annotation
9.0	boundary
3.0	boundary
132.0	distal
28.0	distal
21.0	distal
	no_domain_annotation
102.0	inter_domain_linker
160.0	distal
0.0	in_domain
323.0	distal
330.0	inter_domain_linker
23.0	distal
42.0	distal
57.0	distal
92.0	distal
87.0	distal
85.0	distal
0.0	in_domain
0.0	in_domain
14.0	boundary
61.0	distal
63.0	distal
65.0	distal
71.0	distal
76.0	distal
87.0	distal
92.0	distal
45.0	distal
19.0	boundary
	no_domain_annotation
	no_domain_annotation
	no_domain_annotation
75.0	inter_domain_linker
77.0	inter_domain_linker
50.0	inter_domain_linker
42.0	inter_domain_linker
	no_domain_annotation
	no_domain_annotation
703.0	distal
709.0	distal
711.0	distal
0.0	in_domain
0.0	in_domain
0.0	in_domain
	no_domain_annotation
	no_domain_annotation
	no_domain_annotation
	no_domain_annotation
	no_domain_annotation
	no_domain_annotation
0.0	in_domain
0.0	in_domain
	no_domain_annotation
	no_domain_annotation
	no_domain_annotation
	no_domain_annotation
0.0	in_domain
119.0	distal
0.0	in_domain
0.0	in_domain
0.0	in_domain
3.0	boundary
436.0	distal
26.0	distal
	no_domain_annotation
9.0	boundary
5.0	boundary
29.0	inter_domain_linker
247.0	distal
263.0	distal
	no_domain_annotation
	no_domain_annotation
	no_domain_annotation
	no_domain_annotation
	no_domain_annotation
0.0	in_domain
11.0	boundary
0.0	in_domain
	no_domain_annotation
	no_domain_annotation
0.0	in_domain
0.0	in_domain
881.0	distal
	no_domain_annotation
	no_domain_annotation
117.0	distal
	no_domain_annotation
	no_domain_annotation
0.0	in_domain
0.0	in_domain
0.0	in_domain
0.0	in_domain
0.0	in_domain
0.0	in_domain
135.0	distal
133.0	distal
104.0	distal
101.0	distal
23.0	inter_domain_linker
193.0	inter_domain_linker
	no_domain_annotation
	no_domain_annotation
	no_domain_annotation
	no_domain_annotation
	no_domain_annotation
	no_domain_annotation
	no_domain_annotation
	no_domain_annotation
	no_domain_annotation
0.0	in_domain
0.0	in_domain
0.0	in_domain
59.0	inter_domain_linker
60.0	inter_domain_linker
0.0	in_domain
0.0	in_domain
0.0	in_domain
	no_domain_annotation
0.0	in_domain
0.0	in_domain
0.0	in_domain
70.0	inter_domain_linker
0.0	in_domain
	no_domain_annotation
	no_domain_annotation
	no_domain_annotation
	no_domain_annotation
	no_domain_annotation
	no_domain_annotation
371.0	distal
0.0	in_domain
123.0	distal
0.0	in_domain
	no_domain_annotation
102.0	distal
13.0	boundary
	no_domain_annotation
0.0	in_domain
0.0	in_domain
146.0	inter_domain_linker
0.0	in_domain
0.0	in_domain
0.0	in_domain
0.0	in_domain
	no_domain_annotation
13.0	boundary
0.0	in_domain
	no_domain_annotation
	no_domain_annotation
94.0	distal
5.0	boundary
33.0	distal
541.0	inter_domain_linker
499.0	inter_domain_linker
496.0	inter_domain_linker
486.0	inter_domain_linker
207.0	inter_domain_linker
201.0	inter_domain_linker
956.0	distal
966.0	distal
1128.0	distal
	no_domain_annotation
	no_domain_annotation
545.0	distal
85.0	inter_domain_linker
70.0	inter_domain_linker
	no_domain_annotation
	no_domain_annotation
	no_domain_annotation
	no_domain_annotation
	no_domain_annotation
	no_domain_annotation
	no_domain_annotation
	no_domain_annotation
	no_domain_annotation
	no_domain_annotation
	no_domain_annotation
	no_domain_annotation
	no_domain_annotation
	no_domain_annotation
	no_domain_annotation
	no_domain_annotation
	no_domain_annotation
	no_domain_annotation
	no_domain_annotation
	no_domain_annotation
	no_domain_annotation
	no_domain_annotation
	no_domain_annotation
0.0	in_domain
0.0	in_domain
	no_domain_annotation
	no_domain_annotation
	no_domain_annotation
	no_domain_annotation
	no_domain_annotation
	no_domain_annotation
	no_domain_annotation
	no_domain_annotation
	no_domain_annotation
	no_domain_annotation
	no_domain_annotation
	no_domain_annotation
	no_domain_annotation
	no_domain_annotation
	no_domain_annotation
	no_domain_annotation
	no_domain_annotation
	no_domain_annotation
	no_domain_annotation
	no_domain_annotation
	no_domain_annotation
	no_domain_annotation
	no_domain_annotation
	no_domain_annotation
	no_domain_annotation
	no_domain_annotation
	no_domain_annotation
458.0	distal
0.0	in_domain
101.0	distal
	no_domain_annotation
	no_domain_annotation
16.0	boundary
9.0	boundary
0.0	in_domain
104.0	distal
121.0	distal
52.0	distal
	no_domain_annotation
	no_domain_annotation
	no_domain_annotation
	no_domain_annotation
	no_domain_annotation
	no_domain_annotation
	no_domain_annotation
138.0	distal
1095.0	distal
	no_domain_annotation
	no_domain_annotation
	no_domain_annotation
	no_domain_annotation
	no_domain_annotation
35.0	distal
	no_domain_annotation
	no_domain_annotation
	no_domain_annotation
	no_domain_annotation
	no_domain_annotation
	no_domain_annotation
	no_domain_annotation
	no_domain_annotation
	no_domain_annotation
	no_domain_annotation
	no_domain_annotation
	no_domain_annotation
113.0	distal
7.0	boundary
7.0	boundary
	no_domain_annotation
	no_domain_annotation
	no_domain_annotation
	no_domain_annotation
	no_domain_annotation
	no_domain_annotation
	no_domain_annotation
	no_domain_annotation
	no_domain_annotation
	no_domain_annotation
	no_domain_annotation
	no_domain_annotation
	no_domain_annotation
	no_domain_annotation
	no_domain_annotation
	no_domain_annotation
	no_domain_annotation
	no_domain_annotation
64.0	distal
0.0	in_domain
	no_domain_annotation
	no_domain_annotation
	no_domain_annotation
	no_domain_annotation
	no_domain_annotation
	no_domain_annotation
	no_domain_annotation
	no_domain_annotation
	no_domain_annotation
	no_domain_annotation
	no_domain_annotation
	no_domain_annotation
	no_domain_annotation
	no_domain_annotation
	no_domain_annotation
0.0	in_domain
	no_domain_annotation
	no_domain_annotation
	no_domain_annotation
	no_domain_annotation
	no_domain_annotation
0.0	in_domain
0.0	in_domain
0.0	in_domain
0.0	in_domain
0.0	in_domain
24.0	distal
28.0	distal
	no_domain_annotation
	no_domain_annotation
	no_domain_annotation
	no_domain_annotation
	no_domain_annotation
	no_domain_annotation
	no_domain_annotation
	no_domain_annotation
	no_domain_annotation
	no_domain_annotation
	no_domain_annotation
	no_domain_annotation
	no_domain_annotation
	no_domain_annotation
	no_domain_annotation
	no_domain_annotation
	no_domain_annotation
	no_domain_annotation
	no_domain_annotation
	no_domain_annotation
	no_domain_annotation
	no_domain_annotation
	no_domain_annotation
	no_domain_annotation
	no_domain_annotation
274.0	distal
	no_domain_annotation
	no_domain_annotation
	no_domain_annotation
	no_domain_annotation
	no_domain_annotation
	no_domain_annotation
	no_domain_annotation
	no_domain_annotation
	no_domain_annotation
	no_domain_annotation
506.0	distal
480.0	distal
	no_domain_annotation
	no_domain_annotation
	no_domain_annotation
	no_domain_annotation
	no_domain_annotation
	no_domain_annotation
	no_domain_annotation
	no_domain_annotation
	no_domain_annotation
	no_domain_annotation
122.0	distal
	no_domain_annotation
	no_domain_annotation
	no_domain_annotation
	no_domain_annotation
	no_domain_annotation
	no_domain_annotation
	no_domain_annotation
	no_domain_annotation
	no_domain_annotation
	no_domain_annotation
	no_domain_annotation
	no_domain_annotation
	no_domain_annotation
261.0	distal
	no_domain_annotation
	no_domain_annotation
	no_domain_annotation
	no_domain_annotation
	no_domain_annotation
91.0	distal
39.0	inter_domain_linker
80.0	distal
78.0	distal
	no_domain_annotation
	no_domain_annotation
	no_domain_annotation
	no_domain_annotation
	no_domain_annotation
42.0	distal
	no_domain_annotation
0.0	in_domain
92.0	distal
	no_domain_annotation
	no_domain_annotation
	no_domain_annotation
0.0	in_domain
0.0	in_domain
0.0	in_domain
	no_domain_annotation
	no_domain_annotation
148.0	distal
	no_domain_annotation
33.0	inter_domain_linker
16.0	boundary
12.0	boundary
15.0	boundary
	no_domain_annotation
	no_domain_annotation
87.0	inter_domain_linker
48.0	distal
22.0	inter_domain_linker
283.0	distal
	no_domain_annotation
0.0	in_domain
	no_domain_annotation
	no_domain_annotation
	no_domain_annotation
	no_domain_annotation
	no_domain_annotation
	no_domain_annotation
	no_domain_annotation
	no_domain_annotation
	no_domain_annotation
	no_domain_annotation
	no_domain_annotation
	no_domain_annotation
	no_domain_annotation
	no_domain_annotation
	no_domain_annotation
	no_domain_annotation
	no_domain_annotation
	no_domain_annotation
	no_domain_annotation
	no_domain_annotation
	no_domain_annotation
	no_domain_annotation
	no_domain_annotation
	no_domain_annotation
	no_domain_annotation
	no_domain_annotation
	no_domain_annotation
	no_domain_annotation
	no_domain_annotation
43.0	distal
	no_domain_annotation
	no_domain_annotation
	no_domain_annotation
	no_domain_annotation
	no_domain_annotation
	no_domain_annotation
	no_domain_annotation
	no_domain_annotation
	no_domain_annotation
	no_domain_annotation
	no_domain_annotation
65.0	inter_domain_linker
	no_domain_annotation
	no_domain_annotation
	no_domain_annotation
	no_domain_annotation
	no_domain_annotation
	no_domain_annotation
	no_domain_annotation
	no_domain_annotation
	no_domain_annotation
	no_domain_annotation
82.0	inter_domain_linker
92.0	inter_domain_linker
674.0	distal
667.0	distal
47.0	distal
41.0	distal
37.0	distal
	no_domain_annotation
	no_domain_annotation
	no_domain_annotation
	no_domain_annotation
	no_domain_annotation
	no_domain_annotation
	no_domain_annotation
	no_domain_annotation
	no_domain_annotation
	no_domain_annotation
	no_domain_annotation
	no_domain_annotation
	no_domain_annotation
	no_domain_annotation
	no_domain_annotation
225.0	inter_domain_linker
257.0	inter_domain_linker
259.0	inter_domain_linker
	no_domain_annotation
	no_domain_annotation
	no_domain_annotation
	no_domain_annotation
	no_domain_annotation
	no_domain_annotation
	no_domain_annotation
	no_domain_annotation
	no_domain_annotation
	no_domain_annotation
	no_domain_annotation
	no_domain_annotation
	no_domain_annotation
	no_domain_annotation
	no_domain_annotation
	no_domain_annotation
	no_domain_annotation
	no_domain_annotation
	no_domain_annotation
	no_domain_annotation
	no_domain_annotation
	no_domain_annotation
	no_domain_annotation
	no_domain_annotation
	no_domain_annotation
	no_domain_annotation
	no_domain_annotation
	no_domain_annotation
	no_domain_annotation
	no_domain_annotation
	no_domain_annotation
	no_domain_annotation
	no_domain_annotation
	no_domain_annotation
	no_domain_annotation
	no_domain_annotation
	no_domain_annotation
	no_domain_annotation
	no_domain_annotation
	no_domain_annotation
	no_domain_annotation
	no_domain_annotation
	no_domain_annotation
	no_domain_annotation
	no_domain_annotation
	no_domain_annotation
	no_domain_annotation
	no_domain_annotation
	no_domain_annotation
	no_domain_annotation
	no_domain_annotation
	no_domain_annotation
	no_domain_annotation
	no_domain_annotation
	no_domain_annotation
0.0	in_domain
	no_domain_annotation
	no_domain_annotation
	no_domain_annotation
	no_domain_annotation
	no_domain_annotation
	no_domain_annotation
	no_domain_annotation
	no_domain_annotation
	no_domain_annotation
	no_domain_annotation
	no_domain_annotation
	no_domain_annotation
565.0	distal
	no_domain_annotation
	no_domain_annotation
	no_domain_annotation
	no_domain_annotation
	no_domain_annotation
2134.0	distal
2136.0	distal
	no_domain_annotation
	no_domain_annotation
	no_domain_annotation
	no_domain_annotation
	no_domain_annotation
187.0	distal
189.0	distal
200.0	distal
	no_domain_annotation
	no_domain_annotation
89.0	inter_domain_linker
218.0	distal
	no_domain_annotation
	no_domain_annotation
	no_domain_annotation
	no_domain_annotation
	no_domain_annotation
	no_domain_annotation
	no_domain_annotation
	no_domain_annotation
	no_domain_annotation
	no_domain_annotation
	no_domain_annotation
	no_domain_annotation
	no_domain_annotation
	no_domain_annotation
	no_domain_annotation
	no_domain_annotation
	no_domain_annotation
	no_domain_annotation
	no_domain_annotation
	no_domain_annotation
	no_domain_annotation
	no_domain_annotation
	no_domain_annotation
	no_domain_annotation
	no_domain_annotation
	no_domain_annotation
17.0	boundary
	no_domain_annotation
	no_domain_annotation
	no_domain_annotation
0.0	in_domain
	no_domain_annotation
	no_domain_annotation
	no_domain_annotation
	no_domain_annotation
	no_domain_annotation
	no_domain_annotation
	no_domain_annotation
	no_domain_annotation
0.0	in_domain
0.0	in_domain
0.0	in_domain
	no_domain_annotation
	no_domain_annotation
	no_domain_annotation
	no_domain_annotation
	no_domain_annotation
	no_domain_annotation
	no_domain_annotation
	no_domain_annotation
	no_domain_annotation
	no_domain_annotation
	no_domain_annotation
	no_domain_annotation
	no_domain_annotation
	no_domain_annotation
	no_domain_annotation
	no_domain_annotation
	no_domain_annotation
	no_domain_annotation
	no_domain_annotation
	no_domain_annotation
	no_domain_annotation
	no_domain_annotation
	no_domain_annotation
	no_domain_annotation
	no_domain_annotation
	no_domain_annotation
	no_domain_annotation
	no_domain_annotation
	no_domain_annotation
	no_domain_annotation
	no_domain_annotation
	no_domain_annotation
	no_domain_annotation
	no_domain_annotation
	no_domain_annotation
	no_domain_annotation
264.0	distal
	no_domain_annotation
	no_domain_annotation
	no_domain_annotation
	no_domain_annotation
	no_domain_annotation
	no_domain_annotation
	no_domain_annotation
	no_domain_annotation
	no_domain_annotation
81.0	distal
26.0	distal
212.0	distal
208.0	distal
	no_domain_annotation
	no_domain_annotation
	no_domain_annotation
	no_domain_annotation
	no_domain_annotation
	no_domain_annotation
	no_domain_annotation
	no_domain_annotation
	no_domain_annotation
	no_domain_annotation
	no_domain_annotation
	no_domain_annotation
	no_domain_annotation
	no_domain_annotation
	no_domain_annotation
	no_domain_annotation
	no_domain_annotation
	no_domain_annotation
	no_domain_annotation
42.0	inter_domain_linker
26.0	inter_domain_linker
	no_domain_annotation
	no_domain_annotation
	no_domain_annotation
	no_domain_annotation
	no_domain_annotation
	no_domain_annotation
	no_domain_annotation
	no_domain_annotation
	no_domain_annotation
	no_domain_annotation
	no_domain_annotation
	no_domain_annotation
	no_domain_annotation
	no_domain_annotation
	no_domain_annotation
	no_domain_annotation
	no_domain_annotation
	no_domain_annotation
	no_domain_annotation
	no_domain_annotation
	no_domain_annotation
	no_domain_annotation
	no_domain_annotation
	no_domain_annotation
	no_domain_annotation
	no_domain_annotation
	no_domain_annotation
	no_domain_annotation
	no_domain_annotation
	no_domain_annotation
	no_domain_annotation
	no_domain_annotation
	no_domain_annotation
	no_domain_annotation
	no_domain_annotation
	no_domain_annotation
	no_domain_annotation
	no_domain_annotation
	no_domain_annotation
	no_domain_annotation
	no_domain_annotation
	no_domain_annotation
	no_domain_annotation
	no_domain_annotation
	no_domain_annotation
	no_domain_annotation
	no_domain_annotation
	no_domain_annotation
	no_domain_annotation
	no_domain_annotation
	no_domain_annotation
	no_domain_annotation
	no_domain_annotation
	no_domain_annotation
	no_domain_annotation
	no_domain_annotation
	no_domain_annotation
	no_domain_annotation
	no_domain_annotation
	no_domain_annotation
	no_domain_annotation
	no_domain_annotation
	no_domain_annotation
	no_domain_annotation
	no_domain_annotation
	no_domain_annotation
	no_domain_annotation
	no_domain_annotation
	no_domain_annotation
	no_domain_annotation
	no_domain_annotation
	no_domain_annotation
	no_domain_annotation
0.0	in_domain
0.0	in_domain
14.0	boundary
20.0	boundary
25.0	inter_domain_linker
31.0	inter_domain_linker
25.0	inter_domain_linker
23.0	inter_domain_linker
22.0	inter_domain_linker
0.0	in_domain
0.0	in_domain
0.0	in_domain
0.0	in_domain
0.0	in_domain
0.0	in_domain
0.0	in_domain
	no_domain_annotation
	no_domain_annotation
	no_domain_annotation
	no_domain_annotation
	no_domain_annotation
	no_domain_annotation
	no_domain_annotation
	no_domain_annotation
	no_domain_annotation
	no_domain_annotation
	no_domain_annotation
	no_domain_annotation
	no_domain_annotation
	no_domain_annotation
	no_domain_annotation
	no_domain_annotation
	no_domain_annotation
	no_domain_annotation
	no_domain_annotation
	no_domain_annotation
	no_domain_annotation
	no_domain_annotation
	no_domain_annotation
	no_domain_annotation
0.0	in_domain
	no_domain_annotation
0.0	in_domain
155.0	distal
	no_domain_annotation
	no_domain_annotation
	no_domain_annotation
	no_domain_annotation
	no_domain_annotation
	no_domain_annotation
	no_domain_annotation
	no_domain_annotation
	no_domain_annotation
	no_domain_annotation
	no_domain_annotation
	no_domain_annotation
	no_domain_annotation
	no_domain_annotation
	no_domain_annotation
	no_domain_annotation
	no_domain_annotation
	no_domain_annotation
	no_domain_annotation
	no_domain_annotation
63.0	distal
	no_domain_annotation
	no_domain_annotation
	no_domain_annotation
0.0	in_domain
	no_domain_annotation
624.0	distal
638.0	distal
649.0	distal
995.0	distal
402.0	distal
190.0	distal
181.0	distal
	no_domain_annotation
0.0	in_domain
0.0	in_domain
92.0	distal
1349.0	distal
324.0	inter_domain_linker
528.0	inter_domain_linker
331.0	inter_domain_linker
113.0	distal
0.0	in_domain
	no_domain_annotation
	no_domain_annotation
	no_domain_annotation
65.0	distal
103.0	distal
114.0	distal
0.0	in_domain
37.0	distal
0.0	in_domain
6.0	boundary
3.0	boundary
2.0	boundary
63.0	distal
212.0	distal
243.0	distal
8.0	boundary
0.0	in_domain
	no_domain_annotation
	no_domain_annotation
0.0	in_domain
0.0	in_domain
0.0	in_domain
0.0	in_domain
0.0	in_domain
0.0	in_domain
7.0	boundary
0.0	in_domain
	no_domain_annotation
	no_domain_annotation
	no_domain_annotation
	no_domain_annotation
	no_domain_annotation
35.0	inter_domain_linker
0.0	in_domain
0.0	in_domain
77.0	distal
25.0	inter_domain_linker
	no_domain_annotation
209.0	distal
183.0	distal
178.0	distal
175.0	distal
11.0	boundary
13.0	boundary
0.0	in_domain
0.0	in_domain
0.0	in_domain
0.0	in_domain
	no_domain_annotation
77.0	distal
0.0	in_domain
0.0	in_domain
0.0	in_domain
	no_domain_annotation
68.0	distal
0.0	in_domain
26.0	distal
2.0	boundary
0.0	in_domain
0.0	in_domain
0.0	in_domain
0.0	in_domain
28.0	inter_domain_linker
21.0	inter_domain_linker
6.0	boundary
4.0	boundary
0.0	in_domain
0.0	in_domain
6.0	boundary
0.0	in_domain
176.0	distal
166.0	distal
155.0	distal
67.0	inter_domain_linker
65.0	inter_domain_linker
32.0	distal
29.0	distal
41.0	inter_domain_linker
214.0	distal
0.0	in_domain
0.0	in_domain
0.0	in_domain
0.0	in_domain
0.0	in_domain
14.0	boundary
24.0	inter_domain_linker
45.0	inter_domain_linker
47.0	inter_domain_linker
69.0	inter_domain_linker
0.0	in_domain
386.0	distal
393.0	distal
0.0	in_domain
	no_domain_annotation
0.0	in_domain
0.0	in_domain
270.0	distal
234.0	distal
92.0	inter_domain_linker
94.0	inter_domain_linker
	no_domain_annotation
0.0	in_domain
32.0	distal
0.0	in_domain
0.0	in_domain
0.0	in_domain
	no_domain_annotation
0.0	in_domain
0.0	in_domain
0.0	in_domain
867.0	distal
873.0	distal
121.0	distal
125.0	distal
174.0	distal
233.0	distal
	no_domain_annotation
311.0	distal
9.0	boundary
8.0	boundary
287.0	distal
0.0	in_domain
226.0	inter_domain_linker
234.0	inter_domain_linker
256.0	inter_domain_linker
57.0	distal
76.0	distal
0.0	in_domain
0.0	in_domain
0.0	in_domain
0.0	in_domain
0.0	in_domain
5.0	boundary
79.0	distal
70.0	distal
59.0	distal
0.0	in_domain
0.0	in_domain
0.0	in_domain
0.0	in_domain
0.0	in_domain
0.0	in_domain
10.0	boundary
12.0	boundary
17.0	boundary
25.0	distal
28.0	distal
42.0	distal
47.0	distal
57.0	distal
105.0	distal
101.0	distal
92.0	distal
87.0	distal
85.0	distal
81.0	distal
0.0	in_domain
0.0	in_domain
0.0	in_domain
0.0	in_domain
140.0	distal
193.0	distal
57.0	distal
0.0	in_domain
50.0	distal
37.0	distal
2.0	boundary
0.0	in_domain
18.0	boundary
24.0	distal
	no_domain_annotation
	no_domain_annotation
113.0	inter_domain_linker
127.0	inter_domain_linker
166.0	inter_domain_linker
177.0	inter_domain_linker
401.0	inter_domain_linker
410.0	inter_domain_linker
782.0	distal
641.0	distal
626.0	distal
588.0	distal
290.0	distal
267.0	distal
262.0	distal
243.0	distal
206.0	distal
196.0	distal
7.0	boundary
44.0	distal
560.0	distal
695.0	distal
734.0	distal
114.0	distal
	no_domain_annotation
	no_domain_annotation
	no_domain_annotation
	no_domain_annotation
0.0	in_domain
0.0	in_domain
0.0	in_domain
0.0	in_domain
0.0	in_domain
0.0	in_domain
0.0	in_domain
0.0	in_domain
0.0	in_domain
0.0	in_domain
0.0	in_domain
0.0	in_domain
0.0	in_domain
0.0	in_domain
0.0	in_domain
82.0	distal
130.0	distal
163.0	distal
187.0	distal
188.0	distal
13.0	boundary
759.0	distal
0.0	in_domain
838.0	distal
46.0	distal
59.0	distal
60.0	distal
72.0	distal
104.0	distal
106.0	distal
323.0	distal
346.0	distal
403.0	distal
411.0	distal
501.0	distal
575.0	distal
614.0	distal
108.0	inter_domain_linker
363.0	inter_domain_linker
391.0	inter_domain_linker
455.0	inter_domain_linker
691.0	inter_domain_linker
694.0	inter_domain_linker
721.0	inter_domain_linker
756.0	inter_domain_linker
780.0	inter_domain_linker
801.0	inter_domain_linker
823.0	inter_domain_linker
825.0	inter_domain_linker
835.0	inter_domain_linker
842.0	inter_domain_linker
1403.0	inter_domain_linker
1322.0	inter_domain_linker
1310.0	inter_domain_linker
1302.0	inter_domain_linker
1178.0	inter_domain_linker
831.0	inter_domain_linker
817.0	inter_domain_linker
63.0	inter_domain_linker
54.0	inter_domain_linker
51.0	inter_domain_linker
116.0	inter_domain_linker
0.0	in_domain
146.0	inter_domain_linker
	no_domain_annotation
	no_domain_annotation
	no_domain_annotation
0.0	in_domain
13.0	boundary
0.0	in_domain
0.0	in_domain
	no_domain_annotation
	no_domain_annotation
	no_domain_annotation
3.0	boundary
118.0	distal
111.0	distal
103.0	distal
101.0	distal
90.0	distal
83.0	distal
14.0	boundary
0.0	in_domain
32.0	distal
39.0	distal
0.0	in_domain
0.0	in_domain
138.0	distal
144.0	distal
187.0	distal
188.0	distal
11.0	boundary
	no_domain_annotation
	no_domain_annotation
0.0	in_domain
0.0	in_domain
10.0	boundary
35.0	distal
0.0	in_domain
0.0	in_domain
0.0	in_domain
150.0	inter_domain_linker
79.0	inter_domain_linker
69.0	inter_domain_linker
0.0	in_domain
	no_domain_annotation
	no_domain_annotation
0.0	in_domain
56.0	distal
	no_domain_annotation
54.0	inter_domain_linker
0.0	in_domain
0.0	in_domain
123.0	distal
20.0	boundary
24.0	distal
26.0	distal
28.0	distal
96.0	distal
142.0	distal
80.0	distal
67.0	distal
66.0	distal
11.0	boundary
16.0	boundary
	no_domain_annotation
	no_domain_annotation
	no_domain_annotation
51.0	inter_domain_linker
46.0	inter_domain_linker
	no_domain_annotation
408.0	distal
409.0	distal
94.0	distal
0.0	in_domain
236.0	distal
230.0	distal
226.0	distal
84.0	distal
0.0	in_domain
0.0	in_domain
1221.0	distal
1132.0	distal
865.0	distal
668.0	distal
0.0	in_domain
0.0	in_domain
98.0	inter_domain_linker
43.0	inter_domain_linker
41.0	inter_domain_linker
32.0	inter_domain_linker
0.0	in_domain
0.0	in_domain
136.0	distal
0.0	in_domain
0.0	in_domain
0.0	in_domain
192.0	inter_domain_linker
189.0	inter_domain_linker
90.0	inter_domain_linker
189.0	inter_domain_linker
192.0	inter_domain_linker
534.0	inter_domain_linker
432.0	distal
0.0	in_domain
1165.0	distal
87.0	inter_domain_linker
	no_domain_annotation
48.0	distal
0.0	in_domain
0.0	in_domain
0.0	in_domain
50.0	inter_domain_linker
70.0	inter_domain_linker
310.0	distal
	no_domain_annotation
	no_domain_annotation
	no_domain_annotation
	no_domain_annotation
55.0	inter_domain_linker
57.0	inter_domain_linker
0.0	in_domain
0.0	in_domain
77.0	inter_domain_linker
89.0	inter_domain_linker
147.0	inter_domain_linker
156.0	inter_domain_linker
132.0	inter_domain_linker
46.0	distal
80.0	inter_domain_linker
0.0	in_domain
0.0	in_domain
0.0	in_domain
0.0	in_domain
	no_domain_annotation
0.0	in_domain
35.0	distal
332.0	distal
0.0	in_domain
57.0	distal
74.0	distal
78.0	distal
148.0	distal
241.0	distal
269.0	distal
89.0	distal
86.0	distal
	no_domain_annotation
	no_domain_annotation
130.0	distal
	no_domain_annotation
	no_domain_annotation
	no_domain_annotation
	no_domain_annotation
	no_domain_annotation
	no_domain_annotation
	no_domain_annotation
	no_domain_annotation
	no_domain_annotation
	no_domain_annotation
	no_domain_annotation
0.0	in_domain
8.0	boundary
0.0	in_domain
0.0	in_domain
115.0	inter_domain_linker
113.0	inter_domain_linker
107.0	inter_domain_linker
97.0	inter_domain_linker
51.0	inter_domain_linker
37.0	inter_domain_linker
81.0	inter_domain_linker
0.0	in_domain
36.0	distal
39.0	distal
	no_domain_annotation
	no_domain_annotation
	no_domain_annotation
	no_domain_annotation
	no_domain_annotation
	no_domain_annotation
0.0	in_domain
125.0	distal
0.0	in_domain
1944.0	distal
0.0	in_domain
1349.0	distal
	no_domain_annotation
	no_domain_annotation
	no_domain_annotation
	no_domain_annotation
	no_domain_annotation
0.0	in_domain
	no_domain_annotation
	no_domain_annotation
	no_domain_annotation
7.0	boundary
20.0	boundary
	no_domain_annotation
	no_domain_annotation
323.0	distal
0.0	in_domain
0.0	in_domain
0.0	in_domain
0.0	in_domain
0.0	in_domain
17.0	boundary
25.0	distal
42.0	distal
57.0	distal
103.0	distal
100.0	distal
91.0	distal
86.0	distal
80.0	distal
115.0	inter_domain_linker
229.0	inter_domain_linker
227.0	inter_domain_linker
212.0	inter_domain_linker
140.0	inter_domain_linker
0.0	in_domain
8.0	boundary
13.0	boundary
59.0	inter_domain_linker
83.0	distal
81.0	distal
19.0	boundary
0.0	in_domain
0.0	in_domain
	no_domain_annotation
0.0	in_domain
	no_domain_annotation
0.0	in_domain
0.0	in_domain
0.0	in_domain
0.0	in_domain
0.0	in_domain
2.0	boundary
0.0	in_domain
273.0	distal
194.0	distal
317.0	distal
0.0	in_domain
0.0	in_domain
1.0	boundary
0.0	in_domain
	no_domain_annotation
	no_domain_annotation
	no_domain_annotation
0.0	in_domain
0.0	in_domain
0.0	in_domain
0.0	in_domain
0.0	in_domain
0.0	in_domain
0.0	in_domain
0.0	in_domain
19.0	boundary
24.0	distal
0.0	in_domain
0.0	in_domain
0.0	in_domain
4.0	boundary
	no_domain_annotation
	no_domain_annotation
	no_domain_annotation
164.0	distal
179.0	distal
0.0	in_domain
0.0	in_domain
0.0	in_domain
0.0	in_domain
967.0	distal
0.0	in_domain
11.0	boundary
13.0	boundary
15.0	boundary
0.0	in_domain
	no_domain_annotation
0.0	in_domain
0.0	in_domain
0.0	in_domain
30.0	distal
36.0	distal
38.0	distal
44.0	distal
72.0	distal
89.0	distal
91.0	distal
95.0	distal
98.0	distal
105.0	distal
121.0	distal
135.0	distal
145.0	distal
162.0	distal
0.0	in_domain
0.0	in_domain
	no_domain_annotation
44.0	distal
133.0	distal
131.0	distal
38.0	distal
71.0	distal
	no_domain_annotation
	no_domain_annotation
	no_domain_annotation
86.0	distal
82.0	distal
63.0	distal
0.0	in_domain
0.0	in_domain
0.0	in_domain
348.0	distal
24.0	distal
358.0	distal
355.0	distal
283.0	distal
64.0	distal
68.0	distal
0.0	in_domain
0.0	in_domain
0.0	in_domain
0.0	in_domain
0.0	in_domain
154.0	distal
142.0	distal
98.0	inter_domain_linker
63.0	distal
261.0	distal
267.0	distal
270.0	distal
271.0	distal
69.0	distal
78.0	distal
93.0	distal
155.0	distal
170.0	distal
180.0	distal
193.0	distal
202.0	distal
218.0	distal
223.0	distal
0.0	in_domain
359.0	distal
437.0	distal
33.0	distal
73.0	distal
21.0	distal
123.0	distal
116.0	distal
372.0	distal
	no_domain_annotation
	no_domain_annotation
	no_domain_annotation
	no_domain_annotation
	no_domain_annotation
	no_domain_annotation
	no_domain_annotation
0.0	in_domain
8.0	boundary
	no_domain_annotation
	no_domain_annotation
	no_domain_annotation
	no_domain_annotation
	no_domain_annotation
	no_domain_annotation
27.0	distal
34.0	distal
410.0	distal
419.0	distal
17.0	boundary
57.0	inter_domain_linker
	no_domain_annotation
1.0	boundary
0.0	in_domain
23.0	inter_domain_linker
0.0	in_domain
11.0	boundary
0.0	in_domain
0.0	in_domain
0.0	in_domain
0.0	in_domain
0.0	in_domain
0.0	in_domain
0.0	in_domain
0.0	in_domain
0.0	in_domain
0.0	in_domain
0.0	in_domain
51.0	distal
	no_domain_annotation
	no_domain_annotation
115.0	distal
0.0	in_domain
0.0	in_domain
18.0	boundary
31.0	distal
34.0	distal
35.0	distal
44.0	distal
51.0	distal
95.0	distal
	no_domain_annotation
0.0	in_domain
13.0	boundary
0.0	in_domain
4.0	boundary
0.0	in_domain
0.0	in_domain
61.0	distal
68.0	distal
	no_domain_annotation
125.0	distal
13.0	boundary
0.0	in_domain
0.0	in_domain
283.0	distal
204.0	distal
202.0	distal
198.0	distal
194.0	distal
159.0	distal
150.0	distal
115.0	distal
111.0	distal
0.0	in_domain
0.0	in_domain
0.0	in_domain
78.0	distal
65.0	distal
62.0	distal
0.0	in_domain
40.0	distal
0.0	in_domain
79.0	distal
451.0	distal
482.0	distal
487.0	distal
120.0	distal
358.0	distal
368.0	distal
373.0	distal
378.0	distal
64.0	distal
67.0	distal
0.0	in_domain
0.0	in_domain
21.0	inter_domain_linker
20.0	boundary
16.0	boundary
0.0	in_domain
0.0	in_domain
0.0	in_domain
29.0	inter_domain_linker
332.0	distal
	no_domain_annotation
28.0	inter_domain_linker
169.0	distal
177.0	distal
178.0	distal
97.0	inter_domain_linker
74.0	inter_domain_linker
33.0	distal
0.0	in_domain
0.0	in_domain
254.0	distal
247.0	distal
242.0	distal
0.0	in_domain
0.0	in_domain
	no_domain_annotation
144.0	inter_domain_linker
125.0	inter_domain_linker
0.0	in_domain
0.0	in_domain
1080.0	distal
1067.0	distal
1049.0	distal
1042.0	distal
1040.0	distal
1130.0	distal
1129.0	distal
1123.0	distal
1101.0	distal
1090.0	distal
1086.0	distal
	no_domain_annotation
	no_domain_annotation
72.0	inter_domain_linker
58.0	inter_domain_linker
0.0	in_domain
0.0	in_domain
40.0	inter_domain_linker
0.0	in_domain
15.0	boundary
0.0	in_domain
0.0	in_domain
0.0	in_domain
13.0	boundary
127.0	inter_domain_linker
374.0	distal
	no_domain_annotation
0.0	in_domain
0.0	in_domain
69.0	distal
0.0	in_domain
0.0	in_domain
0.0	in_domain
0.0	in_domain
0.0	in_domain
0.0	in_domain
0.0	in_domain
18.0	boundary
0.0	in_domain
0.0	in_domain
0.0	in_domain
36.0	distal
38.0	distal
40.0	distal
43.0	distal
70.0	distal
88.0	distal
90.0	distal
93.0	distal
96.0	distal
102.0	distal
110.0	distal
112.0	distal
118.0	distal
125.0	distal
128.0	distal
131.0	distal
149.0	distal
157.0	distal
165.0	distal
169.0	distal
170.0	distal
	no_domain_annotation
	no_domain_annotation
0.0	in_domain
9.0	boundary
	no_domain_annotation
693.0	distal
132.0	inter_domain_linker
0.0	in_domain
	no_domain_annotation
	no_domain_annotation
72.0	distal
69.0	distal
0.0	in_domain
	no_domain_annotation
55.0	inter_domain_linker
77.0	inter_domain_linker
0.0	in_domain
0.0	in_domain
0.0	in_domain
0.0	in_domain
296.0	distal
155.0	distal
148.0	distal
144.0	distal
2.0	boundary
0.0	in_domain
0.0	in_domain
	no_domain_annotation
	no_domain_annotation
0.0	in_domain
63.0	distal
74.0	distal
0.0	in_domain
36.0	distal
21.0	distal
11.0	boundary
10.0	boundary
45.0	distal
42.0	inter_domain_linker
0.0	in_domain
0.0	in_domain
0.0	in_domain
0.0	in_domain
0.0	in_domain
0.0	in_domain
0.0	in_domain
36.0	distal
134.0	distal
0.0	in_domain
	no_domain_annotation
	no_domain_annotation
0.0	in_domain
0.0	in_domain
0.0	in_domain
5.0	boundary
0.0	in_domain
49.0	distal
0.0	in_domain
13.0	boundary
15.0	boundary
17.0	boundary
0.0	in_domain
207.0	distal
203.0	distal
0.0	in_domain
0.0	in_domain
0.0	in_domain
0.0	in_domain
0.0	in_domain
131.0	distal
0.0	in_domain
96.0	inter_domain_linker
90.0	distal
0.0	in_domain
0.0	in_domain
0.0	in_domain
79.0	inter_domain_linker
122.0	distal
	no_domain_annotation
	no_domain_annotation
	no_domain_annotation
184.0	distal
24.0	inter_domain_linker
108.0	inter_domain_linker
100.0	inter_domain_linker
5.0	boundary
74.0	inter_domain_linker
0.0	in_domain
15.0	boundary
	no_domain_annotation
0.0	in_domain
0.0	in_domain
0.0	in_domain
	no_domain_annotation
	no_domain_annotation
0.0	in_domain
	no_domain_annotation
	no_domain_annotation
	no_domain_annotation
0.0	in_domain
0.0	in_domain
0.0	in_domain
0.0	in_domain
0.0	in_domain
68.0	distal
0.0	in_domain
0.0	in_domain
152.0	distal
31.0	distal
383.0	distal
181.0	distal
18.0	boundary
12.0	boundary
55.0	distal
30.0	inter_domain_linker
0.0	in_domain
13.0	boundary
75.0	distal
0.0	in_domain
0.0	in_domain
48.0	distal
43.0	distal
57.0	distal
96.0	distal
111.0	distal
53.0	distal
23.0	distal
0.0	in_domain
0.0	in_domain
0.0	in_domain
32.0	distal
0.0	in_domain
0.0	in_domain
0.0	in_domain
	no_domain_annotation
	no_domain_annotation
0.0	in_domain
0.0	in_domain
0.0	in_domain
0.0	in_domain
0.0	in_domain
0.0	in_domain
0.0	in_domain
0.0	in_domain
0.0	in_domain
0.0	in_domain
0.0	in_domain
820.0	distal
827.0	distal
878.0	distal
887.0	distal
902.0	distal
915.0	distal
954.0	distal
959.0	distal
964.0	distal
976.0	distal
1073.0	distal
1081.0	distal
1088.0	distal
70.0	inter_domain_linker
56.0	inter_domain_linker
50.0	inter_domain_linker
48.0	inter_domain_linker
83.0	distal
170.0	distal
283.0	distal
0.0	in_domain
0.0	in_domain
251.0	inter_domain_linker
254.0	inter_domain_linker
257.0	inter_domain_linker
	no_domain_annotation
138.0	distal
89.0	distal
88.0	distal
66.0	distal
0.0	in_domain
131.0	distal
	no_domain_annotation
207.0	distal
198.0	distal
	no_domain_annotation
0.0	in_domain
62.0	inter_domain_linker
38.0	inter_domain_linker
34.0	inter_domain_linker
0.0	in_domain
	no_domain_annotation
25.0	distal
0.0	in_domain
0.0	in_domain
0.0	in_domain
0.0	in_domain
0.0	in_domain
2.0	boundary
0.0	in_domain
35.0	inter_domain_linker
41.0	inter_domain_linker
43.0	inter_domain_linker
52.0	inter_domain_linker
54.0	inter_domain_linker
46.0	inter_domain_linker
40.0	inter_domain_linker
34.0	inter_domain_linker
29.0	inter_domain_linker
27.0	inter_domain_linker
21.0	inter_domain_linker
19.0	boundary
25.0	distal
23.0	inter_domain_linker
59.0	distal
0.0	in_domain
	no_domain_annotation
	no_domain_annotation
	no_domain_annotation
	no_domain_annotation
	no_domain_annotation
41.0	inter_domain_linker
22.0	distal
98.0	distal
14.0	boundary
11.0	boundary
0.0	in_domain
66.0	inter_domain_linker
107.0	inter_domain_linker
147.0	inter_domain_linker
0.0	in_domain
0.0	in_domain
0.0	in_domain
156.0	distal
298.0	inter_domain_linker
196.0	distal
18.0	boundary
10.0	boundary
161.0	inter_domain_linker
	no_domain_annotation
	no_domain_annotation
	no_domain_annotation
69.0	distal
0.0	in_domain
	no_domain_annotation
	no_domain_annotation
0.0	in_domain
35.0	inter_domain_linker
38.0	inter_domain_linker
16.0	boundary
36.0	distal
41.0	distal
102.0	inter_domain_linker
	no_domain_annotation
14.0	boundary
	no_domain_annotation
	no_domain_annotation
41.0	distal
46.0	distal
54.0	distal
	no_domain_annotation
0.0	in_domain
	no_domain_annotation
	no_domain_annotation
297.0	distal
302.0	distal
0.0	in_domain
0.0	in_domain
0.0	in_domain
15.0	boundary
	no_domain_annotation
0.0	in_domain
100.0	distal
115.0	distal
119.0	distal
11.0	boundary
	no_domain_annotation
	no_domain_annotation
	no_domain_annotation
	no_domain_annotation
0.0	in_domain
119.0	inter_domain_linker
0.0	in_domain
0.0	in_domain
0.0	in_domain
0.0	in_domain
0.0	in_domain
	no_domain_annotation
	no_domain_annotation
15.0	boundary
0.0	in_domain
1.0	boundary
0.0	in_domain
	no_domain_annotation
0.0	in_domain
0.0	in_domain
0.0	in_domain
0.0	in_domain
0.0	in_domain
0.0	in_domain
	no_domain_annotation
	no_domain_annotation
	no_domain_annotation
0.0	in_domain
0.0	in_domain
	no_domain_annotation
	no_domain_annotation
0.0	in_domain
0.0	in_domain
0.0	in_domain
0.0	in_domain
27.0	distal
	no_domain_annotation
0.0	in_domain
12.0	boundary
129.0	distal
412.0	distal
	no_domain_annotation
42.0	distal
	no_domain_annotation
45.0	distal
43.0	distal
25.0	distal
0.0	in_domain
129.0	distal
189.0	distal
82.0	distal
0.0	in_domain
0.0	in_domain
105.0	inter_domain_linker
0.0	in_domain
	no_domain_annotation
173.0	inter_domain_linker
0.0	in_domain
0.0	in_domain
0.0	in_domain
0.0	in_domain
0.0	in_domain
0.0	in_domain
0.0	in_domain
0.0	in_domain
0.0	in_domain
0.0	in_domain
0.0	in_domain
24.0	distal
45.0	inter_domain_linker
57.0	inter_domain_linker
68.0	inter_domain_linker
76.0	inter_domain_linker
89.0	inter_domain_linker
100.0	inter_domain_linker
103.0	inter_domain_linker
112.0	inter_domain_linker
124.0	inter_domain_linker
131.0	inter_domain_linker
142.0	inter_domain_linker
153.0	inter_domain_linker
40.0	inter_domain_linker
0.0	in_domain
0.0	in_domain
0.0	in_domain
0.0	in_domain
0.0	in_domain
0.0	in_domain
0.0	in_domain
0.0	in_domain
0.0	in_domain
0.0	in_domain
0.0	in_domain
0.0	in_domain
0.0	in_domain
0.0	in_domain
0.0	in_domain
0.0	in_domain
0.0	in_domain
6.0	boundary
19.0	boundary
32.0	inter_domain_linker
58.0	inter_domain_linker
165.0	inter_domain_linker
32.0	inter_domain_linker
	no_domain_annotation
	no_domain_annotation
0.0	in_domain
0.0	in_domain
9.0	boundary
0.0	in_domain
79.0	inter_domain_linker
87.0	inter_domain_linker
127.0	distal
312.0	distal
	no_domain_annotation
	no_domain_annotation
	no_domain_annotation
	no_domain_annotation
0.0	in_domain
33.0	distal
156.0	distal
24.0	inter_domain_linker
101.0	distal
194.0	inter_domain_linker
187.0	inter_domain_linker
174.0	inter_domain_linker
502.0	distal
0.0	in_domain
304.0	distal
333.0	distal
353.0	distal
356.0	distal
	no_domain_annotation
15.0	boundary
9.0	boundary
22.0	distal
0.0	in_domain
	no_domain_annotation
	no_domain_annotation
	no_domain_annotation
	no_domain_annotation
	no_domain_annotation
	no_domain_annotation
	no_domain_annotation
	no_domain_annotation
90.0	distal
0.0	in_domain
0.0	in_domain
26.0	distal
	no_domain_annotation
	no_domain_annotation
	no_domain_annotation
94.0	distal
427.0	distal
0.0	in_domain
0.0	in_domain
0.0	in_domain
35.0	distal
41.0	distal
0.0	in_domain
2.0	boundary
	no_domain_annotation
0.0	in_domain
0.0	in_domain
0.0	in_domain
0.0	in_domain
4.0	boundary
0.0	in_domain
0.0	in_domain
2722.0	distal
11.0	boundary
47.0	distal
45.0	distal
0.0	in_domain
104.0	distal
99.0	distal
258.0	distal
256.0	distal
242.0	distal
0.0	in_domain
271.0	distal
269.0	distal
194.0	distal
360.0	distal
178.0	distal
142.0	distal
339.0	distal
328.0	distal
326.0	distal
373.0	distal
0.0	in_domain
0.0	in_domain
0.0	in_domain
0.0	in_domain
5.0	boundary
0.0	in_domain
	no_domain_annotation
	no_domain_annotation
	no_domain_annotation
	no_domain_annotation
	no_domain_annotation
0.0	in_domain
	no_domain_annotation
0.0	in_domain
0.0	in_domain
321.0	distal
206.0	distal
196.0	distal
340.0	distal
0.0	in_domain
	no_domain_annotation
	no_domain_annotation
	no_domain_annotation
	no_domain_annotation
0.0	in_domain
0.0	in_domain
0.0	in_domain
0.0	in_domain
0.0	in_domain
202.0	inter_domain_linker
140.0	inter_domain_linker
49.0	distal
51.0	distal
	no_domain_annotation
258.0	distal
266.0	distal
280.0	distal
288.0	distal
0.0	in_domain
0.0	in_domain
0.0	in_domain
0.0	in_domain
9.0	boundary
387.0	distal
217.0	distal
1.0	boundary
0.0	in_domain
0.0	in_domain
166.0	distal
16.0	boundary
4.0	boundary
0.0	in_domain
0.0	in_domain
0.0	in_domain
	no_domain_annotation
0.0	in_domain
0.0	in_domain
0.0	in_domain
9.0	boundary
0.0	in_domain
34.0	inter_domain_linker
0.0	in_domain
0.0	in_domain
389.0	distal
0.0	in_domain
52.0	distal
0.0	in_domain
31.0	distal
	no_domain_annotation
52.0	inter_domain_linker
67.0	inter_domain_linker
69.0	inter_domain_linker
79.0	inter_domain_linker
85.0	inter_domain_linker
1.0	boundary
149.0	inter_domain_linker
164.0	inter_domain_linker
163.0	inter_domain_linker
160.0	inter_domain_linker
154.0	inter_domain_linker
0.0	in_domain
36.0	inter_domain_linker
257.0	inter_domain_linker
0.0	in_domain
102.0	inter_domain_linker
111.0	inter_domain_linker
118.0	inter_domain_linker
177.0	distal
0.0	in_domain
	no_domain_annotation
	no_domain_annotation
	no_domain_annotation
	no_domain_annotation
	no_domain_annotation
0.0	in_domain
0.0	in_domain
0.0	in_domain
40.0	distal
38.0	distal
0.0	in_domain
0.0	in_domain
245.0	distal
0.0	in_domain
0.0	in_domain
0.0	in_domain
0.0	in_domain
0.0	in_domain
	no_domain_annotation
	no_domain_annotation
169.0	distal
174.0	distal
180.0	distal
19.0	boundary
23.0	inter_domain_linker
	no_domain_annotation
	no_domain_annotation
	no_domain_annotation
63.0	inter_domain_linker
67.0	inter_domain_linker
0.0	in_domain
0.0	in_domain
0.0	in_domain
0.0	in_domain
0.0	in_domain
0.0	in_domain
0.0	in_domain
0.0	in_domain
0.0	in_domain
0.0	in_domain
0.0	in_domain
38.0	distal
0.0	in_domain
0.0	in_domain
1.0	boundary
0.0	in_domain
	no_domain_annotation
	no_domain_annotation
0.0	in_domain
0.0	in_domain
	no_domain_annotation
	no_domain_annotation
	no_domain_annotation
220.0	distal
0.0	in_domain
0.0	in_domain
0.0	in_domain
	no_domain_annotation
	no_domain_annotation
	no_domain_annotation
	no_domain_annotation
	no_domain_annotation
	no_domain_annotation
0.0	in_domain
0.0	in_domain
0.0	in_domain
0.0	in_domain
0.0	in_domain
0.0	in_domain
53.0	inter_domain_linker
	no_domain_annotation
	no_domain_annotation
0.0	in_domain
0.0	in_domain
0.0	in_domain
0.0	in_domain
0.0	in_domain
0.0	in_domain
0.0	in_domain
0.0	in_domain
0.0	in_domain
0.0	in_domain
0.0	in_domain
1.0	boundary
0.0	in_domain
0.0	in_domain
0.0	in_domain
0.0	in_domain
0.0	in_domain
0.0	in_domain
0.0	in_domain
0.0	in_domain
0.0	in_domain
0.0	in_domain
0.0	in_domain
0.0	in_domain
0.0	in_domain
0.0	in_domain
99.0	distal
	no_domain_annotation
0.0	in_domain
1.0	boundary
0.0	in_domain
0.0	in_domain
0.0	in_domain
0.0	in_domain
179.0	distal
174.0	distal
	no_domain_annotation
3.0	boundary
20.0	boundary
0.0	in_domain
0.0	in_domain
0.0	in_domain
0.0	in_domain
38.0	inter_domain_linker
46.0	inter_domain_linker
0.0	in_domain
	no_domain_annotation
	no_domain_annotation
	no_domain_annotation
	no_domain_annotation
	no_domain_annotation
	no_domain_annotation
	no_domain_annotation
	no_domain_annotation
	no_domain_annotation
0.0	in_domain
0.0	in_domain
0.0	in_domain
0.0	in_domain
384.0	distal
	no_domain_annotation
	no_domain_annotation
0.0	in_domain
0.0	in_domain
0.0	in_domain
1.0	boundary
0.0	in_domain
0.0	in_domain
0.0	in_domain
0.0	in_domain
0.0	in_domain
0.0	in_domain
0.0	in_domain
0.0	in_domain
0.0	in_domain
1.0	boundary
0.0	in_domain
0.0	in_domain
0.0	in_domain
9.0	boundary
0.0	in_domain
0.0	in_domain
0.0	in_domain
67.0	distal
109.0	distal
70.0	distal
0.0	in_domain
0.0	in_domain
0.0	in_domain
2.0	boundary
0.0	in_domain
0.0	in_domain
0.0	in_domain
64.0	distal
56.0	distal
49.0	distal
39.0	distal
71.0	distal
20.0	boundary
0.0	in_domain
	no_domain_annotation
	no_domain_annotation
	no_domain_annotation
	no_domain_annotation
0.0	in_domain
0.0	in_domain
0.0	in_domain
0.0	in_domain
0.0	in_domain
264.0	distal
0.0	in_domain
0.0	in_domain
0.0	in_domain
0.0	in_domain
0.0	in_domain
0.0	in_domain
	no_domain_annotation
0.0	in_domain
	no_domain_annotation
	no_domain_annotation
0.0	in_domain
0.0	in_domain
0.0	in_domain
0.0	in_domain
0.0	in_domain
0.0	in_domain
142.0	distal
10.0	boundary
44.0	distal
177.0	distal
199.0	distal
	no_domain_annotation
0.0	in_domain
2.0	boundary
0.0	in_domain
	no_domain_annotation
	no_domain_annotation
	no_domain_annotation
	no_domain_annotation
	no_domain_annotation
	no_domain_annotation
	no_domain_annotation
	no_domain_annotation
	no_domain_annotation
	no_domain_annotation
65.0	distal
52.0	distal
38.0	distal
34.0	distal
29.0	distal
24.0	distal
0.0	in_domain
0.0	in_domain
0.0	in_domain
8.0	boundary
3.0	boundary
0.0	in_domain
0.0	in_domain
0.0	in_domain
0.0	in_domain
0.0	in_domain
0.0	in_domain
0.0	in_domain
0.0	in_domain
0.0	in_domain
0.0	in_domain
8.0	boundary
0.0	in_domain
0.0	in_domain
0.0	in_domain
0.0	in_domain
	no_domain_annotation
0.0	in_domain
0.0	in_domain
26.0	inter_domain_linker
0.0	in_domain
0.0	in_domain
	no_domain_annotation
0.0	in_domain
0.0	in_domain
0.0	in_domain
0.0	in_domain
0.0	in_domain
0.0	in_domain
0.0	in_domain
0.0	in_domain
0.0	in_domain
0.0	in_domain
	no_domain_annotation
	no_domain_annotation
	no_domain_annotation
	no_domain_annotation
	no_domain_annotation
	no_domain_annotation
17.0	boundary
0.0	in_domain
57.0	distal
0.0	in_domain
0.0	in_domain
0.0	in_domain
0.0	in_domain
3.0	boundary
48.0	inter_domain_linker
0.0	in_domain
	no_domain_annotation
	no_domain_annotation
0.0	in_domain
0.0	in_domain
0.0	in_domain
0.0	in_domain
0.0	in_domain
0.0	in_domain
0.0	in_domain
0.0	in_domain
0.0	in_domain
0.0	in_domain
0.0	in_domain
0.0	in_domain
0.0	in_domain
0.0	in_domain
0.0	in_domain
0.0	in_domain
0.0	in_domain
0.0	in_domain
0.0	in_domain
	no_domain_annotation
0.0	in_domain
11.0	boundary
0.0	in_domain
0.0	in_domain
0.0	in_domain
0.0	in_domain
0.0	in_domain
3.0	boundary
0.0	in_domain
	no_domain_annotation
	no_domain_annotation
	no_domain_annotation
	no_domain_annotation
	no_domain_annotation
	no_domain_annotation
	no_domain_annotation
	no_domain_annotation
0.0	in_domain
0.0	in_domain
0.0	in_domain
	no_domain_annotation
	no_domain_annotation
	no_domain_annotation
0.0	in_domain
0.0	in_domain
0.0	in_domain
0.0	in_domain
0.0	in_domain
0.0	in_domain
0.0	in_domain
0.0	in_domain
0.0	in_domain
0.0	in_domain
0.0	in_domain
0.0	in_domain
81.0	distal
127.0	distal
128.0	distal
137.0	distal
168.0	distal
246.0	distal
292.0	distal
294.0	distal
0.0	in_domain
402.0	distal
429.0	distal
43.0	distal
48.0	distal
55.0	distal
64.0	distal
73.0	distal
0.0	in_domain
0.0	in_domain
12.0	boundary
133.0	inter_domain_linker
0.0	in_domain
0.0	in_domain
0.0	in_domain
9.0	boundary
9.0	boundary
	no_domain_annotation
9.0	boundary
0.0	in_domain
0.0	in_domain
0.0	in_domain
0.0	in_domain
74.0	distal
123.0	distal
205.0	distal
29.0	distal
108.0	distal
130.0	distal
0.0	in_domain
0.0	in_domain
0.0	in_domain
0.0	in_domain
0.0	in_domain
0.0	in_domain
0.0	in_domain
78.0	distal
235.0	distal
262.0	distal
289.0	distal
293.0	distal
0.0	in_domain
399.0	distal
426.0	distal
0.0	in_domain
	no_domain_annotation
0.0	in_domain
0.0	in_domain
0.0	in_domain
0.0	in_domain
0.0	in_domain
0.0	in_domain
	no_domain_annotation
0.0	in_domain
0.0	in_domain
0.0	in_domain
	no_domain_annotation
	no_domain_annotation
0.0	in_domain
0.0	in_domain
0.0	in_domain
14.0	boundary
87.0	distal
123.0	distal
202.0	distal
206.0	distal
150.0	distal
159.0	distal
170.0	distal
200.0	distal
256.0	distal
0.0	in_domain
0.0	in_domain
0.0	in_domain
0.0	in_domain
0.0	in_domain
0.0	in_domain
0.0	in_domain
0.0	in_domain
0.0	in_domain
0.0	in_domain
3.0	boundary
0.0	in_domain
0.0	in_domain
0.0	in_domain
0.0	in_domain
0.0	in_domain
	no_domain_annotation
	no_domain_annotation
	no_domain_annotation
55.0	distal
0.0	in_domain
0.0	in_domain
0.0	in_domain
47.0	distal
0.0	in_domain
36.0	distal
28.0	distal
72.0	distal
43.0	distal
36.0	distal
31.0	distal
26.0	distal
0.0	in_domain
0.0	in_domain
55.0	distal
10.0	boundary
61.0	distal
8.0	boundary
4.0	boundary
0.0	in_domain
0.0	in_domain
	no_domain_annotation
	no_domain_annotation
0.0	in_domain
0.0	in_domain
0.0	in_domain
9.0	boundary
82.0	distal
22.0	distal
0.0	in_domain
45.0	inter_domain_linker
0.0	in_domain
0.0	in_domain
75.0	distal
	no_domain_annotation
	no_domain_annotation
	no_domain_annotation
	no_domain_annotation
	no_domain_annotation
	no_domain_annotation
	no_domain_annotation
	no_domain_annotation
	no_domain_annotation
	no_domain_annotation
	no_domain_annotation
0.0	in_domain
0.0	in_domain
0.0	in_domain
	no_domain_annotation
0.0	in_domain
0.0	in_domain
85.0	distal
	no_domain_annotation
	no_domain_annotation
0.0	in_domain
0.0	in_domain
0.0	in_domain
	no_domain_annotation
	no_domain_annotation
0.0	in_domain
0.0	in_domain
0.0	in_domain
0.0	in_domain
0.0	in_domain
0.0	in_domain
0.0	in_domain
0.0	in_domain
0.0	in_domain
10.0	boundary
12.0	boundary
22.0	inter_domain_linker
34.0	inter_domain_linker
41.0	inter_domain_linker
48.0	inter_domain_linker
42.0	inter_domain_linker
0.0	in_domain
0.0	in_domain
8.0	boundary
26.0	distal
27.0	distal
0.0	in_domain
0.0	in_domain
0.0	in_domain
	no_domain_annotation
0.0	in_domain
0.0	in_domain
24.0	inter_domain_linker
0.0	in_domain
0.0	in_domain
0.0	in_domain
0.0	in_domain
0.0	in_domain
0.0	in_domain
0.0	in_domain
	no_domain_annotation
	no_domain_annotation
	no_domain_annotation
0.0	in_domain
0.0	in_domain
0.0	in_domain
0.0	in_domain
0.0	in_domain
0.0	in_domain
3.0	boundary
0.0	in_domain
0.0	in_domain
11.0	boundary
9.0	boundary
	no_domain_annotation
76.0	inter_domain_linker
76.0	distal
	no_domain_annotation
	no_domain_annotation
	no_domain_annotation
0.0	in_domain
	no_domain_annotation
	no_domain_annotation
	no_domain_annotation
	no_domain_annotation
	no_domain_annotation
	no_domain_annotation
	no_domain_annotation
	no_domain_annotation
	no_domain_annotation
	no_domain_annotation
	no_domain_annotation
	no_domain_annotation
	no_domain_annotation
	no_domain_annotation
	no_domain_annotation
	no_domain_annotation
	no_domain_annotation
	no_domain_annotation
	no_domain_annotation
	no_domain_annotation
	no_domain_annotation
	no_domain_annotation
	no_domain_annotation
	no_domain_annotation
	no_domain_annotation
	no_domain_annotation
	no_domain_annotation
	no_domain_annotation
	no_domain_annotation
	no_domain_annotation
	no_domain_annotation
	no_domain_annotation
	no_domain_annotation
26.0	distal
145.0	distal
26.0	distal
145.0	distal
	no_domain_annotation
0.0	in_domain
0.0	in_domain
0.0	in_domain
0.0	in_domain
0.0	in_domain
0.0	in_domain
0.0	in_domain
0.0	in_domain
0.0	in_domain
0.0	in_domain
8.0	boundary
61.0	distal
66.0	distal
69.0	distal
0.0	in_domain
0.0	in_domain
0.0	in_domain
0.0	in_domain
0.0	in_domain
0.0	in_domain
0.0	in_domain
0.0	in_domain
0.0	in_domain
0.0	in_domain
0.0	in_domain
146.0	inter_domain_linker
146.0	inter_domain_linker
	no_domain_annotation
	no_domain_annotation
	no_domain_annotation
	no_domain_annotation
	no_domain_annotation
	no_domain_annotation
	no_domain_annotation
	no_domain_annotation
	no_domain_annotation
	no_domain_annotation
	no_domain_annotation
0.0	in_domain
0.0	in_domain
0.0	in_domain
0.0	in_domain
0.0	in_domain
0.0	in_domain
0.0	in_domain
0.0	in_domain
	no_domain_annotation
	no_domain_annotation
0.0	in_domain
0.0	in_domain
0.0	in_domain
411.0	distal
414.0	distal
427.0	distal
504.0	distal
514.0	distal
614.0	distal
306.0	distal
793.0	distal
803.0	distal
291.0	distal
296.0	distal
316.0	distal
320.0	distal
322.0	distal
339.0	distal
345.0	distal
386.0	distal
305.0	distal
260.0	distal
	no_domain_annotation
58.0	distal
43.0	distal
0.0	in_domain
	no_domain_annotation
0.0	in_domain
0.0	in_domain
92.0	distal
100.0	distal
	no_domain_annotation
	no_domain_annotation
	no_domain_annotation
537.0	distal
0.0	in_domain
18.0	boundary
16.0	boundary
14.0	boundary
0.0	in_domain
19.0	boundary
0.0	in_domain
9.0	boundary
1.0	boundary
0.0	in_domain
0.0	in_domain
0.0	in_domain
0.0	in_domain
	no_domain_annotation
	no_domain_annotation
	no_domain_annotation
	no_domain_annotation
	no_domain_annotation
0.0	in_domain
0.0	in_domain
87.0	distal
0.0	in_domain
0.0	in_domain
68.0	distal
0.0	in_domain
47.0	inter_domain_linker
	no_domain_annotation
	no_domain_annotation
	no_domain_annotation
	no_domain_annotation
	no_domain_annotation
53.0	inter_domain_linker
47.0	inter_domain_linker
0.0	in_domain
129.0	distal
	no_domain_annotation
	no_domain_annotation
0.0	in_domain
	no_domain_annotation
	no_domain_annotation
	no_domain_annotation
	no_domain_annotation
	no_domain_annotation
0.0	in_domain
	no_domain_annotation
	no_domain_annotation
	no_domain_annotation
0.0	in_domain
41.0	inter_domain_linker
44.0	inter_domain_linker
0.0	in_domain
0.0	in_domain
0.0	in_domain
0.0	in_domain
0.0	in_domain
0.0	in_domain
0.0	in_domain
26.0	distal
	no_domain_annotation
	no_domain_annotation
	no_domain_annotation
	no_domain_annotation
	no_domain_annotation
31.0	distal
0.0	in_domain
195.0	distal
202.0	distal
246.0	distal
145.0	distal
40.0	distal
0.0	in_domain
0.0	in_domain
127.0	distal
117.0	distal
104.0	distal
98.0	distal
6.0	boundary
0.0	in_domain
0.0	in_domain
0.0	in_domain
0.0	in_domain
0.0	in_domain
0.0	in_domain
0.0	in_domain
0.0	in_domain
15.0	boundary
20.0	boundary
49.0	inter_domain_linker
62.0	inter_domain_linker
66.0	inter_domain_linker
73.0	inter_domain_linker
85.0	inter_domain_linker
82.0	inter_domain_linker
75.0	inter_domain_linker
67.0	inter_domain_linker
61.0	inter_domain_linker
49.0	inter_domain_linker
36.0	inter_domain_linker
24.0	inter_domain_linker
0.0	in_domain
0.0	in_domain
0.0	in_domain
0.0	in_domain
11.0	boundary
78.0	distal
40.0	distal
0.0	in_domain
0.0	in_domain
	no_domain_annotation
0.0	in_domain
0.0	in_domain
0.0	in_domain
0.0	in_domain
0.0	in_domain
0.0	in_domain
0.0	in_domain
0.0	in_domain
0.0	in_domain
0.0	in_domain
0.0	in_domain
66.0	distal
369.0	distal
490.0	distal
918.0	distal
940.0	distal
945.0	distal
966.0	distal
997.0	distal
999.0	distal
1161.0	distal
1167.0	distal
1171.0	distal
1177.0	distal
1179.0	distal
1188.0	distal
1193.0	distal
25.0	inter_domain_linker
139.0	inter_domain_linker
199.0	inter_domain_linker
0.0	in_domain
0.0	in_domain
0.0	in_domain
0.0	in_domain
0.0	in_domain
0.0	in_domain
0.0	in_domain
0.0	in_domain
0.0	in_domain
1.0	boundary
0.0	in_domain
0.0	in_domain
0.0	in_domain
2.0	boundary
7.0	boundary
0.0	in_domain
11.0	boundary
0.0	in_domain
	no_domain_annotation
	no_domain_annotation
3.0	boundary
0.0	in_domain
0.0	in_domain
0.0	in_domain
0.0	in_domain
0.0	in_domain
0.0	in_domain
0.0	in_domain
0.0	in_domain
0.0	in_domain
0.0	in_domain
0.0	in_domain
0.0	in_domain
	no_domain_annotation
	no_domain_annotation
	no_domain_annotation
0.0	in_domain
0.0	in_domain
7.0	boundary
0.0	in_domain
2.0	boundary
0.0	in_domain
8.0	boundary
0.0	in_domain
0.0	in_domain
0.0	in_domain
0.0	in_domain
0.0	in_domain
0.0	in_domain
0.0	in_domain
0.0	in_domain
76.0	distal
0.0	in_domain
0.0	in_domain
68.0	distal
0.0	in_domain
0.0	in_domain
0.0	in_domain
0.0	in_domain
0.0	in_domain
0.0	in_domain
0.0	in_domain
0.0	in_domain
	no_domain_annotation
0.0	in_domain
0.0	in_domain
0.0	in_domain
0.0	in_domain
0.0	in_domain
0.0	in_domain
	no_domain_annotation
	no_domain_annotation
	no_domain_annotation
	no_domain_annotation
	no_domain_annotation
14.0	boundary
0.0	in_domain
49.0	inter_domain_linker
0.0	in_domain
0.0	in_domain
0.0	in_domain
0.0	in_domain
11.0	boundary
11.0	boundary
10.0	boundary
0.0	in_domain
0.0	in_domain
0.0	in_domain
116.0	distal
23.0	distal
232.0	distal
278.0	distal
411.0	distal
459.0	distal
465.0	distal
0.0	in_domain
22.0	distal
26.0	distal
46.0	distal
61.0	distal
0.0	in_domain
86.0	distal
95.0	distal
110.0	distal
135.0	distal
142.0	distal
150.0	distal
153.0	distal
8.0	boundary
36.0	inter_domain_linker
0.0	in_domain
0.0	in_domain
37.0	inter_domain_linker
36.0	inter_domain_linker
27.0	inter_domain_linker
26.0	inter_domain_linker
22.0	inter_domain_linker
0.0	in_domain
0.0	in_domain
54.0	distal
44.0	distal
0.0	in_domain
17.0	boundary
13.0	boundary
0.0	in_domain
0.0	in_domain
	no_domain_annotation
	no_domain_annotation
0.0	in_domain
0.0	in_domain
0.0	in_domain
21.0	distal
32.0	distal
	no_domain_annotation
0.0	in_domain
0.0	in_domain
0.0	in_domain
0.0	in_domain
0.0	in_domain
0.0	in_domain
0.0	in_domain
0.0	in_domain
37.0	distal
24.0	distal
19.0	boundary
0.0	in_domain
0.0	in_domain
0.0	in_domain
0.0	in_domain
0.0	in_domain
0.0	in_domain
0.0	in_domain
1.0	boundary
103.0	distal
50.0	distal
47.0	distal
1.0	boundary
80.0	distal
0.0	in_domain
76.0	distal
21.0	distal
68.0	distal
66.0	distal
62.0	distal
444.0	distal
178.0	distal
24.0	inter_domain_linker
223.0	inter_domain_linker
406.0	inter_domain_linker
281.0	inter_domain_linker
274.0	inter_domain_linker
162.0	distal
0.0	in_domain
154.0	distal
27.0	distal
31.0	distal
35.0	distal
136.0	distal
23.0	inter_domain_linker
61.0	distal
33.0	distal
65.0	distal
0.0	in_domain
0.0	in_domain
0.0	in_domain
0.0	in_domain
	no_domain_annotation
0.0	in_domain
417.0	distal
1.0	boundary
0.0	in_domain
0.0	in_domain
0.0	in_domain
0.0	in_domain
0.0	in_domain
0.0	in_domain
	no_domain_annotation
	no_domain_annotation
	no_domain_annotation
0.0	in_domain
9.0	boundary
14.0	boundary
15.0	boundary
16.0	boundary
19.0	boundary
25.0	distal
26.0	distal
30.0	distal
54.0	distal
60.0	distal
64.0	distal
65.0	distal
69.0	distal
73.0	distal
75.0	distal
76.0	distal
88.0	distal
89.0	distal
91.0	distal
98.0	distal
123.0	distal
128.0	distal
130.0	distal
132.0	distal
134.0	distal
138.0	distal
140.0	distal
166.0	distal
167.0	distal
170.0	distal
171.0	distal
176.0	distal
177.0	distal
178.0	distal
180.0	distal
	no_domain_annotation
	no_domain_annotation
5.0	boundary
	no_domain_annotation
	no_domain_annotation
	no_domain_annotation
	no_domain_annotation
	no_domain_annotation
	no_domain_annotation
	no_domain_annotation
	no_domain_annotation
	no_domain_annotation
	no_domain_annotation
	no_domain_annotation
	no_domain_annotation
	no_domain_annotation
0.0	in_domain
	no_domain_annotation
0.0	in_domain
0.0	in_domain
0.0	in_domain
0.0	in_domain
0.0	in_domain
0.0	in_domain
0.0	in_domain
68.0	distal
0.0	in_domain
0.0	in_domain
15.0	boundary
4.0	boundary
0.0	in_domain
0.0	in_domain
0.0	in_domain
0.0	in_domain
266.0	distal
0.0	in_domain
0.0	in_domain
0.0	in_domain
0.0	in_domain
26.0	distal
0.0	in_domain
84.0	distal
82.0	distal
80.0	distal
0.0	in_domain
74.0	distal
69.0	distal
0.0	in_domain
0.0	in_domain
0.0	in_domain
0.0	in_domain
3.0	boundary
7.0	boundary
9.0	boundary
11.0	boundary
2.0	boundary
0.0	in_domain
0.0	in_domain
0.0	in_domain
27.0	distal
17.0	boundary
86.0	distal
0.0	in_domain
0.0	in_domain
36.0	inter_domain_linker
28.0	inter_domain_linker
0.0	in_domain
0.0	in_domain
0.0	in_domain
0.0	in_domain
51.0	distal
	no_domain_annotation
	no_domain_annotation
	no_domain_annotation
	no_domain_annotation
101.0	distal
	no_domain_annotation
	no_domain_annotation
	no_domain_annotation
	no_domain_annotation
0.0	in_domain
0.0	in_domain
0.0	in_domain
0.0	in_domain
	no_domain_annotation
	no_domain_annotation
	no_domain_annotation
	no_domain_annotation
	no_domain_annotation
1296.0	distal
1288.0	distal
1281.0	distal
1272.0	distal
1264.0	distal
1222.0	distal
1213.0	distal
1202.0	distal
1191.0	distal
1181.0	distal
1381.0	distal
1374.0	distal
1367.0	distal
1360.0	distal
1353.0	distal
1346.0	distal
1339.0	distal
1335.0	distal
1332.0	distal
1328.0	distal
1325.0	distal
1321.0	distal
1318.0	distal
1314.0	distal
1306.0	distal
116.0	distal
	no_domain_annotation
	no_domain_annotation
	no_domain_annotation
0.0	in_domain
0.0	in_domain
0.0	in_domain
38.0	distal
142.0	distal
	no_domain_annotation
54.0	distal
40.0	distal
26.0	distal
11.0	boundary
58.0	distal
	no_domain_annotation
	no_domain_annotation
0.0	in_domain
37.0	distal
49.0	distal
51.0	distal
86.0	distal
89.0	distal
0.0	in_domain
0.0	in_domain
8.0	boundary
1.0	boundary
5.0	boundary
0.0	in_domain
0.0	in_domain
7.0	boundary
11.0	boundary
17.0	boundary
21.0	distal
24.0	distal
30.0	distal
32.0	distal
38.0	distal
42.0	distal
45.0	distal
0.0	in_domain
0.0	in_domain
0.0	in_domain
0.0	in_domain
0.0	in_domain
0.0	in_domain
0.0	in_domain
0.0	in_domain
0.0	in_domain
0.0	in_domain
0.0	in_domain
	no_domain_annotation
146.0	distal
0.0	in_domain
0.0	in_domain
	no_domain_annotation
25.0	distal
0.0	in_domain
0.0	in_domain
	no_domain_annotation
0.0	in_domain
69.0	distal
67.0	distal
16.0	boundary
65.0	distal
63.0	distal
79.0	distal
47.0	distal
43.0	distal
21.0	distal
17.0	boundary
13.0	boundary
0.0	in_domain
16.0	boundary
0.0	in_domain
0.0	in_domain
	no_domain_annotation
	no_domain_annotation
	no_domain_annotation
	no_domain_annotation
	no_domain_annotation
	no_domain_annotation
0.0	in_domain
0.0	in_domain
0.0	in_domain
0.0	in_domain
21.0	distal
17.0	boundary
0.0	in_domain
0.0	in_domain
0.0	in_domain
5.0	boundary
0.0	in_domain
0.0	in_domain
0.0	in_domain
0.0	in_domain
0.0	in_domain
0.0	in_domain
0.0	in_domain
0.0	in_domain
0.0	in_domain
0.0	in_domain
6.0	boundary
56.0	distal
0.0	in_domain
0.0	in_domain
0.0	in_domain
0.0	in_domain
165.0	distal
0.0	in_domain
0.0	in_domain
0.0	in_domain
54.0	inter_domain_linker
56.0	inter_domain_linker
1349.0	distal
1998.0	distal
2440.0	distal
255.0	distal
0.0	in_domain
145.0	distal
0.0	in_domain
0.0	in_domain
0.0	in_domain
0.0	in_domain
6.0	boundary
0.0	in_domain
2.0	boundary
0.0	in_domain
43.0	distal
0.0	in_domain
0.0	in_domain
0.0	in_domain
0.0	in_domain
0.0	in_domain
0.0	in_domain
36.0	distal
0.0	in_domain
0.0	in_domain
0.0	in_domain
0.0	in_domain
0.0	in_domain
	no_domain_annotation
0.0	in_domain
0.0	in_domain
140.0	distal
279.0	distal
81.0	distal
	no_domain_annotation
	no_domain_annotation
0.0	in_domain
0.0	in_domain
0.0	in_domain
114.0	distal
102.0	distal
	no_domain_annotation
	no_domain_annotation
	no_domain_annotation
	no_domain_annotation
	no_domain_annotation
	no_domain_annotation
	no_domain_annotation
	no_domain_annotation
	no_domain_annotation
	no_domain_annotation
	no_domain_annotation
	no_domain_annotation
	no_domain_annotation
	no_domain_annotation
	no_domain_annotation
	no_domain_annotation
0.0	in_domain
0.0	in_domain
0.0	in_domain
0.0	in_domain
0.0	in_domain
7.0	boundary
0.0	in_domain
0.0	in_domain
0.0	in_domain
0.0	in_domain
0.0	in_domain
	no_domain_annotation
	no_domain_annotation
	no_domain_annotation
	no_domain_annotation
	no_domain_annotation
	no_domain_annotation
	no_domain_annotation
	no_domain_annotation
	no_domain_annotation
	no_domain_annotation
	no_domain_annotation
	no_domain_annotation
0.0	in_domain
0.0	in_domain
0.0	in_domain
0.0	in_domain
0.0	in_domain
0.0	in_domain
38.0	distal
0.0	in_domain
0.0	in_domain
0.0	in_domain
4.0	boundary
0.0	in_domain
9.0	boundary
12.0	boundary
22.0	inter_domain_linker
37.0	inter_domain_linker
47.0	inter_domain_linker
30.0	inter_domain_linker
0.0	in_domain
16.0	boundary
0.0	in_domain
0.0	in_domain
0.0	in_domain
	no_domain_annotation
	no_domain_annotation
	no_domain_annotation
	no_domain_annotation
	no_domain_annotation
	no_domain_annotation
0.0	in_domain
25.0	inter_domain_linker
0.0	in_domain
278.0	distal
277.0	distal
60.0	distal
54.0	distal
51.0	distal
271.0	distal
264.0	distal
0.0	in_domain
0.0	in_domain
0.0	in_domain
0.0	in_domain
10.0	boundary
52.0	distal
128.0	distal
143.0	distal
155.0	distal
157.0	distal
289.0	distal
168.0	distal
287.0	distal
	no_domain_annotation
0.0	in_domain
0.0	in_domain
0.0	in_domain
0.0	in_domain
22.0	distal
	no_domain_annotation
0.0	in_domain
0.0	in_domain
0.0	in_domain
0.0	in_domain
0.0	in_domain
94.0	distal
99.0	distal
84.0	distal
0.0	in_domain
	no_domain_annotation
40.0	distal
172.0	distal
0.0	in_domain
0.0	in_domain
0.0	in_domain
157.0	distal
79.0	distal
0.0	in_domain
0.0	in_domain
0.0	in_domain
0.0	in_domain
0.0	in_domain
0.0	in_domain
0.0	in_domain
7.0	boundary
76.0	distal
86.0	distal
93.0	distal
98.0	distal
104.0	distal
117.0	distal
122.0	distal
133.0	distal
24.0	distal
16.0	boundary
1.0	boundary
0.0	in_domain
	no_domain_annotation
24.0	distal
203.0	distal
0.0	in_domain
171.0	distal
1.0	boundary
0.0	in_domain
0.0	in_domain
1.0	boundary
0.0	in_domain
0.0	in_domain
	no_domain_annotation
	no_domain_annotation
	no_domain_annotation
	no_domain_annotation
	no_domain_annotation
0.0	in_domain
0.0	in_domain
3.0	boundary
0.0	in_domain
0.0	in_domain
11.0	boundary
0.0	in_domain
0.0	in_domain
23.0	inter_domain_linker
0.0	in_domain
62.0	inter_domain_linker
44.0	inter_domain_linker
0.0	in_domain
4.0	boundary
29.0	distal
0.0	in_domain
0.0	in_domain
0.0	in_domain
0.0	in_domain
0.0	in_domain
0.0	in_domain
0.0	in_domain
0.0	in_domain
	no_domain_annotation
0.0	in_domain
0.0	in_domain
0.0	in_domain
0.0	in_domain
	no_domain_annotation
	no_domain_annotation
0.0	in_domain
0.0	in_domain
0.0	in_domain
0.0	in_domain
0.0	in_domain
0.0	in_domain
0.0	in_domain
11.0	boundary
0.0	in_domain
82.0	inter_domain_linker
77.0	inter_domain_linker
3.0	boundary
0.0	in_domain
0.0	in_domain
0.0	in_domain
0.0	in_domain
0.0	in_domain
39.0	inter_domain_linker
74.0	distal
0.0	in_domain
	no_domain_annotation
	no_domain_annotation
301.0	distal
373.0	distal
0.0	in_domain
0.0	in_domain
136.0	inter_domain_linker
133.0	inter_domain_linker
0.0	in_domain
0.0	in_domain
0.0	in_domain
82.0	distal
	no_domain_annotation
	no_domain_annotation
	no_domain_annotation
	no_domain_annotation
	no_domain_annotation
	no_domain_annotation
31.0	inter_domain_linker
	no_domain_annotation
0.0	in_domain
0.0	in_domain
0.0	in_domain
7.0	boundary
	no_domain_annotation
	no_domain_annotation
	no_domain_annotation
	no_domain_annotation
	no_domain_annotation
0.0	in_domain
0.0	in_domain
0.0	in_domain
0.0	in_domain
0.0	in_domain
27.0	distal
46.0	distal
45.0	distal
0.0	in_domain
0.0	in_domain
0.0	in_domain
0.0	in_domain
152.0	inter_domain_linker
105.0	inter_domain_linker
0.0	in_domain
0.0	in_domain
0.0	in_domain
0.0	in_domain
0.0	in_domain
0.0	in_domain
17.0	boundary
9.0	boundary
0.0	in_domain
37.0	inter_domain_linker
0.0	in_domain
0.0	in_domain
0.0	in_domain
47.0	distal
0.0	in_domain
0.0	in_domain
0.0	in_domain
1.0	boundary
85.0	inter_domain_linker
0.0	in_domain
	no_domain_annotation
	no_domain_annotation
	no_domain_annotation
	no_domain_annotation
	no_domain_annotation
	no_domain_annotation
	no_domain_annotation
	no_domain_annotation
0.0	in_domain
0.0	in_domain
	no_domain_annotation
	no_domain_annotation
	no_domain_annotation
	no_domain_annotation
	no_domain_annotation
0.0	in_domain
0.0	in_domain
	no_domain_annotation
	no_domain_annotation
	no_domain_annotation
0.0	in_domain
0.0	in_domain
0.0	in_domain
0.0	in_domain
0.0	in_domain
0.0	in_domain
124.0	distal
113.0	distal
0.0	in_domain
12.0	boundary
0.0	in_domain
0.0	in_domain
177.0	distal
0.0	in_domain
163.0	distal
196.0	distal
	no_domain_annotation
0.0	in_domain
0.0	in_domain
0.0	in_domain
0.0	in_domain
0.0	in_domain
	no_domain_annotation
	no_domain_annotation
	no_domain_annotation
	no_domain_annotation
	no_domain_annotation
62.0	inter_domain_linker
60.0	inter_domain_linker
20.0	boundary
12.0	boundary
0.0	in_domain
0.0	in_domain
135.0	distal
121.0	distal
76.0	distal
64.0	distal
	no_domain_annotation
0.0	in_domain
0.0	in_domain
0.0	in_domain
0.0	in_domain
0.0	in_domain
0.0	in_domain
0.0	in_domain
0.0	in_domain
0.0	in_domain
0.0	in_domain
	no_domain_annotation
	no_domain_annotation
	no_domain_annotation
	no_domain_annotation
0.0	in_domain
0.0	in_domain
0.0	in_domain
3.0	boundary
0.0	in_domain
0.0	in_domain
0.0	in_domain
	no_domain_annotation
	no_domain_annotation
0.0	in_domain
0.0	in_domain
0.0	in_domain
14.0	boundary
0.0	in_domain
0.0	in_domain
0.0	in_domain
7.0	boundary
0.0	in_domain
0.0	in_domain
0.0	in_domain
285.0	distal
147.0	distal
100.0	distal
48.0	distal
88.0	distal
76.0	distal
	no_domain_annotation
	no_domain_annotation
	no_domain_annotation
	no_domain_annotation
	no_domain_annotation
0.0	in_domain
0.0	in_domain
0.0	in_domain
0.0	in_domain
17.0	boundary
	no_domain_annotation
	no_domain_annotation
	no_domain_annotation
542.0	distal
535.0	distal
0.0	in_domain
0.0	in_domain
0.0	in_domain
0.0	in_domain
0.0	in_domain
0.0	in_domain
0.0	in_domain
0.0	in_domain
13.0	boundary
6.0	boundary
1.0	boundary
0.0	in_domain
0.0	in_domain
0.0	in_domain
0.0	in_domain
	no_domain_annotation
	no_domain_annotation
	no_domain_annotation
	no_domain_annotation
	no_domain_annotation
0.0	in_domain
0.0	in_domain
141.0	distal
0.0	in_domain
0.0	in_domain
0.0	in_domain
103.0	distal
0.0	in_domain
0.0	in_domain
0.0	in_domain
0.0	in_domain
14.0	boundary
7.0	boundary
	no_domain_annotation
0.0	in_domain
0.0	in_domain
159.0	distal
0.0	in_domain
0.0	in_domain
7.0	boundary
8.0	boundary
13.0	boundary
19.0	boundary
24.0	inter_domain_linker
32.0	inter_domain_linker
38.0	inter_domain_linker
40.0	inter_domain_linker
41.0	inter_domain_linker
24.0	inter_domain_linker
21.0	inter_domain_linker
0.0	in_domain
0.0	in_domain
0.0	in_domain
17.0	boundary
31.0	distal
53.0	distal
73.0	distal
0.0	in_domain
0.0	in_domain
7.0	boundary
14.0	boundary
20.0	boundary
25.0	inter_domain_linker
31.0	inter_domain_linker
25.0	inter_domain_linker
23.0	inter_domain_linker
22.0	inter_domain_linker
0.0	in_domain
0.0	in_domain
0.0	in_domain
0.0	in_domain
0.0	in_domain
0.0	in_domain
0.0	in_domain
6.0	boundary
0.0	in_domain
	no_domain_annotation
	no_domain_annotation
	no_domain_annotation
	no_domain_annotation
	no_domain_annotation
	no_domain_annotation
0.0	in_domain
0.0	in_domain
0.0	in_domain
0.0	in_domain
0.0	in_domain
0.0	in_domain
0.0	in_domain
0.0	in_domain
0.0	in_domain
	no_domain_annotation
	no_domain_annotation
	no_domain_annotation
0.0	in_domain
0.0	in_domain
0.0	in_domain
131.0	inter_domain_linker
60.0	inter_domain_linker
0.0	in_domain
53.0	distal
112.0	inter_domain_linker
117.0	inter_domain_linker
128.0	inter_domain_linker
139.0	inter_domain_linker
153.0	inter_domain_linker
168.0	inter_domain_linker
160.0	inter_domain_linker
152.0	inter_domain_linker
145.0	inter_domain_linker
131.0	inter_domain_linker
128.0	inter_domain_linker
110.0	inter_domain_linker
105.0	inter_domain_linker
75.0	inter_domain_linker
70.0	inter_domain_linker
65.0	inter_domain_linker
58.0	inter_domain_linker
34.0	inter_domain_linker
7.0	boundary
0.0	in_domain
0.0	in_domain
0.0	in_domain
0.0	in_domain
0.0	in_domain
75.0	distal
54.0	distal
	no_domain_annotation
0.0	in_domain
0.0	in_domain
0.0	in_domain
0.0	in_domain
0.0	in_domain
153.0	distal
55.0	distal
152.0	distal
149.0	distal
148.0	distal
146.0	distal
0.0	in_domain
0.0	in_domain
60.0	distal
0.0	in_domain
9.0	boundary
0.0	in_domain
0.0	in_domain
0.0	in_domain
0.0	in_domain
0.0	in_domain
0.0	in_domain
0.0	in_domain
1.0	boundary
0.0	in_domain
0.0	in_domain
0.0	in_domain
0.0	in_domain
0.0	in_domain
0.0	in_domain
33.0	distal
0.0	in_domain
0.0	in_domain
0.0	in_domain
0.0	in_domain
0.0	in_domain
0.0	in_domain
0.0	in_domain
	no_domain_annotation
	no_domain_annotation
	no_domain_annotation
	no_domain_annotation
0.0	in_domain
0.0	in_domain
0.0	in_domain
70.0	inter_domain_linker
0.0	in_domain
0.0	in_domain
15.0	boundary
0.0	in_domain
	no_domain_annotation
	no_domain_annotation
	no_domain_annotation
	no_domain_annotation
0.0	in_domain
48.0	inter_domain_linker
0.0	in_domain
33.0	distal
0.0	in_domain
0.0	in_domain
54.0	distal
0.0	in_domain
0.0	in_domain
0.0	in_domain
0.0	in_domain
0.0	in_domain
0.0	in_domain
0.0	in_domain
0.0	in_domain
50.0	distal
0.0	in_domain
0.0	in_domain
0.0	in_domain
0.0	in_domain
	no_domain_annotation
	no_domain_annotation
115.0	distal
41.0	distal
45.0	distal
51.0	distal
55.0	distal
0.0	in_domain
63.0	distal
0.0	in_domain
0.0	in_domain
13.0	boundary
22.0	distal
25.0	distal
89.0	distal
4.0	boundary
2.0	boundary
0.0	in_domain
106.0	distal
328.0	distal
333.0	distal
0.0	in_domain
0.0	in_domain
0.0	in_domain
0.0	in_domain
0.0	in_domain
0.0	in_domain
0.0	in_domain
0.0	in_domain
0.0	in_domain
0.0	in_domain
2.0	boundary
11.0	boundary
12.0	boundary
0.0	in_domain
0.0	in_domain
0.0	in_domain
0.0	in_domain
0.0	in_domain
0.0	in_domain
0.0	in_domain
0.0	in_domain
13.0	boundary
0.0	in_domain
0.0	in_domain
2.0	boundary
12.0	boundary
15.0	boundary
0.0	in_domain
0.0	in_domain
0.0	in_domain
0.0	in_domain
0.0	in_domain
59.0	distal
11.0	boundary
0.0	in_domain
0.0	in_domain
120.0	distal
202.0	distal
72.0	distal
69.0	distal
67.0	distal
51.0	distal
43.0	distal
41.0	distal
37.0	distal
34.0	distal
26.0	distal
16.0	boundary
0.0	in_domain
0.0	in_domain
1.0	boundary
6.0	boundary
12.0	boundary
15.0	boundary
17.0	boundary
23.0	inter_domain_linker
15.0	boundary
19.0	boundary
20.0	boundary
23.0	distal
28.0	distal
32.0	distal
34.0	distal
38.0	distal
42.0	distal
45.0	distal
50.0	distal
61.0	distal
35.0	inter_domain_linker
41.0	distal
55.0	distal
	no_domain_annotation
	no_domain_annotation
	no_domain_annotation
0.0	in_domain
0.0	in_domain
0.0	in_domain
11.0	boundary
27.0	distal
24.0	distal
9.0	boundary
0.0	in_domain
0.0	in_domain
33.0	distal
112.0	distal
0.0	in_domain
18.0	boundary
10.0	boundary
12.0	boundary
0.0	in_domain
	no_domain_annotation
	no_domain_annotation
	no_domain_annotation
	no_domain_annotation
	no_domain_annotation
175.0	distal
87.0	distal
70.0	distal
0.0	in_domain
204.0	distal
200.0	distal
195.0	distal
189.0	distal
178.0	distal
	no_domain_annotation
0.0	in_domain
10.0	boundary
0.0	in_domain
0.0	in_domain
32.0	distal
71.0	distal
0.0	in_domain
0.0	in_domain
0.0	in_domain
0.0	in_domain
104.0	distal
96.0	distal
0.0	in_domain
0.0	in_domain
0.0	in_domain
21.0	distal
60.0	distal
68.0	distal
12.0	boundary
0.0	in_domain
0.0	in_domain
	no_domain_annotation
0.0	in_domain
0.0	in_domain
0.0	in_domain
0.0	in_domain
0.0	in_domain
15.0	boundary
17.0	boundary
21.0	inter_domain_linker
24.0	inter_domain_linker
27.0	inter_domain_linker
34.0	inter_domain_linker
39.0	inter_domain_linker
29.0	inter_domain_linker
22.0	inter_domain_linker
17.0	boundary
9.0	boundary
1.0	boundary
0.0	in_domain
0.0	in_domain
0.0	in_domain
41.0	distal
46.0	distal
75.0	distal
81.0	distal
92.0	distal
100.0	distal
122.0	distal
124.0	distal
127.0	distal
130.0	distal
138.0	distal
152.0	distal
156.0	distal
160.0	distal
164.0	distal
0.0	in_domain
7.0	boundary
8.0	boundary
108.0	inter_domain_linker
106.0	inter_domain_linker
65.0	inter_domain_linker
61.0	inter_domain_linker
39.0	inter_domain_linker
0.0	in_domain
0.0	in_domain
0.0	in_domain
0.0	in_domain
0.0	in_domain
	no_domain_annotation
	no_domain_annotation
	no_domain_annotation
	no_domain_annotation
	no_domain_annotation
	no_domain_annotation
	no_domain_annotation
24.0	distal
0.0	in_domain
7.0	boundary
88.0	distal
	no_domain_annotation
	no_domain_annotation
	no_domain_annotation
	no_domain_annotation
	no_domain_annotation
	no_domain_annotation
	no_domain_annotation
30.0	inter_domain_linker
0.0	in_domain
77.0	distal
0.0	in_domain
4.0	boundary
14.0	boundary
0.0	in_domain
0.0	in_domain
0.0	in_domain
0.0	in_domain
28.0	distal
0.0	in_domain
1.0	boundary
3.0	boundary
	no_domain_annotation
	no_domain_annotation
	no_domain_annotation
	no_domain_annotation
	no_domain_annotation
	no_domain_annotation
0.0	in_domain
0.0	in_domain
33.0	distal
	no_domain_annotation
	no_domain_annotation
	no_domain_annotation
	no_domain_annotation
	no_domain_annotation
	no_domain_annotation
	no_domain_annotation
	no_domain_annotation
	no_domain_annotation
0.0	in_domain
0.0	in_domain
0.0	in_domain
0.0	in_domain
0.0	in_domain
0.0	in_domain
0.0	in_domain
201.0	distal
12.0	boundary
0.0	in_domain
0.0	in_domain
4.0	boundary
0.0	in_domain
	no_domain_annotation
	no_domain_annotation
7.0	boundary
	no_domain_annotation
0.0	in_domain
0.0	in_domain
0.0	in_domain
0.0	in_domain
0.0	in_domain
0.0	in_domain
	no_domain_annotation
	no_domain_annotation
	no_domain_annotation
	no_domain_annotation
0.0	in_domain
0.0	in_domain
0.0	in_domain
27.0	inter_domain_linker
109.0	inter_domain_linker
0.0	in_domain
0.0	in_domain
23.0	inter_domain_linker
101.0	distal
164.0	distal
165.0	distal
209.0	distal
210.0	distal
226.0	distal
0.0	in_domain
0.0	in_domain
0.0	in_domain
0.0	in_domain
332.0	distal
371.0	distal
0.0	in_domain
10.0	boundary
8.0	boundary
129.0	distal
127.0	distal
	no_domain_annotation
37.0	distal
17.0	boundary
44.0	distal
87.0	distal
84.0	distal
92.0	distal
151.0	distal
177.0	distal
272.0	distal
692.0	distal
159.0	distal
135.0	distal
20.0	boundary
0.0	in_domain
109.0	inter_domain_linker
3.0	boundary
148.0	inter_domain_linker
0.0	in_domain
	no_domain_annotation
	no_domain_annotation
	no_domain_annotation
	no_domain_annotation
23.0	distal
34.0	inter_domain_linker
44.0	inter_domain_linker
63.0	inter_domain_linker
63.0	inter_domain_linker
	no_domain_annotation
	no_domain_annotation
	no_domain_annotation
0.0	in_domain
3.0	boundary
0.0	in_domain
0.0	in_domain
0.0	in_domain
0.0	in_domain
0.0	in_domain
276.0	distal
96.0	distal
72.0	distal
65.0	distal
33.0	distal
11.0	boundary
0.0	in_domain
237.0	distal
196.0	distal
0.0	in_domain
	no_domain_annotation
106.0	distal
33.0	inter_domain_linker
0.0	in_domain
27.0	distal
12.0	boundary
4.0	boundary
0.0	in_domain
0.0	in_domain
1.0	boundary
2.0	boundary
38.0	distal
32.0	distal
0.0	in_domain
0.0	in_domain
0.0	in_domain
4.0	boundary
44.0	distal
0.0	in_domain
3.0	boundary
4.0	boundary
33.0	distal
36.0	distal
254.0	inter_domain_linker
53.0	inter_domain_linker
58.0	distal
64.0	distal
4.0	boundary
1.0	boundary
0.0	in_domain
0.0	in_domain
115.0	inter_domain_linker
122.0	inter_domain_linker
0.0	in_domain
0.0	in_domain
16.0	boundary
75.0	distal
0.0	in_domain
0.0	in_domain
60.0	distal
7.0	boundary
27.0	distal
0.0	in_domain
	no_domain_annotation
	no_domain_annotation
	no_domain_annotation
0.0	in_domain
0.0	in_domain
0.0	in_domain
0.0	in_domain
0.0	in_domain
0.0	in_domain
0.0	in_domain
0.0	in_domain
0.0	in_domain
0.0	in_domain
0.0	in_domain
0.0	in_domain
22.0	distal
27.0	distal
56.0	distal
61.0	distal
63.0	distal
0.0	in_domain
0.0	in_domain
145.0	distal
476.0	inter_domain_linker
	no_domain_annotation
	no_domain_annotation
	no_domain_annotation
	no_domain_annotation
	no_domain_annotation
	no_domain_annotation
	no_domain_annotation
	no_domain_annotation
0.0	in_domain
0.0	in_domain
0.0	in_domain
0.0	in_domain
177.0	inter_domain_linker
94.0	inter_domain_linker
75.0	inter_domain_linker
86.0	inter_domain_linker
9.0	boundary
	no_domain_annotation
	no_domain_annotation
0.0	in_domain
0.0	in_domain
	no_domain_annotation
	no_domain_annotation
0.0	in_domain
0.0	in_domain
	no_domain_annotation
3.0	boundary
	no_domain_annotation
	no_domain_annotation
	no_domain_annotation
	no_domain_annotation
	no_domain_annotation
	no_domain_annotation
0.0	in_domain
37.0	inter_domain_linker
0.0	in_domain
94.0	inter_domain_linker
68.0	inter_domain_linker
61.0	inter_domain_linker
58.0	inter_domain_linker
42.0	inter_domain_linker
26.0	inter_domain_linker
0.0	in_domain
74.0	distal
3.0	boundary
	no_domain_annotation
	no_domain_annotation
	no_domain_annotation
0.0	in_domain
0.0	in_domain
0.0	in_domain
0.0	in_domain
836.0	distal
838.0	distal
840.0	distal
846.0	distal
848.0	distal
851.0	distal
857.0	distal
878.0	distal
892.0	distal
894.0	distal
964.0	distal
968.0	distal
971.0	distal
976.0	distal
981.0	distal
988.0	distal
1035.0	distal
1182.0	distal
1188.0	distal
1195.0	distal
1210.0	distal
1234.0	distal
1239.0	distal
1498.0	distal
1520.0	distal
1555.0	distal
1584.0	distal
1677.0	distal
1687.0	distal
1901.0	distal
44.0	distal
59.0	distal
84.0	distal
93.0	distal
96.0	distal
101.0	distal
108.0	distal
115.0	distal
0.0	in_domain
244.0	distal
0.0	in_domain
522.0	distal
534.0	distal
545.0	distal
550.0	distal
583.0	distal
0.0	in_domain
0.0	in_domain
0.0	in_domain
	no_domain_annotation
	no_domain_annotation
	no_domain_annotation
	no_domain_annotation
1.0	boundary
0.0	in_domain
0.0	in_domain
0.0	in_domain
0.0	in_domain
0.0	in_domain
0.0	in_domain
	no_domain_annotation
48.0	distal
88.0	distal
0.0	in_domain
0.0	in_domain
0.0	in_domain
	no_domain_annotation
	no_domain_annotation
12.0	boundary
8.0	boundary
	no_domain_annotation
	no_domain_annotation
	no_domain_annotation
	no_domain_annotation
	no_domain_annotation
	no_domain_annotation
	no_domain_annotation
	no_domain_annotation
	no_domain_annotation
	no_domain_annotation
64.0	inter_domain_linker
68.0	inter_domain_linker
0.0	in_domain
0.0	in_domain
0.0	in_domain
0.0	in_domain
0.0	in_domain
0.0	in_domain
0.0	in_domain
0.0	in_domain
2.0	boundary
0.0	in_domain
	no_domain_annotation
	no_domain_annotation
	no_domain_annotation
	no_domain_annotation
	no_domain_annotation
	no_domain_annotation
	no_domain_annotation
	no_domain_annotation
	no_domain_annotation
0.0	in_domain
0.0	in_domain
0.0	in_domain
0.0	in_domain
0.0	in_domain
0.0	in_domain
0.0	in_domain
	no_domain_annotation
38.0	distal
5.0	boundary
	no_domain_annotation
	no_domain_annotation
0.0	in_domain
0.0	in_domain
0.0	in_domain
0.0	in_domain
0.0	in_domain
0.0	in_domain
0.0	in_domain
0.0	in_domain
0.0	in_domain
0.0	in_domain
0.0	in_domain
219.0	distal
0.0	in_domain
0.0	in_domain
0.0	in_domain
45.0	distal
44.0	distal
34.0	distal
55.0	distal
95.0	distal
	no_domain_annotation
	no_domain_annotation
	no_domain_annotation
	no_domain_annotation
	no_domain_annotation
	no_domain_annotation
	no_domain_annotation
	no_domain_annotation
0.0	in_domain
44.0	distal
43.0	distal
5.0	boundary
0.0	in_domain
0.0	in_domain
0.0	in_domain
0.0	in_domain
0.0	in_domain
0.0	in_domain
0.0	in_domain
501.0	distal
528.0	distal
534.0	distal
568.0	distal
590.0	distal
596.0	distal
620.0	distal
631.0	distal
635.0	distal
642.0	distal
646.0	distal
880.0	distal
1000.0	distal
1014.0	distal
1021.0	distal
1028.0	distal
1185.0	distal
1245.0	distal
1250.0	distal
1272.0	distal
1279.0	distal
388.0	distal
237.0	distal
245.0	distal
248.0	distal
253.0	distal
254.0	distal
261.0	distal
266.0	distal
271.0	distal
276.0	distal
281.0	distal
283.0	distal
301.0	distal
318.0	distal
0.0	in_domain
	no_domain_annotation
	no_domain_annotation
275.0	inter_domain_linker
236.0	inter_domain_linker
0.0	in_domain
21.0	inter_domain_linker
31.0	inter_domain_linker
0.0	in_domain
0.0	in_domain
0.0	in_domain
585.0	distal
0.0	in_domain
0.0	in_domain
155.0	inter_domain_linker
75.0	inter_domain_linker
8.0	boundary
0.0	in_domain
503.0	inter_domain_linker
281.0	inter_domain_linker
264.0	inter_domain_linker
226.0	inter_domain_linker
72.0	inter_domain_linker
	no_domain_annotation
	no_domain_annotation
	no_domain_annotation
8.0	boundary
40.0	distal
0.0	in_domain
98.0	distal
96.0	distal
	no_domain_annotation
94.0	distal
0.0	in_domain
0.0	in_domain
0.0	in_domain
0.0	in_domain
0.0	in_domain
0.0	in_domain
0.0	in_domain
109.0	distal
111.0	distal
113.0	distal
115.0	distal
116.0	distal
119.0	distal
126.0	distal
131.0	distal
133.0	distal
143.0	distal
145.0	distal
155.0	distal
0.0	in_domain
24.0	distal
5.0	boundary
	no_domain_annotation
	no_domain_annotation
	no_domain_annotation
56.0	distal
0.0	in_domain
0.0	in_domain
0.0	in_domain
0.0	in_domain
0.0	in_domain
0.0	in_domain
0.0	in_domain
0.0	in_domain
0.0	in_domain
69.0	distal
72.0	distal
107.0	distal
113.0	distal
122.0	distal
218.0	distal
0.0	in_domain
36.0	distal
41.0	distal
105.0	distal
106.0	distal
113.0	distal
118.0	distal
0.0	in_domain
146.0	distal
26.0	distal
32.0	distal
30.0	distal
23.0	distal
9.0	boundary
55.0	distal
0.0	in_domain
0.0	in_domain
0.0	in_domain
1.0	boundary
0.0	in_domain
	no_domain_annotation
	no_domain_annotation
	no_domain_annotation
	no_domain_annotation
	no_domain_annotation
	no_domain_annotation
	no_domain_annotation
	no_domain_annotation
	no_domain_annotation
0.0	in_domain
0.0	in_domain
3.0	boundary
0.0	in_domain
0.0	in_domain
0.0	in_domain
0.0	in_domain
0.0	in_domain
7.0	boundary
10.0	boundary
3.0	boundary
0.0	in_domain
0.0	in_domain
0.0	in_domain
0.0	in_domain
0.0	in_domain
0.0	in_domain
5.0	boundary
6.0	boundary
2.0	boundary
0.0	in_domain
0.0	in_domain
0.0	in_domain
0.0	in_domain
0.0	in_domain
0.0	in_domain
0.0	in_domain
0.0	in_domain
0.0	in_domain
0.0	in_domain
17.0	boundary
20.0	boundary
0.0	in_domain
18.0	boundary
13.0	boundary
0.0	in_domain
0.0	in_domain
0.0	in_domain
0.0	in_domain
	no_domain_annotation
0.0	in_domain
0.0	in_domain
0.0	in_domain
0.0	in_domain
0.0	in_domain
0.0	in_domain
0.0	in_domain
0.0	in_domain
	no_domain_annotation
	no_domain_annotation
	no_domain_annotation
	no_domain_annotation
	no_domain_annotation
	no_domain_annotation
0.0	in_domain
0.0	in_domain
0.0	in_domain
0.0	in_domain
591.0	inter_domain_linker
576.0	inter_domain_linker
551.0	inter_domain_linker
542.0	inter_domain_linker
284.0	inter_domain_linker
0.0	in_domain
0.0	in_domain
0.0	in_domain
72.0	inter_domain_linker
311.0	inter_domain_linker
319.0	inter_domain_linker
15.0	boundary
176.0	distal
0.0	in_domain
	no_domain_annotation
0.0	in_domain
0.0	in_domain
	no_domain_annotation
	no_domain_annotation
	no_domain_annotation
0.0	in_domain
0.0	in_domain
0.0	in_domain
116.0	distal
143.0	distal
0.0	in_domain
0.0	in_domain
178.0	distal
0.0	in_domain
0.0	in_domain
19.0	boundary
0.0	in_domain
0.0	in_domain
18.0	boundary
14.0	boundary
9.0	boundary
11.0	boundary
21.0	distal
34.0	distal
41.0	distal
52.0	distal
81.0	distal
0.0	in_domain
149.0	distal
171.0	distal
172.0	distal
0.0	in_domain
0.0	in_domain
0.0	in_domain
55.0	distal
0.0	in_domain
5.0	boundary
81.0	inter_domain_linker
90.0	inter_domain_linker
122.0	inter_domain_linker
129.0	inter_domain_linker
148.0	inter_domain_linker
155.0	inter_domain_linker
162.0	inter_domain_linker
168.0	inter_domain_linker
157.0	inter_domain_linker
150.0	inter_domain_linker
143.0	inter_domain_linker
110.0	inter_domain_linker
103.0	inter_domain_linker
0.0	in_domain
88.0	inter_domain_linker
75.0	inter_domain_linker
62.0	inter_domain_linker
0.0	in_domain
47.0	inter_domain_linker
32.0	inter_domain_linker
26.0	inter_domain_linker
	no_domain_annotation
	no_domain_annotation
20.0	boundary
27.0	distal
0.0	in_domain
0.0	in_domain
321.0	distal
0.0	in_domain
14.0	boundary
20.0	boundary
25.0	inter_domain_linker
26.0	inter_domain_linker
23.0	inter_domain_linker
0.0	in_domain
	no_domain_annotation
0.0	in_domain
0.0	in_domain
0.0	in_domain
0.0	in_domain
57.0	distal
0.0	in_domain
0.0	in_domain
132.0	inter_domain_linker
0.0	in_domain
4.0	boundary
7.0	boundary
0.0	in_domain
18.0	boundary
0.0	in_domain
0.0	in_domain
0.0	in_domain
2.0	boundary
50.0	distal
41.0	distal
9.0	boundary
0.0	in_domain
	no_domain_annotation
	no_domain_annotation
0.0	in_domain
0.0	in_domain
534.0	distal
19.0	boundary
0.0	in_domain
25.0	distal
0.0	in_domain
0.0	in_domain
0.0	in_domain
3.0	boundary
	no_domain_annotation
0.0	in_domain
0.0	in_domain
0.0	in_domain
202.0	distal
0.0	in_domain
	no_domain_annotation
	no_domain_annotation
0.0	in_domain
0.0	in_domain
0.0	in_domain
0.0	in_domain
0.0	in_domain
0.0	in_domain
12.0	boundary
0.0	in_domain
0.0	in_domain
0.0	in_domain
0.0	in_domain
0.0	in_domain
0.0	in_domain
0.0	in_domain
0.0	in_domain
0.0	in_domain
19.0	boundary
0.0	in_domain
0.0	in_domain
0.0	in_domain
209.0	inter_domain_linker
187.0	inter_domain_linker
152.0	inter_domain_linker
147.0	inter_domain_linker
135.0	inter_domain_linker
33.0	inter_domain_linker
23.0	inter_domain_linker
	no_domain_annotation
	no_domain_annotation
200.0	distal
85.0	distal
72.0	distal
0.0	in_domain
0.0	in_domain
0.0	in_domain
63.0	inter_domain_linker
	no_domain_annotation
	no_domain_annotation
	no_domain_annotation
1.0	boundary
0.0	in_domain
0.0	in_domain
0.0	in_domain
0.0	in_domain
0.0	in_domain
144.0	distal
138.0	distal
	no_domain_annotation
	no_domain_annotation
	no_domain_annotation
	no_domain_annotation
	no_domain_annotation
0.0	in_domain
	no_domain_annotation
	no_domain_annotation
	no_domain_annotation
	no_domain_annotation
	no_domain_annotation
	no_domain_annotation
	no_domain_annotation
0.0	in_domain
	no_domain_annotation
	no_domain_annotation
	no_domain_annotation
	no_domain_annotation
	no_domain_annotation
0.0	in_domain
	no_domain_annotation
	no_domain_annotation
	no_domain_annotation
0.0	in_domain
0.0	in_domain
	no_domain_annotation
	no_domain_annotation
0.0	in_domain
0.0	in_domain
78.0	distal
0.0	in_domain
3.0	boundary
2.0	boundary
0.0	in_domain
0.0	in_domain
0.0	in_domain
0.0	in_domain
0.0	in_domain
0.0	in_domain
0.0	in_domain
3.0	boundary
0.0	in_domain
0.0	in_domain
0.0	in_domain
0.0	in_domain
0.0	in_domain
0.0	in_domain
0.0	in_domain
24.0	distal
25.0	distal
33.0	distal
45.0	distal
	no_domain_annotation
	no_domain_annotation
0.0	in_domain
24.0	inter_domain_linker
45.0	inter_domain_linker
53.0	inter_domain_linker
3.0	boundary
409.0	distal
412.0	distal
154.0	inter_domain_linker
	no_domain_annotation
0.0	in_domain
27.0	distal
0.0	in_domain
18.0	boundary
11.0	boundary
106.0	distal
128.0	distal
58.0	distal
21.0	inter_domain_linker
22.0	inter_domain_linker
48.0	distal
41.0	distal
37.0	distal
113.0	distal
0.0	in_domain
0.0	in_domain
0.0	in_domain
0.0	in_domain
0.0	in_domain
0.0	in_domain
0.0	in_domain
0.0	in_domain
0.0	in_domain
0.0	in_domain
0.0	in_domain
23.0	inter_domain_linker
0.0	in_domain
9.0	boundary
21.0	distal
60.0	distal
58.0	distal
54.0	distal
53.0	distal
88.0	distal
86.0	distal
0.0	in_domain
7.0	boundary
14.0	boundary
20.0	boundary
25.0	inter_domain_linker
31.0	inter_domain_linker
25.0	inter_domain_linker
23.0	inter_domain_linker
22.0	inter_domain_linker
0.0	in_domain
0.0	in_domain
0.0	in_domain
0.0	in_domain
0.0	in_domain
0.0	in_domain
71.0	distal
91.0	inter_domain_linker
56.0	distal
	no_domain_annotation
	no_domain_annotation
0.0	in_domain
0.0	in_domain
0.0	in_domain
0.0	in_domain
0.0	in_domain
	no_domain_annotation
	no_domain_annotation
0.0	in_domain
0.0	in_domain
	no_domain_annotation
	no_domain_annotation
	no_domain_annotation
22.0	distal
0.0	in_domain
11.0	boundary
0.0	in_domain
0.0	in_domain
0.0	in_domain
0.0	in_domain
0.0	in_domain
0.0	in_domain
	no_domain_annotation
	no_domain_annotation
0.0	in_domain
	no_domain_annotation
	no_domain_annotation
0.0	in_domain
	no_domain_annotation
0.0	in_domain
0.0	in_domain
0.0	in_domain
	no_domain_annotation
	no_domain_annotation
	no_domain_annotation
0.0	in_domain
0.0	in_domain
0.0	in_domain
	no_domain_annotation
	no_domain_annotation
	no_domain_annotation
	no_domain_annotation
	no_domain_annotation
	no_domain_annotation
150.0	inter_domain_linker
145.0	inter_domain_linker
148.0	inter_domain_linker
148.0	inter_domain_linker
145.0	inter_domain_linker
	no_domain_annotation
	no_domain_annotation
	no_domain_annotation
	no_domain_annotation
	no_domain_annotation
	no_domain_annotation
0.0	in_domain
0.0	in_domain
0.0	in_domain
0.0	in_domain
0.0	in_domain
41.0	distal
	no_domain_annotation
	no_domain_annotation
	no_domain_annotation
25.0	inter_domain_linker
35.0	distal
36.0	distal
45.0	distal
0.0	in_domain
5.0	boundary
	no_domain_annotation
	no_domain_annotation
	no_domain_annotation
	no_domain_annotation
0.0	in_domain
0.0	in_domain
	no_domain_annotation
	no_domain_annotation
	no_domain_annotation
22.0	distal
0.0	in_domain
0.0	in_domain
0.0	in_domain
0.0	in_domain
0.0	in_domain
2.0	boundary
0.0	in_domain
0.0	in_domain
0.0	in_domain
0.0	in_domain
0.0	in_domain
0.0	in_domain
0.0	in_domain
0.0	in_domain
214.0	distal
6.0	boundary
	no_domain_annotation
	no_domain_annotation
0.0	in_domain
9.0	boundary
32.0	distal
0.0	in_domain
0.0	in_domain
0.0	in_domain
0.0	in_domain
0.0	in_domain
	no_domain_annotation
	no_domain_annotation
	no_domain_annotation
	no_domain_annotation
	no_domain_annotation
	no_domain_annotation
0.0	in_domain
0.0	in_domain
0.0	in_domain
0.0	in_domain
0.0	in_domain
37.0	distal
31.0	distal
22.0	distal
0.0	in_domain
0.0	in_domain
	no_domain_annotation
	no_domain_annotation
	no_domain_annotation
	no_domain_annotation
	no_domain_annotation
	no_domain_annotation
	no_domain_annotation
	no_domain_annotation
	no_domain_annotation
0.0	in_domain
0.0	in_domain
	no_domain_annotation
	no_domain_annotation
0.0	in_domain
0.0	in_domain
	no_domain_annotation
	no_domain_annotation
	no_domain_annotation
	no_domain_annotation
199.0	distal
0.0	in_domain
0.0	in_domain
	no_domain_annotation
	no_domain_annotation
	no_domain_annotation
	no_domain_annotation
	no_domain_annotation
	no_domain_annotation
0.0	in_domain
0.0	in_domain
0.0	in_domain
0.0	in_domain
32.0	inter_domain_linker
33.0	inter_domain_linker
35.0	inter_domain_linker
42.0	inter_domain_linker
44.0	inter_domain_linker
49.0	inter_domain_linker
54.0	inter_domain_linker
57.0	inter_domain_linker
63.0	inter_domain_linker
64.0	inter_domain_linker
72.0	inter_domain_linker
73.0	inter_domain_linker
82.0	inter_domain_linker
85.0	inter_domain_linker
83.0	inter_domain_linker
81.0	inter_domain_linker
70.0	inter_domain_linker
61.0	inter_domain_linker
60.0	inter_domain_linker
58.0	inter_domain_linker
54.0	inter_domain_linker
9.0	boundary
0.0	in_domain
0.0	in_domain
0.0	in_domain
	no_domain_annotation
0.0	in_domain
0.0	in_domain
0.0	in_domain
0.0	in_domain
0.0	in_domain
0.0	in_domain
0.0	in_domain
0.0	in_domain
0.0	in_domain
0.0	in_domain
0.0	in_domain
52.0	distal
	no_domain_annotation
	no_domain_annotation
	no_domain_annotation
	no_domain_annotation
	no_domain_annotation
	no_domain_annotation
	no_domain_annotation
	no_domain_annotation
	no_domain_annotation
	no_domain_annotation
	no_domain_annotation
0.0	in_domain
0.0	in_domain
0.0	in_domain
0.0	in_domain
0.0	in_domain
	no_domain_annotation
	no_domain_annotation
	no_domain_annotation
	no_domain_annotation
	no_domain_annotation
	no_domain_annotation
	no_domain_annotation
	no_domain_annotation
	no_domain_annotation
	no_domain_annotation
	no_domain_annotation
0.0	in_domain
0.0	in_domain
17.0	boundary
24.0	distal
14.0	boundary
	no_domain_annotation
0.0	in_domain
0.0	in_domain
7.0	boundary
9.0	boundary
13.0	boundary
0.0	in_domain
0.0	in_domain
5.0	boundary
10.0	boundary
0.0	in_domain
33.0	distal
35.0	distal
37.0	distal
41.0	distal
0.0	in_domain
20.0	boundary
11.0	boundary
17.0	boundary
22.0	distal
23.0	distal
42.0	distal
0.0	in_domain
0.0	in_domain
0.0	in_domain
0.0	in_domain
0.0	in_domain
0.0	in_domain
0.0	in_domain
0.0	in_domain
7.0	boundary
0.0	in_domain
4.0	boundary
6.0	boundary
9.0	boundary
11.0	boundary
13.0	boundary
12.0	boundary
0.0	in_domain
	no_domain_annotation
	no_domain_annotation
0.0	in_domain
0.0	in_domain
0.0	in_domain
0.0	in_domain
1.0	boundary
2.0	boundary
	no_domain_annotation
	no_domain_annotation
	no_domain_annotation
	no_domain_annotation
	no_domain_annotation
	no_domain_annotation
	no_domain_annotation
	no_domain_annotation
8.0	boundary
4.0	boundary
0.0	in_domain
0.0	in_domain
24.0	distal
0.0	in_domain
0.0	in_domain
0.0	in_domain
0.0	in_domain
0.0	in_domain
0.0	in_domain
0.0	in_domain
0.0	in_domain
0.0	in_domain
0.0	in_domain
0.0	in_domain
	no_domain_annotation
	no_domain_annotation
	no_domain_annotation
	no_domain_annotation
	no_domain_annotation
25.0	distal
22.0	distal
1.0	boundary
29.0	distal
1.0	boundary
	no_domain_annotation
	no_domain_annotation
	no_domain_annotation
	no_domain_annotation
	no_domain_annotation
	no_domain_annotation
	no_domain_annotation
	no_domain_annotation
	no_domain_annotation
	no_domain_annotation
0.0	in_domain
0.0	in_domain
0.0	in_domain
0.0	in_domain
0.0	in_domain
0.0	in_domain
0.0	in_domain
11.0	boundary
0.0	in_domain
0.0	in_domain
0.0	in_domain
0.0	in_domain
0.0	in_domain
0.0	in_domain
0.0	in_domain
0.0	in_domain
0.0	in_domain
0.0	in_domain
0.0	in_domain
0.0	in_domain
14.0	boundary
28.0	distal
32.0	distal
37.0	distal
42.0	distal
45.0	distal
55.0	distal
60.0	distal
65.0	distal
75.0	distal
79.0	distal
0.0	in_domain
7.0	boundary
0.0	in_domain
0.0	in_domain
	no_domain_annotation
	no_domain_annotation
0.0	in_domain
0.0	in_domain
12.0	boundary
22.0	distal
26.0	distal
61.0	distal
86.0	distal
142.0	distal
150.0	distal
	no_domain_annotation
0.0	in_domain
0.0	in_domain
	no_domain_annotation
	no_domain_annotation
	no_domain_annotation
0.0	in_domain
0.0	in_domain
0.0	in_domain
0.0	in_domain
0.0	in_domain
0.0	in_domain
0.0	in_domain
0.0	in_domain
	no_domain_annotation
	no_domain_annotation
	no_domain_annotation
	no_domain_annotation
	no_domain_annotation
	no_domain_annotation
	no_domain_annotation
	no_domain_annotation
	no_domain_annotation
2.0	boundary
14.0	boundary
23.0	distal
24.0	distal
28.0	distal
57.0	distal
58.0	distal
61.0	distal
62.0	distal
64.0	distal
71.0	distal
72.0	distal
76.0	distal
77.0	distal
103.0	distal
106.0	distal
111.0	distal
114.0	distal
116.0	distal
151.0	distal
152.0	distal
160.0	distal
162.0	distal
163.0	distal
	no_domain_annotation
	no_domain_annotation
	no_domain_annotation
	no_domain_annotation
	no_domain_annotation
	no_domain_annotation
	no_domain_annotation
	no_domain_annotation
	no_domain_annotation
0.0	in_domain
0.0	in_domain
0.0	in_domain
0.0	in_domain
0.0	in_domain
0.0	in_domain
0.0	in_domain
	no_domain_annotation
	no_domain_annotation
0.0	in_domain
0.0	in_domain
0.0	in_domain
0.0	in_domain
1.0	boundary
0.0	in_domain
0.0	in_domain
0.0	in_domain
26.0	distal
17.0	boundary
41.0	distal
3.0	boundary
1.0	boundary
0.0	in_domain
0.0	in_domain
0.0	in_domain
35.0	distal
0.0	in_domain
	no_domain_annotation
	no_domain_annotation
	no_domain_annotation
113.0	distal
120.0	distal
	no_domain_annotation
	no_domain_annotation
	no_domain_annotation
	no_domain_annotation
	no_domain_annotation
441.0	distal
290.0	distal
280.0	distal
278.0	distal
268.0	distal
218.0	distal
198.0	distal
196.0	distal
360.0	distal
0.0	in_domain
55.0	distal
52.0	inter_domain_linker
85.0	inter_domain_linker
92.0	inter_domain_linker
94.0	inter_domain_linker
83.0	inter_domain_linker
68.0	inter_domain_linker
38.0	inter_domain_linker
0.0	in_domain
21.0	inter_domain_linker
95.0	distal
91.0	distal
	no_domain_annotation
2.0	boundary
0.0	in_domain
0.0	in_domain
9.0	boundary
0.0	in_domain
7.0	boundary
5.0	boundary
0.0	in_domain
0.0	in_domain
	no_domain_annotation
21.0	distal
	no_domain_annotation
40.0	inter_domain_linker
46.0	distal
0.0	in_domain
0.0	in_domain
0.0	in_domain
0.0	in_domain
45.0	distal
539.0	distal
423.0	distal
38.0	distal
28.0	distal
0.0	in_domain
0.0	in_domain
0.0	in_domain
0.0	in_domain
54.0	inter_domain_linker
23.0	inter_domain_linker
0.0	in_domain
7.0	boundary
14.0	boundary
0.0	in_domain
0.0	in_domain
43.0	distal
32.0	inter_domain_linker
109.0	distal
2328.0	distal
	no_domain_annotation
	no_domain_annotation
	no_domain_annotation
35.0	distal
89.0	distal
72.0	distal
68.0	distal
67.0	distal
62.0	distal
56.0	distal
	no_domain_annotation
	no_domain_annotation
	no_domain_annotation
	no_domain_annotation
	no_domain_annotation
	no_domain_annotation
0.0	in_domain
	no_domain_annotation
	no_domain_annotation
0.0	in_domain
0.0	in_domain
0.0	in_domain
0.0	in_domain
0.0	in_domain
14.0	boundary
	no_domain_annotation
0.0	in_domain
	no_domain_annotation
0.0	in_domain
0.0	in_domain
0.0	in_domain
0.0	in_domain
0.0	in_domain
0.0	in_domain
	no_domain_annotation
	no_domain_annotation
0.0	in_domain
0.0	in_domain
0.0	in_domain
0.0	in_domain
0.0	in_domain
0.0	in_domain
42.0	distal
48.0	distal
50.0	distal
0.0	in_domain
0.0	in_domain
0.0	in_domain
7.0	boundary
15.0	boundary
0.0	in_domain
26.0	distal
41.0	distal
3.0	boundary
1.0	boundary
0.0	in_domain
0.0	in_domain
0.0	in_domain
0.0	in_domain
0.0	in_domain
0.0	in_domain
0.0	in_domain
0.0	in_domain
	no_domain_annotation
245.0	distal
247.0	distal
0.0	in_domain
22.0	inter_domain_linker
0.0	in_domain
0.0	in_domain
0.0	in_domain
30.0	inter_domain_linker
5.0	boundary
15.0	boundary
272.0	distal
264.0	distal
201.0	distal
327.0	distal
283.0	distal
117.0	distal
0.0	in_domain
0.0	in_domain
0.0	in_domain
0.0	in_domain
0.0	in_domain
0.0	in_domain
0.0	in_domain
16.0	boundary
20.0	boundary
31.0	distal
36.0	distal
46.0	distal
48.0	distal
53.0	distal
60.0	distal
0.0	in_domain
0.0	in_domain
2.0	boundary
5.0	boundary
14.0	boundary
0.0	in_domain
	no_domain_annotation
0.0	in_domain
0.0	in_domain
0.0	in_domain
0.0	in_domain
0.0	in_domain
0.0	in_domain
0.0	in_domain
3.0	boundary
29.0	distal
73.0	distal
0.0	in_domain
0.0	in_domain
146.0	distal
95.0	distal
0.0	in_domain
4.0	boundary
7.0	boundary
29.0	distal
17.0	boundary
0.0	in_domain
0.0	in_domain
0.0	in_domain
0.0	in_domain
5.0	boundary
0.0	in_domain
1.0	boundary
0.0	in_domain
0.0	in_domain
0.0	in_domain
4.0	boundary
0.0	in_domain
	no_domain_annotation
44.0	inter_domain_linker
13.0	boundary
20.0	boundary
22.0	distal
8.0	boundary
108.0	distal
111.0	distal
238.0	distal
243.0	distal
245.0	distal
251.0	distal
256.0	distal
263.0	distal
268.0	distal
269.0	distal
275.0	distal
291.0	distal
298.0	distal
304.0	distal
309.0	distal
315.0	distal
323.0	distal
325.0	distal
329.0	distal
	no_domain_annotation
0.0	in_domain
35.0	distal
0.0	in_domain
0.0	in_domain
0.0	in_domain
0.0	in_domain
0.0	in_domain
12.0	boundary
0.0	in_domain
0.0	in_domain
0.0	in_domain
18.0	boundary
16.0	boundary
14.0	boundary
	no_domain_annotation
	no_domain_annotation
11.0	boundary
17.0	boundary
25.0	distal
0.0	in_domain
0.0	in_domain
9.0	boundary
0.0	in_domain
0.0	in_domain
0.0	in_domain
2.0	boundary
0.0	in_domain
0.0	in_domain
0.0	in_domain
27.0	inter_domain_linker
31.0	inter_domain_linker
44.0	inter_domain_linker
43.0	inter_domain_linker
2.0	boundary
	no_domain_annotation
	no_domain_annotation
	no_domain_annotation
0.0	in_domain
0.0	in_domain
0.0	in_domain
66.0	inter_domain_linker
73.0	distal
0.0	in_domain
0.0	in_domain
0.0	in_domain
0.0	in_domain
0.0	in_domain
0.0	in_domain
895.0	distal
906.0	distal
913.0	distal
934.0	distal
225.0	distal
0.0	in_domain
0.0	in_domain
0.0	in_domain
16.0	boundary
0.0	in_domain
29.0	distal
27.0	distal
	no_domain_annotation
69.0	distal
61.0	distal
59.0	distal
57.0	distal
52.0	distal
47.0	distal
44.0	distal
40.0	distal
31.0	distal
8.0	boundary
14.0	boundary
17.0	boundary
24.0	inter_domain_linker
32.0	inter_domain_linker
28.0	inter_domain_linker
24.0	inter_domain_linker
18.0	boundary
15.0	boundary
12.0	boundary
14.0	boundary
16.0	boundary
23.0	distal
26.0	distal
32.0	distal
40.0	distal
43.0	distal
47.0	distal
51.0	distal
54.0	distal
58.0	distal
65.0	distal
66.0	distal
83.0	distal
84.0	distal
87.0	distal
0.0	in_domain
0.0	in_domain
	no_domain_annotation
141.0	distal
148.0	distal
0.0	in_domain
0.0	in_domain
0.0	in_domain
0.0	in_domain
19.0	boundary
0.0	in_domain
0.0	in_domain
8.0	boundary
10.0	boundary
38.0	inter_domain_linker
0.0	in_domain
0.0	in_domain
0.0	in_domain
0.0	in_domain
184.0	distal
	no_domain_annotation
491.0	distal
10.0	boundary
9.0	boundary
0.0	in_domain
0.0	in_domain
13.0	boundary
31.0	distal
0.0	in_domain
0.0	in_domain
0.0	in_domain
18.0	boundary
35.0	distal
73.0	distal
74.0	distal
35.0	distal
19.0	boundary
13.0	boundary
0.0	in_domain
0.0	in_domain
0.0	in_domain
132.0	inter_domain_linker
68.0	distal
132.0	inter_domain_linker
135.0	inter_domain_linker
0.0	in_domain
0.0	in_domain
48.0	distal
0.0	in_domain
1.0	boundary
	no_domain_annotation
88.0	distal
1122.0	distal
1115.0	distal
446.0	distal
426.0	distal
0.0	in_domain
0.0	in_domain
0.0	in_domain
0.0	in_domain
0.0	in_domain
0.0	in_domain
17.0	boundary
0.0	in_domain
0.0	in_domain
0.0	in_domain
0.0	in_domain
0.0	in_domain
152.0	distal
126.0	distal
27.0	distal
0.0	in_domain
0.0	in_domain
4.0	boundary
42.0	inter_domain_linker
43.0	inter_domain_linker
53.0	inter_domain_linker
651.0	distal
103.0	inter_domain_linker
75.0	inter_domain_linker
36.0	inter_domain_linker
25.0	inter_domain_linker
23.0	inter_domain_linker
0.0	in_domain
530.0	distal
713.0	distal
706.0	distal
696.0	distal
86.0	distal
80.0	distal
76.0	distal
67.0	distal
59.0	distal
58.0	distal
688.0	distal
0.0	in_domain
0.0	in_domain
0.0	in_domain
0.0	in_domain
0.0	in_domain
41.0	inter_domain_linker
40.0	inter_domain_linker
136.0	inter_domain_linker
115.0	inter_domain_linker
46.0	inter_domain_linker
12.0	boundary
118.0	inter_domain_linker
46.0	inter_domain_linker
12.0	boundary
	no_domain_annotation
	no_domain_annotation
0.0	in_domain
0.0	in_domain
0.0	in_domain
0.0	in_domain
139.0	distal
0.0	in_domain
	no_domain_annotation
0.0	in_domain
0.0	in_domain
0.0	in_domain
53.0	distal
0.0	in_domain
0.0	in_domain
0.0	in_domain
0.0	in_domain
0.0	in_domain
0.0	in_domain
0.0	in_domain
	no_domain_annotation
	no_domain_annotation
	no_domain_annotation
	no_domain_annotation
0.0	in_domain
0.0	in_domain
	no_domain_annotation
0.0	in_domain
	no_domain_annotation
0.0	in_domain
0.0	in_domain
0.0	in_domain
0.0	in_domain
0.0	in_domain
35.0	inter_domain_linker
39.0	inter_domain_linker
80.0	inter_domain_linker
78.0	inter_domain_linker
	no_domain_annotation
0.0	in_domain
0.0	in_domain
0.0	in_domain
0.0	in_domain
0.0	in_domain
0.0	in_domain
0.0	in_domain
0.0	in_domain
2.0	boundary
3.0	boundary
0.0	in_domain
0.0	in_domain
0.0	in_domain
0.0	in_domain
0.0	in_domain
40.0	distal
0.0	in_domain
0.0	in_domain
0.0	in_domain
0.0	in_domain
0.0	in_domain
0.0	in_domain
0.0	in_domain
	no_domain_annotation
0.0	in_domain
	no_domain_annotation
92.0	distal
89.0	distal
85.0	distal
0.0	in_domain
30.0	inter_domain_linker
32.0	inter_domain_linker
37.0	inter_domain_linker
39.0	inter_domain_linker
50.0	inter_domain_linker
52.0	inter_domain_linker
56.0	inter_domain_linker
51.0	inter_domain_linker
46.0	inter_domain_linker
41.0	inter_domain_linker
35.0	inter_domain_linker
26.0	inter_domain_linker
20.0	boundary
18.0	boundary
66.0	distal
98.0	distal
59.0	distal
21.0	distal
27.0	distal
57.0	distal
50.0	distal
26.0	distal
54.0	distal
168.0	inter_domain_linker
23.0	distal
270.0	inter_domain_linker
8.0	boundary
73.0	distal
	no_domain_annotation
303.0	distal
2.0	boundary
25.0	inter_domain_linker
0.0	in_domain
0.0	in_domain
12.0	boundary
4.0	boundary
2.0	boundary
0.0	in_domain
0.0	in_domain
0.0	in_domain
0.0	in_domain
0.0	in_domain
0.0	in_domain
0.0	in_domain
2.0	boundary
6.0	boundary
0.0	in_domain
11.0	boundary
0.0	in_domain
5.0	boundary
0.0	in_domain
0.0	in_domain
0.0	in_domain
11.0	boundary
0.0	in_domain
251.0	distal
0.0	in_domain
3.0	boundary
0.0	in_domain
11.0	boundary
15.0	boundary
52.0	inter_domain_linker
25.0	distal
81.0	distal
87.0	distal
93.0	distal
101.0	distal
102.0	distal
134.0	distal
146.0	distal
150.0	distal
154.0	distal
162.0	distal
169.0	distal
176.0	distal
180.0	distal
192.0	distal
37.0	inter_domain_linker
27.0	inter_domain_linker
0.0	in_domain
0.0	in_domain
0.0	in_domain
	no_domain_annotation
363.0	distal
351.0	distal
346.0	distal
0.0	in_domain
0.0	in_domain
	no_domain_annotation
	no_domain_annotation
0.0	in_domain
0.0	in_domain
0.0	in_domain
0.0	in_domain
0.0	in_domain
12.0	boundary
334.0	inter_domain_linker
	no_domain_annotation
	no_domain_annotation
0.0	in_domain
0.0	in_domain
49.0	distal
0.0	in_domain
33.0	distal
107.0	distal
4.0	boundary
0.0	in_domain
0.0	in_domain
0.0	in_domain
0.0	in_domain
0.0	in_domain
0.0	in_domain
0.0	in_domain
131.0	distal
0.0	in_domain
0.0	in_domain
44.0	distal
128.0	distal
219.0	distal
232.0	distal
94.0	distal
0.0	in_domain
0.0	in_domain
59.0	inter_domain_linker
82.0	inter_domain_linker
108.0	inter_domain_linker
59.0	distal
180.0	distal
240.0	distal
5356.0	distal
466.0	distal
0.0	in_domain
	no_domain_annotation
	no_domain_annotation
	no_domain_annotation
	no_domain_annotation
106.0	distal
0.0	in_domain
0.0	in_domain
0.0	in_domain
0.0	in_domain
0.0	in_domain
0.0	in_domain
	no_domain_annotation
	no_domain_annotation
	no_domain_annotation
	no_domain_annotation
	no_domain_annotation
	no_domain_annotation
0.0	in_domain
0.0	in_domain
48.0	inter_domain_linker
81.0	inter_domain_linker
0.0	in_domain
17.0	boundary
206.0	inter_domain_linker
198.0	inter_domain_linker
0.0	in_domain
0.0	in_domain
311.0	inter_domain_linker
308.0	inter_domain_linker
0.0	in_domain
0.0	in_domain
	no_domain_annotation
636.0	distal
637.0	distal
824.0	distal
39.0	distal
27.0	distal
	no_domain_annotation
	no_domain_annotation
952.0	inter_domain_linker
949.0	inter_domain_linker
838.0	inter_domain_linker
712.0	inter_domain_linker
705.0	inter_domain_linker
683.0	inter_domain_linker
676.0	inter_domain_linker
662.0	inter_domain_linker
643.0	inter_domain_linker
602.0	inter_domain_linker
200.0	distal
198.0	distal
235.0	distal
177.0	distal
172.0	distal
233.0	distal
166.0	distal
148.0	distal
0.0	in_domain
0.0	in_domain
0.0	in_domain
0.0	in_domain
	no_domain_annotation
195.0	distal
0.0	in_domain
0.0	in_domain
0.0	in_domain
73.0	inter_domain_linker
0.0	in_domain
0.0	in_domain
25.0	distal
16.0	boundary
321.0	distal
145.0	distal
128.0	distal
87.0	distal
85.0	distal
83.0	distal
82.0	distal
80.0	distal
0.0	in_domain
0.0	in_domain
0.0	in_domain
10.0	boundary
6.0	boundary
0.0	in_domain
17.0	boundary
15.0	boundary
13.0	boundary
0.0	in_domain
0.0	in_domain
0.0	in_domain
0.0	in_domain
0.0	in_domain
19.0	boundary
50.0	distal
52.0	distal
59.0	distal
65.0	distal
225.0	distal
293.0	distal
304.0	distal
0.0	in_domain
0.0	in_domain
	no_domain_annotation
11.0	boundary
7.0	boundary
103.0	distal
127.0	distal
220.0	distal
282.0	distal
0.0	in_domain
11.0	boundary
61.0	inter_domain_linker
	no_domain_annotation
0.0	in_domain
57.0	inter_domain_linker
80.0	distal
0.0	in_domain
84.0	distal
	no_domain_annotation
	no_domain_annotation
	no_domain_annotation
0.0	in_domain
1.0	boundary
9.0	boundary
3.0	boundary
0.0	in_domain
26.0	distal
22.0	distal
0.0	in_domain
0.0	in_domain
0.0	in_domain
0.0	in_domain
0.0	in_domain
0.0	in_domain
0.0	in_domain
147.0	inter_domain_linker
28.0	inter_domain_linker
	no_domain_annotation
3.0	boundary
0.0	in_domain
0.0	in_domain
0.0	in_domain
3.0	boundary
0.0	in_domain
0.0	in_domain
0.0	in_domain
4.0	boundary
30.0	distal
38.0	inter_domain_linker
0.0	in_domain
0.0	in_domain
0.0	in_domain
14.0	boundary
17.0	boundary
20.0	boundary
23.0	distal
25.0	distal
29.0	distal
109.0	distal
116.0	distal
0.0	in_domain
0.0	in_domain
0.0	in_domain
0.0	in_domain
0.0	in_domain
0.0	in_domain
0.0	in_domain
0.0	in_domain
16.0	boundary
0.0	in_domain
0.0	in_domain
22.0	distal
17.0	boundary
149.0	inter_domain_linker
27.0	distal
0.0	in_domain
3.0	boundary
50.0	distal
0.0	in_domain
0.0	in_domain
114.0	distal
	no_domain_annotation
	no_domain_annotation
0.0	in_domain
0.0	in_domain
0.0	in_domain
3.0	boundary
0.0	in_domain
0.0	in_domain
0.0	in_domain
0.0	in_domain
0.0	in_domain
0.0	in_domain
0.0	in_domain
7.0	boundary
22.0	distal
0.0	in_domain
6.0	boundary
0.0	in_domain
0.0	in_domain
4.0	boundary
6.0	boundary
0.0	in_domain
0.0	in_domain
0.0	in_domain
0.0	in_domain
1.0	boundary
6.0	boundary
8.0	boundary
14.0	boundary
16.0	boundary
15.0	boundary
0.0	in_domain
13.0	boundary
16.0	boundary
0.0	in_domain
0.0	in_domain
0.0	in_domain
49.0	inter_domain_linker
105.0	inter_domain_linker
0.0	in_domain
90.0	inter_domain_linker
41.0	inter_domain_linker
6.0	boundary
5.0	boundary
0.0	in_domain
11.0	boundary
13.0	boundary
19.0	boundary
27.0	distal
31.0	distal
44.0	distal
49.0	distal
0.0	in_domain
40.0	distal
36.0	distal
24.0	distal
0.0	in_domain
4.0	boundary
15.0	boundary
49.0	inter_domain_linker
62.0	inter_domain_linker
66.0	inter_domain_linker
72.0	inter_domain_linker
84.0	inter_domain_linker
89.0	inter_domain_linker
88.0	inter_domain_linker
76.0	inter_domain_linker
42.0	inter_domain_linker
33.0	inter_domain_linker
21.0	inter_domain_linker
33.0	inter_domain_linker
23.0	inter_domain_linker
0.0	in_domain
0.0	in_domain
0.0	in_domain
0.0	in_domain
63.0	distal
95.0	distal
0.0	in_domain
0.0	in_domain
0.0	in_domain
79.0	distal
	no_domain_annotation
22.0	distal
0.0	in_domain
0.0	in_domain
0.0	in_domain
364.0	distal
0.0	in_domain
0.0	in_domain
53.0	distal
	no_domain_annotation
34.0	distal
0.0	in_domain
134.0	inter_domain_linker
147.0	inter_domain_linker
158.0	inter_domain_linker
164.0	inter_domain_linker
187.0	inter_domain_linker
189.0	inter_domain_linker
200.0	inter_domain_linker
131.0	inter_domain_linker
0.0	in_domain
0.0	in_domain
0.0	in_domain
0.0	in_domain
0.0	in_domain
0.0	in_domain
13.0	boundary
225.0	distal
72.0	distal
98.0	distal
0.0	in_domain
0.0	in_domain
	no_domain_annotation
	no_domain_annotation
167.0	distal
242.0	distal
0.0	in_domain
353.0	distal
5.0	boundary
	no_domain_annotation
	no_domain_annotation
0.0	in_domain
0.0	in_domain
0.0	in_domain
0.0	in_domain
	no_domain_annotation
	no_domain_annotation
	no_domain_annotation
	no_domain_annotation
96.0	inter_domain_linker
86.0	inter_domain_linker
0.0	in_domain
0.0	in_domain
47.0	distal
0.0	in_domain
0.0	in_domain
29.0	inter_domain_linker
	no_domain_annotation
130.0	distal
0.0	in_domain
0.0	in_domain
0.0	in_domain
75.0	distal
103.0	distal
0.0	in_domain
0.0	in_domain
43.0	distal
	no_domain_annotation
4.0	boundary
19.0	boundary
42.0	inter_domain_linker
37.0	inter_domain_linker
30.0	inter_domain_linker
28.0	inter_domain_linker
0.0	in_domain
0.0	in_domain
4.0	boundary
160.0	distal
49.0	distal
0.0	in_domain
0.0	in_domain
0.0	in_domain
0.0	in_domain
0.0	in_domain
0.0	in_domain
0.0	in_domain
0.0	in_domain
0.0	in_domain
0.0	in_domain
0.0	in_domain
0.0	in_domain
0.0	in_domain
182.0	inter_domain_linker
275.0	inter_domain_linker
723.0	distal
779.0	distal
0.0	in_domain
0.0	in_domain
0.0	in_domain
0.0	in_domain
0.0	in_domain
	no_domain_annotation
33.0	inter_domain_linker
55.0	inter_domain_linker
50.0	inter_domain_linker
15.0	boundary
	no_domain_annotation
205.0	inter_domain_linker
222.0	inter_domain_linker
0.0	in_domain
0.0	in_domain
0.0	in_domain
0.0	in_domain
0.0	in_domain
0.0	in_domain
0.0	in_domain
0.0	in_domain
0.0	in_domain
0.0	in_domain
0.0	in_domain
0.0	in_domain
0.0	in_domain
0.0	in_domain
0.0	in_domain
20.0	boundary
56.0	distal
251.0	distal
0.0	in_domain
0.0	in_domain
0.0	in_domain
0.0	in_domain
0.0	in_domain
0.0	in_domain
0.0	in_domain
	no_domain_annotation
	no_domain_annotation
	no_domain_annotation
	no_domain_annotation
	no_domain_annotation
	no_domain_annotation
	no_domain_annotation
	no_domain_annotation
	no_domain_annotation
	no_domain_annotation
112.0	distal
88.0	distal
0.0	in_domain
28.0	inter_domain_linker
37.0	inter_domain_linker
95.0	inter_domain_linker
93.0	inter_domain_linker
44.0	inter_domain_linker
	no_domain_annotation
	no_domain_annotation
506.0	distal
508.0	distal
510.0	distal
230.0	inter_domain_linker
223.0	inter_domain_linker
0.0	in_domain
0.0	in_domain
0.0	in_domain
453.0	distal
0.0	in_domain
0.0	in_domain
16.0	boundary
20.0	boundary
23.0	distal
25.0	distal
31.0	distal
36.0	distal
42.0	distal
46.0	distal
54.0	distal
60.0	distal
69.0	distal
76.0	distal
0.0	in_domain
9.0	boundary
0.0	in_domain
0.0	in_domain
30.0	inter_domain_linker
0.0	in_domain
0.0	in_domain
0.0	in_domain
0.0	in_domain
0.0	in_domain
11.0	boundary
17.0	boundary
19.0	boundary
21.0	distal
83.0	distal
84.0	distal
3.0	boundary
0.0	in_domain
274.0	distal
0.0	in_domain
	no_domain_annotation
71.0	distal
0.0	in_domain
0.0	in_domain
139.0	distal
135.0	distal
32.0	distal
25.0	distal
0.0	in_domain
245.0	distal
251.0	distal
268.0	distal
288.0	distal
298.0	distal
299.0	distal
350.0	distal
357.0	distal
360.0	distal
398.0	distal
412.0	distal
418.0	distal
447.0	distal
450.0	distal
466.0	distal
500.0	distal
520.0	distal
534.0	distal
540.0	distal
551.0	distal
565.0	distal
575.0	distal
581.0	distal
585.0	distal
591.0	distal
595.0	distal
601.0	distal
605.0	distal
611.0	distal
621.0	distal
631.0	distal
650.0	distal
732.0	distal
0.0	in_domain
194.0	distal
251.0	distal
276.0	distal
336.0	distal
450.0	distal
453.0	distal
454.0	distal
460.0	distal
470.0	distal
480.0	distal
35.0	distal
34.0	distal
40.0	distal
42.0	distal
46.0	distal
48.0	distal
51.0	distal
68.0	distal
72.0	distal
74.0	distal
77.0	distal
79.0	distal
87.0	distal
90.0	distal
729.0	distal
	no_domain_annotation
0.0	in_domain
0.0	in_domain
67.0	distal
335.0	distal
456.0	distal
93.0	inter_domain_linker
0.0	in_domain
157.0	distal
0.0	in_domain
75.0	distal
112.0	distal
67.0	distal
110.0	distal
0.0	in_domain
12.0	boundary
4.0	boundary
74.0	inter_domain_linker
0.0	in_domain
0.0	in_domain
0.0	in_domain
28.0	inter_domain_linker
0.0	in_domain
0.0	in_domain
0.0	in_domain
0.0	in_domain
0.0	in_domain
0.0	in_domain
0.0	in_domain
0.0	in_domain
0.0	in_domain
176.0	distal
48.0	inter_domain_linker
0.0	in_domain
0.0	in_domain
0.0	in_domain
0.0	in_domain
	no_domain_annotation
	no_domain_annotation
	no_domain_annotation
0.0	in_domain
0.0	in_domain
0.0	in_domain
0.0	in_domain
78.0	inter_domain_linker
0.0	in_domain
0.0	in_domain
0.0	in_domain
0.0	in_domain
0.0	in_domain
0.0	in_domain
0.0	in_domain
0.0	in_domain
0.0	in_domain
184.0	distal
27.0	distal
0.0	in_domain
0.0	in_domain
	no_domain_annotation
0.0	in_domain
0.0	in_domain
0.0	in_domain
0.0	in_domain
0.0	in_domain
0.0	in_domain
0.0	in_domain
0.0	in_domain
0.0	in_domain
0.0	in_domain
0.0	in_domain
0.0	in_domain
0.0	in_domain
3.0	boundary
5.0	boundary
10.0	boundary
13.0	boundary
51.0	distal
0.0	in_domain
0.0	in_domain
0.0	in_domain
89.0	distal
44.0	distal
31.0	distal
30.0	distal
29.0	distal
0.0	in_domain
0.0	in_domain
57.0	distal
0.0	in_domain
0.0	in_domain
13.0	boundary
0.0	in_domain
33.0	distal
24.0	distal
0.0	in_domain
0.0	in_domain
0.0	in_domain
	no_domain_annotation
0.0	in_domain
30.0	inter_domain_linker
33.0	inter_domain_linker
18.0	boundary
6.0	boundary
0.0	in_domain
0.0	in_domain
235.0	inter_domain_linker
	no_domain_annotation
35.0	inter_domain_linker
20.0	boundary
0.0	in_domain
7.0	boundary
	no_domain_annotation
	no_domain_annotation
	no_domain_annotation
	no_domain_annotation
0.0	in_domain
585.0	distal
248.0	distal
32.0	distal
10.0	boundary
604.0	distal
877.0	inter_domain_linker
652.0	inter_domain_linker
613.0	inter_domain_linker
611.0	inter_domain_linker
447.0	inter_domain_linker
0.0	in_domain
0.0	in_domain
153.0	inter_domain_linker
306.0	inter_domain_linker
0.0	in_domain
389.0	distal
139.0	inter_domain_linker
0.0	in_domain
0.0	in_domain
0.0	in_domain
0.0	in_domain
0.0	in_domain
0.0	in_domain
0.0	in_domain
0.0	in_domain
	no_domain_annotation
	no_domain_annotation
	no_domain_annotation
857.0	distal
868.0	distal
877.0	distal
906.0	distal
1073.0	distal
0.0	in_domain
0.0	in_domain
1540.0	distal
223.0	distal
486.0	distal
0.0	in_domain
595.0	distal
529.0	distal
509.0	distal
500.0	distal
427.0	distal
394.0	distal
314.0	distal
42.0	distal
120.0	distal
70.0	distal
0.0	in_domain
66.0	distal
0.0	in_domain
5.0	boundary
25.0	distal
0.0	in_domain
0.0	in_domain
243.0	inter_domain_linker
	no_domain_annotation
0.0	in_domain
0.0	in_domain
0.0	in_domain
0.0	in_domain
0.0	in_domain
0.0	in_domain
0.0	in_domain
0.0	in_domain
0.0	in_domain
2.0	boundary
53.0	distal
119.0	distal
134.0	distal
0.0	in_domain
	no_domain_annotation
0.0	in_domain
133.0	distal
10.0	boundary
177.0	distal
805.0	distal
29.0	distal
14.0	boundary
0.0	in_domain
0.0	in_domain
0.0	in_domain
0.0	in_domain
1.0	boundary
0.0	in_domain
0.0	in_domain
0.0	in_domain
0.0	in_domain
9.0	boundary
2.0	boundary
0.0	in_domain
0.0	in_domain
149.0	distal
196.0	distal
460.0	inter_domain_linker
455.0	inter_domain_linker
397.0	distal
390.0	distal
56.0	distal
41.0	distal
382.0	distal
376.0	distal
374.0	distal
369.0	distal
414.0	distal
6.0	boundary
0.0	in_domain
1.0	boundary
0.0	in_domain
0.0	in_domain
0.0	in_domain
0.0	in_domain
0.0	in_domain
0.0	in_domain
617.0	distal
616.0	distal
549.0	inter_domain_linker
418.0	inter_domain_linker
68.0	inter_domain_linker
21.0	inter_domain_linker
11.0	boundary
0.0	in_domain
0.0	in_domain
38.0	distal
88.0	inter_domain_linker
158.0	inter_domain_linker
0.0	in_domain
633.0	inter_domain_linker
634.0	inter_domain_linker
741.0	inter_domain_linker
0.0	in_domain
0.0	in_domain
41.0	inter_domain_linker
271.0	distal
270.0	distal
367.0	inter_domain_linker
	no_domain_annotation
	no_domain_annotation
593.0	distal
	no_domain_annotation
	no_domain_annotation
	no_domain_annotation
	no_domain_annotation
	no_domain_annotation
	no_domain_annotation
	no_domain_annotation
	no_domain_annotation
	no_domain_annotation
0.0	in_domain
0.0	in_domain
48.0	distal
0.0	in_domain
90.0	distal
66.0	distal
97.0	distal
0.0	in_domain
0.0	in_domain
16.0	boundary
0.0	in_domain
0.0	in_domain
2.0	boundary
27.0	inter_domain_linker
26.0	inter_domain_linker
113.0	distal
369.0	inter_domain_linker
394.0	inter_domain_linker
528.0	distal
535.0	distal
0.0	in_domain
0.0	in_domain
3.0	boundary
0.0	in_domain
0.0	in_domain
0.0	in_domain
0.0	in_domain
0.0	in_domain
603.0	distal
627.0	distal
	no_domain_annotation
	no_domain_annotation
	no_domain_annotation
0.0	in_domain
0.0	in_domain
0.0	in_domain
0.0	in_domain
0.0	in_domain
94.0	inter_domain_linker
	no_domain_annotation
	no_domain_annotation
	no_domain_annotation
27.0	distal
0.0	in_domain
0.0	in_domain
16.0	boundary
25.0	distal
39.0	distal
46.0	distal
50.0	distal
54.0	distal
55.0	distal
63.0	distal
65.0	distal
18.0	boundary
71.0	distal
78.0	distal
15.0	boundary
117.0	distal
119.0	distal
6.0	boundary
0.0	in_domain
75.0	inter_domain_linker
74.0	inter_domain_linker
73.0	inter_domain_linker
0.0	in_domain
32.0	inter_domain_linker
63.0	distal
	no_domain_annotation
9.0	boundary
0.0	in_domain
16.0	boundary
22.0	distal
0.0	in_domain
0.0	in_domain
0.0	in_domain
0.0	in_domain
	no_domain_annotation
	no_domain_annotation
0.0	in_domain
0.0	in_domain
0.0	in_domain
0.0	in_domain
0.0	in_domain
98.0	inter_domain_linker
120.0	inter_domain_linker
130.0	inter_domain_linker
305.0	inter_domain_linker
435.0	inter_domain_linker
540.0	inter_domain_linker
0.0	in_domain
30.0	distal
34.0	distal
43.0	distal
0.0	in_domain
0.0	in_domain
2.0	boundary
6.0	boundary
5.0	boundary
0.0	in_domain
0.0	in_domain
	no_domain_annotation
	no_domain_annotation
	no_domain_annotation
0.0	in_domain
0.0	in_domain
0.0	in_domain
0.0	in_domain
0.0	in_domain
0.0	in_domain
0.0	in_domain
0.0	in_domain
0.0	in_domain
0.0	in_domain
15.0	boundary
32.0	distal
53.0	distal
71.0	distal
92.0	distal
184.0	distal
0.0	in_domain
	no_domain_annotation
	no_domain_annotation
24.0	inter_domain_linker
19.0	boundary
0.0	in_domain
0.0	in_domain
83.0	distal
21.0	inter_domain_linker
20.0	boundary
186.0	distal
0.0	in_domain
8.0	boundary
0.0	in_domain
16.0	boundary
0.0	in_domain
0.0	in_domain
48.0	inter_domain_linker
	no_domain_annotation
0.0	in_domain
0.0	in_domain
0.0	in_domain
	no_domain_annotation
0.0	in_domain
0.0	in_domain
0.0	in_domain
0.0	in_domain
	no_domain_annotation
0.0	in_domain
0.0	in_domain
153.0	inter_domain_linker
2.0	boundary
0.0	in_domain
25.0	distal
0.0	in_domain
228.0	distal
234.0	distal
270.0	distal
272.0	distal
280.0	distal
299.0	distal
322.0	distal
327.0	distal
334.0	distal
370.0	distal
384.0	distal
390.0	distal
400.0	distal
418.0	distal
421.0	distal
426.0	distal
209.0	distal
217.0	distal
228.0	distal
234.0	distal
238.0	distal
0.0	in_domain
27.0	distal
25.0	distal
79.0	distal
78.0	distal
45.0	distal
23.0	distal
0.0	in_domain
106.0	inter_domain_linker
115.0	inter_domain_linker
105.0	inter_domain_linker
97.0	inter_domain_linker
62.0	inter_domain_linker
5.0	boundary
0.0	in_domain
4.0	boundary
0.0	in_domain
0.0	in_domain
	no_domain_annotation
	no_domain_annotation
3.0	boundary
5.0	boundary
37.0	distal
36.0	distal
26.0	distal
24.0	distal
	no_domain_annotation
24.0	distal
33.0	distal
22.0	distal
20.0	boundary
15.0	boundary
	no_domain_annotation
45.0	inter_domain_linker
52.0	inter_domain_linker
56.0	inter_domain_linker
60.0	inter_domain_linker
73.0	inter_domain_linker
79.0	inter_domain_linker
78.0	inter_domain_linker
60.0	inter_domain_linker
41.0	inter_domain_linker
33.0	inter_domain_linker
31.0	inter_domain_linker
20.0	boundary
15.0	boundary
125.0	inter_domain_linker
147.0	inter_domain_linker
58.0	inter_domain_linker
64.0	inter_domain_linker
204.0	inter_domain_linker
0.0	in_domain
15.0	boundary
51.0	distal
71.0	distal
168.0	distal
	no_domain_annotation
	no_domain_annotation
	no_domain_annotation
642.0	inter_domain_linker
643.0	inter_domain_linker
166.0	distal
161.0	distal
160.0	distal
157.0	distal
98.0	distal
92.0	distal
91.0	distal
72.0	distal
256.0	distal
63.0	distal
60.0	distal
41.0	distal
39.0	distal
252.0	distal
19.0	boundary
0.0	in_domain
0.0	in_domain
0.0	in_domain
234.0	distal
213.0	distal
192.0	distal
188.0	distal
0.0	in_domain
6.0	boundary
0.0	in_domain
16.0	boundary
17.0	boundary
27.0	inter_domain_linker
25.0	inter_domain_linker
0.0	in_domain
44.0	distal
56.0	distal
200.0	distal
215.0	distal
410.0	distal
365.0	distal
356.0	distal
414.0	distal
345.0	distal
338.0	distal
51.0	inter_domain_linker
	no_domain_annotation
50.0	inter_domain_linker
	no_domain_annotation
0.0	in_domain
	no_domain_annotation
	no_domain_annotation
	no_domain_annotation
88.0	inter_domain_linker
58.0	inter_domain_linker
35.0	inter_domain_linker
18.0	boundary
13.0	boundary
	no_domain_annotation
	no_domain_annotation
	no_domain_annotation
	no_domain_annotation
0.0	in_domain
0.0	in_domain
0.0	in_domain
0.0	in_domain
	no_domain_annotation
0.0	in_domain
0.0	in_domain
107.0	distal
0.0	in_domain
	no_domain_annotation
	no_domain_annotation
	no_domain_annotation
	no_domain_annotation
	no_domain_annotation
	no_domain_annotation
32.0	distal
0.0	in_domain
0.0	in_domain
0.0	in_domain
0.0	in_domain
0.0	in_domain
0.0	in_domain
82.0	distal
0.0	in_domain
0.0	in_domain
0.0	in_domain
0.0	in_domain
0.0	in_domain
0.0	in_domain
0.0	in_domain
44.0	inter_domain_linker
13.0	boundary
12.0	boundary
0.0	in_domain
0.0	in_domain
16.0	boundary
19.0	boundary
0.0	in_domain
0.0	in_domain
0.0	in_domain
18.0	boundary
0.0	in_domain
	no_domain_annotation
	no_domain_annotation
	no_domain_annotation
0.0	in_domain
0.0	in_domain
0.0	in_domain
39.0	distal
112.0	distal
0.0	in_domain
4.0	boundary
0.0	in_domain
0.0	in_domain
0.0	in_domain
0.0	in_domain
133.0	distal
	no_domain_annotation
	no_domain_annotation
	no_domain_annotation
0.0	in_domain
117.0	distal
0.0	in_domain
0.0	in_domain
7.0	boundary
33.0	inter_domain_linker
41.0	inter_domain_linker
43.0	inter_domain_linker
45.0	inter_domain_linker
55.0	inter_domain_linker
20.0	boundary
52.0	inter_domain_linker
4.0	boundary
5.0	boundary
0.0	in_domain
0.0	in_domain
0.0	in_domain
3.0	boundary
1.0	boundary
0.0	in_domain
0.0	in_domain
0.0	in_domain
	no_domain_annotation
	no_domain_annotation
0.0	in_domain
	no_domain_annotation
0.0	in_domain
0.0	in_domain
0.0	in_domain
0.0	in_domain
0.0	in_domain
0.0	in_domain
0.0	in_domain
0.0	in_domain
0.0	in_domain
0.0	in_domain
0.0	in_domain
0.0	in_domain
0.0	in_domain
0.0	in_domain
	no_domain_annotation
0.0	in_domain
1.0	boundary
0.0	in_domain
90.0	inter_domain_linker
85.0	inter_domain_linker
0.0	in_domain
	no_domain_annotation
	no_domain_annotation
	no_domain_annotation
0.0	in_domain
	no_domain_annotation
	no_domain_annotation
	no_domain_annotation
	no_domain_annotation
0.0	in_domain
1.0	boundary
448.0	distal
220.0	distal
21.0	distal
0.0	in_domain
13.0	boundary
66.0	inter_domain_linker
0.0	in_domain
0.0	in_domain
75.0	distal
237.0	distal
246.0	distal
247.0	distal
252.0	distal
265.0	distal
269.0	distal
274.0	distal
276.0	distal
281.0	distal
285.0	distal
293.0	distal
297.0	distal
301.0	distal
314.0	distal
316.0	distal
319.0	distal
328.0	distal
366.0	distal
364.0	distal
1.0	boundary
6.0	boundary
3.0	boundary
	no_domain_annotation
	no_domain_annotation
8.0	boundary
	no_domain_annotation
	no_domain_annotation
0.0	in_domain
352.0	distal
345.0	distal
338.0	distal
1497.0	distal
0.0	in_domain
0.0	in_domain
0.0	in_domain
0.0	in_domain
0.0	in_domain
0.0	in_domain
0.0	in_domain
0.0	in_domain
864.0	distal
293.0	distal
76.0	distal
575.0	distal
0.0	in_domain
0.0	in_domain
0.0	in_domain
0.0	in_domain
0.0	in_domain
4.0	boundary
103.0	distal
	no_domain_annotation
	no_domain_annotation
	no_domain_annotation
	no_domain_annotation
162.0	distal
	no_domain_annotation
453.0	distal
477.0	distal
0.0	in_domain
31.0	inter_domain_linker
630.0	distal
0.0	in_domain
0.0	in_domain
	no_domain_annotation
	no_domain_annotation
	no_domain_annotation
281.0	distal
104.0	distal
0.0	in_domain
0.0	in_domain
0.0	in_domain
0.0	in_domain
12.0	boundary
14.0	boundary
15.0	boundary
24.0	inter_domain_linker
36.0	inter_domain_linker
30.0	inter_domain_linker
0.0	in_domain
0.0	in_domain
0.0	in_domain
	no_domain_annotation
	no_domain_annotation
	no_domain_annotation
	no_domain_annotation
	no_domain_annotation
84.0	inter_domain_linker
25.0	inter_domain_linker
	no_domain_annotation
0.0	in_domain
182.0	distal
189.0	distal
38.0	distal
276.0	distal
338.0	distal
341.0	distal
362.0	distal
379.0	distal
410.0	distal
415.0	distal
	no_domain_annotation
	no_domain_annotation
	no_domain_annotation
	no_domain_annotation
	no_domain_annotation
0.0	in_domain
100.0	distal
94.0	distal
0.0	in_domain
0.0	in_domain
0.0	in_domain
7.0	boundary
1.0	boundary
12.0	boundary
17.0	boundary
	no_domain_annotation
	no_domain_annotation
	no_domain_annotation
0.0	in_domain
	no_domain_annotation
0.0	in_domain
1.0	boundary
	no_domain_annotation
46.0	distal
40.0	distal
49.0	distal
52.0	distal
57.0	distal
	no_domain_annotation
92.0	inter_domain_linker
0.0	in_domain
	no_domain_annotation
277.0	inter_domain_linker
14.0	boundary
	no_domain_annotation
0.0	in_domain
0.0	in_domain
45.0	distal
	no_domain_annotation
81.0	inter_domain_linker
0.0	in_domain
	no_domain_annotation
0.0	in_domain
0.0	in_domain
0.0	in_domain
0.0	in_domain
0.0	in_domain
0.0	in_domain
	no_domain_annotation
	no_domain_annotation
	no_domain_annotation
	no_domain_annotation
	no_domain_annotation
	no_domain_annotation
	no_domain_annotation
363.0	distal
575.0	distal
319.0	distal
308.0	distal
264.0	distal
187.0	distal
24.0	distal
0.0	in_domain
0.0	in_domain
0.0	in_domain
	no_domain_annotation
	no_domain_annotation
	no_domain_annotation
	no_domain_annotation
	no_domain_annotation
	no_domain_annotation
	no_domain_annotation
	no_domain_annotation
	no_domain_annotation
	no_domain_annotation
	no_domain_annotation
	no_domain_annotation
0.0	in_domain
115.0	distal
0.0	in_domain
90.0	distal
34.0	inter_domain_linker
7.0	boundary
0.0	in_domain
	no_domain_annotation
41.0	distal
	no_domain_annotation
	no_domain_annotation
	no_domain_annotation
	no_domain_annotation
89.0	distal
76.0	distal
0.0	in_domain
12.0	boundary
0.0	in_domain
175.0	distal
	no_domain_annotation
1522.0	distal
	no_domain_annotation
	no_domain_annotation
	no_domain_annotation
	no_domain_annotation
42.0	inter_domain_linker
0.0	in_domain
35.0	distal
	no_domain_annotation
280.0	distal
3.0	boundary
37.0	distal
32.0	inter_domain_linker
83.0	inter_domain_linker
85.0	inter_domain_linker
87.0	inter_domain_linker
0.0	in_domain
	no_domain_annotation
	no_domain_annotation
	no_domain_annotation
	no_domain_annotation
	no_domain_annotation
189.0	distal
176.0	distal
172.0	distal
165.0	distal
163.0	distal
141.0	distal
139.0	distal
126.0	distal
114.0	distal
112.0	distal
110.0	distal
79.0	distal
75.0	distal
191.0	distal
4.0	boundary
0.0	in_domain
0.0	in_domain
3865.0	distal
3836.0	distal
3835.0	distal
3833.0	distal
0.0	in_domain
248.0	distal
0.0	in_domain
464.0	distal
679.0	distal
	no_domain_annotation
	no_domain_annotation
444.0	distal
	no_domain_annotation
	no_domain_annotation
	no_domain_annotation
	no_domain_annotation
	no_domain_annotation
	no_domain_annotation
	no_domain_annotation
	no_domain_annotation
	no_domain_annotation
	no_domain_annotation
	no_domain_annotation
0.0	in_domain
	no_domain_annotation
1677.0	distal
1702.0	distal
1726.0	distal
1736.0	distal
1744.0	distal
1752.0	distal
1770.0	distal
6.0	boundary
0.0	in_domain
0.0	in_domain
0.0	in_domain
877.0	distal
879.0	distal
881.0	distal
889.0	distal
891.0	distal
909.0	distal
920.0	distal
922.0	distal
925.0	distal
1109.0	distal
1112.0	distal
1113.0	distal
0.0	in_domain
1788.0	distal
1922.0	distal
1923.0	distal
112.0	distal
125.0	distal
0.0	in_domain
485.0	distal
496.0	distal
598.0	distal
	no_domain_annotation
1.0	boundary
	no_domain_annotation
	no_domain_annotation
439.0	distal
441.0	distal
0.0	in_domain
	no_domain_annotation
	no_domain_annotation
0.0	in_domain
0.0	in_domain
0.0	in_domain
27.0	distal
49.0	distal
539.0	distal
357.0	distal
159.0	distal
	no_domain_annotation
0.0	in_domain
0.0	in_domain
16.0	boundary
18.0	boundary
23.0	inter_domain_linker
19.0	boundary
1.0	boundary
0.0	in_domain
0.0	in_domain
0.0	in_domain
0.0	in_domain
0.0	in_domain
	no_domain_annotation
	no_domain_annotation
	no_domain_annotation
82.0	distal
0.0	in_domain
	no_domain_annotation
33.0	distal
211.0	distal
212.0	distal
243.0	distal
256.0	distal
275.0	distal
553.0	distal
	no_domain_annotation
0.0	in_domain
0.0	in_domain
0.0	in_domain
0.0	in_domain
0.0	in_domain
25.0	distal
45.0	inter_domain_linker
0.0	in_domain
0.0	in_domain
0.0	in_domain
0.0	in_domain
	no_domain_annotation
	no_domain_annotation
	no_domain_annotation
0.0	in_domain
0.0	in_domain
0.0	in_domain
0.0	in_domain
92.0	distal
122.0	distal
0.0	in_domain
0.0	in_domain
3.0	boundary
	no_domain_annotation
	no_domain_annotation
	no_domain_annotation
	no_domain_annotation
9.0	boundary
	no_domain_annotation
	no_domain_annotation
	no_domain_annotation
	no_domain_annotation
	no_domain_annotation
311.0	inter_domain_linker
341.0	inter_domain_linker
0.0	in_domain
797.0	distal
	no_domain_annotation
	no_domain_annotation
	no_domain_annotation
79.0	distal
394.0	distal
	no_domain_annotation
	no_domain_annotation
	no_domain_annotation
	no_domain_annotation
154.0	distal
92.0	distal
693.0	distal
706.0	distal
716.0	distal
	no_domain_annotation
	no_domain_annotation
	no_domain_annotation
	no_domain_annotation
	no_domain_annotation
	no_domain_annotation
	no_domain_annotation
	no_domain_annotation
	no_domain_annotation
	no_domain_annotation
	no_domain_annotation
	no_domain_annotation
	no_domain_annotation
	no_domain_annotation
160.0	distal
159.0	distal
172.0	distal
37.0	inter_domain_linker
237.0	distal
520.0	distal
33.0	distal
1313.0	distal
500.0	distal
502.0	distal
543.0	distal
547.0	distal
550.0	distal
554.0	distal
2.0	boundary
	no_domain_annotation
423.0	distal
428.0	distal
51.0	distal
165.0	distal
282.0	distal
295.0	distal
205.0	distal
	no_domain_annotation
	no_domain_annotation
	no_domain_annotation
	no_domain_annotation
	no_domain_annotation
	no_domain_annotation
	no_domain_annotation
1386.0	distal
1506.0	distal
135.0	distal
617.0	distal
	no_domain_annotation
	no_domain_annotation
377.0	inter_domain_linker
356.0	inter_domain_linker
322.0	inter_domain_linker
138.0	distal
136.0	distal
46.0	distal
63.0	distal
66.0	distal
70.0	distal
74.0	distal
281.0	distal
	no_domain_annotation
41.0	distal
0.0	in_domain
0.0	in_domain
51.0	inter_domain_linker
31.0	inter_domain_linker
29.0	inter_domain_linker
24.0	inter_domain_linker
22.0	inter_domain_linker
16.0	boundary
8.0	boundary
	no_domain_annotation
	no_domain_annotation
	no_domain_annotation
57.0	distal
46.0	distal
	no_domain_annotation
0.0	in_domain
250.0	distal
254.0	distal
	no_domain_annotation
	no_domain_annotation
156.0	distal
182.0	distal
288.0	distal
293.0	distal
299.0	distal
	no_domain_annotation
	no_domain_annotation
0.0	in_domain
25.0	inter_domain_linker
23.0	inter_domain_linker
0.0	in_domain
	no_domain_annotation
	no_domain_annotation
	no_domain_annotation
645.0	distal
433.0	distal
430.0	distal
37.0	distal
250.0	distal
152.0	inter_domain_linker
130.0	distal
0.0	in_domain
1110.0	distal
1353.0	distal
159.0	distal
0.0	in_domain
	no_domain_annotation
50.0	distal
0.0	in_domain
0.0	in_domain
40.0	inter_domain_linker
60.0	inter_domain_linker
2197.0	distal
0.0	in_domain
0.0	in_domain
947.0	distal
948.0	distal
961.0	distal
968.0	distal
1021.0	distal
1198.0	distal
1206.0	distal
1215.0	distal
1217.0	distal
1255.0	distal
1266.0	distal
1269.0	distal
1273.0	distal
1275.0	distal
1281.0	distal
1296.0	distal
1305.0	distal
1311.0	distal
149.0	distal
0.0	in_domain
3.0	boundary
	no_domain_annotation
	no_domain_annotation
130.0	distal
0.0	in_domain
5.0	boundary
3.0	boundary
0.0	in_domain
0.0	in_domain
0.0	in_domain
0.0	in_domain
159.0	inter_domain_linker
0.0	in_domain
	no_domain_annotation
23.0	inter_domain_linker
136.0	inter_domain_linker
241.0	inter_domain_linker
774.0	distal
512.0	distal
629.0	distal
142.0	distal
89.0	distal
80.0	distal
28.0	distal
6.0	boundary
5.0	boundary
0.0	in_domain
	no_domain_annotation
	no_domain_annotation
	no_domain_annotation
1168.0	distal
0.0	in_domain
126.0	distal
	no_domain_annotation
	no_domain_annotation
	no_domain_annotation
	no_domain_annotation
0.0	in_domain
0.0	in_domain
0.0	in_domain
30.0	inter_domain_linker
32.0	inter_domain_linker
37.0	inter_domain_linker
27.0	inter_domain_linker
21.0	inter_domain_linker
19.0	boundary
27.0	distal
0.0	in_domain
112.0	inter_domain_linker
110.0	inter_domain_linker
5.0	boundary
388.0	distal
0.0	in_domain
70.0	inter_domain_linker
3.0	boundary
0.0	in_domain
95.0	distal
284.0	distal
0.0	in_domain
52.0	inter_domain_linker
345.0	inter_domain_linker
50.0	distal
27.0	distal
13.0	boundary
0.0	in_domain
401.0	inter_domain_linker
438.0	inter_domain_linker
417.0	inter_domain_linker
0.0	in_domain
0.0	in_domain
561.0	distal
549.0	distal
543.0	distal
423.0	distal
421.0	distal
0.0	in_domain
34.0	distal
558.0	distal
103.0	distal
71.0	distal
64.0	distal
60.0	distal
56.0	distal
54.0	distal
180.0	distal
4.0	boundary
108.0	distal
0.0	in_domain
0.0	in_domain
388.0	distal
395.0	distal
397.0	distal
428.0	distal
460.0	distal
469.0	distal
	no_domain_annotation
	no_domain_annotation
	no_domain_annotation
0.0	in_domain
264.0	distal
253.0	distal
250.0	distal
0.0	in_domain
327.0	inter_domain_linker
334.0	inter_domain_linker
339.0	inter_domain_linker
344.0	inter_domain_linker
	no_domain_annotation
0.0	in_domain
0.0	in_domain
173.0	inter_domain_linker
136.0	distal
	no_domain_annotation
	no_domain_annotation
	no_domain_annotation
	no_domain_annotation
2289.0	distal
68.0	distal
74.0	distal
283.0	distal
363.0	distal
293.0	distal
1358.0	distal
1360.0	distal
1368.0	distal
1421.0	distal
1428.0	distal
1431.0	distal
1453.0	distal
1457.0	distal
1468.0	distal
1475.0	distal
1483.0	distal
1507.0	distal
1509.0	distal
1527.0	distal
1537.0	distal
1539.0	distal
1542.0	distal
	no_domain_annotation
	no_domain_annotation
	no_domain_annotation
	no_domain_annotation
0.0	in_domain
	no_domain_annotation
0.0	in_domain
0.0	in_domain
23.0	distal
	no_domain_annotation
	no_domain_annotation
	no_domain_annotation
	no_domain_annotation
0.0	in_domain
113.0	distal
0.0	in_domain
0.0	in_domain
0.0	in_domain
0.0	in_domain
0.0	in_domain
	no_domain_annotation
	no_domain_annotation
96.0	inter_domain_linker
84.0	inter_domain_linker
83.0	inter_domain_linker
58.0	inter_domain_linker
	no_domain_annotation
	no_domain_annotation
	no_domain_annotation
24.0	distal
27.0	distal
23.0	distal
30.0	distal
132.0	distal
134.0	distal
0.0	in_domain
0.0	in_domain
13.0	boundary
0.0	in_domain
	no_domain_annotation
	no_domain_annotation
34.0	distal
195.0	distal
0.0	in_domain
32.0	inter_domain_linker
0.0	in_domain
0.0	in_domain
0.0	in_domain
0.0	in_domain
500.0	distal
1640.0	distal
1629.0	distal
1521.0	distal
0.0	in_domain
709.0	distal
85.0	distal
0.0	in_domain
0.0	in_domain
610.0	distal
604.0	distal
88.0	distal
	no_domain_annotation
	no_domain_annotation
31.0	distal
168.0	distal
177.0	distal
	no_domain_annotation
	no_domain_annotation
4.0	boundary
	no_domain_annotation
	no_domain_annotation
	no_domain_annotation
	no_domain_annotation
329.0	distal
497.0	distal
139.0	distal
5.0	boundary
46.0	distal
53.0	distal
42.0	distal
96.0	distal
19.0	boundary
0.0	in_domain
1.0	boundary
0.0	in_domain
0.0	in_domain
185.0	distal
194.0	distal
200.0	distal
355.0	distal
6.0	boundary
0.0	in_domain
0.0	in_domain
27.0	distal
	no_domain_annotation
	no_domain_annotation
	no_domain_annotation
	no_domain_annotation
	no_domain_annotation
0.0	in_domain
66.0	distal
74.0	distal
100.0	inter_domain_linker
38.0	distal
32.0	distal
24.0	distal
	no_domain_annotation
	no_domain_annotation
0.0	in_domain
27.0	inter_domain_linker
0.0	in_domain
125.0	distal
119.0	distal
93.0	distal
60.0	distal
125.0	distal
0.0	in_domain
253.0	inter_domain_linker
303.0	inter_domain_linker
361.0	distal
290.0	distal
75.0	inter_domain_linker
36.0	inter_domain_linker
29.0	inter_domain_linker
28.0	inter_domain_linker
24.0	inter_domain_linker
15.0	boundary
13.0	boundary
0.0	in_domain
0.0	in_domain
50.0	distal
54.0	inter_domain_linker
60.0	inter_domain_linker
0.0	in_domain
0.0	in_domain
0.0	in_domain
	no_domain_annotation
	no_domain_annotation
	no_domain_annotation
27.0	distal
0.0	in_domain
0.0	in_domain
83.0	distal
84.0	distal
85.0	distal
10.0	boundary
105.0	distal
108.0	distal
184.0	distal
0.0	in_domain
0.0	in_domain
0.0	in_domain
	no_domain_annotation
14.0	boundary
57.0	inter_domain_linker
0.0	in_domain
0.0	in_domain
207.0	distal
258.0	distal
71.0	distal
234.0	distal
227.0	distal
25.0	distal
27.0	inter_domain_linker
83.0	distal
81.0	distal
66.0	distal
64.0	distal
	no_domain_annotation
0.0	in_domain
0.0	in_domain
544.0	distal
541.0	distal
528.0	distal
494.0	distal
490.0	distal
377.0	distal
274.0	distal
266.0	distal
265.0	distal
0.0	in_domain
25.0	distal
	no_domain_annotation
	no_domain_annotation
	no_domain_annotation
	no_domain_annotation
157.0	distal
126.0	distal
123.0	distal
112.0	distal
63.0	distal
57.0	distal
53.0	distal
51.0	distal
49.0	distal
31.0	distal
22.0	distal
352.0	distal
30.0	inter_domain_linker
	no_domain_annotation
51.0	distal
49.0	distal
308.0	distal
311.0	distal
	no_domain_annotation
26.0	distal
5.0	boundary
17.0	boundary
51.0	inter_domain_linker
71.0	inter_domain_linker
71.0	inter_domain_linker
47.0	inter_domain_linker
46.0	inter_domain_linker
0.0	in_domain
0.0	in_domain
0.0	in_domain
0.0	in_domain
0.0	in_domain
187.0	distal
10.0	boundary
	no_domain_annotation
	no_domain_annotation
	no_domain_annotation
	no_domain_annotation
	no_domain_annotation
290.0	distal
527.0	distal
618.0	distal
570.0	distal
104.0	distal
317.0	distal
23.0	inter_domain_linker
26.0	inter_domain_linker
37.0	inter_domain_linker
31.0	inter_domain_linker
155.0	distal
0.0	in_domain
0.0	in_domain
0.0	in_domain
125.0	distal
0.0	in_domain
	no_domain_annotation
0.0	in_domain
	no_domain_annotation
	no_domain_annotation
	no_domain_annotation
	no_domain_annotation
0.0	in_domain
0.0	in_domain
0.0	in_domain
0.0	in_domain
	no_domain_annotation
	no_domain_annotation
110.0	inter_domain_linker
73.0	inter_domain_linker
62.0	inter_domain_linker
12.0	boundary
9.0	boundary
0.0	in_domain
1032.0	distal
1014.0	distal
959.0	distal
936.0	distal
864.0	distal
860.0	distal
555.0	distal
547.0	distal
226.0	distal
0.0	in_domain
	no_domain_annotation
86.0	distal
16.0	boundary
623.0	distal
358.0	distal
178.0	inter_domain_linker
186.0	inter_domain_linker
426.0	distal
415.0	distal
413.0	distal
405.0	distal
403.0	distal
384.0	distal
380.0	distal
376.0	distal
80.0	distal
0.0	in_domain
0.0	in_domain
0.0	in_domain
0.0	in_domain
0.0	in_domain
0.0	in_domain
0.0	in_domain
	no_domain_annotation
	no_domain_annotation
	no_domain_annotation
5.0	boundary
0.0	in_domain
0.0	in_domain
80.0	inter_domain_linker
46.0	inter_domain_linker
142.0	distal
129.0	distal
336.0	distal
335.0	distal
	no_domain_annotation
	no_domain_annotation
	no_domain_annotation
0.0	in_domain
55.0	distal
0.0	in_domain
0.0	in_domain
110.0	inter_domain_linker
192.0	inter_domain_linker
209.0	inter_domain_linker
318.0	inter_domain_linker
408.0	inter_domain_linker
412.0	inter_domain_linker
426.0	inter_domain_linker
574.0	distal
880.0	distal
882.0	distal
943.0	distal
1027.0	distal
78.0	distal
91.0	distal
95.0	distal
111.0	distal
117.0	distal
159.0	distal
194.0	distal
197.0	distal
213.0	distal
249.0	distal
258.0	distal
264.0	distal
639.0	distal
323.0	distal
116.0	distal
125.0	distal
0.0	in_domain
1577.0	distal
1550.0	distal
0.0	in_domain
0.0	in_domain
0.0	in_domain
0.0	in_domain
397.0	distal
	no_domain_annotation
	no_domain_annotation
465.0	distal
	no_domain_annotation
	no_domain_annotation
	no_domain_annotation
	no_domain_annotation
	no_domain_annotation
	no_domain_annotation
	no_domain_annotation
	no_domain_annotation
	no_domain_annotation
	no_domain_annotation
	no_domain_annotation
	no_domain_annotation
	no_domain_annotation
	no_domain_annotation
67.0	distal
	no_domain_annotation
	no_domain_annotation
75.0	inter_domain_linker
68.0	inter_domain_linker
0.0	in_domain
0.0	in_domain
0.0	in_domain
0.0	in_domain
	no_domain_annotation
	no_domain_annotation
	no_domain_annotation
19.0	boundary
181.0	distal
183.0	distal
301.0	distal
	no_domain_annotation
	no_domain_annotation
	no_domain_annotation
	no_domain_annotation
	no_domain_annotation
76.0	distal
	no_domain_annotation
	no_domain_annotation
0.0	in_domain
26.0	distal
17.0	boundary
41.0	distal
3.0	boundary
1.0	boundary
0.0	in_domain
0.0	in_domain
0.0	in_domain
35.0	distal
355.0	inter_domain_linker
219.0	distal
311.0	distal
67.0	distal
142.0	distal
144.0	distal
149.0	distal
202.0	distal
379.0	distal
385.0	distal
0.0	in_domain
0.0	in_domain
0.0	in_domain
	no_domain_annotation
0.0	in_domain
27.0	distal
84.0	distal
83.0	distal
91.0	distal
266.0	distal
273.0	distal
293.0	distal
0.0	in_domain
	no_domain_annotation
224.0	inter_domain_linker
256.0	inter_domain_linker
258.0	inter_domain_linker
	no_domain_annotation
0.0	in_domain
0.0	in_domain
7.0	boundary
0.0	in_domain
54.0	inter_domain_linker
0.0	in_domain
0.0	in_domain
0.0	in_domain
0.0	in_domain
2.0	boundary
0.0	in_domain
0.0	in_domain
5.0	boundary
16.0	boundary
155.0	inter_domain_linker
150.0	inter_domain_linker
145.0	inter_domain_linker
111.0	inter_domain_linker
0.0	in_domain
0.0	in_domain
0.0	in_domain
296.0	distal
51.0	inter_domain_linker
	no_domain_annotation
22.0	inter_domain_linker
112.0	inter_domain_linker
55.0	inter_domain_linker
314.0	distal
300.0	distal
165.0	distal
127.0	distal
54.0	distal
345.0	distal
332.0	distal
	no_domain_annotation
0.0	in_domain
0.0	in_domain
6.0	boundary
0.0	in_domain
0.0	in_domain
8.0	boundary
16.0	boundary
0.0	in_domain
0.0	in_domain
0.0	in_domain
0.0	in_domain
0.0	in_domain
	no_domain_annotation
0.0	in_domain
0.0	in_domain
55.0	distal
64.0	distal
0.0	in_domain
0.0	in_domain
0.0	in_domain
98.0	inter_domain_linker
514.0	inter_domain_linker
32.0	distal
36.0	distal
	no_domain_annotation
	no_domain_annotation
	no_domain_annotation
0.0	in_domain
0.0	in_domain
7.0	boundary
52.0	inter_domain_linker
0.0	in_domain
76.0	distal
18.0	boundary
5.0	boundary
	no_domain_annotation
0.0	in_domain
0.0	in_domain
0.0	in_domain
0.0	in_domain
	no_domain_annotation
	no_domain_annotation
0.0	in_domain
0.0	in_domain
0.0	in_domain
759.0	distal
1602.0	distal
1597.0	distal
	no_domain_annotation
0.0	in_domain
1.0	boundary
	no_domain_annotation
	no_domain_annotation
	no_domain_annotation
	no_domain_annotation
	no_domain_annotation
0.0	in_domain
146.0	inter_domain_linker
311.0	distal
281.0	distal
256.0	distal
0.0	in_domain
741.0	distal
446.0	distal
0.0	in_domain
40.0	distal
0.0	in_domain
0.0	in_domain
2.0	boundary
19.0	boundary
0.0	in_domain
0.0	in_domain
0.0	in_domain
	no_domain_annotation
	no_domain_annotation
	no_domain_annotation
139.0	distal
146.0	distal
401.0	distal
0.0	in_domain
60.0	inter_domain_linker
109.0	inter_domain_linker
111.0	inter_domain_linker
113.0	inter_domain_linker
143.0	inter_domain_linker
6.0	boundary
0.0	in_domain
59.0	inter_domain_linker
0.0	in_domain
0.0	in_domain
248.0	distal
	no_domain_annotation
	no_domain_annotation
0.0	in_domain
0.0	in_domain
0.0	in_domain
3.0	boundary
	no_domain_annotation
	no_domain_annotation
	no_domain_annotation
	no_domain_annotation
247.0	distal
589.0	distal
0.0	in_domain
0.0	in_domain
328.0	distal
1531.0	distal
46.0	inter_domain_linker
53.0	inter_domain_linker
62.0	inter_domain_linker
65.0	inter_domain_linker
3.0	boundary
	no_domain_annotation
	no_domain_annotation
48.0	distal
0.0	in_domain
98.0	distal
11.0	boundary
167.0	distal
197.0	distal
198.0	distal
205.0	distal
209.0	distal
420.0	distal
422.0	distal
552.0	distal
567.0	distal
	no_domain_annotation
30.0	distal
187.0	distal
0.0	in_domain
	no_domain_annotation
	no_domain_annotation
221.0	inter_domain_linker
865.0	inter_domain_linker
921.0	inter_domain_linker
1002.0	inter_domain_linker
881.0	inter_domain_linker
870.0	inter_domain_linker
856.0	inter_domain_linker
179.0	inter_domain_linker
0.0	in_domain
0.0	in_domain
0.0	in_domain
0.0	in_domain
0.0	in_domain
0.0	in_domain
0.0	in_domain
77.0	distal
0.0	in_domain
924.0	distal
0.0	in_domain
6.0	boundary
0.0	in_domain
0.0	in_domain
	no_domain_annotation
	no_domain_annotation
	no_domain_annotation
0.0	in_domain
0.0	in_domain
37.0	inter_domain_linker
3.0	boundary
0.0	in_domain
	no_domain_annotation
	no_domain_annotation
341.0	distal
340.0	distal
257.0	distal
251.0	distal
243.0	distal
211.0	distal
198.0	distal
190.0	distal
170.0	distal
158.0	distal
130.0	distal
123.0	distal
89.0	distal
401.0	distal
53.0	distal
16.0	boundary
135.0	inter_domain_linker
95.0	inter_domain_linker
289.0	distal
302.0	distal
	no_domain_annotation
0.0	in_domain
34.0	distal
27.0	distal
25.0	distal
0.0	in_domain
76.0	distal
15.0	boundary
155.0	distal
0.0	in_domain
149.0	distal
0.0	in_domain
148.0	distal
0.0	in_domain
0.0	in_domain
147.0	distal
2.0	boundary
10.0	boundary
14.0	boundary
16.0	boundary
18.0	boundary
20.0	boundary
28.0	distal
30.0	distal
38.0	distal
40.0	distal
42.0	distal
45.0	distal
47.0	distal
49.0	distal
	no_domain_annotation
0.0	in_domain
9.0	boundary
0.0	in_domain
33.0	distal
18.0	boundary
2.0	boundary
0.0	in_domain
	no_domain_annotation
	no_domain_annotation
22.0	inter_domain_linker
41.0	inter_domain_linker
44.0	inter_domain_linker
50.0	inter_domain_linker
54.0	inter_domain_linker
61.0	inter_domain_linker
76.0	inter_domain_linker
10.0	boundary
1079.0	distal
404.0	distal
382.0	distal
235.0	distal
233.0	distal
191.0	distal
127.0	distal
	no_domain_annotation
	no_domain_annotation
1007.0	distal
161.0	distal
170.0	distal
178.0	distal
236.0	distal
243.0	distal
248.0	distal
389.0	distal
562.0	distal
276.0	inter_domain_linker
387.0	inter_domain_linker
389.0	inter_domain_linker
31.0	inter_domain_linker
33.0	inter_domain_linker
51.0	inter_domain_linker
74.0	inter_domain_linker
78.0	inter_domain_linker
99.0	inter_domain_linker
	no_domain_annotation
124.0	distal
	no_domain_annotation
213.0	distal
0.0	in_domain
0.0	in_domain
	no_domain_annotation
	no_domain_annotation
0.0	in_domain
0.0	in_domain
0.0	in_domain
0.0	in_domain
0.0	in_domain
0.0	in_domain
0.0	in_domain
83.0	distal
75.0	distal
68.0	distal
56.0	distal
50.0	distal
48.0	distal
43.0	distal
35.0	distal
33.0	distal
0.0	in_domain
0.0	in_domain
0.0	in_domain
0.0	in_domain
1.0	boundary
0.0	in_domain
378.0	distal
175.0	inter_domain_linker
	no_domain_annotation
0.0	in_domain
0.0	in_domain
9.0	boundary
	no_domain_annotation
	no_domain_annotation
	no_domain_annotation
0.0	in_domain
0.0	in_domain
0.0	in_domain
0.0	in_domain
0.0	in_domain
0.0	in_domain
520.0	distal
515.0	distal
117.0	inter_domain_linker
87.0	distal
0.0	in_domain
0.0	in_domain
61.0	inter_domain_linker
33.0	distal
	no_domain_annotation
	no_domain_annotation
	no_domain_annotation
	no_domain_annotation
	no_domain_annotation
	no_domain_annotation
	no_domain_annotation
	no_domain_annotation
	no_domain_annotation
	no_domain_annotation
	no_domain_annotation
	no_domain_annotation
	no_domain_annotation
	no_domain_annotation
	no_domain_annotation
	no_domain_annotation
	no_domain_annotation
	no_domain_annotation
	no_domain_annotation
	no_domain_annotation
	no_domain_annotation
	no_domain_annotation
	no_domain_annotation
	no_domain_annotation
	no_domain_annotation
	no_domain_annotation
	no_domain_annotation
	no_domain_annotation
	no_domain_annotation
	no_domain_annotation
	no_domain_annotation
	no_domain_annotation
	no_domain_annotation
57.0	distal
242.0	distal
84.0	distal
190.0	inter_domain_linker
0.0	in_domain
	no_domain_annotation
44.0	distal
347.0	distal
33.0	distal
76.0	inter_domain_linker
69.0	inter_domain_linker
241.0	distal
41.0	distal
182.0	distal
186.0	distal
243.0	distal
0.0	in_domain
	no_domain_annotation
	no_domain_annotation
35.0	inter_domain_linker
114.0	distal
0.0	in_domain
73.0	distal
522.0	distal
0.0	in_domain
0.0	in_domain
203.0	distal
0.0	in_domain
34.0	inter_domain_linker
46.0	inter_domain_linker
70.0	inter_domain_linker
79.0	inter_domain_linker
94.0	inter_domain_linker
106.0	inter_domain_linker
114.0	inter_domain_linker
81.0	distal
88.0	distal
63.0	distal
3.0	boundary
59.0	distal
77.0	distal
117.0	distal
0.0	in_domain
939.0	distal
948.0	distal
2098.0	distal
517.0	distal
73.0	distal
61.0	inter_domain_linker
20.0	boundary
8.0	boundary
0.0	in_domain
0.0	in_domain
14.0	boundary
18.0	boundary
0.0	in_domain
1026.0	distal
1040.0	distal
310.0	distal
953.0	distal
949.0	distal
0.0	in_domain
0.0	in_domain
0.0	in_domain
13.0	boundary
249.0	distal
0.0	in_domain
0.0	in_domain
	no_domain_annotation
14.0	boundary
8.0	boundary
40.0	distal
0.0	in_domain
	no_domain_annotation
69.0	distal
	no_domain_annotation
	no_domain_annotation
	no_domain_annotation
	no_domain_annotation
	no_domain_annotation
22.0	distal
58.0	distal
61.0	distal
2465.0	distal
133.0	distal
150.0	distal
5013.0	distal
0.0	in_domain
759.0	inter_domain_linker
371.0	inter_domain_linker
304.0	inter_domain_linker
0.0	in_domain
0.0	in_domain
0.0	in_domain
	no_domain_annotation
191.0	distal
0.0	in_domain
319.0	distal
	no_domain_annotation
	no_domain_annotation
53.0	inter_domain_linker
40.0	inter_domain_linker
32.0	inter_domain_linker
17.0	boundary
352.0	distal
11.0	boundary
25.0	distal
	no_domain_annotation
	no_domain_annotation
	no_domain_annotation
	no_domain_annotation
	no_domain_annotation
49.0	distal
48.0	distal
59.0	distal
662.0	inter_domain_linker
648.0	inter_domain_linker
637.0	inter_domain_linker
605.0	inter_domain_linker
158.0	inter_domain_linker
538.0	distal
1245.0	distal
166.0	distal
59.0	inter_domain_linker
61.0	inter_domain_linker
86.0	inter_domain_linker
295.0	distal
0.0	in_domain
5.0	boundary
71.0	distal
	no_domain_annotation
127.0	inter_domain_linker
122.0	inter_domain_linker
91.0	inter_domain_linker
87.0	inter_domain_linker
78.0	inter_domain_linker
73.0	inter_domain_linker
67.0	inter_domain_linker
0.0	in_domain
0.0	in_domain
0.0	in_domain
28.0	inter_domain_linker
1.0	boundary
7.0	boundary
17.0	boundary
654.0	distal
651.0	distal
	no_domain_annotation
	no_domain_annotation
	no_domain_annotation
	no_domain_annotation
	no_domain_annotation
	no_domain_annotation
	no_domain_annotation
68.0	distal
0.0	in_domain
31.0	distal
0.0	in_domain
62.0	distal
494.0	distal
	no_domain_annotation
22.0	distal
24.0	distal
32.0	distal
33.0	distal
383.0	distal
375.0	distal
373.0	distal
50.0	inter_domain_linker
143.0	distal
80.0	inter_domain_linker
96.0	inter_domain_linker
0.0	in_domain
37.0	distal
44.0	distal
0.0	in_domain
	no_domain_annotation
0.0	in_domain
242.0	inter_domain_linker
	no_domain_annotation
0.0	in_domain
0.0	in_domain
0.0	in_domain
0.0	in_domain
0.0	in_domain
0.0	in_domain
2.0	boundary
0.0	in_domain
73.0	distal
	no_domain_annotation
	no_domain_annotation
	no_domain_annotation
	no_domain_annotation
0.0	in_domain
6.0	boundary
193.0	inter_domain_linker
192.0	inter_domain_linker
185.0	inter_domain_linker
184.0	inter_domain_linker
176.0	inter_domain_linker
169.0	inter_domain_linker
168.0	inter_domain_linker
160.0	inter_domain_linker
153.0	inter_domain_linker
152.0	inter_domain_linker
137.0	inter_domain_linker
10.0	boundary
12.0	boundary
	no_domain_annotation
	no_domain_annotation
20.0	boundary
32.0	distal
153.0	distal
187.0	inter_domain_linker
29.0	distal
166.0	distal
171.0	distal
275.0	distal
290.0	distal
	no_domain_annotation
252.0	inter_domain_linker
268.0	inter_domain_linker
39.0	distal
33.0	distal
2.0	boundary
127.0	distal
41.0	distal
	no_domain_annotation
	no_domain_annotation
	no_domain_annotation
0.0	in_domain
0.0	in_domain
0.0	in_domain
	no_domain_annotation
0.0	in_domain
76.0	distal
101.0	distal
113.0	distal
120.0	distal
124.0	distal
0.0	in_domain
0.0	in_domain
0.0	in_domain
43.0	distal
15.0	boundary
0.0	in_domain
21.0	distal
39.0	distal
0.0	in_domain
8.0	boundary
125.0	inter_domain_linker
76.0	inter_domain_linker
339.0	distal
0.0	in_domain
0.0	in_domain
293.0	distal
0.0	in_domain
0.0	in_domain
57.0	inter_domain_linker
32.0	distal
30.0	distal
16.0	boundary
0.0	in_domain
0.0	in_domain
149.0	distal
	no_domain_annotation
9.0	boundary
19.0	boundary
18.0	boundary
12.0	boundary
149.0	inter_domain_linker
29.0	distal
0.0	in_domain
0.0	in_domain
223.0	distal
	no_domain_annotation
	no_domain_annotation
	no_domain_annotation
	no_domain_annotation
	no_domain_annotation
20.0	boundary
82.0	inter_domain_linker
89.0	inter_domain_linker
91.0	inter_domain_linker
	no_domain_annotation
39.0	distal
68.0	inter_domain_linker
72.0	inter_domain_linker
94.0	inter_domain_linker
106.0	inter_domain_linker
0.0	in_domain
305.0	distal
0.0	in_domain
0.0	in_domain
	no_domain_annotation
	no_domain_annotation
	no_domain_annotation
	no_domain_annotation
	no_domain_annotation
	no_domain_annotation
615.0	distal
611.0	distal
539.0	distal
16.0	boundary
15.0	boundary
81.0	distal
87.0	inter_domain_linker
0.0	in_domain
0.0	in_domain
0.0	in_domain
326.0	distal
330.0	distal
194.0	inter_domain_linker
0.0	in_domain
0.0	in_domain
0.0	in_domain
26.0	distal
245.0	distal
249.0	distal
289.0	distal
	no_domain_annotation
	no_domain_annotation
23.0	inter_domain_linker
0.0	in_domain
0.0	in_domain
1.0	boundary
208.0	distal
198.0	distal
164.0	distal
156.0	distal
101.0	distal
434.0	distal
323.0	distal
328.0	distal
0.0	in_domain
0.0	in_domain
0.0	in_domain
0.0	in_domain
0.0	in_domain
212.0	inter_domain_linker
220.0	inter_domain_linker
349.0	inter_domain_linker
0.0	in_domain
0.0	in_domain
	no_domain_annotation
0.0	in_domain
0.0	in_domain
	no_domain_annotation
0.0	in_domain
22.0	distal
25.0	distal
	no_domain_annotation
138.0	inter_domain_linker
182.0	inter_domain_linker
213.0	inter_domain_linker
0.0	in_domain
	no_domain_annotation
	no_domain_annotation
8.0	boundary
6.0	boundary
81.0	distal
4.0	boundary
26.0	distal
60.0	distal
63.0	distal
	no_domain_annotation
	no_domain_annotation
135.0	distal
77.0	distal
0.0	in_domain
57.0	inter_domain_linker
11.0	boundary
	no_domain_annotation
	no_domain_annotation
	no_domain_annotation
	no_domain_annotation
	no_domain_annotation
	no_domain_annotation
0.0	in_domain
	no_domain_annotation
3.0	boundary
2.0	boundary
	no_domain_annotation
	no_domain_annotation
	no_domain_annotation
	no_domain_annotation
	no_domain_annotation
20.0	boundary
	no_domain_annotation
	no_domain_annotation
	no_domain_annotation
64.0	distal
0.0	in_domain
736.0	distal
187.0	distal
185.0	distal
209.0	distal
	no_domain_annotation
	no_domain_annotation
	no_domain_annotation
	no_domain_annotation
	no_domain_annotation
64.0	distal
10.0	boundary
	no_domain_annotation
	no_domain_annotation
0.0	in_domain
26.0	inter_domain_linker
	no_domain_annotation
	no_domain_annotation
33.0	distal
31.0	distal
26.0	distal
	no_domain_annotation
65.0	inter_domain_linker
0.0	in_domain
3.0	boundary
25.0	inter_domain_linker
27.0	inter_domain_linker
	no_domain_annotation
0.0	in_domain
2.0	boundary
	no_domain_annotation
	no_domain_annotation
0.0	in_domain
230.0	distal
28.0	distal
12.0	boundary
10.0	boundary
0.0	in_domain
0.0	in_domain
0.0	in_domain
0.0	in_domain
	no_domain_annotation
71.0	distal
760.0	distal
0.0	in_domain
24.0	inter_domain_linker
36.0	distal
34.0	distal
0.0	in_domain
0.0	in_domain
	no_domain_annotation
280.0	distal
	no_domain_annotation
	no_domain_annotation
	no_domain_annotation
	no_domain_annotation
	no_domain_annotation
	no_domain_annotation
	no_domain_annotation
	no_domain_annotation
2.0	boundary
0.0	in_domain
0.0	in_domain
0.0	in_domain
0.0	in_domain
0.0	in_domain
4.0	boundary
9.0	boundary
12.0	boundary
14.0	boundary
19.0	boundary
17.0	boundary
14.0	boundary
12.0	boundary
8.0	boundary
1.0	boundary
0.0	in_domain
0.0	in_domain
0.0	in_domain
0.0	in_domain
50.0	distal
53.0	distal
56.0	distal
59.0	distal
62.0	distal
0.0	in_domain
66.0	inter_domain_linker
0.0	in_domain
76.0	inter_domain_linker
88.0	inter_domain_linker
104.0	inter_domain_linker
242.0	distal
17.0	boundary
0.0	in_domain
	no_domain_annotation
	no_domain_annotation
	no_domain_annotation
	no_domain_annotation
	no_domain_annotation
	no_domain_annotation
	no_domain_annotation
	no_domain_annotation
	no_domain_annotation
	no_domain_annotation
	no_domain_annotation
	no_domain_annotation
394.0	distal
0.0	in_domain
0.0	in_domain
0.0	in_domain
56.0	inter_domain_linker
10.0	boundary
47.0	distal
59.0	distal
0.0	in_domain
0.0	in_domain
0.0	in_domain
0.0	in_domain
	no_domain_annotation
	no_domain_annotation
	no_domain_annotation
	no_domain_annotation
0.0	in_domain
	no_domain_annotation
	no_domain_annotation
	no_domain_annotation
	no_domain_annotation
0.0	in_domain
0.0	in_domain
20.0	boundary
10.0	boundary
12.0	boundary
26.0	inter_domain_linker
15.0	boundary
14.0	boundary
5.0	boundary
0.0	in_domain
1.0	boundary
10.0	boundary
12.0	boundary
27.0	distal
42.0	distal
45.0	distal
56.0	distal
	no_domain_annotation
	no_domain_annotation
	no_domain_annotation
	no_domain_annotation
	no_domain_annotation
	no_domain_annotation
	no_domain_annotation
0.0	in_domain
0.0	in_domain
2.0	boundary
9.0	boundary
79.0	distal
42.0	distal
	no_domain_annotation
	no_domain_annotation
0.0	in_domain
27.0	inter_domain_linker
29.0	inter_domain_linker
	no_domain_annotation
	no_domain_annotation
0.0	in_domain
132.0	distal
0.0	in_domain
601.0	distal
605.0	distal
	no_domain_annotation
0.0	in_domain
0.0	in_domain
	no_domain_annotation
77.0	distal
728.0	distal
724.0	distal
234.0	distal
199.0	distal
498.0	inter_domain_linker
513.0	inter_domain_linker
515.0	inter_domain_linker
522.0	inter_domain_linker
527.0	inter_domain_linker
554.0	inter_domain_linker
564.0	inter_domain_linker
576.0	inter_domain_linker
731.0	inter_domain_linker
741.0	inter_domain_linker
856.0	inter_domain_linker
858.0	inter_domain_linker
883.0	inter_domain_linker
890.0	inter_domain_linker
896.0	inter_domain_linker
260.0	inter_domain_linker
254.0	inter_domain_linker
243.0	inter_domain_linker
237.0	inter_domain_linker
66.0	inter_domain_linker
0.0	in_domain
0.0	in_domain
0.0	in_domain
311.0	distal
177.0	distal
160.0	distal
113.0	distal
0.0	in_domain
923.0	distal
1033.0	distal
0.0	in_domain
113.0	inter_domain_linker
215.0	inter_domain_linker
374.0	inter_domain_linker
337.0	inter_domain_linker
649.0	distal
541.0	distal
528.0	distal
496.0	distal
488.0	distal
0.0	in_domain
0.0	in_domain
0.0	in_domain
0.0	in_domain
0.0	in_domain
0.0	in_domain
	no_domain_annotation
	no_domain_annotation
6.0	boundary
110.0	inter_domain_linker
	no_domain_annotation
	no_domain_annotation
	no_domain_annotation
	no_domain_annotation
	no_domain_annotation
	no_domain_annotation
0.0	in_domain
0.0	in_domain
0.0	in_domain
0.0	in_domain
0.0	in_domain
0.0	in_domain
61.0	distal
0.0	in_domain
0.0	in_domain
	no_domain_annotation
0.0	in_domain
	no_domain_annotation
184.0	distal
195.0	distal
	no_domain_annotation
	no_domain_annotation
	no_domain_annotation
0.0	in_domain
0.0	in_domain
0.0	in_domain
	no_domain_annotation
	no_domain_annotation
	no_domain_annotation
	no_domain_annotation
	no_domain_annotation
	no_domain_annotation
	no_domain_annotation
0.0	in_domain
	no_domain_annotation
	no_domain_annotation
	no_domain_annotation
	no_domain_annotation
	no_domain_annotation
	no_domain_annotation
	no_domain_annotation
	no_domain_annotation
	no_domain_annotation
	no_domain_annotation
	no_domain_annotation
	no_domain_annotation
14.0	boundary
15.0	boundary
1.0	boundary
0.0	in_domain
0.0	in_domain
8.0	boundary
16.0	boundary
12.0	boundary
42.0	distal
49.0	distal
252.0	distal
244.0	distal
32.0	distal
12.0	boundary
10.0	boundary
0.0	in_domain
81.0	distal
102.0	distal
	no_domain_annotation
	no_domain_annotation
4.0	boundary
	no_domain_annotation
	no_domain_annotation
0.0	in_domain
	no_domain_annotation
0.0	in_domain
191.0	distal
179.0	distal
261.0	distal
0.0	in_domain
1.0	boundary
48.0	distal
54.0	distal
0.0	in_domain
16.0	boundary
0.0	in_domain
0.0	in_domain
0.0	in_domain
416.0	inter_domain_linker
418.0	inter_domain_linker
471.0	inter_domain_linker
114.0	distal
421.0	distal
41.0	distal
48.0	distal
145.0	distal
	no_domain_annotation
0.0	in_domain
0.0	in_domain
0.0	in_domain
0.0	in_domain
46.0	distal
0.0	in_domain
0.0	in_domain
279.0	distal
692.0	distal
685.0	distal
64.0	inter_domain_linker
99.0	inter_domain_linker
114.0	inter_domain_linker
113.0	inter_domain_linker
99.0	inter_domain_linker
87.0	inter_domain_linker
72.0	inter_domain_linker
50.0	inter_domain_linker
28.0	distal
46.0	distal
70.0	distal
94.0	distal
0.0	in_domain
0.0	in_domain
0.0	in_domain
0.0	in_domain
357.0	distal
51.0	inter_domain_linker
421.0	distal
364.0	distal
0.0	in_domain
51.0	distal
	no_domain_annotation
	no_domain_annotation
	no_domain_annotation
1267.0	distal
1263.0	distal
1394.0	distal
151.0	inter_domain_linker
148.0	inter_domain_linker
4.0	boundary
0.0	in_domain
	no_domain_annotation
	no_domain_annotation
0.0	in_domain
69.0	distal
	no_domain_annotation
	no_domain_annotation
	no_domain_annotation
6.0	boundary
79.0	distal
83.0	distal
29.0	inter_domain_linker
	no_domain_annotation
	no_domain_annotation
	no_domain_annotation
	no_domain_annotation
0.0	in_domain
0.0	in_domain
0.0	in_domain
0.0	in_domain
0.0	in_domain
0.0	in_domain
0.0	in_domain
8.0	boundary
9.0	boundary
23.0	inter_domain_linker
21.0	inter_domain_linker
9.0	boundary
206.0	inter_domain_linker
10.0	boundary
13.0	boundary
30.0	inter_domain_linker
0.0	in_domain
353.0	distal
0.0	in_domain
0.0	in_domain
0.0	in_domain
0.0	in_domain
495.0	distal
589.0	distal
599.0	distal
0.0	in_domain
0.0	in_domain
0.0	in_domain
44.0	inter_domain_linker
	no_domain_annotation
283.0	distal
197.0	inter_domain_linker
185.0	inter_domain_linker
27.0	inter_domain_linker
	no_domain_annotation
182.0	inter_domain_linker
58.0	distal
231.0	distal
249.0	distal
260.0	distal
295.0	distal
0.0	in_domain
369.0	distal
0.0	in_domain
0.0	in_domain
	no_domain_annotation
	no_domain_annotation
	no_domain_annotation
0.0	in_domain
	no_domain_annotation
	no_domain_annotation
0.0	in_domain
0.0	in_domain
0.0	in_domain
117.0	distal
119.0	distal
123.0	distal
125.0	distal
0.0	in_domain
2.0	boundary
11.0	boundary
514.0	distal
509.0	distal
494.0	distal
489.0	distal
487.0	distal
476.0	distal
471.0	distal
464.0	distal
451.0	distal
446.0	distal
431.0	distal
426.0	distal
396.0	distal
388.0	distal
309.0	distal
287.0	distal
269.0	distal
265.0	distal
242.0	distal
231.0	distal
565.0	distal
562.0	distal
549.0	distal
545.0	distal
264.0	distal
722.0	distal
709.0	distal
685.0	distal
678.0	distal
102.0	distal
730.0	distal
0.0	in_domain
0.0	in_domain
0.0	in_domain
0.0	in_domain
44.0	distal
56.0	distal
66.0	distal
	no_domain_annotation
	no_domain_annotation
131.0	inter_domain_linker
	no_domain_annotation
181.0	distal
	no_domain_annotation
	no_domain_annotation
	no_domain_annotation
	no_domain_annotation
	no_domain_annotation
	no_domain_annotation
0.0	in_domain
	no_domain_annotation
	no_domain_annotation
57.0	distal
	no_domain_annotation
	no_domain_annotation
	no_domain_annotation
124.0	inter_domain_linker
22.0	inter_domain_linker
0.0	in_domain
13.0	boundary
127.0	inter_domain_linker
120.0	inter_domain_linker
22.0	distal
24.0	distal
28.0	distal
32.0	distal
37.0	distal
40.0	distal
49.0	distal
66.0	distal
81.0	distal
84.0	distal
95.0	distal
206.0	distal
213.0	distal
355.0	distal
49.0	distal
30.0	distal
0.0	in_domain
381.0	distal
383.0	distal
115.0	inter_domain_linker
130.0	inter_domain_linker
43.0	distal
0.0	in_domain
0.0	in_domain
0.0	in_domain
0.0	in_domain
5.0	boundary
7.0	boundary
231.0	inter_domain_linker
240.0	distal
247.0	distal
0.0	in_domain
19.0	boundary
8.0	boundary
17.0	boundary
227.0	inter_domain_linker
231.0	inter_domain_linker
238.0	inter_domain_linker
	no_domain_annotation
70.0	distal
0.0	in_domain
58.0	distal
93.0	distal
112.0	distal
119.0	distal
77.0	distal
227.0	distal
240.0	distal
0.0	in_domain
96.0	inter_domain_linker
216.0	distal
1772.0	distal
149.0	distal
40.0	inter_domain_linker
49.0	inter_domain_linker
64.0	inter_domain_linker
77.0	inter_domain_linker
86.0	inter_domain_linker
83.0	inter_domain_linker
24.0	distal
55.0	distal
66.0	distal
73.0	distal
117.0	distal
0.0	in_domain
0.0	in_domain
	no_domain_annotation
0.0	in_domain
0.0	in_domain
0.0	in_domain
2.0	boundary
	no_domain_annotation
	no_domain_annotation
	no_domain_annotation
	no_domain_annotation
	no_domain_annotation
	no_domain_annotation
	no_domain_annotation
	no_domain_annotation
	no_domain_annotation
	no_domain_annotation
	no_domain_annotation
	no_domain_annotation
207.0	distal
219.0	distal
39.0	distal
0.0	in_domain
0.0	in_domain
0.0	in_domain
276.0	distal
923.0	distal
937.0	distal
1083.0	distal
54.0	inter_domain_linker
0.0	in_domain
19.0	boundary
0.0	in_domain
0.0	in_domain
153.0	distal
83.0	inter_domain_linker
0.0	in_domain
0.0	in_domain
	no_domain_annotation
104.0	distal
0.0	in_domain
0.0	in_domain
0.0	in_domain
8.0	boundary
0.0	in_domain
	no_domain_annotation
	no_domain_annotation
0.0	in_domain
0.0	in_domain
0.0	in_domain
0.0	in_domain
0.0	in_domain
	no_domain_annotation
462.0	distal
472.0	distal
480.0	distal
513.0	distal
211.0	distal
	no_domain_annotation
105.0	inter_domain_linker
0.0	in_domain
381.0	distal
188.0	distal
180.0	distal
38.0	distal
	no_domain_annotation
	no_domain_annotation
	no_domain_annotation
102.0	distal
	no_domain_annotation
71.0	distal
407.0	distal
436.0	distal
441.0	distal
450.0	distal
518.0	distal
528.0	distal
562.0	distal
566.0	distal
571.0	distal
573.0	distal
246.0	distal
2.0	boundary
0.0	in_domain
0.0	in_domain
0.0	in_domain
24.0	distal
0.0	in_domain
247.0	distal
0.0	in_domain
177.0	distal
63.0	distal
78.0	distal
86.0	distal
103.0	distal
122.0	distal
152.0	distal
154.0	distal
212.0	distal
282.0	distal
0.0	in_domain
33.0	inter_domain_linker
263.0	distal
309.0	distal
278.0	inter_domain_linker
12.0	boundary
8.0	boundary
102.0	inter_domain_linker
397.0	distal
249.0	distal
248.0	distal
241.0	distal
	no_domain_annotation
	no_domain_annotation
0.0	in_domain
204.0	distal
0.0	in_domain
	no_domain_annotation
	no_domain_annotation
77.0	distal
75.0	distal
14.0	boundary
53.0	distal
0.0	in_domain
292.0	distal
294.0	distal
309.0	distal
	no_domain_annotation
0.0	in_domain
169.0	distal
47.0	distal
0.0	in_domain
0.0	in_domain
0.0	in_domain
0.0	in_domain
0.0	in_domain
8.0	boundary
539.0	distal
0.0	in_domain
129.0	distal
127.0	distal
240.0	distal
253.0	distal
68.0	inter_domain_linker
0.0	in_domain
47.0	inter_domain_linker
75.0	inter_domain_linker
101.0	inter_domain_linker
1099.0	distal
1111.0	distal
1225.0	distal
	no_domain_annotation
70.0	distal
59.0	distal
49.0	distal
47.0	distal
39.0	distal
28.0	distal
18.0	boundary
0.0	in_domain
1.0	boundary
6.0	boundary
14.0	boundary
17.0	boundary
11.0	boundary
5.0	boundary
0.0	in_domain
0.0	in_domain
3.0	boundary
10.0	boundary
12.0	boundary
18.0	boundary
21.0	distal
30.0	distal
46.0	distal
56.0	distal
65.0	distal
74.0	distal
82.0	distal
90.0	distal
98.0	distal
105.0	distal
113.0	distal
120.0	distal
127.0	distal
134.0	distal
143.0	distal
150.0	distal
160.0	distal
168.0	distal
177.0	distal
185.0	distal
195.0	distal
	no_domain_annotation
	no_domain_annotation
0.0	in_domain
290.0	distal
	no_domain_annotation
9.0	boundary
0.0	in_domain
0.0	in_domain
0.0	in_domain
0.0	in_domain
0.0	in_domain
0.0	in_domain
0.0	in_domain
0.0	in_domain
3.0	boundary
12.0	boundary
16.0	boundary
34.0	distal
35.0	distal
53.0	distal
41.0	distal
132.0	distal
176.0	distal
28.0	distal
21.0	distal
19.0	boundary
17.0	boundary
15.0	boundary
	no_domain_annotation
0.0	in_domain
132.0	inter_domain_linker
162.0	inter_domain_linker
63.0	distal
89.0	distal
0.0	in_domain
0.0	in_domain
0.0	in_domain
0.0	in_domain
0.0	in_domain
115.0	distal
8.0	boundary
0.0	in_domain
0.0	in_domain
14.0	boundary
35.0	distal
0.0	in_domain
0.0	in_domain
0.0	in_domain
0.0	in_domain
0.0	in_domain
127.0	distal
76.0	distal
71.0	distal
111.0	distal
0.0	in_domain
0.0	in_domain
0.0	in_domain
202.0	distal
190.0	distal
188.0	distal
174.0	distal
302.0	distal
59.0	distal
71.0	distal
83.0	distal
133.0	distal
143.0	distal
233.0	distal
225.0	distal
	no_domain_annotation
	no_domain_annotation
	no_domain_annotation
	no_domain_annotation
0.0	in_domain
1.0	boundary
7.0	boundary
0.0	in_domain
0.0	in_domain
0.0	in_domain
0.0	in_domain
3.0	boundary
12.0	boundary
10.0	boundary
8.0	boundary
0.0	in_domain
0.0	in_domain
73.0	distal
0.0	in_domain
0.0	in_domain
	no_domain_annotation
	no_domain_annotation
77.0	inter_domain_linker
79.0	inter_domain_linker
27.0	distal
66.0	inter_domain_linker
234.0	distal
319.0	distal
	no_domain_annotation
4.0	boundary
31.0	distal
0.0	in_domain
0.0	in_domain
0.0	in_domain
5.0	boundary
0.0	in_domain
0.0	in_domain
	no_domain_annotation
	no_domain_annotation
28.0	inter_domain_linker
0.0	in_domain
27.0	distal
0.0	in_domain
0.0	in_domain
196.0	distal
371.0	distal
626.0	distal
478.0	inter_domain_linker
476.0	inter_domain_linker
0.0	in_domain
0.0	in_domain
0.0	in_domain
0.0	in_domain
0.0	in_domain
0.0	in_domain
0.0	in_domain
0.0	in_domain
0.0	in_domain
51.0	inter_domain_linker
0.0	in_domain
0.0	in_domain
0.0	in_domain
0.0	in_domain
0.0	in_domain
0.0	in_domain
0.0	in_domain
0.0	in_domain
0.0	in_domain
0.0	in_domain
0.0	in_domain
0.0	in_domain
	no_domain_annotation
28.0	distal
0.0	in_domain
0.0	in_domain
81.0	distal
116.0	distal
61.0	distal
25.0	distal
0.0	in_domain
197.0	distal
	no_domain_annotation
	no_domain_annotation
	no_domain_annotation
173.0	distal
68.0	inter_domain_linker
73.0	inter_domain_linker
14.0	boundary
12.0	boundary
	no_domain_annotation
	no_domain_annotation
	no_domain_annotation
	no_domain_annotation
	no_domain_annotation
	no_domain_annotation
0.0	in_domain
	no_domain_annotation
	no_domain_annotation
	no_domain_annotation
	no_domain_annotation
	no_domain_annotation
0.0	in_domain
0.0	in_domain
0.0	in_domain
	no_domain_annotation
0.0	in_domain
31.0	distal
64.0	distal
16.0	boundary
5.0	boundary
	no_domain_annotation
287.0	distal
279.0	distal
271.0	distal
0.0	in_domain
0.0	in_domain
0.0	in_domain
0.0	in_domain
0.0	in_domain
0.0	in_domain
0.0	in_domain
15.0	boundary
14.0	boundary
12.0	boundary
0.0	in_domain
85.0	distal
75.0	distal
	no_domain_annotation
	no_domain_annotation
195.0	distal
208.0	distal
227.0	distal
	no_domain_annotation
0.0	in_domain
0.0	in_domain
1.0	boundary
	no_domain_annotation
0.0	in_domain
0.0	in_domain
362.0	distal
437.0	distal
	no_domain_annotation
	no_domain_annotation
0.0	in_domain
122.0	distal
0.0	in_domain
0.0	in_domain
0.0	in_domain
	no_domain_annotation
	no_domain_annotation
	no_domain_annotation
86.0	distal
63.0	distal
67.0	inter_domain_linker
65.0	inter_domain_linker
0.0	in_domain
226.0	distal
174.0	distal
	no_domain_annotation
	no_domain_annotation
142.0	distal
146.0	distal
150.0	distal
220.0	distal
232.0	distal
235.0	distal
241.0	distal
17.0	boundary
15.0	boundary
	no_domain_annotation
	no_domain_annotation
	no_domain_annotation
33.0	distal
38.0	distal
	no_domain_annotation
	no_domain_annotation
	no_domain_annotation
	no_domain_annotation
	no_domain_annotation
	no_domain_annotation
30.0	inter_domain_linker
93.0	distal
196.0	distal
	no_domain_annotation
	no_domain_annotation
	no_domain_annotation
	no_domain_annotation
	no_domain_annotation
	no_domain_annotation
0.0	in_domain
0.0	in_domain
0.0	in_domain
0.0	in_domain
	no_domain_annotation
	no_domain_annotation
26.0	distal
20.0	boundary
0.0	in_domain
0.0	in_domain
0.0	in_domain
53.0	distal
48.0	distal
42.0	distal
116.0	distal
55.0	distal
0.0	in_domain
0.0	in_domain
1.0	boundary
0.0	in_domain
45.0	distal
36.0	distal
0.0	in_domain
31.0	distal
	no_domain_annotation
10.0	boundary
0.0	in_domain
0.0	in_domain
	no_domain_annotation
	no_domain_annotation
	no_domain_annotation
10.0	boundary
12.0	boundary
14.0	boundary
41.0	distal
74.0	distal
0.0	in_domain
0.0	in_domain
0.0	in_domain
36.0	distal
34.0	distal
0.0	in_domain
0.0	in_domain
0.0	in_domain
0.0	in_domain
100.0	distal
118.0	distal
146.0	distal
291.0	distal
297.0	distal
808.0	distal
360.0	distal
228.0	distal
214.0	distal
	no_domain_annotation
	no_domain_annotation
	no_domain_annotation
	no_domain_annotation
	no_domain_annotation
	no_domain_annotation
	no_domain_annotation
	no_domain_annotation
	no_domain_annotation
15.0	boundary
17.0	boundary
21.0	inter_domain_linker
27.0	inter_domain_linker
34.0	inter_domain_linker
39.0	inter_domain_linker
29.0	inter_domain_linker
22.0	inter_domain_linker
9.0	boundary
1.0	boundary
0.0	in_domain
0.0	in_domain
0.0	in_domain
0.0	in_domain
41.0	distal
75.0	distal
81.0	distal
100.0	distal
126.0	distal
129.0	distal
137.0	distal
151.0	distal
155.0	distal
163.0	distal
0.0	in_domain
5.0	boundary
7.0	boundary
	no_domain_annotation
	no_domain_annotation
	no_domain_annotation
0.0	in_domain
0.0	in_domain
	no_domain_annotation
	no_domain_annotation
	no_domain_annotation
0.0	in_domain
0.0	in_domain
	no_domain_annotation
	no_domain_annotation
	no_domain_annotation
561.0	distal
564.0	distal
571.0	distal
578.0	distal
586.0	distal
	no_domain_annotation
	no_domain_annotation
	no_domain_annotation
0.0	in_domain
19.0	boundary
63.0	distal
203.0	distal
0.0	in_domain
0.0	in_domain
0.0	in_domain
	no_domain_annotation
	no_domain_annotation
	no_domain_annotation
71.0	distal
29.0	distal
21.0	distal
19.0	boundary
875.0	distal
868.0	distal
862.0	distal
820.0	distal
813.0	distal
801.0	distal
688.0	distal
681.0	distal
657.0	distal
649.0	distal
629.0	distal
619.0	distal
575.0	distal
441.0	distal
427.0	distal
421.0	distal
417.0	distal
406.0	distal
0.0	in_domain
0.0	in_domain
34.0	distal
0.0	in_domain
145.0	distal
149.0	distal
0.0	in_domain
	no_domain_annotation
	no_domain_annotation
	no_domain_annotation
	no_domain_annotation
0.0	in_domain
58.0	distal
93.0	distal
29.0	distal
0.0	in_domain
0.0	in_domain
48.0	inter_domain_linker
0.0	in_domain
0.0	in_domain
0.0	in_domain
0.0	in_domain
0.0	in_domain
0.0	in_domain
	no_domain_annotation
309.0	distal
308.0	distal
277.0	distal
274.0	distal
260.0	distal
252.0	distal
250.0	distal
	no_domain_annotation
32.0	distal
2.0	boundary
0.0	in_domain
	no_domain_annotation
181.0	distal
163.0	distal
	no_domain_annotation
0.0	in_domain
234.0	distal
439.0	distal
23.0	distal
14.0	boundary
	no_domain_annotation
190.0	distal
251.0	distal
286.0	distal
240.0	distal
230.0	distal
202.0	distal
0.0	in_domain
0.0	in_domain
0.0	in_domain
73.0	distal
126.0	distal
	no_domain_annotation
	no_domain_annotation
	no_domain_annotation
	no_domain_annotation
	no_domain_annotation
	no_domain_annotation
	no_domain_annotation
	no_domain_annotation
	no_domain_annotation
	no_domain_annotation
168.0	inter_domain_linker
183.0	inter_domain_linker
171.0	distal
474.0	distal
81.0	inter_domain_linker
43.0	inter_domain_linker
0.0	in_domain
	no_domain_annotation
101.0	distal
	no_domain_annotation
0.0	in_domain
0.0	in_domain
79.0	distal
41.0	inter_domain_linker
37.0	inter_domain_linker
	no_domain_annotation
	no_domain_annotation
	no_domain_annotation
	no_domain_annotation
	no_domain_annotation
	no_domain_annotation
	no_domain_annotation
	no_domain_annotation
1.0	boundary
3.0	boundary
0.0	in_domain
8.0	boundary
8.0	boundary
0.0	in_domain
0.0	in_domain
0.0	in_domain
5.0	boundary
15.0	boundary
14.0	boundary
12.0	boundary
10.0	boundary
0.0	in_domain
0.0	in_domain
0.0	in_domain
0.0	in_domain
0.0	in_domain
174.0	distal
167.0	distal
0.0	in_domain
0.0	in_domain
4.0	boundary
0.0	in_domain
63.0	distal
21.0	distal
61.0	distal
	no_domain_annotation
	no_domain_annotation
	no_domain_annotation
	no_domain_annotation
136.0	distal
	no_domain_annotation
	no_domain_annotation
0.0	in_domain
	no_domain_annotation
	no_domain_annotation
	no_domain_annotation
	no_domain_annotation
	no_domain_annotation
0.0	in_domain
	no_domain_annotation
	no_domain_annotation
0.0	in_domain
	no_domain_annotation
0.0	in_domain
0.0	in_domain
0.0	in_domain
	no_domain_annotation
216.0	inter_domain_linker
311.0	inter_domain_linker
289.0	inter_domain_linker
278.0	inter_domain_linker
236.0	inter_domain_linker
0.0	in_domain
182.0	inter_domain_linker
164.0	distal
161.0	distal
158.0	distal
8.0	boundary
263.0	distal
260.0	distal
257.0	distal
255.0	distal
253.0	distal
0.0	in_domain
63.0	distal
65.0	distal
47.0	inter_domain_linker
40.0	inter_domain_linker
24.0	inter_domain_linker
	no_domain_annotation
	no_domain_annotation
	no_domain_annotation
	no_domain_annotation
	no_domain_annotation
0.0	in_domain
0.0	in_domain
0.0	in_domain
0.0	in_domain
	no_domain_annotation
0.0	in_domain
191.0	distal
394.0	inter_domain_linker
372.0	inter_domain_linker
236.0	distal
	no_domain_annotation
	no_domain_annotation
	no_domain_annotation
	no_domain_annotation
	no_domain_annotation
	no_domain_annotation
	no_domain_annotation
0.0	in_domain
0.0	in_domain
17.0	boundary
9.0	boundary
142.0	inter_domain_linker
0.0	in_domain
	no_domain_annotation
0.0	in_domain
175.0	distal
0.0	in_domain
130.0	inter_domain_linker
132.0	inter_domain_linker
0.0	in_domain
182.0	inter_domain_linker
214.0	inter_domain_linker
224.0	inter_domain_linker
245.0	inter_domain_linker
254.0	inter_domain_linker
0.0	in_domain
0.0	in_domain
720.0	distal
	no_domain_annotation
228.0	inter_domain_linker
64.0	inter_domain_linker
62.0	inter_domain_linker
61.0	inter_domain_linker
57.0	distal
51.0	distal
49.0	distal
48.0	distal
45.0	distal
43.0	distal
79.0	distal
	no_domain_annotation
	no_domain_annotation
	no_domain_annotation
	no_domain_annotation
0.0	in_domain
	no_domain_annotation
193.0	distal
	no_domain_annotation
0.0	in_domain
	no_domain_annotation
	no_domain_annotation
	no_domain_annotation
	no_domain_annotation
	no_domain_annotation
	no_domain_annotation
445.0	distal
465.0	distal
494.0	distal
496.0	distal
498.0	distal
	no_domain_annotation
	no_domain_annotation
	no_domain_annotation
256.0	inter_domain_linker
	no_domain_annotation
	no_domain_annotation
22.0	distal
36.0	distal
58.0	distal
0.0	in_domain
0.0	in_domain
0.0	in_domain
0.0	in_domain
28.0	distal
7.0	boundary
5.0	boundary
1062.0	distal
1065.0	distal
1079.0	distal
1205.0	distal
1214.0	distal
1219.0	distal
1220.0	distal
	no_domain_annotation
19.0	boundary
883.0	distal
678.0	distal
637.0	distal
633.0	distal
1021.0	distal
0.0	in_domain
	no_domain_annotation
89.0	distal
101.0	distal
125.0	distal
137.0	distal
466.0	distal
476.0	distal
498.0	distal
508.0	distal
519.0	distal
20.0	boundary
	no_domain_annotation
48.0	inter_domain_linker
63.0	inter_domain_linker
56.0	inter_domain_linker
0.0	in_domain
0.0	in_domain
0.0	in_domain
192.0	distal
184.0	distal
174.0	distal
172.0	distal
94.0	distal
195.0	distal
72.0	distal
69.0	distal
0.0	in_domain
214.0	distal
357.0	distal
116.0	distal
0.0	in_domain
81.0	distal
79.0	distal
389.0	inter_domain_linker
0.0	in_domain
0.0	in_domain
45.0	inter_domain_linker
294.0	inter_domain_linker
241.0	inter_domain_linker
232.0	inter_domain_linker
218.0	inter_domain_linker
213.0	inter_domain_linker
201.0	inter_domain_linker
199.0	inter_domain_linker
196.0	inter_domain_linker
183.0	inter_domain_linker
180.0	inter_domain_linker
177.0	inter_domain_linker
27.0	inter_domain_linker
23.0	inter_domain_linker
875.0	distal
0.0	in_domain
	no_domain_annotation
	no_domain_annotation
204.0	distal
240.0	distal
239.0	distal
0.0	in_domain
28.0	inter_domain_linker
30.0	inter_domain_linker
0.0	in_domain
0.0	in_domain
0.0	in_domain
0.0	in_domain
	no_domain_annotation
296.0	inter_domain_linker
323.0	inter_domain_linker
587.0	inter_domain_linker
531.0	inter_domain_linker
221.0	distal
169.0	inter_domain_linker
111.0	inter_domain_linker
0.0	in_domain
	no_domain_annotation
179.0	inter_domain_linker
130.0	inter_domain_linker
0.0	in_domain
30.0	distal
0.0	in_domain
145.0	inter_domain_linker
80.0	inter_domain_linker
0.0	in_domain
	no_domain_annotation
	no_domain_annotation
	no_domain_annotation
0.0	in_domain
	no_domain_annotation
	no_domain_annotation
	no_domain_annotation
	no_domain_annotation
16.0	boundary
27.0	distal
0.0	in_domain
32.0	distal
34.0	distal
36.0	distal
41.0	distal
76.0	distal
5.0	boundary
0.0	in_domain
135.0	inter_domain_linker
102.0	inter_domain_linker
4.0	boundary
0.0	in_domain
	no_domain_annotation
0.0	in_domain
	no_domain_annotation
	no_domain_annotation
	no_domain_annotation
	no_domain_annotation
484.0	distal
634.0	distal
107.0	distal
59.0	distal
27.0	inter_domain_linker
19.0	boundary
0.0	in_domain
49.0	inter_domain_linker
87.0	inter_domain_linker
88.0	inter_domain_linker
100.0	distal
98.0	distal
78.0	inter_domain_linker
21.0	inter_domain_linker
27.0	inter_domain_linker
44.0	inter_domain_linker
73.0	inter_domain_linker
125.0	inter_domain_linker
118.0	inter_domain_linker
257.0	inter_domain_linker
273.0	inter_domain_linker
284.0	inter_domain_linker
345.0	inter_domain_linker
359.0	inter_domain_linker
367.0	inter_domain_linker
366.0	inter_domain_linker
362.0	inter_domain_linker
330.0	inter_domain_linker
186.0	inter_domain_linker
87.0	inter_domain_linker
0.0	in_domain
0.0	in_domain
41.0	inter_domain_linker
119.0	inter_domain_linker
8.0	boundary
0.0	in_domain
0.0	in_domain
66.0	inter_domain_linker
60.0	inter_domain_linker
39.0	inter_domain_linker
0.0	in_domain
0.0	in_domain
	no_domain_annotation
	no_domain_annotation
0.0	in_domain
0.0	in_domain
15.0	boundary
132.0	inter_domain_linker
144.0	inter_domain_linker
0.0	in_domain
0.0	in_domain
71.0	inter_domain_linker
673.0	distal
171.0	distal
0.0	in_domain
0.0	in_domain
0.0	in_domain
143.0	distal
364.0	distal
0.0	in_domain
	no_domain_annotation
	no_domain_annotation
	no_domain_annotation
0.0	in_domain
352.0	distal
349.0	distal
348.0	distal
341.0	distal
325.0	distal
321.0	distal
305.0	distal
289.0	distal
35.0	distal
18.0	boundary
142.0	distal
25.0	inter_domain_linker
298.0	inter_domain_linker
273.0	inter_domain_linker
244.0	inter_domain_linker
230.0	inter_domain_linker
218.0	inter_domain_linker
205.0	inter_domain_linker
204.0	inter_domain_linker
202.0	inter_domain_linker
226.0	inter_domain_linker
611.0	inter_domain_linker
413.0	inter_domain_linker
404.0	inter_domain_linker
400.0	inter_domain_linker
0.0	in_domain
0.0	in_domain
0.0	in_domain
0.0	in_domain
0.0	in_domain
0.0	in_domain
0.0	in_domain
0.0	in_domain
23.0	distal
24.0	distal
0.0	in_domain
0.0	in_domain
0.0	in_domain
0.0	in_domain
	no_domain_annotation
	no_domain_annotation
0.0	in_domain
22.0	distal
69.0	distal
16.0	boundary
79.0	inter_domain_linker
22.0	inter_domain_linker
0.0	in_domain
0.0	in_domain
0.0	in_domain
146.0	inter_domain_linker
0.0	in_domain
37.0	distal
35.0	distal
26.0	distal
0.0	in_domain
263.0	distal
26.0	distal
21.0	distal
19.0	boundary
225.0	distal
0.0	in_domain
33.0	distal
38.0	distal
145.0	distal
158.0	distal
163.0	distal
188.0	distal
205.0	distal
256.0	distal
521.0	distal
0.0	in_domain
0.0	in_domain
0.0	in_domain
0.0	in_domain
0.0	in_domain
0.0	in_domain
	no_domain_annotation
	no_domain_annotation
35.0	distal
56.0	distal
0.0	in_domain
0.0	in_domain
12.0	boundary
15.0	boundary
17.0	boundary
20.0	boundary
88.0	distal
89.0	distal
	no_domain_annotation
192.0	distal
	no_domain_annotation
0.0	in_domain
0.0	in_domain
0.0	in_domain
20.0	boundary
0.0	in_domain
	no_domain_annotation
	no_domain_annotation
0.0	in_domain
0.0	in_domain
	no_domain_annotation
	no_domain_annotation
	no_domain_annotation
	no_domain_annotation
	no_domain_annotation
	no_domain_annotation
	no_domain_annotation
	no_domain_annotation
	no_domain_annotation
54.0	distal
23.0	distal
	no_domain_annotation
0.0	in_domain
0.0	in_domain
0.0	in_domain
0.0	in_domain
0.0	in_domain
0.0	in_domain
0.0	in_domain
0.0	in_domain
0.0	in_domain
0.0	in_domain
0.0	in_domain
0.0	in_domain
0.0	in_domain
0.0	in_domain
0.0	in_domain
0.0	in_domain
0.0	in_domain
0.0	in_domain
0.0	in_domain
0.0	in_domain
86.0	distal
83.0	distal
76.0	distal
136.0	distal
40.0	distal
42.0	distal
57.0	distal
13.0	boundary
259.0	distal
191.0	distal
180.0	distal
82.0	distal
0.0	in_domain
0.0	in_domain
338.0	distal
0.0	in_domain
0.0	in_domain
9.0	boundary
	no_domain_annotation
0.0	in_domain
386.0	inter_domain_linker
243.0	inter_domain_linker
56.0	distal
0.0	in_domain
106.0	distal
114.0	distal
48.0	distal
0.0	in_domain
0.0	in_domain
	no_domain_annotation
302.0	distal
0.0	in_domain
75.0	distal
	no_domain_annotation
	no_domain_annotation
0.0	in_domain
170.0	distal
47.0	distal
82.0	distal
33.0	distal
661.0	distal
	no_domain_annotation
	no_domain_annotation
	no_domain_annotation
22.0	inter_domain_linker
21.0	inter_domain_linker
0.0	in_domain
0.0	in_domain
	no_domain_annotation
	no_domain_annotation
	no_domain_annotation
	no_domain_annotation
0.0	in_domain
6.0	boundary
	no_domain_annotation
677.0	distal
	no_domain_annotation
	no_domain_annotation
	no_domain_annotation
2.0	boundary
49.0	inter_domain_linker
0.0	in_domain
	no_domain_annotation
	no_domain_annotation
	no_domain_annotation
0.0	in_domain
45.0	distal
	no_domain_annotation
	no_domain_annotation
	no_domain_annotation
	no_domain_annotation
	no_domain_annotation
	no_domain_annotation
	no_domain_annotation
0.0	in_domain
0.0	in_domain
0.0	in_domain
0.0	in_domain
222.0	distal
197.0	distal
196.0	distal
0.0	in_domain
56.0	distal
45.0	distal
0.0	in_domain
130.0	distal
0.0	in_domain
0.0	in_domain
0.0	in_domain
	no_domain_annotation
0.0	in_domain
	no_domain_annotation
	no_domain_annotation
	no_domain_annotation
	no_domain_annotation
	no_domain_annotation
75.0	distal
	no_domain_annotation
0.0	in_domain
	no_domain_annotation
33.0	distal
31.0	distal
3.0	boundary
113.0	distal
115.0	distal
129.0	distal
8.0	boundary
0.0	in_domain
0.0	in_domain
	no_domain_annotation
	no_domain_annotation
	no_domain_annotation
	no_domain_annotation
	no_domain_annotation
0.0	in_domain
	no_domain_annotation
10.0	boundary
401.0	distal
579.0	distal
597.0	distal
603.0	distal
628.0	distal
639.0	distal
649.0	distal
657.0	distal
686.0	distal
697.0	distal
698.0	distal
708.0	distal
731.0	distal
742.0	distal
753.0	distal
764.0	distal
775.0	distal
781.0	distal
786.0	distal
797.0	distal
812.0	distal
828.0	distal
204.0	distal
0.0	in_domain
245.0	distal
236.0	distal
230.0	distal
229.0	distal
222.0	distal
217.0	distal
207.0	distal
194.0	distal
189.0	distal
150.0	distal
69.0	distal
62.0	distal
54.0	distal
52.0	distal
50.0	distal
47.0	distal
	no_domain_annotation
0.0	in_domain
137.0	distal
	no_domain_annotation
	no_domain_annotation
	no_domain_annotation
	no_domain_annotation
	no_domain_annotation
	no_domain_annotation
	no_domain_annotation
	no_domain_annotation
	no_domain_annotation
	no_domain_annotation
	no_domain_annotation
	no_domain_annotation
0.0	in_domain
0.0	in_domain
0.0	in_domain
0.0	in_domain
77.0	distal
75.0	distal
116.0	distal
	no_domain_annotation
	no_domain_annotation
	no_domain_annotation
	no_domain_annotation
0.0	in_domain
0.0	in_domain
0.0	in_domain
339.0	distal
0.0	in_domain
58.0	distal
	no_domain_annotation
284.0	distal
	no_domain_annotation
0.0	in_domain
83.0	distal
2.0	boundary
9.0	boundary
81.0	distal
85.0	distal
	no_domain_annotation
0.0	in_domain
7.0	boundary
8.0	boundary
0.0	in_domain
57.0	distal
65.0	distal
282.0	distal
26.0	inter_domain_linker
20.0	boundary
18.0	boundary
12.0	boundary
10.0	boundary
0.0	in_domain
196.0	distal
204.0	distal
224.0	distal
230.0	distal
232.0	distal
240.0	distal
244.0	distal
251.0	distal
257.0	distal
268.0	distal
273.0	distal
283.0	distal
297.0	distal
302.0	distal
73.0	distal
52.0	distal
54.0	distal
0.0	in_domain
0.0	in_domain
	no_domain_annotation
78.0	distal
1.0	boundary
	no_domain_annotation
19.0	boundary
0.0	in_domain
0.0	in_domain
	no_domain_annotation
	no_domain_annotation
	no_domain_annotation
	no_domain_annotation
	no_domain_annotation
	no_domain_annotation
	no_domain_annotation
	no_domain_annotation
	no_domain_annotation
	no_domain_annotation
	no_domain_annotation
	no_domain_annotation
	no_domain_annotation
88.0	inter_domain_linker
90.0	inter_domain_linker
0.0	in_domain
	no_domain_annotation
0.0	in_domain
	no_domain_annotation
	no_domain_annotation
426.0	distal
398.0	distal
389.0	distal
	no_domain_annotation
	no_domain_annotation
0.0	in_domain
	no_domain_annotation
	no_domain_annotation
	no_domain_annotation
0.0	in_domain
254.0	distal
	no_domain_annotation
	no_domain_annotation
61.0	inter_domain_linker
66.0	inter_domain_linker
472.0	distal
468.0	distal
56.0	distal
0.0	in_domain
	no_domain_annotation
	no_domain_annotation
	no_domain_annotation
	no_domain_annotation
0.0	in_domain
0.0	in_domain
175.0	distal
181.0	distal
	no_domain_annotation
187.0	distal
31.0	distal
6.0	boundary
294.0	distal
301.0	distal
59.0	distal
15.0	boundary
	no_domain_annotation
	no_domain_annotation
	no_domain_annotation
	no_domain_annotation
142.0	distal
18.0	boundary
24.0	inter_domain_linker
23.0	inter_domain_linker
20.0	boundary
19.0	boundary
7.0	boundary
3.0	boundary
1.0	boundary
4.0	boundary
6.0	boundary
13.0	boundary
23.0	distal
29.0	distal
0.0	in_domain
0.0	in_domain
0.0	in_domain
111.0	distal
130.0	distal
13.0	boundary
36.0	distal
31.0	distal
895.0	distal
903.0	distal
120.0	distal
160.0	distal
163.0	distal
283.0	distal
292.0	distal
351.0	distal
0.0	in_domain
	no_domain_annotation
	no_domain_annotation
	no_domain_annotation
	no_domain_annotation
1.0	boundary
0.0	in_domain
	no_domain_annotation
140.0	distal
853.0	distal
133.0	distal
128.0	distal
112.0	distal
108.0	distal
106.0	distal
175.0	inter_domain_linker
101.0	distal
112.0	inter_domain_linker
0.0	in_domain
0.0	in_domain
0.0	in_domain
0.0	in_domain
4.0	boundary
8.0	boundary
0.0	in_domain
0.0	in_domain
0.0	in_domain
0.0	in_domain
0.0	in_domain
14.0	boundary
301.0	distal
	no_domain_annotation
	no_domain_annotation
64.0	distal
15.0	boundary
0.0	in_domain
0.0	in_domain
269.0	distal
267.0	distal
247.0	distal
214.0	distal
244.0	distal
1217.0	distal
19.0	boundary
9.0	boundary
10.0	boundary
11.0	boundary
	no_domain_annotation
	no_domain_annotation
	no_domain_annotation
	no_domain_annotation
0.0	in_domain
0.0	in_domain
0.0	in_domain
18.0	boundary
86.0	distal
	no_domain_annotation
	no_domain_annotation
26.0	distal
21.0	distal
0.0	in_domain
14.0	boundary
	no_domain_annotation
	no_domain_annotation
	no_domain_annotation
93.0	distal
0.0	in_domain
1083.0	distal
0.0	in_domain
0.0	in_domain
0.0	in_domain
53.0	inter_domain_linker
54.0	inter_domain_linker
58.0	inter_domain_linker
	no_domain_annotation
	no_domain_annotation
0.0	in_domain
0.0	in_domain
135.0	distal
0.0	in_domain
0.0	in_domain
239.0	distal
0.0	in_domain
	no_domain_annotation
	no_domain_annotation
199.0	distal
	no_domain_annotation
	no_domain_annotation
	no_domain_annotation
	no_domain_annotation
	no_domain_annotation
	no_domain_annotation
163.0	distal
	no_domain_annotation
	no_domain_annotation
	no_domain_annotation
	no_domain_annotation
	no_domain_annotation
	no_domain_annotation
0.0	in_domain
0.0	in_domain
0.0	in_domain
0.0	in_domain
848.0	distal
1002.0	distal
342.0	distal
70.0	distal
71.0	distal
380.0	distal
393.0	distal
395.0	distal
475.0	distal
423.0	distal
0.0	in_domain
0.0	in_domain
0.0	in_domain
1373.0	distal
1368.0	distal
1488.0	distal
731.0	distal
0.0	in_domain
1060.0	distal
62.0	distal
71.0	distal
72.0	distal
228.0	distal
229.0	distal
244.0	distal
566.0	distal
583.0	distal
590.0	distal
621.0	distal
623.0	distal
631.0	distal
644.0	distal
660.0	distal
	no_domain_annotation
0.0	in_domain
0.0	in_domain
2.0	boundary
0.0	in_domain
0.0	in_domain
97.0	distal
301.0	distal
306.0	distal
317.0	distal
318.0	distal
338.0	distal
342.0	distal
377.0	distal
382.0	distal
392.0	distal
415.0	distal
417.0	distal
424.0	distal
528.0	distal
533.0	distal
541.0	distal
547.0	distal
561.0	distal
576.0	distal
579.0	distal
586.0	distal
596.0	distal
91.0	distal
84.0	distal
78.0	distal
53.0	distal
62.0	distal
82.0	distal
99.0	distal
105.0	distal
186.0	distal
213.0	distal
258.0	distal
262.0	distal
18.0	boundary
49.0	inter_domain_linker
56.0	inter_domain_linker
78.0	inter_domain_linker
125.0	inter_domain_linker
45.0	inter_domain_linker
	no_domain_annotation
	no_domain_annotation
0.0	in_domain
0.0	in_domain
	no_domain_annotation
113.0	distal
0.0	in_domain
	no_domain_annotation
	no_domain_annotation
6.0	boundary
0.0	in_domain
12.0	boundary
	no_domain_annotation
80.0	inter_domain_linker
	no_domain_annotation
	no_domain_annotation
	no_domain_annotation
17.0	boundary
0.0	in_domain
0.0	in_domain
239.0	distal
146.0	distal
144.0	distal
142.0	distal
138.0	distal
119.0	distal
117.0	distal
99.0	distal
96.0	distal
152.0	distal
79.0	distal
150.0	distal
159.0	distal
131.0	distal
	no_domain_annotation
0.0	in_domain
0.0	in_domain
0.0	in_domain
	no_domain_annotation
	no_domain_annotation
	no_domain_annotation
78.0	distal
143.0	distal
0.0	in_domain
0.0	in_domain
0.0	in_domain
0.0	in_domain
0.0	in_domain
0.0	in_domain
0.0	in_domain
0.0	in_domain
0.0	in_domain
19.0	boundary
20.0	boundary
30.0	distal
38.0	distal
61.0	distal
65.0	distal
78.0	distal
84.0	distal
94.0	distal
97.0	distal
109.0	distal
135.0	distal
136.0	distal
139.0	distal
142.0	distal
147.0	distal
150.0	distal
160.0	distal
447.0	distal
645.0	distal
335.0	distal
235.0	distal
226.0	distal
216.0	distal
674.0	distal
683.0	distal
203.0	distal
0.0	in_domain
0.0	in_domain
	no_domain_annotation
211.0	distal
120.0	inter_domain_linker
125.0	inter_domain_linker
136.0	inter_domain_linker
147.0	inter_domain_linker
161.0	inter_domain_linker
182.0	inter_domain_linker
190.0	inter_domain_linker
183.0	inter_domain_linker
176.0	inter_domain_linker
169.0	inter_domain_linker
162.0	inter_domain_linker
159.0	inter_domain_linker
111.0	inter_domain_linker
104.0	inter_domain_linker
0.0	in_domain
	no_domain_annotation
	no_domain_annotation
0.0	in_domain
	no_domain_annotation
	no_domain_annotation
	no_domain_annotation
	no_domain_annotation
0.0	in_domain
	no_domain_annotation
	no_domain_annotation
	no_domain_annotation
	no_domain_annotation
0.0	in_domain
134.0	distal
0.0	in_domain
2.0	boundary
0.0	in_domain
	no_domain_annotation
49.0	inter_domain_linker
78.0	inter_domain_linker
85.0	inter_domain_linker
118.0	inter_domain_linker
0.0	in_domain
152.0	inter_domain_linker
168.0	inter_domain_linker
109.0	inter_domain_linker
36.0	inter_domain_linker
43.0	inter_domain_linker
	no_domain_annotation
205.0	distal
8.0	boundary
46.0	distal
19.0	boundary
0.0	in_domain
	no_domain_annotation
	no_domain_annotation
	no_domain_annotation
0.0	in_domain
0.0	in_domain
123.0	inter_domain_linker
0.0	in_domain
0.0	in_domain
	no_domain_annotation
0.0	in_domain
42.0	inter_domain_linker
52.0	inter_domain_linker
62.0	inter_domain_linker
98.0	inter_domain_linker
61.0	inter_domain_linker
55.0	inter_domain_linker
78.0	distal
194.0	distal
0.0	in_domain
171.0	distal
158.0	distal
155.0	distal
153.0	distal
115.0	distal
624.0	distal
43.0	distal
0.0	in_domain
0.0	in_domain
0.0	in_domain
344.0	distal
0.0	in_domain
0.0	in_domain
0.0	in_domain
62.0	distal
57.0	distal
0.0	in_domain
0.0	in_domain
33.0	inter_domain_linker
0.0	in_domain
0.0	in_domain
56.0	inter_domain_linker
60.0	inter_domain_linker
67.0	inter_domain_linker
76.0	inter_domain_linker
68.0	inter_domain_linker
62.0	inter_domain_linker
	no_domain_annotation
	no_domain_annotation
	no_domain_annotation
	no_domain_annotation
	no_domain_annotation
	no_domain_annotation
	no_domain_annotation
	no_domain_annotation
	no_domain_annotation
0.0	in_domain
0.0	in_domain
10.0	boundary
9.0	boundary
0.0	in_domain
21.0	distal
141.0	distal
161.0	distal
164.0	distal
29.0	inter_domain_linker
135.0	inter_domain_linker
240.0	inter_domain_linker
220.0	distal
111.0	distal
	no_domain_annotation
0.0	in_domain
	no_domain_annotation
	no_domain_annotation
	no_domain_annotation
	no_domain_annotation
	no_domain_annotation
4.0	boundary
159.0	distal
0.0	in_domain
	no_domain_annotation
10.0	boundary
0.0	in_domain
31.0	distal
0.0	in_domain
0.0	in_domain
124.0	distal
112.0	distal
107.0	distal
243.0	distal
108.0	distal
71.0	distal
84.0	inter_domain_linker
243.0	distal
247.0	distal
0.0	in_domain
0.0	in_domain
9.0	boundary
0.0	in_domain
	no_domain_annotation
	no_domain_annotation
0.0	in_domain
0.0	in_domain
	no_domain_annotation
	no_domain_annotation
	no_domain_annotation
228.0	distal
37.0	inter_domain_linker
8.0	boundary
2.0	boundary
0.0	in_domain
	no_domain_annotation
90.0	distal
1297.0	distal
952.0	distal
869.0	distal
3.0	boundary
	no_domain_annotation
	no_domain_annotation
	no_domain_annotation
	no_domain_annotation
210.0	distal
1063.0	distal
1049.0	distal
1043.0	distal
1204.0	distal
64.0	distal
	no_domain_annotation
19.0	boundary
13.0	boundary
24.0	inter_domain_linker
20.0	boundary
	no_domain_annotation
20.0	boundary
0.0	in_domain
18.0	boundary
107.0	distal
0.0	in_domain
0.0	in_domain
	no_domain_annotation
5.0	boundary
	no_domain_annotation
	no_domain_annotation
	no_domain_annotation
	no_domain_annotation
	no_domain_annotation
86.0	distal
77.0	distal
17.0	boundary
25.0	distal
	no_domain_annotation
	no_domain_annotation
0.0	in_domain
	no_domain_annotation
12.0	boundary
14.0	boundary
	no_domain_annotation
	no_domain_annotation
	no_domain_annotation
707.0	distal
688.0	distal
892.0	distal
944.0	distal
962.0	distal
0.0	in_domain
0.0	in_domain
196.0	distal
55.0	distal
91.0	distal
	no_domain_annotation
	no_domain_annotation
	no_domain_annotation
	no_domain_annotation
0.0	in_domain
0.0	in_domain
0.0	in_domain
0.0	in_domain
0.0	in_domain
9.0	boundary
	no_domain_annotation
	no_domain_annotation
	no_domain_annotation
	no_domain_annotation
	no_domain_annotation
	no_domain_annotation
	no_domain_annotation
71.0	distal
	no_domain_annotation
	no_domain_annotation
79.0	distal
0.0	in_domain
0.0	in_domain
224.0	distal
	no_domain_annotation
515.0	distal
204.0	distal
138.0	distal
30.0	inter_domain_linker
70.0	distal
77.0	distal
0.0	in_domain
325.0	distal
	no_domain_annotation
0.0	in_domain
0.0	in_domain
	no_domain_annotation
	no_domain_annotation
32.0	distal
33.0	distal
45.0	distal
38.0	distal
0.0	in_domain
0.0	in_domain
331.0	distal
0.0	in_domain
0.0	in_domain
0.0	in_domain
	no_domain_annotation
	no_domain_annotation
	no_domain_annotation
25.0	distal
	no_domain_annotation
	no_domain_annotation
	no_domain_annotation
	no_domain_annotation
	no_domain_annotation
	no_domain_annotation
	no_domain_annotation
	no_domain_annotation
	no_domain_annotation
	no_domain_annotation
	no_domain_annotation
	no_domain_annotation
33.0	distal
0.0	in_domain
0.0	in_domain
0.0	in_domain
0.0	in_domain
154.0	inter_domain_linker
19.0	boundary
17.0	boundary
14.0	boundary
12.0	boundary
0.0	in_domain
0.0	in_domain
	no_domain_annotation
	no_domain_annotation
	no_domain_annotation
17.0	boundary
33.0	distal
35.0	distal
0.0	in_domain
132.0	distal
115.0	distal
197.0	distal
200.0	distal
228.0	distal
	no_domain_annotation
	no_domain_annotation
	no_domain_annotation
0.0	in_domain
0.0	in_domain
73.0	distal
	no_domain_annotation
	no_domain_annotation
	no_domain_annotation
45.0	distal
	no_domain_annotation
29.0	distal
21.0	distal
130.0	distal
248.0	distal
0.0	in_domain
0.0	in_domain
	no_domain_annotation
	no_domain_annotation
34.0	distal
0.0	in_domain
0.0	in_domain
0.0	in_domain
0.0	in_domain
0.0	in_domain
7.0	boundary
	no_domain_annotation
	no_domain_annotation
	no_domain_annotation
180.0	distal
185.0	distal
342.0	distal
348.0	distal
352.0	distal
412.0	distal
423.0	distal
0.0	in_domain
0.0	in_domain
0.0	in_domain
	no_domain_annotation
	no_domain_annotation
	no_domain_annotation
	no_domain_annotation
	no_domain_annotation
	no_domain_annotation
105.0	distal
0.0	in_domain
0.0	in_domain
512.0	distal
0.0	in_domain
75.0	inter_domain_linker
164.0	inter_domain_linker
0.0	in_domain
0.0	in_domain
	no_domain_annotation
	no_domain_annotation
	no_domain_annotation
	no_domain_annotation
0.0	in_domain
0.0	in_domain
	no_domain_annotation
	no_domain_annotation
29.0	distal
28.0	distal
12.0	boundary
0.0	in_domain
	no_domain_annotation
	no_domain_annotation
	no_domain_annotation
	no_domain_annotation
	no_domain_annotation
	no_domain_annotation
	no_domain_annotation
387.0	distal
	no_domain_annotation
	no_domain_annotation
	no_domain_annotation
	no_domain_annotation
	no_domain_annotation
	no_domain_annotation
310.0	distal
	no_domain_annotation
0.0	in_domain
0.0	in_domain
0.0	in_domain
43.0	distal
11.0	boundary
0.0	in_domain
	no_domain_annotation
	no_domain_annotation
0.0	in_domain
0.0	in_domain
116.0	distal
32.0	distal
99.0	distal
280.0	distal
165.0	distal
	no_domain_annotation
139.0	distal
	no_domain_annotation
134.0	distal
136.0	distal
161.0	distal
78.0	distal
	no_domain_annotation
	no_domain_annotation
	no_domain_annotation
	no_domain_annotation
	no_domain_annotation
16.0	boundary
51.0	inter_domain_linker
0.0	in_domain
0.0	in_domain
0.0	in_domain
0.0	in_domain
83.0	distal
0.0	in_domain
	no_domain_annotation
	no_domain_annotation
	no_domain_annotation
	no_domain_annotation
	no_domain_annotation
	no_domain_annotation
	no_domain_annotation
	no_domain_annotation
	no_domain_annotation
	no_domain_annotation
10.0	boundary
14.0	boundary
83.0	distal
0.0	in_domain
0.0	in_domain
18.0	boundary
32.0	inter_domain_linker
52.0	inter_domain_linker
71.0	inter_domain_linker
73.0	inter_domain_linker
80.0	inter_domain_linker
83.0	inter_domain_linker
159.0	distal
144.0	distal
0.0	in_domain
0.0	in_domain
0.0	in_domain
3.0	boundary
10.0	boundary
13.0	boundary
23.0	distal
0.0	in_domain
0.0	in_domain
0.0	in_domain
0.0	in_domain
0.0	in_domain
583.0	distal
575.0	distal
	no_domain_annotation
0.0	in_domain
26.0	distal
0.0	in_domain
0.0	in_domain
	no_domain_annotation
	no_domain_annotation
	no_domain_annotation
	no_domain_annotation
	no_domain_annotation
	no_domain_annotation
71.0	distal
59.0	distal
36.0	inter_domain_linker
12.0	boundary
0.0	in_domain
0.0	in_domain
0.0	in_domain
22.0	distal
50.0	distal
60.0	distal
200.0	distal
671.0	distal
762.0	distal
426.0	inter_domain_linker
482.0	inter_domain_linker
460.0	inter_domain_linker
455.0	inter_domain_linker
87.0	inter_domain_linker
14.0	boundary
0.0	in_domain
5.0	boundary
11.0	boundary
0.0	in_domain
	no_domain_annotation
448.0	distal
684.0	distal
710.0	distal
	no_domain_annotation
0.0	in_domain
0.0	in_domain
0.0	in_domain
	no_domain_annotation
0.0	in_domain
36.0	distal
32.0	distal
0.0	in_domain
14.0	boundary
9.0	boundary
7.0	boundary
	no_domain_annotation
	no_domain_annotation
	no_domain_annotation
0.0	in_domain
0.0	in_domain
0.0	in_domain
189.0	distal
0.0	in_domain
0.0	in_domain
0.0	in_domain
0.0	in_domain
0.0	in_domain
	no_domain_annotation
67.0	distal
74.0	distal
0.0	in_domain
0.0	in_domain
85.0	distal
82.0	distal
33.0	inter_domain_linker
0.0	in_domain
106.0	distal
130.0	inter_domain_linker
	no_domain_annotation
155.0	distal
150.0	distal
0.0	in_domain
0.0	in_domain
67.0	distal
61.0	distal
	no_domain_annotation
0.0	in_domain
0.0	in_domain
0.0	in_domain
0.0	in_domain
0.0	in_domain
0.0	in_domain
0.0	in_domain
0.0	in_domain
0.0	in_domain
1155.0	inter_domain_linker
526.0	inter_domain_linker
97.0	inter_domain_linker
92.0	inter_domain_linker
205.0	distal
	no_domain_annotation
50.0	distal
0.0	in_domain
109.0	distal
70.0	distal
	no_domain_annotation
0.0	in_domain
0.0	in_domain
0.0	in_domain
0.0	in_domain
1.0	boundary
	no_domain_annotation
	no_domain_annotation
	no_domain_annotation
	no_domain_annotation
	no_domain_annotation
0.0	in_domain
0.0	in_domain
0.0	in_domain
0.0	in_domain
	no_domain_annotation
	no_domain_annotation
0.0	in_domain
1.0	boundary
	no_domain_annotation
	no_domain_annotation
	no_domain_annotation
	no_domain_annotation
144.0	distal
0.0	in_domain
169.0	distal
	no_domain_annotation
0.0	in_domain
12.0	boundary
0.0	in_domain
	no_domain_annotation
0.0	in_domain
0.0	in_domain
33.0	distal
30.0	distal
0.0	in_domain
0.0	in_domain
42.0	inter_domain_linker
209.0	inter_domain_linker
205.0	inter_domain_linker
204.0	inter_domain_linker
0.0	in_domain
	no_domain_annotation
	no_domain_annotation
0.0	in_domain
0.0	in_domain
0.0	in_domain
0.0	in_domain
90.0	distal
163.0	distal
306.0	distal
126.0	distal
74.0	distal
77.0	distal
0.0	in_domain
27.0	distal
46.0	distal
51.0	distal
	no_domain_annotation
	no_domain_annotation
	no_domain_annotation
	no_domain_annotation
	no_domain_annotation
135.0	distal
555.0	distal
107.0	distal
399.0	distal
452.0	distal
478.0	distal
526.0	distal
	no_domain_annotation
25.0	distal
	no_domain_annotation
	no_domain_annotation
	no_domain_annotation
	no_domain_annotation
7.0	boundary
0.0	in_domain
	no_domain_annotation
	no_domain_annotation
	no_domain_annotation
0.0	in_domain
	no_domain_annotation
536.0	distal
538.0	distal
572.0	distal
	no_domain_annotation
	no_domain_annotation
5.0	boundary
4.0	boundary
	no_domain_annotation
	no_domain_annotation
	no_domain_annotation
	no_domain_annotation
	no_domain_annotation
	no_domain_annotation
0.0	in_domain
	no_domain_annotation
43.0	distal
	no_domain_annotation
	no_domain_annotation
79.0	distal
72.0	distal
38.0	distal
36.0	distal
503.0	distal
0.0	in_domain
31.0	distal
18.0	boundary
	no_domain_annotation
19.0	boundary
0.0	in_domain
	no_domain_annotation
	no_domain_annotation
	no_domain_annotation
	no_domain_annotation
	no_domain_annotation
	no_domain_annotation
	no_domain_annotation
	no_domain_annotation
	no_domain_annotation
	no_domain_annotation
	no_domain_annotation
	no_domain_annotation
	no_domain_annotation
	no_domain_annotation
	no_domain_annotation
	no_domain_annotation
	no_domain_annotation
60.0	distal
65.0	distal
	no_domain_annotation
41.0	inter_domain_linker
66.0	inter_domain_linker
73.0	inter_domain_linker
96.0	inter_domain_linker
92.0	inter_domain_linker
0.0	in_domain
0.0	in_domain
206.0	inter_domain_linker
	no_domain_annotation
89.0	inter_domain_linker
	no_domain_annotation
	no_domain_annotation
	no_domain_annotation
	no_domain_annotation
	no_domain_annotation
	no_domain_annotation
	no_domain_annotation
	no_domain_annotation
	no_domain_annotation
	no_domain_annotation
	no_domain_annotation
	no_domain_annotation
	no_domain_annotation
	no_domain_annotation
	no_domain_annotation
	no_domain_annotation
0.0	in_domain
122.0	inter_domain_linker
222.0	inter_domain_linker
71.0	distal
260.0	distal
262.0	distal
273.0	distal
283.0	distal
285.0	distal
297.0	distal
299.0	distal
385.0	distal
0.0	in_domain
127.0	distal
100.0	distal
92.0	distal
46.0	distal
0.0	in_domain
1.0	boundary
273.0	distal
	no_domain_annotation
	no_domain_annotation
0.0	in_domain
70.0	inter_domain_linker
0.0	in_domain
	no_domain_annotation
	no_domain_annotation
384.0	distal
387.0	distal
453.0	distal
398.0	distal
397.0	distal
396.0	distal
278.0	distal
	no_domain_annotation
	no_domain_annotation
0.0	in_domain
30.0	distal
340.0	distal
365.0	distal
43.0	inter_domain_linker
	no_domain_annotation
	no_domain_annotation
672.0	distal
676.0	distal
543.0	distal
554.0	distal
556.0	distal
578.0	distal
581.0	distal
634.0	distal
637.0	distal
652.0	distal
654.0	distal
656.0	distal
665.0	distal
669.0	distal
1.0	boundary
0.0	in_domain
0.0	in_domain
12.0	boundary
18.0	boundary
0.0	in_domain
280.0	distal
0.0	in_domain
52.0	distal
	no_domain_annotation
23.0	distal
220.0	distal
21.0	distal
	no_domain_annotation
	no_domain_annotation
	no_domain_annotation
219.0	distal
	no_domain_annotation
	no_domain_annotation
	no_domain_annotation
	no_domain_annotation
17.0	boundary
61.0	distal
47.0	inter_domain_linker
0.0	in_domain
260.0	distal
310.0	distal
49.0	inter_domain_linker
191.0	inter_domain_linker
0.0	in_domain
0.0	in_domain
0.0	in_domain
70.0	distal
37.0	distal
35.0	distal
194.0	distal
138.0	distal
133.0	distal
	no_domain_annotation
	no_domain_annotation
	no_domain_annotation
	no_domain_annotation
78.0	distal
	no_domain_annotation
	no_domain_annotation
0.0	in_domain
0.0	in_domain
0.0	in_domain
5.0	boundary
	no_domain_annotation
	no_domain_annotation
56.0	distal
12.0	boundary
22.0	distal
28.0	distal
30.0	distal
31.0	distal
0.0	in_domain
	no_domain_annotation
	no_domain_annotation
22.0	distal
100.0	inter_domain_linker
0.0	in_domain
0.0	in_domain
	no_domain_annotation
105.0	distal
110.0	distal
117.0	distal
121.0	distal
148.0	distal
152.0	distal
154.0	distal
	no_domain_annotation
	no_domain_annotation
98.0	inter_domain_linker
74.0	inter_domain_linker
59.0	inter_domain_linker
285.0	inter_domain_linker
447.0	inter_domain_linker
366.0	inter_domain_linker
104.0	inter_domain_linker
492.0	inter_domain_linker
516.0	inter_domain_linker
0.0	in_domain
0.0	in_domain
	no_domain_annotation
	no_domain_annotation
	no_domain_annotation
394.0	distal
1716.0	distal
0.0	in_domain
238.0	distal
242.0	distal
280.0	distal
290.0	distal
25.0	inter_domain_linker
28.0	distal
0.0	in_domain
84.0	distal
80.0	distal
78.0	distal
0.0	in_domain
18.0	boundary
	no_domain_annotation
	no_domain_annotation
	no_domain_annotation
	no_domain_annotation
	no_domain_annotation
	no_domain_annotation
	no_domain_annotation
	no_domain_annotation
0.0	in_domain
1588.0	distal
1163.0	distal
1083.0	distal
1081.0	distal
141.0	inter_domain_linker
	no_domain_annotation
	no_domain_annotation
0.0	in_domain
54.0	distal
0.0	in_domain
0.0	in_domain
	no_domain_annotation
	no_domain_annotation
0.0	in_domain
0.0	in_domain
0.0	in_domain
651.0	distal
604.0	distal
590.0	distal
549.0	distal
513.0	distal
504.0	distal
487.0	distal
453.0	distal
385.0	distal
351.0	distal
1099.0	distal
360.0	distal
352.0	distal
0.0	in_domain
	no_domain_annotation
0.0	in_domain
310.0	distal
0.0	in_domain
0.0	in_domain
0.0	in_domain
0.0	in_domain
0.0	in_domain
0.0	in_domain
	no_domain_annotation
30.0	distal
28.0	distal
0.0	in_domain
104.0	distal
109.0	distal
121.0	distal
96.0	inter_domain_linker
20.0	boundary
11.0	boundary
9.0	boundary
16.0	boundary
0.0	in_domain
784.0	distal
601.0	distal
599.0	distal
774.0	distal
0.0	in_domain
0.0	in_domain
75.0	inter_domain_linker
0.0	in_domain
74.0	inter_domain_linker
81.0	inter_domain_linker
110.0	inter_domain_linker
126.0	inter_domain_linker
132.0	inter_domain_linker
141.0	inter_domain_linker
144.0	inter_domain_linker
94.0	inter_domain_linker
84.0	inter_domain_linker
0.0	in_domain
0.0	in_domain
261.0	distal
269.0	distal
287.0	distal
289.0	distal
0.0	in_domain
130.0	distal
126.0	distal
0.0	in_domain
	no_domain_annotation
0.0	in_domain
818.0	distal
827.0	distal
835.0	distal
840.0	distal
845.0	distal
856.0	distal
18.0	boundary
0.0	in_domain
	no_domain_annotation
360.0	distal
365.0	distal
143.0	distal
95.0	distal
84.0	distal
76.0	distal
49.0	distal
0.0	in_domain
0.0	in_domain
	no_domain_annotation
	no_domain_annotation
	no_domain_annotation
	no_domain_annotation
268.0	distal
271.0	distal
	no_domain_annotation
	no_domain_annotation
0.0	in_domain
0.0	in_domain
52.0	inter_domain_linker
8.0	boundary
0.0	in_domain
355.0	distal
27.0	inter_domain_linker
0.0	in_domain
0.0	in_domain
	no_domain_annotation
	no_domain_annotation
	no_domain_annotation
	no_domain_annotation
54.0	distal
0.0	in_domain
0.0	in_domain
19.0	boundary
35.0	distal
0.0	in_domain
0.0	in_domain
	no_domain_annotation
235.0	distal
14.0	boundary
104.0	distal
98.0	distal
37.0	distal
107.0	distal
28.0	distal
50.0	distal
	no_domain_annotation
59.0	distal
0.0	in_domain
	no_domain_annotation
0.0	in_domain
26.0	distal
112.0	distal
41.0	distal
22.0	inter_domain_linker
26.0	inter_domain_linker
0.0	in_domain
10.0	boundary
7.0	boundary
2.0	boundary
112.0	distal
69.0	distal
0.0	in_domain
	no_domain_annotation
	no_domain_annotation
	no_domain_annotation
	no_domain_annotation
13.0	boundary
0.0	in_domain
	no_domain_annotation
	no_domain_annotation
0.0	in_domain
0.0	in_domain
0.0	in_domain
0.0	in_domain
	no_domain_annotation
335.0	distal
42.0	distal
29.0	distal
398.0	distal
395.0	distal
	no_domain_annotation
	no_domain_annotation
	no_domain_annotation
681.0	distal
1645.0	distal
	no_domain_annotation
0.0	in_domain
29.0	distal
27.0	distal
103.0	distal
100.0	distal
98.0	distal
0.0	in_domain
391.0	distal
0.0	in_domain
0.0	in_domain
	no_domain_annotation
251.0	inter_domain_linker
0.0	in_domain
0.0	in_domain
0.0	in_domain
285.0	distal
280.0	distal
5.0	boundary
249.0	distal
0.0	in_domain
	no_domain_annotation
	no_domain_annotation
0.0	in_domain
245.0	distal
164.0	distal
48.0	distal
0.0	in_domain
96.0	distal
103.0	distal
	no_domain_annotation
	no_domain_annotation
	no_domain_annotation
345.0	distal
1297.0	distal
	no_domain_annotation
0.0	in_domain
0.0	in_domain
	no_domain_annotation
	no_domain_annotation
0.0	in_domain
	no_domain_annotation
	no_domain_annotation
	no_domain_annotation
363.0	distal
	no_domain_annotation
	no_domain_annotation
	no_domain_annotation
66.0	inter_domain_linker
24.0	inter_domain_linker
0.0	in_domain
0.0	in_domain
0.0	in_domain
23.0	inter_domain_linker
15.0	boundary
4.0	boundary
	no_domain_annotation
	no_domain_annotation
	no_domain_annotation
	no_domain_annotation
80.0	distal
0.0	in_domain
215.0	distal
0.0	in_domain
0.0	in_domain
15.0	boundary
88.0	distal
	no_domain_annotation
0.0	in_domain
106.0	distal
52.0	distal
0.0	in_domain
13.0	boundary
28.0	inter_domain_linker
25.0	distal
27.0	inter_domain_linker
39.0	inter_domain_linker
89.0	inter_domain_linker
0.0	in_domain
110.0	distal
	no_domain_annotation
	no_domain_annotation
24.0	distal
0.0	in_domain
0.0	in_domain
11.0	boundary
59.0	distal
19.0	boundary
9.0	boundary
3.0	boundary
0.0	in_domain
32.0	distal
0.0	in_domain
23.0	distal
20.0	boundary
157.0	distal
159.0	distal
	no_domain_annotation
	no_domain_annotation
0.0	in_domain
	no_domain_annotation
101.0	distal
112.0	distal
0.0	in_domain
25.0	distal
0.0	in_domain
0.0	in_domain
	no_domain_annotation
	no_domain_annotation
0.0	in_domain
1.0	boundary
901.0	distal
243.0	inter_domain_linker
230.0	inter_domain_linker
126.0	inter_domain_linker
99.0	inter_domain_linker
31.0	distal
36.0	distal
46.0	distal
61.0	distal
121.0	distal
676.0	distal
672.0	distal
663.0	distal
653.0	distal
0.0	in_domain
0.0	in_domain
40.0	distal
58.0	distal
43.0	distal
189.0	inter_domain_linker
229.0	inter_domain_linker
417.0	inter_domain_linker
387.0	inter_domain_linker
64.0	distal
0.0	in_domain
76.0	inter_domain_linker
0.0	in_domain
0.0	in_domain
	no_domain_annotation
	no_domain_annotation
	no_domain_annotation
22.0	distal
3.0	boundary
0.0	in_domain
2.0	boundary
6.0	boundary
4.0	boundary
222.0	distal
0.0	in_domain
	no_domain_annotation
76.0	inter_domain_linker
73.0	inter_domain_linker
49.0	inter_domain_linker
65.0	inter_domain_linker
9.0	boundary
16.0	boundary
589.0	distal
	no_domain_annotation
164.0	distal
169.0	distal
56.0	inter_domain_linker
0.0	in_domain
0.0	in_domain
383.0	distal
768.0	distal
888.0	distal
914.0	distal
63.0	distal
114.0	distal
	no_domain_annotation
169.0	inter_domain_linker
125.0	inter_domain_linker
125.0	distal
472.0	distal
685.0	distal
0.0	in_domain
1612.0	distal
1601.0	distal
1804.0	distal
1435.0	distal
	no_domain_annotation
0.0	in_domain
97.0	inter_domain_linker
281.0	distal
179.0	distal
42.0	distal
207.0	inter_domain_linker
434.0	distal
0.0	in_domain
80.0	distal
0.0	in_domain
0.0	in_domain
0.0	in_domain
13.0	boundary
18.0	boundary
64.0	distal
260.0	distal
220.0	distal
212.0	distal
206.0	distal
203.0	distal
200.0	distal
192.0	distal
183.0	distal
174.0	distal
154.0	distal
144.0	distal
119.0	distal
0.0	in_domain
44.0	inter_domain_linker
202.0	distal
942.0	distal
778.0	distal
771.0	distal
742.0	distal
737.0	distal
679.0	distal
926.0	distal
923.0	distal
911.0	distal
910.0	distal
866.0	distal
0.0	in_domain
0.0	in_domain
54.0	distal
0.0	in_domain
19.0	boundary
93.0	distal
98.0	distal
	no_domain_annotation
	no_domain_annotation
	no_domain_annotation
0.0	in_domain
	no_domain_annotation
	no_domain_annotation
	no_domain_annotation
	no_domain_annotation
	no_domain_annotation
	no_domain_annotation
	no_domain_annotation
9.0	boundary
5.0	boundary
0.0	in_domain
9.0	boundary
23.0	distal
29.0	distal
38.0	distal
43.0	distal
48.0	distal
59.0	distal
67.0	distal
2.0	boundary
0.0	in_domain
0.0	in_domain
0.0	in_domain
2.0	boundary
0.0	in_domain
60.0	distal
52.0	distal
40.0	distal
	no_domain_annotation
	no_domain_annotation
	no_domain_annotation
	no_domain_annotation
0.0	in_domain
0.0	in_domain
0.0	in_domain
21.0	inter_domain_linker
7.0	boundary
37.0	distal
31.0	distal
22.0	distal
0.0	in_domain
0.0	in_domain
177.0	inter_domain_linker
0.0	in_domain
0.0	in_domain
0.0	in_domain
0.0	in_domain
0.0	in_domain
0.0	in_domain
83.0	distal
0.0	in_domain
0.0	in_domain
0.0	in_domain
1525.0	distal
1830.0	distal
2138.0	distal
3229.0	distal
0.0	in_domain
0.0	in_domain
5.0	boundary
169.0	distal
0.0	in_domain
493.0	distal
509.0	distal
520.0	distal
567.0	distal
569.0	distal
571.0	distal
576.0	distal
580.0	distal
586.0	distal
0.0	in_domain
364.0	distal
374.0	distal
385.0	distal
414.0	distal
428.0	distal
435.0	distal
0.0	in_domain
13.0	boundary
70.0	inter_domain_linker
90.0	inter_domain_linker
110.0	inter_domain_linker
132.0	inter_domain_linker
146.0	inter_domain_linker
153.0	inter_domain_linker
159.0	inter_domain_linker
150.0	inter_domain_linker
135.0	inter_domain_linker
54.0	inter_domain_linker
45.0	inter_domain_linker
0.0	in_domain
0.0	in_domain
0.0	in_domain
0.0	in_domain
131.0	distal
0.0	in_domain
135.0	inter_domain_linker
126.0	inter_domain_linker
85.0	inter_domain_linker
99.0	inter_domain_linker
7.0	boundary
5.0	boundary
1.0	boundary
2.0	boundary
119.0	inter_domain_linker
0.0	in_domain
162.0	distal
120.0	distal
64.0	distal
62.0	distal
45.0	distal
106.0	distal
0.0	in_domain
0.0	in_domain
	no_domain_annotation
	no_domain_annotation
190.0	distal
221.0	distal
1160.0	distal
1292.0	distal
	no_domain_annotation
	no_domain_annotation
0.0	in_domain
49.0	inter_domain_linker
42.0	inter_domain_linker
3.0	boundary
30.0	inter_domain_linker
0.0	in_domain
16.0	boundary
116.0	inter_domain_linker
28.0	distal
513.0	distal
1145.0	distal
1242.0	distal
18.0	boundary
1447.0	distal
1481.0	distal
1512.0	distal
1525.0	distal
1539.0	distal
1549.0	distal
1564.0	distal
1592.0	distal
1606.0	distal
1619.0	distal
1646.0	distal
1660.0	distal
1674.0	distal
1688.0	distal
1702.0	distal
1710.0	distal
1778.0	distal
2016.0	distal
12.0	boundary
10.0	boundary
9.0	boundary
6.0	boundary
74.0	distal
75.0	distal
84.0	distal
0.0	in_domain
1.0	boundary
0.0	in_domain
0.0	in_domain
0.0	in_domain
0.0	in_domain
0.0	in_domain
0.0	in_domain
0.0	in_domain
0.0	in_domain
0.0	in_domain
0.0	in_domain
0.0	in_domain
0.0	in_domain
0.0	in_domain
0.0	in_domain
402.0	distal
	no_domain_annotation
0.0	in_domain
	no_domain_annotation
26.0	inter_domain_linker
0.0	in_domain
0.0	in_domain
0.0	in_domain
	no_domain_annotation
0.0	in_domain
0.0	in_domain
0.0	in_domain
0.0	in_domain
16.0	boundary
56.0	inter_domain_linker
27.0	distal
0.0	in_domain
137.0	inter_domain_linker
153.0	inter_domain_linker
164.0	inter_domain_linker
5.0	boundary
0.0	in_domain
0.0	in_domain
0.0	in_domain
173.0	distal
181.0	distal
246.0	distal
257.0	distal
0.0	in_domain
0.0	in_domain
0.0	in_domain
0.0	in_domain
0.0	in_domain
0.0	in_domain
0.0	in_domain
0.0	in_domain
	no_domain_annotation
	no_domain_annotation
	no_domain_annotation
	no_domain_annotation
	no_domain_annotation
0.0	in_domain
166.0	inter_domain_linker
175.0	inter_domain_linker
79.0	inter_domain_linker
55.0	inter_domain_linker
44.0	inter_domain_linker
15.0	boundary
153.0	distal
132.0	distal
48.0	inter_domain_linker
285.0	distal
0.0	in_domain
182.0	distal
184.0	distal
591.0	distal
601.0	distal
52.0	distal
0.0	in_domain
0.0	in_domain
0.0	in_domain
0.0	in_domain
0.0	in_domain
17.0	boundary
0.0	in_domain
127.0	distal
142.0	distal
0.0	in_domain
0.0	in_domain
0.0	in_domain
31.0	distal
138.0	distal
	no_domain_annotation
	no_domain_annotation
8.0	boundary
0.0	in_domain
11.0	boundary
10.0	boundary
13.0	boundary
	no_domain_annotation
	no_domain_annotation
	no_domain_annotation
	no_domain_annotation
	no_domain_annotation
	no_domain_annotation
	no_domain_annotation
	no_domain_annotation
	no_domain_annotation
	no_domain_annotation
	no_domain_annotation
	no_domain_annotation
	no_domain_annotation
	no_domain_annotation
	no_domain_annotation
	no_domain_annotation
	no_domain_annotation
	no_domain_annotation
	no_domain_annotation
	no_domain_annotation
	no_domain_annotation
	no_domain_annotation
	no_domain_annotation
	no_domain_annotation
	no_domain_annotation
86.0	distal
100.0	distal
393.0	distal
485.0	distal
	no_domain_annotation
	no_domain_annotation
0.0	in_domain
1.0	boundary
37.0	distal
38.0	distal
28.0	distal
	no_domain_annotation
	no_domain_annotation
	no_domain_annotation
43.0	distal
60.0	distal
34.0	distal
139.0	distal
200.0	distal
1.0	boundary
10.0	boundary
	no_domain_annotation
	no_domain_annotation
	no_domain_annotation
	no_domain_annotation
	no_domain_annotation
	no_domain_annotation
	no_domain_annotation
	no_domain_annotation
3.0	boundary
0.0	in_domain
0.0	in_domain
0.0	in_domain
2.0	boundary
0.0	in_domain
30.0	distal
0.0	in_domain
33.0	distal
0.0	in_domain
	no_domain_annotation
	no_domain_annotation
	no_domain_annotation
	no_domain_annotation
	no_domain_annotation
	no_domain_annotation
4.0	boundary
5.0	boundary
0.0	in_domain
	no_domain_annotation
	no_domain_annotation
	no_domain_annotation
73.0	distal
101.0	distal
103.0	distal
120.0	distal
126.0	distal
130.0	distal
	no_domain_annotation
37.0	inter_domain_linker
0.0	in_domain
	no_domain_annotation
27.0	distal
39.0	distal
42.0	distal
60.0	distal
	no_domain_annotation
	no_domain_annotation
	no_domain_annotation
	no_domain_annotation
	no_domain_annotation
	no_domain_annotation
	no_domain_annotation
	no_domain_annotation
	no_domain_annotation
	no_domain_annotation
	no_domain_annotation
	no_domain_annotation
	no_domain_annotation
	no_domain_annotation
	no_domain_annotation
	no_domain_annotation
54.0	distal
47.0	distal
43.0	distal
39.0	distal
36.0	distal
29.0	distal
23.0	distal
17.0	boundary
14.0	boundary
9.0	boundary
5.0	boundary
4.0	boundary
0.0	in_domain
0.0	in_domain
0.0	in_domain
0.0	in_domain
0.0	in_domain
0.0	in_domain
0.0	in_domain
0.0	in_domain
0.0	in_domain
0.0	in_domain
0.0	in_domain
0.0	in_domain
0.0	in_domain
106.0	distal
70.0	distal
67.0	distal
60.0	distal
89.0	distal
269.0	distal
0.0	in_domain
0.0	in_domain
64.0	inter_domain_linker
3.0	boundary
47.0	inter_domain_linker
	no_domain_annotation
	no_domain_annotation
	no_domain_annotation
	no_domain_annotation
	no_domain_annotation
	no_domain_annotation
	no_domain_annotation
	no_domain_annotation
	no_domain_annotation
	no_domain_annotation
	no_domain_annotation
	no_domain_annotation
	no_domain_annotation
349.0	distal
356.0	distal
499.0	distal
537.0	distal
0.0	in_domain
383.0	distal
14.0	boundary
23.0	distal
26.0	distal
198.0	distal
191.0	distal
0.0	in_domain
	no_domain_annotation
36.0	distal
10.0	boundary
	no_domain_annotation
	no_domain_annotation
313.0	distal
303.0	distal
289.0	distal
0.0	in_domain
0.0	in_domain
241.0	inter_domain_linker
234.0	inter_domain_linker
62.0	inter_domain_linker
60.0	inter_domain_linker
31.0	inter_domain_linker
25.0	inter_domain_linker
20.0	boundary
95.0	distal
100.0	distal
111.0	distal
128.0	distal
268.0	distal
271.0	distal
570.0	distal
575.0	distal
583.0	distal
585.0	distal
0.0	in_domain
0.0	in_domain
	no_domain_annotation
575.0	distal
559.0	distal
758.0	distal
0.0	in_domain
107.0	distal
102.0	distal
	no_domain_annotation
	no_domain_annotation
	no_domain_annotation
	no_domain_annotation
	no_domain_annotation
	no_domain_annotation
0.0	in_domain
0.0	in_domain
25.0	distal
32.0	distal
38.0	distal
40.0	distal
48.0	distal
0.0	in_domain
11.0	boundary
13.0	boundary
9.0	boundary
	no_domain_annotation
	no_domain_annotation
1017.0	distal
1026.0	distal
1028.0	distal
1030.0	distal
1036.0	distal
1038.0	distal
1047.0	distal
1052.0	distal
1182.0	distal
1184.0	distal
1189.0	distal
1190.0	distal
1193.0	distal
1198.0	distal
1207.0	distal
1391.0	distal
1405.0	distal
1799.0	distal
1932.0	distal
82.0	distal
2387.0	distal
95.0	distal
2477.0	distal
106.0	distal
2519.0	distal
2529.0	distal
2559.0	distal
119.0	distal
2635.0	distal
121.0	distal
2654.0	distal
2663.0	distal
133.0	distal
240.0	distal
262.0	distal
0.0	in_domain
555.0	distal
587.0	distal
644.0	distal
673.0	distal
0.0	in_domain
111.0	distal
126.0	inter_domain_linker
63.0	distal
0.0	in_domain
199.0	distal
221.0	distal
0.0	in_domain
56.0	distal
65.0	distal
103.0	distal
111.0	distal
114.0	distal
124.0	distal
128.0	distal
142.0	distal
0.0	in_domain
	no_domain_annotation
	no_domain_annotation
0.0	in_domain
0.0	in_domain
0.0	in_domain
0.0	in_domain
0.0	in_domain
13.0	boundary
17.0	boundary
20.0	boundary
36.0	inter_domain_linker
0.0	in_domain
0.0	in_domain
0.0	in_domain
0.0	in_domain
0.0	in_domain
0.0	in_domain
	no_domain_annotation
	no_domain_annotation
	no_domain_annotation
	no_domain_annotation
	no_domain_annotation
	no_domain_annotation
0.0	in_domain
0.0	in_domain
0.0	in_domain
0.0	in_domain
0.0	in_domain
53.0	distal
73.0	distal
20.0	boundary
	no_domain_annotation
65.0	inter_domain_linker
0.0	in_domain
0.0	in_domain
29.0	distal
	no_domain_annotation
	no_domain_annotation
	no_domain_annotation
	no_domain_annotation
	no_domain_annotation
204.0	distal
157.0	distal
0.0	in_domain
	no_domain_annotation
	no_domain_annotation
	no_domain_annotation
	no_domain_annotation
	no_domain_annotation
	no_domain_annotation
0.0	in_domain
0.0	in_domain
0.0	in_domain
0.0	in_domain
3.0	boundary
0.0	in_domain
565.0	distal
691.0	distal
895.0	distal
902.0	distal
907.0	distal
955.0	distal
964.0	distal
978.0	distal
992.0	distal
1010.0	distal
1021.0	distal
1045.0	distal
1050.0	distal
1055.0	distal
1068.0	distal
1096.0	distal
124.0	distal
48.0	distal
0.0	in_domain
0.0	in_domain
	no_domain_annotation
	no_domain_annotation
	no_domain_annotation
	no_domain_annotation
0.0	in_domain
0.0	in_domain
0.0	in_domain
0.0	in_domain
0.0	in_domain
0.0	in_domain
0.0	in_domain
0.0	in_domain
	no_domain_annotation
	no_domain_annotation
0.0	in_domain
	no_domain_annotation
	no_domain_annotation
	no_domain_annotation
	no_domain_annotation
	no_domain_annotation
87.0	distal
390.0	distal
325.0	inter_domain_linker
314.0	inter_domain_linker
16.0	boundary
22.0	distal
190.0	distal
196.0	distal
202.0	distal
228.0	distal
0.0	in_domain
0.0	in_domain
37.0	inter_domain_linker
0.0	in_domain
0.0	in_domain
0.0	in_domain
120.0	distal
0.0	in_domain
335.0	distal
363.0	distal
70.0	inter_domain_linker
78.0	inter_domain_linker
84.0	inter_domain_linker
95.0	inter_domain_linker
39.0	inter_domain_linker
94.0	inter_domain_linker
81.0	inter_domain_linker
0.0	in_domain
0.0	in_domain
33.0	distal
35.0	distal
0.0	in_domain
0.0	in_domain
82.0	distal
85.0	distal
0.0	in_domain
	no_domain_annotation
	no_domain_annotation
208.0	inter_domain_linker
88.0	distal
0.0	in_domain
	no_domain_annotation
	no_domain_annotation
198.0	distal
359.0	inter_domain_linker
29.0	distal
4.0	boundary
0.0	in_domain
0.0	in_domain
0.0	in_domain
35.0	distal
