canonical_UniProtAC	position	site_key	nearest_domain_edge_distance	domain_edge_bin_compact	outside_domain_idr_segment_id	outside_domain_idr_start	outside_domain_idr_end	outside_domain_idr_length
A0AV96	381	A0AV96:R381	63.0	Domain-distal >40 aa	A0AV96:5:381-391	381	391	11
A0AV96	383	A0AV96:R383	65.0	Domain-distal >40 aa	A0AV96:5:381-391	381	391	11
A0AV96	389	A0AV96:R389	71.0	Domain-distal >40 aa	A0AV96:5:381-391	381	391	11
A0AVF1	12	A0AVF1:R12	45.0	Domain-distal >40 aa	A0AVF1:1:1-26	1	26	26
A1L020	419	A1L020:R419	50.0	Domain-distal >40 aa	A1L020:7:403-461	403	461	59
A1L020	427	A1L020:R427	42.0	Domain-distal >40 aa	A1L020:7:403-461	403	461	59
A1L390	1099	A1L390:R1099	703.0	Domain-distal >40 aa	A1L390:19:1056-1134	1056	1134	79
A1L390	1105	A1L390:R1105	709.0	Domain-distal >40 aa	A1L390:19:1056-1134	1056	1134	79
A1L390	1107	A1L390:R1107	711.0	Domain-distal >40 aa	A1L390:19:1056-1134	1056	1134	79
A4D1S0	174	A4D1S0:R174	119.0	Domain-distal >40 aa	A4D1S0:5:174-216	174	216	43
A5PL33	186	A5PL33:R186	9.0	Domain edge <=20 aa	A5PL33:4:144-194	144	194	51
A5PL33	190	A5PL33:R190	5.0	Domain edge <=20 aa	A5PL33:4:144-194	144	194	51
A5PL33	558	A5PL33:R558	29.0	Domain edge 21-40 aa	A5PL33:10:548-562	548	562	15
A5PL33	889	A5PL33:R889	247.0	Domain-distal >40 aa	A5PL33:17:868-1030	868	1030	163
A5PL33	905	A5PL33:R905	263.0	Domain-distal >40 aa	A5PL33:17:868-1030	868	1030	163
A6NCL7	370	A6NCL7:R370	117.0	Domain-distal >40 aa	A6NCL7:6:349-494	349	494	146
A6NED2	25	A6NED2:R25	135.0	Domain-distal >40 aa	A6NED2:2:25-32	25	32	8
A6NED2	27	A6NED2:R27	133.0	Domain-distal >40 aa	A6NED2:2:25-32	25	32	8
A6NEL2	112	A6NEL2:R112	23.0	Domain edge 21-40 aa	A6NEL2:2:90-186	90	186	97
A6NEL2	282	A6NEL2:R282	193.0	Domain-distal >40 aa	A6NEL2:3:216-290	216	290	75
A6NFI3	576	A6NFI3:R576	59.0	Domain-distal >40 aa	A6NFI3:5:518-593	518	593	76
A6NFI3	577	A6NFI3:R577	60.0	Domain-distal >40 aa	A6NFI3:5:518-593	518	593	76
A6NHR9	26	A6NHR9:R26	371.0	Domain-distal >40 aa	A6NHR9:2:26-26	26	26	1
A6NJG2	10	A6NJG2:R10	102.0	Domain-distal >40 aa	A6NJG2:1:1-39	1	39	39
A6QL63	4	A6QL63:R4	94.0	Domain-distal >40 aa	A6QL63:1:1-8	1	8	8
A7E2V4	1120	A7E2V4:R1120	541.0	Domain-distal >40 aa	A7E2V4:8:1013-1232	1013	1232	220
A7E2V4	1162	A7E2V4:R1162	499.0	Domain-distal >40 aa	A7E2V4:8:1013-1232	1013	1232	220
A7E2V4	1165	A7E2V4:R1165	496.0	Domain-distal >40 aa	A7E2V4:8:1013-1232	1013	1232	220
A7E2V4	1175	A7E2V4:R1175	486.0	Domain-distal >40 aa	A7E2V4:8:1013-1232	1013	1232	220
A7E2V4	1454	A7E2V4:R1454	207.0	Domain-distal >40 aa	A7E2V4:10:1431-1465	1431	1465	35
A7E2V4	1460	A7E2V4:R1460	201.0	Domain-distal >40 aa	A7E2V4:10:1431-1465	1431	1465	35
A7KAX9	1533	A7KAX9:R1533	966.0	Domain-distal >40 aa	A7KAX9:43:1533-1533	1533	1533	1
A7MBM2	1188	A7MBM2:R1188	545.0	Domain-distal >40 aa	A7MBM2:10:1169-1194	1169	1194	26
A7MCY6	427	A7MCY6:R427	85.0	Domain-distal >40 aa	A7MCY6:11:343-476	343	476	134
B1AK53	811	B1AK53:R811	138.0	Domain-distal >40 aa	B1AK53:12:764-834	764	834	71
B2RTY4	2286	B2RTY4:R2286	35.0	Domain edge 21-40 aa	B2RTY4:25:2283-2296	2283	2296	14
B5ME19	902	B5ME19:R902	24.0	Domain edge 21-40 aa	B5ME19:3:893-914	893	914	22
B5ME19	906	B5ME19:R906	28.0	Domain edge 21-40 aa	B5ME19:3:893-914	893	914	22
B8ZZ34	382	B8ZZ34:R382	274.0	Domain-distal >40 aa	B8ZZ34:13:378-385	378	385	8
C9J069	205	C9J069:R205	506.0	Domain-distal >40 aa	C9J069:6:197-215	197	215	19
C9J069	231	C9J069:R231	480.0	Domain-distal >40 aa	C9J069:7:218-245	218	245	28
C9JG80	1049	C9JG80:R1049	261.0	Domain-distal >40 aa	C9JG80:6:871-1138	871	1138	268
C9JLR9	15	C9JLR9:R15	91.0	Domain-distal >40 aa	C9JLR9:1:1-101	1	101	101
C9JLR9	26	C9JLR9:R26	80.0	Domain-distal >40 aa	C9JLR9:1:1-101	1	101	101
C9JLR9	28	C9JLR9:R28	78.0	Domain-distal >40 aa	C9JLR9:1:1-101	1	101	101
C9JLR9	226	C9JLR9:R226	39.0	Domain edge 21-40 aa	C9JLR9:3:182-256	182	256	75
D6RIA3	1322	D6RIA3:R1322	283.0	Domain-distal >40 aa	D6RIA3:23:1315-1322	1315	1322	8
O00182	173	O00182:R173	25.0	Domain edge 21-40 aa	O00182:3:170-188	170	188	19
O00192	180	O00192:R180	209.0	Domain-distal >40 aa	O00192:8:180-291	180	291	112
O00192	206	O00192:R206	183.0	Domain-distal >40 aa	O00192:8:180-291	180	291	112
O00192	211	O00192:R211	178.0	Domain-distal >40 aa	O00192:8:180-291	180	291	112
O00192	214	O00192:R214	175.0	Domain-distal >40 aa	O00192:8:180-291	180	291	112
O00192	591	O00192:R591	11.0	Domain edge <=20 aa	O00192:14:589-617	589	617	29
O00193	14	O00193:R14	13.0	Domain edge <=20 aa	O00193:1:1-26	1	26	26
O00220	52	O00220:R52	77.0	Domain-distal >40 aa	O00220:3:16-85	16	85	70
O00257	137	O00257:R137	68.0	Domain-distal >40 aa	O00257:3:91-202	91	202	112
O00264	71	O00264:R71	2.0	Domain edge <=20 aa	O00264:2:50-71	50	71	22
O00267	668	O00267:R668	28.0	Domain edge 21-40 aa	O00267:4:665-701	665	701	37
O00267	681	O00267:R681	21.0	Domain edge 21-40 aa	O00267:4:665-701	665	701	37
O00267	696	O00267:R696	6.0	Domain edge <=20 aa	O00267:4:665-701	665	701	37
O00267	698	O00267:R698	4.0	Domain edge <=20 aa	O00267:4:665-701	665	701	37
O00267	757	O00267:R757	6.0	Domain edge <=20 aa	O00267:5:752-771	752	771	20
O00268	414	O00268:R414	176.0	Domain-distal >40 aa	O00268:7:378-426	378	426	49
O00268	424	O00268:R424	166.0	Domain-distal >40 aa	O00268:7:378-426	378	426	49
O00268	435	O00268:R435	155.0	Domain-distal >40 aa	O00268:9:432-448	432	448	17
O00268	754	O00268:R754	67.0	Domain-distal >40 aa	O00268:16:728-755	728	755	28
O00291	3	O00291:R3	29.0	Domain edge 21-40 aa	O00291:1:1-20	1	20	20
O00294	82	O00294:R82	214.0	Domain-distal >40 aa	O00294:1:1-295	1	295	295
O00401	274	O00401:R274	14.0	Domain edge <=20 aa	O00401:4:263-403	263	403	141
O00401	284	O00401:R284	24.0	Domain edge 21-40 aa	O00401:4:263-403	263	403	141
O00401	305	O00401:R305	45.0	Domain-distal >40 aa	O00401:4:263-403	263	403	141
O00401	307	O00401:R307	47.0	Domain-distal >40 aa	O00401:4:263-403	263	403	141
O00401	329	O00401:R329	69.0	Domain-distal >40 aa	O00401:4:263-403	263	403	141
O00444	357	O00444:R357	92.0	Domain-distal >40 aa	O00444:3:320-428	320	428	109
O00444	359	O00444:R359	94.0	Domain-distal >40 aa	O00444:3:320-428	320	428	109
O00470	369	O00470:R369	32.0	Domain edge 21-40 aa	O00470:9:369-375	369	375	7
O00512	508	O00512:R508	121.0	Domain-distal >40 aa	O00512:4:505-564	505	564	60
O00512	512	O00512:R512	125.0	Domain-distal >40 aa	O00512:4:505-564	505	564	60
O00512	561	O00512:R561	174.0	Domain-distal >40 aa	O00512:4:505-564	505	564	60
O00512	620	O00512:R620	233.0	Domain-distal >40 aa	O00512:5:568-627	568	627	60
O00512	1254	O00512:R1254	867.0	Domain-distal >40 aa	O00512:18:1249-1276	1249	1276	28
O00512	1260	O00512:R1260	873.0	Domain-distal >40 aa	O00512:18:1249-1276	1249	1276	28
O00541	313	O00541:R313	9.0	Domain edge <=20 aa	O00541:4:294-315	294	315	22
O00541	314	O00541:R314	8.0	Domain edge <=20 aa	O00541:4:294-315	294	315	22
O00555	948	O00555:R948	226.0	Domain-distal >40 aa	O00555:8:810-1221	810	1221	412
O00555	956	O00555:R956	234.0	Domain-distal >40 aa	O00555:8:810-1221	810	1221	412
O00555	987	O00555:R987	256.0	Domain-distal >40 aa	O00555:8:810-1221	810	1221	412
O00562	1211	O00562:R1211	57.0	Domain-distal >40 aa	O00562:8:1204-1244	1204	1244	41
O00562	1230	O00562:R1230	76.0	Domain-distal >40 aa	O00562:8:1204-1244	1204	1244	41
O00571	75	O00571:R75	105.0	Domain-distal >40 aa	O00571:2:12-150	12	150	139
O00571	79	O00571:R79	101.0	Domain-distal >40 aa	O00571:2:12-150	12	150	139
O00571	88	O00571:R88	92.0	Domain-distal >40 aa	O00571:2:12-150	12	150	139
O00571	93	O00571:R93	87.0	Domain-distal >40 aa	O00571:2:12-150	12	150	139
O00571	95	O00571:R95	85.0	Domain-distal >40 aa	O00571:2:12-150	12	150	139
O00571	99	O00571:R99	81.0	Domain-distal >40 aa	O00571:2:12-150	12	150	139
O00571	101	O00571:R101	79.0	Domain-distal >40 aa	O00571:2:12-150	12	150	139
O00571	110	O00571:R110	70.0	Domain-distal >40 aa	O00571:2:12-150	12	150	139
O00571	121	O00571:R121	59.0	Domain-distal >40 aa	O00571:2:12-150	12	150	139
O00571	585	O00571:R585	10.0	Domain edge <=20 aa	O00571:6:580-639	580	639	60
O00571	587	O00571:R587	12.0	Domain edge <=20 aa	O00571:6:580-639	580	639	60
O00571	592	O00571:R592	17.0	Domain edge <=20 aa	O00571:6:580-639	580	639	60
O00571	600	O00571:R600	25.0	Domain edge 21-40 aa	O00571:6:580-639	580	639	60
O00571	603	O00571:R603	28.0	Domain edge 21-40 aa	O00571:6:580-639	580	639	60
O00571	617	O00571:R617	42.0	Domain-distal >40 aa	O00571:6:580-639	580	639	60
O00571	622	O00571:R622	47.0	Domain-distal >40 aa	O00571:6:580-639	580	639	60
O00571	632	O00571:R632	57.0	Domain-distal >40 aa	O00571:6:580-639	580	639	60
O00712	335	O00712:R335	140.0	Domain-distal >40 aa	O00712:4:231-377	231	377	147
O00712	388	O00712:R388	193.0	Domain-distal >40 aa	O00712:6:383-420	383	420	38
O00716	121	O00716:R121	57.0	Domain-distal >40 aa	O00716:4:90-177	90	177	88
O00762	28	O00762:R28	2.0	Domain edge <=20 aa	O00762:1:1-29	1	29	29
O14497	235	O14497:R235	782.0	Domain-distal >40 aa	O14497:1:1-893	1	893	893
O14497	376	O14497:R376	641.0	Domain-distal >40 aa	O14497:1:1-893	1	893	893
O14497	391	O14497:R391	626.0	Domain-distal >40 aa	O14497:1:1-893	1	893	893
O14497	429	O14497:R429	588.0	Domain-distal >40 aa	O14497:1:1-893	1	893	893
O14497	727	O14497:R727	290.0	Domain-distal >40 aa	O14497:1:1-893	1	893	893
O14497	750	O14497:R750	267.0	Domain-distal >40 aa	O14497:1:1-893	1	893	893
O14497	755	O14497:R755	262.0	Domain-distal >40 aa	O14497:1:1-893	1	893	893
O14497	774	O14497:R774	243.0	Domain-distal >40 aa	O14497:1:1-893	1	893	893
O14497	811	O14497:R811	206.0	Domain-distal >40 aa	O14497:1:1-893	1	893	893
O14497	1223	O14497:R1223	113.0	Domain-distal >40 aa	O14497:7:1112-1498	1112	1498	387
O14497	1237	O14497:R1237	127.0	Domain-distal >40 aa	O14497:7:1112-1498	1112	1498	387
O14497	1276	O14497:R1276	166.0	Domain-distal >40 aa	O14497:7:1112-1498	1112	1498	387
O14497	1287	O14497:R1287	177.0	Domain-distal >40 aa	O14497:7:1112-1498	1112	1498	387
O14497	1511	O14497:R1511	401.0	Domain-distal >40 aa	O14497:8:1502-1647	1502	1647	146
O14497	1566	O14497:R1566	410.0	Domain-distal >40 aa	O14497:8:1502-1647	1502	1647	146
O14511	837	O14511:R837	7.0	Domain edge <=20 aa	O14511:2:831-850	831	850	20
O14559	1070	O14559:R1070	560.0	Domain-distal >40 aa	O14559:17:1051-1075	1051	1075	25
O14559	1205	O14559:R1205	695.0	Domain-distal >40 aa	O14559:21:1089-1287	1089	1287	199
O14559	1244	O14559:R1244	734.0	Domain-distal >40 aa	O14559:21:1089-1287	1089	1287	199
O14578	2003	O14578:R2003	114.0	Domain-distal >40 aa	O14578:22:1904-2027	1904	2027	124
O14647	1637	O14647:R1637	82.0	Domain-distal >40 aa	O14647:9:1556-1662	1556	1662	107
O14647	1685	O14647:R1685	130.0	Domain-distal >40 aa	O14647:11:1679-1828	1679	1828	150
O14647	1718	O14647:R1718	163.0	Domain-distal >40 aa	O14647:11:1679-1828	1679	1828	150
O14647	1742	O14647:R1742	187.0	Domain-distal >40 aa	O14647:11:1679-1828	1679	1828	150
O14647	1743	O14647:R1743	188.0	Domain-distal >40 aa	O14647:11:1679-1828	1679	1828	150
O14654	410	O14654:R410	72.0	Domain-distal >40 aa	O14654:4:403-654	403	654	252
O14654	442	O14654:R442	104.0	Domain-distal >40 aa	O14654:4:403-654	403	654	252
O14654	444	O14654:R444	106.0	Domain-distal >40 aa	O14654:4:403-654	403	654	252
O14654	684	O14654:R684	346.0	Domain-distal >40 aa	O14654:6:666-945	666	945	280
O14654	741	O14654:R741	403.0	Domain-distal >40 aa	O14654:6:666-945	666	945	280
O14654	749	O14654:R749	411.0	Domain-distal >40 aa	O14654:6:666-945	666	945	280
O14654	839	O14654:R839	501.0	Domain-distal >40 aa	O14654:6:666-945	666	945	280
O14654	913	O14654:R913	575.0	Domain-distal >40 aa	O14654:6:666-945	666	945	280
O14686	2188	O14686:R2188	108.0	Domain-distal >40 aa	O14686:17:2165-2827	2165	2827	663
O14686	2443	O14686:R2443	363.0	Domain-distal >40 aa	O14686:17:2165-2827	2165	2827	663
O14686	2471	O14686:R2471	391.0	Domain-distal >40 aa	O14686:17:2165-2827	2165	2827	663
O14686	2535	O14686:R2535	455.0	Domain-distal >40 aa	O14686:17:2165-2827	2165	2827	663
O14686	2771	O14686:R2771	691.0	Domain-distal >40 aa	O14686:17:2165-2827	2165	2827	663
O14686	2774	O14686:R2774	694.0	Domain-distal >40 aa	O14686:17:2165-2827	2165	2827	663
O14686	2801	O14686:R2801	721.0	Domain-distal >40 aa	O14686:17:2165-2827	2165	2827	663
O14686	2836	O14686:R2836	756.0	Domain-distal >40 aa	O14686:18:2829-2996	2829	2996	168
O14686	2860	O14686:R2860	780.0	Domain-distal >40 aa	O14686:18:2829-2996	2829	2996	168
O14686	2881	O14686:R2881	801.0	Domain-distal >40 aa	O14686:18:2829-2996	2829	2996	168
O14686	2903	O14686:R2903	823.0	Domain-distal >40 aa	O14686:18:2829-2996	2829	2996	168
O14686	2905	O14686:R2905	825.0	Domain-distal >40 aa	O14686:18:2829-2996	2829	2996	168
O14686	2915	O14686:R2915	835.0	Domain-distal >40 aa	O14686:18:2829-2996	2829	2996	168
O14686	2922	O14686:R2922	842.0	Domain-distal >40 aa	O14686:18:2829-2996	2829	2996	168
O14686	3626	O14686:R3626	1403.0	Domain-distal >40 aa	O14686:32:3577-3708	3577	3708	132
O14686	3707	O14686:R3707	1322.0	Domain-distal >40 aa	O14686:32:3577-3708	3577	3708	132
O14686	3727	O14686:R3727	1302.0	Domain-distal >40 aa	O14686:34:3726-3848	3726	3848	123
O14686	3851	O14686:R3851	1178.0	Domain-distal >40 aa	O14686:35:3851-3897	3851	3897	47
O14686	4212	O14686:R4212	817.0	Domain-distal >40 aa	O14686:39:4212-4212	4212	4212	1
O14686	4966	O14686:R4966	63.0	Domain-distal >40 aa	O14686:48:4880-4980	4880	4980	101
O14686	4975	O14686:R4975	54.0	Domain-distal >40 aa	O14686:48:4880-4980	4880	4980	101
O14686	4978	O14686:R4978	51.0	Domain-distal >40 aa	O14686:48:4880-4980	4880	4980	101
O14776	13	O14776:R13	118.0	Domain-distal >40 aa	O14776:1:1-128	1	128	128
O14776	20	O14776:R20	111.0	Domain-distal >40 aa	O14776:1:1-128	1	128	128
O14776	28	O14776:R28	103.0	Domain-distal >40 aa	O14776:1:1-128	1	128	128
O14776	30	O14776:R30	101.0	Domain-distal >40 aa	O14776:1:1-128	1	128	128
O14776	41	O14776:R41	90.0	Domain-distal >40 aa	O14776:1:1-128	1	128	128
O14776	48	O14776:R48	83.0	Domain-distal >40 aa	O14776:1:1-128	1	128	128
O14776	588	O14776:R588	14.0	Domain edge <=20 aa	O14776:8:575-590	575	590	16
O14776	1080	O14776:R1080	3.0	Domain edge <=20 aa	O14776:15:1078-1098	1078	1098	21
O14777	20	O14777:R20	32.0	Domain edge 21-40 aa	O14777:1:1-48	1	48	48
O14908	24	O14908:R24	35.0	Domain edge 21-40 aa	O14908:1:1-55	1	55	55
O14908	229	O14908:R229	10.0	Domain edge <=20 aa	O14908:2:220-238	220	238	19
O14924	524	O14924:R524	150.0	Domain-distal >40 aa	O14924:7:507-527	507	527	21
O14924	633	O14924:R633	79.0	Domain-distal >40 aa	O14924:14:613-653	613	653	41
O14924	643	O14924:R643	69.0	Domain-distal >40 aa	O14924:14:613-653	613	653	41
O14976	1192	O14976:R1192	54.0	Domain-distal >40 aa	O14976:12:1160-1199	1160	1199	40
O14979	6	O14979:R6	142.0	Domain-distal >40 aa	O14979:1:1-121	1	121	121
O14979	25	O14979:R25	123.0	Domain-distal >40 aa	O14979:1:1-121	1	121	121
O14979	68	O14979:R68	80.0	Domain-distal >40 aa	O14979:1:1-121	1	121	121
O14979	81	O14979:R81	67.0	Domain-distal >40 aa	O14979:1:1-121	1	121	121
O14979	82	O14979:R82	66.0	Domain-distal >40 aa	O14979:1:1-121	1	121	121
O14979	332	O14979:R332	20.0	Domain edge <=20 aa	O14979:3:313-349	313	349	37
O14979	336	O14979:R336	24.0	Domain edge 21-40 aa	O14979:3:313-349	313	349	37
O14979	338	O14979:R338	26.0	Domain edge 21-40 aa	O14979:3:313-349	313	349	37
O14979	340	O14979:R340	28.0	Domain edge 21-40 aa	O14979:3:313-349	313	349	37
O14979	408	O14979:R408	96.0	Domain-distal >40 aa	O14979:4:398-420	398	420	23
O15018	283	O15018:R283	51.0	Domain-distal >40 aa	O15018:5:184-321	184	321	138
O15018	288	O15018:R288	46.0	Domain-distal >40 aa	O15018:5:184-321	184	321	138
O15021	164	O15021:R164	94.0	Domain-distal >40 aa	O15021:2:86-166	86	166	81
O15021	1637	O15021:R1637	408.0	Domain-distal >40 aa	O15021:20:1598-1671	1598	1671	74
O15021	1638	O15021:R1638	409.0	Domain-distal >40 aa	O15021:20:1598-1671	1598	1671	74
O15027	229	O15027:R229	1221.0	Domain-distal >40 aa	O15027:2:32-360	32	360	329
O15027	318	O15027:R318	1132.0	Domain-distal >40 aa	O15027:2:32-360	32	360	329
O15027	585	O15027:R585	865.0	Domain-distal >40 aa	O15027:9:498-606	498	606	109
O15027	782	O15027:R782	668.0	Domain-distal >40 aa	O15027:15:753-829	753	829	77
O15027	1214	O15027:R1214	236.0	Domain-distal >40 aa	O15027:25:1210-1250	1210	1250	41
O15027	1220	O15027:R1220	230.0	Domain-distal >40 aa	O15027:25:1210-1250	1210	1250	41
O15027	1224	O15027:R1224	226.0	Domain-distal >40 aa	O15027:25:1210-1250	1210	1250	41
O15027	1366	O15027:R1366	84.0	Domain-distal >40 aa	O15027:27:1303-1378	1303	1378	76
O15037	339	O15037:R339	98.0	Domain-distal >40 aa	O15037:7:316-408	316	408	93
O15037	394	O15037:R394	43.0	Domain-distal >40 aa	O15037:7:316-408	316	408	93
O15037	396	O15037:R396	41.0	Domain-distal >40 aa	O15037:7:316-408	316	408	93
O15037	405	O15037:R405	32.0	Domain edge 21-40 aa	O15037:7:316-408	316	408	93
O15047	276	O15047:R276	90.0	Domain-distal >40 aa	O15047:2:191-364	191	364	174
O15047	375	O15047:R375	189.0	Domain-distal >40 aa	O15047:3:366-655	366	655	290
O15047	378	O15047:R378	192.0	Domain-distal >40 aa	O15047:3:366-655	366	655	290
O15047	1227	O15047:R1227	192.0	Domain-distal >40 aa	O15047:12:889-1251	889	1251	363
O15047	1230	O15047:R1230	189.0	Domain-distal >40 aa	O15047:12:889-1251	889	1251	363
O15061	1487	O15061:R1487	1165.0	Domain-distal >40 aa	O15061:29:1483-1499	1483	1499	17
O15067	1033	O15067:R1033	48.0	Domain-distal >40 aa	O15067:10:1032-1033	1032	1033	2
O15069	1101	O15069:R1101	310.0	Domain-distal >40 aa	O15069:15:745-1410	745	1410	666
O15156	200	O15156:R200	55.0	Domain-distal >40 aa	O15156:3:167-312	167	312	146
O15156	202	O15156:R202	57.0	Domain-distal >40 aa	O15156:3:167-312	167	312	146
O15164	481	O15164:R481	89.0	Domain-distal >40 aa	O15164:4:474-557	474	557	84
O15164	539	O15164:R539	147.0	Domain-distal >40 aa	O15164:4:474-557	474	557	84
O15164	548	O15164:R548	156.0	Domain-distal >40 aa	O15164:4:474-557	474	557	84
O15164	694	O15164:R694	132.0	Domain-distal >40 aa	O15164:7:640-713	640	713	74
O15169	576	O15169:R576	80.0	Domain-distal >40 aa	O15169:12:497-595	497	595	99
O15230	4	O15230:R4	35.0	Domain edge 21-40 aa	O15230:1:1-4	1	4	4
O15231	295	O15231:R295	332.0	Domain-distal >40 aa	O15231:5:293-540	293	540	248
O15234	52	O15234:R52	89.0	Domain-distal >40 aa	O15234:1:1-140	1	140	140
O15234	55	O15234:R55	86.0	Domain-distal >40 aa	O15234:1:1-140	1	140	140
O15234	306	O15234:R306	57.0	Domain-distal >40 aa	O15234:2:250-541	250	541	292
O15234	323	O15234:R323	74.0	Domain-distal >40 aa	O15234:2:250-541	250	541	292
O15234	327	O15234:R327	78.0	Domain-distal >40 aa	O15234:2:250-541	250	541	292
O15234	397	O15234:R397	148.0	Domain-distal >40 aa	O15234:2:250-541	250	541	292
O15234	490	O15234:R490	241.0	Domain-distal >40 aa	O15234:2:250-541	250	541	292
O15234	518	O15234:R518	269.0	Domain-distal >40 aa	O15234:2:250-541	250	541	292
O15357	1078	O15357:R1078	115.0	Domain-distal >40 aa	O15357:5:896-1118	896	1118	223
O15357	1080	O15357:R1080	113.0	Domain-distal >40 aa	O15357:5:896-1118	896	1118	223
O15357	1086	O15357:R1086	107.0	Domain-distal >40 aa	O15357:5:896-1118	896	1118	223
O15357	1096	O15357:R1096	97.0	Domain-distal >40 aa	O15357:5:896-1118	896	1118	223
O15357	1142	O15357:R1142	51.0	Domain-distal >40 aa	O15357:7:1133-1182	1133	1182	50
O15357	1156	O15357:R1156	37.0	Domain edge 21-40 aa	O15357:7:1133-1182	1133	1182	50
O15370	145	O15370:R145	36.0	Domain edge 21-40 aa	O15370:2:110-288	110	288	179
O15370	148	O15370:R148	39.0	Domain edge 21-40 aa	O15370:2:110-288	110	288	179
O15417	212	O15417:R212	1944.0	Domain-distal >40 aa	O15417:6:134-263	134	263	130
O15504	32	O15504:R32	7.0	Domain edge <=20 aa	O15504:1:26-85	26	85	60
O15504	45	O15504:R45	20.0	Domain edge <=20 aa	O15504:1:26-85	26	85	60
O15523	75	O15523:R75	103.0	Domain-distal >40 aa	O15523:1:1-123	1	123	123
O15523	78	O15523:R78	100.0	Domain-distal >40 aa	O15523:1:1-123	1	123	123
O15523	87	O15523:R87	91.0	Domain-distal >40 aa	O15523:1:1-123	1	123	123
O15523	92	O15523:R92	86.0	Domain-distal >40 aa	O15523:1:1-123	1	123	123
O15523	98	O15523:R98	80.0	Domain-distal >40 aa	O15523:1:1-123	1	123	123
O15523	590	O15523:R590	17.0	Domain edge <=20 aa	O15523:6:578-628	578	628	51
O15523	598	O15523:R598	25.0	Domain edge 21-40 aa	O15523:6:578-628	578	628	51
O15523	615	O15523:R615	42.0	Domain-distal >40 aa	O15523:6:578-628	578	628	51
O15534	576	O15534:R576	115.0	Domain-distal >40 aa	O15534:4:564-601	564	601	38
O15534	805	O15534:R805	227.0	Domain-distal >40 aa	O15534:12:805-877	805	877	73
O15534	820	O15534:R820	212.0	Domain-distal >40 aa	O15534:12:805-877	805	877	73
O15534	892	O15534:R892	140.0	Domain-distal >40 aa	O15534:14:888-904	888	904	17
O15553	151	O15553:R151	59.0	Domain-distal >40 aa	O15553:1:93-227	93	227	135
O43143	42	O43143:R42	83.0	Domain-distal >40 aa	O43143:1:1-115	1	115	115
O43143	44	O43143:R44	81.0	Domain-distal >40 aa	O43143:1:1-115	1	115	115
O43182	84	O43182:R84	317.0	Domain-distal >40 aa	O43182:1:1-120	1	120	120
O43189	530	O43189:R530	1.0	Domain edge <=20 aa	O43189:6:453-530	453	530	78
O43293	454	O43293:R454	179.0	Domain-distal >40 aa	O43293:4:451-454	451	454	4
O43347	197	O43347:R197	11.0	Domain edge <=20 aa	O43347:2:187-197	187	197	11
O43390	441	O43390:R441	30.0	Domain edge 21-40 aa	O43390:4:412-459	412	459	48
O43390	447	O43390:R447	36.0	Domain edge 21-40 aa	O43390:4:412-459	412	459	48
O43390	449	O43390:R449	38.0	Domain edge 21-40 aa	O43390:4:412-459	412	459	48
O43390	455	O43390:R455	44.0	Domain-distal >40 aa	O43390:4:412-459	412	459	48
O43390	500	O43390:R500	89.0	Domain-distal >40 aa	O43390:5:490-633	490	633	144
O43390	502	O43390:R502	91.0	Domain-distal >40 aa	O43390:5:490-633	490	633	144
O43390	506	O43390:R506	95.0	Domain-distal >40 aa	O43390:5:490-633	490	633	144
O43390	509	O43390:R509	98.0	Domain-distal >40 aa	O43390:5:490-633	490	633	144
O43390	516	O43390:R516	105.0	Domain-distal >40 aa	O43390:5:490-633	490	633	144
O43390	532	O43390:R532	121.0	Domain-distal >40 aa	O43390:5:490-633	490	633	144
O43390	546	O43390:R546	135.0	Domain-distal >40 aa	O43390:5:490-633	490	633	144
O43390	556	O43390:R556	145.0	Domain-distal >40 aa	O43390:5:490-633	490	633	144
O43390	573	O43390:R573	162.0	Domain-distal >40 aa	O43390:5:490-633	490	633	144
O43414	12	O43414:R12	133.0	Domain-distal >40 aa	O43414:1:1-21	1	21	21
O43414	14	O43414:R14	131.0	Domain-distal >40 aa	O43414:1:1-21	1	21	21
O43432	669	O43432:R669	86.0	Domain-distal >40 aa	O43432:18:664-674	664	674	11
O43432	673	O43432:R673	82.0	Domain-distal >40 aa	O43432:18:664-674	664	674	11
O43432	692	O43432:R692	63.0	Domain-distal >40 aa	O43432:19:677-713	677	713	37
O43464	5	O43464:R5	358.0	Domain-distal >40 aa	O43464:1:1-11	1	11	11
O43464	8	O43464:R8	355.0	Domain-distal >40 aa	O43464:1:1-11	1	11	11
O43464	80	O43464:R80	283.0	Domain-distal >40 aa	O43464:3:70-83	70	83	14
O43482	7	O43482:R7	68.0	Domain-distal >40 aa	O43482:1:1-18	1	18	18
O43482	11	O43482:R11	64.0	Domain-distal >40 aa	O43482:1:1-18	1	18	18
O43491	60	O43491:R60	154.0	Domain-distal >40 aa	O43491:1:1-209	1	209	209
O43491	72	O43491:R72	142.0	Domain-distal >40 aa	O43491:1:1-209	1	209	209
O43491	768	O43491:R768	98.0	Domain-distal >40 aa	O43491:3:671-801	671	801	131
O43497	17	O43497:R17	63.0	Domain-distal >40 aa	O43497:1:1-50	1	50	50
O43497	2122	O43497:R2122	261.0	Domain-distal >40 aa	O43497:24:2103-2146	2103	2146	44
O43497	2128	O43497:R2128	267.0	Domain-distal >40 aa	O43497:24:2103-2146	2103	2146	44
O43497	2131	O43497:R2131	270.0	Domain-distal >40 aa	O43497:24:2103-2146	2103	2146	44
O43497	2132	O43497:R2132	271.0	Domain-distal >40 aa	O43497:24:2103-2146	2103	2146	44
O43516	125	O43516:R125	69.0	Domain-distal >40 aa	O43516:2:57-503	57	503	447
O43516	134	O43516:R134	78.0	Domain-distal >40 aa	O43516:2:57-503	57	503	447
O43516	149	O43516:R149	93.0	Domain-distal >40 aa	O43516:2:57-503	57	503	447
O43516	211	O43516:R211	155.0	Domain-distal >40 aa	O43516:2:57-503	57	503	447
O43516	226	O43516:R226	170.0	Domain-distal >40 aa	O43516:2:57-503	57	503	447
O43516	236	O43516:R236	180.0	Domain-distal >40 aa	O43516:2:57-503	57	503	447
O43516	249	O43516:R249	193.0	Domain-distal >40 aa	O43516:2:57-503	57	503	447
O43516	258	O43516:R258	202.0	Domain-distal >40 aa	O43516:2:57-503	57	503	447
O43516	274	O43516:R274	218.0	Domain-distal >40 aa	O43516:2:57-503	57	503	447
O43516	279	O43516:R279	223.0	Domain-distal >40 aa	O43516:2:57-503	57	503	447
O43516	415	O43516:R415	359.0	Domain-distal >40 aa	O43516:2:57-503	57	503	447
O43516	493	O43516:R493	437.0	Domain-distal >40 aa	O43516:2:57-503	57	503	447
O43541	75	O43541:R75	73.0	Domain-distal >40 aa	O43541:1:1-116	1	116	116
O43566	37	O43566:R37	21.0	Domain edge 21-40 aa	O43566:1:1-57	1	57	57
O43572	2	O43572:R2	123.0	Domain-distal >40 aa	O43572:1:1-56	1	56	56
O43572	9	O43572:R9	116.0	Domain-distal >40 aa	O43572:1:1-56	1	56	56
O43638	124	O43638:R124	8.0	Domain edge <=20 aa	O43638:2:117-158	117	158	42
O43665	4	O43665:R4	34.0	Domain edge 21-40 aa	O43665:1:1-35	1	35	35
O43665	11	O43665:R11	27.0	Domain edge 21-40 aa	O43665:1:1-35	1	35	35
O43670	468	O43670:R468	410.0	Domain-distal >40 aa	O43670:7:382-478	382	478	97
O43670	477	O43670:R477	419.0	Domain-distal >40 aa	O43670:7:382-478	382	478	97
O43678	8	O43678:R8	17.0	Domain edge <=20 aa	O43678:1:1-11	1	11	11
O43709	7	O43709:R7	51.0	Domain-distal >40 aa	O43709:1:1-17	1	17	17
O43719	17	O43719:R17	115.0	Domain-distal >40 aa	O43719:1:1-55	1	55	55
O43719	380	O43719:R380	31.0	Domain edge 21-40 aa	O43719:9:377-755	377	755	379
O43719	383	O43719:R383	34.0	Domain edge 21-40 aa	O43719:9:377-755	377	755	379
O43719	384	O43719:R384	35.0	Domain edge 21-40 aa	O43719:9:377-755	377	755	379
O43719	393	O43719:R393	44.0	Domain-distal >40 aa	O43719:9:377-755	377	755	379
O43719	400	O43719:R400	51.0	Domain-distal >40 aa	O43719:9:377-755	377	755	379
O43765	76	O43765:R76	13.0	Domain edge <=20 aa	O43765:2:65-90	65	90	26
O43809	8	O43809:R8	68.0	Domain-distal >40 aa	O43809:1:1-16	1	16	16
O43809	15	O43809:R15	61.0	Domain-distal >40 aa	O43809:1:1-16	1	16	16
O43818	10	O43818:R10	125.0	Domain-distal >40 aa	O43818:1:1-76	1	76	76
O43823	109	O43823:R109	283.0	Domain-distal >40 aa	O43823:5:103-127	103	127	25
O43823	188	O43823:R188	204.0	Domain-distal >40 aa	O43823:8:167-226	167	226	60
O43823	190	O43823:R190	202.0	Domain-distal >40 aa	O43823:8:167-226	167	226	60
O43823	194	O43823:R194	198.0	Domain-distal >40 aa	O43823:8:167-226	167	226	60
O43823	198	O43823:R198	194.0	Domain-distal >40 aa	O43823:8:167-226	167	226	60
O43823	233	O43823:R233	159.0	Domain-distal >40 aa	O43823:9:229-255	229	255	27
O43823	242	O43823:R242	150.0	Domain-distal >40 aa	O43823:9:229-255	229	255	27
O43823	277	O43823:R277	115.0	Domain-distal >40 aa	O43823:11:263-384	263	384	122
O43823	281	O43823:R281	111.0	Domain-distal >40 aa	O43823:11:263-384	263	384	122
O43824	42	O43824:R42	78.0	Domain-distal >40 aa	O43824:3:15-84	15	84	70
O43824	55	O43824:R55	65.0	Domain-distal >40 aa	O43824:3:15-84	15	84	70
O43824	58	O43824:R58	62.0	Domain-distal >40 aa	O43824:3:15-84	15	84	70
O43865	529	O43865:R529	79.0	Domain-distal >40 aa	O43865:5:525-530	525	530	6
O43896	948	O43896:R948	358.0	Domain-distal >40 aa	O43896:16:942-1103	942	1103	162
O43896	958	O43896:R958	368.0	Domain-distal >40 aa	O43896:16:942-1103	942	1103	162
O43896	963	O43896:R963	373.0	Domain-distal >40 aa	O43896:16:942-1103	942	1103	162
O43896	968	O43896:R968	378.0	Domain-distal >40 aa	O43896:16:942-1103	942	1103	162
O43896	1041	O43896:R1041	451.0	Domain-distal >40 aa	O43896:16:942-1103	942	1103	162
O43896	1072	O43896:R1072	482.0	Domain-distal >40 aa	O43896:16:942-1103	942	1103	162
O43896	1077	O43896:R1077	487.0	Domain-distal >40 aa	O43896:16:942-1103	942	1103	162
O43900	7	O43900:R7	67.0	Domain-distal >40 aa	O43900:1:1-28	1	28	28
O43900	10	O43900:R10	64.0	Domain-distal >40 aa	O43900:1:1-28	1	28	28
O60216	554	O60216:R554	21.0	Domain edge 21-40 aa	O60216:9:400-560	400	560	161
O60216	555	O60216:R555	20.0	Domain edge <=20 aa	O60216:9:400-560	400	560	161
O60216	559	O60216:R559	16.0	Domain edge <=20 aa	O60216:9:400-560	400	560	161
O60229	2257	O60229:R2257	29.0	Domain edge 21-40 aa	O60229:8:2243-2315	2243	2315	73
O60237	853	O60237:R853	28.0	Domain edge 21-40 aa	O60237:13:752-864	752	864	113
O60241	1375	O60241:R1375	169.0	Domain-distal >40 aa	O60241:14:1358-1389	1358	1389	32
O60241	1383	O60241:R1383	177.0	Domain-distal >40 aa	O60241:14:1358-1389	1358	1389	32
O60241	1384	O60241:R1384	178.0	Domain-distal >40 aa	O60241:14:1358-1389	1358	1389	32
O60244	1123	O60244:R1123	97.0	Domain-distal >40 aa	O60244:4:973-1167	973	1167	195
O60244	1146	O60244:R1146	74.0	Domain-distal >40 aa	O60244:4:973-1167	973	1167	195
O60264	1044	O60264:R1044	33.0	Domain edge 21-40 aa	O60264:6:1012-1052	1012	1052	41
O60269	119	O60269:R119	254.0	Domain-distal >40 aa	O60269:3:112-189	112	189	78
O60269	126	O60269:R126	247.0	Domain-distal >40 aa	O60269:3:112-189	112	189	78
O60269	131	O60269:R131	242.0	Domain-distal >40 aa	O60269:3:112-189	112	189	78
O60282	711	O60282:R711	125.0	Domain-distal >40 aa	O60282:13:702-720	702	720	19
O60293	55	O60293:R55	1130.0	Domain-distal >40 aa	O60293:1:1-133	1	133	133
O60293	56	O60293:R56	1129.0	Domain-distal >40 aa	O60293:1:1-133	1	133	133
O60293	62	O60293:R62	1123.0	Domain-distal >40 aa	O60293:1:1-133	1	133	133
O60293	84	O60293:R84	1101.0	Domain-distal >40 aa	O60293:1:1-133	1	133	133
O60293	95	O60293:R95	1090.0	Domain-distal >40 aa	O60293:1:1-133	1	133	133
O60293	99	O60293:R99	1086.0	Domain-distal >40 aa	O60293:1:1-133	1	133	133
O60293	105	O60293:R105	1080.0	Domain-distal >40 aa	O60293:1:1-133	1	133	133
O60293	118	O60293:R118	1067.0	Domain-distal >40 aa	O60293:1:1-133	1	133	133
O60293	136	O60293:R136	1049.0	Domain-distal >40 aa	O60293:2:135-219	135	219	85
O60293	143	O60293:R143	1042.0	Domain-distal >40 aa	O60293:2:135-219	135	219	85
O60293	145	O60293:R145	1040.0	Domain-distal >40 aa	O60293:2:135-219	135	219	85
O60307	878	O60307:R878	72.0	Domain-distal >40 aa	O60307:6:788-895	788	895	108
O60307	892	O60307:R892	58.0	Domain-distal >40 aa	O60307:6:788-895	788	895	108
O60318	331	O60318:R331	40.0	Domain edge 21-40 aa	O60318:2:292-433	292	433	142
O60331	459	O60331:R459	15.0	Domain edge <=20 aa	O60331:8:448-463	448	463	16
O60343	577	O60343:R577	127.0	Domain-distal >40 aa	O60343:5:577-580	577	580	4
O60346	96	O60346:R96	374.0	Domain-distal >40 aa	O60346:2:36-118	36	118	83
O60469	1644	O60469:R1644	69.0	Domain-distal >40 aa	O60469:4:1642-1655	1642	1655	14
O60504	594	O60504:R594	18.0	Domain edge <=20 aa	O60504:12:519-611	519	611	93
O60506	444	O60506:R444	36.0	Domain edge 21-40 aa	O60506:6:427-454	427	454	28
O60506	446	O60506:R446	38.0	Domain edge 21-40 aa	O60506:6:427-454	427	454	28
O60506	448	O60506:R448	40.0	Domain edge 21-40 aa	O60506:6:427-454	427	454	28
O60506	451	O60506:R451	43.0	Domain-distal >40 aa	O60506:6:427-454	427	454	28
O60506	496	O60506:R496	88.0	Domain-distal >40 aa	O60506:7:491-623	491	623	133
O60506	498	O60506:R498	90.0	Domain-distal >40 aa	O60506:7:491-623	491	623	133
O60506	501	O60506:R501	93.0	Domain-distal >40 aa	O60506:7:491-623	491	623	133
O60506	504	O60506:R504	96.0	Domain-distal >40 aa	O60506:7:491-623	491	623	133
O60506	510	O60506:R510	102.0	Domain-distal >40 aa	O60506:7:491-623	491	623	133
O60506	518	O60506:R518	110.0	Domain-distal >40 aa	O60506:7:491-623	491	623	133
O60506	520	O60506:R520	112.0	Domain-distal >40 aa	O60506:7:491-623	491	623	133
O60506	526	O60506:R526	118.0	Domain-distal >40 aa	O60506:7:491-623	491	623	133
O60506	533	O60506:R533	125.0	Domain-distal >40 aa	O60506:7:491-623	491	623	133
O60506	536	O60506:R536	128.0	Domain-distal >40 aa	O60506:7:491-623	491	623	133
O60506	539	O60506:R539	131.0	Domain-distal >40 aa	O60506:7:491-623	491	623	133
O60506	557	O60506:R557	149.0	Domain-distal >40 aa	O60506:7:491-623	491	623	133
O60506	565	O60506:R565	157.0	Domain-distal >40 aa	O60506:7:491-623	491	623	133
O60506	573	O60506:R573	165.0	Domain-distal >40 aa	O60506:7:491-623	491	623	133
O60506	577	O60506:R577	169.0	Domain-distal >40 aa	O60506:7:491-623	491	623	133
O60506	578	O60506:R578	170.0	Domain-distal >40 aa	O60506:7:491-623	491	623	133
O60519	17	O60519:R17	9.0	Domain edge <=20 aa	O60519:1:1-25	1	25	25
O60610	12	O60610:R12	72.0	Domain-distal >40 aa	O60610:1:1-42	1	42	42
O60610	15	O60610:R15	69.0	Domain-distal >40 aa	O60610:1:1-42	1	42	42
O60716	101	O60716:R101	296.0	Domain-distal >40 aa	O60716:8:98-102	98	102	5
O60716	242	O60716:R242	155.0	Domain-distal >40 aa	O60716:17:242-265	242	265	24
O60716	249	O60716:R249	148.0	Domain-distal >40 aa	O60716:17:242-265	242	265	24
O60716	253	O60716:R253	144.0	Domain-distal >40 aa	O60716:17:242-265	242	265	24
O60755	354	O60755:R354	63.0	Domain-distal >40 aa	O60755:2:313-368	313	368	56
O60755	365	O60755:R365	74.0	Domain-distal >40 aa	O60755:2:313-368	313	368	56
O60763	5	O60763:R5	45.0	Domain-distal >40 aa	O60763:1:1-20	1	20	20
O60828	214	O60828:R214	134.0	Domain-distal >40 aa	O60828:5:81-265	81	265	185
O60880	109	O60880:R109	5.0	Domain edge <=20 aa	O60880:2:105-128	105	128	24
O60884	387	O60884:R387	49.0	Domain-distal >40 aa	O60884:3:359-412	359	412	54
O60885	179	O60885:R179	13.0	Domain edge <=20 aa	O60885:2:173-232	173	232	60
O60885	181	O60885:R181	15.0	Domain edge <=20 aa	O60885:2:173-232	173	232	60
O60885	183	O60885:R183	17.0	Domain edge <=20 aa	O60885:2:173-232	173	232	60
O75037	1201	O75037:R1201	96.0	Domain-distal >40 aa	O75037:14:1192-1273	1192	1273	82
O75052	268	O75052:R268	90.0	Domain-distal >40 aa	O75052:7:266-289	266	289	24
O75064	731	O75064:R731	79.0	Domain-distal >40 aa	O75064:6:720-744	720	744	25
O75064	968	O75064:R968	122.0	Domain-distal >40 aa	O75064:8:890-972	890	972	83
O75112	165	O75112:R165	24.0	Domain edge 21-40 aa	O75112:1:85-188	85	188	104
O75113	509	O75113:R509	108.0	Domain-distal >40 aa	O75113:18:485-537	485	537	53
O75113	517	O75113:R517	100.0	Domain-distal >40 aa	O75113:18:485-537	485	537	53
O75122	322	O75122:R322	5.0	Domain edge <=20 aa	O75122:2:318-369	318	369	52
O75122	391	O75122:R391	74.0	Domain-distal >40 aa	O75122:4:375-395	375	395	21
O75122	900	O75122:R900	15.0	Domain edge <=20 aa	O75122:17:886-929	886	929	44
O75179	52	O75179:R52	181.0	Domain-distal >40 aa	O75179:1:1-144	1	144	144
O75179	1948	O75179:R1948	152.0	Domain-distal >40 aa	O75179:20:1906-1999	1906	1999	94
O75179	2179	O75179:R2179	383.0	Domain-distal >40 aa	O75179:22:2005-2197	2005	2197	193
O75182	19	O75182:R19	18.0	Domain edge <=20 aa	O75182:1:1-33	1	33	33
O75182	25	O75182:R25	12.0	Domain edge <=20 aa	O75182:1:1-33	1	33	33
O75319	8	O75319:R8	53.0	Domain-distal >40 aa	O75319:1:1-33	1	33	33
O75319	13	O75319:R13	48.0	Domain-distal >40 aa	O75319:1:1-33	1	33	33
O75319	251	O75319:R251	43.0	Domain-distal >40 aa	O75319:5:249-264	249	264	16
O75319	304	O75319:R304	96.0	Domain-distal >40 aa	O75319:7:300-309	300	309	10
O75335	1133	O75335:R1133	32.0	Domain edge 21-40 aa	O75335:21:1125-1138	1125	1138	14
O75376	67	O75376:R67	83.0	Domain-distal >40 aa	O75376:1:1-119	1	119	119
O75376	365	O75376:R365	70.0	Domain-distal >40 aa	O75376:8:359-370	359	370	12
O75376	564	O75376:R564	56.0	Domain-distal >40 aa	O75376:11:492-619	492	619	128
O75376	570	O75376:R570	50.0	Domain-distal >40 aa	O75376:11:492-619	492	619	128
O75376	572	O75376:R572	48.0	Domain-distal >40 aa	O75376:11:492-619	492	619	128
O75376	844	O75376:R844	170.0	Domain-distal >40 aa	O75376:12:675-923	675	923	249
O75376	1494	O75376:R1494	820.0	Domain-distal >40 aa	O75376:43:1486-1557	1486	1557	72
O75376	1501	O75376:R1501	827.0	Domain-distal >40 aa	O75376:43:1486-1557	1486	1557	72
O75376	1552	O75376:R1552	878.0	Domain-distal >40 aa	O75376:43:1486-1557	1486	1557	72
O75376	1638	O75376:R1638	964.0	Domain-distal >40 aa	O75376:44:1634-1647	1634	1647	14
O75376	1747	O75376:R1747	1073.0	Domain-distal >40 aa	O75376:45:1663-1766	1663	1766	104
O75376	1755	O75376:R1755	1081.0	Domain-distal >40 aa	O75376:45:1663-1766	1663	1766	104
O75376	1762	O75376:R1762	1088.0	Domain-distal >40 aa	O75376:45:1663-1766	1663	1766	104
O75381	351	O75381:R351	283.0	Domain-distal >40 aa	O75381:5:226-377	226	377	152
O75385	529	O75385:R529	251.0	Domain-distal >40 aa	O75385:4:393-560	393	560	168
O75385	532	O75385:R532	254.0	Domain-distal >40 aa	O75385:4:393-560	393	560	168
O75385	535	O75385:R535	257.0	Domain-distal >40 aa	O75385:4:393-560	393	560	168
O75400	2	O75400:R2	138.0	Domain-distal >40 aa	O75400:1:1-38	1	38	38
O75400	9	O75400:R9	131.0	Domain-distal >40 aa	O75400:1:1-38	1	38	38
O75400	74	O75400:R74	66.0	Domain-distal >40 aa	O75400:5:72-103	72	103	32
O75420	267	O75420:R267	207.0	Domain-distal >40 aa	O75420:5:104-431	104	431	328
O75420	276	O75420:R276	198.0	Domain-distal >40 aa	O75420:5:104-431	104	431	328
O75449	148	O75449:R148	62.0	Domain-distal >40 aa	O75449:4:94-185	94	185	92
O75467	219	O75467:R219	38.0	Domain edge 21-40 aa	O75467:10:181-226	181	226	46
O75467	223	O75467:R223	34.0	Domain edge 21-40 aa	O75467:10:181-226	181	226	46
O75493	328	O75493:R328	25.0	Domain edge 21-40 aa	O75493:2:304-328	304	328	25
O75494	90	O75494:R90	2.0	Domain edge <=20 aa	O75494:2:89-113	89	113	25
O75525	187	O75525:R187	35.0	Domain edge 21-40 aa	O75525:2:178-208	178	208	31
O75525	193	O75525:R193	41.0	Domain-distal >40 aa	O75525:2:178-208	178	208	31
O75525	195	O75525:R195	43.0	Domain-distal >40 aa	O75525:2:178-208	178	208	31
O75525	204	O75525:R204	52.0	Domain-distal >40 aa	O75525:2:178-208	178	208	31
O75525	206	O75525:R206	54.0	Domain-distal >40 aa	O75525:2:178-208	178	208	31
O75525	220	O75525:R220	46.0	Domain-distal >40 aa	O75525:3:210-265	210	265	56
O75525	226	O75525:R226	40.0	Domain edge 21-40 aa	O75525:3:210-265	210	265	56
O75525	232	O75525:R232	34.0	Domain edge 21-40 aa	O75525:3:210-265	210	265	56
O75525	237	O75525:R237	29.0	Domain edge 21-40 aa	O75525:3:210-265	210	265	56
O75525	239	O75525:R239	27.0	Domain edge 21-40 aa	O75525:3:210-265	210	265	56
O75525	245	O75525:R245	21.0	Domain edge 21-40 aa	O75525:3:210-265	210	265	56
O75525	339	O75525:R339	19.0	Domain edge <=20 aa	O75525:4:321-346	321	346	26
O75525	345	O75525:R345	25.0	Domain edge 21-40 aa	O75525:4:321-346	321	346	26
O75526	150	O75526:R150	23.0	Domain edge 21-40 aa	O75526:2:87-172	87	172	86
O75526	276	O75526:R276	59.0	Domain-distal >40 aa	O75526:3:218-392	218	392	175
O75533	231	O75533:R231	98.0	Domain-distal >40 aa	O75533:4:95-328	95	328	234
O75533	315	O75533:R315	14.0	Domain edge <=20 aa	O75533:4:95-328	95	328	234
O75533	318	O75533:R318	11.0	Domain edge <=20 aa	O75533:4:95-328	95	328	234
O75626	371	O75626:R371	161.0	Domain-distal >40 aa	O75626:7:324-376	324	376	53
O75676	743	O75676:R743	69.0	Domain-distal >40 aa	O75676:4:725-772	725	772	48
O75791	184	O75791:R184	35.0	Domain edge 21-40 aa	O75791:1:150-250	150	250	101
O75791	233	O75791:R233	38.0	Domain edge 21-40 aa	O75791:1:150-250	150	250	101
O75792	291	O75792:R291	41.0	Domain-distal >40 aa	O75792:5:291-299	291	299	9
O75821	225	O75821:R225	14.0	Domain edge <=20 aa	O75821:2:189-238	189	238	50
O75909	575	O75909:R575	297.0	Domain-distal >40 aa	O75909:3:279-580	279	580	302
O75909	580	O75909:R580	302.0	Domain-distal >40 aa	O75909:3:279-580	279	580	302
O75937	224	O75937:R224	100.0	Domain-distal >40 aa	O75937:6:180-253	180	253	74
O75937	239	O75937:R239	115.0	Domain-distal >40 aa	O75937:6:180-253	180	253	74
O75937	243	O75937:R243	119.0	Domain-distal >40 aa	O75937:6:180-253	180	253	74
O75962	2392	O75962:R2392	119.0	Domain-distal >40 aa	O75962:8:2285-2545	2285	2545	261
O76031	270	O76031:R270	15.0	Domain edge <=20 aa	O76031:7:255-274	255	274	20
O76041	795	O76041:R795	1.0	Domain edge <=20 aa	O76041:4:795-795	795	795	1
O94804	443	O94804:R443	129.0	Domain-distal >40 aa	O94804:4:419-502	419	502	84
O94826	69	O94826:R69	45.0	Domain-distal >40 aa	O94826:5:67-113	67	113	47
O94826	71	O94826:R71	43.0	Domain-distal >40 aa	O94826:5:67-113	67	113	47
O94826	89	O94826:R89	25.0	Domain edge 21-40 aa	O94826:5:67-113	67	113	47
O94855	278	O94855:R278	82.0	Domain-distal >40 aa	O94855:2:274-285	274	285	12
O94874	433	O94874:R433	105.0	Domain-distal >40 aa	O94874:4:406-475	406	475	70
O94885	920	O94885:R920	173.0	Domain-distal >40 aa	O94885:19:898-1080	898	1080	183
O94913	981	O94913:R981	19.0	Domain edge <=20 aa	O94913:13:976-994	976	994	19
O94913	994	O94913:R994	32.0	Domain edge 21-40 aa	O94913:13:976-994	976	994	19
O94913	1007	O94913:R1007	45.0	Domain-distal >40 aa	O94913:15:1000-1027	1000	1027	28
O94913	1019	O94913:R1019	57.0	Domain-distal >40 aa	O94913:15:1000-1027	1000	1027	28
O94913	1038	O94913:R1038	76.0	Domain-distal >40 aa	O94913:18:1038-1105	1038	1105	68
O94913	1051	O94913:R1051	89.0	Domain-distal >40 aa	O94913:18:1038-1105	1038	1105	68
O94913	1062	O94913:R1062	100.0	Domain-distal >40 aa	O94913:18:1038-1105	1038	1105	68
O94913	1065	O94913:R1065	103.0	Domain-distal >40 aa	O94913:18:1038-1105	1038	1105	68
O94913	1074	O94913:R1074	112.0	Domain-distal >40 aa	O94913:18:1038-1105	1038	1105	68
O94913	1086	O94913:R1086	124.0	Domain-distal >40 aa	O94913:18:1038-1105	1038	1105	68
O94913	1093	O94913:R1093	131.0	Domain-distal >40 aa	O94913:18:1038-1105	1038	1105	68
O94913	1104	O94913:R1104	142.0	Domain-distal >40 aa	O94913:18:1038-1105	1038	1105	68
O94913	1115	O94913:R1115	153.0	Domain-distal >40 aa	O94913:19:1110-1153	1110	1153	44
O94979	894	O94979:R894	127.0	Domain-distal >40 aa	O94979:8:790-918	790	918	129
O94989	105	O94989:R105	312.0	Domain-distal >40 aa	O94989:1:1-201	1	201	201
O95071	78	O95071:R78	101.0	Domain-distal >40 aa	O95071:2:77-116	77	116	40
O95071	146	O95071:R146	33.0	Domain edge 21-40 aa	O95071:4:131-177	131	177	47
O95071	977	O95071:R977	194.0	Domain-distal >40 aa	O95071:15:969-1035	969	1035	67
O95071	984	O95071:R984	187.0	Domain-distal >40 aa	O95071:15:969-1035	969	1035	67
O95071	997	O95071:R997	174.0	Domain-distal >40 aa	O95071:15:969-1035	969	1035	67
O95071	2353	O95071:R2353	24.0	Domain edge 21-40 aa	O95071:32:2316-2376	2316	2376	61
O95104	888	O95104:R888	304.0	Domain-distal >40 aa	O95104:18:853-1147	853	1147	295
O95104	917	O95104:R917	333.0	Domain-distal >40 aa	O95104:18:853-1147	853	1147	295
O95104	937	O95104:R937	353.0	Domain-distal >40 aa	O95104:18:853-1147	853	1147	295
O95104	940	O95104:R940	356.0	Domain-distal >40 aa	O95104:18:853-1147	853	1147	295
O95104	1086	O95104:R1086	502.0	Domain-distal >40 aa	O95104:18:853-1147	853	1147	295
O95147	4	O95147:R4	22.0	Domain edge 21-40 aa	O95147:1:1-11	1	11	11
O95147	11	O95147:R11	15.0	Domain edge <=20 aa	O95147:1:1-11	1	11	11
O95197	754	O95197:R754	90.0	Domain-distal >40 aa	O95197:33:754-768	754	768	15
O95208	170	O95208:R170	26.0	Domain edge 21-40 aa	O95208:4:161-216	161	216	56
O95260	464	O95260:R464	35.0	Domain edge 21-40 aa	O95260:6:461-467	461	467	7
O95359	20	O95359:R20	2722.0	Domain-distal >40 aa	O95359:1:1-302	1	302	302
O95400	176	O95400:R176	104.0	Domain-distal >40 aa	O95400:4:176-203	176	203	28
O95400	181	O95400:R181	99.0	Domain-distal >40 aa	O95400:4:176-203	176	203	28
O95425	1201	O95425:R1201	258.0	Domain-distal >40 aa	O95425:32:1200-1206	1200	1206	7
O95425	1203	O95425:R1203	256.0	Domain-distal >40 aa	O95425:32:1200-1206	1200	1206	7
O95429	6	O95429:R6	373.0	Domain-distal >40 aa	O95429:1:1-107	1	107	107
O95429	19	O95429:R19	360.0	Domain-distal >40 aa	O95429:1:1-107	1	107	107
O95429	40	O95429:R40	339.0	Domain-distal >40 aa	O95429:1:1-107	1	107	107
O95429	51	O95429:R51	328.0	Domain-distal >40 aa	O95429:1:1-107	1	107	107
O95429	53	O95429:R53	326.0	Domain-distal >40 aa	O95429:1:1-107	1	107	107
O95429	110	O95429:R110	269.0	Domain-distal >40 aa	O95429:2:109-153	109	153	45
O95429	185	O95429:R185	194.0	Domain-distal >40 aa	O95429:6:165-378	165	378	214
O95429	201	O95429:R201	178.0	Domain-distal >40 aa	O95429:6:165-378	165	378	214
O95429	237	O95429:R237	142.0	Domain-distal >40 aa	O95429:6:165-378	165	378	214
O95486	88	O95486:R88	340.0	Domain-distal >40 aa	O95486:5:49-227	49	227	179
O95486	107	O95486:R107	321.0	Domain-distal >40 aa	O95486:5:49-227	49	227	179
O95486	222	O95486:R222	206.0	Domain-distal >40 aa	O95486:5:49-227	49	227	179
O95486	232	O95486:R232	196.0	Domain-distal >40 aa	O95486:6:232-233	232	233	2
O95613	3265	O95613:R3265	49.0	Domain-distal >40 aa	O95613:54:3223-3302	3223	3302	80
O95613	3267	O95613:R3267	51.0	Domain-distal >40 aa	O95613:54:3223-3302	3223	3302	80
O95639	235	O95639:R235	9.0	Domain edge <=20 aa	O95639:2:173-239	173	239	67
O95644	23	O95644:R23	387.0	Domain-distal >40 aa	O95644:2:20-46	20	46	27
O95678	15	O95678:R15	1.0	Domain edge <=20 aa	O95678:1:1-15	1	15	15
O95685	3	O95685:R3	166.0	Domain-distal >40 aa	O95685:1:1-23	1	23	23
O95721	29	O95721:R29	16.0	Domain edge <=20 aa	O95721:1:1-44	1	44	44
O95721	41	O95721:R41	4.0	Domain edge <=20 aa	O95721:1:1-44	1	44	44
O95801	27	O95801:R27	52.0	Domain-distal >40 aa	O95801:2:24-32	24	32	9
O95801	48	O95801:R48	31.0	Domain edge 21-40 aa	O95801:3:47-58	47	58	12
O95817	19	O95817:R19	1.0	Domain edge <=20 aa	O95817:1:1-19	1	19	19
O95817	90	O95817:R90	36.0	Domain edge 21-40 aa	O95817:2:55-93	55	93	39
O95817	123	O95817:R123	69.0	Domain-distal >40 aa	O95817:5:122-201	122	201	80
O95817	133	O95817:R133	79.0	Domain-distal >40 aa	O95817:5:122-201	122	201	80
O95817	139	O95817:R139	85.0	Domain-distal >40 aa	O95817:5:122-201	122	201	80
O95817	218	O95817:R218	164.0	Domain-distal >40 aa	O95817:8:214-420	214	420	207
O95817	258	O95817:R258	163.0	Domain-distal >40 aa	O95817:8:214-420	214	420	207
O95817	261	O95817:R261	160.0	Domain-distal >40 aa	O95817:8:214-420	214	420	207
O95817	267	O95817:R267	154.0	Domain-distal >40 aa	O95817:8:214-420	214	420	207
O95819	546	O95819:R546	257.0	Domain-distal >40 aa	O95819:12:504-812	504	812	309
O95835	243	O95835:R243	102.0	Domain-distal >40 aa	O95835:4:143-280	143	280	138
O95835	252	O95835:R252	111.0	Domain-distal >40 aa	O95835:4:143-280	143	280	138
O95835	259	O95835:R259	118.0	Domain-distal >40 aa	O95835:4:143-280	143	280	138
O95948	79	O95948:R79	245.0	Domain-distal >40 aa	O95948:3:28-102	28	102	75
O95985	824	O95985:R824	169.0	Domain-distal >40 aa	O95985:2:819-855	819	855	37
O95985	829	O95985:R829	174.0	Domain-distal >40 aa	O95985:2:819-855	819	855	37
O95985	835	O95985:R835	180.0	Domain-distal >40 aa	O95985:2:819-855	819	855	37
O95996	1427	O95996:R1427	19.0	Domain edge <=20 aa	O95996:27:1409-1498	1409	1498	90
O95996	1431	O95996:R1431	23.0	Domain edge 21-40 aa	O95996:27:1409-1498	1409	1498	90
O96013	126	O96013:R126	63.0	Domain-distal >40 aa	O96013:3:93-302	93	302	210
O96013	254	O96013:R254	67.0	Domain-distal >40 aa	O96013:3:93-302	93	302	210
P00390	522	P00390:R522	1.0	Domain edge <=20 aa	P00390:4:522-522	522	522	1
P02538	16	P02538:R16	1.0	Domain edge <=20 aa	P02538:1:1-16	1	16	16
P03372	260	P03372:R260	3.0	Domain edge <=20 aa	P03372:3:258-286	258	286	29
P03372	277	P03372:R277	20.0	Domain edge <=20 aa	P03372:3:258-286	258	286	29
P04049	223	P04049:R223	38.0	Domain edge 21-40 aa	P04049:4:218-335	218	335	118
P04049	231	P04049:R231	46.0	Domain-distal >40 aa	P04049:4:218-335	218	335	118
P04259	16	P04259:R16	1.0	Domain edge <=20 aa	P04259:1:1-16	1	16	16
P04350	2	P04350:R2	1.0	Domain edge <=20 aa	P04350:1:1-2	1	2	2
P04637	290	P04637:R290	2.0	Domain edge <=20 aa	P04637:5:289-318	289	318	30
P04792	5	P04792:R5	71.0	Domain-distal >40 aa	P04792:1:1-7	1	7	7
P04920	57	P04920:R57	264.0	Domain-distal >40 aa	P04920:1:1-240	1	240	240
P05198	288	P05198:R288	199.0	Domain-distal >40 aa	P05198:2:280-315	280	315	36
P05388	6	P05388:R6	2.0	Domain edge <=20 aa	P05388:1:1-7	1	7	7
P05783	45	P05783:R45	34.0	Domain edge 21-40 aa	P05783:3:38-46	38	46	9
P05783	50	P05783:R50	29.0	Domain edge 21-40 aa	P05783:5:50-51	50	51	2
P05783	55	P05783:R55	24.0	Domain edge 21-40 aa	P05783:6:54-57	54	57	4
P05783	429	P05783:R429	38.0	Domain edge 21-40 aa	P05783:8:423-430	423	430	8
P05787	18	P05787:R18	8.0	Domain edge <=20 aa	P05787:1:1-25	1	25	25
P05787	23	P05787:R23	3.0	Domain edge <=20 aa	P05787:1:1-25	1	25	25
P06748	197	P06748:R197	48.0	Domain-distal >40 aa	P06748:2:120-244	120	244	125
P07900	299	P07900:R299	81.0	Domain-distal >40 aa	P07900:3:296-301	296	301	6
P07910	142	P07910:R142	55.0	Domain-distal >40 aa	P07910:5:138-190	138	190	53
P07910	151	P07910:R151	64.0	Domain-distal >40 aa	P07910:5:138-190	138	190	53
P07910	160	P07910:R160	73.0	Domain-distal >40 aa	P07910:5:138-190	138	190	53
P08069	471	P08069:R471	9.0	Domain edge <=20 aa	P08069:2:470-483	470	483	14
P08069	480	P08069:R480	9.0	Domain edge <=20 aa	P08069:2:470-483	470	483	14
P08151	161	P08151:R161	74.0	Domain-distal >40 aa	P08151:5:133-177	133	177	45
P08151	515	P08151:R515	123.0	Domain-distal >40 aa	P08151:10:506-581	506	581	76
P08151	597	P08151:R597	205.0	Domain-distal >40 aa	P08151:11:596-614	596	614	19
P08238	291	P08238:R291	78.0	Domain-distal >40 aa	P08238:3:288-293	288	293	6
P08621	201	P08621:R201	14.0	Domain edge <=20 aa	P08621:3:188-437	188	437	250
P08621	274	P08621:R274	87.0	Domain-distal >40 aa	P08621:3:188-437	188	437	250
P08621	310	P08621:R310	123.0	Domain-distal >40 aa	P08621:3:188-437	188	437	250
P08621	389	P08621:R389	202.0	Domain-distal >40 aa	P08621:3:188-437	188	437	250
P08621	393	P08621:R393	206.0	Domain-distal >40 aa	P08621:3:188-437	188	437	250
P08651	345	P08651:R345	150.0	Domain-distal >40 aa	P08651:6:263-354	263	354	92
P08651	354	P08651:R354	159.0	Domain-distal >40 aa	P08651:6:263-354	263	354	92
P08651	365	P08651:R365	170.0	Domain-distal >40 aa	P08651:7:363-372	363	372	10
P08651	395	P08651:R395	200.0	Domain-distal >40 aa	P08651:9:393-404	393	404	12
P08651	451	P08651:R451	256.0	Domain-distal >40 aa	P08651:14:438-505	438	505	68
P08670	4	P08670:R4	3.0	Domain edge <=20 aa	P08670:1:1-6	1	6	6
P08727	7	P08727:R7	72.0	Domain-distal >40 aa	P08727:1:1-19	1	19	19
P08727	43	P08727:R43	36.0	Domain edge 21-40 aa	P08727:2:36-47	36	47	12
P08729	30	P08729:R30	26.0	Domain edge 21-40 aa	P08729:3:26-34	26	34	9
P08729	464	P08729:R464	61.0	Domain-distal >40 aa	P08729:6:459-469	459	469	11
P08758	6	P08758:R6	9.0	Domain edge <=20 aa	P08758:1:1-7	1	7	7
P09012	152	P09012:R152	45.0	Domain-distal >40 aa	P09012:2:100-196	100	196	97
P09017	79	P09017:R79	75.0	Domain-distal >40 aa	P09017:3:18-131	18	131	114
P09651	194	P09651:R194	10.0	Domain edge <=20 aa	P09651:3:185-218	185	218	34
P09651	196	P09651:R196	12.0	Domain edge <=20 aa	P09651:3:185-218	185	218	34
P09651	206	P09651:R206	22.0	Domain edge 21-40 aa	P09651:3:185-218	185	218	34
P09651	218	P09651:R218	34.0	Domain edge 21-40 aa	P09651:3:185-218	185	218	34
P09651	225	P09651:R225	41.0	Domain-distal >40 aa	P09651:4:221-225	221	225	5
P09651	232	P09651:R232	48.0	Domain-distal >40 aa	P09651:5:227-235	227	235	9
P09651	265	P09651:R265	42.0	Domain-distal >40 aa	P09651:8:254-287	254	287	34
P09651	352	P09651:R352	8.0	Domain edge <=20 aa	P09651:11:345-372	345	372	28
P09651	370	P09651:R370	26.0	Domain edge 21-40 aa	P09651:11:345-372	345	372	28
P09651	371	P09651:R371	27.0	Domain edge 21-40 aa	P09651:11:345-372	345	372	28
P0C0S8	4	P0C0S8:R4	3.0	Domain edge <=20 aa	P0C0S8:1:1-6	1	6	6
P0C1Z6	68	P0C1Z6:R68	11.0	Domain edge <=20 aa	P0C1Z6:5:49-77	49	77	29
P0C1Z6	70	P0C1Z6:R70	9.0	Domain edge <=20 aa	P0C1Z6:5:49-77	49	77	29
P0C7T5	381	P0C7T5:R381	76.0	Domain-distal >40 aa	P0C7T5:4:353-409	353	409	57
P0DI83	125	P0DI83:R125	8.0	Domain edge <=20 aa	P0DI83:3:121-198	121	198	78
P0DI83	178	P0DI83:R178	61.0	Domain-distal >40 aa	P0DI83:3:121-198	121	198	78
P0DI83	183	P0DI83:R183	66.0	Domain-distal >40 aa	P0DI83:3:121-198	121	198	78
P0DI83	186	P0DI83:R186	69.0	Domain-distal >40 aa	P0DI83:3:121-198	121	198	78
P10070	933	P10070:R933	339.0	Domain-distal >40 aa	P10070:24:923-1030	923	1030	108
P10070	939	P10070:R939	345.0	Domain-distal >40 aa	P10070:24:923-1030	923	1030	108
P10070	1005	P10070:R1005	411.0	Domain-distal >40 aa	P10070:24:923-1030	923	1030	108
P10070	1008	P10070:R1008	414.0	Domain-distal >40 aa	P10070:24:923-1030	923	1030	108
P10070	1021	P10070:R1021	427.0	Domain-distal >40 aa	P10070:24:923-1030	923	1030	108
P10070	1098	P10070:R1098	504.0	Domain-distal >40 aa	P10070:27:1079-1106	1079	1106	28
P10070	1208	P10070:R1208	614.0	Domain-distal >40 aa	P10070:32:1180-1216	1180	1216	37
P10071	175	P10071:R175	305.0	Domain-distal >40 aa	P10071:6:173-176	173	176	4
P10071	220	P10071:R220	260.0	Domain-distal >40 aa	P10071:8:220-220	220	220	1
P10071	1023	P10071:R1023	386.0	Domain-distal >40 aa	P10071:23:1020-1069	1020	1069	50
P10075	125	P10075:R125	58.0	Domain-distal >40 aa	P10075:2:111-138	111	138	28
P10244	687	P10244:R687	92.0	Domain-distal >40 aa	P10244:18:687-687	687	687	1
P10244	695	P10244:R695	100.0	Domain-distal >40 aa	P10244:19:691-700	691	700	10
P10301	11	P10301:R11	18.0	Domain edge <=20 aa	P10301:1:1-28	1	28	28
P10301	13	P10301:R13	16.0	Domain edge <=20 aa	P10301:1:1-28	1	28	28
P10301	15	P10301:R15	14.0	Domain edge <=20 aa	P10301:1:1-28	1	28	28
P10412	25	P10412:R25	9.0	Domain edge <=20 aa	P10412:1:1-33	1	33	33
P10412	33	P10412:R33	1.0	Domain edge <=20 aa	P10412:1:1-33	1	33	33
P11137	1552	P11137:R1552	47.0	Domain-distal >40 aa	P11137:7:1506-1639	1506	1639	134
P11161	293	P11161:R293	47.0	Domain-distal >40 aa	P11161:11:273-303	273	303	31
P11171	77	P11171:R77	129.0	Domain-distal >40 aa	P11171:1:1-124	1	124	124
P11388	1215	P11388:R1215	41.0	Domain-distal >40 aa	P11388:5:1183-1434	1183	1434	252
P11388	1218	P11388:R1218	44.0	Domain-distal >40 aa	P11388:5:1183-1434	1183	1434	252
P11717	7	P11717:R7	40.0	Domain edge 21-40 aa	P11717:1:1-17	1	17	17
P11717	2425	P11717:R2425	145.0	Domain-distal >40 aa	P11717:4:2354-2491	2354	2491	138
P11831	14	P11831:R14	127.0	Domain-distal >40 aa	P11831:1:1-99	1	99	99
P11831	24	P11831:R24	117.0	Domain-distal >40 aa	P11831:1:1-99	1	99	99
P11831	37	P11831:R37	104.0	Domain-distal >40 aa	P11831:1:1-99	1	99	99
P11831	43	P11831:R43	98.0	Domain-distal >40 aa	P11831:1:1-99	1	99	99
P11940	436	P11940:R436	66.0	Domain-distal >40 aa	P11940:2:435-477	435	477	43
P11940	443	P11940:R443	73.0	Domain-distal >40 aa	P11940:2:435-477	435	477	43
P11940	455	P11940:R455	85.0	Domain-distal >40 aa	P11940:2:435-477	435	477	43
P11940	460	P11940:R460	82.0	Domain-distal >40 aa	P11940:2:435-477	435	477	43
P11940	467	P11940:R467	75.0	Domain-distal >40 aa	P11940:2:435-477	435	477	43
P11940	475	P11940:R475	67.0	Domain-distal >40 aa	P11940:2:435-477	435	477	43
P11940	493	P11940:R493	49.0	Domain-distal >40 aa	P11940:3:485-502	485	502	18
P12270	1535	P12270:R1535	369.0	Domain-distal >40 aa	P12270:24:1533-1551	1533	1551	19
P12270	1656	P12270:R1656	490.0	Domain-distal >40 aa	P12270:30:1617-1675	1617	1675	59
P12270	2084	P12270:R2084	918.0	Domain-distal >40 aa	P12270:36:1802-2142	1802	2142	341
P12270	2106	P12270:R2106	940.0	Domain-distal >40 aa	P12270:36:1802-2142	1802	2142	341
P12270	2111	P12270:R2111	945.0	Domain-distal >40 aa	P12270:36:1802-2142	1802	2142	341
P12270	2132	P12270:R2132	966.0	Domain-distal >40 aa	P12270:36:1802-2142	1802	2142	341
P12270	2163	P12270:R2163	997.0	Domain-distal >40 aa	P12270:38:2160-2189	2160	2189	30
P12270	2165	P12270:R2165	999.0	Domain-distal >40 aa	P12270:38:2160-2189	2160	2189	30
P12270	2327	P12270:R2327	1161.0	Domain-distal >40 aa	P12270:41:2227-2363	2227	2363	137
P12270	2333	P12270:R2333	1167.0	Domain-distal >40 aa	P12270:41:2227-2363	2227	2363	137
P12270	2337	P12270:R2337	1171.0	Domain-distal >40 aa	P12270:41:2227-2363	2227	2363	137
P12270	2343	P12270:R2343	1177.0	Domain-distal >40 aa	P12270:41:2227-2363	2227	2363	137
P12270	2345	P12270:R2345	1179.0	Domain-distal >40 aa	P12270:41:2227-2363	2227	2363	137
P12270	2354	P12270:R2354	1188.0	Domain-distal >40 aa	P12270:41:2227-2363	2227	2363	137
P12270	2359	P12270:R2359	1193.0	Domain-distal >40 aa	P12270:41:2227-2363	2227	2363	137
P12872	56	P12872:R56	3.0	Domain edge <=20 aa	P12872:2:54-61	54	61	8
P14678	94	P14678:R94	8.0	Domain edge <=20 aa	P14678:2:87-96	87	96	10
P14678	112	P14678:R112	26.0	Domain edge 21-40 aa	P14678:3:112-115	112	115	4
P14678	132	P14678:R132	46.0	Domain-distal >40 aa	P14678:7:127-147	127	147	21
P14678	147	P14678:R147	61.0	Domain-distal >40 aa	P14678:7:127-147	127	147	21
P14678	172	P14678:R172	86.0	Domain-distal >40 aa	P14678:8:162-240	162	240	79
P14678	181	P14678:R181	95.0	Domain-distal >40 aa	P14678:8:162-240	162	240	79
P14678	196	P14678:R196	110.0	Domain-distal >40 aa	P14678:8:162-240	162	240	79
P14678	221	P14678:R221	135.0	Domain-distal >40 aa	P14678:8:162-240	162	240	79
P14678	228	P14678:R228	142.0	Domain-distal >40 aa	P14678:8:162-240	162	240	79
P14678	236	P14678:R236	150.0	Domain-distal >40 aa	P14678:8:162-240	162	240	79
P14678	239	P14678:R239	153.0	Domain-distal >40 aa	P14678:8:162-240	162	240	79
P14866	46	P14866:R46	54.0	Domain-distal >40 aa	P14866:1:1-99	1	99	99
P14866	56	P14866:R56	44.0	Domain-distal >40 aa	P14866:1:1-99	1	99	99
P14866	343	P14866:R343	37.0	Domain edge 21-40 aa	P14866:3:289-379	289	379	91
P14866	344	P14866:R344	36.0	Domain edge 21-40 aa	P14866:3:289-379	289	379	91
P14866	353	P14866:R353	27.0	Domain edge 21-40 aa	P14866:3:289-379	289	379	91
P14866	354	P14866:R354	26.0	Domain edge 21-40 aa	P14866:3:289-379	289	379	91
P14866	358	P14866:R358	22.0	Domain edge 21-40 aa	P14866:3:289-379	289	379	91
P15407	66	P15407:R66	37.0	Domain edge 21-40 aa	P15407:6:63-102	63	102	40
P15407	79	P15407:R79	24.0	Domain edge 21-40 aa	P15407:6:63-102	63	102	40
P15407	84	P15407:R84	19.0	Domain edge <=20 aa	P15407:6:63-102	63	102	40
P15822	955	P15822:R955	1.0	Domain edge <=20 aa	P15822:24:937-955	937	955	19
P15863	48	P15863:R48	50.0	Domain-distal >40 aa	P15863:4:44-49	44	49	6
P15880	22	P15880:R22	80.0	Domain-distal >40 aa	P15880:1:1-57	1	57	57
P15880	26	P15880:R26	76.0	Domain-distal >40 aa	P15880:1:1-57	1	57	57
P15880	34	P15880:R34	68.0	Domain-distal >40 aa	P15880:1:1-57	1	57	57
P15880	36	P15880:R36	66.0	Domain-distal >40 aa	P15880:1:1-57	1	57	57
P15880	40	P15880:R40	62.0	Domain-distal >40 aa	P15880:1:1-57	1	57	57
P15923	105	P15923:R105	444.0	Domain-distal >40 aa	P15923:2:29-113	29	113	85
P15923	371	P15923:R371	178.0	Domain-distal >40 aa	P15923:9:342-388	342	388	47
P15924	1241	P15924:R1241	223.0	Domain-distal >40 aa	P15924:7:1239-1242	1239	1242	4
P15924	2826	P15924:R2826	27.0	Domain edge 21-40 aa	P15924:31:2809-2871	2809	2871	63
P15924	2830	P15924:R2830	31.0	Domain edge 21-40 aa	P15924:31:2809-2871	2809	2871	63
P15924	2834	P15924:R2834	35.0	Domain edge 21-40 aa	P15924:31:2809-2871	2809	2871	63
P15941	1217	P15941:R1217	65.0	Domain-distal >40 aa	P15941:3:1213-1244	1213	1244	32
P16383	51	P16383:R51	417.0	Domain-distal >40 aa	P16383:1:1-230	1	230	230
P16402	34	P16402:R34	1.0	Domain edge <=20 aa	P16402:1:1-34	1	34	34
P16989	169	P16989:R169	9.0	Domain edge <=20 aa	P16989:2:161-171	161	171	11
P16989	174	P16989:R174	14.0	Domain edge <=20 aa	P16989:3:174-174	174	174	1
P16989	176	P16989:R176	16.0	Domain edge <=20 aa	P16989:4:176-372	176	372	197
P16989	179	P16989:R179	19.0	Domain edge <=20 aa	P16989:4:176-372	176	372	197
P16989	185	P16989:R185	25.0	Domain edge 21-40 aa	P16989:4:176-372	176	372	197
P16989	186	P16989:R186	26.0	Domain edge 21-40 aa	P16989:4:176-372	176	372	197
P16989	190	P16989:R190	30.0	Domain edge 21-40 aa	P16989:4:176-372	176	372	197
P16989	214	P16989:R214	54.0	Domain-distal >40 aa	P16989:4:176-372	176	372	197
P16989	220	P16989:R220	60.0	Domain-distal >40 aa	P16989:4:176-372	176	372	197
P16989	224	P16989:R224	64.0	Domain-distal >40 aa	P16989:4:176-372	176	372	197
P16989	225	P16989:R225	65.0	Domain-distal >40 aa	P16989:4:176-372	176	372	197
P16989	229	P16989:R229	69.0	Domain-distal >40 aa	P16989:4:176-372	176	372	197
P16989	233	P16989:R233	73.0	Domain-distal >40 aa	P16989:4:176-372	176	372	197
P16989	235	P16989:R235	75.0	Domain-distal >40 aa	P16989:4:176-372	176	372	197
P16989	236	P16989:R236	76.0	Domain-distal >40 aa	P16989:4:176-372	176	372	197
P16989	248	P16989:R248	88.0	Domain-distal >40 aa	P16989:4:176-372	176	372	197
P16989	249	P16989:R249	89.0	Domain-distal >40 aa	P16989:4:176-372	176	372	197
P16989	251	P16989:R251	91.0	Domain-distal >40 aa	P16989:4:176-372	176	372	197
P16989	258	P16989:R258	98.0	Domain-distal >40 aa	P16989:4:176-372	176	372	197
P16989	283	P16989:R283	123.0	Domain-distal >40 aa	P16989:4:176-372	176	372	197
P16989	288	P16989:R288	128.0	Domain-distal >40 aa	P16989:4:176-372	176	372	197
P16989	290	P16989:R290	130.0	Domain-distal >40 aa	P16989:4:176-372	176	372	197
P16989	292	P16989:R292	132.0	Domain-distal >40 aa	P16989:4:176-372	176	372	197
P16989	294	P16989:R294	134.0	Domain-distal >40 aa	P16989:4:176-372	176	372	197
P16989	298	P16989:R298	138.0	Domain-distal >40 aa	P16989:4:176-372	176	372	197
P16989	300	P16989:R300	140.0	Domain-distal >40 aa	P16989:4:176-372	176	372	197
P16989	326	P16989:R326	166.0	Domain-distal >40 aa	P16989:4:176-372	176	372	197
P16989	327	P16989:R327	167.0	Domain-distal >40 aa	P16989:4:176-372	176	372	197
P16989	330	P16989:R330	170.0	Domain-distal >40 aa	P16989:4:176-372	176	372	197
P16989	331	P16989:R331	171.0	Domain-distal >40 aa	P16989:4:176-372	176	372	197
P16989	336	P16989:R336	176.0	Domain-distal >40 aa	P16989:4:176-372	176	372	197
P16989	337	P16989:R337	177.0	Domain-distal >40 aa	P16989:4:176-372	176	372	197
P16989	338	P16989:R338	178.0	Domain-distal >40 aa	P16989:4:176-372	176	372	197
P16989	340	P16989:R340	180.0	Domain-distal >40 aa	P16989:4:176-372	176	372	197
P17029	305	P17029:R305	5.0	Domain edge <=20 aa	P17029:5:301-376	301	376	76
P17483	92	P17483:R92	68.0	Domain-distal >40 aa	P17483:3:63-135	63	135	73
P17655	12	P17655:R12	15.0	Domain edge <=20 aa	P17655:2:9-17	9	17	9
P17676	3	P17676:R3	266.0	Domain-distal >40 aa	P17676:1:1-4	1	4	4
P17812	570	P17812:R570	26.0	Domain edge 21-40 aa	P17812:1:561-591	561	591	31
P17844	8	P17844:R8	86.0	Domain-distal >40 aa	P17844:1:1-39	1	39	39
P17844	10	P17844:R10	84.0	Domain-distal >40 aa	P17844:1:1-39	1	39	39
P17844	12	P17844:R12	82.0	Domain-distal >40 aa	P17844:1:1-39	1	39	39
P17844	14	P17844:R14	80.0	Domain-distal >40 aa	P17844:1:1-39	1	39	39
P17844	20	P17844:R20	74.0	Domain-distal >40 aa	P17844:1:1-39	1	39	39
P17844	25	P17844:R25	69.0	Domain-distal >40 aa	P17844:1:1-39	1	39	39
P17844	478	P17844:R478	3.0	Domain edge <=20 aa	P17844:2:476-497	476	497	22
P17844	482	P17844:R482	7.0	Domain edge <=20 aa	P17844:2:476-497	476	497	22
P17844	484	P17844:R484	9.0	Domain edge <=20 aa	P17844:2:476-497	476	497	22
P17844	486	P17844:R486	11.0	Domain edge <=20 aa	P17844:2:476-497	476	497	22
P17844	496	P17844:R496	2.0	Domain edge <=20 aa	P17844:2:476-497	476	497	22
P18031	380	P18031:R380	101.0	Domain-distal >40 aa	P18031:7:377-398	377	398	22
P18583	950	P18583:R950	1353.0	Domain-distal >40 aa	P18583:27:948-951	948	951	4
P18583	957	P18583:R957	1346.0	Domain-distal >40 aa	P18583:28:953-958	953	958	6
P18583	964	P18583:R964	1339.0	Domain-distal >40 aa	P18583:30:962-965	962	965	4
P18615	142	P18615:R142	116.0	Domain-distal >40 aa	P18615:3:76-257	76	257	182
P18858	146	P18858:R146	142.0	Domain-distal >40 aa	P18858:1:1-278	1	278	278
P19013	9	P19013:R9	58.0	Domain-distal >40 aa	P19013:2:9-13	9	13	5
P19013	13	P19013:R13	54.0	Domain-distal >40 aa	P19013:2:9-13	9	13	5
P19013	41	P19013:R41	26.0	Domain edge 21-40 aa	P19013:3:39-43	39	43	5
P19174	1231	P19174:R1231	37.0	Domain edge 21-40 aa	P19174:2:1222-1237	1222	1237	16
P19174	1245	P19174:R1245	51.0	Domain-distal >40 aa	P19174:4:1244-1249	1244	1249	6
P19174	1280	P19174:R1280	86.0	Domain-distal >40 aa	P19174:5:1271-1290	1271	1290	20
P19174	1283	P19174:R1283	89.0	Domain-distal >40 aa	P19174:5:1271-1290	1271	1290	20
P19338	474	P19338:R474	8.0	Domain edge <=20 aa	P19338:4:472-481	472	481	10
P19338	561	P19338:R561	1.0	Domain edge <=20 aa	P19338:5:561-571	561	571	11
P19338	567	P19338:R567	5.0	Domain edge <=20 aa	P19338:5:561-571	561	571	11
P19338	656	P19338:R656	7.0	Domain edge <=20 aa	P19338:6:650-710	650	710	61
P19338	660	P19338:R660	11.0	Domain edge <=20 aa	P19338:6:650-710	650	710	61
P19338	666	P19338:R666	17.0	Domain edge <=20 aa	P19338:6:650-710	650	710	61
P19338	670	P19338:R670	21.0	Domain edge 21-40 aa	P19338:6:650-710	650	710	61
P19338	673	P19338:R673	24.0	Domain edge 21-40 aa	P19338:6:650-710	650	710	61
P19338	679	P19338:R679	30.0	Domain edge 21-40 aa	P19338:6:650-710	650	710	61
P19338	681	P19338:R681	32.0	Domain edge 21-40 aa	P19338:6:650-710	650	710	61
P19338	687	P19338:R687	38.0	Domain edge 21-40 aa	P19338:6:650-710	650	710	61
P19338	691	P19338:R691	42.0	Domain-distal >40 aa	P19338:6:650-710	650	710	61
P19338	694	P19338:R694	45.0	Domain-distal >40 aa	P19338:6:650-710	650	710	61
P19622	96	P19622:R96	146.0	Domain-distal >40 aa	P19622:2:83-207	83	207	125
P20290	3	P20290:R3	79.0	Domain-distal >40 aa	P20290:1:1-47	1	47	47
P20290	13	P20290:R13	69.0	Domain-distal >40 aa	P20290:1:1-47	1	47	47
P20290	15	P20290:R15	67.0	Domain-distal >40 aa	P20290:1:1-47	1	47	47
P20290	17	P20290:R17	65.0	Domain-distal >40 aa	P20290:1:1-47	1	47	47
P20290	19	P20290:R19	63.0	Domain-distal >40 aa	P20290:1:1-47	1	47	47
P20290	35	P20290:R35	47.0	Domain-distal >40 aa	P20290:1:1-47	1	47	47
P20290	39	P20290:R39	43.0	Domain-distal >40 aa	P20290:1:1-47	1	47	47
P20339	4	P20339:R4	17.0	Domain edge <=20 aa	P20339:1:1-16	1	16	16
P20339	8	P20339:R8	13.0	Domain edge <=20 aa	P20339:1:1-16	1	16	16
P20339	197	P20339:R197	21.0	Domain edge 21-40 aa	P20339:2:181-215	181	215	35
P20340	185	P20340:R185	16.0	Domain edge <=20 aa	P20340:2:176-185	176	185	10
P20700	10	P20700:R10	21.0	Domain edge 21-40 aa	P20700:1:1-30	1	30	30
P20700	14	P20700:R14	17.0	Domain edge <=20 aa	P20700:1:1-30	1	30	30
P20700	26	P20700:R26	5.0	Domain edge <=20 aa	P20700:1:1-30	1	30	30
P20916	575	P20916:R575	165.0	Domain-distal >40 aa	P20916:5:573-576	573	576	4
P20929	8389	P20929:R8389	54.0	Domain-distal >40 aa	P20929:20:8381-8423	8381	8423	43
P20929	8391	P20929:R8391	56.0	Domain-distal >40 aa	P20929:20:8381-8423	8381	8423	43
P20930	343	P20930:R343	255.0	Domain-distal >40 aa	P20930:4:254-3974	254	3974	3721
P20930	1437	P20930:R1437	1349.0	Domain-distal >40 aa	P20930:4:254-3974	254	3974	3721
P20930	2086	P20930:R2086	1998.0	Domain-distal >40 aa	P20930:4:254-3974	254	3974	3721
P20930	2528	P20930:R2528	2440.0	Domain-distal >40 aa	P20930:4:254-3974	254	3974	3721
P21127	287	P21127:R287	145.0	Domain-distal >40 aa	P21127:2:17-415	17	415	399
P21281	7	P21281:R7	43.0	Domain-distal >40 aa	P21281:2:7-7	7	7	1
P21281	506	P21281:R506	2.0	Domain edge <=20 aa	P21281:6:505-511	505	511	7
P21333	7	P21333:R7	36.0	Domain edge 21-40 aa	P21333:1:1-39	1	39	39
P22059	7	P22059:R7	81.0	Domain-distal >40 aa	P22059:1:1-8	1	8	8
P22083	75	P22083:R75	114.0	Domain-distal >40 aa	P22083:2:63-113	63	113	51
P22083	87	P22083:R87	102.0	Domain-distal >40 aa	P22083:2:63-113	63	113	51
P22413	65	P22413:R65	38.0	Domain edge 21-40 aa	P22413:2:61-68	61	68	8
P22626	200	P22626:R200	9.0	Domain edge <=20 aa	P22626:2:192-235	192	235	44
P22626	203	P22626:R203	12.0	Domain edge <=20 aa	P22626:2:192-235	192	235	44
P22626	213	P22626:R213	22.0	Domain edge 21-40 aa	P22626:2:192-235	192	235	44
P22626	228	P22626:R228	37.0	Domain edge 21-40 aa	P22626:2:192-235	192	235	44
P22626	238	P22626:R238	47.0	Domain-distal >40 aa	P22626:3:238-278	238	278	41
P22626	266	P22626:R266	30.0	Domain edge 21-40 aa	P22626:3:238-278	238	278	41
P22626	350	P22626:R350	16.0	Domain edge <=20 aa	P22626:6:335-353	335	353	19
P23246	7	P23246:R7	289.0	Domain-distal >40 aa	P23246:1:1-289	1	289	289
P23246	9	P23246:R9	287.0	Domain-distal >40 aa	P23246:1:1-289	1	289	289
P23246	18	P23246:R18	278.0	Domain-distal >40 aa	P23246:1:1-289	1	289	289
P23246	19	P23246:R19	277.0	Domain-distal >40 aa	P23246:1:1-289	1	289	289
P23246	25	P23246:R25	271.0	Domain-distal >40 aa	P23246:1:1-289	1	289	289
P23246	32	P23246:R32	264.0	Domain-distal >40 aa	P23246:1:1-289	1	289	289
P23246	236	P23246:R236	60.0	Domain-distal >40 aa	P23246:1:1-289	1	289	289
P23246	242	P23246:R242	54.0	Domain-distal >40 aa	P23246:1:1-289	1	289	289
P23246	245	P23246:R245	51.0	Domain-distal >40 aa	P23246:1:1-289	1	289	289
P23246	590	P23246:R590	52.0	Domain-distal >40 aa	P23246:3:577-707	577	707	131
P23246	666	P23246:R666	128.0	Domain-distal >40 aa	P23246:3:577-707	577	707	131
P23246	681	P23246:R681	143.0	Domain-distal >40 aa	P23246:3:577-707	577	707	131
P23246	693	P23246:R693	155.0	Domain-distal >40 aa	P23246:3:577-707	577	707	131
P23246	695	P23246:R695	157.0	Domain-distal >40 aa	P23246:3:577-707	577	707	131
P23246	706	P23246:R706	168.0	Domain-distal >40 aa	P23246:3:577-707	577	707	131
P23443	7	P23443:R7	84.0	Domain-distal >40 aa	P23443:1:1-60	1	60	60
P23443	517	P23443:R517	94.0	Domain-distal >40 aa	P23443:9:517-519	517	519	3
P23443	522	P23443:R522	99.0	Domain-distal >40 aa	P23443:10:521-525	521	525	5
P23526	431	P23526:R431	79.0	Domain-distal >40 aa	P23526:2:426-432	426	432	7
P23588	70	P23588:R70	24.0	Domain edge 21-40 aa	P23588:5:65-93	65	93	29
P23588	78	P23588:R78	16.0	Domain edge <=20 aa	P23588:5:65-93	65	93	29
P23588	182	P23588:R182	7.0	Domain edge <=20 aa	P23588:6:176-611	176	611	436
P23588	251	P23588:R251	76.0	Domain-distal >40 aa	P23588:6:176-611	176	611	436
P23588	261	P23588:R261	86.0	Domain-distal >40 aa	P23588:6:176-611	176	611	436
P23588	268	P23588:R268	93.0	Domain-distal >40 aa	P23588:6:176-611	176	611	436
P23588	273	P23588:R273	98.0	Domain-distal >40 aa	P23588:6:176-611	176	611	436
P23588	279	P23588:R279	104.0	Domain-distal >40 aa	P23588:6:176-611	176	611	436
P23588	292	P23588:R292	117.0	Domain-distal >40 aa	P23588:6:176-611	176	611	436
P23588	297	P23588:R297	122.0	Domain-distal >40 aa	P23588:6:176-611	176	611	436
P23588	308	P23588:R308	133.0	Domain-distal >40 aa	P23588:6:176-611	176	611	436
P23760	10	P23760:R10	24.0	Domain edge 21-40 aa	P23760:1:1-24	1	24	24
P23771	86	P23771:R86	171.0	Domain-distal >40 aa	P23771:4:78-86	78	86	9
P24928	1603	P24928:R1603	3.0	Domain edge <=20 aa	P24928:7:1601-1615	1601	1615	15
P24941	297	P24941:R297	11.0	Domain edge <=20 aa	P24941:3:295-298	295	298	4
P25054	958	P25054:R958	62.0	Domain-distal >40 aa	P25054:16:957-988	957	988	32
P25054	976	P25054:R976	44.0	Domain-distal >40 aa	P25054:16:957-988	957	988	32
P25054	1463	P25054:R1463	23.0	Domain edge 21-40 aa	P25054:26:1395-1476	1395	1476	82
P25098	683	P25098:R683	29.0	Domain edge 21-40 aa	P25098:7:683-689	683	689	7
P25940	1348	P25940:R1348	82.0	Domain-distal >40 aa	P25940:7:535-1429	535	1429	895
P25940	1353	P25940:R1353	77.0	Domain-distal >40 aa	P25940:7:535-1429	535	1429	895
P26196	22	P26196:R22	74.0	Domain-distal >40 aa	P26196:1:1-42	1	42	42
P26358	264	P26358:R264	136.0	Domain-distal >40 aa	P26358:2:123-352	123	352	230
P26358	267	P26358:R267	133.0	Domain-distal >40 aa	P26358:2:123-352	123	352	230
P26368	67	P26368:R67	82.0	Domain-distal >40 aa	P26368:1:1-90	1	90	90
P26599	52	P26599:R52	7.0	Domain edge <=20 aa	P26599:2:35-55	35	55	21
P27448	552	P27448:R552	152.0	Domain-distal >40 aa	P27448:3:370-609	370	609	240
P27448	599	P27448:R599	105.0	Domain-distal >40 aa	P27448:3:370-609	370	609	240
P27694	141	P27694:R141	37.0	Domain edge 21-40 aa	P27694:2:119-155	119	155	37
P27695	18	P27695:R18	47.0	Domain-distal >40 aa	P27695:1:1-60	1	60	60
P27708	1839	P27708:R1839	85.0	Domain-distal >40 aa	P27708:7:1805-1912	1805	1912	108
P28340	19	P28340:R19	124.0	Domain-distal >40 aa	P28340:1:1-65	1	65	65
P28340	30	P28340:R30	113.0	Domain-distal >40 aa	P28340:1:1-65	1	65	65
P28702	6	P28702:R6	196.0	Domain-distal >40 aa	P28702:1:1-24	1	24	24
P28702	39	P28702:R39	163.0	Domain-distal >40 aa	P28702:2:36-191	36	191	156
P29590	872	P29590:R872	20.0	Domain edge <=20 aa	P29590:5:872-882	872	882	11
P29597	10	P29597:R10	12.0	Domain edge <=20 aa	P29597:1:1-18	1	18	18
P29692	38	P29692:R38	121.0	Domain-distal >40 aa	P29692:3:36-40	36	40	5
P30291	14	P30291:R14	285.0	Domain-distal >40 aa	P30291:1:1-22	1	22	22
P30291	152	P30291:R152	147.0	Domain-distal >40 aa	P30291:2:25-186	25	186	162
P30291	199	P30291:R199	100.0	Domain-distal >40 aa	P30291:3:188-201	188	201	14
P30304	278	P30304:R278	88.0	Domain-distal >40 aa	P30304:15:259-320	259	320	62
P30304	290	P30304:R290	76.0	Domain-distal >40 aa	P30304:15:259-320	259	320	62
P31260	193	P31260:R193	141.0	Domain-distal >40 aa	P31260:4:184-208	184	208	25
P31275	109	P31275:R109	103.0	Domain-distal >40 aa	P31275:3:94-131	94	131	38
P31942	104	P31942:R104	7.0	Domain edge <=20 aa	P31942:1:100-115	100	115	16
P31942	105	P31942:R105	8.0	Domain edge <=20 aa	P31942:1:100-115	100	115	16
P31942	110	P31942:R110	13.0	Domain edge <=20 aa	P31942:1:100-115	100	115	16
P31942	121	P31942:R121	24.0	Domain edge 21-40 aa	P31942:2:117-121	117	121	5
P31942	343	P31942:R343	73.0	Domain-distal >40 aa	P31942:7:341-346	341	346	6
P31943	199	P31943:R199	7.0	Domain edge <=20 aa	P31943:3:195-218	195	218	24
P31943	206	P31943:R206	14.0	Domain edge <=20 aa	P31943:3:195-218	195	218	24
P31943	212	P31943:R212	20.0	Domain edge <=20 aa	P31943:3:195-218	195	218	24
P31943	217	P31943:R217	25.0	Domain edge 21-40 aa	P31943:3:195-218	195	218	24
P31944	5	P31944:R5	6.0	Domain edge <=20 aa	P31944:1:1-10	1	10	10
P33176	956	P33176:R956	53.0	Domain-distal >40 aa	P33176:15:904-963	904	963	60
P33240	303	P33240:R303	112.0	Domain-distal >40 aa	P33240:6:303-411	303	411	109
P33240	308	P33240:R308	117.0	Domain-distal >40 aa	P33240:6:303-411	303	411	109
P33240	319	P33240:R319	128.0	Domain-distal >40 aa	P33240:6:303-411	303	411	109
P33240	330	P33240:R330	139.0	Domain-distal >40 aa	P33240:6:303-411	303	411	109
P33240	344	P33240:R344	153.0	Domain-distal >40 aa	P33240:6:303-411	303	411	109
P33240	365	P33240:R365	168.0	Domain-distal >40 aa	P33240:6:303-411	303	411	109
P33240	373	P33240:R373	160.0	Domain-distal >40 aa	P33240:6:303-411	303	411	109
P33240	381	P33240:R381	152.0	Domain-distal >40 aa	P33240:6:303-411	303	411	109
P33240	388	P33240:R388	145.0	Domain-distal >40 aa	P33240:6:303-411	303	411	109
P33240	402	P33240:R402	131.0	Domain-distal >40 aa	P33240:6:303-411	303	411	109
P33240	405	P33240:R405	128.0	Domain-distal >40 aa	P33240:6:303-411	303	411	109
P33240	463	P33240:R463	70.0	Domain-distal >40 aa	P33240:7:461-493	461	493	33
P33240	468	P33240:R468	65.0	Domain-distal >40 aa	P33240:7:461-493	461	493	33
P33240	475	P33240:R475	58.0	Domain-distal >40 aa	P33240:7:461-493	461	493	33
P33316	47	P33316:R47	75.0	Domain-distal >40 aa	P33316:2:25-66	25	66	42
P33316	68	P33316:R68	54.0	Domain-distal >40 aa	P33316:3:68-68	68	68	1
P33991	10	P33991:R10	153.0	Domain-distal >40 aa	P33991:1:1-82	1	82	82
P33991	11	P33991:R11	152.0	Domain-distal >40 aa	P33991:1:1-82	1	82	82
P33991	14	P33991:R14	149.0	Domain-distal >40 aa	P33991:1:1-82	1	82	82
P33991	15	P33991:R15	148.0	Domain-distal >40 aa	P33991:1:1-82	1	82	82
P33991	17	P33991:R17	146.0	Domain-distal >40 aa	P33991:1:1-82	1	82	82
P33991	108	P33991:R108	55.0	Domain-distal >40 aa	P33991:2:84-126	84	126	43
P33993	321	P33993:R321	1.0	Domain edge <=20 aa	P33993:2:308-321	308	321	14
P35226	114	P35226:R114	48.0	Domain-distal >40 aa	P35226:2:102-120	102	120	19
P35249	20	P35249:R20	50.0	Domain-distal >40 aa	P35249:1:1-37	1	37	37
P35368	389	P35368:R389	41.0	Domain-distal >40 aa	P35368:3:387-432	387	432	46
P35368	393	P35368:R393	45.0	Domain-distal >40 aa	P35368:3:387-432	387	432	46
P35368	399	P35368:R399	51.0	Domain-distal >40 aa	P35368:3:387-432	387	432	46
P35368	403	P35368:R403	55.0	Domain-distal >40 aa	P35368:3:387-432	387	432	46
P35520	18	P35520:R18	63.0	Domain-distal >40 aa	P35520:1:1-75	1	75	75
P35527	487	P35527:R487	22.0	Domain edge 21-40 aa	P35527:5:466-623	466	623	158
P35527	490	P35527:R490	25.0	Domain edge 21-40 aa	P35527:5:466-623	466	623	158
P35568	373	P35568:R373	106.0	Domain-distal >40 aa	P35568:3:268-434	268	434	167
P35568	595	P35568:R595	328.0	Domain-distal >40 aa	P35568:11:592-695	592	695	104
P35568	600	P35568:R600	333.0	Domain-distal >40 aa	P35568:11:592-695	592	695	104
P35579	1923	P35579:R1923	2.0	Domain edge <=20 aa	P35579:2:1922-1960	1922	1960	39
P35579	1932	P35579:R1932	11.0	Domain edge <=20 aa	P35579:2:1922-1960	1922	1960	39
P35579	1933	P35579:R1933	12.0	Domain edge <=20 aa	P35579:2:1922-1960	1922	1960	39
P35580	1930	P35580:R1930	2.0	Domain edge <=20 aa	P35580:2:1929-1976	1929	1976	48
P35580	1940	P35580:R1940	12.0	Domain edge <=20 aa	P35580:2:1929-1976	1929	1976	48
P35580	1943	P35580:R1943	15.0	Domain edge <=20 aa	P35580:2:1929-1976	1929	1976	48
P35606	833	P35606:R833	59.0	Domain-distal >40 aa	P35606:3:830-873	830	873	44
P35611	27	P35611:R27	120.0	Domain-distal >40 aa	P35611:1:1-27	1	27	27
P35637	213	P35637:R213	72.0	Domain-distal >40 aa	P35637:1:1-284	1	284	284
P35637	216	P35637:R216	69.0	Domain-distal >40 aa	P35637:1:1-284	1	284	284
P35637	218	P35637:R218	67.0	Domain-distal >40 aa	P35637:1:1-284	1	284	284
P35637	234	P35637:R234	51.0	Domain-distal >40 aa	P35637:1:1-284	1	284	284
P35637	242	P35637:R242	43.0	Domain-distal >40 aa	P35637:1:1-284	1	284	284
P35637	244	P35637:R244	41.0	Domain-distal >40 aa	P35637:1:1-284	1	284	284
P35637	248	P35637:R248	37.0	Domain edge 21-40 aa	P35637:1:1-284	1	284	284
P35637	251	P35637:R251	34.0	Domain edge 21-40 aa	P35637:1:1-284	1	284	284
P35637	259	P35637:R259	26.0	Domain edge 21-40 aa	P35637:1:1-284	1	284	284
P35637	269	P35637:R269	16.0	Domain edge <=20 aa	P35637:1:1-284	1	284	284
P35637	377	P35637:R377	6.0	Domain edge <=20 aa	P35637:2:373-421	373	421	49
P35637	383	P35637:R383	12.0	Domain edge <=20 aa	P35637:2:373-421	373	421	49
P35637	386	P35637:R386	15.0	Domain edge <=20 aa	P35637:2:373-421	373	421	49
P35637	388	P35637:R388	17.0	Domain edge <=20 aa	P35637:2:373-421	373	421	49
P35637	394	P35637:R394	23.0	Domain edge 21-40 aa	P35637:2:373-421	373	421	49
P35637	407	P35637:R407	15.0	Domain edge <=20 aa	P35637:2:373-421	373	421	49
P35637	472	P35637:R472	19.0	Domain edge <=20 aa	P35637:3:454-526	454	526	73
P35637	473	P35637:R473	20.0	Domain edge <=20 aa	P35637:3:454-526	454	526	73
P35637	476	P35637:R476	23.0	Domain edge 21-40 aa	P35637:3:454-526	454	526	73
P35637	481	P35637:R481	28.0	Domain edge 21-40 aa	P35637:3:454-526	454	526	73
P35637	485	P35637:R485	32.0	Domain edge 21-40 aa	P35637:3:454-526	454	526	73
P35637	487	P35637:R487	34.0	Domain edge 21-40 aa	P35637:3:454-526	454	526	73
P35637	491	P35637:R491	38.0	Domain edge 21-40 aa	P35637:3:454-526	454	526	73
P35637	495	P35637:R495	42.0	Domain-distal >40 aa	P35637:3:454-526	454	526	73
P35637	498	P35637:R498	45.0	Domain-distal >40 aa	P35637:3:454-526	454	526	73
P35637	503	P35637:R503	50.0	Domain-distal >40 aa	P35637:3:454-526	454	526	73
P35637	514	P35637:R514	61.0	Domain-distal >40 aa	P35637:3:454-526	454	526	73
P35869	16	P35869:R16	11.0	Domain edge <=20 aa	P35869:1:1-26	1	26	26
P35908	12	P35908:R12	9.0	Domain edge <=20 aa	P35908:1:1-20	1	20	20
P35908	524	P35908:R524	33.0	Domain edge 21-40 aa	P35908:4:513-639	513	639	127
P35908	603	P35908:R603	112.0	Domain-distal >40 aa	P35908:4:513-639	513	639	127
P36402	348	P36402:R348	10.0	Domain edge <=20 aa	P36402:5:339-384	339	384	46
P36402	350	P36402:R350	12.0	Domain edge <=20 aa	P36402:5:339-384	339	384	46
P36578	71	P36578:R71	204.0	Domain-distal >40 aa	P36578:5:68-71	68	71	4
P36578	80	P36578:R80	195.0	Domain-distal >40 aa	P36578:6:78-92	78	92	15
P36578	86	P36578:R86	189.0	Domain-distal >40 aa	P36578:6:78-92	78	92	15
P36776	959	P36776:R959	10.0	Domain edge <=20 aa	P36776:4:958-959	958	959	2
P36915	74	P36915:R74	104.0	Domain-distal >40 aa	P36915:1:1-85	1	85	85
P36915	82	P36915:R82	96.0	Domain-distal >40 aa	P36915:1:1-85	1	85	85
P37287	4	P37287:R4	68.0	Domain-distal >40 aa	P37287:1:1-15	1	15	15
P37287	12	P37287:R12	60.0	Domain-distal >40 aa	P37287:1:1-15	1	15	15
P38159	93	P38159:R93	7.0	Domain edge <=20 aa	P38159:2:87-172	87	172	86
P38159	94	P38159:R94	8.0	Domain edge <=20 aa	P38159:2:87-172	87	172	86
P38159	101	P38159:R101	15.0	Domain edge <=20 aa	P38159:2:87-172	87	172	86
P38159	103	P38159:R103	17.0	Domain edge <=20 aa	P38159:2:87-172	87	172	86
P38159	107	P38159:R107	21.0	Domain edge 21-40 aa	P38159:2:87-172	87	172	86
P38159	110	P38159:R110	24.0	Domain edge 21-40 aa	P38159:2:87-172	87	172	86
P38159	113	P38159:R113	27.0	Domain edge 21-40 aa	P38159:2:87-172	87	172	86
P38159	120	P38159:R120	34.0	Domain edge 21-40 aa	P38159:2:87-172	87	172	86
P38159	125	P38159:R125	39.0	Domain edge 21-40 aa	P38159:2:87-172	87	172	86
P38159	144	P38159:R144	29.0	Domain edge 21-40 aa	P38159:2:87-172	87	172	86
P38159	151	P38159:R151	22.0	Domain edge 21-40 aa	P38159:2:87-172	87	172	86
P38159	156	P38159:R156	17.0	Domain edge <=20 aa	P38159:2:87-172	87	172	86
P38159	164	P38159:R164	9.0	Domain edge <=20 aa	P38159:2:87-172	87	172	86
P38159	172	P38159:R172	1.0	Domain edge <=20 aa	P38159:2:87-172	87	172	86
P38159	258	P38159:R258	41.0	Domain-distal >40 aa	P38159:3:218-391	218	391	174
P38159	263	P38159:R263	46.0	Domain-distal >40 aa	P38159:3:218-391	218	391	174
P38159	292	P38159:R292	75.0	Domain-distal >40 aa	P38159:3:218-391	218	391	174
P38159	298	P38159:R298	81.0	Domain-distal >40 aa	P38159:3:218-391	218	391	174
P38159	309	P38159:R309	92.0	Domain-distal >40 aa	P38159:3:218-391	218	391	174
P38159	317	P38159:R317	100.0	Domain-distal >40 aa	P38159:3:218-391	218	391	174
P38159	339	P38159:R339	122.0	Domain-distal >40 aa	P38159:3:218-391	218	391	174
P38159	341	P38159:R341	124.0	Domain-distal >40 aa	P38159:3:218-391	218	391	174
P38159	344	P38159:R344	127.0	Domain-distal >40 aa	P38159:3:218-391	218	391	174
P38159	347	P38159:R347	130.0	Domain-distal >40 aa	P38159:3:218-391	218	391	174
P38159	355	P38159:R355	138.0	Domain-distal >40 aa	P38159:3:218-391	218	391	174
P38159	369	P38159:R369	152.0	Domain-distal >40 aa	P38159:3:218-391	218	391	174
P38159	373	P38159:R373	156.0	Domain-distal >40 aa	P38159:3:218-391	218	391	174
P38159	377	P38159:R377	160.0	Domain-distal >40 aa	P38159:3:218-391	218	391	174
P38159	381	P38159:R381	164.0	Domain-distal >40 aa	P38159:3:218-391	218	391	174
P38432	350	P38432:R350	108.0	Domain-distal >40 aa	P38432:3:347-390	347	390	44
P38432	352	P38432:R352	106.0	Domain-distal >40 aa	P38432:3:347-390	347	390	44
P38432	419	P38432:R419	39.0	Domain edge 21-40 aa	P38432:5:406-438	406	438	33
P38919	14	P38919:R14	24.0	Domain edge 21-40 aa	P38919:1:1-16	1	16	16
P38936	156	P38936:R156	88.0	Domain-distal >40 aa	P38936:3:117-164	117	164	48
P39060	902	P39060:R902	30.0	Domain edge 21-40 aa	P39060:3:645-931	645	931	287
P39687	150	P39687:R150	4.0	Domain edge <=20 aa	P39687:3:147-249	147	249	103
P40197	476	P40197:R476	3.0	Domain edge <=20 aa	P40197:2:474-500	474	500	27
P40425	15	P40425:R15	33.0	Domain edge 21-40 aa	P40425:1:1-47	1	47	47
P41208	16	P41208:R16	12.0	Domain edge <=20 aa	P41208:1:1-27	1	27	27
P41219	9	P41219:R9	4.0	Domain edge <=20 aa	P41219:1:1-12	1	12	12
P42166	86	P42166:R86	23.0	Domain edge 21-40 aa	P42166:2:51-108	51	108	58
P42166	182	P42166:R182	27.0	Domain edge 21-40 aa	P42166:3:156-212	156	212	57
P42167	256	P42167:R256	101.0	Domain-distal >40 aa	P42167:3:156-271	156	271	116
P42167	364	P42167:R364	209.0	Domain-distal >40 aa	P42167:8:362-365	362	365	4
P42167	365	P42167:R365	210.0	Domain-distal >40 aa	P42167:8:362-365	362	365	4
P42356	7	P42356:R7	371.0	Domain-distal >40 aa	P42356:1:1-23	1	23	23
P42658	66	P42658:R66	129.0	Domain-distal >40 aa	P42658:1:1-90	1	90	90
P42658	68	P42658:R68	127.0	Domain-distal >40 aa	P42658:1:1-90	1	90	90
P42679	4	P42679:R4	44.0	Domain-distal >40 aa	P42679:1:1-6	1	6	6
P42684	20	P42684:R20	87.0	Domain-distal >40 aa	P42684:1:1-47	1	47	47
P42684	23	P42684:R23	84.0	Domain-distal >40 aa	P42684:1:1-47	1	47	47
P42694	1160	P42694:R1160	92.0	Domain-distal >40 aa	P42694:4:1157-1185	1157	1185	29
P42694	1245	P42694:R1245	177.0	Domain-distal >40 aa	P42694:5:1242-1350	1242	1350	109
P42694	1340	P42694:R1340	272.0	Domain-distal >40 aa	P42694:5:1242-1350	1242	1350	109
P42694	1760	P42694:R1760	692.0	Domain-distal >40 aa	P42694:21:1699-1781	1699	1781	83
P42696	26	P42696:R26	159.0	Domain-distal >40 aa	P42696:1:1-125	1	125	125
P42696	50	P42696:R50	135.0	Domain-distal >40 aa	P42696:1:1-125	1	125	125
P42768	13	P42768:R13	23.0	Domain edge 21-40 aa	P42768:1:1-22	1	22	22
P42768	328	P42768:R328	34.0	Domain edge 21-40 aa	P42768:4:301-426	301	426	126
P42768	338	P42768:R338	44.0	Domain-distal >40 aa	P42768:4:301-426	301	426	126
P42768	357	P42768:R357	63.0	Domain-distal >40 aa	P42768:4:301-426	301	426	126
P42768	364	P42768:R364	63.0	Domain-distal >40 aa	P42768:4:301-426	301	426	126
P43026	163	P43026:R163	3.0	Domain edge <=20 aa	P43026:2:28-165	28	165	138
P43243	12	P43243:R12	276.0	Domain-distal >40 aa	P43243:1:1-19	1	19	19
P43243	92	P43243:R92	196.0	Domain-distal >40 aa	P43243:3:85-104	85	104	20
P43243	192	P43243:R192	96.0	Domain-distal >40 aa	P43243:6:183-216	183	216	34
P43243	216	P43243:R216	72.0	Domain-distal >40 aa	P43243:6:183-216	183	216	34
P43243	255	P43243:R255	33.0	Domain edge 21-40 aa	P43243:8:249-261	249	261	13
P43243	387	P43243:R387	11.0	Domain edge <=20 aa	P43243:11:333-394	333	394	62
P43364	7	P43364:R7	106.0	Domain-distal >40 aa	P43364:1:1-32	1	32	32
P45973	82	P45973:R82	4.0	Domain edge <=20 aa	P45973:2:79-114	79	114	36
P45985	58	P45985:R58	44.0	Domain-distal >40 aa	P45985:2:53-71	53	71	19
P46087	804	P46087:R804	36.0	Domain edge 21-40 aa	P46087:6:769-812	769	812	44
P46100	1302	P46100:R1302	254.0	Domain-distal >40 aa	P46100:10:965-1512	965	1512	548
P46100	1963	P46100:R1963	53.0	Domain-distal >40 aa	P46100:11:1913-2002	1913	2002	90
P46100	2474	P46100:R2474	58.0	Domain-distal >40 aa	P46100:21:2461-2492	2461	2492	32
P46100	2480	P46100:R2480	64.0	Domain-distal >40 aa	P46100:21:2461-2492	2461	2492	32
P46108	122	P46108:R122	4.0	Domain edge <=20 aa	P46108:2:120-125	120	125	6
P46379	506	P46379:R506	115.0	Domain-distal >40 aa	P46379:6:453-530	453	530	78
P46379	513	P46379:R513	122.0	Domain-distal >40 aa	P46379:6:453-530	453	530	78
P46527	15	P46527:R15	16.0	Domain edge <=20 aa	P46527:1:1-30	1	30	30
P46527	154	P46527:R154	75.0	Domain-distal >40 aa	P46527:2:81-198	81	198	118
P46776	12	P46776:R12	60.0	Domain-distal >40 aa	P46776:1:1-41	1	41	41
P46783	119	P46783:R119	22.0	Domain edge 21-40 aa	P46783:2:98-165	98	165	68
P46783	124	P46783:R124	27.0	Domain edge 21-40 aa	P46783:2:98-165	98	165	68
P46783	153	P46783:R153	56.0	Domain-distal >40 aa	P46783:2:98-165	98	165	68
P46783	158	P46783:R158	61.0	Domain-distal >40 aa	P46783:2:98-165	98	165	68
P46783	160	P46783:R160	63.0	Domain-distal >40 aa	P46783:2:98-165	98	165	68
P46821	999	P46821:R999	476.0	Domain-distal >40 aa	P46821:5:851-1164	851	1164	314
P46821	2208	P46821:R2208	145.0	Domain-distal >40 aa	P46821:15:2091-2349	2091	2349	259
P48382	302	P48382:R302	94.0	Domain-distal >40 aa	P48382:4:250-317	250	317	68
P48449	10	P48449:R10	74.0	Domain-distal >40 aa	P48449:1:1-18	1	18	18
P48634	232	P48634:R232	44.0	Domain-distal >40 aa	P48634:1:189-725	189	725	537
P48634	247	P48634:R247	59.0	Domain-distal >40 aa	P48634:1:189-725	189	725	537
P48634	272	P48634:R272	84.0	Domain-distal >40 aa	P48634:1:189-725	189	725	537
P48634	281	P48634:R281	93.0	Domain-distal >40 aa	P48634:1:189-725	189	725	537
P48634	284	P48634:R284	96.0	Domain-distal >40 aa	P48634:1:189-725	189	725	537
P48634	289	P48634:R289	101.0	Domain-distal >40 aa	P48634:1:189-725	189	725	537
P48634	296	P48634:R296	108.0	Domain-distal >40 aa	P48634:1:189-725	189	725	537
P48634	303	P48634:R303	115.0	Domain-distal >40 aa	P48634:1:189-725	189	725	537
P48634	432	P48634:R432	244.0	Domain-distal >40 aa	P48634:1:189-725	189	725	537
P48634	710	P48634:R710	522.0	Domain-distal >40 aa	P48634:1:189-725	189	725	537
P48634	722	P48634:R722	534.0	Domain-distal >40 aa	P48634:1:189-725	189	725	537
P48634	738	P48634:R738	550.0	Domain-distal >40 aa	P48634:3:734-789	734	789	56
P48634	771	P48634:R771	583.0	Domain-distal >40 aa	P48634:3:734-789	734	789	56
P48634	1024	P48634:R1024	836.0	Domain-distal >40 aa	P48634:5:795-1799	795	1799	1005
P48634	1026	P48634:R1026	838.0	Domain-distal >40 aa	P48634:5:795-1799	795	1799	1005
P48634	1028	P48634:R1028	840.0	Domain-distal >40 aa	P48634:5:795-1799	795	1799	1005
P48634	1034	P48634:R1034	846.0	Domain-distal >40 aa	P48634:5:795-1799	795	1799	1005
P48634	1036	P48634:R1036	848.0	Domain-distal >40 aa	P48634:5:795-1799	795	1799	1005
P48634	1039	P48634:R1039	851.0	Domain-distal >40 aa	P48634:5:795-1799	795	1799	1005
P48634	1045	P48634:R1045	857.0	Domain-distal >40 aa	P48634:5:795-1799	795	1799	1005
P48634	1066	P48634:R1066	878.0	Domain-distal >40 aa	P48634:5:795-1799	795	1799	1005
P48634	1080	P48634:R1080	892.0	Domain-distal >40 aa	P48634:5:795-1799	795	1799	1005
P48634	1082	P48634:R1082	894.0	Domain-distal >40 aa	P48634:5:795-1799	795	1799	1005
P48634	1152	P48634:R1152	964.0	Domain-distal >40 aa	P48634:5:795-1799	795	1799	1005
P48634	1156	P48634:R1156	968.0	Domain-distal >40 aa	P48634:5:795-1799	795	1799	1005
P48634	1159	P48634:R1159	971.0	Domain-distal >40 aa	P48634:5:795-1799	795	1799	1005
P48634	1164	P48634:R1164	976.0	Domain-distal >40 aa	P48634:5:795-1799	795	1799	1005
P48634	1169	P48634:R1169	981.0	Domain-distal >40 aa	P48634:5:795-1799	795	1799	1005
P48634	1176	P48634:R1176	988.0	Domain-distal >40 aa	P48634:5:795-1799	795	1799	1005
P48634	1223	P48634:R1223	1035.0	Domain-distal >40 aa	P48634:5:795-1799	795	1799	1005
P48634	1370	P48634:R1370	1182.0	Domain-distal >40 aa	P48634:5:795-1799	795	1799	1005
P48634	1376	P48634:R1376	1188.0	Domain-distal >40 aa	P48634:5:795-1799	795	1799	1005
P48634	1383	P48634:R1383	1195.0	Domain-distal >40 aa	P48634:5:795-1799	795	1799	1005
P48634	1398	P48634:R1398	1210.0	Domain-distal >40 aa	P48634:5:795-1799	795	1799	1005
P48634	1422	P48634:R1422	1234.0	Domain-distal >40 aa	P48634:5:795-1799	795	1799	1005
P48634	1427	P48634:R1427	1239.0	Domain-distal >40 aa	P48634:5:795-1799	795	1799	1005
P48634	1686	P48634:R1686	1498.0	Domain-distal >40 aa	P48634:5:795-1799	795	1799	1005
P48634	1708	P48634:R1708	1520.0	Domain-distal >40 aa	P48634:5:795-1799	795	1799	1005
P48634	1743	P48634:R1743	1555.0	Domain-distal >40 aa	P48634:5:795-1799	795	1799	1005
P48634	1772	P48634:R1772	1584.0	Domain-distal >40 aa	P48634:5:795-1799	795	1799	1005
P48634	1865	P48634:R1865	1677.0	Domain-distal >40 aa	P48634:7:1832-1880	1832	1880	49
P48634	1875	P48634:R1875	1687.0	Domain-distal >40 aa	P48634:7:1832-1880	1832	1880	49
P48634	2089	P48634:R2089	1901.0	Domain-distal >40 aa	P48634:21:2061-2094	2061	2094	34
P48668	16	P48668:R16	1.0	Domain edge <=20 aa	P48668:1:1-16	1	16	16
P48730	335	P48730:R335	48.0	Domain-distal >40 aa	P48730:2:299-415	299	415	117
P48730	375	P48730:R375	88.0	Domain-distal >40 aa	P48730:2:299-415	299	415	117
P49189	19	P49189:R19	8.0	Domain edge <=20 aa	P49189:2:19-21	19	21	3
P49321	140	P49321:R140	64.0	Domain-distal >40 aa	P49321:4:112-267	112	267	156
P49321	144	P49321:R144	68.0	Domain-distal >40 aa	P49321:4:112-267	112	267	156
P49450	42	P49450:R42	5.0	Domain edge <=20 aa	P49450:1:1-46	1	46	46
P49589	671	P49589:R671	219.0	Domain-distal >40 aa	P49589:2:652-688	652	688	37
P49591	505	P49591:R505	45.0	Domain-distal >40 aa	P49591:3:472-514	472	514	43
P49593	100	P49593:R100	44.0	Domain-distal >40 aa	P49593:4:94-116	94	116	23
P49674	321	P49674:R321	34.0	Domain edge 21-40 aa	P49674:2:301-416	301	416	116
P49674	342	P49674:R342	55.0	Domain-distal >40 aa	P49674:2:301-416	301	416	116
P49674	382	P49674:R382	95.0	Domain-distal >40 aa	P49674:2:301-416	301	416	116
P49736	18	P49736:R18	44.0	Domain-distal >40 aa	P49736:1:1-61	1	61	61
P49736	19	P49736:R19	43.0	Domain-distal >40 aa	P49736:1:1-61	1	61	61
P49750	7	P49750:R7	388.0	Domain-distal >40 aa	P49750:1:1-384	1	384	384
P49750	750	P49750:R750	237.0	Domain-distal >40 aa	P49750:4:524-1215	524	1215	692
P49750	758	P49750:R758	245.0	Domain-distal >40 aa	P49750:4:524-1215	524	1215	692
P49750	761	P49750:R761	248.0	Domain-distal >40 aa	P49750:4:524-1215	524	1215	692
P49750	766	P49750:R766	253.0	Domain-distal >40 aa	P49750:4:524-1215	524	1215	692
P49750	767	P49750:R767	254.0	Domain-distal >40 aa	P49750:4:524-1215	524	1215	692
P49750	774	P49750:R774	261.0	Domain-distal >40 aa	P49750:4:524-1215	524	1215	692
P49750	779	P49750:R779	266.0	Domain-distal >40 aa	P49750:4:524-1215	524	1215	692
P49750	784	P49750:R784	271.0	Domain-distal >40 aa	P49750:4:524-1215	524	1215	692
P49750	789	P49750:R789	276.0	Domain-distal >40 aa	P49750:4:524-1215	524	1215	692
P49750	794	P49750:R794	281.0	Domain-distal >40 aa	P49750:4:524-1215	524	1215	692
P49750	796	P49750:R796	283.0	Domain-distal >40 aa	P49750:4:524-1215	524	1215	692
P49750	814	P49750:R814	301.0	Domain-distal >40 aa	P49750:4:524-1215	524	1215	692
P49750	831	P49750:R831	318.0	Domain-distal >40 aa	P49750:4:524-1215	524	1215	692
P49750	1014	P49750:R1014	501.0	Domain-distal >40 aa	P49750:4:524-1215	524	1215	692
P49750	1041	P49750:R1041	528.0	Domain-distal >40 aa	P49750:4:524-1215	524	1215	692
P49750	1047	P49750:R1047	534.0	Domain-distal >40 aa	P49750:4:524-1215	524	1215	692
P49750	1081	P49750:R1081	568.0	Domain-distal >40 aa	P49750:4:524-1215	524	1215	692
P49750	1103	P49750:R1103	590.0	Domain-distal >40 aa	P49750:4:524-1215	524	1215	692
P49750	1109	P49750:R1109	596.0	Domain-distal >40 aa	P49750:4:524-1215	524	1215	692
P49750	1133	P49750:R1133	620.0	Domain-distal >40 aa	P49750:4:524-1215	524	1215	692
P49750	1144	P49750:R1144	631.0	Domain-distal >40 aa	P49750:4:524-1215	524	1215	692
P49750	1148	P49750:R1148	635.0	Domain-distal >40 aa	P49750:4:524-1215	524	1215	692
P49750	1155	P49750:R1155	642.0	Domain-distal >40 aa	P49750:4:524-1215	524	1215	692
P49750	1159	P49750:R1159	646.0	Domain-distal >40 aa	P49750:4:524-1215	524	1215	692
P49750	1513	P49750:R1513	1000.0	Domain-distal >40 aa	P49750:16:1465-1832	1465	1832	368
P49750	1527	P49750:R1527	1014.0	Domain-distal >40 aa	P49750:16:1465-1832	1465	1832	368
P49750	1534	P49750:R1534	1021.0	Domain-distal >40 aa	P49750:16:1465-1832	1465	1832	368
P49750	1541	P49750:R1541	1028.0	Domain-distal >40 aa	P49750:16:1465-1832	1465	1832	368
P49750	1698	P49750:R1698	1185.0	Domain-distal >40 aa	P49750:16:1465-1832	1465	1832	368
P49750	1758	P49750:R1758	1245.0	Domain-distal >40 aa	P49750:16:1465-1832	1465	1832	368
P49750	1763	P49750:R1763	1250.0	Domain-distal >40 aa	P49750:16:1465-1832	1465	1832	368
P49750	1785	P49750:R1785	1272.0	Domain-distal >40 aa	P49750:16:1465-1832	1465	1832	368
P49750	1792	P49750:R1792	1279.0	Domain-distal >40 aa	P49750:16:1465-1832	1465	1832	368
P49756	444	P49756:R444	275.0	Domain-distal >40 aa	P49756:8:271-694	271	694	424
P49756	514	P49756:R514	236.0	Domain-distal >40 aa	P49756:8:271-694	271	694	424
P49757	196	P49757:R196	21.0	Domain edge 21-40 aa	P49757:5:196-203	196	203	8
P49790	1465	P49790:R1465	585.0	Domain-distal >40 aa	P49790:35:1447-1475	1447	1475	29
P49792	1016	P49792:R1016	155.0	Domain-distal >40 aa	P49792:20:1005-1038	1005	1038	34
P49792	1096	P49792:R1096	75.0	Domain-distal >40 aa	P49792:23:1077-1101	1077	1101	25
P49840	16	P49840:R16	98.0	Domain-distal >40 aa	P49840:1:1-97	1	97	97
P49840	18	P49840:R18	96.0	Domain-distal >40 aa	P49840:1:1-97	1	97	97
P49848	524	P49848:R524	94.0	Domain-distal >40 aa	P49848:6:523-545	523	545	23
P49959	570	P49959:R570	109.0	Domain-distal >40 aa	P49959:3:551-619	551	619	69
P49959	572	P49959:R572	111.0	Domain-distal >40 aa	P49959:3:551-619	551	619	69
P49959	574	P49959:R574	113.0	Domain-distal >40 aa	P49959:3:551-619	551	619	69
P49959	576	P49959:R576	115.0	Domain-distal >40 aa	P49959:3:551-619	551	619	69
P49959	577	P49959:R577	116.0	Domain-distal >40 aa	P49959:3:551-619	551	619	69
P49959	580	P49959:R580	119.0	Domain-distal >40 aa	P49959:3:551-619	551	619	69
P49959	587	P49959:R587	126.0	Domain-distal >40 aa	P49959:3:551-619	551	619	69
P49959	592	P49959:R592	131.0	Domain-distal >40 aa	P49959:3:551-619	551	619	69
P49959	594	P49959:R594	133.0	Domain-distal >40 aa	P49959:3:551-619	551	619	69
P49959	604	P49959:R604	143.0	Domain-distal >40 aa	P49959:3:551-619	551	619	69
P49959	606	P49959:R606	145.0	Domain-distal >40 aa	P49959:3:551-619	551	619	69
P49959	616	P49959:R616	155.0	Domain-distal >40 aa	P49959:3:551-619	551	619	69
P50238	68	P50238:R68	5.0	Domain edge <=20 aa	P50238:2:64-77	64	77	14
P50548	218	P50548:R218	107.0	Domain-distal >40 aa	P50548:4:184-226	184	226	43
P50548	224	P50548:R224	113.0	Domain-distal >40 aa	P50548:4:184-226	184	226	43
P50548	233	P50548:R233	122.0	Domain-distal >40 aa	P50548:5:228-250	228	250	23
P50570	780	P50570:R780	36.0	Domain edge 21-40 aa	P50570:4:745-870	745	870	126
P50570	785	P50570:R785	41.0	Domain-distal >40 aa	P50570:4:745-870	745	870	126
P50570	849	P50570:R849	105.0	Domain-distal >40 aa	P50570:4:745-870	745	870	126
P50570	850	P50570:R850	106.0	Domain-distal >40 aa	P50570:4:745-870	745	870	126
P50570	857	P50570:R857	113.0	Domain-distal >40 aa	P50570:4:745-870	745	870	126
P50570	862	P50570:R862	118.0	Domain-distal >40 aa	P50570:4:745-870	745	870	126
P50579	23	P50579:R23	146.0	Domain-distal >40 aa	P50579:1:1-125	1	125	125
P50749	142	P50749:R142	32.0	Domain edge 21-40 aa	P50749:5:111-164	111	164	54
P50749	144	P50749:R144	30.0	Domain edge 21-40 aa	P50749:5:111-164	111	164	54
P50749	151	P50749:R151	23.0	Domain edge 21-40 aa	P50749:5:111-164	111	164	54
P50750	370	P50750:R370	55.0	Domain-distal >40 aa	P50750:2:343-372	343	372	30
P51114	376	P51114:R376	3.0	Domain edge <=20 aa	P51114:2:375-378	375	378	4
P51114	453	P51114:R453	5.0	Domain edge <=20 aa	P51114:3:449-460	449	460	12
P51114	455	P51114:R455	6.0	Domain edge <=20 aa	P51114:3:449-460	449	460	12
P51114	459	P51114:R459	2.0	Domain edge <=20 aa	P51114:3:449-460	449	460	12
P51116	594	P51116:R594	17.0	Domain edge <=20 aa	P51116:4:578-673	578	673	96
P51116	597	P51116:R597	20.0	Domain edge <=20 aa	P51116:4:578-673	578	673	96
P51148	4	P51148:R4	18.0	Domain edge <=20 aa	P51148:1:1-16	1	16	16
P51148	9	P51148:R9	13.0	Domain edge <=20 aa	P51148:1:1-16	1	16	16
P51610	1204	P51610:R1204	591.0	Domain-distal >40 aa	P51610:23:1191-1204	1191	1204	14
P51610	1219	P51610:R1219	576.0	Domain-distal >40 aa	P51610:24:1219-1220	1219	1220	2
P51610	1244	P51610:R1244	551.0	Domain-distal >40 aa	P51610:25:1222-1251	1222	1251	30
P51610	1511	P51610:R1511	284.0	Domain-distal >40 aa	P51610:35:1485-1517	1485	1517	33
P51617	117	P51617:R117	15.0	Domain edge <=20 aa	P51617:2:104-138	104	138	35
P51617	701	P51617:R701	176.0	Domain-distal >40 aa	P51617:7:687-712	687	712	26
P51858	208	P51858:R208	116.0	Domain-distal >40 aa	P51858:2:93-240	93	240	148
P51858	235	P51858:R235	143.0	Domain-distal >40 aa	P51858:2:93-240	93	240	148
P51991	16	P51991:R16	19.0	Domain edge <=20 aa	P51991:1:1-34	1	34	34
P51991	17	P51991:R17	18.0	Domain edge <=20 aa	P51991:1:1-34	1	34	34
P51991	21	P51991:R21	14.0	Domain edge <=20 aa	P51991:1:1-34	1	34	34
P51991	214	P51991:R214	9.0	Domain edge <=20 aa	P51991:2:206-227	206	227	22
P51991	216	P51991:R216	11.0	Domain edge <=20 aa	P51991:2:206-227	206	227	22
P51991	226	P51991:R226	21.0	Domain edge 21-40 aa	P51991:2:206-227	206	227	22
P51991	246	P51991:R246	41.0	Domain-distal >40 aa	P51991:5:241-258	241	258	18
P51991	257	P51991:R257	52.0	Domain-distal >40 aa	P51991:5:241-258	241	258	18
P51991	286	P51991:R286	81.0	Domain-distal >40 aa	P51991:9:281-297	281	297	17
P51991	354	P51991:R354	149.0	Domain-distal >40 aa	P51991:13:334-378	334	378	45
P51991	376	P51991:R376	171.0	Domain-distal >40 aa	P51991:13:334-378	334	378	45
P51991	377	P51991:R377	172.0	Domain-distal >40 aa	P51991:13:334-378	334	378	45
P52272	154	P52272:R154	5.0	Domain edge <=20 aa	P52272:2:150-154	150	154	5
P52272	403	P52272:R403	122.0	Domain-distal >40 aa	P52272:10:390-412	390	412	23
P52272	410	P52272:R410	129.0	Domain-distal >40 aa	P52272:10:390-412	390	412	23
P52272	510	P52272:R510	143.0	Domain-distal >40 aa	P52272:17:510-512	510	512	3
P52298	139	P52298:R139	20.0	Domain edge <=20 aa	P52298:2:121-156	121	156	36
P52298	146	P52298:R146	27.0	Domain edge 21-40 aa	P52298:2:121-156	121	156	36
P52597	206	P52597:R206	14.0	Domain edge <=20 aa	P52597:4:202-210	202	210	9
P52597	212	P52597:R212	20.0	Domain edge <=20 aa	P52597:5:212-212	212	212	1
P52701	33	P52701:R33	57.0	Domain-distal >40 aa	P52701:1:1-88	1	88	88
P52746	1050	P52746:R1050	4.0	Domain edge <=20 aa	P52746:10:1047-1094	1047	1094	48
P52746	1053	P52746:R1053	7.0	Domain edge <=20 aa	P52746:10:1047-1094	1047	1094	48
P52824	10	P52824:R10	50.0	Domain-distal >40 aa	P52824:1:1-59	1	59	59
P52824	19	P52824:R19	41.0	Domain-distal >40 aa	P52824:1:1-59	1	59	59
P52824	51	P52824:R51	9.0	Domain edge <=20 aa	P52824:1:1-59	1	59	59
P53365	86	P53365:R86	3.0	Domain edge <=20 aa	P53365:6:45-87	45	87	43
P53667	320	P53667:R320	19.0	Domain edge <=20 aa	P53667:2:259-321	259	321	63
P53814	331	P53814:R331	209.0	Domain-distal >40 aa	P53814:3:127-457	127	457	331
P53814	384	P53814:R384	187.0	Domain-distal >40 aa	P53814:3:127-457	127	457	331
P53814	419	P53814:R419	152.0	Domain-distal >40 aa	P53814:3:127-457	127	457	331
P53814	424	P53814:R424	147.0	Domain-distal >40 aa	P53814:3:127-457	127	457	331
P53814	436	P53814:R436	135.0	Domain-distal >40 aa	P53814:3:127-457	127	457	331
P53814	538	P53814:R538	33.0	Domain edge 21-40 aa	P53814:6:528-542	528	542	15
P53814	642	P53814:R642	23.0	Domain edge 21-40 aa	P53814:8:620-793	620	793	174
P53992	222	P53992:R222	200.0	Domain-distal >40 aa	P53992:1:1-351	1	351	351
P53992	337	P53992:R337	85.0	Domain-distal >40 aa	P53992:1:1-351	1	351	351
P53992	350	P53992:R350	72.0	Domain-distal >40 aa	P53992:1:1-351	1	351	351
P54098	722	P54098:R722	63.0	Domain-distal >40 aa	P54098:7:716-736	716	736	21
P54253	53	P54253:R53	144.0	Domain-distal >40 aa	P54253:1:1-67	1	67	67
P54253	59	P54253:R59	138.0	Domain-distal >40 aa	P54253:1:1-67	1	67	67
P55042	14	P55042:R14	78.0	Domain-distal >40 aa	P55042:1:1-88	1	88	88
P55196	178	P55196:R178	45.0	Domain-distal >40 aa	P55196:2:134-196	134	196	63
P55196	186	P55196:R186	53.0	Domain-distal >40 aa	P55196:2:134-196	134	196	63
P55196	243	P55196:R243	3.0	Domain edge <=20 aa	P55196:6:225-245	225	245	21
P55196	1117	P55196:R1117	24.0	Domain edge 21-40 aa	P55196:12:1105-1196	1105	1196	92
P55198	590	P55198:R590	409.0	Domain-distal >40 aa	P55198:9:590-595	590	595	6
P55198	593	P55198:R593	412.0	Domain-distal >40 aa	P55198:9:590-595	590	595	6
P55201	888	P55201:R888	154.0	Domain-distal >40 aa	P55201:10:797-1062	797	1062	266
P55212	9	P55212:R9	27.0	Domain edge 21-40 aa	P55212:1:1-21	1	21	21
P55265	4	P55265:R4	128.0	Domain-distal >40 aa	P55265:1:1-12	1	12	12
P55265	26	P55265:R26	106.0	Domain-distal >40 aa	P55265:2:26-36	26	36	11
P55265	91	P55265:R91	41.0	Domain-distal >40 aa	P55265:5:91-96	91	96	6
P55265	95	P55265:R95	37.0	Domain edge 21-40 aa	P55265:5:91-96	91	96	6
P55265	114	P55265:R114	18.0	Domain edge <=20 aa	P55265:6:100-121	100	121	22
P55265	121	P55265:R121	11.0	Domain edge <=20 aa	P55265:6:100-121	100	121	22
P55789	7	P55789:R7	88.0	Domain-distal >40 aa	P55789:1:1-22	1	22	22
P55789	9	P55789:R9	86.0	Domain-distal >40 aa	P55789:1:1-22	1	22	22
P55789	35	P55789:R35	60.0	Domain-distal >40 aa	P55789:2:26-69	26	69	44
P55789	37	P55789:R37	58.0	Domain-distal >40 aa	P55789:2:26-69	26	69	44
P55789	41	P55789:R41	54.0	Domain-distal >40 aa	P55789:2:26-69	26	69	44
P55789	42	P55789:R42	53.0	Domain-distal >40 aa	P55789:2:26-69	26	69	44
P55795	199	P55795:R199	7.0	Domain edge <=20 aa	P55795:3:195-218	195	218	24
P55795	206	P55795:R206	14.0	Domain edge <=20 aa	P55795:3:195-218	195	218	24
P55795	212	P55795:R212	20.0	Domain edge <=20 aa	P55795:3:195-218	195	218	24
P55795	217	P55795:R217	25.0	Domain edge 21-40 aa	P55795:3:195-218	195	218	24
P55884	113	P55884:R113	71.0	Domain-distal >40 aa	P55884:1:1-177	1	177	177
P58107	2603	P58107:R2603	150.0	Domain-distal >40 aa	P58107:12:2578-2638	2578	2638	61
P58107	3139	P58107:R3139	145.0	Domain-distal >40 aa	P58107:18:3114-3179	3114	3179	66
P58107	3670	P58107:R3670	148.0	Domain-distal >40 aa	P58107:22:3645-3707	3645	3707	63
P58107	4204	P58107:R4204	148.0	Domain-distal >40 aa	P58107:28:4179-4241	4179	4241	63
P58107	4740	P58107:R4740	145.0	Domain-distal >40 aa	P58107:32:4715-4779	4715	4779	65
P60323	146	P60323:R146	35.0	Domain edge 21-40 aa	P60323:4:123-173	123	173	51
P60323	147	P60323:R147	36.0	Domain edge 21-40 aa	P60323:4:123-173	123	173	51
P60323	156	P60323:R156	45.0	Domain-distal >40 aa	P60323:4:123-173	123	173	51
P60900	3	P60900:R3	6.0	Domain edge <=20 aa	P60900:1:1-8	1	8	8
P60900	245	P60900:R245	214.0	Domain-distal >40 aa	P60900:2:244-246	244	246	3
P61073	334	P61073:R334	32.0	Domain edge 21-40 aa	P61073:3:328-352	328	352	25
P61254	11	P61254:R11	37.0	Domain edge 21-40 aa	P61254:1:1-21	1	21	21
P61254	17	P61254:R17	31.0	Domain edge 21-40 aa	P61254:1:1-21	1	21	21
P61978	247	P61978:R247	33.0	Domain edge 21-40 aa	P61978:3:247-329	247	329	83
P61978	249	P61978:R249	35.0	Domain edge 21-40 aa	P61978:3:247-329	247	329	83
P61978	256	P61978:R256	42.0	Domain-distal >40 aa	P61978:3:247-329	247	329	83
P61978	258	P61978:R258	44.0	Domain-distal >40 aa	P61978:3:247-329	247	329	83
P61978	263	P61978:R263	49.0	Domain-distal >40 aa	P61978:3:247-329	247	329	83
P61978	268	P61978:R268	54.0	Domain-distal >40 aa	P61978:3:247-329	247	329	83
P61978	271	P61978:R271	57.0	Domain-distal >40 aa	P61978:3:247-329	247	329	83
P61978	277	P61978:R277	63.0	Domain-distal >40 aa	P61978:3:247-329	247	329	83
P61978	278	P61978:R278	64.0	Domain-distal >40 aa	P61978:3:247-329	247	329	83
P61978	286	P61978:R286	72.0	Domain-distal >40 aa	P61978:3:247-329	247	329	83
P61978	287	P61978:R287	73.0	Domain-distal >40 aa	P61978:3:247-329	247	329	83
P61978	296	P61978:R296	82.0	Domain-distal >40 aa	P61978:3:247-329	247	329	83
P61978	299	P61978:R299	85.0	Domain-distal >40 aa	P61978:3:247-329	247	329	83
P61978	303	P61978:R303	83.0	Domain-distal >40 aa	P61978:3:247-329	247	329	83
P61978	305	P61978:R305	81.0	Domain-distal >40 aa	P61978:3:247-329	247	329	83
P61978	316	P61978:R316	70.0	Domain-distal >40 aa	P61978:3:247-329	247	329	83
P61978	325	P61978:R325	61.0	Domain-distal >40 aa	P61978:3:247-329	247	329	83
P61978	326	P61978:R326	60.0	Domain-distal >40 aa	P61978:3:247-329	247	329	83
P61978	328	P61978:R328	58.0	Domain-distal >40 aa	P61978:3:247-329	247	329	83
P62304	4	P62304:R4	14.0	Domain edge <=20 aa	P62304:1:1-8	1	8	8
P62314	98	P62314:R98	5.0	Domain edge <=20 aa	P62314:1:94-119	94	119	26
P62314	100	P62314:R100	7.0	Domain edge <=20 aa	P62314:1:94-119	94	119	26
P62314	102	P62314:R102	9.0	Domain edge <=20 aa	P62314:1:94-119	94	119	26
P62314	106	P62314:R106	13.0	Domain edge <=20 aa	P62314:1:94-119	94	119	26
P62316	19	P62316:R19	10.0	Domain edge <=20 aa	P62316:1:1-28	1	28	28
P62318	97	P62318:R97	20.0	Domain edge <=20 aa	P62318:2:85-98	85	98	14
P62318	110	P62318:R110	33.0	Domain edge 21-40 aa	P62318:3:110-126	110	126	17
P62318	112	P62318:R112	35.0	Domain edge 21-40 aa	P62318:3:110-126	110	126	17
P62318	114	P62318:R114	37.0	Domain edge 21-40 aa	P62318:3:110-126	110	126	17
P62318	118	P62318:R118	41.0	Domain-distal >40 aa	P62318:3:110-126	110	126	17
P62633	25	P62633:R25	4.0	Domain edge <=20 aa	P62633:2:22-33	22	33	12
P62633	27	P62633:R27	6.0	Domain edge <=20 aa	P62633:2:22-33	22	33	12
P62633	30	P62633:R30	9.0	Domain edge <=20 aa	P62633:2:22-33	22	33	12
P62633	32	P62633:R32	11.0	Domain edge <=20 aa	P62633:2:22-33	22	33	12
P62714	294	P62714:R294	1.0	Domain edge <=20 aa	P62714:2:294-309	294	309	16
P62714	295	P62714:R295	2.0	Domain edge <=20 aa	P62714:2:294-309	294	309	16
P62805	4	P62805:R4	24.0	Domain edge 21-40 aa	P62805:1:1-20	1	20	20
P62805	20	P62805:R20	8.0	Domain edge <=20 aa	P62805:1:1-20	1	20	20
P62888	106	P62888:R106	1.0	Domain edge <=20 aa	P62888:2:106-115	106	115	10
P62995	210	P62995:R210	14.0	Domain edge <=20 aa	P62995:2:197-238	197	238	42
P62995	224	P62995:R224	28.0	Domain edge 21-40 aa	P62995:2:197-238	197	238	42
P62995	228	P62995:R228	32.0	Domain edge 21-40 aa	P62995:2:197-238	197	238	42
P62995	233	P62995:R233	37.0	Domain edge 21-40 aa	P62995:2:197-238	197	238	42
P62995	238	P62995:R238	42.0	Domain-distal >40 aa	P62995:2:197-238	197	238	42
P62995	241	P62995:R241	45.0	Domain-distal >40 aa	P62995:3:240-288	240	288	49
P62995	251	P62995:R251	55.0	Domain-distal >40 aa	P62995:3:240-288	240	288	49
P62995	256	P62995:R256	60.0	Domain-distal >40 aa	P62995:3:240-288	240	288	49
P62995	261	P62995:R261	65.0	Domain-distal >40 aa	P62995:3:240-288	240	288	49
P62995	271	P62995:R271	75.0	Domain-distal >40 aa	P62995:3:240-288	240	288	49
P62995	275	P62995:R275	79.0	Domain-distal >40 aa	P62995:3:240-288	240	288	49
P63162	147	P63162:R147	61.0	Domain-distal >40 aa	P63162:7:134-147	134	147	14
P63162	172	P63162:R172	86.0	Domain-distal >40 aa	P63162:8:161-240	161	240	80
P63162	228	P63162:R228	142.0	Domain-distal >40 aa	P63162:8:161-240	161	240	80
P63162	236	P63162:R236	150.0	Domain-distal >40 aa	P63162:8:161-240	161	240	80
P67775	295	P67775:R295	2.0	Domain edge <=20 aa	P67775:2:294-309	294	309	16
P67809	142	P67809:R142	14.0	Domain edge <=20 aa	P67809:2:129-324	129	324	196
P67809	151	P67809:R151	23.0	Domain edge 21-40 aa	P67809:2:129-324	129	324	196
P67809	152	P67809:R152	24.0	Domain edge 21-40 aa	P67809:2:129-324	129	324	196
P67809	156	P67809:R156	28.0	Domain edge 21-40 aa	P67809:2:129-324	129	324	196
P67809	185	P67809:R185	57.0	Domain-distal >40 aa	P67809:2:129-324	129	324	196
P67809	186	P67809:R186	58.0	Domain-distal >40 aa	P67809:2:129-324	129	324	196
P67809	189	P67809:R189	61.0	Domain-distal >40 aa	P67809:2:129-324	129	324	196
P67809	190	P67809:R190	62.0	Domain-distal >40 aa	P67809:2:129-324	129	324	196
P67809	192	P67809:R192	64.0	Domain-distal >40 aa	P67809:2:129-324	129	324	196
P67809	199	P67809:R199	71.0	Domain-distal >40 aa	P67809:2:129-324	129	324	196
P67809	200	P67809:R200	72.0	Domain-distal >40 aa	P67809:2:129-324	129	324	196
P67809	204	P67809:R204	76.0	Domain-distal >40 aa	P67809:2:129-324	129	324	196
P67809	205	P67809:R205	77.0	Domain-distal >40 aa	P67809:2:129-324	129	324	196
P67809	231	P67809:R231	103.0	Domain-distal >40 aa	P67809:2:129-324	129	324	196
P67809	234	P67809:R234	106.0	Domain-distal >40 aa	P67809:2:129-324	129	324	196
P67809	239	P67809:R239	111.0	Domain-distal >40 aa	P67809:2:129-324	129	324	196
P67809	242	P67809:R242	114.0	Domain-distal >40 aa	P67809:2:129-324	129	324	196
P67809	244	P67809:R244	116.0	Domain-distal >40 aa	P67809:2:129-324	129	324	196
P67809	279	P67809:R279	151.0	Domain-distal >40 aa	P67809:2:129-324	129	324	196
P67809	280	P67809:R280	152.0	Domain-distal >40 aa	P67809:2:129-324	129	324	196
P67809	288	P67809:R288	160.0	Domain-distal >40 aa	P67809:2:129-324	129	324	196
P67809	290	P67809:R290	162.0	Domain-distal >40 aa	P67809:2:129-324	129	324	196
P67809	291	P67809:R291	163.0	Domain-distal >40 aa	P67809:2:129-324	129	324	196
P68371	2	P68371:R2	1.0	Domain edge <=20 aa	P68371:1:1-2	1	2	2
P68431	3	P68431:R3	41.0	Domain-distal >40 aa	P68431:1:1-43	1	43	43
P68431	9	P68431:R9	35.0	Domain edge 21-40 aa	P68431:1:1-43	1	43	43
P68431	18	P68431:R18	26.0	Domain edge 21-40 aa	P68431:1:1-43	1	43	43
P68431	27	P68431:R27	17.0	Domain edge <=20 aa	P68431:1:1-43	1	43	43
P68431	41	P68431:R41	3.0	Domain edge <=20 aa	P68431:1:1-43	1	43	43
P68431	43	P68431:R43	1.0	Domain edge <=20 aa	P68431:1:1-43	1	43	43
P78317	7	P78317:R7	120.0	Domain-distal >40 aa	P78317:1:1-34	1	34	34
P78317	14	P78317:R14	113.0	Domain-distal >40 aa	P78317:1:1-34	1	34	34
P78332	15	P78332:R15	441.0	Domain-distal >40 aa	P78332:1:1-203	1	203	203
P78332	96	P78332:R96	360.0	Domain-distal >40 aa	P78332:1:1-203	1	203	203
P78332	166	P78332:R166	290.0	Domain-distal >40 aa	P78332:1:1-203	1	203	203
P78332	176	P78332:R176	280.0	Domain-distal >40 aa	P78332:1:1-203	1	203	203
P78332	178	P78332:R178	278.0	Domain-distal >40 aa	P78332:1:1-203	1	203	203
P78332	188	P78332:R188	268.0	Domain-distal >40 aa	P78332:1:1-203	1	203	203
P78332	238	P78332:R238	218.0	Domain-distal >40 aa	P78332:2:206-398	206	398	193
P78332	258	P78332:R258	198.0	Domain-distal >40 aa	P78332:2:206-398	206	398	193
P78332	260	P78332:R260	196.0	Domain-distal >40 aa	P78332:2:206-398	206	398	193
P78344	23	P78344:R23	55.0	Domain-distal >40 aa	P78344:1:1-72	1	72	72
P78344	393	P78344:R393	85.0	Domain-distal >40 aa	P78344:5:385-427	385	427	43
P78344	400	P78344:R400	92.0	Domain-distal >40 aa	P78344:5:385-427	385	427	43
P78344	402	P78344:R402	94.0	Domain-distal >40 aa	P78344:5:385-427	385	427	43
P78344	460	P78344:R460	83.0	Domain-distal >40 aa	P78344:6:450-466	450	466	17
P78344	505	P78344:R505	38.0	Domain edge 21-40 aa	P78344:7:494-542	494	542	49
P78345	10	P78345:R10	95.0	Domain-distal >40 aa	P78345:1:1-18	1	18	18
P78345	14	P78345:R14	91.0	Domain-distal >40 aa	P78345:1:1-18	1	18	18
P78347	206	P78347:R206	9.0	Domain edge <=20 aa	P78347:3:206-206	206	206	1
P78368	25	P78368:R25	21.0	Domain edge 21-40 aa	P78368:1:1-37	1	37	37
P78524	270	P78524:R270	423.0	Domain-distal >40 aa	P78524:14:261-282	261	282	22
P78549	13	P78549:R13	109.0	Domain-distal >40 aa	P78549:1:1-85	1	85	85
P78559	2628	P78559:R2628	2328.0	Domain-distal >40 aa	P78559:23:2339-2687	2339	2687	349
P79522	66	P79522:R66	89.0	Domain-distal >40 aa	P79522:1:1-154	1	154	154
P79522	83	P79522:R83	72.0	Domain-distal >40 aa	P79522:1:1-154	1	154	154
P79522	87	P79522:R87	68.0	Domain-distal >40 aa	P79522:1:1-154	1	154	154
P79522	88	P79522:R88	67.0	Domain-distal >40 aa	P79522:1:1-154	1	154	154
P79522	93	P79522:R93	62.0	Domain-distal >40 aa	P79522:1:1-154	1	154	154
P79522	99	P79522:R99	56.0	Domain-distal >40 aa	P79522:1:1-154	1	154	154
P79522	120	P79522:R120	35.0	Domain edge 21-40 aa	P79522:1:1-154	1	154	154
P83369	78	P83369:R78	14.0	Domain edge <=20 aa	P83369:2:66-151	66	151	86
P84103	90	P84103:R90	7.0	Domain edge <=20 aa	P84103:2:84-164	84	164	81
P84103	98	P84103:R98	15.0	Domain edge <=20 aa	P84103:2:84-164	84	164	81
P84103	125	P84103:R125	42.0	Domain-distal >40 aa	P84103:2:84-164	84	164	81
P84103	131	P84103:R131	48.0	Domain-distal >40 aa	P84103:2:84-164	84	164	81
P84103	133	P84103:R133	50.0	Domain-distal >40 aa	P84103:2:84-164	84	164	81
P84243	3	P84243:R3	41.0	Domain-distal >40 aa	P84243:1:1-43	1	43	43
P84243	18	P84243:R18	26.0	Domain edge 21-40 aa	P84243:1:1-43	1	43	43
P84243	41	P84243:R41	3.0	Domain edge <=20 aa	P84243:1:1-43	1	43	43
P84243	43	P84243:R43	1.0	Domain edge <=20 aa	P84243:1:1-43	1	43	43
P98082	441	P98082:R441	245.0	Domain-distal >40 aa	P98082:5:282-488	282	488	207
P98082	443	P98082:R443	247.0	Domain-distal >40 aa	P98082:5:282-488	282	488	207
P98153	90	P98153:R90	22.0	Domain edge 21-40 aa	P98153:2:69-94	69	94	26
P98170	248	P98170:R248	15.0	Domain edge <=20 aa	P98170:3:243-257	243	257	15
P98174	46	P98174:R46	327.0	Domain-distal >40 aa	P98174:1:1-88	1	88	88
P98174	90	P98174:R90	283.0	Domain-distal >40 aa	P98174:2:90-217	90	217	128
P98174	101	P98174:R101	272.0	Domain-distal >40 aa	P98174:2:90-217	90	217	128
P98174	109	P98174:R109	264.0	Domain-distal >40 aa	P98174:2:90-217	90	217	128
P98174	172	P98174:R172	201.0	Domain-distal >40 aa	P98174:2:90-217	90	217	128
P98175	12	P98175:R12	117.0	Domain-distal >40 aa	P98175:1:1-128	1	128	128
P98179	87	P98179:R87	2.0	Domain edge <=20 aa	P98179:2:86-157	86	157	72
P98179	90	P98179:R90	5.0	Domain edge <=20 aa	P98179:2:86-157	86	157	72
P98179	99	P98179:R99	14.0	Domain edge <=20 aa	P98179:2:86-157	86	157	72
P98179	101	P98179:R101	16.0	Domain edge <=20 aa	P98179:2:86-157	86	157	72
P98179	105	P98179:R105	20.0	Domain edge <=20 aa	P98179:2:86-157	86	157	72
P98179	116	P98179:R116	31.0	Domain edge 21-40 aa	P98179:2:86-157	86	157	72
P98179	121	P98179:R121	36.0	Domain edge 21-40 aa	P98179:2:86-157	86	157	72
P98179	131	P98179:R131	46.0	Domain-distal >40 aa	P98179:2:86-157	86	157	72
P98179	133	P98179:R133	48.0	Domain-distal >40 aa	P98179:2:86-157	86	157	72
P98179	138	P98179:R138	53.0	Domain-distal >40 aa	P98179:2:86-157	86	157	72
P98179	145	P98179:R145	60.0	Domain-distal >40 aa	P98179:2:86-157	86	157	72
Q00341	1268	Q00341:R1268	73.0	Domain-distal >40 aa	Q00341:6:1226-1268	1226	1268	43
Q00536	19	Q00536:R19	146.0	Domain-distal >40 aa	Q00536:1:1-114	1	114	114
Q00587	8	Q00587:R8	29.0	Domain edge 21-40 aa	Q00587:1:1-18	1	18	18
Q00587	76	Q00587:R76	4.0	Domain edge <=20 aa	Q00587:3:73-82	73	82	10
Q00587	79	Q00587:R79	7.0	Domain edge <=20 aa	Q00587:3:73-82	73	82	10
Q00587	98	Q00587:R98	17.0	Domain edge <=20 aa	Q00587:4:93-114	93	114	22
Q00587	310	Q00587:R310	95.0	Domain-distal >40 aa	Q00587:5:221-339	221	339	119
Q00722	874	Q00722:R874	4.0	Domain edge <=20 aa	Q00722:2:856-877	856	877	22
Q00839	50	Q00839:R50	8.0	Domain edge <=20 aa	Q00839:2:43-267	43	267	225
Q00839	224	Q00839:R224	44.0	Domain-distal >40 aa	Q00839:2:43-267	43	267	225
Q00839	255	Q00839:R255	13.0	Domain edge <=20 aa	Q00839:2:43-267	43	267	225
Q00839	484	Q00839:R484	20.0	Domain edge <=20 aa	Q00839:3:484-492	484	492	9
Q00839	486	Q00839:R486	22.0	Domain edge 21-40 aa	Q00839:3:484-492	484	492	9
Q00839	702	Q00839:R702	238.0	Domain-distal >40 aa	Q00839:5:670-755	670	755	86
Q00839	707	Q00839:R707	243.0	Domain-distal >40 aa	Q00839:5:670-755	670	755	86
Q00839	709	Q00839:R709	245.0	Domain-distal >40 aa	Q00839:5:670-755	670	755	86
Q00839	715	Q00839:R715	251.0	Domain-distal >40 aa	Q00839:5:670-755	670	755	86
Q00839	720	Q00839:R720	256.0	Domain-distal >40 aa	Q00839:5:670-755	670	755	86
Q00839	727	Q00839:R727	263.0	Domain-distal >40 aa	Q00839:5:670-755	670	755	86
Q00839	732	Q00839:R732	268.0	Domain-distal >40 aa	Q00839:5:670-755	670	755	86
Q00839	733	Q00839:R733	269.0	Domain-distal >40 aa	Q00839:5:670-755	670	755	86
Q00839	739	Q00839:R739	275.0	Domain-distal >40 aa	Q00839:5:670-755	670	755	86
Q00839	755	Q00839:R755	291.0	Domain-distal >40 aa	Q00839:5:670-755	670	755	86
Q00839	762	Q00839:R762	298.0	Domain-distal >40 aa	Q00839:6:760-801	760	801	42
Q00839	768	Q00839:R768	304.0	Domain-distal >40 aa	Q00839:6:760-801	760	801	42
Q00839	773	Q00839:R773	309.0	Domain-distal >40 aa	Q00839:6:760-801	760	801	42
Q00839	779	Q00839:R779	315.0	Domain-distal >40 aa	Q00839:6:760-801	760	801	42
Q00839	787	Q00839:R787	323.0	Domain-distal >40 aa	Q00839:6:760-801	760	801	42
Q00839	789	Q00839:R789	325.0	Domain-distal >40 aa	Q00839:6:760-801	760	801	42
Q00839	793	Q00839:R793	329.0	Domain-distal >40 aa	Q00839:6:760-801	760	801	42
Q01081	211	Q01081:R211	35.0	Domain edge 21-40 aa	Q01081:3:183-240	183	240	58
Q01082	2140	Q01082:R2140	12.0	Domain edge <=20 aa	Q01082:2:2129-2196	2129	2196	68
Q01094	109	Q01094:R109	18.0	Domain edge <=20 aa	Q01094:2:40-126	40	126	87
Q01094	111	Q01094:R111	16.0	Domain edge <=20 aa	Q01094:2:40-126	40	126	87
Q01094	113	Q01094:R113	14.0	Domain edge <=20 aa	Q01094:2:40-126	40	126	87
Q01130	5	Q01130:R5	9.0	Domain edge <=20 aa	Q01130:1:1-13	1	13	13
Q01130	94	Q01130:R94	2.0	Domain edge <=20 aa	Q01130:2:93-221	93	221	129
Q01130	103	Q01130:R103	11.0	Domain edge <=20 aa	Q01130:2:93-221	93	221	129
Q01130	109	Q01130:R109	17.0	Domain edge <=20 aa	Q01130:2:93-221	93	221	129
Q01130	117	Q01130:R117	25.0	Domain edge 21-40 aa	Q01130:2:93-221	93	221	129
Q01196	206	Q01196:R206	27.0	Domain edge 21-40 aa	Q01196:2:180-254	180	254	75
Q01196	210	Q01196:R210	31.0	Domain edge 21-40 aa	Q01196:2:180-254	180	254	75
Q01196	223	Q01196:R223	44.0	Domain-distal >40 aa	Q01196:2:180-254	180	254	75
Q01201	16	Q01201:R16	2.0	Domain edge <=20 aa	Q01201:1:1-17	1	17	17
Q01484	900	Q01484:R900	66.0	Domain-distal >40 aa	Q01484:5:898-907	898	907	10
Q01543	438	Q01543:R438	73.0	Domain-distal >40 aa	Q01543:10:430-452	430	452	23
Q01804	380	Q01804:R380	225.0	Domain-distal >40 aa	Q01804:6:316-450	316	450	135
Q01804	1050	Q01804:R1050	895.0	Domain-distal >40 aa	Q01804:23:907-1114	907	1114	208
Q01804	1061	Q01804:R1061	906.0	Domain-distal >40 aa	Q01804:23:907-1114	907	1114	208
Q01804	1068	Q01804:R1068	913.0	Domain-distal >40 aa	Q01804:23:907-1114	907	1114	208
Q01804	1089	Q01804:R1089	934.0	Domain-distal >40 aa	Q01804:23:907-1114	907	1114	208
Q01826	42	Q01826:R42	29.0	Domain edge 21-40 aa	Q01826:1:1-58	1	58	58
Q01826	44	Q01826:R44	27.0	Domain edge 21-40 aa	Q01826:1:1-58	1	58	58
Q01844	292	Q01844:R292	69.0	Domain-distal >40 aa	Q01844:6:121-360	121	360	240
Q01844	300	Q01844:R300	61.0	Domain-distal >40 aa	Q01844:6:121-360	121	360	240
Q01844	302	Q01844:R302	59.0	Domain-distal >40 aa	Q01844:6:121-360	121	360	240
Q01844	304	Q01844:R304	57.0	Domain-distal >40 aa	Q01844:6:121-360	121	360	240
Q01844	309	Q01844:R309	52.0	Domain-distal >40 aa	Q01844:6:121-360	121	360	240
Q01844	314	Q01844:R314	47.0	Domain-distal >40 aa	Q01844:6:121-360	121	360	240
Q01844	317	Q01844:R317	44.0	Domain-distal >40 aa	Q01844:6:121-360	121	360	240
Q01844	321	Q01844:R321	40.0	Domain edge 21-40 aa	Q01844:6:121-360	121	360	240
Q01844	330	Q01844:R330	31.0	Domain edge 21-40 aa	Q01844:6:121-360	121	360	240
Q01844	455	Q01844:R455	8.0	Domain edge <=20 aa	Q01844:7:448-517	448	517	70
Q01844	461	Q01844:R461	14.0	Domain edge <=20 aa	Q01844:7:448-517	448	517	70
Q01844	464	Q01844:R464	17.0	Domain edge <=20 aa	Q01844:7:448-517	448	517	70
Q01844	471	Q01844:R471	24.0	Domain edge 21-40 aa	Q01844:7:448-517	448	517	70
Q01844	486	Q01844:R486	32.0	Domain edge 21-40 aa	Q01844:7:448-517	448	517	70
Q01844	490	Q01844:R490	28.0	Domain edge 21-40 aa	Q01844:7:448-517	448	517	70
Q01844	494	Q01844:R494	24.0	Domain edge 21-40 aa	Q01844:7:448-517	448	517	70
Q01844	500	Q01844:R500	18.0	Domain edge <=20 aa	Q01844:7:448-517	448	517	70
Q01844	503	Q01844:R503	15.0	Domain edge <=20 aa	Q01844:7:448-517	448	517	70
Q01844	506	Q01844:R506	12.0	Domain edge <=20 aa	Q01844:7:448-517	448	517	70
Q01844	563	Q01844:R563	14.0	Domain edge <=20 aa	Q01844:8:550-656	550	656	107
Q01844	565	Q01844:R565	16.0	Domain edge <=20 aa	Q01844:8:550-656	550	656	107
Q01844	572	Q01844:R572	23.0	Domain edge 21-40 aa	Q01844:8:550-656	550	656	107
Q01844	575	Q01844:R575	26.0	Domain edge 21-40 aa	Q01844:8:550-656	550	656	107
Q01844	581	Q01844:R581	32.0	Domain edge 21-40 aa	Q01844:8:550-656	550	656	107
Q01844	589	Q01844:R589	40.0	Domain edge 21-40 aa	Q01844:8:550-656	550	656	107
Q01844	592	Q01844:R592	43.0	Domain-distal >40 aa	Q01844:8:550-656	550	656	107
Q01844	596	Q01844:R596	47.0	Domain-distal >40 aa	Q01844:8:550-656	550	656	107
Q01844	600	Q01844:R600	51.0	Domain-distal >40 aa	Q01844:8:550-656	550	656	107
Q01844	603	Q01844:R603	54.0	Domain-distal >40 aa	Q01844:8:550-656	550	656	107
Q01844	607	Q01844:R607	58.0	Domain-distal >40 aa	Q01844:8:550-656	550	656	107
Q01844	614	Q01844:R614	65.0	Domain-distal >40 aa	Q01844:8:550-656	550	656	107
Q01844	615	Q01844:R615	66.0	Domain-distal >40 aa	Q01844:8:550-656	550	656	107
Q01844	632	Q01844:R632	83.0	Domain-distal >40 aa	Q01844:8:550-656	550	656	107
Q01844	633	Q01844:R633	84.0	Domain-distal >40 aa	Q01844:8:550-656	550	656	107
Q01844	636	Q01844:R636	87.0	Domain-distal >40 aa	Q01844:8:550-656	550	656	107
Q02080	219	Q02080:R219	141.0	Domain-distal >40 aa	Q02080:2:94-365	94	365	272
Q02080	226	Q02080:R226	148.0	Domain-distal >40 aa	Q02080:2:94-365	94	365	272
Q02388	1470	Q02388:R1470	19.0	Domain edge <=20 aa	Q02388:4:1310-1488	1310	1488	179
Q02447	611	Q02447:R611	10.0	Domain edge <=20 aa	Q02447:22:611-611	611	611	1
Q02641	593	Q02641:R593	184.0	Domain-distal >40 aa	Q02641:5:591-596	591	596	6
Q02779	857	Q02779:R857	491.0	Domain-distal >40 aa	Q02779:13:756-900	756	900	145
Q02833	125	Q02833:R125	35.0	Domain edge 21-40 aa	Q02833:3:122-150	122	150	29
Q02878	123	Q02878:R123	13.0	Domain edge <=20 aa	Q02878:5:123-123	123	123	1
Q02952	537	Q02952:R537	68.0	Domain-distal >40 aa	Q02952:3:419-604	419	604	186
Q02952	958	Q02952:R958	132.0	Domain-distal >40 aa	Q02952:12:938-1091	938	1091	154
Q02952	961	Q02952:R961	135.0	Domain-distal >40 aa	Q02952:12:938-1091	938	1091	154
Q03001	7402	Q03001:R7402	48.0	Domain-distal >40 aa	Q03001:53:7395-7468	7395	7468	74
Q03164	25	Q03164:R25	1122.0	Domain-distal >40 aa	Q03164:1:1-110	1	110	110
Q03164	32	Q03164:R32	1115.0	Domain-distal >40 aa	Q03164:1:1-110	1	110	110
Q03164	701	Q03164:R701	446.0	Domain-distal >40 aa	Q03164:19:698-703	698	703	6
Q03164	721	Q03164:R721	426.0	Domain-distal >40 aa	Q03164:20:712-782	712	782	71
Q03252	28	Q03252:R28	17.0	Domain edge <=20 aa	Q03252:1:1-40	1	40	40
Q04206	295	Q04206:R295	4.0	Domain edge <=20 aa	Q04206:2:292-306	292	306	15
Q04637	48	Q04637:R48	713.0	Domain-distal >40 aa	Q04637:1:1-79	1	79	79
Q04637	55	Q04637:R55	706.0	Domain-distal >40 aa	Q04637:1:1-79	1	79	79
Q04637	65	Q04637:R65	696.0	Domain-distal >40 aa	Q04637:1:1-79	1	79	79
Q04637	73	Q04637:R73	688.0	Domain-distal >40 aa	Q04637:1:1-79	1	79	79
Q04637	231	Q04637:R231	530.0	Domain-distal >40 aa	Q04637:4:159-602	159	602	444
Q04637	675	Q04637:R675	86.0	Domain-distal >40 aa	Q04637:7:666-715	666	715	50
Q04637	681	Q04637:R681	80.0	Domain-distal >40 aa	Q04637:7:666-715	666	715	50
Q04637	685	Q04637:R685	76.0	Domain-distal >40 aa	Q04637:7:666-715	666	715	50
Q04637	694	Q04637:R694	67.0	Domain-distal >40 aa	Q04637:7:666-715	666	715	50
Q04637	702	Q04637:R702	59.0	Domain-distal >40 aa	Q04637:7:666-715	666	715	50
Q04637	703	Q04637:R703	58.0	Domain-distal >40 aa	Q04637:7:666-715	666	715	50
Q04637	1031	Q04637:R1031	42.0	Domain-distal >40 aa	Q04637:12:1022-1230	1022	1230	209
Q04637	1032	Q04637:R1032	43.0	Domain-distal >40 aa	Q04637:12:1022-1230	1022	1230	209
Q04637	1042	Q04637:R1042	53.0	Domain-distal >40 aa	Q04637:12:1022-1230	1022	1230	209
Q04637	1138	Q04637:R1138	103.0	Domain-distal >40 aa	Q04637:12:1022-1230	1022	1230	209
Q04637	1166	Q04637:R1166	75.0	Domain-distal >40 aa	Q04637:12:1022-1230	1022	1230	209
Q04637	1205	Q04637:R1205	36.0	Domain edge 21-40 aa	Q04637:12:1022-1230	1022	1230	209
Q04637	1216	Q04637:R1216	25.0	Domain edge 21-40 aa	Q04637:12:1022-1230	1022	1230	209
Q04637	1218	Q04637:R1218	23.0	Domain edge 21-40 aa	Q04637:12:1022-1230	1022	1230	209
Q04721	1786	Q04721:R1786	41.0	Domain-distal >40 aa	Q04721:5:1753-1798	1753	1798	46
Q04721	1787	Q04721:R1787	40.0	Domain edge 21-40 aa	Q04721:5:1753-1798	1753	1798	46
Q04724	6	Q04724:R6	12.0	Domain edge <=20 aa	Q04724:1:1-17	1	17	17
Q04724	338	Q04724:R338	136.0	Domain-distal >40 aa	Q04724:4:174-349	174	349	176
Q04726	6	Q04726:R6	12.0	Domain edge <=20 aa	Q04726:1:1-17	1	17	17
Q04864	421	Q04864:R421	139.0	Domain-distal >40 aa	Q04864:10:397-439	397	439	43
Q05195	189	Q05195:R189	53.0	Domain-distal >40 aa	Q05195:4:172-204	172	204	33
Q06587	202	Q06587:R202	80.0	Domain-distal >40 aa	Q06587:4:142-268	142	268	127
Q06587	204	Q06587:R204	78.0	Domain-distal >40 aa	Q06587:4:142-268	142	268	127
Q06787	544	Q06787:R544	2.0	Domain edge <=20 aa	Q06787:1:543-548	543	548	6
Q06787	546	Q06787:R546	3.0	Domain edge <=20 aa	Q06787:1:543-548	543	548	6
Q07002	465	Q07002:R465	40.0	Domain edge 21-40 aa	Q07002:4:458-474	458	474	17
Q07666	4	Q07666:R4	98.0	Domain-distal >40 aa	Q07666:1:1-96	1	96	96
Q07666	10	Q07666:R10	92.0	Domain-distal >40 aa	Q07666:1:1-96	1	96	96
Q07666	13	Q07666:R13	89.0	Domain-distal >40 aa	Q07666:1:1-96	1	96	96
Q07666	17	Q07666:R17	85.0	Domain-distal >40 aa	Q07666:1:1-96	1	96	96
Q07666	36	Q07666:R36	66.0	Domain-distal >40 aa	Q07666:1:1-96	1	96	96
Q07666	43	Q07666:R43	59.0	Domain-distal >40 aa	Q07666:1:1-96	1	96	96
Q07666	45	Q07666:R45	57.0	Domain-distal >40 aa	Q07666:1:1-96	1	96	96
Q07666	52	Q07666:R52	50.0	Domain-distal >40 aa	Q07666:1:1-96	1	96	96
Q07666	282	Q07666:R282	30.0	Domain edge 21-40 aa	Q07666:4:280-321	280	321	42
Q07666	284	Q07666:R284	32.0	Domain edge 21-40 aa	Q07666:4:280-321	280	321	42
Q07666	289	Q07666:R289	37.0	Domain edge 21-40 aa	Q07666:4:280-321	280	321	42
Q07666	291	Q07666:R291	39.0	Domain edge 21-40 aa	Q07666:4:280-321	280	321	42
Q07666	302	Q07666:R302	50.0	Domain-distal >40 aa	Q07666:4:280-321	280	321	42
Q07666	304	Q07666:R304	52.0	Domain-distal >40 aa	Q07666:4:280-321	280	321	42
Q07666	310	Q07666:R310	56.0	Domain-distal >40 aa	Q07666:4:280-321	280	321	42
Q07666	315	Q07666:R315	51.0	Domain-distal >40 aa	Q07666:4:280-321	280	321	42
Q07666	320	Q07666:R320	46.0	Domain-distal >40 aa	Q07666:4:280-321	280	321	42
Q07666	325	Q07666:R325	41.0	Domain-distal >40 aa	Q07666:5:323-365	323	365	43
Q07666	331	Q07666:R331	35.0	Domain edge 21-40 aa	Q07666:5:323-365	323	365	43
Q07666	340	Q07666:R340	26.0	Domain edge 21-40 aa	Q07666:5:323-365	323	365	43
Q07666	346	Q07666:R346	20.0	Domain edge <=20 aa	Q07666:5:323-365	323	365	43
Q07666	348	Q07666:R348	18.0	Domain edge <=20 aa	Q07666:5:323-365	323	365	43
Q07666	436	Q07666:R436	21.0	Domain edge 21-40 aa	Q07666:6:416-443	416	443	28
Q07666	442	Q07666:R442	27.0	Domain edge 21-40 aa	Q07666:6:416-443	416	443	28
Q07812	9	Q07812:R9	54.0	Domain-distal >40 aa	Q07812:1:1-18	1	18	18
Q07866	505	Q07866:R505	8.0	Domain edge <=20 aa	Q07866:11:505-508	505	508	4
Q07866	570	Q07866:R570	73.0	Domain-distal >40 aa	Q07866:14:551-573	551	573	23
Q07890	1321	Q07890:R1321	303.0	Domain-distal >40 aa	Q07890:12:1140-1332	1140	1332	193
Q07912	839	Q07912:R839	2.0	Domain edge <=20 aa	Q07912:11:838-845	838	845	8
Q07912	933	Q07912:R933	25.0	Domain edge 21-40 aa	Q07912:12:878-957	878	957	80
Q07955	93	Q07955:R93	2.0	Domain edge <=20 aa	Q07955:2:92-112	92	112	21
Q07955	97	Q07955:R97	6.0	Domain edge <=20 aa	Q07955:2:92-112	92	112	21
Q07955	109	Q07955:R109	4.0	Domain edge <=20 aa	Q07955:2:92-112	92	112	21
Q07955	111	Q07955:R111	2.0	Domain edge <=20 aa	Q07955:2:92-112	92	112	21
Q08117	7	Q08117:R7	11.0	Domain edge <=20 aa	Q08117:1:1-17	1	17	17
Q08170	75	Q08170:R75	3.0	Domain edge <=20 aa	Q08170:2:73-97	73	97	25
Q08170	83	Q08170:R83	11.0	Domain edge <=20 aa	Q08170:2:73-97	73	97	25
Q08170	89	Q08170:R89	15.0	Domain edge <=20 aa	Q08170:2:73-97	73	97	25
Q08170	428	Q08170:R428	251.0	Domain-distal >40 aa	Q08170:4:178-494	178	494	317
Q08211	141	Q08211:R141	37.0	Domain edge 21-40 aa	Q08211:4:126-141	126	141	16
Q08211	1154	Q08211:R1154	81.0	Domain-distal >40 aa	Q08211:9:1154-1155	1154	1155	2
Q08211	1160	Q08211:R1160	87.0	Domain-distal >40 aa	Q08211:11:1159-1172	1159	1172	14
Q08211	1166	Q08211:R1166	93.0	Domain-distal >40 aa	Q08211:11:1159-1172	1159	1172	14
Q08211	1227	Q08211:R1227	154.0	Domain-distal >40 aa	Q08211:14:1225-1255	1225	1255	31
Q08211	1235	Q08211:R1235	162.0	Domain-distal >40 aa	Q08211:14:1225-1255	1225	1255	31
Q08211	1242	Q08211:R1242	169.0	Domain-distal >40 aa	Q08211:14:1225-1255	1225	1255	31
Q08211	1249	Q08211:R1249	176.0	Domain-distal >40 aa	Q08211:14:1225-1255	1225	1255	31
Q08211	1253	Q08211:R1253	180.0	Domain-distal >40 aa	Q08211:14:1225-1255	1225	1255	31
Q08211	1265	Q08211:R1265	192.0	Domain-distal >40 aa	Q08211:17:1265-1270	1265	1270	6
Q08379	18	Q08379:R18	363.0	Domain-distal >40 aa	Q08379:1:1-115	1	115	115
Q08379	30	Q08379:R30	351.0	Domain-distal >40 aa	Q08379:1:1-115	1	115	115
Q08379	35	Q08379:R35	346.0	Domain-distal >40 aa	Q08379:1:1-115	1	115	115
Q08945	645	Q08945:R645	12.0	Domain edge <=20 aa	Q08945:3:617-656	617	656	40
Q08AD1	1014	Q08AD1:R1014	334.0	Domain-distal >40 aa	Q08AD1:20:925-1020	925	1020	96
Q09019	477	Q09019:R477	33.0	Domain edge 21-40 aa	Q09019:3:454-518	454	518	65
Q09019	551	Q09019:R551	107.0	Domain-distal >40 aa	Q09019:4:521-574	521	574	54
Q09472	200	Q09472:R200	131.0	Domain-distal >40 aa	Q09472:8:191-262	191	262	72
Q09472	237	Q09472:R237	94.0	Domain-distal >40 aa	Q09472:8:191-262	191	262	72
Q09472	705	Q09472:R705	59.0	Domain-distal >40 aa	Q09472:19:652-716	652	716	65
Q09472	728	Q09472:R728	82.0	Domain-distal >40 aa	Q09472:20:722-1047	722	1047	326
Q09472	754	Q09472:R754	108.0	Domain-distal >40 aa	Q09472:20:722-1047	722	1047	326
Q09472	2142	Q09472:R2142	44.0	Domain-distal >40 aa	Q09472:25:2099-2169	2099	2169	71
Q09472	2226	Q09472:R2226	128.0	Domain-distal >40 aa	Q09472:27:2186-2243	2186	2243	58
Q09472	2317	Q09472:R2317	219.0	Domain-distal >40 aa	Q09472:31:2266-2414	2266	2414	149
Q09472	2330	Q09472:R2330	232.0	Domain-distal >40 aa	Q09472:31:2266-2414	2266	2414	149
Q09666	330	Q09666:R330	240.0	Domain-distal >40 aa	Q09666:10:313-348	313	348	36
Q09666	556	Q09666:R556	466.0	Domain-distal >40 aa	Q09666:25:545-566	545	566	22
Q12766	529	Q12766:R529	206.0	Domain-distal >40 aa	Q12766:12:524-532	524	532	9
Q12774	789	Q12774:R789	311.0	Domain-distal >40 aa	Q12774:1:479-1072	479	1072	594
Q12774	866	Q12774:R866	308.0	Domain-distal >40 aa	Q12774:1:479-1072	479	1072	594
Q12789	1541	Q12789:R1541	824.0	Domain-distal >40 aa	Q12789:24:1538-1549	1538	1549	12
Q12791	1215	Q12791:R1215	39.0	Domain edge 21-40 aa	Q12791:10:1186-1236	1186	1236	51
Q12792	340	Q12792:R340	27.0	Domain edge 21-40 aa	Q12792:1:316-350	316	350	35
Q12830	5	Q12830:R5	235.0	Domain-distal >40 aa	Q12830:1:1-233	1	233	233
Q12830	7	Q12830:R7	233.0	Domain-distal >40 aa	Q12830:1:1-233	1	233	233
Q12830	40	Q12830:R40	200.0	Domain-distal >40 aa	Q12830:1:1-233	1	233	233
Q12830	42	Q12830:R42	198.0	Domain-distal >40 aa	Q12830:1:1-233	1	233	233
Q12830	63	Q12830:R63	177.0	Domain-distal >40 aa	Q12830:1:1-233	1	233	233
Q12830	68	Q12830:R68	172.0	Domain-distal >40 aa	Q12830:1:1-233	1	233	233
Q12830	74	Q12830:R74	166.0	Domain-distal >40 aa	Q12830:1:1-233	1	233	233
Q12830	92	Q12830:R92	148.0	Domain-distal >40 aa	Q12830:1:1-233	1	233	233
Q12830	1474	Q12830:R1474	952.0	Domain-distal >40 aa	Q12830:17:1464-1538	1464	1538	75
Q12830	2162	Q12830:R2162	705.0	Domain-distal >40 aa	Q12830:27:2160-2186	2160	2186	27
Q12830	2184	Q12830:R2184	683.0	Domain-distal >40 aa	Q12830:27:2160-2186	2160	2186	27
Q12830	2265	Q12830:R2265	602.0	Domain-distal >40 aa	Q12830:28:2229-2272	2229	2272	44
Q12873	1664	Q12873:R1664	73.0	Domain-distal >40 aa	Q12873:16:1520-1709	1520	1709	190
Q12888	1338	Q12888:R1338	145.0	Domain-distal >40 aa	Q12888:20:1267-1479	1267	1479	213
Q12888	1355	Q12888:R1355	128.0	Domain-distal >40 aa	Q12888:20:1267-1479	1267	1479	213
Q12888	1396	Q12888:R1396	87.0	Domain-distal >40 aa	Q12888:20:1267-1479	1267	1479	213
Q12888	1398	Q12888:R1398	85.0	Domain-distal >40 aa	Q12888:20:1267-1479	1267	1479	213
Q12888	1400	Q12888:R1400	83.0	Domain-distal >40 aa	Q12888:20:1267-1479	1267	1479	213
Q12888	1401	Q12888:R1401	82.0	Domain-distal >40 aa	Q12888:20:1267-1479	1267	1479	213
Q12888	1403	Q12888:R1403	80.0	Domain-distal >40 aa	Q12888:20:1267-1479	1267	1479	213
Q12905	5	Q12905:R5	17.0	Domain edge <=20 aa	Q12905:1:1-21	1	21	21
Q12905	7	Q12905:R7	15.0	Domain edge <=20 aa	Q12905:1:1-21	1	21	21
Q12905	9	Q12905:R9	13.0	Domain edge <=20 aa	Q12905:1:1-21	1	21	21
Q12905	12	Q12905:R12	10.0	Domain edge <=20 aa	Q12905:1:1-21	1	21	21
Q12905	16	Q12905:R16	6.0	Domain edge <=20 aa	Q12905:1:1-21	1	21	21
Q12906	609	Q12906:R609	19.0	Domain edge <=20 aa	Q12906:5:600-663	600	663	64
Q12906	640	Q12906:R640	50.0	Domain-distal >40 aa	Q12906:5:600-663	600	663	64
Q12906	642	Q12906:R642	52.0	Domain-distal >40 aa	Q12906:5:600-663	600	663	64
Q12906	649	Q12906:R649	59.0	Domain-distal >40 aa	Q12906:5:600-663	600	663	64
Q12906	655	Q12906:R655	65.0	Domain-distal >40 aa	Q12906:5:600-663	600	663	64
Q12906	815	Q12906:R815	225.0	Domain-distal >40 aa	Q12906:6:686-894	686	894	209
Q12906	883	Q12906:R883	293.0	Domain-distal >40 aa	Q12906:6:686-894	686	894	209
Q12906	894	Q12906:R894	304.0	Domain-distal >40 aa	Q12906:6:686-894	686	894	209
Q12923	201	Q12923:R201	11.0	Domain edge <=20 aa	Q12923:2:191-221	191	221	31
Q12965	994	Q12965:R994	57.0	Domain-distal >40 aa	Q12965:2:926-1050	926	1050	125
Q12979	7	Q12979:R7	84.0	Domain-distal >40 aa	Q12979:1:1-10	1	10	10
Q13029	508	Q13029:R508	1.0	Domain edge <=20 aa	Q13029:5:508-550	508	550	43
Q13029	516	Q13029:R516	9.0	Domain edge <=20 aa	Q13029:5:508-550	508	550	43
Q13064	69	Q13064:R69	26.0	Domain edge 21-40 aa	Q13064:2:69-89	69	89	21
Q13064	73	Q13064:R73	22.0	Domain edge 21-40 aa	Q13064:2:69-89	69	89	21
Q13094	273	Q13094:R273	147.0	Domain-distal >40 aa	Q13094:2:79-419	79	419	341
Q13094	392	Q13094:R392	28.0	Domain edge 21-40 aa	Q13094:2:79-419	79	419	341
Q13112	407	Q13112:R407	3.0	Domain edge <=20 aa	Q13112:1:384-409	384	409	26
Q13123	73	Q13123:R73	3.0	Domain edge <=20 aa	Q13123:1:1-75	1	75	75
Q13151	189	Q13151:R189	14.0	Domain edge <=20 aa	Q13151:4:176-214	176	214	39
Q13151	192	Q13151:R192	17.0	Domain edge <=20 aa	Q13151:4:176-214	176	214	39
Q13151	195	Q13151:R195	20.0	Domain edge <=20 aa	Q13151:4:176-214	176	214	39
Q13151	198	Q13151:R198	23.0	Domain edge 21-40 aa	Q13151:4:176-214	176	214	39
Q13151	200	Q13151:R200	25.0	Domain edge 21-40 aa	Q13151:4:176-214	176	214	39
Q13151	204	Q13151:R204	29.0	Domain edge 21-40 aa	Q13151:4:176-214	176	214	39
Q13151	284	Q13151:R284	109.0	Domain-distal >40 aa	Q13151:6:259-305	259	305	47
Q13151	291	Q13151:R291	116.0	Domain-distal >40 aa	Q13151:6:259-305	259	305	47
Q13163	125	Q13163:R125	16.0	Domain edge <=20 aa	Q13163:1:115-146	115	146	32
Q13191	8	Q13191:R8	27.0	Domain edge 21-40 aa	Q13191:1:1-20	1	20	20
Q13191	13	Q13191:R13	22.0	Domain edge 21-40 aa	Q13191:1:1-20	1	20	20
Q13191	18	Q13191:R18	17.0	Domain edge <=20 aa	Q13191:1:1-20	1	20	20
Q13191	782	Q13191:R782	149.0	Domain-distal >40 aa	Q13191:13:768-857	768	857	90
Q13200	6	Q13200:R6	50.0	Domain-distal >40 aa	Q13200:1:1-55	1	55	55
Q13206	626	Q13206:R626	114.0	Domain-distal >40 aa	Q13206:6:561-632	561	632	72
Q13242	8	Q13242:R8	6.0	Domain edge <=20 aa	Q13242:1:1-13	1	13	13
Q13242	93	Q13242:R93	4.0	Domain edge <=20 aa	Q13242:2:93-103	93	103	11
Q13242	98	Q13242:R98	6.0	Domain edge <=20 aa	Q13242:2:93-103	93	103	11
Q13242	101	Q13242:R101	3.0	Domain edge <=20 aa	Q13242:2:93-103	93	103	11
Q13242	194	Q13242:R194	7.0	Domain edge <=20 aa	Q13242:3:188-221	188	221	34
Q13242	209	Q13242:R209	22.0	Domain edge 21-40 aa	Q13242:3:188-221	188	221	34
Q13243	75	Q13243:R75	1.0	Domain edge <=20 aa	Q13243:2:75-107	75	107	33
Q13243	80	Q13243:R80	6.0	Domain edge <=20 aa	Q13243:2:75-107	75	107	33
Q13243	82	Q13243:R82	8.0	Domain edge <=20 aa	Q13243:2:75-107	75	107	33
Q13243	88	Q13243:R88	14.0	Domain edge <=20 aa	Q13243:2:75-107	75	107	33
Q13243	92	Q13243:R92	16.0	Domain edge <=20 aa	Q13243:2:75-107	75	107	33
Q13243	93	Q13243:R93	15.0	Domain edge <=20 aa	Q13243:2:75-107	75	107	33
Q13247	85	Q13247:R85	13.0	Domain edge <=20 aa	Q13247:1:74-104	74	104	31
Q13247	94	Q13247:R94	16.0	Domain edge <=20 aa	Q13247:1:74-104	74	104	31
Q13263	427	Q13263:R427	49.0	Domain-distal >40 aa	Q13263:3:408-481	408	481	74
Q13283	247	Q13283:R247	90.0	Domain-distal >40 aa	Q13283:2:141-333	141	333	193
Q13283	296	Q13283:R296	41.0	Domain-distal >40 aa	Q13283:2:141-333	141	333	193
Q13283	331	Q13283:R331	6.0	Domain edge <=20 aa	Q13283:2:141-333	141	333	193
Q13283	332	Q13283:R332	5.0	Domain edge <=20 aa	Q13283:2:141-333	141	333	193
Q13283	427	Q13283:R427	11.0	Domain edge <=20 aa	Q13283:3:417-466	417	466	50
Q13283	429	Q13283:R429	13.0	Domain edge <=20 aa	Q13283:3:417-466	417	466	50
Q13283	435	Q13283:R435	19.0	Domain edge <=20 aa	Q13283:3:417-466	417	466	50
Q13283	443	Q13283:R443	27.0	Domain edge 21-40 aa	Q13283:3:417-466	417	466	50
Q13283	447	Q13283:R447	31.0	Domain edge 21-40 aa	Q13283:3:417-466	417	466	50
Q13283	460	Q13283:R460	44.0	Domain-distal >40 aa	Q13283:3:417-466	417	466	50
Q13283	465	Q13283:R465	49.0	Domain-distal >40 aa	Q13283:3:417-466	417	466	50
Q13303	12	Q13303:R12	40.0	Domain edge 21-40 aa	Q13303:1:1-19	1	19	19
Q13303	16	Q13303:R16	36.0	Domain edge 21-40 aa	Q13303:1:1-19	1	19	19
Q13310	432	Q13310:R432	62.0	Domain-distal >40 aa	Q13310:2:420-480	420	480	61
Q13310	436	Q13310:R436	66.0	Domain-distal >40 aa	Q13310:2:420-480	420	480	61
Q13310	442	Q13310:R442	72.0	Domain-distal >40 aa	Q13310:2:420-480	420	480	61
Q13310	454	Q13310:R454	84.0	Domain-distal >40 aa	Q13310:2:420-480	420	480	61
Q13310	459	Q13310:R459	89.0	Domain-distal >40 aa	Q13310:2:420-480	420	480	61
Q13310	463	Q13310:R463	88.0	Domain-distal >40 aa	Q13310:2:420-480	420	480	61
Q13310	475	Q13310:R475	76.0	Domain-distal >40 aa	Q13310:2:420-480	420	480	61
Q13356	512	Q13356:R512	79.0	Domain-distal >40 aa	Q13356:5:454-520	454	520	67
Q13387	240	Q13387:R240	364.0	Domain-distal >40 aa	Q13387:4:40-356	40	356	317
Q13435	71	Q13435:R71	13.0	Domain edge <=20 aa	Q13435:3:61-140	61	140	80
Q13435	192	Q13435:R192	134.0	Domain-distal >40 aa	Q13435:8:189-375	189	375	187
Q13435	205	Q13435:R205	147.0	Domain-distal >40 aa	Q13435:8:189-375	189	375	187
Q13435	216	Q13435:R216	158.0	Domain-distal >40 aa	Q13435:8:189-375	189	375	187
Q13435	222	Q13435:R222	164.0	Domain-distal >40 aa	Q13435:8:189-375	189	375	187
Q13435	245	Q13435:R245	187.0	Domain-distal >40 aa	Q13435:8:189-375	189	375	187
Q13435	247	Q13435:R247	189.0	Domain-distal >40 aa	Q13435:8:189-375	189	375	187
Q13435	258	Q13435:R258	200.0	Domain-distal >40 aa	Q13435:8:189-375	189	375	187
Q13435	340	Q13435:R340	131.0	Domain-distal >40 aa	Q13435:8:189-375	189	375	187
Q13435	884	Q13435:R884	225.0	Domain-distal >40 aa	Q13435:18:844-895	844	895	52
Q13442	13	Q13442:R13	72.0	Domain-distal >40 aa	Q13442:1:1-84	1	84	84
Q13459	2055	Q13459:R2055	167.0	Domain-distal >40 aa	Q13459:9:1978-2157	1978	2157	180
Q13492	9	Q13492:R9	5.0	Domain edge <=20 aa	Q13492:1:1-10	1	10	10
Q13492	636	Q13492:R636	353.0	Domain-distal >40 aa	Q13492:12:635-637	635	637	3
Q13546	477	Q13546:R477	96.0	Domain-distal >40 aa	Q13546:3:466-493	466	493	28
Q13546	487	Q13546:R487	86.0	Domain-distal >40 aa	Q13546:3:466-493	466	493	28
Q13555	397	Q13555:R397	29.0	Domain edge 21-40 aa	Q13555:4:375-423	375	423	49
Q13563	139	Q13563:R139	130.0	Domain-distal >40 aa	Q13563:3:54-181	54	181	128
Q13595	240	Q13595:R240	43.0	Domain-distal >40 aa	Q13595:2:201-282	201	282	82
Q13610	85	Q13610:R85	160.0	Domain-distal >40 aa	Q13610:3:36-113	36	113	78
Q13613	650	Q13613:R650	49.0	Domain-distal >40 aa	Q13613:3:641-665	641	665	25
Q13625	358	Q13625:R358	275.0	Domain-distal >40 aa	Q13625:10:353-362	353	362	10
Q13635	1338	Q13635:R1338	723.0	Domain-distal >40 aa	Q13635:7:1262-1361	1262	1361	100
Q13635	1394	Q13635:R1394	779.0	Domain-distal >40 aa	Q13635:8:1382-1404	1382	1404	23
Q13761	216	Q13761:R216	33.0	Domain edge 21-40 aa	Q13761:3:207-266	207	266	60
Q13761	262	Q13761:R262	55.0	Domain-distal >40 aa	Q13761:3:207-266	207	266	60
Q13796	418	Q13796:R418	222.0	Domain-distal >40 aa	Q13796:8:246-481	246	481	236
Q13796	1011	Q13796:R1011	205.0	Domain-distal >40 aa	Q13796:11:877-1101	877	1101	225
Q13823	23	Q13823:R23	20.0	Domain edge <=20 aa	Q13823:1:1-36	1	36	36
Q13823	650	Q13823:R650	251.0	Domain-distal >40 aa	Q13823:9:622-731	622	731	110
Q13950	258	Q13950:R258	28.0	Domain edge 21-40 aa	Q13950:4:231-305	231	305	75
Q13950	267	Q13950:R267	37.0	Domain edge 21-40 aa	Q13950:4:231-305	231	305	75
Q13950	325	Q13950:R325	95.0	Domain-distal >40 aa	Q13950:5:308-344	308	344	37
Q13950	337	Q13950:R337	93.0	Domain-distal >40 aa	Q13950:5:308-344	308	344	37
Q14004	1504	Q14004:R1504	506.0	Domain-distal >40 aa	Q14004:18:1438-1512	1438	1512	75
Q14004	1506	Q14004:R1506	508.0	Domain-distal >40 aa	Q14004:18:1438-1512	1438	1512	75
Q14004	1508	Q14004:R1508	510.0	Domain-distal >40 aa	Q14004:18:1438-1512	1438	1512	75
Q14005	882	Q14005:R882	230.0	Domain-distal >40 aa	Q14005:18:729-972	729	972	244
Q14005	889	Q14005:R889	223.0	Domain-distal >40 aa	Q14005:18:729-972	729	972	244
Q14011	94	Q14011:R94	9.0	Domain edge <=20 aa	Q14011:2:86-172	86	172	87
Q14011	101	Q14011:R101	16.0	Domain edge <=20 aa	Q14011:2:86-172	86	172	87
Q14011	105	Q14011:R105	20.0	Domain edge <=20 aa	Q14011:2:86-172	86	172	87
Q14011	108	Q14011:R108	23.0	Domain edge 21-40 aa	Q14011:2:86-172	86	172	87
Q14011	110	Q14011:R110	25.0	Domain edge 21-40 aa	Q14011:2:86-172	86	172	87
Q14011	116	Q14011:R116	31.0	Domain edge 21-40 aa	Q14011:2:86-172	86	172	87
Q14011	121	Q14011:R121	36.0	Domain edge 21-40 aa	Q14011:2:86-172	86	172	87
Q14011	127	Q14011:R127	42.0	Domain-distal >40 aa	Q14011:2:86-172	86	172	87
Q14011	131	Q14011:R131	46.0	Domain-distal >40 aa	Q14011:2:86-172	86	172	87
Q14011	139	Q14011:R139	54.0	Domain-distal >40 aa	Q14011:2:86-172	86	172	87
Q14011	145	Q14011:R145	60.0	Domain-distal >40 aa	Q14011:2:86-172	86	172	87
Q14011	154	Q14011:R154	69.0	Domain-distal >40 aa	Q14011:2:86-172	86	172	87
Q14011	161	Q14011:R161	76.0	Domain-distal >40 aa	Q14011:2:86-172	86	172	87
Q14031	630	Q14031:R630	30.0	Domain edge 21-40 aa	Q14031:11:548-659	548	659	112
Q14103	94	Q14103:R94	3.0	Domain edge <=20 aa	Q14103:1:79-94	79	94	16
Q14103	272	Q14103:R272	11.0	Domain edge <=20 aa	Q14103:2:267-288	267	288	22
Q14103	278	Q14103:R278	17.0	Domain edge <=20 aa	Q14103:2:267-288	267	288	22
Q14103	280	Q14103:R280	19.0	Domain edge <=20 aa	Q14103:2:267-288	267	288	22
Q14103	282	Q14103:R282	21.0	Domain edge 21-40 aa	Q14103:2:267-288	267	288	22
Q14103	344	Q14103:R344	83.0	Domain-distal >40 aa	Q14103:4:337-355	337	355	19
Q14103	345	Q14103:R345	84.0	Domain-distal >40 aa	Q14103:4:337-355	337	355	19
Q14134	492	Q14134:R492	71.0	Domain-distal >40 aa	Q14134:7:482-496	482	496	15
Q14137	5	Q14137:R5	139.0	Domain-distal >40 aa	Q14137:1:1-133	1	133	133
Q14137	9	Q14137:R9	135.0	Domain-distal >40 aa	Q14137:1:1-133	1	133	133
Q14147	116	Q14147:R116	32.0	Domain edge 21-40 aa	Q14147:3:116-121	116	121	6
Q14151	730	Q14151:R730	245.0	Domain-distal >40 aa	Q14151:12:524-953	524	953	430
Q14151	736	Q14151:R736	251.0	Domain-distal >40 aa	Q14151:12:524-953	524	953	430
Q14151	753	Q14151:R753	268.0	Domain-distal >40 aa	Q14151:12:524-953	524	953	430
Q14151	773	Q14151:R773	288.0	Domain-distal >40 aa	Q14151:12:524-953	524	953	430
Q14151	783	Q14151:R783	298.0	Domain-distal >40 aa	Q14151:12:524-953	524	953	430
Q14151	784	Q14151:R784	299.0	Domain-distal >40 aa	Q14151:12:524-953	524	953	430
Q14151	835	Q14151:R835	350.0	Domain-distal >40 aa	Q14151:12:524-953	524	953	430
Q14151	842	Q14151:R842	357.0	Domain-distal >40 aa	Q14151:12:524-953	524	953	430
Q14151	845	Q14151:R845	360.0	Domain-distal >40 aa	Q14151:12:524-953	524	953	430
Q14151	883	Q14151:R883	398.0	Domain-distal >40 aa	Q14151:12:524-953	524	953	430
Q14151	897	Q14151:R897	412.0	Domain-distal >40 aa	Q14151:12:524-953	524	953	430
Q14151	903	Q14151:R903	418.0	Domain-distal >40 aa	Q14151:12:524-953	524	953	430
Q14151	932	Q14151:R932	447.0	Domain-distal >40 aa	Q14151:12:524-953	524	953	430
Q14151	935	Q14151:R935	450.0	Domain-distal >40 aa	Q14151:12:524-953	524	953	430
Q14151	951	Q14151:R951	466.0	Domain-distal >40 aa	Q14151:12:524-953	524	953	430
Q14152	842	Q14152:R842	336.0	Domain-distal >40 aa	Q14152:6:784-1382	784	1382	599
Q14152	956	Q14152:R956	450.0	Domain-distal >40 aa	Q14152:6:784-1382	784	1382	599
Q14152	959	Q14152:R959	453.0	Domain-distal >40 aa	Q14152:6:784-1382	784	1382	599
Q14152	960	Q14152:R960	454.0	Domain-distal >40 aa	Q14152:6:784-1382	784	1382	599
Q14152	966	Q14152:R966	460.0	Domain-distal >40 aa	Q14152:6:784-1382	784	1382	599
Q14152	976	Q14152:R976	470.0	Domain-distal >40 aa	Q14152:6:784-1382	784	1382	599
Q14152	986	Q14152:R986	480.0	Domain-distal >40 aa	Q14152:6:784-1382	784	1382	599
Q14152	1006	Q14152:R1006	500.0	Domain-distal >40 aa	Q14152:6:784-1382	784	1382	599
Q14152	1026	Q14152:R1026	520.0	Domain-distal >40 aa	Q14152:6:784-1382	784	1382	599
Q14152	1040	Q14152:R1040	534.0	Domain-distal >40 aa	Q14152:6:784-1382	784	1382	599
Q14152	1046	Q14152:R1046	540.0	Domain-distal >40 aa	Q14152:6:784-1382	784	1382	599
Q14152	1057	Q14152:R1057	551.0	Domain-distal >40 aa	Q14152:6:784-1382	784	1382	599
Q14152	1071	Q14152:R1071	565.0	Domain-distal >40 aa	Q14152:6:784-1382	784	1382	599
Q14152	1081	Q14152:R1081	575.0	Domain-distal >40 aa	Q14152:6:784-1382	784	1382	599
Q14152	1087	Q14152:R1087	581.0	Domain-distal >40 aa	Q14152:6:784-1382	784	1382	599
Q14152	1091	Q14152:R1091	585.0	Domain-distal >40 aa	Q14152:6:784-1382	784	1382	599
Q14152	1097	Q14152:R1097	591.0	Domain-distal >40 aa	Q14152:6:784-1382	784	1382	599
Q14152	1101	Q14152:R1101	595.0	Domain-distal >40 aa	Q14152:6:784-1382	784	1382	599
Q14152	1107	Q14152:R1107	601.0	Domain-distal >40 aa	Q14152:6:784-1382	784	1382	599
Q14152	1111	Q14152:R1111	605.0	Domain-distal >40 aa	Q14152:6:784-1382	784	1382	599
Q14152	1117	Q14152:R1117	611.0	Domain-distal >40 aa	Q14152:6:784-1382	784	1382	599
Q14152	1127	Q14152:R1127	621.0	Domain-distal >40 aa	Q14152:6:784-1382	784	1382	599
Q14152	1137	Q14152:R1137	631.0	Domain-distal >40 aa	Q14152:6:784-1382	784	1382	599
Q14152	1156	Q14152:R1156	650.0	Domain-distal >40 aa	Q14152:6:784-1382	784	1382	599
Q14152	1238	Q14152:R1238	732.0	Domain-distal >40 aa	Q14152:6:784-1382	784	1382	599
Q14157	11	Q14157:R11	35.0	Domain edge 21-40 aa	Q14157:1:1-34	1	34	34
Q14157	134	Q14157:R134	34.0	Domain edge 21-40 aa	Q14157:2:101-235	101	235	135
Q14157	140	Q14157:R140	40.0	Domain edge 21-40 aa	Q14157:2:101-235	101	235	135
Q14157	142	Q14157:R142	42.0	Domain-distal >40 aa	Q14157:2:101-235	101	235	135
Q14157	146	Q14157:R146	46.0	Domain-distal >40 aa	Q14157:2:101-235	101	235	135
Q14157	148	Q14157:R148	48.0	Domain-distal >40 aa	Q14157:2:101-235	101	235	135
Q14157	151	Q14157:R151	51.0	Domain-distal >40 aa	Q14157:2:101-235	101	235	135
Q14157	168	Q14157:R168	68.0	Domain-distal >40 aa	Q14157:2:101-235	101	235	135
Q14157	172	Q14157:R172	72.0	Domain-distal >40 aa	Q14157:2:101-235	101	235	135
Q14157	174	Q14157:R174	74.0	Domain-distal >40 aa	Q14157:2:101-235	101	235	135
Q14157	177	Q14157:R177	77.0	Domain-distal >40 aa	Q14157:2:101-235	101	235	135
Q14157	179	Q14157:R179	79.0	Domain-distal >40 aa	Q14157:2:101-235	101	235	135
Q14157	187	Q14157:R187	87.0	Domain-distal >40 aa	Q14157:2:101-235	101	235	135
Q14157	190	Q14157:R190	90.0	Domain-distal >40 aa	Q14157:2:101-235	101	235	135
Q14160	473	Q14160:R473	93.0	Domain-distal >40 aa	Q14160:2:454-488	454	488	35
Q14160	1527	Q14160:R1527	335.0	Domain-distal >40 aa	Q14160:13:1275-1630	1275	1630	356
Q14185	1774	Q14185:R1774	157.0	Domain-distal >40 aa	Q14185:4:1731-1865	1731	1865	135
Q14191	1427	Q14191:R1427	75.0	Domain-distal >40 aa	Q14191:17:1413-1432	1413	1432	20
Q14194	565	Q14194:R565	112.0	Domain-distal >40 aa	Q14194:3:509-572	509	572	64
Q14195	520	Q14195:R520	67.0	Domain-distal >40 aa	Q14195:2:503-570	503	570	68
Q14195	563	Q14195:R563	110.0	Domain-distal >40 aa	Q14195:2:503-570	503	570	68
Q14203	17	Q14203:R17	12.0	Domain edge <=20 aa	Q14203:1:1-26	1	26	26
Q14203	25	Q14203:R25	4.0	Domain edge <=20 aa	Q14203:1:1-26	1	26	26
Q14204	2396	Q14204:R2396	28.0	Domain edge 21-40 aa	Q14204:10:2390-2411	2390	2411	22
Q14247	414	Q14247:R414	78.0	Domain-distal >40 aa	Q14247:4:335-423	335	423	89
Q14320	13	Q14320:R13	184.0	Domain-distal >40 aa	Q14320:1:1-41	1	41	41
Q14320	170	Q14320:R170	27.0	Domain edge 21-40 aa	Q14320:5:121-175	121	175	55
Q14444	81	Q14444:R81	51.0	Domain-distal >40 aa	Q14444:4:81-83	81	83	3
Q14444	688	Q14444:R688	3.0	Domain edge <=20 aa	Q14444:11:686-709	686	709	24
Q14444	690	Q14444:R690	5.0	Domain edge <=20 aa	Q14444:11:686-709	686	709	24
Q14444	695	Q14444:R695	10.0	Domain edge <=20 aa	Q14444:11:686-709	686	709	24
Q14444	698	Q14444:R698	13.0	Domain edge <=20 aa	Q14444:11:686-709	686	709	24
Q14493	41	Q14493:R41	89.0	Domain-distal >40 aa	Q14493:1:1-88	1	88	88
Q14498	96	Q14498:R96	57.0	Domain-distal >40 aa	Q14498:1:1-147	1	147	147
Q14498	109	Q14498:R109	44.0	Domain-distal >40 aa	Q14498:1:1-147	1	147	147
Q14498	122	Q14498:R122	31.0	Domain edge 21-40 aa	Q14498:1:1-147	1	147	147
Q14498	123	Q14498:R123	30.0	Domain edge 21-40 aa	Q14498:1:1-147	1	147	147
Q14498	124	Q14498:R124	29.0	Domain edge 21-40 aa	Q14498:1:1-147	1	147	147
Q14566	316	Q14566:R316	18.0	Domain edge <=20 aa	Q14566:4:314-316	314	316	3
Q14671	243	Q14671:R243	585.0	Domain-distal >40 aa	Q14671:10:228-288	228	288	61
Q14674	1341	Q14674:R1341	604.0	Domain-distal >40 aa	Q14674:9:1299-1356	1299	1356	58
Q14676	276	Q14676:R276	153.0	Domain-distal >40 aa	Q14676:5:261-335	261	335	75
Q14676	429	Q14676:R429	306.0	Domain-distal >40 aa	Q14676:10:427-432	427	432	6
Q14676	1000	Q14676:R1000	877.0	Domain-distal >40 aa	Q14676:20:771-1882	771	1882	1112
Q14676	1231	Q14676:R1231	652.0	Domain-distal >40 aa	Q14676:20:771-1882	771	1882	1112
Q14676	1270	Q14676:R1270	613.0	Domain-distal >40 aa	Q14676:20:771-1882	771	1882	1112
Q14676	1272	Q14676:R1272	611.0	Domain-distal >40 aa	Q14676:20:771-1882	771	1882	1112
Q14676	1436	Q14676:R1436	447.0	Domain-distal >40 aa	Q14676:20:771-1882	771	1882	1112
Q14677	538	Q14677:R538	389.0	Domain-distal >40 aa	Q14677:22:537-541	537	541	5
Q14680	463	Q14680:R463	139.0	Domain-distal >40 aa	Q14680:3:461-493	461	493	33
Q14686	413	Q14686:R413	223.0	Domain-distal >40 aa	Q14686:5:191-624	191	624	434
Q14686	676	Q14686:R676	486.0	Domain-distal >40 aa	Q14686:7:660-698	660	698	39
Q14686	1047	Q14686:R1047	857.0	Domain-distal >40 aa	Q14686:14:898-1279	898	1279	382
Q14686	1058	Q14686:R1058	868.0	Domain-distal >40 aa	Q14686:14:898-1279	898	1279	382
Q14686	1067	Q14686:R1067	877.0	Domain-distal >40 aa	Q14686:14:898-1279	898	1279	382
Q14686	1096	Q14686:R1096	906.0	Domain-distal >40 aa	Q14686:14:898-1279	898	1279	382
Q14686	1263	Q14686:R1263	1073.0	Domain-distal >40 aa	Q14686:14:898-1279	898	1279	382
Q14686	1730	Q14686:R1730	1540.0	Domain-distal >40 aa	Q14686:31:1705-1820	1705	1820	116
Q14687	137	Q14687:R137	595.0	Domain-distal >40 aa	Q14687:2:130-178	130	178	49
Q14687	203	Q14687:R203	529.0	Domain-distal >40 aa	Q14687:4:201-205	201	205	5
Q14687	232	Q14687:R232	500.0	Domain-distal >40 aa	Q14687:5:232-235	232	235	4
Q14687	338	Q14687:R338	394.0	Domain-distal >40 aa	Q14687:9:323-394	323	394	72
Q14687	418	Q14687:R418	314.0	Domain-distal >40 aa	Q14687:12:415-470	415	470	56
Q14687	690	Q14687:R690	42.0	Domain-distal >40 aa	Q14687:18:685-693	685	693	9
Q14690	10	Q14690:R10	70.0	Domain-distal >40 aa	Q14690:1:1-68	1	68	68
Q14690	14	Q14690:R14	66.0	Domain-distal >40 aa	Q14690:1:1-68	1	68	68
Q14692	560	Q14692:R560	243.0	Domain-distal >40 aa	Q14692:2:394-565	394	565	172
Q14697	944	Q14697:R944	134.0	Domain-distal >40 aa	Q14697:5:943-944	943	944	2
Q14746	5	Q14746:R5	10.0	Domain edge <=20 aa	Q14746:1:1-9	1	9	9
Q14781	247	Q14781:R247	177.0	Domain-distal >40 aa	Q14781:4:239-248	239	248	10
Q14807	12	Q14807:R12	29.0	Domain edge 21-40 aa	Q14807:1:1-18	1	18	18
Q14938	343	Q14938:R343	149.0	Domain-distal >40 aa	Q14938:8:342-343	342	343	2
Q14966	9	Q14966:R9	414.0	Domain-distal >40 aa	Q14966:1:1-49	1	49	49
Q14966	26	Q14966:R26	397.0	Domain-distal >40 aa	Q14966:1:1-49	1	49	49
Q14966	33	Q14966:R33	390.0	Domain-distal >40 aa	Q14966:1:1-49	1	49	49
Q14966	41	Q14966:R41	382.0	Domain-distal >40 aa	Q14966:1:1-49	1	49	49
Q14966	47	Q14966:R47	376.0	Domain-distal >40 aa	Q14966:1:1-49	1	49	49
Q14966	49	Q14966:R49	374.0	Domain-distal >40 aa	Q14966:1:1-49	1	49	49
Q14966	367	Q14966:R367	56.0	Domain-distal >40 aa	Q14966:20:354-376	354	376	23
Q14966	1465	Q14966:R1465	460.0	Domain-distal >40 aa	Q14966:36:1384-1471	1384	1471	88
Q14966	1470	Q14966:R1470	455.0	Domain-distal >40 aa	Q14966:36:1384-1471	1384	1471	88
Q14980	1802	Q14980:R1802	68.0	Domain-distal >40 aa	Q14980:55:1802-1805	1802	1805	4
Q14980	1849	Q14980:R1849	21.0	Domain edge 21-40 aa	Q14980:58:1826-1856	1826	1856	31
Q14980	1859	Q14980:R1859	11.0	Domain edge <=20 aa	Q14980:59:1858-1869	1858	1869	12
Q14980	1966	Q14980:R1966	38.0	Domain edge 21-40 aa	Q14980:64:1953-2115	1953	2115	163
Q14999	319	Q14999:R319	41.0	Domain-distal >40 aa	Q14999:5:315-359	315	359	45
Q149N8	29	Q149N8:R29	271.0	Domain-distal >40 aa	Q149N8:1:1-49	1	49	49
Q149N8	30	Q149N8:R30	270.0	Domain-distal >40 aa	Q149N8:1:1-49	1	49	49
Q14C86	896	Q14C86:R896	367.0	Domain-distal >40 aa	Q14C86:21:887-1030	887	1030	144
Q14CM0	1117	Q14CM0:R1117	593.0	Domain-distal >40 aa	Q14CM0:18:1101-1149	1101	1149	49
Q15014	4	Q15014:R4	97.0	Domain-distal >40 aa	Q15014:1:1-100	1	100	100
Q15014	11	Q15014:R11	90.0	Domain-distal >40 aa	Q15014:1:1-100	1	100	100
Q15014	35	Q15014:R35	66.0	Domain-distal >40 aa	Q15014:1:1-100	1	100	100
Q15020	881	Q15020:R881	2.0	Domain edge <=20 aa	Q15020:6:880-911	880	911	32
Q15020	906	Q15020:R906	27.0	Domain edge 21-40 aa	Q15020:6:880-911	880	911	32
Q15021	609	Q15021:R609	369.0	Domain-distal >40 aa	Q15021:7:575-611	575	611	37
Q15021	1344	Q15021:R1344	113.0	Domain-distal >40 aa	Q15021:11:1303-1401	1303	1401	99
Q15025	606	Q15025:R606	535.0	Domain-distal >40 aa	Q15025:17:601-636	601	636	36
Q15032	905	Q15032:R905	603.0	Domain-distal >40 aa	Q15032:24:900-907	900	907	8
Q15032	929	Q15032:R929	627.0	Domain-distal >40 aa	Q15032:27:924-937	924	937	14
Q15047	495	Q15047:R495	94.0	Domain-distal >40 aa	Q15047:5:404-554	404	554	151
Q15056	10	Q15056:R10	27.0	Domain edge 21-40 aa	Q15056:1:1-36	1	36	36
Q15056	19	Q15056:R19	18.0	Domain edge <=20 aa	Q15056:1:1-36	1	36	36
Q15056	22	Q15056:R22	15.0	Domain edge <=20 aa	Q15056:1:1-36	1	36	36
Q15056	31	Q15056:R31	6.0	Domain edge <=20 aa	Q15056:1:1-36	1	36	36
Q15056	136	Q15056:R136	16.0	Domain edge <=20 aa	Q15056:2:121-248	121	248	128
Q15056	145	Q15056:R145	25.0	Domain edge 21-40 aa	Q15056:2:121-248	121	248	128
Q15056	159	Q15056:R159	39.0	Domain edge 21-40 aa	Q15056:2:121-248	121	248	128
Q15056	166	Q15056:R166	46.0	Domain-distal >40 aa	Q15056:2:121-248	121	248	128
Q15056	170	Q15056:R170	50.0	Domain-distal >40 aa	Q15056:2:121-248	121	248	128
Q15056	174	Q15056:R174	54.0	Domain-distal >40 aa	Q15056:2:121-248	121	248	128
Q15056	175	Q15056:R175	55.0	Domain-distal >40 aa	Q15056:2:121-248	121	248	128
Q15056	183	Q15056:R183	63.0	Domain-distal >40 aa	Q15056:2:121-248	121	248	128
Q15056	185	Q15056:R185	65.0	Domain-distal >40 aa	Q15056:2:121-248	121	248	128
Q15056	191	Q15056:R191	71.0	Domain-distal >40 aa	Q15056:2:121-248	121	248	128
Q15056	198	Q15056:R198	78.0	Domain-distal >40 aa	Q15056:2:121-248	121	248	128
Q15056	237	Q15056:R237	117.0	Domain-distal >40 aa	Q15056:2:121-248	121	248	128
Q15056	239	Q15056:R239	119.0	Domain-distal >40 aa	Q15056:2:121-248	121	248	128
Q15058	1187	Q15058:R1187	75.0	Domain-distal >40 aa	Q15058:27:1187-1189	1187	1189	3
Q15058	1188	Q15058:R1188	74.0	Domain-distal >40 aa	Q15058:27:1187-1189	1187	1189	3
Q15058	1189	Q15058:R1189	73.0	Domain-distal >40 aa	Q15058:27:1187-1189	1187	1189	3
Q15061	441	Q15061:R441	32.0	Domain edge 21-40 aa	Q15061:3:410-445	410	445	36
Q15070	394	Q15070:R394	63.0	Domain-distal >40 aa	Q15070:4:393-435	393	435	43
Q15084	142	Q15084:R142	9.0	Domain edge <=20 aa	Q15084:1:139-153	139	153	15
Q15084	409	Q15084:R409	16.0	Domain edge <=20 aa	Q15084:3:407-427	407	427	21
Q15084	415	Q15084:R415	22.0	Domain edge 21-40 aa	Q15084:3:407-427	407	427	21
Q15149	1605	Q15149:R1605	98.0	Domain-distal >40 aa	Q15149:13:1603-1650	1603	1650	48
Q15149	1627	Q15149:R1627	120.0	Domain-distal >40 aa	Q15149:13:1603-1650	1603	1650	48
Q15149	1637	Q15149:R1637	130.0	Domain-distal >40 aa	Q15149:13:1603-1650	1603	1650	48
Q15149	1812	Q15149:R1812	305.0	Domain-distal >40 aa	Q15149:20:1790-1843	1790	1843	54
Q15149	2286	Q15149:R2286	540.0	Domain-distal >40 aa	Q15149:40:2216-2309	2216	2309	94
Q15149	4627	Q15149:R4627	30.0	Domain edge 21-40 aa	Q15149:66:4611-4684	4611	4684	74
Q15149	4631	Q15149:R4631	34.0	Domain edge 21-40 aa	Q15149:66:4611-4684	4611	4684	74
Q15149	4640	Q15149:R4640	43.0	Domain-distal >40 aa	Q15149:66:4611-4684	4611	4684	74
Q15233	343	Q15233:R343	71.0	Domain-distal >40 aa	Q15233:3:330-375	330	375	46
Q15233	364	Q15233:R364	92.0	Domain-distal >40 aa	Q15233:3:330-375	330	375	46
Q15233	456	Q15233:R456	184.0	Domain-distal >40 aa	Q15233:4:393-471	393	471	79
Q15269	253	Q15269:R253	24.0	Domain edge 21-40 aa	Q15269:4:235-269	235	269	35
Q15269	258	Q15269:R258	19.0	Domain edge <=20 aa	Q15269:4:235-269	235	269	35
Q15287	78	Q15287:R78	83.0	Domain-distal >40 aa	Q15287:1:1-160	1	160	160
Q15291	508	Q15291:R508	186.0	Domain-distal >40 aa	Q15291:6:400-538	400	538	139
Q15424	29	Q15424:R29	2.0	Domain edge <=20 aa	Q15424:1:1-30	1	30	30
Q15424	252	Q15424:R252	153.0	Domain-distal >40 aa	Q15424:9:220-404	220	404	185
Q15424	509	Q15424:R509	25.0	Domain edge 21-40 aa	Q15424:10:485-641	485	641	157
Q15424	712	Q15424:R712	228.0	Domain-distal >40 aa	Q15424:11:663-720	663	720	58
Q15424	718	Q15424:R718	234.0	Domain-distal >40 aa	Q15424:11:663-720	663	720	58
Q15424	754	Q15424:R754	270.0	Domain-distal >40 aa	Q15424:12:730-915	730	915	186
Q15424	756	Q15424:R756	272.0	Domain-distal >40 aa	Q15424:12:730-915	730	915	186
Q15424	764	Q15424:R764	280.0	Domain-distal >40 aa	Q15424:12:730-915	730	915	186
Q15424	783	Q15424:R783	299.0	Domain-distal >40 aa	Q15424:12:730-915	730	915	186
Q15424	806	Q15424:R806	322.0	Domain-distal >40 aa	Q15424:12:730-915	730	915	186
Q15424	811	Q15424:R811	327.0	Domain-distal >40 aa	Q15424:12:730-915	730	915	186
Q15424	818	Q15424:R818	334.0	Domain-distal >40 aa	Q15424:12:730-915	730	915	186
Q15424	854	Q15424:R854	370.0	Domain-distal >40 aa	Q15424:12:730-915	730	915	186
Q15424	868	Q15424:R868	384.0	Domain-distal >40 aa	Q15424:12:730-915	730	915	186
Q15424	874	Q15424:R874	390.0	Domain-distal >40 aa	Q15424:12:730-915	730	915	186
Q15424	884	Q15424:R884	400.0	Domain-distal >40 aa	Q15424:12:730-915	730	915	186
Q15424	902	Q15424:R902	418.0	Domain-distal >40 aa	Q15424:12:730-915	730	915	186
Q15424	905	Q15424:R905	421.0	Domain-distal >40 aa	Q15424:12:730-915	730	915	186
Q15424	910	Q15424:R910	426.0	Domain-distal >40 aa	Q15424:12:730-915	730	915	186
Q15427	390	Q15427:R390	209.0	Domain-distal >40 aa	Q15427:2:182-424	182	424	243
Q15427	398	Q15427:R398	217.0	Domain-distal >40 aa	Q15427:2:182-424	182	424	243
Q15427	409	Q15427:R409	228.0	Domain-distal >40 aa	Q15427:2:182-424	182	424	243
Q15427	415	Q15427:R415	234.0	Domain-distal >40 aa	Q15427:2:182-424	182	424	243
Q15427	419	Q15427:R419	238.0	Domain-distal >40 aa	Q15427:2:182-424	182	424	243
Q15428	24	Q15428:R24	27.0	Domain edge 21-40 aa	Q15428:1:1-28	1	28	28
Q15428	26	Q15428:R26	25.0	Domain edge 21-40 aa	Q15428:1:1-28	1	28	28
Q15435	20	Q15435:R20	79.0	Domain-distal >40 aa	Q15435:1:1-69	1	69	69
Q15435	21	Q15435:R21	78.0	Domain-distal >40 aa	Q15435:1:1-69	1	69	69
Q15435	54	Q15435:R54	45.0	Domain-distal >40 aa	Q15435:1:1-69	1	69	69
Q15459	578	Q15459:R578	106.0	Domain-distal >40 aa	Q15459:6:527-585	527	585	59
Q15459	699	Q15459:R699	5.0	Domain edge <=20 aa	Q15459:7:663-699	663	699	37
Q15532	9	Q15532:R9	5.0	Domain edge <=20 aa	Q15532:1:1-13	1	13	13
Q15532	11	Q15532:R11	3.0	Domain edge <=20 aa	Q15532:1:1-13	1	13	13
Q15554	59	Q15554:R59	37.0	Domain edge 21-40 aa	Q15554:1:1-86	1	86	86
Q15554	60	Q15554:R60	36.0	Domain edge 21-40 aa	Q15554:1:1-86	1	86	86
Q15554	70	Q15554:R70	26.0	Domain edge 21-40 aa	Q15554:1:1-86	1	86	86
Q15554	72	Q15554:R72	24.0	Domain edge 21-40 aa	Q15554:1:1-86	1	86	86
Q15569	35	Q15569:R35	22.0	Domain edge 21-40 aa	Q15569:1:1-42	1	42	42
Q15569	37	Q15569:R37	20.0	Domain edge <=20 aa	Q15569:1:1-42	1	42	42
Q15569	42	Q15569:R42	15.0	Domain edge <=20 aa	Q15569:1:1-42	1	42	42
Q15569	338	Q15569:R338	24.0	Domain edge 21-40 aa	Q15569:2:324-376	324	376	53
Q15569	347	Q15569:R347	33.0	Domain edge 21-40 aa	Q15569:2:324-376	324	376	53
Q15596	489	Q15596:R489	147.0	Domain-distal >40 aa	Q15596:9:419-531	419	531	113
Q15596	874	Q15596:R874	58.0	Domain-distal >40 aa	Q15596:16:868-883	868	883	16
Q15596	880	Q15596:R880	64.0	Domain-distal >40 aa	Q15596:16:868-883	868	883	16
Q15596	1169	Q15596:R1169	52.0	Domain-distal >40 aa	Q15596:26:1169-1182	1169	1182	14
Q15596	1173	Q15596:R1173	56.0	Domain-distal >40 aa	Q15596:26:1169-1182	1169	1182	14
Q15596	1177	Q15596:R1177	60.0	Domain-distal >40 aa	Q15596:26:1169-1182	1169	1182	14
Q15596	1248	Q15596:R1248	33.0	Domain edge 21-40 aa	Q15596:27:1248-1261	1248	1261	14
Q15596	1250	Q15596:R1250	31.0	Domain edge 21-40 aa	Q15596:27:1248-1261	1248	1261	14
Q15596	1261	Q15596:R1261	20.0	Domain edge <=20 aa	Q15596:27:1248-1261	1248	1261	14
Q15637	345	Q15637:R345	51.0	Domain-distal >40 aa	Q15637:7:324-639	324	639	316
Q15637	365	Q15637:R365	71.0	Domain-distal >40 aa	Q15637:7:324-639	324	639	316
Q15637	462	Q15637:R462	168.0	Domain-distal >40 aa	Q15637:7:324-639	324	639	316
Q15654	21	Q15654:R21	256.0	Domain-distal >40 aa	Q15654:1:1-93	1	93	93
Q15654	25	Q15654:R25	252.0	Domain-distal >40 aa	Q15654:1:1-93	1	93	93
Q15654	43	Q15654:R43	234.0	Domain-distal >40 aa	Q15654:1:1-93	1	93	93
Q15654	64	Q15654:R64	213.0	Domain-distal >40 aa	Q15654:1:1-93	1	93	93
Q15654	85	Q15654:R85	192.0	Domain-distal >40 aa	Q15654:1:1-93	1	93	93
Q15654	89	Q15654:R89	188.0	Domain-distal >40 aa	Q15654:1:1-93	1	93	93
Q15654	111	Q15654:R111	166.0	Domain-distal >40 aa	Q15654:2:102-171	102	171	70
Q15654	116	Q15654:R116	161.0	Domain-distal >40 aa	Q15654:2:102-171	102	171	70
Q15654	117	Q15654:R117	160.0	Domain-distal >40 aa	Q15654:2:102-171	102	171	70
Q15654	120	Q15654:R120	157.0	Domain-distal >40 aa	Q15654:2:102-171	102	171	70
Q15654	179	Q15654:R179	98.0	Domain-distal >40 aa	Q15654:3:175-255	175	255	81
Q15654	185	Q15654:R185	92.0	Domain-distal >40 aa	Q15654:3:175-255	175	255	81
Q15654	186	Q15654:R186	91.0	Domain-distal >40 aa	Q15654:3:175-255	175	255	81
Q15654	205	Q15654:R205	72.0	Domain-distal >40 aa	Q15654:3:175-255	175	255	81
Q15654	214	Q15654:R214	63.0	Domain-distal >40 aa	Q15654:3:175-255	175	255	81
Q15654	217	Q15654:R217	60.0	Domain-distal >40 aa	Q15654:3:175-255	175	255	81
Q15654	236	Q15654:R236	41.0	Domain-distal >40 aa	Q15654:3:175-255	175	255	81
Q15654	238	Q15654:R238	39.0	Domain edge 21-40 aa	Q15654:3:175-255	175	255	81
Q15723	338	Q15723:R338	44.0	Domain-distal >40 aa	Q15723:6:338-349	338	349	12
Q15735	7	Q15735:R7	414.0	Domain-distal >40 aa	Q15735:1:1-58	1	58	58
Q15735	11	Q15735:R11	410.0	Domain-distal >40 aa	Q15735:1:1-58	1	58	58
Q15735	56	Q15735:R56	365.0	Domain-distal >40 aa	Q15735:1:1-58	1	58	58
Q15735	65	Q15735:R65	356.0	Domain-distal >40 aa	Q15735:2:60-419	60	419	360
Q15735	76	Q15735:R76	345.0	Domain-distal >40 aa	Q15735:2:60-419	60	419	360
Q15735	83	Q15735:R83	338.0	Domain-distal >40 aa	Q15735:2:60-419	60	419	360
Q15746	302	Q15746:R302	51.0	Domain-distal >40 aa	Q15746:6:284-395	284	395	112
Q16181	425	Q16181:R425	107.0	Domain-distal >40 aa	Q16181:3:372-437	372	437	66
Q16236	437	Q16236:R437	32.0	Domain edge 21-40 aa	Q16236:10:333-449	333	449	117
Q16555	565	Q16555:R565	112.0	Domain-distal >40 aa	Q16555:2:511-572	511	572	62
Q16629	98	Q16629:R98	7.0	Domain edge <=20 aa	Q16629:2:89-104	89	104	16
Q16629	236	Q16629:R236	117.0	Domain-distal >40 aa	Q16629:3:120-238	120	238	119
Q16630	194	Q16630:R194	33.0	Domain edge 21-40 aa	Q16630:6:166-411	166	411	246
Q16630	202	Q16630:R202	41.0	Domain-distal >40 aa	Q16630:6:166-411	166	411	246
Q16630	204	Q16630:R204	43.0	Domain-distal >40 aa	Q16630:6:166-411	166	411	246
Q16630	206	Q16630:R206	45.0	Domain-distal >40 aa	Q16630:6:166-411	166	411	246
Q16630	216	Q16630:R216	55.0	Domain-distal >40 aa	Q16630:6:166-411	166	411	246
Q16630	392	Q16630:R392	20.0	Domain edge <=20 aa	Q16630:6:166-411	166	411	246
Q16637	23	Q16637:R23	4.0	Domain edge <=20 aa	Q16637:1:1-26	1	26	26
Q16637	204	Q16637:R204	52.0	Domain-distal >40 aa	Q16637:3:152-228	152	228	77
Q16695	41	Q16695:R41	3.0	Domain edge <=20 aa	Q16695:1:1-43	1	43	43
Q16695	43	Q16695:R43	1.0	Domain edge <=20 aa	Q16695:1:1-43	1	43	43
Q16832	473	Q16832:R473	90.0	Domain-distal >40 aa	Q16832:1:446-475	446	475	30
Q17RY0	23	Q17RY0:R23	448.0	Domain-distal >40 aa	Q17RY0:4:16-64	16	64	49
Q17RY0	251	Q17RY0:R251	220.0	Domain-distal >40 aa	Q17RY0:7:216-329	216	329	114
Q1ED39	341	Q1ED39:R341	21.0	Domain edge 21-40 aa	Q1ED39:9:336-357	336	357	22
Q1KMD3	160	Q1KMD3:R160	66.0	Domain-distal >40 aa	Q1KMD3:2:38-225	38	225	188
Q1KMD3	656	Q1KMD3:R656	237.0	Domain-distal >40 aa	Q1KMD3:4:626-668	626	668	43
Q1KMD3	665	Q1KMD3:R665	246.0	Domain-distal >40 aa	Q1KMD3:4:626-668	626	668	43
Q1KMD3	666	Q1KMD3:R666	247.0	Domain-distal >40 aa	Q1KMD3:4:626-668	626	668	43
Q1KMD3	747	Q1KMD3:R747	328.0	Domain-distal >40 aa	Q1KMD3:8:745-747	745	747	3
Q1MSJ5	641	Q1MSJ5:R641	366.0	Domain-distal >40 aa	Q1MSJ5:21:618-655	618	655	38
Q1MSJ5	643	Q1MSJ5:R643	364.0	Domain-distal >40 aa	Q1MSJ5:21:618-655	618	655	38
Q1W6H9	51	Q1W6H9:R51	1.0	Domain edge <=20 aa	Q1W6H9:2:51-95	51	95	45
Q1W6H9	56	Q1W6H9:R56	6.0	Domain edge <=20 aa	Q1W6H9:2:51-95	51	95	45
Q27J81	993	Q27J81:R993	3.0	Domain edge <=20 aa	Q27J81:3:991-1078	991	1078	88
Q2KHR3	1171	Q2KHR3:R1171	352.0	Domain-distal >40 aa	Q2KHR3:30:1170-1291	1170	1291	122
Q2KHR3	1178	Q2KHR3:R1178	345.0	Domain-distal >40 aa	Q2KHR3:30:1170-1291	1170	1291	122
Q2KHR3	1185	Q2KHR3:R1185	338.0	Domain-distal >40 aa	Q2KHR3:30:1170-1291	1170	1291	122
Q2M1P5	650	Q2M1P5:R650	293.0	Domain-distal >40 aa	Q2M1P5:8:586-663	586	663	78
Q2M1P5	1221	Q2M1P5:R1221	864.0	Domain-distal >40 aa	Q2M1P5:21:1218-1238	1218	1238	21
Q2M2I8	391	Q2M2I8:R391	76.0	Domain-distal >40 aa	Q2M2I8:2:325-497	325	497	173
Q2M3V2	520	Q2M3V2:R520	103.0	Domain-distal >40 aa	Q2M3V2:7:512-549	512	549	38
Q2QGD7	13	Q2QGD7:R13	162.0	Domain-distal >40 aa	Q2QGD7:1:1-128	1	128	128
Q2TAC6	807	Q2TAC6:R807	453.0	Domain-distal >40 aa	Q2TAC6:12:792-919	792	919	128
Q2TAC6	831	Q2TAC6:R831	477.0	Domain-distal >40 aa	Q2TAC6:12:792-919	792	919	128
Q2TBE0	34	Q2TBE0:R34	630.0	Domain-distal >40 aa	Q2TBE0:1:1-148	1	148	148
Q32P44	13	Q32P44:R13	281.0	Domain-distal >40 aa	Q32P44:1:1-20	1	20	20
Q32P44	190	Q32P44:R190	104.0	Domain-distal >40 aa	Q32P44:2:46-209	46	209	164
Q32P51	194	Q32P51:R194	12.0	Domain edge <=20 aa	Q32P51:3:183-216	183	216	34
Q32P51	196	Q32P51:R196	14.0	Domain edge <=20 aa	Q32P51:3:183-216	183	216	34
Q32P51	197	Q32P51:R197	15.0	Domain edge <=20 aa	Q32P51:3:183-216	183	216	34
Q32P51	206	Q32P51:R206	24.0	Domain edge 21-40 aa	Q32P51:3:183-216	183	216	34
Q3B7T1	644	Q3B7T1:R644	84.0	Domain-distal >40 aa	Q3B7T1:3:619-648	619	648	30
Q3B8N2	173	Q3B8N2:R173	25.0	Domain edge 21-40 aa	Q3B8N2:4:169-190	169	190	22
Q3KP66	49	Q3KP66:R49	38.0	Domain edge 21-40 aa	Q3KP66:1:1-69	1	69	69
Q3KP66	398	Q3KP66:R398	182.0	Domain-distal >40 aa	Q3KP66:5:378-427	378	427	50
Q3KP66	405	Q3KP66:R405	189.0	Domain-distal >40 aa	Q3KP66:5:378-427	378	427	50
Q3KP66	492	Q3KP66:R492	276.0	Domain-distal >40 aa	Q3KP66:9:444-494	444	494	51
Q3KP66	578	Q3KP66:R578	362.0	Domain-distal >40 aa	Q3KP66:13:566-579	566	579	14
Q3KR16	61	Q3KR16:R61	100.0	Domain-distal >40 aa	Q3KR16:4:59-94	59	94	36
Q3KR16	67	Q3KR16:R67	94.0	Domain-distal >40 aa	Q3KR16:4:59-94	59	94	36
Q3MIN7	603	Q3MIN7:R603	7.0	Domain edge <=20 aa	Q3MIN7:6:596-609	596	609	14
Q3SX64	267	Q3SX64:R267	1.0	Domain edge <=20 aa	Q3SX64:9:267-289	267	289	23
Q3SX64	278	Q3SX64:R278	12.0	Domain edge <=20 aa	Q3SX64:9:267-289	267	289	23
Q3SX64	283	Q3SX64:R283	17.0	Domain edge <=20 aa	Q3SX64:9:267-289	267	289	23
Q49A26	91	Q49A26:R91	1.0	Domain edge <=20 aa	Q49A26:2:91-192	91	192	102
Q49AM3	265	Q49AM3:R265	40.0	Domain edge 21-40 aa	Q49AM3:6:249-297	249	297	49
Q49AM3	458	Q49AM3:R458	52.0	Domain-distal >40 aa	Q49AM3:11:457-458	457	458	2
Q4G0J3	297	Q4G0J3:R297	92.0	Domain-distal >40 aa	Q4G0J3:2:206-368	206	368	163
Q4G0P3	2513	Q4G0P3:R2513	277.0	Domain-distal >40 aa	Q4G0P3:20:2476-2567	2476	2567	92
Q4KMQ1	168	Q4KMQ1:R168	81.0	Domain-distal >40 aa	Q4KMQ1:3:132-310	132	310	179
Q4VCS5	24	Q4VCS5:R24	575.0	Domain-distal >40 aa	Q4VCS5:1:1-104	1	104	104
Q4VCS5	236	Q4VCS5:R236	363.0	Domain-distal >40 aa	Q4VCS5:4:182-424	182	424	243
Q4VCS5	280	Q4VCS5:R280	319.0	Domain-distal >40 aa	Q4VCS5:4:182-424	182	424	243
Q4VCS5	291	Q4VCS5:R291	308.0	Domain-distal >40 aa	Q4VCS5:4:182-424	182	424	243
Q4VCS5	335	Q4VCS5:R335	264.0	Domain-distal >40 aa	Q4VCS5:4:182-424	182	424	243
Q4VCS5	412	Q4VCS5:R412	187.0	Domain-distal >40 aa	Q4VCS5:4:182-424	182	424	243
Q52LW3	1001	Q52LW3:R1001	115.0	Domain-distal >40 aa	Q52LW3:12:979-1019	979	1019	41
Q53EL6	73	Q53EL6:R73	90.0	Domain-distal >40 aa	Q53EL6:3:57-128	57	128	72
Q53ET0	106	Q53ET0:R106	34.0	Domain edge 21-40 aa	Q53ET0:2:85-117	85	117	33
Q53GA4	142	Q53GA4:R142	41.0	Domain-distal >40 aa	Q53GA4:2:111-152	111	152	42
Q53GS9	14	Q53GS9:R14	89.0	Domain-distal >40 aa	Q53GS9:1:1-67	1	67	67
Q53GS9	27	Q53GS9:R27	76.0	Domain-distal >40 aa	Q53GS9:1:1-67	1	67	67
Q53TS8	1764	Q53TS8:R1764	1522.0	Domain-distal >40 aa	Q53TS8:44:1750-1787	1750	1787	38
Q58WW2	3	Q58WW2:R3	37.0	Domain edge 21-40 aa	Q58WW2:1:1-7	1	7	7
Q58WW2	313	Q58WW2:R313	32.0	Domain edge 21-40 aa	Q58WW2:2:288-347	288	347	60
Q58WW2	364	Q58WW2:R364	83.0	Domain-distal >40 aa	Q58WW2:3:352-492	352	492	141
Q58WW2	366	Q58WW2:R366	85.0	Domain-distal >40 aa	Q58WW2:3:352-492	352	492	141
Q58WW2	368	Q58WW2:R368	87.0	Domain-distal >40 aa	Q58WW2:3:352-492	352	492	141
Q5BKZ1	125	Q5BKZ1:R125	189.0	Domain-distal >40 aa	Q5BKZ1:13:122-137	122	137	16
Q5BKZ1	142	Q5BKZ1:R142	172.0	Domain-distal >40 aa	Q5BKZ1:14:141-150	141	150	10
Q5BKZ1	149	Q5BKZ1:R149	165.0	Domain-distal >40 aa	Q5BKZ1:14:141-150	141	150	10
Q5BKZ1	173	Q5BKZ1:R173	141.0	Domain-distal >40 aa	Q5BKZ1:15:152-210	152	210	59
Q5BKZ1	175	Q5BKZ1:R175	139.0	Domain-distal >40 aa	Q5BKZ1:15:152-210	152	210	59
Q5BKZ1	188	Q5BKZ1:R188	126.0	Domain-distal >40 aa	Q5BKZ1:15:152-210	152	210	59
Q5BKZ1	200	Q5BKZ1:R200	114.0	Domain-distal >40 aa	Q5BKZ1:15:152-210	152	210	59
Q5BKZ1	202	Q5BKZ1:R202	112.0	Domain-distal >40 aa	Q5BKZ1:15:152-210	152	210	59
Q5BKZ1	204	Q5BKZ1:R204	110.0	Domain-distal >40 aa	Q5BKZ1:15:152-210	152	210	59
Q5C9Z4	171	Q5C9Z4:R171	191.0	Domain-distal >40 aa	Q5C9Z4:2:52-186	52	186	135
Q5CZC0	238	Q5CZC0:R238	3833.0	Domain-distal >40 aa	Q5CZC0:1:238-243	238	243	6
Q5EBM0	9	Q5EBM0:R9	248.0	Domain-distal >40 aa	Q5EBM0:2:9-10	9	10	2
Q5H9F3	1031	Q5H9F3:R1031	464.0	Domain-distal >40 aa	Q5H9F3:32:1027-1043	1027	1043	17
Q5JRA6	1784	Q5JRA6:R1784	1677.0	Domain-distal >40 aa	Q5JRA6:26:1638-1843	1638	1843	206
Q5JRA6	1809	Q5JRA6:R1809	1702.0	Domain-distal >40 aa	Q5JRA6:26:1638-1843	1638	1843	206
Q5JRA6	1833	Q5JRA6:R1833	1726.0	Domain-distal >40 aa	Q5JRA6:26:1638-1843	1638	1843	206
Q5JRA6	1843	Q5JRA6:R1843	1736.0	Domain-distal >40 aa	Q5JRA6:26:1638-1843	1638	1843	206
Q5JRA6	1851	Q5JRA6:R1851	1744.0	Domain-distal >40 aa	Q5JRA6:27:1846-1907	1846	1907	62
Q5JRA6	1859	Q5JRA6:R1859	1752.0	Domain-distal >40 aa	Q5JRA6:27:1846-1907	1846	1907	62
Q5JRA6	1877	Q5JRA6:R1877	1770.0	Domain-distal >40 aa	Q5JRA6:27:1846-1907	1846	1907	62
Q5JSZ5	300	Q5JSZ5:R300	112.0	Domain-distal >40 aa	Q5JSZ5:3:289-306	289	306	18
Q5JSZ5	786	Q5JSZ5:R786	598.0	Domain-distal >40 aa	Q5JSZ5:14:779-791	779	791	13
Q5JSZ5	1065	Q5JSZ5:R1065	877.0	Domain-distal >40 aa	Q5JSZ5:17:1058-1067	1058	1067	10
Q5JSZ5	1067	Q5JSZ5:R1067	879.0	Domain-distal >40 aa	Q5JSZ5:17:1058-1067	1058	1067	10
Q5JSZ5	1077	Q5JSZ5:R1077	889.0	Domain-distal >40 aa	Q5JSZ5:19:1073-1089	1073	1089	17
Q5JSZ5	1079	Q5JSZ5:R1079	891.0	Domain-distal >40 aa	Q5JSZ5:19:1073-1089	1073	1089	17
Q5JSZ5	1108	Q5JSZ5:R1108	920.0	Domain-distal >40 aa	Q5JSZ5:20:1103-1530	1103	1530	428
Q5JSZ5	1110	Q5JSZ5:R1110	922.0	Domain-distal >40 aa	Q5JSZ5:20:1103-1530	1103	1530	428
Q5JSZ5	1113	Q5JSZ5:R1113	925.0	Domain-distal >40 aa	Q5JSZ5:20:1103-1530	1103	1530	428
Q5JSZ5	1297	Q5JSZ5:R1297	1109.0	Domain-distal >40 aa	Q5JSZ5:20:1103-1530	1103	1530	428
Q5JSZ5	1300	Q5JSZ5:R1300	1112.0	Domain-distal >40 aa	Q5JSZ5:20:1103-1530	1103	1530	428
Q5JSZ5	1301	Q5JSZ5:R1301	1113.0	Domain-distal >40 aa	Q5JSZ5:20:1103-1530	1103	1530	428
Q5JSZ5	2110	Q5JSZ5:R2110	1922.0	Domain-distal >40 aa	Q5JSZ5:43:2090-2229	2090	2229	140
Q5JSZ5	2111	Q5JSZ5:R2111	1923.0	Domain-distal >40 aa	Q5JSZ5:43:2090-2229	2090	2229	140
Q5JT82	366	Q5JT82:R366	1.0	Domain edge <=20 aa	Q5JT82:19:366-389	366	389	24
Q5JTH9	1138	Q5JTH9:R1138	439.0	Domain-distal >40 aa	Q5JTH9:5:1046-1265	1046	1265	220
Q5JTH9	1140	Q5JTH9:R1140	441.0	Domain-distal >40 aa	Q5JTH9:5:1046-1265	1046	1265	220
Q5JU85	207	Q5JU85:R207	539.0	Domain-distal >40 aa	Q5JU85:3:100-294	100	294	195
Q5JVS0	178	Q5JVS0:R178	16.0	Domain edge <=20 aa	Q5JVS0:2:163-210	163	210	48
Q5JVS0	180	Q5JVS0:R180	18.0	Domain edge <=20 aa	Q5JVS0:2:163-210	163	210	48
Q5JVS0	189	Q5JVS0:R189	23.0	Domain edge 21-40 aa	Q5JVS0:2:163-210	163	210	48
Q5JVS0	193	Q5JVS0:R193	19.0	Domain edge <=20 aa	Q5JVS0:2:163-210	163	210	48
Q5PRF9	602	Q5PRF9:R602	243.0	Domain-distal >40 aa	Q5PRF9:4:576-645	576	645	70
Q5PRF9	615	Q5PRF9:R615	256.0	Domain-distal >40 aa	Q5PRF9:4:576-645	576	645	70
Q5PRF9	634	Q5PRF9:R634	275.0	Domain-distal >40 aa	Q5PRF9:4:576-645	576	645	70
Q5QGS0	1243	Q5QGS0:R1243	553.0	Domain-distal >40 aa	Q5QGS0:29:1239-1253	1239	1253	15
Q5SQI0	293	Q5SQI0:R293	92.0	Domain-distal >40 aa	Q5SQI0:4:293-294	293	294	2
Q5SQI0	323	Q5SQI0:R323	122.0	Domain-distal >40 aa	Q5SQI0:6:305-421	305	421	117
Q5SSJ5	146	Q5SSJ5:R146	9.0	Domain edge <=20 aa	Q5SSJ5:2:21-154	21	154	134
Q5SW79	401	Q5SW79:R401	311.0	Domain-distal >40 aa	Q5SW79:17:368-449	368	449	82
Q5SW79	431	Q5SW79:R431	341.0	Domain-distal >40 aa	Q5SW79:17:368-449	368	449	82
Q5T0F9	14	Q5T0F9:R14	154.0	Domain-distal >40 aa	Q5T0F9:1:1-20	1	20	20
Q5T1R4	2048	Q5T1R4:R2048	237.0	Domain-distal >40 aa	Q5T1R4:44:2042-2113	2042	2113	72
Q5T1R4	2331	Q5T1R4:R2331	520.0	Domain-distal >40 aa	Q5T1R4:48:2263-2406	2263	2406	144
Q5T200	66	Q5T200:R66	2.0	Domain edge <=20 aa	Q5T200:2:65-158	65	158	94
Q5T200	564	Q5T200:R564	500.0	Domain-distal >40 aa	Q5T200:3:179-1113	179	1113	935
Q5T200	566	Q5T200:R566	502.0	Domain-distal >40 aa	Q5T200:3:179-1113	179	1113	935
Q5T200	607	Q5T200:R607	543.0	Domain-distal >40 aa	Q5T200:3:179-1113	179	1113	935
Q5T200	611	Q5T200:R611	547.0	Domain-distal >40 aa	Q5T200:3:179-1113	179	1113	935
Q5T200	614	Q5T200:R614	550.0	Domain-distal >40 aa	Q5T200:3:179-1113	179	1113	935
Q5T200	618	Q5T200:R618	554.0	Domain-distal >40 aa	Q5T200:3:179-1113	179	1113	935
Q5T200	1377	Q5T200:R1377	1313.0	Domain-distal >40 aa	Q5T200:4:1125-1493	1125	1493	369
Q5T2E6	7	Q5T2E6:R7	428.0	Domain-distal >40 aa	Q5T2E6:1:1-10	1	10	10
Q5T3I0	222	Q5T3I0:R222	165.0	Domain-distal >40 aa	Q5T3I0:6:182-446	182	446	265
Q5T3I0	339	Q5T3I0:R339	282.0	Domain-distal >40 aa	Q5T3I0:6:182-446	182	446	265
Q5T3I0	352	Q5T3I0:R352	295.0	Domain-distal >40 aa	Q5T3I0:6:182-446	182	446	265
Q5T440	14	Q5T440:R14	205.0	Domain-distal >40 aa	Q5T440:2:11-15	11	15	5
Q5T5P2	53	Q5T5P2:R53	135.0	Domain-distal >40 aa	Q5T5P2:1:1-87	1	87	87
Q5T5P2	1654	Q5T5P2:R1654	1386.0	Domain-distal >40 aa	Q5T5P2:35:1606-1943	1606	1943	338
Q5T5P2	1774	Q5T5P2:R1774	1506.0	Domain-distal >40 aa	Q5T5P2:35:1606-1943	1606	1943	338
Q5T5U3	575	Q5T5U3:R575	356.0	Domain-distal >40 aa	Q5T5U3:16:566-583	566	583	18
Q5T5U3	609	Q5T5U3:R609	322.0	Domain-distal >40 aa	Q5T5U3:17:600-644	600	644	45
Q5T5X7	104	Q5T5X7:R104	138.0	Domain-distal >40 aa	Q5T5X7:4:88-126	88	126	39
Q5T5X7	106	Q5T5X7:R106	136.0	Domain-distal >40 aa	Q5T5X7:4:88-126	88	126	39
Q5T6F2	149	Q5T6F2:R149	46.0	Domain-distal >40 aa	Q5T6F2:2:104-203	104	203	100
Q5T6F2	166	Q5T6F2:R166	63.0	Domain-distal >40 aa	Q5T6F2:2:104-203	104	203	100
Q5T6F2	169	Q5T6F2:R169	66.0	Domain-distal >40 aa	Q5T6F2:2:104-203	104	203	100
Q5T6F2	173	Q5T6F2:R173	70.0	Domain-distal >40 aa	Q5T6F2:2:104-203	104	203	100
Q5T6F2	177	Q5T6F2:R177	74.0	Domain-distal >40 aa	Q5T6F2:2:104-203	104	203	100
Q5T8P6	855	Q5T8P6:R855	31.0	Domain edge 21-40 aa	Q5T8P6:22:852-885	852	885	34
Q5T8P6	857	Q5T8P6:R857	29.0	Domain edge 21-40 aa	Q5T8P6:22:852-885	852	885	34
Q5T8P6	862	Q5T8P6:R862	24.0	Domain edge 21-40 aa	Q5T8P6:22:852-885	852	885	34
Q5T8P6	864	Q5T8P6:R864	22.0	Domain edge 21-40 aa	Q5T8P6:22:852-885	852	885	34
Q5T8P6	870	Q5T8P6:R870	16.0	Domain edge <=20 aa	Q5T8P6:22:852-885	852	885	34
Q5T8P6	878	Q5T8P6:R878	8.0	Domain edge <=20 aa	Q5T8P6:22:852-885	852	885	34
Q5TC82	597	Q5TC82:R597	156.0	Domain-distal >40 aa	Q5TC82:11:593-611	593	611	19
Q5TC82	729	Q5TC82:R729	288.0	Domain-distal >40 aa	Q5TC82:19:729-752	729	752	24
Q5TC82	734	Q5TC82:R734	293.0	Domain-distal >40 aa	Q5TC82:19:729-752	729	752	24
Q5TC82	740	Q5TC82:R740	299.0	Domain-distal >40 aa	Q5TC82:19:729-752	729	752	24
Q5TDH0	108	Q5TDH0:R108	25.0	Domain edge 21-40 aa	Q5TDH0:2:96-132	96	132	37
Q5TDH0	110	Q5TDH0:R110	23.0	Domain edge 21-40 aa	Q5TDH0:2:96-132	96	132	37
Q5TGY3	151	Q5TGY3:R151	433.0	Domain-distal >40 aa	Q5TGY3:3:145-170	145	170	26
Q5TGY3	154	Q5TGY3:R154	430.0	Domain-distal >40 aa	Q5TGY3:3:145-170	145	170	26
Q5TGY3	678	Q5TGY3:R678	37.0	Domain edge 21-40 aa	Q5TGY3:20:669-684	669	684	16
Q5TGY3	1286	Q5TGY3:R1286	645.0	Domain-distal >40 aa	Q5TGY3:42:1251-1296	1251	1296	46
Q5TH69	1093	Q5TH69:R1093	152.0	Domain-distal >40 aa	Q5TH69:16:1089-1106	1089	1106	18
Q5TH74	17	Q5TH74:R17	130.0	Domain-distal >40 aa	Q5TH74:1:1-60	1	60	60
Q5TZA2	491	Q5TZA2:R491	159.0	Domain-distal >40 aa	Q5TZA2:12:460-520	460	520	61
Q5TZA2	1442	Q5TZA2:R1442	1110.0	Domain-distal >40 aa	Q5TZA2:47:1442-1515	1442	1515	74
Q5VT06	302	Q5VT06:R302	2197.0	Domain-distal >40 aa	Q5VT06:13:293-308	293	308	16
Q5VT52	1096	Q5VT52:R1096	947.0	Domain-distal >40 aa	Q5VT52:18:1011-1126	1011	1126	116
Q5VT52	1097	Q5VT52:R1097	948.0	Domain-distal >40 aa	Q5VT52:18:1011-1126	1011	1126	116
Q5VT52	1110	Q5VT52:R1110	961.0	Domain-distal >40 aa	Q5VT52:18:1011-1126	1011	1126	116
Q5VT52	1117	Q5VT52:R1117	968.0	Domain-distal >40 aa	Q5VT52:18:1011-1126	1011	1126	116
Q5VT52	1170	Q5VT52:R1170	1021.0	Domain-distal >40 aa	Q5VT52:19:1130-1322	1130	1322	193
Q5VT52	1347	Q5VT52:R1347	1198.0	Domain-distal >40 aa	Q5VT52:21:1332-1461	1332	1461	130
Q5VT52	1355	Q5VT52:R1355	1206.0	Domain-distal >40 aa	Q5VT52:21:1332-1461	1332	1461	130
Q5VT52	1364	Q5VT52:R1364	1215.0	Domain-distal >40 aa	Q5VT52:21:1332-1461	1332	1461	130
Q5VT52	1366	Q5VT52:R1366	1217.0	Domain-distal >40 aa	Q5VT52:21:1332-1461	1332	1461	130
Q5VT52	1404	Q5VT52:R1404	1255.0	Domain-distal >40 aa	Q5VT52:21:1332-1461	1332	1461	130
Q5VT52	1415	Q5VT52:R1415	1266.0	Domain-distal >40 aa	Q5VT52:21:1332-1461	1332	1461	130
Q5VT52	1418	Q5VT52:R1418	1269.0	Domain-distal >40 aa	Q5VT52:21:1332-1461	1332	1461	130
Q5VT52	1422	Q5VT52:R1422	1273.0	Domain-distal >40 aa	Q5VT52:21:1332-1461	1332	1461	130
Q5VT52	1424	Q5VT52:R1424	1275.0	Domain-distal >40 aa	Q5VT52:21:1332-1461	1332	1461	130
Q5VT52	1430	Q5VT52:R1430	1281.0	Domain-distal >40 aa	Q5VT52:21:1332-1461	1332	1461	130
Q5VT52	1445	Q5VT52:R1445	1296.0	Domain-distal >40 aa	Q5VT52:21:1332-1461	1332	1461	130
Q5VT52	1454	Q5VT52:R1454	1305.0	Domain-distal >40 aa	Q5VT52:21:1332-1461	1332	1461	130
Q5VT52	1460	Q5VT52:R1460	1311.0	Domain-distal >40 aa	Q5VT52:21:1332-1461	1332	1461	130
Q5VTB9	196	Q5VTB9:R196	130.0	Domain-distal >40 aa	Q5VTB9:12:193-210	193	210	18
Q5VU43	1883	Q5VU43:R1883	241.0	Domain-distal >40 aa	Q5VU43:43:1878-1890	1878	1890	13
Q5VUA4	107	Q5VUA4:R107	774.0	Domain-distal >40 aa	Q5VUA4:1:1-141	1	141	141
Q5VUA4	853	Q5VUA4:R853	28.0	Domain edge 21-40 aa	Q5VUA4:26:823-857	823	857	35
Q5VUJ6	636	Q5VUJ6:R636	6.0	Domain edge <=20 aa	Q5VUJ6:14:565-636	565	636	72
Q5VV67	373	Q5VV67:R373	1168.0	Domain-distal >40 aa	Q5VV67:6:372-377	372	377	6
Q5VWX1	186	Q5VWX1:R186	30.0	Domain edge 21-40 aa	Q5VWX1:2:178-266	178	266	89
Q5VWX1	188	Q5VWX1:R188	32.0	Domain edge 21-40 aa	Q5VWX1:2:178-266	178	266	89
Q5VWX1	230	Q5VWX1:R230	37.0	Domain edge 21-40 aa	Q5VWX1:2:178-266	178	266	89
Q5VWX1	240	Q5VWX1:R240	27.0	Domain edge 21-40 aa	Q5VWX1:2:178-266	178	266	89
Q5VWX1	246	Q5VWX1:R246	21.0	Domain edge 21-40 aa	Q5VWX1:2:178-266	178	266	89
Q5VWX1	248	Q5VWX1:R248	19.0	Domain edge <=20 aa	Q5VWX1:2:178-266	178	266	89
Q5VWX1	348	Q5VWX1:R348	27.0	Domain edge 21-40 aa	Q5VWX1:3:322-349	322	349	28
Q5VZ89	1036	Q5VZ89:R1036	388.0	Domain-distal >40 aa	Q5VZ89:15:1026-1047	1026	1047	22
Q5XG87	145	Q5XG87:R145	95.0	Domain-distal >40 aa	Q5XG87:3:91-191	91	191	101
Q5XG87	771	Q5XG87:R771	284.0	Domain-distal >40 aa	Q5XG87:13:734-792	734	792	59
Q5XUX0	14	Q5XUX0:R14	50.0	Domain-distal >40 aa	Q5XUX0:2:10-47	10	47	38
Q5XXA6	953	Q5XXA6:R953	27.0	Domain edge 21-40 aa	Q5XXA6:2:950-986	950	986	37
Q63ZY3	243	Q63ZY3:R243	423.0	Domain-distal >40 aa	Q63ZY3:6:237-265	237	265	29
Q63ZY3	245	Q63ZY3:R245	421.0	Domain-distal >40 aa	Q63ZY3:6:237-265	237	265	29
Q641Q2	385	Q641Q2:R385	558.0	Domain-distal >40 aa	Q641Q2:4:200-410	200	410	211
Q641Q2	1113	Q641Q2:R1113	34.0	Domain edge 21-40 aa	Q641Q2:22:1080-1208	1080	1208	129
Q659C4	29	Q659C4:R29	180.0	Domain-distal >40 aa	Q659C4:1:1-173	1	173	173
Q659C4	138	Q659C4:R138	71.0	Domain-distal >40 aa	Q659C4:1:1-173	1	173	173
Q659C4	145	Q659C4:R145	64.0	Domain-distal >40 aa	Q659C4:1:1-173	1	173	173
Q659C4	149	Q659C4:R149	60.0	Domain-distal >40 aa	Q659C4:1:1-173	1	173	173
Q659C4	153	Q659C4:R153	56.0	Domain-distal >40 aa	Q659C4:1:1-173	1	173	173
Q659C4	155	Q659C4:R155	54.0	Domain-distal >40 aa	Q659C4:1:1-173	1	173	173
Q659C4	303	Q659C4:R303	4.0	Domain edge <=20 aa	Q659C4:4:300-304	300	304	5
Q66K74	854	Q66K74:R854	388.0	Domain-distal >40 aa	Q66K74:5:746-942	746	942	197
Q66K74	861	Q66K74:R861	395.0	Domain-distal >40 aa	Q66K74:5:746-942	746	942	197
Q66K74	863	Q66K74:R863	397.0	Domain-distal >40 aa	Q66K74:5:746-942	746	942	197
Q66K74	894	Q66K74:R894	428.0	Domain-distal >40 aa	Q66K74:5:746-942	746	942	197
Q66K74	926	Q66K74:R926	460.0	Domain-distal >40 aa	Q66K74:5:746-942	746	942	197
Q66K74	935	Q66K74:R935	469.0	Domain-distal >40 aa	Q66K74:5:746-942	746	942	197
Q68CQ4	25	Q68CQ4:R25	264.0	Domain-distal >40 aa	Q68CQ4:1:1-187	1	187	187
Q68CQ4	36	Q68CQ4:R36	253.0	Domain-distal >40 aa	Q68CQ4:1:1-187	1	187	187
Q68CQ4	39	Q68CQ4:R39	250.0	Domain-distal >40 aa	Q68CQ4:1:1-187	1	187	187
Q68CZ2	628	Q68CZ2:R628	327.0	Domain-distal >40 aa	Q68CZ2:11:615-697	615	697	83
Q68CZ2	635	Q68CZ2:R635	334.0	Domain-distal >40 aa	Q68CZ2:11:615-697	615	697	83
Q68CZ2	640	Q68CZ2:R640	339.0	Domain-distal >40 aa	Q68CZ2:11:615-697	615	697	83
Q68CZ2	645	Q68CZ2:R645	344.0	Domain-distal >40 aa	Q68CZ2:11:615-697	615	697	83
Q68DC2	596	Q68DC2:R596	173.0	Domain-distal >40 aa	Q68DC2:10:563-663	563	663	101
Q68DK7	79	Q68DK7:R79	136.0	Domain-distal >40 aa	Q68DK7:1:1-129	1	129	129
Q68DQ2	7	Q68DQ2:R7	2289.0	Domain-distal >40 aa	Q68DQ2:1:1-125	1	125	125
Q68EM7	516	Q68EM7:R516	74.0	Domain-distal >40 aa	Q68EM7:2:511-881	511	881	371
Q69YH5	96	Q69YH5:R96	293.0	Domain-distal >40 aa	Q69YH5:8:90-98	90	98	9
Q69YH5	813	Q69YH5:R813	363.0	Domain-distal >40 aa	Q69YH5:30:802-832	802	832	31
Q69YN4	1624	Q69YN4:R1624	1358.0	Domain-distal >40 aa	Q69YN4:13:1610-1812	1610	1812	203
Q69YN4	1626	Q69YN4:R1626	1360.0	Domain-distal >40 aa	Q69YN4:13:1610-1812	1610	1812	203
Q69YN4	1634	Q69YN4:R1634	1368.0	Domain-distal >40 aa	Q69YN4:13:1610-1812	1610	1812	203
Q69YN4	1687	Q69YN4:R1687	1421.0	Domain-distal >40 aa	Q69YN4:13:1610-1812	1610	1812	203
Q69YN4	1694	Q69YN4:R1694	1428.0	Domain-distal >40 aa	Q69YN4:13:1610-1812	1610	1812	203
Q69YN4	1697	Q69YN4:R1697	1431.0	Domain-distal >40 aa	Q69YN4:13:1610-1812	1610	1812	203
Q69YN4	1719	Q69YN4:R1719	1453.0	Domain-distal >40 aa	Q69YN4:13:1610-1812	1610	1812	203
Q69YN4	1723	Q69YN4:R1723	1457.0	Domain-distal >40 aa	Q69YN4:13:1610-1812	1610	1812	203
Q69YN4	1734	Q69YN4:R1734	1468.0	Domain-distal >40 aa	Q69YN4:13:1610-1812	1610	1812	203
Q69YN4	1741	Q69YN4:R1741	1475.0	Domain-distal >40 aa	Q69YN4:13:1610-1812	1610	1812	203
Q69YN4	1749	Q69YN4:R1749	1483.0	Domain-distal >40 aa	Q69YN4:13:1610-1812	1610	1812	203
Q69YN4	1773	Q69YN4:R1773	1507.0	Domain-distal >40 aa	Q69YN4:13:1610-1812	1610	1812	203
Q69YN4	1775	Q69YN4:R1775	1509.0	Domain-distal >40 aa	Q69YN4:13:1610-1812	1610	1812	203
Q69YN4	1793	Q69YN4:R1793	1527.0	Domain-distal >40 aa	Q69YN4:13:1610-1812	1610	1812	203
Q69YN4	1803	Q69YN4:R1803	1537.0	Domain-distal >40 aa	Q69YN4:13:1610-1812	1610	1812	203
Q69YN4	1805	Q69YN4:R1805	1539.0	Domain-distal >40 aa	Q69YN4:13:1610-1812	1610	1812	203
Q69YN4	1808	Q69YN4:R1808	1542.0	Domain-distal >40 aa	Q69YN4:13:1610-1812	1610	1812	203
Q6DT37	1473	Q6DT37:R1473	23.0	Domain edge 21-40 aa	Q6DT37:14:1451-1551	1451	1551	101
Q6F5E8	1224	Q6F5E8:R1224	113.0	Domain-distal >40 aa	Q6F5E8:7:1112-1435	1112	1435	324
Q6GQQ9	700	Q6GQQ9:R700	96.0	Domain-distal >40 aa	Q6GQQ9:7:642-720	642	720	79
Q6GQQ9	712	Q6GQQ9:R712	84.0	Domain-distal >40 aa	Q6GQQ9:7:642-720	642	720	79
Q6GQQ9	713	Q6GQQ9:R713	83.0	Domain-distal >40 aa	Q6GQQ9:7:642-720	642	720	79
Q6GQQ9	738	Q6GQQ9:R738	58.0	Domain-distal >40 aa	Q6GQQ9:8:731-795	731	795	65
Q6IBS0	337	Q6IBS0:R337	24.0	Domain edge 21-40 aa	Q6IBS0:2:322-349	322	349	28
Q6IBS0	340	Q6IBS0:R340	27.0	Domain edge 21-40 aa	Q6IBS0:2:322-349	322	349	28
Q6ICC9	200	Q6ICC9:R200	23.0	Domain edge 21-40 aa	Q6ICC9:3:181-200	181	200	20
Q6IN84	316	Q6IN84:R316	13.0	Domain edge <=20 aa	Q6IN84:4:310-353	310	353	44
Q6IQ22	10	Q6IQ22:R10	34.0	Domain edge 21-40 aa	Q6IQ22:1:1-38	1	38	38
Q6IQ23	1017	Q6IQ23:R1017	195.0	Domain-distal >40 aa	Q6IQ23:14:997-1032	997	1032	36
Q6IQ49	203	Q6IQ49:R203	32.0	Domain edge 21-40 aa	Q6IQ49:2:179-211	179	211	33
Q6KC79	154	Q6KC79:R154	1640.0	Domain-distal >40 aa	Q6KC79:4:127-344	127	344	218
Q6KC79	165	Q6KC79:R165	1629.0	Domain-distal >40 aa	Q6KC79:4:127-344	127	344	218
Q6KC79	273	Q6KC79:R273	1521.0	Domain-distal >40 aa	Q6KC79:4:127-344	127	344	218
Q6N021	686	Q6N021:R686	604.0	Domain-distal >40 aa	Q6N021:25:686-779	686	779	94
Q6NTE8	141	Q6NTE8:R141	31.0	Domain edge 21-40 aa	Q6NTE8:3:126-178	126	178	53
Q6NTE8	278	Q6NTE8:R278	168.0	Domain-distal >40 aa	Q6NTE8:7:226-325	226	325	100
Q6NTE8	287	Q6NTE8:R287	177.0	Domain-distal >40 aa	Q6NTE8:7:226-325	226	325	100
Q6NUN9	597	Q6NUN9:R597	4.0	Domain edge <=20 aa	Q6NUN9:10:594-623	594	623	30
Q6NV74	569	Q6NV74:R569	329.0	Domain-distal >40 aa	Q6NV74:4:241-874	241	874	634
Q6NV74	737	Q6NV74:R737	497.0	Domain-distal >40 aa	Q6NV74:4:241-874	241	874	634
Q6NWY9	821	Q6NWY9:R821	139.0	Domain-distal >40 aa	Q6NWY9:11:690-871	690	871	182
Q6NXE6	496	Q6NXE6:R496	53.0	Domain-distal >40 aa	Q6NXE6:5:494-501	494	501	8
Q6NXT4	449	Q6NXT4:R449	194.0	Domain-distal >40 aa	Q6NXT4:4:444-461	444	461	18
Q6NXT4	455	Q6NXT4:R455	200.0	Domain-distal >40 aa	Q6NXT4:4:444-461	444	461	18
Q6NY19	259	Q6NY19:R259	355.0	Domain-distal >40 aa	Q6NY19:5:215-334	215	334	120
Q6NYC8	23	Q6NYC8:R23	6.0	Domain edge <=20 aa	Q6NYC8:2:15-28	15	28	14
Q6NZ36	8	Q6NZ36:R8	27.0	Domain edge 21-40 aa	Q6NZ36:1:1-29	1	29	29
Q6P087	349	Q6P087:R349	74.0	Domain-distal >40 aa	Q6P087:4:349-351	349	351	3
Q6P0Q8	1004	Q6P0Q8:R1004	100.0	Domain-distal >40 aa	Q6P0Q8:10:906-1013	906	1013	108
Q6P158	51	Q6P158:R51	24.0	Domain edge 21-40 aa	Q6P158:1:1-74	1	74	74
Q6P1J9	330	Q6P1J9:R330	27.0	Domain edge 21-40 aa	Q6P1J9:5:322-356	322	356	35
Q6P1N0	13	Q6P1N0:R13	125.0	Domain-distal >40 aa	Q6P1N0:1:1-22	1	22	22
Q6P1N0	19	Q6P1N0:R19	119.0	Domain-distal >40 aa	Q6P1N0:1:1-22	1	22	22
Q6P2E9	1015	Q6P2E9:R1015	253.0	Domain-distal >40 aa	Q6P2E9:18:1007-1017	1007	1017	11
Q6P2H3	206	Q6P2H3:R206	361.0	Domain-distal >40 aa	Q6P2H3:9:199-217	199	217	19
Q6P2H3	277	Q6P2H3:R277	290.0	Domain-distal >40 aa	Q6P2H3:11:258-279	258	279	22
Q6P2Q9	8	Q6P2Q9:R8	50.0	Domain-distal >40 aa	Q6P2Q9:1:1-20	1	20	20
Q6P6C2	357	Q6P6C2:R357	83.0	Domain-distal >40 aa	Q6P6C2:4:293-367	293	367	75
Q6P6C2	358	Q6P6C2:R358	84.0	Domain-distal >40 aa	Q6P6C2:4:293-367	293	367	75
Q6P6C2	359	Q6P6C2:R359	85.0	Domain-distal >40 aa	Q6P6C2:4:293-367	293	367	75
Q6P996	709	Q6P996:R709	105.0	Domain-distal >40 aa	Q6P996:4:684-788	684	788	105
Q6P996	712	Q6P996:R712	108.0	Domain-distal >40 aa	Q6P996:4:684-788	684	788	105
Q6P996	788	Q6P996:R788	184.0	Domain-distal >40 aa	Q6P996:4:684-788	684	788	105
Q6PCT2	367	Q6PCT2:R367	57.0	Domain-distal >40 aa	Q6PCT2:2:152-422	152	422	271
Q6PGN9	301	Q6PGN9:R301	207.0	Domain-distal >40 aa	Q6PGN9:3:227-363	227	363	137
Q6PID8	13	Q6PID8:R13	258.0	Domain-distal >40 aa	Q6PID8:1:1-58	1	58	58
Q6PID8	37	Q6PID8:R37	234.0	Domain-distal >40 aa	Q6PID8:1:1-58	1	58	58
Q6PID8	44	Q6PID8:R44	227.0	Domain-distal >40 aa	Q6PID8:1:1-58	1	58	58
Q6PIY7	73	Q6PIY7:R73	83.0	Domain-distal >40 aa	Q6PIY7:3:72-98	72	98	27
Q6PIY7	75	Q6PIY7:R75	81.0	Domain-distal >40 aa	Q6PIY7:3:72-98	72	98	27
Q6PIY7	90	Q6PIY7:R90	66.0	Domain-distal >40 aa	Q6PIY7:3:72-98	72	98	27
Q6PIY7	92	Q6PIY7:R92	64.0	Domain-distal >40 aa	Q6PIY7:3:72-98	72	98	27
Q6PJG2	177	Q6PJG2:R177	544.0	Domain-distal >40 aa	Q6PJG2:6:167-179	167	179	13
Q6PJG2	227	Q6PJG2:R227	494.0	Domain-distal >40 aa	Q6PJG2:8:223-320	223	320	98
Q6PJG2	231	Q6PJG2:R231	490.0	Domain-distal >40 aa	Q6PJG2:8:223-320	223	320	98
Q6PJG2	344	Q6PJG2:R344	377.0	Domain-distal >40 aa	Q6PJG2:9:327-463	327	463	137
Q6PJG2	447	Q6PJG2:R447	274.0	Domain-distal >40 aa	Q6PJG2:9:327-463	327	463	137
Q6PJG2	455	Q6PJG2:R455	266.0	Domain-distal >40 aa	Q6PJG2:9:327-463	327	463	137
Q6PJG2	456	Q6PJG2:R456	265.0	Domain-distal >40 aa	Q6PJG2:9:327-463	327	463	137
Q6PKG0	45	Q6PKG0:R45	352.0	Domain-distal >40 aa	Q6PKG0:1:1-358	1	358	358
Q6PKG0	240	Q6PKG0:R240	157.0	Domain-distal >40 aa	Q6PKG0:1:1-358	1	358	358
Q6PKG0	271	Q6PKG0:R271	126.0	Domain-distal >40 aa	Q6PKG0:1:1-358	1	358	358
Q6PKG0	274	Q6PKG0:R274	123.0	Domain-distal >40 aa	Q6PKG0:1:1-358	1	358	358
Q6PKG0	285	Q6PKG0:R285	112.0	Domain-distal >40 aa	Q6PKG0:1:1-358	1	358	358
Q6PKG0	334	Q6PKG0:R334	63.0	Domain-distal >40 aa	Q6PKG0:1:1-358	1	358	358
Q6PKG0	340	Q6PKG0:R340	57.0	Domain-distal >40 aa	Q6PKG0:1:1-358	1	358	358
Q6PKG0	344	Q6PKG0:R344	53.0	Domain-distal >40 aa	Q6PKG0:1:1-358	1	358	358
Q6PKG0	346	Q6PKG0:R346	51.0	Domain-distal >40 aa	Q6PKG0:1:1-358	1	358	358
Q6PKG0	348	Q6PKG0:R348	49.0	Domain-distal >40 aa	Q6PKG0:1:1-358	1	358	358
Q6R327	6	Q6R327:R6	51.0	Domain-distal >40 aa	Q6R327:1:1-9	1	9	9
Q6R327	8	Q6R327:R8	49.0	Domain-distal >40 aa	Q6R327:1:1-9	1	9	9
Q6SPF0	104	Q6SPF0:R104	5.0	Domain edge <=20 aa	Q6SPF0:2:100-243	100	243	144
Q6SPF0	116	Q6SPF0:R116	17.0	Domain edge <=20 aa	Q6SPF0:2:100-243	100	243	144
Q6SPF0	150	Q6SPF0:R150	51.0	Domain-distal >40 aa	Q6SPF0:2:100-243	100	243	144
Q6SPF0	170	Q6SPF0:R170	71.0	Domain-distal >40 aa	Q6SPF0:2:100-243	100	243	144
Q6SPF0	173	Q6SPF0:R173	71.0	Domain-distal >40 aa	Q6SPF0:2:100-243	100	243	144
Q6SPF0	197	Q6SPF0:R197	47.0	Domain-distal >40 aa	Q6SPF0:2:100-243	100	243	144
Q6SPF0	198	Q6SPF0:R198	46.0	Domain-distal >40 aa	Q6SPF0:2:100-243	100	243	144
Q6STE5	71	Q6STE5:R71	187.0	Domain-distal >40 aa	Q6STE5:2:26-107	26	107	82
Q6UB98	900	Q6UB98:R900	618.0	Domain-distal >40 aa	Q6UB98:21:866-1075	866	1075	210
Q6UN15	50	Q6UN15:R50	104.0	Domain-distal >40 aa	Q6UN15:1:1-116	1	116	116
Q6UN15	513	Q6UN15:R513	317.0	Domain-distal >40 aa	Q6UN15:4:328-594	328	594	267
Q6UUV7	87	Q6UUV7:R87	23.0	Domain edge 21-40 aa	Q6UUV7:5:80-91	80	91	12
Q6UUV7	90	Q6UUV7:R90	26.0	Domain edge 21-40 aa	Q6UUV7:5:80-91	80	91	12
Q6UUV9	103	Q6UUV9:R103	37.0	Domain edge 21-40 aa	Q6UUV9:6:82-136	82	136	55
Q6UUV9	117	Q6UUV9:R117	31.0	Domain edge 21-40 aa	Q6UUV9:6:82-136	82	136	55
Q6VN20	494	Q6VN20:R494	12.0	Domain edge <=20 aa	Q6VN20:4:477-501	477	501	25
Q6VN20	497	Q6VN20:R497	9.0	Domain edge <=20 aa	Q6VN20:4:477-501	477	501	25
Q6W2J9	170	Q6W2J9:R170	1032.0	Domain-distal >40 aa	Q6W2J9:5:169-174	169	174	6
Q6W2J9	338	Q6W2J9:R338	864.0	Domain-distal >40 aa	Q6W2J9:11:300-348	300	348	49
Q6W2J9	342	Q6W2J9:R342	860.0	Domain-distal >40 aa	Q6W2J9:11:300-348	300	348	49
Q6XPR3	175	Q6XPR3:R175	86.0	Domain-distal >40 aa	Q6XPR3:2:90-221	90	221	132
Q6XZF7	488	Q6XZF7:R488	186.0	Domain-distal >40 aa	Q6XZF7:8:483-511	483	511	29
Q6Y7W6	107	Q6Y7W6:R107	426.0	Domain-distal >40 aa	Q6Y7W6:3:106-131	106	131	26
Q6Y7W6	118	Q6Y7W6:R118	415.0	Domain-distal >40 aa	Q6Y7W6:3:106-131	106	131	26
Q6Y7W6	120	Q6Y7W6:R120	413.0	Domain-distal >40 aa	Q6Y7W6:3:106-131	106	131	26
Q6Y7W6	128	Q6Y7W6:R128	405.0	Domain-distal >40 aa	Q6Y7W6:3:106-131	106	131	26
Q6Y7W6	130	Q6Y7W6:R130	403.0	Domain-distal >40 aa	Q6Y7W6:3:106-131	106	131	26
Q6Y7W6	149	Q6Y7W6:R149	384.0	Domain-distal >40 aa	Q6Y7W6:4:146-196	146	196	51
Q6Y7W6	153	Q6Y7W6:R153	380.0	Domain-distal >40 aa	Q6Y7W6:4:146-196	146	196	51
Q6Y7W6	157	Q6Y7W6:R157	376.0	Domain-distal >40 aa	Q6Y7W6:4:146-196	146	196	51
Q6ZNB6	18	Q6ZNB6:R18	142.0	Domain-distal >40 aa	Q6ZNB6:1:1-79	1	79	79
Q6ZNB6	31	Q6ZNB6:R31	129.0	Domain-distal >40 aa	Q6ZNB6:1:1-79	1	79	79
Q6ZP65	153	Q6ZP65:R153	336.0	Domain-distal >40 aa	Q6ZP65:6:153-153	153	153	1
Q6ZRP7	586	Q6ZRP7:R586	55.0	Domain-distal >40 aa	Q6ZRP7:4:568-641	568	641	74
Q6ZRS2	1016	Q6ZRS2:R1016	110.0	Domain-distal >40 aa	Q6ZRS2:11:1016-1046	1016	1046	31
Q6ZRS2	1098	Q6ZRS2:R1098	192.0	Domain-distal >40 aa	Q6ZRS2:12:1049-1133	1049	1133	85
Q6ZRS2	1115	Q6ZRS2:R1115	209.0	Domain-distal >40 aa	Q6ZRS2:12:1049-1133	1049	1133	85
Q6ZRS2	1332	Q6ZRS2:R1332	426.0	Domain-distal >40 aa	Q6ZRS2:15:1319-1367	1319	1367	49
Q6ZRS2	2771	Q6ZRS2:R2771	574.0	Domain-distal >40 aa	Q6ZRS2:47:2759-3084	2759	3084	326
Q6ZRS2	3077	Q6ZRS2:R3077	880.0	Domain-distal >40 aa	Q6ZRS2:47:2759-3084	2759	3084	326
Q6ZRS2	3079	Q6ZRS2:R3079	882.0	Domain-distal >40 aa	Q6ZRS2:47:2759-3084	2759	3084	326
Q6ZRS2	3140	Q6ZRS2:R3140	943.0	Domain-distal >40 aa	Q6ZRS2:48:3094-3230	3094	3230	137
Q6ZRS2	3224	Q6ZRS2:R3224	1027.0	Domain-distal >40 aa	Q6ZRS2:48:3094-3230	3094	3230	137
Q6ZRV2	361	Q6ZRV2:R361	78.0	Domain-distal >40 aa	Q6ZRV2:2:357-380	357	380	24
Q6ZRV2	374	Q6ZRV2:R374	91.0	Domain-distal >40 aa	Q6ZRV2:2:357-380	357	380	24
Q6ZRV2	378	Q6ZRV2:R378	95.0	Domain-distal >40 aa	Q6ZRV2:2:357-380	357	380	24
Q6ZRV2	477	Q6ZRV2:R477	194.0	Domain-distal >40 aa	Q6ZRV2:8:475-480	475	480	6
Q6ZRV2	480	Q6ZRV2:R480	197.0	Domain-distal >40 aa	Q6ZRV2:8:475-480	475	480	6
Q6ZRV2	496	Q6ZRV2:R496	213.0	Domain-distal >40 aa	Q6ZRV2:9:483-578	483	578	96
Q6ZRV2	532	Q6ZRV2:R532	249.0	Domain-distal >40 aa	Q6ZRV2:9:483-578	483	578	96
Q6ZRV2	541	Q6ZRV2:R541	258.0	Domain-distal >40 aa	Q6ZRV2:9:483-578	483	578	96
Q6ZRV2	547	Q6ZRV2:R547	264.0	Domain-distal >40 aa	Q6ZRV2:9:483-578	483	578	96
Q6ZRV2	922	Q6ZRV2:R922	639.0	Domain-distal >40 aa	Q6ZRV2:22:824-1028	824	1028	205
Q6ZSJ9	467	Q6ZSJ9:R467	323.0	Domain-distal >40 aa	Q6ZSJ9:14:443-472	443	472	30
Q6ZSY5	3	Q6ZSY5:R3	125.0	Domain-distal >40 aa	Q6ZSY5:1:1-34	1	34	34
Q6ZSY5	12	Q6ZSY5:R12	116.0	Domain-distal >40 aa	Q6ZSY5:1:1-34	1	34	34
Q6ZU69	1094	Q6ZU69:R1094	465.0	Domain-distal >40 aa	Q6ZU69:16:964-1099	964	1099	136
Q70EL1	12	Q70EL1:R12	19.0	Domain edge <=20 aa	Q70EL1:1:1-30	1	30	30
Q70EL1	533	Q70EL1:R533	181.0	Domain-distal >40 aa	Q70EL1:4:421-584	421	584	164
Q70EL1	535	Q70EL1:R535	183.0	Domain-distal >40 aa	Q70EL1:4:421-584	421	584	164
Q70EL1	653	Q70EL1:R653	301.0	Domain-distal >40 aa	Q70EL1:7:605-703	605	703	99
Q71DI3	3	Q71DI3:R3	41.0	Domain-distal >40 aa	Q71DI3:1:1-43	1	43	43
Q71DI3	9	Q71DI3:R9	35.0	Domain edge 21-40 aa	Q71DI3:1:1-43	1	43	43
Q71DI3	18	Q71DI3:R18	26.0	Domain edge 21-40 aa	Q71DI3:1:1-43	1	43	43
Q71DI3	27	Q71DI3:R27	17.0	Domain edge <=20 aa	Q71DI3:1:1-43	1	43	43
Q71DI3	41	Q71DI3:R41	3.0	Domain edge <=20 aa	Q71DI3:1:1-43	1	43	43
Q71DI3	43	Q71DI3:R43	1.0	Domain edge <=20 aa	Q71DI3:1:1-43	1	43	43
Q71F56	1061	Q71F56:R1061	355.0	Domain-distal >40 aa	Q71F56:33:1004-1100	1004	1100	97
Q71H61	452	Q71H61:R452	219.0	Domain-distal >40 aa	Q71H61:5:436-639	436	639	204
Q71H61	544	Q71H61:R544	311.0	Domain-distal >40 aa	Q71H61:5:436-639	436	639	204
Q71RC2	368	Q71RC2:R368	67.0	Domain-distal >40 aa	Q71RC2:7:368-493	368	493	126
Q71RC2	443	Q71RC2:R443	142.0	Domain-distal >40 aa	Q71RC2:7:368-493	368	493	126
Q71RC2	445	Q71RC2:R445	144.0	Domain-distal >40 aa	Q71RC2:7:368-493	368	493	126
Q71RC2	450	Q71RC2:R450	149.0	Domain-distal >40 aa	Q71RC2:7:368-493	368	493	126
Q71RC2	680	Q71RC2:R680	379.0	Domain-distal >40 aa	Q71RC2:13:623-724	623	724	102
Q71RC2	686	Q71RC2:R686	385.0	Domain-distal >40 aa	Q71RC2:13:623-724	623	724	102
Q75N03	219	Q75N03:R219	27.0	Domain edge 21-40 aa	Q75N03:4:202-251	202	251	50
Q75N03	283	Q75N03:R283	91.0	Domain-distal >40 aa	Q75N03:5:253-491	253	491	239
Q75N03	458	Q75N03:R458	266.0	Domain-distal >40 aa	Q75N03:5:253-491	253	491	239
Q75N03	465	Q75N03:R465	273.0	Domain-distal >40 aa	Q75N03:5:253-491	253	491	239
Q75N03	485	Q75N03:R485	293.0	Domain-distal >40 aa	Q75N03:5:253-491	253	491	239
Q76L83	607	Q76L83:R607	224.0	Domain-distal >40 aa	Q76L83:9:489-610	489	610	122
Q76L83	639	Q76L83:R639	256.0	Domain-distal >40 aa	Q76L83:11:623-651	623	651	29
Q76L83	641	Q76L83:R641	258.0	Domain-distal >40 aa	Q76L83:11:623-651	623	651	29
Q7KZ85	511	Q7KZ85:R511	54.0	Domain-distal >40 aa	Q7KZ85:8:480-520	480	520	41
Q7KZF4	910	Q7KZF4:R910	16.0	Domain edge <=20 aa	Q7KZF4:5:906-910	906	910	5
Q7KZI7	584	Q7KZI7:R584	155.0	Domain-distal >40 aa	Q7KZI7:4:372-635	372	635	264
Q7KZI7	589	Q7KZI7:R589	150.0	Domain-distal >40 aa	Q7KZI7:4:372-635	372	635	264
Q7KZI7	594	Q7KZI7:R594	145.0	Domain-distal >40 aa	Q7KZI7:4:372-635	372	635	264
Q7KZI7	628	Q7KZI7:R628	111.0	Domain-distal >40 aa	Q7KZI7:4:372-635	372	635	264
Q7L014	76	Q7L014:R76	296.0	Domain-distal >40 aa	Q7L014:1:1-234	1	234	234
Q7L2J0	86	Q7L2J0:R86	345.0	Domain-distal >40 aa	Q7L2J0:1:1-167	1	167	167
Q7L2J0	99	Q7L2J0:R99	332.0	Domain-distal >40 aa	Q7L2J0:1:1-167	1	167	167
Q7L2J0	117	Q7L2J0:R117	314.0	Domain-distal >40 aa	Q7L2J0:1:1-167	1	167	167
Q7L2J0	131	Q7L2J0:R131	300.0	Domain-distal >40 aa	Q7L2J0:1:1-167	1	167	167
Q7L2J0	266	Q7L2J0:R266	165.0	Domain-distal >40 aa	Q7L2J0:5:252-322	252	322	71
Q7L2J0	304	Q7L2J0:R304	127.0	Domain-distal >40 aa	Q7L2J0:5:252-322	252	322	71
Q7L2J0	377	Q7L2J0:R377	54.0	Domain-distal >40 aa	Q7L2J0:6:330-408	330	408	79
Q7L4I2	429	Q7L4I2:R429	6.0	Domain edge <=20 aa	Q7L4I2:4:424-434	424	434	11
Q7L9B9	560	Q7L9B9:R560	55.0	Domain-distal >40 aa	Q7L9B9:6:543-569	543	569	27
Q7L9B9	569	Q7L9B9:R569	64.0	Domain-distal >40 aa	Q7L9B9:6:543-569	543	569	27
Q7LDG7	581	Q7LDG7:R581	32.0	Domain edge 21-40 aa	Q7LDG7:5:555-597	555	597	43
Q7LDG7	585	Q7LDG7:R585	36.0	Domain edge 21-40 aa	Q7LDG7:5:555-597	555	597	43
Q7RTP6	710	Q7RTP6:R710	52.0	Domain-distal >40 aa	Q7RTP6:5:656-710	656	710	55
Q7RTT3	159	Q7RTT3:R159	76.0	Domain-distal >40 aa	Q7RTT3:7:113-168	113	168	56
Q7RTU0	31	Q7RTU0:R31	18.0	Domain edge <=20 aa	Q7RTU0:1:1-48	1	48	48
Q7RTU0	44	Q7RTU0:R44	5.0	Domain edge <=20 aa	Q7RTU0:1:1-48	1	48	48
Q7Z333	1175	Q7Z333:R1175	759.0	Domain-distal >40 aa	Q7Z333:20:1157-1221	1157	1221	65
Q7Z3K3	213	Q7Z3K3:R213	281.0	Domain-distal >40 aa	Q7Z3K3:9:210-226	210	226	17
Q7Z3K3	238	Q7Z3K3:R238	256.0	Domain-distal >40 aa	Q7Z3K3:11:234-293	234	293	60
Q7Z406	11	Q7Z406:R11	40.0	Domain edge 21-40 aa	Q7Z406:1:1-47	1	47	47
Q7Z406	32	Q7Z406:R32	19.0	Domain edge <=20 aa	Q7Z406:1:1-47	1	47	47
Q7Z434	232	Q7Z434:R232	139.0	Domain-distal >40 aa	Q7Z434:2:94-299	94	299	206
Q7Z434	239	Q7Z434:R239	146.0	Domain-distal >40 aa	Q7Z434:2:94-299	94	299	206
Q7Z434	494	Q7Z434:R494	401.0	Domain-distal >40 aa	Q7Z434:8:472-508	472	508	37
Q7Z460	660	Q7Z460:R660	109.0	Domain-distal >40 aa	Q7Z460:2:552-785	552	785	234
Q7Z460	662	Q7Z460:R662	111.0	Domain-distal >40 aa	Q7Z460:2:552-785	552	785	234
Q7Z460	664	Q7Z460:R664	113.0	Domain-distal >40 aa	Q7Z460:2:552-785	552	785	234
Q7Z460	706	Q7Z460:R706	143.0	Domain-distal >40 aa	Q7Z460:2:552-785	552	785	234
Q7Z460	1229	Q7Z460:R1229	60.0	Domain-distal >40 aa	Q7Z460:9:1214-1239	1214	1239	26
Q7Z591	9	Q7Z591:R9	589.0	Domain-distal >40 aa	Q7Z591:1:1-397	1	397	397
Q7Z591	351	Q7Z591:R351	247.0	Domain-distal >40 aa	Q7Z591:1:1-397	1	397	397
Q7Z5J4	249	Q7Z5J4:R249	1531.0	Domain-distal >40 aa	Q7Z5J4:3:74-301	74	301	228
Q7Z5J4	1452	Q7Z5J4:R1452	328.0	Domain-distal >40 aa	Q7Z5J4:31:1344-1573	1344	1573	230
Q7Z5L9	109	Q7Z5L9:R109	46.0	Domain-distal >40 aa	Q7Z5L9:3:64-204	64	204	141
Q7Z5L9	116	Q7Z5L9:R116	53.0	Domain-distal >40 aa	Q7Z5L9:3:64-204	64	204	141
Q7Z5L9	125	Q7Z5L9:R125	62.0	Domain-distal >40 aa	Q7Z5L9:3:64-204	64	204	141
Q7Z5L9	128	Q7Z5L9:R128	65.0	Domain-distal >40 aa	Q7Z5L9:3:64-204	64	204	141
Q7Z5L9	291	Q7Z5L9:R291	3.0	Domain edge <=20 aa	Q7Z5L9:4:207-293	207	293	87
Q7Z628	126	Q7Z628:R126	48.0	Domain-distal >40 aa	Q7Z628:8:126-150	126	150	25
Q7Z6B7	900	Q7Z6B7:R900	98.0	Domain-distal >40 aa	Q7Z6B7:7:808-959	808	959	152
Q7Z6E9	187	Q7Z6E9:R187	11.0	Domain edge <=20 aa	Q7Z6E9:5:181-195	181	195	15
Q7Z6E9	492	Q7Z6E9:R492	167.0	Domain-distal >40 aa	Q7Z6E9:13:488-519	488	519	32
Q7Z6E9	522	Q7Z6E9:R522	197.0	Domain-distal >40 aa	Q7Z6E9:14:522-606	522	606	85
Q7Z6E9	523	Q7Z6E9:R523	198.0	Domain-distal >40 aa	Q7Z6E9:14:522-606	522	606	85
Q7Z6E9	530	Q7Z6E9:R530	205.0	Domain-distal >40 aa	Q7Z6E9:14:522-606	522	606	85
Q7Z6E9	534	Q7Z6E9:R534	209.0	Domain-distal >40 aa	Q7Z6E9:14:522-606	522	606	85
Q7Z6E9	745	Q7Z6E9:R745	420.0	Domain-distal >40 aa	Q7Z6E9:15:608-800	608	800	193
Q7Z6E9	747	Q7Z6E9:R747	422.0	Domain-distal >40 aa	Q7Z6E9:15:608-800	608	800	193
Q7Z6E9	877	Q7Z6E9:R877	552.0	Domain-distal >40 aa	Q7Z6E9:17:845-1291	845	1291	447
Q7Z6E9	892	Q7Z6E9:R892	567.0	Domain-distal >40 aa	Q7Z6E9:17:845-1291	845	1291	447
Q7Z6J6	384	Q7Z6J6:R384	30.0	Domain edge 21-40 aa	Q7Z6J6:3:383-409	383	409	27
Q7Z6Z7	1901	Q7Z6Z7:R1901	221.0	Domain-distal >40 aa	Q7Z6Z7:17:1901-1908	1901	1908	8
Q7Z6Z7	3163	Q7Z6Z7:R3163	856.0	Domain-distal >40 aa	Q7Z6Z7:40:3153-3168	3153	3168	16
Q7Z6Z7	3840	Q7Z6Z7:R3840	179.0	Domain-distal >40 aa	Q7Z6Z7:49:3781-3849	3781	3849	69
Q7Z794	554	Q7Z794:R554	77.0	Domain-distal >40 aa	Q7Z794:4:496-578	496	578	83
Q86TB9	73	Q86TB9:R73	401.0	Domain-distal >40 aa	Q86TB9:4:57-78	57	78	22
Q86TB9	276	Q86TB9:R276	198.0	Domain-distal >40 aa	Q86TB9:17:275-279	275	279	5
Q86TB9	316	Q86TB9:R316	158.0	Domain-distal >40 aa	Q86TB9:20:312-402	312	402	91
Q86TB9	344	Q86TB9:R344	130.0	Domain-distal >40 aa	Q86TB9:20:312-402	312	402	91
Q86TB9	351	Q86TB9:R351	123.0	Domain-distal >40 aa	Q86TB9:20:312-402	312	402	91
Q86TB9	385	Q86TB9:R385	89.0	Domain-distal >40 aa	Q86TB9:20:312-402	312	402	91
Q86TB9	770	Q86TB9:R770	53.0	Domain-distal >40 aa	Q86TB9:22:769-770	769	770	2
Q86TC9	810	Q86TC9:R810	135.0	Domain-distal >40 aa	Q86TC9:13:759-818	759	818	60
Q86TC9	850	Q86TC9:R850	95.0	Domain-distal >40 aa	Q86TC9:15:839-879	839	879	41
Q86TC9	1053	Q86TC9:R1053	16.0	Domain edge <=20 aa	Q86TC9:18:1045-1064	1045	1064	20
Q86U28	15	Q86U28:R15	34.0	Domain edge 21-40 aa	Q86U28:1:1-16	1	16	16
Q86U38	21	Q86U38:R21	76.0	Domain-distal >40 aa	Q86U38:1:1-60	1	60	60
Q86U42	17	Q86U42:R17	155.0	Domain-distal >40 aa	Q86U42:1:1-122	1	122	122
Q86U42	23	Q86U42:R23	149.0	Domain-distal >40 aa	Q86U42:1:1-122	1	122	122
Q86U42	24	Q86U42:R24	148.0	Domain-distal >40 aa	Q86U42:1:1-122	1	122	122
Q86U42	25	Q86U42:R25	147.0	Domain-distal >40 aa	Q86U42:1:1-122	1	122	122
Q86U42	251	Q86U42:R251	2.0	Domain edge <=20 aa	Q86U42:5:250-260	250	260	11
Q86U42	259	Q86U42:R259	10.0	Domain edge <=20 aa	Q86U42:5:250-260	250	260	11
Q86U90	34	Q86U90:R34	33.0	Domain edge 21-40 aa	Q86U90:2:20-44	20	44	25
Q86UA6	6	Q86UA6:R6	2.0	Domain edge <=20 aa	Q86UA6:1:1-7	1	7	7
Q86UK7	292	Q86UK7:R292	22.0	Domain edge 21-40 aa	Q86UK7:6:287-680	287	680	394
Q86UK7	311	Q86UK7:R311	41.0	Domain-distal >40 aa	Q86UK7:6:287-680	287	680	394
Q86UK7	314	Q86UK7:R314	44.0	Domain-distal >40 aa	Q86UK7:6:287-680	287	680	394
Q86UK7	320	Q86UK7:R320	50.0	Domain-distal >40 aa	Q86UK7:6:287-680	287	680	394
Q86UK7	324	Q86UK7:R324	54.0	Domain-distal >40 aa	Q86UK7:6:287-680	287	680	394
Q86UK7	331	Q86UK7:R331	61.0	Domain-distal >40 aa	Q86UK7:6:287-680	287	680	394
Q86UK7	679	Q86UK7:R679	76.0	Domain-distal >40 aa	Q86UK7:6:287-680	287	680	394
Q86US8	235	Q86US8:R235	404.0	Domain-distal >40 aa	Q86US8:5:175-409	175	409	235
Q86US8	257	Q86US8:R257	382.0	Domain-distal >40 aa	Q86US8:5:175-409	175	409	235
Q86US8	404	Q86US8:R404	235.0	Domain-distal >40 aa	Q86US8:5:175-409	175	409	235
Q86US8	406	Q86US8:R406	233.0	Domain-distal >40 aa	Q86US8:5:175-409	175	409	235
Q86US8	448	Q86US8:R448	191.0	Domain-distal >40 aa	Q86US8:7:418-491	418	491	74
Q86US8	512	Q86US8:R512	127.0	Domain-distal >40 aa	Q86US8:10:510-513	510	513	4
Q86UU0	593	Q86UU0:R593	161.0	Domain-distal >40 aa	Q86UU0:5:531-621	531	621	91
Q86UU0	602	Q86UU0:R602	170.0	Domain-distal >40 aa	Q86UU0:5:531-621	531	621	91
Q86UU0	610	Q86UU0:R610	178.0	Domain-distal >40 aa	Q86UU0:5:531-621	531	621	91
Q86UU0	821	Q86UU0:R821	389.0	Domain-distal >40 aa	Q86UU0:11:820-1092	820	1092	273
Q86UU0	994	Q86UU0:R994	562.0	Domain-distal >40 aa	Q86UU0:11:820-1092	820	1092	273
Q86UU1	401	Q86UU1:R401	276.0	Domain-distal >40 aa	Q86UU1:9:369-546	369	546	178
Q86UU1	512	Q86UU1:R512	387.0	Domain-distal >40 aa	Q86UU1:9:369-546	369	546	178
Q86UU1	514	Q86UU1:R514	389.0	Domain-distal >40 aa	Q86UU1:9:369-546	369	546	178
Q86UW9	213	Q86UW9:R213	31.0	Domain edge 21-40 aa	Q86UW9:2:212-214	212	214	3
Q86UW9	233	Q86UW9:R233	51.0	Domain-distal >40 aa	Q86UW9:4:221-235	221	235	15
Q86UW9	256	Q86UW9:R256	74.0	Domain-distal >40 aa	Q86UW9:5:248-259	248	259	12
Q86UW9	281	Q86UW9:R281	99.0	Domain-distal >40 aa	Q86UW9:7:278-324	278	324	47
Q86V81	23	Q86V81:R23	83.0	Domain-distal >40 aa	Q86V81:1:1-90	1	90	90
Q86V81	31	Q86V81:R31	75.0	Domain-distal >40 aa	Q86V81:1:1-90	1	90	90
Q86V81	38	Q86V81:R38	68.0	Domain-distal >40 aa	Q86V81:1:1-90	1	90	90
Q86V81	50	Q86V81:R50	56.0	Domain-distal >40 aa	Q86V81:1:1-90	1	90	90
Q86V81	56	Q86V81:R56	50.0	Domain-distal >40 aa	Q86V81:1:1-90	1	90	90
Q86V81	58	Q86V81:R58	48.0	Domain-distal >40 aa	Q86V81:1:1-90	1	90	90
Q86V81	63	Q86V81:R63	43.0	Domain-distal >40 aa	Q86V81:1:1-90	1	90	90
Q86V81	71	Q86V81:R71	35.0	Domain edge 21-40 aa	Q86V81:1:1-90	1	90	90
Q86V81	73	Q86V81:R73	33.0	Domain edge 21-40 aa	Q86V81:1:1-90	1	90	90
Q86VF7	419	Q86VF7:R419	1.0	Domain edge <=20 aa	Q86VF7:6:419-419	419	419	1
Q86VQ0	301	Q86VQ0:R301	9.0	Domain edge <=20 aa	Q86VQ0:3:300-311	300	311	12
Q86W56	61	Q86W56:R61	520.0	Domain-distal >40 aa	Q86W56:1:1-70	1	70	70
Q86W56	66	Q86W56:R66	515.0	Domain-distal >40 aa	Q86W56:1:1-70	1	70	70
Q86W92	527	Q86W92:R527	117.0	Domain-distal >40 aa	Q86W92:9:527-592	527	592	66
Q86WJ1	9	Q86WJ1:R9	33.0	Domain edge 21-40 aa	Q86WJ1:1:1-15	1	15	15
Q86WJ1	643	Q86WJ1:R643	61.0	Domain-distal >40 aa	Q86WJ1:7:626-673	626	673	48
Q86XL3	624	Q86XL3:R624	44.0	Domain-distal >40 aa	Q86XL3:8:608-632	608	632	25
Q86XN7	154	Q86XN7:R154	33.0	Domain edge 21-40 aa	Q86XN7:4:150-171	150	171	22
Q86XN8	524	Q86XN8:R524	76.0	Domain-distal >40 aa	Q86XN8:7:485-547	485	547	63
Q86XN8	531	Q86XN8:R531	69.0	Domain-distal >40 aa	Q86XN8:7:485-547	485	547	63
Q86XP3	12	Q86XP3:R12	241.0	Domain-distal >40 aa	Q86XP3:1:1-64	1	64	64
Q86XP3	673	Q86XP3:R673	41.0	Domain-distal >40 aa	Q86XP3:11:654-674	654	674	21
Q86XP3	814	Q86XP3:R814	182.0	Domain-distal >40 aa	Q86XP3:14:722-938	722	938	217
Q86XP3	818	Q86XP3:R818	186.0	Domain-distal >40 aa	Q86XP3:14:722-938	722	938	217
Q86XP3	875	Q86XP3:R875	243.0	Domain-distal >40 aa	Q86XP3:14:722-938	722	938	217
Q86Y22	6	Q86Y22:R6	114.0	Domain-distal >40 aa	Q86Y22:1:1-30	1	30	30
Q86Y37	366	Q86Y37:R366	73.0	Domain-distal >40 aa	Q86Y37:5:342-369	342	369	28
Q86Y38	91	Q86Y38:R91	522.0	Domain-distal >40 aa	Q86Y38:3:41-262	41	262	222
Q86YP4	73	Q86YP4:R73	63.0	Domain-distal >40 aa	Q86YP4:2:69-119	69	119	51
Q86YP4	213	Q86YP4:R213	34.0	Domain edge 21-40 aa	Q86YP4:4:180-239	180	239	60
Q86YP4	225	Q86YP4:R225	46.0	Domain-distal >40 aa	Q86YP4:4:180-239	180	239	60
Q86YP4	258	Q86YP4:R258	79.0	Domain-distal >40 aa	Q86YP4:5:256-271	256	271	16
Q86YP4	532	Q86YP4:R532	81.0	Domain-distal >40 aa	Q86YP4:11:526-585	526	585	60
Q86YP4	539	Q86YP4:R539	88.0	Domain-distal >40 aa	Q86YP4:11:526-585	526	585	60
Q86YR5	439	Q86YR5:R439	77.0	Domain-distal >40 aa	Q86YR5:4:423-493	423	493	71
Q86YR5	479	Q86YR5:R479	117.0	Domain-distal >40 aa	Q86YR5:4:423-493	423	493	71
Q86YZ3	1028	Q86YZ3:R1028	939.0	Domain-distal >40 aa	Q86YZ3:2:100-2838	100	2838	2739
Q86YZ3	1037	Q86YZ3:R1037	948.0	Domain-distal >40 aa	Q86YZ3:2:100-2838	100	2838	2739
Q86YZ3	2187	Q86YZ3:R2187	2098.0	Domain-distal >40 aa	Q86YZ3:2:100-2838	100	2838	2739
Q86Z02	1035	Q86Z02:R1035	517.0	Domain-distal >40 aa	Q86Z02:24:1034-1078	1034	1078	45
Q8IU60	319	Q8IU60:R319	73.0	Domain-distal >40 aa	Q8IU60:2:247-346	247	346	100
Q8IU81	120	Q8IU81:R120	61.0	Domain-distal >40 aa	Q8IU81:2:60-127	60	127	68
Q8IU81	368	Q8IU81:R368	14.0	Domain edge <=20 aa	Q8IU81:5:355-421	355	421	67
Q8IU81	372	Q8IU81:R372	18.0	Domain edge <=20 aa	Q8IU81:5:355-421	355	421	67
Q8IUD2	6	Q8IUD2:R6	1040.0	Domain-distal >40 aa	Q8IUD2:1:1-55	1	55	55
Q8IUD2	20	Q8IUD2:R20	1026.0	Domain-distal >40 aa	Q8IUD2:1:1-55	1	55	55
Q8IUD2	93	Q8IUD2:R93	953.0	Domain-distal >40 aa	Q8IUD2:2:72-96	72	96	25
Q8IUD2	736	Q8IUD2:R736	310.0	Domain-distal >40 aa	Q8IUD2:19:736-736	736	736	1
Q8IUG5	316	Q8IUG5:R316	249.0	Domain-distal >40 aa	Q8IUG5:3:41-512	41	512	472
Q8IVF2	327	Q8IVF2:R327	133.0	Domain-distal >40 aa	Q8IVF2:4:195-457	195	457	263
Q8IVF2	344	Q8IVF2:R344	150.0	Domain-distal >40 aa	Q8IVF2:4:195-457	195	457	263
Q8IVL0	555	Q8IVL0:R555	371.0	Domain-distal >40 aa	Q8IVL0:5:203-630	203	630	428
Q8IVL0	1152	Q8IVL0:R1152	759.0	Domain-distal >40 aa	Q8IVL0:18:876-1249	876	1249	374
Q8IVL1	496	Q8IVL1:R496	304.0	Domain-distal >40 aa	Q8IVL1:5:194-691	194	691	498
Q8IVW6	379	Q8IVW6:R379	40.0	Domain edge 21-40 aa	Q8IVW6:6:368-398	368	398	31
Q8IVW6	387	Q8IVW6:R387	32.0	Domain edge 21-40 aa	Q8IVW6:6:368-398	368	398	31
Q8IWF6	4	Q8IWF6:R4	59.0	Domain-distal >40 aa	Q8IWF6:1:1-48	1	48	48
Q8IWF6	14	Q8IWF6:R14	49.0	Domain-distal >40 aa	Q8IWF6:1:1-48	1	48	48
Q8IWF6	15	Q8IWF6:R15	48.0	Domain-distal >40 aa	Q8IWF6:1:1-48	1	48	48
Q8IWI9	1775	Q8IWI9:R1775	648.0	Domain-distal >40 aa	Q8IWI9:45:1773-1782	1773	1782	10
Q8IWI9	2265	Q8IWI9:R2265	158.0	Domain-distal >40 aa	Q8IWI9:68:2258-2318	2258	2318	61
Q8IWQ3	409	Q8IWQ3:R409	59.0	Domain-distal >40 aa	Q8IWQ3:4:351-475	351	475	125
Q8IWQ3	411	Q8IWQ3:R411	61.0	Domain-distal >40 aa	Q8IWQ3:4:351-475	351	475	125
Q8IWQ3	437	Q8IWQ3:R437	86.0	Domain-distal >40 aa	Q8IWQ3:4:351-475	351	475	125
Q8IWS0	335	Q8IWS0:R335	5.0	Domain edge <=20 aa	Q8IWS0:3:331-365	331	365	35
Q8IWX8	510	Q8IWX8:R510	127.0	Domain-distal >40 aa	Q8IWX8:3:323-636	323	636	314
Q8IWX8	515	Q8IWX8:R515	122.0	Domain-distal >40 aa	Q8IWX8:3:323-636	323	636	314
Q8IWX8	546	Q8IWX8:R546	91.0	Domain-distal >40 aa	Q8IWX8:3:323-636	323	636	314
Q8IWX8	550	Q8IWX8:R550	87.0	Domain-distal >40 aa	Q8IWX8:3:323-636	323	636	314
Q8IWX8	559	Q8IWX8:R559	78.0	Domain-distal >40 aa	Q8IWX8:3:323-636	323	636	314
Q8IWX8	564	Q8IWX8:R564	73.0	Domain-distal >40 aa	Q8IWX8:3:323-636	323	636	314
Q8IWX8	570	Q8IWX8:R570	67.0	Domain-distal >40 aa	Q8IWX8:3:323-636	323	636	314
Q8IWX8	811	Q8IWX8:R811	28.0	Domain edge 21-40 aa	Q8IWX8:4:744-838	744	838	95
Q8IWX8	838	Q8IWX8:R838	1.0	Domain edge <=20 aa	Q8IWX8:4:744-838	744	838	95
Q8IWY9	131	Q8IWY9:R131	654.0	Domain-distal >40 aa	Q8IWY9:3:62-294	62	294	233
Q8IWY9	134	Q8IWY9:R134	651.0	Domain-distal >40 aa	Q8IWY9:3:62-294	62	294	233
Q8IWZ3	136	Q8IWZ3:R136	68.0	Domain-distal >40 aa	Q8IWZ3:4:136-138	136	138	3
Q8IWZ3	2272	Q8IWZ3:R2272	494.0	Domain-distal >40 aa	Q8IWZ3:36:2256-2304	2256	2304	49
Q8IWZ8	641	Q8IWZ8:R641	32.0	Domain edge 21-40 aa	Q8IWZ8:17:637-645	637	645	9
Q8IWZ8	642	Q8IWZ8:R642	33.0	Domain edge 21-40 aa	Q8IWZ8:17:637-645	637	645	9
Q8IX01	204	Q8IX01:R204	383.0	Domain-distal >40 aa	Q8IX01:3:188-206	188	206	19
Q8IX01	689	Q8IX01:R689	50.0	Domain-distal >40 aa	Q8IX01:7:688-691	688	691	4
Q8IX03	926	Q8IX03:R926	143.0	Domain-distal >40 aa	Q8IX03:11:824-967	824	967	144
Q8IX12	284	Q8IX12:R284	80.0	Domain-distal >40 aa	Q8IX12:8:279-357	279	357	79
Q8IX18	3	Q8IX18:R3	44.0	Domain-distal >40 aa	Q8IX18:1:1-28	1	28	28
Q8IX18	10	Q8IX18:R10	37.0	Domain edge 21-40 aa	Q8IX18:1:1-28	1	28	28
Q8IXJ9	606	Q8IXJ9:R606	242.0	Domain-distal >40 aa	Q8IXJ9:11:606-606	606	606	1
Q8IXT5	93	Q8IXT5:R93	10.0	Domain edge <=20 aa	Q8IXT5:1:85-106	85	106	22
Q8IXT5	95	Q8IXT5:R95	12.0	Domain edge <=20 aa	Q8IXT5:1:85-106	85	106	22
Q8IXT5	732	Q8IXT5:R732	193.0	Domain-distal >40 aa	Q8IXT5:8:598-886	598	886	289
Q8IXT5	733	Q8IXT5:R733	192.0	Domain-distal >40 aa	Q8IXT5:8:598-886	598	886	289
Q8IXT5	740	Q8IXT5:R740	185.0	Domain-distal >40 aa	Q8IXT5:8:598-886	598	886	289
Q8IXT5	741	Q8IXT5:R741	184.0	Domain-distal >40 aa	Q8IXT5:8:598-886	598	886	289
Q8IXT5	749	Q8IXT5:R749	176.0	Domain-distal >40 aa	Q8IXT5:8:598-886	598	886	289
Q8IXT5	756	Q8IXT5:R756	169.0	Domain-distal >40 aa	Q8IXT5:8:598-886	598	886	289
Q8IXT5	757	Q8IXT5:R757	168.0	Domain-distal >40 aa	Q8IXT5:8:598-886	598	886	289
Q8IXT5	765	Q8IXT5:R765	160.0	Domain-distal >40 aa	Q8IXT5:8:598-886	598	886	289
Q8IXT5	772	Q8IXT5:R772	153.0	Domain-distal >40 aa	Q8IXT5:8:598-886	598	886	289
Q8IXT5	773	Q8IXT5:R773	152.0	Domain-distal >40 aa	Q8IXT5:8:598-886	598	886	289
Q8IXT5	788	Q8IXT5:R788	137.0	Domain-distal >40 aa	Q8IXT5:8:598-886	598	886	289
Q8IY26	11	Q8IY26:R11	153.0	Domain-distal >40 aa	Q8IY26:1:1-41	1	41	41
Q8IY33	435	Q8IY33:R435	187.0	Domain-distal >40 aa	Q8IY33:3:249-722	249	722	474
Q8IY67	30	Q8IY67:R30	29.0	Domain edge 21-40 aa	Q8IY67:1:1-45	1	45	45
Q8IY67	472	Q8IY67:R472	166.0	Domain-distal >40 aa	Q8IY67:3:391-480	391	480	90
Q8IY67	477	Q8IY67:R477	171.0	Domain-distal >40 aa	Q8IY67:3:391-480	391	480	90
Q8IY67	581	Q8IY67:R581	275.0	Domain-distal >40 aa	Q8IY67:7:574-606	574	606	33
Q8IY67	596	Q8IY67:R596	290.0	Domain-distal >40 aa	Q8IY67:7:574-606	574	606	33
Q8IY92	1046	Q8IY92:R1046	252.0	Domain-distal >40 aa	Q8IY92:24:902-1151	902	1151	250
Q8IY92	1062	Q8IY92:R1062	268.0	Domain-distal >40 aa	Q8IY92:24:902-1151	902	1151	250
Q8IYB7	11	Q8IYB7:R11	39.0	Domain edge 21-40 aa	Q8IYB7:1:1-49	1	49	49
Q8IYB7	17	Q8IYB7:R17	33.0	Domain edge 21-40 aa	Q8IYB7:1:1-49	1	49	49
Q8IYD1	74	Q8IYD1:R74	127.0	Domain-distal >40 aa	Q8IYD1:2:71-127	71	127	57
Q8IZ40	454	Q8IZ40:R454	76.0	Domain-distal >40 aa	Q8IZ40:4:387-523	387	523	137
Q8IZ40	479	Q8IZ40:R479	101.0	Domain-distal >40 aa	Q8IZ40:4:387-523	387	523	137
Q8IZ40	491	Q8IZ40:R491	113.0	Domain-distal >40 aa	Q8IZ40:4:387-523	387	523	137
Q8IZ40	498	Q8IZ40:R498	120.0	Domain-distal >40 aa	Q8IZ40:4:387-523	387	523	137
Q8IZ40	502	Q8IZ40:R502	124.0	Domain-distal >40 aa	Q8IZ40:4:387-523	387	523	137
Q8IZ83	5	Q8IZ83:R5	43.0	Domain-distal >40 aa	Q8IZ83:1:1-8	1	8	8
Q8IZA3	147	Q8IZA3:R147	8.0	Domain edge <=20 aa	Q8IZA3:2:140-346	140	346	207
Q8IZC6	1064	Q8IZC6:R1064	125.0	Domain-distal >40 aa	Q8IZC6:10:1001-1278	1001	1278	278
Q8IZC6	1474	Q8IZC6:R1474	76.0	Domain-distal >40 aa	Q8IZC6:12:1399-1561	1399	1561	163
Q8IZL2	552	Q8IZL2:R552	57.0	Domain-distal >40 aa	Q8IZL2:15:528-608	528	608	81
Q8IZQ8	554	Q8IZQ8:R554	149.0	Domain-distal >40 aa	Q8IZQ8:18:551-554	551	554	4
Q8IZT6	8	Q8IZT6:R8	29.0	Domain edge 21-40 aa	Q8IZT6:1:1-31	1	31	31
Q8IZT6	18	Q8IZT6:R18	19.0	Domain edge <=20 aa	Q8IZT6:1:1-31	1	31	31
Q8IZT6	19	Q8IZT6:R19	18.0	Domain edge <=20 aa	Q8IZT6:1:1-31	1	31	31
Q8IZT6	25	Q8IZT6:R25	12.0	Domain edge <=20 aa	Q8IZT6:1:1-31	1	31	31
Q8IZT6	1101	Q8IZT6:R1101	9.0	Domain edge <=20 aa	Q8IZT6:15:1098-1104	1098	1104	7
Q8IZW8	224	Q8IZW8:R224	223.0	Domain-distal >40 aa	Q8IZW8:11:195-253	195	253	59
Q8N122	709	Q8N122:R709	82.0	Domain-distal >40 aa	Q8N122:2:696-713	696	713	18
Q8N122	716	Q8N122:R716	89.0	Domain-distal >40 aa	Q8N122:3:716-716	716	716	1
Q8N163	16	Q8N163:R16	39.0	Domain edge 21-40 aa	Q8N163:1:1-38	1	38	38
Q8N163	180	Q8N163:R180	68.0	Domain-distal >40 aa	Q8N163:3:178-219	178	219	42
Q8N163	184	Q8N163:R184	72.0	Domain-distal >40 aa	Q8N163:3:178-219	178	219	42
Q8N163	206	Q8N163:R206	94.0	Domain-distal >40 aa	Q8N163:3:178-219	178	219	42
Q8N163	218	Q8N163:R218	106.0	Domain-distal >40 aa	Q8N163:3:178-219	178	219	42
Q8N1G1	187	Q8N1G1:R187	615.0	Domain-distal >40 aa	Q8N1G1:4:155-613	155	613	459
Q8N1G1	191	Q8N1G1:R191	611.0	Domain-distal >40 aa	Q8N1G1:4:155-613	155	613	459
Q8N1G1	263	Q8N1G1:R263	539.0	Domain-distal >40 aa	Q8N1G1:4:155-613	155	613	459
Q8N1G2	4	Q8N1G2:R4	81.0	Domain-distal >40 aa	Q8N1G2:1:1-70	1	70	70
Q8N2M8	416	Q8N2M8:R416	245.0	Domain-distal >40 aa	Q8N2M8:4:252-674	252	674	423
Q8N2M8	420	Q8N2M8:R420	249.0	Domain-distal >40 aa	Q8N2M8:4:252-674	252	674	423
Q8N2M8	460	Q8N2M8:R460	289.0	Domain-distal >40 aa	Q8N2M8:4:252-674	252	674	423
Q8N3F8	226	Q8N3F8:R226	1.0	Domain edge <=20 aa	Q8N3F8:3:226-670	226	670	445
Q8N3J3	285	Q8N3J3:R285	208.0	Domain-distal >40 aa	Q8N3J3:12:280-363	280	363	84
Q8N3J3	295	Q8N3J3:R295	198.0	Domain-distal >40 aa	Q8N3J3:12:280-363	280	363	84
Q8N3J3	329	Q8N3J3:R329	164.0	Domain-distal >40 aa	Q8N3J3:12:280-363	280	363	84
Q8N3J3	337	Q8N3J3:R337	156.0	Domain-distal >40 aa	Q8N3J3:12:280-363	280	363	84
Q8N3J3	392	Q8N3J3:R392	101.0	Domain-distal >40 aa	Q8N3J3:13:379-410	379	410	32
Q8N3U4	1066	Q8N3U4:R1066	323.0	Domain-distal >40 aa	Q8N3U4:7:1063-1090	1063	1090	28
Q8N3U4	1071	Q8N3U4:R1071	328.0	Domain-distal >40 aa	Q8N3U4:7:1063-1090	1063	1090	28
Q8N4C8	501	Q8N4C8:R501	212.0	Domain-distal >40 aa	Q8N4C8:6:393-944	393	944	552
Q8N4C8	509	Q8N4C8:R509	220.0	Domain-distal >40 aa	Q8N4C8:6:393-944	393	944	552
Q8N4C8	638	Q8N4C8:R638	349.0	Domain-distal >40 aa	Q8N4C8:6:393-944	393	944	552
Q8N5A5	401	Q8N5A5:R401	22.0	Domain edge 21-40 aa	Q8N5A5:7:385-413	385	413	29
Q8N5A5	404	Q8N5A5:R404	25.0	Domain edge 21-40 aa	Q8N5A5:7:385-413	385	413	29
Q8N5C8	189	Q8N5C8:R189	138.0	Domain-distal >40 aa	Q8N5C8:4:139-190	139	190	52
Q8N5C8	233	Q8N5C8:R233	182.0	Domain-distal >40 aa	Q8N5C8:7:223-348	223	348	126
Q8N5C8	264	Q8N5C8:R264	213.0	Domain-distal >40 aa	Q8N5C8:7:223-348	223	348	126
Q8N5J2	105	Q8N5J2:R105	8.0	Domain edge <=20 aa	Q8N5J2:1:1-109	1	109	109
Q8N5J2	107	Q8N5J2:R107	6.0	Domain edge <=20 aa	Q8N5J2:1:1-109	1	109	109
Q8N5J2	445	Q8N5J2:R445	81.0	Domain-distal >40 aa	Q8N5J2:5:440-469	440	469	30
Q8N5M4	4	Q8N5M4:R4	4.0	Domain edge <=20 aa	Q8N5M4:1:1-7	1	7	7
Q8N5S9	102	Q8N5S9:R102	26.0	Domain edge 21-40 aa	Q8N5S9:4:102-102	102	102	1
Q8N5S9	469	Q8N5S9:R469	60.0	Domain-distal >40 aa	Q8N5S9:6:460-505	460	505	46
Q8N5S9	472	Q8N5S9:R472	63.0	Domain-distal >40 aa	Q8N5S9:6:460-505	460	505	46
Q8N612	603	Q8N612:R603	135.0	Domain-distal >40 aa	Q8N612:9:571-647	571	647	77
Q8N612	908	Q8N612:R908	77.0	Domain-distal >40 aa	Q8N612:19:901-909	901	909	9
Q8N684	447	Q8N684:R447	11.0	Domain edge <=20 aa	Q8N684:13:437-471	437	471	35
Q8N6W0	129	Q8N6W0:R129	3.0	Domain edge <=20 aa	Q8N6W0:2:127-133	127	133	7
Q8N6W0	132	Q8N6W0:R132	2.0	Domain edge <=20 aa	Q8N6W0:2:127-133	127	133	7
Q8N7F7	157	Q8N7F7:R157	20.0	Domain edge <=20 aa	Q8N7F7:1:140-174	140	174	35
Q8N7X1	150	Q8N7X1:R150	64.0	Domain-distal >40 aa	Q8N7X1:3:144-209	144	209	66
Q8N7X1	822	Q8N7X1:R822	736.0	Domain-distal >40 aa	Q8N7X1:8:351-1067	351	1067	717
Q8N8A6	30	Q8N8A6:R30	187.0	Domain-distal >40 aa	Q8N8A6:2:9-154	9	154	146
Q8N8A6	32	Q8N8A6:R32	185.0	Domain-distal >40 aa	Q8N8A6:2:9-154	9	154	146
Q8N8J7	9	Q8N8J7:R9	64.0	Domain-distal >40 aa	Q8N8J7:1:1-70	1	70	70
Q8N8S7	527	Q8N8S7:R527	26.0	Domain edge 21-40 aa	Q8N8S7:10:401-552	401	552	152
Q8N954	60	Q8N954:R60	33.0	Domain edge 21-40 aa	Q8N954:2:58-86	58	86	29
Q8N983	4	Q8N983:R4	31.0	Domain edge 21-40 aa	Q8N983:1:1-7	1	7	7
Q8N9B5	65	Q8N9B5:R65	3.0	Domain edge <=20 aa	Q8N9B5:2:63-179	63	179	117
Q8N9B5	87	Q8N9B5:R87	25.0	Domain edge 21-40 aa	Q8N9B5:2:63-179	63	179	117
Q8N9B5	89	Q8N9B5:R89	27.0	Domain edge 21-40 aa	Q8N9B5:2:63-179	63	179	117
Q8N9B5	127	Q8N9B5:R127	65.0	Domain-distal >40 aa	Q8N9B5:2:63-179	63	179	117
Q8N9N5	324	Q8N9N5:R324	2.0	Domain edge <=20 aa	Q8N9N5:8:323-365	323	365	43
Q8NAF0	16	Q8NAF0:R16	28.0	Domain edge 21-40 aa	Q8NAF0:1:1-43	1	43	43
Q8NAF0	32	Q8NAF0:R32	12.0	Domain edge <=20 aa	Q8NAF0:1:1-43	1	43	43
Q8NAF0	34	Q8NAF0:R34	10.0	Domain edge <=20 aa	Q8NAF0:1:1-43	1	43	43
Q8NBF2	7	Q8NBF2:R7	36.0	Domain edge 21-40 aa	Q8NBF2:1:1-13	1	13	13
Q8NBF2	9	Q8NBF2:R9	34.0	Domain edge 21-40 aa	Q8NBF2:1:1-13	1	13	13
Q8NC51	155	Q8NC51:R155	4.0	Domain edge <=20 aa	Q8NC51:2:152-188	152	188	37
Q8NC51	160	Q8NC51:R160	9.0	Domain edge <=20 aa	Q8NC51:2:152-188	152	188	37
Q8NC51	163	Q8NC51:R163	12.0	Domain edge <=20 aa	Q8NC51:2:152-188	152	188	37
Q8NC51	165	Q8NC51:R165	14.0	Domain edge <=20 aa	Q8NC51:2:152-188	152	188	37
Q8NC51	170	Q8NC51:R170	19.0	Domain edge <=20 aa	Q8NC51:2:152-188	152	188	37
Q8NC51	172	Q8NC51:R172	17.0	Domain edge <=20 aa	Q8NC51:2:152-188	152	188	37
Q8NC51	175	Q8NC51:R175	14.0	Domain edge <=20 aa	Q8NC51:2:152-188	152	188	37
Q8NC51	177	Q8NC51:R177	12.0	Domain edge <=20 aa	Q8NC51:2:152-188	152	188	37
Q8NC51	181	Q8NC51:R181	8.0	Domain edge <=20 aa	Q8NC51:2:152-188	152	188	37
Q8NC51	188	Q8NC51:R188	1.0	Domain edge <=20 aa	Q8NC51:2:152-188	152	188	37
Q8NC51	364	Q8NC51:R364	50.0	Domain-distal >40 aa	Q8NC51:4:328-408	328	408	81
Q8NC51	367	Q8NC51:R367	53.0	Domain-distal >40 aa	Q8NC51:4:328-408	328	408	81
Q8NC51	370	Q8NC51:R370	56.0	Domain-distal >40 aa	Q8NC51:4:328-408	328	408	81
Q8NC51	373	Q8NC51:R373	59.0	Domain-distal >40 aa	Q8NC51:4:328-408	328	408	81
Q8NC51	376	Q8NC51:R376	62.0	Domain-distal >40 aa	Q8NC51:4:328-408	328	408	81
Q8NC56	130	Q8NC56:R130	88.0	Domain-distal >40 aa	Q8NC56:2:126-160	126	160	35
Q8NC56	160	Q8NC56:R160	104.0	Domain-distal >40 aa	Q8NC56:2:126-160	126	160	35
Q8NC74	365	Q8NC74:R365	242.0	Domain-distal >40 aa	Q8NC74:4:365-664	365	664	300
Q8NC96	180	Q8NC96:R180	17.0	Domain edge <=20 aa	Q8NC96:3:170-275	170	275	106
Q8NCN4	9	Q8NCN4:R9	59.0	Domain-distal >40 aa	Q8NCN4:1:1-67	1	67	67
Q8NCN4	21	Q8NCN4:R21	47.0	Domain-distal >40 aa	Q8NCN4:1:1-67	1	67	67
Q8ND56	258	Q8ND56:R258	26.0	Domain edge 21-40 aa	Q8ND56:3:141-283	141	283	143
Q8ND56	269	Q8ND56:R269	15.0	Domain edge <=20 aa	Q8ND56:3:141-283	141	283	143
Q8ND56	270	Q8ND56:R270	14.0	Domain edge <=20 aa	Q8ND56:3:141-283	141	283	143
Q8ND56	279	Q8ND56:R279	5.0	Domain edge <=20 aa	Q8ND56:3:141-283	141	283	143
Q8ND56	401	Q8ND56:R401	1.0	Domain edge <=20 aa	Q8ND56:4:401-448	401	448	48
Q8ND56	410	Q8ND56:R410	10.0	Domain edge <=20 aa	Q8ND56:4:401-448	401	448	48
Q8ND56	412	Q8ND56:R412	12.0	Domain edge <=20 aa	Q8ND56:4:401-448	401	448	48
Q8ND56	427	Q8ND56:R427	27.0	Domain edge 21-40 aa	Q8ND56:4:401-448	401	448	48
Q8ND56	442	Q8ND56:R442	42.0	Domain-distal >40 aa	Q8ND56:4:401-448	401	448	48
Q8ND56	445	Q8ND56:R445	45.0	Domain-distal >40 aa	Q8ND56:4:401-448	401	448	48
Q8ND56	456	Q8ND56:R456	56.0	Domain-distal >40 aa	Q8ND56:5:452-463	452	463	12
Q8NDT2	58	Q8NDT2:R58	79.0	Domain-distal >40 aa	Q8NDT2:1:1-133	1	133	133
Q8NDT2	95	Q8NDT2:R95	42.0	Domain-distal >40 aa	Q8NDT2:1:1-133	1	133	133
Q8NDT2	220	Q8NDT2:R220	2.0	Domain edge <=20 aa	Q8NDT2:2:219-256	219	256	38
Q8NDT2	227	Q8NDT2:R227	9.0	Domain edge <=20 aa	Q8NDT2:2:219-256	219	256	38
Q8NDX5	837	Q8NDX5:R837	27.0	Domain edge 21-40 aa	Q8NDX5:25:827-847	827	847	21
Q8NDX5	839	Q8NDX5:R839	29.0	Domain edge 21-40 aa	Q8NDX5:25:827-847	827	847	21
Q8NEL9	6	Q8NEL9:R6	605.0	Domain-distal >40 aa	Q8NEL9:1:1-28	1	28	28
Q8NEL9	10	Q8NEL9:R10	601.0	Domain-distal >40 aa	Q8NEL9:1:1-28	1	28	28
Q8NEY1	688	Q8NEY1:R688	728.0	Domain-distal >40 aa	Q8NEY1:11:624-844	624	844	221
Q8NEY1	692	Q8NEY1:R692	724.0	Domain-distal >40 aa	Q8NEY1:11:624-844	624	844	221
Q8NEY8	43	Q8NEY8:R43	234.0	Domain-distal >40 aa	Q8NEY8:1:1-55	1	55	55
Q8NEY8	78	Q8NEY8:R78	199.0	Domain-distal >40 aa	Q8NEY8:2:58-276	58	276	219
Q8NEZ4	886	Q8NEZ4:R886	66.0	Domain-distal >40 aa	Q8NEZ4:15:882-913	882	913	32
Q8NEZ4	2211	Q8NEZ4:R2211	498.0	Domain-distal >40 aa	Q8NEZ4:34:1714-2450	1714	2450	737
Q8NEZ4	2226	Q8NEZ4:R2226	513.0	Domain-distal >40 aa	Q8NEZ4:34:1714-2450	1714	2450	737
Q8NEZ4	2228	Q8NEZ4:R2228	515.0	Domain-distal >40 aa	Q8NEZ4:34:1714-2450	1714	2450	737
Q8NEZ4	2235	Q8NEZ4:R2235	522.0	Domain-distal >40 aa	Q8NEZ4:34:1714-2450	1714	2450	737
Q8NEZ4	2240	Q8NEZ4:R2240	527.0	Domain-distal >40 aa	Q8NEZ4:34:1714-2450	1714	2450	737
Q8NEZ4	2267	Q8NEZ4:R2267	554.0	Domain-distal >40 aa	Q8NEZ4:34:1714-2450	1714	2450	737
Q8NEZ4	2277	Q8NEZ4:R2277	564.0	Domain-distal >40 aa	Q8NEZ4:34:1714-2450	1714	2450	737
Q8NEZ4	2289	Q8NEZ4:R2289	576.0	Domain-distal >40 aa	Q8NEZ4:34:1714-2450	1714	2450	737
Q8NEZ4	2444	Q8NEZ4:R2444	731.0	Domain-distal >40 aa	Q8NEZ4:34:1714-2450	1714	2450	737
Q8NEZ4	2454	Q8NEZ4:R2454	741.0	Domain-distal >40 aa	Q8NEZ4:35:2452-2472	2452	2472	21
Q8NEZ4	2569	Q8NEZ4:R2569	856.0	Domain-distal >40 aa	Q8NEZ4:40:2569-2646	2569	2646	78
Q8NEZ4	2571	Q8NEZ4:R2571	858.0	Domain-distal >40 aa	Q8NEZ4:40:2569-2646	2569	2646	78
Q8NEZ4	2596	Q8NEZ4:R2596	883.0	Domain-distal >40 aa	Q8NEZ4:40:2569-2646	2569	2646	78
Q8NEZ4	2603	Q8NEZ4:R2603	890.0	Domain-distal >40 aa	Q8NEZ4:40:2569-2646	2569	2646	78
Q8NEZ4	2609	Q8NEZ4:R2609	896.0	Domain-distal >40 aa	Q8NEZ4:40:2569-2646	2569	2646	78
Q8NEZ4	4145	Q8NEZ4:R4145	254.0	Domain-distal >40 aa	Q8NEZ4:82:4145-4152	4145	4152	8
Q8NF64	245	Q8NF64:R245	177.0	Domain-distal >40 aa	Q8NF64:13:239-417	239	417	179
Q8NF64	262	Q8NF64:R262	160.0	Domain-distal >40 aa	Q8NF64:13:239-417	239	417	179
Q8NF64	309	Q8NF64:R309	113.0	Domain-distal >40 aa	Q8NF64:13:239-417	239	417	179
Q8NFC6	1075	Q8NFC6:R1075	923.0	Domain-distal >40 aa	Q8NFC6:4:479-1203	479	1203	725
Q8NFC6	1185	Q8NFC6:R1185	1033.0	Domain-distal >40 aa	Q8NFC6:4:479-1203	479	1203	725
Q8NFD5	487	Q8NFD5:R487	649.0	Domain-distal >40 aa	Q8NFD5:6:484-553	484	553	70
Q8NFD5	595	Q8NFD5:R595	541.0	Domain-distal >40 aa	Q8NFD5:8:566-1014	566	1014	449
Q8NFD5	608	Q8NFD5:R608	528.0	Domain-distal >40 aa	Q8NFD5:8:566-1014	566	1014	449
Q8NFD5	640	Q8NFD5:R640	496.0	Domain-distal >40 aa	Q8NFD5:8:566-1014	566	1014	449
Q8NFD5	648	Q8NFD5:R648	488.0	Domain-distal >40 aa	Q8NFD5:8:566-1014	566	1014	449
Q8NFD5	1342	Q8NFD5:R1342	113.0	Domain-distal >40 aa	Q8NFD5:11:1230-1648	1230	1648	419
Q8NFD5	1444	Q8NFD5:R1444	215.0	Domain-distal >40 aa	Q8NFD5:11:1230-1648	1230	1648	419
Q8NFD5	1636	Q8NFD5:R1636	374.0	Domain-distal >40 aa	Q8NFD5:11:1230-1648	1230	1648	419
Q8NFD5	1673	Q8NFD5:R1673	337.0	Domain-distal >40 aa	Q8NFD5:12:1656-1690	1656	1690	35
Q8NFW1	685	Q8NFW1:R685	110.0	Domain-distal >40 aa	Q8NFW1:6:499-794	499	794	296
Q8NFW1	1039	Q8NFW1:R1039	6.0	Domain edge <=20 aa	Q8NFW1:9:1015-1044	1015	1044	30
Q8NHH9	9	Q8NHH9:R9	61.0	Domain-distal >40 aa	Q8NHH9:1:1-47	1	47	47
Q8NHY3	460	Q8NHY3:R460	184.0	Domain-distal >40 aa	Q8NHY3:4:448-463	448	463	16
Q8TAQ2	288	Q8TAQ2:R288	14.0	Domain edge <=20 aa	Q8TAQ2:1:275-419	275	419	145
Q8TAQ2	289	Q8TAQ2:R289	15.0	Domain edge <=20 aa	Q8TAQ2:1:275-419	275	419	145
Q8TAQ2	750	Q8TAQ2:R750	1.0	Domain edge <=20 aa	Q8TAQ2:7:750-856	750	856	107
Q8TAU3	7	Q8TAU3:R7	8.0	Domain edge <=20 aa	Q8TAU3:1:1-12	1	12	12
Q8TB24	3	Q8TB24:R3	49.0	Domain-distal >40 aa	Q8TB24:1:1-26	1	26	26
Q8TB24	10	Q8TB24:R10	42.0	Domain-distal >40 aa	Q8TB24:1:1-26	1	26	26
Q8TBC3	658	Q8TBC3:R658	81.0	Domain-distal >40 aa	Q8TBC3:9:628-707	628	707	80
Q8TBC3	679	Q8TBC3:R679	102.0	Domain-distal >40 aa	Q8TBC3:9:628-707	628	707	80
Q8TBC5	409	Q8TBC5:R409	4.0	Domain edge <=20 aa	Q8TBC5:5:254-412	254	412	159
Q8TC59	146	Q8TC59:R146	191.0	Domain-distal >40 aa	Q8TC59:9:146-153	146	153	8
Q8TCI5	94	Q8TCI5:R94	16.0	Domain edge <=20 aa	Q8TCI5:3:93-104	93	104	12
Q8TCU4	2614	Q8TCU4:R2614	416.0	Domain-distal >40 aa	Q8TCU4:35:2599-2623	2599	2623	25
Q8TCU4	2616	Q8TCU4:R2616	418.0	Domain-distal >40 aa	Q8TCU4:35:2599-2623	2599	2623	25
Q8TCX5	632	Q8TCX5:R632	41.0	Domain-distal >40 aa	Q8TCX5:7:616-637	616	637	22
Q8TCX5	639	Q8TCX5:R639	48.0	Domain-distal >40 aa	Q8TCX5:8:639-670	639	670	32
Q8TD08	449	Q8TD08:R449	145.0	Domain-distal >40 aa	Q8TD08:5:447-453	447	453	7
Q8TD55	400	Q8TD55:R400	279.0	Domain-distal >40 aa	Q8TD55:4:173-406	173	406	234
Q8TD57	167	Q8TD57:R167	692.0	Domain-distal >40 aa	Q8TD57:3:134-172	134	172	39
Q8TDC3	431	Q8TDC3:R431	64.0	Domain-distal >40 aa	Q8TDC3:5:368-551	368	551	184
Q8TDC3	466	Q8TDC3:R466	99.0	Domain-distal >40 aa	Q8TDC3:5:368-551	368	551	184
Q8TDC3	481	Q8TDC3:R481	114.0	Domain-distal >40 aa	Q8TDC3:5:368-551	368	551	184
Q8TDC3	484	Q8TDC3:R484	113.0	Domain-distal >40 aa	Q8TDC3:5:368-551	368	551	184
Q8TDC3	498	Q8TDC3:R498	99.0	Domain-distal >40 aa	Q8TDC3:5:368-551	368	551	184
Q8TDC3	510	Q8TDC3:R510	87.0	Domain-distal >40 aa	Q8TDC3:5:368-551	368	551	184
Q8TDC3	525	Q8TDC3:R525	72.0	Domain-distal >40 aa	Q8TDC3:5:368-551	368	551	184
Q8TDD1	664	Q8TDD1:R664	50.0	Domain-distal >40 aa	Q8TDD1:5:596-702	596	702	107
Q8TDD1	802	Q8TDD1:R802	28.0	Domain edge 21-40 aa	Q8TDD1:6:775-881	775	881	107
Q8TDD1	820	Q8TDD1:R820	46.0	Domain-distal >40 aa	Q8TDD1:6:775-881	775	881	107
Q8TDD1	844	Q8TDD1:R844	70.0	Domain-distal >40 aa	Q8TDD1:6:775-881	775	881	107
Q8TDD1	868	Q8TDD1:R868	94.0	Domain-distal >40 aa	Q8TDD1:6:775-881	775	881	107
Q8TDN6	9	Q8TDN6:R9	51.0	Domain-distal >40 aa	Q8TDN6:1:1-46	1	46	46
Q8TE49	733	Q8TE49:R733	151.0	Domain-distal >40 aa	Q8TE49:7:665-772	665	772	108
Q8TE49	736	Q8TE49:R736	148.0	Domain-distal >40 aa	Q8TE49:7:665-772	665	772	108
Q8TE49	880	Q8TE49:R880	4.0	Domain edge <=20 aa	Q8TE49:11:870-883	870	883	14
Q8TEB9	285	Q8TEB9:R285	79.0	Domain-distal >40 aa	Q8TEB9:5:279-315	279	315	37
Q8TEB9	289	Q8TEB9:R289	83.0	Domain-distal >40 aa	Q8TEB9:5:279-315	279	315	37
Q8TEC5	84	Q8TEC5:R84	29.0	Domain edge 21-40 aa	Q8TEC5:2:78-105	78	105	28
Q8TER5	388	Q8TER5:R388	206.0	Domain-distal >40 aa	Q8TER5:2:194-507	194	507	314
Q8TER5	963	Q8TER5:R963	10.0	Domain edge <=20 aa	Q8TER5:7:954-1032	954	1032	79
Q8TER5	966	Q8TER5:R966	13.0	Domain edge <=20 aa	Q8TER5:7:954-1032	954	1032	79
Q8TER5	983	Q8TER5:R983	30.0	Domain edge 21-40 aa	Q8TER5:7:954-1032	954	1032	79
Q8TER5	1062	Q8TER5:R1062	23.0	Domain edge 21-40 aa	Q8TER5:9:1060-1079	1060	1079	20
Q8TER5	1064	Q8TER5:R1064	21.0	Domain edge 21-40 aa	Q8TER5:9:1060-1079	1060	1079	20
Q8TER5	1076	Q8TER5:R1076	9.0	Domain edge <=20 aa	Q8TER5:9:1060-1079	1060	1079	20
Q8TES7	247	Q8TES7:R247	353.0	Domain-distal >40 aa	Q8TES7:6:210-546	210	546	337
Q8TEW8	1087	Q8TEW8:R1087	495.0	Domain-distal >40 aa	Q8TEW8:23:1083-1100	1083	1100	18
Q8TEW8	1181	Q8TEW8:R1181	589.0	Domain-distal >40 aa	Q8TEW8:24:1104-1205	1104	1205	102
Q8TEW8	1191	Q8TEW8:R1191	599.0	Domain-distal >40 aa	Q8TEW8:24:1104-1205	1104	1205	102
Q8TF44	22	Q8TF44:R22	283.0	Domain-distal >40 aa	Q8TF44:2:13-40	13	40	28
Q8TF61	360	Q8TF61:R360	197.0	Domain-distal >40 aa	Q8TF61:8:345-545	345	545	201
Q8TF61	372	Q8TF61:R372	185.0	Domain-distal >40 aa	Q8TF61:8:345-545	345	545	201
Q8TF61	530	Q8TF61:R530	27.0	Domain edge 21-40 aa	Q8TF61:8:345-545	345	545	201
Q8TF72	292	Q8TF72:R292	182.0	Domain-distal >40 aa	Q8TF72:7:271-294	271	294	24
Q8TF74	119	Q8TF74:R119	58.0	Domain-distal >40 aa	Q8TF74:2:62-391	62	391	330
Q8TF74	292	Q8TF74:R292	231.0	Domain-distal >40 aa	Q8TF74:2:62-391	62	391	330
Q8TF74	310	Q8TF74:R310	249.0	Domain-distal >40 aa	Q8TF74:2:62-391	62	391	330
Q8TF74	321	Q8TF74:R321	260.0	Domain-distal >40 aa	Q8TF74:2:62-391	62	391	330
Q8TF74	356	Q8TF74:R356	295.0	Domain-distal >40 aa	Q8TF74:2:62-391	62	391	330
Q8TF74	430	Q8TF74:R430	369.0	Domain-distal >40 aa	Q8TF74:5:419-440	419	440	22
Q8WUA2	435	Q8WUA2:R435	117.0	Domain-distal >40 aa	Q8WUA2:13:422-492	422	492	71
Q8WUA2	437	Q8WUA2:R437	119.0	Domain-distal >40 aa	Q8WUA2:13:422-492	422	492	71
Q8WUA2	441	Q8WUA2:R441	123.0	Domain-distal >40 aa	Q8WUA2:13:422-492	422	492	71
Q8WUA2	443	Q8WUA2:R443	125.0	Domain-distal >40 aa	Q8WUA2:13:422-492	422	492	71
Q8WUF5	66	Q8WUF5:R66	565.0	Domain-distal >40 aa	Q8WUF5:2:41-274	41	274	234
Q8WUF5	69	Q8WUF5:R69	562.0	Domain-distal >40 aa	Q8WUF5:2:41-274	41	274	234
Q8WUF5	82	Q8WUF5:R82	549.0	Domain-distal >40 aa	Q8WUF5:2:41-274	41	274	234
Q8WUF5	86	Q8WUF5:R86	545.0	Domain-distal >40 aa	Q8WUF5:2:41-274	41	274	234
Q8WUF5	117	Q8WUF5:R117	514.0	Domain-distal >40 aa	Q8WUF5:2:41-274	41	274	234
Q8WUF5	122	Q8WUF5:R122	509.0	Domain-distal >40 aa	Q8WUF5:2:41-274	41	274	234
Q8WUF5	137	Q8WUF5:R137	494.0	Domain-distal >40 aa	Q8WUF5:2:41-274	41	274	234
Q8WUF5	142	Q8WUF5:R142	489.0	Domain-distal >40 aa	Q8WUF5:2:41-274	41	274	234
Q8WUF5	144	Q8WUF5:R144	487.0	Domain-distal >40 aa	Q8WUF5:2:41-274	41	274	234
Q8WUF5	155	Q8WUF5:R155	476.0	Domain-distal >40 aa	Q8WUF5:2:41-274	41	274	234
Q8WUF5	160	Q8WUF5:R160	471.0	Domain-distal >40 aa	Q8WUF5:2:41-274	41	274	234
Q8WUF5	167	Q8WUF5:R167	464.0	Domain-distal >40 aa	Q8WUF5:2:41-274	41	274	234
Q8WUF5	180	Q8WUF5:R180	451.0	Domain-distal >40 aa	Q8WUF5:2:41-274	41	274	234
Q8WUF5	185	Q8WUF5:R185	446.0	Domain-distal >40 aa	Q8WUF5:2:41-274	41	274	234
Q8WUF5	200	Q8WUF5:R200	431.0	Domain-distal >40 aa	Q8WUF5:2:41-274	41	274	234
Q8WUF5	205	Q8WUF5:R205	426.0	Domain-distal >40 aa	Q8WUF5:2:41-274	41	274	234
Q8WUF5	235	Q8WUF5:R235	396.0	Domain-distal >40 aa	Q8WUF5:2:41-274	41	274	234
Q8WUF5	243	Q8WUF5:R243	388.0	Domain-distal >40 aa	Q8WUF5:2:41-274	41	274	234
Q8WUF5	322	Q8WUF5:R322	309.0	Domain-distal >40 aa	Q8WUF5:3:278-372	278	372	95
Q8WUF5	344	Q8WUF5:R344	287.0	Domain-distal >40 aa	Q8WUF5:3:278-372	278	372	95
Q8WUF5	362	Q8WUF5:R362	269.0	Domain-distal >40 aa	Q8WUF5:3:278-372	278	372	95
Q8WUF5	366	Q8WUF5:R366	265.0	Domain-distal >40 aa	Q8WUF5:3:278-372	278	372	95
Q8WUF5	400	Q8WUF5:R400	231.0	Domain-distal >40 aa	Q8WUF5:5:391-510	391	510	120
Q8WUI4	277	Q8WUI4:R277	264.0	Domain-distal >40 aa	Q8WUI4:7:260-297	260	297	38
Q8WUM0	9	Q8WUM0:R9	730.0	Domain-distal >40 aa	Q8WUM0:1:1-69	1	69	69
Q8WUM0	17	Q8WUM0:R17	722.0	Domain-distal >40 aa	Q8WUM0:1:1-69	1	69	69
Q8WUM0	30	Q8WUM0:R30	709.0	Domain-distal >40 aa	Q8WUM0:1:1-69	1	69	69
Q8WUM0	54	Q8WUM0:R54	685.0	Domain-distal >40 aa	Q8WUM0:1:1-69	1	69	69
Q8WUM0	61	Q8WUM0:R61	678.0	Domain-distal >40 aa	Q8WUM0:1:1-69	1	69	69
Q8WUM4	745	Q8WUM4:R745	44.0	Domain-distal >40 aa	Q8WUM4:2:708-868	708	868	161
Q8WUM4	757	Q8WUM4:R757	56.0	Domain-distal >40 aa	Q8WUM4:2:708-868	708	868	161
Q8WUM4	767	Q8WUM4:R767	66.0	Domain-distal >40 aa	Q8WUM4:2:708-868	708	868	161
Q8WUT4	448	Q8WUT4:R448	131.0	Domain-distal >40 aa	Q8WUT4:9:388-471	388	471	84
Q8WUX9	405	Q8WUX9:R405	181.0	Domain-distal >40 aa	Q8WUX9:2:391-420	391	420	30
Q8WVV9	16	Q8WVV9:R16	57.0	Domain-distal >40 aa	Q8WVV9:1:1-72	1	72	72
Q8WWI1	915	Q8WWI1:R915	127.0	Domain-distal >40 aa	Q8WWI1:17:911-927	911	927	17
Q8WWI1	922	Q8WWI1:R922	120.0	Domain-distal >40 aa	Q8WWI1:17:911-927	911	927	17
Q8WWI1	1488	Q8WWI1:R1488	124.0	Domain-distal >40 aa	Q8WWI1:32:1279-1531	1279	1531	253
Q8WWI1	1590	Q8WWI1:R1590	22.0	Domain edge 21-40 aa	Q8WWI1:33:1533-1609	1533	1609	77
Q8WWM7	71	Q8WWM7:R71	49.0	Domain-distal >40 aa	Q8WWM7:1:1-115	1	115	115
Q8WWM7	90	Q8WWM7:R90	30.0	Domain edge 21-40 aa	Q8WWM7:1:1-115	1	115	115
Q8WWM7	355	Q8WWM7:R355	22.0	Domain edge 21-40 aa	Q8WWM7:6:334-701	334	701	368
Q8WWM7	357	Q8WWM7:R357	24.0	Domain edge 21-40 aa	Q8WWM7:6:334-701	334	701	368
Q8WWM7	361	Q8WWM7:R361	28.0	Domain edge 21-40 aa	Q8WWM7:6:334-701	334	701	368
Q8WWM7	365	Q8WWM7:R365	32.0	Domain edge 21-40 aa	Q8WWM7:6:334-701	334	701	368
Q8WWM7	370	Q8WWM7:R370	37.0	Domain edge 21-40 aa	Q8WWM7:6:334-701	334	701	368
Q8WWM7	373	Q8WWM7:R373	40.0	Domain edge 21-40 aa	Q8WWM7:6:334-701	334	701	368
Q8WWM7	382	Q8WWM7:R382	49.0	Domain-distal >40 aa	Q8WWM7:6:334-701	334	701	368
Q8WWM7	399	Q8WWM7:R399	66.0	Domain-distal >40 aa	Q8WWM7:6:334-701	334	701	368
Q8WWM7	414	Q8WWM7:R414	81.0	Domain-distal >40 aa	Q8WWM7:6:334-701	334	701	368
Q8WWM7	417	Q8WWM7:R417	84.0	Domain-distal >40 aa	Q8WWM7:6:334-701	334	701	368
Q8WWM7	428	Q8WWM7:R428	95.0	Domain-distal >40 aa	Q8WWM7:6:334-701	334	701	368
Q8WWM7	539	Q8WWM7:R539	206.0	Domain-distal >40 aa	Q8WWM7:6:334-701	334	701	368
Q8WWM7	546	Q8WWM7:R546	213.0	Domain-distal >40 aa	Q8WWM7:6:334-701	334	701	368
Q8WWM7	688	Q8WWM7:R688	355.0	Domain-distal >40 aa	Q8WWM7:6:334-701	334	701	368
Q8WWQ0	657	Q8WWQ0:R657	115.0	Domain-distal >40 aa	Q8WWQ0:7:652-693	652	693	42
Q8WWQ0	672	Q8WWQ0:R672	130.0	Domain-distal >40 aa	Q8WWQ0:7:652-693	652	693	42
Q8WX93	770	Q8WX93:R770	231.0	Domain-distal >40 aa	Q8WX93:12:607-846	607	846	240
Q8WX93	1098	Q8WX93:R1098	5.0	Domain edge <=20 aa	Q8WX93:21:1094-1134	1094	1134	41
Q8WX93	1100	Q8WX93:R1100	7.0	Domain edge <=20 aa	Q8WX93:21:1094-1134	1094	1134	41
Q8WXA9	387	Q8WXA9:R387	240.0	Domain-distal >40 aa	Q8WXA9:8:173-508	173	508	336
Q8WXA9	394	Q8WXA9:R394	247.0	Domain-distal >40 aa	Q8WXA9:8:173-508	173	508	336
Q8WXE0	355	Q8WXE0:R355	8.0	Domain edge <=20 aa	Q8WXE0:2:354-397	354	397	44
Q8WXE0	364	Q8WXE0:R364	17.0	Domain edge <=20 aa	Q8WXE0:2:354-397	354	397	44
Q8WXE0	851	Q8WXE0:R851	227.0	Domain-distal >40 aa	Q8WXE0:5:647-1104	647	1104	458
Q8WXE0	855	Q8WXE0:R855	231.0	Domain-distal >40 aa	Q8WXE0:5:647-1104	647	1104	458
Q8WXE0	862	Q8WXE0:R862	238.0	Domain-distal >40 aa	Q8WXE0:5:647-1104	647	1104	458
Q8WXE0	1126	Q8WXE0:R1126	19.0	Domain edge <=20 aa	Q8WXE0:6:1115-1144	1115	1144	30
Q8WXF1	4	Q8WXF1:R4	77.0	Domain-distal >40 aa	Q8WXF1:1:1-7	1	7	7
Q8WXF1	373	Q8WXF1:R373	93.0	Domain-distal >40 aa	Q8WXF1:8:370-384	370	384	15
Q8WXF1	399	Q8WXF1:R399	119.0	Domain-distal >40 aa	Q8WXF1:9:394-523	394	523	130
Q8WXF1	507	Q8WXF1:R507	227.0	Domain-distal >40 aa	Q8WXF1:9:394-523	394	523	130
Q8WXF1	520	Q8WXF1:R520	240.0	Domain-distal >40 aa	Q8WXF1:9:394-523	394	523	130
Q8WXH2	548	Q8WXH2:R548	216.0	Domain-distal >40 aa	Q8WXH2:11:526-599	526	599	74
Q8WXI9	277	Q8WXI9:R277	77.0	Domain-distal >40 aa	Q8WXI9:4:269-309	269	309	41
Q8WXI9	286	Q8WXI9:R286	86.0	Domain-distal >40 aa	Q8WXI9:4:269-309	269	309	41
Q8WXI9	331	Q8WXI9:R331	83.0	Domain-distal >40 aa	Q8WXI9:5:328-346	328	346	19
Q8WXI9	509	Q8WXI9:R509	55.0	Domain-distal >40 aa	Q8WXI9:7:506-521	506	521	16
Q8WXI9	520	Q8WXI9:R520	66.0	Domain-distal >40 aa	Q8WXI9:7:506-521	506	521	16
Q8WYA6	13	Q8WYA6:R13	39.0	Domain edge 21-40 aa	Q8WYA6:1:1-50	1	50	50
Q8WYB5	374	Q8WYB5:R374	54.0	Domain-distal >40 aa	Q8WYB5:9:360-411	360	411	52
Q8WYB5	1265	Q8WYB5:R1265	276.0	Domain-distal >40 aa	Q8WYB5:17:1179-1619	1179	1619	441
Q8WYB5	2072	Q8WYB5:R2072	1083.0	Domain-distal >40 aa	Q8WYB5:34:2058-2073	2058	2073	16
Q8WYH8	126	Q8WYH8:R126	19.0	Domain edge <=20 aa	Q8WYH8:3:115-165	115	165	51
Q8WZ19	294	Q8WZ19:R294	153.0	Domain-distal >40 aa	Q8WZ19:2:279-303	279	303	25
Q8WZ42	11807	Q8WZ42:R11807	83.0	Domain-distal >40 aa	Q8WZ42:131:11725-11972	11725	11972	248
Q92481	126	Q92481:R126	104.0	Domain-distal >40 aa	Q92481:2:29-140	29	140	112
Q92522	128	Q92522:R128	8.0	Domain edge <=20 aa	Q92522:4:121-213	121	213	93
Q92540	892	Q92540:R892	462.0	Domain-distal >40 aa	Q92540:15:888-912	888	912	25
Q92540	902	Q92540:R902	472.0	Domain-distal >40 aa	Q92540:15:888-912	888	912	25
Q92540	910	Q92540:R910	480.0	Domain-distal >40 aa	Q92540:15:888-912	888	912	25
Q92540	943	Q92540:R943	513.0	Domain-distal >40 aa	Q92540:17:941-943	941	943	3
Q92547	1096	Q92547:R1096	105.0	Domain-distal >40 aa	Q92547:16:1082-1118	1082	1118	37
Q92558	307	Q92558:R307	188.0	Domain-distal >40 aa	Q92558:8:273-401	273	401	129
Q92558	315	Q92558:R315	180.0	Domain-distal >40 aa	Q92558:8:273-401	273	401	129
Q92575	240	Q92575:R240	71.0	Domain-distal >40 aa	Q92575:4:240-241	240	241	2
Q92576	471	Q92576:R471	246.0	Domain-distal >40 aa	Q92576:21:460-503	460	503	44
Q92576	1785	Q92576:R1785	436.0	Domain-distal >40 aa	Q92576:52:1766-1830	1766	1830	65
Q92576	1790	Q92576:R1790	441.0	Domain-distal >40 aa	Q92576:52:1766-1830	1766	1830	65
Q92576	1799	Q92576:R1799	450.0	Domain-distal >40 aa	Q92576:52:1766-1830	1766	1830	65
Q92576	1867	Q92576:R1867	518.0	Domain-distal >40 aa	Q92576:55:1862-1877	1862	1877	16
Q92576	1877	Q92576:R1877	528.0	Domain-distal >40 aa	Q92576:55:1862-1877	1862	1877	16
Q92576	1911	Q92576:R1911	562.0	Domain-distal >40 aa	Q92576:57:1883-2039	1883	2039	157
Q92576	1915	Q92576:R1915	566.0	Domain-distal >40 aa	Q92576:57:1883-2039	1883	2039	157
Q92576	1920	Q92576:R1920	571.0	Domain-distal >40 aa	Q92576:57:1883-2039	1883	2039	157
Q92576	1922	Q92576:R1922	573.0	Domain-distal >40 aa	Q92576:57:1883-2039	1883	2039	157
Q92585	75	Q92585:R75	2.0	Domain edge <=20 aa	Q92585:2:74-186	74	186	113
Q92599	17	Q92599:R17	24.0	Domain edge 21-40 aa	Q92599:1:1-22	1	22	22
Q92613	613	Q92613:R613	247.0	Domain-distal >40 aa	Q92613:6:604-631	604	631	28
Q92615	404	Q92615:R404	63.0	Domain-distal >40 aa	Q92615:5:398-433	398	433	36
Q92615	419	Q92615:R419	78.0	Domain-distal >40 aa	Q92615:5:398-433	398	433	36
Q92615	427	Q92615:R427	86.0	Domain-distal >40 aa	Q92615:5:398-433	398	433	36
Q92615	444	Q92615:R444	103.0	Domain-distal >40 aa	Q92615:6:444-445	444	445	2
Q92615	463	Q92615:R463	122.0	Domain-distal >40 aa	Q92615:7:448-543	448	543	96
Q92615	493	Q92615:R493	152.0	Domain-distal >40 aa	Q92615:7:448-543	448	543	96
Q92615	495	Q92615:R495	154.0	Domain-distal >40 aa	Q92615:7:448-543	448	543	96
Q92615	623	Q92615:R623	282.0	Domain-distal >40 aa	Q92615:9:589-738	589	738	150
Q92618	658	Q92618:R658	102.0	Domain-distal >40 aa	Q92618:10:543-751	543	751	209
Q92620	133	Q92620:R133	397.0	Domain-distal >40 aa	Q92620:3:55-323	55	323	269
Q92620	281	Q92620:R281	249.0	Domain-distal >40 aa	Q92620:3:55-323	55	323	269
Q92620	282	Q92620:R282	248.0	Domain-distal >40 aa	Q92620:3:55-323	55	323	269
Q92620	289	Q92620:R289	241.0	Domain-distal >40 aa	Q92620:3:55-323	55	323	269
Q92630	18	Q92630:R18	204.0	Domain-distal >40 aa	Q92630:1:1-54	1	54	54
Q92734	144	Q92734:R144	53.0	Domain-distal >40 aa	Q92734:2:120-175	120	175	56
Q92734	383	Q92734:R383	292.0	Domain-distal >40 aa	Q92734:3:179-400	179	400	222
Q92734	385	Q92734:R385	294.0	Domain-distal >40 aa	Q92734:3:179-400	179	400	222
Q92734	400	Q92734:R400	309.0	Domain-distal >40 aa	Q92734:3:179-400	179	400	222
Q92750	87	Q92750:R87	169.0	Domain-distal >40 aa	Q92750:6:76-88	76	88	13
Q92785	92	Q92785:R92	8.0	Domain edge <=20 aa	Q92785:2:85-114	85	114	30
Q92793	218	Q92793:R218	129.0	Domain-distal >40 aa	Q92793:6:209-230	209	230	22
Q92793	220	Q92793:R220	127.0	Domain-distal >40 aa	Q92793:6:209-230	209	230	22
Q92793	519	Q92793:R519	68.0	Domain-distal >40 aa	Q92793:20:518-586	518	586	69
Q92793	742	Q92793:R742	75.0	Domain-distal >40 aa	Q92793:23:726-780	726	780	55
Q92793	768	Q92793:R768	101.0	Domain-distal >40 aa	Q92793:23:726-780	726	780	55
Q92793	2353	Q92793:R2353	240.0	Domain-distal >40 aa	Q92793:28:2146-2437	2146	2437	292
Q92793	2366	Q92793:R2366	253.0	Domain-distal >40 aa	Q92793:28:2146-2437	2146	2437	292
Q92794	2003	Q92794:R2003	1225.0	Domain-distal >40 aa	Q92794:17:1987-2004	1987	2004	18
Q92804	164	Q92804:R164	70.0	Domain-distal >40 aa	Q92804:1:1-233	1	233	233
Q92804	175	Q92804:R175	59.0	Domain-distal >40 aa	Q92804:1:1-233	1	233	233
Q92804	185	Q92804:R185	49.0	Domain-distal >40 aa	Q92804:1:1-233	1	233	233
Q92804	187	Q92804:R187	47.0	Domain-distal >40 aa	Q92804:1:1-233	1	233	233
Q92804	195	Q92804:R195	39.0	Domain edge 21-40 aa	Q92804:1:1-233	1	233	233
Q92804	206	Q92804:R206	28.0	Domain edge 21-40 aa	Q92804:1:1-233	1	233	233
Q92804	216	Q92804:R216	18.0	Domain edge <=20 aa	Q92804:1:1-233	1	233	233
Q92804	326	Q92804:R326	6.0	Domain edge <=20 aa	Q92804:2:322-353	322	353	32
Q92804	334	Q92804:R334	14.0	Domain edge <=20 aa	Q92804:2:322-353	322	353	32
Q92804	337	Q92804:R337	17.0	Domain edge <=20 aa	Q92804:2:322-353	322	353	32
Q92804	343	Q92804:R343	11.0	Domain edge <=20 aa	Q92804:2:322-353	322	353	32
Q92804	349	Q92804:R349	5.0	Domain edge <=20 aa	Q92804:2:322-353	322	353	32
Q92804	388	Q92804:R388	3.0	Domain edge <=20 aa	Q92804:3:386-592	386	592	207
Q92804	395	Q92804:R395	10.0	Domain edge <=20 aa	Q92804:3:386-592	386	592	207
Q92804	397	Q92804:R397	12.0	Domain edge <=20 aa	Q92804:3:386-592	386	592	207
Q92804	403	Q92804:R403	18.0	Domain edge <=20 aa	Q92804:3:386-592	386	592	207
Q92804	406	Q92804:R406	21.0	Domain edge 21-40 aa	Q92804:3:386-592	386	592	207
Q92804	415	Q92804:R415	30.0	Domain edge 21-40 aa	Q92804:3:386-592	386	592	207
Q92804	431	Q92804:R431	46.0	Domain-distal >40 aa	Q92804:3:386-592	386	592	207
Q92804	441	Q92804:R441	56.0	Domain-distal >40 aa	Q92804:3:386-592	386	592	207
Q92804	450	Q92804:R450	65.0	Domain-distal >40 aa	Q92804:3:386-592	386	592	207
Q92804	459	Q92804:R459	74.0	Domain-distal >40 aa	Q92804:3:386-592	386	592	207
Q92804	467	Q92804:R467	82.0	Domain-distal >40 aa	Q92804:3:386-592	386	592	207
Q92804	475	Q92804:R475	90.0	Domain-distal >40 aa	Q92804:3:386-592	386	592	207
Q92804	483	Q92804:R483	98.0	Domain-distal >40 aa	Q92804:3:386-592	386	592	207
Q92804	490	Q92804:R490	105.0	Domain-distal >40 aa	Q92804:3:386-592	386	592	207
Q92804	498	Q92804:R498	113.0	Domain-distal >40 aa	Q92804:3:386-592	386	592	207
Q92804	505	Q92804:R505	120.0	Domain-distal >40 aa	Q92804:3:386-592	386	592	207
Q92804	512	Q92804:R512	127.0	Domain-distal >40 aa	Q92804:3:386-592	386	592	207
Q92804	519	Q92804:R519	134.0	Domain-distal >40 aa	Q92804:3:386-592	386	592	207
Q92804	528	Q92804:R528	143.0	Domain-distal >40 aa	Q92804:3:386-592	386	592	207
Q92804	535	Q92804:R535	150.0	Domain-distal >40 aa	Q92804:3:386-592	386	592	207
Q92804	545	Q92804:R545	160.0	Domain-distal >40 aa	Q92804:3:386-592	386	592	207
Q92804	553	Q92804:R553	168.0	Domain-distal >40 aa	Q92804:3:386-592	386	592	207
Q92804	562	Q92804:R562	177.0	Domain-distal >40 aa	Q92804:3:386-592	386	592	207
Q92804	570	Q92804:R570	185.0	Domain-distal >40 aa	Q92804:3:386-592	386	592	207
Q92804	580	Q92804:R580	195.0	Domain-distal >40 aa	Q92804:3:386-592	386	592	207
Q92835	1140	Q92835:R1140	290.0	Domain-distal >40 aa	Q92835:13:868-1189	868	1189	322
Q92841	68	Q92841:R68	41.0	Domain-distal >40 aa	Q92841:3:20-75	20	75	56
Q92841	81	Q92841:R81	28.0	Domain edge 21-40 aa	Q92841:4:78-108	78	108	31
Q92841	88	Q92841:R88	21.0	Domain edge 21-40 aa	Q92841:4:78-108	78	108	31
Q92841	90	Q92841:R90	19.0	Domain edge <=20 aa	Q92841:4:78-108	78	108	31
Q92841	92	Q92841:R92	17.0	Domain edge <=20 aa	Q92841:4:78-108	78	108	31
Q92841	94	Q92841:R94	15.0	Domain edge <=20 aa	Q92841:4:78-108	78	108	31
Q92841	100	Q92841:R100	9.0	Domain edge <=20 aa	Q92841:4:78-108	78	108	31
Q92841	555	Q92841:R555	3.0	Domain edge <=20 aa	Q92841:5:553-630	553	630	78
Q92841	564	Q92841:R564	12.0	Domain edge <=20 aa	Q92841:5:553-630	553	630	78
Q92841	568	Q92841:R568	16.0	Domain edge <=20 aa	Q92841:5:553-630	553	630	78
Q92841	586	Q92841:R586	34.0	Domain edge 21-40 aa	Q92841:5:553-630	553	630	78
Q92841	587	Q92841:R587	35.0	Domain edge 21-40 aa	Q92841:5:553-630	553	630	78
Q92841	605	Q92841:R605	53.0	Domain-distal >40 aa	Q92841:5:553-630	553	630	78
Q92841	684	Q92841:R684	132.0	Domain-distal >40 aa	Q92841:6:657-729	657	729	73
Q92841	728	Q92841:R728	176.0	Domain-distal >40 aa	Q92841:6:657-729	657	729	73
Q92900	1019	Q92900:R1019	115.0	Domain-distal >40 aa	Q92900:8:1003-1064	1003	1064	62
Q92917	29	Q92917:R29	127.0	Domain-distal >40 aa	Q92917:1:1-99	1	99	99
Q92917	80	Q92917:R80	76.0	Domain-distal >40 aa	Q92917:1:1-99	1	99	99
Q92917	85	Q92917:R85	71.0	Domain-distal >40 aa	Q92917:1:1-99	1	99	99
Q92922	1064	Q92922:R1064	111.0	Domain-distal >40 aa	Q92922:10:1037-1105	1037	1105	69
Q92925	4	Q92925:R4	302.0	Domain-distal >40 aa	Q92925:1:1-91	1	91	91
Q92925	73	Q92925:R73	233.0	Domain-distal >40 aa	Q92925:1:1-91	1	91	91
Q92925	81	Q92925:R81	225.0	Domain-distal >40 aa	Q92925:1:1-91	1	91	91
Q92925	104	Q92925:R104	202.0	Domain-distal >40 aa	Q92925:3:95-113	95	113	19
Q92925	132	Q92925:R132	174.0	Domain-distal >40 aa	Q92925:4:121-140	121	140	20
Q92925	529	Q92925:R529	143.0	Domain-distal >40 aa	Q92925:7:529-531	529	531	3
Q92945	70	Q92945:R70	73.0	Domain-distal >40 aa	Q92945:1:1-78	1	78	78
Q92945	216	Q92945:R216	1.0	Domain edge <=20 aa	Q92945:3:216-231	216	231	16
Q92945	314	Q92945:R314	7.0	Domain edge <=20 aa	Q92945:5:314-315	314	315	2
Q92945	394	Q92945:R394	3.0	Domain edge <=20 aa	Q92945:8:392-422	392	422	31
Q92945	411	Q92945:R411	12.0	Domain edge <=20 aa	Q92945:8:392-422	392	422	31
Q92945	413	Q92945:R413	10.0	Domain edge <=20 aa	Q92945:8:392-422	392	422	31
Q92945	415	Q92945:R415	8.0	Domain edge <=20 aa	Q92945:8:392-422	392	422	31
Q92973	344	Q92973:R344	77.0	Domain-distal >40 aa	Q92973:2:334-375	334	375	42
Q92973	346	Q92973:R346	79.0	Domain-distal >40 aa	Q92973:2:334-375	334	375	42
Q92974	904	Q92974:R904	319.0	Domain-distal >40 aa	Q92974:14:891-986	891	986	96
Q92995	4	Q92995:R4	31.0	Domain edge 21-40 aa	Q92995:1:1-9	1	9	9
Q92995	101	Q92995:R101	4.0	Domain edge <=20 aa	Q92995:3:101-107	101	107	7
Q93015	234	Q93015:R234	27.0	Domain edge 21-40 aa	Q93015:4:210-270	210	270	61
Q93052	218	Q93052:R218	196.0	Domain-distal >40 aa	Q93052:2:128-220	128	220	93
Q93073	333	Q93073:R333	371.0	Domain-distal >40 aa	Q93073:8:318-394	318	394	77
Q969F0	86	Q969F0:R86	28.0	Domain edge 21-40 aa	Q969F0:3:38-91	38	91	54
Q969G3	4	Q969G3:R4	61.0	Domain-distal >40 aa	Q969G3:1:1-29	1	29	29
Q969G3	40	Q969G3:R40	25.0	Domain edge 21-40 aa	Q969G3:2:39-64	39	64	26
Q969G9	363	Q969G9:R363	197.0	Domain-distal >40 aa	Q969G9:12:361-376	361	376	16
Q969R2	9	Q969R2:R9	173.0	Domain-distal >40 aa	Q969R2:1:1-20	1	20	20
Q969S3	166	Q969S3:R166	68.0	Domain-distal >40 aa	Q969S3:3:133-247	133	247	115
Q969S3	171	Q969S3:R171	73.0	Domain-distal >40 aa	Q969S3:3:133-247	133	247	115
Q96A46	6	Q96A46:R6	64.0	Domain-distal >40 aa	Q96A46:1:1-29	1	29	29
Q96A46	39	Q96A46:R39	31.0	Domain edge 21-40 aa	Q96A46:2:35-66	35	66	32
Q96A47	165	Q96A47:R165	16.0	Domain edge <=20 aa	Q96A47:1:151-188	151	188	38
Q96A65	40	Q96A65:R40	5.0	Domain edge <=20 aa	Q96A65:3:35-44	35	44	10
Q96AE4	359	Q96AE4:R359	15.0	Domain edge <=20 aa	Q96AE4:5:346-373	346	373	28
Q96AE4	361	Q96AE4:R361	14.0	Domain edge <=20 aa	Q96AE4:5:346-373	346	373	28
Q96AE4	363	Q96AE4:R363	12.0	Domain edge <=20 aa	Q96AE4:5:346-373	346	373	28
Q96AG3	15	Q96AG3:R15	85.0	Domain-distal >40 aa	Q96AG3:1:1-32	1	32	32
Q96AH0	172	Q96AH0:R172	75.0	Domain-distal >40 aa	Q96AH0:2:113-204	113	204	92
Q96AP0	351	Q96AP0:R351	195.0	Domain-distal >40 aa	Q96AP0:3:240-368	240	368	129
Q96AP0	364	Q96AP0:R364	208.0	Domain-distal >40 aa	Q96AP0:3:240-368	240	368	129
Q96AP0	383	Q96AP0:R383	227.0	Domain-distal >40 aa	Q96AP0:4:381-407	381	407	27
Q96AT1	4	Q96AT1:R4	1.0	Domain edge <=20 aa	Q96AT1:1:1-4	1	4	4
Q96AY4	2304	Q96AY4:R2304	362.0	Domain-distal >40 aa	Q96AY4:12:2176-2340	2176	2340	165
Q96AY4	2379	Q96AY4:R2379	437.0	Domain-distal >40 aa	Q96AY4:14:2365-2384	2365	2384	20
Q96B54	75	Q96B54:R75	86.0	Domain-distal >40 aa	Q96B54:1:1-160	1	160	160
Q96B54	98	Q96B54:R98	63.0	Domain-distal >40 aa	Q96B54:1:1-160	1	160	160
Q96BH1	344	Q96BH1:R344	142.0	Domain-distal >40 aa	Q96BH1:5:311-459	311	459	149
Q96BH1	348	Q96BH1:R348	146.0	Domain-distal >40 aa	Q96BH1:5:311-459	311	459	149
Q96BH1	352	Q96BH1:R352	150.0	Domain-distal >40 aa	Q96BH1:5:311-459	311	459	149
Q96BH1	422	Q96BH1:R422	220.0	Domain-distal >40 aa	Q96BH1:5:311-459	311	459	149
Q96BH1	434	Q96BH1:R434	232.0	Domain-distal >40 aa	Q96BH1:5:311-459	311	459	149
Q96BH1	437	Q96BH1:R437	235.0	Domain-distal >40 aa	Q96BH1:5:311-459	311	459	149
Q96BH1	443	Q96BH1:R443	241.0	Domain-distal >40 aa	Q96BH1:5:311-459	311	459	149
Q96BK5	7	Q96BK5:R7	17.0	Domain edge <=20 aa	Q96BK5:1:1-23	1	23	23
Q96BK5	9	Q96BK5:R9	15.0	Domain edge <=20 aa	Q96BK5:1:1-23	1	23	23
Q96BP2	7	Q96BP2:R7	38.0	Domain edge 21-40 aa	Q96BP2:1:1-9	1	9	9
Q96BP2	12	Q96BP2:R12	33.0	Domain edge 21-40 aa	Q96BP2:2:11-19	11	19	9
Q96BZ8	137	Q96BZ8:R137	93.0	Domain-distal >40 aa	Q96BZ8:3:86-264	86	264	179
Q96BZ8	240	Q96BZ8:R240	196.0	Domain-distal >40 aa	Q96BZ8:3:86-264	86	264	179
Q96CT7	105	Q96CT7:R105	26.0	Domain edge 21-40 aa	Q96CT7:1:1-130	1	130	130
Q96CT7	111	Q96CT7:R111	20.0	Domain edge <=20 aa	Q96CT7:1:1-130	1	130	130
Q96CU9	17	Q96CU9:R17	48.0	Domain-distal >40 aa	Q96CU9:4:16-18	16	18	3
Q96CX2	205	Q96CX2:R205	1.0	Domain edge <=20 aa	Q96CX2:2:138-205	138	205	68
Q96D05	17	Q96D05:R17	45.0	Domain-distal >40 aa	Q96D05:2:12-59	12	59	48
Q96D05	26	Q96D05:R26	36.0	Domain edge 21-40 aa	Q96D05:2:12-59	12	59	48
Q96DH6	261	Q96DH6:R261	74.0	Domain-distal >40 aa	Q96DH6:3:261-289	261	289	29
Q96DN2	843	Q96DN2:R843	100.0	Domain-distal >40 aa	Q96DN2:10:812-892	812	892	81
Q96DN6	206	Q96DN6:R206	118.0	Domain-distal >40 aa	Q96DN6:3:119-225	119	225	107
Q96DN6	379	Q96DN6:R379	291.0	Domain-distal >40 aa	Q96DN6:4:236-624	236	624	389
Q96DN6	385	Q96DN6:R385	297.0	Domain-distal >40 aa	Q96DN6:4:236-624	236	624	389
Q96DN6	896	Q96DN6:R896	808.0	Domain-distal >40 aa	Q96DN6:9:799-1003	799	1003	205
Q96DR7	79	Q96DR7:R79	360.0	Domain-distal >40 aa	Q96DR7:3:67-248	67	248	182
Q96DT7	126	Q96DT7:R126	228.0	Domain-distal >40 aa	Q96DT7:1:1-156	1	156	156
Q96DT7	140	Q96DT7:R140	214.0	Domain-distal >40 aa	Q96DT7:1:1-156	1	156	156
Q96E39	91	Q96E39:R91	5.0	Domain edge <=20 aa	Q96E39:2:87-172	87	172	86
Q96E39	93	Q96E39:R93	7.0	Domain edge <=20 aa	Q96E39:2:87-172	87	172	86
Q96E39	101	Q96E39:R101	15.0	Domain edge <=20 aa	Q96E39:2:87-172	87	172	86
Q96E39	103	Q96E39:R103	17.0	Domain edge <=20 aa	Q96E39:2:87-172	87	172	86
Q96E39	107	Q96E39:R107	21.0	Domain edge 21-40 aa	Q96E39:2:87-172	87	172	86
Q96E39	113	Q96E39:R113	27.0	Domain edge 21-40 aa	Q96E39:2:87-172	87	172	86
Q96E39	120	Q96E39:R120	34.0	Domain edge 21-40 aa	Q96E39:2:87-172	87	172	86
Q96E39	125	Q96E39:R125	39.0	Domain edge 21-40 aa	Q96E39:2:87-172	87	172	86
Q96E39	144	Q96E39:R144	29.0	Domain edge 21-40 aa	Q96E39:2:87-172	87	172	86
Q96E39	151	Q96E39:R151	22.0	Domain edge 21-40 aa	Q96E39:2:87-172	87	172	86
Q96E39	164	Q96E39:R164	9.0	Domain edge <=20 aa	Q96E39:2:87-172	87	172	86
Q96E39	172	Q96E39:R172	1.0	Domain edge <=20 aa	Q96E39:2:87-172	87	172	86
Q96E39	258	Q96E39:R258	41.0	Domain-distal >40 aa	Q96E39:3:218-390	218	390	173
Q96E39	292	Q96E39:R292	75.0	Domain-distal >40 aa	Q96E39:3:218-390	218	390	173
Q96E39	298	Q96E39:R298	81.0	Domain-distal >40 aa	Q96E39:3:218-390	218	390	173
Q96E39	317	Q96E39:R317	100.0	Domain-distal >40 aa	Q96E39:3:218-390	218	390	173
Q96E39	343	Q96E39:R343	126.0	Domain-distal >40 aa	Q96E39:3:218-390	218	390	173
Q96E39	346	Q96E39:R346	129.0	Domain-distal >40 aa	Q96E39:3:218-390	218	390	173
Q96E39	354	Q96E39:R354	137.0	Domain-distal >40 aa	Q96E39:3:218-390	218	390	173
Q96E39	368	Q96E39:R368	151.0	Domain-distal >40 aa	Q96E39:3:218-390	218	390	173
Q96E39	372	Q96E39:R372	155.0	Domain-distal >40 aa	Q96E39:3:218-390	218	390	173
Q96E39	380	Q96E39:R380	163.0	Domain-distal >40 aa	Q96E39:3:218-390	218	390	173
Q96EK7	868	Q96EK7:R868	561.0	Domain-distal >40 aa	Q96EK7:9:861-910	861	910	50
Q96EK7	871	Q96EK7:R871	564.0	Domain-distal >40 aa	Q96EK7:9:861-910	861	910	50
Q96EK7	878	Q96EK7:R878	571.0	Domain-distal >40 aa	Q96EK7:9:861-910	861	910	50
Q96EK7	885	Q96EK7:R885	578.0	Domain-distal >40 aa	Q96EK7:9:861-910	861	910	50
Q96EK7	893	Q96EK7:R893	586.0	Domain-distal >40 aa	Q96EK7:9:861-910	861	910	50
Q96EP5	209	Q96EP5:R209	19.0	Domain edge <=20 aa	Q96EP5:3:191-237	191	237	47
Q96EP5	253	Q96EP5:R253	63.0	Domain-distal >40 aa	Q96EP5:4:240-407	240	407	168
Q96EP5	393	Q96EP5:R393	203.0	Domain-distal >40 aa	Q96EP5:4:240-407	240	407	168
Q96EV2	224	Q96EV2:R224	875.0	Domain-distal >40 aa	Q96EV2:5:195-225	195	225	31
Q96EV2	237	Q96EV2:R237	862.0	Domain-distal >40 aa	Q96EV2:7:233-391	233	391	159
Q96EV2	279	Q96EV2:R279	820.0	Domain-distal >40 aa	Q96EV2:7:233-391	233	391	159
Q96EV2	286	Q96EV2:R286	813.0	Domain-distal >40 aa	Q96EV2:7:233-391	233	391	159
Q96EV2	298	Q96EV2:R298	801.0	Domain-distal >40 aa	Q96EV2:7:233-391	233	391	159
Q96EV2	411	Q96EV2:R411	688.0	Domain-distal >40 aa	Q96EV2:8:400-719	400	719	320
Q96EV2	418	Q96EV2:R418	681.0	Domain-distal >40 aa	Q96EV2:8:400-719	400	719	320
Q96EV2	442	Q96EV2:R442	657.0	Domain-distal >40 aa	Q96EV2:8:400-719	400	719	320
Q96EV2	450	Q96EV2:R450	649.0	Domain-distal >40 aa	Q96EV2:8:400-719	400	719	320
Q96EV2	470	Q96EV2:R470	629.0	Domain-distal >40 aa	Q96EV2:8:400-719	400	719	320
Q96EV2	480	Q96EV2:R480	619.0	Domain-distal >40 aa	Q96EV2:8:400-719	400	719	320
Q96EV2	524	Q96EV2:R524	575.0	Domain-distal >40 aa	Q96EV2:8:400-719	400	719	320
Q96EV2	658	Q96EV2:R658	441.0	Domain-distal >40 aa	Q96EV2:8:400-719	400	719	320
Q96EV2	672	Q96EV2:R672	427.0	Domain-distal >40 aa	Q96EV2:8:400-719	400	719	320
Q96EV2	678	Q96EV2:R678	421.0	Domain-distal >40 aa	Q96EV2:8:400-719	400	719	320
Q96EV2	682	Q96EV2:R682	417.0	Domain-distal >40 aa	Q96EV2:8:400-719	400	719	320
Q96EV2	693	Q96EV2:R693	406.0	Domain-distal >40 aa	Q96EV2:8:400-719	400	719	320
Q96EV2	1028	Q96EV2:R1028	71.0	Domain-distal >40 aa	Q96EV2:16:990-1054	990	1054	65
Q96EV2	1070	Q96EV2:R1070	29.0	Domain edge 21-40 aa	Q96EV2:17:1067-1081	1067	1081	15
Q96EV2	1078	Q96EV2:R1078	21.0	Domain edge 21-40 aa	Q96EV2:17:1067-1081	1067	1081	15
Q96EV2	1080	Q96EV2:R1080	19.0	Domain edge <=20 aa	Q96EV2:17:1067-1081	1067	1081	15
Q96F86	144	Q96F86:R144	48.0	Domain-distal >40 aa	Q96F86:2:94-191	94	191	98
Q96FS4	12	Q96FS4:R12	309.0	Domain-distal >40 aa	Q96FS4:1:1-87	1	87	87
Q96FS4	13	Q96FS4:R13	308.0	Domain-distal >40 aa	Q96FS4:1:1-87	1	87	87
Q96FS4	44	Q96FS4:R44	277.0	Domain-distal >40 aa	Q96FS4:1:1-87	1	87	87
Q96FS4	47	Q96FS4:R47	274.0	Domain-distal >40 aa	Q96FS4:1:1-87	1	87	87
Q96FS4	61	Q96FS4:R61	260.0	Domain-distal >40 aa	Q96FS4:1:1-87	1	87	87
Q96FS4	69	Q96FS4:R69	252.0	Domain-distal >40 aa	Q96FS4:1:1-87	1	87	87
Q96FS4	71	Q96FS4:R71	250.0	Domain-distal >40 aa	Q96FS4:1:1-87	1	87	87
Q96G74	32	Q96G74:R32	181.0	Domain-distal >40 aa	Q96G74:1:1-119	1	119	119
Q96G74	50	Q96G74:R50	163.0	Domain-distal >40 aa	Q96G74:1:1-119	1	119	119
Q96GE4	341	Q96GE4:R341	234.0	Domain-distal >40 aa	Q96GE4:13:321-375	321	375	55
Q96GE4	546	Q96GE4:R546	439.0	Domain-distal >40 aa	Q96GE4:20:540-555	540	555	16
Q96GF1	94	Q96GF1:R94	14.0	Domain edge <=20 aa	Q96GF1:2:90-129	90	129	40
Q96GF1	103	Q96GF1:R103	23.0	Domain edge 21-40 aa	Q96GF1:2:90-129	90	129	40
Q96GM5	4	Q96GM5:R4	286.0	Domain-distal >40 aa	Q96GM5:1:1-131	1	131	131
Q96GM5	39	Q96GM5:R39	251.0	Domain-distal >40 aa	Q96GM5:1:1-131	1	131	131
Q96GM5	50	Q96GM5:R50	240.0	Domain-distal >40 aa	Q96GM5:1:1-131	1	131	131
Q96GM5	60	Q96GM5:R60	230.0	Domain-distal >40 aa	Q96GM5:1:1-131	1	131	131
Q96GM5	88	Q96GM5:R88	202.0	Domain-distal >40 aa	Q96GM5:1:1-131	1	131	131
Q96GM5	100	Q96GM5:R100	190.0	Domain-distal >40 aa	Q96GM5:1:1-131	1	131	131
Q96GS4	128	Q96GS4:R128	126.0	Domain-distal >40 aa	Q96GS4:1:1-197	1	197	197
Q96HA7	812	Q96HA7:R812	183.0	Domain-distal >40 aa	Q96HA7:7:801-821	801	821	21
Q96HB5	311	Q96HB5:R311	171.0	Domain-distal >40 aa	Q96HB5:6:208-347	208	347	140
Q96HB5	614	Q96HB5:R614	474.0	Domain-distal >40 aa	Q96HB5:12:606-617	606	617	12
Q96HC4	337	Q96HC4:R337	81.0	Domain-distal >40 aa	Q96HC4:8:289-342	289	342	54
Q96HC4	375	Q96HC4:R375	43.0	Domain-distal >40 aa	Q96HC4:10:354-408	354	408	55
Q96HJ3	41	Q96HJ3:R41	101.0	Domain-distal >40 aa	Q96HJ3:1:1-139	1	139	139
Q96HN2	610	Q96HN2:R610	79.0	Domain-distal >40 aa	Q96HN2:2:606-611	606	611	6
Q96I24	337	Q96I24:R337	15.0	Domain edge <=20 aa	Q96I24:5:337-349	337	349	13
Q96I24	339	Q96I24:R339	14.0	Domain edge <=20 aa	Q96I24:5:337-349	337	349	13
Q96I24	341	Q96I24:R341	12.0	Domain edge <=20 aa	Q96I24:5:337-349	337	349	13
Q96I24	343	Q96I24:R343	10.0	Domain edge <=20 aa	Q96I24:5:337-349	337	349	13
Q96I25	59	Q96I25:R59	174.0	Domain-distal >40 aa	Q96I25:4:56-84	56	84	29
Q96I25	66	Q96I25:R66	167.0	Domain-distal >40 aa	Q96I25:4:56-84	56	84	29
Q96IQ9	270	Q96IQ9:R270	63.0	Domain-distal >40 aa	Q96IQ9:2:208-312	208	312	105
Q96IU2	22	Q96IU2:R22	21.0	Domain edge 21-40 aa	Q96IU2:3:18-42	18	42	25
Q96JM3	301	Q96JM3:R301	216.0	Domain-distal >40 aa	Q96JM3:2:86-519	86	519	434
Q96JM3	398	Q96JM3:R398	311.0	Domain-distal >40 aa	Q96JM3:2:86-519	86	519	434
Q96JM3	420	Q96JM3:R420	289.0	Domain-distal >40 aa	Q96JM3:2:86-519	86	519	434
Q96JM3	431	Q96JM3:R431	278.0	Domain-distal >40 aa	Q96JM3:2:86-519	86	519	434
Q96JM3	473	Q96JM3:R473	236.0	Domain-distal >40 aa	Q96JM3:2:86-519	86	519	434
Q96JP2	2127	Q96JP2:R2127	182.0	Domain-distal >40 aa	Q96JP2:13:1957-2231	1957	2231	275
Q96JP5	48	Q96JP5:R48	263.0	Domain-distal >40 aa	Q96JP5:1:1-307	1	307	307
Q96JP5	51	Q96JP5:R51	260.0	Domain-distal >40 aa	Q96JP5:1:1-307	1	307	307
Q96JP5	54	Q96JP5:R54	257.0	Domain-distal >40 aa	Q96JP5:1:1-307	1	307	307
Q96JP5	56	Q96JP5:R56	255.0	Domain-distal >40 aa	Q96JP5:1:1-307	1	307	307
Q96JP5	58	Q96JP5:R58	253.0	Domain-distal >40 aa	Q96JP5:1:1-307	1	307	307
Q96JP5	147	Q96JP5:R147	164.0	Domain-distal >40 aa	Q96JP5:1:1-307	1	307	307
Q96JP5	150	Q96JP5:R150	161.0	Domain-distal >40 aa	Q96JP5:1:1-307	1	307	307
Q96JP5	153	Q96JP5:R153	158.0	Domain-distal >40 aa	Q96JP5:1:1-307	1	307	307
Q96JP5	303	Q96JP5:R303	8.0	Domain edge <=20 aa	Q96JP5:1:1-307	1	307	307
Q96JY6	131	Q96JY6:R131	47.0	Domain-distal >40 aa	Q96JY6:3:110-149	110	149	40
Q96JY6	169	Q96JY6:R169	40.0	Domain edge 21-40 aa	Q96JY6:4:164-208	164	208	45
Q96JY6	185	Q96JY6:R185	24.0	Domain edge 21-40 aa	Q96JY6:4:164-208	164	208	45
Q96KQ4	499	Q96KQ4:R499	394.0	Domain-distal >40 aa	Q96KQ4:14:372-602	372	602	231
Q96KQ4	521	Q96KQ4:R521	372.0	Domain-distal >40 aa	Q96KQ4:14:372-602	372	602	231
Q96KQ7	184	Q96KQ7:R184	236.0	Domain-distal >40 aa	Q96KQ7:2:148-262	148	262	115
Q96L34	561	Q96L34:R561	142.0	Domain-distal >40 aa	Q96L34:5:369-614	369	614	246
Q96L73	2385	Q96L73:R2385	175.0	Domain-distal >40 aa	Q96L73:56:2211-2424	2211	2424	214
Q96L91	1503	Q96L91:R1503	130.0	Domain-distal >40 aa	Q96L91:14:1466-1593	1466	1593	128
Q96L91	1505	Q96L91:R1505	132.0	Domain-distal >40 aa	Q96L91:14:1466-1593	1466	1593	128
Q96L91	1555	Q96L91:R1555	182.0	Domain-distal >40 aa	Q96L91:14:1466-1593	1466	1593	128
Q96L91	1587	Q96L91:R1587	214.0	Domain-distal >40 aa	Q96L91:14:1466-1593	1466	1593	128
Q96L91	1618	Q96L91:R1618	245.0	Domain-distal >40 aa	Q96L91:15:1613-1623	1613	1623	11
Q96L91	3149	Q96L91:R3149	720.0	Domain-distal >40 aa	Q96L91:46:3113-3159	3113	3159	47
Q96L96	1210	Q96L96:R1210	64.0	Domain-distal >40 aa	Q96L96:19:1161-1260	1161	1260	100
Q96L96	1212	Q96L96:R1212	62.0	Domain-distal >40 aa	Q96L96:19:1161-1260	1161	1260	100
Q96L96	1213	Q96L96:R1213	61.0	Domain-distal >40 aa	Q96L96:19:1161-1260	1161	1260	100
Q96LA8	7	Q96LA8:R7	79.0	Domain-distal >40 aa	Q96LA8:1:1-41	1	41	41
Q96LA8	29	Q96LA8:R29	57.0	Domain-distal >40 aa	Q96LA8:1:1-41	1	41	41
Q96LA8	35	Q96LA8:R35	51.0	Domain-distal >40 aa	Q96LA8:1:1-41	1	41	41
Q96LA8	37	Q96LA8:R37	49.0	Domain-distal >40 aa	Q96LA8:1:1-41	1	41	41
Q96LA8	38	Q96LA8:R38	48.0	Domain-distal >40 aa	Q96LA8:1:1-41	1	41	41
Q96LA8	41	Q96LA8:R41	45.0	Domain-distal >40 aa	Q96LA8:1:1-41	1	41	41
Q96M27	67	Q96M27:R67	193.0	Domain-distal >40 aa	Q96M27:1:1-72	1	72	72
Q96MS0	1314	Q96MS0:R1314	445.0	Domain-distal >40 aa	Q96MS0:11:1077-1386	1077	1386	310
Q96MS0	1334	Q96MS0:R1334	465.0	Domain-distal >40 aa	Q96MS0:11:1077-1386	1077	1386	310
Q96MS0	1363	Q96MS0:R1363	494.0	Domain-distal >40 aa	Q96MS0:11:1077-1386	1077	1386	310
Q96MS0	1365	Q96MS0:R1365	496.0	Domain-distal >40 aa	Q96MS0:11:1077-1386	1077	1386	310
Q96MS0	1367	Q96MS0:R1367	498.0	Domain-distal >40 aa	Q96MS0:11:1077-1386	1077	1386	310
Q96NL0	13	Q96NL0:R13	22.0	Domain edge 21-40 aa	Q96NL0:1:1-24	1	24	24
Q96NM4	357	Q96NM4:R357	36.0	Domain edge 21-40 aa	Q96NM4:10:345-476	345	476	132
Q96NU1	482	Q96NU1:R482	58.0	Domain-distal >40 aa	Q96NU1:21:406-503	406	503	98
Q96P50	396	Q96P50:R396	7.0	Domain edge <=20 aa	Q96P50:2:366-401	366	401	36
Q96P50	398	Q96P50:R398	5.0	Domain edge <=20 aa	Q96P50:2:366-401	366	401	36
Q96PC5	1165	Q96PC5:R1165	1062.0	Domain-distal >40 aa	Q96PC5:24:1120-1412	1120	1412	293
Q96PC5	1168	Q96PC5:R1168	1065.0	Domain-distal >40 aa	Q96PC5:24:1120-1412	1120	1412	293
Q96PC5	1182	Q96PC5:R1182	1079.0	Domain-distal >40 aa	Q96PC5:24:1120-1412	1120	1412	293
Q96PC5	1308	Q96PC5:R1308	1205.0	Domain-distal >40 aa	Q96PC5:24:1120-1412	1120	1412	293
Q96PC5	1317	Q96PC5:R1317	1214.0	Domain-distal >40 aa	Q96PC5:24:1120-1412	1120	1412	293
Q96PC5	1322	Q96PC5:R1322	1219.0	Domain-distal >40 aa	Q96PC5:24:1120-1412	1120	1412	293
Q96PC5	1323	Q96PC5:R1323	1220.0	Domain-distal >40 aa	Q96PC5:24:1120-1412	1120	1412	293
Q96PE2	45	Q96PE2:R45	1021.0	Domain-distal >40 aa	Q96PE2:2:22-368	22	368	347
Q96PE2	183	Q96PE2:R183	883.0	Domain-distal >40 aa	Q96PE2:2:22-368	22	368	347
Q96PE2	388	Q96PE2:R388	678.0	Domain-distal >40 aa	Q96PE2:3:377-469	377	469	93
Q96PE2	429	Q96PE2:R429	637.0	Domain-distal >40 aa	Q96PE2:3:377-469	377	469	93
Q96PE2	433	Q96PE2:R433	633.0	Domain-distal >40 aa	Q96PE2:3:377-469	377	469	93
Q96PE2	1047	Q96PE2:R1047	19.0	Domain edge <=20 aa	Q96PE2:11:1034-1060	1034	1060	27
Q96PK6	286	Q96PK6:R286	137.0	Domain-distal >40 aa	Q96PK6:5:282-315	282	315	34
Q96PK6	625	Q96PK6:R625	476.0	Domain-distal >40 aa	Q96PK6:16:618-635	618	635	18
Q96PK6	668	Q96PK6:R668	519.0	Domain-distal >40 aa	Q96PK6:17:662-669	662	669	8
Q96PU8	242	Q96PU8:R242	63.0	Domain-distal >40 aa	Q96PU8:4:240-242	240	242	3
Q96PV6	374	Q96PV6:R374	192.0	Domain-distal >40 aa	Q96PV6:4:326-508	326	508	183
Q96PV6	382	Q96PV6:R382	184.0	Domain-distal >40 aa	Q96PV6:4:326-508	326	508	183
Q96PV6	392	Q96PV6:R392	174.0	Domain-distal >40 aa	Q96PV6:4:326-508	326	508	183
Q96PV6	394	Q96PV6:R394	172.0	Domain-distal >40 aa	Q96PV6:4:326-508	326	508	183
Q96PV6	472	Q96PV6:R472	94.0	Domain-distal >40 aa	Q96PV6:4:326-508	326	508	183
Q96PV7	651	Q96PV7:R651	195.0	Domain-distal >40 aa	Q96PV7:20:578-662	578	662	85
Q96PV7	774	Q96PV7:R774	72.0	Domain-distal >40 aa	Q96PV7:22:679-845	679	845	167
Q96PV7	777	Q96PV7:R777	69.0	Domain-distal >40 aa	Q96PV7:22:679-845	679	845	167
Q96PZ0	13	Q96PZ0:R13	357.0	Domain-distal >40 aa	Q96PZ0:1:1-101	1	101	101
Q96PZ0	661	Q96PZ0:R661	81.0	Domain-distal >40 aa	Q96PZ0:4:655-661	655	661	7
Q96Q04	490	Q96Q04:R490	79.0	Domain-distal >40 aa	Q96Q04:7:485-515	485	515	31
Q96Q42	481	Q96Q42:R481	45.0	Domain-distal >40 aa	Q96Q42:7:429-481	429	481	53
Q96QC0	665	Q96QC0:R665	241.0	Domain-distal >40 aa	Q96QC0:15:612-905	612	905	294
Q96QC0	674	Q96QC0:R674	232.0	Domain-distal >40 aa	Q96QC0:15:612-905	612	905	294
Q96QC0	688	Q96QC0:R688	218.0	Domain-distal >40 aa	Q96QC0:15:612-905	612	905	294
Q96QC0	693	Q96QC0:R693	213.0	Domain-distal >40 aa	Q96QC0:15:612-905	612	905	294
Q96QC0	705	Q96QC0:R705	201.0	Domain-distal >40 aa	Q96QC0:15:612-905	612	905	294
Q96QC0	707	Q96QC0:R707	199.0	Domain-distal >40 aa	Q96QC0:15:612-905	612	905	294
Q96QC0	710	Q96QC0:R710	196.0	Domain-distal >40 aa	Q96QC0:15:612-905	612	905	294
Q96QC0	723	Q96QC0:R723	183.0	Domain-distal >40 aa	Q96QC0:15:612-905	612	905	294
Q96QC0	726	Q96QC0:R726	180.0	Domain-distal >40 aa	Q96QC0:15:612-905	612	905	294
Q96QC0	729	Q96QC0:R729	177.0	Domain-distal >40 aa	Q96QC0:15:612-905	612	905	294
Q96QE3	249	Q96QE3:R249	875.0	Domain-distal >40 aa	Q96QE3:13:231-253	231	253	23
Q96QS3	86	Q96QS3:R86	240.0	Domain-distal >40 aa	Q96QS3:3:86-95	86	95	10
Q96QS3	87	Q96QS3:R87	239.0	Domain-distal >40 aa	Q96QS3:3:86-95	86	95	10
Q96QS3	122	Q96QS3:R122	204.0	Domain-distal >40 aa	Q96QS3:4:112-255	112	255	144
Q96RK0	30	Q96RK0:R30	221.0	Domain-distal >40 aa	Q96RK0:1:1-199	1	199	199
Q96RK0	1481	Q96RK0:R1481	296.0	Domain-distal >40 aa	Q96RK0:22:1409-1570	1409	1570	162
Q96RK0	1508	Q96RK0:R1508	323.0	Domain-distal >40 aa	Q96RK0:22:1409-1570	1409	1570	162
Q96RK0	1772	Q96RK0:R1772	587.0	Domain-distal >40 aa	Q96RK0:25:1747-1788	1747	1788	42
Q96RL1	239	Q96RL1:R239	111.0	Domain-distal >40 aa	Q96RL1:5:223-239	223	239	17
Q96RT1	1176	Q96RT1:R1176	145.0	Domain-distal >40 aa	Q96RT1:22:1073-1195	1073	1195	123
Q96RT8	188	Q96RT8:R188	80.0	Domain-distal >40 aa	Q96RT8:3:152-203	152	203	52
Q96SB8	1080	Q96SB8:R1080	16.0	Domain edge <=20 aa	Q96SB8:3:1072-1091	1072	1091	20
Q96SB8	1091	Q96SB8:R1091	27.0	Domain edge 21-40 aa	Q96SB8:3:1072-1091	1072	1091	20
Q96SL8	409	Q96SL8:R409	5.0	Domain edge <=20 aa	Q96SL8:8:382-413	382	413	32
Q96SN8	267	Q96SN8:R267	135.0	Domain-distal >40 aa	Q96SN8:7:265-289	265	289	25
Q96T23	1048	Q96T23:R1048	107.0	Domain-distal >40 aa	Q96T23:23:1036-1428	1036	1428	393
Q96T37	110	Q96T37:R110	59.0	Domain-distal >40 aa	Q96T37:1:1-168	1	168	168
Q96T37	578	Q96T37:R578	49.0	Domain-distal >40 aa	Q96T37:5:555-776	555	776	222
Q96T37	616	Q96T37:R616	87.0	Domain-distal >40 aa	Q96T37:5:555-776	555	776	222
Q96T37	617	Q96T37:R617	88.0	Domain-distal >40 aa	Q96T37:5:555-776	555	776	222
Q96T51	12	Q96T51:R12	100.0	Domain-distal >40 aa	Q96T51:1:1-58	1	58	58
Q96T51	14	Q96T51:R14	98.0	Domain-distal >40 aa	Q96T51:1:1-58	1	58	58
Q96T58	89	Q96T58:R89	8.0	Domain edge <=20 aa	Q96T58:2:82-94	82	94	13
Q96T58	108	Q96T58:R108	27.0	Domain edge 21-40 aa	Q96T58:3:103-124	103	124	22
Q96T58	154	Q96T58:R154	73.0	Domain-distal >40 aa	Q96T58:5:143-168	143	168	26
Q96T58	206	Q96T58:R206	125.0	Domain-distal >40 aa	Q96T58:7:181-334	181	334	154
Q96T58	217	Q96T58:R217	118.0	Domain-distal >40 aa	Q96T58:7:181-334	181	334	154
Q96T58	630	Q96T58:R630	41.0	Domain-distal >40 aa	Q96T58:9:624-630	624	630	7
Q96T58	708	Q96T58:R708	119.0	Domain-distal >40 aa	Q96T58:11:672-872	672	872	201
Q96T58	3011	Q96T58:R3011	257.0	Domain-distal >40 aa	Q96T58:42:2977-3048	2977	3048	72
Q96T58	3027	Q96T58:R3027	273.0	Domain-distal >40 aa	Q96T58:42:2977-3048	2977	3048	72
Q96T58	3038	Q96T58:R3038	284.0	Domain-distal >40 aa	Q96T58:42:2977-3048	2977	3048	72
Q96T58	3132	Q96T58:R3132	366.0	Domain-distal >40 aa	Q96T58:45:3130-3157	3130	3157	28
Q96T58	3136	Q96T58:R3136	362.0	Domain-distal >40 aa	Q96T58:45:3130-3157	3130	3157	28
Q96T58	3411	Q96T58:R3411	87.0	Domain-distal >40 aa	Q96T58:49:3319-3492	3319	3492	174
Q96T88	658	Q96T88:R658	66.0	Domain-distal >40 aa	Q96T88:10:612-679	612	679	68
Q96T88	664	Q96T88:R664	60.0	Domain-distal >40 aa	Q96T88:10:612-679	612	679	68
Q99447	6	Q99447:R6	15.0	Domain edge <=20 aa	Q99447:1:1-20	1	20	20
Q99459	252	Q99459:R252	144.0	Domain-distal >40 aa	Q99459:5:246-283	246	283	38
Q99490	3	Q99490:R3	673.0	Domain-distal >40 aa	Q99490:1:1-12	1	12	12
Q99501	421	Q99501:R421	143.0	Domain-distal >40 aa	Q99501:3:279-524	279	524	246
Q99501	642	Q99501:R642	364.0	Domain-distal >40 aa	Q99501:4:529-681	529	681	153
Q99569	207	Q99569:R207	352.0	Domain-distal >40 aa	Q99569:2:69-350	69	350	282
Q99569	210	Q99569:R210	349.0	Domain-distal >40 aa	Q99569:2:69-350	69	350	282
Q99569	211	Q99569:R211	348.0	Domain-distal >40 aa	Q99569:2:69-350	69	350	282
Q99569	218	Q99569:R218	341.0	Domain-distal >40 aa	Q99569:2:69-350	69	350	282
Q99569	234	Q99569:R234	325.0	Domain-distal >40 aa	Q99569:2:69-350	69	350	282
Q99569	238	Q99569:R238	321.0	Domain-distal >40 aa	Q99569:2:69-350	69	350	282
Q99569	254	Q99569:R254	305.0	Domain-distal >40 aa	Q99569:2:69-350	69	350	282
Q99569	270	Q99569:R270	289.0	Domain-distal >40 aa	Q99569:2:69-350	69	350	282
Q99575	30	Q99575:R30	142.0	Domain-distal >40 aa	Q99575:1:1-96	1	96	96
Q99575	137	Q99575:R137	35.0	Domain edge 21-40 aa	Q99575:4:137-138	137	138	2
Q99575	830	Q99575:R830	25.0	Domain edge 21-40 aa	Q99575:15:819-839	819	839	21
Q99590	308	Q99590:R308	226.0	Domain-distal >40 aa	Q99590:5:291-433	291	433	143
Q99590	693	Q99590:R693	611.0	Domain-distal >40 aa	Q99590:12:681-701	681	701	21
Q99590	956	Q99590:R956	413.0	Domain-distal >40 aa	Q99590:15:724-1121	724	1121	398
Q99590	965	Q99590:R965	404.0	Domain-distal >40 aa	Q99590:15:724-1121	724	1121	398
Q99590	969	Q99590:R969	400.0	Domain-distal >40 aa	Q99590:15:724-1121	724	1121	398
Q99590	1071	Q99590:R1071	298.0	Domain-distal >40 aa	Q99590:15:724-1121	724	1121	398
Q99590	1096	Q99590:R1096	273.0	Domain-distal >40 aa	Q99590:15:724-1121	724	1121	398
Q99590	1125	Q99590:R1125	244.0	Domain-distal >40 aa	Q99590:16:1123-1149	1123	1149	27
Q99590	1139	Q99590:R1139	230.0	Domain-distal >40 aa	Q99590:16:1123-1149	1123	1149	27
Q99590	1164	Q99590:R1164	205.0	Domain-distal >40 aa	Q99590:17:1157-1205	1157	1205	49
Q99590	1165	Q99590:R1165	204.0	Domain-distal >40 aa	Q99590:17:1157-1205	1157	1205	49
Q99590	1167	Q99590:R1167	202.0	Domain-distal >40 aa	Q99590:17:1157-1205	1157	1205	49
Q99613	900	Q99613:R900	23.0	Domain edge 21-40 aa	Q99613:3:892-913	892	913	22
Q99613	901	Q99613:R901	24.0	Domain edge 21-40 aa	Q99613:3:892-913	892	913	22
Q99623	17	Q99623:R17	22.0	Domain edge 21-40 aa	Q99623:3:9-17	9	17	9
Q99661	177	Q99661:R177	79.0	Domain-distal >40 aa	Q99661:5:171-185	171	185	15
Q99683	78	Q99683:R78	37.0	Domain edge 21-40 aa	Q99683:6:66-88	66	88	23
Q99683	80	Q99683:R80	35.0	Domain edge 21-40 aa	Q99683:6:66-88	66	88	23
Q99700	2	Q99700:R2	263.0	Domain-distal >40 aa	Q99700:1:1-256	1	256	256
Q99700	9	Q99700:R9	256.0	Domain-distal >40 aa	Q99700:1:1-256	1	256	256
Q99700	40	Q99700:R40	225.0	Domain-distal >40 aa	Q99700:1:1-256	1	256	256
Q99700	239	Q99700:R239	26.0	Domain edge 21-40 aa	Q99700:1:1-256	1	256	256
Q99700	244	Q99700:R244	21.0	Domain edge 21-40 aa	Q99700:1:1-256	1	256	256
Q99700	246	Q99700:R246	19.0	Domain edge <=20 aa	Q99700:1:1-256	1	256	256
Q99700	510	Q99700:R510	33.0	Domain edge 21-40 aa	Q99700:6:478-959	478	959	482
Q99700	515	Q99700:R515	38.0	Domain edge 21-40 aa	Q99700:6:478-959	478	959	482
Q99700	622	Q99700:R622	145.0	Domain-distal >40 aa	Q99700:6:478-959	478	959	482
Q99700	635	Q99700:R635	158.0	Domain-distal >40 aa	Q99700:6:478-959	478	959	482
Q99700	640	Q99700:R640	163.0	Domain-distal >40 aa	Q99700:6:478-959	478	959	482
Q99700	665	Q99700:R665	188.0	Domain-distal >40 aa	Q99700:6:478-959	478	959	482
Q99700	682	Q99700:R682	205.0	Domain-distal >40 aa	Q99700:6:478-959	478	959	482
Q99719	6	Q99719:R6	35.0	Domain edge 21-40 aa	Q99719:1:1-6	1	6	6
Q99726	21	Q99726:R21	56.0	Domain-distal >40 aa	Q99726:1:1-61	1	61	61
Q99729	245	Q99729:R245	12.0	Domain edge <=20 aa	Q99729:1:234-270	234	270	37
Q99729	248	Q99729:R248	15.0	Domain edge <=20 aa	Q99729:1:234-270	234	270	37
Q99729	250	Q99729:R250	17.0	Domain edge <=20 aa	Q99729:1:234-270	234	270	37
Q99729	253	Q99729:R253	20.0	Domain edge <=20 aa	Q99729:1:234-270	234	270	37
Q99729	321	Q99729:R321	88.0	Domain-distal >40 aa	Q99729:2:272-332	272	332	61
Q99729	322	Q99729:R322	89.0	Domain-distal >40 aa	Q99729:2:272-332	272	332	61
Q99742	584	Q99742:R584	192.0	Domain-distal >40 aa	Q99742:9:575-590	575	590	16
Q99856	184	Q99856:R184	54.0	Domain-distal >40 aa	Q99856:2:14-224	14	224	211
Q99856	564	Q99856:R564	23.0	Domain edge 21-40 aa	Q99856:6:542-593	542	593	52
Q99933	8	Q99933:R8	136.0	Domain-distal >40 aa	Q99933:1:1-143	1	143	143
Q99933	58	Q99933:R58	86.0	Domain-distal >40 aa	Q99933:1:1-143	1	143	143
Q99933	61	Q99933:R61	83.0	Domain-distal >40 aa	Q99933:1:1-143	1	143	143
Q99933	68	Q99933:R68	76.0	Domain-distal >40 aa	Q99933:1:1-143	1	143	143
Q99943	270	Q99943:R270	57.0	Domain-distal >40 aa	Q99943:5:267-283	267	283	17
Q99959	46	Q99959:R46	338.0	Domain-distal >40 aa	Q99959:2:40-52	40	52	13
Q99959	125	Q99959:R125	259.0	Domain-distal >40 aa	Q99959:5:125-142	125	142	18
Q99959	302	Q99959:R302	82.0	Domain-distal >40 aa	Q99959:13:285-315	285	315	31
Q99963	258	Q99963:R258	9.0	Domain edge <=20 aa	Q99963:2:250-273	250	273	24
Q99996	1618	Q99996:R1618	386.0	Domain-distal >40 aa	Q99996:26:1614-1627	1614	1627	14
Q99996	3318	Q99996:R3318	243.0	Domain-distal >40 aa	Q99996:52:3312-3344	3312	3344	33
Q9BPU6	551	Q9BPU6:R551	106.0	Domain-distal >40 aa	Q9BPU6:7:548-564	548	564	17
Q9BPU6	559	Q9BPU6:R559	114.0	Domain-distal >40 aa	Q9BPU6:7:548-564	548	564	17
Q9BQ52	28	Q9BQ52:R28	33.0	Domain edge 21-40 aa	Q9BQ52:2:15-53	15	53	39
Q9BQ52	202	Q9BQ52:R202	82.0	Domain-distal >40 aa	Q9BQ52:6:188-233	188	233	46
Q9BQF6	83	Q9BQF6:R83	677.0	Domain-distal >40 aa	Q9BQF6:4:83-91	83	91	9
Q9BQI0	8	Q9BQI0:R8	2.0	Domain edge <=20 aa	Q9BQI0:1:1-8	1	8	8
Q9BRJ9	187	Q9BRJ9:R187	45.0	Domain-distal >40 aa	Q9BRJ9:3:178-187	178	187	10
Q9BRQ0	130	Q9BRQ0:R130	197.0	Domain-distal >40 aa	Q9BRQ0:2:106-326	106	326	221
Q9BRQ0	131	Q9BRQ0:R131	196.0	Domain-distal >40 aa	Q9BRQ0:2:106-326	106	326	221
Q9BRS2	95	Q9BRS2:R95	56.0	Domain-distal >40 aa	Q9BRS2:4:81-109	81	109	29
Q9BRS8	41	Q9BRS8:R41	45.0	Domain-distal >40 aa	Q9BRS8:1:1-85	1	85	85
Q9BSI4	276	Q9BSI4:R276	75.0	Domain-distal >40 aa	Q9BSI4:3:264-280	264	280	17
Q9BST9	531	Q9BST9:R531	113.0	Domain-distal >40 aa	Q9BST9:9:511-563	511	563	53
Q9BST9	533	Q9BST9:R533	115.0	Domain-distal >40 aa	Q9BST9:9:511-563	511	563	53
Q9BST9	547	Q9BST9:R547	129.0	Domain-distal >40 aa	Q9BST9:9:511-563	511	563	53
Q9BTC0	62	Q9BTC0:R62	204.0	Domain-distal >40 aa	Q9BTC0:1:1-260	1	260	260
Q9BTC0	1039	Q9BTC0:R1039	10.0	Domain edge <=20 aa	Q9BTC0:18:1013-1046	1013	1046	34
Q9BTC0	1597	Q9BTC0:R1597	401.0	Domain-distal >40 aa	Q9BTC0:25:1483-2240	1483	2240	758
Q9BTC0	1775	Q9BTC0:R1775	579.0	Domain-distal >40 aa	Q9BTC0:25:1483-2240	1483	2240	758
Q9BTC0	1793	Q9BTC0:R1793	597.0	Domain-distal >40 aa	Q9BTC0:25:1483-2240	1483	2240	758
Q9BTC0	1799	Q9BTC0:R1799	603.0	Domain-distal >40 aa	Q9BTC0:25:1483-2240	1483	2240	758
Q9BTC0	1824	Q9BTC0:R1824	628.0	Domain-distal >40 aa	Q9BTC0:25:1483-2240	1483	2240	758
Q9BTC0	1835	Q9BTC0:R1835	639.0	Domain-distal >40 aa	Q9BTC0:25:1483-2240	1483	2240	758
Q9BTC0	1845	Q9BTC0:R1845	649.0	Domain-distal >40 aa	Q9BTC0:25:1483-2240	1483	2240	758
Q9BTC0	1853	Q9BTC0:R1853	657.0	Domain-distal >40 aa	Q9BTC0:25:1483-2240	1483	2240	758
Q9BTC0	1882	Q9BTC0:R1882	686.0	Domain-distal >40 aa	Q9BTC0:25:1483-2240	1483	2240	758
Q9BTC0	1893	Q9BTC0:R1893	697.0	Domain-distal >40 aa	Q9BTC0:25:1483-2240	1483	2240	758
Q9BTC0	1894	Q9BTC0:R1894	698.0	Domain-distal >40 aa	Q9BTC0:25:1483-2240	1483	2240	758
Q9BTC0	1904	Q9BTC0:R1904	708.0	Domain-distal >40 aa	Q9BTC0:25:1483-2240	1483	2240	758
Q9BTC0	1927	Q9BTC0:R1927	731.0	Domain-distal >40 aa	Q9BTC0:25:1483-2240	1483	2240	758
Q9BTC0	1938	Q9BTC0:R1938	742.0	Domain-distal >40 aa	Q9BTC0:25:1483-2240	1483	2240	758
Q9BTC0	1949	Q9BTC0:R1949	753.0	Domain-distal >40 aa	Q9BTC0:25:1483-2240	1483	2240	758
Q9BTC0	1960	Q9BTC0:R1960	764.0	Domain-distal >40 aa	Q9BTC0:25:1483-2240	1483	2240	758
Q9BTC0	1971	Q9BTC0:R1971	775.0	Domain-distal >40 aa	Q9BTC0:25:1483-2240	1483	2240	758
Q9BTC0	1977	Q9BTC0:R1977	781.0	Domain-distal >40 aa	Q9BTC0:25:1483-2240	1483	2240	758
Q9BTC0	1982	Q9BTC0:R1982	786.0	Domain-distal >40 aa	Q9BTC0:25:1483-2240	1483	2240	758
Q9BTC0	1993	Q9BTC0:R1993	797.0	Domain-distal >40 aa	Q9BTC0:25:1483-2240	1483	2240	758
Q9BTC0	2008	Q9BTC0:R2008	812.0	Domain-distal >40 aa	Q9BTC0:25:1483-2240	1483	2240	758
Q9BTC0	2024	Q9BTC0:R2024	828.0	Domain-distal >40 aa	Q9BTC0:25:1483-2240	1483	2240	758
Q9BTD8	130	Q9BTD8:R130	245.0	Domain-distal >40 aa	Q9BTD8:4:130-134	130	134	5
Q9BTD8	181	Q9BTD8:R181	194.0	Domain-distal >40 aa	Q9BTD8:5:173-214	173	214	42
Q9BTD8	186	Q9BTD8:R186	189.0	Domain-distal >40 aa	Q9BTD8:5:173-214	173	214	42
Q9BTD8	225	Q9BTD8:R225	150.0	Domain-distal >40 aa	Q9BTD8:6:216-225	216	225	10
Q9BTD8	321	Q9BTD8:R321	54.0	Domain-distal >40 aa	Q9BTD8:7:318-356	318	356	39
Q9BTD8	323	Q9BTD8:R323	52.0	Domain-distal >40 aa	Q9BTD8:7:318-356	318	356	39
Q9BTD8	325	Q9BTD8:R325	50.0	Domain-distal >40 aa	Q9BTD8:7:318-356	318	356	39
Q9BTD8	328	Q9BTD8:R328	47.0	Domain-distal >40 aa	Q9BTD8:7:318-356	318	356	39
Q9BTT0	251	Q9BTT0:R251	116.0	Domain-distal >40 aa	Q9BTT0:3:146-268	146	268	123
Q9BTV7	30	Q9BTV7:R30	339.0	Domain-distal >40 aa	Q9BTV7:1:1-127	1	127	127
Q9BU76	6	Q9BU76:R6	2.0	Domain edge <=20 aa	Q9BU76:1:1-7	1	7	7
Q9BU76	166	Q9BU76:R166	83.0	Domain-distal >40 aa	Q9BU76:5:136-263	136	263	128
Q9BUA3	143	Q9BUA3:R143	9.0	Domain edge <=20 aa	Q9BUA3:4:139-267	139	267	129
Q9BUB5	455	Q9BUB5:R455	81.0	Domain-distal >40 aa	Q9BUB5:6:444-465	444	465	22
Q9BUB5	459	Q9BUB5:R459	85.0	Domain-distal >40 aa	Q9BUB5:6:444-465	444	465	22
Q9BUH6	169	Q9BUH6:R169	57.0	Domain-distal >40 aa	Q9BUH6:2:143-204	143	204	62
Q9BUH6	177	Q9BUH6:R177	65.0	Domain-distal >40 aa	Q9BUH6:2:143-204	143	204	62
Q9BUH8	381	Q9BUH8:R381	282.0	Domain-distal >40 aa	Q9BUH8:13:379-395	379	395	17
Q9BUJ2	165	Q9BUJ2:R165	26.0	Domain edge 21-40 aa	Q9BUJ2:2:39-190	39	190	152
Q9BUJ2	171	Q9BUJ2:R171	20.0	Domain edge <=20 aa	Q9BUJ2:2:39-190	39	190	152
Q9BUJ2	173	Q9BUJ2:R173	18.0	Domain edge <=20 aa	Q9BUJ2:2:39-190	39	190	152
Q9BUJ2	179	Q9BUJ2:R179	12.0	Domain edge <=20 aa	Q9BUJ2:2:39-190	39	190	152
Q9BUJ2	181	Q9BUJ2:R181	10.0	Domain edge <=20 aa	Q9BUJ2:2:39-190	39	190	152
Q9BUJ2	612	Q9BUJ2:R612	224.0	Domain-distal >40 aa	Q9BUJ2:5:593-813	593	813	221
Q9BUJ2	618	Q9BUJ2:R618	230.0	Domain-distal >40 aa	Q9BUJ2:5:593-813	593	813	221
Q9BUJ2	620	Q9BUJ2:R620	232.0	Domain-distal >40 aa	Q9BUJ2:5:593-813	593	813	221
Q9BUJ2	628	Q9BUJ2:R628	240.0	Domain-distal >40 aa	Q9BUJ2:5:593-813	593	813	221
Q9BUJ2	632	Q9BUJ2:R632	244.0	Domain-distal >40 aa	Q9BUJ2:5:593-813	593	813	221
Q9BUJ2	639	Q9BUJ2:R639	251.0	Domain-distal >40 aa	Q9BUJ2:5:593-813	593	813	221
Q9BUJ2	645	Q9BUJ2:R645	257.0	Domain-distal >40 aa	Q9BUJ2:5:593-813	593	813	221
Q9BUJ2	656	Q9BUJ2:R656	268.0	Domain-distal >40 aa	Q9BUJ2:5:593-813	593	813	221
Q9BUJ2	661	Q9BUJ2:R661	273.0	Domain-distal >40 aa	Q9BUJ2:5:593-813	593	813	221
Q9BUJ2	671	Q9BUJ2:R671	283.0	Domain-distal >40 aa	Q9BUJ2:5:593-813	593	813	221
Q9BUJ2	685	Q9BUJ2:R685	297.0	Domain-distal >40 aa	Q9BUJ2:5:593-813	593	813	221
Q9BUJ2	690	Q9BUJ2:R690	302.0	Domain-distal >40 aa	Q9BUJ2:5:593-813	593	813	221
Q9BUP0	12	Q9BUP0:R12	78.0	Domain-distal >40 aa	Q9BUP0:1:1-57	1	57	57
Q9BV68	128	Q9BV68:R128	88.0	Domain-distal >40 aa	Q9BV68:4:93-140	93	140	48
Q9BV68	130	Q9BV68:R130	90.0	Domain-distal >40 aa	Q9BV68:4:93-140	93	140	48
Q9BVG8	17	Q9BVG8:R17	426.0	Domain-distal >40 aa	Q9BVG8:2:15-78	15	78	64
Q9BVG8	45	Q9BVG8:R45	398.0	Domain-distal >40 aa	Q9BVG8:2:15-78	15	78	64
Q9BVG8	54	Q9BVG8:R54	389.0	Domain-distal >40 aa	Q9BVG8:2:15-78	15	78	64
Q9BW19	54	Q9BW19:R54	254.0	Domain-distal >40 aa	Q9BW19:2:22-104	22	104	83
Q9BW62	133	Q9BW62:R133	61.0	Domain-distal >40 aa	Q9BW62:4:95-184	95	184	90
Q9BW62	138	Q9BW62:R138	66.0	Domain-distal >40 aa	Q9BW62:4:95-184	95	184	90
Q9BW71	12	Q9BW71:R12	472.0	Domain-distal >40 aa	Q9BW71:1:1-12	1	12	12
Q9BW71	16	Q9BW71:R16	468.0	Domain-distal >40 aa	Q9BW71:2:15-16	15	16	2
Q9BWF3	358	Q9BWF3:R358	181.0	Domain-distal >40 aa	Q9BWF3:9:358-364	358	364	7
Q9BWH6	38	Q9BWH6:R38	187.0	Domain-distal >40 aa	Q9BWH6:2:33-54	33	54	22
Q9BX10	28	Q9BX10:R28	142.0	Domain-distal >40 aa	Q9BX10:3:10-64	10	64	55
Q9BX40	217	Q9BX40:R217	24.0	Domain edge 21-40 aa	Q9BX40:5:158-240	158	240	83
Q9BX40	218	Q9BX40:R218	23.0	Domain edge 21-40 aa	Q9BX40:5:158-240	158	240	83
Q9BX40	221	Q9BX40:R221	20.0	Domain edge <=20 aa	Q9BX40:5:158-240	158	240	83
Q9BX40	222	Q9BX40:R222	19.0	Domain edge <=20 aa	Q9BX40:5:158-240	158	240	83
Q9BX40	234	Q9BX40:R234	7.0	Domain edge <=20 aa	Q9BX40:5:158-240	158	240	83
Q9BX40	238	Q9BX40:R238	3.0	Domain edge <=20 aa	Q9BX40:5:158-240	158	240	83
Q9BX40	351	Q9BX40:R351	1.0	Domain edge <=20 aa	Q9BX40:6:351-385	351	385	35
Q9BX40	354	Q9BX40:R354	4.0	Domain edge <=20 aa	Q9BX40:6:351-385	351	385	35
Q9BX40	356	Q9BX40:R356	6.0	Domain edge <=20 aa	Q9BX40:6:351-385	351	385	35
Q9BX40	363	Q9BX40:R363	13.0	Domain edge <=20 aa	Q9BX40:6:351-385	351	385	35
Q9BX40	373	Q9BX40:R373	23.0	Domain edge 21-40 aa	Q9BX40:6:351-385	351	385	35
Q9BX40	379	Q9BX40:R379	29.0	Domain edge 21-40 aa	Q9BX40:6:351-385	351	385	35
Q9BXB4	45	Q9BXB4:R45	13.0	Domain edge <=20 aa	Q9BXB4:1:1-50	1	50	50
Q9BXB5	38	Q9BXB5:R38	36.0	Domain edge 21-40 aa	Q9BXB5:1:1-73	1	73	73
Q9BXB5	43	Q9BXB5:R43	31.0	Domain edge 21-40 aa	Q9BXB5:1:1-73	1	73	73
Q9BXF3	660	Q9BXF3:R660	120.0	Domain-distal >40 aa	Q9BXF3:12:555-775	555	775	221
Q9BXF3	700	Q9BXF3:R700	160.0	Domain-distal >40 aa	Q9BXF3:12:555-775	555	775	221
Q9BXF3	703	Q9BXF3:R703	163.0	Domain-distal >40 aa	Q9BXF3:12:555-775	555	775	221
Q9BXF3	823	Q9BXF3:R823	283.0	Domain-distal >40 aa	Q9BXF3:13:795-825	795	825	31
Q9BXF3	832	Q9BXF3:R832	292.0	Domain-distal >40 aa	Q9BXF3:14:831-857	831	857	27
Q9BXF3	1435	Q9BXF3:R1435	895.0	Domain-distal >40 aa	Q9BXF3:30:1435-1484	1435	1484	50
Q9BXF3	1443	Q9BXF3:R1443	903.0	Domain-distal >40 aa	Q9BXF3:30:1435-1484	1435	1484	50
Q9BXP5	20	Q9BXP5:R20	133.0	Domain-distal >40 aa	Q9BXP5:1:1-117	1	117	117
Q9BXP5	25	Q9BXP5:R25	128.0	Domain-distal >40 aa	Q9BXP5:1:1-117	1	117	117
Q9BXP5	41	Q9BXP5:R41	112.0	Domain-distal >40 aa	Q9BXP5:1:1-117	1	117	117
Q9BXP5	45	Q9BXP5:R45	108.0	Domain-distal >40 aa	Q9BXP5:1:1-117	1	117	117
Q9BXP5	47	Q9BXP5:R47	106.0	Domain-distal >40 aa	Q9BXP5:1:1-117	1	117	117
Q9BXP5	52	Q9BXP5:R52	101.0	Domain-distal >40 aa	Q9BXP5:1:1-117	1	117	117
Q9BXP5	855	Q9BXP5:R855	4.0	Domain edge <=20 aa	Q9BXP5:6:852-857	852	857	6
Q9BY76	164	Q9BY76:R164	15.0	Domain edge <=20 aa	Q9BY76:6:158-174	158	174	17
Q9BY89	409	Q9BY89:R409	1217.0	Domain-distal >40 aa	Q9BY89:8:353-432	353	432	80
Q9BY89	1382	Q9BY89:R1382	244.0	Domain-distal >40 aa	Q9BY89:29:1279-1448	1279	1448	170
Q9BYB0	749	Q9BYB0:R749	9.0	Domain edge <=20 aa	Q9BYB0:5:741-1024	741	1024	284
Q9BYB0	750	Q9BYB0:R750	10.0	Domain edge <=20 aa	Q9BYB0:5:741-1024	741	1024	284
Q9BYB0	751	Q9BYB0:R751	11.0	Domain edge <=20 aa	Q9BYB0:5:741-1024	741	1024	284
Q9BYG3	284	Q9BYG3:R284	18.0	Domain edge <=20 aa	Q9BYG3:4:267-293	267	293	27
Q9BYN0	11	Q9BYN0:R11	26.0	Domain edge 21-40 aa	Q9BYN0:1:1-34	1	34	34
Q9BYN0	16	Q9BYN0:R16	21.0	Domain edge 21-40 aa	Q9BYN0:1:1-34	1	34	34
Q9BYN7	308	Q9BYN7:R308	14.0	Domain edge <=20 aa	Q9BYN7:6:301-315	301	315	15
Q9BYW2	411	Q9BYW2:R411	1083.0	Domain-distal >40 aa	Q9BYW2:12:270-564	270	564	295
Q9BYW2	1401	Q9BYW2:R1401	93.0	Domain-distal >40 aa	Q9BYW2:30:1388-1448	1388	1448	61
Q9BZ76	688	Q9BZ76:R688	53.0	Domain-distal >40 aa	Q9BZ76:4:687-700	687	700	14
Q9BZ76	689	Q9BZ76:R689	54.0	Domain-distal >40 aa	Q9BZ76:4:687-700	687	700	14
Q9BZ76	693	Q9BZ76:R693	58.0	Domain-distal >40 aa	Q9BZ76:4:687-700	687	700	14
Q9BZE4	581	Q9BZE4:R581	135.0	Domain-distal >40 aa	Q9BZE4:8:524-586	524	586	63
Q9BZI7	447	Q9BZI7:R447	239.0	Domain-distal >40 aa	Q9BZI7:2:209-483	209	483	275
Q9C0A6	1263	Q9C0A6:R1263	848.0	Domain-distal >40 aa	Q9C0A6:21:1237-1442	1237	1442	206
Q9C0A6	1417	Q9C0A6:R1417	1002.0	Domain-distal >40 aa	Q9C0A6:21:1237-1442	1237	1442	206
Q9C0B5	292	Q9C0B5:R292	70.0	Domain-distal >40 aa	Q9C0B5:5:285-329	285	329	45
Q9C0B5	293	Q9C0B5:R293	71.0	Domain-distal >40 aa	Q9C0B5:5:285-329	285	329	45
Q9C0B5	602	Q9C0B5:R602	380.0	Domain-distal >40 aa	Q9C0B5:6:331-715	331	715	385
Q9C0B5	615	Q9C0B5:R615	393.0	Domain-distal >40 aa	Q9C0B5:6:331-715	331	715	385
Q9C0B5	617	Q9C0B5:R617	395.0	Domain-distal >40 aa	Q9C0B5:6:331-715	331	715	385
Q9C0B5	697	Q9C0B5:R697	475.0	Domain-distal >40 aa	Q9C0B5:6:331-715	331	715	385
Q9C0C2	66	Q9C0C2:R66	1488.0	Domain-distal >40 aa	Q9C0C2:1:1-151	1	151	151
Q9C0C2	181	Q9C0C2:R181	1373.0	Domain-distal >40 aa	Q9C0C2:3:168-456	168	456	289
Q9C0C2	186	Q9C0C2:R186	1368.0	Domain-distal >40 aa	Q9C0C2:3:168-456	168	456	289
Q9C0C2	823	Q9C0C2:R823	731.0	Domain-distal >40 aa	Q9C0C2:11:726-885	726	885	160
Q9C0C7	392	Q9C0C7:R392	228.0	Domain-distal >40 aa	Q9C0C7:4:320-414	320	414	95
Q9C0C7	393	Q9C0C7:R393	229.0	Domain-distal >40 aa	Q9C0C7:4:320-414	320	414	95
Q9C0C7	408	Q9C0C7:R408	244.0	Domain-distal >40 aa	Q9C0C7:4:320-414	320	414	95
Q9C0C7	747	Q9C0C7:R747	583.0	Domain-distal >40 aa	Q9C0C7:16:738-797	738	797	60
Q9C0C7	754	Q9C0C7:R754	590.0	Domain-distal >40 aa	Q9C0C7:16:738-797	738	797	60
Q9C0C7	785	Q9C0C7:R785	621.0	Domain-distal >40 aa	Q9C0C7:16:738-797	738	797	60
Q9C0C7	787	Q9C0C7:R787	623.0	Domain-distal >40 aa	Q9C0C7:16:738-797	738	797	60
Q9C0C7	795	Q9C0C7:R795	631.0	Domain-distal >40 aa	Q9C0C7:16:738-797	738	797	60
Q9C0C7	1224	Q9C0C7:R1224	1060.0	Domain-distal >40 aa	Q9C0C7:22:1183-1298	1183	1298	116
Q9C0J8	782	Q9C0J8:R782	53.0	Domain-distal >40 aa	Q9C0J8:12:730-1336	730	1336	607
Q9C0J8	791	Q9C0J8:R791	62.0	Domain-distal >40 aa	Q9C0J8:12:730-1336	730	1336	607
Q9C0J8	811	Q9C0J8:R811	82.0	Domain-distal >40 aa	Q9C0J8:12:730-1336	730	1336	607
Q9C0J8	828	Q9C0J8:R828	99.0	Domain-distal >40 aa	Q9C0J8:12:730-1336	730	1336	607
Q9C0J8	834	Q9C0J8:R834	105.0	Domain-distal >40 aa	Q9C0J8:12:730-1336	730	1336	607
Q9C0J8	915	Q9C0J8:R915	186.0	Domain-distal >40 aa	Q9C0J8:12:730-1336	730	1336	607
Q9C0J8	942	Q9C0J8:R942	213.0	Domain-distal >40 aa	Q9C0J8:12:730-1336	730	1336	607
Q9C0J8	987	Q9C0J8:R987	258.0	Domain-distal >40 aa	Q9C0J8:12:730-1336	730	1336	607
Q9C0J8	991	Q9C0J8:R991	262.0	Domain-distal >40 aa	Q9C0J8:12:730-1336	730	1336	607
Q9C0J8	1030	Q9C0J8:R1030	301.0	Domain-distal >40 aa	Q9C0J8:12:730-1336	730	1336	607
Q9C0J8	1035	Q9C0J8:R1035	306.0	Domain-distal >40 aa	Q9C0J8:12:730-1336	730	1336	607
Q9C0J8	1046	Q9C0J8:R1046	317.0	Domain-distal >40 aa	Q9C0J8:12:730-1336	730	1336	607
Q9C0J8	1047	Q9C0J8:R1047	318.0	Domain-distal >40 aa	Q9C0J8:12:730-1336	730	1336	607
Q9C0J8	1067	Q9C0J8:R1067	338.0	Domain-distal >40 aa	Q9C0J8:12:730-1336	730	1336	607
Q9C0J8	1071	Q9C0J8:R1071	342.0	Domain-distal >40 aa	Q9C0J8:12:730-1336	730	1336	607
Q9C0J8	1106	Q9C0J8:R1106	377.0	Domain-distal >40 aa	Q9C0J8:12:730-1336	730	1336	607
Q9C0J8	1111	Q9C0J8:R1111	382.0	Domain-distal >40 aa	Q9C0J8:12:730-1336	730	1336	607
Q9C0J8	1121	Q9C0J8:R1121	392.0	Domain-distal >40 aa	Q9C0J8:12:730-1336	730	1336	607
Q9C0J8	1144	Q9C0J8:R1144	415.0	Domain-distal >40 aa	Q9C0J8:12:730-1336	730	1336	607
Q9C0J8	1146	Q9C0J8:R1146	417.0	Domain-distal >40 aa	Q9C0J8:12:730-1336	730	1336	607
Q9C0J8	1153	Q9C0J8:R1153	424.0	Domain-distal >40 aa	Q9C0J8:12:730-1336	730	1336	607
Q9C0J8	1257	Q9C0J8:R1257	528.0	Domain-distal >40 aa	Q9C0J8:12:730-1336	730	1336	607
Q9C0J8	1262	Q9C0J8:R1262	533.0	Domain-distal >40 aa	Q9C0J8:12:730-1336	730	1336	607
Q9C0J8	1270	Q9C0J8:R1270	541.0	Domain-distal >40 aa	Q9C0J8:12:730-1336	730	1336	607
Q9C0J8	1276	Q9C0J8:R1276	547.0	Domain-distal >40 aa	Q9C0J8:12:730-1336	730	1336	607
Q9C0J8	1290	Q9C0J8:R1290	561.0	Domain-distal >40 aa	Q9C0J8:12:730-1336	730	1336	607
Q9C0J8	1305	Q9C0J8:R1305	576.0	Domain-distal >40 aa	Q9C0J8:12:730-1336	730	1336	607
Q9C0J8	1308	Q9C0J8:R1308	579.0	Domain-distal >40 aa	Q9C0J8:12:730-1336	730	1336	607
Q9C0J8	1315	Q9C0J8:R1315	586.0	Domain-distal >40 aa	Q9C0J8:12:730-1336	730	1336	607
Q9C0J8	1325	Q9C0J8:R1325	596.0	Domain-distal >40 aa	Q9C0J8:12:730-1336	730	1336	607
Q9C0K0	262	Q9C0K0:R262	18.0	Domain edge <=20 aa	Q9C0K0:6:259-264	259	264	6
Q9C0K0	322	Q9C0K0:R322	78.0	Domain-distal >40 aa	Q9C0K0:9:302-327	302	327	26
Q9C0K0	671	Q9C0K0:R671	125.0	Domain-distal >40 aa	Q9C0K0:12:626-682	626	682	57
Q9C0K0	751	Q9C0K0:R751	45.0	Domain-distal >40 aa	Q9C0K0:14:735-795	735	795	61
Q9GZR2	129	Q9GZR2:R129	113.0	Domain-distal >40 aa	Q9GZR2:2:77-195	77	195	119
Q9GZT3	7	Q9GZT3:R7	12.0	Domain edge <=20 aa	Q9GZT3:1:1-13	1	13	13
Q9GZT3	13	Q9GZT3:R13	6.0	Domain edge <=20 aa	Q9GZT3:1:1-13	1	13	13
Q9H074	7	Q9H074:R7	152.0	Domain-distal >40 aa	Q9H074:1:1-114	1	114	114
Q9H074	13	Q9H074:R13	146.0	Domain-distal >40 aa	Q9H074:1:1-114	1	114	114
Q9H074	15	Q9H074:R15	144.0	Domain-distal >40 aa	Q9H074:1:1-114	1	114	114
Q9H074	17	Q9H074:R17	142.0	Domain-distal >40 aa	Q9H074:1:1-114	1	114	114
Q9H074	21	Q9H074:R21	138.0	Domain-distal >40 aa	Q9H074:1:1-114	1	114	114
Q9H074	40	Q9H074:R40	119.0	Domain-distal >40 aa	Q9H074:1:1-114	1	114	114
Q9H074	42	Q9H074:R42	117.0	Domain-distal >40 aa	Q9H074:1:1-114	1	114	114
Q9H074	60	Q9H074:R60	99.0	Domain-distal >40 aa	Q9H074:1:1-114	1	114	114
Q9H074	63	Q9H074:R63	96.0	Domain-distal >40 aa	Q9H074:1:1-114	1	114	114
Q9H074	80	Q9H074:R80	79.0	Domain-distal >40 aa	Q9H074:1:1-114	1	114	114
Q9H089	5	Q9H089:R5	159.0	Domain-distal >40 aa	Q9H089:1:1-32	1	32	32
Q9H089	14	Q9H089:R14	150.0	Domain-distal >40 aa	Q9H089:1:1-32	1	32	32
Q9H089	581	Q9H089:R581	131.0	Domain-distal >40 aa	Q9H089:8:581-581	581	581	1
Q9H0B6	477	Q9H0B6:R477	78.0	Domain-distal >40 aa	Q9H0B6:11:474-551	474	551	78
Q9H0B6	542	Q9H0B6:R542	143.0	Domain-distal >40 aa	Q9H0B6:11:474-551	474	551	78
Q9H0D6	806	Q9H0D6:R806	20.0	Domain edge <=20 aa	Q9H0D6:3:806-806	806	806	1
Q9H0D6	864	Q9H0D6:R864	78.0	Domain-distal >40 aa	Q9H0D6:6:863-879	863	879	17
Q9H0D6	870	Q9H0D6:R870	84.0	Domain-distal >40 aa	Q9H0D6:6:863-879	863	879	17
Q9H0D6	921	Q9H0D6:R921	135.0	Domain-distal >40 aa	Q9H0D6:7:904-950	904	950	47
Q9H0D6	922	Q9H0D6:R922	136.0	Domain-distal >40 aa	Q9H0D6:7:904-950	904	950	47
Q9H0D6	925	Q9H0D6:R925	139.0	Domain-distal >40 aa	Q9H0D6:7:904-950	904	950	47
Q9H0D6	928	Q9H0D6:R928	142.0	Domain-distal >40 aa	Q9H0D6:7:904-950	904	950	47
Q9H0D6	933	Q9H0D6:R933	147.0	Domain-distal >40 aa	Q9H0D6:7:904-950	904	950	47
Q9H0D6	936	Q9H0D6:R936	150.0	Domain-distal >40 aa	Q9H0D6:7:904-950	904	950	47
Q9H0D6	946	Q9H0D6:R946	160.0	Domain-distal >40 aa	Q9H0D6:7:904-950	904	950	47
Q9H0E3	5	Q9H0E3:R5	674.0	Domain-distal >40 aa	Q9H0E3:1:1-97	1	97	97
Q9H0E3	34	Q9H0E3:R34	645.0	Domain-distal >40 aa	Q9H0E3:1:1-97	1	97	97
Q9H0E3	444	Q9H0E3:R444	235.0	Domain-distal >40 aa	Q9H0E3:22:439-451	439	451	13
Q9H0E3	463	Q9H0E3:R463	216.0	Domain-distal >40 aa	Q9H0E3:23:457-477	457	477	21
Q9H0K1	547	Q9H0K1:R547	211.0	Domain-distal >40 aa	Q9H0K1:10:547-549	547	549	3
Q9H0L4	311	Q9H0L4:R311	120.0	Domain-distal >40 aa	Q9H0L4:6:251-521	251	521	271
Q9H0L4	316	Q9H0L4:R316	125.0	Domain-distal >40 aa	Q9H0L4:6:251-521	251	521	271
Q9H0L4	327	Q9H0L4:R327	136.0	Domain-distal >40 aa	Q9H0L4:6:251-521	251	521	271
Q9H0L4	338	Q9H0L4:R338	147.0	Domain-distal >40 aa	Q9H0L4:6:251-521	251	521	271
Q9H0L4	352	Q9H0L4:R352	161.0	Domain-distal >40 aa	Q9H0L4:6:251-521	251	521	271
Q9H0L4	373	Q9H0L4:R373	182.0	Domain-distal >40 aa	Q9H0L4:6:251-521	251	521	271
Q9H0L4	381	Q9H0L4:R381	190.0	Domain-distal >40 aa	Q9H0L4:6:251-521	251	521	271
Q9H0L4	389	Q9H0L4:R389	183.0	Domain-distal >40 aa	Q9H0L4:6:251-521	251	521	271
Q9H0L4	396	Q9H0L4:R396	176.0	Domain-distal >40 aa	Q9H0L4:6:251-521	251	521	271
Q9H0L4	403	Q9H0L4:R403	169.0	Domain-distal >40 aa	Q9H0L4:6:251-521	251	521	271
Q9H0L4	410	Q9H0L4:R410	162.0	Domain-distal >40 aa	Q9H0L4:6:251-521	251	521	271
Q9H0L4	413	Q9H0L4:R413	159.0	Domain-distal >40 aa	Q9H0L4:6:251-521	251	521	271
Q9H0L4	461	Q9H0L4:R461	111.0	Domain-distal >40 aa	Q9H0L4:6:251-521	251	521	271
Q9H0L4	468	Q9H0L4:R468	104.0	Domain-distal >40 aa	Q9H0L4:6:251-521	251	521	271
Q9H165	271	Q9H165:R271	78.0	Domain-distal >40 aa	Q9H165:11:252-276	252	276	25
Q9H1B7	535	Q9H1B7:R535	36.0	Domain edge 21-40 aa	Q9H1B7:7:514-578	514	578	65
Q9H1B7	542	Q9H1B7:R542	43.0	Domain-distal >40 aa	Q9H1B7:7:514-578	514	578	65
Q9H1I8	715	Q9H1I8:R715	205.0	Domain-distal >40 aa	Q9H1I8:14:697-757	697	757	61
Q9H1Z4	114	Q9H1Z4:R114	46.0	Domain-distal >40 aa	Q9H1Z4:9:98-116	98	116	19
Q9H211	396	Q9H211:R396	19.0	Domain edge <=20 aa	Q9H211:4:381-414	381	414	34
Q9H2P0	286	Q9H2P0:R286	42.0	Domain-distal >40 aa	Q9H2P0:4:274-288	274	288	15
Q9H2P0	385	Q9H2P0:R385	61.0	Domain-distal >40 aa	Q9H2P0:8:349-397	349	397	49
Q9H2P0	391	Q9H2P0:R391	55.0	Domain-distal >40 aa	Q9H2P0:8:349-397	349	397	49
Q9H2S1	566	Q9H2S1:R566	78.0	Domain-distal >40 aa	Q9H2S1:6:550-579	550	579	30
Q9H2U1	11	Q9H2U1:R11	194.0	Domain-distal >40 aa	Q9H2U1:1:1-61	1	61	61
Q9H2U1	34	Q9H2U1:R34	171.0	Domain-distal >40 aa	Q9H2U1:1:1-61	1	61	61
Q9H2U1	47	Q9H2U1:R47	158.0	Domain-distal >40 aa	Q9H2U1:1:1-61	1	61	61
Q9H2U1	50	Q9H2U1:R50	155.0	Domain-distal >40 aa	Q9H2U1:1:1-61	1	61	61
Q9H2U1	52	Q9H2U1:R52	153.0	Domain-distal >40 aa	Q9H2U1:1:1-61	1	61	61
Q9H307	604	Q9H307:R604	344.0	Domain-distal >40 aa	Q9H307:3:393-717	393	717	325
Q9H329	19	Q9H329:R19	62.0	Domain-distal >40 aa	Q9H329:5:18-51	18	51	34
Q9H329	24	Q9H329:R24	57.0	Domain-distal >40 aa	Q9H329:5:18-51	18	51	34
Q9H361	430	Q9H361:R430	60.0	Domain-distal >40 aa	Q9H361:3:430-472	430	472	43
Q9H361	437	Q9H361:R437	67.0	Domain-distal >40 aa	Q9H361:3:430-472	430	472	43
Q9H361	461	Q9H361:R461	76.0	Domain-distal >40 aa	Q9H361:3:430-472	430	472	43
Q9H361	469	Q9H361:R469	68.0	Domain-distal >40 aa	Q9H361:3:430-472	430	472	43
Q9H3R5	21	Q9H3R5:R21	21.0	Domain edge 21-40 aa	Q9H3R5:1:1-34	1	34	34
Q9H3S7	730	Q9H3S7:R730	29.0	Domain edge 21-40 aa	Q9H3S7:2:702-761	702	761	60
Q9H3S7	950	Q9H3S7:R950	240.0	Domain-distal >40 aa	Q9H3S7:7:857-1168	857	1168	312
Q9H3S7	1595	Q9H3S7:R1595	141.0	Domain-distal >40 aa	Q9H3S7:11:1507-1636	1507	1636	130
Q9H3S7	1615	Q9H3S7:R1615	161.0	Domain-distal >40 aa	Q9H3S7:11:1507-1636	1507	1636	130
Q9H3S7	1618	Q9H3S7:R1618	164.0	Domain-distal >40 aa	Q9H3S7:11:1507-1636	1507	1636	130
Q9H3T2	736	Q9H3T2:R736	220.0	Domain-distal >40 aa	Q9H3T2:6:715-763	715	763	49
Q9H3T3	665	Q9H3T3:R665	111.0	Domain-distal >40 aa	Q9H3T3:3:651-679	651	679	29
Q9H425	293	Q9H425:R293	159.0	Domain-distal >40 aa	Q9H425:2:135-306	135	306	172
Q9H4A4	14	Q9H4A4:R14	10.0	Domain edge <=20 aa	Q9H4A4:1:1-19	1	19	19
Q9H4B6	75	Q9H4B6:R75	124.0	Domain-distal >40 aa	Q9H4B6:7:71-75	71	75	5
Q9H4L4	190	Q9H4L4:R190	108.0	Domain-distal >40 aa	Q9H4L4:2:159-192	159	192	34
Q9H4L4	227	Q9H4L4:R227	71.0	Domain-distal >40 aa	Q9H4L4:4:206-233	206	233	28
Q9H4M7	279	Q9H4M7:R279	84.0	Domain-distal >40 aa	Q9H4M7:3:156-357	156	357	202
Q9H4M7	737	Q9H4M7:R737	243.0	Domain-distal >40 aa	Q9H4M7:6:685-767	685	767	83
Q9H4M7	741	Q9H4M7:R741	247.0	Domain-distal >40 aa	Q9H4M7:6:685-767	685	767	83
Q9H4W6	10	Q9H4W6:R10	9.0	Domain edge <=20 aa	Q9H4W6:1:1-18	1	18	18
Q9H5H4	253	Q9H5H4:R253	8.0	Domain edge <=20 aa	Q9H5H4:9:236-258	236	258	23
Q9H6A9	274	Q9H6A9:R274	1297.0	Domain-distal >40 aa	Q9H6A9:7:252-521	252	521	270
Q9H6A9	619	Q9H6A9:R619	952.0	Domain-distal >40 aa	Q9H6A9:9:539-625	539	625	87
Q9H6A9	702	Q9H6A9:R702	869.0	Domain-distal >40 aa	Q9H6A9:10:685-711	685	711	27
Q9H6E5	13	Q9H6E5:R13	3.0	Domain edge <=20 aa	Q9H6E5:1:1-13	1	13	13
Q9H6K5	99	Q9H6K5:R99	1204.0	Domain-distal >40 aa	Q9H6K5:1:1-408	1	408	408
Q9H6K5	240	Q9H6K5:R240	1063.0	Domain-distal >40 aa	Q9H6K5:1:1-408	1	408	408
Q9H6K5	254	Q9H6K5:R254	1049.0	Domain-distal >40 aa	Q9H6K5:1:1-408	1	408	408
Q9H6K5	260	Q9H6K5:R260	1043.0	Domain-distal >40 aa	Q9H6K5:1:1-408	1	408	408
Q9H6K5	1093	Q9H6K5:R1093	210.0	Domain-distal >40 aa	Q9H6K5:10:695-1241	695	1241	547
Q9H6L4	191	Q9H6L4:R191	64.0	Domain-distal >40 aa	Q9H6L4:3:186-198	186	198	13
Q9H6R0	43	Q9H6R0:R43	19.0	Domain edge <=20 aa	Q9H6R0:1:1-61	1	61	61
Q9H6R0	49	Q9H6R0:R49	13.0	Domain edge <=20 aa	Q9H6R0:1:1-61	1	61	61
Q9H6S0	10	Q9H6S0:R10	20.0	Domain edge <=20 aa	Q9H6S0:1:1-29	1	29	29
Q9H6Y7	277	Q9H6Y7:R277	5.0	Domain edge <=20 aa	Q9H6Y7:3:273-350	273	350	78
Q9H788	259	Q9H788:R259	86.0	Domain-distal >40 aa	Q9H788:8:235-303	235	303	69
Q9H788	268	Q9H788:R268	77.0	Domain-distal >40 aa	Q9H788:8:235-303	235	303	69
Q9H7B2	6	Q9H7B2:R6	25.0	Domain edge 21-40 aa	Q9H7B2:1:1-6	1	6	6
Q9H7E2	245	Q9H7E2:R245	12.0	Domain edge <=20 aa	Q9H7E2:6:234-372	234	372	139
Q9H7E2	247	Q9H7E2:R247	14.0	Domain edge <=20 aa	Q9H7E2:6:234-372	234	372	139
Q9H7N4	497	Q9H7N4:R497	707.0	Domain-distal >40 aa	Q9H7N4:7:375-1092	375	1092	718
Q9H7N4	516	Q9H7N4:R516	688.0	Domain-distal >40 aa	Q9H7N4:7:375-1092	375	1092	718
Q9H7P9	1305	Q9H7P9:R1305	892.0	Domain-distal >40 aa	Q9H7P9:24:1291-1339	1291	1339	49
Q9H7P9	1375	Q9H7P9:R1375	962.0	Domain-distal >40 aa	Q9H7P9:28:1365-1386	1365	1386	22
Q9H7S9	260	Q9H7S9:R260	196.0	Domain-distal >40 aa	Q9H7S9:2:95-294	95	294	200
Q9H845	619	Q9H845:R619	9.0	Domain edge <=20 aa	Q9H845:2:619-620	619	620	2
Q9H8H2	828	Q9H8H2:R828	71.0	Domain-distal >40 aa	Q9H8H2:7:797-851	797	851	55
Q9H8V3	13	Q9H8V3:R13	79.0	Domain-distal >40 aa	Q9H8V3:1:1-13	1	13	13
Q9H8Y8	428	Q9H8Y8:R428	224.0	Domain-distal >40 aa	Q9H8Y8:12:366-452	366	452	87
Q9H992	29	Q9H992:R29	515.0	Domain-distal >40 aa	Q9H992:1:1-64	1	64	64
Q9H992	340	Q9H992:R340	204.0	Domain-distal >40 aa	Q9H992:4:319-345	319	345	27
Q9H992	406	Q9H992:R406	138.0	Domain-distal >40 aa	Q9H992:6:396-474	396	474	79
Q9H9B1	189	Q9H9B1:R189	325.0	Domain-distal >40 aa	Q9H9B1:3:143-236	143	236	94
Q9H9H4	205	Q9H9H4:R205	32.0	Domain edge 21-40 aa	Q9H9H4:2:174-220	174	220	47
Q9H9H4	206	Q9H9H4:R206	33.0	Domain edge 21-40 aa	Q9H9H4:2:174-220	174	220	47
Q9H9H4	218	Q9H9H4:R218	45.0	Domain-distal >40 aa	Q9H9H4:2:174-220	174	220	47
Q9HA92	9	Q9HA92:R9	25.0	Domain edge 21-40 aa	Q9HA92:1:1-10	1	10	10
Q9HAU0	424	Q9HAU0:R424	154.0	Domain-distal >40 aa	Q9HAU0:11:422-424	422	424	3
Q9HAU4	232	Q9HAU4:R232	19.0	Domain edge <=20 aa	Q9HAU4:2:213-234	213	234	22
Q9HAU4	234	Q9HAU4:R234	17.0	Domain edge <=20 aa	Q9HAU4:2:213-234	213	234	22
Q9HAU4	237	Q9HAU4:R237	14.0	Domain edge <=20 aa	Q9HAU4:3:236-250	236	250	15
Q9HAU4	239	Q9HAU4:R239	12.0	Domain edge <=20 aa	Q9HAU4:3:236-250	236	250	15
Q9HB19	317	Q9HB19:R317	17.0	Domain edge <=20 aa	Q9HB19:4:311-334	311	334	24
Q9HB19	333	Q9HB19:R333	33.0	Domain edge 21-40 aa	Q9HB19:4:311-334	311	334	24
Q9HB96	159	Q9HB96:R159	115.0	Domain-distal >40 aa	Q9HB96:3:150-159	150	159	10
Q9HBD1	666	Q9HBD1:R666	228.0	Domain-distal >40 aa	Q9HBD1:13:640-685	640	685	46
Q9HBI1	14	Q9HBI1:R14	73.0	Domain-distal >40 aa	Q9HBI1:1:1-27	1	27	27
Q9HBZ2	42	Q9HBZ2:R42	21.0	Domain edge 21-40 aa	Q9HBZ2:3:35-62	35	62	28
Q9HBZ2	578	Q9HBZ2:R578	130.0	Domain-distal >40 aa	Q9HBZ2:11:546-717	546	717	172
Q9HC52	103	Q9HC52:R103	34.0	Domain edge 21-40 aa	Q9HC52:5:96-242	96	242	147
Q9HCD6	1538	Q9HCD6:R1538	180.0	Domain-distal >40 aa	Q9HCD6:16:1426-1587	1426	1587	162
Q9HCD6	1543	Q9HCD6:R1543	185.0	Domain-distal >40 aa	Q9HCD6:16:1426-1587	1426	1587	162
Q9HCD6	1700	Q9HCD6:R1700	342.0	Domain-distal >40 aa	Q9HCD6:19:1692-1709	1692	1709	18
Q9HCD6	1706	Q9HCD6:R1706	348.0	Domain-distal >40 aa	Q9HCD6:19:1692-1709	1692	1709	18
Q9HCD6	1770	Q9HCD6:R1770	412.0	Domain-distal >40 aa	Q9HCD6:23:1757-1806	1757	1806	50
Q9HCD6	1781	Q9HCD6:R1781	423.0	Domain-distal >40 aa	Q9HCD6:23:1757-1806	1757	1806	50
Q9HCG8	58	Q9HCG8:R58	105.0	Domain-distal >40 aa	Q9HCG8:1:1-130	1	130	130
Q9HCJ0	523	Q9HCJ0:R523	512.0	Domain-distal >40 aa	Q9HCJ0:7:427-931	427	931	505
Q9HCK8	2044	Q9HCK8:R2044	164.0	Domain-distal >40 aa	Q9HCK8:20:2025-2120	2025	2120	96
Q9HD15	33	Q9HD15:R33	29.0	Domain edge 21-40 aa	Q9HD15:1:1-61	1	61	61
Q9HD15	34	Q9HD15:R34	28.0	Domain edge 21-40 aa	Q9HD15:1:1-61	1	61	61
Q9HD15	50	Q9HD15:R50	12.0	Domain edge <=20 aa	Q9HD15:1:1-61	1	61	61
Q9NP61	513	Q9NP61:R513	387.0	Domain-distal >40 aa	Q9NP61:13:511-516	511	516	6
Q9NPF5	8	Q9NPF5:R8	116.0	Domain-distal >40 aa	Q9NPF5:1:1-49	1	49	49
Q9NPG1	549	Q9NPG1:R549	32.0	Domain edge 21-40 aa	Q9NPG1:2:537-666	537	666	130
Q9NQ55	426	Q9NQ55:R426	134.0	Domain-distal >40 aa	Q9NQ55:2:319-473	319	473	155
Q9NQ55	428	Q9NQ55:R428	136.0	Domain-distal >40 aa	Q9NQ55:2:319-473	319	473	155
Q9NQ55	453	Q9NQ55:R453	161.0	Domain-distal >40 aa	Q9NQ55:2:319-473	319	473	155
Q9NQ87	240	Q9NQ87:R240	78.0	Domain-distal >40 aa	Q9NQ87:3:239-310	239	310	72
Q9NQS7	891	Q9NQS7:R891	10.0	Domain edge <=20 aa	Q9NQS7:22:886-902	886	902	17
Q9NQT8	1782	Q9NQT8:R1782	14.0	Domain edge <=20 aa	Q9NQT8:26:1780-1796	1780	1796	17
Q9NQX0	161	Q9NQX0:R161	83.0	Domain-distal >40 aa	Q9NQX0:3:150-163	150	163	14
Q9NR12	103	Q9NR12:R103	18.0	Domain edge <=20 aa	Q9NR12:2:86-233	86	233	148
Q9NR12	117	Q9NR12:R117	32.0	Domain edge 21-40 aa	Q9NR12:2:86-233	86	233	148
Q9NR12	137	Q9NR12:R137	52.0	Domain-distal >40 aa	Q9NR12:2:86-233	86	233	148
Q9NR12	156	Q9NR12:R156	71.0	Domain-distal >40 aa	Q9NR12:2:86-233	86	233	148
Q9NR12	158	Q9NR12:R158	73.0	Domain-distal >40 aa	Q9NR12:2:86-233	86	233	148
Q9NR12	165	Q9NR12:R165	80.0	Domain-distal >40 aa	Q9NR12:2:86-233	86	233	148
Q9NR12	168	Q9NR12:R168	83.0	Domain-distal >40 aa	Q9NR12:2:86-233	86	233	148
Q9NR22	58	Q9NR22:R58	159.0	Domain-distal >40 aa	Q9NR22:3:49-63	49	63	15
Q9NR30	718	Q9NR30:R718	3.0	Domain edge <=20 aa	Q9NR30:2:716-783	716	783	68
Q9NR30	725	Q9NR30:R725	10.0	Domain edge <=20 aa	Q9NR30:2:716-783	716	783	68
Q9NR30	728	Q9NR30:R728	13.0	Domain edge <=20 aa	Q9NR30:2:716-783	716	783	68
Q9NR30	738	Q9NR30:R738	23.0	Domain edge 21-40 aa	Q9NR30:2:716-783	716	783	68
Q9NR48	1508	Q9NR48:R1508	583.0	Domain-distal >40 aa	Q9NR48:49:1481-1508	1481	1508	28
Q9NRC8	11	Q9NRC8:R11	71.0	Domain-distal >40 aa	Q9NRC8:1:1-28	1	28	28
Q9NRC8	388	Q9NRC8:R388	59.0	Domain-distal >40 aa	Q9NRC8:4:348-389	348	389	42
Q9NRF2	211	Q9NRF2:R211	36.0	Domain edge 21-40 aa	Q9NRF2:6:169-223	169	223	55
Q9NRF8	566	Q9NRF8:R566	22.0	Domain edge 21-40 aa	Q9NRF8:1:563-586	563	586	24
Q9NRF9	123	Q9NRF9:R123	50.0	Domain-distal >40 aa	Q9NRF9:2:89-147	89	147	59
Q9NRF9	133	Q9NRF9:R133	60.0	Domain-distal >40 aa	Q9NRF9:2:89-147	89	147	59
Q9NRH2	534	Q9NRH2:R534	200.0	Domain-distal >40 aa	Q9NRH2:12:491-640	491	640	150
Q9NRI5	21	Q9NRI5:R21	762.0	Domain-distal >40 aa	Q9NRI5:1:1-28	1	28	28
Q9NRJ4	950	Q9NRJ4:R950	482.0	Domain-distal >40 aa	Q9NRJ4:20:949-965	949	965	17
Q9NRJ4	972	Q9NRJ4:R972	460.0	Domain-distal >40 aa	Q9NRJ4:21:968-978	968	978	11
Q9NRJ4	977	Q9NRJ4:R977	455.0	Domain-distal >40 aa	Q9NRJ4:21:968-978	968	978	11
Q9NRJ4	1006	Q9NRJ4:R1006	426.0	Domain-distal >40 aa	Q9NRJ4:22:1001-1029	1001	1029	29
Q9NRL2	1285	Q9NRL2:R1285	87.0	Domain-distal >40 aa	Q9NRL2:24:1199-1422	1199	1422	224
Q9NRN7	252	Q9NRN7:R252	11.0	Domain edge <=20 aa	Q9NRN7:3:247-265	247	265	19
Q9NRR4	9	Q9NRR4:R9	710.0	Domain-distal >40 aa	Q9NRR4:1:1-101	1	101	101
Q9NRR4	35	Q9NRR4:R35	684.0	Domain-distal >40 aa	Q9NRR4:1:1-101	1	101	101
Q9NRR4	271	Q9NRR4:R271	448.0	Domain-distal >40 aa	Q9NRR4:2:126-407	126	407	282
Q9NS23	18	Q9NS23:R18	32.0	Domain edge 21-40 aa	Q9NS23:2:18-24	18	24	7
Q9NSK0	571	Q9NSK0:R571	74.0	Domain-distal >40 aa	Q9NSK0:13:571-592	571	592	22
Q9NSV4	7	Q9NSV4:R7	106.0	Domain-distal >40 aa	Q9NSV4:1:1-61	1	61	61
Q9NSV4	28	Q9NSV4:R28	85.0	Domain-distal >40 aa	Q9NSV4:1:1-61	1	61	61
Q9NSV4	31	Q9NSV4:R31	82.0	Domain-distal >40 aa	Q9NSV4:1:1-61	1	61	61
Q9NSV4	603	Q9NSV4:R603	33.0	Domain edge 21-40 aa	Q9NSV4:5:558-622	558	622	65
Q9NSY1	447	Q9NSY1:R447	130.0	Domain-distal >40 aa	Q9NSY1:5:446-504	446	504	59
Q9NTG7	51	Q9NTG7:R51	67.0	Domain-distal >40 aa	Q9NTG7:3:49-75	49	75	27
Q9NTG7	57	Q9NTG7:R57	61.0	Domain-distal >40 aa	Q9NTG7:3:49-75	49	75	27
Q9NU22	4856	Q9NU22:R4856	526.0	Domain-distal >40 aa	Q9NU22:20:4667-5261	4667	5261	595
Q9NU39	406	Q9NU39:R406	205.0	Domain-distal >40 aa	Q9NU39:13:379-408	379	408	30
Q9NUC0	51	Q9NUC0:R51	50.0	Domain-distal >40 aa	Q9NUC0:2:33-55	33	55	23
Q9NUD5	55	Q9NUD5:R55	109.0	Domain-distal >40 aa	Q9NUD5:1:1-160	1	160	160
Q9NUD5	94	Q9NUD5:R94	70.0	Domain-distal >40 aa	Q9NUD5:1:1-160	1	160	160
Q9NV35	8	Q9NV35:R8	1.0	Domain edge <=20 aa	Q9NV35:1:1-8	1	8	8
Q9NVP1	635	Q9NVP1:R635	12.0	Domain edge <=20 aa	Q9NVP1:3:627-650	627	650	24
Q9NVW2	117	Q9NVW2:R117	42.0	Domain-distal >40 aa	Q9NVW2:2:76-280	76	280	205
Q9NVW2	360	Q9NVW2:R360	209.0	Domain-distal >40 aa	Q9NVW2:5:329-363	329	363	35
Q9NVW2	365	Q9NVW2:R365	204.0	Domain-distal >40 aa	Q9NVW2:6:365-365	365	365	1
Q9NW64	395	Q9NW64:R395	90.0	Domain-distal >40 aa	Q9NW64:7:371-420	371	420	50
Q9NW68	366	Q9NW68:R366	163.0	Domain-distal >40 aa	Q9NW68:9:247-400	247	400	154
Q9NW75	159	Q9NW75:R159	306.0	Domain-distal >40 aa	Q9NW75:5:159-159	159	159	1
Q9NW82	573	Q9NW82:R573	74.0	Domain-distal >40 aa	Q9NW82:4:536-582	536	582	47
Q9NW82	576	Q9NW82:R576	77.0	Domain-distal >40 aa	Q9NW82:4:536-582	536	582	47
Q9NWF9	863	Q9NWF9:R863	135.0	Domain-distal >40 aa	Q9NWF9:14:858-866	858	866	9
Q9NWH9	569	Q9NWH9:R569	107.0	Domain-distal >40 aa	Q9NWH9:5:463-602	463	602	140
Q9NWH9	861	Q9NWH9:R861	399.0	Domain-distal >40 aa	Q9NWH9:9:713-1034	713	1034	322
Q9NWH9	914	Q9NWH9:R914	452.0	Domain-distal >40 aa	Q9NWH9:9:713-1034	713	1034	322
Q9NWH9	940	Q9NWH9:R940	478.0	Domain-distal >40 aa	Q9NWH9:9:713-1034	713	1034	322
Q9NWH9	988	Q9NWH9:R988	526.0	Domain-distal >40 aa	Q9NWH9:9:713-1034	713	1034	322
Q9NWH9	1017	Q9NWH9:R1017	555.0	Domain-distal >40 aa	Q9NWH9:9:713-1034	713	1034	322
Q9NWM3	21	Q9NWM3:R21	25.0	Domain edge 21-40 aa	Q9NWM3:1:1-40	1	40	40
Q9NX05	941	Q9NX05:R941	536.0	Domain-distal >40 aa	Q9NX05:15:935-953	935	953	19
Q9NX05	943	Q9NX05:R943	538.0	Domain-distal >40 aa	Q9NX05:15:935-953	935	953	19
Q9NX05	977	Q9NX05:R977	572.0	Domain-distal >40 aa	Q9NX05:17:970-1096	970	1096	127
Q9NXH9	562	Q9NXH9:R562	38.0	Domain edge 21-40 aa	Q9NXH9:5:535-599	535	599	65
Q9NXH9	564	Q9NXH9:R564	36.0	Domain edge 21-40 aa	Q9NXH9:5:535-599	535	599	65
Q9NXL9	1107	Q9NXL9:R1107	503.0	Domain-distal >40 aa	Q9NXL9:12:1107-1109	1107	1109	3
Q9NXZ2	47	Q9NXZ2:R47	19.0	Domain edge <=20 aa	Q9NXZ2:1:1-60	1	60	60
Q9NYB9	205	Q9NYB9:R205	41.0	Domain-distal >40 aa	Q9NYB9:2:167-447	167	447	281
Q9NYB9	230	Q9NYB9:R230	66.0	Domain-distal >40 aa	Q9NYB9:2:167-447	167	447	281
Q9NYB9	237	Q9NYB9:R237	73.0	Domain-distal >40 aa	Q9NYB9:2:167-447	167	447	281
Q9NYB9	355	Q9NYB9:R355	96.0	Domain-distal >40 aa	Q9NYB9:2:167-447	167	447	281
Q9NYB9	359	Q9NYB9:R359	92.0	Domain-distal >40 aa	Q9NYB9:2:167-447	167	447	281
Q9NYJ8	441	Q9NYJ8:R441	222.0	Domain-distal >40 aa	Q9NYJ8:15:427-453	427	453	27
Q9NYL2	670	Q9NYL2:R670	260.0	Domain-distal >40 aa	Q9NYL2:10:650-800	650	800	151
Q9NYL2	672	Q9NYL2:R672	262.0	Domain-distal >40 aa	Q9NYL2:10:650-800	650	800	151
Q9NYL2	683	Q9NYL2:R683	273.0	Domain-distal >40 aa	Q9NYL2:10:650-800	650	800	151
Q9NYL2	693	Q9NYL2:R693	283.0	Domain-distal >40 aa	Q9NYL2:10:650-800	650	800	151
Q9NYL2	695	Q9NYL2:R695	285.0	Domain-distal >40 aa	Q9NYL2:10:650-800	650	800	151
Q9NYL2	707	Q9NYL2:R707	297.0	Domain-distal >40 aa	Q9NYL2:10:650-800	650	800	151
Q9NYL2	709	Q9NYL2:R709	299.0	Domain-distal >40 aa	Q9NYL2:10:650-800	650	800	151
Q9NYL2	795	Q9NYL2:R795	385.0	Domain-distal >40 aa	Q9NYL2:10:650-800	650	800	151
Q9NYP3	29	Q9NYP3:R29	127.0	Domain-distal >40 aa	Q9NYP3:1:1-117	1	117	117
Q9NYP3	56	Q9NYP3:R56	100.0	Domain-distal >40 aa	Q9NYP3:1:1-117	1	117	117
Q9NYP3	64	Q9NYP3:R64	92.0	Domain-distal >40 aa	Q9NYP3:1:1-117	1	117	117
Q9NYQ7	53	Q9NYQ7:R53	273.0	Domain-distal >40 aa	Q9NYQ7:3:53-86	53	86	34
Q9NYV4	329	Q9NYV4:R329	398.0	Domain-distal >40 aa	Q9NYV4:1:1-706	1	706	706
Q9NYV4	330	Q9NYV4:R330	397.0	Domain-distal >40 aa	Q9NYV4:1:1-706	1	706	706
Q9NYV4	331	Q9NYV4:R331	396.0	Domain-distal >40 aa	Q9NYV4:1:1-706	1	706	706
Q9NYV4	449	Q9NYV4:R449	278.0	Domain-distal >40 aa	Q9NYV4:1:1-706	1	706	706
Q9NYV4	1473	Q9NYV4:R1473	453.0	Domain-distal >40 aa	Q9NYV4:15:1464-1490	1464	1490	27
Q9NYZ3	201	Q9NYZ3:R201	30.0	Domain edge 21-40 aa	Q9NYZ3:2:172-308	172	308	137
Q9NYZ3	511	Q9NYZ3:R511	340.0	Domain-distal >40 aa	Q9NYZ3:4:401-522	401	522	122
Q9NYZ3	536	Q9NYZ3:R536	365.0	Domain-distal >40 aa	Q9NYZ3:6:531-640	531	640	110
Q9NZ52	548	Q9NZ52:R548	43.0	Domain-distal >40 aa	Q9NZ52:7:533-550	533	550	18
Q9NZB2	964	Q9NZB2:R964	634.0	Domain-distal >40 aa	Q9NZB2:12:957-973	957	973	17
Q9NZB2	967	Q9NZB2:R967	637.0	Domain-distal >40 aa	Q9NZB2:12:957-973	957	973	17
Q9NZB2	982	Q9NZB2:R982	652.0	Domain-distal >40 aa	Q9NZB2:13:975-988	975	988	14
Q9NZB2	984	Q9NZB2:R984	654.0	Domain-distal >40 aa	Q9NZB2:13:975-988	975	988	14
Q9NZB2	986	Q9NZB2:R986	656.0	Domain-distal >40 aa	Q9NZB2:13:975-988	975	988	14
Q9NZI8	168	Q9NZI8:R168	12.0	Domain edge <=20 aa	Q9NZI8:2:157-191	157	191	35
Q9NZI8	174	Q9NZI8:R174	18.0	Domain edge <=20 aa	Q9NZI8:2:157-191	157	191	35
Q9NZJ0	678	Q9NZJ0:R678	280.0	Domain-distal >40 aa	Q9NZJ0:12:644-707	644	707	64
Q9NZJ7	29	Q9NZJ7:R29	52.0	Domain-distal >40 aa	Q9NZJ7:1:1-76	1	76	76
Q9NZL4	359	Q9NZL4:R359	220.0	Domain-distal >40 aa	Q9NZL4:2:350-359	350	359	10
Q9NZM4	1410	Q9NZM4:R1410	219.0	Domain-distal >40 aa	Q9NZM4:24:1323-1560	1323	1560	238
Q9NZN4	7	Q9NZN4:R7	17.0	Domain edge <=20 aa	Q9NZN4:1:1-15	1	15	15
Q9NZN5	11	Q9NZN5:R11	61.0	Domain-distal >40 aa	Q9NZN5:1:1-63	1	63	63
Q9NZN5	617	Q9NZN5:R617	47.0	Domain-distal >40 aa	Q9NZN5:6:571-719	571	719	149
Q9NZN8	87	Q9NZN8:R87	310.0	Domain-distal >40 aa	Q9NZN8:4:83-192	83	192	110
Q9NZN8	137	Q9NZN8:R137	260.0	Domain-distal >40 aa	Q9NZN8:4:83-192	83	192	110
Q9NZQ3	107	Q9NZQ3:R107	49.0	Domain-distal >40 aa	Q9NZQ3:1:100-132	100	132	33
Q9NZQ3	249	Q9NZQ3:R249	191.0	Domain-distal >40 aa	Q9NZQ3:4:148-309	148	309	162
Q9NZU7	31	Q9NZU7:R31	194.0	Domain-distal >40 aa	Q9NZU7:1:1-204	1	204	204
Q9NZU7	87	Q9NZU7:R87	138.0	Domain-distal >40 aa	Q9NZU7:1:1-204	1	204	204
Q9NZU7	92	Q9NZU7:R92	133.0	Domain-distal >40 aa	Q9NZU7:1:1-204	1	204	204
Q9NZU7	155	Q9NZU7:R155	70.0	Domain-distal >40 aa	Q9NZU7:1:1-204	1	204	204
Q9NZU7	188	Q9NZU7:R188	37.0	Domain edge 21-40 aa	Q9NZU7:1:1-204	1	204	204
Q9NZU7	190	Q9NZU7:R190	35.0	Domain edge 21-40 aa	Q9NZU7:1:1-204	1	204	204
Q9P0J7	149	Q9P0J7:R149	12.0	Domain edge <=20 aa	Q9P0J7:2:141-151	141	151	11
Q9P0J7	159	Q9P0J7:R159	22.0	Domain edge 21-40 aa	Q9P0J7:3:153-194	153	194	42
Q9P0J7	165	Q9P0J7:R165	28.0	Domain edge 21-40 aa	Q9P0J7:3:153-194	153	194	42
Q9P0J7	167	Q9P0J7:R167	30.0	Domain edge 21-40 aa	Q9P0J7:3:153-194	153	194	42
Q9P0J7	168	Q9P0J7:R168	31.0	Domain edge 21-40 aa	Q9P0J7:3:153-194	153	194	42
Q9P0L2	37	Q9P0L2:R37	22.0	Domain edge 21-40 aa	Q9P0L2:1:1-41	1	41	41
Q9P0L2	646	Q9P0L2:R646	100.0	Domain-distal >40 aa	Q9P0L2:9:533-650	533	650	118
Q9P107	862	Q9P107:R862	105.0	Domain-distal >40 aa	Q9P107:7:761-883	761	883	123
Q9P107	867	Q9P107:R867	110.0	Domain-distal >40 aa	Q9P107:7:761-883	761	883	123
Q9P107	874	Q9P107:R874	117.0	Domain-distal >40 aa	Q9P107:7:761-883	761	883	123
Q9P107	878	Q9P107:R878	121.0	Domain-distal >40 aa	Q9P107:7:761-883	761	883	123
Q9P107	905	Q9P107:R905	148.0	Domain-distal >40 aa	Q9P107:8:895-939	895	939	45
Q9P107	909	Q9P107:R909	152.0	Domain-distal >40 aa	Q9P107:8:895-939	895	939	45
Q9P107	911	Q9P107:R911	154.0	Domain-distal >40 aa	Q9P107:8:895-939	895	939	45
Q9P1Y5	371	Q9P1Y5:R371	59.0	Domain-distal >40 aa	Q9P1Y5:3:328-389	328	389	62
Q9P1Y5	823	Q9P1Y5:R823	285.0	Domain-distal >40 aa	Q9P1Y5:7:629-986	629	986	358
Q9P1Y5	1010	Q9P1Y5:R1010	98.0	Domain-distal >40 aa	Q9P1Y5:8:988-1031	988	1031	44
Q9P1Y6	337	Q9P1Y6:R337	104.0	Domain-distal >40 aa	Q9P1Y6:7:320-398	320	398	79
Q9P1Y6	725	Q9P1Y6:R725	492.0	Domain-distal >40 aa	Q9P1Y6:15:642-874	642	874	233
Q9P1Y6	749	Q9P1Y6:R749	516.0	Domain-distal >40 aa	Q9P1Y6:15:642-874	642	874	233
Q9P1Y6	1107	Q9P1Y6:R1107	447.0	Domain-distal >40 aa	Q9P1Y6:17:960-1242	960	1242	283
Q9P1Y6	1188	Q9P1Y6:R1188	366.0	Domain-distal >40 aa	Q9P1Y6:17:960-1242	960	1242	283
Q9P219	1877	Q9P219:R1877	1716.0	Domain-distal >40 aa	Q9P219:29:1666-2022	1666	2022	357
Q9P227	180	Q9P227:R180	25.0	Domain edge 21-40 aa	Q9P227:4:174-195	174	195	22
Q9P227	1335	Q9P227:R1335	238.0	Domain-distal >40 aa	Q9P227:21:1174-1368	1174	1368	195
Q9P227	1339	Q9P227:R1339	242.0	Domain-distal >40 aa	Q9P227:21:1174-1368	1174	1368	195
Q9P227	1377	Q9P227:R1377	280.0	Domain-distal >40 aa	Q9P227:23:1376-1406	1376	1406	31
Q9P227	1387	Q9P227:R1387	290.0	Domain-distal >40 aa	Q9P227:23:1376-1406	1376	1406	31
Q9P258	22	Q9P258:R22	84.0	Domain-distal >40 aa	Q9P258:1:1-93	1	93	93
Q9P258	26	Q9P258:R26	80.0	Domain-distal >40 aa	Q9P258:1:1-93	1	93	93
Q9P258	28	Q9P258:R28	78.0	Domain-distal >40 aa	Q9P258:1:1-93	1	93	93
Q9P258	520	Q9P258:R520	18.0	Domain edge <=20 aa	Q9P258:2:503-522	503	522	20
Q9P281	319	Q9P281:R319	1588.0	Domain-distal >40 aa	Q9P281:14:319-332	319	332	14
Q9P281	744	Q9P281:R744	1163.0	Domain-distal >40 aa	Q9P281:33:710-751	710	751	42
Q9P281	826	Q9P281:R826	1081.0	Domain-distal >40 aa	Q9P281:35:825-827	825	827	3
Q9P286	285	Q9P286:R285	141.0	Domain-distal >40 aa	Q9P286:10:251-304	251	304	54
Q9P291	148	Q9P291:R148	54.0	Domain-distal >40 aa	Q9P291:6:130-184	130	184	55
Q9P2D1	148	Q9P2D1:R148	651.0	Domain-distal >40 aa	Q9P2D1:7:85-288	85	288	204
Q9P2D1	195	Q9P2D1:R195	604.0	Domain-distal >40 aa	Q9P2D1:7:85-288	85	288	204
Q9P2D1	209	Q9P2D1:R209	590.0	Domain-distal >40 aa	Q9P2D1:7:85-288	85	288	204
Q9P2D1	250	Q9P2D1:R250	549.0	Domain-distal >40 aa	Q9P2D1:7:85-288	85	288	204
Q9P2D1	286	Q9P2D1:R286	513.0	Domain-distal >40 aa	Q9P2D1:7:85-288	85	288	204
Q9P2D1	295	Q9P2D1:R295	504.0	Domain-distal >40 aa	Q9P2D1:8:291-312	291	312	22
Q9P2D1	312	Q9P2D1:R312	487.0	Domain-distal >40 aa	Q9P2D1:8:291-312	291	312	22
Q9P2D1	346	Q9P2D1:R346	453.0	Domain-distal >40 aa	Q9P2D1:12:326-460	326	460	135
Q9P2D1	414	Q9P2D1:R414	385.0	Domain-distal >40 aa	Q9P2D1:12:326-460	326	460	135
Q9P2D1	448	Q9P2D1:R448	351.0	Domain-distal >40 aa	Q9P2D1:12:326-460	326	460	135
Q9P2E3	44	Q9P2E3:R44	360.0	Domain-distal >40 aa	Q9P2E3:1:1-142	1	142	142
Q9P2E3	52	Q9P2E3:R52	352.0	Domain-distal >40 aa	Q9P2E3:1:1-142	1	142	142
Q9P2J2	1028	Q9P2J2:R1028	310.0	Domain-distal >40 aa	Q9P2J2:6:1013-1080	1013	1080	68
Q9P2K1	101	Q9P2K1:R101	30.0	Domain edge 21-40 aa	Q9P2K1:1:1-130	1	130	130
Q9P2K1	103	Q9P2K1:R103	28.0	Domain edge 21-40 aa	Q9P2K1:1:1-130	1	130	130
Q9P2K3	440	Q9P2K3:R440	104.0	Domain-distal >40 aa	Q9P2K3:4:345-495	345	495	151
Q9P2K3	445	Q9P2K3:R445	109.0	Domain-distal >40 aa	Q9P2K3:4:345-495	345	495	151
Q9P2K3	457	Q9P2K3:R457	121.0	Domain-distal >40 aa	Q9P2K3:4:345-495	345	495	151
Q9P2K8	5	Q9P2K8:R5	16.0	Domain edge <=20 aa	Q9P2K8:1:1-20	1	20	20
Q9P2K8	10	Q9P2K8:R10	11.0	Domain edge <=20 aa	Q9P2K8:1:1-20	1	20	20
Q9P2K8	12	Q9P2K8:R12	9.0	Domain edge <=20 aa	Q9P2K8:1:1-20	1	20	20
Q9P2M7	11	Q9P2M7:R11	784.0	Domain-distal >40 aa	Q9P2M7:1:1-19	1	19	19
Q9P2M7	194	Q9P2M7:R194	601.0	Domain-distal >40 aa	Q9P2M7:6:186-266	186	266	81
Q9P2M7	196	Q9P2M7:R196	599.0	Domain-distal >40 aa	Q9P2M7:6:186-266	186	266	81
Q9P2N2	238	Q9P2N2:R238	75.0	Domain-distal >40 aa	Q9P2N2:11:207-238	207	238	32
Q9P2N5	148	Q9P2N5:R148	74.0	Domain-distal >40 aa	Q9P2N5:3:88-159	88	159	72
Q9P2N5	382	Q9P2N5:R382	81.0	Domain-distal >40 aa	Q9P2N5:9:311-417	311	417	107
Q9P2N5	411	Q9P2N5:R411	110.0	Domain-distal >40 aa	Q9P2N5:9:311-417	311	417	107
Q9P2N5	433	Q9P2N5:R433	132.0	Domain-distal >40 aa	Q9P2N5:10:432-438	432	438	7
Q9P2N5	442	Q9P2N5:R442	141.0	Domain-distal >40 aa	Q9P2N5:11:440-444	440	444	5
Q9P2N5	515	Q9P2N5:R515	84.0	Domain-distal >40 aa	Q9P2N5:14:510-525	510	525	16
Q9P2N5	943	Q9P2N5:R943	269.0	Domain-distal >40 aa	Q9P2N5:31:938-973	938	973	36
Q9P2N5	961	Q9P2N5:R961	287.0	Domain-distal >40 aa	Q9P2N5:31:938-973	938	973	36
Q9P2N5	963	Q9P2N5:R963	289.0	Domain-distal >40 aa	Q9P2N5:31:938-973	938	973	36
Q9P2N6	4	Q9P2N6:R4	130.0	Domain-distal >40 aa	Q9P2N6:1:1-11	1	11	11
Q9P2N6	8	Q9P2N6:R8	126.0	Domain-distal >40 aa	Q9P2N6:1:1-11	1	11	11
Q9P2R6	578	Q9P2R6:R578	18.0	Domain edge <=20 aa	Q9P2R6:4:561-1138	561	1138	578
Q9UBB4	5	Q9UBB4:R5	365.0	Domain-distal >40 aa	Q9UBB4:1:1-11	1	11	11
Q9UBB4	10	Q9UBB4:R10	360.0	Domain-distal >40 aa	Q9UBB4:1:1-11	1	11	11
Q9UBB5	2	Q9UBB5:R2	143.0	Domain-distal >40 aa	Q9UBB5:1:1-144	1	144	144
Q9UBB5	50	Q9UBB5:R50	95.0	Domain-distal >40 aa	Q9UBB5:1:1-144	1	144	144
Q9UBB5	61	Q9UBB5:R61	84.0	Domain-distal >40 aa	Q9UBB5:1:1-144	1	144	144
Q9UBB5	69	Q9UBB5:R69	76.0	Domain-distal >40 aa	Q9UBB5:1:1-144	1	144	144
Q9UBB5	96	Q9UBB5:R96	49.0	Domain-distal >40 aa	Q9UBB5:1:1-144	1	144	144
Q9UBL3	296	Q9UBL3:R296	27.0	Domain edge 21-40 aa	Q9UBL3:2:270-332	270	332	63
Q9UBR4	9	Q9UBR4:R9	19.0	Domain edge <=20 aa	Q9UBR4:1:1-11	1	11	11
Q9UBU6	9	Q9UBU6:R9	235.0	Domain-distal >40 aa	Q9UBU6:1:1-112	1	112	112
Q9UBU9	15	Q9UBU9:R15	104.0	Domain-distal >40 aa	Q9UBU9:1:1-114	1	114	114
Q9UBU9	21	Q9UBU9:R21	98.0	Domain-distal >40 aa	Q9UBU9:1:1-114	1	114	114
Q9UBU9	82	Q9UBU9:R82	37.0	Domain edge 21-40 aa	Q9UBU9:1:1-114	1	114	114
Q9UBU9	105	Q9UBU9:R105	14.0	Domain edge <=20 aa	Q9UBU9:1:1-114	1	114	114
Q9UBV8	7	Q9UBV8:R7	107.0	Domain-distal >40 aa	Q9UBV8:1:1-113	1	113	113
Q9UBW8	243	Q9UBW8:R243	28.0	Domain edge 21-40 aa	Q9UBW8:1:226-275	226	275	50
Q9UBW8	265	Q9UBW8:R265	50.0	Domain-distal >40 aa	Q9UBW8:1:226-275	226	275	50
Q9UDT6	22	Q9UDT6:R22	59.0	Domain-distal >40 aa	Q9UDT6:1:1-72	1	72	72
Q9UEE5	25	Q9UEE5:R25	26.0	Domain edge 21-40 aa	Q9UEE5:1:1-40	1	40	40
Q9UEE9	106	Q9UEE9:R106	112.0	Domain-distal >40 aa	Q9UEE9:1:1-159	1	159	159
Q9UEG4	618	Q9UEG4:R618	22.0	Domain edge 21-40 aa	Q9UEG4:5:606-652	606	652	47
Q9UEG4	622	Q9UEG4:R622	26.0	Domain edge 21-40 aa	Q9UEG4:5:606-652	606	652	47
Q9UEU0	107	Q9UEU0:R107	10.0	Domain edge <=20 aa	Q9UEU0:2:98-109	98	109	12
Q9UGP4	72	Q9UGP4:R72	398.0	Domain-distal >40 aa	Q9UGP4:5:67-87	67	87	21
Q9UGP4	75	Q9UGP4:R75	395.0	Domain-distal >40 aa	Q9UGP4:5:67-87	67	87	21
Q9UGP4	135	Q9UGP4:R135	335.0	Domain-distal >40 aa	Q9UGP4:6:102-175	102	175	74
Q9UGU0	60	Q9UGU0:R60	1645.0	Domain-distal >40 aa	Q9UGU0:1:1-337	1	337	337
Q9UGU0	1024	Q9UGU0:R1024	681.0	Domain-distal >40 aa	Q9UGU0:14:919-1068	919	1068	150
Q9UH92	26	Q9UH92:R26	103.0	Domain-distal >40 aa	Q9UH92:1:1-65	1	65	65
Q9UH92	29	Q9UH92:R29	100.0	Domain-distal >40 aa	Q9UH92:1:1-65	1	65	65
Q9UH92	31	Q9UH92:R31	98.0	Domain-distal >40 aa	Q9UH92:1:1-65	1	65	65
Q9UHB7	507	Q9UHB7:R507	391.0	Domain-distal >40 aa	Q9UHB7:4:75-897	75	897	823
Q9UHD8	10	Q9UHD8:R10	285.0	Domain-distal >40 aa	Q9UHD8:1:1-51	1	51	51
Q9UHD8	15	Q9UHD8:R15	280.0	Domain-distal >40 aa	Q9UHD8:1:1-51	1	51	51
Q9UHD8	46	Q9UHD8:R46	249.0	Domain-distal >40 aa	Q9UHD8:1:1-51	1	51	51
Q9UHI6	693	Q9UHI6:R693	245.0	Domain-distal >40 aa	Q9UHI6:12:641-746	641	746	106
Q9UHR4	498	Q9UHR4:R498	96.0	Domain-distal >40 aa	Q9UHR4:7:450-511	450	511	62
Q9UHR4	505	Q9UHR4:R505	103.0	Domain-distal >40 aa	Q9UHR4:7:450-511	450	511	62
Q9UHV7	1022	Q9UHV7:R1022	345.0	Domain-distal >40 aa	Q9UHV7:27:953-1059	953	1059	107
Q9UIF8	1021	Q9UIF8:R1021	66.0	Domain-distal >40 aa	Q9UIF8:19:1019-1047	1019	1047	29
Q9UIF9	1768	Q9UIF9:R1768	23.0	Domain edge 21-40 aa	Q9UIF9:33:1766-1789	1766	1789	24
Q9UIF9	1776	Q9UIF9:R1776	15.0	Domain edge <=20 aa	Q9UIF9:33:1766-1789	1766	1789	24
Q9UIF9	1787	Q9UIF9:R1787	4.0	Domain edge <=20 aa	Q9UIF9:33:1766-1789	1766	1789	24
Q9UIS9	593	Q9UIS9:R593	215.0	Domain-distal >40 aa	Q9UIS9:9:588-605	588	605	18
Q9UJ96	140	Q9UJ96:R140	15.0	Domain edge <=20 aa	Q9UJ96:2:129-159	129	159	31
Q9UJA3	6	Q9UJA3:R6	88.0	Domain-distal >40 aa	Q9UJA3:1:1-9	1	9	9
Q9UJK0	8	Q9UJK0:R8	52.0	Domain-distal >40 aa	Q9UJK0:1:1-24	1	24	24
Q9UJU2	241	Q9UJU2:R241	28.0	Domain edge 21-40 aa	Q9UJU2:7:241-297	241	297	57
Q9UJU2	393	Q9UJU2:R393	25.0	Domain edge 21-40 aa	Q9UJU2:8:369-399	369	399	31
Q9UJU6	282	Q9UJU6:R282	89.0	Domain-distal >40 aa	Q9UJU6:4:182-287	182	287	106
Q9UJV9	71	Q9UJV9:R71	110.0	Domain-distal >40 aa	Q9UJV9:3:50-113	50	113	64
Q9UJX5	3	Q9UJX5:R3	24.0	Domain edge 21-40 aa	Q9UJX5:1:1-3	1	3	3
Q9UJY1	15	Q9UJY1:R15	59.0	Domain-distal >40 aa	Q9UJY1:1:1-23	1	23	23
Q9UJY1	65	Q9UJY1:R65	9.0	Domain edge <=20 aa	Q9UJY1:3:62-69	62	69	8
Q9UJY1	71	Q9UJY1:R71	3.0	Domain edge <=20 aa	Q9UJY1:4:71-71	71	71	1
Q9UJZ1	352	Q9UJZ1:R352	32.0	Domain edge 21-40 aa	Q9UJZ1:3:321-356	321	356	36
Q9UK58	471	Q9UK58:R471	157.0	Domain-distal >40 aa	Q9UK58:4:315-526	315	526	212
Q9UK58	473	Q9UK58:R473	159.0	Domain-distal >40 aa	Q9UK58:4:315-526	315	526	212
Q9UKB3	180	Q9UKB3:R180	101.0	Domain-distal >40 aa	Q9UKB3:4:178-187	178	187	10
Q9UKD1	363	Q9UKD1:R363	25.0	Domain edge 21-40 aa	Q9UKD1:6:354-365	354	365	12
Q9UKK3	1449	Q9UKK3:R1449	126.0	Domain-distal >40 aa	Q9UKK3:16:1408-1454	1408	1454	47
Q9UKN7	563	Q9UKN7:R563	653.0	Domain-distal >40 aa	Q9UKN7:14:557-563	557	563	7
Q9UKN7	1095	Q9UKN7:R1095	121.0	Domain-distal >40 aa	Q9UKN7:24:1094-1111	1094	1111	18
Q9UKV3	8	Q9UKV3:R8	64.0	Domain-distal >40 aa	Q9UKV3:1:1-30	1	30	30
Q9UKV3	14	Q9UKV3:R14	58.0	Domain-distal >40 aa	Q9UKV3:1:1-30	1	30	30
Q9UKV3	29	Q9UKV3:R29	43.0	Domain-distal >40 aa	Q9UKV3:1:1-30	1	30	30
Q9UKV3	296	Q9UKV3:R296	189.0	Domain-distal >40 aa	Q9UKV3:6:156-467	156	467	312
Q9UKV3	336	Q9UKV3:R336	229.0	Domain-distal >40 aa	Q9UKV3:6:156-467	156	467	312
Q9UKV3	524	Q9UKV3:R524	417.0	Domain-distal >40 aa	Q9UKV3:7:469-533	469	533	65
Q9UKV3	624	Q9UKV3:R624	387.0	Domain-distal >40 aa	Q9UKV3:9:542-870	542	870	329
Q9UKV3	935	Q9UKV3:R935	76.0	Domain-distal >40 aa	Q9UKV3:11:890-956	890	956	67
Q9UKZ1	41	Q9UKZ1:R41	22.0	Domain edge 21-40 aa	Q9UKZ1:1:1-62	1	62	62
Q9UKZ1	60	Q9UKZ1:R60	3.0	Domain edge <=20 aa	Q9UKZ1:1:1-62	1	62	62
Q9UL46	8	Q9UL46:R8	4.0	Domain edge <=20 aa	Q9UL46:1:1-10	1	10	10
Q9UL49	178	Q9UL49:R178	222.0	Domain-distal >40 aa	Q9UL49:3:139-215	139	215	77
Q9ULD9	455	Q9ULD9:R455	49.0	Domain-distal >40 aa	Q9ULD9:5:411-546	411	546	136
Q9ULD9	471	Q9ULD9:R471	65.0	Domain-distal >40 aa	Q9ULD9:5:411-546	411	546	136
Q9ULE0	493	Q9ULE0:R493	9.0	Domain edge <=20 aa	Q9ULE0:4:486-510	486	510	25
Q9ULE0	500	Q9ULE0:R500	16.0	Domain edge <=20 aa	Q9ULE0:4:486-510	486	510	25
Q9ULG1	1424	Q9ULG1:R1424	164.0	Domain-distal >40 aa	Q9ULG1:18:1412-1472	1412	1472	61
Q9ULG1	1429	Q9ULG1:R1429	169.0	Domain-distal >40 aa	Q9ULG1:18:1412-1472	1412	1472	61
Q9ULH7	806	Q9ULH7:R806	383.0	Domain-distal >40 aa	Q9ULH7:19:799-807	799	807	9
Q9ULI4	4	Q9ULI4:R4	63.0	Domain-distal >40 aa	Q9ULI4:1:1-66	1	66	66
Q9ULI4	1501	Q9ULI4:R1501	768.0	Domain-distal >40 aa	Q9ULI4:23:1333-1730	1333	1730	398
Q9ULI4	1621	Q9ULI4:R1621	888.0	Domain-distal >40 aa	Q9ULI4:23:1333-1730	1333	1730	398
Q9ULI4	1647	Q9ULI4:R1647	914.0	Domain-distal >40 aa	Q9ULI4:23:1333-1730	1333	1730	398
Q9ULJ6	394	Q9ULJ6:R394	169.0	Domain-distal >40 aa	Q9ULJ6:12:314-562	314	562	249
Q9ULJ6	438	Q9ULJ6:R438	125.0	Domain-distal >40 aa	Q9ULJ6:12:314-562	314	562	249
Q9ULK2	823	Q9ULK2:R823	472.0	Domain-distal >40 aa	Q9ULK2:14:767-861	767	861	95
Q9ULL5	36	Q9ULL5:R36	1804.0	Domain-distal >40 aa	Q9ULL5:2:29-39	29	39	11
Q9ULL5	228	Q9ULL5:R228	1612.0	Domain-distal >40 aa	Q9ULL5:18:191-245	191	245	55
Q9ULL5	239	Q9ULL5:R239	1601.0	Domain-distal >40 aa	Q9ULL5:18:191-245	191	245	55
Q9ULL5	405	Q9ULL5:R405	1435.0	Domain-distal >40 aa	Q9ULL5:21:325-588	325	588	264
Q9ULL5	1155	Q9ULL5:R1155	685.0	Domain-distal >40 aa	Q9ULL5:31:1117-1261	1117	1261	145
Q9ULT8	353	Q9ULT8:R353	42.0	Domain-distal >40 aa	Q9ULT8:3:339-361	339	361	23
Q9ULV3	156	Q9ULV3:R156	434.0	Domain-distal >40 aa	Q9ULV3:6:119-475	119	475	357
Q9ULX3	396	Q9ULX3:R396	64.0	Domain-distal >40 aa	Q9ULX3:6:392-412	392	412	21
Q9ULX6	179	Q9ULX6:R179	212.0	Domain-distal >40 aa	Q9ULX6:8:179-190	179	190	12
Q9ULX6	185	Q9ULX6:R185	206.0	Domain-distal >40 aa	Q9ULX6:8:179-190	179	190	12
Q9ULX6	188	Q9ULX6:R188	203.0	Domain-distal >40 aa	Q9ULX6:8:179-190	179	190	12
Q9ULX6	199	Q9ULX6:R199	192.0	Domain-distal >40 aa	Q9ULX6:9:195-200	195	200	6
Q9ULX6	208	Q9ULX6:R208	183.0	Domain-distal >40 aa	Q9ULX6:10:208-208	208	208	1
Q9ULX6	272	Q9ULX6:R272	119.0	Domain-distal >40 aa	Q9ULX6:14:263-381	263	381	119
Q9UMN6	17	Q9UMN6:R17	942.0	Domain-distal >40 aa	Q9UMN6:1:1-71	1	71	71
Q9UMN6	33	Q9UMN6:R33	926.0	Domain-distal >40 aa	Q9UMN6:1:1-71	1	71	71
Q9UMN6	36	Q9UMN6:R36	923.0	Domain-distal >40 aa	Q9UMN6:1:1-71	1	71	71
Q9UMN6	48	Q9UMN6:R48	911.0	Domain-distal >40 aa	Q9UMN6:1:1-71	1	71	71
Q9UMN6	49	Q9UMN6:R49	910.0	Domain-distal >40 aa	Q9UMN6:1:1-71	1	71	71
Q9UMN6	93	Q9UMN6:R93	866.0	Domain-distal >40 aa	Q9UMN6:2:76-240	76	240	165
Q9UMN6	181	Q9UMN6:R181	778.0	Domain-distal >40 aa	Q9UMN6:2:76-240	76	240	165
Q9UMN6	188	Q9UMN6:R188	771.0	Domain-distal >40 aa	Q9UMN6:2:76-240	76	240	165
Q9UMN6	217	Q9UMN6:R217	742.0	Domain-distal >40 aa	Q9UMN6:2:76-240	76	240	165
Q9UMN6	222	Q9UMN6:R222	737.0	Domain-distal >40 aa	Q9UMN6:2:76-240	76	240	165
Q9UMN6	280	Q9UMN6:R280	679.0	Domain-distal >40 aa	Q9UMN6:3:242-304	242	304	63
Q9UMS0	7	Q9UMS0:R7	54.0	Domain-distal >40 aa	Q9UMS0:1:1-9	1	9	9
Q9UMS4	187	Q9UMS4:R187	19.0	Domain edge <=20 aa	Q9UMS4:4:186-197	186	197	12
Q9UN86	418	Q9UN86:R418	9.0	Domain edge <=20 aa	Q9UN86:3:410-482	410	482	73
Q9UN86	432	Q9UN86:R432	23.0	Domain edge 21-40 aa	Q9UN86:3:410-482	410	482	73
Q9UN86	438	Q9UN86:R438	29.0	Domain edge 21-40 aa	Q9UN86:3:410-482	410	482	73
Q9UN86	447	Q9UN86:R447	38.0	Domain edge 21-40 aa	Q9UN86:3:410-482	410	482	73
Q9UN86	452	Q9UN86:R452	43.0	Domain-distal >40 aa	Q9UN86:3:410-482	410	482	73
Q9UN86	457	Q9UN86:R457	48.0	Domain-distal >40 aa	Q9UN86:3:410-482	410	482	73
Q9UN86	468	Q9UN86:R468	59.0	Domain-distal >40 aa	Q9UN86:3:410-482	410	482	73
Q9UN86	476	Q9UN86:R476	67.0	Domain-distal >40 aa	Q9UN86:3:410-482	410	482	73
Q9UNS1	813	Q9UNS1:R813	7.0	Domain edge <=20 aa	Q9UNS1:6:808-819	808	819	12
Q9UNX3	11	Q9UNX3:R11	37.0	Domain edge 21-40 aa	Q9UNX3:1:1-22	1	22	22
Q9UNX3	17	Q9UNX3:R17	31.0	Domain edge 21-40 aa	Q9UNX3:1:1-22	1	22	22
Q9UNY4	389	Q9UNY4:R389	177.0	Domain-distal >40 aa	Q9UNY4:9:387-408	387	408	22
Q9UNZ2	93	Q9UNZ2:R93	83.0	Domain-distal >40 aa	Q9UNZ2:2:54-117	54	117	64
Q9UPA5	2351	Q9UPA5:R2351	1830.0	Domain-distal >40 aa	Q9UPA5:19:2281-2370	2281	2370	90
Q9UPA5	2659	Q9UPA5:R2659	2138.0	Domain-distal >40 aa	Q9UPA5:27:2578-2659	2578	2659	82
Q9UPA5	3750	Q9UPA5:R3750	3229.0	Domain-distal >40 aa	Q9UPA5:52:3564-3904	3564	3904	341
Q9UPN3	7361	Q9UPN3:R7361	169.0	Domain-distal >40 aa	Q9UPN3:35:7201-7388	7201	7388	188
Q9UPN6	917	Q9UPN6:R917	364.0	Domain-distal >40 aa	Q9UPN6:18:882-1069	882	1069	188
Q9UPN6	927	Q9UPN6:R927	374.0	Domain-distal >40 aa	Q9UPN6:18:882-1069	882	1069	188
Q9UPN6	938	Q9UPN6:R938	385.0	Domain-distal >40 aa	Q9UPN6:18:882-1069	882	1069	188
Q9UPN6	967	Q9UPN6:R967	414.0	Domain-distal >40 aa	Q9UPN6:18:882-1069	882	1069	188
Q9UPN6	981	Q9UPN6:R981	428.0	Domain-distal >40 aa	Q9UPN6:18:882-1069	882	1069	188
Q9UPN6	988	Q9UPN6:R988	435.0	Domain-distal >40 aa	Q9UPN6:18:882-1069	882	1069	188
Q9UPN6	1046	Q9UPN6:R1046	493.0	Domain-distal >40 aa	Q9UPN6:18:882-1069	882	1069	188
Q9UPN6	1062	Q9UPN6:R1062	509.0	Domain-distal >40 aa	Q9UPN6:18:882-1069	882	1069	188
Q9UPN6	1073	Q9UPN6:R1073	520.0	Domain-distal >40 aa	Q9UPN6:19:1072-1073	1072	1073	2
Q9UPN6	1120	Q9UPN6:R1120	567.0	Domain-distal >40 aa	Q9UPN6:22:1109-1120	1109	1120	12
Q9UPN6	1124	Q9UPN6:R1124	571.0	Domain-distal >40 aa	Q9UPN6:23:1124-1143	1124	1143	20
Q9UPN6	1129	Q9UPN6:R1129	576.0	Domain-distal >40 aa	Q9UPN6:23:1124-1143	1124	1143	20
Q9UPN6	1133	Q9UPN6:R1133	580.0	Domain-distal >40 aa	Q9UPN6:23:1124-1143	1124	1143	20
Q9UPN6	1139	Q9UPN6:R1139	586.0	Domain-distal >40 aa	Q9UPN6:23:1124-1143	1124	1143	20
Q9UPN9	535	Q9UPN9:R535	90.0	Domain-distal >40 aa	Q9UPN9:6:525-566	525	566	42
Q9UPN9	555	Q9UPN9:R555	110.0	Domain-distal >40 aa	Q9UPN9:6:525-566	525	566	42
Q9UPN9	604	Q9UPN9:R604	159.0	Domain-distal >40 aa	Q9UPN9:7:600-667	600	667	68
Q9UPQ9	1209	Q9UPQ9:R1209	150.0	Domain-distal >40 aa	Q9UPQ9:13:1191-1226	1191	1226	36
Q9UPQ9	1225	Q9UPQ9:R1225	135.0	Domain-distal >40 aa	Q9UPQ9:13:1191-1226	1191	1226	36
Q9UPQ9	1306	Q9UPQ9:R1306	54.0	Domain-distal >40 aa	Q9UPQ9:16:1295-1308	1295	1308	14
Q9UPQ9	1315	Q9UPQ9:R1315	45.0	Domain-distal >40 aa	Q9UPQ9:17:1312-1359	1312	1359	48
Q9UPR0	6	Q9UPR0:R6	131.0	Domain-distal >40 aa	Q9UPR0:1:1-82	1	82	82
Q9UPS6	278	Q9UPS6:R278	85.0	Domain-distal >40 aa	Q9UPS6:2:235-304	235	304	70
Q9UPS6	292	Q9UPS6:R292	99.0	Domain-distal >40 aa	Q9UPS6:2:235-304	235	304	70
Q9UPS6	1538	Q9UPS6:R1538	135.0	Domain-distal >40 aa	Q9UPS6:11:1500-1551	1500	1551	52
Q9UPS6	1547	Q9UPS6:R1547	126.0	Domain-distal >40 aa	Q9UPS6:11:1500-1551	1500	1551	52
Q9UPT8	228	Q9UPT8:R228	162.0	Domain-distal >40 aa	Q9UPT8:1:1-389	1	389	389
Q9UPT8	270	Q9UPT8:R270	120.0	Domain-distal >40 aa	Q9UPT8:1:1-389	1	389	389
Q9UPT8	326	Q9UPT8:R326	64.0	Domain-distal >40 aa	Q9UPT8:1:1-389	1	389	389
Q9UPT8	328	Q9UPT8:R328	62.0	Domain-distal >40 aa	Q9UPT8:1:1-389	1	389	389
Q9UPT8	345	Q9UPT8:R345	45.0	Domain-distal >40 aa	Q9UPT8:1:1-389	1	389	389
Q9UPU9	573	Q9UPU9:R573	190.0	Domain-distal >40 aa	Q9UPU9:10:571-606	571	606	36
Q9UPU9	604	Q9UPU9:R604	221.0	Domain-distal >40 aa	Q9UPU9:10:571-606	571	606	36
Q9UPV0	1249	Q9UPV0:R1249	1160.0	Domain-distal >40 aa	Q9UPV0:34:1226-1252	1226	1252	27
Q9UPW6	347	Q9UPW6:R347	3.0	Domain edge <=20 aa	Q9UPW6:3:343-349	343	349	7
Q9UPZ6	277	Q9UPZ6:R277	30.0	Domain edge 21-40 aa	Q9UPZ6:2:259-315	259	315	57
Q9UQ26	10	Q9UQ26:R10	16.0	Domain edge <=20 aa	Q9UQ26:1:1-25	1	25	25
Q9UQ26	1046	Q9UQ26:R1046	116.0	Domain-distal >40 aa	Q9UQ26:8:1026-1215	1026	1215	190
Q9UQ35	11	Q9UQ35:R11	28.0	Domain edge 21-40 aa	Q9UQ35:1:1-23	1	23	23
Q9UQ35	21	Q9UQ35:R21	18.0	Domain edge <=20 aa	Q9UQ35:1:1-23	1	23	23
Q9UQ35	29	Q9UQ35:R29	10.0	Domain edge <=20 aa	Q9UQ35:3:29-34	29	34	6
Q9UQ35	30	Q9UQ35:R30	9.0	Domain edge <=20 aa	Q9UQ35:3:29-34	29	34	6
Q9UQ35	33	Q9UQ35:R33	6.0	Domain edge <=20 aa	Q9UQ35:3:29-34	29	34	6
Q9UQ35	1195	Q9UQ35:R1195	513.0	Domain-distal >40 aa	Q9UQ35:6:683-2143	683	2143	1461
Q9UQ35	1827	Q9UQ35:R1827	1145.0	Domain-distal >40 aa	Q9UQ35:6:683-2143	683	2143	1461
Q9UQ35	1924	Q9UQ35:R1924	1242.0	Domain-distal >40 aa	Q9UQ35:6:683-2143	683	2143	1461
Q9UQ35	2129	Q9UQ35:R2129	1447.0	Domain-distal >40 aa	Q9UQ35:6:683-2143	683	2143	1461
Q9UQ35	2163	Q9UQ35:R2163	1481.0	Domain-distal >40 aa	Q9UQ35:8:2151-2176	2151	2176	26
Q9UQ35	2328	Q9UQ35:R2328	1646.0	Domain-distal >40 aa	Q9UQ35:10:2310-2344	2310	2344	35
Q9UQ35	2342	Q9UQ35:R2342	1660.0	Domain-distal >40 aa	Q9UQ35:10:2310-2344	2310	2344	35
Q9UQ35	2384	Q9UQ35:R2384	1702.0	Domain-distal >40 aa	Q9UQ35:13:2374-2386	2374	2386	13
Q9UQ35	2392	Q9UQ35:R2392	1710.0	Domain-distal >40 aa	Q9UQ35:14:2389-2460	2389	2460	72
Q9UQ35	2460	Q9UQ35:R2460	1778.0	Domain-distal >40 aa	Q9UQ35:14:2389-2460	2389	2460	72
Q9UQ35	2698	Q9UQ35:R2698	2016.0	Domain-distal >40 aa	Q9UQ35:16:2465-2752	2465	2752	288
Q9UQF2	86	Q9UQF2:R86	402.0	Domain-distal >40 aa	Q9UQF2:4:70-372	70	372	303
Q9Y215	182	Q9Y215:R182	26.0	Domain edge 21-40 aa	Q9Y215:5:157-289	157	289	133
Q9Y242	161	Q9Y242:R161	56.0	Domain-distal >40 aa	Q9Y242:5:147-169	147	169	23
Q9Y247	156	Q9Y247:R156	27.0	Domain edge 21-40 aa	Q9Y247:6:135-161	135	161	27
Q9Y252	220	Q9Y252:R220	137.0	Domain-distal >40 aa	Q9Y252:4:167-366	167	366	200
Q9Y252	236	Q9Y252:R236	153.0	Domain-distal >40 aa	Q9Y252:4:167-366	167	366	200
Q9Y252	247	Q9Y252:R247	164.0	Domain-distal >40 aa	Q9Y252:4:167-366	167	366	200
Q9Y283	726	Q9Y283:R726	173.0	Domain-distal >40 aa	Q9Y283:2:580-833	580	833	254
Q9Y283	734	Q9Y283:R734	181.0	Domain-distal >40 aa	Q9Y283:2:580-833	580	833	254
Q9Y283	799	Q9Y283:R799	246.0	Domain-distal >40 aa	Q9Y283:2:580-833	580	833	254
Q9Y283	810	Q9Y283:R810	257.0	Domain-distal >40 aa	Q9Y283:2:580-833	580	833	254
Q9Y2H5	326	Q9Y2H5:R326	166.0	Domain-distal >40 aa	Q9Y2H5:2:161-342	161	342	182
Q9Y2H5	335	Q9Y2H5:R335	175.0	Domain-distal >40 aa	Q9Y2H5:2:161-342	161	342	182
Q9Y2H5	469	Q9Y2H5:R469	55.0	Domain-distal >40 aa	Q9Y2H5:9:448-469	448	469	22
Q9Y2H5	480	Q9Y2H5:R480	44.0	Domain-distal >40 aa	Q9Y2H5:10:476-482	476	482	7
Q9Y2H5	677	Q9Y2H5:R677	15.0	Domain edge <=20 aa	Q9Y2H5:13:663-865	663	865	203
Q9Y2H6	113	Q9Y2H6:R113	153.0	Domain-distal >40 aa	Q9Y2H6:5:105-118	105	118	14
Q9Y2H6	134	Q9Y2H6:R134	132.0	Domain-distal >40 aa	Q9Y2H6:8:133-155	133	155	23
Q9Y2H9	767	Q9Y2H9:R767	48.0	Domain-distal >40 aa	Q9Y2H9:6:720-911	720	911	192
Q9Y2J4	197	Q9Y2J4:R197	285.0	Domain-distal >40 aa	Q9Y2J4:2:40-233	40	233	194
Q9Y2K2	567	Q9Y2K2:R567	182.0	Domain-distal >40 aa	Q9Y2K2:5:566-618	566	618	53
Q9Y2K2	569	Q9Y2K2:R569	184.0	Domain-distal >40 aa	Q9Y2K2:5:566-618	566	618	53
Q9Y2K2	976	Q9Y2K2:R976	591.0	Domain-distal >40 aa	Q9Y2K2:15:972-992	972	992	21
Q9Y2K2	986	Q9Y2K2:R986	601.0	Domain-distal >40 aa	Q9Y2K2:15:972-992	972	992	21
Q9Y2L6	656	Q9Y2L6:R656	127.0	Domain-distal >40 aa	Q9Y2L6:9:635-704	635	704	70
Q9Y2L6	671	Q9Y2L6:R671	142.0	Domain-distal >40 aa	Q9Y2L6:9:635-704	635	704	70
Q9Y2R0	14	Q9Y2R0:R14	31.0	Domain edge 21-40 aa	Q9Y2R0:1:1-35	1	35	35
Q9Y2V2	49	Q9Y2V2:R49	13.0	Domain edge <=20 aa	Q9Y2V2:1:1-52	1	52	52
Q9Y2W2	178	Q9Y2W2:R178	86.0	Domain-distal >40 aa	Q9Y2W2:7:177-180	177	180	4
Q9Y2W2	192	Q9Y2W2:R192	100.0	Domain-distal >40 aa	Q9Y2W2:8:183-220	183	220	38
Q9Y2W2	485	Q9Y2W2:R485	393.0	Domain-distal >40 aa	Q9Y2W2:9:222-553	222	553	332
Q9Y2X9	403	Q9Y2X9:R403	37.0	Domain edge 21-40 aa	Q9Y2X9:5:376-429	376	429	54
Q9Y2X9	404	Q9Y2X9:R404	38.0	Domain edge 21-40 aa	Q9Y2X9:5:376-429	376	429	54
Q9Y2Y0	162	Q9Y2Y0:R162	28.0	Domain edge 21-40 aa	Q9Y2Y0:3:152-163	152	163	12
Q9Y303	2	Q9Y303:R2	60.0	Domain-distal >40 aa	Q9Y303:1:1-9	1	9	9
Q9Y324	197	Q9Y324:R197	10.0	Domain edge <=20 aa	Q9Y324:2:193-198	193	198	6
Q9Y3I1	479	Q9Y3I1:R479	101.0	Domain-distal >40 aa	Q9Y3I1:9:455-522	455	522	68
Q9Y3I1	481	Q9Y3I1:R481	103.0	Domain-distal >40 aa	Q9Y3I1:9:455-522	455	522	68
Q9Y3I1	498	Q9Y3I1:R498	120.0	Domain-distal >40 aa	Q9Y3I1:9:455-522	455	522	68
Q9Y3I1	504	Q9Y3I1:R504	126.0	Domain-distal >40 aa	Q9Y3I1:9:455-522	455	522	68
Q9Y3I1	508	Q9Y3I1:R508	130.0	Domain-distal >40 aa	Q9Y3I1:9:455-522	455	522	68
Q9Y3R0	435	Q9Y3R0:R435	37.0	Domain edge 21-40 aa	Q9Y3R0:5:428-437	428	437	10
Q9Y3T6	108	Q9Y3T6:R108	27.0	Domain edge 21-40 aa	Q9Y3T6:3:103-119	103	119	17
Q9Y3T6	123	Q9Y3T6:R123	42.0	Domain-distal >40 aa	Q9Y3T6:4:121-134	121	134	14
Q9Y3T6	141	Q9Y3T6:R141	60.0	Domain-distal >40 aa	Q9Y3T6:5:138-144	138	144	7
Q9Y3Y2	51	Q9Y3Y2:R51	106.0	Domain-distal >40 aa	Q9Y3Y2:2:44-65	44	65	22
Q9Y3Y2	110	Q9Y3Y2:R110	47.0	Domain-distal >40 aa	Q9Y3Y2:3:107-122	107	122	16
Q9Y3Y2	114	Q9Y3Y2:R114	43.0	Domain-distal >40 aa	Q9Y3Y2:3:107-122	107	122	16
Q9Y3Y2	118	Q9Y3Y2:R118	39.0	Domain edge 21-40 aa	Q9Y3Y2:3:107-122	107	122	16
Q9Y3Y2	121	Q9Y3Y2:R121	36.0	Domain edge 21-40 aa	Q9Y3Y2:3:107-122	107	122	16
Q9Y3Y2	128	Q9Y3Y2:R128	29.0	Domain edge 21-40 aa	Q9Y3Y2:4:128-129	128	129	2
Q9Y3Y2	140	Q9Y3Y2:R140	17.0	Domain edge <=20 aa	Q9Y3Y2:6:138-141	138	141	4
Q9Y3Y2	148	Q9Y3Y2:R148	9.0	Domain edge <=20 aa	Q9Y3Y2:8:148-156	148	156	9
Q9Y3Y2	152	Q9Y3Y2:R152	5.0	Domain edge <=20 aa	Q9Y3Y2:8:148-156	148	156	9
Q9Y3Y2	153	Q9Y3Y2:R153	4.0	Domain edge <=20 aa	Q9Y3Y2:8:148-156	148	156	9
Q9Y446	81	Q9Y446:R81	269.0	Domain-distal >40 aa	Q9Y446:4:55-107	55	107	53
Q9Y446	261	Q9Y446:R261	89.0	Domain-distal >40 aa	Q9Y446:11:253-263	253	263	11
Q9Y483	480	Q9Y483:R480	64.0	Domain-distal >40 aa	Q9Y483:3:420-498	420	498	79
Q9Y4B4	1245	Q9Y4B4:R1245	349.0	Domain-distal >40 aa	Q9Y4B4:12:1241-1284	1241	1284	44
Q9Y4B4	1252	Q9Y4B4:R1252	356.0	Domain-distal >40 aa	Q9Y4B4:12:1241-1284	1241	1284	44
Q9Y4B5	118	Q9Y4B5:R118	383.0	Domain-distal >40 aa	Q9Y4B5:1:1-185	1	185	185
Q9Y4B5	303	Q9Y4B5:R303	198.0	Domain-distal >40 aa	Q9Y4B5:2:191-351	191	351	161
Q9Y4B5	310	Q9Y4B5:R310	191.0	Domain-distal >40 aa	Q9Y4B5:2:191-351	191	351	161
Q9Y4D1	9	Q9Y4D1:R9	36.0	Domain edge 21-40 aa	Q9Y4D1:1:1-10	1	10	10
Q9Y4F4	27	Q9Y4F4:R27	313.0	Domain-distal >40 aa	Q9Y4F4:2:22-40	22	40	19
Q9Y4F4	37	Q9Y4F4:R37	303.0	Domain-distal >40 aa	Q9Y4F4:2:22-40	22	40	19
Q9Y4F5	602	Q9Y4F5:R602	241.0	Domain-distal >40 aa	Q9Y4F5:10:594-629	594	629	36
Q9Y4F5	609	Q9Y4F5:R609	234.0	Domain-distal >40 aa	Q9Y4F5:10:594-629	594	629	36
Q9Y4F5	781	Q9Y4F5:R781	62.0	Domain-distal >40 aa	Q9Y4F5:11:634-841	634	841	208
Q9Y4F5	783	Q9Y4F5:R783	60.0	Domain-distal >40 aa	Q9Y4F5:11:634-841	634	841	208
Q9Y4G2	468	Q9Y4G2:R468	31.0	Domain edge 21-40 aa	Q9Y4G2:9:352-486	352	486	135
Q9Y4G2	474	Q9Y4G2:R474	25.0	Domain edge 21-40 aa	Q9Y4G2:9:352-486	352	486	135
Q9Y4G2	479	Q9Y4G2:R479	20.0	Domain edge <=20 aa	Q9Y4G2:9:352-486	352	486	135
Q9Y4H2	396	Q9Y4H2:R396	95.0	Domain-distal >40 aa	Q9Y4H2:4:302-417	302	417	116
Q9Y4H2	401	Q9Y4H2:R401	100.0	Domain-distal >40 aa	Q9Y4H2:4:302-417	302	417	116
Q9Y4H2	412	Q9Y4H2:R412	111.0	Domain-distal >40 aa	Q9Y4H2:4:302-417	302	417	116
Q9Y4H2	429	Q9Y4H2:R429	128.0	Domain-distal >40 aa	Q9Y4H2:6:425-505	425	505	81
Q9Y4H2	572	Q9Y4H2:R572	271.0	Domain-distal >40 aa	Q9Y4H2:9:570-572	570	572	3
Q9Y4H2	871	Q9Y4H2:R871	570.0	Domain-distal >40 aa	Q9Y4H2:18:834-1103	834	1103	270
Q9Y4H2	876	Q9Y4H2:R876	575.0	Domain-distal >40 aa	Q9Y4H2:18:834-1103	834	1103	270
Q9Y4H2	884	Q9Y4H2:R884	583.0	Domain-distal >40 aa	Q9Y4H2:18:834-1103	834	1103	270
Q9Y4H2	886	Q9Y4H2:R886	585.0	Domain-distal >40 aa	Q9Y4H2:18:834-1103	834	1103	270
Q9Y4L5	120	Q9Y4L5:R120	107.0	Domain-distal >40 aa	Q9Y4L5:4:95-139	95	139	45
Q9Y4L5	125	Q9Y4L5:R125	102.0	Domain-distal >40 aa	Q9Y4L5:4:95-139	95	139	45
Q9Y4Z0	88	Q9Y4Z0:R88	11.0	Domain edge <=20 aa	Q9Y4Z0:2:86-139	86	139	54
Q9Y4Z0	90	Q9Y4Z0:R90	13.0	Domain edge <=20 aa	Q9Y4Z0:2:86-139	86	139	54
Q9Y4Z0	102	Q9Y4Z0:R102	25.0	Domain edge 21-40 aa	Q9Y4Z0:2:86-139	86	139	54
Q9Y4Z0	109	Q9Y4Z0:R109	32.0	Domain edge 21-40 aa	Q9Y4Z0:2:86-139	86	139	54
Q9Y4Z0	115	Q9Y4Z0:R115	38.0	Domain edge 21-40 aa	Q9Y4Z0:2:86-139	86	139	54
Q9Y4Z0	117	Q9Y4Z0:R117	40.0	Domain edge 21-40 aa	Q9Y4Z0:2:86-139	86	139	54
Q9Y4Z0	125	Q9Y4Z0:R125	48.0	Domain-distal >40 aa	Q9Y4Z0:2:86-139	86	139	54
Q9Y4Z2	68	Q9Y4Z2:R68	9.0	Domain edge <=20 aa	Q9Y4Z2:1:1-76	1	76	76
Q9Y520	255	Q9Y520:R255	95.0	Domain-distal >40 aa	Q9Y520:3:253-304	253	304	52
Q9Y520	266	Q9Y520:R266	106.0	Domain-distal >40 aa	Q9Y520:3:253-304	253	304	52
Q9Y520	279	Q9Y520:R279	119.0	Domain-distal >40 aa	Q9Y520:3:253-304	253	304	52
Q9Y520	281	Q9Y520:R281	121.0	Domain-distal >40 aa	Q9Y520:3:253-304	253	304	52
Q9Y520	293	Q9Y520:R293	133.0	Domain-distal >40 aa	Q9Y520:3:253-304	253	304	52
Q9Y520	400	Q9Y520:R400	240.0	Domain-distal >40 aa	Q9Y520:4:307-730	307	730	424
Q9Y520	422	Q9Y520:R422	262.0	Domain-distal >40 aa	Q9Y520:4:307-730	307	730	424
Q9Y520	715	Q9Y520:R715	555.0	Domain-distal >40 aa	Q9Y520:4:307-730	307	730	424
Q9Y520	747	Q9Y520:R747	587.0	Domain-distal >40 aa	Q9Y520:5:747-795	747	795	49
Q9Y520	804	Q9Y520:R804	644.0	Domain-distal >40 aa	Q9Y520:7:800-1119	800	1119	320
Q9Y520	833	Q9Y520:R833	673.0	Domain-distal >40 aa	Q9Y520:7:800-1119	800	1119	320
Q9Y520	1177	Q9Y520:R1177	1017.0	Domain-distal >40 aa	Q9Y520:8:1121-1649	1121	1649	529
Q9Y520	1186	Q9Y520:R1186	1026.0	Domain-distal >40 aa	Q9Y520:8:1121-1649	1121	1649	529
Q9Y520	1188	Q9Y520:R1188	1028.0	Domain-distal >40 aa	Q9Y520:8:1121-1649	1121	1649	529
Q9Y520	1190	Q9Y520:R1190	1030.0	Domain-distal >40 aa	Q9Y520:8:1121-1649	1121	1649	529
Q9Y520	1196	Q9Y520:R1196	1036.0	Domain-distal >40 aa	Q9Y520:8:1121-1649	1121	1649	529
Q9Y520	1198	Q9Y520:R1198	1038.0	Domain-distal >40 aa	Q9Y520:8:1121-1649	1121	1649	529
Q9Y520	1207	Q9Y520:R1207	1047.0	Domain-distal >40 aa	Q9Y520:8:1121-1649	1121	1649	529
Q9Y520	1212	Q9Y520:R1212	1052.0	Domain-distal >40 aa	Q9Y520:8:1121-1649	1121	1649	529
Q9Y520	1342	Q9Y520:R1342	1182.0	Domain-distal >40 aa	Q9Y520:8:1121-1649	1121	1649	529
Q9Y520	1344	Q9Y520:R1344	1184.0	Domain-distal >40 aa	Q9Y520:8:1121-1649	1121	1649	529
Q9Y520	1349	Q9Y520:R1349	1189.0	Domain-distal >40 aa	Q9Y520:8:1121-1649	1121	1649	529
Q9Y520	1350	Q9Y520:R1350	1190.0	Domain-distal >40 aa	Q9Y520:8:1121-1649	1121	1649	529
Q9Y520	1353	Q9Y520:R1353	1193.0	Domain-distal >40 aa	Q9Y520:8:1121-1649	1121	1649	529
Q9Y520	1358	Q9Y520:R1358	1198.0	Domain-distal >40 aa	Q9Y520:8:1121-1649	1121	1649	529
Q9Y520	1367	Q9Y520:R1367	1207.0	Domain-distal >40 aa	Q9Y520:8:1121-1649	1121	1649	529
Q9Y520	1551	Q9Y520:R1551	1391.0	Domain-distal >40 aa	Q9Y520:8:1121-1649	1121	1649	529
Q9Y520	1565	Q9Y520:R1565	1405.0	Domain-distal >40 aa	Q9Y520:8:1121-1649	1121	1649	529
Q9Y520	1959	Q9Y520:R1959	1799.0	Domain-distal >40 aa	Q9Y520:16:1893-2164	1893	2164	272
Q9Y520	2092	Q9Y520:R2092	1932.0	Domain-distal >40 aa	Q9Y520:16:1893-2164	1893	2164	272
Q9Y520	2679	Q9Y520:R2679	2519.0	Domain-distal >40 aa	Q9Y520:34:2665-2702	2665	2702	38
Q9Y520	2689	Q9Y520:R2689	2529.0	Domain-distal >40 aa	Q9Y520:34:2665-2702	2665	2702	38
Q9Y520	2814	Q9Y520:R2814	2654.0	Domain-distal >40 aa	Q9Y520:41:2814-2815	2814	2815	2
Q9Y520	2823	Q9Y520:R2823	2663.0	Domain-distal >40 aa	Q9Y520:42:2820-2896	2820	2896	77
Q9Y566	887	Q9Y566:R887	126.0	Domain-distal >40 aa	Q9Y566:10:854-892	854	892	39
Q9Y570	16	Q9Y570:R16	63.0	Domain-distal >40 aa	Q9Y570:1:1-44	1	44	44
Q9Y572	486	Q9Y572:R486	199.0	Domain-distal >40 aa	Q9Y572:5:476-518	476	518	43
Q9Y572	508	Q9Y572:R508	221.0	Domain-distal >40 aa	Q9Y572:5:476-518	476	518	43
Q9Y580	190	Q9Y580:R190	103.0	Domain-distal >40 aa	Q9Y580:6:160-209	160	209	50
Q9Y580	198	Q9Y580:R198	111.0	Domain-distal >40 aa	Q9Y580:6:160-209	160	209	50
Q9Y580	201	Q9Y580:R201	114.0	Domain-distal >40 aa	Q9Y580:6:160-209	160	209	50
Q9Y580	211	Q9Y580:R211	124.0	Domain-distal >40 aa	Q9Y580:7:211-233	211	233	23
Q9Y580	215	Q9Y580:R215	128.0	Domain-distal >40 aa	Q9Y580:7:211-233	211	233	23
Q9Y580	229	Q9Y580:R229	142.0	Domain-distal >40 aa	Q9Y580:7:211-233	211	233	23
Q9Y5B9	456	Q9Y5B9:R456	36.0	Domain edge 21-40 aa	Q9Y5B9:3:452-456	452	456	5
Q9Y5B9	1029	Q9Y5B9:R1029	13.0	Domain edge <=20 aa	Q9Y5B9:7:1017-1047	1017	1047	31
Q9Y5B9	1033	Q9Y5B9:R1033	17.0	Domain edge <=20 aa	Q9Y5B9:7:1017-1047	1017	1047	31
Q9Y5B9	1036	Q9Y5B9:R1036	20.0	Domain edge <=20 aa	Q9Y5B9:7:1017-1047	1017	1047	31
Q9Y5R2	8	Q9Y5R2:R8	73.0	Domain-distal >40 aa	Q9Y5R2:1:1-26	1	26	26
Q9Y5R6	52	Q9Y5R6:R52	20.0	Domain edge <=20 aa	Q9Y5R6:1:1-71	1	71	71
Q9Y5S9	38	Q9Y5S9:R38	29.0	Domain edge 21-40 aa	Q9Y5S9:1:1-66	1	66	66
Q9Y5V3	267	Q9Y5V3:R267	204.0	Domain-distal >40 aa	Q9Y5V3:8:170-334	170	334	165
Q9Y5V3	314	Q9Y5V3:R314	157.0	Domain-distal >40 aa	Q9Y5V3:8:170-334	170	334	165
Q9Y617	5	Q9Y617:R5	3.0	Domain edge <=20 aa	Q9Y617:1:1-6	1	6	6
Q9Y618	18	Q9Y618:R18	124.0	Domain-distal >40 aa	Q9Y618:1:1-25	1	25	25
Q9Y618	1226	Q9Y618:R1226	565.0	Domain-distal >40 aa	Q9Y618:15:1226-1228	1226	1228	3
Q9Y618	1352	Q9Y618:R1352	691.0	Domain-distal >40 aa	Q9Y618:19:1334-1360	1334	1360	27
Q9Y618	1556	Q9Y618:R1556	895.0	Domain-distal >40 aa	Q9Y618:23:1505-1611	1505	1611	107
Q9Y618	1563	Q9Y618:R1563	902.0	Domain-distal >40 aa	Q9Y618:23:1505-1611	1505	1611	107
Q9Y618	1568	Q9Y618:R1568	907.0	Domain-distal >40 aa	Q9Y618:23:1505-1611	1505	1611	107
Q9Y618	1757	Q9Y618:R1757	1096.0	Domain-distal >40 aa	Q9Y618:24:1743-1918	1743	1918	176
Q9Y620	244	Q9Y620:R244	48.0	Domain-distal >40 aa	Q9Y620:6:237-255	237	255	19
Q9Y6H1	27	Q9Y6H1:R27	87.0	Domain-distal >40 aa	Q9Y6H1:1:1-54	1	54	54
Q9Y6I3	534	Q9Y6I3:R534	390.0	Domain-distal >40 aa	Q9Y6I3:9:444-576	444	576	133
Q9Y6J0	1831	Q9Y6J0:R1831	325.0	Domain-distal >40 aa	Q9Y6J0:22:1666-1849	1666	1849	184
Q9Y6J0	1842	Q9Y6J0:R1842	314.0	Domain-distal >40 aa	Q9Y6J0:22:1666-1849	1666	1849	184
Q9Y6J9	381	Q9Y6J9:R381	16.0	Domain edge <=20 aa	Q9Y6J9:3:375-392	375	392	18
Q9Y6J9	387	Q9Y6J9:R387	22.0	Domain edge 21-40 aa	Q9Y6J9:3:375-392	375	392	18
Q9Y6K5	378	Q9Y6K5:R378	37.0	Domain edge 21-40 aa	Q9Y6K5:3:373-394	373	394	22
Q9Y6L7	29	Q9Y6L7:R29	120.0	Domain-distal >40 aa	Q9Y6L7:2:20-51	20	51	32
Q9Y6N7	1237	Q9Y6N7:R1237	363.0	Domain-distal >40 aa	Q9Y6N7:19:1121-1341	1121	1341	221
Q9Y6Q9	951	Q9Y6Q9:R951	94.0	Domain-distal >40 aa	Q9Y6Q9:11:880-969	880	969	90
Q9Y6Q9	964	Q9Y6Q9:R964	81.0	Domain-distal >40 aa	Q9Y6Q9:11:880-969	880	969	90
Q9Y6R9	308	Q9Y6R9:R308	33.0	Domain edge 21-40 aa	Q9Y6R9:2:276-481	276	481	206
Q9Y6R9	310	Q9Y6R9:R310	35.0	Domain edge 21-40 aa	Q9Y6R9:2:276-481	276	481	206
Q9Y6V7	464	Q9Y6V7:R464	82.0	Domain-distal >40 aa	Q9Y6V7:3:436-483	436	483	48
Q9Y6V7	467	Q9Y6V7:R467	85.0	Domain-distal >40 aa	Q9Y6V7:3:436-483	436	483	48
Q9Y6Y8	184	Q9Y6Y8:R184	88.0	Domain-distal >40 aa	Q9Y6Y8:8:159-252	159	252	94
