ID	Description	GeneRatio	BgRatio	RichFactor	FoldEnrichment	zScore	pvalue	p.adjust	qvalue	geneID	Count
GO:0003723	RNA binding	76/357	1671/18100	0.0454817474566128	2.30593733603555	7.94790871173918	2.86145636848716e-12	1.47651148613937e-09	1.34036640418609e-09	AARS1/AARS2/AHCYL1/ANP32A/C11orf68/C9orf78/CCDC9B/CFAP20/CHCHD1/CHTOP/CMSS1/CWC15/DDX43/DHX57/DIDO1/DTD1/ESF1/FAM120A/FARSB/FTSJ3/HNRNPU/KCTD12/KNOP1/LSM14A/LSM14B/LUC7L2/MCRIP2/METTL1/MRPL39/MRPS6/MRTO4/MYH10/MYH4/MYH9/NCBP3/NME1/NOC3L/NOM1/NOP14/NOP9/NSUN5P1/NSUN5P2/PABPC1L/PABPC3/PINX1/PIWIL1/PIWIL2/PRPF6/QKI/RAMAC/RBM15B/RBM26/RBM5/RBMXL2/RRP36/RTCB/RTRAF/SDE2/SLIRP/SMG6/SMG7/SNRPGP15/SON/SPOUT1/SYNE1/THOC5/THUMPD2/TRIR/UTP23/UTP25/UTP6/WDR46/YLPM1/YTHDF1/ZC3H4/ZCCHC3	76
GO:0030527	structural constituent of chromatin	10/357	62/18100	0.161290322580645	8.17746453420078	8.03009309985818	3.39631645056644e-07	8.76249644246143e-05	7.95453063422141e-05	H2AC11/H2AC18/H2AC4/H2BC1/H2BC19P/H2BC4/H2BW1/H3-3A/H3C1/H3C15	10
GO:0003676	nucleic acid binding	118/357	3952/18100	0.0298582995951417	1.51382415314304	5.18230929453978	5.21749089434056e-07	8.97408433826577e-05	8.14660858940895e-05	AARS1/AARS2/AARSD1/AHCTF1/AHCYL1/ANP32A/APP/ARID1A/ASXL2/ATAD5/C11orf68/C9orf78/CASZ1/CC2D1A/CCDC9B/CFAP20/CHCHD1/CHCHD2/CHTF18/CHTOP/CMSS1/CWC15/DDX43/DHX57/DIDO1/DNTTIP1/DTD1/EHMT2/ESF1/FAM120A/FARSB/FTSJ3/GCFC2/GLYR1/GTF3C4/H1-7/H2AC11/H2AC18/H2AC4/H2BC1/H2BC19P/H2BC4/H2BW1/H3-3A/H3C1/H3C15/HNRNPU/HROB/JPH2/KCTD12/KDM3B/KNOP1/LSM14A/LSM14B/LUC7L2/MAP1S/MCM8/MCM9/MCRIP2/METTL1/MIDEAS/MPG/MRPL39/MRPS6/MRTO4/MYH10/MYH4/MYH9/NCBP3/NME1/NME2/NOC3L/NOM1/NOP14/NOP9/NSUN5P1/NSUN5P2/OTUD7A/PABPC1L/PABPC3/PAGE4/PINX1/PIWIL1/PIWIL2/PRPF6/QKI/RAMAC/RBM15B/RBM26/RBM5/RBMXL2/REXO2/RMI2/RRP36/RTCB/RTRAF/SDE2/SLIRP/SMG6/SMG7/SNRPGP15/SON/SPOUT1/SYNE1/TCEA2/THOC5/THUMPD2/TOX4/TRIR/UTP23/UTP25/UTP6/WDR46/YLPM1/YTHDF1/ZC3H4/ZCCHC3/ZNF213	118
GO:0140640	catalytic activity, acting on a nucleic acid	32/357	655/18100	0.0488549618320611	2.47696024974875	5.4613730382276	2.42611358195792e-06	0.000302082359431728	0.000274228172066746	AARS1/AARS2/AARSD1/ATAD5/CHTF18/DDX43/DHX57/DTD1/FARSB/FTSJ3/MCM8/MCM9/METTL1/MPG/NME1/NME7/NOB1/NSUN5P1/NSUN5P2/PCIF1/PIWIL1/PIWIL2/PTRHD1/REXO2/RTCB/SMG6/SPOUT1/THUMPD2/TRIR/TRMT61A/TSR3/USB1	32
GO:0140098	catalytic activity, acting on RNA	24/357	416/18100	0.0576923076923077	2.92501616031028	5.63428308663462	2.92715464565628e-06	0.000302082359431728	0.000274228172066746	AARS1/AARS2/AARSD1/DDX43/DHX57/DTD1/FARSB/FTSJ3/METTL1/NOB1/NSUN5P1/NSUN5P2/PCIF1/PIWIL1/PIWIL2/PTRHD1/REXO2/RTCB/SMG6/SPOUT1/THUMPD2/TRMT61A/TSR3/USB1	24
GO:0000146	microfilament motor activity	7/357	38/18100	0.184210526315789	9.33952528379773	7.29958350037103	8.16155296747738e-06	0.000701893555203055	0.000637173872022357	MYH1/MYH10/MYH11/MYH14/MYH2/MYH4/MYH9	7
GO:0008173	RNA methyltransferase activity	8/357	67/18100	0.119402985074627	6.05376478949789	5.87849708372131	5.01038730284895e-05	0.00369337121181437	0.00335281556356058	FTSJ3/METTL1/NSUN5P1/NSUN5P2/PCIF1/SPOUT1/THUMPD2/TRMT61A	8
GO:0051015	actin filament binding	14/357	208/18100	0.0673076923076923	3.41251885369532	4.96387470236883	6.91124106651198e-05	0.00445775048790023	0.00404671351920767	ABLIM1/AIF1L/MAP1S/MISP/MYH1/MYH10/MYH11/MYH14/MYH2/MYH4/MYH9/NEBL/SYNE1/TPM1	14
GO:0003729	mRNA binding	19/357	358/18100	0.053072625698324	2.69079698918674	4.58331349305952	9.73582046842339e-05	0.00502368336170647	0.00456046327205096	DDX43/HNRNPU/LSM14A/LSM14B/LUC7L2/MYH10/NCBP3/PABPC1L/PABPC3/PIWIL1/PIWIL2/QKI/RBM15B/RBM5/RBMXL2/SLIRP/THOC5/UTP23/YTHDF1	19
GO:0002161	aminoacyl-tRNA deacylase activity	4/357	13/18100	0.307692307692308	15.6000861883215	7.46950286560549	9.24189972490817e-05	0.00502368336170647	0.00456046327205096	AARS1/AARS2/AARSD1/DTD1	4
GO:0044877	protein-containing complex binding	45/357	1290/18100	0.0348837209302326	1.76861442251319	4.06319251388926	0.000136214655307356	0.00570218652948376	0.00517640352023719	ABLIM1/AIF1L/APP/ARID1A/BRK1/DNAAF8/DNTTIP1/EPOP/GLYR1/GTPBP6/H1-7/H3-3A/HNRNPU/IGF2/IST1/LCA5/LTN1/MAP1S/MCM8/MCM9/MCRIP2/MISP/MYH1/MYH10/MYH11/MYH14/MYH2/MYH4/MYH9/NEBL/NME1/NOPCHAP1/NPLOC4/PINX1/PIWIL1/PRPF6/SCFD1/SMG6/SORL1/SPAST/SYNE1/TPM1/TSSC4/YTHDF1/ZNHIT6	45
GO:0120544	polypeptide conformation or assembly isomerase activity	10/357	120/18100	0.0833333333333333	4.2250233426704	5.02778286493539	0.000133434542642865	0.00570218652948376	0.00517640352023719	KIF1A/KIF6/MYH1/MYH10/MYH11/MYH14/MYH2/MYH4/MYH9/SPAST	10
GO:0044183	protein folding chaperone	8/357	78/18100	0.102564102564103	5.20002872944049	5.27285637065823	0.000149259958775632	0.00570218652948376	0.00517640352023719	AHSA1/CCT6B/CCT8/DFFA/HSP90AB3P/HSP90B2P/HSPA7/HYPK	8
GO:0070063	RNA polymerase binding	7/357	59/18100	0.11864406779661	6.01528747092057	5.47317589703212	0.000154710487234055	0.00570218652948376	0.00517640352023719	ANP32B/CDC73/DHX57/HNRNPU/PCIF1/RPRD1B/RTRAF	7
GO:0003774	cytoskeletal motor activity	9/357	114/18100	0.0789473684210526	4.00265369305617	4.56182109602833	0.000429606644833335	0.0147784685822667	0.0134157864526901	KIF1A/KIF6/MYH1/MYH10/MYH11/MYH14/MYH2/MYH4/MYH9	9
GO:0120543	macromolecular conformation isomerase activity	15/357	281/18100	0.0533807829181495	2.70642064655044	4.08926697332457	0.000489687984458098	0.0148634705870811	0.013492950655347	CHTF18/DDX43/DHX57/KIF1A/KIF6/MCM8/MCM9/MYH1/MYH10/MYH11/MYH14/MYH2/MYH4/MYH9/SPAST	15
GO:0008757	S-adenosylmethionine-dependent methyltransferase activity	11/357	166/18100	0.0662650602409639	3.35965711585839	4.33223725652311	0.000467100259891051	0.0148634705870811	0.013492950655347	EHMT2/FTSJ3/METTL1/NSUN5P1/NSUN5P2/NTMT1/PCIF1/PRDM6/SPOUT1/THUMPD2/TRMT61A	11
GO:0000993	RNA polymerase II complex binding	5/357	35/18100	0.142857142857143	7.24289715886355	5.24383589131074	0.000579152446585698	0.0166023701354567	0.0150715110368793	CDC73/HNRNPU/PCIF1/RPRD1B/RTRAF	5
GO:0070034	telomerase RNA binding	4/357	22/18100	0.181818181818182	9.21823274764451	5.47094637434391	0.000821672484968198	0.0212511492893607	0.0192916389917697	HNRNPU/PINX1/SMG6/SMG7	4
GO:0099122	RNA polymerase II C-terminal domain binding	3/357	10/18100	0.3	15.2100840336134	6.37566125584202	0.000823687956951965	0.0212511492893607	0.0192916389917697	HNRNPU/PCIF1/RPRD1B	3
GO:0001098	basal transcription machinery binding	6/357	59/18100	0.101694915254237	5.15596068936049	4.53539383453242	0.00105455543474021	0.0242985463139036	0.0220580438794107	CDC73/HNRNPU/PCIF1/RPRD1B/RTRAF/ZNHIT6	6
GO:0001099	basal RNA polymerase II transcription machinery binding	6/357	59/18100	0.101694915254237	5.15596068936049	4.53539383453242	0.00105455543474021	0.0242985463139036	0.0220580438794107	CDC73/HNRNPU/PCIF1/RPRD1B/RTRAF/ZNHIT6	6
GO:0140662	ATP-dependent protein folding chaperone	5/357	40/18100	0.125	6.3375350140056	4.7935772601144	0.00108307473879803	0.0242985463139036	0.0220580438794107	CCT6B/CCT8/HSP90AB3P/HSP90B2P/HSPA7	5
GO:0043175	RNA polymerase core enzyme binding	5/357	41/18100	0.121951219512195	6.18296098927376	4.71271190159329	0.00121382262404848	0.0260971864170424	0.0236908363027007	CDC73/HNRNPU/PCIF1/RPRD1B/RTRAF	5
GO:0008174	mRNA methyltransferase activity	3/357	12/18100	0.25	12.6750700280112	5.73855719254337	0.00146642495902621	0.0302670111543009	0.027476172916491	METTL1/PCIF1/TRMT61A	3
GO:0008168	methyltransferase activity	11/357	199/18100	0.0552763819095477	2.80252804639444	3.62675146008697	0.00204914445532367	0.0406676361133467	0.0369177847214184	EHMT2/FTSJ3/METTL1/NSUN5P1/NSUN5P2/NTMT1/PCIF1/PRDM6/SPOUT1/THUMPD2/TRMT61A	11
GO:0140657	ATP-dependent activity	22/357	578/18100	0.0380622837370242	1.92976844717126	3.22251358448423	0.00262922343267896	0.0502473811578646	0.0456142077014479	ATAD5/CCT6B/CCT8/CHTF18/DDX43/DHX57/HSP90AB3P/HSP90B2P/HSPA7/KIF1A/KIF6/MCM8/MCM9/MYH1/MYH10/MYH11/MYH14/MYH2/MYH4/MYH9/RNF213/SPAST	22
GO:0140101	catalytic activity, acting on a tRNA	9/357	150/18100	0.06	3.04201680672269	3.56221876493125	0.0029692475151189	0.0547189899214768	0.0496735016627034	AARS1/AARS2/AARSD1/DTD1/FARSB/METTL1/PTRHD1/THUMPD2/TRMT61A	9
GO:0016741	transferase activity, transferring one-carbon groups	11/357	210/18100	0.0523809523809524	2.65572895824997	3.42327346259943	0.00310771439672429	0.0552958837486115	0.050197201689376	EHMT2/FTSJ3/METTL1/NSUN5P1/NSUN5P2/NTMT1/PCIF1/PRDM6/SPOUT1/THUMPD2/TRMT61A	11
GO:0003779	actin binding	18/357	445/18100	0.0404494382022472	2.05079784722878	3.18356110958541	0.00334616180584179	0.0556974029617537	0.0505616979150967	ABLIM1/AIF1L/GIPC1/HNRNPU/INF2/MAP1S/MISP/MYH1/MYH10/MYH11/MYH14/MYH2/MYH4/MYH9/NEBL/SYNE1/TPM1/TPRN	18
GO:0061980	regulatory RNA binding	5/357	51/18100	0.0980392156862745	4.9706156972593	4.02776610224638	0.00324103764300076	0.0556974029617537	0.0505616979150967	HNRNPU/PIWIL1/PIWIL2/QKI/SPOUT1	5
GO:0030515	snoRNA binding	4/357	32/18100	0.125	6.3375350140056	4.28655654527769	0.00345930029239262	0.055781217214831	0.0506377838853525	NOP14/SDE2/UTP25/UTP6	4
GO:0008092	cytoskeletal protein binding	32/357	1000/18100	0.032	1.62240896358543	2.87227259867247	0.0049197785166853	0.0769274458972611	0.0698341767121199	ABLIM1/AIF1L/ANXA2P2/BRSK2/EML4/FAM83D/GIPC1/HNRNPU/INF2/KIF1A/KIF6/MAP1S/MID1/MISP/MYH1/MYH10/MYH11/MYH14/MYH2/MYH4/MYH9/MYOC/NEBL/REEP4/RTCB/SKA1/SPAG9/SPAST/STMN1/SYNE1/TPM1/TPRN	32
GO:0016887	ATP hydrolysis activity	16/357	396/18100	0.0404040404040404	2.04849616614323	2.99244799119596	0.005574839847094	0.0846063929735443	0.0768050691008307	ATAD5/CCT6B/CCT8/CHTF18/DDX43/DHX57/HSP90AB3P/HSP90B2P/HSPA7/KIF1A/KIF6/MCM8/MCM9/MYH4/RNF213/SPAST	16
GO:0008408	3'-5' exonuclease activity	5/357	60/18100	0.0833333333333333	4.2250233426704	3.54926227326574	0.00652713643032107	0.0962286399441621	0.0873556604960264	NME1/NME7/REXO2/TRIR/USB1	5
GO:1904047	S-adenosyl-L-methionine binding	3/357	20/18100	0.15	7.60504201680672	4.19217343117713	0.00676112736809178	0.0969094922759821	0.0879737332982702	PCIF1/SPOUT1/TSR3	3
GO:0008296	3'-5'-DNA exonuclease activity	3/357	21/18100	0.142857142857143	7.24289715886355	4.06028480194413	0.00777417884958157	0.108418278010381	0.0984213254072204	NME1/NME7/REXO2	3
GO:0004812	aminoacyl-tRNA ligase activity	4/357	41/18100	0.0975609756097561	4.94636879141901	3.58831548411918	0.00848135688400714	0.112214875696094	0.101867849214121	AARS1/AARS2/AARSD1/FARSB	4
GO:0016875	ligase activity, forming carbon-oxygen bonds	4/357	41/18100	0.0975609756097561	4.94636879141901	3.58831548411918	0.00848135688400714	0.112214875696094	0.101867849214121	AARS1/AARS2/AARSD1/FARSB	4
GO:0070182	DNA polymerase binding	3/357	22/18100	0.136363636363636	6.91367456073338	3.93678268680906	0.00887194301241525	0.114448064860157	0.103895122119073	HSP90AB3P/PAXX/SMG6	3
GO:0017116	single-stranded DNA helicase activity	3/357	23/18100	0.130434782608696	6.61308001461454	3.82076075207858	0.0100558377587517	0.126556397158924	0.114886978245045	CHTF18/MCM8/MCM9	3
GO:0140102	catalytic activity, acting on a rRNA	3/357	24/18100	0.125	6.3375350140056	3.71144529233523	0.011327092290436	0.139161419568214	0.126329726046216	FTSJ3/SPOUT1/TSR3	3
GO:0016853	isomerase activity	16/357	431/18100	0.037122969837587	1.88214496935665	2.62918098881517	0.0119854975488295	0.143825970585954	0.130564171584557	CHTF18/DDTL/DDX43/DHX57/KIF1A/KIF6/MCM8/MCM9/MYH1/MYH10/MYH11/MYH14/MYH2/MYH4/MYH9/SPAST	16
GO:0008143	poly(A) binding	3/357	25/18100	0.12	6.08403361344538	3.60817120590612	0.0126867559012816	0.145474801001363	0.132060967861294	HNRNPU/PABPC1L/PABPC3	3
GO:0070530	K63-linked polyubiquitin modification-dependent protein binding	3/357	25/18100	0.12	6.08403361344538	3.60817120590612	0.0126867559012816	0.145474801001363	0.132060967861294	FAAP20/NPLOC4/OTUD7A	3
GO:0031491	nucleosome binding	5/357	73/18100	0.0684931506849315	3.47262192548252	3.00265398420198	0.0146055952001014	0.163836676592442	0.148729745172657	ARID1A/DNTTIP1/GLYR1/H1-7/H3-3A	5
GO:0008187	poly-pyrimidine tract binding	3/357	29/18100	0.103448275862069	5.24485656331498	3.24503060780317	0.0190246569849447	0.204515062588155	0.185657288559219	HNRNPU/PABPC1L/PABPC3	3
GO:0032404	mismatch repair complex binding	2/357	11/18100	0.181818181818182	9.21823274764451	3.86736686289036	0.0189685516045365	0.204515062588155	0.185657288559219	MCM8/MCM9	2
GO:0016895	DNA exonuclease activity, producing 5'-phosphomonoesters	3/357	30/18100	0.1	5.07002801120448	3.16465827508953	0.0208363859326379	0.219419900841656	0.199187792481715	NME1/NME7/REXO2	3
GO:0003682	chromatin binding	20/357	618/18100	0.0323624595469256	1.64078576414385	2.2991081776903	0.0212870501994282	0.219682358058099	0.199426049236749	APP/ARID1A/ASXL2/DNTTIP1/EHMT2/EPOP/GLYR1/H1-7/H3-3A/H3C15/HNRNPU/KDM3B/MCM8/MCM9/MCMBP/MRNIP/NOC3L/TOX4/TSPYL1/ZC3H4	20
GO:0004529	DNA exonuclease activity	3/357	31/18100	0.0967741935483871	4.90647872052047	3.08778549473884	0.0227394962597783	0.221388303208407	0.200974693855041	NME1/NME7/REXO2	3
GO:0070717	poly-purine tract binding	3/357	31/18100	0.0967741935483871	4.90647872052047	3.08778549473884	0.0227394962597783	0.221388303208407	0.200974693855041	HNRNPU/PABPC1L/PABPC3	3
GO:0016423	tRNA (guanine) methyltransferase activity	2/357	12/18100	0.166666666666667	8.4500466853408	3.66186403065447	0.0224689769336386	0.221388303208407	0.200974693855041	METTL1/THUMPD2	2
GO:0005524	ATP binding	40/357	1471/18100	0.0271923861318831	1.37866159380135	2.14917806807709	0.0238520956307988	0.227920024916522	0.206904143386071	AARS1/AARS2/AARSD1/ATAD5/BRSK2/CCT6B/CCT8/CHTF18/CSNK2A3/DDX43/DHX57/FARSB/H1-7/HNRNPU/HSP90AB3P/HSP90B2P/HSPA7/KIF1A/KIF6/MAB21L1/MCM8/MCM9/MYH1/MYH10/MYH11/MYH14/MYH2/MYH4/MYH9/NADK2/NME1/NME2/NME7/PDXK/RNF213/SPAST/SRXN1/TESK1/TP53RK/UCK2	40
GO:0043021	ribonucleoprotein complex binding	8/357	178/18100	0.0449438202247191	2.27866427469864	2.43176256079135	0.0251672020875126	0.231897790663509	0.210515130243291	GTPBP6/HNRNPU/LTN1/NME1/NOPCHAP1/PRPF6/SMG6/YTHDF1	8
GO:0008175	tRNA methyltransferase activity	3/357	32/18100	0.09375	4.7531512605042	3.01414324382259	0.0247339992908871	0.231897790663509	0.210515130243291	METTL1/THUMPD2/TRMT61A	3
GO:0004518	nuclease activity	9/357	215/18100	0.0418604651162791	2.12233730701583	2.34825918018772	0.0272236336020179	0.245503481614199	0.222866277679148	NME1/NME7/NOB1/PIWIL1/PIWIL2/REXO2/SMG6/TRIR/USB1	9
GO:0004527	exonuclease activity	5/357	86/18100	0.0581395348837209	2.94769070418865	2.56810046633644	0.0275953525845417	0.245503481614199	0.222866277679148	NME1/NME7/REXO2/TRIR/USB1	5
GO:0003727	single-stranded RNA binding	5/357	87/18100	0.0574712643678161	2.91380920184166	2.5381256145898	0.0288224051763735	0.249135817144355	0.226163685494161	HNRNPU/LSM14A/PABPC1L/PABPC3/PIWIL1	5
GO:0031593	polyubiquitin modification-dependent protein binding	4/357	59/18100	0.0677966101694915	3.43730712624033	2.65982970953301	0.0289692810632971	0.249135817144355	0.226163685494161	FAAP20/NPLOC4/OTUD7A/UBQLN1	4
GO:0032559	adenyl ribonucleotide binding	40/357	1513/18100	0.0264375413086583	1.34039074982273	1.96182905867065	0.0350987047469208	0.278629717683248	0.252938034208579	AARS1/AARS2/AARSD1/ATAD5/BRSK2/CCT6B/CCT8/CHTF18/CSNK2A3/DDX43/DHX57/FARSB/H1-7/HNRNPU/HSP90AB3P/HSP90B2P/HSPA7/KIF1A/KIF6/MAB21L1/MCM8/MCM9/MYH1/MYH10/MYH11/MYH14/MYH2/MYH4/MYH9/NADK2/NME1/NME2/NME7/PDXK/RNF213/SPAST/SRXN1/TESK1/TP53RK/UCK2	40
GO:0046982	protein heterodimerization activity	12/357	335/18100	0.0358208955223881	1.81612943684937	2.1386844513875	0.0346019749494447	0.278629717683248	0.252938034208579	APP/H2AC11/H2AC18/H2AC4/H2BC1/H2BC19P/H2BC4/H2BW1/H3-3A/H3C1/H3C15/TPM1	12
GO:0004540	RNA nuclease activity	6/357	122/18100	0.0491803278688525	2.49345639895302	2.34773809566118	0.0339752408194112	0.278629717683248	0.252938034208579	NOB1/PIWIL1/PIWIL2/REXO2/SMG6/USB1	6
GO:0051082	unfolded protein binding	6/357	122/18100	0.0491803278688525	2.49345639895302	2.34773809566118	0.0339752408194112	0.278629717683248	0.252938034208579	AHSA1/CCT6B/CCT8/ERLEC1/HSP90AB3P/HSP90B2P	6
GO:0004865	protein serine/threonine phosphatase inhibitor activity	2/357	15/18100	0.133333333333333	6.76003734827264	3.16562556236526	0.0343866269295552	0.278629717683248	0.252938034208579	PABIR1/TPRN	2
GO:0004550	nucleoside diphosphate kinase activity	2/357	16/18100	0.125	6.3375350140056	3.02971202705699	0.0387960641755461	0.30331468355427	0.275346866955631	NME1/NME2	2
GO:0043531	ADP binding	3/357	39/18100	0.0769230769230769	3.90002154708037	2.57164196253492	0.0412318285532133	0.317546619902359	0.288266515415238	MYH10/MYH9/NME1	3
GO:0032977	membrane insertase activity	2/357	17/18100	0.117647058823529	5.96473883671116	2.90491546940195	0.0434071332861661	0.329383540818555	0.299011986259194	EMC10/EMC8	2
GO:0019205	nucleobase-containing compound kinase activity	3/357	41/18100	0.0731707317073171	3.70977659356425	2.46391906664506	0.0467445033623979	0.344573767642819	0.31280156385364	NME1/NME2/UCK2	3
GO:0140597	protein carrier chaperone	3/357	41/18100	0.0731707317073171	3.70977659356425	2.46391906664506	0.0467445033623979	0.344573767642819	0.31280156385364	EMC10/EMC8/PTMA	3
GO:0048487	beta-tubulin binding	3/357	42/18100	0.0714285714285714	3.62144857943177	2.41256507168728	0.0496301261645802	0.360692184520048	0.327433745637334	EML4/MAP1S/SPAST	3
GO:0030554	adenyl nucleotide binding	41/357	1608/18100	0.0254975124378109	1.29273102275736	1.7443072305471	0.0533123026620266	0.371745245589267	0.337467634204863	AARS1/AARS2/AARSD1/ATAD5/BRSK2/CCT6B/CCT8/CHTF18/CSNK2A3/DDX43/DHX57/FARSB/GLYR1/H1-7/HNRNPU/HSP90AB3P/HSP90B2P/HSPA7/KIF1A/KIF6/MAB21L1/MCM8/MCM9/MYH1/MYH10/MYH11/MYH14/MYH2/MYH4/MYH9/NADK2/NME1/NME2/NME7/PDXK/RNF213/SPAST/SRXN1/TESK1/TP53RK/UCK2	41
GO:0005516	calmodulin binding	8/357	206/18100	0.0388349514563107	1.96894291697261	1.98392823291776	0.052125573370183	0.371745245589267	0.337467634204863	MYH1/MYH10/MYH11/MYH14/MYH2/MYH4/MYH9/NDUFAF4	8
GO:0008307	structural constituent of muscle	3/357	43/18100	0.0697674418604651	3.53722884502638	2.36275635907478	0.0526006333854421	0.371745245589267	0.337467634204863	MYH11/NEBL/TPM1	3
GO:0004521	RNA endonuclease activity	4/357	73/18100	0.0547945205479452	2.77809754038602	2.15925112081093	0.0561129515907798	0.386057106944565	0.350459838005572	NOB1/PIWIL1/PIWIL2/SMG6	4
GO:0042393	histone binding	7/357	176/18100	0.0397727272727273	2.01648841354724	1.92215838632607	0.0602788301604878	0.409261531089628	0.371524645725998	ANP32A/ANP32B/COPRS/GLYR1/H2BC1/PTMA/TSPYL1	7
GO:0035639	purine ribonucleoside triphosphate binding	45/357	1814/18100	0.0248070562293275	1.25772469958215	1.64140344274144	0.0637025381680654	0.426889736295088	0.387527402389461	AARS1/AARS2/AARSD1/ATAD5/BRSK2/CCT6B/CCT8/CHTF18/CSNK2A3/DDX43/DHX57/EEF1A1P5/FARSB/GTPBP6/H1-7/HNRNPU/HSP90AB3P/HSP90B2P/HSPA7/KIF1A/KIF6/MAB21L1/MCM8/MCM9/MYH1/MYH10/MYH11/MYH14/MYH2/MYH4/MYH9/NADK2/NME1/NME2/NME7/PDXK/RABL6/RNF213/RTCB/SPAST/SRXN1/TESK1/TP53RK/TUBA4A/UCK2	45
GO:0017069	snRNA binding	3/357	47/18100	0.0638297872340425	3.23618809225818	2.17736100231295	0.0653095032772464	0.432047483218707	0.392209567589402	C9orf78/HNRNPU/RBMXL2	3
GO:0140035	ubiquitin-like protein reader activity	2/357	22/18100	0.0909090909090909	4.60911637382226	2.4026189992742	0.0691605323765581	0.451732084889924	0.410079106030225	DDRGK1/FAAP20	2
GO:0003730	mRNA 3'-UTR binding	5/357	112/18100	0.0446428571428571	2.26340536214486	1.90242769424054	0.070926980461896	0.457479023979229	0.41529613559926	HNRNPU/PABPC1L/PABPC3/QKI/UTP23	5
GO:0043495	protein-membrane adaptor activity	3/357	50/18100	0.06	3.04201680672269	2.05094296444135	0.0756752770902942	0.464862416411807	0.421998725628834	LAMTOR1/MYH9/SYNE1	3
GO:0005158	insulin receptor binding	2/357	23/18100	0.0869565217391304	4.40872000974303	2.32027756492715	0.0747895509115873	0.464862416411807	0.421998725628834	APP/IGF2	2
GO:0008649	rRNA methyltransferase activity	2/357	23/18100	0.0869565217391304	4.40872000974303	2.32027756492715	0.0747895509115873	0.464862416411807	0.421998725628834	FTSJ3/SPOUT1	2
GO:0140517	protein-RNA adaptor activity	2/357	23/18100	0.0869565217391304	4.40872000974303	2.32027756492715	0.0747895509115873	0.464862416411807	0.421998725628834	QKI/YTHDF1	2
GO:0000049	tRNA binding	4/357	82/18100	0.0487804878048781	2.4731843957095	1.89652519571758	0.0788451704006468	0.472367892172194	0.428812142016782	AARS1/AARS2/DTD1/METTL1	4
GO:0001091	RNA polymerase II general transcription initiation factor binding	2/357	24/18100	0.0833333333333333	4.2250233426704	2.2425141327256	0.080558865331692	0.472367892172194	0.428812142016782	HNRNPU/ZNHIT6	2
GO:0048027	mRNA 5'-UTR binding	2/357	24/18100	0.0833333333333333	4.2250233426704	2.2425141327256	0.080558865331692	0.472367892172194	0.428812142016782	MYH10/UTP23	2
GO:0120283	protein serine/threonine kinase binding	2/357	24/18100	0.0833333333333333	4.2250233426704	2.2425141327256	0.080558865331692	0.472367892172194	0.428812142016782	APP/MAVS	2
GO:0140030	modification-dependent protein binding	4/357	84/18100	0.0476190476190476	2.41429905295451	1.84289070167389	0.0844349864019923	0.489533179589079	0.444394665273644	FAAP20/NPLOC4/OTUD7A/UBQLN1	4
GO:0032555	purine ribonucleotide binding	45/357	1862/18100	0.0241675617615467	1.22530215093556	1.45591754441034	0.0883398406211772	0.506481752894749	0.459780457034197	AARS1/AARS2/AARSD1/ATAD5/BRSK2/CCT6B/CCT8/CHTF18/CSNK2A3/DDX43/DHX57/EEF1A1P5/FARSB/GTPBP6/H1-7/HNRNPU/HSP90AB3P/HSP90B2P/HSPA7/KIF1A/KIF6/MAB21L1/MCM8/MCM9/MYH1/MYH10/MYH11/MYH14/MYH2/MYH4/MYH9/NADK2/NME1/NME2/NME7/PDXK/RABL6/RNF213/RTCB/SPAST/SRXN1/TESK1/TP53RK/TUBA4A/UCK2	45
GO:0008266	poly(U) RNA binding	2/357	26/18100	0.0769230769230769	3.90002154708037	2.09898160007096	0.0924878780100619	0.507699415459489	0.460885842267386	PABPC1L/PABPC3	2
GO:0019706	protein-cysteine S-palmitoyltransferase activity	2/357	26/18100	0.0769230769230769	3.90002154708037	2.09898160007096	0.0924878780100619	0.507699415459489	0.460885842267386	ZDHHC13/ZDHHC17	2
GO:0019707	protein-cysteine S-acyltransferase activity	2/357	26/18100	0.0769230769230769	3.90002154708037	2.09898160007096	0.0924878780100619	0.507699415459489	0.460885842267386	ZDHHC13/ZDHHC17	2
GO:0097602	cullin family protein binding	2/357	26/18100	0.0769230769230769	3.90002154708037	2.09898160007096	0.0924878780100619	0.507699415459489	0.460885842267386	BTBD1/KLHL36	2
GO:0019899	enzyme binding	50/357	2106/18100	0.0237416904083571	1.20371035403715	1.41062511861453	0.0944760896034382	0.513154339319727	0.465837782532188	ACTL8/ANP32B/APP/BRK1/BRSK2/CACUL1/CCDC186/CDC73/CNTLN/CTNNBL1/DDRGK1/DHX57/FAM83B/FAM83D/FATE1/H2AC11/HNRNPU/HSP90AB3P/HSP90B2P/INF2/LAMTOR1/LUC7L2/MAGEA11/MAT2B/MAVS/MCM8/MCM9/MID1/MYOC/NOP14/NPLOC4/PABIR1/PAXX/PCIF1/PIWIL1/PPP6R3/RPRD1B/RTRAF/SMG6/SMG7/SORL1/SPAG9/SYNE1/TESK1/TPRN/TRPC4AP/TSPYL1/TUBA4A/UBQLN1/ZNHIT6	50
GO:0032553	ribonucleotide binding	45/357	1879/18100	0.0239489089941458	1.21421639438106	1.3913139988132	0.0984724016022535	0.529289158612113	0.480484854309241	AARS1/AARS2/AARSD1/ATAD5/BRSK2/CCT6B/CCT8/CHTF18/CSNK2A3/DDX43/DHX57/EEF1A1P5/FARSB/GTPBP6/H1-7/HNRNPU/HSP90AB3P/HSP90B2P/HSPA7/KIF1A/KIF6/MAB21L1/MCM8/MCM9/MYH1/MYH10/MYH11/MYH14/MYH2/MYH4/MYH9/NADK2/NME1/NME2/NME7/PDXK/RABL6/RNF213/RTCB/SPAST/SRXN1/TESK1/TP53RK/TUBA4A/UCK2	45
GO:0045296	cadherin binding	10/357	325/18100	0.0307692307692308	1.56000861883215	1.44503863497217	0.110952051425623	0.556245072127482	0.504955236835433	AHSA1/CC2D1A/CCT8/CHMP5/GIPC1/H3C1/IST1/MYH9/NIBAN2/NUMB	10
GO:0008017	microtubule binding	9/357	281/18100	0.0320284697508897	1.62385238793026	1.49500005836778	0.105482557293764	0.556245072127482	0.504955236835433	EML4/FAM83D/KIF1A/KIF6/MAP1S/MID1/REEP4/SKA1/SPAST	9
GO:0016874	ligase activity	6/357	166/18100	0.036144578313253	1.83254024501367	1.52851100389263	0.111033415560331	0.556245072127482	0.504955236835433	AARS1/AARS2/AARSD1/DIP2A/FARSB/RTCB	6
GO:0031490	chromatin DNA binding	5/357	127/18100	0.0393700787401575	1.99607402015924	1.59783179180673	0.106762287769713	0.556245072127482	0.504955236835433	H1-7/H3-3A/HNRNPU/KDM3B/TOX4	5
GO:0019783	ubiquitin-like protein peptidase activity	5/357	128/18100	0.0390625	1.98047969187675	1.57904044661268	0.109418719451683	0.556245072127482	0.504955236835433	ALG13/OTUD7A/UFSP2/USP1/USP54	5
GO:0042054	histone methyltransferase activity	3/357	58/18100	0.0517241379310345	2.62242828165749	1.75543614971481	0.106509974604142	0.556245072127482	0.504955236835433	EHMT2/NTMT1/PRDM6	3
GO:0003678	DNA helicase activity	3/357	59/18100	0.0508474576271186	2.57798034468025	1.7220476470333	0.110663940329544	0.556245072127482	0.504955236835433	CHTF18/MCM8/MCM9	3
GO:0031072	heat shock protein binding	5/357	130/18100	0.0384615384615385	1.95001077354019	1.54196330900462	0.114827236873403	0.569719752179575	0.51718745352899	AHSA1/DNAJC6/HSPA7/LMAN2/ST13	5
GO:0051721	protein phosphatase 2A binding	2/357	30/18100	0.0666666666666667	3.38001867413632	1.85058819527488	0.117707382021166	0.578447705932588	0.525110626560591	PABIR1/SMG7	2
GO:0017076	purine nucleotide binding	46/357	1958/18100	0.0234933605720123	1.19111996177429	1.27022774302728	0.119610591683325	0.58225533309996	0.528567162850841	AARS1/AARS2/AARSD1/ATAD5/BRSK2/CCT6B/CCT8/CHTF18/CSNK2A3/DDX43/DHX57/EEF1A1P5/FARSB/GLYR1/GTPBP6/H1-7/HNRNPU/HSP90AB3P/HSP90B2P/HSPA7/KIF1A/KIF6/MAB21L1/MCM8/MCM9/MYH1/MYH10/MYH11/MYH14/MYH2/MYH4/MYH9/NADK2/NME1/NME2/NME7/PDXK/RABL6/RNF213/RTCB/SPAST/SRXN1/TESK1/TP53RK/TUBA4A/UCK2	46
GO:0140097	catalytic activity, acting on DNA	8/357	251/18100	0.0318725099601594	1.61594518285402	1.39386223264925	0.124694187433281	0.595761117736788	0.540827616060528	ATAD5/CHTF18/MCM8/MCM9/MPG/NME1/NME7/REXO2	8
GO:0016417	S-acyltransferase activity	2/357	31/18100	0.0645161290322581	3.27098581368031	1.7950480614177	0.124256891384021	0.595761117736788	0.540827616060528	ZDHHC13/ZDHHC17	2
GO:0051087	protein-folding chaperone binding	5/357	135/18100	0.037037037037037	1.87778815229796	1.45208105749916	0.128891999863717	0.610167632382367	0.55390574543075	AHSA1/APP/ERP29/HLA-B/ST13	5
GO:0004519	endonuclease activity	5/357	136/18100	0.0367647058823529	1.86398088647224	1.43456403140667	0.131795482668541	0.618240627790613	0.561234352033502	NME1/NOB1/PIWIL1/PIWIL2/SMG6	5
GO:0019843	rRNA binding	3/357	67/18100	0.0447761194029851	2.27016179606171	1.47744161531206	0.145970421745089	0.678565203787982	0.615996564026218	MRPS6/UTP23/UTP25	3
GO:0000166	nucleotide binding	48/357	2118/18100	0.0226628895184136	1.14901484673189	1.03520134351108	0.169921286161727	0.68234218462975	0.619425279804649	AARS1/AARS2/AARSD1/ATAD5/BRSK2/CCT6B/CCT8/CHTF18/CHTOP/CSNK2A3/DDX43/DHX57/EEF1A1P5/FARSB/GLYR1/GTPBP6/H1-7/HNRNPU/HSP90AB3P/HSP90B2P/HSPA7/KIF1A/KIF6/MAB21L1/MCM8/MCM9/MRPL39/MYH1/MYH10/MYH11/MYH14/MYH2/MYH4/MYH9/NADK2/NME1/NME2/NME7/PDXK/RABL6/RNF213/RTCB/SPAST/SRXN1/TESK1/TP53RK/TUBA4A/UCK2	48
GO:1901265	nucleoside phosphate binding	48/357	2137/18100	0.0224613944782405	1.13879899175393	0.969123639830461	0.186466280744366	0.68234218462975	0.619425279804649	AARS1/AARS2/AARSD1/ATAD5/BRSK2/CCT6B/CCT8/CHTF18/CHTOP/CSNK2A3/DDX43/DHX57/EEF1A1P5/FARSB/GLYR1/GTPBP6/H1-7/HNRNPU/HSP90AB3P/HSP90B2P/HSPA7/KIF1A/KIF6/MAB21L1/MCM8/MCM9/MRPL39/MYH1/MYH10/MYH11/MYH14/MYH2/MYH4/MYH9/NADK2/NME1/NME2/NME7/PDXK/RABL6/RNF213/RTCB/SPAST/SRXN1/TESK1/TP53RK/TUBA4A/UCK2	48
GO:0004386	helicase activity	5/357	148/18100	0.0337837837837838	1.7128473010826	1.23514748773846	0.16882001450013	0.68234218462975	0.619425279804649	CHTF18/DDX43/DHX57/MCM8/MCM9	5
GO:0120545	nucleic acid conformation isomerase activity	5/357	161/18100	0.031055900621118	1.57454286062251	1.03868563953624	0.212901340553081	0.68234218462975	0.619425279804649	CHTF18/DDX43/DHX57/MCM8/MCM9	5
GO:0004843	cysteine-type deubiquitinase activity	4/357	108/18100	0.037037037037037	1.87778815229796	1.29780589677613	0.164909492110023	0.68234218462975	0.619425279804649	ALG13/OTUD7A/USP1/USP54	4
GO:0019888	protein phosphatase regulator activity	4/357	110/18100	0.0363636363636364	1.8436465495289	1.2588940105938	0.172575763181206	0.68234218462975	0.619425279804649	CNEP1R1/PABIR1/PPP6R3/TPRN	4
GO:0043022	ribosome binding	4/357	113/18100	0.0353982300884956	1.79470018095734	1.20201818523261	0.184300306819953	0.68234218462975	0.619425279804649	GTPBP6/LTN1/NME1/YTHDF1	4
GO:0101005	deubiquitinase activity	4/357	116/18100	0.0344827586206897	1.74828552110499	1.14683532430934	0.196276858573396	0.68234218462975	0.619425279804649	ALG13/OTUD7A/USP1/USP54	4
GO:0008094	ATP-dependent activity, acting on DNA	4/357	118/18100	0.0338983050847458	1.71865356312016	1.11093707847776	0.204391081855098	0.68234218462975	0.619425279804649	ATAD5/CHTF18/MCM8/MCM9	4
GO:1990841	promoter-specific chromatin binding	3/357	73/18100	0.0410958904109589	2.08357315528951	1.31584825741988	0.174531194827075	0.68234218462975	0.619425279804649	EHMT2/HNRNPU/ZC3H4	3
GO:0003725	double-stranded RNA binding	3/357	76/18100	0.0394736842105263	2.00132684652808	1.24080901101329	0.189357374880151	0.68234218462975	0.619425279804649	HNRNPU/LSM14A/MYH4	3
GO:0004536	DNA nuclease activity	3/357	76/18100	0.0394736842105263	2.00132684652808	1.24080901101329	0.189357374880151	0.68234218462975	0.619425279804649	NME1/NME7/REXO2	3
GO:0035198	miRNA binding	2/357	35/18100	0.0571428571428571	2.89715886354542	1.59355335944518	0.151250521134308	0.68234218462975	0.619425279804649	QKI/SPOUT1	2
GO:0000175	3'-5'-RNA exonuclease activity	2/357	36/18100	0.0555555555555556	2.81668222844693	1.54764421132231	0.158169840107353	0.68234218462975	0.619425279804649	REXO2/USB1	2
GO:0016409	palmitoyltransferase activity	2/357	36/18100	0.0555555555555556	2.81668222844693	1.54764421132231	0.158169840107353	0.68234218462975	0.619425279804649	ZDHHC13/ZDHHC17	2
GO:0016776	phosphotransferase activity, phosphate group as acceptor	2/357	38/18100	0.0526315789473684	2.66843579537078	1.46038125539093	0.172177011369561	0.68234218462975	0.619425279804649	NME1/NME2	2
GO:0042162	telomeric DNA binding	2/357	38/18100	0.0526315789473684	2.66843579537078	1.46038125539093	0.172177011369561	0.68234218462975	0.619425279804649	SMG6/SMG7	2
GO:0005109	frizzled binding	2/357	39/18100	0.0512820512820513	2.60001436472025	1.41883914108008	0.179255129359634	0.68234218462975	0.619425279804649	APP/MYOC	2
GO:0016799	hydrolase activity, hydrolyzing N-glycosyl compounds	2/357	39/18100	0.0512820512820513	2.60001436472025	1.41883914108008	0.179255129359634	0.68234218462975	0.619425279804649	DNPH1/MPG	2
GO:0016896	RNA exonuclease activity, producing 5'-phosphomonoesters	2/357	39/18100	0.0512820512820513	2.60001436472025	1.41883914108008	0.179255129359634	0.68234218462975	0.619425279804649	REXO2/USB1	2
GO:0004532	RNA exonuclease activity	2/357	41/18100	0.0487804878048781	2.4731843957095	1.33952264917095	0.193537354586647	0.68234218462975	0.619425279804649	REXO2/USB1	2
GO:0031492	nucleosomal DNA binding	2/357	41/18100	0.0487804878048781	2.4731843957095	1.33952264917095	0.193537354586647	0.68234218462975	0.619425279804649	H1-7/H3-3A	2
GO:0019894	kinesin binding	2/357	43/18100	0.0465116279069767	2.35815256335092	1.2647592320817	0.207958671257619	0.68234218462975	0.619425279804649	FAM83D/SPAG9	2
GO:0043014	alpha-tubulin binding	2/357	43/18100	0.0465116279069767	2.35815256335092	1.2647592320817	0.207958671257619	0.68234218462975	0.619425279804649	EML4/SPAST	2
GO:0001094	TFIID-class transcription factor complex binding	1/357	10/18100	0.1	5.07002801120448	1.82610601315562	0.180662100578304	0.68234218462975	0.619425279804649	ZNHIT6	1
GO:0036408	histone H3K14 acetyltransferase activity	1/357	10/18100	0.1	5.07002801120448	1.82610601315562	0.180662100578304	0.68234218462975	0.619425279804649	GTF3C4	1
GO:0036435	K48-linked polyubiquitin modification-dependent protein binding	1/357	10/18100	0.1	5.07002801120448	1.82610601315562	0.180662100578304	0.68234218462975	0.619425279804649	NPLOC4	1
GO:0042799	histone H4K20 methyltransferase activity	1/357	10/18100	0.1	5.07002801120448	1.82610601315562	0.180662100578304	0.68234218462975	0.619425279804649	PRDM6	1
GO:0042975	peroxisome proliferator activated receptor binding	1/357	10/18100	0.1	5.07002801120448	1.82610601315562	0.180662100578304	0.68234218462975	0.619425279804649	ASXL2	1
GO:0050815	phosphoserine residue binding	1/357	10/18100	0.1	5.07002801120448	1.82610601315562	0.180662100578304	0.68234218462975	0.619425279804649	PCIF1	1
GO:0051880	G-quadruplex DNA binding	1/357	10/18100	0.1	5.07002801120448	1.82610601315562	0.180662100578304	0.68234218462975	0.619425279804649	NME2	1
GO:0062105	RNA 2'-O-methyltransferase activity	1/357	10/18100	0.1	5.07002801120448	1.82610601315562	0.180662100578304	0.68234218462975	0.619425279804649	FTSJ3	1
GO:0008432	JUN kinase binding	1/357	11/18100	0.0909090909090909	4.60911637382226	1.69839155169167	0.196831455475681	0.68234218462975	0.619425279804649	SPAG9	1
GO:0010698	acetyltransferase activator activity	1/357	11/18100	0.0909090909090909	4.60911637382226	1.69839155169167	0.196831455475681	0.68234218462975	0.619425279804649	NAA25	1
GO:0019107	myristoyltransferase activity	1/357	11/18100	0.0909090909090909	4.60911637382226	1.69839155169167	0.196831455475681	0.68234218462975	0.619425279804649	ZDHHC17	1
GO:0019215	intermediate filament binding	1/357	11/18100	0.0909090909090909	4.60911637382226	1.69839155169167	0.196831455475681	0.68234218462975	0.619425279804649	NES	1
GO:0032050	clathrin heavy chain binding	1/357	11/18100	0.0909090909090909	4.60911637382226	1.69839155169167	0.196831455475681	0.68234218462975	0.619425279804649	DNAJC6	1
GO:0034511	U3 snoRNA binding	1/357	11/18100	0.0909090909090909	4.60911637382226	1.69839155169167	0.196831455475681	0.68234218462975	0.619425279804649	UTP25	1
GO:0036312	phosphatidylinositol 3-kinase regulatory subunit binding	1/357	11/18100	0.0909090909090909	4.60911637382226	1.69839155169167	0.196831455475681	0.68234218462975	0.619425279804649	FAM83B	1
GO:0045294	alpha-catenin binding	1/357	11/18100	0.0909090909090909	4.60911637382226	1.69839155169167	0.196831455475681	0.68234218462975	0.619425279804649	NUMB	1
GO:0098973	structural constituent of postsynaptic actin cytoskeleton	1/357	11/18100	0.0909090909090909	4.60911637382226	1.69839155169167	0.196831455475681	0.68234218462975	0.619425279804649	ACTL8	1
GO:0000340	RNA 7-methylguanosine cap binding	1/357	12/18100	0.0833333333333333	4.2250233426704	1.58517086876558	0.212682589888594	0.68234218462975	0.619425279804649	NCBP3	1
GO:0000995	RNA polymerase III general transcription initiation factor activity	1/357	12/18100	0.0833333333333333	4.2250233426704	1.58517086876558	0.212682589888594	0.68234218462975	0.619425279804649	GTF3C4	1
GO:0005078	MAP-kinase scaffold activity	1/357	12/18100	0.0833333333333333	4.2250233426704	1.58517086876558	0.212682589888594	0.68234218462975	0.619425279804649	SPAG9	1
GO:0008253	5'-nucleotidase activity	1/357	12/18100	0.0833333333333333	4.2250233426704	1.58517086876558	0.212682589888594	0.68234218462975	0.619425279804649	NT5DC3	1
GO:0017166	vinculin binding	1/357	12/18100	0.0833333333333333	4.2250233426704	1.58517086876558	0.212682589888594	0.68234218462975	0.619425279804649	RTCB	1
GO:0050308	sugar-phosphatase activity	1/357	12/18100	0.0833333333333333	4.2250233426704	1.58517086876558	0.212682589888594	0.68234218462975	0.619425279804649	TIGAR	1
GO:0050786	RAGE receptor binding	1/357	12/18100	0.0833333333333333	4.2250233426704	1.58517086876558	0.212682589888594	0.68234218462975	0.619425279804649	APP	1
GO:0052629	phosphatidylinositol-3,5-bisphosphate 3-phosphatase activity	1/357	12/18100	0.0833333333333333	4.2250233426704	1.58517086876558	0.212682589888594	0.68234218462975	0.619425279804649	MTMR14	1
GO:1990247	N6-methyladenosine-containing RNA reader activity	1/357	12/18100	0.0833333333333333	4.2250233426704	1.58517086876558	0.212682589888594	0.68234218462975	0.619425279804649	YTHDF1	1
GO:0001046	core promoter sequence-specific DNA binding	2/357	44/18100	0.0454545454545455	2.30455818691113	1.22892927980768	0.215211228599616	0.685487617020999	0.622280680486219	H3-3A/JPH2	2
GO:0003697	single-stranded DNA binding	4/357	121/18100	0.0330578512396694	1.67604231775355	1.05835574787456	0.21674193485424	0.686127842851458	0.622861872845571	HNRNPU/HROB/MCM8/MCM9	4
GO:0019208	phosphatase regulator activity	4/357	123/18100	0.032520325203252	1.64878959713967	1.02410785204545	0.225086619235547	0.696819068864631	0.632567290176991	CNEP1R1/PABIR1/PPP6R3/TPRN	4
GO:0019104	DNA N-glycosylase activity	1/357	13/18100	0.0769230769230769	3.90002154708037	1.48367064254467	0.228221749298687	0.696819068864631	0.632567290176991	MPG	1
GO:0019203	carbohydrate phosphatase activity	1/357	13/18100	0.0769230769230769	3.90002154708037	1.48367064254467	0.228221749298687	0.696819068864631	0.632567290176991	TIGAR	1
GO:0030955	potassium ion binding	1/357	13/18100	0.0769230769230769	3.90002154708037	1.48367064254467	0.228221749298687	0.696819068864631	0.632567290176991	PDXK	1
GO:0031005	filamin binding	1/357	13/18100	0.0769230769230769	3.90002154708037	1.48367064254467	0.228221749298687	0.696819068864631	0.632567290176991	NEBL	1
GO:0046974	histone H3K9 methyltransferase activity	1/357	13/18100	0.0769230769230769	3.90002154708037	1.48367064254467	0.228221749298687	0.696819068864631	0.632567290176991	EHMT2	1
GO:0015631	tubulin binding	10/357	388/18100	0.0257731958762887	1.30670825031043	0.86627422227946	0.237981182969891	0.713765962423387	0.647951557075494	EML4/FAM83D/KIF1A/KIF6/MAP1S/MID1/REEP4/SKA1/SPAST/STMN1	10
GO:0061733	protein-lysine-acetyltransferase activity	2/357	47/18100	0.0425531914893617	2.15745872817212	1.12700962196956	0.237090742078531	0.713765962423387	0.647951557075494	ATAT1/GTF3C4	2
GO:0004438	phosphatidylinositol-3-phosphate phosphatase activity	1/357	14/18100	0.0714285714285714	3.62144857943177	1.39181646454607	0.243455056950613	0.713765962423387	0.647951557075494	MTMR14	1
GO:0008252	nucleotidase activity	1/357	14/18100	0.0714285714285714	3.62144857943177	1.39181646454607	0.243455056950613	0.713765962423387	0.647951557075494	NT5DC3	1
GO:0032454	histone H3K9 demethylase activity	1/357	14/18100	0.0714285714285714	3.62144857943177	1.39181646454607	0.243455056950613	0.713765962423387	0.647951557075494	KDM3B	1
GO:0140713	histone chaperone activity	1/357	14/18100	0.0714285714285714	3.62144857943177	1.39181646454607	0.243455056950613	0.713765962423387	0.647951557075494	PTMA	1
GO:0140776	protein-containing complex destabilizing activity	1/357	14/18100	0.0714285714285714	3.62144857943177	1.39181646454607	0.243455056950613	0.713765962423387	0.647951557075494	SPAST	1
GO:0051117	ATPase binding	3/357	89/18100	0.0337078651685393	1.70899820602398	0.951084487618945	0.256633797760569	0.722621471987635	0.65599052434618	BRSK2/NPLOC4/ZNHIT6	3
GO:0060590	ATPase regulator activity	2/357	50/18100	0.04	2.02801120448179	1.03250489430724	0.259079403716497	0.722621471987635	0.65599052434618	AHSA1/BRSK2	2
GO:0004859	phospholipase inhibitor activity	1/357	15/18100	0.0666666666666667	3.38001867413632	1.30802067733329	0.258388516237831	0.722621471987635	0.65599052434618	ANXA2P2	1
GO:0005041	low-density lipoprotein particle receptor activity	1/357	15/18100	0.0666666666666667	3.38001867413632	1.30802067733329	0.258388516237831	0.722621471987635	0.65599052434618	SORL1	1
GO:0005523	tropomyosin binding	1/357	15/18100	0.0666666666666667	3.38001867413632	1.30802067733329	0.258388516237831	0.722621471987635	0.65599052434618	NEBL	1
GO:0033130	acetylcholine receptor binding	1/357	15/18100	0.0666666666666667	3.38001867413632	1.30802067733329	0.258388516237831	0.722621471987635	0.65599052434618	APP	1
GO:0050700	CARD domain binding	1/357	15/18100	0.0666666666666667	3.38001867413632	1.30802067733329	0.258388516237831	0.722621471987635	0.65599052434618	MAVS	1
GO:0052744	phosphatidylinositol monophosphate phosphatase activity	1/357	15/18100	0.0666666666666667	3.38001867413632	1.30802067733329	0.258388516237831	0.722621471987635	0.65599052434618	MTMR14	1
GO:0070742	C2H2 zinc finger domain binding	1/357	15/18100	0.0666666666666667	3.38001867413632	1.30802067733329	0.258388516237831	0.722621471987635	0.65599052434618	EHMT2	1
GO:0005159	insulin-like growth factor receptor binding	1/357	16/18100	0.0625	3.1687675070028	1.23104410230851	0.273028013041983	0.741486603840333	0.673116154037022	IGF2	1
GO:0005521	lamin binding	1/357	16/18100	0.0625	3.1687675070028	1.23104410230851	0.273028013041983	0.741486603840333	0.673116154037022	SYNE1	1
GO:0010484	histone H3 acetyltransferase activity	1/357	16/18100	0.0625	3.1687675070028	1.23104410230851	0.273028013041983	0.741486603840333	0.673116154037022	GTF3C4	1
GO:0043023	ribosomal large subunit binding	1/357	16/18100	0.0625	3.1687675070028	1.23104410230851	0.273028013041983	0.741486603840333	0.673116154037022	LTN1	1
GO:0106018	phosphatidylinositol-3,5-bisphosphate phosphatase activity	1/357	16/18100	0.0625	3.1687675070028	1.23104410230851	0.273028013041983	0.741486603840333	0.673116154037022	MTMR14	1
GO:0017111	ribonucleoside triphosphate phosphatase activity	17/357	731/18100	0.0232558139534884	1.17907628167546	0.701063280702995	0.276761440408826	0.744961249941751	0.676270412533821	ATAD5/CCT6B/CCT8/CHTF18/DDX43/DHX57/EEF1A1P5/HSP90AB3P/HSP90B2P/HSPA7/KIF1A/KIF6/MCM8/MCM9/MYH4/RNF213/SPAST	17
GO:0008276	protein methyltransferase activity	3/357	95/18100	0.0315789473684211	1.60106147722247	0.83316689613	0.288744670520059	0.744961249941751	0.676270412533821	EHMT2/NTMT1/PRDM6	3
GO:0034212	protein N-acetyltransferase activity	2/357	53/18100	0.0377358490566038	1.91321811743565	0.944403996737606	0.281091168645479	0.744961249941751	0.676270412533821	ATAT1/GTF3C4	2
GO:0140186	protein N-acyltransferase activity	2/357	53/18100	0.0377358490566038	1.91321811743565	0.944403996737606	0.281091168645479	0.744961249941751	0.676270412533821	ATAT1/GTF3C4	2
GO:0004864	protein phosphatase inhibitor activity	2/357	54/18100	0.037037037037037	1.87778815229796	0.916313299401972	0.288420079351148	0.744961249941751	0.676270412533821	PABIR1/TPRN	2
GO:0140296	general transcription initiation factor binding	2/357	54/18100	0.037037037037037	1.87778815229796	0.916313299401972	0.288420079351148	0.744961249941751	0.676270412533821	HNRNPU/ZNHIT6	2
GO:0008409	5'-3' exonuclease activity	1/357	17/18100	0.0588235294117647	2.98236941835558	1.15990302387491	0.287379318026722	0.744961249941751	0.676270412533821	TRIR	1
GO:0030169	low-density lipoprotein particle binding	1/357	17/18100	0.0588235294117647	2.98236941835558	1.15990302387491	0.287379318026722	0.744961249941751	0.676270412533821	SORL1	1
GO:0030548	acetylcholine receptor regulator activity	1/357	17/18100	0.0588235294117647	2.98236941835558	1.15990302387491	0.287379318026722	0.744961249941751	0.676270412533821	APP	1
GO:0061578	K63-linked deubiquitinase activity	1/357	17/18100	0.0588235294117647	2.98236941835558	1.15990302387491	0.287379318026722	0.744961249941751	0.676270412533821	USP54	1
GO:0016667	oxidoreductase activity, acting on a sulfur group of donors	2/357	55/18100	0.0363636363636364	1.8436465495289	0.888814862139116	0.295740377166455	0.751435815776021	0.682147976377661	COA7/SRXN1	2
GO:0003746	translation elongation factor activity	1/357	18/18100	0.0555555555555556	2.81668222844693	1.09380488758981	0.301448088886892	0.751435815776021	0.682147976377661	EEF1A1P5	1
GO:0030228	lipoprotein particle receptor activity	1/357	18/18100	0.0555555555555556	2.81668222844693	1.09380488758981	0.301448088886892	0.751435815776021	0.682147976377661	SORL1	1
GO:0034185	apolipoprotein binding	1/357	18/18100	0.0555555555555556	2.81668222844693	1.09380488758981	0.301448088886892	0.751435815776021	0.682147976377661	APP	1
GO:0099602	neurotransmitter receptor regulator activity	1/357	18/18100	0.0555555555555556	2.81668222844693	1.09380488758981	0.301448088886892	0.751435815776021	0.682147976377661	APP	1
GO:0120227	acyl-CoA binding	1/357	18/18100	0.0555555555555556	2.81668222844693	1.09380488758981	0.301448088886892	0.751435815776021	0.682147976377661	NME1	1
GO:0140939	histone H4 methyltransferase activity	1/357	18/18100	0.0555555555555556	2.81668222844693	1.09380488758981	0.301448088886892	0.751435815776021	0.682147976377661	PRDM6	1
GO:1901363	heterocyclic compound binding	48/357	2262/18100	0.0212201591511936	1.07586801298769	0.547145350000315	0.315112159040691	0.764145114400429	0.693685385369627	AARS1/AARS2/AARSD1/ATAD5/BRSK2/CCT6B/CCT8/CHTF18/CHTOP/CSNK2A3/DDX43/DHX57/EEF1A1P5/FARSB/GLYR1/GTPBP6/H1-7/HNRNPU/HSP90AB3P/HSP90B2P/HSPA7/KIF1A/KIF6/MAB21L1/MCM8/MCM9/MRPL39/MYH1/MYH10/MYH11/MYH14/MYH2/MYH4/MYH9/NADK2/NME1/NME2/NME7/PDXK/RABL6/RNF213/RTCB/SPAST/SRXN1/TESK1/TP53RK/TUBA4A/UCK2	48
GO:0005198	structural molecule activity	18/357	805/18100	0.022360248447205	1.13367085964821	0.550328836489856	0.32576128225391	0.764145114400429	0.693685385369627	ACTL8/H2AC11/H2AC18/H2AC4/H2BC1/H2BC19P/H2BC4/H2BW1/H3-3A/H3C1/H3C15/MRPS6/MYH11/NEBL/NUP205/PXDN/TPM1/TUBA4A	18
GO:0008234	cysteine-type peptidase activity	5/357	188/18100	0.0265957446808511	1.34841170510758	0.681157421993677	0.313447197779995	0.764145114400429	0.693685385369627	ALG13/OTUD7A/UFSP2/USP1/USP54	5
GO:0008170	N-methyltransferase activity	3/357	102/18100	0.0294117647058824	1.49118470917779	0.705635907457792	0.326540069297678	0.764145114400429	0.693685385369627	EHMT2/PRDM6/SPOUT1	3
GO:0019212	phosphatase inhibitor activity	2/357	59/18100	0.0338983050847458	1.71865356312016	0.784265584533594	0.324886837059287	0.764145114400429	0.693685385369627	PABIR1/TPRN	2
GO:0008574	plus-end-directed microtubule motor activity	1/357	19/18100	0.0526315789473684	2.66843579537078	1.0321027803988	0.31523987255393	0.764145114400429	0.693685385369627	KIF1A	1
GO:0043395	heparan sulfate proteoglycan binding	1/357	19/18100	0.0526315789473684	2.66843579537078	1.0321027803988	0.31523987255393	0.764145114400429	0.693685385369627	APP	1
GO:0140036	ubiquitin-modified protein reader activity	1/357	19/18100	0.0526315789473684	2.66843579537078	1.0321027803988	0.31523987255393	0.764145114400429	0.693685385369627	FAAP20	1
GO:0000339	RNA cap binding	1/357	20/18100	0.05	2.53501400560224	0.974262527686627	0.328760107358324	0.764145114400429	0.693685385369627	NCBP3	1
GO:0000979	RNA polymerase II core promoter sequence-specific DNA binding	1/357	20/18100	0.05	2.53501400560224	0.974262527686627	0.328760107358324	0.764145114400429	0.693685385369627	H3-3A	1
GO:0015095	magnesium ion transmembrane transporter activity	1/357	20/18100	0.05	2.53501400560224	0.974262527686627	0.328760107358324	0.764145114400429	0.693685385369627	ZDHHC13	1
GO:0030297	transmembrane receptor protein tyrosine kinase activator activity	1/357	20/18100	0.05	2.53501400560224	0.974262527686627	0.328760107358324	0.764145114400429	0.693685385369627	IGF2	1
GO:0031420	alkali metal ion binding	1/357	20/18100	0.05	2.53501400560224	0.974262527686627	0.328760107358324	0.764145114400429	0.693685385369627	PDXK	1
GO:0043024	ribosomal small subunit binding	1/357	20/18100	0.05	2.53501400560224	0.974262527686627	0.328760107358324	0.764145114400429	0.693685385369627	NME1	1
GO:0055102	lipase inhibitor activity	1/357	20/18100	0.05	2.53501400560224	0.974262527686627	0.328760107358324	0.764145114400429	0.693685385369627	ANXA2P2	1
GO:0001786	phosphatidylserine binding	2/357	60/18100	0.0333333333333333	1.69000933706816	0.759381823955814	0.332128476603624	0.768512528822735	0.697650092464539	ANXA2P2/JPH2	2
GO:0003677	DNA binding	52/357	2485/18100	0.0209255533199195	1.06093141481945	0.463854032584986	0.344046991281708	0.77296841064369	0.701695109621465	AHCTF1/APP/ARID1A/ASXL2/ATAD5/CASZ1/CC2D1A/CHCHD2/CHTF18/CHTOP/DNTTIP1/DTD1/EHMT2/GCFC2/GLYR1/GTF3C4/H1-7/H2AC11/H2AC18/H2AC4/H2BC1/H2BC19P/H2BC4/H2BW1/H3-3A/H3C1/H3C15/HNRNPU/HROB/JPH2/KDM3B/LSM14A/MAP1S/MCM8/MCM9/MIDEAS/MPG/NME1/NME2/OTUD7A/PAGE4/QKI/RBM5/RMI2/SDE2/SMG6/SMG7/SON/TCEA2/TOX4/ZCCHC3/ZNF213	52
GO:0019902	phosphatase binding	5/357	196/18100	0.0255102040816327	1.2933744926542	0.585764738101379	0.344540183038854	0.77296841064369	0.701695109621465	PABIR1/PPP6R3/SMG7/TPRN/TRPC4AP	5
GO:0019903	protein phosphatase binding	4/357	150/18100	0.0266666666666667	1.35200746965453	0.614063317045762	0.343326135642646	0.77296841064369	0.701695109621465	PABIR1/PPP6R3/SMG7/TPRN	4
GO:0010314	phosphatidylinositol-5-phosphate binding	1/357	21/18100	0.0476190476190476	2.41429905295451	0.91983846665841	0.342014125149977	0.77296841064369	0.701695109621465	JPH2	1
GO:0035613	RNA stem-loop binding	1/357	21/18100	0.0476190476190476	2.41429905295451	0.91983846665841	0.342014125149977	0.77296841064369	0.701695109621465	MYH10	1
GO:0050321	tau-protein kinase activity	1/357	21/18100	0.0476190476190476	2.41429905295451	0.91983846665841	0.342014125149977	0.77296841064369	0.701695109621465	BRSK2	1
GO:0099186	structural constituent of postsynapse	1/357	21/18100	0.0476190476190476	2.41429905295451	0.91983846665841	0.342014125149977	0.77296841064369	0.701695109621465	ACTL8	1
GO:0016279	protein-lysine N-methyltransferase activity	2/357	63/18100	0.0317460317460317	1.60953270196968	0.687437160249679	0.353712641230409	0.790111354436757	0.717257349498892	EHMT2/PRDM6	2
GO:0140993	histone modifying activity	5/357	200/18100	0.025	1.26750700280112	0.539599464014314	0.360171794673091	0.799145056566845	0.725458078686752	EHMT2/GTF3C4/KDM3B/NTMT1/PRDM6	5
GO:0016278	lysine N-methyltransferase activity	2/357	64/18100	0.03125	1.5843837535014	0.664302488077278	0.360854260038905	0.799145056566845	0.725458078686752	EHMT2/PRDM6	2
GO:0008171	O-methyltransferase activity	1/357	23/18100	0.0434782608695652	2.20436000487151	0.819794377775719	0.367744317125723	0.807472628242012	0.733017787775797	FTSJ3	1
GO:0016702	oxidoreductase activity, acting on single donors with incorporation of molecular oxygen, incorporation of two atoms of oxygen	1/357	23/18100	0.0434782608695652	2.20436000487151	0.819794377775719	0.367744317125723	0.807472628242012	0.733017787775797	ADO	1
GO:0008080	N-acetyltransferase activity	2/357	66/18100	0.0303030303030303	1.53637212460742	0.619212915531956	0.375047562939533	0.81749587840105	0.742116821477901	ATAT1/GTF3C4	2
GO:0005537	D-mannose binding	1/357	24/18100	0.0416666666666667	2.1125116713352	0.773582973115967	0.380230641116767	0.81749587840105	0.742116821477901	LMAN2	1
GO:0016701	oxidoreductase activity, acting on single donors with incorporation of molecular oxygen	1/357	24/18100	0.0416666666666667	2.1125116713352	0.773582973115967	0.380230641116767	0.81749587840105	0.742116821477901	ADO	1
GO:0050699	WW domain binding	1/357	24/18100	0.0416666666666667	2.1125116713352	0.773582973115967	0.380230641116767	0.81749587840105	0.742116821477901	SHISA5	1
GO:0070840	dynein complex binding	1/357	24/18100	0.0416666666666667	2.1125116713352	0.773582973115967	0.380230641116767	0.81749587840105	0.742116821477901	DNAAF8	1
GO:0016462	pyrophosphatase activity	17/357	790/18100	0.0215189873417722	1.09101868595539	0.37105940579826	0.391200993757236	0.823175036611875	0.7472723200577	ATAD5/CCT6B/CCT8/CHTF18/DDX43/DHX57/EEF1A1P5/HSP90AB3P/HSP90B2P/HSPA7/KIF1A/KIF6/MCM8/MCM9/MYH4/RNF213/SPAST	17
GO:0016817	hydrolase activity, acting on acid anhydrides	17/357	793/18100	0.021437578814628	1.08689125082568	0.354935646150338	0.397229814178986	0.823175036611875	0.7472723200577	ATAD5/CCT6B/CCT8/CHTF18/DDX43/DHX57/EEF1A1P5/HSP90AB3P/HSP90B2P/HSPA7/KIF1A/KIF6/MCM8/MCM9/MYH4/RNF213/SPAST	17
GO:0016818	hydrolase activity, acting on acid anhydrides, in phosphorus-containing anhydrides	17/357	793/18100	0.021437578814628	1.08689125082568	0.354935646150338	0.397229814178986	0.823175036611875	0.7472723200577	ATAD5/CCT6B/CCT8/CHTF18/DDX43/DHX57/EEF1A1P5/HSP90AB3P/HSP90B2P/HSPA7/KIF1A/KIF6/MCM8/MCM9/MYH4/RNF213/SPAST	17
GO:0017124	SH3 domain binding	3/357	114/18100	0.0263157894736842	1.33421789768539	0.507764934683372	0.39111292499025	0.823175036611875	0.7472723200577	CTTNBP2/DNAJC6/QKI	3
GO:0005200	structural constituent of cytoskeleton	3/357	115/18100	0.0260869565217391	1.32261600292291	0.492297326267127	0.396439397780477	0.823175036611875	0.7472723200577	ACTL8/TPM1/TUBA4A	3
GO:0140104	molecular carrier activity	3/357	115/18100	0.0260869565217391	1.32261600292291	0.492297326267127	0.396439397780477	0.823175036611875	0.7472723200577	EMC10/EMC8/PTMA	3
GO:0003777	microtubule motor activity	2/357	68/18100	0.0294117647058824	1.49118470917779	0.5756058741672	0.389110553020755	0.823175036611875	0.7472723200577	KIF1A/KIF6	2
GO:0017056	structural constituent of nuclear pore	1/357	25/18100	0.04	2.02801120448179	0.729586133646031	0.392471051667847	0.823175036611875	0.7472723200577	NUP205	1
GO:0106222	lncRNA binding	1/357	25/18100	0.04	2.02801120448179	0.729586133646031	0.392471051667847	0.823175036611875	0.7472723200577	HNRNPU	1
GO:0008157	protein phosphatase 1 binding	1/357	26/18100	0.0384615384615385	1.95001077354019	0.687600109570761	0.404470378614159	0.824927728715043	0.748863401220306	TPRN	1
GO:0050750	low-density lipoprotein particle receptor binding	1/357	26/18100	0.0384615384615385	1.95001077354019	0.687600109570761	0.404470378614159	0.824927728715043	0.748863401220306	APP	1
GO:0051537	2 iron, 2 sulfur cluster binding	1/357	26/18100	0.0384615384615385	1.95001077354019	0.687600109570761	0.404470378614159	0.824927728715043	0.748863401220306	BOLA2	1
GO:0070300	phosphatidic acid binding	1/357	26/18100	0.0384615384615385	1.95001077354019	0.687600109570761	0.404470378614159	0.824927728715043	0.748863401220306	JPH2	1
GO:0097367	carbohydrate derivative binding	46/357	2243/18100	0.0205082478823005	1.03977391223988	0.285463316197122	0.411762752881156	0.829252557187683	0.752789449099386	AARS1/AARS2/AARSD1/APP/ATAD5/BRSK2/CCT6B/CCT8/CHTF18/CSNK2A3/DDX43/DHX57/EEF1A1P5/FARSB/GTPBP6/H1-7/HNRNPU/HSP90AB3P/HSP90B2P/HSPA7/KIF1A/KIF6/MAB21L1/MCM8/MCM9/MYH1/MYH10/MYH11/MYH14/MYH2/MYH4/MYH9/NADK2/NME1/NME2/NME7/PDXK/RABL6/RNF213/RTCB/SPAST/SRXN1/TESK1/TP53RK/TUBA4A/UCK2	46
GO:0002039	p53 binding	2/357	71/18100	0.028169014084507	1.42817690456464	0.512760385029212	0.40993590885588	0.829252557187683	0.752789449099386	EHMT2/TP53RK	2
GO:0001671	ATPase activator activity	1/357	27/18100	0.037037037037037	1.87778815229796	0.647447181121902	0.416233357193042	0.829252557187683	0.752789449099386	AHSA1	1
GO:0016405	CoA-ligase activity	1/357	27/18100	0.037037037037037	1.87778815229796	0.647447181121902	0.416233357193042	0.829252557187683	0.752789449099386	DIP2A	1
GO:0034593	phosphatidylinositol bisphosphate phosphatase activity	1/357	27/18100	0.037037037037037	1.87778815229796	0.647447181121902	0.416233357193042	0.829252557187683	0.752789449099386	MTMR14	1
GO:0043548	phosphatidylinositol 3-kinase binding	1/357	27/18100	0.037037037037037	1.87778815229796	0.647447181121902	0.416233357193042	0.829252557187683	0.752789449099386	FAM83B	1
GO:0017022	myosin binding	2/357	73/18100	0.0273972602739726	1.38904877019301	0.472445394028831	0.423625296717381	0.831800345139437	0.755102312499081	GIPC1/MYOC	2
GO:0003684	damaged DNA binding	2/357	74/18100	0.027027027027027	1.37027784086608	0.452732603125953	0.430408318124476	0.831800345139437	0.755102312499081	MPG/SDE2	2
GO:0051536	iron-sulfur cluster binding	2/357	74/18100	0.027027027027027	1.37027784086608	0.452732603125953	0.430408318124476	0.831800345139437	0.755102312499081	BOLA2/RSAD1	2
GO:0043236	laminin binding	1/357	28/18100	0.0357142857142857	1.81072428971589	0.608971493524613	0.427764629891658	0.831800345139437	0.755102312499081	PXDN	1
GO:0046875	ephrin receptor binding	1/357	28/18100	0.0357142857142857	1.81072428971589	0.608971493524613	0.427764629891658	0.831800345139437	0.755102312499081	APP	1
GO:0080025	phosphatidylinositol-3,5-bisphosphate binding	1/357	28/18100	0.0357142857142857	1.81072428971589	0.608971493524613	0.427764629891658	0.831800345139437	0.755102312499081	JPH2	1
GO:0097718	disordered domain specific binding	1/357	28/18100	0.0357142857142857	1.81072428971589	0.608971493524613	0.427764629891658	0.831800345139437	0.755102312499081	HSP90AB3P	1
GO:0141052	histone H3 demethylase activity	1/357	28/18100	0.0357142857142857	1.81072428971589	0.608971493524613	0.427764629891658	0.831800345139437	0.755102312499081	KDM3B	1
GO:0051540	metal cluster binding	2/357	75/18100	0.0266666666666667	1.35200746965453	0.433304047868762	0.437148844422923	0.836177272838007	0.759075655677097	BOLA2/RSAD1	2
GO:0016209	antioxidant activity	2/357	76/18100	0.0263157894736842	1.33421789768539	0.414151064188329	0.443845911167322	0.836177272838007	0.759075655677097	PXDN/SRXN1	2
GO:0003724	RNA helicase activity	2/357	77/18100	0.025974025974026	1.31689039252064	0.395265368998628	0.45049860823443	0.836177272838007	0.759075655677097	DDX43/DHX57	2
GO:0098918	structural constituent of synapse	1/357	29/18100	0.0344827586206897	1.74828552110499	0.572035682040894	0.439068748258672	0.836177272838007	0.759075655677097	ACTL8	1
GO:0001968	fibronectin binding	1/357	30/18100	0.0333333333333333	1.69000933706816	0.536518115460235	0.450150174680655	0.836177272838007	0.759075655677097	MYOC	1
GO:0008327	methyl-CpG binding	1/357	30/18100	0.0333333333333333	1.69000933706816	0.536518115460235	0.450150174680655	0.836177272838007	0.759075655677097	CHTOP	1
GO:0016878	acid-thiol ligase activity	1/357	30/18100	0.0333333333333333	1.69000933706816	0.536518115460235	0.450150174680655	0.836177272838007	0.759075655677097	DIP2A	1
GO:0032452	histone demethylase activity	1/357	30/18100	0.0333333333333333	1.69000933706816	0.536518115460235	0.450150174680655	0.836177272838007	0.759075655677097	KDM3B	1
GO:0048019	receptor antagonist activity	1/357	30/18100	0.0333333333333333	1.69000933706816	0.536518115460235	0.450150174680655	0.836177272838007	0.759075655677097	PXDN	1
GO:0071813	lipoprotein particle binding	1/357	30/18100	0.0333333333333333	1.69000933706816	0.536518115460235	0.450150174680655	0.836177272838007	0.759075655677097	SORL1	1
GO:0071814	protein-lipid complex binding	1/357	30/18100	0.0333333333333333	1.69000933706816	0.536518115460235	0.450150174680655	0.836177272838007	0.759075655677097	SORL1	1
GO:0019003	GDP binding	2/357	78/18100	0.0256410256410256	1.30000718236012	0.376639038600466	0.457106078066244	0.840575457978517	0.763068296206528	NME1/NME2	2
GO:0052866	phosphatidylinositol phosphate phosphatase activity	1/357	31/18100	0.032258064516129	1.63549290684016	0.502310628096553	0.461013284123876	0.840575457978517	0.763068296206528	MTMR14	1
GO:0070273	phosphatidylinositol-4-phosphate binding	1/357	31/18100	0.032258064516129	1.63549290684016	0.502310628096553	0.461013284123876	0.840575457978517	0.763068296206528	JPH2	1
GO:0070325	lipoprotein particle receptor binding	1/357	31/18100	0.032258064516129	1.63549290684016	0.502310628096553	0.461013284123876	0.840575457978517	0.763068296206528	APP	1
GO:0140457	protein demethylase activity	1/357	31/18100	0.032258064516129	1.63549290684016	0.502310628096553	0.461013284123876	0.840575457978517	0.763068296206528	KDM3B	1
GO:0008186	ATP-dependent activity, acting on RNA	2/357	79/18100	0.0253164556962025	1.28355139524164	0.358264488573526	0.463667513960941	0.84243815916847	0.764759242819195	DDX43/DHX57	2
GO:0061630	ubiquitin protein ligase activity	8/357	379/18100	0.0211081794195251	1.07019060922522	0.195885538989788	0.473147494766248	0.856645990524155	0.777657008941756	ARK2N/GID4/IRF2BPL/LTN1/MID1/RNF213/RNF220/TRAF3IP2	8
GO:0000287	magnesium ion binding	5/357	230/18100	0.0217391304347826	1.10218000243576	0.221215433100444	0.47644303718452	0.856972263294577	0.777953196993241	BRSK2/FARSB/NME1/PDXK/REXO2	5
GO:0001618	virus receptor activity	2/357	81/18100	0.0246913580246914	1.25185876819864	0.322241977165351	0.476649301483612	0.856972263294577	0.777953196993241	MYH10/MYH9	2
GO:0046983	protein dimerization activity	22/357	1087/18100	0.0202391904323827	1.02613262416282	0.126053588979637	0.481887774913056	0.859528386533713	0.780273627106287	APP/DNPH1/DNTTIP1/ERP29/H2AC11/H2AC18/H2AC4/H2BC1/H2BC19P/H2BC4/H2BW1/H3-3A/H3C1/H3C15/MID1/MYH9/NADK2/PAXX/PDXK/ST13/SYNE1/TPM1	22
GO:0140272	exogenous protein binding	2/357	82/18100	0.024390243902439	1.23659219785475	0.304580380873254	0.483068279253443	0.859528386533713	0.780273627106287	MYH10/MYH9	2
GO:0042923	neuropeptide binding	1/357	33/18100	0.0303030303030303	1.53637212460742	0.437449595046572	0.482101625051506	0.859528386533713	0.780273627106287	SORL1	1
GO:0005154	epidermal growth factor receptor binding	1/357	35/18100	0.0285714285714286	1.44857943177271	0.37679251548999	0.502367086437805	0.887744577403793	0.805888080262521	FAM83B	1
GO:0015035	protein-disulfide reductase activity	1/357	35/18100	0.0285714285714286	1.44857943177271	0.37679251548999	0.502367086437805	0.887744577403793	0.805888080262521	COA7	1
GO:0019901	protein kinase binding	14/357	694/18100	0.0201729106628242	1.02277222128044	0.086772780243271	0.504347618116898	0.888202631222933	0.806303898192993	ACTL8/APP/BRSK2/CACUL1/CNTLN/FAM83B/FAM83D/HSP90B2P/MAVS/MYOC/PIWIL1/SPAG9/TESK1/TUBA4A	14
GO:0020037	heme binding	3/357	140/18100	0.0214285714285714	1.08643457382953	0.145628447111301	0.523806150460568	0.913121532559639	0.828925095856874	HEBP2/PXDN/RSAD1	3
GO:0070851	growth factor receptor binding	3/357	140/18100	0.0214285714285714	1.08643457382953	0.145628447111301	0.523806150460568	0.913121532559639	0.828925095856874	APP/FAM83B/PIBF1	3
GO:0043394	proteoglycan binding	1/357	37/18100	0.027027027027027	1.37027784086608	0.319802250420075	0.521841690853427	0.913121532559639	0.828925095856874	APP	1
GO:0061659	ubiquitin-like protein ligase activity	8/357	397/18100	0.0201511335012594	1.02166811308906	0.061921402450512	0.525587675919197	0.913142224829311	0.828943880149008	ARK2N/GID4/IRF2BPL/LTN1/MID1/RNF213/RNF220/TRAF3IP2	8
GO:0072341	modified amino acid binding	2/357	90/18100	0.0222222222222222	1.12667289137877	0.170881856552872	0.532620487552336	0.916107238590019	0.831635498108034	ANXA2P2/JPH2	2
GO:0030296	protein tyrosine kinase activator activity	1/357	38/18100	0.0263157894736842	1.33421789768539	0.292540806394915	0.531292087596235	0.916107238590019	0.831635498108034	IGF2	1
GO:0036002	pre-mRNA binding	1/357	38/18100	0.0263157894736842	1.33421789768539	0.292540806394915	0.531292087596235	0.916107238590019	0.831635498108034	HNRNPU	1
GO:0043168	anion binding	48/357	2450/18100	0.0195918367346939	0.993311610358429	-0.0505004570460565	0.544018422978441	0.919030906922064	0.834289582987186	AARS1/AARS2/AARSD1/ANXA2P2/APP/ATAD5/BRSK2/CCT6B/CCT8/CHTF18/CSNK2A3/DDX43/DHX57/EEF1A1P5/FARSB/GTPBP6/H1-7/HNRNPU/HSP90AB3P/HSP90B2P/HSPA7/JPH2/KIF1A/KIF6/MAB21L1/MCM8/MCM9/MYH1/MYH10/MYH11/MYH14/MYH2/MYH4/MYH9/NADK2/NME1/NME2/NME7/PDXK/RABL6/RNF213/RTCB/SPAST/SRXN1/TESK1/TP53RK/TUBA4A/UCK2	48
GO:0019001	guanyl nucleotide binding	8/357	403/18100	0.0198511166253102	1.0064571734401	0.01859486463471	0.542666764587536	0.919030906922064	0.834289582987186	EEF1A1P5/GTPBP6/MAB21L1/NME1/NME2/RABL6/RTCB/TUBA4A	8
GO:0032561	guanyl ribonucleotide binding	8/357	403/18100	0.0198511166253102	1.0064571734401	0.01859486463471	0.542666764587536	0.919030906922064	0.834289582987186	EEF1A1P5/GTPBP6/MAB21L1/NME1/NME2/RABL6/RTCB/TUBA4A	8
GO:0016410	N-acyltransferase activity	2/357	91/18100	0.021978021978022	1.11429187059439	0.155038339995791	0.53858296698446	0.919030906922064	0.834289582987186	ATAT1/GTF3C4	2
GO:0016407	acetyltransferase activity	2/357	93/18100	0.021505376344086	1.0903286045601	0.123877937188176	0.550349903563794	0.919030906922064	0.834289582987186	ATAT1/GTF3C4	2
GO:0051213	dioxygenase activity	2/357	93/18100	0.021505376344086	1.0903286045601	0.123877937188176	0.550349903563794	0.919030906922064	0.834289582987186	ADO/KDM3B	2
GO:0004402	histone acetyltransferase activity	1/357	40/18100	0.025	1.26750700280112	0.240244884986054	0.549637743470465	0.919030906922064	0.834289582987186	GTF3C4	1
GO:0016877	ligase activity, forming carbon-sulfur bonds	1/357	40/18100	0.025	1.26750700280112	0.240244884986054	0.549637743470465	0.919030906922064	0.834289582987186	DIP2A	1
GO:0032451	demethylase activity	1/357	40/18100	0.025	1.26750700280112	0.240244884986054	0.549637743470465	0.919030906922064	0.834289582987186	KDM3B	1
GO:0005547	phosphatidylinositol-3,4,5-trisphosphate binding	1/357	41/18100	0.024390243902439	1.23659219785475	0.215126231696842	0.558540253192561	0.923739649510773	0.838564145312718	JPH2	1
GO:0015036	disulfide oxidoreductase activity	1/357	41/18100	0.024390243902439	1.23659219785475	0.215126231696842	0.558540253192561	0.923739649510773	0.838564145312718	COA7	1
GO:0042056	chemoattractant activity	1/357	41/18100	0.024390243902439	1.23659219785475	0.215126231696842	0.558540253192561	0.923739649510773	0.838564145312718	APP	1
GO:0019900	kinase binding	15/357	773/18100	0.019404915912031	0.98383467229065	-0.0651569046171154	0.563353052382197	0.92576488862807	0.84040264267542	ACTL8/APP/BRSK2/CACUL1/CNTLN/FAM83B/FAM83D/HSP90B2P/MAVS/MYOC/PIWIL1/SPAG9/TESK1/TUBA4A/UBQLN1	15
GO:0051219	phosphoprotein binding	2/357	95/18100	0.0210526315789474	1.06737431814831	0.0933915309127814	0.561904626746639	0.92576488862807	0.84040264267542	MID1/PCIF1	2
GO:0051879	Hsp90 protein binding	1/357	42/18100	0.0238095238095238	1.20714952647726	0.190643339761377	0.567267266294629	0.929237807644535	0.843555333337043	AHSA1	1
GO:0046906	tetrapyrrole binding	3/357	150/18100	0.02	1.0140056022409	0.0244322274686644	0.570528667560995	0.93162276095403	0.845720376631056	HEBP2/PXDN/RSAD1	3
GO:0050839	cell adhesion molecule binding	12/357	627/18100	0.0191387559808612	0.970340289225738	-0.107217287423934	0.583809031396586	0.933286700303334	0.847230888688257	AHSA1/APP/CC2D1A/CCT8/CHMP5/GIPC1/H3C1/IGF2/IST1/MYH9/NIBAN2/NUMB	12
GO:0005178	integrin binding	3/357	152/18100	0.0197368421052632	1.00066342326404	0.00116507083840846	0.579528292348349	0.933286700303334	0.847230888688257	APP/IGF2/MYH9	3
GO:0004712	protein serine/threonine/tyrosine kinase activity	1/357	43/18100	0.0232558139534884	1.17907628167546	0.166762105088618	0.57582223284313	0.933286700303334	0.847230888688257	TESK1	1
GO:0140938	histone H3 methyltransferase activity	1/357	43/18100	0.0232558139534884	1.17907628167546	0.166762105088618	0.57582223284313	0.933286700303334	0.847230888688257	EHMT2	1
GO:0008375	acetylglucosaminyltransferase activity	1/357	44/18100	0.0227272727272727	1.15227909345556	0.143451046130196	0.584208535267397	0.933286700303334	0.847230888688257	ALG13	1
GO:0048156	tau protein binding	1/357	44/18100	0.0227272727272727	1.15227909345556	0.143451046130196	0.584208535267397	0.933286700303334	0.847230888688257	BRSK2	1
GO:0140318	protein transporter activity	1/357	44/18100	0.0227272727272727	1.15227909345556	0.143451046130196	0.584208535267397	0.933286700303334	0.847230888688257	SORL1	1
GO:0016788	hydrolase activity, acting on ester bonds	13/357	682/18100	0.0190615835777126	0.966427626769183	-0.126771888102415	0.590043263414279	0.934842864452284	0.848643563201278	DNAJC6/DTD1/FRA10AC1/MTMR14/NME1/NME7/NT5DC3/PLBD2/PTRHD1/REXO2/TIGAR/TRIR/USB1	13
GO:1901681	sulfur compound binding	5/357	262/18100	0.0190839694656489	0.967562597558107	-0.0750190407588574	0.591813597575492	0.934842864452284	0.848643563201278	APP/NME1/PCIF1/SPOUT1/TSR3	5
GO:0042605	peptide antigen binding	1/357	45/18100	0.0222222222222222	1.12667289137877	0.120681046062377	0.592429489681971	0.934842864452284	0.848643563201278	HLA-B	1
GO:0051539	4 iron, 4 sulfur cluster binding	1/357	45/18100	0.0222222222222222	1.12667289137877	0.120681046062377	0.592429489681971	0.934842864452284	0.848643563201278	RSAD1	1
GO:0043130	ubiquitin binding	2/357	101/18100	0.0198019801980198	1.00396594281277	0.00566931799895845	0.595283493761515	0.936482569454091	0.85013207549382	FAAP20/NPLOC4	2
GO:0030547	signaling receptor inhibitor activity	1/357	47/18100	0.0212765957446809	1.07872936408606	0.0766582416261669	0.608388295120192	0.951298061460665	0.863581471542219	PXDN	1
GO:0032266	phosphatidylinositol-3-phosphate binding	1/357	47/18100	0.0212765957446809	1.07872936408606	0.0766582416261669	0.608388295120192	0.951298061460665	0.863581471542219	JPH2	1
GO:0016597	amino acid binding	1/357	48/18100	0.0208333333333333	1.0562558356676	0.0553571099268508	0.616132458341934	0.951869306899514	0.864100044003027	AARS1	1
GO:0030276	clathrin binding	1/357	48/18100	0.0208333333333333	1.0562558356676	0.0553571099268508	0.616132458341934	0.951869306899514	0.864100044003027	DNAJC6	1
GO:0048020	CCR chemokine receptor binding	1/357	48/18100	0.0208333333333333	1.0562558356676	0.0553571099268508	0.616132458341934	0.951869306899514	0.864100044003027	NES	1
GO:0140693	molecular condensate scaffold activity	1/357	48/18100	0.0208333333333333	1.0562558356676	0.0553571099268508	0.616132458341934	0.951869306899514	0.864100044003027	MAVS	1
GO:0016791	phosphatase activity	5/357	270/18100	0.0185185185185185	0.938894076148978	-0.143495207567928	0.618410831959079	0.952537281465328	0.864706426462813	DNAJC6/FRA10AC1/MTMR14/NT5DC3/TIGAR	5
GO:0004601	peroxidase activity	1/357	49/18100	0.0204081632653061	1.03469959412336	0.0345000459611929	0.623723900418819	0.957861704214615	0.869539898766837	PXDN	1
GO:0019904	protein domain specific binding	12/357	648/18100	0.0185185185185185	0.938894076148978	-0.224696385885805	0.629512268428654	0.960482965937471	0.871919461122347	APP/CNTLN/CTTNBP2/DFFA/DNAJC6/EHMT2/HSP90AB3P/IST1/MAVS/MYH9/QKI/SHISA5	12
GO:0008013	beta-catenin binding	2/357	108/18100	0.0185185185185185	0.938894076148978	-0.0903448378679987	0.631778371097549	0.960482965937471	0.871919461122347	NUMB/RNF220	2
GO:0001222	transcription corepressor binding	1/357	51/18100	0.0196078431372549	0.994123139451859	-0.00596144817534708	0.638460576194869	0.960482965937471	0.871919461122347	EHMT2	1
GO:0016684	oxidoreductase activity, acting on peroxide as acceptor	1/357	51/18100	0.0196078431372549	0.994123139451859	-0.00596144817534708	0.638460576194869	0.960482965937471	0.871919461122347	PXDN	1
GO:0016860	intramolecular oxidoreductase activity	1/357	51/18100	0.0196078431372549	0.994123139451859	-0.00596144817534708	0.638460576194869	0.960482965937471	0.871919461122347	DDTL	1
GO:0030159	signaling receptor complex adaptor activity	1/357	51/18100	0.0196078431372549	0.994123139451859	-0.00596144817534708	0.638460576194869	0.960482965937471	0.871919461122347	SPAG9	1
GO:0030544	Hsp70 protein binding	1/357	51/18100	0.0196078431372549	0.994123139451859	-0.00596144817534708	0.638460576194869	0.960482965937471	0.871919461122347	ST13	1
GO:0017046	peptide hormone binding	1/357	52/18100	0.0192307692307692	0.975005386770093	-0.0256024439050904	0.645611641311963	0.968417461967945	0.879122338995789	APP	1
GO:0004857	enzyme inhibitor activity	8/357	449/18100	0.0178173719376392	0.903345748098794	-0.294176074614411	0.664016874083078	0.971114251804164	0.881570465224098	ANXA2P2/APP/DFFA/PABIR1/PINX1/SORL1/TESK1/TPRN	8
GO:0016747	acyltransferase activity, transferring groups other than amino-acyl groups	4/357	229/18100	0.0174672489082969	0.885594412437464	-0.247137370448826	0.66466893506477	0.971114251804164	0.881570465224098	ATAT1/GTF3C4/ZDHHC13/ZDHHC17	4
GO:0005544	calcium-dependent phospholipid binding	1/357	53/18100	0.0188679245283019	0.956609058717827	-0.044872717247617	0.652621650401703	0.971114251804164	0.881570465224098	ANXA2P2	1
GO:0051287	NAD binding	1/357	53/18100	0.0188679245283019	0.956609058717827	-0.044872717247617	0.652621650401703	0.971114251804164	0.881570465224098	GLYR1	1
GO:0030170	pyridoxal phosphate binding	1/357	54/18100	0.0185185185185185	0.938894076148978	-0.0637877949825979	0.659493378157374	0.971114251804164	0.881570465224098	PDXK	1
GO:0030291	protein serine/threonine kinase inhibitor activity	1/357	54/18100	0.0185185185185185	0.938894076148978	-0.0637877949825979	0.659493378157374	0.971114251804164	0.881570465224098	TESK1	1
GO:0050661	NADP binding	1/357	54/18100	0.0185185185185185	0.938894076148978	-0.0637877949825979	0.659493378157374	0.971114251804164	0.881570465224098	GLYR1	1
GO:0051018	protein kinase A binding	1/357	54/18100	0.0185185185185185	0.938894076148978	-0.0637877949825979	0.659493378157374	0.971114251804164	0.881570465224098	AKAP3	1
GO:0004520	DNA endonuclease activity	1/357	55/18100	0.0181818181818182	0.921823274764451	-0.0823622585803529	0.666229544842391	0.971114251804164	0.881570465224098	NME1	1
GO:0070279	vitamin B6 binding	1/357	55/18100	0.0181818181818182	0.921823274764451	-0.0823622585803529	0.666229544842391	0.971114251804164	0.881570465224098	PDXK	1
GO:0004842	ubiquitin-protein transferase activity	8/357	454/18100	0.0176211453744493	0.893397006379644	-0.326303747444156	0.675997709713356	0.979816905090145	0.889470670675468	ARK2N/GID4/IRF2BPL/LTN1/MID1/RNF213/RNF220/TRAF3IP2	8
GO:0005085	guanyl-nucleotide exchange factor activity	4/357	232/18100	0.0172413793103448	0.874142760552497	-0.273673088914953	0.674595241789392	0.979816905090145	0.889470670675468	ARFGEF3/DENND4C/KNDC1/LAMTOR1	4
GO:0032182	ubiquitin-like protein binding	2/357	121/18100	0.0165289256198347	0.838021158876774	-0.253580631026891	0.692665285771948	0.998366724743925	0.906310062242037	FAAP20/NPLOC4	2
GO:0045309	protein phosphorylated amino acid binding	1/357	59/18100	0.0169491525423729	0.859326781560082	-0.153516477966112	0.691871160147452	0.998366724743925	0.906310062242037	PCIF1	1
GO:0043169	cation binding	64/357	4496/18100	0.0142348754448399	0.721712172413449	-3.05296567862943	0.999353618178712	0.999999999999882	0.907792737657992	AARS1/AARS2/AARSD1/ABLIM1/ADO/AIF1L/ANXA2P2/APP/ASXL2/BRSK2/CASZ1/CHAMP1/CZIB/DHX57/DIDO1/DTD1/DZANK1/EHMT2/FAAP20/FARSB/GTPBP6/IRF2BPL/KDM3B/KIF1A/LMAN2/LTN1/MAB21L1/MEGF8/MID1/MIS18A/MYOC/NME1/NME2/NOB1/NPLOC4/NT5DC3/OIP5/OTUD7A/PCIF1/PDXK/PIWIL1/PIWIL2/PRDM6/PXDN/RBM26/RBM5/REXO2/RNF213/RNF220/RSAD1/RTCB/SMG6/SPOUT1/TCEA2/TESK1/TSR3/TUBA4A/ZC3H4/ZCCHC3/ZFC3H1/ZNF213/ZNF428/ZNHIT2/ZNHIT6	64
GO:0046872	metal ion binding	61/357	4398/18100	0.0138699408822192	0.703209887866015	-3.20872819629332	0.999650640903939	0.999999999999882	0.907792737657992	AARS1/AARS2/AARSD1/ABLIM1/ADO/AIF1L/ANXA2P2/APP/ASXL2/BRSK2/CASZ1/CHAMP1/CZIB/DHX57/DIDO1/DTD1/DZANK1/EHMT2/FAAP20/FARSB/GTPBP6/IRF2BPL/KDM3B/KIF1A/LMAN2/LTN1/MAB21L1/MEGF8/MID1/MIS18A/MYOC/NME1/NME2/NOB1/NPLOC4/NT5DC3/OIP5/OTUD7A/PDXK/PIWIL1/PIWIL2/PRDM6/PXDN/RBM26/RBM5/REXO2/RNF213/RNF220/RSAD1/RTCB/SMG6/TCEA2/TESK1/TUBA4A/ZC3H4/ZCCHC3/ZFC3H1/ZNF213/ZNF428/ZNHIT2/ZNHIT6	61
GO:0016787	hydrolase activity	44/357	2390/18100	0.0184100418410042	0.933394278213377	-0.495758613725437	0.712967149364852	0.999999999999882	0.907792737657992	ALG13/ATAD5/CCT6B/CCT8/CHTF18/DDX43/DHX57/DNAJC6/DNPH1/DTD1/EEF1A1P5/FRA10AC1/HSP90AB3P/HSP90B2P/HSPA7/KIF1A/KIF6/MCM8/MCM9/MPG/MTMR14/MYH4/NME1/NME7/NOB1/NT5DC3/OTUD7A/PIWIL1/PIWIL2/PLBD2/PTRHD1/QNG1/REXO2/RNF213/SMG6/SPAST/TIGAR/TP53RK/TRIR/TUBA4A/UFSP2/USB1/USP1/USP54	44
GO:0042802	identical protein binding	40/357	2210/18100	0.0180995475113122	0.917652128724793	-0.586049685214504	0.744289086680828	0.999999999999882	0.907792737657992	AHCYL1/APP/BABAM1/BORCS6/BRK1/BTBD1/DNPH1/DNTTIP1/ERP29/FATE1/GIPC1/H2BC4/HNRNPU/IST1/KCTD12/KIF1A/MAP1S/MAVS/MID1/MIS18A/MYH9/NADK2/NKAPD1/NME1/NME2/OIP5/PAXX/PDXK/PRDM6/PRPF6/RPRD1B/RTRAF/SMG9/SPAG9/SYNE1/TPM1/UBQLN1/UCK2/ZDHHC17/ZNHIT6	40
GO:0016740	transferase activity	36/357	2241/18100	0.0160642570281124	0.814462331117186	-1.33095384827462	0.924261673793324	0.999999999999882	0.907792737657992	ALG13/ARK2N/ATAT1/BRSK2/CSNK2A3/EHMT2/FTSJ3/GID4/GTF3C4/IRF2BPL/LTN1/MAB21L1/METTL1/MID1/NADK2/NME1/NME2/NME7/NSUN5P1/NSUN5P2/NTMT1/PCIF1/PDXK/PRDM6/RNF213/RNF220/SPOUT1/TESK1/THUMPD2/TP53RK/TRAF3IP2/TRMT61A/TSR3/UCK2/ZDHHC13/ZDHHC17	36
GO:0140096	catalytic activity, acting on a protein	34/357	2321/18100	0.014648858250754	0.742701216634866	-1.88314359129156	0.978632873704125	0.999999999999882	0.907792737657992	AARS1/AARS2/ALG13/ARK2N/ATAT1/BRSK2/COA7/CSNK2A3/DNAJC6/EHMT2/GID4/GTF3C4/IRF2BPL/KDM3B/LTN1/MID1/MTMR14/NME1/NME2/NME7/NTMT1/OTUD7A/PRDM6/RNF213/RNF220/SPAST/TESK1/TP53RK/TRAF3IP2/UFSP2/USP1/USP54/ZDHHC13/ZDHHC17	34
GO:0046914	transition metal ion binding	34/357	2415/18100	0.0140786749482402	0.713792763482205	-2.14311160578278	0.989480997692304	0.999999999999882	0.907792737657992	AARS1/AARS2/ADO/APP/ASXL2/CASZ1/CHAMP1/CZIB/DHX57/DIDO1/DZANK1/EHMT2/FAAP20/IRF2BPL/KDM3B/LTN1/MID1/NOB1/NPLOC4/OTUD7A/PDXK/PRDM6/RBM26/RBM5/RNF213/RNF220/TCEA2/ZC3H4/ZCCHC3/ZFC3H1/ZNF213/ZNF428/ZNHIT2/ZNHIT6	34
GO:0008270	zinc ion binding	32/357	2140/18100	0.0149532710280374	0.75813502971282	-1.69009566681845	0.965861888193771	0.999999999999882	0.907792737657992	AARS1/AARS2/ASXL2/CASZ1/CHAMP1/CZIB/DHX57/DIDO1/DZANK1/EHMT2/FAAP20/IRF2BPL/KDM3B/LTN1/MID1/NOB1/NPLOC4/OTUD7A/PDXK/PRDM6/RBM26/RBM5/RNF213/RNF220/TCEA2/ZC3H4/ZCCHC3/ZFC3H1/ZNF213/ZNF428/ZNHIT2/ZNHIT6	32
GO:0060090	molecular adaptor activity	24/357	1397/18100	0.0171796707229778	0.87101411788767	-0.711854135461231	0.789009760931832	0.999999999999882	0.907792737657992	ANAPC1/ARID1A/ARK2N/CNTLN/DDRGK1/FAAP20/GLYR1/HNRNPU/KDM3B/LAMTOR1/MAVS/MIDEAS/MIS18A/MYH9/NIBAN2/PAGE4/PAXX/PRPF6/QKI/SPAG9/ST13/SYNE1/TRPC4AP/YTHDF1	24
GO:0030674	protein-macromolecule adaptor activity	22/357	1259/18100	0.0174741858617951	0.885946117922944	-0.595095780550833	0.753417950194714	0.999999999999882	0.907792737657992	ARID1A/ARK2N/CNTLN/DDRGK1/FAAP20/GLYR1/HNRNPU/KDM3B/LAMTOR1/MAVS/MIDEAS/MIS18A/MYH9/NIBAN2/PAGE4/PRPF6/QKI/SPAG9/ST13/SYNE1/TRPC4AP/YTHDF1	22
GO:0098772	molecular function regulator activity	22/357	2335/18100	0.00942184154175589	0.477690005338324	-3.83594757437553	0.999990827512209	0.999999999999882	0.907792737657992	AHCYL1/AHSA1/ANXA2P2/APP/ARFGEF3/BRSK2/CNEP1R1/DENND4C/DFFA/IGF2/KNDC1/LAMTOR1/MAT2B/NAA25/PABIR1/PINX1/PPP6R3/PXDN/RAMAC/SORL1/TESK1/TPRN	22
GO:0030234	enzyme regulator activity	19/357	1409/18100	0.0134847409510291	0.683680143455537	-1.75383464491718	0.973406862496856	0.999999999999882	0.907792737657992	AHCYL1/ANXA2P2/APP/ARFGEF3/CNEP1R1/DENND4C/DFFA/IGF2/KNDC1/LAMTOR1/MAT2B/NAA25/PABIR1/PINX1/PPP6R3/RAMAC/SORL1/TESK1/TPRN	19
GO:0005102	signaling receptor binding	13/357	1531/18100	0.0084911822338341	0.430505317737807	-3.30352038710094	0.999921366647231	0.999999999999882	0.907792737657992	APP/ASXL2/FAM83B/GIPC1/HLA-B/IGF2/MYH9/MYOC/NES/PIBF1/PXDN/TRAF3IP2/ZDHHC17	13
GO:0140110	transcription regulator activity	13/357	1916/18100	0.00678496868475992	0.34399981286878	-4.30731518907073	0.99999971104398	0.999999999999882	0.907792737657992	ARID1A/ARK2N/CASZ1/CC2D1A/HNRNPU/JPH2/KDM3B/MIDEAS/NIBAN2/NME2/PAGE4/QKI/ZNF213	13
GO:0016746	acyltransferase activity	12/357	734/18100	0.0163487738419619	0.828887413275937	-0.671317486774472	0.786205523610983	0.999999999999882	0.907792737657992	ARK2N/ATAT1/GID4/GTF3C4/IRF2BPL/LTN1/MID1/RNF213/RNF220/TRAF3IP2/ZDHHC13/ZDHHC17	12
GO:0042803	protein homodimerization activity	11/357	726/18100	0.0151515151515152	0.768186062303709	-0.904286021843959	0.852408878945564	0.999999999999882	0.907792737657992	APP/DNPH1/DNTTIP1/ERP29/MID1/MYH9/NADK2/PAXX/PDXK/SYNE1/TPM1	11
GO:0016772	transferase activity, transferring phosphorus-containing groups	11/357	889/18100	0.0123734533183352	0.627337549192906	-1.61626041243177	0.966560695287024	0.999999999999882	0.907792737657992	BRSK2/CSNK2A3/MAB21L1/NADK2/NME1/NME2/NME7/PDXK/TESK1/TP53RK/UCK2	11
GO:0043565	sequence-specific DNA binding	11/357	1626/18100	0.00676506765067651	0.342990824866232	-3.93894617353073	0.9999978613869	0.999999999999882	0.907792737657992	CASZ1/CC2D1A/CHCHD2/CHTOP/EHMT2/H3-3A/HNRNPU/JPH2/SMG6/SMG7/ZNF213	11
GO:0016773	phosphotransferase activity, alcohol group as acceptor	10/357	676/18100	0.014792899408284	0.750004143669302	-0.939680249664594	0.86249364680362	0.999999999999882	0.907792737657992	BRSK2/CSNK2A3/NADK2/NME1/NME2/NME7/PDXK/TESK1/TP53RK/UCK2	10
GO:0016301	kinase activity	10/357	725/18100	0.0137931034482759	0.699314208441998	-1.17210731172537	0.910774740626742	0.999999999999882	0.907792737657992	BRSK2/CSNK2A3/NADK2/NME1/NME2/NME7/PDXK/TESK1/TP53RK/UCK2	10
GO:0003690	double-stranded DNA binding	10/357	1596/18100	0.006265664160401	0.317670928020331	-4.04914737124626	0.99999904797144	0.999999999999882	0.907792737657992	CASZ1/CC2D1A/EHMT2/H1-7/H3-3A/HNRNPU/JPH2/LSM14A/ZCCHC3/ZNF213	10
GO:0140678	molecular function inhibitor activity	9/357	603/18100	0.0149253731343284	0.756720598687236	-0.861846793830496	0.844926354680194	0.999999999999882	0.907792737657992	ANXA2P2/APP/DFFA/PABIR1/PINX1/PXDN/SORL1/TESK1/TPRN	9
GO:0016491	oxidoreductase activity	9/357	671/18100	0.0134128166915052	0.680033563350825	-1.19805656053681	0.916691541285144	0.999999999999882	0.907792737657992	ADO/COA7/KDM3B/KIAA1191/L2HGDH/LDHC/PXDN/RSAD1/SRXN1	9
GO:0019787	ubiquitin-like protein transferase activity	8/357	483/18100	0.0165631469979296	0.839756192332005	-0.506333562841276	0.740188945635398	0.999999999999882	0.907792737657992	ARK2N/GID4/IRF2BPL/LTN1/MID1/RNF213/RNF220/TRAF3IP2	8
GO:0016755	aminoacyltransferase activity	8/357	500/18100	0.016	0.811204481792717	-0.607250974587795	0.773501790416993	0.999999999999882	0.907792737657992	ARK2N/GID4/IRF2BPL/LTN1/MID1/RNF213/RNF220/TRAF3IP2	8
GO:0003712	transcription coregulator activity	8/357	527/18100	0.015180265654649	0.769643720865955	-0.761255213243277	0.819882354768252	0.999999999999882	0.907792737657992	ARID1A/ARK2N/HNRNPU/KDM3B/MIDEAS/NIBAN2/PAGE4/QKI	8
GO:0008134	transcription factor binding	8/357	603/18100	0.0132669983416252	0.672640532166432	-1.15971063008209	0.911653552909353	0.999999999999882	0.907792737657992	ARID1A/CHCHD2/EHMT2/HNRNPU/INTS13/MAVS/PTMA/ZNHIT6	8
GO:0004672	protein kinase activity	7/357	568/18100	0.0123239436619718	0.624827395747031	-1.288657265306	0.934302304588073	0.999999999999882	0.907792737657992	BRSK2/CSNK2A3/NME1/NME2/NME7/TESK1/TP53RK	7
GO:0000976	transcription cis-regulatory region binding	7/357	1425/18100	0.00491228070175439	0.249054007567939	-4.18919992047283	0.999999787685756	0.999999999999882	0.907792737657992	CASZ1/CC2D1A/EHMT2/H3-3A/HNRNPU/JPH2/ZNF213	7
GO:0001067	transcription regulatory region nucleic acid binding	7/357	1426/18100	0.00490883590462833	0.248879355388719	-4.19176989961093	0.999999791312111	0.999999999999882	0.907792737657992	CASZ1/CC2D1A/EHMT2/H3-3A/HNRNPU/JPH2/ZNF213	7
GO:1990837	sequence-specific double-stranded DNA binding	7/357	1502/18100	0.00466045272969374	0.236286258844417	-4.38415159494438	0.999999944294121	0.999999999999882	0.907792737657992	CASZ1/CC2D1A/EHMT2/H3-3A/HNRNPU/JPH2/ZNF213	7
GO:0005525	GTP binding	6/357	379/18100	0.0158311345646438	0.802642956918915	-0.550777250462705	0.761446586292905	0.999999999999882	0.907792737657992	EEF1A1P5/GTPBP6/MAB21L1/RABL6/RTCB/TUBA4A	6
GO:0000977	RNA polymerase II transcription regulatory region sequence-specific DNA binding	6/357	1326/18100	0.00452488687782805	0.229413032181198	-4.13449979218907	0.999999767323623	0.999999999999882	0.907792737657992	CASZ1/CC2D1A/EHMT2/H3-3A/HNRNPU/ZNF213	6
GO:0051020	GTPase binding	5/357	319/18100	0.0156739811912226	0.794675236865906	-0.524815258009338	0.757326894486529	0.999999999999882	0.907792737657992	BRK1/CCDC186/INF2/LAMTOR1/SORL1	5
GO:0044389	ubiquitin-like protein ligase binding	5/357	321/18100	0.0155763239875389	0.789723989284187	-0.539183324509009	0.762089956795112	0.999999999999882	0.907792737657992	CACUL1/DDRGK1/FATE1/MID1/NPLOC4	5
GO:0042578	phosphoric ester hydrolase activity	5/357	359/18100	0.0139275766016713	0.706132034986697	-0.797734351415632	0.839645566044172	0.999999999999882	0.907792737657992	DNAJC6/FRA10AC1/MTMR14/NT5DC3/TIGAR	5
GO:0140297	DNA-binding transcription factor binding	5/357	496/18100	0.0100806451612903	0.511091533387549	-1.56606790157316	0.969248424635992	0.999999999999882	0.907792737657992	ARID1A/CHCHD2/INTS13/MAVS/PTMA	5
GO:0008233	peptidase activity	5/357	619/18100	0.00807754442649435	0.40953376504075	-2.12033815282762	0.994410167465551	0.999999999999882	0.907792737657992	ALG13/OTUD7A/UFSP2/USP1/USP54	5
GO:0140677	molecular function activator activity	5/357	1238/18100	0.00403877221324717	0.204766882520375	-4.11195269349467	0.999999804584451	0.999999999999882	0.907792737657992	AHSA1/APP/IGF2/NAA25/RAMAC	5
GO:0005215	transporter activity	5/357	1244/18100	0.00401929260450161	0.203779260900502	-4.1277585543808	0.999999824666425	0.999999999999882	0.907792737657992	ROMO1/SORL1/TMEM184B/TRPC4AP/ZDHHC13	5
GO:0003700	DNA-binding transcription factor activity	5/357	1404/18100	0.00356125356125356	0.180556553105573	-4.53465440476199	0.999999990709679	0.999999999999882	0.907792737657992	CASZ1/CC2D1A/JPH2/NME2/ZNF213	5
GO:0031267	small GTPase binding	4/357	284/18100	0.0140845070422535	0.714088452282321	-0.6888642334236	0.81454969268476	0.999999999999882	0.907792737657992	BRK1/CCDC186/INF2/SORL1	4
GO:0003713	transcription coactivator activity	4/357	288/18100	0.0138888888888889	0.704170557111734	-0.717842501414461	0.822921480035569	0.999999999999882	0.907792737657992	ARID1A/NIBAN2/PAGE4/QKI	4
GO:0031625	ubiquitin protein ligase binding	4/357	301/18100	0.0132890365448505	0.67375787524312	-0.809605323161509	0.848001190711755	0.999999999999882	0.907792737657992	CACUL1/FATE1/MID1/NPLOC4	4
GO:0106310	protein serine kinase activity	4/357	360/18100	0.0111111111111111	0.563336445689387	-1.18705067664578	0.927305622641542	0.999999999999882	0.907792737657992	BRSK2/CSNK2A3/TESK1/TP53RK	4
GO:0004674	protein serine/threonine kinase activity	4/357	431/18100	0.00928074245939675	0.470536242339163	-1.57803546385776	0.972360326323177	0.999999999999882	0.907792737657992	BRSK2/CSNK2A3/TESK1/TP53RK	4
GO:0030695	GTPase regulator activity	4/357	493/18100	0.00811359026369168	0.411361299083528	-1.87965204419864	0.988763311567075	0.999999999999882	0.907792737657992	ARFGEF3/DENND4C/KNDC1/LAMTOR1	4
GO:0060589	nucleoside-triphosphatase regulator activity	4/357	494/18100	0.00809716599190283	0.410528583903197	-1.8842726662673	0.988929286387512	0.999999999999882	0.907792737657992	ARFGEF3/DENND4C/KNDC1/LAMTOR1	4
GO:0008047	enzyme activator activity	4/357	662/18100	0.00604229607250755	0.306346103396041	-2.57911887690355	0.999203144511697	0.999999999999882	0.907792737657992	APP/IGF2/NAA25/RAMAC	4
GO:0000978	RNA polymerase II cis-regulatory region sequence-specific DNA binding	4/357	1115/18100	0.00358744394618834	0.181884412958008	-4.00006636696149	0.999999717687086	0.999999999999882	0.907792737657992	CC2D1A/H3-3A/HNRNPU/ZNF213	4
GO:0022857	transmembrane transporter activity	4/357	1123/18100	0.00356188780053428	0.180588709214763	-4.02169581744476	0.99999975653951	0.999999999999882	0.907792737657992	ROMO1/TMEM184B/TRPC4AP/ZDHHC13	4
GO:0000987	cis-regulatory region sequence-specific DNA binding	4/357	1139/18100	0.00351185250219491	0.178051905573467	-4.06469908481484	0.999999819057695	0.999999999999882	0.907792737657992	CC2D1A/H3-3A/HNRNPU/ZNF213	4
GO:0000981	DNA-binding transcription factor activity, RNA polymerase II-specific	4/357	1317/18100	0.00303720577069096	0.153987183331951	-4.52254507891211	0.999999993695004	0.999999999999882	0.907792737657992	CASZ1/CC2D1A/JPH2/ZNF213	4
GO:0003714	transcription corepressor activity	3/357	211/18100	0.014218009478673	0.720857063204429	-0.578525772220326	0.789244763745816	0.999999999999882	0.907792737657992	ARK2N/HNRNPU/MIDEAS	3
GO:0033218	amide binding	3/357	243/18100	0.0123456790123457	0.625929384099319	-0.832722604758324	0.861197480446775	0.999999999999882	0.907792737657992	APP/NME1/SORL1	3
GO:0005126	cytokine receptor binding	3/357	275/18100	0.0109090909090909	0.553093964858671	-1.05929194286364	0.910680808119147	0.999999999999882	0.907792737657992	NES/PIBF1/PXDN	3
GO:0001664	G protein-coupled receptor binding	3/357	295/18100	0.0101694915254237	0.515596068936049	-1.18985913633178	0.932867707258014	0.999999999999882	0.907792737657992	APP/MYOC/NES	3
GO:0005543	phospholipid binding	3/357	502/18100	0.00597609561752988	0.302989721785128	-2.24650430930774	0.997435601079502	0.999999999999882	0.907792737657992	ANXA2P2/JPH2/PHLDA2	3
GO:0030545	signaling receptor regulator activity	3/357	609/18100	0.00492610837438424	0.249755074443571	-2.67148207726972	0.999590671687867	0.999999999999882	0.907792737657992	APP/IGF2/PXDN	3
GO:0008324	monoatomic cation transmembrane transporter activity	3/357	644/18100	0.0046583850931677	0.236181429093376	-2.79968165856014	0.999778779299904	0.999999999999882	0.907792737657992	ROMO1/TRPC4AP/ZDHHC13	3
GO:0005509	calcium ion binding	3/357	703/18100	0.0042674253200569	0.216359659084117	-3.0061118630481	0.999922721257568	0.999999999999882	0.907792737657992	AIF1L/ANXA2P2/MEGF8	3
GO:0015075	monoatomic ion transmembrane transporter activity	3/357	759/18100	0.00395256916996047	0.200396364079229	-3.19232023591232	0.999971949296685	0.999999999999882	0.907792737657992	ROMO1/TRPC4AP/ZDHHC13	3
GO:0008289	lipid binding	3/357	864/18100	0.00347222222222222	0.176042639277933	-3.52039372450893	0.99999594894598	0.999999999999882	0.907792737657992	ANXA2P2/JPH2/PHLDA2	3
GO:0016798	hydrolase activity, acting on glycosyl bonds	2/357	129/18100	0.0155038759689922	0.786050854450307	-0.34591322093719	0.725850654703519	0.999999999999882	0.907792737657992	DNPH1/MPG	2
GO:0035591	signaling adaptor activity	2/357	130/18100	0.0153846153846154	0.780004309416074	-0.357075195847974	0.729778927917774	0.999999999999882	0.907792737657992	MAVS/SPAG9	2
GO:0042826	histone deacetylase binding	2/357	130/18100	0.0153846153846154	0.780004309416074	-0.357075195847974	0.729778927917774	0.999999999999882	0.907792737657992	HSP90AB3P/MAGEA11	2
GO:0016614	oxidoreductase activity, acting on CH-OH group of donors	2/357	132/18100	0.0151515151515152	0.768186062303709	-0.379161743916845	0.737492563335634	0.999999999999882	0.907792737657992	L2HGDH/LDHC	2
GO:0052689	carboxylic ester hydrolase activity	2/357	148/18100	0.0135135135135135	0.685138920433038	-0.545558453855594	0.79267574448423	0.999999999999882	0.907792737657992	DTD1/PTRHD1	2
GO:0004866	endopeptidase inhibitor activity	2/357	168/18100	0.0119047619047619	0.603574763238629	-0.732233243130338	0.84710182305183	0.999999999999882	0.907792737657992	APP/SORL1	2
GO:0004721	phosphoprotein phosphatase activity	2/357	175/18100	0.0114285714285714	0.579431772709084	-0.793001071026206	0.862859104797475	0.999999999999882	0.907792737657992	DNAJC6/MTMR14	2
GO:0030414	peptidase inhibitor activity	2/357	176/18100	0.0113636363636364	0.576139546727782	-0.801511275515688	0.864984967904906	0.999999999999882	0.907792737657992	APP/SORL1	2
GO:1901981	phosphatidylinositol phosphate binding	2/357	185/18100	0.0108108108108108	0.54811113634643	-0.876308387385418	0.882801531073331	0.999999999999882	0.907792737657992	JPH2/PHLDA2	2
GO:0061135	endopeptidase regulator activity	2/357	197/18100	0.0101522842639594	0.514723655959846	-0.971420356739482	0.903188197732395	0.999999999999882	0.907792737657992	APP/SORL1	2
GO:0016829	lyase activity	2/357	199/18100	0.0100502512562814	0.509550553889898	-0.986801979773151	0.906246701023838	0.999999999999882	0.907792737657992	DDTL/USB1	2
GO:0042277	peptide binding	2/357	233/18100	0.00858369098712446	0.435195537442445	-1.23083016989626	0.94620810598041	0.999999999999882	0.907792737657992	HLA-B/SORL1	2
GO:0061134	peptidase regulator activity	2/357	235/18100	0.00851063829787234	0.431491745634424	-1.24427698275562	0.947965057064823	0.999999999999882	0.907792737657992	APP/SORL1	2
GO:0019887	protein kinase regulator activity	2/357	274/18100	0.0072992700729927	0.370075037314196	-1.49033884416274	0.973039255855399	0.999999999999882	0.907792737657992	IGF2/TESK1	2
GO:0035091	phosphatidylinositol binding	2/357	285/18100	0.00701754385964912	0.355791439382771	-1.55490507177924	0.977672488946026	0.999999999999882	0.907792737657992	JPH2/PHLDA2	2
GO:0001227	DNA-binding transcription repressor activity, RNA polymerase II-specific	2/357	288/18100	0.00694444444444444	0.352085278555867	-1.57219213815839	0.978796227271012	0.999999999999882	0.907792737657992	CC2D1A/JPH2	2
GO:0001217	DNA-binding transcription repressor activity	2/357	298/18100	0.00671140939597315	0.340270336322448	-1.62887447327628	0.982160627318761	0.999999999999882	0.907792737657992	CC2D1A/JPH2	2
GO:0019207	kinase regulator activity	2/357	308/18100	0.00649350649350649	0.329222598130161	-1.6841829566596	0.985005321736652	0.999999999999882	0.907792737657992	IGF2/TESK1	2
GO:0046873	metal ion transmembrane transporter activity	2/357	445/18100	0.00449438202247191	0.227866427469864	-2.33930286343364	0.998713317217915	0.999999999999882	0.907792737657992	TRPC4AP/ZDHHC13	2
GO:0001216	DNA-binding transcription activator activity	2/357	449/18100	0.0044543429844098	0.225836437024699	-2.35623776073879	0.998804421732445	0.999999999999882	0.907792737657992	CASZ1/NME2	2
GO:0048018	receptor ligand activity	2/357	547/18100	0.0036563071297989	0.185375795656471	-2.74424681210242	0.999806856222285	0.999999999999882	0.907792737657992	APP/IGF2	2
GO:0030546	signaling receptor activator activity	2/357	557/18100	0.00359066427289048	0.182047684423859	-2.781323619421	0.999840012042265	0.999999999999882	0.907792737657992	APP/IGF2	2
GO:0022890	inorganic cation transmembrane transporter activity	2/357	610/18100	0.00327868852459016	0.166230426596868	-2.9714192121136	0.999941407387531	0.999999999999882	0.907792737657992	TRPC4AP/ZDHHC13	2
GO:0015318	inorganic molecular entity transmembrane transporter activity	2/357	727/18100	0.00275103163686382	0.139478074586093	-3.3592289752833	0.999993829985311	0.999999999999882	0.907792737657992	TRPC4AP/ZDHHC13	2
GO:0038023	signaling receptor activity	2/357	1599/18100	0.00125078173858662	0.0634149845053719	-5.56370605101716	0.999999999999882	0.999999999999882	0.907792737657992	ATP6AP2/SORL1	2
GO:0060089	molecular transducer activity	2/357	1599/18100	0.00125078173858662	0.0634149845053719	-5.56370605101716	0.999999999999882	0.999999999999882	0.907792737657992	ATP6AP2/SORL1	2
GO:0016627	oxidoreductase activity, acting on the CH-CH group of donors	1/357	60/18100	0.0166666666666667	0.84500466853408	-0.170578325814161	0.697968493766839	0.999999999999882	0.907792737657992	RSAD1	1
GO:0016765	transferase activity, transferring alkyl or aryl (other than methyl) groups	1/357	60/18100	0.0166666666666667	0.84500466853408	-0.170578325814161	0.697968493766839	0.999999999999882	0.907792737657992	TSR3	1
GO:0016504	peptidase activator activity	1/357	61/18100	0.0163934426229508	0.831152132984341	-0.187370898241814	0.703945503064247	0.999999999999882	0.907792737657992	APP	1
GO:0019905	syntaxin binding	1/357	61/18100	0.0163934426229508	0.831152132984341	-0.187370898241814	0.703945503064247	0.999999999999882	0.907792737657992	SCFD1	1
GO:0016706	2-oxoglutarate-dependent dioxygenase activity	1/357	62/18100	0.0161290322580645	0.817746453420078	-0.203903891108405	0.709804555972173	0.999999999999882	0.907792737657992	KDM3B	1
GO:0038024	cargo receptor activity	1/357	65/18100	0.0153846153846154	0.780004309416074	-0.252034881143081	0.726696964054667	0.999999999999882	0.907792737657992	SORL1	1
GO:0050840	extracellular matrix binding	1/357	66/18100	0.0151515151515152	0.768186062303709	-0.267616786250637	0.732106954841054	0.999999999999882	0.907792737657992	PXDN	1
GO:0140223	general transcription initiation factor activity	1/357	67/18100	0.0149253731343284	0.756720598687236	-0.28298057205164	0.73741014975742	0.999999999999882	0.907792737657992	GTF3C4	1
GO:0160215	deacylase activity	1/357	67/18100	0.0149253731343284	0.756720598687236	-0.28298057205164	0.73741014975742	0.999999999999882	0.907792737657992	DTD1	1
GO:0048029	monosaccharide binding	1/357	73/18100	0.0136986301369863	0.694524385096504	-0.370957469362218	0.767101495890717	0.999999999999882	0.907792737657992	LMAN2	1
GO:0140313	molecular sequestering activity	1/357	73/18100	0.0136986301369863	0.694524385096504	-0.370957469362218	0.767101495890717	0.999999999999882	0.907792737657992	TSSC4	1
GO:0042379	chemokine receptor binding	1/357	74/18100	0.0135135135135135	0.685138920433038	-0.384975443958462	0.771713731202583	0.999999999999882	0.907792737657992	NES	1
GO:0043539	protein serine/threonine kinase activator activity	1/357	79/18100	0.0126582278481013	0.64177569762082	-0.452612995880746	0.793443939873551	0.999999999999882	0.907792737657992	IGF2	1
GO:0030971	receptor tyrosine kinase binding	1/357	81/18100	0.0123456790123457	0.625929384099319	-0.478606544967404	0.801546943153822	0.999999999999882	0.907792737657992	MYOC	1
GO:0048306	calcium-dependent protein binding	1/357	82/18100	0.0121951219512195	0.618296098927376	-0.491392026548908	0.805478778510617	0.999999999999882	0.907792737657992	ANXA2P2	1
GO:0001540	amyloid-beta binding	1/357	83/18100	0.0120481927710843	0.610846748337889	-0.50404155458698	0.809332928586747	0.999999999999882	0.907792737657992	SORL1	1
GO:0180051	translation factor activity	1/357	83/18100	0.0120481927710843	0.610846748337889	-0.50404155458698	0.809332928586747	0.999999999999882	0.907792737657992	EEF1A1P5	1
GO:0005546	phosphatidylinositol-4,5-bisphosphate binding	1/357	85/18100	0.0117647058823529	0.596473883671116	-0.528946623353823	0.816814265543262	0.999999999999882	0.907792737657992	JPH2	1
GO:0004197	cysteine-type endopeptidase activity	1/357	88/18100	0.0113636363636364	0.576139546727782	-0.565367887136519	0.827490933195844	0.999999999999882	0.907792737657992	USP1	1
GO:0004860	protein kinase inhibitor activity	1/357	91/18100	0.010989010989011	0.557145935297196	-0.600737031381482	0.837546970805279	0.999999999999882	0.907792737657992	TESK1	1
GO:0042562	hormone binding	1/357	95/18100	0.0105263157894737	0.533687159074156	-0.646383834304437	0.850051484707382	0.999999999999882	0.907792737657992	APP	1
GO:0019210	kinase inhibitor activity	1/357	96/18100	0.0104166666666667	0.5281279178338	-0.657541653913717	0.853024637718182	0.999999999999882	0.907792737657992	TESK1	1
GO:0004725	protein tyrosine phosphatase activity	1/357	98/18100	0.0102040816326531	0.517349797061682	-0.679568162418755	0.858795735116341	0.999999999999882	0.907792737657992	DNAJC6	1
GO:0004867	serine-type endopeptidase inhibitor activity	1/357	100/18100	0.01	0.507002801120448	-0.701222868419827	0.864340835897714	0.999999999999882	0.907792737657992	APP	1
GO:0004722	protein serine/threonine phosphatase activity	1/357	103/18100	0.00970873786407767	0.492235729243154	-0.733041502893286	0.87225395626737	0.999999999999882	0.907792737657992	MTMR14	1
GO:0000149	SNARE binding	1/357	107/18100	0.00934579439252336	0.473834393570512	-0.774302082057423	0.882093327006659	0.999999999999882	0.907792737657992	SCFD1	1
GO:0004620	phospholipase activity	1/357	109/18100	0.00917431192660551	0.465140184514173	-0.794462566928728	0.886725822679258	0.999999999999882	0.907792737657992	PLBD2	1
GO:1902936	phosphatidylinositol bisphosphate binding	1/357	110/18100	0.00909090909090909	0.460911637382226	-0.804430612866609	0.88897355106031	0.999999999999882	0.907792737657992	JPH2	1
GO:0140463	chromatin-protein adaptor activity	1/357	113/18100	0.00884955752212389	0.448675045239335	-0.833902693713422	0.895453351334881	0.999999999999882	0.907792737657992	GLYR1	1
GO:1990782	protein tyrosine kinase binding	1/357	118/18100	0.00847457627118644	0.429663390780041	-0.881659980428967	0.905425704721369	0.999999999999882	0.907792737657992	MYOC	1
GO:0016616	oxidoreductase activity, acting on the CH-OH group of donors, NAD or NADP as acceptor	1/357	122/18100	0.00819672131147541	0.415576066492171	-0.918724064307715	0.912715986543185	0.999999999999882	0.907792737657992	LDHC	1
GO:0001221	transcription coregulator binding	1/357	127/18100	0.0078740157480315	0.399214804031849	-0.963737299373871	0.921045718073752	0.999999999999882	0.907792737657992	EHMT2	1
GO:0005262	calcium channel activity	1/357	127/18100	0.0078740157480315	0.399214804031849	-0.963737299373871	0.921045718073752	0.999999999999882	0.907792737657992	TRPC4AP	1
GO:0016298	lipase activity	1/357	130/18100	0.00769230769230769	0.390002154708037	-0.99008803079884	0.925657972578153	0.999999999999882	0.907792737657992	PLBD2	1
GO:0005179	hormone activity	1/357	132/18100	0.00757575757575758	0.384093031151855	-1.00739568431367	0.928582535613371	0.999999999999882	0.907792737657992	IGF2	1
GO:1990756	ubiquitin-like ligase-substrate adaptor activity	1/357	132/18100	0.00757575757575758	0.384093031151855	-1.00739568431367	0.928582535613371	0.999999999999882	0.907792737657992	TRPC4AP	1
GO:0019838	growth factor binding	1/357	136/18100	0.00735294117647059	0.372796177294447	-1.04141660828635	0.934091929234662	0.999999999999882	0.907792737657992	PXDN	1
GO:0016922	nuclear receptor binding	1/357	139/18100	0.00719424460431655	0.364750216633416	-1.06643537101225	0.937943956602121	0.999999999999882	0.907792737657992	ARID1A	1
GO:0004713	protein tyrosine kinase activity	1/357	141/18100	0.00709219858156028	0.359576454695353	-1.08288825496705	0.940386408698226	0.999999999999882	0.907792737657992	TESK1	1
GO:0019955	cytokine binding	1/357	142/18100	0.00704225352112676	0.357044226141161	-1.09104876262208	0.941571444173182	0.999999999999882	0.907792737657992	PXDN	1
GO:0015085	calcium ion transmembrane transporter activity	1/357	143/18100	0.00699300699300699	0.354547413370943	-1.09916614851357	0.942732987464761	0.999999999999882	0.907792737657992	TRPC4AP	1
GO:0008194	UDP-glycosyltransferase activity	1/357	146/18100	0.00684931506849315	0.347262192548252	-1.12326559687455	0.9460812629139	0.999999999999882	0.907792737657992	ALG13	1
GO:0016779	nucleotidyltransferase activity	1/357	146/18100	0.00684931506849315	0.347262192548252	-1.12326559687455	0.9460812629139	0.999999999999882	0.907792737657992	MAB21L1	1
GO:0019842	vitamin binding	1/357	146/18100	0.00684931506849315	0.347262192548252	-1.12326559687455	0.9460812629139	0.999999999999882	0.907792737657992	PDXK	1
GO:0030295	protein kinase activator activity	1/357	150/18100	0.00666666666666667	0.338001867413632	-1.15482995168553	0.95024388999951	0.999999999999882	0.907792737657992	IGF2	1
GO:0005506	iron ion binding	1/357	153/18100	0.0065359477124183	0.331374379817286	-1.17809596773858	0.953154131432117	0.999999999999882	0.907792737657992	ADO	1
GO:0140767	enzyme-substrate adaptor activity	1/357	153/18100	0.0065359477124183	0.331374379817286	-1.17809596773858	0.953154131432117	0.999999999999882	0.907792737657992	TRPC4AP	1
GO:0019209	kinase activator activity	1/357	160/18100	0.00625	0.31687675070028	-1.23110674310426	0.95930146130448	0.999999999999882	0.907792737657992	IGF2	1
GO:0008083	growth factor activity	1/357	162/18100	0.00617283950617284	0.312964692049659	-1.24594085280006	0.960905163683217	0.999999999999882	0.907792737657992	IGF2	1
GO:0003735	structural constituent of ribosome	1/357	163/18100	0.00613496932515337	0.311044663264079	-1.25330807703235	0.961683224591071	0.999999999999882	0.907792737657992	MRPS6	1
GO:0008201	heparin binding	1/357	169/18100	0.00591715976331361	0.300001657467721	-1.29683875480637	0.966037789280138	0.999999999999882	0.907792737657992	APP	1
GO:0005201	extracellular matrix structural constituent	1/357	175/18100	0.00571428571428571	0.289715886354542	-1.33927393061039	0.969898700866859	0.999999999999882	0.907792737657992	PXDN	1
GO:0003823	antigen binding	1/357	178/18100	0.00561797752808989	0.28483303433733	-1.36010388827287	0.971661736272731	0.999999999999882	0.907792737657992	HLA-B	1
GO:0016705	oxidoreductase activity, acting on paired donors, with incorporation or reduction of molecular oxygen	1/357	183/18100	0.00546448087431694	0.27705071099478	-1.39427552789705	0.974374242181868	0.999999999999882	0.907792737657992	KDM3B	1
GO:0031406	carboxylic acid binding	1/357	185/18100	0.00540540540540541	0.274055568173215	-1.40776028256639	0.975385293575865	0.999999999999882	0.907792737657992	APP	1
GO:0043177	organic acid binding	1/357	187/18100	0.0053475935828877	0.27112449257778	-1.4211432900914	0.976356561775896	0.999999999999882	0.907792737657992	APP	1
GO:0016758	hexosyltransferase activity	1/357	195/18100	0.00512820512820513	0.260001436472025	-1.47369934839894	0.979874123946789	0.999999999999882	0.907792737657992	ALG13	1
GO:0005539	glycosaminoglycan binding	1/357	239/18100	0.00418410041841004	0.212135063230313	-1.73918471555629	0.991712330307532	0.999999999999882	0.907792737657992	APP	1
GO:0016757	glycosyltransferase activity	1/357	265/18100	0.00377358490566038	0.191321811743565	-1.88109176146274	0.995098928998075	0.999999999999882	0.907792737657992	ALG13	1
GO:0030246	carbohydrate binding	1/357	280/18100	0.00357142857142857	0.181072428971589	-1.95892825526959	0.996381587618509	0.999999999999882	0.907792737657992	LMAN2	1
GO:0005261	monoatomic cation channel activity	1/357	336/18100	0.00297619047619048	0.150893690809657	-2.22848233651899	0.998837015781876	0.999999999999882	0.907792737657992	TRPC4AP	1
GO:0003924	GTPase activity	1/357	340/18100	0.00294117647058824	0.149118470917779	-2.24664754624212	0.998927731688012	0.999999999999882	0.907792737657992	EEF1A1P5	1
GO:0061629	RNA polymerase II-specific DNA-binding transcription factor binding	1/357	355/18100	0.0028169014084507	0.142817690456464	-2.31364778816032	0.999209379351451	0.999999999999882	0.907792737657992	ARID1A	1
GO:0004175	endopeptidase activity	1/357	406/18100	0.00246305418719212	0.124877537221785	-2.52968653234643	0.999719985018661	0.999999999999882	0.907792737657992	USP1	1
GO:0001228	DNA-binding transcription activator activity, RNA polymerase II-specific	1/357	441/18100	0.00226757369614512	0.114966621569263	-2.66897043733875	0.999862893651115	0.999999999999882	0.907792737657992	CASZ1	1
GO:0005216	monoatomic ion channel activity	1/357	442/18100	0.00226244343891403	0.114706516090599	-2.6728557298474	0.999865665436977	0.999999999999882	0.907792737657992	TRPC4AP	1
GO:0015267	channel activity	1/357	503/18100	0.00198807157057654	0.100795785511023	-2.90115465641836	0.999961437232182	0.999999999999882	0.907792737657992	TRPC4AP	1
GO:0022803	passive transmembrane transporter activity	1/357	503/18100	0.00198807157057654	0.100795785511023	-2.90115465641836	0.999961437232182	0.999999999999882	0.907792737657992	TRPC4AP	1
GO:0004888	transmembrane signaling receptor activity	1/357	1318/18100	0.000758725341426404	0.0384675873384255	-5.14218440802431	0.999999999998566	0.999999999999882	0.907792737657992	SORL1	1
