nearest_distance_aa	second_nearest_distance_aa	observed_count	observed_total_sites	null_count_across_permutations	null_total_sites_across_permutations	expected_count_per_permutation	odds_ratio	log2_odds_ratio	fisher_p_value	q_value
1	1	8.0	12826	1635.0	3206500	6.54	1.2233809202750527	0.2908736812379928	0.5517671935103039	1.0
2	1	0.0	12826	0.0	3206500	0.0			1.0	1.0
3	1	0.0	12826	0.0	3206500	0.0			1.0	1.0
4	1	0.0	12826	0.0	3206500	0.0			1.0	1.0
5	1	0.0	12826	0.0	3206500	0.0			1.0	1.0
6	1	0.0	12826	0.0	3206500	0.0			1.0	1.0
7	1	0.0	12826	0.0	3206500	0.0			1.0	1.0
8	1	0.0	12826	0.0	3206500	0.0			1.0	1.0
9	1	0.0	12826	0.0	3206500	0.0			1.0	1.0
10	1	0.0	12826	0.0	3206500	0.0			1.0	1.0
11	1	0.0	12826	0.0	3206500	0.0			1.0	1.0
12	1	0.0	12826	0.0	3206500	0.0			1.0	1.0
13	1	0.0	12826	0.0	3206500	0.0			1.0	1.0
14	1	0.0	12826	0.0	3206500	0.0			1.0	1.0
15	1	0.0	12826	0.0	3206500	0.0			1.0	1.0
16	1	0.0	12826	0.0	3206500	0.0			1.0	1.0
17	1	0.0	12826	0.0	3206500	0.0			1.0	1.0
18	1	0.0	12826	0.0	3206500	0.0			1.0	1.0
19	1	0.0	12826	0.0	3206500	0.0			1.0	1.0
20	1	0.0	12826	0.0	3206500	0.0			1.0	1.0
21	1	0.0	12826	0.0	3206500	0.0			1.0	1.0
22	1	0.0	12826	0.0	3206500	0.0			1.0	1.0
23	1	0.0	12826	0.0	3206500	0.0			1.0	1.0
24	1	0.0	12826	0.0	3206500	0.0			1.0	1.0
25	1	0.0	12826	0.0	3206500	0.0			1.0	1.0
26	1	0.0	12826	0.0	3206500	0.0			1.0	1.0
27	1	0.0	12826	0.0	3206500	0.0			1.0	1.0
28	1	0.0	12826	0.0	3206500	0.0			1.0	1.0
29	1	0.0	12826	0.0	3206500	0.0			1.0	1.0
30	1	0.0	12826	0.0	3206500	0.0			1.0	1.0
31	1	0.0	12826	0.0	3206500	0.0			1.0	1.0
32	1	0.0	12826	0.0	3206500	0.0			1.0	1.0
33	1	0.0	12826	0.0	3206500	0.0			1.0	1.0
34	1	0.0	12826	0.0	3206500	0.0			1.0	1.0
35	1	0.0	12826	0.0	3206500	0.0			1.0	1.0
36	1	0.0	12826	0.0	3206500	0.0			1.0	1.0
37	1	0.0	12826	0.0	3206500	0.0			1.0	1.0
38	1	0.0	12826	0.0	3206500	0.0			1.0	1.0
39	1	0.0	12826	0.0	3206500	0.0			1.0	1.0
40	1	0.0	12826	0.0	3206500	0.0			1.0	1.0
41	1	0.0	12826	0.0	3206500	0.0			1.0	1.0
42	1	0.0	12826	0.0	3206500	0.0			1.0	1.0
43	1	0.0	12826	0.0	3206500	0.0			1.0	1.0
44	1	0.0	12826	0.0	3206500	0.0			1.0	1.0
45	1	0.0	12826	0.0	3206500	0.0			1.0	1.0
46	1	0.0	12826	0.0	3206500	0.0			1.0	1.0
47	1	0.0	12826	0.0	3206500	0.0			1.0	1.0
48	1	0.0	12826	0.0	3206500	0.0			1.0	1.0
49	1	0.0	12826	0.0	3206500	0.0			1.0	1.0
50	1	0.0	12826	0.0	3206500	0.0			1.0	1.0
51	1	0.0	12826	0.0	3206500	0.0			1.0	1.0
52	1	0.0	12826	0.0	3206500	0.0			1.0	1.0
53	1	0.0	12826	0.0	3206500	0.0			1.0	1.0
54	1	0.0	12826	0.0	3206500	0.0			1.0	1.0
55	1	0.0	12826	0.0	3206500	0.0			1.0	1.0
56	1	0.0	12826	0.0	3206500	0.0			1.0	1.0
57	1	0.0	12826	0.0	3206500	0.0			1.0	1.0
58	1	0.0	12826	0.0	3206500	0.0			1.0	1.0
59	1	0.0	12826	0.0	3206500	0.0			1.0	1.0
60	1	0.0	12826	0.0	3206500	0.0			1.0	1.0
61	1	0.0	12826	0.0	3206500	0.0			1.0	1.0
62	1	0.0	12826	0.0	3206500	0.0			1.0	1.0
63	1	0.0	12826	0.0	3206500	0.0			1.0	1.0
64	1	0.0	12826	0.0	3206500	0.0			1.0	1.0
65	1	0.0	12826	0.0	3206500	0.0			1.0	1.0
66	1	0.0	12826	0.0	3206500	0.0			1.0	1.0
67	1	0.0	12826	0.0	3206500	0.0			1.0	1.0
68	1	0.0	12826	0.0	3206500	0.0			1.0	1.0
69	1	0.0	12826	0.0	3206500	0.0			1.0	1.0
70	1	0.0	12826	0.0	3206500	0.0			1.0	1.0
71	1	0.0	12826	0.0	3206500	0.0			1.0	1.0
72	1	0.0	12826	0.0	3206500	0.0			1.0	1.0
73	1	0.0	12826	0.0	3206500	0.0			1.0	1.0
74	1	0.0	12826	0.0	3206500	0.0			1.0	1.0
75	1	0.0	12826	0.0	3206500	0.0			1.0	1.0
76	1	0.0	12826	0.0	3206500	0.0			1.0	1.0
77	1	0.0	12826	0.0	3206500	0.0			1.0	1.0
78	1	0.0	12826	0.0	3206500	0.0			1.0	1.0
79	1	0.0	12826	0.0	3206500	0.0			1.0	1.0
80	1	0.0	12826	0.0	3206500	0.0			1.0	1.0
81	1	0.0	12826	0.0	3206500	0.0			1.0	1.0
82	1	0.0	12826	0.0	3206500	0.0			1.0	1.0
83	1	0.0	12826	0.0	3206500	0.0			1.0	1.0
84	1	0.0	12826	0.0	3206500	0.0			1.0	1.0
85	1	0.0	12826	0.0	3206500	0.0			1.0	1.0
86	1	0.0	12826	0.0	3206500	0.0			1.0	1.0
87	1	0.0	12826	0.0	3206500	0.0			1.0	1.0
88	1	0.0	12826	0.0	3206500	0.0			1.0	1.0
89	1	0.0	12826	0.0	3206500	0.0			1.0	1.0
90	1	0.0	12826	0.0	3206500	0.0			1.0	1.0
91	1	0.0	12826	0.0	3206500	0.0			1.0	1.0
92	1	0.0	12826	0.0	3206500	0.0			1.0	1.0
93	1	0.0	12826	0.0	3206500	0.0			1.0	1.0
94	1	0.0	12826	0.0	3206500	0.0			1.0	1.0
95	1	0.0	12826	0.0	3206500	0.0			1.0	1.0
96	1	0.0	12826	0.0	3206500	0.0			1.0	1.0
97	1	0.0	12826	0.0	3206500	0.0			1.0	1.0
98	1	0.0	12826	0.0	3206500	0.0			1.0	1.0
99	1	0.0	12826	0.0	3206500	0.0			1.0	1.0
100	1	0.0	12826	0.0	3206500	0.0			1.0	1.0
1	2	50.0	12826	5595.0	3206500	22.38	2.238967529040991	1.1628336054432007	4.0381263132990306e-07	0.0001442187969035368
2	2	64.0	12826	3795.0	3206500	15.18	4.23220203093877	2.081408498452999	1.3166410811918229e-20	6.583205405959114e-17
3	2	0.0	12826	0.0	3206500	0.0			1.0	1.0
4	2	0.0	12826	0.0	3206500	0.0			1.0	1.0
5	2	0.0	12826	0.0	3206500	0.0			1.0	1.0
6	2	0.0	12826	0.0	3206500	0.0			1.0	1.0
7	2	0.0	12826	0.0	3206500	0.0			1.0	1.0
8	2	0.0	12826	0.0	3206500	0.0			1.0	1.0
9	2	0.0	12826	0.0	3206500	0.0			1.0	1.0
10	2	0.0	12826	0.0	3206500	0.0			1.0	1.0
11	2	0.0	12826	0.0	3206500	0.0			1.0	1.0
12	2	0.0	12826	0.0	3206500	0.0			1.0	1.0
13	2	0.0	12826	0.0	3206500	0.0			1.0	1.0
14	2	0.0	12826	0.0	3206500	0.0			1.0	1.0
15	2	0.0	12826	0.0	3206500	0.0			1.0	1.0
16	2	0.0	12826	0.0	3206500	0.0			1.0	1.0
17	2	0.0	12826	0.0	3206500	0.0			1.0	1.0
18	2	0.0	12826	0.0	3206500	0.0			1.0	1.0
19	2	0.0	12826	0.0	3206500	0.0			1.0	1.0
20	2	0.0	12826	0.0	3206500	0.0			1.0	1.0
21	2	0.0	12826	0.0	3206500	0.0			1.0	1.0
22	2	0.0	12826	0.0	3206500	0.0			1.0	1.0
23	2	0.0	12826	0.0	3206500	0.0			1.0	1.0
24	2	0.0	12826	0.0	3206500	0.0			1.0	1.0
25	2	0.0	12826	0.0	3206500	0.0			1.0	1.0
26	2	0.0	12826	0.0	3206500	0.0			1.0	1.0
27	2	0.0	12826	0.0	3206500	0.0			1.0	1.0
28	2	0.0	12826	0.0	3206500	0.0			1.0	1.0
29	2	0.0	12826	0.0	3206500	0.0			1.0	1.0
30	2	0.0	12826	0.0	3206500	0.0			1.0	1.0
31	2	0.0	12826	0.0	3206500	0.0			1.0	1.0
32	2	0.0	12826	0.0	3206500	0.0			1.0	1.0
33	2	0.0	12826	0.0	3206500	0.0			1.0	1.0
34	2	0.0	12826	0.0	3206500	0.0			1.0	1.0
35	2	0.0	12826	0.0	3206500	0.0			1.0	1.0
36	2	0.0	12826	0.0	3206500	0.0			1.0	1.0
37	2	0.0	12826	0.0	3206500	0.0			1.0	1.0
38	2	0.0	12826	0.0	3206500	0.0			1.0	1.0
39	2	0.0	12826	0.0	3206500	0.0			1.0	1.0
40	2	0.0	12826	0.0	3206500	0.0			1.0	1.0
41	2	0.0	12826	0.0	3206500	0.0			1.0	1.0
42	2	0.0	12826	0.0	3206500	0.0			1.0	1.0
43	2	0.0	12826	0.0	3206500	0.0			1.0	1.0
44	2	0.0	12826	0.0	3206500	0.0			1.0	1.0
45	2	0.0	12826	0.0	3206500	0.0			1.0	1.0
46	2	0.0	12826	0.0	3206500	0.0			1.0	1.0
47	2	0.0	12826	0.0	3206500	0.0			1.0	1.0
48	2	0.0	12826	0.0	3206500	0.0			1.0	1.0
49	2	0.0	12826	0.0	3206500	0.0			1.0	1.0
50	2	0.0	12826	0.0	3206500	0.0			1.0	1.0
51	2	0.0	12826	0.0	3206500	0.0			1.0	1.0
52	2	0.0	12826	0.0	3206500	0.0			1.0	1.0
53	2	0.0	12826	0.0	3206500	0.0			1.0	1.0
54	2	0.0	12826	0.0	3206500	0.0			1.0	1.0
55	2	0.0	12826	0.0	3206500	0.0			1.0	1.0
56	2	0.0	12826	0.0	3206500	0.0			1.0	1.0
57	2	0.0	12826	0.0	3206500	0.0			1.0	1.0
58	2	0.0	12826	0.0	3206500	0.0			1.0	1.0
59	2	0.0	12826	0.0	3206500	0.0			1.0	1.0
60	2	0.0	12826	0.0	3206500	0.0			1.0	1.0
61	2	0.0	12826	0.0	3206500	0.0			1.0	1.0
62	2	0.0	12826	0.0	3206500	0.0			1.0	1.0
63	2	0.0	12826	0.0	3206500	0.0			1.0	1.0
64	2	0.0	12826	0.0	3206500	0.0			1.0	1.0
65	2	0.0	12826	0.0	3206500	0.0			1.0	1.0
66	2	0.0	12826	0.0	3206500	0.0			1.0	1.0
67	2	0.0	12826	0.0	3206500	0.0			1.0	1.0
68	2	0.0	12826	0.0	3206500	0.0			1.0	1.0
69	2	0.0	12826	0.0	3206500	0.0			1.0	1.0
70	2	0.0	12826	0.0	3206500	0.0			1.0	1.0
71	2	0.0	12826	0.0	3206500	0.0			1.0	1.0
72	2	0.0	12826	0.0	3206500	0.0			1.0	1.0
73	2	0.0	12826	0.0	3206500	0.0			1.0	1.0
74	2	0.0	12826	0.0	3206500	0.0			1.0	1.0
75	2	0.0	12826	0.0	3206500	0.0			1.0	1.0
76	2	0.0	12826	0.0	3206500	0.0			1.0	1.0
77	2	0.0	12826	0.0	3206500	0.0			1.0	1.0
78	2	0.0	12826	0.0	3206500	0.0			1.0	1.0
79	2	0.0	12826	0.0	3206500	0.0			1.0	1.0
80	2	0.0	12826	0.0	3206500	0.0			1.0	1.0
81	2	0.0	12826	0.0	3206500	0.0			1.0	1.0
82	2	0.0	12826	0.0	3206500	0.0			1.0	1.0
83	2	0.0	12826	0.0	3206500	0.0			1.0	1.0
84	2	0.0	12826	0.0	3206500	0.0			1.0	1.0
85	2	0.0	12826	0.0	3206500	0.0			1.0	1.0
86	2	0.0	12826	0.0	3206500	0.0			1.0	1.0
87	2	0.0	12826	0.0	3206500	0.0			1.0	1.0
88	2	0.0	12826	0.0	3206500	0.0			1.0	1.0
89	2	0.0	12826	0.0	3206500	0.0			1.0	1.0
90	2	0.0	12826	0.0	3206500	0.0			1.0	1.0
91	2	0.0	12826	0.0	3206500	0.0			1.0	1.0
92	2	0.0	12826	0.0	3206500	0.0			1.0	1.0
93	2	0.0	12826	0.0	3206500	0.0			1.0	1.0
94	2	0.0	12826	0.0	3206500	0.0			1.0	1.0
95	2	0.0	12826	0.0	3206500	0.0			1.0	1.0
96	2	0.0	12826	0.0	3206500	0.0			1.0	1.0
97	2	0.0	12826	0.0	3206500	0.0			1.0	1.0
98	2	0.0	12826	0.0	3206500	0.0			1.0	1.0
99	2	0.0	12826	0.0	3206500	0.0			1.0	1.0
100	2	0.0	12826	0.0	3206500	0.0			1.0	1.0
1	3	50.0	12826	4811.0	3206500	19.244	2.604467174799142	1.3809882543076895	4.0352411947052196e-09	2.6901607964701467e-06
2	3	77.0	12826	5908.0	3206500	23.632	3.2719332321947747	1.7101433086206448	3.541659294045057e-18	1.1805530980150189e-14
3	3	22.0	12826	1668.0	3206500	6.672	3.301309467889606	1.723038384504962	2.294162572426381e-06	0.0006554750206932517
4	3	0.0	12826	0.0	3206500	0.0			1.0	1.0
5	3	0.0	12826	0.0	3206500	0.0			1.0	1.0
6	3	0.0	12826	0.0	3206500	0.0			1.0	1.0
7	3	0.0	12826	0.0	3206500	0.0			1.0	1.0
8	3	0.0	12826	0.0	3206500	0.0			1.0	1.0
9	3	0.0	12826	0.0	3206500	0.0			1.0	1.0
10	3	0.0	12826	0.0	3206500	0.0			1.0	1.0
11	3	0.0	12826	0.0	3206500	0.0			1.0	1.0
12	3	0.0	12826	0.0	3206500	0.0			1.0	1.0
13	3	0.0	12826	0.0	3206500	0.0			1.0	1.0
14	3	0.0	12826	0.0	3206500	0.0			1.0	1.0
15	3	0.0	12826	0.0	3206500	0.0			1.0	1.0
16	3	0.0	12826	0.0	3206500	0.0			1.0	1.0
17	3	0.0	12826	0.0	3206500	0.0			1.0	1.0
18	3	0.0	12826	0.0	3206500	0.0			1.0	1.0
19	3	0.0	12826	0.0	3206500	0.0			1.0	1.0
20	3	0.0	12826	0.0	3206500	0.0			1.0	1.0
21	3	0.0	12826	0.0	3206500	0.0			1.0	1.0
22	3	0.0	12826	0.0	3206500	0.0			1.0	1.0
23	3	0.0	12826	0.0	3206500	0.0			1.0	1.0
24	3	0.0	12826	0.0	3206500	0.0			1.0	1.0
25	3	0.0	12826	0.0	3206500	0.0			1.0	1.0
26	3	0.0	12826	0.0	3206500	0.0			1.0	1.0
27	3	0.0	12826	0.0	3206500	0.0			1.0	1.0
28	3	0.0	12826	0.0	3206500	0.0			1.0	1.0
29	3	0.0	12826	0.0	3206500	0.0			1.0	1.0
30	3	0.0	12826	0.0	3206500	0.0			1.0	1.0
31	3	0.0	12826	0.0	3206500	0.0			1.0	1.0
32	3	0.0	12826	0.0	3206500	0.0			1.0	1.0
33	3	0.0	12826	0.0	3206500	0.0			1.0	1.0
34	3	0.0	12826	0.0	3206500	0.0			1.0	1.0
35	3	0.0	12826	0.0	3206500	0.0			1.0	1.0
36	3	0.0	12826	0.0	3206500	0.0			1.0	1.0
37	3	0.0	12826	0.0	3206500	0.0			1.0	1.0
38	3	0.0	12826	0.0	3206500	0.0			1.0	1.0
39	3	0.0	12826	0.0	3206500	0.0			1.0	1.0
40	3	0.0	12826	0.0	3206500	0.0			1.0	1.0
41	3	0.0	12826	0.0	3206500	0.0			1.0	1.0
42	3	0.0	12826	0.0	3206500	0.0			1.0	1.0
43	3	0.0	12826	0.0	3206500	0.0			1.0	1.0
44	3	0.0	12826	0.0	3206500	0.0			1.0	1.0
45	3	0.0	12826	0.0	3206500	0.0			1.0	1.0
46	3	0.0	12826	0.0	3206500	0.0			1.0	1.0
47	3	0.0	12826	0.0	3206500	0.0			1.0	1.0
48	3	0.0	12826	0.0	3206500	0.0			1.0	1.0
49	3	0.0	12826	0.0	3206500	0.0			1.0	1.0
50	3	0.0	12826	0.0	3206500	0.0			1.0	1.0
51	3	0.0	12826	0.0	3206500	0.0			1.0	1.0
52	3	0.0	12826	0.0	3206500	0.0			1.0	1.0
53	3	0.0	12826	0.0	3206500	0.0			1.0	1.0
54	3	0.0	12826	0.0	3206500	0.0			1.0	1.0
55	3	0.0	12826	0.0	3206500	0.0			1.0	1.0
56	3	0.0	12826	0.0	3206500	0.0			1.0	1.0
57	3	0.0	12826	0.0	3206500	0.0			1.0	1.0
58	3	0.0	12826	0.0	3206500	0.0			1.0	1.0
59	3	0.0	12826	0.0	3206500	0.0			1.0	1.0
60	3	0.0	12826	0.0	3206500	0.0			1.0	1.0
61	3	0.0	12826	0.0	3206500	0.0			1.0	1.0
62	3	0.0	12826	0.0	3206500	0.0			1.0	1.0
63	3	0.0	12826	0.0	3206500	0.0			1.0	1.0
64	3	0.0	12826	0.0	3206500	0.0			1.0	1.0
65	3	0.0	12826	0.0	3206500	0.0			1.0	1.0
66	3	0.0	12826	0.0	3206500	0.0			1.0	1.0
67	3	0.0	12826	0.0	3206500	0.0			1.0	1.0
68	3	0.0	12826	0.0	3206500	0.0			1.0	1.0
69	3	0.0	12826	0.0	3206500	0.0			1.0	1.0
70	3	0.0	12826	0.0	3206500	0.0			1.0	1.0
71	3	0.0	12826	0.0	3206500	0.0			1.0	1.0
72	3	0.0	12826	0.0	3206500	0.0			1.0	1.0
73	3	0.0	12826	0.0	3206500	0.0			1.0	1.0
74	3	0.0	12826	0.0	3206500	0.0			1.0	1.0
75	3	0.0	12826	0.0	3206500	0.0			1.0	1.0
76	3	0.0	12826	0.0	3206500	0.0			1.0	1.0
77	3	0.0	12826	0.0	3206500	0.0			1.0	1.0
78	3	0.0	12826	0.0	3206500	0.0			1.0	1.0
79	3	0.0	12826	0.0	3206500	0.0			1.0	1.0
80	3	0.0	12826	0.0	3206500	0.0			1.0	1.0
81	3	0.0	12826	0.0	3206500	0.0			1.0	1.0
82	3	0.0	12826	0.0	3206500	0.0			1.0	1.0
83	3	0.0	12826	0.0	3206500	0.0			1.0	1.0
84	3	0.0	12826	0.0	3206500	0.0			1.0	1.0
85	3	0.0	12826	0.0	3206500	0.0			1.0	1.0
86	3	0.0	12826	0.0	3206500	0.0			1.0	1.0
87	3	0.0	12826	0.0	3206500	0.0			1.0	1.0
88	3	0.0	12826	0.0	3206500	0.0			1.0	1.0
89	3	0.0	12826	0.0	3206500	0.0			1.0	1.0
90	3	0.0	12826	0.0	3206500	0.0			1.0	1.0
91	3	0.0	12826	0.0	3206500	0.0			1.0	1.0
92	3	0.0	12826	0.0	3206500	0.0			1.0	1.0
93	3	0.0	12826	0.0	3206500	0.0			1.0	1.0
94	3	0.0	12826	0.0	3206500	0.0			1.0	1.0
95	3	0.0	12826	0.0	3206500	0.0			1.0	1.0
96	3	0.0	12826	0.0	3206500	0.0			1.0	1.0
97	3	0.0	12826	0.0	3206500	0.0			1.0	1.0
98	3	0.0	12826	0.0	3206500	0.0			1.0	1.0
99	3	0.0	12826	0.0	3206500	0.0			1.0	1.0
100	3	0.0	12826	0.0	3206500	0.0			1.0	1.0
1	4	40.0	12826	3949.0	3206500	15.796	2.5370802936882133	1.343169178634306	3.7262034599976055e-07	0.00013800753555546686
2	4	144.0	12826	10068.0	3206500	40.272	3.6049314119906417	1.849971810777528	1.1998585221160973e-36	1.1998585221160973e-32
3	4	52.0	12826	4796.0	3206500	19.184	2.7175555852412367	1.4423095446294893	5.014248548907525e-10	4.5584077717341136e-07
4	4	22.0	12826	1738.0	3206500	6.952	3.1682761320631605	1.6636980794192362	4.332410946453915e-06	0.001170921877419977
5	4	0.0	12826	0.0	3206500	0.0			1.0	1.0
6	4	0.0	12826	0.0	3206500	0.0			1.0	1.0
7	4	0.0	12826	0.0	3206500	0.0			1.0	1.0
8	4	0.0	12826	0.0	3206500	0.0			1.0	1.0
9	4	0.0	12826	0.0	3206500	0.0			1.0	1.0
10	4	0.0	12826	0.0	3206500	0.0			1.0	1.0
11	4	0.0	12826	0.0	3206500	0.0			1.0	1.0
12	4	0.0	12826	0.0	3206500	0.0			1.0	1.0
13	4	0.0	12826	0.0	3206500	0.0			1.0	1.0
14	4	0.0	12826	0.0	3206500	0.0			1.0	1.0
15	4	0.0	12826	0.0	3206500	0.0			1.0	1.0
16	4	0.0	12826	0.0	3206500	0.0			1.0	1.0
17	4	0.0	12826	0.0	3206500	0.0			1.0	1.0
18	4	0.0	12826	0.0	3206500	0.0			1.0	1.0
19	4	0.0	12826	0.0	3206500	0.0			1.0	1.0
20	4	0.0	12826	0.0	3206500	0.0			1.0	1.0
21	4	0.0	12826	0.0	3206500	0.0			1.0	1.0
22	4	0.0	12826	0.0	3206500	0.0			1.0	1.0
23	4	0.0	12826	0.0	3206500	0.0			1.0	1.0
24	4	0.0	12826	0.0	3206500	0.0			1.0	1.0
25	4	0.0	12826	0.0	3206500	0.0			1.0	1.0
26	4	0.0	12826	0.0	3206500	0.0			1.0	1.0
27	4	0.0	12826	0.0	3206500	0.0			1.0	1.0
28	4	0.0	12826	0.0	3206500	0.0			1.0	1.0
29	4	0.0	12826	0.0	3206500	0.0			1.0	1.0
30	4	0.0	12826	0.0	3206500	0.0			1.0	1.0
31	4	0.0	12826	0.0	3206500	0.0			1.0	1.0
32	4	0.0	12826	0.0	3206500	0.0			1.0	1.0
33	4	0.0	12826	0.0	3206500	0.0			1.0	1.0
34	4	0.0	12826	0.0	3206500	0.0			1.0	1.0
35	4	0.0	12826	0.0	3206500	0.0			1.0	1.0
36	4	0.0	12826	0.0	3206500	0.0			1.0	1.0
37	4	0.0	12826	0.0	3206500	0.0			1.0	1.0
38	4	0.0	12826	0.0	3206500	0.0			1.0	1.0
39	4	0.0	12826	0.0	3206500	0.0			1.0	1.0
40	4	0.0	12826	0.0	3206500	0.0			1.0	1.0
41	4	0.0	12826	0.0	3206500	0.0			1.0	1.0
42	4	0.0	12826	0.0	3206500	0.0			1.0	1.0
43	4	0.0	12826	0.0	3206500	0.0			1.0	1.0
44	4	0.0	12826	0.0	3206500	0.0			1.0	1.0
45	4	0.0	12826	0.0	3206500	0.0			1.0	1.0
46	4	0.0	12826	0.0	3206500	0.0			1.0	1.0
47	4	0.0	12826	0.0	3206500	0.0			1.0	1.0
48	4	0.0	12826	0.0	3206500	0.0			1.0	1.0
49	4	0.0	12826	0.0	3206500	0.0			1.0	1.0
50	4	0.0	12826	0.0	3206500	0.0			1.0	1.0
51	4	0.0	12826	0.0	3206500	0.0			1.0	1.0
52	4	0.0	12826	0.0	3206500	0.0			1.0	1.0
53	4	0.0	12826	0.0	3206500	0.0			1.0	1.0
54	4	0.0	12826	0.0	3206500	0.0			1.0	1.0
55	4	0.0	12826	0.0	3206500	0.0			1.0	1.0
56	4	0.0	12826	0.0	3206500	0.0			1.0	1.0
57	4	0.0	12826	0.0	3206500	0.0			1.0	1.0
58	4	0.0	12826	0.0	3206500	0.0			1.0	1.0
59	4	0.0	12826	0.0	3206500	0.0			1.0	1.0
60	4	0.0	12826	0.0	3206500	0.0			1.0	1.0
61	4	0.0	12826	0.0	3206500	0.0			1.0	1.0
62	4	0.0	12826	0.0	3206500	0.0			1.0	1.0
63	4	0.0	12826	0.0	3206500	0.0			1.0	1.0
64	4	0.0	12826	0.0	3206500	0.0			1.0	1.0
65	4	0.0	12826	0.0	3206500	0.0			1.0	1.0
66	4	0.0	12826	0.0	3206500	0.0			1.0	1.0
67	4	0.0	12826	0.0	3206500	0.0			1.0	1.0
68	4	0.0	12826	0.0	3206500	0.0			1.0	1.0
69	4	0.0	12826	0.0	3206500	0.0			1.0	1.0
70	4	0.0	12826	0.0	3206500	0.0			1.0	1.0
71	4	0.0	12826	0.0	3206500	0.0			1.0	1.0
72	4	0.0	12826	0.0	3206500	0.0			1.0	1.0
73	4	0.0	12826	0.0	3206500	0.0			1.0	1.0
74	4	0.0	12826	0.0	3206500	0.0			1.0	1.0
75	4	0.0	12826	0.0	3206500	0.0			1.0	1.0
76	4	0.0	12826	0.0	3206500	0.0			1.0	1.0
77	4	0.0	12826	0.0	3206500	0.0			1.0	1.0
78	4	0.0	12826	0.0	3206500	0.0			1.0	1.0
79	4	0.0	12826	0.0	3206500	0.0			1.0	1.0
80	4	0.0	12826	0.0	3206500	0.0			1.0	1.0
81	4	0.0	12826	0.0	3206500	0.0			1.0	1.0
82	4	0.0	12826	0.0	3206500	0.0			1.0	1.0
83	4	0.0	12826	0.0	3206500	0.0			1.0	1.0
84	4	0.0	12826	0.0	3206500	0.0			1.0	1.0
85	4	0.0	12826	0.0	3206500	0.0			1.0	1.0
86	4	0.0	12826	0.0	3206500	0.0			1.0	1.0
87	4	0.0	12826	0.0	3206500	0.0			1.0	1.0
88	4	0.0	12826	0.0	3206500	0.0			1.0	1.0
89	4	0.0	12826	0.0	3206500	0.0			1.0	1.0
90	4	0.0	12826	0.0	3206500	0.0			1.0	1.0
91	4	0.0	12826	0.0	3206500	0.0			1.0	1.0
92	4	0.0	12826	0.0	3206500	0.0			1.0	1.0
93	4	0.0	12826	0.0	3206500	0.0			1.0	1.0
94	4	0.0	12826	0.0	3206500	0.0			1.0	1.0
95	4	0.0	12826	0.0	3206500	0.0			1.0	1.0
96	4	0.0	12826	0.0	3206500	0.0			1.0	1.0
97	4	0.0	12826	0.0	3206500	0.0			1.0	1.0
98	4	0.0	12826	0.0	3206500	0.0			1.0	1.0
99	4	0.0	12826	0.0	3206500	0.0			1.0	1.0
100	4	0.0	12826	0.0	3206500	0.0			1.0	1.0
1	5	29.0	12826	2756.0	3206500	11.024	2.6343193416726276	1.3974302448813285	5.1339114662375825e-06	0.0013461295976380174
2	5	70.0	12826	5503.0	3206500	22.012	3.1920470472874714	1.674481915466311	3.6521327544183964e-16	7.304265508836793e-13
3	5	55.0	12826	4845.0	3206500	19.38	2.845892788413248	1.508881313115991	3.194208182982957e-11	3.549120203314397e-08
4	5	35.0	12826	3899.0	3206500	15.596	2.2475695784190717	1.1683657782030747	1.929223621465841e-05	0.0044865665615484674
5	5	28.0	12826	1649.0	3206500	6.596	4.252096508029653	2.0881743414776097	5.727640382636227e-10	4.773033652196856e-07
6	5	0.0	12826	0.0	3206500	0.0			1.0	1.0
7	5	0.0	12826	0.0	3206500	0.0			1.0	1.0
8	5	0.0	12826	0.0	3206500	0.0			1.0	1.0
9	5	0.0	12826	0.0	3206500	0.0			1.0	1.0
10	5	0.0	12826	0.0	3206500	0.0			1.0	1.0
11	5	0.0	12826	0.0	3206500	0.0			1.0	1.0
12	5	0.0	12826	0.0	3206500	0.0			1.0	1.0
13	5	0.0	12826	0.0	3206500	0.0			1.0	1.0
14	5	0.0	12826	0.0	3206500	0.0			1.0	1.0
15	5	0.0	12826	0.0	3206500	0.0			1.0	1.0
16	5	0.0	12826	0.0	3206500	0.0			1.0	1.0
17	5	0.0	12826	0.0	3206500	0.0			1.0	1.0
18	5	0.0	12826	0.0	3206500	0.0			1.0	1.0
19	5	0.0	12826	0.0	3206500	0.0			1.0	1.0
20	5	0.0	12826	0.0	3206500	0.0			1.0	1.0
21	5	0.0	12826	0.0	3206500	0.0			1.0	1.0
22	5	0.0	12826	0.0	3206500	0.0			1.0	1.0
23	5	0.0	12826	0.0	3206500	0.0			1.0	1.0
24	5	0.0	12826	0.0	3206500	0.0			1.0	1.0
25	5	0.0	12826	0.0	3206500	0.0			1.0	1.0
26	5	0.0	12826	0.0	3206500	0.0			1.0	1.0
27	5	0.0	12826	0.0	3206500	0.0			1.0	1.0
28	5	0.0	12826	0.0	3206500	0.0			1.0	1.0
29	5	0.0	12826	0.0	3206500	0.0			1.0	1.0
30	5	0.0	12826	0.0	3206500	0.0			1.0	1.0
31	5	0.0	12826	0.0	3206500	0.0			1.0	1.0
32	5	0.0	12826	0.0	3206500	0.0			1.0	1.0
33	5	0.0	12826	0.0	3206500	0.0			1.0	1.0
34	5	0.0	12826	0.0	3206500	0.0			1.0	1.0
35	5	0.0	12826	0.0	3206500	0.0			1.0	1.0
36	5	0.0	12826	0.0	3206500	0.0			1.0	1.0
37	5	0.0	12826	0.0	3206500	0.0			1.0	1.0
38	5	0.0	12826	0.0	3206500	0.0			1.0	1.0
39	5	0.0	12826	0.0	3206500	0.0			1.0	1.0
40	5	0.0	12826	0.0	3206500	0.0			1.0	1.0
41	5	0.0	12826	0.0	3206500	0.0			1.0	1.0
42	5	0.0	12826	0.0	3206500	0.0			1.0	1.0
43	5	0.0	12826	0.0	3206500	0.0			1.0	1.0
44	5	0.0	12826	0.0	3206500	0.0			1.0	1.0
45	5	0.0	12826	0.0	3206500	0.0			1.0	1.0
46	5	0.0	12826	0.0	3206500	0.0			1.0	1.0
47	5	0.0	12826	0.0	3206500	0.0			1.0	1.0
48	5	0.0	12826	0.0	3206500	0.0			1.0	1.0
49	5	0.0	12826	0.0	3206500	0.0			1.0	1.0
50	5	0.0	12826	0.0	3206500	0.0			1.0	1.0
51	5	0.0	12826	0.0	3206500	0.0			1.0	1.0
52	5	0.0	12826	0.0	3206500	0.0			1.0	1.0
53	5	0.0	12826	0.0	3206500	0.0			1.0	1.0
54	5	0.0	12826	0.0	3206500	0.0			1.0	1.0
55	5	0.0	12826	0.0	3206500	0.0			1.0	1.0
56	5	0.0	12826	0.0	3206500	0.0			1.0	1.0
57	5	0.0	12826	0.0	3206500	0.0			1.0	1.0
58	5	0.0	12826	0.0	3206500	0.0			1.0	1.0
59	5	0.0	12826	0.0	3206500	0.0			1.0	1.0
60	5	0.0	12826	0.0	3206500	0.0			1.0	1.0
61	5	0.0	12826	0.0	3206500	0.0			1.0	1.0
62	5	0.0	12826	0.0	3206500	0.0			1.0	1.0
63	5	0.0	12826	0.0	3206500	0.0			1.0	1.0
64	5	0.0	12826	0.0	3206500	0.0			1.0	1.0
65	5	0.0	12826	0.0	3206500	0.0			1.0	1.0
66	5	0.0	12826	0.0	3206500	0.0			1.0	1.0
67	5	0.0	12826	0.0	3206500	0.0			1.0	1.0
68	5	0.0	12826	0.0	3206500	0.0			1.0	1.0
69	5	0.0	12826	0.0	3206500	0.0			1.0	1.0
70	5	0.0	12826	0.0	3206500	0.0			1.0	1.0
71	5	0.0	12826	0.0	3206500	0.0			1.0	1.0
72	5	0.0	12826	0.0	3206500	0.0			1.0	1.0
73	5	0.0	12826	0.0	3206500	0.0			1.0	1.0
74	5	0.0	12826	0.0	3206500	0.0			1.0	1.0
75	5	0.0	12826	0.0	3206500	0.0			1.0	1.0
76	5	0.0	12826	0.0	3206500	0.0			1.0	1.0
77	5	0.0	12826	0.0	3206500	0.0			1.0	1.0
78	5	0.0	12826	0.0	3206500	0.0			1.0	1.0
79	5	0.0	12826	0.0	3206500	0.0			1.0	1.0
80	5	0.0	12826	0.0	3206500	0.0			1.0	1.0
81	5	0.0	12826	0.0	3206500	0.0			1.0	1.0
82	5	0.0	12826	0.0	3206500	0.0			1.0	1.0
83	5	0.0	12826	0.0	3206500	0.0			1.0	1.0
84	5	0.0	12826	0.0	3206500	0.0			1.0	1.0
85	5	0.0	12826	0.0	3206500	0.0			1.0	1.0
86	5	0.0	12826	0.0	3206500	0.0			1.0	1.0
87	5	0.0	12826	0.0	3206500	0.0			1.0	1.0
88	5	0.0	12826	0.0	3206500	0.0			1.0	1.0
89	5	0.0	12826	0.0	3206500	0.0			1.0	1.0
90	5	0.0	12826	0.0	3206500	0.0			1.0	1.0
91	5	0.0	12826	0.0	3206500	0.0			1.0	1.0
92	5	0.0	12826	0.0	3206500	0.0			1.0	1.0
93	5	0.0	12826	0.0	3206500	0.0			1.0	1.0
94	5	0.0	12826	0.0	3206500	0.0			1.0	1.0
95	5	0.0	12826	0.0	3206500	0.0			1.0	1.0
96	5	0.0	12826	0.0	3206500	0.0			1.0	1.0
97	5	0.0	12826	0.0	3206500	0.0			1.0	1.0
98	5	0.0	12826	0.0	3206500	0.0			1.0	1.0
99	5	0.0	12826	0.0	3206500	0.0			1.0	1.0
100	5	0.0	12826	0.0	3206500	0.0			1.0	1.0
1	6	24.0	12826	2630.0	3206500	10.52	2.283771012490325	1.191418002843406	0.0002820905397460057	0.04822672351760981
2	6	62.0	12826	6723.0	3206500	26.892	2.3118598096787255	1.2090539159988865	5.9002557450026805e-09	3.6876598406266755e-06
3	6	45.0	12826	4954.0	3206500	19.816	2.2753668307540553	1.1860991528924594	1.3421957726020102e-06	0.00040672599169757885
4	6	62.0	12826	5285.0	3206500	21.14	2.9422173052343585	1.55690380458265	4.969291164365239e-13	6.211613955456549e-10
5	6	42.0	12826	3638.0	3206500	14.552	2.8923980532289884	1.5322661103464443	3.8623626629746736e-09	2.6901607964701467e-06
6	6	10.0	12826	1016.0	3206500	4.064	2.4617696137701888	1.299695752633252	0.009201727712520124	0.8763550202400119
7	6	0.0	12826	0.0	3206500	0.0			1.0	1.0
8	6	0.0	12826	0.0	3206500	0.0			1.0	1.0
9	6	0.0	12826	0.0	3206500	0.0			1.0	1.0
10	6	0.0	12826	0.0	3206500	0.0			1.0	1.0
11	6	0.0	12826	0.0	3206500	0.0			1.0	1.0
12	6	0.0	12826	0.0	3206500	0.0			1.0	1.0
13	6	0.0	12826	0.0	3206500	0.0			1.0	1.0
14	6	0.0	12826	0.0	3206500	0.0			1.0	1.0
15	6	0.0	12826	0.0	3206500	0.0			1.0	1.0
16	6	0.0	12826	0.0	3206500	0.0			1.0	1.0
17	6	0.0	12826	0.0	3206500	0.0			1.0	1.0
18	6	0.0	12826	0.0	3206500	0.0			1.0	1.0
19	6	0.0	12826	0.0	3206500	0.0			1.0	1.0
20	6	0.0	12826	0.0	3206500	0.0			1.0	1.0
21	6	0.0	12826	0.0	3206500	0.0			1.0	1.0
22	6	0.0	12826	0.0	3206500	0.0			1.0	1.0
23	6	0.0	12826	0.0	3206500	0.0			1.0	1.0
24	6	0.0	12826	0.0	3206500	0.0			1.0	1.0
25	6	0.0	12826	0.0	3206500	0.0			1.0	1.0
26	6	0.0	12826	0.0	3206500	0.0			1.0	1.0
27	6	0.0	12826	0.0	3206500	0.0			1.0	1.0
28	6	0.0	12826	0.0	3206500	0.0			1.0	1.0
29	6	0.0	12826	0.0	3206500	0.0			1.0	1.0
30	6	0.0	12826	0.0	3206500	0.0			1.0	1.0
31	6	0.0	12826	0.0	3206500	0.0			1.0	1.0
32	6	0.0	12826	0.0	3206500	0.0			1.0	1.0
33	6	0.0	12826	0.0	3206500	0.0			1.0	1.0
34	6	0.0	12826	0.0	3206500	0.0			1.0	1.0
35	6	0.0	12826	0.0	3206500	0.0			1.0	1.0
36	6	0.0	12826	0.0	3206500	0.0			1.0	1.0
37	6	0.0	12826	0.0	3206500	0.0			1.0	1.0
38	6	0.0	12826	0.0	3206500	0.0			1.0	1.0
39	6	0.0	12826	0.0	3206500	0.0			1.0	1.0
40	6	0.0	12826	0.0	3206500	0.0			1.0	1.0
41	6	0.0	12826	0.0	3206500	0.0			1.0	1.0
42	6	0.0	12826	0.0	3206500	0.0			1.0	1.0
43	6	0.0	12826	0.0	3206500	0.0			1.0	1.0
44	6	0.0	12826	0.0	3206500	0.0			1.0	1.0
45	6	0.0	12826	0.0	3206500	0.0			1.0	1.0
46	6	0.0	12826	0.0	3206500	0.0			1.0	1.0
47	6	0.0	12826	0.0	3206500	0.0			1.0	1.0
48	6	0.0	12826	0.0	3206500	0.0			1.0	1.0
49	6	0.0	12826	0.0	3206500	0.0			1.0	1.0
50	6	0.0	12826	0.0	3206500	0.0			1.0	1.0
51	6	0.0	12826	0.0	3206500	0.0			1.0	1.0
52	6	0.0	12826	0.0	3206500	0.0			1.0	1.0
53	6	0.0	12826	0.0	3206500	0.0			1.0	1.0
54	6	0.0	12826	0.0	3206500	0.0			1.0	1.0
55	6	0.0	12826	0.0	3206500	0.0			1.0	1.0
56	6	0.0	12826	0.0	3206500	0.0			1.0	1.0
57	6	0.0	12826	0.0	3206500	0.0			1.0	1.0
58	6	0.0	12826	0.0	3206500	0.0			1.0	1.0
59	6	0.0	12826	0.0	3206500	0.0			1.0	1.0
60	6	0.0	12826	0.0	3206500	0.0			1.0	1.0
61	6	0.0	12826	0.0	3206500	0.0			1.0	1.0
62	6	0.0	12826	0.0	3206500	0.0			1.0	1.0
63	6	0.0	12826	0.0	3206500	0.0			1.0	1.0
64	6	0.0	12826	0.0	3206500	0.0			1.0	1.0
65	6	0.0	12826	0.0	3206500	0.0			1.0	1.0
66	6	0.0	12826	0.0	3206500	0.0			1.0	1.0
67	6	0.0	12826	0.0	3206500	0.0			1.0	1.0
68	6	0.0	12826	0.0	3206500	0.0			1.0	1.0
69	6	0.0	12826	0.0	3206500	0.0			1.0	1.0
70	6	0.0	12826	0.0	3206500	0.0			1.0	1.0
71	6	0.0	12826	0.0	3206500	0.0			1.0	1.0
72	6	0.0	12826	0.0	3206500	0.0			1.0	1.0
73	6	0.0	12826	0.0	3206500	0.0			1.0	1.0
74	6	0.0	12826	0.0	3206500	0.0			1.0	1.0
75	6	0.0	12826	0.0	3206500	0.0			1.0	1.0
76	6	0.0	12826	0.0	3206500	0.0			1.0	1.0
77	6	0.0	12826	0.0	3206500	0.0			1.0	1.0
78	6	0.0	12826	0.0	3206500	0.0			1.0	1.0
79	6	0.0	12826	0.0	3206500	0.0			1.0	1.0
80	6	0.0	12826	0.0	3206500	0.0			1.0	1.0
81	6	0.0	12826	0.0	3206500	0.0			1.0	1.0
82	6	0.0	12826	0.0	3206500	0.0			1.0	1.0
83	6	0.0	12826	0.0	3206500	0.0			1.0	1.0
84	6	0.0	12826	0.0	3206500	0.0			1.0	1.0
85	6	0.0	12826	0.0	3206500	0.0			1.0	1.0
86	6	0.0	12826	0.0	3206500	0.0			1.0	1.0
87	6	0.0	12826	0.0	3206500	0.0			1.0	1.0
88	6	0.0	12826	0.0	3206500	0.0			1.0	1.0
89	6	0.0	12826	0.0	3206500	0.0			1.0	1.0
90	6	0.0	12826	0.0	3206500	0.0			1.0	1.0
91	6	0.0	12826	0.0	3206500	0.0			1.0	1.0
92	6	0.0	12826	0.0	3206500	0.0			1.0	1.0
93	6	0.0	12826	0.0	3206500	0.0			1.0	1.0
94	6	0.0	12826	0.0	3206500	0.0			1.0	1.0
95	6	0.0	12826	0.0	3206500	0.0			1.0	1.0
96	6	0.0	12826	0.0	3206500	0.0			1.0	1.0
97	6	0.0	12826	0.0	3206500	0.0			1.0	1.0
98	6	0.0	12826	0.0	3206500	0.0			1.0	1.0
99	6	0.0	12826	0.0	3206500	0.0			1.0	1.0
100	6	0.0	12826	0.0	3206500	0.0			1.0	1.0
1	7	24.0	12826	2450.0	3206500	9.8	2.4516960041320073	1.2937801044282313	0.00014388480047681964	0.027148075561664084
2	7	63.0	12826	5210.0	3206500	20.84	3.0330186090039843	1.6007543496058043	9.093465130077682e-14	1.2990664471539547e-10
3	7	32.0	12826	3747.0	3206500	14.988	2.1378803005929314	1.0961810791691082	0.00012822253549980449	0.024658179903808555
4	7	41.0	12826	3718.0	3206500	14.872	2.762492565946132	1.4659705821196058	2.002260663867784e-08	1.0538214020356758e-05
5	7	60.0	12826	4019.0	3206500	16.076	3.7451133436090838	1.9050093816448528	4.734736841493324e-17	1.183684210373331e-13
6	7	64.0	12826	4861.0	3206500	19.444	3.3029954406211535	1.7237749781617997	1.3976909403207308e-15	2.3294849005345512e-12
7	7	35.0	12826	2273.0	3206500	9.092	3.857335243451499	1.9476045369563086	5.905643693852809e-11	5.905643693852809e-08
8	7	0.0	12826	0.0	3206500	0.0			1.0	1.0
9	7	0.0	12826	0.0	3206500	0.0			1.0	1.0
10	7	0.0	12826	0.0	3206500	0.0			1.0	1.0
11	7	0.0	12826	0.0	3206500	0.0			1.0	1.0
12	7	0.0	12826	0.0	3206500	0.0			1.0	1.0
13	7	0.0	12826	0.0	3206500	0.0			1.0	1.0
14	7	0.0	12826	0.0	3206500	0.0			1.0	1.0
15	7	0.0	12826	0.0	3206500	0.0			1.0	1.0
16	7	0.0	12826	0.0	3206500	0.0			1.0	1.0
17	7	0.0	12826	0.0	3206500	0.0			1.0	1.0
18	7	0.0	12826	0.0	3206500	0.0			1.0	1.0
19	7	0.0	12826	0.0	3206500	0.0			1.0	1.0
20	7	0.0	12826	0.0	3206500	0.0			1.0	1.0
21	7	0.0	12826	0.0	3206500	0.0			1.0	1.0
22	7	0.0	12826	0.0	3206500	0.0			1.0	1.0
23	7	0.0	12826	0.0	3206500	0.0			1.0	1.0
24	7	0.0	12826	0.0	3206500	0.0			1.0	1.0
25	7	0.0	12826	0.0	3206500	0.0			1.0	1.0
26	7	0.0	12826	0.0	3206500	0.0			1.0	1.0
27	7	0.0	12826	0.0	3206500	0.0			1.0	1.0
28	7	0.0	12826	0.0	3206500	0.0			1.0	1.0
29	7	0.0	12826	0.0	3206500	0.0			1.0	1.0
30	7	0.0	12826	0.0	3206500	0.0			1.0	1.0
31	7	0.0	12826	0.0	3206500	0.0			1.0	1.0
32	7	0.0	12826	0.0	3206500	0.0			1.0	1.0
33	7	0.0	12826	0.0	3206500	0.0			1.0	1.0
34	7	0.0	12826	0.0	3206500	0.0			1.0	1.0
35	7	0.0	12826	0.0	3206500	0.0			1.0	1.0
36	7	0.0	12826	0.0	3206500	0.0			1.0	1.0
37	7	0.0	12826	0.0	3206500	0.0			1.0	1.0
38	7	0.0	12826	0.0	3206500	0.0			1.0	1.0
39	7	0.0	12826	0.0	3206500	0.0			1.0	1.0
40	7	0.0	12826	0.0	3206500	0.0			1.0	1.0
41	7	0.0	12826	0.0	3206500	0.0			1.0	1.0
42	7	0.0	12826	0.0	3206500	0.0			1.0	1.0
43	7	0.0	12826	0.0	3206500	0.0			1.0	1.0
44	7	0.0	12826	0.0	3206500	0.0			1.0	1.0
45	7	0.0	12826	0.0	3206500	0.0			1.0	1.0
46	7	0.0	12826	0.0	3206500	0.0			1.0	1.0
47	7	0.0	12826	0.0	3206500	0.0			1.0	1.0
48	7	0.0	12826	0.0	3206500	0.0			1.0	1.0
49	7	0.0	12826	0.0	3206500	0.0			1.0	1.0
50	7	0.0	12826	0.0	3206500	0.0			1.0	1.0
51	7	0.0	12826	0.0	3206500	0.0			1.0	1.0
52	7	0.0	12826	0.0	3206500	0.0			1.0	1.0
53	7	0.0	12826	0.0	3206500	0.0			1.0	1.0
54	7	0.0	12826	0.0	3206500	0.0			1.0	1.0
55	7	0.0	12826	0.0	3206500	0.0			1.0	1.0
56	7	0.0	12826	0.0	3206500	0.0			1.0	1.0
57	7	0.0	12826	0.0	3206500	0.0			1.0	1.0
58	7	0.0	12826	0.0	3206500	0.0			1.0	1.0
59	7	0.0	12826	0.0	3206500	0.0			1.0	1.0
60	7	0.0	12826	0.0	3206500	0.0			1.0	1.0
61	7	0.0	12826	0.0	3206500	0.0			1.0	1.0
62	7	0.0	12826	0.0	3206500	0.0			1.0	1.0
63	7	0.0	12826	0.0	3206500	0.0			1.0	1.0
64	7	0.0	12826	0.0	3206500	0.0			1.0	1.0
65	7	0.0	12826	0.0	3206500	0.0			1.0	1.0
66	7	0.0	12826	0.0	3206500	0.0			1.0	1.0
67	7	0.0	12826	0.0	3206500	0.0			1.0	1.0
68	7	0.0	12826	0.0	3206500	0.0			1.0	1.0
69	7	0.0	12826	0.0	3206500	0.0			1.0	1.0
70	7	0.0	12826	0.0	3206500	0.0			1.0	1.0
71	7	0.0	12826	0.0	3206500	0.0			1.0	1.0
72	7	0.0	12826	0.0	3206500	0.0			1.0	1.0
73	7	0.0	12826	0.0	3206500	0.0			1.0	1.0
74	7	0.0	12826	0.0	3206500	0.0			1.0	1.0
75	7	0.0	12826	0.0	3206500	0.0			1.0	1.0
76	7	0.0	12826	0.0	3206500	0.0			1.0	1.0
77	7	0.0	12826	0.0	3206500	0.0			1.0	1.0
78	7	0.0	12826	0.0	3206500	0.0			1.0	1.0
79	7	0.0	12826	0.0	3206500	0.0			1.0	1.0
80	7	0.0	12826	0.0	3206500	0.0			1.0	1.0
81	7	0.0	12826	0.0	3206500	0.0			1.0	1.0
82	7	0.0	12826	0.0	3206500	0.0			1.0	1.0
83	7	0.0	12826	0.0	3206500	0.0			1.0	1.0
84	7	0.0	12826	0.0	3206500	0.0			1.0	1.0
85	7	0.0	12826	0.0	3206500	0.0			1.0	1.0
86	7	0.0	12826	0.0	3206500	0.0			1.0	1.0
87	7	0.0	12826	0.0	3206500	0.0			1.0	1.0
88	7	0.0	12826	0.0	3206500	0.0			1.0	1.0
89	7	0.0	12826	0.0	3206500	0.0			1.0	1.0
90	7	0.0	12826	0.0	3206500	0.0			1.0	1.0
91	7	0.0	12826	0.0	3206500	0.0			1.0	1.0
92	7	0.0	12826	0.0	3206500	0.0			1.0	1.0
93	7	0.0	12826	0.0	3206500	0.0			1.0	1.0
94	7	0.0	12826	0.0	3206500	0.0			1.0	1.0
95	7	0.0	12826	0.0	3206500	0.0			1.0	1.0
96	7	0.0	12826	0.0	3206500	0.0			1.0	1.0
97	7	0.0	12826	0.0	3206500	0.0			1.0	1.0
98	7	0.0	12826	0.0	3206500	0.0			1.0	1.0
99	7	0.0	12826	0.0	3206500	0.0			1.0	1.0
100	7	0.0	12826	0.0	3206500	0.0			1.0	1.0
1	8	26.0	12826	2085.0	3206500	8.34	3.121807179256595	1.6423814309349254	8.129822483639878e-07	0.00027099408278799596
2	8	42.0	12826	4506.0	3206500	18.024	2.334596632941643	1.2231733054275673	1.2980525874550083e-06	0.0004056414335796901
3	8	32.0	12826	3017.0	3206500	12.068	2.6557717408656454	1.4091311547900656	1.4757104172252692e-06	0.00043403247565449094
4	8	28.0	12826	2874.0	3206500	11.496	2.4387707151963443	1.2861541273024144	3.745360768626329e-05	0.008142088627448541
5	8	25.0	12826	2783.0	3206500	11.132	2.2482109074359	1.1687773829072383	0.0002575878456597892	0.04599782958210521
6	8	42.0	12826	4935.0	3206500	19.74	2.1313643384017253	1.0917772305100666	1.2675817546464232e-05	0.0030916628162107884
7	8	28.0	12826	3200.0	3206500	12.8	2.1900980621972184	1.1309954683096974	0.00019997596090821524	0.03703258535337319
8	8	9.0	12826	1111.0	3206500	4.444	2.025922409670943	1.0185789217567756	0.04961102222036343	1.0
9	8	0.0	12826	0.0	3206500	0.0			1.0	1.0
10	8	0.0	12826	0.0	3206500	0.0			1.0	1.0
11	8	0.0	12826	0.0	3206500	0.0			1.0	1.0
12	8	0.0	12826	0.0	3206500	0.0			1.0	1.0
13	8	0.0	12826	0.0	3206500	0.0			1.0	1.0
14	8	0.0	12826	0.0	3206500	0.0			1.0	1.0
15	8	0.0	12826	0.0	3206500	0.0			1.0	1.0
16	8	0.0	12826	0.0	3206500	0.0			1.0	1.0
17	8	0.0	12826	0.0	3206500	0.0			1.0	1.0
18	8	0.0	12826	0.0	3206500	0.0			1.0	1.0
19	8	0.0	12826	0.0	3206500	0.0			1.0	1.0
20	8	0.0	12826	0.0	3206500	0.0			1.0	1.0
21	8	0.0	12826	0.0	3206500	0.0			1.0	1.0
22	8	0.0	12826	0.0	3206500	0.0			1.0	1.0
23	8	0.0	12826	0.0	3206500	0.0			1.0	1.0
24	8	0.0	12826	0.0	3206500	0.0			1.0	1.0
25	8	0.0	12826	0.0	3206500	0.0			1.0	1.0
26	8	0.0	12826	0.0	3206500	0.0			1.0	1.0
27	8	0.0	12826	0.0	3206500	0.0			1.0	1.0
28	8	0.0	12826	0.0	3206500	0.0			1.0	1.0
29	8	0.0	12826	0.0	3206500	0.0			1.0	1.0
30	8	0.0	12826	0.0	3206500	0.0			1.0	1.0
31	8	0.0	12826	0.0	3206500	0.0			1.0	1.0
32	8	0.0	12826	0.0	3206500	0.0			1.0	1.0
33	8	0.0	12826	0.0	3206500	0.0			1.0	1.0
34	8	0.0	12826	0.0	3206500	0.0			1.0	1.0
35	8	0.0	12826	0.0	3206500	0.0			1.0	1.0
36	8	0.0	12826	0.0	3206500	0.0			1.0	1.0
37	8	0.0	12826	0.0	3206500	0.0			1.0	1.0
38	8	0.0	12826	0.0	3206500	0.0			1.0	1.0
39	8	0.0	12826	0.0	3206500	0.0			1.0	1.0
40	8	0.0	12826	0.0	3206500	0.0			1.0	1.0
41	8	0.0	12826	0.0	3206500	0.0			1.0	1.0
42	8	0.0	12826	0.0	3206500	0.0			1.0	1.0
43	8	0.0	12826	0.0	3206500	0.0			1.0	1.0
44	8	0.0	12826	0.0	3206500	0.0			1.0	1.0
45	8	0.0	12826	0.0	3206500	0.0			1.0	1.0
46	8	0.0	12826	0.0	3206500	0.0			1.0	1.0
47	8	0.0	12826	0.0	3206500	0.0			1.0	1.0
48	8	0.0	12826	0.0	3206500	0.0			1.0	1.0
49	8	0.0	12826	0.0	3206500	0.0			1.0	1.0
50	8	0.0	12826	0.0	3206500	0.0			1.0	1.0
51	8	0.0	12826	0.0	3206500	0.0			1.0	1.0
52	8	0.0	12826	0.0	3206500	0.0			1.0	1.0
53	8	0.0	12826	0.0	3206500	0.0			1.0	1.0
54	8	0.0	12826	0.0	3206500	0.0			1.0	1.0
55	8	0.0	12826	0.0	3206500	0.0			1.0	1.0
56	8	0.0	12826	0.0	3206500	0.0			1.0	1.0
57	8	0.0	12826	0.0	3206500	0.0			1.0	1.0
58	8	0.0	12826	0.0	3206500	0.0			1.0	1.0
59	8	0.0	12826	0.0	3206500	0.0			1.0	1.0
60	8	0.0	12826	0.0	3206500	0.0			1.0	1.0
61	8	0.0	12826	0.0	3206500	0.0			1.0	1.0
62	8	0.0	12826	0.0	3206500	0.0			1.0	1.0
63	8	0.0	12826	0.0	3206500	0.0			1.0	1.0
64	8	0.0	12826	0.0	3206500	0.0			1.0	1.0
65	8	0.0	12826	0.0	3206500	0.0			1.0	1.0
66	8	0.0	12826	0.0	3206500	0.0			1.0	1.0
67	8	0.0	12826	0.0	3206500	0.0			1.0	1.0
68	8	0.0	12826	0.0	3206500	0.0			1.0	1.0
69	8	0.0	12826	0.0	3206500	0.0			1.0	1.0
70	8	0.0	12826	0.0	3206500	0.0			1.0	1.0
71	8	0.0	12826	0.0	3206500	0.0			1.0	1.0
72	8	0.0	12826	0.0	3206500	0.0			1.0	1.0
73	8	0.0	12826	0.0	3206500	0.0			1.0	1.0
74	8	0.0	12826	0.0	3206500	0.0			1.0	1.0
75	8	0.0	12826	0.0	3206500	0.0			1.0	1.0
76	8	0.0	12826	0.0	3206500	0.0			1.0	1.0
77	8	0.0	12826	0.0	3206500	0.0			1.0	1.0
78	8	0.0	12826	0.0	3206500	0.0			1.0	1.0
79	8	0.0	12826	0.0	3206500	0.0			1.0	1.0
80	8	0.0	12826	0.0	3206500	0.0			1.0	1.0
81	8	0.0	12826	0.0	3206500	0.0			1.0	1.0
82	8	0.0	12826	0.0	3206500	0.0			1.0	1.0
83	8	0.0	12826	0.0	3206500	0.0			1.0	1.0
84	8	0.0	12826	0.0	3206500	0.0			1.0	1.0
85	8	0.0	12826	0.0	3206500	0.0			1.0	1.0
86	8	0.0	12826	0.0	3206500	0.0			1.0	1.0
87	8	0.0	12826	0.0	3206500	0.0			1.0	1.0
88	8	0.0	12826	0.0	3206500	0.0			1.0	1.0
89	8	0.0	12826	0.0	3206500	0.0			1.0	1.0
90	8	0.0	12826	0.0	3206500	0.0			1.0	1.0
91	8	0.0	12826	0.0	3206500	0.0			1.0	1.0
92	8	0.0	12826	0.0	3206500	0.0			1.0	1.0
93	8	0.0	12826	0.0	3206500	0.0			1.0	1.0
94	8	0.0	12826	0.0	3206500	0.0			1.0	1.0
95	8	0.0	12826	0.0	3206500	0.0			1.0	1.0
96	8	0.0	12826	0.0	3206500	0.0			1.0	1.0
97	8	0.0	12826	0.0	3206500	0.0			1.0	1.0
98	8	0.0	12826	0.0	3206500	0.0			1.0	1.0
99	8	0.0	12826	0.0	3206500	0.0			1.0	1.0
100	8	0.0	12826	0.0	3206500	0.0			1.0	1.0
1	9	25.0	12826	1999.0	3206500	7.996	3.130716401087818	1.6464928264979437	1.2426883128769988e-06	0.0004008671977022577
2	9	38.0	12826	3520.0	3206500	14.08	2.703911870503597	1.4350481301484193	1.0781954740704218e-07	4.9008885185019165e-05
3	9	21.0	12826	3381.0	3206500	13.524	1.5537016062727826	0.635709455813516	0.05438295348155729	1.0
4	9	22.0	12826	2344.0	3206500	9.376	2.3487298124626155	1.231880761609041	0.00039187246652354867	0.06123007289430448
5	9	19.0	12826	2341.0	3206500	9.364	2.030574073001179	1.0218876560740038	0.004607963169371774	0.495479910685137
6	9	27.0	12826	2873.0	3206500	11.492	2.3523072348885594	1.234076502904997	7.881424102672865e-05	0.016349723340675165
7	9	38.0	12826	3666.0	3206500	14.664	2.5961090943654384	1.376351009913716	2.8639948569861436e-07	0.0001101536483456209
8	9	22.0	12826	2268.0	3206500	9.072	2.427492621077959	1.2794669102477978	0.0003086233084836495	0.05059398499731958
9	9	6.0	12826	887.0	3206500	3.548	1.691417018574768	0.7582323998175096	0.17798437537535042	1.0
10	9	0.0	12826	0.0	3206500	0.0			1.0	1.0
11	9	0.0	12826	0.0	3206500	0.0			1.0	1.0
12	9	0.0	12826	0.0	3206500	0.0			1.0	1.0
13	9	0.0	12826	0.0	3206500	0.0			1.0	1.0
14	9	0.0	12826	0.0	3206500	0.0			1.0	1.0
15	9	0.0	12826	0.0	3206500	0.0			1.0	1.0
16	9	0.0	12826	0.0	3206500	0.0			1.0	1.0
17	9	0.0	12826	0.0	3206500	0.0			1.0	1.0
18	9	0.0	12826	0.0	3206500	0.0			1.0	1.0
19	9	0.0	12826	0.0	3206500	0.0			1.0	1.0
20	9	0.0	12826	0.0	3206500	0.0			1.0	1.0
21	9	0.0	12826	0.0	3206500	0.0			1.0	1.0
22	9	0.0	12826	0.0	3206500	0.0			1.0	1.0
23	9	0.0	12826	0.0	3206500	0.0			1.0	1.0
24	9	0.0	12826	0.0	3206500	0.0			1.0	1.0
25	9	0.0	12826	0.0	3206500	0.0			1.0	1.0
26	9	0.0	12826	0.0	3206500	0.0			1.0	1.0
27	9	0.0	12826	0.0	3206500	0.0			1.0	1.0
28	9	0.0	12826	0.0	3206500	0.0			1.0	1.0
29	9	0.0	12826	0.0	3206500	0.0			1.0	1.0
30	9	0.0	12826	0.0	3206500	0.0			1.0	1.0
31	9	0.0	12826	0.0	3206500	0.0			1.0	1.0
32	9	0.0	12826	0.0	3206500	0.0			1.0	1.0
33	9	0.0	12826	0.0	3206500	0.0			1.0	1.0
34	9	0.0	12826	0.0	3206500	0.0			1.0	1.0
35	9	0.0	12826	0.0	3206500	0.0			1.0	1.0
36	9	0.0	12826	0.0	3206500	0.0			1.0	1.0
37	9	0.0	12826	0.0	3206500	0.0			1.0	1.0
38	9	0.0	12826	0.0	3206500	0.0			1.0	1.0
39	9	0.0	12826	0.0	3206500	0.0			1.0	1.0
40	9	0.0	12826	0.0	3206500	0.0			1.0	1.0
41	9	0.0	12826	0.0	3206500	0.0			1.0	1.0
42	9	0.0	12826	0.0	3206500	0.0			1.0	1.0
43	9	0.0	12826	0.0	3206500	0.0			1.0	1.0
44	9	0.0	12826	0.0	3206500	0.0			1.0	1.0
45	9	0.0	12826	0.0	3206500	0.0			1.0	1.0
46	9	0.0	12826	0.0	3206500	0.0			1.0	1.0
47	9	0.0	12826	0.0	3206500	0.0			1.0	1.0
48	9	0.0	12826	0.0	3206500	0.0			1.0	1.0
49	9	0.0	12826	0.0	3206500	0.0			1.0	1.0
50	9	0.0	12826	0.0	3206500	0.0			1.0	1.0
51	9	0.0	12826	0.0	3206500	0.0			1.0	1.0
52	9	0.0	12826	0.0	3206500	0.0			1.0	1.0
53	9	0.0	12826	0.0	3206500	0.0			1.0	1.0
54	9	0.0	12826	0.0	3206500	0.0			1.0	1.0
55	9	0.0	12826	0.0	3206500	0.0			1.0	1.0
56	9	0.0	12826	0.0	3206500	0.0			1.0	1.0
57	9	0.0	12826	0.0	3206500	0.0			1.0	1.0
58	9	0.0	12826	0.0	3206500	0.0			1.0	1.0
59	9	0.0	12826	0.0	3206500	0.0			1.0	1.0
60	9	0.0	12826	0.0	3206500	0.0			1.0	1.0
61	9	0.0	12826	0.0	3206500	0.0			1.0	1.0
62	9	0.0	12826	0.0	3206500	0.0			1.0	1.0
63	9	0.0	12826	0.0	3206500	0.0			1.0	1.0
64	9	0.0	12826	0.0	3206500	0.0			1.0	1.0
65	9	0.0	12826	0.0	3206500	0.0			1.0	1.0
66	9	0.0	12826	0.0	3206500	0.0			1.0	1.0
67	9	0.0	12826	0.0	3206500	0.0			1.0	1.0
68	9	0.0	12826	0.0	3206500	0.0			1.0	1.0
69	9	0.0	12826	0.0	3206500	0.0			1.0	1.0
70	9	0.0	12826	0.0	3206500	0.0			1.0	1.0
71	9	0.0	12826	0.0	3206500	0.0			1.0	1.0
72	9	0.0	12826	0.0	3206500	0.0			1.0	1.0
73	9	0.0	12826	0.0	3206500	0.0			1.0	1.0
74	9	0.0	12826	0.0	3206500	0.0			1.0	1.0
75	9	0.0	12826	0.0	3206500	0.0			1.0	1.0
76	9	0.0	12826	0.0	3206500	0.0			1.0	1.0
77	9	0.0	12826	0.0	3206500	0.0			1.0	1.0
78	9	0.0	12826	0.0	3206500	0.0			1.0	1.0
79	9	0.0	12826	0.0	3206500	0.0			1.0	1.0
80	9	0.0	12826	0.0	3206500	0.0			1.0	1.0
81	9	0.0	12826	0.0	3206500	0.0			1.0	1.0
82	9	0.0	12826	0.0	3206500	0.0			1.0	1.0
83	9	0.0	12826	0.0	3206500	0.0			1.0	1.0
84	9	0.0	12826	0.0	3206500	0.0			1.0	1.0
85	9	0.0	12826	0.0	3206500	0.0			1.0	1.0
86	9	0.0	12826	0.0	3206500	0.0			1.0	1.0
87	9	0.0	12826	0.0	3206500	0.0			1.0	1.0
88	9	0.0	12826	0.0	3206500	0.0			1.0	1.0
89	9	0.0	12826	0.0	3206500	0.0			1.0	1.0
90	9	0.0	12826	0.0	3206500	0.0			1.0	1.0
91	9	0.0	12826	0.0	3206500	0.0			1.0	1.0
92	9	0.0	12826	0.0	3206500	0.0			1.0	1.0
93	9	0.0	12826	0.0	3206500	0.0			1.0	1.0
94	9	0.0	12826	0.0	3206500	0.0			1.0	1.0
95	9	0.0	12826	0.0	3206500	0.0			1.0	1.0
96	9	0.0	12826	0.0	3206500	0.0			1.0	1.0
97	9	0.0	12826	0.0	3206500	0.0			1.0	1.0
98	9	0.0	12826	0.0	3206500	0.0			1.0	1.0
99	9	0.0	12826	0.0	3206500	0.0			1.0	1.0
100	9	0.0	12826	0.0	3206500	0.0			1.0	1.0
1	10	25.0	12826	1799.0	3206500	7.196	3.4789842580652333	1.7986661509720017	1.9308834144662963e-07	8.045347560276234e-05
2	10	37.0	12826	2899.0	3206500	11.596	3.197093532135172	1.6767609513044583	2.5162491335278884e-09	1.935576256559914e-06
3	10	22.0	12826	2432.0	3206500	9.728	2.2636807062759994	1.178670479389886	0.0005613874201101961	0.08505870001669638
4	10	20.0	12826	2334.0	3206500	9.336	2.1440289945493363	1.1003244160614014	0.002512347644626211	0.3101663758797792
5	10	34.0	12826	2982.0	3206500	11.928	2.855354243451117	1.513669741583484	1.4470543950671332e-07	6.291540848117971e-05
6	10	28.0	12826	2943.0	3206500	11.772	2.3815413096794504	1.251895573582389	4.9123034054246616e-05	0.010451709373243962
7	10	28.0	12826	2560.0	3206500	10.24	2.738169538209095	1.4532117761652767	3.6814673805545276e-06	0.0010226298279318131
8	10	33.0	12826	2793.0	3206500	11.172	2.95885303481034	1.5650380401560837	9.986191058040523e-08	4.755329075257392e-05
9	10	18.0	12826	1902.0	3206500	7.608	2.3678502394993663	1.2435778370631365	0.0014202354065518288	0.19455279541805873
10	10	3.0	12826	478.0	3206500	1.912	1.569170785888458	0.6500023813343117	0.4472061662459981	1.0
11	10	0.0	12826	0.0	3206500	0.0			1.0	1.0
12	10	0.0	12826	0.0	3206500	0.0			1.0	1.0
13	10	0.0	12826	0.0	3206500	0.0			1.0	1.0
14	10	0.0	12826	0.0	3206500	0.0			1.0	1.0
15	10	0.0	12826	0.0	3206500	0.0			1.0	1.0
16	10	0.0	12826	0.0	3206500	0.0			1.0	1.0
17	10	0.0	12826	0.0	3206500	0.0			1.0	1.0
18	10	0.0	12826	0.0	3206500	0.0			1.0	1.0
19	10	0.0	12826	0.0	3206500	0.0			1.0	1.0
20	10	0.0	12826	0.0	3206500	0.0			1.0	1.0
21	10	0.0	12826	0.0	3206500	0.0			1.0	1.0
22	10	0.0	12826	0.0	3206500	0.0			1.0	1.0
23	10	0.0	12826	0.0	3206500	0.0			1.0	1.0
24	10	0.0	12826	0.0	3206500	0.0			1.0	1.0
25	10	0.0	12826	0.0	3206500	0.0			1.0	1.0
26	10	0.0	12826	0.0	3206500	0.0			1.0	1.0
27	10	0.0	12826	0.0	3206500	0.0			1.0	1.0
28	10	0.0	12826	0.0	3206500	0.0			1.0	1.0
29	10	0.0	12826	0.0	3206500	0.0			1.0	1.0
30	10	0.0	12826	0.0	3206500	0.0			1.0	1.0
31	10	0.0	12826	0.0	3206500	0.0			1.0	1.0
32	10	0.0	12826	0.0	3206500	0.0			1.0	1.0
33	10	0.0	12826	0.0	3206500	0.0			1.0	1.0
34	10	0.0	12826	0.0	3206500	0.0			1.0	1.0
35	10	0.0	12826	0.0	3206500	0.0			1.0	1.0
36	10	0.0	12826	0.0	3206500	0.0			1.0	1.0
37	10	0.0	12826	0.0	3206500	0.0			1.0	1.0
38	10	0.0	12826	0.0	3206500	0.0			1.0	1.0
39	10	0.0	12826	0.0	3206500	0.0			1.0	1.0
40	10	0.0	12826	0.0	3206500	0.0			1.0	1.0
41	10	0.0	12826	0.0	3206500	0.0			1.0	1.0
42	10	0.0	12826	0.0	3206500	0.0			1.0	1.0
43	10	0.0	12826	0.0	3206500	0.0			1.0	1.0
44	10	0.0	12826	0.0	3206500	0.0			1.0	1.0
45	10	0.0	12826	0.0	3206500	0.0			1.0	1.0
46	10	0.0	12826	0.0	3206500	0.0			1.0	1.0
47	10	0.0	12826	0.0	3206500	0.0			1.0	1.0
48	10	0.0	12826	0.0	3206500	0.0			1.0	1.0
49	10	0.0	12826	0.0	3206500	0.0			1.0	1.0
50	10	0.0	12826	0.0	3206500	0.0			1.0	1.0
51	10	0.0	12826	0.0	3206500	0.0			1.0	1.0
52	10	0.0	12826	0.0	3206500	0.0			1.0	1.0
53	10	0.0	12826	0.0	3206500	0.0			1.0	1.0
54	10	0.0	12826	0.0	3206500	0.0			1.0	1.0
55	10	0.0	12826	0.0	3206500	0.0			1.0	1.0
56	10	0.0	12826	0.0	3206500	0.0			1.0	1.0
57	10	0.0	12826	0.0	3206500	0.0			1.0	1.0
58	10	0.0	12826	0.0	3206500	0.0			1.0	1.0
59	10	0.0	12826	0.0	3206500	0.0			1.0	1.0
60	10	0.0	12826	0.0	3206500	0.0			1.0	1.0
61	10	0.0	12826	0.0	3206500	0.0			1.0	1.0
62	10	0.0	12826	0.0	3206500	0.0			1.0	1.0
63	10	0.0	12826	0.0	3206500	0.0			1.0	1.0
64	10	0.0	12826	0.0	3206500	0.0			1.0	1.0
65	10	0.0	12826	0.0	3206500	0.0			1.0	1.0
66	10	0.0	12826	0.0	3206500	0.0			1.0	1.0
67	10	0.0	12826	0.0	3206500	0.0			1.0	1.0
68	10	0.0	12826	0.0	3206500	0.0			1.0	1.0
69	10	0.0	12826	0.0	3206500	0.0			1.0	1.0
70	10	0.0	12826	0.0	3206500	0.0			1.0	1.0
71	10	0.0	12826	0.0	3206500	0.0			1.0	1.0
72	10	0.0	12826	0.0	3206500	0.0			1.0	1.0
73	10	0.0	12826	0.0	3206500	0.0			1.0	1.0
74	10	0.0	12826	0.0	3206500	0.0			1.0	1.0
75	10	0.0	12826	0.0	3206500	0.0			1.0	1.0
76	10	0.0	12826	0.0	3206500	0.0			1.0	1.0
77	10	0.0	12826	0.0	3206500	0.0			1.0	1.0
78	10	0.0	12826	0.0	3206500	0.0			1.0	1.0
79	10	0.0	12826	0.0	3206500	0.0			1.0	1.0
80	10	0.0	12826	0.0	3206500	0.0			1.0	1.0
81	10	0.0	12826	0.0	3206500	0.0			1.0	1.0
82	10	0.0	12826	0.0	3206500	0.0			1.0	1.0
83	10	0.0	12826	0.0	3206500	0.0			1.0	1.0
84	10	0.0	12826	0.0	3206500	0.0			1.0	1.0
85	10	0.0	12826	0.0	3206500	0.0			1.0	1.0
86	10	0.0	12826	0.0	3206500	0.0			1.0	1.0
87	10	0.0	12826	0.0	3206500	0.0			1.0	1.0
88	10	0.0	12826	0.0	3206500	0.0			1.0	1.0
89	10	0.0	12826	0.0	3206500	0.0			1.0	1.0
90	10	0.0	12826	0.0	3206500	0.0			1.0	1.0
91	10	0.0	12826	0.0	3206500	0.0			1.0	1.0
92	10	0.0	12826	0.0	3206500	0.0			1.0	1.0
93	10	0.0	12826	0.0	3206500	0.0			1.0	1.0
94	10	0.0	12826	0.0	3206500	0.0			1.0	1.0
95	10	0.0	12826	0.0	3206500	0.0			1.0	1.0
96	10	0.0	12826	0.0	3206500	0.0			1.0	1.0
97	10	0.0	12826	0.0	3206500	0.0			1.0	1.0
98	10	0.0	12826	0.0	3206500	0.0			1.0	1.0
99	10	0.0	12826	0.0	3206500	0.0			1.0	1.0
100	10	0.0	12826	0.0	3206500	0.0			1.0	1.0
1	11	16.0	12826	1617.0	3206500	6.468	2.47555746732729	1.3077534402577713	0.0011364055488304002	0.15905708612569014
2	11	19.0	12826	2213.0	3206500	8.852	2.1481083601655233	1.1030667711307538	0.002211215110408947	0.2871707935596035
3	11	16.0	12826	1952.0	3206500	7.808	2.050490779488361	1.0359692562638492	0.010191266298907813	0.94363576841739
4	11	21.0	12826	1763.0	3206500	7.052	2.981122306033409	1.5758555657645803	1.701211159242512e-05	0.004050502760101219
5	11	21.0	12826	2020.0	3206500	8.08	2.6016322522529487	1.3794170476258896	0.00011184685380572294	0.02193075564818097
6	11	21.0	12826	2194.0	3206500	8.776	2.3951740165308317	1.2601304758637422	0.00047333359889048206	0.07282055367545878
7	11	25.0	12826	2230.0	3206500	8.92	2.806211187957219	1.488623586418109	7.874365949020818e-06	0.0019685914872552045
8	11	21.0	12826	2157.0	3206500	8.628	2.436287654933123	1.2846844837552895	0.00026476826768624955	0.046450573278289393
9	11	16.0	12826	2334.0	3206500	9.336	1.7146876068195973	0.7779457605704743	0.045871636877966554	1.0
10	11	21.0	12826	1626.0	3206500	6.504	3.2324374559637827	1.692622455776032	5.249905430788268e-06	0.0013461295976380174
11	11	9.0	12826	363.0	3206500	1.452	6.201997347273153	2.6327329088791576	2.3580370279952145e-05	0.005359175063625488
12	11	0.0	12826	0.0	3206500	0.0			1.0	1.0
13	11	0.0	12826	0.0	3206500	0.0			1.0	1.0
14	11	0.0	12826	0.0	3206500	0.0			1.0	1.0
15	11	0.0	12826	0.0	3206500	0.0			1.0	1.0
16	11	0.0	12826	0.0	3206500	0.0			1.0	1.0
17	11	0.0	12826	0.0	3206500	0.0			1.0	1.0
18	11	0.0	12826	0.0	3206500	0.0			1.0	1.0
19	11	0.0	12826	0.0	3206500	0.0			1.0	1.0
20	11	0.0	12826	0.0	3206500	0.0			1.0	1.0
21	11	0.0	12826	0.0	3206500	0.0			1.0	1.0
22	11	0.0	12826	0.0	3206500	0.0			1.0	1.0
23	11	0.0	12826	0.0	3206500	0.0			1.0	1.0
24	11	0.0	12826	0.0	3206500	0.0			1.0	1.0
25	11	0.0	12826	0.0	3206500	0.0			1.0	1.0
26	11	0.0	12826	0.0	3206500	0.0			1.0	1.0
27	11	0.0	12826	0.0	3206500	0.0			1.0	1.0
28	11	0.0	12826	0.0	3206500	0.0			1.0	1.0
29	11	0.0	12826	0.0	3206500	0.0			1.0	1.0
30	11	0.0	12826	0.0	3206500	0.0			1.0	1.0
31	11	0.0	12826	0.0	3206500	0.0			1.0	1.0
32	11	0.0	12826	0.0	3206500	0.0			1.0	1.0
33	11	0.0	12826	0.0	3206500	0.0			1.0	1.0
34	11	0.0	12826	0.0	3206500	0.0			1.0	1.0
35	11	0.0	12826	0.0	3206500	0.0			1.0	1.0
36	11	0.0	12826	0.0	3206500	0.0			1.0	1.0
37	11	0.0	12826	0.0	3206500	0.0			1.0	1.0
38	11	0.0	12826	0.0	3206500	0.0			1.0	1.0
39	11	0.0	12826	0.0	3206500	0.0			1.0	1.0
40	11	0.0	12826	0.0	3206500	0.0			1.0	1.0
41	11	0.0	12826	0.0	3206500	0.0			1.0	1.0
42	11	0.0	12826	0.0	3206500	0.0			1.0	1.0
43	11	0.0	12826	0.0	3206500	0.0			1.0	1.0
44	11	0.0	12826	0.0	3206500	0.0			1.0	1.0
45	11	0.0	12826	0.0	3206500	0.0			1.0	1.0
46	11	0.0	12826	0.0	3206500	0.0			1.0	1.0
47	11	0.0	12826	0.0	3206500	0.0			1.0	1.0
48	11	0.0	12826	0.0	3206500	0.0			1.0	1.0
49	11	0.0	12826	0.0	3206500	0.0			1.0	1.0
50	11	0.0	12826	0.0	3206500	0.0			1.0	1.0
51	11	0.0	12826	0.0	3206500	0.0			1.0	1.0
52	11	0.0	12826	0.0	3206500	0.0			1.0	1.0
53	11	0.0	12826	0.0	3206500	0.0			1.0	1.0
54	11	0.0	12826	0.0	3206500	0.0			1.0	1.0
55	11	0.0	12826	0.0	3206500	0.0			1.0	1.0
56	11	0.0	12826	0.0	3206500	0.0			1.0	1.0
57	11	0.0	12826	0.0	3206500	0.0			1.0	1.0
58	11	0.0	12826	0.0	3206500	0.0			1.0	1.0
59	11	0.0	12826	0.0	3206500	0.0			1.0	1.0
60	11	0.0	12826	0.0	3206500	0.0			1.0	1.0
61	11	0.0	12826	0.0	3206500	0.0			1.0	1.0
62	11	0.0	12826	0.0	3206500	0.0			1.0	1.0
63	11	0.0	12826	0.0	3206500	0.0			1.0	1.0
64	11	0.0	12826	0.0	3206500	0.0			1.0	1.0
65	11	0.0	12826	0.0	3206500	0.0			1.0	1.0
66	11	0.0	12826	0.0	3206500	0.0			1.0	1.0
67	11	0.0	12826	0.0	3206500	0.0			1.0	1.0
68	11	0.0	12826	0.0	3206500	0.0			1.0	1.0
69	11	0.0	12826	0.0	3206500	0.0			1.0	1.0
70	11	0.0	12826	0.0	3206500	0.0			1.0	1.0
71	11	0.0	12826	0.0	3206500	0.0			1.0	1.0
72	11	0.0	12826	0.0	3206500	0.0			1.0	1.0
73	11	0.0	12826	0.0	3206500	0.0			1.0	1.0
74	11	0.0	12826	0.0	3206500	0.0			1.0	1.0
75	11	0.0	12826	0.0	3206500	0.0			1.0	1.0
76	11	0.0	12826	0.0	3206500	0.0			1.0	1.0
77	11	0.0	12826	0.0	3206500	0.0			1.0	1.0
78	11	0.0	12826	0.0	3206500	0.0			1.0	1.0
79	11	0.0	12826	0.0	3206500	0.0			1.0	1.0
80	11	0.0	12826	0.0	3206500	0.0			1.0	1.0
81	11	0.0	12826	0.0	3206500	0.0			1.0	1.0
82	11	0.0	12826	0.0	3206500	0.0			1.0	1.0
83	11	0.0	12826	0.0	3206500	0.0			1.0	1.0
84	11	0.0	12826	0.0	3206500	0.0			1.0	1.0
85	11	0.0	12826	0.0	3206500	0.0			1.0	1.0
86	11	0.0	12826	0.0	3206500	0.0			1.0	1.0
87	11	0.0	12826	0.0	3206500	0.0			1.0	1.0
88	11	0.0	12826	0.0	3206500	0.0			1.0	1.0
89	11	0.0	12826	0.0	3206500	0.0			1.0	1.0
90	11	0.0	12826	0.0	3206500	0.0			1.0	1.0
91	11	0.0	12826	0.0	3206500	0.0			1.0	1.0
92	11	0.0	12826	0.0	3206500	0.0			1.0	1.0
93	11	0.0	12826	0.0	3206500	0.0			1.0	1.0
94	11	0.0	12826	0.0	3206500	0.0			1.0	1.0
95	11	0.0	12826	0.0	3206500	0.0			1.0	1.0
96	11	0.0	12826	0.0	3206500	0.0			1.0	1.0
97	11	0.0	12826	0.0	3206500	0.0			1.0	1.0
98	11	0.0	12826	0.0	3206500	0.0			1.0	1.0
99	11	0.0	12826	0.0	3206500	0.0			1.0	1.0
100	11	0.0	12826	0.0	3206500	0.0			1.0	1.0
1	12	10.0	12826	1472.0	3206500	5.888	1.6989144852901266	0.7646132364228069	0.09570378473430392	1.0
2	12	20.0	12826	2016.0	3206500	8.064	2.4824703945819047	1.3117765125796097	0.00028936034110565886	0.04822672351760981
3	12	15.0	12826	2162.0	3206500	8.648	1.7353650969611496	0.7952392179411202	0.0394786661703062	1.0
4	12	8.0	12826	1452.0	3206500	5.808	1.3776460186196495	0.4622052401568395	0.30108348073659386	1.0
5	12	23.0	12826	1563.0	3206500	6.252	3.683635158486377	1.8811301783924201	2.2235333694714404e-07	8.894133477885762e-05
6	12	11.0	12826	1926.0	3206500	7.704	1.4281969346507473	0.5141949268842624	0.20744310507819394	1.0
7	12	27.0	12826	1818.0	3206500	7.272	3.7185941971023415	1.8947573180570894	1.7430152365212092e-08	9.683417980673385e-06
8	12	8.0	12826	1757.0	3206500	7.028	1.1383902457175288	0.18699520531572036	0.7021179834214315	1.0
9	12	18.0	12826	2221.0	3206500	8.884	2.027556434927405	1.0197420709193874	0.006077102428794958	0.6396949925047324
10	12	15.0	12826	2159.0	3206500	8.636	1.7377780695860858	0.7972438483481971	0.03923836924621326	1.0
11	12	8.0	12826	1539.0	3206500	6.156	1.2997321120163723	0.37821429979869	0.41516545803187305	1.0
12	12	0.0	12826	473.0	3206500	1.892	0.0		0.2735803917144025	1.0
13	12	0.0	12826	0.0	3206500	0.0			1.0	1.0
14	12	0.0	12826	0.0	3206500	0.0			1.0	1.0
15	12	0.0	12826	0.0	3206500	0.0			1.0	1.0
16	12	0.0	12826	0.0	3206500	0.0			1.0	1.0
17	12	0.0	12826	0.0	3206500	0.0			1.0	1.0
18	12	0.0	12826	0.0	3206500	0.0			1.0	1.0
19	12	0.0	12826	0.0	3206500	0.0			1.0	1.0
20	12	0.0	12826	0.0	3206500	0.0			1.0	1.0
21	12	0.0	12826	0.0	3206500	0.0			1.0	1.0
22	12	0.0	12826	0.0	3206500	0.0			1.0	1.0
23	12	0.0	12826	0.0	3206500	0.0			1.0	1.0
24	12	0.0	12826	0.0	3206500	0.0			1.0	1.0
25	12	0.0	12826	0.0	3206500	0.0			1.0	1.0
26	12	0.0	12826	0.0	3206500	0.0			1.0	1.0
27	12	0.0	12826	0.0	3206500	0.0			1.0	1.0
28	12	0.0	12826	0.0	3206500	0.0			1.0	1.0
29	12	0.0	12826	0.0	3206500	0.0			1.0	1.0
30	12	0.0	12826	0.0	3206500	0.0			1.0	1.0
31	12	0.0	12826	0.0	3206500	0.0			1.0	1.0
32	12	0.0	12826	0.0	3206500	0.0			1.0	1.0
33	12	0.0	12826	0.0	3206500	0.0			1.0	1.0
34	12	0.0	12826	0.0	3206500	0.0			1.0	1.0
35	12	0.0	12826	0.0	3206500	0.0			1.0	1.0
36	12	0.0	12826	0.0	3206500	0.0			1.0	1.0
37	12	0.0	12826	0.0	3206500	0.0			1.0	1.0
38	12	0.0	12826	0.0	3206500	0.0			1.0	1.0
39	12	0.0	12826	0.0	3206500	0.0			1.0	1.0
40	12	0.0	12826	0.0	3206500	0.0			1.0	1.0
41	12	0.0	12826	0.0	3206500	0.0			1.0	1.0
42	12	0.0	12826	0.0	3206500	0.0			1.0	1.0
43	12	0.0	12826	0.0	3206500	0.0			1.0	1.0
44	12	0.0	12826	0.0	3206500	0.0			1.0	1.0
45	12	0.0	12826	0.0	3206500	0.0			1.0	1.0
46	12	0.0	12826	0.0	3206500	0.0			1.0	1.0
47	12	0.0	12826	0.0	3206500	0.0			1.0	1.0
48	12	0.0	12826	0.0	3206500	0.0			1.0	1.0
49	12	0.0	12826	0.0	3206500	0.0			1.0	1.0
50	12	0.0	12826	0.0	3206500	0.0			1.0	1.0
51	12	0.0	12826	0.0	3206500	0.0			1.0	1.0
52	12	0.0	12826	0.0	3206500	0.0			1.0	1.0
53	12	0.0	12826	0.0	3206500	0.0			1.0	1.0
54	12	0.0	12826	0.0	3206500	0.0			1.0	1.0
55	12	0.0	12826	0.0	3206500	0.0			1.0	1.0
56	12	0.0	12826	0.0	3206500	0.0			1.0	1.0
57	12	0.0	12826	0.0	3206500	0.0			1.0	1.0
58	12	0.0	12826	0.0	3206500	0.0			1.0	1.0
59	12	0.0	12826	0.0	3206500	0.0			1.0	1.0
60	12	0.0	12826	0.0	3206500	0.0			1.0	1.0
61	12	0.0	12826	0.0	3206500	0.0			1.0	1.0
62	12	0.0	12826	0.0	3206500	0.0			1.0	1.0
63	12	0.0	12826	0.0	3206500	0.0			1.0	1.0
64	12	0.0	12826	0.0	3206500	0.0			1.0	1.0
65	12	0.0	12826	0.0	3206500	0.0			1.0	1.0
66	12	0.0	12826	0.0	3206500	0.0			1.0	1.0
67	12	0.0	12826	0.0	3206500	0.0			1.0	1.0
68	12	0.0	12826	0.0	3206500	0.0			1.0	1.0
69	12	0.0	12826	0.0	3206500	0.0			1.0	1.0
70	12	0.0	12826	0.0	3206500	0.0			1.0	1.0
71	12	0.0	12826	0.0	3206500	0.0			1.0	1.0
72	12	0.0	12826	0.0	3206500	0.0			1.0	1.0
73	12	0.0	12826	0.0	3206500	0.0			1.0	1.0
74	12	0.0	12826	0.0	3206500	0.0			1.0	1.0
75	12	0.0	12826	0.0	3206500	0.0			1.0	1.0
76	12	0.0	12826	0.0	3206500	0.0			1.0	1.0
77	12	0.0	12826	0.0	3206500	0.0			1.0	1.0
78	12	0.0	12826	0.0	3206500	0.0			1.0	1.0
79	12	0.0	12826	0.0	3206500	0.0			1.0	1.0
80	12	0.0	12826	0.0	3206500	0.0			1.0	1.0
81	12	0.0	12826	0.0	3206500	0.0			1.0	1.0
82	12	0.0	12826	0.0	3206500	0.0			1.0	1.0
83	12	0.0	12826	0.0	3206500	0.0			1.0	1.0
84	12	0.0	12826	0.0	3206500	0.0			1.0	1.0
85	12	0.0	12826	0.0	3206500	0.0			1.0	1.0
86	12	0.0	12826	0.0	3206500	0.0			1.0	1.0
87	12	0.0	12826	0.0	3206500	0.0			1.0	1.0
88	12	0.0	12826	0.0	3206500	0.0			1.0	1.0
89	12	0.0	12826	0.0	3206500	0.0			1.0	1.0
90	12	0.0	12826	0.0	3206500	0.0			1.0	1.0
91	12	0.0	12826	0.0	3206500	0.0			1.0	1.0
92	12	0.0	12826	0.0	3206500	0.0			1.0	1.0
93	12	0.0	12826	0.0	3206500	0.0			1.0	1.0
94	12	0.0	12826	0.0	3206500	0.0			1.0	1.0
95	12	0.0	12826	0.0	3206500	0.0			1.0	1.0
96	12	0.0	12826	0.0	3206500	0.0			1.0	1.0
97	12	0.0	12826	0.0	3206500	0.0			1.0	1.0
98	12	0.0	12826	0.0	3206500	0.0			1.0	1.0
99	12	0.0	12826	0.0	3206500	0.0			1.0	1.0
100	12	0.0	12826	0.0	3206500	0.0			1.0	1.0
1	13	9.0	12826	1333.0	3206500	5.332	1.6884050340821142	0.7556610358975042	0.12261355827343336	1.0
2	13	12.0	12826	1469.0	3206500	5.876	2.043181582261488	1.0308174254059297	0.02040808613843032	1.0
3	13	8.0	12826	1407.0	3206500	5.628	1.4217271531915352	0.5076446207191173	0.2871931020447263	1.0
4	13	14.0	12826	1675.0	3206500	6.7	2.0907428203969225	1.0640156087677064	0.01041253783553259	0.9552787005075771
5	13	11.0	12826	1557.0	3206500	6.228	1.7668747812040873	0.821199799404425	0.06716428076189762	1.0
6	13	20.0	12826	2577.0	3206500	10.308	1.9417090274246325	0.9573270235464344	0.006910759823544185	0.6980565478327461
7	13	32.0	12826	4198.0	3206500	16.792	1.907934601609869	0.9320117208454556	0.000828557170270408	0.12008074931455187
8	13	9.0	12826	1716.0	3206500	6.864	1.3114073256072163	0.3911158589860804	0.43843477328755565	1.0
9	13	11.0	12826	1593.0	3206500	6.372	1.7269260094458319	0.7882062715800318	0.07275051211095881	1.0
10	13	12.0	12826	1683.0	3206500	6.732	1.7832640157670685	0.8345203126322303	0.05154231835884224	1.0
11	13	19.0	12826	1906.0	3206500	7.624	2.494343785464255	1.3186603197800664	0.0003815483027268321	0.06056322265505271
12	13	13.0	12826	1532.0	3206500	6.128	2.1225476980685616	1.0857969745056513	0.012640973972902732	1.0
13	13	8.0	12826	340.0	3206500	1.36	5.8854001266601195	2.557140502115873	9.424221112738171e-05	0.018848442225476342
14	13	0.0	12826	0.0	3206500	0.0			1.0	1.0
15	13	0.0	12826	0.0	3206500	0.0			1.0	1.0
16	13	0.0	12826	0.0	3206500	0.0			1.0	1.0
17	13	0.0	12826	0.0	3206500	0.0			1.0	1.0
18	13	0.0	12826	0.0	3206500	0.0			1.0	1.0
19	13	0.0	12826	0.0	3206500	0.0			1.0	1.0
20	13	0.0	12826	0.0	3206500	0.0			1.0	1.0
21	13	0.0	12826	0.0	3206500	0.0			1.0	1.0
22	13	0.0	12826	0.0	3206500	0.0			1.0	1.0
23	13	0.0	12826	0.0	3206500	0.0			1.0	1.0
24	13	0.0	12826	0.0	3206500	0.0			1.0	1.0
25	13	0.0	12826	0.0	3206500	0.0			1.0	1.0
26	13	0.0	12826	0.0	3206500	0.0			1.0	1.0
27	13	0.0	12826	0.0	3206500	0.0			1.0	1.0
28	13	0.0	12826	0.0	3206500	0.0			1.0	1.0
29	13	0.0	12826	0.0	3206500	0.0			1.0	1.0
30	13	0.0	12826	0.0	3206500	0.0			1.0	1.0
31	13	0.0	12826	0.0	3206500	0.0			1.0	1.0
32	13	0.0	12826	0.0	3206500	0.0			1.0	1.0
33	13	0.0	12826	0.0	3206500	0.0			1.0	1.0
34	13	0.0	12826	0.0	3206500	0.0			1.0	1.0
35	13	0.0	12826	0.0	3206500	0.0			1.0	1.0
36	13	0.0	12826	0.0	3206500	0.0			1.0	1.0
37	13	0.0	12826	0.0	3206500	0.0			1.0	1.0
38	13	0.0	12826	0.0	3206500	0.0			1.0	1.0
39	13	0.0	12826	0.0	3206500	0.0			1.0	1.0
40	13	0.0	12826	0.0	3206500	0.0			1.0	1.0
41	13	0.0	12826	0.0	3206500	0.0			1.0	1.0
42	13	0.0	12826	0.0	3206500	0.0			1.0	1.0
43	13	0.0	12826	0.0	3206500	0.0			1.0	1.0
44	13	0.0	12826	0.0	3206500	0.0			1.0	1.0
45	13	0.0	12826	0.0	3206500	0.0			1.0	1.0
46	13	0.0	12826	0.0	3206500	0.0			1.0	1.0
47	13	0.0	12826	0.0	3206500	0.0			1.0	1.0
48	13	0.0	12826	0.0	3206500	0.0			1.0	1.0
49	13	0.0	12826	0.0	3206500	0.0			1.0	1.0
50	13	0.0	12826	0.0	3206500	0.0			1.0	1.0
51	13	0.0	12826	0.0	3206500	0.0			1.0	1.0
52	13	0.0	12826	0.0	3206500	0.0			1.0	1.0
53	13	0.0	12826	0.0	3206500	0.0			1.0	1.0
54	13	0.0	12826	0.0	3206500	0.0			1.0	1.0
55	13	0.0	12826	0.0	3206500	0.0			1.0	1.0
56	13	0.0	12826	0.0	3206500	0.0			1.0	1.0
57	13	0.0	12826	0.0	3206500	0.0			1.0	1.0
58	13	0.0	12826	0.0	3206500	0.0			1.0	1.0
59	13	0.0	12826	0.0	3206500	0.0			1.0	1.0
60	13	0.0	12826	0.0	3206500	0.0			1.0	1.0
61	13	0.0	12826	0.0	3206500	0.0			1.0	1.0
62	13	0.0	12826	0.0	3206500	0.0			1.0	1.0
63	13	0.0	12826	0.0	3206500	0.0			1.0	1.0
64	13	0.0	12826	0.0	3206500	0.0			1.0	1.0
65	13	0.0	12826	0.0	3206500	0.0			1.0	1.0
66	13	0.0	12826	0.0	3206500	0.0			1.0	1.0
67	13	0.0	12826	0.0	3206500	0.0			1.0	1.0
68	13	0.0	12826	0.0	3206500	0.0			1.0	1.0
69	13	0.0	12826	0.0	3206500	0.0			1.0	1.0
70	13	0.0	12826	0.0	3206500	0.0			1.0	1.0
71	13	0.0	12826	0.0	3206500	0.0			1.0	1.0
72	13	0.0	12826	0.0	3206500	0.0			1.0	1.0
73	13	0.0	12826	0.0	3206500	0.0			1.0	1.0
74	13	0.0	12826	0.0	3206500	0.0			1.0	1.0
75	13	0.0	12826	0.0	3206500	0.0			1.0	1.0
76	13	0.0	12826	0.0	3206500	0.0			1.0	1.0
77	13	0.0	12826	0.0	3206500	0.0			1.0	1.0
78	13	0.0	12826	0.0	3206500	0.0			1.0	1.0
79	13	0.0	12826	0.0	3206500	0.0			1.0	1.0
80	13	0.0	12826	0.0	3206500	0.0			1.0	1.0
81	13	0.0	12826	0.0	3206500	0.0			1.0	1.0
82	13	0.0	12826	0.0	3206500	0.0			1.0	1.0
83	13	0.0	12826	0.0	3206500	0.0			1.0	1.0
84	13	0.0	12826	0.0	3206500	0.0			1.0	1.0
85	13	0.0	12826	0.0	3206500	0.0			1.0	1.0
86	13	0.0	12826	0.0	3206500	0.0			1.0	1.0
87	13	0.0	12826	0.0	3206500	0.0			1.0	1.0
88	13	0.0	12826	0.0	3206500	0.0			1.0	1.0
89	13	0.0	12826	0.0	3206500	0.0			1.0	1.0
90	13	0.0	12826	0.0	3206500	0.0			1.0	1.0
91	13	0.0	12826	0.0	3206500	0.0			1.0	1.0
92	13	0.0	12826	0.0	3206500	0.0			1.0	1.0
93	13	0.0	12826	0.0	3206500	0.0			1.0	1.0
94	13	0.0	12826	0.0	3206500	0.0			1.0	1.0
95	13	0.0	12826	0.0	3206500	0.0			1.0	1.0
96	13	0.0	12826	0.0	3206500	0.0			1.0	1.0
97	13	0.0	12826	0.0	3206500	0.0			1.0	1.0
98	13	0.0	12826	0.0	3206500	0.0			1.0	1.0
99	13	0.0	12826	0.0	3206500	0.0			1.0	1.0
100	13	0.0	12826	0.0	3206500	0.0			1.0	1.0
1	14	6.0	12826	1052.0	3206500	4.208	1.426054821660547	0.5120294442064457	0.32565215389185626	1.0
2	14	13.0	12826	1317.0	3206500	5.268	2.4692188392329566	1.3040547037488834	0.003208432474867332	0.37381364936571737
3	14	10.0	12826	1295.0	3206500	5.18	1.9312279775762922	0.9495184815878227	0.04474649012315894	1.0
4	14	8.0	12826	1316.0	3206500	5.264	1.5200812307540545	0.604148421086446	0.26599085085838464	1.0
5	14	15.0	12826	1290.0	3206500	5.16	2.909209563728845	1.5406272241325294	0.00032610044277002216	0.05259684560806809
6	14	11.0	12826	1874.0	3206500	7.496	1.4678505503364312	0.5537050872108701	0.19648824989996652	1.0
7	14	32.0	12826	2860.0	3206500	11.44	2.8016979112805283	1.4863014078056493	4.897428494735079e-07	0.0001688768446460372
8	14	14.0	12826	1726.0	3206500	6.904	2.0289330794674316	1.0207212813032238	0.012655379694128065	1.0
9	14	13.0	12826	1623.0	3206500	6.492	2.0034816668741633	1.0025093082559875	0.017581603137449914	1.0
10	14	6.0	12826	1254.0	3206500	5.016	1.1962640610887594	0.2585358824908624	0.6491663352042579	1.0
11	14	12.0	12826	1665.0	3206500	6.66	1.8025526697291954	0.8500414149429143	0.04940082778511838	1.0
12	14	12.0	12826	1713.0	3206500	6.852	1.7520170719580188	0.8090168328781125	0.055468364427580144	1.0
13	14	9.0	12826	1777.0	3206500	7.108	1.266365862130298	0.3406942698745672	0.44792078346671016	1.0
14	14	13.0	12826	2259.0	3206500	9.036	1.4391347778669483	0.5252017096980703	0.18036805330037656	1.0
15	14	0.0	12826	0.0	3206500	0.0			1.0	1.0
16	14	0.0	12826	0.0	3206500	0.0			1.0	1.0
17	14	0.0	12826	0.0	3206500	0.0			1.0	1.0
18	14	0.0	12826	0.0	3206500	0.0			1.0	1.0
19	14	0.0	12826	0.0	3206500	0.0			1.0	1.0
20	14	0.0	12826	0.0	3206500	0.0			1.0	1.0
21	14	0.0	12826	0.0	3206500	0.0			1.0	1.0
22	14	0.0	12826	0.0	3206500	0.0			1.0	1.0
23	14	0.0	12826	0.0	3206500	0.0			1.0	1.0
24	14	0.0	12826	0.0	3206500	0.0			1.0	1.0
25	14	0.0	12826	0.0	3206500	0.0			1.0	1.0
26	14	0.0	12826	0.0	3206500	0.0			1.0	1.0
27	14	0.0	12826	0.0	3206500	0.0			1.0	1.0
28	14	0.0	12826	0.0	3206500	0.0			1.0	1.0
29	14	0.0	12826	0.0	3206500	0.0			1.0	1.0
30	14	0.0	12826	0.0	3206500	0.0			1.0	1.0
31	14	0.0	12826	0.0	3206500	0.0			1.0	1.0
32	14	0.0	12826	0.0	3206500	0.0			1.0	1.0
33	14	0.0	12826	0.0	3206500	0.0			1.0	1.0
34	14	0.0	12826	0.0	3206500	0.0			1.0	1.0
35	14	0.0	12826	0.0	3206500	0.0			1.0	1.0
36	14	0.0	12826	0.0	3206500	0.0			1.0	1.0
37	14	0.0	12826	0.0	3206500	0.0			1.0	1.0
38	14	0.0	12826	0.0	3206500	0.0			1.0	1.0
39	14	0.0	12826	0.0	3206500	0.0			1.0	1.0
40	14	0.0	12826	0.0	3206500	0.0			1.0	1.0
41	14	0.0	12826	0.0	3206500	0.0			1.0	1.0
42	14	0.0	12826	0.0	3206500	0.0			1.0	1.0
43	14	0.0	12826	0.0	3206500	0.0			1.0	1.0
44	14	0.0	12826	0.0	3206500	0.0			1.0	1.0
45	14	0.0	12826	0.0	3206500	0.0			1.0	1.0
46	14	0.0	12826	0.0	3206500	0.0			1.0	1.0
47	14	0.0	12826	0.0	3206500	0.0			1.0	1.0
48	14	0.0	12826	0.0	3206500	0.0			1.0	1.0
49	14	0.0	12826	0.0	3206500	0.0			1.0	1.0
50	14	0.0	12826	0.0	3206500	0.0			1.0	1.0
51	14	0.0	12826	0.0	3206500	0.0			1.0	1.0
52	14	0.0	12826	0.0	3206500	0.0			1.0	1.0
53	14	0.0	12826	0.0	3206500	0.0			1.0	1.0
54	14	0.0	12826	0.0	3206500	0.0			1.0	1.0
55	14	0.0	12826	0.0	3206500	0.0			1.0	1.0
56	14	0.0	12826	0.0	3206500	0.0			1.0	1.0
57	14	0.0	12826	0.0	3206500	0.0			1.0	1.0
58	14	0.0	12826	0.0	3206500	0.0			1.0	1.0
59	14	0.0	12826	0.0	3206500	0.0			1.0	1.0
60	14	0.0	12826	0.0	3206500	0.0			1.0	1.0
61	14	0.0	12826	0.0	3206500	0.0			1.0	1.0
62	14	0.0	12826	0.0	3206500	0.0			1.0	1.0
63	14	0.0	12826	0.0	3206500	0.0			1.0	1.0
64	14	0.0	12826	0.0	3206500	0.0			1.0	1.0
65	14	0.0	12826	0.0	3206500	0.0			1.0	1.0
66	14	0.0	12826	0.0	3206500	0.0			1.0	1.0
67	14	0.0	12826	0.0	3206500	0.0			1.0	1.0
68	14	0.0	12826	0.0	3206500	0.0			1.0	1.0
69	14	0.0	12826	0.0	3206500	0.0			1.0	1.0
70	14	0.0	12826	0.0	3206500	0.0			1.0	1.0
71	14	0.0	12826	0.0	3206500	0.0			1.0	1.0
72	14	0.0	12826	0.0	3206500	0.0			1.0	1.0
73	14	0.0	12826	0.0	3206500	0.0			1.0	1.0
74	14	0.0	12826	0.0	3206500	0.0			1.0	1.0
75	14	0.0	12826	0.0	3206500	0.0			1.0	1.0
76	14	0.0	12826	0.0	3206500	0.0			1.0	1.0
77	14	0.0	12826	0.0	3206500	0.0			1.0	1.0
78	14	0.0	12826	0.0	3206500	0.0			1.0	1.0
79	14	0.0	12826	0.0	3206500	0.0			1.0	1.0
80	14	0.0	12826	0.0	3206500	0.0			1.0	1.0
81	14	0.0	12826	0.0	3206500	0.0			1.0	1.0
82	14	0.0	12826	0.0	3206500	0.0			1.0	1.0
83	14	0.0	12826	0.0	3206500	0.0			1.0	1.0
84	14	0.0	12826	0.0	3206500	0.0			1.0	1.0
85	14	0.0	12826	0.0	3206500	0.0			1.0	1.0
86	14	0.0	12826	0.0	3206500	0.0			1.0	1.0
87	14	0.0	12826	0.0	3206500	0.0			1.0	1.0
88	14	0.0	12826	0.0	3206500	0.0			1.0	1.0
89	14	0.0	12826	0.0	3206500	0.0			1.0	1.0
90	14	0.0	12826	0.0	3206500	0.0			1.0	1.0
91	14	0.0	12826	0.0	3206500	0.0			1.0	1.0
92	14	0.0	12826	0.0	3206500	0.0			1.0	1.0
93	14	0.0	12826	0.0	3206500	0.0			1.0	1.0
94	14	0.0	12826	0.0	3206500	0.0			1.0	1.0
95	14	0.0	12826	0.0	3206500	0.0			1.0	1.0
96	14	0.0	12826	0.0	3206500	0.0			1.0	1.0
97	14	0.0	12826	0.0	3206500	0.0			1.0	1.0
98	14	0.0	12826	0.0	3206500	0.0			1.0	1.0
99	14	0.0	12826	0.0	3206500	0.0			1.0	1.0
100	14	0.0	12826	0.0	3206500	0.0			1.0	1.0
1	15	6.0	12826	937.0	3206500	3.748	1.6011349995088384	0.6790949536449119	0.28832150721289107	1.0
2	15	11.0	12826	1320.0	3206500	5.28	2.084263233190272	1.0595374951000405	0.024737899143382196	1.0
3	15	6.0	12826	1508.0	3206500	6.032	0.9946924773542666	-0.00767752900078193	1.0	1.0
4	15	4.0	12826	1022.9999999999999	3206500	4.092	0.9775100927002145	-0.03281649669920925	1.0	1.0
5	15	8.0	12826	1683.0	3206500	6.732	1.1884716855484068	0.24910753255632992	0.5598123420954224	1.0
6	15	13.0	12826	1328.0	3206500	5.312	2.4487575683205782	1.2920499514052433	0.0034349466315856114	0.3948214519063921
7	15	12.0	12826	1811.0	3206500	7.244	1.6571581831267688	0.7287113207973637	0.08975053602647419	1.0
8	15	7.0	12826	1633.0	3206500	6.532	1.0716863989828325	0.09988280055144119	0.8426300984476682	1.0
9	15	13.0	12826	1686.0	3206500	6.744	1.9285805610201456	0.9475394117466766	0.029962297746129136	1.0
10	15	9.0	12826	1544.0	3206500	6.176	1.4575749662143178	0.5435700862417596	0.22599257882375473	1.0
11	15	8.0	12826	1241.0	3206500	4.964	1.6119852609564336	0.6888385527726589	0.17137057715047174	1.0
12	15	6.0	12826	1380.0	3206500	5.52	1.0869972190191957	0.12034824936950222	0.8286231545758449	1.0
13	15	13.0	12826	2124.0	3206500	8.496	1.5306696956054666	0.6141629961469713	0.12082478189730533	1.0
14	15	10.0	12826	1245.0	3206500	4.98	2.008818670437054	1.006347342534165	0.03817532151636428	1.0
15	15	3.0	12826	231.0	3206500	0.924	3.2472788850391594	1.6992312924728457	0.06790279304987495	1.0
16	15	0.0	12826	0.0	3206500	0.0			1.0	1.0
17	15	0.0	12826	0.0	3206500	0.0			1.0	1.0
18	15	0.0	12826	0.0	3206500	0.0			1.0	1.0
19	15	0.0	12826	0.0	3206500	0.0			1.0	1.0
20	15	0.0	12826	0.0	3206500	0.0			1.0	1.0
21	15	0.0	12826	0.0	3206500	0.0			1.0	1.0
22	15	0.0	12826	0.0	3206500	0.0			1.0	1.0
23	15	0.0	12826	0.0	3206500	0.0			1.0	1.0
24	15	0.0	12826	0.0	3206500	0.0			1.0	1.0
25	15	0.0	12826	0.0	3206500	0.0			1.0	1.0
26	15	0.0	12826	0.0	3206500	0.0			1.0	1.0
27	15	0.0	12826	0.0	3206500	0.0			1.0	1.0
28	15	0.0	12826	0.0	3206500	0.0			1.0	1.0
29	15	0.0	12826	0.0	3206500	0.0			1.0	1.0
30	15	0.0	12826	0.0	3206500	0.0			1.0	1.0
31	15	0.0	12826	0.0	3206500	0.0			1.0	1.0
32	15	0.0	12826	0.0	3206500	0.0			1.0	1.0
33	15	0.0	12826	0.0	3206500	0.0			1.0	1.0
34	15	0.0	12826	0.0	3206500	0.0			1.0	1.0
35	15	0.0	12826	0.0	3206500	0.0			1.0	1.0
36	15	0.0	12826	0.0	3206500	0.0			1.0	1.0
37	15	0.0	12826	0.0	3206500	0.0			1.0	1.0
38	15	0.0	12826	0.0	3206500	0.0			1.0	1.0
39	15	0.0	12826	0.0	3206500	0.0			1.0	1.0
40	15	0.0	12826	0.0	3206500	0.0			1.0	1.0
41	15	0.0	12826	0.0	3206500	0.0			1.0	1.0
42	15	0.0	12826	0.0	3206500	0.0			1.0	1.0
43	15	0.0	12826	0.0	3206500	0.0			1.0	1.0
44	15	0.0	12826	0.0	3206500	0.0			1.0	1.0
45	15	0.0	12826	0.0	3206500	0.0			1.0	1.0
46	15	0.0	12826	0.0	3206500	0.0			1.0	1.0
47	15	0.0	12826	0.0	3206500	0.0			1.0	1.0
48	15	0.0	12826	0.0	3206500	0.0			1.0	1.0
49	15	0.0	12826	0.0	3206500	0.0			1.0	1.0
50	15	0.0	12826	0.0	3206500	0.0			1.0	1.0
51	15	0.0	12826	0.0	3206500	0.0			1.0	1.0
52	15	0.0	12826	0.0	3206500	0.0			1.0	1.0
53	15	0.0	12826	0.0	3206500	0.0			1.0	1.0
54	15	0.0	12826	0.0	3206500	0.0			1.0	1.0
55	15	0.0	12826	0.0	3206500	0.0			1.0	1.0
56	15	0.0	12826	0.0	3206500	0.0			1.0	1.0
57	15	0.0	12826	0.0	3206500	0.0			1.0	1.0
58	15	0.0	12826	0.0	3206500	0.0			1.0	1.0
59	15	0.0	12826	0.0	3206500	0.0			1.0	1.0
60	15	0.0	12826	0.0	3206500	0.0			1.0	1.0
61	15	0.0	12826	0.0	3206500	0.0			1.0	1.0
62	15	0.0	12826	0.0	3206500	0.0			1.0	1.0
63	15	0.0	12826	0.0	3206500	0.0			1.0	1.0
64	15	0.0	12826	0.0	3206500	0.0			1.0	1.0
65	15	0.0	12826	0.0	3206500	0.0			1.0	1.0
66	15	0.0	12826	0.0	3206500	0.0			1.0	1.0
67	15	0.0	12826	0.0	3206500	0.0			1.0	1.0
68	15	0.0	12826	0.0	3206500	0.0			1.0	1.0
69	15	0.0	12826	0.0	3206500	0.0			1.0	1.0
70	15	0.0	12826	0.0	3206500	0.0			1.0	1.0
71	15	0.0	12826	0.0	3206500	0.0			1.0	1.0
72	15	0.0	12826	0.0	3206500	0.0			1.0	1.0
73	15	0.0	12826	0.0	3206500	0.0			1.0	1.0
74	15	0.0	12826	0.0	3206500	0.0			1.0	1.0
75	15	0.0	12826	0.0	3206500	0.0			1.0	1.0
76	15	0.0	12826	0.0	3206500	0.0			1.0	1.0
77	15	0.0	12826	0.0	3206500	0.0			1.0	1.0
78	15	0.0	12826	0.0	3206500	0.0			1.0	1.0
79	15	0.0	12826	0.0	3206500	0.0			1.0	1.0
80	15	0.0	12826	0.0	3206500	0.0			1.0	1.0
81	15	0.0	12826	0.0	3206500	0.0			1.0	1.0
82	15	0.0	12826	0.0	3206500	0.0			1.0	1.0
83	15	0.0	12826	0.0	3206500	0.0			1.0	1.0
84	15	0.0	12826	0.0	3206500	0.0			1.0	1.0
85	15	0.0	12826	0.0	3206500	0.0			1.0	1.0
86	15	0.0	12826	0.0	3206500	0.0			1.0	1.0
87	15	0.0	12826	0.0	3206500	0.0			1.0	1.0
88	15	0.0	12826	0.0	3206500	0.0			1.0	1.0
89	15	0.0	12826	0.0	3206500	0.0			1.0	1.0
90	15	0.0	12826	0.0	3206500	0.0			1.0	1.0
91	15	0.0	12826	0.0	3206500	0.0			1.0	1.0
92	15	0.0	12826	0.0	3206500	0.0			1.0	1.0
93	15	0.0	12826	0.0	3206500	0.0			1.0	1.0
94	15	0.0	12826	0.0	3206500	0.0			1.0	1.0
95	15	0.0	12826	0.0	3206500	0.0			1.0	1.0
96	15	0.0	12826	0.0	3206500	0.0			1.0	1.0
97	15	0.0	12826	0.0	3206500	0.0			1.0	1.0
98	15	0.0	12826	0.0	3206500	0.0			1.0	1.0
99	15	0.0	12826	0.0	3206500	0.0			1.0	1.0
100	15	0.0	12826	0.0	3206500	0.0			1.0	1.0
1	16	6.0	12826	899.0	3206500	3.596	1.6688334585663738	0.7388399879606626	0.1832016492376523	1.0
2	16	13.0	12826	1264.0	3206500	5.056	2.5727966651749066	1.3633374416284132	0.002280636276292934	0.28868813623961187
3	16	6.0	12826	942.0	3206500	3.768	1.5926339219173862	0.6714146913905633	0.2895049691165383	1.0
4	16	10.0	12826	1125.0	3206500	4.5	2.2231758912470525	1.1526220947397643	0.01737634507687177	1.0
5	16	12.0	12826	1082.0	3206500	4.328	2.7743032906187692	1.4721255136722124	0.0018104550002452373	0.2413940000326983
6	16	10.0	12826	1487.0	3206500	5.948	1.6817689429907303	0.7499795083877141	0.09874419008009605	1.0
7	16	9.0	12826	1337.0	3206500	5.348	1.6833516093207594	0.7513365504303828	0.12347385441463511	1.0
8	16	12.0	12826	1566.0	3206500	6.264	1.916566351338664	0.9385239449634959	0.040482812143111564	1.0
9	16	6.0	12826	1415.0	3206500	5.66	1.0600987855768649	0.08419870895959236	0.8311500323752716	1.0
10	16	11.0	12826	1372.0	3206500	5.488	2.0052353007420014	1.0037715370770723	0.029249000738270924	1.0
11	16	10.0	12826	1103.0	3206500	4.412	2.267534037801796	1.1811242071151151	0.015405568857181298	1.0
12	16	6.0	12826	1234.0	3206500	4.936	1.215660042933322	0.28173983820160864	0.6464361291155818	1.0
13	16	6.0	12826	1056.0	3206500	4.224	1.4206513260530422	0.5065525138353875	0.32728766297655465	1.0
14	16	10.0	12826	1144.0	3206500	4.576	2.186239556323826	1.1284514924027027	0.029198357287316304	1.0
15	16	8.0	12826	987.0	3206500	3.948	2.0269830151147317	1.0193339999481712	0.06747236412893391	1.0
16	16	2.0	12826	212.0	3206500	0.848	2.358702432938241	1.2379934238326864	0.2101139606191917	1.0
17	16	0.0	12826	0.0	3206500	0.0			1.0	1.0
18	16	0.0	12826	0.0	3206500	0.0			1.0	1.0
19	16	0.0	12826	0.0	3206500	0.0			1.0	1.0
20	16	0.0	12826	0.0	3206500	0.0			1.0	1.0
21	16	0.0	12826	0.0	3206500	0.0			1.0	1.0
22	16	0.0	12826	0.0	3206500	0.0			1.0	1.0
23	16	0.0	12826	0.0	3206500	0.0			1.0	1.0
24	16	0.0	12826	0.0	3206500	0.0			1.0	1.0
25	16	0.0	12826	0.0	3206500	0.0			1.0	1.0
26	16	0.0	12826	0.0	3206500	0.0			1.0	1.0
27	16	0.0	12826	0.0	3206500	0.0			1.0	1.0
28	16	0.0	12826	0.0	3206500	0.0			1.0	1.0
29	16	0.0	12826	0.0	3206500	0.0			1.0	1.0
30	16	0.0	12826	0.0	3206500	0.0			1.0	1.0
31	16	0.0	12826	0.0	3206500	0.0			1.0	1.0
32	16	0.0	12826	0.0	3206500	0.0			1.0	1.0
33	16	0.0	12826	0.0	3206500	0.0			1.0	1.0
34	16	0.0	12826	0.0	3206500	0.0			1.0	1.0
35	16	0.0	12826	0.0	3206500	0.0			1.0	1.0
36	16	0.0	12826	0.0	3206500	0.0			1.0	1.0
37	16	0.0	12826	0.0	3206500	0.0			1.0	1.0
38	16	0.0	12826	0.0	3206500	0.0			1.0	1.0
39	16	0.0	12826	0.0	3206500	0.0			1.0	1.0
40	16	0.0	12826	0.0	3206500	0.0			1.0	1.0
41	16	0.0	12826	0.0	3206500	0.0			1.0	1.0
42	16	0.0	12826	0.0	3206500	0.0			1.0	1.0
43	16	0.0	12826	0.0	3206500	0.0			1.0	1.0
44	16	0.0	12826	0.0	3206500	0.0			1.0	1.0
45	16	0.0	12826	0.0	3206500	0.0			1.0	1.0
46	16	0.0	12826	0.0	3206500	0.0			1.0	1.0
47	16	0.0	12826	0.0	3206500	0.0			1.0	1.0
48	16	0.0	12826	0.0	3206500	0.0			1.0	1.0
49	16	0.0	12826	0.0	3206500	0.0			1.0	1.0
50	16	0.0	12826	0.0	3206500	0.0			1.0	1.0
51	16	0.0	12826	0.0	3206500	0.0			1.0	1.0
52	16	0.0	12826	0.0	3206500	0.0			1.0	1.0
53	16	0.0	12826	0.0	3206500	0.0			1.0	1.0
54	16	0.0	12826	0.0	3206500	0.0			1.0	1.0
55	16	0.0	12826	0.0	3206500	0.0			1.0	1.0
56	16	0.0	12826	0.0	3206500	0.0			1.0	1.0
57	16	0.0	12826	0.0	3206500	0.0			1.0	1.0
58	16	0.0	12826	0.0	3206500	0.0			1.0	1.0
59	16	0.0	12826	0.0	3206500	0.0			1.0	1.0
60	16	0.0	12826	0.0	3206500	0.0			1.0	1.0
61	16	0.0	12826	0.0	3206500	0.0			1.0	1.0
62	16	0.0	12826	0.0	3206500	0.0			1.0	1.0
63	16	0.0	12826	0.0	3206500	0.0			1.0	1.0
64	16	0.0	12826	0.0	3206500	0.0			1.0	1.0
65	16	0.0	12826	0.0	3206500	0.0			1.0	1.0
66	16	0.0	12826	0.0	3206500	0.0			1.0	1.0
67	16	0.0	12826	0.0	3206500	0.0			1.0	1.0
68	16	0.0	12826	0.0	3206500	0.0			1.0	1.0
69	16	0.0	12826	0.0	3206500	0.0			1.0	1.0
70	16	0.0	12826	0.0	3206500	0.0			1.0	1.0
71	16	0.0	12826	0.0	3206500	0.0			1.0	1.0
72	16	0.0	12826	0.0	3206500	0.0			1.0	1.0
73	16	0.0	12826	0.0	3206500	0.0			1.0	1.0
74	16	0.0	12826	0.0	3206500	0.0			1.0	1.0
75	16	0.0	12826	0.0	3206500	0.0			1.0	1.0
76	16	0.0	12826	0.0	3206500	0.0			1.0	1.0
77	16	0.0	12826	0.0	3206500	0.0			1.0	1.0
78	16	0.0	12826	0.0	3206500	0.0			1.0	1.0
79	16	0.0	12826	0.0	3206500	0.0			1.0	1.0
80	16	0.0	12826	0.0	3206500	0.0			1.0	1.0
81	16	0.0	12826	0.0	3206500	0.0			1.0	1.0
82	16	0.0	12826	0.0	3206500	0.0			1.0	1.0
83	16	0.0	12826	0.0	3206500	0.0			1.0	1.0
84	16	0.0	12826	0.0	3206500	0.0			1.0	1.0
85	16	0.0	12826	0.0	3206500	0.0			1.0	1.0
86	16	0.0	12826	0.0	3206500	0.0			1.0	1.0
87	16	0.0	12826	0.0	3206500	0.0			1.0	1.0
88	16	0.0	12826	0.0	3206500	0.0			1.0	1.0
89	16	0.0	12826	0.0	3206500	0.0			1.0	1.0
90	16	0.0	12826	0.0	3206500	0.0			1.0	1.0
91	16	0.0	12826	0.0	3206500	0.0			1.0	1.0
92	16	0.0	12826	0.0	3206500	0.0			1.0	1.0
93	16	0.0	12826	0.0	3206500	0.0			1.0	1.0
94	16	0.0	12826	0.0	3206500	0.0			1.0	1.0
95	16	0.0	12826	0.0	3206500	0.0			1.0	1.0
96	16	0.0	12826	0.0	3206500	0.0			1.0	1.0
97	16	0.0	12826	0.0	3206500	0.0			1.0	1.0
98	16	0.0	12826	0.0	3206500	0.0			1.0	1.0
99	16	0.0	12826	0.0	3206500	0.0			1.0	1.0
100	16	0.0	12826	0.0	3206500	0.0			1.0	1.0
1	17	5.0	12826	706.0	3206500	2.824	1.7708387421221337	0.8244328419412679	0.2155634162875909	1.0
2	17	11.0	12826	1002.9999999999999	3206500	4.012	2.743269761530858	1.4558964976826647	0.0029854989586715753	0.3554165426989971
3	17	6.0	12826	928.0	3206500	3.712	1.6166677874011512	0.6930232467090355	0.1965596025574402	1.0
4	17	6.0	12826	987.0	3206500	3.948	1.5200000948366201	0.6040714136822274	0.3020723697456207	1.0
5	17	8.0	12826	890.0	3206500	3.56	2.247969410993319	1.1686224043717863	0.02954796169601278	1.0
6	17	9.0	12826	1106.0	3206500	4.424	2.035084365376511	1.0250886033305568	0.04895631686659046	1.0
7	17	12.0	12826	1095.0	3206500	4.38	2.741355238598194	1.454889291956569	0.0019930654460284195	0.26224545342479205
8	17	7.0	12826	1091.0	3206500	4.364	1.6043628381879584	0.6820004545467486	0.22006903533609679	1.0
9	17	5.0	12826	1270.0	3206500	5.08	0.9842458270050305	-0.022909404213140642	1.0	1.0
10	17	10.0	12826	1361.0	3206500	5.444	1.8375376435223787	0.8777738050873855	0.07864303161104103	1.0
11	17	4.0	12826	943.0	3206500	3.772	1.0604642438359442	0.08469597767165846	0.7939767141938134	1.0
12	17	8.0	12826	835.0	3206500	3.34	2.396080362289931	1.260676295577828	0.021407250608746143	1.0
13	17	7.0	12826	982.0	3206500	3.928	1.7825044577256044	0.8339056845965583	0.12337232849473038	1.0
14	17	3.0	12826	952.0	3206500	3.808	0.7877654844203922	-0.3441618875652617	1.0	1.0
15	17	8.0	12826	1020.9999999999999	3206500	4.084	1.9594623073056696	0.9704578211737488	0.07331975212036232	1.0
16	17	4.0	12826	1098.0	3206500	4.392	0.9107189686214978	-0.13492216174454066	1.0	1.0
17	17	1.0	12826	197.0	3206500	0.788	1.2690565104243972	0.3437563130669819	0.5463568686590888	1.0
18	17	0.0	12826	0.0	3206500	0.0			1.0	1.0
19	17	0.0	12826	0.0	3206500	0.0			1.0	1.0
20	17	0.0	12826	0.0	3206500	0.0			1.0	1.0
21	17	0.0	12826	0.0	3206500	0.0			1.0	1.0
22	17	0.0	12826	0.0	3206500	0.0			1.0	1.0
23	17	0.0	12826	0.0	3206500	0.0			1.0	1.0
24	17	0.0	12826	0.0	3206500	0.0			1.0	1.0
25	17	0.0	12826	0.0	3206500	0.0			1.0	1.0
26	17	0.0	12826	0.0	3206500	0.0			1.0	1.0
27	17	0.0	12826	0.0	3206500	0.0			1.0	1.0
28	17	0.0	12826	0.0	3206500	0.0			1.0	1.0
29	17	0.0	12826	0.0	3206500	0.0			1.0	1.0
30	17	0.0	12826	0.0	3206500	0.0			1.0	1.0
31	17	0.0	12826	0.0	3206500	0.0			1.0	1.0
32	17	0.0	12826	0.0	3206500	0.0			1.0	1.0
33	17	0.0	12826	0.0	3206500	0.0			1.0	1.0
34	17	0.0	12826	0.0	3206500	0.0			1.0	1.0
35	17	0.0	12826	0.0	3206500	0.0			1.0	1.0
36	17	0.0	12826	0.0	3206500	0.0			1.0	1.0
37	17	0.0	12826	0.0	3206500	0.0			1.0	1.0
38	17	0.0	12826	0.0	3206500	0.0			1.0	1.0
39	17	0.0	12826	0.0	3206500	0.0			1.0	1.0
40	17	0.0	12826	0.0	3206500	0.0			1.0	1.0
41	17	0.0	12826	0.0	3206500	0.0			1.0	1.0
42	17	0.0	12826	0.0	3206500	0.0			1.0	1.0
43	17	0.0	12826	0.0	3206500	0.0			1.0	1.0
44	17	0.0	12826	0.0	3206500	0.0			1.0	1.0
45	17	0.0	12826	0.0	3206500	0.0			1.0	1.0
46	17	0.0	12826	0.0	3206500	0.0			1.0	1.0
47	17	0.0	12826	0.0	3206500	0.0			1.0	1.0
48	17	0.0	12826	0.0	3206500	0.0			1.0	1.0
49	17	0.0	12826	0.0	3206500	0.0			1.0	1.0
50	17	0.0	12826	0.0	3206500	0.0			1.0	1.0
51	17	0.0	12826	0.0	3206500	0.0			1.0	1.0
52	17	0.0	12826	0.0	3206500	0.0			1.0	1.0
53	17	0.0	12826	0.0	3206500	0.0			1.0	1.0
54	17	0.0	12826	0.0	3206500	0.0			1.0	1.0
55	17	0.0	12826	0.0	3206500	0.0			1.0	1.0
56	17	0.0	12826	0.0	3206500	0.0			1.0	1.0
57	17	0.0	12826	0.0	3206500	0.0			1.0	1.0
58	17	0.0	12826	0.0	3206500	0.0			1.0	1.0
59	17	0.0	12826	0.0	3206500	0.0			1.0	1.0
60	17	0.0	12826	0.0	3206500	0.0			1.0	1.0
61	17	0.0	12826	0.0	3206500	0.0			1.0	1.0
62	17	0.0	12826	0.0	3206500	0.0			1.0	1.0
63	17	0.0	12826	0.0	3206500	0.0			1.0	1.0
64	17	0.0	12826	0.0	3206500	0.0			1.0	1.0
65	17	0.0	12826	0.0	3206500	0.0			1.0	1.0
66	17	0.0	12826	0.0	3206500	0.0			1.0	1.0
67	17	0.0	12826	0.0	3206500	0.0			1.0	1.0
68	17	0.0	12826	0.0	3206500	0.0			1.0	1.0
69	17	0.0	12826	0.0	3206500	0.0			1.0	1.0
70	17	0.0	12826	0.0	3206500	0.0			1.0	1.0
71	17	0.0	12826	0.0	3206500	0.0			1.0	1.0
72	17	0.0	12826	0.0	3206500	0.0			1.0	1.0
73	17	0.0	12826	0.0	3206500	0.0			1.0	1.0
74	17	0.0	12826	0.0	3206500	0.0			1.0	1.0
75	17	0.0	12826	0.0	3206500	0.0			1.0	1.0
76	17	0.0	12826	0.0	3206500	0.0			1.0	1.0
77	17	0.0	12826	0.0	3206500	0.0			1.0	1.0
78	17	0.0	12826	0.0	3206500	0.0			1.0	1.0
79	17	0.0	12826	0.0	3206500	0.0			1.0	1.0
80	17	0.0	12826	0.0	3206500	0.0			1.0	1.0
81	17	0.0	12826	0.0	3206500	0.0			1.0	1.0
82	17	0.0	12826	0.0	3206500	0.0			1.0	1.0
83	17	0.0	12826	0.0	3206500	0.0			1.0	1.0
84	17	0.0	12826	0.0	3206500	0.0			1.0	1.0
85	17	0.0	12826	0.0	3206500	0.0			1.0	1.0
86	17	0.0	12826	0.0	3206500	0.0			1.0	1.0
87	17	0.0	12826	0.0	3206500	0.0			1.0	1.0
88	17	0.0	12826	0.0	3206500	0.0			1.0	1.0
89	17	0.0	12826	0.0	3206500	0.0			1.0	1.0
90	17	0.0	12826	0.0	3206500	0.0			1.0	1.0
91	17	0.0	12826	0.0	3206500	0.0			1.0	1.0
92	17	0.0	12826	0.0	3206500	0.0			1.0	1.0
93	17	0.0	12826	0.0	3206500	0.0			1.0	1.0
94	17	0.0	12826	0.0	3206500	0.0			1.0	1.0
95	17	0.0	12826	0.0	3206500	0.0			1.0	1.0
96	17	0.0	12826	0.0	3206500	0.0			1.0	1.0
97	17	0.0	12826	0.0	3206500	0.0			1.0	1.0
98	17	0.0	12826	0.0	3206500	0.0			1.0	1.0
99	17	0.0	12826	0.0	3206500	0.0			1.0	1.0
100	17	0.0	12826	0.0	3206500	0.0			1.0	1.0
1	18	4.0	12826	797.0	3206500	3.188	1.254784603078891	0.3274397317136531	0.5673573543028011	1.0
2	18	13.0	12826	1152.0	3206500	4.608	2.823028315426173	1.497243599322516	0.0010277863306001696	0.14682661865716706
3	18	3.0	12826	1110.0	3206500	4.44	0.6755997985039551	-0.5657591970283893	0.8085268378047545	1.0
4	18	6.0	12826	876.0	3206500	3.504	1.7126621503216293	0.7762405850894813	0.17336964232822838	1.0
5	18	5.0	12826	932.0	3206500	3.728	1.341334780351308	0.42366936078749023	0.431751927929086	1.0
6	18	8.0	12826	1606.0	3206500	6.424	1.2454831283917949	0.3167054786238316	0.5478348038082361	1.0
7	18	9.0	12826	1250.0	3206500	5.0	1.8005617539205743	0.8484470805318889	0.10831027132884993	1.0
8	18	12.0	12826	1022.9999999999999	3206500	4.092	2.9343611070552873	1.5530464222386546	0.001145211020104969	0.15905708612569014
9	18	3.0	12826	1208.0	3206500	4.832	0.6207722258173305	-0.6878640840310946	0.6431461908598345	1.0
10	18	8.0	12826	917.0	3206500	3.668	2.1817621859118845	1.1254938551428968	0.03423331011604216	1.0
11	18	10.0	12826	1105.0	3206500	4.42	2.2634284915349028	1.178509728261209	0.015577527075733621	1.0
12	18	2.0	12826	1123.0	3206500	4.492	0.4451494554122418	-1.1676383040175267	0.3412321842382101	1.0
13	18	6.0	12826	1115.0	3206500	4.46	1.345453082697299	0.42809208362783757	0.46790817682782954	1.0
14	18	10.0	12826	1464.0	3206500	5.856	1.7082024347980325	0.7724789552706891	0.094151955658142	1.0
15	18	1.0	12826	1038.0	3206500	4.152	0.24078859104515732	-2.0541610584064807	0.14090151098994463	1.0
16	18	7.0	12826	1287.0	3206500	5.148	1.3599478071745799	0.4435512839937724	0.3722212978197203	1.0
17	18	4.0	12826	774.0	3206500	3.096	1.292080754291417	0.3696962404459027	0.5592547581314005	1.0
18	18	0.0	12826	169.0	3206500	0.676	0.0		1.0	1.0
19	18	0.0	12826	0.0	3206500	0.0			1.0	1.0
20	18	0.0	12826	0.0	3206500	0.0			1.0	1.0
21	18	0.0	12826	0.0	3206500	0.0			1.0	1.0
22	18	0.0	12826	0.0	3206500	0.0			1.0	1.0
23	18	0.0	12826	0.0	3206500	0.0			1.0	1.0
24	18	0.0	12826	0.0	3206500	0.0			1.0	1.0
25	18	0.0	12826	0.0	3206500	0.0			1.0	1.0
26	18	0.0	12826	0.0	3206500	0.0			1.0	1.0
27	18	0.0	12826	0.0	3206500	0.0			1.0	1.0
28	18	0.0	12826	0.0	3206500	0.0			1.0	1.0
29	18	0.0	12826	0.0	3206500	0.0			1.0	1.0
30	18	0.0	12826	0.0	3206500	0.0			1.0	1.0
31	18	0.0	12826	0.0	3206500	0.0			1.0	1.0
32	18	0.0	12826	0.0	3206500	0.0			1.0	1.0
33	18	0.0	12826	0.0	3206500	0.0			1.0	1.0
34	18	0.0	12826	0.0	3206500	0.0			1.0	1.0
35	18	0.0	12826	0.0	3206500	0.0			1.0	1.0
36	18	0.0	12826	0.0	3206500	0.0			1.0	1.0
37	18	0.0	12826	0.0	3206500	0.0			1.0	1.0
38	18	0.0	12826	0.0	3206500	0.0			1.0	1.0
39	18	0.0	12826	0.0	3206500	0.0			1.0	1.0
40	18	0.0	12826	0.0	3206500	0.0			1.0	1.0
41	18	0.0	12826	0.0	3206500	0.0			1.0	1.0
42	18	0.0	12826	0.0	3206500	0.0			1.0	1.0
43	18	0.0	12826	0.0	3206500	0.0			1.0	1.0
44	18	0.0	12826	0.0	3206500	0.0			1.0	1.0
45	18	0.0	12826	0.0	3206500	0.0			1.0	1.0
46	18	0.0	12826	0.0	3206500	0.0			1.0	1.0
47	18	0.0	12826	0.0	3206500	0.0			1.0	1.0
48	18	0.0	12826	0.0	3206500	0.0			1.0	1.0
49	18	0.0	12826	0.0	3206500	0.0			1.0	1.0
50	18	0.0	12826	0.0	3206500	0.0			1.0	1.0
51	18	0.0	12826	0.0	3206500	0.0			1.0	1.0
52	18	0.0	12826	0.0	3206500	0.0			1.0	1.0
53	18	0.0	12826	0.0	3206500	0.0			1.0	1.0
54	18	0.0	12826	0.0	3206500	0.0			1.0	1.0
55	18	0.0	12826	0.0	3206500	0.0			1.0	1.0
56	18	0.0	12826	0.0	3206500	0.0			1.0	1.0
57	18	0.0	12826	0.0	3206500	0.0			1.0	1.0
58	18	0.0	12826	0.0	3206500	0.0			1.0	1.0
59	18	0.0	12826	0.0	3206500	0.0			1.0	1.0
60	18	0.0	12826	0.0	3206500	0.0			1.0	1.0
61	18	0.0	12826	0.0	3206500	0.0			1.0	1.0
62	18	0.0	12826	0.0	3206500	0.0			1.0	1.0
63	18	0.0	12826	0.0	3206500	0.0			1.0	1.0
64	18	0.0	12826	0.0	3206500	0.0			1.0	1.0
65	18	0.0	12826	0.0	3206500	0.0			1.0	1.0
66	18	0.0	12826	0.0	3206500	0.0			1.0	1.0
67	18	0.0	12826	0.0	3206500	0.0			1.0	1.0
68	18	0.0	12826	0.0	3206500	0.0			1.0	1.0
69	18	0.0	12826	0.0	3206500	0.0			1.0	1.0
70	18	0.0	12826	0.0	3206500	0.0			1.0	1.0
71	18	0.0	12826	0.0	3206500	0.0			1.0	1.0
72	18	0.0	12826	0.0	3206500	0.0			1.0	1.0
73	18	0.0	12826	0.0	3206500	0.0			1.0	1.0
74	18	0.0	12826	0.0	3206500	0.0			1.0	1.0
75	18	0.0	12826	0.0	3206500	0.0			1.0	1.0
76	18	0.0	12826	0.0	3206500	0.0			1.0	1.0
77	18	0.0	12826	0.0	3206500	0.0			1.0	1.0
78	18	0.0	12826	0.0	3206500	0.0			1.0	1.0
79	18	0.0	12826	0.0	3206500	0.0			1.0	1.0
80	18	0.0	12826	0.0	3206500	0.0			1.0	1.0
81	18	0.0	12826	0.0	3206500	0.0			1.0	1.0
82	18	0.0	12826	0.0	3206500	0.0			1.0	1.0
83	18	0.0	12826	0.0	3206500	0.0			1.0	1.0
84	18	0.0	12826	0.0	3206500	0.0			1.0	1.0
85	18	0.0	12826	0.0	3206500	0.0			1.0	1.0
86	18	0.0	12826	0.0	3206500	0.0			1.0	1.0
87	18	0.0	12826	0.0	3206500	0.0			1.0	1.0
88	18	0.0	12826	0.0	3206500	0.0			1.0	1.0
89	18	0.0	12826	0.0	3206500	0.0			1.0	1.0
90	18	0.0	12826	0.0	3206500	0.0			1.0	1.0
91	18	0.0	12826	0.0	3206500	0.0			1.0	1.0
92	18	0.0	12826	0.0	3206500	0.0			1.0	1.0
93	18	0.0	12826	0.0	3206500	0.0			1.0	1.0
94	18	0.0	12826	0.0	3206500	0.0			1.0	1.0
95	18	0.0	12826	0.0	3206500	0.0			1.0	1.0
96	18	0.0	12826	0.0	3206500	0.0			1.0	1.0
97	18	0.0	12826	0.0	3206500	0.0			1.0	1.0
98	18	0.0	12826	0.0	3206500	0.0			1.0	1.0
99	18	0.0	12826	0.0	3206500	0.0			1.0	1.0
100	18	0.0	12826	0.0	3206500	0.0			1.0	1.0
1	19	3.0	12826	829.0	3206500	3.316	0.9046821683782731	-0.14451705920073396	1.0	1.0
2	19	6.0	12826	899.0	3206500	3.596	1.6688334585663738	0.7388399879606626	0.1832016492376523	1.0
3	19	4.0	12826	773.0	3206500	3.092	1.2937526724260917	0.3715618427023108	0.5589184957690618	1.0
4	19	2.0	12826	620.0	3206500	2.48	0.8064214275652506	-0.31039412143715883	1.0	1.0
5	19	8.0	12826	924.0	3206500	3.696	2.165228956304007	1.1145195869195137	0.035525535332109615	1.0
6	19	6.0	12826	888.0	3206500	3.552	1.6895117426318675	0.7566063777156177	0.178411937086971	1.0
7	19	11.0	12826	1037.0	3206500	4.148	2.6532983474118557	1.4077869070522204	0.0038122595699643753	0.42834377190610956
8	19	11.0	12826	810.0	3206500	3.24	3.3971175753722247	1.764311151237723	0.0005731950990518526	0.08555150732117203
9	19	4.0	12826	818.0	3206500	3.272	1.2225632975719072	0.28990916188838917	0.5753214677045276	1.0
10	19	4.0	12826	746.0	3206500	2.984	1.3405887919682282	0.42286677731367767	0.5503930130558116	1.0
11	19	7.0	12826	788.0	3206500	3.152	2.221478824856663	1.1515203896396657	0.04230725148136349	1.0
12	19	6.0	12826	887.0	3206500	3.548	1.691417018574768	0.7582323998175096	0.17798437537535042	1.0
13	19	7.0	12826	814.0	3206500	3.256	2.1505050568940107	1.1046755237714412	0.04869035970179687	1.0
14	19	5.0	12826	785.0	3206500	3.14	1.592587698227977	0.6713728188332095	0.2524441165453074	1.0
15	19	2.0	12826	770.0	3206500	3.08	0.6492959629266554	-0.6230518556189929	0.775707091268313	1.0
16	19	3.0	12826	786.0	3206500	3.144	0.9541877578039937	-0.0676549181739972	1.0	1.0
17	19	4.0	12826	815.0	3206500	3.26	1.2270646789021553	0.2952112958403438	0.5741533015335516	1.0
18	19	2.0	12826	724.0	3206500	2.896	0.6905594827378224	-0.5341624055961794	1.0	1.0
19	19	0.0	12826	131.0	3206500	0.524	0.0		1.0	1.0
20	19	0.0	12826	0.0	3206500	0.0			1.0	1.0
21	19	0.0	12826	0.0	3206500	0.0			1.0	1.0
22	19	0.0	12826	0.0	3206500	0.0			1.0	1.0
23	19	0.0	12826	0.0	3206500	0.0			1.0	1.0
24	19	0.0	12826	0.0	3206500	0.0			1.0	1.0
25	19	0.0	12826	0.0	3206500	0.0			1.0	1.0
26	19	0.0	12826	0.0	3206500	0.0			1.0	1.0
27	19	0.0	12826	0.0	3206500	0.0			1.0	1.0
28	19	0.0	12826	0.0	3206500	0.0			1.0	1.0
29	19	0.0	12826	0.0	3206500	0.0			1.0	1.0
30	19	0.0	12826	0.0	3206500	0.0			1.0	1.0
31	19	0.0	12826	0.0	3206500	0.0			1.0	1.0
32	19	0.0	12826	0.0	3206500	0.0			1.0	1.0
33	19	0.0	12826	0.0	3206500	0.0			1.0	1.0
34	19	0.0	12826	0.0	3206500	0.0			1.0	1.0
35	19	0.0	12826	0.0	3206500	0.0			1.0	1.0
36	19	0.0	12826	0.0	3206500	0.0			1.0	1.0
37	19	0.0	12826	0.0	3206500	0.0			1.0	1.0
38	19	0.0	12826	0.0	3206500	0.0			1.0	1.0
39	19	0.0	12826	0.0	3206500	0.0			1.0	1.0
40	19	0.0	12826	0.0	3206500	0.0			1.0	1.0
41	19	0.0	12826	0.0	3206500	0.0			1.0	1.0
42	19	0.0	12826	0.0	3206500	0.0			1.0	1.0
43	19	0.0	12826	0.0	3206500	0.0			1.0	1.0
44	19	0.0	12826	0.0	3206500	0.0			1.0	1.0
45	19	0.0	12826	0.0	3206500	0.0			1.0	1.0
46	19	0.0	12826	0.0	3206500	0.0			1.0	1.0
47	19	0.0	12826	0.0	3206500	0.0			1.0	1.0
48	19	0.0	12826	0.0	3206500	0.0			1.0	1.0
49	19	0.0	12826	0.0	3206500	0.0			1.0	1.0
50	19	0.0	12826	0.0	3206500	0.0			1.0	1.0
51	19	0.0	12826	0.0	3206500	0.0			1.0	1.0
52	19	0.0	12826	0.0	3206500	0.0			1.0	1.0
53	19	0.0	12826	0.0	3206500	0.0			1.0	1.0
54	19	0.0	12826	0.0	3206500	0.0			1.0	1.0
55	19	0.0	12826	0.0	3206500	0.0			1.0	1.0
56	19	0.0	12826	0.0	3206500	0.0			1.0	1.0
57	19	0.0	12826	0.0	3206500	0.0			1.0	1.0
58	19	0.0	12826	0.0	3206500	0.0			1.0	1.0
59	19	0.0	12826	0.0	3206500	0.0			1.0	1.0
60	19	0.0	12826	0.0	3206500	0.0			1.0	1.0
61	19	0.0	12826	0.0	3206500	0.0			1.0	1.0
62	19	0.0	12826	0.0	3206500	0.0			1.0	1.0
63	19	0.0	12826	0.0	3206500	0.0			1.0	1.0
64	19	0.0	12826	0.0	3206500	0.0			1.0	1.0
65	19	0.0	12826	0.0	3206500	0.0			1.0	1.0
66	19	0.0	12826	0.0	3206500	0.0			1.0	1.0
67	19	0.0	12826	0.0	3206500	0.0			1.0	1.0
68	19	0.0	12826	0.0	3206500	0.0			1.0	1.0
69	19	0.0	12826	0.0	3206500	0.0			1.0	1.0
70	19	0.0	12826	0.0	3206500	0.0			1.0	1.0
71	19	0.0	12826	0.0	3206500	0.0			1.0	1.0
72	19	0.0	12826	0.0	3206500	0.0			1.0	1.0
73	19	0.0	12826	0.0	3206500	0.0			1.0	1.0
74	19	0.0	12826	0.0	3206500	0.0			1.0	1.0
75	19	0.0	12826	0.0	3206500	0.0			1.0	1.0
76	19	0.0	12826	0.0	3206500	0.0			1.0	1.0
77	19	0.0	12826	0.0	3206500	0.0			1.0	1.0
78	19	0.0	12826	0.0	3206500	0.0			1.0	1.0
79	19	0.0	12826	0.0	3206500	0.0			1.0	1.0
80	19	0.0	12826	0.0	3206500	0.0			1.0	1.0
81	19	0.0	12826	0.0	3206500	0.0			1.0	1.0
82	19	0.0	12826	0.0	3206500	0.0			1.0	1.0
83	19	0.0	12826	0.0	3206500	0.0			1.0	1.0
84	19	0.0	12826	0.0	3206500	0.0			1.0	1.0
85	19	0.0	12826	0.0	3206500	0.0			1.0	1.0
86	19	0.0	12826	0.0	3206500	0.0			1.0	1.0
87	19	0.0	12826	0.0	3206500	0.0			1.0	1.0
88	19	0.0	12826	0.0	3206500	0.0			1.0	1.0
89	19	0.0	12826	0.0	3206500	0.0			1.0	1.0
90	19	0.0	12826	0.0	3206500	0.0			1.0	1.0
91	19	0.0	12826	0.0	3206500	0.0			1.0	1.0
92	19	0.0	12826	0.0	3206500	0.0			1.0	1.0
93	19	0.0	12826	0.0	3206500	0.0			1.0	1.0
94	19	0.0	12826	0.0	3206500	0.0			1.0	1.0
95	19	0.0	12826	0.0	3206500	0.0			1.0	1.0
96	19	0.0	12826	0.0	3206500	0.0			1.0	1.0
97	19	0.0	12826	0.0	3206500	0.0			1.0	1.0
98	19	0.0	12826	0.0	3206500	0.0			1.0	1.0
99	19	0.0	12826	0.0	3206500	0.0			1.0	1.0
100	19	0.0	12826	0.0	3206500	0.0			1.0	1.0
1	20	3.0	12826	668.0	3206500	2.672	1.1227832099973802	0.16707939518802303	0.7530595609421827	1.0
2	20	10.0	12826	956.0	3206500	3.824	2.6163229540480257	1.3875406354254178	0.006191479489642337	0.6449457801710767
3	20	6.0	12826	829.0	3206500	3.316	1.809787744947675	0.8558205054478963	0.155580293636055	1.0
4	20	4.0	12826	1079.0	3206500	4.316	0.9267612185902098	-0.1097304206870101	1.0	1.0
5	20	5.0	12826	809.0	3206500	3.236	1.5453300166435455	0.6279149692187567	0.2655785551430746	1.0
6	20	2.0	12826	1085.0	3206500	4.34	0.4607454053603411	-1.1179583157853654	0.46112244928634877	1.0
7	20	5.0	12826	2052.0	3206500	8.208	0.609009372263737	-0.7154636644333039	0.3768898380071832	1.0
8	20	9.0	12826	1231.0	3206500	4.924	1.8283635532545341	0.8705529655427615	0.07091698041266595	1.0
9	20	10.0	12826	841.0	3206500	3.364	2.974190815285887	1.5724972094063523	0.002590673553092495	0.3159357991576213
10	20	5.0	12826	982.0	3206500	3.928	1.27301885542606	0.34825378799670414	0.6054719511460799	1.0
11	20	7.0	12826	947.0	3206500	3.788	1.84840389624265	0.8862800356709828	0.1126968165125526	1.0
12	20	4.0	12826	821.0	3206500	3.284	1.2180948130601503	0.28462643292242384	0.5764992754739959	1.0
13	20	2.0	12826	1495.0	3206500	5.98	0.3343443626811768	-1.580593302379289	0.14420552945251924	1.0
14	20	13.0	12826	1288.0	3206500	5.152	2.5248374491551426	1.3361905091133002	0.0026688976060495204	0.32155392843970126
15	20	3.0	12826	869.0	3206500	3.476	0.8630289521301222	-0.21251913641716869	1.0	1.0
16	20	2.0	12826	797.0	3206500	3.188	0.6272944549546764	-0.6727852850599277	0.7767196941376342	1.0
17	20	6.0	12826	741.0	3206500	2.964	2.024770885572265	1.0177586680222703	0.08110292522376374	1.0
18	20	4.0	12826	913.0	3206500	3.652	1.0953199790270112	0.13135239011860855	0.7891645851063425	1.0
19	20	3.0	12826	659.0	3206500	2.636	1.1381203184670186	0.18665308284665433	0.7508513411106588	1.0
20	20	2.0	12826	217.0	3206500	0.868	2.304350857119859	1.2043603961594884	0.21738055284982374	1.0
21	20	0.0	12826	0.0	3206500	0.0			1.0	1.0
22	20	0.0	12826	0.0	3206500	0.0			1.0	1.0
23	20	0.0	12826	0.0	3206500	0.0			1.0	1.0
24	20	0.0	12826	0.0	3206500	0.0			1.0	1.0
25	20	0.0	12826	0.0	3206500	0.0			1.0	1.0
26	20	0.0	12826	0.0	3206500	0.0			1.0	1.0
27	20	0.0	12826	0.0	3206500	0.0			1.0	1.0
28	20	0.0	12826	0.0	3206500	0.0			1.0	1.0
29	20	0.0	12826	0.0	3206500	0.0			1.0	1.0
30	20	0.0	12826	0.0	3206500	0.0			1.0	1.0
31	20	0.0	12826	0.0	3206500	0.0			1.0	1.0
32	20	0.0	12826	0.0	3206500	0.0			1.0	1.0
33	20	0.0	12826	0.0	3206500	0.0			1.0	1.0
34	20	0.0	12826	0.0	3206500	0.0			1.0	1.0
35	20	0.0	12826	0.0	3206500	0.0			1.0	1.0
36	20	0.0	12826	0.0	3206500	0.0			1.0	1.0
37	20	0.0	12826	0.0	3206500	0.0			1.0	1.0
38	20	0.0	12826	0.0	3206500	0.0			1.0	1.0
39	20	0.0	12826	0.0	3206500	0.0			1.0	1.0
40	20	0.0	12826	0.0	3206500	0.0			1.0	1.0
41	20	0.0	12826	0.0	3206500	0.0			1.0	1.0
42	20	0.0	12826	0.0	3206500	0.0			1.0	1.0
43	20	0.0	12826	0.0	3206500	0.0			1.0	1.0
44	20	0.0	12826	0.0	3206500	0.0			1.0	1.0
45	20	0.0	12826	0.0	3206500	0.0			1.0	1.0
46	20	0.0	12826	0.0	3206500	0.0			1.0	1.0
47	20	0.0	12826	0.0	3206500	0.0			1.0	1.0
48	20	0.0	12826	0.0	3206500	0.0			1.0	1.0
49	20	0.0	12826	0.0	3206500	0.0			1.0	1.0
50	20	0.0	12826	0.0	3206500	0.0			1.0	1.0
51	20	0.0	12826	0.0	3206500	0.0			1.0	1.0
52	20	0.0	12826	0.0	3206500	0.0			1.0	1.0
53	20	0.0	12826	0.0	3206500	0.0			1.0	1.0
54	20	0.0	12826	0.0	3206500	0.0			1.0	1.0
55	20	0.0	12826	0.0	3206500	0.0			1.0	1.0
56	20	0.0	12826	0.0	3206500	0.0			1.0	1.0
57	20	0.0	12826	0.0	3206500	0.0			1.0	1.0
58	20	0.0	12826	0.0	3206500	0.0			1.0	1.0
59	20	0.0	12826	0.0	3206500	0.0			1.0	1.0
60	20	0.0	12826	0.0	3206500	0.0			1.0	1.0
61	20	0.0	12826	0.0	3206500	0.0			1.0	1.0
62	20	0.0	12826	0.0	3206500	0.0			1.0	1.0
63	20	0.0	12826	0.0	3206500	0.0			1.0	1.0
64	20	0.0	12826	0.0	3206500	0.0			1.0	1.0
65	20	0.0	12826	0.0	3206500	0.0			1.0	1.0
66	20	0.0	12826	0.0	3206500	0.0			1.0	1.0
67	20	0.0	12826	0.0	3206500	0.0			1.0	1.0
68	20	0.0	12826	0.0	3206500	0.0			1.0	1.0
69	20	0.0	12826	0.0	3206500	0.0			1.0	1.0
70	20	0.0	12826	0.0	3206500	0.0			1.0	1.0
71	20	0.0	12826	0.0	3206500	0.0			1.0	1.0
72	20	0.0	12826	0.0	3206500	0.0			1.0	1.0
73	20	0.0	12826	0.0	3206500	0.0			1.0	1.0
74	20	0.0	12826	0.0	3206500	0.0			1.0	1.0
75	20	0.0	12826	0.0	3206500	0.0			1.0	1.0
76	20	0.0	12826	0.0	3206500	0.0			1.0	1.0
77	20	0.0	12826	0.0	3206500	0.0			1.0	1.0
78	20	0.0	12826	0.0	3206500	0.0			1.0	1.0
79	20	0.0	12826	0.0	3206500	0.0			1.0	1.0
80	20	0.0	12826	0.0	3206500	0.0			1.0	1.0
81	20	0.0	12826	0.0	3206500	0.0			1.0	1.0
82	20	0.0	12826	0.0	3206500	0.0			1.0	1.0
83	20	0.0	12826	0.0	3206500	0.0			1.0	1.0
84	20	0.0	12826	0.0	3206500	0.0			1.0	1.0
85	20	0.0	12826	0.0	3206500	0.0			1.0	1.0
86	20	0.0	12826	0.0	3206500	0.0			1.0	1.0
87	20	0.0	12826	0.0	3206500	0.0			1.0	1.0
88	20	0.0	12826	0.0	3206500	0.0			1.0	1.0
89	20	0.0	12826	0.0	3206500	0.0			1.0	1.0
90	20	0.0	12826	0.0	3206500	0.0			1.0	1.0
91	20	0.0	12826	0.0	3206500	0.0			1.0	1.0
92	20	0.0	12826	0.0	3206500	0.0			1.0	1.0
93	20	0.0	12826	0.0	3206500	0.0			1.0	1.0
94	20	0.0	12826	0.0	3206500	0.0			1.0	1.0
95	20	0.0	12826	0.0	3206500	0.0			1.0	1.0
96	20	0.0	12826	0.0	3206500	0.0			1.0	1.0
97	20	0.0	12826	0.0	3206500	0.0			1.0	1.0
98	20	0.0	12826	0.0	3206500	0.0			1.0	1.0
99	20	0.0	12826	0.0	3206500	0.0			1.0	1.0
100	20	0.0	12826	0.0	3206500	0.0			1.0	1.0
1	21	2.0	12826	556.0	3206500	2.224	0.899264867581917	-0.15318198819488743	1.0	1.0
2	21	6.0	12826	806.0	3206500	3.224	1.8614451674841188	0.8964231194051927	0.1480961824701082	1.0
3	21	3.0	12826	765.0	3206500	3.06	0.980387569517396	-0.028575902715757724	1.0	1.0
4	21	5.0	12826	774.0	3206500	3.096	1.6152269159508372	0.691736856882352	0.24669622969617783	1.0
5	21	8.0	12826	677.0	3206500	2.708	2.9554294148300038	1.563367764797651	0.0069058786947351234	0.6980565478327461
6	21	5.0	12826	763.0	3206500	3.052	1.638518902729927	0.7123923165898088	0.24113127875069484	1.0
7	21	3.0	12826	967.0	3206500	3.868	0.7755421218707562	-0.36672295467853633	1.0	1.0
8	21	2.0	12826	996.0	3206500	3.984	0.5019303665065753	-0.9944408639061187	0.45179878603878687	1.0
9	21	4.0	12826	837.0	3206500	3.348	1.1948038830363061	0.2567738314356961	0.5829361494841545	1.0
10	21	8.0	12826	736.0	3206500	2.944	2.718463166606742	1.4427912806966943	0.010973491574358002	0.9797760334248216
11	21	7.0	12826	805.0	3206500	3.22	2.174554075641795	1.1207195854128018	0.04641573656243232	1.0
12	21	4.0	12826	919.0	3206500	3.676	1.0881667780944375	0.12189968847268971	0.7900832492666369	1.0
13	21	3.0	12826	900.0	3206500	3.6	0.8332943408978658	-0.2631019124450919	1.0	1.0
14	21	7.0	12826	797.0	3206500	3.188	2.1963869503226223	1.1351322447499568	0.04445183991372886	1.0
15	21	2.0	12826	711.0	3206500	2.844	0.7031885976803339	-0.5080164177555995	1.0	1.0
16	21	2.0	12826	724.0	3206500	2.896	0.6905594827378224	-0.5341624055961794	1.0	1.0
17	21	5.0	12826	692.0	3206500	2.768	1.806672849321899	0.8533352879451389	0.21021444447912865	1.0
18	21	6.0	12826	827.0	3206500	3.308	1.8141656307122902	0.8593061778613649	0.15489633695500182	1.0
19	21	2.0	12826	635.0	3206500	2.54	0.7873684184673423	-0.3448892480676987	1.0	1.0
20	21	0.0	12826	671.0	3206500	2.684	0.0		0.12286416752019033	1.0
21	21	1.0	12826	201.0	3206500	0.804	1.2438001027998409	0.3147546415195959	0.5535435953207547	1.0
22	21	0.0	12826	0.0	3206500	0.0			1.0	1.0
23	21	0.0	12826	0.0	3206500	0.0			1.0	1.0
24	21	0.0	12826	0.0	3206500	0.0			1.0	1.0
25	21	0.0	12826	0.0	3206500	0.0			1.0	1.0
26	21	0.0	12826	0.0	3206500	0.0			1.0	1.0
27	21	0.0	12826	0.0	3206500	0.0			1.0	1.0
28	21	0.0	12826	0.0	3206500	0.0			1.0	1.0
29	21	0.0	12826	0.0	3206500	0.0			1.0	1.0
30	21	0.0	12826	0.0	3206500	0.0			1.0	1.0
31	21	0.0	12826	0.0	3206500	0.0			1.0	1.0
32	21	0.0	12826	0.0	3206500	0.0			1.0	1.0
33	21	0.0	12826	0.0	3206500	0.0			1.0	1.0
34	21	0.0	12826	0.0	3206500	0.0			1.0	1.0
35	21	0.0	12826	0.0	3206500	0.0			1.0	1.0
36	21	0.0	12826	0.0	3206500	0.0			1.0	1.0
37	21	0.0	12826	0.0	3206500	0.0			1.0	1.0
38	21	0.0	12826	0.0	3206500	0.0			1.0	1.0
39	21	0.0	12826	0.0	3206500	0.0			1.0	1.0
40	21	0.0	12826	0.0	3206500	0.0			1.0	1.0
41	21	0.0	12826	0.0	3206500	0.0			1.0	1.0
42	21	0.0	12826	0.0	3206500	0.0			1.0	1.0
43	21	0.0	12826	0.0	3206500	0.0			1.0	1.0
44	21	0.0	12826	0.0	3206500	0.0			1.0	1.0
45	21	0.0	12826	0.0	3206500	0.0			1.0	1.0
46	21	0.0	12826	0.0	3206500	0.0			1.0	1.0
47	21	0.0	12826	0.0	3206500	0.0			1.0	1.0
48	21	0.0	12826	0.0	3206500	0.0			1.0	1.0
49	21	0.0	12826	0.0	3206500	0.0			1.0	1.0
50	21	0.0	12826	0.0	3206500	0.0			1.0	1.0
51	21	0.0	12826	0.0	3206500	0.0			1.0	1.0
52	21	0.0	12826	0.0	3206500	0.0			1.0	1.0
53	21	0.0	12826	0.0	3206500	0.0			1.0	1.0
54	21	0.0	12826	0.0	3206500	0.0			1.0	1.0
55	21	0.0	12826	0.0	3206500	0.0			1.0	1.0
56	21	0.0	12826	0.0	3206500	0.0			1.0	1.0
57	21	0.0	12826	0.0	3206500	0.0			1.0	1.0
58	21	0.0	12826	0.0	3206500	0.0			1.0	1.0
59	21	0.0	12826	0.0	3206500	0.0			1.0	1.0
60	21	0.0	12826	0.0	3206500	0.0			1.0	1.0
61	21	0.0	12826	0.0	3206500	0.0			1.0	1.0
62	21	0.0	12826	0.0	3206500	0.0			1.0	1.0
63	21	0.0	12826	0.0	3206500	0.0			1.0	1.0
64	21	0.0	12826	0.0	3206500	0.0			1.0	1.0
65	21	0.0	12826	0.0	3206500	0.0			1.0	1.0
66	21	0.0	12826	0.0	3206500	0.0			1.0	1.0
67	21	0.0	12826	0.0	3206500	0.0			1.0	1.0
68	21	0.0	12826	0.0	3206500	0.0			1.0	1.0
69	21	0.0	12826	0.0	3206500	0.0			1.0	1.0
70	21	0.0	12826	0.0	3206500	0.0			1.0	1.0
71	21	0.0	12826	0.0	3206500	0.0			1.0	1.0
72	21	0.0	12826	0.0	3206500	0.0			1.0	1.0
73	21	0.0	12826	0.0	3206500	0.0			1.0	1.0
74	21	0.0	12826	0.0	3206500	0.0			1.0	1.0
75	21	0.0	12826	0.0	3206500	0.0			1.0	1.0
76	21	0.0	12826	0.0	3206500	0.0			1.0	1.0
77	21	0.0	12826	0.0	3206500	0.0			1.0	1.0
78	21	0.0	12826	0.0	3206500	0.0			1.0	1.0
79	21	0.0	12826	0.0	3206500	0.0			1.0	1.0
80	21	0.0	12826	0.0	3206500	0.0			1.0	1.0
81	21	0.0	12826	0.0	3206500	0.0			1.0	1.0
82	21	0.0	12826	0.0	3206500	0.0			1.0	1.0
83	21	0.0	12826	0.0	3206500	0.0			1.0	1.0
84	21	0.0	12826	0.0	3206500	0.0			1.0	1.0
85	21	0.0	12826	0.0	3206500	0.0			1.0	1.0
86	21	0.0	12826	0.0	3206500	0.0			1.0	1.0
87	21	0.0	12826	0.0	3206500	0.0			1.0	1.0
88	21	0.0	12826	0.0	3206500	0.0			1.0	1.0
89	21	0.0	12826	0.0	3206500	0.0			1.0	1.0
90	21	0.0	12826	0.0	3206500	0.0			1.0	1.0
91	21	0.0	12826	0.0	3206500	0.0			1.0	1.0
92	21	0.0	12826	0.0	3206500	0.0			1.0	1.0
93	21	0.0	12826	0.0	3206500	0.0			1.0	1.0
94	21	0.0	12826	0.0	3206500	0.0			1.0	1.0
95	21	0.0	12826	0.0	3206500	0.0			1.0	1.0
96	21	0.0	12826	0.0	3206500	0.0			1.0	1.0
97	21	0.0	12826	0.0	3206500	0.0			1.0	1.0
98	21	0.0	12826	0.0	3206500	0.0			1.0	1.0
99	21	0.0	12826	0.0	3206500	0.0			1.0	1.0
100	21	0.0	12826	0.0	3206500	0.0			1.0	1.0
1	22	6.0	12826	545.0	3206500	2.18	2.753113684180395	1.461064184294889	0.02440729611544534	1.0
2	22	10.0	12826	968.0	3206500	3.872	2.5838795255930087	1.3695388053718585	0.006721638645935464	0.6929524377253056
3	22	4.0	12826	653.0	3206500	2.612	1.5315593437103103	0.6150012684829893	0.340224690200454	1.0
4	22	7.0	12826	682.0	3206500	2.728	2.5668375319900654	1.3599919834045682	0.02198189416311608	1.0
5	22	6.0	12826	717.0	3206500	2.868	2.0925613091469266	1.0652698923605568	0.07193637136767446	1.0
6	22	7.0	12826	854.0	3206500	3.416	2.0497532479324363	1.0354502466036477	0.09178764900828881	1.0
7	22	6.0	12826	993.0	3206500	3.972	1.5108129763256997	0.595325080206807	0.3039947592247284	1.0
8	22	5.0	12826	777.0	3206500	3.108	1.6089890128576658	0.6861544745076741	0.24824605641644576	1.0
9	22	1.0	12826	845.0	3206500	3.38	0.2958030843051086	-1.7572909995548902	0.2749648920501733	1.0
10	22	6.0	12826	830.0	3206500	3.32	1.8076067139071106	0.8540808206646526	0.15592459522287777	1.0
11	22	5.0	12826	710.0	3206500	2.84	1.760859988728879	0.8162802007098028	0.2171635308467778	1.0
12	22	7.0	12826	800.0	3206500	3.2	2.188148451517279	1.129710618844639	0.04518192776653023	1.0
13	22	1.0	12826	865.0	3206500	3.46	0.2889619037960991	-1.79104879187517	0.27612296816385085	1.0
14	22	3.0	12826	776.0	3206500	3.104	0.9664870066753442	-0.04917775772353674	1.0	1.0
15	22	4.0	12826	947.0	3206500	3.788	1.0559836685132487	0.07858752263467932	0.7946576887705075	1.0
16	22	6.0	12826	823.0	3206500	3.292	1.8229852353267886	0.8663028767873149	0.1535471159422166	1.0
17	22	4.0	12826	761.0	3206500	3.044	1.3141584222747902	0.3941392035548062	0.554994566664265	1.0
18	22	3.0	12826	678.0	3206500	2.712	1.1062195350031296	0.14563772429836125	0.7555934424812665	1.0
19	22	3.0	12826	705.0	3206500	2.82	1.0638447205072004	0.0892875894645319	0.7628099556254767	1.0
20	22	8.0	12826	871.0	3206500	3.484	2.297020245818927	1.199763572612155	0.02652824314466569	1.0
21	22	2.0	12826	503.0	3206500	2.012	0.9940348551237801	-0.008631655139431205	1.0	1.0
22	22	0.0	12826	269.0	3206500	1.076	0.0		0.6323281554782938	1.0
23	22	0.0	12826	0.0	3206500	0.0			1.0	1.0
24	22	0.0	12826	0.0	3206500	0.0			1.0	1.0
25	22	0.0	12826	0.0	3206500	0.0			1.0	1.0
26	22	0.0	12826	0.0	3206500	0.0			1.0	1.0
27	22	0.0	12826	0.0	3206500	0.0			1.0	1.0
28	22	0.0	12826	0.0	3206500	0.0			1.0	1.0
29	22	0.0	12826	0.0	3206500	0.0			1.0	1.0
30	22	0.0	12826	0.0	3206500	0.0			1.0	1.0
31	22	0.0	12826	0.0	3206500	0.0			1.0	1.0
32	22	0.0	12826	0.0	3206500	0.0			1.0	1.0
33	22	0.0	12826	0.0	3206500	0.0			1.0	1.0
34	22	0.0	12826	0.0	3206500	0.0			1.0	1.0
35	22	0.0	12826	0.0	3206500	0.0			1.0	1.0
36	22	0.0	12826	0.0	3206500	0.0			1.0	1.0
37	22	0.0	12826	0.0	3206500	0.0			1.0	1.0
38	22	0.0	12826	0.0	3206500	0.0			1.0	1.0
39	22	0.0	12826	0.0	3206500	0.0			1.0	1.0
40	22	0.0	12826	0.0	3206500	0.0			1.0	1.0
41	22	0.0	12826	0.0	3206500	0.0			1.0	1.0
42	22	0.0	12826	0.0	3206500	0.0			1.0	1.0
43	22	0.0	12826	0.0	3206500	0.0			1.0	1.0
44	22	0.0	12826	0.0	3206500	0.0			1.0	1.0
45	22	0.0	12826	0.0	3206500	0.0			1.0	1.0
46	22	0.0	12826	0.0	3206500	0.0			1.0	1.0
47	22	0.0	12826	0.0	3206500	0.0			1.0	1.0
48	22	0.0	12826	0.0	3206500	0.0			1.0	1.0
49	22	0.0	12826	0.0	3206500	0.0			1.0	1.0
50	22	0.0	12826	0.0	3206500	0.0			1.0	1.0
51	22	0.0	12826	0.0	3206500	0.0			1.0	1.0
52	22	0.0	12826	0.0	3206500	0.0			1.0	1.0
53	22	0.0	12826	0.0	3206500	0.0			1.0	1.0
54	22	0.0	12826	0.0	3206500	0.0			1.0	1.0
55	22	0.0	12826	0.0	3206500	0.0			1.0	1.0
56	22	0.0	12826	0.0	3206500	0.0			1.0	1.0
57	22	0.0	12826	0.0	3206500	0.0			1.0	1.0
58	22	0.0	12826	0.0	3206500	0.0			1.0	1.0
59	22	0.0	12826	0.0	3206500	0.0			1.0	1.0
60	22	0.0	12826	0.0	3206500	0.0			1.0	1.0
61	22	0.0	12826	0.0	3206500	0.0			1.0	1.0
62	22	0.0	12826	0.0	3206500	0.0			1.0	1.0
63	22	0.0	12826	0.0	3206500	0.0			1.0	1.0
64	22	0.0	12826	0.0	3206500	0.0			1.0	1.0
65	22	0.0	12826	0.0	3206500	0.0			1.0	1.0
66	22	0.0	12826	0.0	3206500	0.0			1.0	1.0
67	22	0.0	12826	0.0	3206500	0.0			1.0	1.0
68	22	0.0	12826	0.0	3206500	0.0			1.0	1.0
69	22	0.0	12826	0.0	3206500	0.0			1.0	1.0
70	22	0.0	12826	0.0	3206500	0.0			1.0	1.0
71	22	0.0	12826	0.0	3206500	0.0			1.0	1.0
72	22	0.0	12826	0.0	3206500	0.0			1.0	1.0
73	22	0.0	12826	0.0	3206500	0.0			1.0	1.0
74	22	0.0	12826	0.0	3206500	0.0			1.0	1.0
75	22	0.0	12826	0.0	3206500	0.0			1.0	1.0
76	22	0.0	12826	0.0	3206500	0.0			1.0	1.0
77	22	0.0	12826	0.0	3206500	0.0			1.0	1.0
78	22	0.0	12826	0.0	3206500	0.0			1.0	1.0
79	22	0.0	12826	0.0	3206500	0.0			1.0	1.0
80	22	0.0	12826	0.0	3206500	0.0			1.0	1.0
81	22	0.0	12826	0.0	3206500	0.0			1.0	1.0
82	22	0.0	12826	0.0	3206500	0.0			1.0	1.0
83	22	0.0	12826	0.0	3206500	0.0			1.0	1.0
84	22	0.0	12826	0.0	3206500	0.0			1.0	1.0
85	22	0.0	12826	0.0	3206500	0.0			1.0	1.0
86	22	0.0	12826	0.0	3206500	0.0			1.0	1.0
87	22	0.0	12826	0.0	3206500	0.0			1.0	1.0
88	22	0.0	12826	0.0	3206500	0.0			1.0	1.0
89	22	0.0	12826	0.0	3206500	0.0			1.0	1.0
90	22	0.0	12826	0.0	3206500	0.0			1.0	1.0
91	22	0.0	12826	0.0	3206500	0.0			1.0	1.0
92	22	0.0	12826	0.0	3206500	0.0			1.0	1.0
93	22	0.0	12826	0.0	3206500	0.0			1.0	1.0
94	22	0.0	12826	0.0	3206500	0.0			1.0	1.0
95	22	0.0	12826	0.0	3206500	0.0			1.0	1.0
96	22	0.0	12826	0.0	3206500	0.0			1.0	1.0
97	22	0.0	12826	0.0	3206500	0.0			1.0	1.0
98	22	0.0	12826	0.0	3206500	0.0			1.0	1.0
99	22	0.0	12826	0.0	3206500	0.0			1.0	1.0
100	22	0.0	12826	0.0	3206500	0.0			1.0	1.0
1	23	5.0	12826	629.0	3206500	2.516	1.9876664241607787	0.9910756600244605	0.11188924112648972	1.0
2	23	4.0	12826	706.0	3206500	2.824	1.416560506176751	0.5023922255048185	0.3731090548096585	1.0
3	23	4.0	12826	722.0	3206500	2.888	1.3851616702767189	0.47005437143294765	0.5437944584792045	1.0
4	23	2.0	12826	533.0	3206500	2.132	0.9380766480297846	-0.09222228812247103	1.0	1.0
5	23	2.0	12826	656.0	3206500	2.624	0.7621580344780367	-0.39183792142266455	1.0	1.0
6	23	5.0	12826	706.0	3206500	2.824	1.7708387421221337	0.8244328419412679	0.2155634162875909	1.0
7	23	2.0	12826	675.0	3206500	2.7	0.7407003072941938	-0.43303815915477356	1.0	1.0
8	23	2.0	12826	640.0	3206500	2.56	0.781215884279476	-0.35620681138430144	1.0	1.0
9	23	5.0	12826	947.0	3206500	3.788	1.32008254013697	0.40062813907112876	0.4381560669422485	1.0
10	23	3.0	12826	690.0	3206500	2.76	1.0869768656185048	0.12032123547780016	0.7587371749382544	1.0
11	23	5.0	12826	697.0	3206500	2.788	1.7937097012982086	0.842946419584665	0.2120792059692465	1.0
12	23	3.0	12826	648.0	3206500	2.592	1.15744423359646	0.2109426851900779	0.7482524776552999	1.0
13	23	4.0	12826	793.0	3206500	3.172	1.2611154810959961	0.33470039015960085	0.5658993464398135	1.0
14	23	3.0	12826	1353.0	3206500	5.412	0.5542194570350913	-0.8514707343471863	0.3905847500638979	1.0
15	23	6.0	12826	818.0	3206500	3.272	1.8341310376131428	0.8750967144844092	0.15189595156201566	1.0
16	23	3.0	12826	695.0	3206500	2.78	1.0791552050413011	0.10990236940508996	0.7600779319911821	1.0
17	23	3.0	12826	721.0	3206500	2.884	1.0402313241106398	0.056904387056231055	0.767309099558885	1.0
18	23	1.0	12826	669.0	3206500	2.676	0.37364324280223893	-1.4202666629496923	0.5326360156847273	1.0
19	23	3.0	12826	586.0	3206500	2.344	1.279928956581058	0.3560637345747709	0.5116983429717634	1.0
20	23	3.0	12826	796.0	3206500	3.184	0.9421975352861947	-0.08589853685206	1.0	1.0
21	23	1.0	12826	631.0	3206500	2.524	0.3961494332768	-1.3358833565494623	0.5290388672579377	1.0
22	23	5.0	12826	556.0	3206500	2.224	2.2486882189124295	1.1690836450151427	0.0759331145490712	1.0
23	23	0.0	12826	134.0	3206500	0.536	0.0		1.0	1.0
24	23	0.0	12826	0.0	3206500	0.0			1.0	1.0
25	23	0.0	12826	0.0	3206500	0.0			1.0	1.0
26	23	0.0	12826	0.0	3206500	0.0			1.0	1.0
27	23	0.0	12826	0.0	3206500	0.0			1.0	1.0
28	23	0.0	12826	0.0	3206500	0.0			1.0	1.0
29	23	0.0	12826	0.0	3206500	0.0			1.0	1.0
30	23	0.0	12826	0.0	3206500	0.0			1.0	1.0
31	23	0.0	12826	0.0	3206500	0.0			1.0	1.0
32	23	0.0	12826	0.0	3206500	0.0			1.0	1.0
33	23	0.0	12826	0.0	3206500	0.0			1.0	1.0
34	23	0.0	12826	0.0	3206500	0.0			1.0	1.0
35	23	0.0	12826	0.0	3206500	0.0			1.0	1.0
36	23	0.0	12826	0.0	3206500	0.0			1.0	1.0
37	23	0.0	12826	0.0	3206500	0.0			1.0	1.0
38	23	0.0	12826	0.0	3206500	0.0			1.0	1.0
39	23	0.0	12826	0.0	3206500	0.0			1.0	1.0
40	23	0.0	12826	0.0	3206500	0.0			1.0	1.0
41	23	0.0	12826	0.0	3206500	0.0			1.0	1.0
42	23	0.0	12826	0.0	3206500	0.0			1.0	1.0
43	23	0.0	12826	0.0	3206500	0.0			1.0	1.0
44	23	0.0	12826	0.0	3206500	0.0			1.0	1.0
45	23	0.0	12826	0.0	3206500	0.0			1.0	1.0
46	23	0.0	12826	0.0	3206500	0.0			1.0	1.0
47	23	0.0	12826	0.0	3206500	0.0			1.0	1.0
48	23	0.0	12826	0.0	3206500	0.0			1.0	1.0
49	23	0.0	12826	0.0	3206500	0.0			1.0	1.0
50	23	0.0	12826	0.0	3206500	0.0			1.0	1.0
51	23	0.0	12826	0.0	3206500	0.0			1.0	1.0
52	23	0.0	12826	0.0	3206500	0.0			1.0	1.0
53	23	0.0	12826	0.0	3206500	0.0			1.0	1.0
54	23	0.0	12826	0.0	3206500	0.0			1.0	1.0
55	23	0.0	12826	0.0	3206500	0.0			1.0	1.0
56	23	0.0	12826	0.0	3206500	0.0			1.0	1.0
57	23	0.0	12826	0.0	3206500	0.0			1.0	1.0
58	23	0.0	12826	0.0	3206500	0.0			1.0	1.0
59	23	0.0	12826	0.0	3206500	0.0			1.0	1.0
60	23	0.0	12826	0.0	3206500	0.0			1.0	1.0
61	23	0.0	12826	0.0	3206500	0.0			1.0	1.0
62	23	0.0	12826	0.0	3206500	0.0			1.0	1.0
63	23	0.0	12826	0.0	3206500	0.0			1.0	1.0
64	23	0.0	12826	0.0	3206500	0.0			1.0	1.0
65	23	0.0	12826	0.0	3206500	0.0			1.0	1.0
66	23	0.0	12826	0.0	3206500	0.0			1.0	1.0
67	23	0.0	12826	0.0	3206500	0.0			1.0	1.0
68	23	0.0	12826	0.0	3206500	0.0			1.0	1.0
69	23	0.0	12826	0.0	3206500	0.0			1.0	1.0
70	23	0.0	12826	0.0	3206500	0.0			1.0	1.0
71	23	0.0	12826	0.0	3206500	0.0			1.0	1.0
72	23	0.0	12826	0.0	3206500	0.0			1.0	1.0
73	23	0.0	12826	0.0	3206500	0.0			1.0	1.0
74	23	0.0	12826	0.0	3206500	0.0			1.0	1.0
75	23	0.0	12826	0.0	3206500	0.0			1.0	1.0
76	23	0.0	12826	0.0	3206500	0.0			1.0	1.0
77	23	0.0	12826	0.0	3206500	0.0			1.0	1.0
78	23	0.0	12826	0.0	3206500	0.0			1.0	1.0
79	23	0.0	12826	0.0	3206500	0.0			1.0	1.0
80	23	0.0	12826	0.0	3206500	0.0			1.0	1.0
81	23	0.0	12826	0.0	3206500	0.0			1.0	1.0
82	23	0.0	12826	0.0	3206500	0.0			1.0	1.0
83	23	0.0	12826	0.0	3206500	0.0			1.0	1.0
84	23	0.0	12826	0.0	3206500	0.0			1.0	1.0
85	23	0.0	12826	0.0	3206500	0.0			1.0	1.0
86	23	0.0	12826	0.0	3206500	0.0			1.0	1.0
87	23	0.0	12826	0.0	3206500	0.0			1.0	1.0
88	23	0.0	12826	0.0	3206500	0.0			1.0	1.0
89	23	0.0	12826	0.0	3206500	0.0			1.0	1.0
90	23	0.0	12826	0.0	3206500	0.0			1.0	1.0
91	23	0.0	12826	0.0	3206500	0.0			1.0	1.0
92	23	0.0	12826	0.0	3206500	0.0			1.0	1.0
93	23	0.0	12826	0.0	3206500	0.0			1.0	1.0
94	23	0.0	12826	0.0	3206500	0.0			1.0	1.0
95	23	0.0	12826	0.0	3206500	0.0			1.0	1.0
96	23	0.0	12826	0.0	3206500	0.0			1.0	1.0
97	23	0.0	12826	0.0	3206500	0.0			1.0	1.0
98	23	0.0	12826	0.0	3206500	0.0			1.0	1.0
99	23	0.0	12826	0.0	3206500	0.0			1.0	1.0
100	23	0.0	12826	0.0	3206500	0.0			1.0	1.0
1	24	3.0	12826	577.0	3206500	2.308	1.2998968356118117	0.3783971304405727	0.5056919879944828	1.0
2	24	6.0	12826	906.0	3206500	3.624	1.6559359857838023	0.727646903044185	0.186330740357814	1.0
3	24	3.0	12826	528.0	3206500	2.112	1.4205529127349295	0.5064525700128932	0.47466597632300034	1.0
4	24	3.0	12826	936.0	3206500	3.744	0.8012355603013015	-0.31970164286820685	1.0	1.0
5	24	3.0	12826	751.0	3206500	3.004	0.9986681305531121	-0.0019227621646450076	1.0	1.0
6	24	7.0	12826	1137.0	3206500	4.548	1.5394324868065303	0.6223985980841364	0.233918219042536	1.0
7	24	8.0	12826	741.0	3206500	2.964	2.700115749002594	1.433021254288214	0.011385171677685208	1.0
8	24	10.0	12826	716.0	3206500	2.864	3.4935642597591	1.804699677090648	0.0008140467664490949	0.11971275977192572
9	24	6.0	12826	886.0	3206500	3.544	1.6933265953662977	0.7598602556162644	0.17755814103508782	1.0
10	24	1.0	12826	566.0	3206500	2.264	0.4416525806073881	-1.179016153600647	0.7330025864874986	1.0
11	24	3.0	12826	762.0	3206500	3.048	0.9842482841793259	-0.02290580252274148	1.0	1.0
12	24	4.0	12826	888.0	3206500	3.552	1.1261654729132502	0.17141882511959763	0.785594914565481	1.0
13	24	3.0	12826	788.0	3206500	3.152	0.9517653676709561	-0.07132213544924801	1.0	1.0
14	24	1.0	12826	583.0	3206500	2.332	0.4287719298245614	-1.2217176341207368	0.7353236242190899	1.0
15	24	3.0	12826	962.0	3206500	3.848	0.7795742220603797	-0.3592417086534347	1.0	1.0
16	24	5.0	12826	765.0	3206500	3.06	1.6342341736112067	0.708614725773302	0.24212909001473684	1.0
17	24	6.0	12826	592.0	3206500	2.368	2.5345016233081754	1.341702087951025	0.03430474814618004	1.0
18	24	8.0	12826	1143.0	3206500	4.572	1.7502492325766192	0.8075603740577518	0.14994920955761898	1.0
19	24	2.0	12826	678.0	3206500	2.712	0.7374221822283807	-0.43943728042260927	1.0	1.0
20	24	2.0	12826	784.0	3206500	3.136	0.6376986072033305	-0.6490533646746501	0.7761334366755535	1.0
21	24	4.0	12826	612.0	3206500	2.448	1.6341847090835502	0.7085710580358933	0.31792699336225017	1.0
22	24	3.0	12826	843.0	3206500	3.372	0.8896539053630002	-0.16868388928573927	1.0	1.0
23	24	2.0	12826	668.0	3206500	2.672	0.748463771147661	-0.41799560953294745	1.0	1.0
24	24	1.0	12826	164.0	3206500	0.656	1.5244311320306185	0.6082709763744771	0.4824764880053233	1.0
25	24	0.0	12826	0.0	3206500	0.0			1.0	1.0
26	24	0.0	12826	0.0	3206500	0.0			1.0	1.0
27	24	0.0	12826	0.0	3206500	0.0			1.0	1.0
28	24	0.0	12826	0.0	3206500	0.0			1.0	1.0
29	24	0.0	12826	0.0	3206500	0.0			1.0	1.0
30	24	0.0	12826	0.0	3206500	0.0			1.0	1.0
31	24	0.0	12826	0.0	3206500	0.0			1.0	1.0
32	24	0.0	12826	0.0	3206500	0.0			1.0	1.0
33	24	0.0	12826	0.0	3206500	0.0			1.0	1.0
34	24	0.0	12826	0.0	3206500	0.0			1.0	1.0
35	24	0.0	12826	0.0	3206500	0.0			1.0	1.0
36	24	0.0	12826	0.0	3206500	0.0			1.0	1.0
37	24	0.0	12826	0.0	3206500	0.0			1.0	1.0
38	24	0.0	12826	0.0	3206500	0.0			1.0	1.0
39	24	0.0	12826	0.0	3206500	0.0			1.0	1.0
40	24	0.0	12826	0.0	3206500	0.0			1.0	1.0
41	24	0.0	12826	0.0	3206500	0.0			1.0	1.0
42	24	0.0	12826	0.0	3206500	0.0			1.0	1.0
43	24	0.0	12826	0.0	3206500	0.0			1.0	1.0
44	24	0.0	12826	0.0	3206500	0.0			1.0	1.0
45	24	0.0	12826	0.0	3206500	0.0			1.0	1.0
46	24	0.0	12826	0.0	3206500	0.0			1.0	1.0
47	24	0.0	12826	0.0	3206500	0.0			1.0	1.0
48	24	0.0	12826	0.0	3206500	0.0			1.0	1.0
49	24	0.0	12826	0.0	3206500	0.0			1.0	1.0
50	24	0.0	12826	0.0	3206500	0.0			1.0	1.0
51	24	0.0	12826	0.0	3206500	0.0			1.0	1.0
52	24	0.0	12826	0.0	3206500	0.0			1.0	1.0
53	24	0.0	12826	0.0	3206500	0.0			1.0	1.0
54	24	0.0	12826	0.0	3206500	0.0			1.0	1.0
55	24	0.0	12826	0.0	3206500	0.0			1.0	1.0
56	24	0.0	12826	0.0	3206500	0.0			1.0	1.0
57	24	0.0	12826	0.0	3206500	0.0			1.0	1.0
58	24	0.0	12826	0.0	3206500	0.0			1.0	1.0
59	24	0.0	12826	0.0	3206500	0.0			1.0	1.0
60	24	0.0	12826	0.0	3206500	0.0			1.0	1.0
61	24	0.0	12826	0.0	3206500	0.0			1.0	1.0
62	24	0.0	12826	0.0	3206500	0.0			1.0	1.0
63	24	0.0	12826	0.0	3206500	0.0			1.0	1.0
64	24	0.0	12826	0.0	3206500	0.0			1.0	1.0
65	24	0.0	12826	0.0	3206500	0.0			1.0	1.0
66	24	0.0	12826	0.0	3206500	0.0			1.0	1.0
67	24	0.0	12826	0.0	3206500	0.0			1.0	1.0
68	24	0.0	12826	0.0	3206500	0.0			1.0	1.0
69	24	0.0	12826	0.0	3206500	0.0			1.0	1.0
70	24	0.0	12826	0.0	3206500	0.0			1.0	1.0
71	24	0.0	12826	0.0	3206500	0.0			1.0	1.0
72	24	0.0	12826	0.0	3206500	0.0			1.0	1.0
73	24	0.0	12826	0.0	3206500	0.0			1.0	1.0
74	24	0.0	12826	0.0	3206500	0.0			1.0	1.0
75	24	0.0	12826	0.0	3206500	0.0			1.0	1.0
76	24	0.0	12826	0.0	3206500	0.0			1.0	1.0
77	24	0.0	12826	0.0	3206500	0.0			1.0	1.0
78	24	0.0	12826	0.0	3206500	0.0			1.0	1.0
79	24	0.0	12826	0.0	3206500	0.0			1.0	1.0
80	24	0.0	12826	0.0	3206500	0.0			1.0	1.0
81	24	0.0	12826	0.0	3206500	0.0			1.0	1.0
82	24	0.0	12826	0.0	3206500	0.0			1.0	1.0
83	24	0.0	12826	0.0	3206500	0.0			1.0	1.0
84	24	0.0	12826	0.0	3206500	0.0			1.0	1.0
85	24	0.0	12826	0.0	3206500	0.0			1.0	1.0
86	24	0.0	12826	0.0	3206500	0.0			1.0	1.0
87	24	0.0	12826	0.0	3206500	0.0			1.0	1.0
88	24	0.0	12826	0.0	3206500	0.0			1.0	1.0
89	24	0.0	12826	0.0	3206500	0.0			1.0	1.0
90	24	0.0	12826	0.0	3206500	0.0			1.0	1.0
91	24	0.0	12826	0.0	3206500	0.0			1.0	1.0
92	24	0.0	12826	0.0	3206500	0.0			1.0	1.0
93	24	0.0	12826	0.0	3206500	0.0			1.0	1.0
94	24	0.0	12826	0.0	3206500	0.0			1.0	1.0
95	24	0.0	12826	0.0	3206500	0.0			1.0	1.0
96	24	0.0	12826	0.0	3206500	0.0			1.0	1.0
97	24	0.0	12826	0.0	3206500	0.0			1.0	1.0
98	24	0.0	12826	0.0	3206500	0.0			1.0	1.0
99	24	0.0	12826	0.0	3206500	0.0			1.0	1.0
100	24	0.0	12826	0.0	3206500	0.0			1.0	1.0
1	25	4.0	12826	480.0	3206500	1.92	2.0836712941298807	1.0591277057681405	0.1297873095737388	1.0
2	25	2.0	12826	688.0	3206500	2.752	0.7267015697311726	-0.460565072229771	1.0	1.0
3	25	4.0	12826	526.0	3206500	2.104	1.9014218076938816	0.9270786121361405	0.1631949227648027	1.0
4	25	2.0	12826	654.0	3206500	2.616	0.764489269927754	-0.38743184226224286	1.0	1.0
5	25	1.0	12826	546.0	3206500	2.184	0.45783318695599395	-1.1271060515623461	0.7308698348242566	1.0
6	25	4.0	12826	584.0	3206500	2.336	1.7125509879210177	0.7761469421903803	0.304697384393471	1.0
7	25	1.0	12826	610.0	3206500	2.44	0.40979004889272364	-1.2870431436944474	0.7398683522530842	1.0
8	25	3.0	12826	555.0	3206500	2.22	1.3514335516207152	0.4344905780183655	0.4913713139212377	1.0
9	25	1.0	12826	660.0	3206500	2.64	0.37873944119558156	-1.4007224263601528	0.5314693147860368	1.0
10	25	3.0	12826	673.0	3206500	2.692	1.1144398432469331	0.15631874293982792	0.7543163042381227	1.0
11	25	2.0	12826	593.0	3206500	2.372	0.8431458616274923	-0.24614586034706656	1.0	1.0
12	25	4.0	12826	712.0	3206500	2.848	1.4046205696319003	0.4901804676428574	0.37706173037557705	1.0
13	25	1.0	12826	693.0	3206500	2.772	0.3607005167239085	-1.4711266050180856	0.5366316320817706	1.0
14	25	2.0	12826	631.0	3206500	2.524	0.7923606490603494	-0.33577086132223155	1.0	1.0
15	25	6.0	12826	841.0	3206500	3.364	1.7839576983792789	0.8350814061427528	0.15981296330588643	1.0
16	25	0.0	12826	484.0	3206500	1.936	0.0		0.2746044346141393	1.0
17	25	3.0	12826	568.0	3206500	2.272	1.320497499541427	0.4010815696590394	0.49976708590672875	1.0
18	25	3.0	12826	687.0	3206500	2.748	1.0917245111216982	0.12660884839996986	0.7579412218316266	1.0
19	25	1.0	12826	606.0	3206500	2.424	0.4124954483752469	-1.2775498946626989	0.7391333603878716	1.0
20	25	1.0	12826	662.0	3206500	2.648	0.3775949777094633	-1.4050885189636597	0.5317123246911271	1.0
21	25	4.0	12826	651.0	3206500	2.604	1.53626555356445	0.6194276169033628	0.33906603442769434	1.0
22	25	2.0	12826	687.0	3206500	2.748	0.7277595865103731	-0.4584661563210007	1.0	1.0
23	25	1.0	12826	543.0	3206500	2.172	0.4603630828657484	-1.119155948432757	0.7306094566069521	1.0
24	25	3.0	12826	606.0	3206500	2.424	1.2376793555515577	0.30763760528550255	0.5252937833701419	1.0
25	25	0.0	12826	114.0	3206500	0.456	0.0		1.0	1.0
26	25	0.0	12826	0.0	3206500	0.0			1.0	1.0
27	25	0.0	12826	0.0	3206500	0.0			1.0	1.0
28	25	0.0	12826	0.0	3206500	0.0			1.0	1.0
29	25	0.0	12826	0.0	3206500	0.0			1.0	1.0
30	25	0.0	12826	0.0	3206500	0.0			1.0	1.0
31	25	0.0	12826	0.0	3206500	0.0			1.0	1.0
32	25	0.0	12826	0.0	3206500	0.0			1.0	1.0
33	25	0.0	12826	0.0	3206500	0.0			1.0	1.0
34	25	0.0	12826	0.0	3206500	0.0			1.0	1.0
35	25	0.0	12826	0.0	3206500	0.0			1.0	1.0
36	25	0.0	12826	0.0	3206500	0.0			1.0	1.0
37	25	0.0	12826	0.0	3206500	0.0			1.0	1.0
38	25	0.0	12826	0.0	3206500	0.0			1.0	1.0
39	25	0.0	12826	0.0	3206500	0.0			1.0	1.0
40	25	0.0	12826	0.0	3206500	0.0			1.0	1.0
41	25	0.0	12826	0.0	3206500	0.0			1.0	1.0
42	25	0.0	12826	0.0	3206500	0.0			1.0	1.0
43	25	0.0	12826	0.0	3206500	0.0			1.0	1.0
44	25	0.0	12826	0.0	3206500	0.0			1.0	1.0
45	25	0.0	12826	0.0	3206500	0.0			1.0	1.0
46	25	0.0	12826	0.0	3206500	0.0			1.0	1.0
47	25	0.0	12826	0.0	3206500	0.0			1.0	1.0
48	25	0.0	12826	0.0	3206500	0.0			1.0	1.0
49	25	0.0	12826	0.0	3206500	0.0			1.0	1.0
50	25	0.0	12826	0.0	3206500	0.0			1.0	1.0
51	25	0.0	12826	0.0	3206500	0.0			1.0	1.0
52	25	0.0	12826	0.0	3206500	0.0			1.0	1.0
53	25	0.0	12826	0.0	3206500	0.0			1.0	1.0
54	25	0.0	12826	0.0	3206500	0.0			1.0	1.0
55	25	0.0	12826	0.0	3206500	0.0			1.0	1.0
56	25	0.0	12826	0.0	3206500	0.0			1.0	1.0
57	25	0.0	12826	0.0	3206500	0.0			1.0	1.0
58	25	0.0	12826	0.0	3206500	0.0			1.0	1.0
59	25	0.0	12826	0.0	3206500	0.0			1.0	1.0
60	25	0.0	12826	0.0	3206500	0.0			1.0	1.0
61	25	0.0	12826	0.0	3206500	0.0			1.0	1.0
62	25	0.0	12826	0.0	3206500	0.0			1.0	1.0
63	25	0.0	12826	0.0	3206500	0.0			1.0	1.0
64	25	0.0	12826	0.0	3206500	0.0			1.0	1.0
65	25	0.0	12826	0.0	3206500	0.0			1.0	1.0
66	25	0.0	12826	0.0	3206500	0.0			1.0	1.0
67	25	0.0	12826	0.0	3206500	0.0			1.0	1.0
68	25	0.0	12826	0.0	3206500	0.0			1.0	1.0
69	25	0.0	12826	0.0	3206500	0.0			1.0	1.0
70	25	0.0	12826	0.0	3206500	0.0			1.0	1.0
71	25	0.0	12826	0.0	3206500	0.0			1.0	1.0
72	25	0.0	12826	0.0	3206500	0.0			1.0	1.0
73	25	0.0	12826	0.0	3206500	0.0			1.0	1.0
74	25	0.0	12826	0.0	3206500	0.0			1.0	1.0
75	25	0.0	12826	0.0	3206500	0.0			1.0	1.0
76	25	0.0	12826	0.0	3206500	0.0			1.0	1.0
77	25	0.0	12826	0.0	3206500	0.0			1.0	1.0
78	25	0.0	12826	0.0	3206500	0.0			1.0	1.0
79	25	0.0	12826	0.0	3206500	0.0			1.0	1.0
80	25	0.0	12826	0.0	3206500	0.0			1.0	1.0
81	25	0.0	12826	0.0	3206500	0.0			1.0	1.0
82	25	0.0	12826	0.0	3206500	0.0			1.0	1.0
83	25	0.0	12826	0.0	3206500	0.0			1.0	1.0
84	25	0.0	12826	0.0	3206500	0.0			1.0	1.0
85	25	0.0	12826	0.0	3206500	0.0			1.0	1.0
86	25	0.0	12826	0.0	3206500	0.0			1.0	1.0
87	25	0.0	12826	0.0	3206500	0.0			1.0	1.0
88	25	0.0	12826	0.0	3206500	0.0			1.0	1.0
89	25	0.0	12826	0.0	3206500	0.0			1.0	1.0
90	25	0.0	12826	0.0	3206500	0.0			1.0	1.0
91	25	0.0	12826	0.0	3206500	0.0			1.0	1.0
92	25	0.0	12826	0.0	3206500	0.0			1.0	1.0
93	25	0.0	12826	0.0	3206500	0.0			1.0	1.0
94	25	0.0	12826	0.0	3206500	0.0			1.0	1.0
95	25	0.0	12826	0.0	3206500	0.0			1.0	1.0
96	25	0.0	12826	0.0	3206500	0.0			1.0	1.0
97	25	0.0	12826	0.0	3206500	0.0			1.0	1.0
98	25	0.0	12826	0.0	3206500	0.0			1.0	1.0
99	25	0.0	12826	0.0	3206500	0.0			1.0	1.0
100	25	0.0	12826	0.0	3206500	0.0			1.0	1.0
1	26	1.0	12826	462.0	3206500	1.848	0.5410897614406386	-0.8860601521413206	1.0	1.0
2	26	4.0	12826	632.0	3206500	2.528	1.5824601308273556	0.6621691522398838	0.328407410613899	1.0
3	26	3.0	12826	617.0	3206500	2.468	1.21560958827148	0.2816799594538914	0.7415952330315256	1.0
4	26	2.0	12826	484.0	3206500	1.936	1.0330630068621336	0.04692824734477732	0.7206723500626709	1.0
5	26	5.0	12826	581.0	3206500	2.324	2.1519120483404417	1.1056191141324179	0.08743747253889457	1.0
6	26	0.0	12826	611.0	3206500	2.444	0.0		0.1870109989031753	1.0
7	26	6.0	12826	678.0	3206500	2.712	2.212956801457899	1.1459752889469916	0.05837778044144003	1.0
8	26	4.0	12826	558.0	3206500	2.232	1.7923618064605582	0.8418618894601054	0.2941259970432086	1.0
9	26	2.0	12826	643.0	3206500	2.572	0.777570292482311	-0.362954993879832	1.0	1.0
10	26	2.0	12826	571.0	3206500	2.284	0.8756373502834549	-0.19159460094471745	1.0	1.0
11	26	1.0	12826	561.0	3206500	2.244	0.4455895730611933	-1.166212621340726	0.7324065537217164	1.0
12	26	0.0	12826	572.0	3206500	2.288	0.0		0.18280106338325186	1.0
13	26	1.0	12826	683.0	3206500	2.732	0.36598277864826373	-1.4501523309225357	0.5348150705296817	1.0
14	26	2.0	12826	677.0	3206500	2.708	0.7385116624939759	-0.4373073908378934	1.0	1.0
15	26	1.0	12826	654.0	3206500	2.616	0.38221483031397724	-1.3875443374894738	0.5307970610988265	1.0
16	26	0.0	12826	587.0	3206500	2.348	0.0		0.18390373099765878	1.0
17	26	2.0	12826	630.0	3206500	2.52	0.7936186119280317	-0.33348223471019034	1.0	1.0
18	26	4.0	12826	639.0	3206500	2.556	1.5651214693837299	0.6462746293476818	0.33225879444324835	1.0
19	26	1.0	12826	672.0	3206500	2.688	0.37197484451870416	-1.4267230351541498	0.5330662017154971	1.0
20	26	0.0	12826	563.0	3206500	2.252	0.0		0.18246295464226558	1.0
21	26	4.0	12826	478.0	3206500	1.912	2.092390889351396	1.065152393386922	0.12840485894784856	1.0
22	26	2.0	12826	501.0	3206500	2.004	0.9980036807233942	-0.002882958531644653	1.0	1.0
23	26	5.0	12826	552.0	3206500	2.208	2.264985887058031	1.1795020609846123	0.07417313805685466	1.0
24	26	2.0	12826	643.0	3206500	2.572	0.777570292482311	-0.362954993879832	1.0	1.0
25	26	2.0	12826	505.0	3206500	2.02	0.9900974657665392	-0.01435754297109044	1.0	1.0
26	26	0.0	12826	141.0	3206500	0.564	0.0		1.0	1.0
27	26	0.0	12826	0.0	3206500	0.0			1.0	1.0
28	26	0.0	12826	0.0	3206500	0.0			1.0	1.0
29	26	0.0	12826	0.0	3206500	0.0			1.0	1.0
30	26	0.0	12826	0.0	3206500	0.0			1.0	1.0
31	26	0.0	12826	0.0	3206500	0.0			1.0	1.0
32	26	0.0	12826	0.0	3206500	0.0			1.0	1.0
33	26	0.0	12826	0.0	3206500	0.0			1.0	1.0
34	26	0.0	12826	0.0	3206500	0.0			1.0	1.0
35	26	0.0	12826	0.0	3206500	0.0			1.0	1.0
36	26	0.0	12826	0.0	3206500	0.0			1.0	1.0
37	26	0.0	12826	0.0	3206500	0.0			1.0	1.0
38	26	0.0	12826	0.0	3206500	0.0			1.0	1.0
39	26	0.0	12826	0.0	3206500	0.0			1.0	1.0
40	26	0.0	12826	0.0	3206500	0.0			1.0	1.0
41	26	0.0	12826	0.0	3206500	0.0			1.0	1.0
42	26	0.0	12826	0.0	3206500	0.0			1.0	1.0
43	26	0.0	12826	0.0	3206500	0.0			1.0	1.0
44	26	0.0	12826	0.0	3206500	0.0			1.0	1.0
45	26	0.0	12826	0.0	3206500	0.0			1.0	1.0
46	26	0.0	12826	0.0	3206500	0.0			1.0	1.0
47	26	0.0	12826	0.0	3206500	0.0			1.0	1.0
48	26	0.0	12826	0.0	3206500	0.0			1.0	1.0
49	26	0.0	12826	0.0	3206500	0.0			1.0	1.0
50	26	0.0	12826	0.0	3206500	0.0			1.0	1.0
51	26	0.0	12826	0.0	3206500	0.0			1.0	1.0
52	26	0.0	12826	0.0	3206500	0.0			1.0	1.0
53	26	0.0	12826	0.0	3206500	0.0			1.0	1.0
54	26	0.0	12826	0.0	3206500	0.0			1.0	1.0
55	26	0.0	12826	0.0	3206500	0.0			1.0	1.0
56	26	0.0	12826	0.0	3206500	0.0			1.0	1.0
57	26	0.0	12826	0.0	3206500	0.0			1.0	1.0
58	26	0.0	12826	0.0	3206500	0.0			1.0	1.0
59	26	0.0	12826	0.0	3206500	0.0			1.0	1.0
60	26	0.0	12826	0.0	3206500	0.0			1.0	1.0
61	26	0.0	12826	0.0	3206500	0.0			1.0	1.0
62	26	0.0	12826	0.0	3206500	0.0			1.0	1.0
63	26	0.0	12826	0.0	3206500	0.0			1.0	1.0
64	26	0.0	12826	0.0	3206500	0.0			1.0	1.0
65	26	0.0	12826	0.0	3206500	0.0			1.0	1.0
66	26	0.0	12826	0.0	3206500	0.0			1.0	1.0
67	26	0.0	12826	0.0	3206500	0.0			1.0	1.0
68	26	0.0	12826	0.0	3206500	0.0			1.0	1.0
69	26	0.0	12826	0.0	3206500	0.0			1.0	1.0
70	26	0.0	12826	0.0	3206500	0.0			1.0	1.0
71	26	0.0	12826	0.0	3206500	0.0			1.0	1.0
72	26	0.0	12826	0.0	3206500	0.0			1.0	1.0
73	26	0.0	12826	0.0	3206500	0.0			1.0	1.0
74	26	0.0	12826	0.0	3206500	0.0			1.0	1.0
75	26	0.0	12826	0.0	3206500	0.0			1.0	1.0
76	26	0.0	12826	0.0	3206500	0.0			1.0	1.0
77	26	0.0	12826	0.0	3206500	0.0			1.0	1.0
78	26	0.0	12826	0.0	3206500	0.0			1.0	1.0
79	26	0.0	12826	0.0	3206500	0.0			1.0	1.0
80	26	0.0	12826	0.0	3206500	0.0			1.0	1.0
81	26	0.0	12826	0.0	3206500	0.0			1.0	1.0
82	26	0.0	12826	0.0	3206500	0.0			1.0	1.0
83	26	0.0	12826	0.0	3206500	0.0			1.0	1.0
84	26	0.0	12826	0.0	3206500	0.0			1.0	1.0
85	26	0.0	12826	0.0	3206500	0.0			1.0	1.0
86	26	0.0	12826	0.0	3206500	0.0			1.0	1.0
87	26	0.0	12826	0.0	3206500	0.0			1.0	1.0
88	26	0.0	12826	0.0	3206500	0.0			1.0	1.0
89	26	0.0	12826	0.0	3206500	0.0			1.0	1.0
90	26	0.0	12826	0.0	3206500	0.0			1.0	1.0
91	26	0.0	12826	0.0	3206500	0.0			1.0	1.0
92	26	0.0	12826	0.0	3206500	0.0			1.0	1.0
93	26	0.0	12826	0.0	3206500	0.0			1.0	1.0
94	26	0.0	12826	0.0	3206500	0.0			1.0	1.0
95	26	0.0	12826	0.0	3206500	0.0			1.0	1.0
96	26	0.0	12826	0.0	3206500	0.0			1.0	1.0
97	26	0.0	12826	0.0	3206500	0.0			1.0	1.0
98	26	0.0	12826	0.0	3206500	0.0			1.0	1.0
99	26	0.0	12826	0.0	3206500	0.0			1.0	1.0
100	26	0.0	12826	0.0	3206500	0.0			1.0	1.0
1	27	0.0	12826	429.0	3206500	1.716	0.0		0.4254180912972494	1.0
2	27	2.0	12826	727.0	3206500	2.908	0.6877092126952473	-0.5401294225228891	1.0	1.0
3	27	2.0	12826	526.0	3206500	2.104	0.9505626332755361	-0.07314640463744031	1.0	1.0
4	27	2.0	12826	481.0	3206500	1.924	1.0395071999875494	0.05589975083732041	0.7190517671691535	1.0
5	27	3.0	12826	526.0	3206500	2.104	1.4259551441697116	0.5119286000835301	0.47347363643216955	1.0
6	27	5.0	12826	573.0	3206500	2.292	2.1819616404314854	1.125625738854132	0.0836621136790945	1.0
7	27	3.0	12826	823.0	3206500	3.292	0.9112793697609541	-0.1340346878613154	1.0	1.0
8	27	2.0	12826	506.0	3206500	2.024	0.9881404431907564	-0.017211990025468686	1.0	1.0
9	27	2.0	12826	600.0	3206500	2.4	0.8333073404034103	-0.26307940638093297	1.0	1.0
10	27	0.0	12826	631.0	3206500	2.524	0.0		0.19079607214638075	1.0
11	27	5.0	12826	489.0	3206500	1.956	2.5568441282666843	1.3543642128943767	0.04945538261508273	1.0
12	27	0.0	12826	455.0	3206500	1.82	0.0		0.43528506634110853	1.0
13	27	2.0	12826	750.0	3206500	3.0	0.6666146808068205	-0.5850750047209706	0.7754843970779741	1.0
14	27	2.0	12826	751.0	3206500	3.004	0.665726837080607	-0.5869977668856157	0.7754843969930754	1.0
15	27	2.0	12826	423.0	3206500	1.692	1.1820614863679064	0.24130508100693737	0.6883767979628956	1.0
16	27	4.0	12826	458.0	3206500	1.832	2.183775293419675	1.1268244131499598	0.11492917245672506	1.0
17	27	1.0	12826	647.0	3206500	2.588	0.38635091937296445	-1.3720162638468487	0.5301223721941772	1.0
18	27	0.0	12826	666.0	3206500	2.664	0.0		0.12270092361354959	1.0
19	27	1.0	12826	460.0	3206500	1.84	0.5434426646325959	-0.87980026168368	1.0	1.0
20	27	2.0	12826	984.0	3206500	3.936	0.5080533704588449	-0.9769480363703889	0.4515818257541115	1.0
21	27	4.0	12826	576.0	3206500	2.304	1.7363407511395346	0.7960500997055441	0.3012583475045253	1.0
22	27	2.0	12826	395.0	3206500	1.58	1.2658642418882318	0.34012269066148054	0.6744799590638344	1.0
23	27	2.0	12826	450.0	3206500	1.8	1.11112843973106	0.15202559319225914	0.7024456390415781	1.0
24	27	0.0	12826	413.0	3206500	1.652	0.0		0.4205296329242677	1.0
25	27	2.0	12826	534.0	3206500	2.136	0.9363196581316399	-0.0949269470540044	1.0	1.0
26	27	1.0	12826	477.0	3206500	1.908	0.5240719081654754	-0.9321633166433574	1.0	1.0
27	27	1.0	12826	104.0	3206500	0.416	2.4039556155345627	1.265410259676677	0.34240695899159046	1.0
28	27	0.0	12826	0.0	3206500	0.0			1.0	1.0
29	27	0.0	12826	0.0	3206500	0.0			1.0	1.0
30	27	0.0	12826	0.0	3206500	0.0			1.0	1.0
31	27	0.0	12826	0.0	3206500	0.0			1.0	1.0
32	27	0.0	12826	0.0	3206500	0.0			1.0	1.0
33	27	0.0	12826	0.0	3206500	0.0			1.0	1.0
34	27	0.0	12826	0.0	3206500	0.0			1.0	1.0
35	27	0.0	12826	0.0	3206500	0.0			1.0	1.0
36	27	0.0	12826	0.0	3206500	0.0			1.0	1.0
37	27	0.0	12826	0.0	3206500	0.0			1.0	1.0
38	27	0.0	12826	0.0	3206500	0.0			1.0	1.0
39	27	0.0	12826	0.0	3206500	0.0			1.0	1.0
40	27	0.0	12826	0.0	3206500	0.0			1.0	1.0
41	27	0.0	12826	0.0	3206500	0.0			1.0	1.0
42	27	0.0	12826	0.0	3206500	0.0			1.0	1.0
43	27	0.0	12826	0.0	3206500	0.0			1.0	1.0
44	27	0.0	12826	0.0	3206500	0.0			1.0	1.0
45	27	0.0	12826	0.0	3206500	0.0			1.0	1.0
46	27	0.0	12826	0.0	3206500	0.0			1.0	1.0
47	27	0.0	12826	0.0	3206500	0.0			1.0	1.0
48	27	0.0	12826	0.0	3206500	0.0			1.0	1.0
49	27	0.0	12826	0.0	3206500	0.0			1.0	1.0
50	27	0.0	12826	0.0	3206500	0.0			1.0	1.0
51	27	0.0	12826	0.0	3206500	0.0			1.0	1.0
52	27	0.0	12826	0.0	3206500	0.0			1.0	1.0
53	27	0.0	12826	0.0	3206500	0.0			1.0	1.0
54	27	0.0	12826	0.0	3206500	0.0			1.0	1.0
55	27	0.0	12826	0.0	3206500	0.0			1.0	1.0
56	27	0.0	12826	0.0	3206500	0.0			1.0	1.0
57	27	0.0	12826	0.0	3206500	0.0			1.0	1.0
58	27	0.0	12826	0.0	3206500	0.0			1.0	1.0
59	27	0.0	12826	0.0	3206500	0.0			1.0	1.0
60	27	0.0	12826	0.0	3206500	0.0			1.0	1.0
61	27	0.0	12826	0.0	3206500	0.0			1.0	1.0
62	27	0.0	12826	0.0	3206500	0.0			1.0	1.0
63	27	0.0	12826	0.0	3206500	0.0			1.0	1.0
64	27	0.0	12826	0.0	3206500	0.0			1.0	1.0
65	27	0.0	12826	0.0	3206500	0.0			1.0	1.0
66	27	0.0	12826	0.0	3206500	0.0			1.0	1.0
67	27	0.0	12826	0.0	3206500	0.0			1.0	1.0
68	27	0.0	12826	0.0	3206500	0.0			1.0	1.0
69	27	0.0	12826	0.0	3206500	0.0			1.0	1.0
70	27	0.0	12826	0.0	3206500	0.0			1.0	1.0
71	27	0.0	12826	0.0	3206500	0.0			1.0	1.0
72	27	0.0	12826	0.0	3206500	0.0			1.0	1.0
73	27	0.0	12826	0.0	3206500	0.0			1.0	1.0
74	27	0.0	12826	0.0	3206500	0.0			1.0	1.0
75	27	0.0	12826	0.0	3206500	0.0			1.0	1.0
76	27	0.0	12826	0.0	3206500	0.0			1.0	1.0
77	27	0.0	12826	0.0	3206500	0.0			1.0	1.0
78	27	0.0	12826	0.0	3206500	0.0			1.0	1.0
79	27	0.0	12826	0.0	3206500	0.0			1.0	1.0
80	27	0.0	12826	0.0	3206500	0.0			1.0	1.0
81	27	0.0	12826	0.0	3206500	0.0			1.0	1.0
82	27	0.0	12826	0.0	3206500	0.0			1.0	1.0
83	27	0.0	12826	0.0	3206500	0.0			1.0	1.0
84	27	0.0	12826	0.0	3206500	0.0			1.0	1.0
85	27	0.0	12826	0.0	3206500	0.0			1.0	1.0
86	27	0.0	12826	0.0	3206500	0.0			1.0	1.0
87	27	0.0	12826	0.0	3206500	0.0			1.0	1.0
88	27	0.0	12826	0.0	3206500	0.0			1.0	1.0
89	27	0.0	12826	0.0	3206500	0.0			1.0	1.0
90	27	0.0	12826	0.0	3206500	0.0			1.0	1.0
91	27	0.0	12826	0.0	3206500	0.0			1.0	1.0
92	27	0.0	12826	0.0	3206500	0.0			1.0	1.0
93	27	0.0	12826	0.0	3206500	0.0			1.0	1.0
94	27	0.0	12826	0.0	3206500	0.0			1.0	1.0
95	27	0.0	12826	0.0	3206500	0.0			1.0	1.0
96	27	0.0	12826	0.0	3206500	0.0			1.0	1.0
97	27	0.0	12826	0.0	3206500	0.0			1.0	1.0
98	27	0.0	12826	0.0	3206500	0.0			1.0	1.0
99	27	0.0	12826	0.0	3206500	0.0			1.0	1.0
100	27	0.0	12826	0.0	3206500	0.0			1.0	1.0
1	28	1.0	12826	422.0	3206500	1.688	0.5923852812653012	-0.7553922998199532	1.0	1.0
2	28	2.0	12826	522.0	3206500	2.088	0.9578478332054601	-0.062131611907734946	1.0	1.0
3	28	3.0	12826	567.0	3206500	2.268	1.3228268319120693	0.40362421422942035	0.49911418498573906	1.0
4	28	1.0	12826	559.0	3206500	2.236	0.44718409021958594	-1.1610592335613732	0.7321796215976902	1.0
5	28	3.0	12826	510.0	3206500	2.04	1.4706983315824966	0.55650135253265	0.4641915486344529	1.0
6	28	1.0	12826	554.0	3206500	2.216	0.45122075143735796	-1.1480946767354527	0.7316415681857606	1.0
7	28	2.0	12826	647.0	3206500	2.588	0.7727620931001667	-0.37190376861961805	1.0	1.0
8	28	3.0	12826	870.0	3206500	3.48	0.8620366959154752	-0.21417881038918185	1.0	1.0
9	28	4.0	12826	539.0	3206500	2.156	1.8555543883440133	0.8918502886367428	0.17315064896723115	1.0
10	28	2.0	12826	474.0	3206500	1.896	1.05486087531027	0.07705273567616858	0.715276720235439	1.0
11	28	0.0	12826	482.0	3206500	1.928	0.0		0.2743830130966703	1.0
12	28	3.0	12826	563.0	3206500	2.252	1.3322269085481253	0.4138398271217271	0.4965140195937865	1.0
13	28	2.0	12826	558.0	3206500	2.232	0.8960411370257827	-0.15836312731347557	1.0	1.0
14	28	5.0	12826	1551.0	3206500	6.204	0.8058559732176985	-0.3114060790768479	0.839550919068242	1.0
15	28	2.0	12826	581.0	3206500	2.324	0.8605634551395136	-0.21664651907761234	1.0	1.0
16	28	1.0	12826	498.0	3206500	1.992	0.5019692023454442	-0.9943292426365988	1.0	1.0
17	28	2.0	12826	437.0	3206500	1.748	1.1441872433123819	0.19432316478549536	0.6956088417058989	1.0
18	28	2.0	12826	546.0	3206500	2.184	0.915737776467658	-0.12699355633511528	1.0	1.0
19	28	4.0	12826	575.0	3206500	2.3	1.739361016730755	0.7985574053251696	0.3008397931729262	1.0
20	28	2.0	12826	569.0	3206500	2.276	0.8787157098893003	-0.18653160787189915	1.0	1.0
21	28	2.0	12826	658.0	3206500	2.632	0.7598409706723905	-0.3962305905808043	1.0	1.0
22	28	3.0	12826	489.0	3206500	1.956	1.5338672027687978	0.617173584405317	0.45278313572088086	1.0
23	28	1.0	12826	581.0	3206500	2.324	0.43024817733758763	-1.216759014304843	0.7350277423474973	1.0
24	28	2.0	12826	578.0	3206500	2.312	0.8650308569356332	-0.20917649814492584	1.0	1.0
25	28	3.0	12826	492.0	3206500	1.968	1.52451292741891	0.6083483840269516	0.4543539440431491	1.0
26	28	3.0	12826	542.0	3206500	2.168	1.3838536209584196	0.4686913479703527	0.48319361021827434	1.0
27	28	0.0	12826	486.0	3206500	1.944	0.0		0.27484125869498666	1.0
28	28	0.0	12826	137.0	3206500	0.548	0.0		1.0	1.0
29	28	0.0	12826	0.0	3206500	0.0			1.0	1.0
30	28	0.0	12826	0.0	3206500	0.0			1.0	1.0
31	28	0.0	12826	0.0	3206500	0.0			1.0	1.0
32	28	0.0	12826	0.0	3206500	0.0			1.0	1.0
33	28	0.0	12826	0.0	3206500	0.0			1.0	1.0
34	28	0.0	12826	0.0	3206500	0.0			1.0	1.0
35	28	0.0	12826	0.0	3206500	0.0			1.0	1.0
36	28	0.0	12826	0.0	3206500	0.0			1.0	1.0
37	28	0.0	12826	0.0	3206500	0.0			1.0	1.0
38	28	0.0	12826	0.0	3206500	0.0			1.0	1.0
39	28	0.0	12826	0.0	3206500	0.0			1.0	1.0
40	28	0.0	12826	0.0	3206500	0.0			1.0	1.0
41	28	0.0	12826	0.0	3206500	0.0			1.0	1.0
42	28	0.0	12826	0.0	3206500	0.0			1.0	1.0
43	28	0.0	12826	0.0	3206500	0.0			1.0	1.0
44	28	0.0	12826	0.0	3206500	0.0			1.0	1.0
45	28	0.0	12826	0.0	3206500	0.0			1.0	1.0
46	28	0.0	12826	0.0	3206500	0.0			1.0	1.0
47	28	0.0	12826	0.0	3206500	0.0			1.0	1.0
48	28	0.0	12826	0.0	3206500	0.0			1.0	1.0
49	28	0.0	12826	0.0	3206500	0.0			1.0	1.0
50	28	0.0	12826	0.0	3206500	0.0			1.0	1.0
51	28	0.0	12826	0.0	3206500	0.0			1.0	1.0
52	28	0.0	12826	0.0	3206500	0.0			1.0	1.0
53	28	0.0	12826	0.0	3206500	0.0			1.0	1.0
54	28	0.0	12826	0.0	3206500	0.0			1.0	1.0
55	28	0.0	12826	0.0	3206500	0.0			1.0	1.0
56	28	0.0	12826	0.0	3206500	0.0			1.0	1.0
57	28	0.0	12826	0.0	3206500	0.0			1.0	1.0
58	28	0.0	12826	0.0	3206500	0.0			1.0	1.0
59	28	0.0	12826	0.0	3206500	0.0			1.0	1.0
60	28	0.0	12826	0.0	3206500	0.0			1.0	1.0
61	28	0.0	12826	0.0	3206500	0.0			1.0	1.0
62	28	0.0	12826	0.0	3206500	0.0			1.0	1.0
63	28	0.0	12826	0.0	3206500	0.0			1.0	1.0
64	28	0.0	12826	0.0	3206500	0.0			1.0	1.0
65	28	0.0	12826	0.0	3206500	0.0			1.0	1.0
66	28	0.0	12826	0.0	3206500	0.0			1.0	1.0
67	28	0.0	12826	0.0	3206500	0.0			1.0	1.0
68	28	0.0	12826	0.0	3206500	0.0			1.0	1.0
69	28	0.0	12826	0.0	3206500	0.0			1.0	1.0
70	28	0.0	12826	0.0	3206500	0.0			1.0	1.0
71	28	0.0	12826	0.0	3206500	0.0			1.0	1.0
72	28	0.0	12826	0.0	3206500	0.0			1.0	1.0
73	28	0.0	12826	0.0	3206500	0.0			1.0	1.0
74	28	0.0	12826	0.0	3206500	0.0			1.0	1.0
75	28	0.0	12826	0.0	3206500	0.0			1.0	1.0
76	28	0.0	12826	0.0	3206500	0.0			1.0	1.0
77	28	0.0	12826	0.0	3206500	0.0			1.0	1.0
78	28	0.0	12826	0.0	3206500	0.0			1.0	1.0
79	28	0.0	12826	0.0	3206500	0.0			1.0	1.0
80	28	0.0	12826	0.0	3206500	0.0			1.0	1.0
81	28	0.0	12826	0.0	3206500	0.0			1.0	1.0
82	28	0.0	12826	0.0	3206500	0.0			1.0	1.0
83	28	0.0	12826	0.0	3206500	0.0			1.0	1.0
84	28	0.0	12826	0.0	3206500	0.0			1.0	1.0
85	28	0.0	12826	0.0	3206500	0.0			1.0	1.0
86	28	0.0	12826	0.0	3206500	0.0			1.0	1.0
87	28	0.0	12826	0.0	3206500	0.0			1.0	1.0
88	28	0.0	12826	0.0	3206500	0.0			1.0	1.0
89	28	0.0	12826	0.0	3206500	0.0			1.0	1.0
90	28	0.0	12826	0.0	3206500	0.0			1.0	1.0
91	28	0.0	12826	0.0	3206500	0.0			1.0	1.0
92	28	0.0	12826	0.0	3206500	0.0			1.0	1.0
93	28	0.0	12826	0.0	3206500	0.0			1.0	1.0
94	28	0.0	12826	0.0	3206500	0.0			1.0	1.0
95	28	0.0	12826	0.0	3206500	0.0			1.0	1.0
96	28	0.0	12826	0.0	3206500	0.0			1.0	1.0
97	28	0.0	12826	0.0	3206500	0.0			1.0	1.0
98	28	0.0	12826	0.0	3206500	0.0			1.0	1.0
99	28	0.0	12826	0.0	3206500	0.0			1.0	1.0
100	28	0.0	12826	0.0	3206500	0.0			1.0	1.0
1	29	1.0	12826	445.0	3206500	1.78	0.5617635849924436	-0.8319649867162732	1.0	1.0
2	29	1.0	12826	640.0	3206500	2.56	0.39057748538011694	-1.3563193066115322	0.5295685491924109	1.0
3	29	4.0	12826	549.0	3206500	2.196	1.8217499010551934	0.865324912337758	0.18094740461376804	1.0
4	29	0.0	12826	453.0	3206500	1.812	0.0		0.4344485282069447	1.0
5	29	5.0	12826	549.0	3206500	2.196	2.277364990185018	1.1873655287742075	0.07286791465801513	1.0
6	29	1.0	12826	580.0	3206500	2.32	0.4309901189755999	-1.2142733009054962	0.7348820268487689	1.0
7	29	6.0	12826	572.0	3206500	2.288	2.623136925477019	1.3912931170008476	0.02982281762716709	1.0
8	29	1.0	12826	575.0	3206500	2.3	0.43473853716416644	-1.201780106675642	0.7341760284802852	1.0
9	29	4.0	12826	457.0	3206500	1.828	2.1885544777899857	1.129978296181322	0.11427246316375057	1.0
10	29	1.0	12826	632.0	3206500	2.528	0.39552249117872035	-1.3381683597609277	0.5290874160075576	1.0
11	29	1.0	12826	453.0	3206500	1.812	0.5518414382780596	-0.8576743008391069	1.0	1.0
12	29	1.0	12826	508.0	3206500	2.032	0.49208638393884974	-1.0230164973294265	0.7288275823348724	1.0
13	29	0.0	12826	439.0	3206500	1.756	0.0		0.4289466348304122	1.0
14	29	1.0	12826	515.0	3206500	2.06	0.4853967713242113	-1.0427635826283128	0.7289902462304532	1.0
15	29	3.0	12826	496.0	3206500	1.984	1.5122165815960735	0.5966647789888722	0.4564800626441453	1.0
16	29	1.0	12826	512.0	3206500	2.048	0.4882413499025341	-1.0343336105566878	0.7289081412509757	1.0
17	29	0.0	12826	498.0	3206500	1.992	0.0		0.2765791020858293	1.0
18	29	1.0	12826	489.0	3206500	1.956	0.511209334401671	-0.9680139155428843	1.0	1.0
19	29	2.0	12826	511.0	3206500	2.044	0.9784702240051372	-0.03140014626701109	1.0	1.0
20	29	3.0	12826	445.0	3206500	1.78	1.6855536093413608	0.7532225132319282	0.2652089261743303	1.0
21	29	1.0	12826	586.0	3206500	2.344	0.4265764525078339	-1.2291237653734304	0.7357784588993737	1.0
22	29	2.0	12826	513.0	3206500	2.052	0.9746549172543197	-0.0370365809367188	1.0	1.0
23	29	2.0	12826	585.0	3206500	2.34	0.8546781941978449	-0.22654678018426427	1.0	1.0
24	29	1.0	12826	481.0	3206500	1.924	0.5197130733972839	-0.9442127443899104	1.0	1.0
25	29	1.0	12826	679.0	3206500	2.716	0.3681392484648046	-1.4416765267817369	0.5341483341030759	1.0
26	29	0.0	12826	506.0	3206500	2.024	0.0		0.27803096646928305	1.0
27	29	3.0	12826	588.0	3206500	2.352	1.2755746609647525	0.3511473441393246	0.5130432602768498	1.0
28	29	0.0	12826	380.0	3206500	1.52	0.0		0.4137652717751662	1.0
29	29	0.0	12826	91.0	3206500	0.364	0.0		1.0	1.0
30	29	0.0	12826	0.0	3206500	0.0			1.0	1.0
31	29	0.0	12826	0.0	3206500	0.0			1.0	1.0
32	29	0.0	12826	0.0	3206500	0.0			1.0	1.0
33	29	0.0	12826	0.0	3206500	0.0			1.0	1.0
34	29	0.0	12826	0.0	3206500	0.0			1.0	1.0
35	29	0.0	12826	0.0	3206500	0.0			1.0	1.0
36	29	0.0	12826	0.0	3206500	0.0			1.0	1.0
37	29	0.0	12826	0.0	3206500	0.0			1.0	1.0
38	29	0.0	12826	0.0	3206500	0.0			1.0	1.0
39	29	0.0	12826	0.0	3206500	0.0			1.0	1.0
40	29	0.0	12826	0.0	3206500	0.0			1.0	1.0
41	29	0.0	12826	0.0	3206500	0.0			1.0	1.0
42	29	0.0	12826	0.0	3206500	0.0			1.0	1.0
43	29	0.0	12826	0.0	3206500	0.0			1.0	1.0
44	29	0.0	12826	0.0	3206500	0.0			1.0	1.0
45	29	0.0	12826	0.0	3206500	0.0			1.0	1.0
46	29	0.0	12826	0.0	3206500	0.0			1.0	1.0
47	29	0.0	12826	0.0	3206500	0.0			1.0	1.0
48	29	0.0	12826	0.0	3206500	0.0			1.0	1.0
49	29	0.0	12826	0.0	3206500	0.0			1.0	1.0
50	29	0.0	12826	0.0	3206500	0.0			1.0	1.0
51	29	0.0	12826	0.0	3206500	0.0			1.0	1.0
52	29	0.0	12826	0.0	3206500	0.0			1.0	1.0
53	29	0.0	12826	0.0	3206500	0.0			1.0	1.0
54	29	0.0	12826	0.0	3206500	0.0			1.0	1.0
55	29	0.0	12826	0.0	3206500	0.0			1.0	1.0
56	29	0.0	12826	0.0	3206500	0.0			1.0	1.0
57	29	0.0	12826	0.0	3206500	0.0			1.0	1.0
58	29	0.0	12826	0.0	3206500	0.0			1.0	1.0
59	29	0.0	12826	0.0	3206500	0.0			1.0	1.0
60	29	0.0	12826	0.0	3206500	0.0			1.0	1.0
61	29	0.0	12826	0.0	3206500	0.0			1.0	1.0
62	29	0.0	12826	0.0	3206500	0.0			1.0	1.0
63	29	0.0	12826	0.0	3206500	0.0			1.0	1.0
64	29	0.0	12826	0.0	3206500	0.0			1.0	1.0
65	29	0.0	12826	0.0	3206500	0.0			1.0	1.0
66	29	0.0	12826	0.0	3206500	0.0			1.0	1.0
67	29	0.0	12826	0.0	3206500	0.0			1.0	1.0
68	29	0.0	12826	0.0	3206500	0.0			1.0	1.0
69	29	0.0	12826	0.0	3206500	0.0			1.0	1.0
70	29	0.0	12826	0.0	3206500	0.0			1.0	1.0
71	29	0.0	12826	0.0	3206500	0.0			1.0	1.0
72	29	0.0	12826	0.0	3206500	0.0			1.0	1.0
73	29	0.0	12826	0.0	3206500	0.0			1.0	1.0
74	29	0.0	12826	0.0	3206500	0.0			1.0	1.0
75	29	0.0	12826	0.0	3206500	0.0			1.0	1.0
76	29	0.0	12826	0.0	3206500	0.0			1.0	1.0
77	29	0.0	12826	0.0	3206500	0.0			1.0	1.0
78	29	0.0	12826	0.0	3206500	0.0			1.0	1.0
79	29	0.0	12826	0.0	3206500	0.0			1.0	1.0
80	29	0.0	12826	0.0	3206500	0.0			1.0	1.0
81	29	0.0	12826	0.0	3206500	0.0			1.0	1.0
82	29	0.0	12826	0.0	3206500	0.0			1.0	1.0
83	29	0.0	12826	0.0	3206500	0.0			1.0	1.0
84	29	0.0	12826	0.0	3206500	0.0			1.0	1.0
85	29	0.0	12826	0.0	3206500	0.0			1.0	1.0
86	29	0.0	12826	0.0	3206500	0.0			1.0	1.0
87	29	0.0	12826	0.0	3206500	0.0			1.0	1.0
88	29	0.0	12826	0.0	3206500	0.0			1.0	1.0
89	29	0.0	12826	0.0	3206500	0.0			1.0	1.0
90	29	0.0	12826	0.0	3206500	0.0			1.0	1.0
91	29	0.0	12826	0.0	3206500	0.0			1.0	1.0
92	29	0.0	12826	0.0	3206500	0.0			1.0	1.0
93	29	0.0	12826	0.0	3206500	0.0			1.0	1.0
94	29	0.0	12826	0.0	3206500	0.0			1.0	1.0
95	29	0.0	12826	0.0	3206500	0.0			1.0	1.0
96	29	0.0	12826	0.0	3206500	0.0			1.0	1.0
97	29	0.0	12826	0.0	3206500	0.0			1.0	1.0
98	29	0.0	12826	0.0	3206500	0.0			1.0	1.0
99	29	0.0	12826	0.0	3206500	0.0			1.0	1.0
100	29	0.0	12826	0.0	3206500	0.0			1.0	1.0
1	30	0.0	12826	385.0	3206500	1.54	0.0		0.4144776225365208	1.0
2	30	2.0	12826	469.0	3206500	1.876	1.0661083895201826	0.0923541220313157	0.7125872067675969	1.0
3	30	1.0	12826	563.0	3206500	2.252	0.4440063846215104	-1.171347672826474	0.7326400795627701	1.0
4	30	1.0	12826	490.0	3206500	1.96	0.5101658909177706	-0.9709616495902004	1.0	1.0
5	30	0.0	12826	432.0	3206500	1.728	0.0		0.42643993078489195	1.0
6	30	1.0	12826	372.0	3206500	1.488	0.6720174390576201	-0.5734294230209778	1.0	1.0
7	30	2.0	12826	457.0	3206500	1.828	1.0941065780654708	0.12975327940774117	0.7061648073209952	1.0
8	30	2.0	12826	411.0	3206500	1.644	1.2165787840014086	0.28282975028684626	0.6823151195275884	1.0
9	30	2.0	12826	440.0	3206500	1.76	1.1363849033063007	0.1844515707919709	0.6971773627834374	1.0
10	30	2.0	12826	529.0	3206500	2.116	0.9451710344616132	-0.08135267746610315	1.0	1.0
11	30	1.0	12826	423.0	3206500	1.692	0.5909846589154789	-0.7588074142202931	1.0	1.0
12	30	1.0	12826	451.0	3206500	1.804	0.5542889744686921	-0.8512897840648209	1.0	1.0
13	30	0.0	12826	393.0	3206500	1.572	0.0		0.4158583414446462	1.0
14	30	1.0	12826	438.0	3206500	1.752	0.5707427879694161	-0.8090873705319912	1.0	1.0
15	30	1.0	12826	374.0	3206500	1.496	0.6684233459465657	-0.581165971761839	1.0	1.0
16	30	2.0	12826	394.0	3206500	1.576	1.2690774911254596	0.3437801642532151	0.674001049771655	1.0
17	30	0.0	12826	371.0	3206500	1.484	0.0		0.41278704292778146	1.0
18	30	0.0	12826	527.0	3206500	2.108	0.0		0.28289916079966493	1.0
19	30	1.0	12826	377.0	3206500	1.508	0.6631037068060661	-0.5926935750858033	1.0	1.0
20	30	0.0	12826	527.0	3206500	2.108	0.0		0.28289916079966493	1.0
21	30	1.0	12826	437.0	3206500	1.748	0.5720490139663932	-0.8057893304417353	1.0	1.0
22	30	2.0	12826	367.0	3206500	1.468	1.3624543388503505	0.4462078803717555	0.6616551765131896	1.0
23	30	1.0	12826	455.0	3206500	1.82	0.5494154188891031	-0.8640306958629239	1.0	1.0
24	30	0.0	12826	495.0	3206500	1.98	0.0		0.2760944317096351	1.0
25	30	1.0	12826	431.0	3206500	1.724	0.5800136587925084	-0.7858412200950979	1.0	1.0
26	30	1.0	12826	381.0	3206500	1.524	0.6561411694883169	-0.6079218492363413	1.0	1.0
27	30	2.0	12826	435.0	3206500	1.74	1.1494485913624597	0.20094194352894357	0.6945665650884765	1.0
28	30	3.0	12826	444.0	3206500	1.776	1.6893504281790954	0.7564686227262456	0.26414204845335304	1.0
29	30	2.0	12826	468.0	3206500	1.872	1.0683867321421907	0.09543396495731976	0.712050136610965	1.0
30	30	0.0	12826	83.0	3206500	0.332	0.0		1.0	1.0
31	30	0.0	12826	0.0	3206500	0.0			1.0	1.0
32	30	0.0	12826	0.0	3206500	0.0			1.0	1.0
33	30	0.0	12826	0.0	3206500	0.0			1.0	1.0
34	30	0.0	12826	0.0	3206500	0.0			1.0	1.0
35	30	0.0	12826	0.0	3206500	0.0			1.0	1.0
36	30	0.0	12826	0.0	3206500	0.0			1.0	1.0
37	30	0.0	12826	0.0	3206500	0.0			1.0	1.0
38	30	0.0	12826	0.0	3206500	0.0			1.0	1.0
39	30	0.0	12826	0.0	3206500	0.0			1.0	1.0
40	30	0.0	12826	0.0	3206500	0.0			1.0	1.0
41	30	0.0	12826	0.0	3206500	0.0			1.0	1.0
42	30	0.0	12826	0.0	3206500	0.0			1.0	1.0
43	30	0.0	12826	0.0	3206500	0.0			1.0	1.0
44	30	0.0	12826	0.0	3206500	0.0			1.0	1.0
45	30	0.0	12826	0.0	3206500	0.0			1.0	1.0
46	30	0.0	12826	0.0	3206500	0.0			1.0	1.0
47	30	0.0	12826	0.0	3206500	0.0			1.0	1.0
48	30	0.0	12826	0.0	3206500	0.0			1.0	1.0
49	30	0.0	12826	0.0	3206500	0.0			1.0	1.0
50	30	0.0	12826	0.0	3206500	0.0			1.0	1.0
51	30	0.0	12826	0.0	3206500	0.0			1.0	1.0
52	30	0.0	12826	0.0	3206500	0.0			1.0	1.0
53	30	0.0	12826	0.0	3206500	0.0			1.0	1.0
54	30	0.0	12826	0.0	3206500	0.0			1.0	1.0
55	30	0.0	12826	0.0	3206500	0.0			1.0	1.0
56	30	0.0	12826	0.0	3206500	0.0			1.0	1.0
57	30	0.0	12826	0.0	3206500	0.0			1.0	1.0
58	30	0.0	12826	0.0	3206500	0.0			1.0	1.0
59	30	0.0	12826	0.0	3206500	0.0			1.0	1.0
60	30	0.0	12826	0.0	3206500	0.0			1.0	1.0
61	30	0.0	12826	0.0	3206500	0.0			1.0	1.0
62	30	0.0	12826	0.0	3206500	0.0			1.0	1.0
63	30	0.0	12826	0.0	3206500	0.0			1.0	1.0
64	30	0.0	12826	0.0	3206500	0.0			1.0	1.0
65	30	0.0	12826	0.0	3206500	0.0			1.0	1.0
66	30	0.0	12826	0.0	3206500	0.0			1.0	1.0
67	30	0.0	12826	0.0	3206500	0.0			1.0	1.0
68	30	0.0	12826	0.0	3206500	0.0			1.0	1.0
69	30	0.0	12826	0.0	3206500	0.0			1.0	1.0
70	30	0.0	12826	0.0	3206500	0.0			1.0	1.0
71	30	0.0	12826	0.0	3206500	0.0			1.0	1.0
72	30	0.0	12826	0.0	3206500	0.0			1.0	1.0
73	30	0.0	12826	0.0	3206500	0.0			1.0	1.0
74	30	0.0	12826	0.0	3206500	0.0			1.0	1.0
75	30	0.0	12826	0.0	3206500	0.0			1.0	1.0
76	30	0.0	12826	0.0	3206500	0.0			1.0	1.0
77	30	0.0	12826	0.0	3206500	0.0			1.0	1.0
78	30	0.0	12826	0.0	3206500	0.0			1.0	1.0
79	30	0.0	12826	0.0	3206500	0.0			1.0	1.0
80	30	0.0	12826	0.0	3206500	0.0			1.0	1.0
81	30	0.0	12826	0.0	3206500	0.0			1.0	1.0
82	30	0.0	12826	0.0	3206500	0.0			1.0	1.0
83	30	0.0	12826	0.0	3206500	0.0			1.0	1.0
84	30	0.0	12826	0.0	3206500	0.0			1.0	1.0
85	30	0.0	12826	0.0	3206500	0.0			1.0	1.0
86	30	0.0	12826	0.0	3206500	0.0			1.0	1.0
87	30	0.0	12826	0.0	3206500	0.0			1.0	1.0
88	30	0.0	12826	0.0	3206500	0.0			1.0	1.0
89	30	0.0	12826	0.0	3206500	0.0			1.0	1.0
90	30	0.0	12826	0.0	3206500	0.0			1.0	1.0
91	30	0.0	12826	0.0	3206500	0.0			1.0	1.0
92	30	0.0	12826	0.0	3206500	0.0			1.0	1.0
93	30	0.0	12826	0.0	3206500	0.0			1.0	1.0
94	30	0.0	12826	0.0	3206500	0.0			1.0	1.0
95	30	0.0	12826	0.0	3206500	0.0			1.0	1.0
96	30	0.0	12826	0.0	3206500	0.0			1.0	1.0
97	30	0.0	12826	0.0	3206500	0.0			1.0	1.0
98	30	0.0	12826	0.0	3206500	0.0			1.0	1.0
99	30	0.0	12826	0.0	3206500	0.0			1.0	1.0
100	30	0.0	12826	0.0	3206500	0.0			1.0	1.0
1	31	3.0	12826	347.0	3206500	1.388	2.161654996279425	1.112136284925326	0.16485582830730147	1.0
2	31	4.0	12826	569.0	3206500	2.276	1.7577055472812957	0.8136934089016817	0.29838262430484574	1.0
3	31	4.0	12826	526.0	3206500	2.104	1.9014218076938816	0.9270786121361405	0.1631949227648027	1.0
4	31	4.0	12826	380.0	3206500	1.52	2.632087940956744	1.3962076919085251	0.06905773808457717	1.0
5	31	6.0	12826	449.0	3206500	1.796	3.341852756515606	1.7406481690291151	0.01053894317553662	0.9580857432306018
6	31	2.0	12826	464.0	3206500	1.856	1.0775983070535848	0.10781948938787582	0.7099049928247031	1.0
7	31	8.0	12826	561.0	3206500	2.244	3.5666633013011726	1.834575029522049	0.0023104312243264775	0.2888039030408097
8	31	2.0	12826	418.0	3206500	1.672	1.1962028433529237	0.258462051982478	0.6858340080607098	1.0
9	31	0.0	12826	442.0	3206500	1.768	0.0		0.4300719680817963	1.0
10	31	3.0	12826	430.0	3206500	1.72	1.7443601522699945	0.8026979393414395	0.24926575094104667	1.0
11	31	1.0	12826	584.0	3206500	2.336	0.4280375977996742	-1.2241905698104314	0.7354737757130956	1.0
12	31	0.0	12826	433.0	3206500	1.732	0.0		0.42678762765595424	1.0
13	31	3.0	12826	573.0	3206500	2.292	1.3089727922625942	0.3884351103650723	0.5030481075591837	1.0
14	31	0.0	12826	342.0	3206500	1.368	0.0		0.6507221560028698	1.0
15	31	1.0	12826	354.0	3206500	1.416	0.7061917820288323	-0.5018680623699029	1.0	1.0
16	31	3.0	12826	418.0	3206500	1.672	1.7944441936159121	0.8435370567034487	0.2366188978443814	1.0
17	31	2.0	12826	428.0	3206500	1.712	1.1682505349199224	0.2243496977857578	0.6909417990522007	1.0
18	31	0.0	12826	463.0	3206500	1.852	0.0		0.27307038564063946	1.0
19	31	0.0	12826	515.0	3206500	2.06	0.0		0.27993419036297795	1.0
20	31	0.0	12826	480.0	3206500	1.92	0.0		0.2741771120383587	1.0
21	31	0.0	12826	462.0	3206500	1.848	0.0		0.27304203929010185	1.0
22	31	0.0	12826	421.0	3206500	1.684	0.0		0.42285299436910656	1.0
23	31	0.0	12826	434.0	3206500	1.736	0.0		0.4271388293207077	1.0
24	31	5.0	12826	499.0	3206500	1.996	2.505596951644495	1.3251543625332398	0.052999035958375386	1.0
25	31	2.0	12826	414.0	3206500	1.656	1.2077618655841553	0.27233602651068817	0.6838170679179514	1.0
26	31	2.0	12826	467.0	3206500	1.868	1.0706748321201816	0.09852039482495384	0.7115133686318602	1.0
27	31	1.0	12826	419.0	3206500	1.676	0.5966272616040234	-0.7450981948502353	1.0	1.0
28	31	1.0	12826	496.0	3206500	1.984	0.5039935861158272	-0.9885227209593289	1.0	1.0
29	31	0.0	12826	494.0	3206500	1.976	0.0		0.27594023606147455	1.0
30	31	1.0	12826	355.0	3206500	1.42	0.7042022897619636	-0.5059381766569813	1.0	1.0
31	31	0.0	12826	95.0	3206500	0.38	0.0		1.0	1.0
32	31	0.0	12826	0.0	3206500	0.0			1.0	1.0
33	31	0.0	12826	0.0	3206500	0.0			1.0	1.0
34	31	0.0	12826	0.0	3206500	0.0			1.0	1.0
35	31	0.0	12826	0.0	3206500	0.0			1.0	1.0
36	31	0.0	12826	0.0	3206500	0.0			1.0	1.0
37	31	0.0	12826	0.0	3206500	0.0			1.0	1.0
38	31	0.0	12826	0.0	3206500	0.0			1.0	1.0
39	31	0.0	12826	0.0	3206500	0.0			1.0	1.0
40	31	0.0	12826	0.0	3206500	0.0			1.0	1.0
41	31	0.0	12826	0.0	3206500	0.0			1.0	1.0
42	31	0.0	12826	0.0	3206500	0.0			1.0	1.0
43	31	0.0	12826	0.0	3206500	0.0			1.0	1.0
44	31	0.0	12826	0.0	3206500	0.0			1.0	1.0
45	31	0.0	12826	0.0	3206500	0.0			1.0	1.0
46	31	0.0	12826	0.0	3206500	0.0			1.0	1.0
47	31	0.0	12826	0.0	3206500	0.0			1.0	1.0
48	31	0.0	12826	0.0	3206500	0.0			1.0	1.0
49	31	0.0	12826	0.0	3206500	0.0			1.0	1.0
50	31	0.0	12826	0.0	3206500	0.0			1.0	1.0
51	31	0.0	12826	0.0	3206500	0.0			1.0	1.0
52	31	0.0	12826	0.0	3206500	0.0			1.0	1.0
53	31	0.0	12826	0.0	3206500	0.0			1.0	1.0
54	31	0.0	12826	0.0	3206500	0.0			1.0	1.0
55	31	0.0	12826	0.0	3206500	0.0			1.0	1.0
56	31	0.0	12826	0.0	3206500	0.0			1.0	1.0
57	31	0.0	12826	0.0	3206500	0.0			1.0	1.0
58	31	0.0	12826	0.0	3206500	0.0			1.0	1.0
59	31	0.0	12826	0.0	3206500	0.0			1.0	1.0
60	31	0.0	12826	0.0	3206500	0.0			1.0	1.0
61	31	0.0	12826	0.0	3206500	0.0			1.0	1.0
62	31	0.0	12826	0.0	3206500	0.0			1.0	1.0
63	31	0.0	12826	0.0	3206500	0.0			1.0	1.0
64	31	0.0	12826	0.0	3206500	0.0			1.0	1.0
65	31	0.0	12826	0.0	3206500	0.0			1.0	1.0
66	31	0.0	12826	0.0	3206500	0.0			1.0	1.0
67	31	0.0	12826	0.0	3206500	0.0			1.0	1.0
68	31	0.0	12826	0.0	3206500	0.0			1.0	1.0
69	31	0.0	12826	0.0	3206500	0.0			1.0	1.0
70	31	0.0	12826	0.0	3206500	0.0			1.0	1.0
71	31	0.0	12826	0.0	3206500	0.0			1.0	1.0
72	31	0.0	12826	0.0	3206500	0.0			1.0	1.0
73	31	0.0	12826	0.0	3206500	0.0			1.0	1.0
74	31	0.0	12826	0.0	3206500	0.0			1.0	1.0
75	31	0.0	12826	0.0	3206500	0.0			1.0	1.0
76	31	0.0	12826	0.0	3206500	0.0			1.0	1.0
77	31	0.0	12826	0.0	3206500	0.0			1.0	1.0
78	31	0.0	12826	0.0	3206500	0.0			1.0	1.0
79	31	0.0	12826	0.0	3206500	0.0			1.0	1.0
80	31	0.0	12826	0.0	3206500	0.0			1.0	1.0
81	31	0.0	12826	0.0	3206500	0.0			1.0	1.0
82	31	0.0	12826	0.0	3206500	0.0			1.0	1.0
83	31	0.0	12826	0.0	3206500	0.0			1.0	1.0
84	31	0.0	12826	0.0	3206500	0.0			1.0	1.0
85	31	0.0	12826	0.0	3206500	0.0			1.0	1.0
86	31	0.0	12826	0.0	3206500	0.0			1.0	1.0
87	31	0.0	12826	0.0	3206500	0.0			1.0	1.0
88	31	0.0	12826	0.0	3206500	0.0			1.0	1.0
89	31	0.0	12826	0.0	3206500	0.0			1.0	1.0
90	31	0.0	12826	0.0	3206500	0.0			1.0	1.0
91	31	0.0	12826	0.0	3206500	0.0			1.0	1.0
92	31	0.0	12826	0.0	3206500	0.0			1.0	1.0
93	31	0.0	12826	0.0	3206500	0.0			1.0	1.0
94	31	0.0	12826	0.0	3206500	0.0			1.0	1.0
95	31	0.0	12826	0.0	3206500	0.0			1.0	1.0
96	31	0.0	12826	0.0	3206500	0.0			1.0	1.0
97	31	0.0	12826	0.0	3206500	0.0			1.0	1.0
98	31	0.0	12826	0.0	3206500	0.0			1.0	1.0
99	31	0.0	12826	0.0	3206500	0.0			1.0	1.0
100	31	0.0	12826	0.0	3206500	0.0			1.0	1.0
1	32	4.0	12826	362.0	3206500	1.448	2.7629807539010556	1.4662255128025188	0.06012156689965728	1.0
2	32	5.0	12826	396.0	3206500	1.584	3.157406685212629	1.6587400968725807	0.02327951783126691	1.0
3	32	1.0	12826	416.0	3206500	1.664	0.600930424351477	-0.7347301293313548	1.0	1.0
4	32	2.0	12826	372.0	3206500	1.488	1.3441396843284432	0.42668307220625284	0.6638478566306775	1.0
5	32	2.0	12826	455.0	3206500	1.82	1.0989165232770972	0.13608179936430692	0.7050998637737798	1.0
6	32	0.0	12826	505.0	3206500	2.02	0.0		0.2778369704371759	1.0
7	32	2.0	12826	383.0	3206500	1.532	1.305530671114376	0.38463635159547194	0.6688281522942514	1.0
8	32	4.0	12826	468.0	3206500	1.872	2.137106762282242	1.0956589817309006	0.12158666848337304	1.0
9	32	3.0	12826	437.0	3206500	1.748	1.716414708910316	0.7793981695064661	0.2566892077006882	1.0
10	32	4.0	12826	387.0	3206500	1.548	2.5844734723950316	1.3698703942203507	0.07270717010942918	1.0
11	32	1.0	12826	430.0	3206500	1.72	0.5813627090983272	-0.7824895606067618	1.0	1.0
12	32	0.0	12826	371.0	3206500	1.484	0.0		0.41278704292778146	1.0
13	32	2.0	12826	324.0	3206500	1.296	1.5432945942407368	0.6260134793313847	0.372969846275798	1.0
14	32	3.0	12826	519.0	3206500	2.076	1.4451908352900924	0.531260011029231	0.4693550988466108	1.0
15	32	1.0	12826	472.0	3206500	1.888	0.5296243433442362	-0.9169586600253173	1.0	1.0
16	32	2.0	12826	417.0	3206500	1.668	1.1990718093024022	0.26191806060557105	0.6853282844676996	1.0
17	32	0.0	12826	430.0	3206500	1.72	0.0		0.42575514046747853	1.0
18	32	1.0	12826	487.0	3206500	1.948	0.5133090769360087	-0.9621003226794551	1.0	1.0
19	32	2.0	12826	391.0	3206500	1.564	1.2788158551820197	0.35480853635233356	0.6725726629918084	1.0
20	32	0.0	12826	396.0	3206500	1.584	0.0		0.4164503120003497	1.0
21	32	0.0	12826	457.0	3206500	1.828	0.0		0.2729633034088448	1.0
22	32	1.0	12826	347.0	3206500	1.388	0.7204392986950244	-0.4730512150228754	1.0	1.0
23	32	1.0	12826	462.0	3206500	1.848	0.5410897614406386	-0.8860601521413206	1.0	1.0
24	32	1.0	12826	626.0	3206500	2.504	0.39931418891566867	-1.3244037584170798	0.5288353710583323	1.0
25	32	1.0	12826	386.0	3206500	1.544	0.647640921532386	-0.6267339489216082	1.0	1.0
26	32	1.0	12826	452.0	3206500	1.808	0.5530624989218376	-0.8544855732162734	1.0	1.0
27	32	0.0	12826	364.0	3206500	1.456	0.0		0.41230688762959566	1.0
28	32	0.0	12826	423.0	3206500	1.692	0.0		0.4234720675645687	1.0
29	32	0.0	12826	439.0	3206500	1.756	0.0		0.4289466348304122	1.0
30	32	0.0	12826	349.0	3206500	1.396	0.0		0.6533956461010149	1.0
31	32	3.0	12826	391.0	3206500	1.564	1.9183733752071535	0.9398835410733041	0.20861942654479487	1.0
32	32	0.0	12826	84.0	3206500	0.336	0.0		1.0	1.0
33	32	0.0	12826	0.0	3206500	0.0			1.0	1.0
34	32	0.0	12826	0.0	3206500	0.0			1.0	1.0
35	32	0.0	12826	0.0	3206500	0.0			1.0	1.0
36	32	0.0	12826	0.0	3206500	0.0			1.0	1.0
37	32	0.0	12826	0.0	3206500	0.0			1.0	1.0
38	32	0.0	12826	0.0	3206500	0.0			1.0	1.0
39	32	0.0	12826	0.0	3206500	0.0			1.0	1.0
40	32	0.0	12826	0.0	3206500	0.0			1.0	1.0
41	32	0.0	12826	0.0	3206500	0.0			1.0	1.0
42	32	0.0	12826	0.0	3206500	0.0			1.0	1.0
43	32	0.0	12826	0.0	3206500	0.0			1.0	1.0
44	32	0.0	12826	0.0	3206500	0.0			1.0	1.0
45	32	0.0	12826	0.0	3206500	0.0			1.0	1.0
46	32	0.0	12826	0.0	3206500	0.0			1.0	1.0
47	32	0.0	12826	0.0	3206500	0.0			1.0	1.0
48	32	0.0	12826	0.0	3206500	0.0			1.0	1.0
49	32	0.0	12826	0.0	3206500	0.0			1.0	1.0
50	32	0.0	12826	0.0	3206500	0.0			1.0	1.0
51	32	0.0	12826	0.0	3206500	0.0			1.0	1.0
52	32	0.0	12826	0.0	3206500	0.0			1.0	1.0
53	32	0.0	12826	0.0	3206500	0.0			1.0	1.0
54	32	0.0	12826	0.0	3206500	0.0			1.0	1.0
55	32	0.0	12826	0.0	3206500	0.0			1.0	1.0
56	32	0.0	12826	0.0	3206500	0.0			1.0	1.0
57	32	0.0	12826	0.0	3206500	0.0			1.0	1.0
58	32	0.0	12826	0.0	3206500	0.0			1.0	1.0
59	32	0.0	12826	0.0	3206500	0.0			1.0	1.0
60	32	0.0	12826	0.0	3206500	0.0			1.0	1.0
61	32	0.0	12826	0.0	3206500	0.0			1.0	1.0
62	32	0.0	12826	0.0	3206500	0.0			1.0	1.0
63	32	0.0	12826	0.0	3206500	0.0			1.0	1.0
64	32	0.0	12826	0.0	3206500	0.0			1.0	1.0
65	32	0.0	12826	0.0	3206500	0.0			1.0	1.0
66	32	0.0	12826	0.0	3206500	0.0			1.0	1.0
67	32	0.0	12826	0.0	3206500	0.0			1.0	1.0
68	32	0.0	12826	0.0	3206500	0.0			1.0	1.0
69	32	0.0	12826	0.0	3206500	0.0			1.0	1.0
70	32	0.0	12826	0.0	3206500	0.0			1.0	1.0
71	32	0.0	12826	0.0	3206500	0.0			1.0	1.0
72	32	0.0	12826	0.0	3206500	0.0			1.0	1.0
73	32	0.0	12826	0.0	3206500	0.0			1.0	1.0
74	32	0.0	12826	0.0	3206500	0.0			1.0	1.0
75	32	0.0	12826	0.0	3206500	0.0			1.0	1.0
76	32	0.0	12826	0.0	3206500	0.0			1.0	1.0
77	32	0.0	12826	0.0	3206500	0.0			1.0	1.0
78	32	0.0	12826	0.0	3206500	0.0			1.0	1.0
79	32	0.0	12826	0.0	3206500	0.0			1.0	1.0
80	32	0.0	12826	0.0	3206500	0.0			1.0	1.0
81	32	0.0	12826	0.0	3206500	0.0			1.0	1.0
82	32	0.0	12826	0.0	3206500	0.0			1.0	1.0
83	32	0.0	12826	0.0	3206500	0.0			1.0	1.0
84	32	0.0	12826	0.0	3206500	0.0			1.0	1.0
85	32	0.0	12826	0.0	3206500	0.0			1.0	1.0
86	32	0.0	12826	0.0	3206500	0.0			1.0	1.0
87	32	0.0	12826	0.0	3206500	0.0			1.0	1.0
88	32	0.0	12826	0.0	3206500	0.0			1.0	1.0
89	32	0.0	12826	0.0	3206500	0.0			1.0	1.0
90	32	0.0	12826	0.0	3206500	0.0			1.0	1.0
91	32	0.0	12826	0.0	3206500	0.0			1.0	1.0
92	32	0.0	12826	0.0	3206500	0.0			1.0	1.0
93	32	0.0	12826	0.0	3206500	0.0			1.0	1.0
94	32	0.0	12826	0.0	3206500	0.0			1.0	1.0
95	32	0.0	12826	0.0	3206500	0.0			1.0	1.0
96	32	0.0	12826	0.0	3206500	0.0			1.0	1.0
97	32	0.0	12826	0.0	3206500	0.0			1.0	1.0
98	32	0.0	12826	0.0	3206500	0.0			1.0	1.0
99	32	0.0	12826	0.0	3206500	0.0			1.0	1.0
100	32	0.0	12826	0.0	3206500	0.0			1.0	1.0
1	33	2.0	12826	377.0	3206500	1.508	1.3263108296612287	0.4074189201414275	0.6660860285864773	1.0
2	33	8.0	12826	593.0	3206500	2.372	3.3741621249839167	1.754529295288478	0.0032147973845451693	0.37381364936571737
3	33	1.0	12826	435.0	3206500	1.74	0.5746794828706504	-0.7991705516982871	1.0	1.0
4	33	1.0	12826	376.0	3206500	1.504	0.6648674878686077	-0.588861263513657	1.0	1.0
5	33	3.0	12826	398.0	3206500	1.592	1.8846290251851945	0.9142805679514888	0.21580932273953213	1.0
6	33	3.0	12826	546.0	3206500	2.184	1.3737137852399492	0.45808144838585535	0.4856847906466402	1.0
7	33	3.0	12826	409.0	3206500	1.636	1.8339358888092092	0.874943205719393	0.22720910377551445	1.0
8	33	2.0	12826	379.0	3206500	1.516	1.319311004926449	0.3997846952763406	0.6669934369734494	1.0
9	33	1.0	12826	586.0	3206500	2.344	0.4265764525078339	-1.2291237653734304	0.7357784588993737	1.0
10	33	0.0	12826	353.0	3206500	1.412	0.0		0.6549768578242383	1.0
11	33	2.0	12826	340.0	3206500	1.36	1.4706616270962534	0.5564653464803284	0.3954292470891435	1.0
12	33	0.0	12826	380.0	3206500	1.52	0.0		0.4137652717751662	1.0
13	33	0.0	12826	414.0	3206500	1.656	0.0		0.42080642614118313	1.0
14	33	1.0	12826	397.0	3206500	1.588	0.6296940504072944	-0.667277058611955	1.0	1.0
15	33	0.0	12826	371.0	3206500	1.484	0.0		0.41278704292778146	1.0
16	33	0.0	12826	398.0	3206500	1.592	0.0		0.4168668961914347	1.0
17	33	0.0	12826	523.0	3206500	2.092	0.0		0.28185783634190753	1.0
18	33	0.0	12826	388.0	3206500	1.552	0.0		0.4149611546397573	1.0
19	33	2.0	12826	294.0	3206500	1.176	1.700789548508112	0.766204636529018	0.33000471869441605	1.0
20	33	0.0	12826	412.0	3206500	1.648	0.0		0.4202568041058172	1.0
21	33	0.0	12826	375.0	3206500	1.5	0.0		0.4131726741023005	1.0
22	33	2.0	12826	333.0	3206500	1.332	1.5015797144618106	0.586481065375305	0.3856472831238086	1.0
23	33	0.0	12826	361.0	3206500	1.444	0.0		0.41217887169762196	1.0
24	33	2.0	12826	637.0	3206500	2.548	0.7848958144609156	-0.34942692869955727	1.0	1.0
25	33	3.0	12826	387.0	3206500	1.548	1.938203941923639	0.9547203821677406	0.20453535908240028	1.0
26	33	1.0	12826	409.0	3206500	1.636	0.61121663163614	-0.7102442942288084	1.0	1.0
27	33	3.0	12826	364.0	3206500	1.456	2.0606876551663262	1.0431258476759686	0.1814397742384514	1.0
28	33	2.0	12826	414.0	3206500	1.656	1.2077618655841553	0.27233602651068817	0.6838170679179514	1.0
29	33	0.0	12826	373.0	3206500	1.492	0.0		0.4129699064881154	1.0
30	33	0.0	12826	333.0	3206500	1.332	0.0		0.6474725027138355	1.0
31	33	3.0	12826	410.0	3206500	1.64	1.829462303825253	0.8714196891699449	0.22825114554928172	1.0
32	33	2.0	12826	359.0	3206500	1.436	1.3928189137011557	0.47800769922571285	0.6582483935620119	1.0
33	33	0.0	12826	51.0	3206500	0.204	0.0		1.0	1.0
34	33	0.0	12826	0.0	3206500	0.0			1.0	1.0
35	33	0.0	12826	0.0	3206500	0.0			1.0	1.0
36	33	0.0	12826	0.0	3206500	0.0			1.0	1.0
37	33	0.0	12826	0.0	3206500	0.0			1.0	1.0
38	33	0.0	12826	0.0	3206500	0.0			1.0	1.0
39	33	0.0	12826	0.0	3206500	0.0			1.0	1.0
40	33	0.0	12826	0.0	3206500	0.0			1.0	1.0
41	33	0.0	12826	0.0	3206500	0.0			1.0	1.0
42	33	0.0	12826	0.0	3206500	0.0			1.0	1.0
43	33	0.0	12826	0.0	3206500	0.0			1.0	1.0
44	33	0.0	12826	0.0	3206500	0.0			1.0	1.0
45	33	0.0	12826	0.0	3206500	0.0			1.0	1.0
46	33	0.0	12826	0.0	3206500	0.0			1.0	1.0
47	33	0.0	12826	0.0	3206500	0.0			1.0	1.0
48	33	0.0	12826	0.0	3206500	0.0			1.0	1.0
49	33	0.0	12826	0.0	3206500	0.0			1.0	1.0
50	33	0.0	12826	0.0	3206500	0.0			1.0	1.0
51	33	0.0	12826	0.0	3206500	0.0			1.0	1.0
52	33	0.0	12826	0.0	3206500	0.0			1.0	1.0
53	33	0.0	12826	0.0	3206500	0.0			1.0	1.0
54	33	0.0	12826	0.0	3206500	0.0			1.0	1.0
55	33	0.0	12826	0.0	3206500	0.0			1.0	1.0
56	33	0.0	12826	0.0	3206500	0.0			1.0	1.0
57	33	0.0	12826	0.0	3206500	0.0			1.0	1.0
58	33	0.0	12826	0.0	3206500	0.0			1.0	1.0
59	33	0.0	12826	0.0	3206500	0.0			1.0	1.0
60	33	0.0	12826	0.0	3206500	0.0			1.0	1.0
61	33	0.0	12826	0.0	3206500	0.0			1.0	1.0
62	33	0.0	12826	0.0	3206500	0.0			1.0	1.0
63	33	0.0	12826	0.0	3206500	0.0			1.0	1.0
64	33	0.0	12826	0.0	3206500	0.0			1.0	1.0
65	33	0.0	12826	0.0	3206500	0.0			1.0	1.0
66	33	0.0	12826	0.0	3206500	0.0			1.0	1.0
67	33	0.0	12826	0.0	3206500	0.0			1.0	1.0
68	33	0.0	12826	0.0	3206500	0.0			1.0	1.0
69	33	0.0	12826	0.0	3206500	0.0			1.0	1.0
70	33	0.0	12826	0.0	3206500	0.0			1.0	1.0
71	33	0.0	12826	0.0	3206500	0.0			1.0	1.0
72	33	0.0	12826	0.0	3206500	0.0			1.0	1.0
73	33	0.0	12826	0.0	3206500	0.0			1.0	1.0
74	33	0.0	12826	0.0	3206500	0.0			1.0	1.0
75	33	0.0	12826	0.0	3206500	0.0			1.0	1.0
76	33	0.0	12826	0.0	3206500	0.0			1.0	1.0
77	33	0.0	12826	0.0	3206500	0.0			1.0	1.0
78	33	0.0	12826	0.0	3206500	0.0			1.0	1.0
79	33	0.0	12826	0.0	3206500	0.0			1.0	1.0
80	33	0.0	12826	0.0	3206500	0.0			1.0	1.0
81	33	0.0	12826	0.0	3206500	0.0			1.0	1.0
82	33	0.0	12826	0.0	3206500	0.0			1.0	1.0
83	33	0.0	12826	0.0	3206500	0.0			1.0	1.0
84	33	0.0	12826	0.0	3206500	0.0			1.0	1.0
85	33	0.0	12826	0.0	3206500	0.0			1.0	1.0
86	33	0.0	12826	0.0	3206500	0.0			1.0	1.0
87	33	0.0	12826	0.0	3206500	0.0			1.0	1.0
88	33	0.0	12826	0.0	3206500	0.0			1.0	1.0
89	33	0.0	12826	0.0	3206500	0.0			1.0	1.0
90	33	0.0	12826	0.0	3206500	0.0			1.0	1.0
91	33	0.0	12826	0.0	3206500	0.0			1.0	1.0
92	33	0.0	12826	0.0	3206500	0.0			1.0	1.0
93	33	0.0	12826	0.0	3206500	0.0			1.0	1.0
94	33	0.0	12826	0.0	3206500	0.0			1.0	1.0
95	33	0.0	12826	0.0	3206500	0.0			1.0	1.0
96	33	0.0	12826	0.0	3206500	0.0			1.0	1.0
97	33	0.0	12826	0.0	3206500	0.0			1.0	1.0
98	33	0.0	12826	0.0	3206500	0.0			1.0	1.0
99	33	0.0	12826	0.0	3206500	0.0			1.0	1.0
100	33	0.0	12826	0.0	3206500	0.0			1.0	1.0
1	34	1.0	12826	516.0	3206500	2.064	0.48445592879701405	-1.045562665981615	0.7290216990587979	1.0
2	34	5.0	12826	485.0	3206500	1.94	2.577934718893053	1.3662157307586342	0.0480781645545931	1.0
3	34	3.0	12826	388.0	3206500	1.552	1.9332079679634935	0.9509968461423601	0.20555464908619625	1.0
4	34	2.0	12826	385.0	3206500	1.54	1.2987478834328492	0.3771213979738217	0.6697551331498257	1.0
5	34	4.0	12826	408.0	3206500	1.632	2.451433045531424	1.2936253587278668	0.08422713702324619	1.0
6	34	0.0	12826	391.0	3206500	1.564	0.0		0.4154859252747314	1.0
7	34	2.0	12826	350.0	3206500	1.4	1.4286382675340878	0.5146406710187191	0.4092767882423822	1.0
8	34	3.0	12826	347.0	3206500	1.388	2.161654996279425	1.112136284925326	0.16485582830730147	1.0
9	34	1.0	12826	331.0	3206500	1.324	0.7552679281284783	-0.4049395696381339	1.0	1.0
10	34	2.0	12826	376.0	3206500	1.504	1.3298386668613371	0.4112512317135736	0.6656348835805377	1.0
11	34	2.0	12826	362.0	3206500	1.448	1.381274923055183	0.4660004960289379	0.6595107315187754	1.0
12	34	4.0	12826	389.0	3206500	1.556	2.571184087118902	1.3624329054131028	0.07376755378534693	1.0
13	34	1.0	12826	422.0	3206500	1.688	0.5923852812653012	-0.7553922998199532	1.0	1.0
14	34	1.0	12826	384.0	3206500	1.536	0.651014457439896	-0.6192385124100594	1.0	1.0
15	34	0.0	12826	378.0	3206500	1.512	0.0		0.41351367790759785	1.0
16	34	1.0	12826	477.0	3206500	1.908	0.5240719081654754	-0.9321633166433574	1.0	1.0
17	34	0.0	12826	308.0	3206500	1.232	0.0		0.6397174465772786	1.0
18	34	0.0	12826	456.0	3206500	1.824	0.0		0.2729602621070089	1.0
19	34	0.0	12826	304.0	3206500	1.216	0.0		0.638672456749728	1.0
20	34	4.0	12826	320.0	3206500	1.28	3.1256629231009203	1.644162203996109	0.041841658861447924	1.0
21	34	1.0	12826	414.0	3206500	1.656	0.6038338465595012	-0.7277764687165427	1.0	1.0
22	34	0.0	12826	409.0	3206500	1.636	0.0		0.4194623404401125	1.0
23	34	1.0	12826	326.0	3206500	1.304	0.7668529879572824	-0.3829780671900813	1.0	1.0
24	34	1.0	12826	426.0	3206500	1.704	0.5868222460167111	-0.7690045312897501	1.0	1.0
25	34	1.0	12826	437.0	3206500	1.748	0.5720490139663932	-0.8057893304417353	1.0	1.0
26	34	2.0	12826	344.0	3206500	1.376	1.4535590970418837	0.5395897280108235	0.40098659756302707	1.0
27	34	1.0	12826	384.0	3206500	1.536	0.651014457439896	-0.6192385124100594	1.0	1.0
28	34	0.0	12826	382.0	3206500	1.528	0.0		0.41403602547353674	1.0
29	34	2.0	12826	395.0	3206500	1.58	1.2658642418882318	0.34012269066148054	0.6744799590638344	1.0
30	34	0.0	12826	326.0	3206500	1.304	0.0		0.6451027380490886	1.0
31	34	4.0	12826	321.0	3206500	1.284	3.1159246835778265	1.6396603617879084	0.042234465306361005	1.0
32	34	2.0	12826	399.0	3206500	1.596	1.2531723100639933	0.32558479756761416	0.6764090049262292	1.0
33	34	1.0	12826	382.0	3206500	1.528	0.6544233183307309	-0.6117039397605889	1.0	1.0
34	34	0.0	12826	65.0	3206500	0.26	0.0		1.0	1.0
35	34	0.0	12826	0.0	3206500	0.0			1.0	1.0
36	34	0.0	12826	0.0	3206500	0.0			1.0	1.0
37	34	0.0	12826	0.0	3206500	0.0			1.0	1.0
38	34	0.0	12826	0.0	3206500	0.0			1.0	1.0
39	34	0.0	12826	0.0	3206500	0.0			1.0	1.0
40	34	0.0	12826	0.0	3206500	0.0			1.0	1.0
41	34	0.0	12826	0.0	3206500	0.0			1.0	1.0
42	34	0.0	12826	0.0	3206500	0.0			1.0	1.0
43	34	0.0	12826	0.0	3206500	0.0			1.0	1.0
44	34	0.0	12826	0.0	3206500	0.0			1.0	1.0
45	34	0.0	12826	0.0	3206500	0.0			1.0	1.0
46	34	0.0	12826	0.0	3206500	0.0			1.0	1.0
47	34	0.0	12826	0.0	3206500	0.0			1.0	1.0
48	34	0.0	12826	0.0	3206500	0.0			1.0	1.0
49	34	0.0	12826	0.0	3206500	0.0			1.0	1.0
50	34	0.0	12826	0.0	3206500	0.0			1.0	1.0
51	34	0.0	12826	0.0	3206500	0.0			1.0	1.0
52	34	0.0	12826	0.0	3206500	0.0			1.0	1.0
53	34	0.0	12826	0.0	3206500	0.0			1.0	1.0
54	34	0.0	12826	0.0	3206500	0.0			1.0	1.0
55	34	0.0	12826	0.0	3206500	0.0			1.0	1.0
56	34	0.0	12826	0.0	3206500	0.0			1.0	1.0
57	34	0.0	12826	0.0	3206500	0.0			1.0	1.0
58	34	0.0	12826	0.0	3206500	0.0			1.0	1.0
59	34	0.0	12826	0.0	3206500	0.0			1.0	1.0
60	34	0.0	12826	0.0	3206500	0.0			1.0	1.0
61	34	0.0	12826	0.0	3206500	0.0			1.0	1.0
62	34	0.0	12826	0.0	3206500	0.0			1.0	1.0
63	34	0.0	12826	0.0	3206500	0.0			1.0	1.0
64	34	0.0	12826	0.0	3206500	0.0			1.0	1.0
65	34	0.0	12826	0.0	3206500	0.0			1.0	1.0
66	34	0.0	12826	0.0	3206500	0.0			1.0	1.0
67	34	0.0	12826	0.0	3206500	0.0			1.0	1.0
68	34	0.0	12826	0.0	3206500	0.0			1.0	1.0
69	34	0.0	12826	0.0	3206500	0.0			1.0	1.0
70	34	0.0	12826	0.0	3206500	0.0			1.0	1.0
71	34	0.0	12826	0.0	3206500	0.0			1.0	1.0
72	34	0.0	12826	0.0	3206500	0.0			1.0	1.0
73	34	0.0	12826	0.0	3206500	0.0			1.0	1.0
74	34	0.0	12826	0.0	3206500	0.0			1.0	1.0
75	34	0.0	12826	0.0	3206500	0.0			1.0	1.0
76	34	0.0	12826	0.0	3206500	0.0			1.0	1.0
77	34	0.0	12826	0.0	3206500	0.0			1.0	1.0
78	34	0.0	12826	0.0	3206500	0.0			1.0	1.0
79	34	0.0	12826	0.0	3206500	0.0			1.0	1.0
80	34	0.0	12826	0.0	3206500	0.0			1.0	1.0
81	34	0.0	12826	0.0	3206500	0.0			1.0	1.0
82	34	0.0	12826	0.0	3206500	0.0			1.0	1.0
83	34	0.0	12826	0.0	3206500	0.0			1.0	1.0
84	34	0.0	12826	0.0	3206500	0.0			1.0	1.0
85	34	0.0	12826	0.0	3206500	0.0			1.0	1.0
86	34	0.0	12826	0.0	3206500	0.0			1.0	1.0
87	34	0.0	12826	0.0	3206500	0.0			1.0	1.0
88	34	0.0	12826	0.0	3206500	0.0			1.0	1.0
89	34	0.0	12826	0.0	3206500	0.0			1.0	1.0
90	34	0.0	12826	0.0	3206500	0.0			1.0	1.0
91	34	0.0	12826	0.0	3206500	0.0			1.0	1.0
92	34	0.0	12826	0.0	3206500	0.0			1.0	1.0
93	34	0.0	12826	0.0	3206500	0.0			1.0	1.0
94	34	0.0	12826	0.0	3206500	0.0			1.0	1.0
95	34	0.0	12826	0.0	3206500	0.0			1.0	1.0
96	34	0.0	12826	0.0	3206500	0.0			1.0	1.0
97	34	0.0	12826	0.0	3206500	0.0			1.0	1.0
98	34	0.0	12826	0.0	3206500	0.0			1.0	1.0
99	34	0.0	12826	0.0	3206500	0.0			1.0	1.0
100	34	0.0	12826	0.0	3206500	0.0			1.0	1.0
1	35	3.0	12826	445.0	3206500	1.78	1.6855536093413608	0.7532225132319282	0.2652089261743303	1.0
2	35	5.0	12826	497.0	3206500	1.988	2.51568140611864	1.330949226304559	0.05227880307406742	1.0
3	35	3.0	12826	364.0	3206500	1.456	2.0606876551663262	1.0431258476759686	0.1814397742384514	1.0
4	35	4.0	12826	408.0	3206500	1.632	2.451433045531424	1.2936253587278668	0.08422713702324619	1.0
5	35	1.0	12826	303.0	3206500	1.212	0.8250688694600454	-0.2774135470663485	1.0	1.0
6	35	3.0	12826	507.0	3206500	2.028	1.4794020729209303	0.5650142023871061	0.4625051261880916	1.0
7	35	3.0	12826	372.0	3206500	1.488	2.0163667603323665	1.0117580769272236	0.1893934036982666	1.0
8	35	1.0	12826	318.0	3206500	1.272	0.786146848602989	-0.34712926845559705	1.0	1.0
9	35	3.0	12826	381.0	3206500	1.524	1.968730522971457	0.9772656507118599	0.19844464169162335	1.0
10	35	1.0	12826	353.0	3206500	1.412	0.7081925462065615	-0.49778643558019436	1.0	1.0
11	35	2.0	12826	423.0	3206500	1.692	1.1820614863679064	0.24130508100693737	0.6883767979628956	1.0
12	35	0.0	12826	304.0	3206500	1.216	0.0		0.638672456749728	1.0
13	35	0.0	12826	433.0	3206500	1.732	0.0		0.42678762765595424	1.0
14	35	0.0	12826	344.0	3206500	1.376	0.0		0.6514734641636523	1.0
15	35	1.0	12826	403.0	3206500	1.612	0.6203177919986069	-0.6889205899034694	1.0	1.0
16	35	0.0	12826	285.0	3206500	1.14	0.0		0.6345623166910552	1.0
17	35	4.0	12826	306.0	3206500	1.224	3.2686813819792984	1.7087087558017195	0.03656087845514985	1.0
18	35	0.0	12826	341.0	3206500	1.364	0.0		0.6503503709856804	1.0
19	35	0.0	12826	284.0	3206500	1.136	0.0		0.6343879175147819	1.0
20	35	0.0	12826	363.0	3206500	1.452	0.0		0.41225895798412227	1.0
21	35	0.0	12826	400.0	3206500	1.6	0.0		0.41730079651910446	1.0
22	35	1.0	12826	398.0	3206500	1.592	0.6281117086406692	-0.6709069319967125	1.0	1.0
23	35	0.0	12826	301.0	3206500	1.204	0.0		0.637927783149131	1.0
24	35	4.0	12826	315.0	3206500	1.26	3.175281572099541	1.6668845303603859	0.039908841643691226	1.0
25	35	2.0	12826	352.0	3206500	1.408	1.4205201185277605	0.5064192642586701	0.41202765243898265	1.0
26	35	0.0	12826	261.0	3206500	1.044	0.0		0.6316858856560574	1.0
27	35	2.0	12826	321.0	3206500	1.284	1.557719365753076	0.6394353450143276	0.3687201912572196	1.0
28	35	1.0	12826	374.0	3206500	1.496	0.6684233459465657	-0.581165971761839	1.0	1.0
29	35	1.0	12826	353.0	3206500	1.412	0.7081925462065615	-0.49778643558019436	1.0	1.0
30	35	0.0	12826	276.0	3206500	1.104	0.0		0.6331562648068227	1.0
31	35	1.0	12826	299.0	3206500	1.196	0.8361076232014447	-0.2582394379094106	1.0	1.0
32	35	1.0	12826	371.0	3206500	1.484	0.6738290169869118	-0.569545538553332	1.0	1.0
33	35	4.0	12826	391.0	3206500	1.564	2.558030654633321	1.3550335531259143	0.07483575274345142	1.0
34	35	0.0	12826	524.0	3206500	2.096	0.0		0.2821132610678834	1.0
35	35	0.0	12826	62.0	3206500	0.248	0.0		1.0	1.0
36	35	0.0	12826	0.0	3206500	0.0			1.0	1.0
37	35	0.0	12826	0.0	3206500	0.0			1.0	1.0
38	35	0.0	12826	0.0	3206500	0.0			1.0	1.0
39	35	0.0	12826	0.0	3206500	0.0			1.0	1.0
40	35	0.0	12826	0.0	3206500	0.0			1.0	1.0
41	35	0.0	12826	0.0	3206500	0.0			1.0	1.0
42	35	0.0	12826	0.0	3206500	0.0			1.0	1.0
43	35	0.0	12826	0.0	3206500	0.0			1.0	1.0
44	35	0.0	12826	0.0	3206500	0.0			1.0	1.0
45	35	0.0	12826	0.0	3206500	0.0			1.0	1.0
46	35	0.0	12826	0.0	3206500	0.0			1.0	1.0
47	35	0.0	12826	0.0	3206500	0.0			1.0	1.0
48	35	0.0	12826	0.0	3206500	0.0			1.0	1.0
49	35	0.0	12826	0.0	3206500	0.0			1.0	1.0
50	35	0.0	12826	0.0	3206500	0.0			1.0	1.0
51	35	0.0	12826	0.0	3206500	0.0			1.0	1.0
52	35	0.0	12826	0.0	3206500	0.0			1.0	1.0
53	35	0.0	12826	0.0	3206500	0.0			1.0	1.0
54	35	0.0	12826	0.0	3206500	0.0			1.0	1.0
55	35	0.0	12826	0.0	3206500	0.0			1.0	1.0
56	35	0.0	12826	0.0	3206500	0.0			1.0	1.0
57	35	0.0	12826	0.0	3206500	0.0			1.0	1.0
58	35	0.0	12826	0.0	3206500	0.0			1.0	1.0
59	35	0.0	12826	0.0	3206500	0.0			1.0	1.0
60	35	0.0	12826	0.0	3206500	0.0			1.0	1.0
61	35	0.0	12826	0.0	3206500	0.0			1.0	1.0
62	35	0.0	12826	0.0	3206500	0.0			1.0	1.0
63	35	0.0	12826	0.0	3206500	0.0			1.0	1.0
64	35	0.0	12826	0.0	3206500	0.0			1.0	1.0
65	35	0.0	12826	0.0	3206500	0.0			1.0	1.0
66	35	0.0	12826	0.0	3206500	0.0			1.0	1.0
67	35	0.0	12826	0.0	3206500	0.0			1.0	1.0
68	35	0.0	12826	0.0	3206500	0.0			1.0	1.0
69	35	0.0	12826	0.0	3206500	0.0			1.0	1.0
70	35	0.0	12826	0.0	3206500	0.0			1.0	1.0
71	35	0.0	12826	0.0	3206500	0.0			1.0	1.0
72	35	0.0	12826	0.0	3206500	0.0			1.0	1.0
73	35	0.0	12826	0.0	3206500	0.0			1.0	1.0
74	35	0.0	12826	0.0	3206500	0.0			1.0	1.0
75	35	0.0	12826	0.0	3206500	0.0			1.0	1.0
76	35	0.0	12826	0.0	3206500	0.0			1.0	1.0
77	35	0.0	12826	0.0	3206500	0.0			1.0	1.0
78	35	0.0	12826	0.0	3206500	0.0			1.0	1.0
79	35	0.0	12826	0.0	3206500	0.0			1.0	1.0
80	35	0.0	12826	0.0	3206500	0.0			1.0	1.0
81	35	0.0	12826	0.0	3206500	0.0			1.0	1.0
82	35	0.0	12826	0.0	3206500	0.0			1.0	1.0
83	35	0.0	12826	0.0	3206500	0.0			1.0	1.0
84	35	0.0	12826	0.0	3206500	0.0			1.0	1.0
85	35	0.0	12826	0.0	3206500	0.0			1.0	1.0
86	35	0.0	12826	0.0	3206500	0.0			1.0	1.0
87	35	0.0	12826	0.0	3206500	0.0			1.0	1.0
88	35	0.0	12826	0.0	3206500	0.0			1.0	1.0
89	35	0.0	12826	0.0	3206500	0.0			1.0	1.0
90	35	0.0	12826	0.0	3206500	0.0			1.0	1.0
91	35	0.0	12826	0.0	3206500	0.0			1.0	1.0
92	35	0.0	12826	0.0	3206500	0.0			1.0	1.0
93	35	0.0	12826	0.0	3206500	0.0			1.0	1.0
94	35	0.0	12826	0.0	3206500	0.0			1.0	1.0
95	35	0.0	12826	0.0	3206500	0.0			1.0	1.0
96	35	0.0	12826	0.0	3206500	0.0			1.0	1.0
97	35	0.0	12826	0.0	3206500	0.0			1.0	1.0
98	35	0.0	12826	0.0	3206500	0.0			1.0	1.0
99	35	0.0	12826	0.0	3206500	0.0			1.0	1.0
100	35	0.0	12826	0.0	3206500	0.0			1.0	1.0
1	36	3.0	12826	281.0	3206500	1.124	2.669429625314611	1.4165315154575957	0.10563619716659084	1.0
2	36	5.0	12826	426.0	3206500	1.704	2.9350266380018404	1.5533735971475109	0.030410539575224736	1.0
3	36	2.0	12826	325.0	3206500	1.3	1.5385455156197514	0.6215671243263715	0.374383812466733	1.0
4	36	3.0	12826	270.0	3206500	1.08	2.7781936970894314	1.474147188264078	0.09673768384937612	1.0
5	36	4.0	12826	331.0	3206500	1.324	3.021778561300182	1.5953979423626776	0.04627688514812072	1.0
6	36	4.0	12826	335.0	3206500	1.34	2.985693898313766	1.5780662639247045	0.04795198787225727	1.0
7	36	3.0	12826	387.0	3206500	1.548	1.938203941923639	0.9547203821677406	0.20453535908240028	1.0
8	36	0.0	12826	474.0	3206500	1.896	0.0		0.2736537155495792	1.0
9	36	4.0	12826	305.0	3206500	1.22	3.2793993929491063	1.7134316160152772	0.03619928306686424	1.0
10	36	1.0	12826	405.0	3206500	1.62	0.6172541092099246	-0.6960635591174469	1.0	1.0
11	36	0.0	12826	328.0	3206500	1.312	0.0		0.6457650684985698	1.0
12	36	4.0	12826	384.0	3206500	1.536	2.6046671086154007	1.381098999590752	0.07113130427399957	1.0
13	36	0.0	12826	414.0	3206500	1.656	0.0		0.42080642614118313	1.0
14	36	2.0	12826	344.0	3206500	1.376	1.4535590970418837	0.5395897280108235	0.40098659756302707	1.0
15	36	0.0	12826	323.0	3206500	1.292	0.0		0.6441320901736223	1.0
16	36	1.0	12826	376.0	3206500	1.504	0.6648674878686077	-0.588861263513657	1.0	1.0
17	36	0.0	12826	343.0	3206500	1.372	0.0		0.6510965293915201	1.0
18	36	0.0	12826	317.0	3206500	1.268	0.0		0.6422760098608538	1.0
19	36	0.0	12826	299.0	3206500	1.196	0.0		0.6374504488680498	1.0
20	36	1.0	12826	406.0	3206500	1.624	0.6157335868406649	-0.6996218285158253	1.0	1.0
21	36	0.0	12826	322.0	3206500	1.288	0.0		0.6438147521220988	1.0
22	36	0.0	12826	369.0	3206500	1.476	0.0		0.41262429893292984	1.0
23	36	1.0	12826	344.0	3206500	1.376	0.7267228795502969	-0.4605227672164072	1.0	1.0
24	36	0.0	12826	374.0	3206500	1.496	0.0		0.41306881549755703	1.0
25	36	0.0	12826	340.0	3206500	1.36	0.0		0.6499812007134058	1.0
26	36	1.0	12826	326.0	3206500	1.304	0.7668529879572824	-0.3829780671900813	1.0	1.0
27	36	1.0	12826	287.0	3206500	1.148	0.8710700871419742	-0.19913929075419023	1.0	1.0
28	36	1.0	12826	380.0	3206500	1.52	0.6578680619677849	-0.6041298200922867	1.0	1.0
29	36	1.0	12826	376.0	3206500	1.504	0.6648674878686077	-0.588861263513657	1.0	1.0
30	36	1.0	12826	280.0	3206500	1.12	0.8928487886382623	-0.16351223124699993	1.0	1.0
31	36	2.0	12826	367.0	3206500	1.468	1.3624543388503505	0.4462078803717555	0.6616551765131896	1.0
32	36	1.0	12826	342.0	3206500	1.368	0.7309731769319334	-0.45210962744737215	1.0	1.0
33	36	2.0	12826	334.0	3206500	1.336	1.4970834998748603	0.5821546899974306	0.38704901108971945	1.0
34	36	1.0	12826	363.0	3206500	1.452	0.6886809616634179	-0.5380923000899923	1.0	1.0
35	36	3.0	12826	271.0	3206500	1.084	2.7679411965296445	1.4688132939947947	0.0975335370349472	1.0
36	36	0.0	12826	57.0	3206500	0.228	0.0		1.0	1.0
37	36	0.0	12826	0.0	3206500	0.0			1.0	1.0
38	36	0.0	12826	0.0	3206500	0.0			1.0	1.0
39	36	0.0	12826	0.0	3206500	0.0			1.0	1.0
40	36	0.0	12826	0.0	3206500	0.0			1.0	1.0
41	36	0.0	12826	0.0	3206500	0.0			1.0	1.0
42	36	0.0	12826	0.0	3206500	0.0			1.0	1.0
43	36	0.0	12826	0.0	3206500	0.0			1.0	1.0
44	36	0.0	12826	0.0	3206500	0.0			1.0	1.0
45	36	0.0	12826	0.0	3206500	0.0			1.0	1.0
46	36	0.0	12826	0.0	3206500	0.0			1.0	1.0
47	36	0.0	12826	0.0	3206500	0.0			1.0	1.0
48	36	0.0	12826	0.0	3206500	0.0			1.0	1.0
49	36	0.0	12826	0.0	3206500	0.0			1.0	1.0
50	36	0.0	12826	0.0	3206500	0.0			1.0	1.0
51	36	0.0	12826	0.0	3206500	0.0			1.0	1.0
52	36	0.0	12826	0.0	3206500	0.0			1.0	1.0
53	36	0.0	12826	0.0	3206500	0.0			1.0	1.0
54	36	0.0	12826	0.0	3206500	0.0			1.0	1.0
55	36	0.0	12826	0.0	3206500	0.0			1.0	1.0
56	36	0.0	12826	0.0	3206500	0.0			1.0	1.0
57	36	0.0	12826	0.0	3206500	0.0			1.0	1.0
58	36	0.0	12826	0.0	3206500	0.0			1.0	1.0
59	36	0.0	12826	0.0	3206500	0.0			1.0	1.0
60	36	0.0	12826	0.0	3206500	0.0			1.0	1.0
61	36	0.0	12826	0.0	3206500	0.0			1.0	1.0
62	36	0.0	12826	0.0	3206500	0.0			1.0	1.0
63	36	0.0	12826	0.0	3206500	0.0			1.0	1.0
64	36	0.0	12826	0.0	3206500	0.0			1.0	1.0
65	36	0.0	12826	0.0	3206500	0.0			1.0	1.0
66	36	0.0	12826	0.0	3206500	0.0			1.0	1.0
67	36	0.0	12826	0.0	3206500	0.0			1.0	1.0
68	36	0.0	12826	0.0	3206500	0.0			1.0	1.0
69	36	0.0	12826	0.0	3206500	0.0			1.0	1.0
70	36	0.0	12826	0.0	3206500	0.0			1.0	1.0
71	36	0.0	12826	0.0	3206500	0.0			1.0	1.0
72	36	0.0	12826	0.0	3206500	0.0			1.0	1.0
73	36	0.0	12826	0.0	3206500	0.0			1.0	1.0
74	36	0.0	12826	0.0	3206500	0.0			1.0	1.0
75	36	0.0	12826	0.0	3206500	0.0			1.0	1.0
76	36	0.0	12826	0.0	3206500	0.0			1.0	1.0
77	36	0.0	12826	0.0	3206500	0.0			1.0	1.0
78	36	0.0	12826	0.0	3206500	0.0			1.0	1.0
79	36	0.0	12826	0.0	3206500	0.0			1.0	1.0
80	36	0.0	12826	0.0	3206500	0.0			1.0	1.0
81	36	0.0	12826	0.0	3206500	0.0			1.0	1.0
82	36	0.0	12826	0.0	3206500	0.0			1.0	1.0
83	36	0.0	12826	0.0	3206500	0.0			1.0	1.0
84	36	0.0	12826	0.0	3206500	0.0			1.0	1.0
85	36	0.0	12826	0.0	3206500	0.0			1.0	1.0
86	36	0.0	12826	0.0	3206500	0.0			1.0	1.0
87	36	0.0	12826	0.0	3206500	0.0			1.0	1.0
88	36	0.0	12826	0.0	3206500	0.0			1.0	1.0
89	36	0.0	12826	0.0	3206500	0.0			1.0	1.0
90	36	0.0	12826	0.0	3206500	0.0			1.0	1.0
91	36	0.0	12826	0.0	3206500	0.0			1.0	1.0
92	36	0.0	12826	0.0	3206500	0.0			1.0	1.0
93	36	0.0	12826	0.0	3206500	0.0			1.0	1.0
94	36	0.0	12826	0.0	3206500	0.0			1.0	1.0
95	36	0.0	12826	0.0	3206500	0.0			1.0	1.0
96	36	0.0	12826	0.0	3206500	0.0			1.0	1.0
97	36	0.0	12826	0.0	3206500	0.0			1.0	1.0
98	36	0.0	12826	0.0	3206500	0.0			1.0	1.0
99	36	0.0	12826	0.0	3206500	0.0			1.0	1.0
100	36	0.0	12826	0.0	3206500	0.0			1.0	1.0
1	37	0.0	12826	292.0	3206500	1.168	0.0		0.635904601100402	1.0
2	37	0.0	12826	405.0	3206500	1.62	0.0		0.4184600055427623	1.0
3	37	1.0	12826	429.0	3206500	1.716	0.582718048682961	-0.7791300985282892	1.0	1.0
4	37	3.0	12826	284.0	3206500	1.136	2.6412289536956592	1.4012093662700598	0.10811694223977479	1.0
5	37	2.0	12826	475.0	3206500	1.9	1.0526397872410282	0.0740118313612435	0.7158153804105631	1.0
6	37	3.0	12826	400.0	3206500	1.6	1.8752047102862044	0.9070480987518585	0.21787311298235554	1.0
7	37	1.0	12826	329.0	3206500	1.316	0.7598596965226304	-0.39619503661697175	1.0	1.0
8	37	0.0	12826	321.0	3206500	1.284	0.0		0.6435005702023884	1.0
9	37	1.0	12826	414.0	3206500	1.656	0.6038338465595012	-0.7277764687165427	1.0	1.0
10	37	0.0	12826	296.0	3206500	1.184	0.0		0.6367638136476822	1.0
11	37	1.0	12826	302.0	3206500	1.208	0.8278011437718653	-0.2726438529477429	1.0	1.0
12	37	3.0	12826	408.0	3206500	1.632	1.838431403131322	0.8784753466752567	0.22616797288497387	1.0
13	37	1.0	12826	322.0	3206500	1.288	0.7763800806363735	-0.36516499117861695	1.0	1.0
14	37	0.0	12826	275.0	3206500	1.1	0.0		0.6330233394955117	1.0
15	37	0.0	12826	341.0	3206500	1.364	0.0		0.6503503709856804	1.0
16	37	1.0	12826	333.0	3206500	1.332	0.7507313161114331	-0.4136314298519258	1.0	1.0
17	37	1.0	12826	333.0	3206500	1.332	0.7507313161114331	-0.4136314298519258	1.0	1.0
18	37	0.0	12826	255.0	3206500	1.02	0.0		0.6314297027477982	1.0
19	37	0.0	12826	304.0	3206500	1.216	0.0		0.638672456749728	1.0
20	37	2.0	12826	269.0	3206500	1.076	1.8588699858768527	0.8944258680034163	0.29358351799226023	1.0
21	37	1.0	12826	343.0	3206500	1.372	0.7288418324723374	-0.4563223287106338	1.0	1.0
22	37	0.0	12826	343.0	3206500	1.372	0.0		0.6510965293915201	1.0
23	37	3.0	12826	261.0	3206500	1.044	2.8740015471481293	1.523060838434892	0.08969668334197539	1.0
24	37	0.0	12826	345.0	3206500	1.38	0.0		0.6518529341538574	1.0
25	37	4.0	12826	355.0	3206500	1.42	2.817468215940472	1.4943993353438303	0.05682303896781073	1.0
26	37	0.0	12826	309.0	3206500	1.236	0.0		0.6399877725286307	1.0
27	37	0.0	12826	404.0	3206500	1.616	0.0		0.4182197524435216	1.0
28	37	1.0	12826	324.0	3206500	1.296	0.7715871296897937	-0.374099015895846	1.0	1.0
29	37	0.0	12826	351.0	3206500	1.404	0.0		0.6541815408397089	1.0
30	37	0.0	12826	310.0	3206500	1.24	0.0		0.6402616634317861	1.0
31	37	1.0	12826	321.0	3206500	1.284	0.7787989530767035	-0.360677150212903	1.0	1.0
32	37	0.0	12826	391.0	3206500	1.564	0.0		0.4154859252747314	1.0
33	37	1.0	12826	273.0	3206500	1.092	0.9157443466215396	-0.12698320545229372	1.0	1.0
34	37	1.0	12826	362.0	3206500	1.448	0.6905836106533983	-0.5341119991982928	1.0	1.0
35	37	0.0	12826	337.0	3206500	1.348	0.0		0.6488896484653042	1.0
36	37	0.0	12826	257.0	3206500	1.028	0.0		0.6314929122129496	1.0
37	37	0.0	12826	75.0	3206500	0.3	0.0		1.0	1.0
38	37	0.0	12826	0.0	3206500	0.0			1.0	1.0
39	37	0.0	12826	0.0	3206500	0.0			1.0	1.0
40	37	0.0	12826	0.0	3206500	0.0			1.0	1.0
41	37	0.0	12826	0.0	3206500	0.0			1.0	1.0
42	37	0.0	12826	0.0	3206500	0.0			1.0	1.0
43	37	0.0	12826	0.0	3206500	0.0			1.0	1.0
44	37	0.0	12826	0.0	3206500	0.0			1.0	1.0
45	37	0.0	12826	0.0	3206500	0.0			1.0	1.0
46	37	0.0	12826	0.0	3206500	0.0			1.0	1.0
47	37	0.0	12826	0.0	3206500	0.0			1.0	1.0
48	37	0.0	12826	0.0	3206500	0.0			1.0	1.0
49	37	0.0	12826	0.0	3206500	0.0			1.0	1.0
50	37	0.0	12826	0.0	3206500	0.0			1.0	1.0
51	37	0.0	12826	0.0	3206500	0.0			1.0	1.0
52	37	0.0	12826	0.0	3206500	0.0			1.0	1.0
53	37	0.0	12826	0.0	3206500	0.0			1.0	1.0
54	37	0.0	12826	0.0	3206500	0.0			1.0	1.0
55	37	0.0	12826	0.0	3206500	0.0			1.0	1.0
56	37	0.0	12826	0.0	3206500	0.0			1.0	1.0
57	37	0.0	12826	0.0	3206500	0.0			1.0	1.0
58	37	0.0	12826	0.0	3206500	0.0			1.0	1.0
59	37	0.0	12826	0.0	3206500	0.0			1.0	1.0
60	37	0.0	12826	0.0	3206500	0.0			1.0	1.0
61	37	0.0	12826	0.0	3206500	0.0			1.0	1.0
62	37	0.0	12826	0.0	3206500	0.0			1.0	1.0
63	37	0.0	12826	0.0	3206500	0.0			1.0	1.0
64	37	0.0	12826	0.0	3206500	0.0			1.0	1.0
65	37	0.0	12826	0.0	3206500	0.0			1.0	1.0
66	37	0.0	12826	0.0	3206500	0.0			1.0	1.0
67	37	0.0	12826	0.0	3206500	0.0			1.0	1.0
68	37	0.0	12826	0.0	3206500	0.0			1.0	1.0
69	37	0.0	12826	0.0	3206500	0.0			1.0	1.0
70	37	0.0	12826	0.0	3206500	0.0			1.0	1.0
71	37	0.0	12826	0.0	3206500	0.0			1.0	1.0
72	37	0.0	12826	0.0	3206500	0.0			1.0	1.0
73	37	0.0	12826	0.0	3206500	0.0			1.0	1.0
74	37	0.0	12826	0.0	3206500	0.0			1.0	1.0
75	37	0.0	12826	0.0	3206500	0.0			1.0	1.0
76	37	0.0	12826	0.0	3206500	0.0			1.0	1.0
77	37	0.0	12826	0.0	3206500	0.0			1.0	1.0
78	37	0.0	12826	0.0	3206500	0.0			1.0	1.0
79	37	0.0	12826	0.0	3206500	0.0			1.0	1.0
80	37	0.0	12826	0.0	3206500	0.0			1.0	1.0
81	37	0.0	12826	0.0	3206500	0.0			1.0	1.0
82	37	0.0	12826	0.0	3206500	0.0			1.0	1.0
83	37	0.0	12826	0.0	3206500	0.0			1.0	1.0
84	37	0.0	12826	0.0	3206500	0.0			1.0	1.0
85	37	0.0	12826	0.0	3206500	0.0			1.0	1.0
86	37	0.0	12826	0.0	3206500	0.0			1.0	1.0
87	37	0.0	12826	0.0	3206500	0.0			1.0	1.0
88	37	0.0	12826	0.0	3206500	0.0			1.0	1.0
89	37	0.0	12826	0.0	3206500	0.0			1.0	1.0
90	37	0.0	12826	0.0	3206500	0.0			1.0	1.0
91	37	0.0	12826	0.0	3206500	0.0			1.0	1.0
92	37	0.0	12826	0.0	3206500	0.0			1.0	1.0
93	37	0.0	12826	0.0	3206500	0.0			1.0	1.0
94	37	0.0	12826	0.0	3206500	0.0			1.0	1.0
95	37	0.0	12826	0.0	3206500	0.0			1.0	1.0
96	37	0.0	12826	0.0	3206500	0.0			1.0	1.0
97	37	0.0	12826	0.0	3206500	0.0			1.0	1.0
98	37	0.0	12826	0.0	3206500	0.0			1.0	1.0
99	37	0.0	12826	0.0	3206500	0.0			1.0	1.0
100	37	0.0	12826	0.0	3206500	0.0			1.0	1.0
1	38	3.0	12826	296.0	3206500	1.184	2.5341426195750456	1.3414977205180414	0.11826084500722372	1.0
2	38	4.0	12826	310.0	3206500	1.24	3.2265008226787626	1.689970393334112	0.038028055606814756	1.0
3	38	3.0	12826	353.0	3206500	1.412	2.1249090084455626	1.0874010643680068	0.17065702257050938	1.0
4	38	2.0	12826	263.0	3206500	1.052	1.9012812241306105	0.926971941061404	0.28479119967726146	1.0
5	38	1.0	12826	277.0	3206500	1.108	0.9025194755842675	-0.14797003044912602	1.0	1.0
6	38	0.0	12826	376.0	3206500	1.504	0.0		0.41328145504039415	1.0
7	38	2.0	12826	370.0	3206500	1.48	1.3514061472576757	0.4344613227586669	0.6629651742348639	1.0
8	38	1.0	12826	269.0	3206500	1.076	0.9293625223736748	-0.1056866272238145	1.0	1.0
9	38	1.0	12826	303.0	3206500	1.212	0.8250688694600454	-0.2774135470663485	1.0	1.0
10	38	1.0	12826	315.0	3206500	1.26	0.7936347040440608	-0.3334529816404255	1.0	1.0
11	38	1.0	12826	284.0	3206500	1.136	0.8802723553798424	-0.18397813367814153	1.0	1.0
12	38	0.0	12826	262.0	3206500	1.048	0.0		0.6317477341394724	1.0
13	38	0.0	12826	319.0	3206500	1.276	0.0		0.642881795280634	1.0
14	38	0.0	12826	294.0	3206500	1.176	0.0		0.6363260453085308	1.0
15	38	3.0	12826	433.0	3206500	1.732	1.7322728951784279	0.7926662242376591	0.25244339844409924	1.0
16	38	1.0	12826	236.0	3206500	0.944	1.0593266593980242	0.08314753477361056	0.6117647426092929	1.0
17	38	2.0	12826	246.0	3206500	0.984	2.032681354573995	1.0233840744024174	0.2598347521068126	1.0
18	38	0.0	12826	392.0	3206500	1.568	0.0		0.415669893568117	1.0
19	38	0.0	12826	249.0	3206500	0.996	0.0		1.0	1.0
20	38	0.0	12826	341.0	3206500	1.364	0.0		0.6503503709856804	1.0
21	38	0.0	12826	290.0	3206500	1.16	0.0		0.635499770870825	1.0
22	38	1.0	12826	287.0	3206500	1.148	0.8710700871419742	-0.19913929075419023	1.0	1.0
23	38	2.0	12826	398.0	3206500	1.592	1.2563213760630978	0.3292055632305182	0.675924769112762	1.0
24	38	0.0	12826	342.0	3206500	1.368	0.0		0.6507221560028698	1.0
25	38	0.0	12826	318.0	3206500	1.272	0.0		0.6425772636479805	1.0
26	38	0.0	12826	294.0	3206500	1.176	0.0		0.6363260453085308	1.0
27	38	1.0	12826	283.0	3206500	1.132	0.8833831339243279	-0.17888880703727478	1.0	1.0
28	38	1.0	12826	385.0	3206500	1.54	0.6493233082706767	-0.622991097253409	1.0	1.0
29	38	3.0	12826	309.0	3206500	1.236	2.4275183624085663	1.2794822086230806	0.12962931441641262	1.0
30	38	0.0	12826	251.0	3206500	1.004	0.0		0.6313716530617537	1.0
31	38	3.0	12826	288.0	3206500	1.152	2.6045419688580416	1.3810296844587582	0.11145944911684696	1.0
32	38	1.0	12826	292.0	3206500	1.168	0.8561531683089001	-0.22405917280306503	1.0	1.0
33	38	1.0	12826	282.0	3206500	1.128	0.8865159747279941	-0.17378146663625932	1.0	1.0
34	38	1.0	12826	260.0	3206500	1.04	0.9615354625880942	-0.05658802800704021	1.0	1.0
35	38	1.0	12826	253.0	3206500	1.012	0.9881413679125349	-0.017210639922951396	1.0	1.0
36	38	0.0	12826	291.0	3206500	1.164	0.0		0.6357000911430859	1.0
37	38	0.0	12826	245.0	3206500	0.98	0.0		1.0	1.0
38	38	0.0	12826	68.0	3206500	0.272	0.0		1.0	1.0
39	38	0.0	12826	0.0	3206500	0.0			1.0	1.0
40	38	0.0	12826	0.0	3206500	0.0			1.0	1.0
41	38	0.0	12826	0.0	3206500	0.0			1.0	1.0
42	38	0.0	12826	0.0	3206500	0.0			1.0	1.0
43	38	0.0	12826	0.0	3206500	0.0			1.0	1.0
44	38	0.0	12826	0.0	3206500	0.0			1.0	1.0
45	38	0.0	12826	0.0	3206500	0.0			1.0	1.0
46	38	0.0	12826	0.0	3206500	0.0			1.0	1.0
47	38	0.0	12826	0.0	3206500	0.0			1.0	1.0
48	38	0.0	12826	0.0	3206500	0.0			1.0	1.0
49	38	0.0	12826	0.0	3206500	0.0			1.0	1.0
50	38	0.0	12826	0.0	3206500	0.0			1.0	1.0
51	38	0.0	12826	0.0	3206500	0.0			1.0	1.0
52	38	0.0	12826	0.0	3206500	0.0			1.0	1.0
53	38	0.0	12826	0.0	3206500	0.0			1.0	1.0
54	38	0.0	12826	0.0	3206500	0.0			1.0	1.0
55	38	0.0	12826	0.0	3206500	0.0			1.0	1.0
56	38	0.0	12826	0.0	3206500	0.0			1.0	1.0
57	38	0.0	12826	0.0	3206500	0.0			1.0	1.0
58	38	0.0	12826	0.0	3206500	0.0			1.0	1.0
59	38	0.0	12826	0.0	3206500	0.0			1.0	1.0
60	38	0.0	12826	0.0	3206500	0.0			1.0	1.0
61	38	0.0	12826	0.0	3206500	0.0			1.0	1.0
62	38	0.0	12826	0.0	3206500	0.0			1.0	1.0
63	38	0.0	12826	0.0	3206500	0.0			1.0	1.0
64	38	0.0	12826	0.0	3206500	0.0			1.0	1.0
65	38	0.0	12826	0.0	3206500	0.0			1.0	1.0
66	38	0.0	12826	0.0	3206500	0.0			1.0	1.0
67	38	0.0	12826	0.0	3206500	0.0			1.0	1.0
68	38	0.0	12826	0.0	3206500	0.0			1.0	1.0
69	38	0.0	12826	0.0	3206500	0.0			1.0	1.0
70	38	0.0	12826	0.0	3206500	0.0			1.0	1.0
71	38	0.0	12826	0.0	3206500	0.0			1.0	1.0
72	38	0.0	12826	0.0	3206500	0.0			1.0	1.0
73	38	0.0	12826	0.0	3206500	0.0			1.0	1.0
74	38	0.0	12826	0.0	3206500	0.0			1.0	1.0
75	38	0.0	12826	0.0	3206500	0.0			1.0	1.0
76	38	0.0	12826	0.0	3206500	0.0			1.0	1.0
77	38	0.0	12826	0.0	3206500	0.0			1.0	1.0
78	38	0.0	12826	0.0	3206500	0.0			1.0	1.0
79	38	0.0	12826	0.0	3206500	0.0			1.0	1.0
80	38	0.0	12826	0.0	3206500	0.0			1.0	1.0
81	38	0.0	12826	0.0	3206500	0.0			1.0	1.0
82	38	0.0	12826	0.0	3206500	0.0			1.0	1.0
83	38	0.0	12826	0.0	3206500	0.0			1.0	1.0
84	38	0.0	12826	0.0	3206500	0.0			1.0	1.0
85	38	0.0	12826	0.0	3206500	0.0			1.0	1.0
86	38	0.0	12826	0.0	3206500	0.0			1.0	1.0
87	38	0.0	12826	0.0	3206500	0.0			1.0	1.0
88	38	0.0	12826	0.0	3206500	0.0			1.0	1.0
89	38	0.0	12826	0.0	3206500	0.0			1.0	1.0
90	38	0.0	12826	0.0	3206500	0.0			1.0	1.0
91	38	0.0	12826	0.0	3206500	0.0			1.0	1.0
92	38	0.0	12826	0.0	3206500	0.0			1.0	1.0
93	38	0.0	12826	0.0	3206500	0.0			1.0	1.0
94	38	0.0	12826	0.0	3206500	0.0			1.0	1.0
95	38	0.0	12826	0.0	3206500	0.0			1.0	1.0
96	38	0.0	12826	0.0	3206500	0.0			1.0	1.0
97	38	0.0	12826	0.0	3206500	0.0			1.0	1.0
98	38	0.0	12826	0.0	3206500	0.0			1.0	1.0
99	38	0.0	12826	0.0	3206500	0.0			1.0	1.0
100	38	0.0	12826	0.0	3206500	0.0			1.0	1.0
1	39	4.0	12826	294.0	3206500	1.176	3.4021096818075227	1.766429653302599	0.032358769136731996	1.0
2	39	2.0	12826	689.0	3206500	2.756	0.7256466241182399	-0.4626609402568771	1.0	1.0
3	39	2.0	12826	318.0	3206500	1.272	1.5724163027656477	0.6529832267716336	0.36445916178024956	1.0
4	39	3.0	12826	746.0	3206500	2.984	1.0053631847432323	0.007716765261067488	0.7746072335821549	1.0
5	39	0.0	12826	312.0	3206500	1.248	0.0		0.6408200113722482	1.0
6	39	1.0	12826	458.0	3206500	1.832	0.5458161171974089	-0.8735130988508517	1.0	1.0
7	39	1.0	12826	431.0	3206500	1.724	0.5800136587925084	-0.7858412200950979	1.0	1.0
8	39	3.0	12826	293.0	3206500	1.172	2.560091867774921	1.3561955816335756	0.11569242773193254	1.0
9	39	2.0	12826	364.0	3206500	1.456	1.3736846434912562	0.45805084295499815	0.6603625417257416	1.0
10	39	0.0	12826	447.0	3206500	1.788	0.0		0.43201339754857726	1.0
11	39	1.0	12826	295.0	3206500	1.18	0.847445732976509	-0.2388071080806627	1.0	1.0
12	39	0.0	12826	299.0	3206500	1.196	0.0		0.6374504488680498	1.0
13	39	0.0	12826	347.0	3206500	1.388	0.0		0.6526193760145609	1.0
14	39	3.0	12826	407.0	3206500	1.628	1.8429490084329045	0.8820161543659752	0.22512776459171016	1.0
15	39	1.0	12826	332.0	3206500	1.328	0.752992789872942	-0.40929204415264453	1.0	1.0
16	39	0.0	12826	276.0	3206500	1.104	0.0		0.6331562648068227	1.0
17	39	1.0	12826	379.0	3206500	1.516	0.6596040673363267	-0.6003277999508903	1.0	1.0
18	39	0.0	12826	312.0	3206500	1.248	0.0		0.6408200113722482	1.0
19	39	0.0	12826	250.0	3206500	1.0	0.0		0.6313716537747318	1.0
20	39	0.0	12826	374.0	3206500	1.496	0.0		0.41306881549755703	1.0
21	39	2.0	12826	300.0	3206500	1.2	1.666770638386359	0.7370555910497318	0.33867402779985073	1.0
22	39	0.0	12826	338.0	3206500	1.352	0.0		0.6492508122570286	1.0
23	39	0.0	12826	297.0	3206500	1.188	0.0		0.636988729652636	1.0
24	39	1.0	12826	305.0	3206500	1.22	0.8196580704949988	-0.2869058959855344	1.0	1.0
25	39	1.0	12826	295.0	3206500	1.18	0.847445732976509	-0.2388071080806627	1.0	1.0
26	39	1.0	12826	374.0	3206500	1.496	0.6684233459465657	-0.581165971761839	1.0	1.0
27	39	0.0	12826	355.0	3206500	1.42	0.0		0.41206679685913106	1.0
28	39	1.0	12826	390.0	3206500	1.56	0.6409976508222123	-0.6416090253340713	1.0	1.0
29	39	0.0	12826	438.0	3206500	1.752	0.0		0.42857824076900175	1.0
30	39	2.0	12826	282.0	3206500	1.128	1.773170208341629	0.8263310285909714	0.31257470101264917	1.0
31	39	2.0	12826	308.0	3206500	1.232	1.623473843685946	0.6990841410831589	0.3501780592817453	1.0
32	39	3.0	12826	332.0	3206500	1.328	2.2593307018920257	1.1758954557955568	0.1506224452796619	1.0
33	39	1.0	12826	370.0	3206500	1.48	0.6756503872293346	-0.5656511724685639	1.0	1.0
34	39	1.0	12826	292.0	3206500	1.168	0.8561531683089001	-0.22405917280306503	1.0	1.0
35	39	0.0	12826	373.0	3206500	1.492	0.0		0.4129699064881154	1.0
36	39	2.0	12826	296.0	3206500	1.184	1.6892966734669792	0.7564227157970708	0.33289817574045943	1.0
37	39	0.0	12826	311.0	3206500	1.244	0.0		0.6405390876264201	1.0
38	39	2.0	12826	306.0	3206500	1.224	1.6340858031713412	0.7084837390281387	0.3473083079103909	1.0
39	39	0.0	12826	87.0	3206500	0.348	0.0		1.0	1.0
40	39	0.0	12826	0.0	3206500	0.0			1.0	1.0
41	39	0.0	12826	0.0	3206500	0.0			1.0	1.0
42	39	0.0	12826	0.0	3206500	0.0			1.0	1.0
43	39	0.0	12826	0.0	3206500	0.0			1.0	1.0
44	39	0.0	12826	0.0	3206500	0.0			1.0	1.0
45	39	0.0	12826	0.0	3206500	0.0			1.0	1.0
46	39	0.0	12826	0.0	3206500	0.0			1.0	1.0
47	39	0.0	12826	0.0	3206500	0.0			1.0	1.0
48	39	0.0	12826	0.0	3206500	0.0			1.0	1.0
49	39	0.0	12826	0.0	3206500	0.0			1.0	1.0
50	39	0.0	12826	0.0	3206500	0.0			1.0	1.0
51	39	0.0	12826	0.0	3206500	0.0			1.0	1.0
52	39	0.0	12826	0.0	3206500	0.0			1.0	1.0
53	39	0.0	12826	0.0	3206500	0.0			1.0	1.0
54	39	0.0	12826	0.0	3206500	0.0			1.0	1.0
55	39	0.0	12826	0.0	3206500	0.0			1.0	1.0
56	39	0.0	12826	0.0	3206500	0.0			1.0	1.0
57	39	0.0	12826	0.0	3206500	0.0			1.0	1.0
58	39	0.0	12826	0.0	3206500	0.0			1.0	1.0
59	39	0.0	12826	0.0	3206500	0.0			1.0	1.0
60	39	0.0	12826	0.0	3206500	0.0			1.0	1.0
61	39	0.0	12826	0.0	3206500	0.0			1.0	1.0
62	39	0.0	12826	0.0	3206500	0.0			1.0	1.0
63	39	0.0	12826	0.0	3206500	0.0			1.0	1.0
64	39	0.0	12826	0.0	3206500	0.0			1.0	1.0
65	39	0.0	12826	0.0	3206500	0.0			1.0	1.0
66	39	0.0	12826	0.0	3206500	0.0			1.0	1.0
67	39	0.0	12826	0.0	3206500	0.0			1.0	1.0
68	39	0.0	12826	0.0	3206500	0.0			1.0	1.0
69	39	0.0	12826	0.0	3206500	0.0			1.0	1.0
70	39	0.0	12826	0.0	3206500	0.0			1.0	1.0
71	39	0.0	12826	0.0	3206500	0.0			1.0	1.0
72	39	0.0	12826	0.0	3206500	0.0			1.0	1.0
73	39	0.0	12826	0.0	3206500	0.0			1.0	1.0
74	39	0.0	12826	0.0	3206500	0.0			1.0	1.0
75	39	0.0	12826	0.0	3206500	0.0			1.0	1.0
76	39	0.0	12826	0.0	3206500	0.0			1.0	1.0
77	39	0.0	12826	0.0	3206500	0.0			1.0	1.0
78	39	0.0	12826	0.0	3206500	0.0			1.0	1.0
79	39	0.0	12826	0.0	3206500	0.0			1.0	1.0
80	39	0.0	12826	0.0	3206500	0.0			1.0	1.0
81	39	0.0	12826	0.0	3206500	0.0			1.0	1.0
82	39	0.0	12826	0.0	3206500	0.0			1.0	1.0
83	39	0.0	12826	0.0	3206500	0.0			1.0	1.0
84	39	0.0	12826	0.0	3206500	0.0			1.0	1.0
85	39	0.0	12826	0.0	3206500	0.0			1.0	1.0
86	39	0.0	12826	0.0	3206500	0.0			1.0	1.0
87	39	0.0	12826	0.0	3206500	0.0			1.0	1.0
88	39	0.0	12826	0.0	3206500	0.0			1.0	1.0
89	39	0.0	12826	0.0	3206500	0.0			1.0	1.0
90	39	0.0	12826	0.0	3206500	0.0			1.0	1.0
91	39	0.0	12826	0.0	3206500	0.0			1.0	1.0
92	39	0.0	12826	0.0	3206500	0.0			1.0	1.0
93	39	0.0	12826	0.0	3206500	0.0			1.0	1.0
94	39	0.0	12826	0.0	3206500	0.0			1.0	1.0
95	39	0.0	12826	0.0	3206500	0.0			1.0	1.0
96	39	0.0	12826	0.0	3206500	0.0			1.0	1.0
97	39	0.0	12826	0.0	3206500	0.0			1.0	1.0
98	39	0.0	12826	0.0	3206500	0.0			1.0	1.0
99	39	0.0	12826	0.0	3206500	0.0			1.0	1.0
100	39	0.0	12826	0.0	3206500	0.0			1.0	1.0
1	40	2.0	12826	273.0	3206500	1.092	1.8316315105148542	0.873129289774937	0.29943670121670896	1.0
2	40	2.0	12826	321.0	3206500	1.284	1.557719365753076	0.6394353450143276	0.3687201912572196	1.0
3	40	3.0	12826	345.0	3206500	1.38	2.1741876858498146	1.1204764857917324	0.16293534304714366	1.0
4	40	2.0	12826	252.0	3206500	1.008	1.984280466189387	0.9886159564623894	0.26864639649779076	1.0
5	40	1.0	12826	249.0	3206500	0.996	1.00401637740044	0.005782802557301607	1.0	1.0
6	40	0.0	12826	273.0	3206500	1.092	0.0		0.6327719493807511	1.0
7	40	3.0	12826	295.0	3206500	1.18	2.542733726606191	1.3463803918675386	0.1174023503250515	1.0
8	40	2.0	12826	338.0	3206500	1.352	1.479364689727471	0.5649777462875581	0.39264164603808266	1.0
9	40	0.0	12826	310.0	3206500	1.24	0.0		0.6402616634317861	1.0
10	40	4.0	12826	352.0	3206500	1.408	2.8414833879270005	1.506644281032251	0.05543997676748524	1.0
11	40	1.0	12826	256.0	3206500	1.024	0.9765606725146199	-0.034218415120632575	1.0	1.0
12	40	3.0	12826	350.0	3206500	1.4	2.1431245195574915	1.0997156757396898	0.16774907090457575	1.0
13	40	0.0	12826	288.0	3206500	1.152	0.0		0.6351118485875193	1.0
14	40	1.0	12826	240.0	3206500	0.96	1.0416699155295646	0.05889818868020722	0.6179153356497074	1.0
15	40	3.0	12826	295.0	3206500	1.18	2.542733726606191	1.3463803918675386	0.1174023503250515	1.0
16	40	0.0	12826	306.0	3206500	1.224	0.0		0.6391876221768509	1.0
17	40	2.0	12826	378.0	3206500	1.512	1.322801658266412	0.4035967592077596	0.6665388870159177	1.0
18	40	2.0	12826	277.0	3206500	1.108	1.8051797059214334	0.8521424647781047	0.3052817277739863	1.0
19	40	0.0	12826	237.0	3206500	0.948	0.0		1.0	1.0
20	40	2.0	12826	339.0	3206500	1.356	1.4750003220363	0.5607152694576126	0.39403618176613464	1.0
21	40	1.0	12826	288.0	3206500	1.152	0.8680452674897119	-0.20415781548944328	1.0	1.0
22	40	1.0	12826	345.0	3206500	1.38	0.7246162104133118	-0.46471101415646876	1.0	1.0
23	40	0.0	12826	258.0	3206500	1.032	0.0		0.63153290371718	1.0
24	40	0.0	12826	338.0	3206500	1.352	0.0		0.6492508122570286	1.0
25	40	1.0	12826	307.0	3206500	1.228	0.8143177705392689	-0.2963362088479145	1.0	1.0
26	40	0.0	12826	226.0	3206500	0.904	0.0		1.0	1.0
27	40	0.0	12826	319.0	3206500	1.276	0.0		0.642881795280634	1.0
28	40	1.0	12826	395.0	3206500	1.58	0.6328827695116835	-0.6599898045657503	1.0	1.0
29	40	1.0	12826	338.0	3206500	1.352	0.739624669827099	-0.4351347489396726	1.0	1.0
30	40	2.0	12826	293.0	3206500	1.172	1.7065948232729162	0.771120576912605	0.3285566628063652	1.0
31	40	1.0	12826	309.0	3206500	1.236	0.8090466006800533	-0.3057052913251204	1.0	1.0
32	40	0.0	12826	296.0	3206500	1.184	0.0		0.6367638136476822	1.0
33	40	3.0	12826	368.0	3206500	1.472	2.038286333320901	1.0273567318990697	0.18540534299736605	1.0
34	40	2.0	12826	268.0	3206500	1.072	1.8658066498449735	0.8997994900682298	0.29211909358243654	1.0
35	40	3.0	12826	252.0	3206500	1.008	2.9766528150681624	1.57369096118336	0.08288101134449821	1.0
36	40	3.0	12826	274.0	3206500	1.096	2.73763270947334	1.4529289024885697	0.09993699621775341	1.0
37	40	3.0	12826	294.0	3206500	1.176	2.55138327654231	1.3512796412499886	0.11654620686461137	1.0
38	40	3.0	12826	320.0	3206500	1.28	2.344064376510957	1.2290121919434989	0.13953618210403304	1.0
39	40	1.0	12826	261.0	3206500	1.044	0.9578511199241185	-0.06212666151330934	1.0	1.0
40	40	0.0	12826	79.0	3206500	0.316	0.0		1.0	1.0
41	40	0.0	12826	0.0	3206500	0.0			1.0	1.0
42	40	0.0	12826	0.0	3206500	0.0			1.0	1.0
43	40	0.0	12826	0.0	3206500	0.0			1.0	1.0
44	40	0.0	12826	0.0	3206500	0.0			1.0	1.0
45	40	0.0	12826	0.0	3206500	0.0			1.0	1.0
46	40	0.0	12826	0.0	3206500	0.0			1.0	1.0
47	40	0.0	12826	0.0	3206500	0.0			1.0	1.0
48	40	0.0	12826	0.0	3206500	0.0			1.0	1.0
49	40	0.0	12826	0.0	3206500	0.0			1.0	1.0
50	40	0.0	12826	0.0	3206500	0.0			1.0	1.0
51	40	0.0	12826	0.0	3206500	0.0			1.0	1.0
52	40	0.0	12826	0.0	3206500	0.0			1.0	1.0
53	40	0.0	12826	0.0	3206500	0.0			1.0	1.0
54	40	0.0	12826	0.0	3206500	0.0			1.0	1.0
55	40	0.0	12826	0.0	3206500	0.0			1.0	1.0
56	40	0.0	12826	0.0	3206500	0.0			1.0	1.0
57	40	0.0	12826	0.0	3206500	0.0			1.0	1.0
58	40	0.0	12826	0.0	3206500	0.0			1.0	1.0
59	40	0.0	12826	0.0	3206500	0.0			1.0	1.0
60	40	0.0	12826	0.0	3206500	0.0			1.0	1.0
61	40	0.0	12826	0.0	3206500	0.0			1.0	1.0
62	40	0.0	12826	0.0	3206500	0.0			1.0	1.0
63	40	0.0	12826	0.0	3206500	0.0			1.0	1.0
64	40	0.0	12826	0.0	3206500	0.0			1.0	1.0
65	40	0.0	12826	0.0	3206500	0.0			1.0	1.0
66	40	0.0	12826	0.0	3206500	0.0			1.0	1.0
67	40	0.0	12826	0.0	3206500	0.0			1.0	1.0
68	40	0.0	12826	0.0	3206500	0.0			1.0	1.0
69	40	0.0	12826	0.0	3206500	0.0			1.0	1.0
70	40	0.0	12826	0.0	3206500	0.0			1.0	1.0
71	40	0.0	12826	0.0	3206500	0.0			1.0	1.0
72	40	0.0	12826	0.0	3206500	0.0			1.0	1.0
73	40	0.0	12826	0.0	3206500	0.0			1.0	1.0
74	40	0.0	12826	0.0	3206500	0.0			1.0	1.0
75	40	0.0	12826	0.0	3206500	0.0			1.0	1.0
76	40	0.0	12826	0.0	3206500	0.0			1.0	1.0
77	40	0.0	12826	0.0	3206500	0.0			1.0	1.0
78	40	0.0	12826	0.0	3206500	0.0			1.0	1.0
79	40	0.0	12826	0.0	3206500	0.0			1.0	1.0
80	40	0.0	12826	0.0	3206500	0.0			1.0	1.0
81	40	0.0	12826	0.0	3206500	0.0			1.0	1.0
82	40	0.0	12826	0.0	3206500	0.0			1.0	1.0
83	40	0.0	12826	0.0	3206500	0.0			1.0	1.0
84	40	0.0	12826	0.0	3206500	0.0			1.0	1.0
85	40	0.0	12826	0.0	3206500	0.0			1.0	1.0
86	40	0.0	12826	0.0	3206500	0.0			1.0	1.0
87	40	0.0	12826	0.0	3206500	0.0			1.0	1.0
88	40	0.0	12826	0.0	3206500	0.0			1.0	1.0
89	40	0.0	12826	0.0	3206500	0.0			1.0	1.0
90	40	0.0	12826	0.0	3206500	0.0			1.0	1.0
91	40	0.0	12826	0.0	3206500	0.0			1.0	1.0
92	40	0.0	12826	0.0	3206500	0.0			1.0	1.0
93	40	0.0	12826	0.0	3206500	0.0			1.0	1.0
94	40	0.0	12826	0.0	3206500	0.0			1.0	1.0
95	40	0.0	12826	0.0	3206500	0.0			1.0	1.0
96	40	0.0	12826	0.0	3206500	0.0			1.0	1.0
97	40	0.0	12826	0.0	3206500	0.0			1.0	1.0
98	40	0.0	12826	0.0	3206500	0.0			1.0	1.0
99	40	0.0	12826	0.0	3206500	0.0			1.0	1.0
100	40	0.0	12826	0.0	3206500	0.0			1.0	1.0
1	41	1.0	12826	276.0	3206500	1.104	0.9057897561940278	-0.14275187121102198	1.0	1.0
2	41	4.0	12826	1073.0	3206500	4.292	0.931945225201966	-0.1016829314796201	1.0	1.0
3	41	1.0	12826	296.0	3206500	1.184	0.8445824772140562	-0.24368977943015985	1.0	1.0
4	41	3.0	12826	295.0	3206500	1.18	2.542733726606191	1.3463803918675386	0.1174023503250515	1.0
5	41	0.0	12826	281.0	3206500	1.124	0.0		0.6338915880874088	1.0
6	41	3.0	12826	385.0	3206500	1.54	1.9482737491783737	0.9621964026947922	0.20250030492475515	1.0
7	41	2.0	12826	338.0	3206500	1.352	1.479364689727471	0.5649777462875581	0.39264164603808266	1.0
8	41	0.0	12826	250.0	3206500	1.0	0.0		0.6313716537747318	1.0
9	41	3.0	12826	282.0	3206500	1.128	2.6599627331872084	1.411406033311942	0.10646059746268045	1.0
10	41	1.0	12826	324.0	3206500	1.296	0.7715871296897937	-0.374099015895846	1.0	1.0
11	41	1.0	12826	259.0	3206500	1.036	0.9652482557745715	-0.05102805270044089	1.0	1.0
12	41	1.0	12826	291.0	3206500	1.164	0.8590955433639463	-0.21910950686214187	1.0	1.0
13	41	0.0	12826	283.0	3206500	1.132	0.0		0.6342179705915273	1.0
14	41	1.0	12826	266.0	3206500	1.064	0.9398449339723578	-0.08950535027091533	1.0	1.0
15	41	0.0	12826	291.0	3206500	1.164	0.0		0.6357000911430859	1.0
16	41	0.0	12826	278.0	3206500	1.112	0.0		0.6334363740095017	1.0
17	41	2.0	12826	251.0	3206500	1.004	1.9921865873996216	0.99435277597511	0.26717782649536775	1.0
18	41	1.0	12826	267.0	3206500	1.068	0.9363246234604405	-0.09491929642296085	1.0	1.0
19	41	1.0	12826	277.0	3206500	1.108	0.9025194755842675	-0.14797003044912602	1.0	1.0
20	41	0.0	12826	269.0	3206500	1.076	0.0		0.6323281554782938	1.0
21	41	0.0	12826	239.0	3206500	0.956	0.0		1.0	1.0
22	41	1.0	12826	260.0	3206500	1.04	0.9615354625880942	-0.05658802800704021	1.0	1.0
23	41	2.0	12826	304.0	3206500	1.216	1.644837393702597	0.7179449682193737	0.34443430737638997	1.0
24	41	1.0	12826	237.0	3206500	0.948	1.0548565976591737	0.07704688527572182	0.6133116105317589	1.0
25	41	0.0	12826	277.0	3206500	1.108	0.0		0.6332939561732986	1.0
26	41	1.0	12826	263.0	3206500	1.052	0.9505664880409728	-0.0731405541658265	1.0	1.0
27	41	0.0	12826	302.0	3206500	1.208	0.0		0.6381722194268006	1.0
28	41	1.0	12826	260.0	3206500	1.04	0.9615354625880942	-0.05658802800704021	1.0	1.0
29	41	1.0	12826	285.0	3206500	1.14	0.8771834068602306	-0.18904957319377072	1.0	1.0
30	41	1.0	12826	249.0	3206500	0.996	1.00401637740044	0.005782802557301607	1.0	1.0
31	41	0.0	12826	278.0	3206500	1.112	0.0		0.6334363740095017	1.0
32	41	1.0	12826	285.0	3206500	1.14	0.8771834068602306	-0.18904957319377072	1.0	1.0
33	41	1.0	12826	261.0	3206500	1.044	0.9578511199241185	-0.06212666151330934	1.0	1.0
34	41	1.0	12826	264.0	3206500	1.056	0.9469655620532813	-0.07861613419723788	1.0	1.0
35	41	1.0	12826	294.0	3206500	1.176	0.8503284666693188	-0.23390785869821262	1.0	1.0
36	41	2.0	12826	268.0	3206500	1.072	1.8658066498449735	0.8997994900682298	0.29211909358243654	1.0
37	41	4.0	12826	243.0	3206500	0.972	4.116198175332649	2.0413124427972384	0.01778349260059898	1.0
38	41	0.0	12826	225.0	3206500	0.9	0.0		1.0	1.0
39	41	3.0	12826	355.0	3206500	1.42	2.1129363720339662	1.07924932329122	0.17260365758439025	1.0
40	41	0.0	12826	245.0	3206500	0.98	0.0		1.0	1.0
41	41	0.0	12826	41.0	3206500	0.164	0.0		1.0	1.0
42	41	0.0	12826	0.0	3206500	0.0			1.0	1.0
43	41	0.0	12826	0.0	3206500	0.0			1.0	1.0
44	41	0.0	12826	0.0	3206500	0.0			1.0	1.0
45	41	0.0	12826	0.0	3206500	0.0			1.0	1.0
46	41	0.0	12826	0.0	3206500	0.0			1.0	1.0
47	41	0.0	12826	0.0	3206500	0.0			1.0	1.0
48	41	0.0	12826	0.0	3206500	0.0			1.0	1.0
49	41	0.0	12826	0.0	3206500	0.0			1.0	1.0
50	41	0.0	12826	0.0	3206500	0.0			1.0	1.0
51	41	0.0	12826	0.0	3206500	0.0			1.0	1.0
52	41	0.0	12826	0.0	3206500	0.0			1.0	1.0
53	41	0.0	12826	0.0	3206500	0.0			1.0	1.0
54	41	0.0	12826	0.0	3206500	0.0			1.0	1.0
55	41	0.0	12826	0.0	3206500	0.0			1.0	1.0
56	41	0.0	12826	0.0	3206500	0.0			1.0	1.0
57	41	0.0	12826	0.0	3206500	0.0			1.0	1.0
58	41	0.0	12826	0.0	3206500	0.0			1.0	1.0
59	41	0.0	12826	0.0	3206500	0.0			1.0	1.0
60	41	0.0	12826	0.0	3206500	0.0			1.0	1.0
61	41	0.0	12826	0.0	3206500	0.0			1.0	1.0
62	41	0.0	12826	0.0	3206500	0.0			1.0	1.0
63	41	0.0	12826	0.0	3206500	0.0			1.0	1.0
64	41	0.0	12826	0.0	3206500	0.0			1.0	1.0
65	41	0.0	12826	0.0	3206500	0.0			1.0	1.0
66	41	0.0	12826	0.0	3206500	0.0			1.0	1.0
67	41	0.0	12826	0.0	3206500	0.0			1.0	1.0
68	41	0.0	12826	0.0	3206500	0.0			1.0	1.0
69	41	0.0	12826	0.0	3206500	0.0			1.0	1.0
70	41	0.0	12826	0.0	3206500	0.0			1.0	1.0
71	41	0.0	12826	0.0	3206500	0.0			1.0	1.0
72	41	0.0	12826	0.0	3206500	0.0			1.0	1.0
73	41	0.0	12826	0.0	3206500	0.0			1.0	1.0
74	41	0.0	12826	0.0	3206500	0.0			1.0	1.0
75	41	0.0	12826	0.0	3206500	0.0			1.0	1.0
76	41	0.0	12826	0.0	3206500	0.0			1.0	1.0
77	41	0.0	12826	0.0	3206500	0.0			1.0	1.0
78	41	0.0	12826	0.0	3206500	0.0			1.0	1.0
79	41	0.0	12826	0.0	3206500	0.0			1.0	1.0
80	41	0.0	12826	0.0	3206500	0.0			1.0	1.0
81	41	0.0	12826	0.0	3206500	0.0			1.0	1.0
82	41	0.0	12826	0.0	3206500	0.0			1.0	1.0
83	41	0.0	12826	0.0	3206500	0.0			1.0	1.0
84	41	0.0	12826	0.0	3206500	0.0			1.0	1.0
85	41	0.0	12826	0.0	3206500	0.0			1.0	1.0
86	41	0.0	12826	0.0	3206500	0.0			1.0	1.0
87	41	0.0	12826	0.0	3206500	0.0			1.0	1.0
88	41	0.0	12826	0.0	3206500	0.0			1.0	1.0
89	41	0.0	12826	0.0	3206500	0.0			1.0	1.0
90	41	0.0	12826	0.0	3206500	0.0			1.0	1.0
91	41	0.0	12826	0.0	3206500	0.0			1.0	1.0
92	41	0.0	12826	0.0	3206500	0.0			1.0	1.0
93	41	0.0	12826	0.0	3206500	0.0			1.0	1.0
94	41	0.0	12826	0.0	3206500	0.0			1.0	1.0
95	41	0.0	12826	0.0	3206500	0.0			1.0	1.0
96	41	0.0	12826	0.0	3206500	0.0			1.0	1.0
97	41	0.0	12826	0.0	3206500	0.0			1.0	1.0
98	41	0.0	12826	0.0	3206500	0.0			1.0	1.0
99	41	0.0	12826	0.0	3206500	0.0			1.0	1.0
100	41	0.0	12826	0.0	3206500	0.0			1.0	1.0
1	42	2.0	12826	293.0	3206500	1.172	1.7065948232729162	0.771120576912605	0.3285566628063652	1.0
2	42	5.0	12826	400.0	3206500	1.6	3.125828718508697	1.6442387272409185	0.024160684515526776	1.0
3	42	2.0	12826	280.0	3206500	1.12	1.7858368238124944	0.8366002639802308	0.30965941541754827	1.0
4	42	1.0	12826	316.0	3206500	1.264	0.7911229550669924	-0.33802616140280767	1.0	1.0
5	42	0.0	12826	336.0	3206500	1.344	0.0		0.6485312077340688	1.0
6	42	3.0	12826	346.0	3206500	1.384	2.1679032302415413	1.116300359843771	0.16389474276841184	1.0
7	42	2.0	12826	272.0	3206500	1.088	1.8383660232652013	0.8784240394109732	0.2979741219791278	1.0
8	42	2.0	12826	253.0	3206500	1.012	1.9764368439610513	0.9829018553042794	0.27011489757881646	1.0
9	42	4.0	12826	467.0	3206500	1.868	2.1416836760426157	1.0987454115985347	0.12091360022882228	1.0
10	42	3.0	12826	310.0	3206500	1.24	2.419686903321401	1.2748203812815018	0.13051935802546186	1.0
11	42	3.0	12826	378.0	3206500	1.512	1.9843572251745065	0.98867176392873	0.1954159187678697	1.0
12	42	1.0	12826	258.0	3206500	1.032	0.9689898303035798	-0.04544657047258262	1.0	1.0
13	42	0.0	12826	260.0	3206500	1.04	0.0		0.6316294352399674	1.0
14	42	0.0	12826	290.0	3206500	1.16	0.0		0.635499770870825	1.0
15	42	0.0	12826	292.0	3206500	1.168	0.0		0.635904601100402	1.0
16	42	0.0	12826	288.0	3206500	1.152	0.0		0.6351118485875193	1.0
17	42	1.0	12826	294.0	3206500	1.176	0.8503284666693188	-0.23390785869821262	1.0	1.0
18	42	1.0	12826	329.0	3206500	1.316	0.7598596965226304	-0.39619503661697175	1.0	1.0
19	42	1.0	12826	286.0	3206500	1.144	0.8741160593792173	-0.1941032508884038	1.0	1.0
20	42	1.0	12826	327.0	3206500	1.308	0.7645076333375062	-0.38739718843118814	1.0	1.0
21	42	0.0	12826	265.0	3206500	1.06	0.0		0.6319652282419128	1.0
22	42	0.0	12826	296.0	3206500	1.184	0.0		0.6367638136476822	1.0
23	42	0.0	12826	276.0	3206500	1.104	0.0		0.6331562648068227	1.0
24	42	0.0	12826	300.0	3206500	1.2	0.0		0.6376871815945095	1.0
25	42	1.0	12826	238.0	3206500	0.952	1.0504240994643472	0.07097192090442618	0.6148523158807693	1.0
26	42	0.0	12826	303.0	3206500	1.212	0.0		0.6384204548903305	1.0
27	42	0.0	12826	220.0	3206500	0.88	0.0		1.0	1.0
28	42	0.0	12826	306.0	3206500	1.224	0.0		0.6391876221768509	1.0
29	42	0.0	12826	253.0	3206500	1.012	0.0		0.6313891607821531	1.0
30	42	2.0	12826	214.0	3206500	0.856	2.336657027419383	1.2244459920783923	0.21301780027299574	1.0
31	42	1.0	12826	264.0	3206500	1.056	0.9469655620532813	-0.07861613419723788	1.0	1.0
32	42	3.0	12826	264.0	3206500	1.056	2.841339780082664	1.5065713657509634	0.09201908756149398	1.0
33	42	0.0	12826	314.0	3206500	1.256	0.0		0.6413922308101253	1.0
34	42	1.0	12826	298.0	3206500	1.192	0.838913615134032	-0.253405834203295	1.0	1.0
35	42	1.0	12826	313.0	3206500	1.252	0.798706350540889	-0.32426291024107	1.0	1.0
36	42	2.0	12826	286.0	3206500	1.144	1.748368443783291	0.8060092443388268	0.3183970117738253	1.0
37	42	1.0	12826	324.0	3206500	1.296	0.7715871296897937	-0.374099015895846	1.0	1.0
38	42	0.0	12826	229.0	3206500	0.916	0.0		1.0	1.0
39	42	1.0	12826	262.0	3206500	1.048	0.9541949020133029	-0.06764411644585473	1.0	1.0
40	42	2.0	12826	303.0	3206500	1.212	1.6502664146639243	0.7226989481608822	0.3429957502547992	1.0
41	42	0.0	12826	334.0	3206500	1.336	0.0		0.6478226070573734	1.0
42	42	0.0	12826	75.0	3206500	0.3	0.0		1.0	1.0
43	42	0.0	12826	0.0	3206500	0.0			1.0	1.0
44	42	0.0	12826	0.0	3206500	0.0			1.0	1.0
45	42	0.0	12826	0.0	3206500	0.0			1.0	1.0
46	42	0.0	12826	0.0	3206500	0.0			1.0	1.0
47	42	0.0	12826	0.0	3206500	0.0			1.0	1.0
48	42	0.0	12826	0.0	3206500	0.0			1.0	1.0
49	42	0.0	12826	0.0	3206500	0.0			1.0	1.0
50	42	0.0	12826	0.0	3206500	0.0			1.0	1.0
51	42	0.0	12826	0.0	3206500	0.0			1.0	1.0
52	42	0.0	12826	0.0	3206500	0.0			1.0	1.0
53	42	0.0	12826	0.0	3206500	0.0			1.0	1.0
54	42	0.0	12826	0.0	3206500	0.0			1.0	1.0
55	42	0.0	12826	0.0	3206500	0.0			1.0	1.0
56	42	0.0	12826	0.0	3206500	0.0			1.0	1.0
57	42	0.0	12826	0.0	3206500	0.0			1.0	1.0
58	42	0.0	12826	0.0	3206500	0.0			1.0	1.0
59	42	0.0	12826	0.0	3206500	0.0			1.0	1.0
60	42	0.0	12826	0.0	3206500	0.0			1.0	1.0
61	42	0.0	12826	0.0	3206500	0.0			1.0	1.0
62	42	0.0	12826	0.0	3206500	0.0			1.0	1.0
63	42	0.0	12826	0.0	3206500	0.0			1.0	1.0
64	42	0.0	12826	0.0	3206500	0.0			1.0	1.0
65	42	0.0	12826	0.0	3206500	0.0			1.0	1.0
66	42	0.0	12826	0.0	3206500	0.0			1.0	1.0
67	42	0.0	12826	0.0	3206500	0.0			1.0	1.0
68	42	0.0	12826	0.0	3206500	0.0			1.0	1.0
69	42	0.0	12826	0.0	3206500	0.0			1.0	1.0
70	42	0.0	12826	0.0	3206500	0.0			1.0	1.0
71	42	0.0	12826	0.0	3206500	0.0			1.0	1.0
72	42	0.0	12826	0.0	3206500	0.0			1.0	1.0
73	42	0.0	12826	0.0	3206500	0.0			1.0	1.0
74	42	0.0	12826	0.0	3206500	0.0			1.0	1.0
75	42	0.0	12826	0.0	3206500	0.0			1.0	1.0
76	42	0.0	12826	0.0	3206500	0.0			1.0	1.0
77	42	0.0	12826	0.0	3206500	0.0			1.0	1.0
78	42	0.0	12826	0.0	3206500	0.0			1.0	1.0
79	42	0.0	12826	0.0	3206500	0.0			1.0	1.0
80	42	0.0	12826	0.0	3206500	0.0			1.0	1.0
81	42	0.0	12826	0.0	3206500	0.0			1.0	1.0
82	42	0.0	12826	0.0	3206500	0.0			1.0	1.0
83	42	0.0	12826	0.0	3206500	0.0			1.0	1.0
84	42	0.0	12826	0.0	3206500	0.0			1.0	1.0
85	42	0.0	12826	0.0	3206500	0.0			1.0	1.0
86	42	0.0	12826	0.0	3206500	0.0			1.0	1.0
87	42	0.0	12826	0.0	3206500	0.0			1.0	1.0
88	42	0.0	12826	0.0	3206500	0.0			1.0	1.0
89	42	0.0	12826	0.0	3206500	0.0			1.0	1.0
90	42	0.0	12826	0.0	3206500	0.0			1.0	1.0
91	42	0.0	12826	0.0	3206500	0.0			1.0	1.0
92	42	0.0	12826	0.0	3206500	0.0			1.0	1.0
93	42	0.0	12826	0.0	3206500	0.0			1.0	1.0
94	42	0.0	12826	0.0	3206500	0.0			1.0	1.0
95	42	0.0	12826	0.0	3206500	0.0			1.0	1.0
96	42	0.0	12826	0.0	3206500	0.0			1.0	1.0
97	42	0.0	12826	0.0	3206500	0.0			1.0	1.0
98	42	0.0	12826	0.0	3206500	0.0			1.0	1.0
99	42	0.0	12826	0.0	3206500	0.0			1.0	1.0
100	42	0.0	12826	0.0	3206500	0.0			1.0	1.0
1	43	4.0	12826	279.0	3206500	1.116	3.585035576733314	1.841987435837096	0.027524752718448245	1.0
2	43	2.0	12826	825.0	3206500	3.3	0.6059991682262424	-0.7226122813817082	0.7785696867372938	1.0
3	43	2.0	12826	286.0	3206500	1.144	1.748368443783291	0.8060092443388268	0.3183970117738253	1.0
4	43	1.0	12826	639.0	3206500	2.556	0.3911888397746235	-1.3540628826531298	0.5294994714369504	1.0
5	43	1.0	12826	284.0	3206500	1.136	0.8802723553798424	-0.18397813367814153	1.0	1.0
6	43	4.0	12826	324.0	3206500	1.296	3.0870706405464374	1.6262384961049656	0.04342536607374702	1.0
7	43	1.0	12826	258.0	3206500	1.032	0.9689898303035798	-0.04544657047258262	1.0	1.0
8	43	1.0	12826	226.0	3206500	0.904	1.1062029705532268	0.1456161213272558	0.5959516381825541	1.0
9	43	0.0	12826	212.0	3206500	0.848	0.0		1.0	1.0
10	43	1.0	12826	260.0	3206500	1.04	0.9615354625880942	-0.05658802800704021	1.0	1.0
11	43	0.0	12826	246.0	3206500	0.984	0.0		1.0	1.0
12	43	0.0	12826	275.0	3206500	1.1	0.0		0.6330233394955117	1.0
13	43	0.0	12826	276.0	3206500	1.104	0.0		0.6331562648068227	1.0
14	43	0.0	12826	238.0	3206500	0.952	0.0		1.0	1.0
15	43	1.0	12826	291.0	3206500	1.164	0.8590955433639463	-0.21910950686214187	1.0	1.0
16	43	0.0	12826	240.0	3206500	0.96	0.0		1.0	1.0
17	43	0.0	12826	217.0	3206500	0.868	0.0		1.0	1.0
18	43	1.0	12826	274.0	3206500	1.096	0.9124019293977035	-0.1322585974596316	1.0	1.0
19	43	1.0	12826	229.0	3206500	0.916	1.0917102071043694	0.1265899457648756	0.6007620262346306	1.0
20	43	0.0	12826	234.0	3206500	0.936	0.0		1.0	1.0
21	43	0.0	12826	245.0	3206500	0.98	0.0		1.0	1.0
22	43	0.0	12826	239.0	3206500	0.956	0.0		1.0	1.0
23	43	0.0	12826	336.0	3206500	1.344	0.0		0.6485312077340688	1.0
24	43	0.0	12826	206.0	3206500	0.824	0.0		1.0	1.0
25	43	0.0	12826	244.0	3206500	0.976	0.0		1.0	1.0
26	43	0.0	12826	231.0	3206500	0.924	0.0		1.0	1.0
27	43	0.0	12826	298.0	3206500	1.192	0.0		0.6372176199945986	1.0
28	43	1.0	12826	259.0	3206500	1.036	0.9652482557745715	-0.05102805270044089	1.0	1.0
29	43	1.0	12826	208.0	3206500	0.832	1.2019388214125055	0.26536346485857076	0.5658475126296655	1.0
30	43	0.0	12826	254.0	3206500	1.016	0.0		0.6314065752770373	1.0
31	43	0.0	12826	258.0	3206500	1.032	0.0		0.63153290371718	1.0
32	43	1.0	12826	242.0	3206500	0.968	1.0330604288499026	0.04692464708992636	0.6209539975969639	1.0
33	43	0.0	12826	220.0	3206500	0.88	0.0		1.0	1.0
34	43	0.0	12826	170.0	3206500	0.68	0.0		1.0	1.0
35	43	1.0	12826	213.0	3206500	0.852	1.1737224647429738	0.2310913129847137	0.5744278885037867	1.0
36	43	0.0	12826	224.0	3206500	0.896	0.0		1.0	1.0
37	43	3.0	12826	318.0	3206500	1.272	2.3588083911721127	1.2380582314926043	0.1377162026608993	1.0
38	43	1.0	12826	210.0	3206500	0.84	1.190491042420867	0.251556765418317	0.5693002284942981	1.0
39	43	0.0	12826	244.0	3206500	0.976	0.0		1.0	1.0
40	43	1.0	12826	250.0	3206500	1.0	1.0	0.0	1.0	1.0
41	43	0.0	12826	354.0	3206500	1.416	0.0		0.6553779869892106	1.0
42	43	2.0	12826	237.0	3206500	0.948	2.1098777082000786	1.0771593805029527	0.24662379825697564	1.0
43	43	0.0	12826	52.0	3206500	0.208	0.0		1.0	1.0
44	43	0.0	12826	0.0	3206500	0.0			1.0	1.0
45	43	0.0	12826	0.0	3206500	0.0			1.0	1.0
46	43	0.0	12826	0.0	3206500	0.0			1.0	1.0
47	43	0.0	12826	0.0	3206500	0.0			1.0	1.0
48	43	0.0	12826	0.0	3206500	0.0			1.0	1.0
49	43	0.0	12826	0.0	3206500	0.0			1.0	1.0
50	43	0.0	12826	0.0	3206500	0.0			1.0	1.0
51	43	0.0	12826	0.0	3206500	0.0			1.0	1.0
52	43	0.0	12826	0.0	3206500	0.0			1.0	1.0
53	43	0.0	12826	0.0	3206500	0.0			1.0	1.0
54	43	0.0	12826	0.0	3206500	0.0			1.0	1.0
55	43	0.0	12826	0.0	3206500	0.0			1.0	1.0
56	43	0.0	12826	0.0	3206500	0.0			1.0	1.0
57	43	0.0	12826	0.0	3206500	0.0			1.0	1.0
58	43	0.0	12826	0.0	3206500	0.0			1.0	1.0
59	43	0.0	12826	0.0	3206500	0.0			1.0	1.0
60	43	0.0	12826	0.0	3206500	0.0			1.0	1.0
61	43	0.0	12826	0.0	3206500	0.0			1.0	1.0
62	43	0.0	12826	0.0	3206500	0.0			1.0	1.0
63	43	0.0	12826	0.0	3206500	0.0			1.0	1.0
64	43	0.0	12826	0.0	3206500	0.0			1.0	1.0
65	43	0.0	12826	0.0	3206500	0.0			1.0	1.0
66	43	0.0	12826	0.0	3206500	0.0			1.0	1.0
67	43	0.0	12826	0.0	3206500	0.0			1.0	1.0
68	43	0.0	12826	0.0	3206500	0.0			1.0	1.0
69	43	0.0	12826	0.0	3206500	0.0			1.0	1.0
70	43	0.0	12826	0.0	3206500	0.0			1.0	1.0
71	43	0.0	12826	0.0	3206500	0.0			1.0	1.0
72	43	0.0	12826	0.0	3206500	0.0			1.0	1.0
73	43	0.0	12826	0.0	3206500	0.0			1.0	1.0
74	43	0.0	12826	0.0	3206500	0.0			1.0	1.0
75	43	0.0	12826	0.0	3206500	0.0			1.0	1.0
76	43	0.0	12826	0.0	3206500	0.0			1.0	1.0
77	43	0.0	12826	0.0	3206500	0.0			1.0	1.0
78	43	0.0	12826	0.0	3206500	0.0			1.0	1.0
79	43	0.0	12826	0.0	3206500	0.0			1.0	1.0
80	43	0.0	12826	0.0	3206500	0.0			1.0	1.0
81	43	0.0	12826	0.0	3206500	0.0			1.0	1.0
82	43	0.0	12826	0.0	3206500	0.0			1.0	1.0
83	43	0.0	12826	0.0	3206500	0.0			1.0	1.0
84	43	0.0	12826	0.0	3206500	0.0			1.0	1.0
85	43	0.0	12826	0.0	3206500	0.0			1.0	1.0
86	43	0.0	12826	0.0	3206500	0.0			1.0	1.0
87	43	0.0	12826	0.0	3206500	0.0			1.0	1.0
88	43	0.0	12826	0.0	3206500	0.0			1.0	1.0
89	43	0.0	12826	0.0	3206500	0.0			1.0	1.0
90	43	0.0	12826	0.0	3206500	0.0			1.0	1.0
91	43	0.0	12826	0.0	3206500	0.0			1.0	1.0
92	43	0.0	12826	0.0	3206500	0.0			1.0	1.0
93	43	0.0	12826	0.0	3206500	0.0			1.0	1.0
94	43	0.0	12826	0.0	3206500	0.0			1.0	1.0
95	43	0.0	12826	0.0	3206500	0.0			1.0	1.0
96	43	0.0	12826	0.0	3206500	0.0			1.0	1.0
97	43	0.0	12826	0.0	3206500	0.0			1.0	1.0
98	43	0.0	12826	0.0	3206500	0.0			1.0	1.0
99	43	0.0	12826	0.0	3206500	0.0			1.0	1.0
100	43	0.0	12826	0.0	3206500	0.0			1.0	1.0
1	44	4.0	12826	258.0	3206500	1.032	3.8768661904986463	1.954890941528229	0.02152817500008477	1.0
2	44	5.0	12826	463.0	3206500	1.852	2.7004469078555147	1.4331981844585722	0.040913396267005075	1.0
3	44	1.0	12826	269.0	3206500	1.076	0.9293625223736748	-0.1056866272238145	1.0	1.0
4	44	1.0	12826	231.0	3206500	0.924	1.0822574955908288	0.11404379252464424	0.6039370953945048	1.0
5	44	0.0	12826	250.0	3206500	1.0	0.0		0.6313716537747318	1.0
6	44	0.0	12826	272.0	3206500	1.088	0.0		0.6326535657373082	1.0
7	44	1.0	12826	267.0	3206500	1.068	0.9363246234604405	-0.09491929642296085	1.0	1.0
8	44	0.0	12826	365.0	3206500	1.46	0.0		0.41236003811502964	1.0
9	44	1.0	12826	341.0	3206500	1.364	0.7331170219455448	-0.44788459160943966	1.0	1.0
10	44	2.0	12826	284.0	3206500	1.136	1.7606819959055644	0.8161343615490892	0.31548728022926725	1.0
11	44	3.0	12826	242.0	3206500	0.968	3.0996646650549793	1.6321121470381275	0.07558297791386305	1.0
12	44	0.0	12826	252.0	3206500	1.008	0.0		0.6313775045372312	1.0
13	44	0.0	12826	323.0	3206500	1.292	0.0		0.6441320901736223	1.0
14	44	0.0	12826	224.0	3206500	0.896	0.0		1.0	1.0
15	44	0.0	12826	225.0	3206500	0.9	0.0		1.0	1.0
16	44	0.0	12826	262.0	3206500	1.048	0.0		0.6317477341394724	1.0
17	44	0.0	12826	232.0	3206500	0.928	0.0		1.0	1.0
18	44	1.0	12826	281.0	3206500	1.124	0.8896711133309747	-0.1686559844906056	1.0	1.0
19	44	0.0	12826	244.0	3206500	0.976	0.0		1.0	1.0
20	44	0.0	12826	251.0	3206500	1.004	0.0		0.6313716530617537	1.0
21	44	0.0	12826	296.0	3206500	1.184	0.0		0.6367638136476822	1.0
22	44	0.0	12826	385.0	3206500	1.54	0.0		0.4144776225365208	1.0
23	44	0.0	12826	235.0	3206500	0.94	0.0		1.0	1.0
24	44	1.0	12826	282.0	3206500	1.128	0.8865159747279941	-0.17378146663625932	1.0	1.0
25	44	1.0	12826	241.0	3206500	0.964	1.0373473101841741	0.052898998096731924	0.6194376993179843	1.0
26	44	0.0	12826	255.0	3206500	1.02	0.0		0.6314297027477982	1.0
27	44	0.0	12826	241.0	3206500	0.964	0.0		1.0	1.0
28	44	0.0	12826	221.0	3206500	0.884	0.0		1.0	1.0
29	44	1.0	12826	207.0	3206500	0.828	1.2077456658285541	0.27231667545773897	0.5641107899052689	1.0
30	44	0.0	12826	232.0	3206500	0.928	0.0		1.0	1.0
31	44	1.0	12826	346.0	3206500	1.384	0.7225217185545753	-0.46888714010443033	1.0	1.0
32	44	0.0	12826	202.0	3206500	0.808	0.0		1.0	1.0
33	44	1.0	12826	251.0	3206500	1.004	0.9960156256067348	-0.00575971925212071	1.0	1.0
34	44	0.0	12826	302.0	3206500	1.208	0.0		0.6381722194268006	1.0
35	44	1.0	12826	297.0	3206500	1.188	0.8417385026351888	-0.24855598457186745	1.0	1.0
36	44	0.0	12826	248.0	3206500	0.992	0.0		1.0	1.0
37	44	0.0	12826	253.0	3206500	1.012	0.0		0.6313891607821531	1.0
38	44	0.0	12826	221.0	3206500	0.884	0.0		1.0	1.0
39	44	1.0	12826	280.0	3206500	1.12	0.8928487886382623	-0.16351223124699993	1.0	1.0
40	44	1.0	12826	190.0	3206500	0.76	1.3158140966451215	0.39595567388046604	0.5335006296149268	1.0
41	44	1.0	12826	290.0	3206500	1.16	0.8620582106607515	-0.2141428039997431	1.0	1.0
42	44	5.0	12826	368.0	3206500	1.472	3.397673823177328	1.7645473603881294	0.017690343809758584	1.0
43	44	1.0	12826	364.0	3206500	1.456	0.6867887667887668	-0.5420616522722327	1.0	1.0
44	44	0.0	12826	55.0	3206500	0.22	0.0		1.0	1.0
45	44	0.0	12826	0.0	3206500	0.0			1.0	1.0
46	44	0.0	12826	0.0	3206500	0.0			1.0	1.0
47	44	0.0	12826	0.0	3206500	0.0			1.0	1.0
48	44	0.0	12826	0.0	3206500	0.0			1.0	1.0
49	44	0.0	12826	0.0	3206500	0.0			1.0	1.0
50	44	0.0	12826	0.0	3206500	0.0			1.0	1.0
51	44	0.0	12826	0.0	3206500	0.0			1.0	1.0
52	44	0.0	12826	0.0	3206500	0.0			1.0	1.0
53	44	0.0	12826	0.0	3206500	0.0			1.0	1.0
54	44	0.0	12826	0.0	3206500	0.0			1.0	1.0
55	44	0.0	12826	0.0	3206500	0.0			1.0	1.0
56	44	0.0	12826	0.0	3206500	0.0			1.0	1.0
57	44	0.0	12826	0.0	3206500	0.0			1.0	1.0
58	44	0.0	12826	0.0	3206500	0.0			1.0	1.0
59	44	0.0	12826	0.0	3206500	0.0			1.0	1.0
60	44	0.0	12826	0.0	3206500	0.0			1.0	1.0
61	44	0.0	12826	0.0	3206500	0.0			1.0	1.0
62	44	0.0	12826	0.0	3206500	0.0			1.0	1.0
63	44	0.0	12826	0.0	3206500	0.0			1.0	1.0
64	44	0.0	12826	0.0	3206500	0.0			1.0	1.0
65	44	0.0	12826	0.0	3206500	0.0			1.0	1.0
66	44	0.0	12826	0.0	3206500	0.0			1.0	1.0
67	44	0.0	12826	0.0	3206500	0.0			1.0	1.0
68	44	0.0	12826	0.0	3206500	0.0			1.0	1.0
69	44	0.0	12826	0.0	3206500	0.0			1.0	1.0
70	44	0.0	12826	0.0	3206500	0.0			1.0	1.0
71	44	0.0	12826	0.0	3206500	0.0			1.0	1.0
72	44	0.0	12826	0.0	3206500	0.0			1.0	1.0
73	44	0.0	12826	0.0	3206500	0.0			1.0	1.0
74	44	0.0	12826	0.0	3206500	0.0			1.0	1.0
75	44	0.0	12826	0.0	3206500	0.0			1.0	1.0
76	44	0.0	12826	0.0	3206500	0.0			1.0	1.0
77	44	0.0	12826	0.0	3206500	0.0			1.0	1.0
78	44	0.0	12826	0.0	3206500	0.0			1.0	1.0
79	44	0.0	12826	0.0	3206500	0.0			1.0	1.0
80	44	0.0	12826	0.0	3206500	0.0			1.0	1.0
81	44	0.0	12826	0.0	3206500	0.0			1.0	1.0
82	44	0.0	12826	0.0	3206500	0.0			1.0	1.0
83	44	0.0	12826	0.0	3206500	0.0			1.0	1.0
84	44	0.0	12826	0.0	3206500	0.0			1.0	1.0
85	44	0.0	12826	0.0	3206500	0.0			1.0	1.0
86	44	0.0	12826	0.0	3206500	0.0			1.0	1.0
87	44	0.0	12826	0.0	3206500	0.0			1.0	1.0
88	44	0.0	12826	0.0	3206500	0.0			1.0	1.0
89	44	0.0	12826	0.0	3206500	0.0			1.0	1.0
90	44	0.0	12826	0.0	3206500	0.0			1.0	1.0
91	44	0.0	12826	0.0	3206500	0.0			1.0	1.0
92	44	0.0	12826	0.0	3206500	0.0			1.0	1.0
93	44	0.0	12826	0.0	3206500	0.0			1.0	1.0
94	44	0.0	12826	0.0	3206500	0.0			1.0	1.0
95	44	0.0	12826	0.0	3206500	0.0			1.0	1.0
96	44	0.0	12826	0.0	3206500	0.0			1.0	1.0
97	44	0.0	12826	0.0	3206500	0.0			1.0	1.0
98	44	0.0	12826	0.0	3206500	0.0			1.0	1.0
99	44	0.0	12826	0.0	3206500	0.0			1.0	1.0
100	44	0.0	12826	0.0	3206500	0.0			1.0	1.0
1	45	2.0	12826	348.0	3206500	1.392	1.4368497285979593	0.522909186956839	0.406519607200115	1.0
2	45	1.0	12826	496.0	3206500	1.984	0.5039935861158272	-0.9885227209593289	1.0	1.0
3	45	1.0	12826	287.0	3206500	1.148	0.8710700871419742	-0.19913929075419023	1.0	1.0
4	45	2.0	12826	318.0	3206500	1.272	1.5724163027656477	0.6529832267716336	0.36445916178024956	1.0
5	45	1.0	12826	238.0	3206500	0.952	1.0504240994643472	0.07097192090442618	0.6148523158807693	1.0
6	45	0.0	12826	340.0	3206500	1.36	0.0		0.6499812007134058	1.0
7	45	0.0	12826	286.0	3206500	1.144	0.0		0.6347411305191184	1.0
8	45	0.0	12826	253.0	3206500	1.012	0.0		0.6313891607821531	1.0
9	45	3.0	12826	267.0	3206500	1.068	2.809411985310805	1.4902682035252404	0.09436619900172903	1.0
10	45	1.0	12826	226.0	3206500	0.904	1.1062029705532268	0.1456161213272558	0.5959516381825541	1.0
11	45	1.0	12826	278.0	3206500	1.112	0.8992727221731387	-0.15316938709067	1.0	1.0
12	45	1.0	12826	244.0	3206500	0.976	1.0245920812961364	0.035049646876868026	0.6239684956248839	1.0
13	45	1.0	12826	246.0	3206500	0.984	1.0162614304505617	0.023271579175186637	0.6269590218826789	1.0
14	45	1.0	12826	210.0	3206500	0.84	1.190491042420867	0.251556765418317	0.5693002284942981	1.0
15	45	1.0	12826	230.0	3206500	0.92	1.0869633019747436	0.12030323295695555	0.6023527296305409	1.0
16	45	1.0	12826	208.0	3206500	0.832	1.2019388214125055	0.26536346485857076	0.5658475126296655	1.0
17	45	1.0	12826	187.0	3206500	0.748	1.336924664602683	0.41891817218798183	0.5278798827722162	1.0
18	45	1.0	12826	305.0	3206500	1.22	0.8196580704949988	-0.2869058959855344	1.0	1.0
19	45	0.0	12826	242.0	3206500	0.968	0.0		1.0	1.0
20	45	0.0	12826	277.0	3206500	1.108	0.0		0.6332939561732986	1.0
21	45	0.0	12826	236.0	3206500	0.944	0.0		1.0	1.0
22	45	0.0	12826	212.0	3206500	0.848	0.0		1.0	1.0
23	45	0.0	12826	177.0	3206500	0.708	0.0		1.0	1.0
24	45	1.0	12826	213.0	3206500	0.852	1.1737224647429738	0.2310913129847137	0.5744278885037867	1.0
25	45	0.0	12826	206.0	3206500	0.824	0.0		1.0	1.0
26	45	1.0	12826	187.0	3206500	0.748	1.336924664602683	0.41891817218798183	0.5278798827722162	1.0
27	45	1.0	12826	386.0	3206500	1.544	0.647640921532386	-0.6267339489216082	1.0	1.0
28	45	0.0	12826	358.0	3206500	1.432	0.0		0.41209859051348774	1.0
29	45	1.0	12826	213.0	3206500	0.852	1.1737224647429738	0.2310913129847137	0.5744278885037867	1.0
30	45	1.0	12826	231.0	3206500	0.924	1.0822574955908288	0.11404379252464424	0.6039370953945048	1.0
31	45	0.0	12826	233.0	3206500	0.932	0.0		1.0	1.0
32	45	1.0	12826	248.0	3206500	0.992	1.0080651449412061	0.011588874201662422	0.6299257663220387	1.0
33	45	0.0	12826	243.0	3206500	0.972	0.0		1.0	1.0
34	45	0.0	12826	225.0	3206500	0.9	0.0		1.0	1.0
35	45	0.0	12826	223.0	3206500	0.892	0.0		1.0	1.0
36	45	1.0	12826	195.0	3206500	0.78	1.282073274353976	0.3584787186853221	0.5427202420628375	1.0
37	45	1.0	12826	220.0	3206500	0.88	1.136374269005848	0.18443806997524256	0.5861562979197636	1.0
38	45	1.0	12826	172.0	3206500	0.688	1.4535237318101455	0.5395546266755986	0.498743917682812	1.0
39	45	0.0	12826	284.0	3206500	1.136	0.0		0.6343879175147819	1.0
40	45	0.0	12826	199.0	3206500	0.796	0.0		1.0	1.0
41	45	1.0	12826	229.0	3206500	0.916	1.0917102071043694	0.1265899457648756	0.6007620262346306	1.0
42	45	1.0	12826	220.0	3206500	0.88	1.136374269005848	0.18443806997524256	0.5861562979197636	1.0
43	45	1.0	12826	329.0	3206500	1.316	0.7598596965226304	-0.39619503661697175	1.0	1.0
44	45	3.0	12826	263.0	3206500	1.052	2.8521442429522286	1.5120469457823749	0.09124219118034438	1.0
45	45	0.0	12826	22.0	3206500	0.088	0.0		1.0	1.0
46	45	0.0	12826	0.0	3206500	0.0			1.0	1.0
47	45	0.0	12826	0.0	3206500	0.0			1.0	1.0
48	45	0.0	12826	0.0	3206500	0.0			1.0	1.0
49	45	0.0	12826	0.0	3206500	0.0			1.0	1.0
50	45	0.0	12826	0.0	3206500	0.0			1.0	1.0
51	45	0.0	12826	0.0	3206500	0.0			1.0	1.0
52	45	0.0	12826	0.0	3206500	0.0			1.0	1.0
53	45	0.0	12826	0.0	3206500	0.0			1.0	1.0
54	45	0.0	12826	0.0	3206500	0.0			1.0	1.0
55	45	0.0	12826	0.0	3206500	0.0			1.0	1.0
56	45	0.0	12826	0.0	3206500	0.0			1.0	1.0
57	45	0.0	12826	0.0	3206500	0.0			1.0	1.0
58	45	0.0	12826	0.0	3206500	0.0			1.0	1.0
59	45	0.0	12826	0.0	3206500	0.0			1.0	1.0
60	45	0.0	12826	0.0	3206500	0.0			1.0	1.0
61	45	0.0	12826	0.0	3206500	0.0			1.0	1.0
62	45	0.0	12826	0.0	3206500	0.0			1.0	1.0
63	45	0.0	12826	0.0	3206500	0.0			1.0	1.0
64	45	0.0	12826	0.0	3206500	0.0			1.0	1.0
65	45	0.0	12826	0.0	3206500	0.0			1.0	1.0
66	45	0.0	12826	0.0	3206500	0.0			1.0	1.0
67	45	0.0	12826	0.0	3206500	0.0			1.0	1.0
68	45	0.0	12826	0.0	3206500	0.0			1.0	1.0
69	45	0.0	12826	0.0	3206500	0.0			1.0	1.0
70	45	0.0	12826	0.0	3206500	0.0			1.0	1.0
71	45	0.0	12826	0.0	3206500	0.0			1.0	1.0
72	45	0.0	12826	0.0	3206500	0.0			1.0	1.0
73	45	0.0	12826	0.0	3206500	0.0			1.0	1.0
74	45	0.0	12826	0.0	3206500	0.0			1.0	1.0
75	45	0.0	12826	0.0	3206500	0.0			1.0	1.0
76	45	0.0	12826	0.0	3206500	0.0			1.0	1.0
77	45	0.0	12826	0.0	3206500	0.0			1.0	1.0
78	45	0.0	12826	0.0	3206500	0.0			1.0	1.0
79	45	0.0	12826	0.0	3206500	0.0			1.0	1.0
80	45	0.0	12826	0.0	3206500	0.0			1.0	1.0
81	45	0.0	12826	0.0	3206500	0.0			1.0	1.0
82	45	0.0	12826	0.0	3206500	0.0			1.0	1.0
83	45	0.0	12826	0.0	3206500	0.0			1.0	1.0
84	45	0.0	12826	0.0	3206500	0.0			1.0	1.0
85	45	0.0	12826	0.0	3206500	0.0			1.0	1.0
86	45	0.0	12826	0.0	3206500	0.0			1.0	1.0
87	45	0.0	12826	0.0	3206500	0.0			1.0	1.0
88	45	0.0	12826	0.0	3206500	0.0			1.0	1.0
89	45	0.0	12826	0.0	3206500	0.0			1.0	1.0
90	45	0.0	12826	0.0	3206500	0.0			1.0	1.0
91	45	0.0	12826	0.0	3206500	0.0			1.0	1.0
92	45	0.0	12826	0.0	3206500	0.0			1.0	1.0
93	45	0.0	12826	0.0	3206500	0.0			1.0	1.0
94	45	0.0	12826	0.0	3206500	0.0			1.0	1.0
95	45	0.0	12826	0.0	3206500	0.0			1.0	1.0
96	45	0.0	12826	0.0	3206500	0.0			1.0	1.0
97	45	0.0	12826	0.0	3206500	0.0			1.0	1.0
98	45	0.0	12826	0.0	3206500	0.0			1.0	1.0
99	45	0.0	12826	0.0	3206500	0.0			1.0	1.0
100	45	0.0	12826	0.0	3206500	0.0			1.0	1.0
1	46	0.0	12826	364.0	3206500	1.456	0.0		0.41230688762959566	1.0
2	46	3.0	12826	577.0	3206500	2.308	1.2998968356118117	0.3783971304405727	0.5056919879944828	1.0
3	46	0.0	12826	267.0	3206500	1.068	0.0		0.6321364152822094	1.0
4	46	0.0	12826	460.0	3206500	1.84	0.0		0.27299790020757375	1.0
5	46	1.0	12826	264.0	3206500	1.056	0.9469655620532813	-0.07861613419723788	1.0	1.0
6	46	0.0	12826	253.0	3206500	1.012	0.0		0.6313891607821531	1.0
7	46	0.0	12826	446.0	3206500	1.784	0.0		0.43161862410441176	1.0
8	46	0.0	12826	294.0	3206500	1.176	0.0		0.6363260453085308	1.0
9	46	0.0	12826	272.0	3206500	1.088	0.0		0.6326535657373082	1.0
10	46	0.0	12826	316.0	3206500	1.264	0.0		0.6419780656684284	1.0
11	46	1.0	12826	362.0	3206500	1.448	0.6905836106533983	-0.5341119991982928	1.0	1.0
12	46	2.0	12826	282.0	3206500	1.128	1.773170208341629	0.8263310285909714	0.31257470101264917	1.0
13	46	0.0	12826	322.0	3206500	1.288	0.0		0.6438147521220988	1.0
14	46	1.0	12826	243.0	3206500	0.972	1.0288088304895755	0.04097493079642679	0.6224642553048938	1.0
15	46	0.0	12826	213.0	3206500	0.852	0.0		1.0	1.0
16	46	0.0	12826	200.0	3206500	0.8	0.0		1.0	1.0
17	46	0.0	12826	216.0	3206500	0.864	0.0		1.0	1.0
18	46	0.0	12826	220.0	3206500	0.88	0.0		1.0	1.0
19	46	1.0	12826	222.0	3206500	0.888	1.1261359605219254	0.17138101723120455	0.5894475139730769	1.0
20	46	0.0	12826	249.0	3206500	0.996	0.0		1.0	1.0
21	46	1.0	12826	308.0	3206500	1.232	0.8116736285157338	-0.30102835414407175	1.0	1.0
22	46	0.0	12826	267.0	3206500	1.068	0.0		0.6321364152822094	1.0
23	46	0.0	12826	219.0	3206500	0.876	0.0		1.0	1.0
24	46	0.0	12826	249.0	3206500	0.996	0.0		1.0	1.0
25	46	1.0	12826	289.0	3206500	1.156	0.8650413808454238	-0.2091589465165784	1.0	1.0
26	46	0.0	12826	209.0	3206500	0.836	0.0		1.0	1.0
27	46	1.0	12826	280.0	3206500	1.12	0.8928487886382623	-0.16351223124699993	1.0	1.0
28	46	0.0	12826	203.0	3206500	0.812	0.0		1.0	1.0
29	46	1.0	12826	203.0	3206500	0.812	1.2315451463908815	0.3004695156000898	0.5570941532613796	1.0
30	46	0.0	12826	198.0	3206500	0.792	0.0		1.0	1.0
31	46	0.0	12826	220.0	3206500	0.88	0.0		1.0	1.0
32	46	0.0	12826	230.0	3206500	0.92	0.0		1.0	1.0
33	46	1.0	12826	188.0	3206500	0.752	1.3298129484467671	0.4112233304433867	0.5297609493036123	1.0
34	46	1.0	12826	259.0	3206500	1.036	0.9652482557745715	-0.05102805270044089	1.0	1.0
35	46	2.0	12826	276.0	3206500	1.104	1.8117207771660022	0.8573606240162087	0.30382130271687563	1.0
36	46	0.0	12826	293.0	3206500	1.172	0.0		0.6361132645236995	1.0
37	46	2.0	12826	267.0	3206500	1.068	1.8727952738428182	0.9051931988042698	0.2906542573892595	1.0
38	46	0.0	12826	211.0	3206500	0.844	0.0		1.0	1.0
39	46	0.0	12826	434.0	3206500	1.736	0.0		0.4271388293207077	1.0
40	46	0.0	12826	205.0	3206500	0.82	0.0		1.0	1.0
41	46	0.0	12826	206.0	3206500	0.824	0.0		1.0	1.0
42	46	0.0	12826	261.0	3206500	1.044	0.0		0.6316858856560574	1.0
43	46	0.0	12826	231.0	3206500	0.924	0.0		1.0	1.0
44	46	1.0	12826	331.0	3206500	1.324	0.7552679281284783	-0.4049395696381339	1.0	1.0
45	46	0.0	12826	270.0	3206500	1.08	0.0		0.6324316273363666	1.0
46	46	0.0	12826	47.0	3206500	0.188	0.0		1.0	1.0
47	46	0.0	12826	0.0	3206500	0.0			1.0	1.0
48	46	0.0	12826	0.0	3206500	0.0			1.0	1.0
49	46	0.0	12826	0.0	3206500	0.0			1.0	1.0
50	46	0.0	12826	0.0	3206500	0.0			1.0	1.0
51	46	0.0	12826	0.0	3206500	0.0			1.0	1.0
52	46	0.0	12826	0.0	3206500	0.0			1.0	1.0
53	46	0.0	12826	0.0	3206500	0.0			1.0	1.0
54	46	0.0	12826	0.0	3206500	0.0			1.0	1.0
55	46	0.0	12826	0.0	3206500	0.0			1.0	1.0
56	46	0.0	12826	0.0	3206500	0.0			1.0	1.0
57	46	0.0	12826	0.0	3206500	0.0			1.0	1.0
58	46	0.0	12826	0.0	3206500	0.0			1.0	1.0
59	46	0.0	12826	0.0	3206500	0.0			1.0	1.0
60	46	0.0	12826	0.0	3206500	0.0			1.0	1.0
61	46	0.0	12826	0.0	3206500	0.0			1.0	1.0
62	46	0.0	12826	0.0	3206500	0.0			1.0	1.0
63	46	0.0	12826	0.0	3206500	0.0			1.0	1.0
64	46	0.0	12826	0.0	3206500	0.0			1.0	1.0
65	46	0.0	12826	0.0	3206500	0.0			1.0	1.0
66	46	0.0	12826	0.0	3206500	0.0			1.0	1.0
67	46	0.0	12826	0.0	3206500	0.0			1.0	1.0
68	46	0.0	12826	0.0	3206500	0.0			1.0	1.0
69	46	0.0	12826	0.0	3206500	0.0			1.0	1.0
70	46	0.0	12826	0.0	3206500	0.0			1.0	1.0
71	46	0.0	12826	0.0	3206500	0.0			1.0	1.0
72	46	0.0	12826	0.0	3206500	0.0			1.0	1.0
73	46	0.0	12826	0.0	3206500	0.0			1.0	1.0
74	46	0.0	12826	0.0	3206500	0.0			1.0	1.0
75	46	0.0	12826	0.0	3206500	0.0			1.0	1.0
76	46	0.0	12826	0.0	3206500	0.0			1.0	1.0
77	46	0.0	12826	0.0	3206500	0.0			1.0	1.0
78	46	0.0	12826	0.0	3206500	0.0			1.0	1.0
79	46	0.0	12826	0.0	3206500	0.0			1.0	1.0
80	46	0.0	12826	0.0	3206500	0.0			1.0	1.0
81	46	0.0	12826	0.0	3206500	0.0			1.0	1.0
82	46	0.0	12826	0.0	3206500	0.0			1.0	1.0
83	46	0.0	12826	0.0	3206500	0.0			1.0	1.0
84	46	0.0	12826	0.0	3206500	0.0			1.0	1.0
85	46	0.0	12826	0.0	3206500	0.0			1.0	1.0
86	46	0.0	12826	0.0	3206500	0.0			1.0	1.0
87	46	0.0	12826	0.0	3206500	0.0			1.0	1.0
88	46	0.0	12826	0.0	3206500	0.0			1.0	1.0
89	46	0.0	12826	0.0	3206500	0.0			1.0	1.0
90	46	0.0	12826	0.0	3206500	0.0			1.0	1.0
91	46	0.0	12826	0.0	3206500	0.0			1.0	1.0
92	46	0.0	12826	0.0	3206500	0.0			1.0	1.0
93	46	0.0	12826	0.0	3206500	0.0			1.0	1.0
94	46	0.0	12826	0.0	3206500	0.0			1.0	1.0
95	46	0.0	12826	0.0	3206500	0.0			1.0	1.0
96	46	0.0	12826	0.0	3206500	0.0			1.0	1.0
97	46	0.0	12826	0.0	3206500	0.0			1.0	1.0
98	46	0.0	12826	0.0	3206500	0.0			1.0	1.0
99	46	0.0	12826	0.0	3206500	0.0			1.0	1.0
100	46	0.0	12826	0.0	3206500	0.0			1.0	1.0
1	47	1.0	12826	249.0	3206500	0.996	1.00401637740044	0.005782802557301607	1.0	1.0
2	47	2.0	12826	541.0	3206500	2.164	0.9242025984089444	-0.1137189492192833	1.0	1.0
3	47	0.0	12826	214.0	3206500	0.856	0.0		1.0	1.0
4	47	0.0	12826	264.0	3206500	1.056	0.0		0.6318874486790707	1.0
5	47	0.0	12826	234.0	3206500	0.936	0.0		1.0	1.0
6	47	0.0	12826	297.0	3206500	1.188	0.0		0.636988729652636	1.0
7	47	1.0	12826	226.0	3206500	0.904	1.1062029705532268	0.1456161213272558	0.5959516381825541	1.0
8	47	2.0	12826	211.0	3206500	0.844	2.3698818565899837	1.244815139646663	0.20866353167824897	1.0
9	47	1.0	12826	246.0	3206500	0.984	1.0162614304505617	0.023271579175186637	0.6269590218826789	1.0
10	47	0.0	12826	220.0	3206500	0.88	0.0		1.0	1.0
11	47	0.0	12826	217.0	3206500	0.868	0.0		1.0	1.0
12	47	0.0	12826	225.0	3206500	0.9	0.0		1.0	1.0
13	47	1.0	12826	231.0	3206500	0.924	1.0822574955908288	0.11404379252464424	0.6039370953945048	1.0
14	47	1.0	12826	200.0	3206500	0.8	1.2500194931773878	0.3219505928802187	0.5517576576596881	1.0
15	47	0.0	12826	259.0	3206500	1.036	0.0		0.6315784263219324	1.0
16	47	0.0	12826	206.0	3206500	0.824	0.0		1.0	1.0
17	47	1.0	12826	245.0	3206500	0.98	1.020409754545093	0.029148595474590252	0.6254667431954215	1.0
18	47	0.0	12826	214.0	3206500	0.856	0.0		1.0	1.0
19	47	1.0	12826	225.0	3206500	0.9	1.1111197747455057	0.1520143424853336	0.5943353306180095	1.0
20	47	0.0	12826	224.0	3206500	0.896	0.0		1.0	1.0
21	47	1.0	12826	253.0	3206500	1.012	0.9881413679125349	-0.017210639922951396	1.0	1.0
22	47	0.0	12826	242.0	3206500	0.968	0.0		1.0	1.0
23	47	0.0	12826	241.0	3206500	0.964	0.0		1.0	1.0
24	47	0.0	12826	287.0	3206500	1.148	0.0		0.6349243201629664	1.0
25	47	1.0	12826	243.0	3206500	0.972	1.0288088304895755	0.04097493079642679	0.6224642553048938	1.0
26	47	0.0	12826	219.0	3206500	0.876	0.0		1.0	1.0
27	47	0.0	12826	222.0	3206500	0.888	0.0		1.0	1.0
28	47	1.0	12826	248.0	3206500	0.992	1.0080651449412061	0.011588874201662422	0.6299257663220387	1.0
29	47	1.0	12826	264.0	3206500	1.056	0.9469655620532813	-0.07861613419723788	1.0	1.0
30	47	1.0	12826	205.0	3206500	0.82	1.2195293110825844	0.2863244333659996	0.5606164766876982	1.0
31	47	0.0	12826	227.0	3206500	0.908	0.0		1.0	1.0
32	47	1.0	12826	210.0	3206500	0.84	1.190491042420867	0.251556765418317	0.5693002284942981	1.0
33	47	0.0	12826	213.0	3206500	0.852	0.0		1.0	1.0
34	47	1.0	12826	255.0	3206500	1.02	0.9803906279860872	-0.02857140201535303	1.0	1.0
35	47	0.0	12826	229.0	3206500	0.916	0.0		1.0	1.0
36	47	0.0	12826	218.0	3206500	0.872	0.0		1.0	1.0
37	47	0.0	12826	231.0	3206500	0.924	0.0		1.0	1.0
38	47	1.0	12826	213.0	3206500	0.852	1.1737224647429738	0.2310913129847137	0.5744278885037867	1.0
39	47	1.0	12826	227.0	3206500	0.908	1.1013294862216727	0.13924614649146086	0.5975615063308122	1.0
40	47	0.0	12826	265.0	3206500	1.06	0.0		0.6319652282419128	1.0
41	47	0.0	12826	288.0	3206500	1.152	0.0		0.6351118485875193	1.0
42	47	0.0	12826	242.0	3206500	0.968	0.0		1.0	1.0
43	47	0.0	12826	221.0	3206500	0.884	0.0		1.0	1.0
44	47	0.0	12826	221.0	3206500	0.884	0.0		1.0	1.0
45	47	0.0	12826	261.0	3206500	1.044	0.0		0.6316858856560574	1.0
46	47	1.0	12826	213.0	3206500	0.852	1.1737224647429738	0.2310913129847137	0.5744278885037867	1.0
47	47	0.0	12826	56.0	3206500	0.224	0.0		1.0	1.0
48	47	0.0	12826	0.0	3206500	0.0			1.0	1.0
49	47	0.0	12826	0.0	3206500	0.0			1.0	1.0
50	47	0.0	12826	0.0	3206500	0.0			1.0	1.0
51	47	0.0	12826	0.0	3206500	0.0			1.0	1.0
52	47	0.0	12826	0.0	3206500	0.0			1.0	1.0
53	47	0.0	12826	0.0	3206500	0.0			1.0	1.0
54	47	0.0	12826	0.0	3206500	0.0			1.0	1.0
55	47	0.0	12826	0.0	3206500	0.0			1.0	1.0
56	47	0.0	12826	0.0	3206500	0.0			1.0	1.0
57	47	0.0	12826	0.0	3206500	0.0			1.0	1.0
58	47	0.0	12826	0.0	3206500	0.0			1.0	1.0
59	47	0.0	12826	0.0	3206500	0.0			1.0	1.0
60	47	0.0	12826	0.0	3206500	0.0			1.0	1.0
61	47	0.0	12826	0.0	3206500	0.0			1.0	1.0
62	47	0.0	12826	0.0	3206500	0.0			1.0	1.0
63	47	0.0	12826	0.0	3206500	0.0			1.0	1.0
64	47	0.0	12826	0.0	3206500	0.0			1.0	1.0
65	47	0.0	12826	0.0	3206500	0.0			1.0	1.0
66	47	0.0	12826	0.0	3206500	0.0			1.0	1.0
67	47	0.0	12826	0.0	3206500	0.0			1.0	1.0
68	47	0.0	12826	0.0	3206500	0.0			1.0	1.0
69	47	0.0	12826	0.0	3206500	0.0			1.0	1.0
70	47	0.0	12826	0.0	3206500	0.0			1.0	1.0
71	47	0.0	12826	0.0	3206500	0.0			1.0	1.0
72	47	0.0	12826	0.0	3206500	0.0			1.0	1.0
73	47	0.0	12826	0.0	3206500	0.0			1.0	1.0
74	47	0.0	12826	0.0	3206500	0.0			1.0	1.0
75	47	0.0	12826	0.0	3206500	0.0			1.0	1.0
76	47	0.0	12826	0.0	3206500	0.0			1.0	1.0
77	47	0.0	12826	0.0	3206500	0.0			1.0	1.0
78	47	0.0	12826	0.0	3206500	0.0			1.0	1.0
79	47	0.0	12826	0.0	3206500	0.0			1.0	1.0
80	47	0.0	12826	0.0	3206500	0.0			1.0	1.0
81	47	0.0	12826	0.0	3206500	0.0			1.0	1.0
82	47	0.0	12826	0.0	3206500	0.0			1.0	1.0
83	47	0.0	12826	0.0	3206500	0.0			1.0	1.0
84	47	0.0	12826	0.0	3206500	0.0			1.0	1.0
85	47	0.0	12826	0.0	3206500	0.0			1.0	1.0
86	47	0.0	12826	0.0	3206500	0.0			1.0	1.0
87	47	0.0	12826	0.0	3206500	0.0			1.0	1.0
88	47	0.0	12826	0.0	3206500	0.0			1.0	1.0
89	47	0.0	12826	0.0	3206500	0.0			1.0	1.0
90	47	0.0	12826	0.0	3206500	0.0			1.0	1.0
91	47	0.0	12826	0.0	3206500	0.0			1.0	1.0
92	47	0.0	12826	0.0	3206500	0.0			1.0	1.0
93	47	0.0	12826	0.0	3206500	0.0			1.0	1.0
94	47	0.0	12826	0.0	3206500	0.0			1.0	1.0
95	47	0.0	12826	0.0	3206500	0.0			1.0	1.0
96	47	0.0	12826	0.0	3206500	0.0			1.0	1.0
97	47	0.0	12826	0.0	3206500	0.0			1.0	1.0
98	47	0.0	12826	0.0	3206500	0.0			1.0	1.0
99	47	0.0	12826	0.0	3206500	0.0			1.0	1.0
100	47	0.0	12826	0.0	3206500	0.0			1.0	1.0
1	48	1.0	12826	214.0	3206500	0.856	1.1682374159698312	0.2243334968511618	0.5761235075780659	1.0
2	48	3.0	12826	668.0	3206500	2.672	1.1227832099973802	0.16707939518802303	0.7530595609421827	1.0
3	48	1.0	12826	323.0	3206500	1.292	0.7739761857343738	-0.3696389177314653	1.0	1.0
4	48	0.0	12826	279.0	3206500	1.116	0.0		0.6335834783425983	1.0
5	48	1.0	12826	283.0	3206500	1.132	0.8833831339243279	-0.17888880703727478	1.0	1.0
6	48	1.0	12826	323.0	3206500	1.292	0.7739761857343738	-0.3696389177314653	1.0	1.0
7	48	4.0	12826	272.0	3206500	1.088	3.6773055502032355	1.8786490561845541	0.025426738290558512	1.0
8	48	0.0	12826	258.0	3206500	1.032	0.0		0.63153290371718	1.0
9	48	0.0	12826	238.0	3206500	0.952	0.0		1.0	1.0
10	48	1.0	12826	289.0	3206500	1.156	0.8650413808454238	-0.2091589465165784	1.0	1.0
11	48	1.0	12826	233.0	3206500	0.932	1.0729670623865337	0.10160578936474256	0.6070869155559661	1.0
12	48	0.0	12826	236.0	3206500	0.944	0.0		1.0	1.0
13	48	0.0	12826	220.0	3206500	0.88	0.0		1.0	1.0
14	48	0.0	12826	221.0	3206500	0.884	0.0		1.0	1.0
15	48	0.0	12826	213.0	3206500	0.852	0.0		1.0	1.0
16	48	0.0	12826	194.0	3206500	0.776	0.0		1.0	1.0
17	48	1.0	12826	210.0	3206500	0.84	1.190491042420867	0.251556765418317	0.5693002284942981	1.0
18	48	0.0	12826	258.0	3206500	1.032	0.0		0.63153290371718	1.0
19	48	0.0	12826	215.0	3206500	0.86	0.0		1.0	1.0
20	48	1.0	12826	242.0	3206500	0.968	1.0330604288499026	0.04692464708992636	0.6209539975969639	1.0
21	48	0.0	12826	248.0	3206500	0.992	0.0		1.0	1.0
22	48	1.0	12826	244.0	3206500	0.976	1.0245920812961364	0.035049646876868026	0.6239684956248839	1.0
23	48	0.0	12826	173.0	3206500	0.692	0.0		1.0	1.0
24	48	1.0	12826	267.0	3206500	1.068	0.9363246234604405	-0.09491929642296085	1.0	1.0
25	48	0.0	12826	217.0	3206500	0.868	0.0		1.0	1.0
26	48	2.0	12826	234.0	3206500	0.936	2.1369294218639197	1.095539259701799	0.24222455118691408	1.0
27	48	1.0	12826	213.0	3206500	0.852	1.1737224647429738	0.2310913129847137	0.5744278885037867	1.0
28	48	2.0	12826	251.0	3206500	1.004	1.9921865873996216	0.99435277597511	0.26717782649536775	1.0
29	48	1.0	12826	243.0	3206500	0.972	1.0288088304895755	0.04097493079642679	0.6224642553048938	1.0
30	48	0.0	12826	203.0	3206500	0.812	0.0		1.0	1.0
31	48	0.0	12826	258.0	3206500	1.032	0.0		0.63153290371718	1.0
32	48	0.0	12826	192.0	3206500	0.768	0.0		1.0	1.0
33	48	1.0	12826	192.0	3206500	0.768	1.3021068875893438	0.3808478815800864	0.537210571599596	1.0
34	48	0.0	12826	206.0	3206500	0.824	0.0		1.0	1.0
35	48	0.0	12826	256.0	3206500	1.024	0.0		0.6314584970313464	1.0
36	48	0.0	12826	201.0	3206500	0.804	0.0		1.0	1.0
37	48	1.0	12826	169.0	3206500	0.676	1.4793273123637496	0.5649412949521389	0.49270442883162313	1.0
38	48	0.0	12826	256.0	3206500	1.024	0.0		0.6314584970313464	1.0
39	48	1.0	12826	238.0	3206500	0.952	1.0504240994643472	0.07097192090442618	0.6148523158807693	1.0
40	48	2.0	12826	228.0	3206500	0.912	2.1931685107966423	1.133016664884657	0.23343685716363724	1.0
41	48	1.0	12826	434.0	3206500	1.736	0.576003808805167	-0.7958497434174161	1.0	1.0
42	48	1.0	12826	268.0	3206500	1.072	0.9328305839224929	-0.10031300515900081	1.0	1.0
43	48	0.0	12826	267.0	3206500	1.068	0.0		0.6321364152822094	1.0
44	48	0.0	12826	218.0	3206500	0.872	0.0		1.0	1.0
45	48	0.0	12826	386.0	3206500	1.544	0.0		0.414634175020257	1.0
46	48	2.0	12826	265.0	3206500	1.06	1.886930754834685	0.9160414809724843	0.28772343014571494	1.0
47	48	2.0	12826	195.0	3206500	0.78	2.564346497752611	1.3585912139125529	0.18561948707253045	1.0
48	48	0.0	12826	44.0	3206500	0.176	0.0		1.0	1.0
49	48	0.0	12826	0.0	3206500	0.0			1.0	1.0
50	48	0.0	12826	0.0	3206500	0.0			1.0	1.0
51	48	0.0	12826	0.0	3206500	0.0			1.0	1.0
52	48	0.0	12826	0.0	3206500	0.0			1.0	1.0
53	48	0.0	12826	0.0	3206500	0.0			1.0	1.0
54	48	0.0	12826	0.0	3206500	0.0			1.0	1.0
55	48	0.0	12826	0.0	3206500	0.0			1.0	1.0
56	48	0.0	12826	0.0	3206500	0.0			1.0	1.0
57	48	0.0	12826	0.0	3206500	0.0			1.0	1.0
58	48	0.0	12826	0.0	3206500	0.0			1.0	1.0
59	48	0.0	12826	0.0	3206500	0.0			1.0	1.0
60	48	0.0	12826	0.0	3206500	0.0			1.0	1.0
61	48	0.0	12826	0.0	3206500	0.0			1.0	1.0
62	48	0.0	12826	0.0	3206500	0.0			1.0	1.0
63	48	0.0	12826	0.0	3206500	0.0			1.0	1.0
64	48	0.0	12826	0.0	3206500	0.0			1.0	1.0
65	48	0.0	12826	0.0	3206500	0.0			1.0	1.0
66	48	0.0	12826	0.0	3206500	0.0			1.0	1.0
67	48	0.0	12826	0.0	3206500	0.0			1.0	1.0
68	48	0.0	12826	0.0	3206500	0.0			1.0	1.0
69	48	0.0	12826	0.0	3206500	0.0			1.0	1.0
70	48	0.0	12826	0.0	3206500	0.0			1.0	1.0
71	48	0.0	12826	0.0	3206500	0.0			1.0	1.0
72	48	0.0	12826	0.0	3206500	0.0			1.0	1.0
73	48	0.0	12826	0.0	3206500	0.0			1.0	1.0
74	48	0.0	12826	0.0	3206500	0.0			1.0	1.0
75	48	0.0	12826	0.0	3206500	0.0			1.0	1.0
76	48	0.0	12826	0.0	3206500	0.0			1.0	1.0
77	48	0.0	12826	0.0	3206500	0.0			1.0	1.0
78	48	0.0	12826	0.0	3206500	0.0			1.0	1.0
79	48	0.0	12826	0.0	3206500	0.0			1.0	1.0
80	48	0.0	12826	0.0	3206500	0.0			1.0	1.0
81	48	0.0	12826	0.0	3206500	0.0			1.0	1.0
82	48	0.0	12826	0.0	3206500	0.0			1.0	1.0
83	48	0.0	12826	0.0	3206500	0.0			1.0	1.0
84	48	0.0	12826	0.0	3206500	0.0			1.0	1.0
85	48	0.0	12826	0.0	3206500	0.0			1.0	1.0
86	48	0.0	12826	0.0	3206500	0.0			1.0	1.0
87	48	0.0	12826	0.0	3206500	0.0			1.0	1.0
88	48	0.0	12826	0.0	3206500	0.0			1.0	1.0
89	48	0.0	12826	0.0	3206500	0.0			1.0	1.0
90	48	0.0	12826	0.0	3206500	0.0			1.0	1.0
91	48	0.0	12826	0.0	3206500	0.0			1.0	1.0
92	48	0.0	12826	0.0	3206500	0.0			1.0	1.0
93	48	0.0	12826	0.0	3206500	0.0			1.0	1.0
94	48	0.0	12826	0.0	3206500	0.0			1.0	1.0
95	48	0.0	12826	0.0	3206500	0.0			1.0	1.0
96	48	0.0	12826	0.0	3206500	0.0			1.0	1.0
97	48	0.0	12826	0.0	3206500	0.0			1.0	1.0
98	48	0.0	12826	0.0	3206500	0.0			1.0	1.0
99	48	0.0	12826	0.0	3206500	0.0			1.0	1.0
100	48	0.0	12826	0.0	3206500	0.0			1.0	1.0
1	49	1.0	12826	232.0	3206500	0.928	1.0775922565033274	0.10781138885236054	0.6055151487663873	1.0
2	49	1.0	12826	444.0	3206500	1.776	0.5630289939061869	-0.8287188772219557	1.0	1.0
3	49	1.0	12826	289.0	3206500	1.156	0.8650413808454238	-0.2091589465165784	1.0	1.0
4	49	2.0	12826	226.0	3206500	0.904	2.212578461844219	1.1457286165544864	0.2305116149684519	1.0
5	49	0.0	12826	216.0	3206500	0.864	0.0		1.0	1.0
6	49	1.0	12826	230.0	3206500	0.92	1.0869633019747436	0.12030323295695555	0.6023527296305409	1.0
7	49	1.0	12826	341.0	3206500	1.364	0.7331170219455448	-0.44788459160943966	1.0	1.0
8	49	0.0	12826	197.0	3206500	0.788	0.0		1.0	1.0
9	49	0.0	12826	234.0	3206500	0.936	0.0		1.0	1.0
10	49	0.0	12826	299.0	3206500	1.196	0.0		0.6374504488680498	1.0
11	49	0.0	12826	228.0	3206500	0.912	0.0		1.0	1.0
12	49	1.0	12826	262.0	3206500	1.048	0.9541949020133029	-0.06764411644585473	1.0	1.0
13	49	0.0	12826	199.0	3206500	0.796	0.0		1.0	1.0
14	49	0.0	12826	223.0	3206500	0.892	0.0		1.0	1.0
15	49	0.0	12826	206.0	3206500	0.824	0.0		1.0	1.0
16	49	0.0	12826	207.0	3206500	0.828	0.0		1.0	1.0
17	49	0.0	12826	187.0	3206500	0.748	0.0		1.0	1.0
18	49	0.0	12826	207.0	3206500	0.828	0.0		1.0	1.0
19	49	0.0	12826	206.0	3206500	0.824	0.0		1.0	1.0
20	49	2.0	12826	247.0	3206500	0.988	2.0244512439984743	1.0175308981941051	0.26130331887606634	1.0
21	49	0.0	12826	224.0	3206500	0.896	0.0		1.0	1.0
22	49	0.0	12826	180.0	3206500	0.72	0.0		1.0	1.0
23	49	4.0	12826	208.0	3206500	0.832	4.808880169900291	2.2657009768593825	0.010709128703103142	0.9647863696489316
24	49	0.0	12826	266.0	3206500	1.064	0.0		0.6320482313259284	1.0
25	49	1.0	12826	177.0	3206500	0.708	1.4124615367672162	0.4982115815308481	0.5086503857773916	1.0
26	49	3.0	12826	200.0	3206500	0.8	3.750643375185214	1.90713809282842	0.04833892032925061	1.0
27	49	1.0	12826	183.0	3206500	0.732	1.3661487659646991	0.4501145936085508	0.5202800739589205	1.0
28	49	0.0	12826	237.0	3206500	0.948	0.0		1.0	1.0
29	49	1.0	12826	212.0	3206500	0.848	1.1792592592592592	0.23788092860545557	0.5727254868288815	1.0
30	49	0.0	12826	191.0	3206500	0.764	0.0		1.0	1.0
31	49	0.0	12826	227.0	3206500	0.908	0.0		1.0	1.0
32	49	0.0	12826	172.0	3206500	0.688	0.0		1.0	1.0
33	49	0.0	12826	172.0	3206500	0.688	0.0		1.0	1.0
34	49	0.0	12826	195.0	3206500	0.78	0.0		1.0	1.0
35	49	0.0	12826	169.0	3206500	0.676	0.0		1.0	1.0
36	49	0.0	12826	212.0	3206500	0.848	0.0		1.0	1.0
37	49	1.0	12826	273.0	3206500	1.092	0.9157443466215396	-0.12698320545229372	1.0	1.0
38	49	0.0	12826	211.0	3206500	0.844	0.0		1.0	1.0
39	49	0.0	12826	278.0	3206500	1.112	0.0		0.6334363740095017	1.0
40	49	0.0	12826	220.0	3206500	0.88	0.0		1.0	1.0
41	49	0.0	12826	188.0	3206500	0.752	0.0		1.0	1.0
42	49	0.0	12826	206.0	3206500	0.824	0.0		1.0	1.0
43	49	1.0	12826	215.0	3206500	0.86	1.162803390906206	0.21760718370446477	0.5778123712772696	1.0
44	49	0.0	12826	215.0	3206500	0.86	0.0		1.0	1.0
45	49	1.0	12826	195.0	3206500	0.78	1.282073274353976	0.3584787186853221	0.5427202420628375	1.0
46	49	0.0	12826	214.0	3206500	0.856	0.0		1.0	1.0
47	49	2.0	12826	281.0	3206500	1.124	1.7794809776153697	0.8314565107366251	0.31111738763572183	1.0
48	49	0.0	12826	216.0	3206500	0.864	0.0		1.0	1.0
49	49	0.0	12826	44.0	3206500	0.176	0.0		1.0	1.0
50	49	0.0	12826	0.0	3206500	0.0			1.0	1.0
51	49	0.0	12826	0.0	3206500	0.0			1.0	1.0
52	49	0.0	12826	0.0	3206500	0.0			1.0	1.0
53	49	0.0	12826	0.0	3206500	0.0			1.0	1.0
54	49	0.0	12826	0.0	3206500	0.0			1.0	1.0
55	49	0.0	12826	0.0	3206500	0.0			1.0	1.0
56	49	0.0	12826	0.0	3206500	0.0			1.0	1.0
57	49	0.0	12826	0.0	3206500	0.0			1.0	1.0
58	49	0.0	12826	0.0	3206500	0.0			1.0	1.0
59	49	0.0	12826	0.0	3206500	0.0			1.0	1.0
60	49	0.0	12826	0.0	3206500	0.0			1.0	1.0
61	49	0.0	12826	0.0	3206500	0.0			1.0	1.0
62	49	0.0	12826	0.0	3206500	0.0			1.0	1.0
63	49	0.0	12826	0.0	3206500	0.0			1.0	1.0
64	49	0.0	12826	0.0	3206500	0.0			1.0	1.0
65	49	0.0	12826	0.0	3206500	0.0			1.0	1.0
66	49	0.0	12826	0.0	3206500	0.0			1.0	1.0
67	49	0.0	12826	0.0	3206500	0.0			1.0	1.0
68	49	0.0	12826	0.0	3206500	0.0			1.0	1.0
69	49	0.0	12826	0.0	3206500	0.0			1.0	1.0
70	49	0.0	12826	0.0	3206500	0.0			1.0	1.0
71	49	0.0	12826	0.0	3206500	0.0			1.0	1.0
72	49	0.0	12826	0.0	3206500	0.0			1.0	1.0
73	49	0.0	12826	0.0	3206500	0.0			1.0	1.0
74	49	0.0	12826	0.0	3206500	0.0			1.0	1.0
75	49	0.0	12826	0.0	3206500	0.0			1.0	1.0
76	49	0.0	12826	0.0	3206500	0.0			1.0	1.0
77	49	0.0	12826	0.0	3206500	0.0			1.0	1.0
78	49	0.0	12826	0.0	3206500	0.0			1.0	1.0
79	49	0.0	12826	0.0	3206500	0.0			1.0	1.0
80	49	0.0	12826	0.0	3206500	0.0			1.0	1.0
81	49	0.0	12826	0.0	3206500	0.0			1.0	1.0
82	49	0.0	12826	0.0	3206500	0.0			1.0	1.0
83	49	0.0	12826	0.0	3206500	0.0			1.0	1.0
84	49	0.0	12826	0.0	3206500	0.0			1.0	1.0
85	49	0.0	12826	0.0	3206500	0.0			1.0	1.0
86	49	0.0	12826	0.0	3206500	0.0			1.0	1.0
87	49	0.0	12826	0.0	3206500	0.0			1.0	1.0
88	49	0.0	12826	0.0	3206500	0.0			1.0	1.0
89	49	0.0	12826	0.0	3206500	0.0			1.0	1.0
90	49	0.0	12826	0.0	3206500	0.0			1.0	1.0
91	49	0.0	12826	0.0	3206500	0.0			1.0	1.0
92	49	0.0	12826	0.0	3206500	0.0			1.0	1.0
93	49	0.0	12826	0.0	3206500	0.0			1.0	1.0
94	49	0.0	12826	0.0	3206500	0.0			1.0	1.0
95	49	0.0	12826	0.0	3206500	0.0			1.0	1.0
96	49	0.0	12826	0.0	3206500	0.0			1.0	1.0
97	49	0.0	12826	0.0	3206500	0.0			1.0	1.0
98	49	0.0	12826	0.0	3206500	0.0			1.0	1.0
99	49	0.0	12826	0.0	3206500	0.0			1.0	1.0
100	49	0.0	12826	0.0	3206500	0.0			1.0	1.0
1	50	2.0	12826	211.0	3206500	0.844	2.3698818565899837	1.244815139646663	0.20866353167824897	1.0
2	50	3.0	12826	420.0	3206500	1.68	1.7858981071957754	0.8366497711440404	0.2387191456592578	1.0
3	50	1.0	12826	213.0	3206500	0.852	1.1737224647429738	0.2310913129847137	0.5744278885037867	1.0
4	50	1.0	12826	360.0	3206500	1.44	0.6944206194498592	-0.5261183084868745	1.0	1.0
5	50	1.0	12826	204.0	3206500	0.816	1.225507778159997	0.29337964085693047	0.5588588303127711	1.0
6	50	0.0	12826	223.0	3206500	0.892	0.0		1.0	1.0
7	50	0.0	12826	201.0	3206500	0.804	0.0		1.0	1.0
8	50	2.0	12826	193.0	3206500	0.772	2.5909216527301466	1.3734653903050966	0.18276433385812052	1.0
9	50	1.0	12826	213.0	3206500	0.852	1.1737224647429738	0.2310913129847137	0.5744278885037867	1.0
10	50	4.0	12826	275.0	3206500	1.1	3.637186086413976	1.8628227391228807	0.026313661070411318	1.0
11	50	1.0	12826	218.0	3206500	0.872	1.1468004363610351	0.19761435864100593	0.5828386989069511	1.0
12	50	0.0	12826	188.0	3206500	0.752	0.0		1.0	1.0
13	50	0.0	12826	195.0	3206500	0.78	0.0		1.0	1.0
14	50	1.0	12826	199.0	3206500	0.796	1.2563013899908901	0.32918261206757327	0.5499645767584934	1.0
15	50	1.0	12826	199.0	3206500	0.796	1.2563013899908901	0.32918261206757327	0.5499645767584934	1.0
16	50	0.0	12826	167.0	3206500	0.668	0.0		1.0	1.0
17	50	0.0	12826	142.0	3206500	0.568	0.0		1.0	1.0
18	50	0.0	12826	176.0	3206500	0.704	0.0		1.0	1.0
19	50	0.0	12826	169.0	3206500	0.676	0.0		1.0	1.0
20	50	0.0	12826	191.0	3206500	0.764	0.0		1.0	1.0
21	50	1.0	12826	226.0	3206500	0.904	1.1062029705532268	0.1456161213272558	0.5959516381825541	1.0
22	50	0.0	12826	169.0	3206500	0.676	0.0		1.0	1.0
23	50	1.0	12826	210.0	3206500	0.84	1.190491042420867	0.251556765418317	0.5693002284942981	1.0
24	50	0.0	12826	224.0	3206500	0.896	0.0		1.0	1.0
25	50	1.0	12826	193.0	3206500	0.772	1.2953598157743236	0.37335289507786595	0.5390544647829246	1.0
26	50	0.0	12826	162.0	3206500	0.648	0.0		1.0	1.0
27	50	0.0	12826	176.0	3206500	0.704	0.0		1.0	1.0
28	50	0.0	12826	164.0	3206500	0.656	0.0		1.0	1.0
29	50	0.0	12826	214.0	3206500	0.856	0.0		1.0	1.0
30	50	0.0	12826	162.0	3206500	0.648	0.0		1.0	1.0
31	50	0.0	12826	196.0	3206500	0.784	0.0		1.0	1.0
32	50	0.0	12826	181.0	3206500	0.724	0.0		1.0	1.0
33	50	0.0	12826	172.0	3206500	0.688	0.0		1.0	1.0
34	50	0.0	12826	155.0	3206500	0.62	0.0		1.0	1.0
35	50	2.0	12826	146.0	3206500	0.584	3.425035677966826	1.7761190164403815	0.11823044129240755	1.0
36	50	1.0	12826	191.0	3206500	0.764	1.3089246093710134	0.3883820042206498	0.5353593031707987	1.0
37	50	0.0	12826	195.0	3206500	0.78	0.0		1.0	1.0
38	50	0.0	12826	192.0	3206500	0.768	0.0		1.0	1.0
39	50	0.0	12826	211.0	3206500	0.844	0.0		1.0	1.0
40	50	3.0	12826	212.0	3206500	0.848	3.5383295640645716	1.823068428553657	0.05553632170504109	1.0
41	50	0.0	12826	206.0	3206500	0.824	0.0		1.0	1.0
42	50	1.0	12826	209.0	3206500	0.836	1.1961875448856059	0.2584436009612388	0.5675773162399309	1.0
43	50	1.0	12826	343.0	3206500	1.372	0.7288418324723374	-0.4563223287106338	1.0	1.0
44	50	0.0	12826	193.0	3206500	0.772	0.0		1.0	1.0
45	50	1.0	12826	197.0	3206500	0.788	1.2690565104243972	0.3437563130669819	0.5463568686590888	1.0
46	50	0.0	12826	186.0	3206500	0.744	0.0		1.0	1.0
47	50	0.0	12826	202.0	3206500	0.808	0.0		1.0	1.0
48	50	2.0	12826	281.0	3206500	1.124	1.7794809776153697	0.8314565107366251	0.31111738763572183	1.0
49	50	1.0	12826	196.0	3206500	0.784	1.275531686358754	0.3510987383640075	0.5445421849566054	1.0
50	50	0.0	12826	33.0	3206500	0.132	0.0		1.0	1.0
51	50	0.0	12826	0.0	3206500	0.0			1.0	1.0
52	50	0.0	12826	0.0	3206500	0.0			1.0	1.0
53	50	0.0	12826	0.0	3206500	0.0			1.0	1.0
54	50	0.0	12826	0.0	3206500	0.0			1.0	1.0
55	50	0.0	12826	0.0	3206500	0.0			1.0	1.0
56	50	0.0	12826	0.0	3206500	0.0			1.0	1.0
57	50	0.0	12826	0.0	3206500	0.0			1.0	1.0
58	50	0.0	12826	0.0	3206500	0.0			1.0	1.0
59	50	0.0	12826	0.0	3206500	0.0			1.0	1.0
60	50	0.0	12826	0.0	3206500	0.0			1.0	1.0
61	50	0.0	12826	0.0	3206500	0.0			1.0	1.0
62	50	0.0	12826	0.0	3206500	0.0			1.0	1.0
63	50	0.0	12826	0.0	3206500	0.0			1.0	1.0
64	50	0.0	12826	0.0	3206500	0.0			1.0	1.0
65	50	0.0	12826	0.0	3206500	0.0			1.0	1.0
66	50	0.0	12826	0.0	3206500	0.0			1.0	1.0
67	50	0.0	12826	0.0	3206500	0.0			1.0	1.0
68	50	0.0	12826	0.0	3206500	0.0			1.0	1.0
69	50	0.0	12826	0.0	3206500	0.0			1.0	1.0
70	50	0.0	12826	0.0	3206500	0.0			1.0	1.0
71	50	0.0	12826	0.0	3206500	0.0			1.0	1.0
72	50	0.0	12826	0.0	3206500	0.0			1.0	1.0
73	50	0.0	12826	0.0	3206500	0.0			1.0	1.0
74	50	0.0	12826	0.0	3206500	0.0			1.0	1.0
75	50	0.0	12826	0.0	3206500	0.0			1.0	1.0
76	50	0.0	12826	0.0	3206500	0.0			1.0	1.0
77	50	0.0	12826	0.0	3206500	0.0			1.0	1.0
78	50	0.0	12826	0.0	3206500	0.0			1.0	1.0
79	50	0.0	12826	0.0	3206500	0.0			1.0	1.0
80	50	0.0	12826	0.0	3206500	0.0			1.0	1.0
81	50	0.0	12826	0.0	3206500	0.0			1.0	1.0
82	50	0.0	12826	0.0	3206500	0.0			1.0	1.0
83	50	0.0	12826	0.0	3206500	0.0			1.0	1.0
84	50	0.0	12826	0.0	3206500	0.0			1.0	1.0
85	50	0.0	12826	0.0	3206500	0.0			1.0	1.0
86	50	0.0	12826	0.0	3206500	0.0			1.0	1.0
87	50	0.0	12826	0.0	3206500	0.0			1.0	1.0
88	50	0.0	12826	0.0	3206500	0.0			1.0	1.0
89	50	0.0	12826	0.0	3206500	0.0			1.0	1.0
90	50	0.0	12826	0.0	3206500	0.0			1.0	1.0
91	50	0.0	12826	0.0	3206500	0.0			1.0	1.0
92	50	0.0	12826	0.0	3206500	0.0			1.0	1.0
93	50	0.0	12826	0.0	3206500	0.0			1.0	1.0
94	50	0.0	12826	0.0	3206500	0.0			1.0	1.0
95	50	0.0	12826	0.0	3206500	0.0			1.0	1.0
96	50	0.0	12826	0.0	3206500	0.0			1.0	1.0
97	50	0.0	12826	0.0	3206500	0.0			1.0	1.0
98	50	0.0	12826	0.0	3206500	0.0			1.0	1.0
99	50	0.0	12826	0.0	3206500	0.0			1.0	1.0
100	50	0.0	12826	0.0	3206500	0.0			1.0	1.0
1	51	1.0	12826	218.0	3206500	0.872	1.1468004363610351	0.19761435864100593	0.5828386989069511	1.0
2	51	1.0	12826	271.0	3206500	1.084	0.9225031829265661	-0.11637420595340671	1.0	1.0
3	51	1.0	12826	258.0	3206500	1.032	0.9689898303035798	-0.04544657047258262	1.0	1.0
4	51	0.0	12826	226.0	3206500	0.904	0.0		1.0	1.0
5	51	2.0	12826	207.0	3206500	0.828	2.415679688747849	1.2724291706849697	0.20287248767720117	1.0
6	51	0.0	12826	247.0	3206500	0.988	0.0		1.0	1.0
7	51	2.0	12826	203.0	3206500	0.812	2.463282361581886	1.3005820108273203	0.19710005565360755	1.0
8	51	1.0	12826	176.0	3206500	0.704	1.4204873294346978	0.5063859629295991	0.506684878820143	1.0
9	51	3.0	12826	330.0	3206500	1.32	2.27302503314357	1.1846135728461324	0.14875545014678876	1.0
10	51	1.0	12826	226.0	3206500	0.904	1.1062029705532268	0.1456161213272558	0.5959516381825541	1.0
11	51	0.0	12826	164.0	3206500	0.656	0.0		1.0	1.0
12	51	0.0	12826	227.0	3206500	0.908	0.0		1.0	1.0
13	51	0.0	12826	217.0	3206500	0.868	0.0		1.0	1.0
14	51	0.0	12826	216.0	3206500	0.864	0.0		1.0	1.0
15	51	0.0	12826	235.0	3206500	0.94	0.0		1.0	1.0
16	51	0.0	12826	164.0	3206500	0.656	0.0		1.0	1.0
17	51	0.0	12826	226.0	3206500	0.904	0.0		1.0	1.0
18	51	0.0	12826	240.0	3206500	0.96	0.0		1.0	1.0
19	51	0.0	12826	154.0	3206500	0.616	0.0		1.0	1.0
20	51	1.0	12826	204.0	3206500	0.816	1.225507778159997	0.29337964085693047	0.5588588303127711	1.0
21	51	0.0	12826	189.0	3206500	0.756	0.0		1.0	1.0
22	51	0.0	12826	227.0	3206500	0.908	0.0		1.0	1.0
23	51	0.0	12826	243.0	3206500	0.972	0.0		1.0	1.0
24	51	0.0	12826	181.0	3206500	0.724	0.0		1.0	1.0
25	51	0.0	12826	170.0	3206500	0.68	0.0		1.0	1.0
26	51	0.0	12826	165.0	3206500	0.66	0.0		1.0	1.0
27	51	0.0	12826	169.0	3206500	0.676	0.0		1.0	1.0
28	51	0.0	12826	198.0	3206500	0.792	0.0		1.0	1.0
29	51	0.0	12826	218.0	3206500	0.872	0.0		1.0	1.0
30	51	0.0	12826	171.0	3206500	0.684	0.0		1.0	1.0
31	51	0.0	12826	197.0	3206500	0.788	0.0		1.0	1.0
32	51	0.0	12826	190.0	3206500	0.76	0.0		1.0	1.0
33	51	0.0	12826	235.0	3206500	0.94	0.0		1.0	1.0
34	51	1.0	12826	168.0	3206500	0.672	1.4881332962034717	0.5735037584074911	0.4906751399684259	1.0
35	51	0.0	12826	169.0	3206500	0.676	0.0		1.0	1.0
36	51	2.0	12826	211.0	3206500	0.844	2.3698818565899837	1.244815139646663	0.20866353167824897	1.0
37	51	0.0	12826	194.0	3206500	0.776	0.0		1.0	1.0
38	51	0.0	12826	195.0	3206500	0.78	0.0		1.0	1.0
39	51	0.0	12826	203.0	3206500	0.812	0.0		1.0	1.0
40	51	1.0	12826	159.0	3206500	0.636	1.5723716699155295	0.6529422754629348	0.472042350813031	1.0
41	51	0.0	12826	198.0	3206500	0.792	0.0		1.0	1.0
42	51	3.0	12826	235.0	3206500	0.94	3.192002070747211	1.6744615874799842	0.0706525545835185	1.0
43	51	1.0	12826	150.0	3206500	0.6	1.6667186484730345	0.7370105898010815	0.4527279677546544	1.0
44	51	2.0	12826	178.0	3206500	0.712	2.8092708895539964	1.4901957459214874	0.16158006281864773	1.0
45	51	0.0	12826	172.0	3206500	0.688	0.0		1.0	1.0
46	51	2.0	12826	222.0	3206500	0.888	2.252447550482485	1.1714935124584354	0.22466844416159854	1.0
47	51	0.0	12826	231.0	3206500	0.924	0.0		1.0	1.0
48	51	1.0	12826	231.0	3206500	0.924	1.0822574955908288	0.11404379252464424	0.6039370953945048	1.0
49	51	0.0	12826	242.0	3206500	0.968	0.0		1.0	1.0
50	51	0.0	12826	154.0	3206500	0.616	0.0		1.0	1.0
51	51	0.0	12826	34.0	3206500	0.136	0.0		1.0	1.0
52	51	0.0	12826	0.0	3206500	0.0			1.0	1.0
53	51	0.0	12826	0.0	3206500	0.0			1.0	1.0
54	51	0.0	12826	0.0	3206500	0.0			1.0	1.0
55	51	0.0	12826	0.0	3206500	0.0			1.0	1.0
56	51	0.0	12826	0.0	3206500	0.0			1.0	1.0
57	51	0.0	12826	0.0	3206500	0.0			1.0	1.0
58	51	0.0	12826	0.0	3206500	0.0			1.0	1.0
59	51	0.0	12826	0.0	3206500	0.0			1.0	1.0
60	51	0.0	12826	0.0	3206500	0.0			1.0	1.0
61	51	0.0	12826	0.0	3206500	0.0			1.0	1.0
62	51	0.0	12826	0.0	3206500	0.0			1.0	1.0
63	51	0.0	12826	0.0	3206500	0.0			1.0	1.0
64	51	0.0	12826	0.0	3206500	0.0			1.0	1.0
65	51	0.0	12826	0.0	3206500	0.0			1.0	1.0
66	51	0.0	12826	0.0	3206500	0.0			1.0	1.0
67	51	0.0	12826	0.0	3206500	0.0			1.0	1.0
68	51	0.0	12826	0.0	3206500	0.0			1.0	1.0
69	51	0.0	12826	0.0	3206500	0.0			1.0	1.0
70	51	0.0	12826	0.0	3206500	0.0			1.0	1.0
71	51	0.0	12826	0.0	3206500	0.0			1.0	1.0
72	51	0.0	12826	0.0	3206500	0.0			1.0	1.0
73	51	0.0	12826	0.0	3206500	0.0			1.0	1.0
74	51	0.0	12826	0.0	3206500	0.0			1.0	1.0
75	51	0.0	12826	0.0	3206500	0.0			1.0	1.0
76	51	0.0	12826	0.0	3206500	0.0			1.0	1.0
77	51	0.0	12826	0.0	3206500	0.0			1.0	1.0
78	51	0.0	12826	0.0	3206500	0.0			1.0	1.0
79	51	0.0	12826	0.0	3206500	0.0			1.0	1.0
80	51	0.0	12826	0.0	3206500	0.0			1.0	1.0
81	51	0.0	12826	0.0	3206500	0.0			1.0	1.0
82	51	0.0	12826	0.0	3206500	0.0			1.0	1.0
83	51	0.0	12826	0.0	3206500	0.0			1.0	1.0
84	51	0.0	12826	0.0	3206500	0.0			1.0	1.0
85	51	0.0	12826	0.0	3206500	0.0			1.0	1.0
86	51	0.0	12826	0.0	3206500	0.0			1.0	1.0
87	51	0.0	12826	0.0	3206500	0.0			1.0	1.0
88	51	0.0	12826	0.0	3206500	0.0			1.0	1.0
89	51	0.0	12826	0.0	3206500	0.0			1.0	1.0
90	51	0.0	12826	0.0	3206500	0.0			1.0	1.0
91	51	0.0	12826	0.0	3206500	0.0			1.0	1.0
92	51	0.0	12826	0.0	3206500	0.0			1.0	1.0
93	51	0.0	12826	0.0	3206500	0.0			1.0	1.0
94	51	0.0	12826	0.0	3206500	0.0			1.0	1.0
95	51	0.0	12826	0.0	3206500	0.0			1.0	1.0
96	51	0.0	12826	0.0	3206500	0.0			1.0	1.0
97	51	0.0	12826	0.0	3206500	0.0			1.0	1.0
98	51	0.0	12826	0.0	3206500	0.0			1.0	1.0
99	51	0.0	12826	0.0	3206500	0.0			1.0	1.0
100	51	0.0	12826	0.0	3206500	0.0			1.0	1.0
1	52	1.0	12826	216.0	3206500	0.864	1.1574196808894666	0.2109120811719327	0.5794945067166593	1.0
2	52	2.0	12826	213.0	3206500	0.852	2.3476279804005986	1.2312038082119443	0.21156539379932704	1.0
3	52	1.0	12826	253.0	3206500	1.012	0.9881413679125349	-0.017210639922951396	1.0	1.0
4	52	1.0	12826	282.0	3206500	1.128	0.8865159747279941	-0.17378146663625932	1.0	1.0
5	52	1.0	12826	222.0	3206500	0.888	1.1261359605219254	0.17138101723120455	0.5894475139730769	1.0
6	52	1.0	12826	247.0	3206500	0.988	1.0121466960248124	0.017418402966874705	0.6284453545846168	1.0
7	52	7.0	12826	207.0	3206500	0.828	8.458176702532057	3.080346700494854	2.8647071733243127e-05	0.006366015940720695
8	52	1.0	12826	249.0	3206500	0.996	1.00401637740044	0.005782802557301607	1.0	1.0
9	52	10.0	12826	192.0	3206500	0.768	13.030212884935498	3.7037887494405175	1.2467174841760347e-08	7.3336322598590276e-06
10	52	1.0	12826	234.0	3206500	0.936	1.0683813998433882	0.09542676447456848	0.608652419921828	1.0
11	52	1.0	12826	193.0	3206500	0.772	1.2953598157743236	0.37335289507786595	0.5390544647829246	1.0
12	52	2.0	12826	232.0	3206500	0.928	2.155352571686708	1.107923884079591	0.23929354265095992	1.0
13	52	0.0	12826	202.0	3206500	0.808	0.0		1.0	1.0
14	52	0.0	12826	155.0	3206500	0.62	0.0		1.0	1.0
15	52	0.0	12826	198.0	3206500	0.792	0.0		1.0	1.0
16	52	1.0	12826	200.0	3206500	0.8	1.2500194931773878	0.3219505928802187	0.5517576576596881	1.0
17	52	0.0	12826	166.0	3206500	0.664	0.0		1.0	1.0
18	52	1.0	12826	190.0	3206500	0.76	1.3158140966451215	0.39595567388046604	0.5335006296149268	1.0
19	52	0.0	12826	169.0	3206500	0.676	0.0		1.0	1.0
20	52	0.0	12826	229.0	3206500	0.916	0.0		1.0	1.0
21	52	0.0	12826	201.0	3206500	0.804	0.0		1.0	1.0
22	52	0.0	12826	181.0	3206500	0.724	0.0		1.0	1.0
23	52	0.0	12826	177.0	3206500	0.708	0.0		1.0	1.0
24	52	1.0	12826	229.0	3206500	0.916	1.0917102071043694	0.1265899457648756	0.6007620262346306	1.0
25	52	0.0	12826	160.0	3206500	0.64	0.0		1.0	1.0
26	52	0.0	12826	195.0	3206500	0.78	0.0		1.0	1.0
27	52	0.0	12826	147.0	3206500	0.588	0.0		1.0	1.0
28	52	1.0	12826	283.0	3206500	1.132	0.8833831339243279	-0.17888880703727478	1.0	1.0
29	52	0.0	12826	305.0	3206500	1.22	0.0		0.6389281906075082	1.0
30	52	0.0	12826	137.0	3206500	0.548	0.0		1.0	1.0
31	52	0.0	12826	179.0	3206500	0.716	0.0		1.0	1.0
32	52	0.0	12826	177.0	3206500	0.708	0.0		1.0	1.0
33	52	1.0	12826	180.0	3206500	0.72	1.3889192116092701	0.4739626854241763	0.514500048331391	1.0
34	52	0.0	12826	215.0	3206500	0.86	0.0		1.0	1.0
35	52	1.0	12826	176.0	3206500	0.704	1.4204873294346978	0.5063859629295991	0.506684878820143	1.0
36	52	1.0	12826	225.0	3206500	0.9	1.1111197747455057	0.1520143424853336	0.5943353306180095	1.0
37	52	0.0	12826	185.0	3206500	0.74	0.0		1.0	1.0
38	52	0.0	12826	159.0	3206500	0.636	0.0		1.0	1.0
39	52	1.0	12826	215.0	3206500	0.86	1.162803390906206	0.21760718370446477	0.5778123712772696	1.0
40	52	2.0	12826	221.0	3206500	0.884	2.2626403265370643	1.1780072693764756	0.22320934057937036	1.0
41	52	0.0	12826	188.0	3206500	0.752	0.0		1.0	1.0
42	52	2.0	12826	217.0	3206500	0.868	2.304350857119859	1.2043603961594884	0.21738055284982374	1.0
43	52	0.0	12826	158.0	3206500	0.632	0.0		1.0	1.0
44	52	0.0	12826	197.0	3206500	0.788	0.0		1.0	1.0
45	52	0.0	12826	189.0	3206500	0.756	0.0		1.0	1.0
46	52	0.0	12826	219.0	3206500	0.876	0.0		1.0	1.0
47	52	1.0	12826	188.0	3206500	0.752	1.3298129484467671	0.4112233304433867	0.5297609493036123	1.0
48	52	0.0	12826	272.0	3206500	1.088	0.0		0.6326535657373082	1.0
49	52	1.0	12826	276.0	3206500	1.104	0.9057897561940278	-0.14275187121102198	1.0	1.0
50	52	0.0	12826	214.0	3206500	0.856	0.0		1.0	1.0
51	52	2.0	12826	199.0	3206500	0.796	2.512798709705734	1.3292951072948038	0.19134833473062413	1.0
52	52	0.0	12826	32.0	3206500	0.128	0.0		1.0	1.0
53	52	0.0	12826	0.0	3206500	0.0			1.0	1.0
54	52	0.0	12826	0.0	3206500	0.0			1.0	1.0
55	52	0.0	12826	0.0	3206500	0.0			1.0	1.0
56	52	0.0	12826	0.0	3206500	0.0			1.0	1.0
57	52	0.0	12826	0.0	3206500	0.0			1.0	1.0
58	52	0.0	12826	0.0	3206500	0.0			1.0	1.0
59	52	0.0	12826	0.0	3206500	0.0			1.0	1.0
60	52	0.0	12826	0.0	3206500	0.0			1.0	1.0
61	52	0.0	12826	0.0	3206500	0.0			1.0	1.0
62	52	0.0	12826	0.0	3206500	0.0			1.0	1.0
63	52	0.0	12826	0.0	3206500	0.0			1.0	1.0
64	52	0.0	12826	0.0	3206500	0.0			1.0	1.0
65	52	0.0	12826	0.0	3206500	0.0			1.0	1.0
66	52	0.0	12826	0.0	3206500	0.0			1.0	1.0
67	52	0.0	12826	0.0	3206500	0.0			1.0	1.0
68	52	0.0	12826	0.0	3206500	0.0			1.0	1.0
69	52	0.0	12826	0.0	3206500	0.0			1.0	1.0
70	52	0.0	12826	0.0	3206500	0.0			1.0	1.0
71	52	0.0	12826	0.0	3206500	0.0			1.0	1.0
72	52	0.0	12826	0.0	3206500	0.0			1.0	1.0
73	52	0.0	12826	0.0	3206500	0.0			1.0	1.0
74	52	0.0	12826	0.0	3206500	0.0			1.0	1.0
75	52	0.0	12826	0.0	3206500	0.0			1.0	1.0
76	52	0.0	12826	0.0	3206500	0.0			1.0	1.0
77	52	0.0	12826	0.0	3206500	0.0			1.0	1.0
78	52	0.0	12826	0.0	3206500	0.0			1.0	1.0
79	52	0.0	12826	0.0	3206500	0.0			1.0	1.0
80	52	0.0	12826	0.0	3206500	0.0			1.0	1.0
81	52	0.0	12826	0.0	3206500	0.0			1.0	1.0
82	52	0.0	12826	0.0	3206500	0.0			1.0	1.0
83	52	0.0	12826	0.0	3206500	0.0			1.0	1.0
84	52	0.0	12826	0.0	3206500	0.0			1.0	1.0
85	52	0.0	12826	0.0	3206500	0.0			1.0	1.0
86	52	0.0	12826	0.0	3206500	0.0			1.0	1.0
87	52	0.0	12826	0.0	3206500	0.0			1.0	1.0
88	52	0.0	12826	0.0	3206500	0.0			1.0	1.0
89	52	0.0	12826	0.0	3206500	0.0			1.0	1.0
90	52	0.0	12826	0.0	3206500	0.0			1.0	1.0
91	52	0.0	12826	0.0	3206500	0.0			1.0	1.0
92	52	0.0	12826	0.0	3206500	0.0			1.0	1.0
93	52	0.0	12826	0.0	3206500	0.0			1.0	1.0
94	52	0.0	12826	0.0	3206500	0.0			1.0	1.0
95	52	0.0	12826	0.0	3206500	0.0			1.0	1.0
96	52	0.0	12826	0.0	3206500	0.0			1.0	1.0
97	52	0.0	12826	0.0	3206500	0.0			1.0	1.0
98	52	0.0	12826	0.0	3206500	0.0			1.0	1.0
99	52	0.0	12826	0.0	3206500	0.0			1.0	1.0
100	52	0.0	12826	0.0	3206500	0.0			1.0	1.0
1	53	1.0	12826	179.0	3206500	0.716	1.3966789724155204	0.48200045444306633	0.5125579393057677	1.0
2	53	2.0	12826	302.0	3206500	1.208	1.6557313894064523	0.7274686422794877	0.34155617457691656	1.0
3	53	2.0	12826	219.0	3206500	0.876	2.2833051327847045	1.1911236690850446	0.2202933628575991	1.0
4	53	1.0	12826	247.0	3206500	0.988	1.0121466960248124	0.017418402966874705	0.6284453545846168	1.0
5	53	1.0	12826	179.0	3206500	0.716	1.3966789724155204	0.48200045444306633	0.5125579393057677	1.0
6	53	0.0	12826	267.0	3206500	1.068	0.0		0.6321364152822094	1.0
7	53	0.0	12826	303.0	3206500	1.212	0.0		0.6384204548903305	1.0
8	53	0.0	12826	205.0	3206500	0.82	0.0		1.0	1.0
9	53	2.0	12826	221.0	3206500	0.884	2.2626403265370643	1.1780072693764756	0.22320934057937036	1.0
10	53	0.0	12826	213.0	3206500	0.852	0.0		1.0	1.0
11	53	2.0	12826	273.0	3206500	1.092	1.8316315105148542	0.873129289774937	0.29943670121670896	1.0
12	53	1.0	12826	182.0	3206500	0.728	1.3736555062870852	0.4580202416477899	0.518361084897018	1.0
13	53	0.0	12826	257.0	3206500	1.028	0.0		0.6314929122129496	1.0
14	53	3.0	12826	243.0	3206500	0.972	3.086907880611902	1.6261624307446283	0.0762994410424496	1.0
15	53	1.0	12826	186.0	3206500	0.744	1.344112850824792	0.42665427092204133	0.5259912919375597	1.0
16	53	0.0	12826	158.0	3206500	0.632	0.0		1.0	1.0
17	53	0.0	12826	227.0	3206500	0.908	0.0		1.0	1.0
18	53	0.0	12826	170.0	3206500	0.68	0.0		1.0	1.0
19	53	0.0	12826	185.0	3206500	0.74	0.0		1.0	1.0
20	53	0.0	12826	181.0	3206500	0.724	0.0		1.0	1.0
21	53	0.0	12826	175.0	3206500	0.7	0.0		1.0	1.0
22	53	0.0	12826	159.0	3206500	0.636	0.0		1.0	1.0
23	53	0.0	12826	196.0	3206500	0.784	0.0		1.0	1.0
24	53	1.0	12826	180.0	3206500	0.72	1.3889192116092701	0.4739626854241763	0.514500048331391	1.0
25	53	1.0	12826	183.0	3206500	0.732	1.3661487659646991	0.4501145936085508	0.5202800739589205	1.0
26	53	1.0	12826	171.0	3206500	0.684	1.4620243265734185	0.5479673164441479	0.4967387858121734	1.0
27	53	0.0	12826	195.0	3206500	0.78	0.0		1.0	1.0
28	53	1.0	12826	242.0	3206500	0.968	1.0330604288499026	0.04692464708992636	0.6209539975969639	1.0
29	53	0.0	12826	162.0	3206500	0.648	0.0		1.0	1.0
30	53	2.0	12826	175.0	3206500	0.7	2.857432492647714	1.5147194149147087	0.15739860160227423	1.0
31	53	0.0	12826	196.0	3206500	0.784	0.0		1.0	1.0
32	53	0.0	12826	172.0	3206500	0.688	0.0		1.0	1.0
33	53	1.0	12826	180.0	3206500	0.72	1.3889192116092701	0.4739626854241763	0.514500048331391	1.0
34	53	0.0	12826	165.0	3206500	0.66	0.0		1.0	1.0
35	53	0.0	12826	168.0	3206500	0.672	0.0		1.0	1.0
36	53	1.0	12826	153.0	3206500	0.612	1.63403636178318	0.7084400877556829	0.4592433485215829	1.0
37	53	0.0	12826	210.0	3206500	0.84	0.0		1.0	1.0
38	53	1.0	12826	194.0	3206500	0.776	1.2886823014006954	0.3658966402033822	0.5408910119138194	1.0
39	53	0.0	12826	234.0	3206500	0.936	0.0		1.0	1.0
40	53	1.0	12826	164.0	3206500	0.656	1.5244311320306185	0.6082709763744771	0.4824764880053233	1.0
41	53	0.0	12826	182.0	3206500	0.728	0.0		1.0	1.0
42	53	4.0	12826	174.0	3206500	0.696	5.748607368441813	2.5232124976246606	0.005882509672142282	0.6257989012917322
43	53	2.0	12826	196.0	3206500	0.784	2.551262301551937	1.3512112335912383	0.18704943399493376	1.0
44	53	1.0	12826	223.0	3206500	0.892	1.1210856738258201	0.16489653370149948	0.5910832949508635	1.0
45	53	0.0	12826	185.0	3206500	0.74	0.0		1.0	1.0
46	53	0.0	12826	285.0	3206500	1.14	0.0		0.6345623166910552	1.0
47	53	0.0	12826	188.0	3206500	0.752	0.0		1.0	1.0
48	53	0.0	12826	176.0	3206500	0.704	0.0		1.0	1.0
49	53	2.0	12826	204.0	3206500	0.816	2.451206683546781	1.293492136084161	0.19854130508844664	1.0
50	53	2.0	12826	190.0	3206500	0.76	2.6318334044718785	1.3960681691076968	0.1784939907758228	1.0
51	53	2.0	12826	180.0	3206500	0.72	2.778055035696957	1.474075180651407	0.16437880475091113	1.0
52	53	0.0	12826	154.0	3206500	0.616	0.0		1.0	1.0
53	53	0.0	12826	44.0	3206500	0.176	0.0		1.0	1.0
54	53	0.0	12826	0.0	3206500	0.0			1.0	1.0
55	53	0.0	12826	0.0	3206500	0.0			1.0	1.0
56	53	0.0	12826	0.0	3206500	0.0			1.0	1.0
57	53	0.0	12826	0.0	3206500	0.0			1.0	1.0
58	53	0.0	12826	0.0	3206500	0.0			1.0	1.0
59	53	0.0	12826	0.0	3206500	0.0			1.0	1.0
60	53	0.0	12826	0.0	3206500	0.0			1.0	1.0
61	53	0.0	12826	0.0	3206500	0.0			1.0	1.0
62	53	0.0	12826	0.0	3206500	0.0			1.0	1.0
63	53	0.0	12826	0.0	3206500	0.0			1.0	1.0
64	53	0.0	12826	0.0	3206500	0.0			1.0	1.0
65	53	0.0	12826	0.0	3206500	0.0			1.0	1.0
66	53	0.0	12826	0.0	3206500	0.0			1.0	1.0
67	53	0.0	12826	0.0	3206500	0.0			1.0	1.0
68	53	0.0	12826	0.0	3206500	0.0			1.0	1.0
69	53	0.0	12826	0.0	3206500	0.0			1.0	1.0
70	53	0.0	12826	0.0	3206500	0.0			1.0	1.0
71	53	0.0	12826	0.0	3206500	0.0			1.0	1.0
72	53	0.0	12826	0.0	3206500	0.0			1.0	1.0
73	53	0.0	12826	0.0	3206500	0.0			1.0	1.0
74	53	0.0	12826	0.0	3206500	0.0			1.0	1.0
75	53	0.0	12826	0.0	3206500	0.0			1.0	1.0
76	53	0.0	12826	0.0	3206500	0.0			1.0	1.0
77	53	0.0	12826	0.0	3206500	0.0			1.0	1.0
78	53	0.0	12826	0.0	3206500	0.0			1.0	1.0
79	53	0.0	12826	0.0	3206500	0.0			1.0	1.0
80	53	0.0	12826	0.0	3206500	0.0			1.0	1.0
81	53	0.0	12826	0.0	3206500	0.0			1.0	1.0
82	53	0.0	12826	0.0	3206500	0.0			1.0	1.0
83	53	0.0	12826	0.0	3206500	0.0			1.0	1.0
84	53	0.0	12826	0.0	3206500	0.0			1.0	1.0
85	53	0.0	12826	0.0	3206500	0.0			1.0	1.0
86	53	0.0	12826	0.0	3206500	0.0			1.0	1.0
87	53	0.0	12826	0.0	3206500	0.0			1.0	1.0
88	53	0.0	12826	0.0	3206500	0.0			1.0	1.0
89	53	0.0	12826	0.0	3206500	0.0			1.0	1.0
90	53	0.0	12826	0.0	3206500	0.0			1.0	1.0
91	53	0.0	12826	0.0	3206500	0.0			1.0	1.0
92	53	0.0	12826	0.0	3206500	0.0			1.0	1.0
93	53	0.0	12826	0.0	3206500	0.0			1.0	1.0
94	53	0.0	12826	0.0	3206500	0.0			1.0	1.0
95	53	0.0	12826	0.0	3206500	0.0			1.0	1.0
96	53	0.0	12826	0.0	3206500	0.0			1.0	1.0
97	53	0.0	12826	0.0	3206500	0.0			1.0	1.0
98	53	0.0	12826	0.0	3206500	0.0			1.0	1.0
99	53	0.0	12826	0.0	3206500	0.0			1.0	1.0
100	53	0.0	12826	0.0	3206500	0.0			1.0	1.0
1	54	1.0	12826	184.0	3206500	0.736	1.3587236206458175	0.4422520258815474	0.522191418176139	1.0
2	54	0.0	12826	210.0	3206500	0.84	0.0		1.0	1.0
3	54	0.0	12826	211.0	3206500	0.844	0.0		1.0	1.0
4	54	1.0	12826	159.0	3206500	0.636	1.5723716699155295	0.6529422754629348	0.472042350813031	1.0
5	54	0.0	12826	166.0	3206500	0.664	0.0		1.0	1.0
6	54	1.0	12826	236.0	3206500	0.944	1.0593266593980242	0.08314753477361056	0.6117647426092929	1.0
7	54	0.0	12826	164.0	3206500	0.656	0.0		1.0	1.0
8	54	0.0	12826	233.0	3206500	0.932	0.0		1.0	1.0
9	54	0.0	12826	190.0	3206500	0.76	0.0		1.0	1.0
10	54	0.0	12826	211.0	3206500	0.844	0.0		1.0	1.0
11	54	1.0	12826	156.0	3206500	0.624	1.6026110861198581	0.6804243617361957	0.4656811684058147	1.0
12	54	0.0	12826	172.0	3206500	0.688	0.0		1.0	1.0
13	54	0.0	12826	174.0	3206500	0.696	0.0		1.0	1.0
14	54	0.0	12826	162.0	3206500	0.648	0.0		1.0	1.0
15	54	1.0	12826	164.0	3206500	0.656	1.5244311320306185	0.6082709763744771	0.4824764880053233	1.0
16	54	1.0	12826	148.0	3206500	0.592	1.6892429271376639	0.7563768145663959	0.4483408300326113	1.0
17	54	0.0	12826	223.0	3206500	0.892	0.0		1.0	1.0
18	54	1.0	12826	161.0	3206500	0.644	1.5528381339822988	0.6349074527312025	0.4762410134980158	1.0
19	54	0.0	12826	144.0	3206500	0.576	0.0		1.0	1.0
20	54	0.0	12826	173.0	3206500	0.692	0.0		1.0	1.0
21	54	0.0	12826	184.0	3206500	0.736	0.0		1.0	1.0
22	54	0.0	12826	131.0	3206500	0.524	0.0		1.0	1.0
23	54	0.0	12826	179.0	3206500	0.716	0.0		1.0	1.0
24	54	0.0	12826	167.0	3206500	0.668	0.0		1.0	1.0
25	54	1.0	12826	255.0	3206500	1.02	0.9803906279860872	-0.02857140201535303	1.0	1.0
26	54	1.0	12826	182.0	3206500	0.728	1.3736555062870852	0.4580202416477899	0.518361084897018	1.0
27	54	1.0	12826	232.0	3206500	0.928	1.0775922565033274	0.10781138885236054	0.6055151487663873	1.0
28	54	1.0	12826	214.0	3206500	0.856	1.1682374159698312	0.2243334968511618	0.5761235075780659	1.0
29	54	1.0	12826	228.0	3206500	0.912	1.096498751752676	0.13290416965742619	0.5991649602812228	1.0
30	54	0.0	12826	212.0	3206500	0.848	0.0		1.0	1.0
31	54	0.0	12826	206.0	3206500	0.824	0.0		1.0	1.0
32	54	0.0	12826	117.0	3206500	0.468	0.0		1.0	1.0
33	54	0.0	12826	140.0	3206500	0.56	0.0		1.0	1.0
34	54	0.0	12826	172.0	3206500	0.688	0.0		1.0	1.0
35	54	1.0	12826	129.0	3206500	0.516	1.9380576333167112	0.9546114737787389	0.404868675050961	1.0
36	54	0.0	12826	173.0	3206500	0.692	0.0		1.0	1.0
37	54	0.0	12826	154.0	3206500	0.616	0.0		1.0	1.0
38	54	1.0	12826	159.0	3206500	0.636	1.5723716699155295	0.6529422754629348	0.472042350813031	1.0
39	54	1.0	12826	125.0	3206500	0.5	2.0000779727095517	1.000056244324324	0.39528890550067347	1.0
40	54	0.0	12826	138.0	3206500	0.552	0.0		1.0	1.0
41	54	0.0	12826	140.0	3206500	0.56	0.0		1.0	1.0
42	54	0.0	12826	177.0	3206500	0.708	0.0		1.0	1.0
43	54	0.0	12826	165.0	3206500	0.66	0.0		1.0	1.0
44	54	1.0	12826	159.0	3206500	0.636	1.5723716699155295	0.6529422754629348	0.472042350813031	1.0
45	54	1.0	12826	195.0	3206500	0.78	1.282073274353976	0.3584787186853221	0.5427202420628375	1.0
46	54	0.0	12826	241.0	3206500	0.964	0.0		1.0	1.0
47	54	2.0	12826	186.0	3206500	0.744	2.688435326236425	1.4267667661492722	0.17282484816900778	1.0
48	54	1.0	12826	178.0	3206500	0.712	1.4045259215454367	0.4900832506942566	0.5106080625683164	1.0
49	54	0.0	12826	191.0	3206500	0.764	0.0		1.0	1.0
50	54	1.0	12826	137.0	3206500	0.548	1.8248818315049586	0.8678030466658946	0.4235753674721134	1.0
51	54	0.0	12826	164.0	3206500	0.656	0.0		1.0	1.0
52	54	1.0	12826	161.0	3206500	0.644	1.5528381339822988	0.6349074527312025	0.4762410134980158	1.0
53	54	1.0	12826	175.0	3206500	0.7	1.4286048454469507	0.5146069196874781	0.5047115102035382	1.0
54	54	0.0	12826	29.0	3206500	0.116	0.0		1.0	1.0
55	54	0.0	12826	0.0	3206500	0.0			1.0	1.0
56	54	0.0	12826	0.0	3206500	0.0			1.0	1.0
57	54	0.0	12826	0.0	3206500	0.0			1.0	1.0
58	54	0.0	12826	0.0	3206500	0.0			1.0	1.0
59	54	0.0	12826	0.0	3206500	0.0			1.0	1.0
60	54	0.0	12826	0.0	3206500	0.0			1.0	1.0
61	54	0.0	12826	0.0	3206500	0.0			1.0	1.0
62	54	0.0	12826	0.0	3206500	0.0			1.0	1.0
63	54	0.0	12826	0.0	3206500	0.0			1.0	1.0
64	54	0.0	12826	0.0	3206500	0.0			1.0	1.0
65	54	0.0	12826	0.0	3206500	0.0			1.0	1.0
66	54	0.0	12826	0.0	3206500	0.0			1.0	1.0
67	54	0.0	12826	0.0	3206500	0.0			1.0	1.0
68	54	0.0	12826	0.0	3206500	0.0			1.0	1.0
69	54	0.0	12826	0.0	3206500	0.0			1.0	1.0
70	54	0.0	12826	0.0	3206500	0.0			1.0	1.0
71	54	0.0	12826	0.0	3206500	0.0			1.0	1.0
72	54	0.0	12826	0.0	3206500	0.0			1.0	1.0
73	54	0.0	12826	0.0	3206500	0.0			1.0	1.0
74	54	0.0	12826	0.0	3206500	0.0			1.0	1.0
75	54	0.0	12826	0.0	3206500	0.0			1.0	1.0
76	54	0.0	12826	0.0	3206500	0.0			1.0	1.0
77	54	0.0	12826	0.0	3206500	0.0			1.0	1.0
78	54	0.0	12826	0.0	3206500	0.0			1.0	1.0
79	54	0.0	12826	0.0	3206500	0.0			1.0	1.0
80	54	0.0	12826	0.0	3206500	0.0			1.0	1.0
81	54	0.0	12826	0.0	3206500	0.0			1.0	1.0
82	54	0.0	12826	0.0	3206500	0.0			1.0	1.0
83	54	0.0	12826	0.0	3206500	0.0			1.0	1.0
84	54	0.0	12826	0.0	3206500	0.0			1.0	1.0
85	54	0.0	12826	0.0	3206500	0.0			1.0	1.0
86	54	0.0	12826	0.0	3206500	0.0			1.0	1.0
87	54	0.0	12826	0.0	3206500	0.0			1.0	1.0
88	54	0.0	12826	0.0	3206500	0.0			1.0	1.0
89	54	0.0	12826	0.0	3206500	0.0			1.0	1.0
90	54	0.0	12826	0.0	3206500	0.0			1.0	1.0
91	54	0.0	12826	0.0	3206500	0.0			1.0	1.0
92	54	0.0	12826	0.0	3206500	0.0			1.0	1.0
93	54	0.0	12826	0.0	3206500	0.0			1.0	1.0
94	54	0.0	12826	0.0	3206500	0.0			1.0	1.0
95	54	0.0	12826	0.0	3206500	0.0			1.0	1.0
96	54	0.0	12826	0.0	3206500	0.0			1.0	1.0
97	54	0.0	12826	0.0	3206500	0.0			1.0	1.0
98	54	0.0	12826	0.0	3206500	0.0			1.0	1.0
99	54	0.0	12826	0.0	3206500	0.0			1.0	1.0
100	54	0.0	12826	0.0	3206500	0.0			1.0	1.0
1	55	3.0	12826	209.0	3206500	0.836	3.5891223418446296	1.8436311009094402	0.05369155160806036	1.0
2	55	2.0	12826	378.0	3206500	1.512	1.322801658266412	0.4035967592077596	0.6665388870159177	1.0
3	55	0.0	12826	196.0	3206500	0.784	0.0		1.0	1.0
4	55	0.0	12826	172.0	3206500	0.688	0.0		1.0	1.0
5	55	0.0	12826	169.0	3206500	0.676	0.0		1.0	1.0
6	55	0.0	12826	174.0	3206500	0.696	0.0		1.0	1.0
7	55	4.0	12826	191.0	3206500	0.764	5.23692344881711	2.388719516221461	0.008060445860545922	0.7937805045234754
8	55	0.0	12826	197.0	3206500	0.788	0.0		1.0	1.0
9	55	1.0	12826	173.0	3206500	0.692	1.4451214098187022	0.5311907037884824	0.5007410609985474	1.0
10	55	0.0	12826	216.0	3206500	0.864	0.0		1.0	1.0
11	55	0.0	12826	166.0	3206500	0.664	0.0		1.0	1.0
12	55	0.0	12826	183.0	3206500	0.732	0.0		1.0	1.0
13	55	0.0	12826	192.0	3206500	0.768	0.0		1.0	1.0
14	55	0.0	12826	174.0	3206500	0.696	0.0		1.0	1.0
15	55	1.0	12826	161.0	3206500	0.644	1.5528381339822988	0.6349074527312025	0.4762410134980158	1.0
16	55	0.0	12826	149.0	3206500	0.596	0.0		1.0	1.0
17	55	2.0	12826	155.0	3206500	0.62	3.2261535829996175	1.6898151205015408	0.13011261640889488	1.0
18	55	1.0	12826	176.0	3206500	0.704	1.4204873294346978	0.5063859629295991	0.506684878820143	1.0
19	55	0.0	12826	182.0	3206500	0.728	0.0		1.0	1.0
20	55	0.0	12826	152.0	3206500	0.608	0.0		1.0	1.0
21	55	1.0	12826	148.0	3206500	0.592	1.6892429271376639	0.7563768145663959	0.4483408300326113	1.0
22	55	1.0	12826	165.0	3206500	0.66	1.515191682910981	0.5995003167953781	0.4845384401394341	1.0
23	55	1.0	12826	135.0	3206500	0.54	1.8519182730488772	0.8890204324703253	0.41895455059761905	1.0
24	55	0.0	12826	185.0	3206500	0.74	0.0		1.0	1.0
25	55	1.0	12826	164.0	3206500	0.656	1.5244311320306185	0.6082709763744771	0.4824764880053233	1.0
26	55	0.0	12826	154.0	3206500	0.616	0.0		1.0	1.0
27	55	0.0	12826	185.0	3206500	0.74	0.0		1.0	1.0
28	55	0.0	12826	182.0	3206500	0.728	0.0		1.0	1.0
29	55	0.0	12826	154.0	3206500	0.616	0.0		1.0	1.0
30	55	1.0	12826	191.0	3206500	0.764	1.3089246093710134	0.3883820042206498	0.5353593031707987	1.0
31	55	0.0	12826	174.0	3206500	0.696	0.0		1.0	1.0
32	55	0.0	12826	176.0	3206500	0.704	0.0		1.0	1.0
33	55	0.0	12826	159.0	3206500	0.636	0.0		1.0	1.0
34	55	1.0	12826	148.0	3206500	0.592	1.6892429271376639	0.7563768145663959	0.4483408300326113	1.0
35	55	0.0	12826	180.0	3206500	0.72	0.0		1.0	1.0
36	55	0.0	12826	189.0	3206500	0.756	0.0		1.0	1.0
37	55	0.0	12826	161.0	3206500	0.644	0.0		1.0	1.0
38	55	1.0	12826	171.0	3206500	0.684	1.4620243265734185	0.5479673164441479	0.4967387858121734	1.0
39	55	0.0	12826	146.0	3206500	0.584	0.0		1.0	1.0
40	55	1.0	12826	160.0	3206500	0.64	1.5625438596491228	0.6438966859092626	0.47414587223375637	1.0
41	55	0.0	12826	186.0	3206500	0.744	0.0		1.0	1.0
42	55	0.0	12826	164.0	3206500	0.656	0.0		1.0	1.0
43	55	0.0	12826	158.0	3206500	0.632	0.0		1.0	1.0
44	55	3.0	12826	182.0	3206500	0.728	4.121609264945458	2.0432077415959915	0.03847119589682046	1.0
45	55	0.0	12826	168.0	3206500	0.672	0.0		1.0	1.0
46	55	0.0	12826	157.0	3206500	0.628	0.0		1.0	1.0
47	55	0.0	12826	149.0	3206500	0.596	0.0		1.0	1.0
48	55	1.0	12826	235.0	3206500	0.94	1.0638347642155033	0.08927408753178284	0.6102116874703385	1.0
49	55	0.0	12826	139.0	3206500	0.556	0.0		1.0	1.0
50	55	0.0	12826	162.0	3206500	0.648	0.0		1.0	1.0
51	55	0.0	12826	177.0	3206500	0.708	0.0		1.0	1.0
52	55	0.0	12826	166.0	3206500	0.664	0.0		1.0	1.0
53	55	1.0	12826	175.0	3206500	0.7	1.4286048454469507	0.5146069196874781	0.5047115102035382	1.0
54	55	0.0	12826	154.0	3206500	0.616	0.0		1.0	1.0
55	55	0.0	12826	27.0	3206500	0.108	0.0		1.0	1.0
56	55	0.0	12826	0.0	3206500	0.0			1.0	1.0
57	55	0.0	12826	0.0	3206500	0.0			1.0	1.0
58	55	0.0	12826	0.0	3206500	0.0			1.0	1.0
59	55	0.0	12826	0.0	3206500	0.0			1.0	1.0
60	55	0.0	12826	0.0	3206500	0.0			1.0	1.0
61	55	0.0	12826	0.0	3206500	0.0			1.0	1.0
62	55	0.0	12826	0.0	3206500	0.0			1.0	1.0
63	55	0.0	12826	0.0	3206500	0.0			1.0	1.0
64	55	0.0	12826	0.0	3206500	0.0			1.0	1.0
65	55	0.0	12826	0.0	3206500	0.0			1.0	1.0
66	55	0.0	12826	0.0	3206500	0.0			1.0	1.0
67	55	0.0	12826	0.0	3206500	0.0			1.0	1.0
68	55	0.0	12826	0.0	3206500	0.0			1.0	1.0
69	55	0.0	12826	0.0	3206500	0.0			1.0	1.0
70	55	0.0	12826	0.0	3206500	0.0			1.0	1.0
71	55	0.0	12826	0.0	3206500	0.0			1.0	1.0
72	55	0.0	12826	0.0	3206500	0.0			1.0	1.0
73	55	0.0	12826	0.0	3206500	0.0			1.0	1.0
74	55	0.0	12826	0.0	3206500	0.0			1.0	1.0
75	55	0.0	12826	0.0	3206500	0.0			1.0	1.0
76	55	0.0	12826	0.0	3206500	0.0			1.0	1.0
77	55	0.0	12826	0.0	3206500	0.0			1.0	1.0
78	55	0.0	12826	0.0	3206500	0.0			1.0	1.0
79	55	0.0	12826	0.0	3206500	0.0			1.0	1.0
80	55	0.0	12826	0.0	3206500	0.0			1.0	1.0
81	55	0.0	12826	0.0	3206500	0.0			1.0	1.0
82	55	0.0	12826	0.0	3206500	0.0			1.0	1.0
83	55	0.0	12826	0.0	3206500	0.0			1.0	1.0
84	55	0.0	12826	0.0	3206500	0.0			1.0	1.0
85	55	0.0	12826	0.0	3206500	0.0			1.0	1.0
86	55	0.0	12826	0.0	3206500	0.0			1.0	1.0
87	55	0.0	12826	0.0	3206500	0.0			1.0	1.0
88	55	0.0	12826	0.0	3206500	0.0			1.0	1.0
89	55	0.0	12826	0.0	3206500	0.0			1.0	1.0
90	55	0.0	12826	0.0	3206500	0.0			1.0	1.0
91	55	0.0	12826	0.0	3206500	0.0			1.0	1.0
92	55	0.0	12826	0.0	3206500	0.0			1.0	1.0
93	55	0.0	12826	0.0	3206500	0.0			1.0	1.0
94	55	0.0	12826	0.0	3206500	0.0			1.0	1.0
95	55	0.0	12826	0.0	3206500	0.0			1.0	1.0
96	55	0.0	12826	0.0	3206500	0.0			1.0	1.0
97	55	0.0	12826	0.0	3206500	0.0			1.0	1.0
98	55	0.0	12826	0.0	3206500	0.0			1.0	1.0
99	55	0.0	12826	0.0	3206500	0.0			1.0	1.0
100	55	0.0	12826	0.0	3206500	0.0			1.0	1.0
1	56	2.0	12826	196.0	3206500	0.784	2.551262301551937	1.3512112335912383	0.18704943399493376	1.0
2	56	0.0	12826	190.0	3206500	0.76	0.0		1.0	1.0
3	56	2.0	12826	198.0	3206500	0.792	2.5254903999445486	1.3365635577149815	0.1899138925067489	1.0
4	56	1.0	12826	230.0	3206500	0.92	1.0869633019747436	0.12030323295695555	0.6023527296305409	1.0
5	56	2.0	12826	139.0	3206500	0.556	3.5975273430662833	1.8470056522348484	0.10919067474415893	1.0
6	56	0.0	12826	168.0	3206500	0.672	0.0		1.0	1.0
7	56	0.0	12826	263.0	3206500	1.052	0.0		0.6318149365876808	1.0
8	56	3.0	12826	171.0	3206500	0.684	4.386757074390726	2.133154816392349	0.03300498826721906	1.0
9	56	1.0	12826	193.0	3206500	0.772	1.2953598157743236	0.37335289507786595	0.5390544647829246	1.0
10	56	0.0	12826	189.0	3206500	0.756	0.0		1.0	1.0
11	56	1.0	12826	218.0	3206500	0.872	1.1468004363610351	0.19761435864100593	0.5828386989069511	1.0
12	56	0.0	12826	193.0	3206500	0.772	0.0		1.0	1.0
13	56	0.0	12826	152.0	3206500	0.608	0.0		1.0	1.0
14	56	0.0	12826	167.0	3206500	0.668	0.0		1.0	1.0
15	56	0.0	12826	139.0	3206500	0.556	0.0		1.0	1.0
16	56	0.0	12826	161.0	3206500	0.644	0.0		1.0	1.0
17	56	0.0	12826	162.0	3206500	0.648	0.0		1.0	1.0
18	56	0.0	12826	132.0	3206500	0.528	0.0		1.0	1.0
19	56	0.0	12826	198.0	3206500	0.792	0.0		1.0	1.0
20	56	1.0	12826	175.0	3206500	0.7	1.4286048454469507	0.5146069196874781	0.5047115102035382	1.0
21	56	0.0	12826	200.0	3206500	0.8	0.0		1.0	1.0
22	56	0.0	12826	158.0	3206500	0.632	0.0		1.0	1.0
23	56	0.0	12826	190.0	3206500	0.76	0.0		1.0	1.0
24	56	0.0	12826	190.0	3206500	0.76	0.0		1.0	1.0
25	56	1.0	12826	177.0	3206500	0.708	1.4124615367672162	0.4982115815308481	0.5086503857773916	1.0
26	56	1.0	12826	208.0	3206500	0.832	1.2019388214125055	0.26536346485857076	0.5658475126296655	1.0
27	56	1.0	12826	152.0	3206500	0.608	1.64478711398379	0.7179008669544321	0.45708021861006715	1.0
28	56	0.0	12826	161.0	3206500	0.644	0.0		1.0	1.0
29	56	1.0	12826	199.0	3206500	0.796	1.2563013899908901	0.32918261206757327	0.5499645767584934	1.0
30	56	0.0	12826	159.0	3206500	0.636	0.0		1.0	1.0
31	56	0.0	12826	138.0	3206500	0.552	0.0		1.0	1.0
32	56	1.0	12826	158.0	3206500	0.632	1.5823238828435364	0.6620449325207123	0.46993041537947083	1.0
33	56	0.0	12826	142.0	3206500	0.568	0.0		1.0	1.0
34	56	0.0	12826	151.0	3206500	0.604	0.0		1.0	1.0
35	56	0.0	12826	171.0	3206500	0.684	0.0		1.0	1.0
36	56	0.0	12826	164.0	3206500	0.656	0.0		1.0	1.0
37	56	1.0	12826	155.0	3206500	0.62	1.6129510155316606	0.6897026252743103	0.4635437889911074	1.0
38	56	0.0	12826	122.0	3206500	0.488	0.0		1.0	1.0
39	56	0.0	12826	170.0	3206500	0.68	0.0		1.0	1.0
40	56	0.0	12826	197.0	3206500	0.788	0.0		1.0	1.0
41	56	0.0	12826	139.0	3206500	0.556	0.0		1.0	1.0
42	56	1.0	12826	165.0	3206500	0.66	1.515191682910981	0.5995003167953781	0.4845384401394341	1.0
43	56	0.0	12826	150.0	3206500	0.6	0.0		1.0	1.0
44	56	0.0	12826	151.0	3206500	0.604	0.0		1.0	1.0
45	56	0.0	12826	159.0	3206500	0.636	0.0		1.0	1.0
46	56	0.0	12826	217.0	3206500	0.868	0.0		1.0	1.0
47	56	0.0	12826	138.0	3206500	0.552	0.0		1.0	1.0
48	56	0.0	12826	205.0	3206500	0.82	0.0		1.0	1.0
49	56	0.0	12826	249.0	3206500	0.996	0.0		1.0	1.0
50	56	0.0	12826	148.0	3206500	0.592	0.0		1.0	1.0
51	56	1.0	12826	153.0	3206500	0.612	1.63403636178318	0.7084400877556829	0.4592433485215829	1.0
52	56	1.0	12826	201.0	3206500	0.804	1.2438001027998409	0.3147546415195959	0.5535435953207547	1.0
53	56	1.0	12826	195.0	3206500	0.78	1.282073274353976	0.3584787186853221	0.5427202420628375	1.0
54	56	0.0	12826	180.0	3206500	0.72	0.0		1.0	1.0
55	56	2.0	12826	173.0	3206500	0.692	2.8904681972746187	1.531303199015713	0.15462253186157582	1.0
56	56	0.0	12826	21.0	3206500	0.084	0.0		1.0	1.0
57	56	0.0	12826	0.0	3206500	0.0			1.0	1.0
58	56	0.0	12826	0.0	3206500	0.0			1.0	1.0
59	56	0.0	12826	0.0	3206500	0.0			1.0	1.0
60	56	0.0	12826	0.0	3206500	0.0			1.0	1.0
61	56	0.0	12826	0.0	3206500	0.0			1.0	1.0
62	56	0.0	12826	0.0	3206500	0.0			1.0	1.0
63	56	0.0	12826	0.0	3206500	0.0			1.0	1.0
64	56	0.0	12826	0.0	3206500	0.0			1.0	1.0
65	56	0.0	12826	0.0	3206500	0.0			1.0	1.0
66	56	0.0	12826	0.0	3206500	0.0			1.0	1.0
67	56	0.0	12826	0.0	3206500	0.0			1.0	1.0
68	56	0.0	12826	0.0	3206500	0.0			1.0	1.0
69	56	0.0	12826	0.0	3206500	0.0			1.0	1.0
70	56	0.0	12826	0.0	3206500	0.0			1.0	1.0
71	56	0.0	12826	0.0	3206500	0.0			1.0	1.0
72	56	0.0	12826	0.0	3206500	0.0			1.0	1.0
73	56	0.0	12826	0.0	3206500	0.0			1.0	1.0
74	56	0.0	12826	0.0	3206500	0.0			1.0	1.0
75	56	0.0	12826	0.0	3206500	0.0			1.0	1.0
76	56	0.0	12826	0.0	3206500	0.0			1.0	1.0
77	56	0.0	12826	0.0	3206500	0.0			1.0	1.0
78	56	0.0	12826	0.0	3206500	0.0			1.0	1.0
79	56	0.0	12826	0.0	3206500	0.0			1.0	1.0
80	56	0.0	12826	0.0	3206500	0.0			1.0	1.0
81	56	0.0	12826	0.0	3206500	0.0			1.0	1.0
82	56	0.0	12826	0.0	3206500	0.0			1.0	1.0
83	56	0.0	12826	0.0	3206500	0.0			1.0	1.0
84	56	0.0	12826	0.0	3206500	0.0			1.0	1.0
85	56	0.0	12826	0.0	3206500	0.0			1.0	1.0
86	56	0.0	12826	0.0	3206500	0.0			1.0	1.0
87	56	0.0	12826	0.0	3206500	0.0			1.0	1.0
88	56	0.0	12826	0.0	3206500	0.0			1.0	1.0
89	56	0.0	12826	0.0	3206500	0.0			1.0	1.0
90	56	0.0	12826	0.0	3206500	0.0			1.0	1.0
91	56	0.0	12826	0.0	3206500	0.0			1.0	1.0
92	56	0.0	12826	0.0	3206500	0.0			1.0	1.0
93	56	0.0	12826	0.0	3206500	0.0			1.0	1.0
94	56	0.0	12826	0.0	3206500	0.0			1.0	1.0
95	56	0.0	12826	0.0	3206500	0.0			1.0	1.0
96	56	0.0	12826	0.0	3206500	0.0			1.0	1.0
97	56	0.0	12826	0.0	3206500	0.0			1.0	1.0
98	56	0.0	12826	0.0	3206500	0.0			1.0	1.0
99	56	0.0	12826	0.0	3206500	0.0			1.0	1.0
100	56	0.0	12826	0.0	3206500	0.0			1.0	1.0
1	57	2.0	12826	205.0	3206500	0.82	2.4392488170047018	1.2864369285932304	0.1999838155033815	1.0
2	57	3.0	12826	310.0	3206500	1.24	2.419686903321401	1.2748203812815018	0.13051935802546186	1.0
3	57	1.0	12826	183.0	3206500	0.732	1.3661487659646991	0.4501145936085508	0.5202800739589205	1.0
4	57	1.0	12826	250.0	3206500	1.0	1.0	0.0	1.0	1.0
5	57	1.0	12826	195.0	3206500	0.78	1.282073274353976	0.3584787186853221	0.5427202420628375	1.0
6	57	1.0	12826	203.0	3206500	0.812	1.2315451463908815	0.3004695156000898	0.5570941532613796	1.0
7	57	1.0	12826	177.0	3206500	0.708	1.4124615367672162	0.4982115815308481	0.5086503857773916	1.0
8	57	2.0	12826	179.0	3206500	0.716	2.793575767502971	1.4821129496702972	0.1629783503092277	1.0
9	57	1.0	12826	182.0	3206500	0.728	1.3736555062870852	0.4580202416477899	0.518361084897018	1.0
10	57	1.0	12826	191.0	3206500	0.764	1.3089246093710134	0.3883820042206498	0.5353593031707987	1.0
11	57	1.0	12826	225.0	3206500	0.9	1.1111197747455057	0.1520143424853336	0.5943353306180095	1.0
12	57	1.0	12826	192.0	3206500	0.768	1.3021068875893438	0.3808478815800864	0.537210571599596	1.0
13	57	0.0	12826	220.0	3206500	0.88	0.0		1.0	1.0
14	57	0.0	12826	160.0	3206500	0.64	0.0		1.0	1.0
15	57	0.0	12826	207.0	3206500	0.828	0.0		1.0	1.0
16	57	0.0	12826	174.0	3206500	0.696	0.0		1.0	1.0
17	57	2.0	12826	180.0	3206500	0.72	2.778055035696957	1.474075180651407	0.16437880475091113	1.0
18	57	2.0	12826	176.0	3206500	0.704	2.8411961946350592	1.50649845815683	0.15879014838564315	1.0
19	57	0.0	12826	137.0	3206500	0.548	0.0		1.0	1.0
20	57	1.0	12826	138.0	3206500	0.552	1.811657485097607	0.8573102229006743	0.42587197859037124	1.0
21	57	0.0	12826	160.0	3206500	0.64	0.0		1.0	1.0
22	57	1.0	12826	188.0	3206500	0.752	1.3298129484467671	0.4112233304433867	0.5297609493036123	1.0
23	57	2.0	12826	137.0	3206500	0.548	3.6500482671633026	1.8679155418931255	0.10664305974601472	1.0
24	57	0.0	12826	186.0	3206500	0.744	0.0		1.0	1.0
25	57	1.0	12826	132.0	3206500	0.528	1.8940090968161143	0.9214432600037527	0.4119537843162605	1.0
26	57	0.0	12826	197.0	3206500	0.788	0.0		1.0	1.0
27	57	1.0	12826	173.0	3206500	0.692	1.4451214098187022	0.5311907037884824	0.5007410609985474	1.0
28	57	0.0	12826	183.0	3206500	0.732	0.0		1.0	1.0
29	57	1.0	12826	145.0	3206500	0.58	1.7241943940310547	0.7859224400269341	0.44169409922362796	1.0
30	57	0.0	12826	126.0	3206500	0.504	0.0		1.0	1.0
31	57	0.0	12826	169.0	3206500	0.676	0.0		1.0	1.0
32	57	1.0	12826	136.0	3206500	0.544	1.8383006535947712	0.8783727383235196	0.42126957053799846	1.0
33	57	0.0	12826	173.0	3206500	0.692	0.0		1.0	1.0
34	57	0.0	12826	122.0	3206500	0.488	0.0		1.0	1.0
35	57	0.0	12826	167.0	3206500	0.668	0.0		1.0	1.0
36	57	0.0	12826	152.0	3206500	0.608	0.0		1.0	1.0
37	57	0.0	12826	180.0	3206500	0.72	0.0		1.0	1.0
38	57	0.0	12826	139.0	3206500	0.556	0.0		1.0	1.0
39	57	0.0	12826	174.0	3206500	0.696	0.0		1.0	1.0
40	57	1.0	12826	132.0	3206500	0.528	1.8940090968161143	0.9214432600037527	0.4119537843162605	1.0
41	57	0.0	12826	145.0	3206500	0.58	0.0		1.0	1.0
42	57	1.0	12826	179.0	3206500	0.716	1.3966789724155204	0.48200045444306633	0.5125579393057677	1.0
43	57	0.0	12826	230.0	3206500	0.92	0.0		1.0	1.0
44	57	0.0	12826	164.0	3206500	0.656	0.0		1.0	1.0
45	57	0.0	12826	144.0	3206500	0.576	0.0		1.0	1.0
46	57	0.0	12826	190.0	3206500	0.76	0.0		1.0	1.0
47	57	1.0	12826	169.0	3206500	0.676	1.4793273123637496	0.5649412949521389	0.49270442883162313	1.0
48	57	0.0	12826	179.0	3206500	0.716	0.0		1.0	1.0
49	57	0.0	12826	148.0	3206500	0.592	0.0		1.0	1.0
50	57	1.0	12826	203.0	3206500	0.812	1.2315451463908815	0.3004695156000898	0.5570941532613796	1.0
51	57	0.0	12826	147.0	3206500	0.588	0.0		1.0	1.0
52	57	0.0	12826	197.0	3206500	0.788	0.0		1.0	1.0
53	57	0.0	12826	170.0	3206500	0.68	0.0		1.0	1.0
54	57	0.0	12826	125.0	3206500	0.5	0.0		1.0	1.0
55	57	1.0	12826	212.0	3206500	0.848	1.1792592592592592	0.23788092860545557	0.5727254868288815	1.0
56	57	0.0	12826	130.0	3206500	0.52	0.0		1.0	1.0
57	57	0.0	12826	45.0	3206500	0.18	0.0		1.0	1.0
58	57	0.0	12826	0.0	3206500	0.0			1.0	1.0
59	57	0.0	12826	0.0	3206500	0.0			1.0	1.0
60	57	0.0	12826	0.0	3206500	0.0			1.0	1.0
61	57	0.0	12826	0.0	3206500	0.0			1.0	1.0
62	57	0.0	12826	0.0	3206500	0.0			1.0	1.0
63	57	0.0	12826	0.0	3206500	0.0			1.0	1.0
64	57	0.0	12826	0.0	3206500	0.0			1.0	1.0
65	57	0.0	12826	0.0	3206500	0.0			1.0	1.0
66	57	0.0	12826	0.0	3206500	0.0			1.0	1.0
67	57	0.0	12826	0.0	3206500	0.0			1.0	1.0
68	57	0.0	12826	0.0	3206500	0.0			1.0	1.0
69	57	0.0	12826	0.0	3206500	0.0			1.0	1.0
70	57	0.0	12826	0.0	3206500	0.0			1.0	1.0
71	57	0.0	12826	0.0	3206500	0.0			1.0	1.0
72	57	0.0	12826	0.0	3206500	0.0			1.0	1.0
73	57	0.0	12826	0.0	3206500	0.0			1.0	1.0
74	57	0.0	12826	0.0	3206500	0.0			1.0	1.0
75	57	0.0	12826	0.0	3206500	0.0			1.0	1.0
76	57	0.0	12826	0.0	3206500	0.0			1.0	1.0
77	57	0.0	12826	0.0	3206500	0.0			1.0	1.0
78	57	0.0	12826	0.0	3206500	0.0			1.0	1.0
79	57	0.0	12826	0.0	3206500	0.0			1.0	1.0
80	57	0.0	12826	0.0	3206500	0.0			1.0	1.0
81	57	0.0	12826	0.0	3206500	0.0			1.0	1.0
82	57	0.0	12826	0.0	3206500	0.0			1.0	1.0
83	57	0.0	12826	0.0	3206500	0.0			1.0	1.0
84	57	0.0	12826	0.0	3206500	0.0			1.0	1.0
85	57	0.0	12826	0.0	3206500	0.0			1.0	1.0
86	57	0.0	12826	0.0	3206500	0.0			1.0	1.0
87	57	0.0	12826	0.0	3206500	0.0			1.0	1.0
88	57	0.0	12826	0.0	3206500	0.0			1.0	1.0
89	57	0.0	12826	0.0	3206500	0.0			1.0	1.0
90	57	0.0	12826	0.0	3206500	0.0			1.0	1.0
91	57	0.0	12826	0.0	3206500	0.0			1.0	1.0
92	57	0.0	12826	0.0	3206500	0.0			1.0	1.0
93	57	0.0	12826	0.0	3206500	0.0			1.0	1.0
94	57	0.0	12826	0.0	3206500	0.0			1.0	1.0
95	57	0.0	12826	0.0	3206500	0.0			1.0	1.0
96	57	0.0	12826	0.0	3206500	0.0			1.0	1.0
97	57	0.0	12826	0.0	3206500	0.0			1.0	1.0
98	57	0.0	12826	0.0	3206500	0.0			1.0	1.0
99	57	0.0	12826	0.0	3206500	0.0			1.0	1.0
100	57	0.0	12826	0.0	3206500	0.0			1.0	1.0
1	58	2.0	12826	242.0	3206500	0.968	2.0662819713038054	1.047037142317157	0.2539614419050153	1.0
2	58	0.0	12826	217.0	3206500	0.868	0.0		1.0	1.0
3	58	0.0	12826	219.0	3206500	0.876	0.0		1.0	1.0
4	58	0.0	12826	150.0	3206500	0.6	0.0		1.0	1.0
5	58	0.0	12826	159.0	3206500	0.636	0.0		1.0	1.0
6	58	1.0	12826	170.0	3206500	0.68	1.4706249283339066	0.5564293451445528	0.4947256334335007	1.0
7	58	1.0	12826	157.0	3206500	0.628	1.5924028755540656	0.6712053817565726	0.4678100324504141	1.0
8	58	1.0	12826	212.0	3206500	0.848	1.1792592592592592	0.23788092860545557	0.5727254868288815	1.0
9	58	3.0	12826	186.0	3206500	0.744	4.032967475277538	2.0118417708702427	0.040565899776797955	1.0
10	58	0.0	12826	249.0	3206500	0.996	0.0		1.0	1.0
11	58	0.0	12826	178.0	3206500	0.712	0.0		1.0	1.0
12	58	2.0	12826	193.0	3206500	0.772	2.5909216527301466	1.3734653903050966	0.18276433385812052	1.0
13	58	2.0	12826	186.0	3206500	0.744	2.688435326236425	1.4267667661492722	0.17282484816900778	1.0
14	58	0.0	12826	169.0	3206500	0.676	0.0		1.0	1.0
15	58	0.0	12826	165.0	3206500	0.66	0.0		1.0	1.0
16	58	1.0	12826	195.0	3206500	0.78	1.282073274353976	0.3584787186853221	0.5427202420628375	1.0
17	58	1.0	12826	130.0	3206500	0.52	1.92314889788574	0.9434704662270833	0.40723981195341796	1.0
18	58	1.0	12826	132.0	3206500	0.528	1.8940090968161143	0.9214432600037527	0.4119537843162605	1.0
19	58	0.0	12826	135.0	3206500	0.54	0.0		1.0	1.0
20	58	0.0	12826	154.0	3206500	0.616	0.0		1.0	1.0
21	58	0.0	12826	181.0	3206500	0.724	0.0		1.0	1.0
22	58	0.0	12826	148.0	3206500	0.592	0.0		1.0	1.0
23	58	0.0	12826	150.0	3206500	0.6	0.0		1.0	1.0
24	58	0.0	12826	184.0	3206500	0.736	0.0		1.0	1.0
25	58	2.0	12826	195.0	3206500	0.78	2.564346497752611	1.3585912139125529	0.18561948707253045	1.0
26	58	0.0	12826	159.0	3206500	0.636	0.0		1.0	1.0
27	58	0.0	12826	174.0	3206500	0.696	0.0		1.0	1.0
28	58	2.0	12826	163.0	3206500	0.652	3.0678071024803955	1.6172077719399407	0.14089349946220675	1.0
29	58	0.0	12826	165.0	3206500	0.66	0.0		1.0	1.0
30	58	2.0	12826	144.0	3206500	0.576	3.472607784016081	1.7960194737753472	0.11562870831386687	1.0
31	58	0.0	12826	131.0	3206500	0.524	0.0		1.0	1.0
32	58	0.0	12826	127.0	3206500	0.508	0.0		1.0	1.0
33	58	0.0	12826	159.0	3206500	0.636	0.0		1.0	1.0
34	58	0.0	12826	125.0	3206500	0.5	0.0		1.0	1.0
35	58	0.0	12826	150.0	3206500	0.6	0.0		1.0	1.0
36	58	0.0	12826	175.0	3206500	0.7	0.0		1.0	1.0
37	58	0.0	12826	172.0	3206500	0.688	0.0		1.0	1.0
38	58	0.0	12826	184.0	3206500	0.736	0.0		1.0	1.0
39	58	0.0	12826	142.0	3206500	0.568	0.0		1.0	1.0
40	58	1.0	12826	128.0	3206500	0.512	1.9531993177387914	0.965839179148308	0.4024880539650581	1.0
41	58	0.0	12826	142.0	3206500	0.568	0.0		1.0	1.0
42	58	0.0	12826	183.0	3206500	0.732	0.0		1.0	1.0
43	58	0.0	12826	141.0	3206500	0.564	0.0		1.0	1.0
44	58	0.0	12826	176.0	3206500	0.704	0.0		1.0	1.0
45	58	0.0	12826	220.0	3206500	0.88	0.0		1.0	1.0
46	58	0.0	12826	154.0	3206500	0.616	0.0		1.0	1.0
47	58	1.0	12826	148.0	3206500	0.592	1.6892429271376639	0.7563768145663959	0.4483408300326113	1.0
48	58	1.0	12826	199.0	3206500	0.796	1.2563013899908901	0.32918261206757327	0.5499645767584934	1.0
49	58	0.0	12826	146.0	3206500	0.584	0.0		1.0	1.0
50	58	0.0	12826	144.0	3206500	0.576	0.0		1.0	1.0
51	58	0.0	12826	151.0	3206500	0.604	0.0		1.0	1.0
52	58	0.0	12826	170.0	3206500	0.68	0.0		1.0	1.0
53	58	1.0	12826	136.0	3206500	0.544	1.8383006535947712	0.8783727383235196	0.42126957053799846	1.0
54	58	0.0	12826	134.0	3206500	0.536	0.0		1.0	1.0
55	58	1.0	12826	160.0	3206500	0.64	1.5625438596491228	0.6438966859092626	0.47414587223375637	1.0
56	58	0.0	12826	171.0	3206500	0.684	0.0		1.0	1.0
57	58	1.0	12826	158.0	3206500	0.632	1.5823238828435364	0.6620449325207123	0.46993041537947083	1.0
58	58	0.0	12826	63.0	3206500	0.252	0.0		1.0	1.0
59	58	0.0	12826	0.0	3206500	0.0			1.0	1.0
60	58	0.0	12826	0.0	3206500	0.0			1.0	1.0
61	58	0.0	12826	0.0	3206500	0.0			1.0	1.0
62	58	0.0	12826	0.0	3206500	0.0			1.0	1.0
63	58	0.0	12826	0.0	3206500	0.0			1.0	1.0
64	58	0.0	12826	0.0	3206500	0.0			1.0	1.0
65	58	0.0	12826	0.0	3206500	0.0			1.0	1.0
66	58	0.0	12826	0.0	3206500	0.0			1.0	1.0
67	58	0.0	12826	0.0	3206500	0.0			1.0	1.0
68	58	0.0	12826	0.0	3206500	0.0			1.0	1.0
69	58	0.0	12826	0.0	3206500	0.0			1.0	1.0
70	58	0.0	12826	0.0	3206500	0.0			1.0	1.0
71	58	0.0	12826	0.0	3206500	0.0			1.0	1.0
72	58	0.0	12826	0.0	3206500	0.0			1.0	1.0
73	58	0.0	12826	0.0	3206500	0.0			1.0	1.0
74	58	0.0	12826	0.0	3206500	0.0			1.0	1.0
75	58	0.0	12826	0.0	3206500	0.0			1.0	1.0
76	58	0.0	12826	0.0	3206500	0.0			1.0	1.0
77	58	0.0	12826	0.0	3206500	0.0			1.0	1.0
78	58	0.0	12826	0.0	3206500	0.0			1.0	1.0
79	58	0.0	12826	0.0	3206500	0.0			1.0	1.0
80	58	0.0	12826	0.0	3206500	0.0			1.0	1.0
81	58	0.0	12826	0.0	3206500	0.0			1.0	1.0
82	58	0.0	12826	0.0	3206500	0.0			1.0	1.0
83	58	0.0	12826	0.0	3206500	0.0			1.0	1.0
84	58	0.0	12826	0.0	3206500	0.0			1.0	1.0
85	58	0.0	12826	0.0	3206500	0.0			1.0	1.0
86	58	0.0	12826	0.0	3206500	0.0			1.0	1.0
87	58	0.0	12826	0.0	3206500	0.0			1.0	1.0
88	58	0.0	12826	0.0	3206500	0.0			1.0	1.0
89	58	0.0	12826	0.0	3206500	0.0			1.0	1.0
90	58	0.0	12826	0.0	3206500	0.0			1.0	1.0
91	58	0.0	12826	0.0	3206500	0.0			1.0	1.0
92	58	0.0	12826	0.0	3206500	0.0			1.0	1.0
93	58	0.0	12826	0.0	3206500	0.0			1.0	1.0
94	58	0.0	12826	0.0	3206500	0.0			1.0	1.0
95	58	0.0	12826	0.0	3206500	0.0			1.0	1.0
96	58	0.0	12826	0.0	3206500	0.0			1.0	1.0
97	58	0.0	12826	0.0	3206500	0.0			1.0	1.0
98	58	0.0	12826	0.0	3206500	0.0			1.0	1.0
99	58	0.0	12826	0.0	3206500	0.0			1.0	1.0
100	58	0.0	12826	0.0	3206500	0.0			1.0	1.0
1	59	0.0	12826	236.0	3206500	0.944	0.0		1.0	1.0
2	59	3.0	12826	292.0	3206500	1.168	2.5688601068926875	1.3611283271451362	0.11484102578077	1.0
3	59	1.0	12826	175.0	3206500	0.7	1.4286048454469507	0.5146069196874781	0.5047115102035382	1.0
4	59	0.0	12826	151.0	3206500	0.604	0.0		1.0	1.0
5	59	0.0	12826	142.0	3206500	0.568	0.0		1.0	1.0
6	59	0.0	12826	250.0	3206500	1.0	0.0		0.6313716537747318	1.0
7	59	7.0	12826	245.0	3206500	0.98	7.14621153867585	2.8371786205117053	8.01136443693083e-05	0.016349723340675165
8	59	0.0	12826	161.0	3206500	0.644	0.0		1.0	1.0
9	59	2.0	12826	178.0	3206500	0.712	2.8092708895539964	1.4901957459214874	0.16158006281864773	1.0
10	59	0.0	12826	196.0	3206500	0.784	0.0		1.0	1.0
11	59	0.0	12826	191.0	3206500	0.764	0.0		1.0	1.0
12	59	0.0	12826	180.0	3206500	0.72	0.0		1.0	1.0
13	59	0.0	12826	251.0	3206500	1.004	0.0		0.6313716530617537	1.0
14	59	1.0	12826	132.0	3206500	0.528	1.8940090968161143	0.9214432600037527	0.4119537843162605	1.0
15	59	0.0	12826	159.0	3206500	0.636	0.0		1.0	1.0
16	59	0.0	12826	149.0	3206500	0.596	0.0		1.0	1.0
17	59	0.0	12826	183.0	3206500	0.732	0.0		1.0	1.0
18	59	0.0	12826	151.0	3206500	0.604	0.0		1.0	1.0
19	59	0.0	12826	129.0	3206500	0.516	0.0		1.0	1.0
20	59	0.0	12826	217.0	3206500	0.868	0.0		1.0	1.0
21	59	0.0	12826	166.0	3206500	0.664	0.0		1.0	1.0
22	59	0.0	12826	112.0	3206500	0.448	0.0		1.0	1.0
23	59	0.0	12826	138.0	3206500	0.552	0.0		1.0	1.0
24	59	1.0	12826	125.0	3206500	0.5	2.0000779727095517	1.000056244324324	0.39528890550067347	1.0
25	59	1.0	12826	173.0	3206500	0.692	1.4451214098187022	0.5311907037884824	0.5007410609985474	1.0
26	59	3.0	12826	159.0	3206500	0.636	4.71785073695703	2.238129775411136	0.027540272960826426	1.0
27	59	0.0	12826	133.0	3206500	0.532	0.0		1.0	1.0
28	59	1.0	12826	140.0	3206500	0.56	1.7857755499860763	0.8365507628383001	0.43043778809607613	1.0
29	59	0.0	12826	163.0	3206500	0.652	0.0		1.0	1.0
30	59	1.0	12826	173.0	3206500	0.692	1.4451214098187022	0.5311907037884824	0.5007410609985474	1.0
31	59	1.0	12826	153.0	3206500	0.612	1.63403636178318	0.7084400877556829	0.4592433485215829	1.0
32	59	0.0	12826	139.0	3206500	0.556	0.0		1.0	1.0
33	59	0.0	12826	137.0	3206500	0.548	0.0		1.0	1.0
34	59	0.0	12826	185.0	3206500	0.74	0.0		1.0	1.0
35	59	2.0	12826	164.0	3206500	0.656	3.0491000106507617	1.608383471601708	0.14225435142215742	1.0
36	59	0.0	12826	148.0	3206500	0.592	0.0		1.0	1.0
37	59	0.0	12826	127.0	3206500	0.508	0.0		1.0	1.0
38	59	0.0	12826	133.0	3206500	0.532	0.0		1.0	1.0
39	59	0.0	12826	171.0	3206500	0.684	0.0		1.0	1.0
40	59	0.0	12826	170.0	3206500	0.68	0.0		1.0	1.0
41	59	0.0	12826	158.0	3206500	0.632	0.0		1.0	1.0
42	59	1.0	12826	154.0	3206500	0.616	1.6234252297410192	0.69904093980361	0.46139786065008026	1.0
43	59	0.0	12826	127.0	3206500	0.508	0.0		1.0	1.0
44	59	0.0	12826	143.0	3206500	0.572	0.0		1.0	1.0
45	59	1.0	12826	149.0	3206500	0.596	1.6779052029776156	0.7466612097840627	0.4505387772963598	1.0
46	59	0.0	12826	177.0	3206500	0.708	0.0		1.0	1.0
47	59	0.0	12826	163.0	3206500	0.652	0.0		1.0	1.0
48	59	1.0	12826	183.0	3206500	0.732	1.3661487659646991	0.4501145936085508	0.5202800739589205	1.0
49	59	0.0	12826	171.0	3206500	0.684	0.0		1.0	1.0
50	59	1.0	12826	138.0	3206500	0.552	1.811657485097607	0.8573102229006743	0.42587197859037124	1.0
51	59	0.0	12826	113.0	3206500	0.452	0.0		1.0	1.0
52	59	0.0	12826	141.0	3206500	0.564	0.0		1.0	1.0
53	59	0.0	12826	186.0	3206500	0.744	0.0		1.0	1.0
54	59	0.0	12826	156.0	3206500	0.624	0.0		1.0	1.0
55	59	0.0	12826	157.0	3206500	0.628	0.0		1.0	1.0
56	59	1.0	12826	196.0	3206500	0.784	1.275531686358754	0.3510987383640075	0.5445421849566054	1.0
57	59	2.0	12826	156.0	3206500	0.624	3.2054721115856486	1.6805368569634263	0.13144950397615915	1.0
58	59	1.0	12826	190.0	3206500	0.76	1.3158140966451215	0.39595567388046604	0.5335006296149268	1.0
59	59	0.0	12826	33.0	3206500	0.132	0.0		1.0	1.0
60	59	0.0	12826	0.0	3206500	0.0			1.0	1.0
61	59	0.0	12826	0.0	3206500	0.0			1.0	1.0
62	59	0.0	12826	0.0	3206500	0.0			1.0	1.0
63	59	0.0	12826	0.0	3206500	0.0			1.0	1.0
64	59	0.0	12826	0.0	3206500	0.0			1.0	1.0
65	59	0.0	12826	0.0	3206500	0.0			1.0	1.0
66	59	0.0	12826	0.0	3206500	0.0			1.0	1.0
67	59	0.0	12826	0.0	3206500	0.0			1.0	1.0
68	59	0.0	12826	0.0	3206500	0.0			1.0	1.0
69	59	0.0	12826	0.0	3206500	0.0			1.0	1.0
70	59	0.0	12826	0.0	3206500	0.0			1.0	1.0
71	59	0.0	12826	0.0	3206500	0.0			1.0	1.0
72	59	0.0	12826	0.0	3206500	0.0			1.0	1.0
73	59	0.0	12826	0.0	3206500	0.0			1.0	1.0
74	59	0.0	12826	0.0	3206500	0.0			1.0	1.0
75	59	0.0	12826	0.0	3206500	0.0			1.0	1.0
76	59	0.0	12826	0.0	3206500	0.0			1.0	1.0
77	59	0.0	12826	0.0	3206500	0.0			1.0	1.0
78	59	0.0	12826	0.0	3206500	0.0			1.0	1.0
79	59	0.0	12826	0.0	3206500	0.0			1.0	1.0
80	59	0.0	12826	0.0	3206500	0.0			1.0	1.0
81	59	0.0	12826	0.0	3206500	0.0			1.0	1.0
82	59	0.0	12826	0.0	3206500	0.0			1.0	1.0
83	59	0.0	12826	0.0	3206500	0.0			1.0	1.0
84	59	0.0	12826	0.0	3206500	0.0			1.0	1.0
85	59	0.0	12826	0.0	3206500	0.0			1.0	1.0
86	59	0.0	12826	0.0	3206500	0.0			1.0	1.0
87	59	0.0	12826	0.0	3206500	0.0			1.0	1.0
88	59	0.0	12826	0.0	3206500	0.0			1.0	1.0
89	59	0.0	12826	0.0	3206500	0.0			1.0	1.0
90	59	0.0	12826	0.0	3206500	0.0			1.0	1.0
91	59	0.0	12826	0.0	3206500	0.0			1.0	1.0
92	59	0.0	12826	0.0	3206500	0.0			1.0	1.0
93	59	0.0	12826	0.0	3206500	0.0			1.0	1.0
94	59	0.0	12826	0.0	3206500	0.0			1.0	1.0
95	59	0.0	12826	0.0	3206500	0.0			1.0	1.0
96	59	0.0	12826	0.0	3206500	0.0			1.0	1.0
97	59	0.0	12826	0.0	3206500	0.0			1.0	1.0
98	59	0.0	12826	0.0	3206500	0.0			1.0	1.0
99	59	0.0	12826	0.0	3206500	0.0			1.0	1.0
100	59	0.0	12826	0.0	3206500	0.0			1.0	1.0
1	60	1.0	12826	208.0	3206500	0.832	1.2019388214125055	0.26536346485857076	0.5658475126296655	1.0
2	60	1.0	12826	209.0	3206500	0.836	1.1961875448856059	0.2584436009612388	0.5675773162399309	1.0
3	60	2.0	12826	163.0	3206500	0.652	3.0678071024803955	1.6172077719399407	0.14089349946220675	1.0
4	60	0.0	12826	210.0	3206500	0.84	0.0		1.0	1.0
5	60	1.0	12826	157.0	3206500	0.628	1.5924028755540656	0.6712053817565726	0.4678100324504141	1.0
6	60	1.0	12826	250.0	3206500	1.0	1.0	0.0	1.0	1.0
7	60	0.0	12826	193.0	3206500	0.772	0.0		1.0	1.0
8	60	1.0	12826	216.0	3206500	0.864	1.1574196808894666	0.2109120811719327	0.5794945067166593	1.0
9	60	2.0	12826	205.0	3206500	0.82	2.4392488170047018	1.2864369285932304	0.1999838155033815	1.0
10	60	2.0	12826	206.0	3206500	0.824	2.4274070462542925	1.2794160509583374	0.20142755397503492	1.0
11	60	1.0	12826	155.0	3206500	0.62	1.6129510155316606	0.6897026252743103	0.4635437889911074	1.0
12	60	0.0	12826	178.0	3206500	0.712	0.0		1.0	1.0
13	60	1.0	12826	159.0	3206500	0.636	1.5723716699155295	0.6529422754629348	0.472042350813031	1.0
14	60	1.0	12826	185.0	3206500	0.74	1.3513787471682208	0.43443207146807444	0.5240951470812372	1.0
15	60	0.0	12826	158.0	3206500	0.632	0.0		1.0	1.0
16	60	0.0	12826	167.0	3206500	0.668	0.0		1.0	1.0
17	60	0.0	12826	148.0	3206500	0.592	0.0		1.0	1.0
18	60	0.0	12826	194.0	3206500	0.776	0.0		1.0	1.0
19	60	0.0	12826	136.0	3206500	0.544	0.0		1.0	1.0
20	60	1.0	12826	147.0	3206500	0.588	1.7007349060481893	0.7661582853079627	0.4461340915838696	1.0
21	60	0.0	12826	168.0	3206500	0.672	0.0		1.0	1.0
22	60	1.0	12826	137.0	3206500	0.548	1.8248818315049586	0.8678030466658946	0.4235753674721134	1.0
23	60	2.0	12826	152.0	3206500	0.608	3.2898307449847324	1.7180133621816627	0.12612135611089764	1.0
24	60	1.0	12826	159.0	3206500	0.636	1.5723716699155295	0.6529422754629348	0.472042350813031	1.0
25	60	1.0	12826	162.0	3206500	0.648	1.543252232089139	0.6259738780102488	0.47832780765296323	1.0
26	60	0.0	12826	152.0	3206500	0.608	0.0		1.0	1.0
27	60	1.0	12826	123.0	3206500	0.492	2.032600833610675	1.023326923538538	0.39044135290992626	1.0
28	60	0.0	12826	166.0	3206500	0.664	0.0		1.0	1.0
29	60	0.0	12826	153.0	3206500	0.612	0.0		1.0	1.0
30	60	0.0	12826	133.0	3206500	0.532	0.0		1.0	1.0
31	60	0.0	12826	168.0	3206500	0.672	0.0		1.0	1.0
32	60	0.0	12826	141.0	3206500	0.564	0.0		1.0	1.0
33	60	2.0	12826	134.0	3206500	0.536	3.7317692572694856	1.8998597842377716	0.1028525176192847	1.0
34	60	0.0	12826	155.0	3206500	0.62	0.0		1.0	1.0
35	60	0.0	12826	143.0	3206500	0.572	0.0		1.0	1.0
36	60	0.0	12826	124.0	3206500	0.496	0.0		1.0	1.0
37	60	2.0	12826	139.0	3206500	0.556	3.5975273430662833	1.8470056522348484	0.10919067474415893	1.0
38	60	1.0	12826	173.0	3206500	0.692	1.4451214098187022	0.5311907037884824	0.5007410609985474	1.0
39	60	1.0	12826	173.0	3206500	0.692	1.4451214098187022	0.5311907037884824	0.5007410609985474	1.0
40	60	0.0	12826	156.0	3206500	0.624	0.0		1.0	1.0
41	60	1.0	12826	145.0	3206500	0.58	1.7241943940310547	0.7859224400269341	0.44169409922362796	1.0
42	60	0.0	12826	193.0	3206500	0.772	0.0		1.0	1.0
43	60	0.0	12826	140.0	3206500	0.56	0.0		1.0	1.0
44	60	0.0	12826	177.0	3206500	0.708	0.0		1.0	1.0
45	60	0.0	12826	159.0	3206500	0.636	0.0		1.0	1.0
46	60	1.0	12826	152.0	3206500	0.608	1.64478711398379	0.7179008669544321	0.45708021861006715	1.0
47	60	1.0	12826	125.0	3206500	0.5	2.0000779727095517	1.000056244324324	0.39528890550067347	1.0
48	60	0.0	12826	138.0	3206500	0.552	0.0		1.0	1.0
49	60	0.0	12826	190.0	3206500	0.76	0.0		1.0	1.0
50	60	0.0	12826	152.0	3206500	0.608	0.0		1.0	1.0
51	60	0.0	12826	133.0	3206500	0.532	0.0		1.0	1.0
52	60	2.0	12826	152.0	3206500	0.608	3.2898307449847324	1.7180133621816627	0.12612135611089764	1.0
53	60	1.0	12826	165.0	3206500	0.66	1.515191682910981	0.5995003167953781	0.4845384401394341	1.0
54	60	0.0	12826	178.0	3206500	0.712	0.0		1.0	1.0
55	60	0.0	12826	149.0	3206500	0.596	0.0		1.0	1.0
56	60	0.0	12826	148.0	3206500	0.592	0.0		1.0	1.0
57	60	1.0	12826	174.0	3206500	0.696	1.4368156662409537	0.5228749856238489	0.5027302481206721	1.0
58	60	2.0	12826	201.0	3206500	0.804	2.487794185653144	1.3148671367468268	0.1942214726178445	1.0
59	60	1.0	12826	144.0	3206500	0.576	1.7361685076889755	0.7959069785481164	0.4394607744084946	1.0
60	60	0.0	12826	30.0	3206500	0.12	0.0		1.0	1.0
61	60	0.0	12826	0.0	3206500	0.0			1.0	1.0
62	60	0.0	12826	0.0	3206500	0.0			1.0	1.0
63	60	0.0	12826	0.0	3206500	0.0			1.0	1.0
64	60	0.0	12826	0.0	3206500	0.0			1.0	1.0
65	60	0.0	12826	0.0	3206500	0.0			1.0	1.0
66	60	0.0	12826	0.0	3206500	0.0			1.0	1.0
67	60	0.0	12826	0.0	3206500	0.0			1.0	1.0
68	60	0.0	12826	0.0	3206500	0.0			1.0	1.0
69	60	0.0	12826	0.0	3206500	0.0			1.0	1.0
70	60	0.0	12826	0.0	3206500	0.0			1.0	1.0
71	60	0.0	12826	0.0	3206500	0.0			1.0	1.0
72	60	0.0	12826	0.0	3206500	0.0			1.0	1.0
73	60	0.0	12826	0.0	3206500	0.0			1.0	1.0
74	60	0.0	12826	0.0	3206500	0.0			1.0	1.0
75	60	0.0	12826	0.0	3206500	0.0			1.0	1.0
76	60	0.0	12826	0.0	3206500	0.0			1.0	1.0
77	60	0.0	12826	0.0	3206500	0.0			1.0	1.0
78	60	0.0	12826	0.0	3206500	0.0			1.0	1.0
79	60	0.0	12826	0.0	3206500	0.0			1.0	1.0
80	60	0.0	12826	0.0	3206500	0.0			1.0	1.0
81	60	0.0	12826	0.0	3206500	0.0			1.0	1.0
82	60	0.0	12826	0.0	3206500	0.0			1.0	1.0
83	60	0.0	12826	0.0	3206500	0.0			1.0	1.0
84	60	0.0	12826	0.0	3206500	0.0			1.0	1.0
85	60	0.0	12826	0.0	3206500	0.0			1.0	1.0
86	60	0.0	12826	0.0	3206500	0.0			1.0	1.0
87	60	0.0	12826	0.0	3206500	0.0			1.0	1.0
88	60	0.0	12826	0.0	3206500	0.0			1.0	1.0
89	60	0.0	12826	0.0	3206500	0.0			1.0	1.0
90	60	0.0	12826	0.0	3206500	0.0			1.0	1.0
91	60	0.0	12826	0.0	3206500	0.0			1.0	1.0
92	60	0.0	12826	0.0	3206500	0.0			1.0	1.0
93	60	0.0	12826	0.0	3206500	0.0			1.0	1.0
94	60	0.0	12826	0.0	3206500	0.0			1.0	1.0
95	60	0.0	12826	0.0	3206500	0.0			1.0	1.0
96	60	0.0	12826	0.0	3206500	0.0			1.0	1.0
97	60	0.0	12826	0.0	3206500	0.0			1.0	1.0
98	60	0.0	12826	0.0	3206500	0.0			1.0	1.0
99	60	0.0	12826	0.0	3206500	0.0			1.0	1.0
100	60	0.0	12826	0.0	3206500	0.0			1.0	1.0
1	61	1.0	12826	186.0	3206500	0.744	1.344112850824792	0.42665427092204133	0.5259912919375597	1.0
2	61	5.0	12826	248.0	3206500	0.992	5.041898246576308	2.333967002638923	0.003688460345867099	0.41914322112126123
3	61	0.0	12826	200.0	3206500	0.8	0.0		1.0	1.0
4	61	3.0	12826	156.0	3206500	0.624	4.808583134871835	2.265611861684397	0.026256122695154923	1.0
5	61	1.0	12826	134.0	3206500	0.536	1.8657391405545372	0.8997472890105407	0.4166302707651119	1.0
6	61	1.0	12826	161.0	3206500	0.644	1.5528381339822988	0.6349074527312025	0.4762410134980158	1.0
7	61	0.0	12826	152.0	3206500	0.608	0.0		1.0	1.0
8	61	0.0	12826	155.0	3206500	0.62	0.0		1.0	1.0
9	61	9.0	12826	163.0	3206500	0.652	13.812671629081583	3.78792048568186	4.129897343446355e-08	2.0649486717231773e-05
10	61	1.0	12826	129.0	3206500	0.516	1.9380576333167112	0.9546114737787389	0.404868675050961	1.0
11	61	0.0	12826	143.0	3206500	0.572	0.0		1.0	1.0
12	61	0.0	12826	184.0	3206500	0.736	0.0		1.0	1.0
13	61	0.0	12826	130.0	3206500	0.52	0.0		1.0	1.0
14	61	0.0	12826	118.0	3206500	0.472	0.0		1.0	1.0
15	61	0.0	12826	136.0	3206500	0.544	0.0		1.0	1.0
16	61	1.0	12826	132.0	3206500	0.528	1.8940090968161143	0.9214432600037527	0.4119537843162605	1.0
17	61	0.0	12826	146.0	3206500	0.584	0.0		1.0	1.0
18	61	0.0	12826	148.0	3206500	0.592	0.0		1.0	1.0
19	61	0.0	12826	175.0	3206500	0.7	0.0		1.0	1.0
20	61	0.0	12826	133.0	3206500	0.532	0.0		1.0	1.0
21	61	1.0	12826	156.0	3206500	0.624	1.6026110861198581	0.6804243617361957	0.4656811684058147	1.0
22	61	0.0	12826	166.0	3206500	0.664	0.0		1.0	1.0
23	61	1.0	12826	175.0	3206500	0.7	1.4286048454469507	0.5146069196874781	0.5047115102035382	1.0
24	61	0.0	12826	163.0	3206500	0.652	0.0		1.0	1.0
25	61	0.0	12826	131.0	3206500	0.524	0.0		1.0	1.0
26	61	0.0	12826	148.0	3206500	0.592	0.0		1.0	1.0
27	61	0.0	12826	160.0	3206500	0.64	0.0		1.0	1.0
28	61	0.0	12826	145.0	3206500	0.58	0.0		1.0	1.0
29	61	0.0	12826	119.0	3206500	0.476	0.0		1.0	1.0
30	61	0.0	12826	133.0	3206500	0.532	0.0		1.0	1.0
31	61	0.0	12826	157.0	3206500	0.628	0.0		1.0	1.0
32	61	0.0	12826	151.0	3206500	0.604	0.0		1.0	1.0
33	61	0.0	12826	133.0	3206500	0.532	0.0		1.0	1.0
34	61	0.0	12826	122.0	3206500	0.488	0.0		1.0	1.0
35	61	0.0	12826	105.0	3206500	0.42	0.0		1.0	1.0
36	61	0.0	12826	162.0	3206500	0.648	0.0		1.0	1.0
37	61	2.0	12826	155.0	3206500	0.62	3.2261535829996175	1.6898151205015408	0.13011261640889488	1.0
38	61	0.0	12826	152.0	3206500	0.608	0.0		1.0	1.0
39	61	0.0	12826	191.0	3206500	0.764	0.0		1.0	1.0
40	61	1.0	12826	139.0	3206500	0.556	1.798623417055829	0.8468931570076177	0.4281594400374297	1.0
41	61	1.0	12826	130.0	3206500	0.52	1.92314889788574	0.9434704662270833	0.40723981195341796	1.0
42	61	0.0	12826	150.0	3206500	0.6	0.0		1.0	1.0
43	61	0.0	12826	146.0	3206500	0.584	0.0		1.0	1.0
44	61	0.0	12826	150.0	3206500	0.6	0.0		1.0	1.0
45	61	1.0	12826	134.0	3206500	0.536	1.8657391405545372	0.8997472890105407	0.4166302707651119	1.0
46	61	0.0	12826	146.0	3206500	0.584	0.0		1.0	1.0
47	61	1.0	12826	120.0	3206500	0.48	2.083417803768681	1.0589521831052575	0.38309707078439414	1.0
48	61	0.0	12826	136.0	3206500	0.544	0.0		1.0	1.0
49	61	2.0	12826	178.0	3206500	0.712	2.8092708895539964	1.4901957459214874	0.16158006281864773	1.0
50	61	0.0	12826	127.0	3206500	0.508	0.0		1.0	1.0
51	61	1.0	12826	132.0	3206500	0.528	1.8940090968161143	0.9214432600037527	0.4119537843162605	1.0
52	61	1.0	12826	170.0	3206500	0.68	1.4706249283339066	0.5564293451445528	0.4947256334335007	1.0
53	61	0.0	12826	154.0	3206500	0.616	0.0		1.0	1.0
54	61	0.0	12826	127.0	3206500	0.508	0.0		1.0	1.0
55	61	1.0	12826	173.0	3206500	0.692	1.4451214098187022	0.5311907037884824	0.5007410609985474	1.0
56	61	1.0	12826	145.0	3206500	0.58	1.7241943940310547	0.7859224400269341	0.44169409922362796	1.0
57	61	1.0	12826	149.0	3206500	0.596	1.6779052029776156	0.7466612097840627	0.4505387772963598	1.0
58	61	0.0	12826	213.0	3206500	0.852	0.0		1.0	1.0
59	61	1.0	12826	164.0	3206500	0.656	1.5244311320306185	0.6082709763744771	0.4824764880053233	1.0
60	61	1.0	12826	149.0	3206500	0.596	1.6779052029776156	0.7466612097840627	0.4505387772963598	1.0
61	61	0.0	12826	37.0	3206500	0.148	0.0		1.0	1.0
62	61	0.0	12826	0.0	3206500	0.0			1.0	1.0
63	61	0.0	12826	0.0	3206500	0.0			1.0	1.0
64	61	0.0	12826	0.0	3206500	0.0			1.0	1.0
65	61	0.0	12826	0.0	3206500	0.0			1.0	1.0
66	61	0.0	12826	0.0	3206500	0.0			1.0	1.0
67	61	0.0	12826	0.0	3206500	0.0			1.0	1.0
68	61	0.0	12826	0.0	3206500	0.0			1.0	1.0
69	61	0.0	12826	0.0	3206500	0.0			1.0	1.0
70	61	0.0	12826	0.0	3206500	0.0			1.0	1.0
71	61	0.0	12826	0.0	3206500	0.0			1.0	1.0
72	61	0.0	12826	0.0	3206500	0.0			1.0	1.0
73	61	0.0	12826	0.0	3206500	0.0			1.0	1.0
74	61	0.0	12826	0.0	3206500	0.0			1.0	1.0
75	61	0.0	12826	0.0	3206500	0.0			1.0	1.0
76	61	0.0	12826	0.0	3206500	0.0			1.0	1.0
77	61	0.0	12826	0.0	3206500	0.0			1.0	1.0
78	61	0.0	12826	0.0	3206500	0.0			1.0	1.0
79	61	0.0	12826	0.0	3206500	0.0			1.0	1.0
80	61	0.0	12826	0.0	3206500	0.0			1.0	1.0
81	61	0.0	12826	0.0	3206500	0.0			1.0	1.0
82	61	0.0	12826	0.0	3206500	0.0			1.0	1.0
83	61	0.0	12826	0.0	3206500	0.0			1.0	1.0
84	61	0.0	12826	0.0	3206500	0.0			1.0	1.0
85	61	0.0	12826	0.0	3206500	0.0			1.0	1.0
86	61	0.0	12826	0.0	3206500	0.0			1.0	1.0
87	61	0.0	12826	0.0	3206500	0.0			1.0	1.0
88	61	0.0	12826	0.0	3206500	0.0			1.0	1.0
89	61	0.0	12826	0.0	3206500	0.0			1.0	1.0
90	61	0.0	12826	0.0	3206500	0.0			1.0	1.0
91	61	0.0	12826	0.0	3206500	0.0			1.0	1.0
92	61	0.0	12826	0.0	3206500	0.0			1.0	1.0
93	61	0.0	12826	0.0	3206500	0.0			1.0	1.0
94	61	0.0	12826	0.0	3206500	0.0			1.0	1.0
95	61	0.0	12826	0.0	3206500	0.0			1.0	1.0
96	61	0.0	12826	0.0	3206500	0.0			1.0	1.0
97	61	0.0	12826	0.0	3206500	0.0			1.0	1.0
98	61	0.0	12826	0.0	3206500	0.0			1.0	1.0
99	61	0.0	12826	0.0	3206500	0.0			1.0	1.0
100	61	0.0	12826	0.0	3206500	0.0			1.0	1.0
1	62	2.0	12826	245.0	3206500	0.98	2.040978649725642	1.029261090701821	0.25836625685948195	1.0
2	62	1.0	12826	177.0	3206500	0.708	1.4124615367672162	0.4982115815308481	0.5086503857773916	1.0
3	62	0.0	12826	151.0	3206500	0.604	0.0		1.0	1.0
4	62	0.0	12826	160.0	3206500	0.64	0.0		1.0	1.0
5	62	0.0	12826	152.0	3206500	0.608	0.0		1.0	1.0
6	62	0.0	12826	165.0	3206500	0.66	0.0		1.0	1.0
7	62	1.0	12826	137.0	3206500	0.548	1.8248818315049586	0.8678030466658946	0.4235753674721134	1.0
8	62	0.0	12826	156.0	3206500	0.624	0.0		1.0	1.0
9	62	1.0	12826	132.0	3206500	0.528	1.8940090968161143	0.9214432600037527	0.4119537843162605	1.0
10	62	0.0	12826	164.0	3206500	0.656	0.0		1.0	1.0
11	62	0.0	12826	145.0	3206500	0.58	0.0		1.0	1.0
12	62	0.0	12826	144.0	3206500	0.576	0.0		1.0	1.0
13	62	0.0	12826	124.0	3206500	0.496	0.0		1.0	1.0
14	62	0.0	12826	136.0	3206500	0.544	0.0		1.0	1.0
15	62	0.0	12826	146.0	3206500	0.584	0.0		1.0	1.0
16	62	0.0	12826	136.0	3206500	0.544	0.0		1.0	1.0
17	62	0.0	12826	118.0	3206500	0.472	0.0		1.0	1.0
18	62	0.0	12826	165.0	3206500	0.66	0.0		1.0	1.0
19	62	1.0	12826	144.0	3206500	0.576	1.7361685076889755	0.7959069785481164	0.4394607744084946	1.0
20	62	0.0	12826	147.0	3206500	0.588	0.0		1.0	1.0
21	62	0.0	12826	133.0	3206500	0.532	0.0		1.0	1.0
22	62	0.0	12826	150.0	3206500	0.6	0.0		1.0	1.0
23	62	0.0	12826	140.0	3206500	0.56	0.0		1.0	1.0
24	62	0.0	12826	127.0	3206500	0.508	0.0		1.0	1.0
25	62	0.0	12826	155.0	3206500	0.62	0.0		1.0	1.0
26	62	0.0	12826	107.0	3206500	0.428	0.0		1.0	1.0
27	62	0.0	12826	123.0	3206500	0.492	0.0		1.0	1.0
28	62	0.0	12826	114.0	3206500	0.456	0.0		1.0	1.0
29	62	0.0	12826	113.0	3206500	0.452	0.0		1.0	1.0
30	62	0.0	12826	93.0	3206500	0.372	0.0		1.0	1.0
31	62	0.0	12826	116.0	3206500	0.464	0.0		1.0	1.0
32	62	0.0	12826	112.0	3206500	0.448	0.0		1.0	1.0
33	62	0.0	12826	139.0	3206500	0.556	0.0		1.0	1.0
34	62	0.0	12826	123.0	3206500	0.492	0.0		1.0	1.0
35	62	0.0	12826	98.0	3206500	0.392	0.0		1.0	1.0
36	62	0.0	12826	122.0	3206500	0.488	0.0		1.0	1.0
37	62	0.0	12826	160.0	3206500	0.64	0.0		1.0	1.0
38	62	0.0	12826	125.0	3206500	0.5	0.0		1.0	1.0
39	62	0.0	12826	118.0	3206500	0.472	0.0		1.0	1.0
40	62	0.0	12826	129.0	3206500	0.516	0.0		1.0	1.0
41	62	0.0	12826	123.0	3206500	0.492	0.0		1.0	1.0
42	62	0.0	12826	134.0	3206500	0.536	0.0		1.0	1.0
43	62	0.0	12826	127.0	3206500	0.508	0.0		1.0	1.0
44	62	0.0	12826	157.0	3206500	0.628	0.0		1.0	1.0
45	62	0.0	12826	127.0	3206500	0.508	0.0		1.0	1.0
46	62	0.0	12826	124.0	3206500	0.496	0.0		1.0	1.0
47	62	1.0	12826	122.0	3206500	0.488	2.0492621353018246	1.0351045412603646	0.38800302465416536	1.0
48	62	0.0	12826	137.0	3206500	0.548	0.0		1.0	1.0
49	62	0.0	12826	150.0	3206500	0.6	0.0		1.0	1.0
50	62	0.0	12826	142.0	3206500	0.568	0.0		1.0	1.0
51	62	0.0	12826	141.0	3206500	0.564	0.0		1.0	1.0
52	62	0.0	12826	124.0	3206500	0.496	0.0		1.0	1.0
53	62	2.0	12826	140.0	3206500	0.56	3.571829605204527	1.8366632580655307	0.11047049994680144	1.0
54	62	0.0	12826	244.0	3206500	0.976	0.0		1.0	1.0
55	62	0.0	12826	196.0	3206500	0.784	0.0		1.0	1.0
56	62	0.0	12826	119.0	3206500	0.476	0.0		1.0	1.0
57	62	0.0	12826	108.0	3206500	0.432	0.0		1.0	1.0
58	62	0.0	12826	139.0	3206500	0.556	0.0		1.0	1.0
59	62	0.0	12826	97.0	3206500	0.388	0.0		1.0	1.0
60	62	0.0	12826	154.0	3206500	0.616	0.0		1.0	1.0
61	62	0.0	12826	161.0	3206500	0.644	0.0		1.0	1.0
62	62	1.0	12826	24.0	3206500	0.096	10.41740090968161	3.3809234720777313	0.09498241494503976	1.0
63	62	0.0	12826	0.0	3206500	0.0			1.0	1.0
64	62	0.0	12826	0.0	3206500	0.0			1.0	1.0
65	62	0.0	12826	0.0	3206500	0.0			1.0	1.0
66	62	0.0	12826	0.0	3206500	0.0			1.0	1.0
67	62	0.0	12826	0.0	3206500	0.0			1.0	1.0
68	62	0.0	12826	0.0	3206500	0.0			1.0	1.0
69	62	0.0	12826	0.0	3206500	0.0			1.0	1.0
70	62	0.0	12826	0.0	3206500	0.0			1.0	1.0
71	62	0.0	12826	0.0	3206500	0.0			1.0	1.0
72	62	0.0	12826	0.0	3206500	0.0			1.0	1.0
73	62	0.0	12826	0.0	3206500	0.0			1.0	1.0
74	62	0.0	12826	0.0	3206500	0.0			1.0	1.0
75	62	0.0	12826	0.0	3206500	0.0			1.0	1.0
76	62	0.0	12826	0.0	3206500	0.0			1.0	1.0
77	62	0.0	12826	0.0	3206500	0.0			1.0	1.0
78	62	0.0	12826	0.0	3206500	0.0			1.0	1.0
79	62	0.0	12826	0.0	3206500	0.0			1.0	1.0
80	62	0.0	12826	0.0	3206500	0.0			1.0	1.0
81	62	0.0	12826	0.0	3206500	0.0			1.0	1.0
82	62	0.0	12826	0.0	3206500	0.0			1.0	1.0
83	62	0.0	12826	0.0	3206500	0.0			1.0	1.0
84	62	0.0	12826	0.0	3206500	0.0			1.0	1.0
85	62	0.0	12826	0.0	3206500	0.0			1.0	1.0
86	62	0.0	12826	0.0	3206500	0.0			1.0	1.0
87	62	0.0	12826	0.0	3206500	0.0			1.0	1.0
88	62	0.0	12826	0.0	3206500	0.0			1.0	1.0
89	62	0.0	12826	0.0	3206500	0.0			1.0	1.0
90	62	0.0	12826	0.0	3206500	0.0			1.0	1.0
91	62	0.0	12826	0.0	3206500	0.0			1.0	1.0
92	62	0.0	12826	0.0	3206500	0.0			1.0	1.0
93	62	0.0	12826	0.0	3206500	0.0			1.0	1.0
94	62	0.0	12826	0.0	3206500	0.0			1.0	1.0
95	62	0.0	12826	0.0	3206500	0.0			1.0	1.0
96	62	0.0	12826	0.0	3206500	0.0			1.0	1.0
97	62	0.0	12826	0.0	3206500	0.0			1.0	1.0
98	62	0.0	12826	0.0	3206500	0.0			1.0	1.0
99	62	0.0	12826	0.0	3206500	0.0			1.0	1.0
100	62	0.0	12826	0.0	3206500	0.0			1.0	1.0
1	63	2.0	12826	230.0	3206500	0.92	2.17409612411511	1.1204157281841862	0.23636423936488327	1.0
2	63	4.0	12826	204.0	3206500	0.816	4.903178054875046	2.293717152857742	0.010041678953990893	0.94363576841739
3	63	1.0	12826	150.0	3206500	0.6	1.6667186484730345	0.7370105898010815	0.4527279677546544	1.0
4	63	0.0	12826	141.0	3206500	0.564	0.0		1.0	1.0
5	63	0.0	12826	168.0	3206500	0.672	0.0		1.0	1.0
6	63	1.0	12826	160.0	3206500	0.64	1.5625438596491228	0.6438966859092626	0.47414587223375637	1.0
7	63	0.0	12826	126.0	3206500	0.504	0.0		1.0	1.0
8	63	0.0	12826	165.0	3206500	0.66	0.0		1.0	1.0
9	63	1.0	12826	138.0	3206500	0.552	1.811657485097607	0.8573102229006743	0.42587197859037124	1.0
10	63	0.0	12826	139.0	3206500	0.556	0.0		1.0	1.0
11	63	1.0	12826	116.0	3206500	0.464	2.1552624857162064	1.1078635833655701	0.3731668737609993	1.0
12	63	0.0	12826	155.0	3206500	0.62	0.0		1.0	1.0
13	63	0.0	12826	143.0	3206500	0.572	0.0		1.0	1.0
14	63	0.0	12826	133.0	3206500	0.532	0.0		1.0	1.0
15	63	0.0	12826	122.0	3206500	0.488	0.0		1.0	1.0
16	63	0.0	12826	152.0	3206500	0.608	0.0		1.0	1.0
17	63	0.0	12826	129.0	3206500	0.516	0.0		1.0	1.0
18	63	1.0	12826	136.0	3206500	0.544	1.8383006535947712	0.8783727383235196	0.42126957053799846	1.0
19	63	0.0	12826	106.0	3206500	0.424	0.0		1.0	1.0
20	63	1.0	12826	140.0	3206500	0.56	1.7857755499860763	0.8365507628383001	0.43043778809607613	1.0
21	63	0.0	12826	157.0	3206500	0.628	0.0		1.0	1.0
22	63	0.0	12826	97.0	3206500	0.388	0.0		1.0	1.0
23	63	0.0	12826	129.0	3206500	0.516	0.0		1.0	1.0
24	63	0.0	12826	134.0	3206500	0.536	0.0		1.0	1.0
25	63	0.0	12826	134.0	3206500	0.536	0.0		1.0	1.0
26	63	0.0	12826	122.0	3206500	0.488	0.0		1.0	1.0
27	63	0.0	12826	122.0	3206500	0.488	0.0		1.0	1.0
28	63	0.0	12826	119.0	3206500	0.476	0.0		1.0	1.0
29	63	0.0	12826	164.0	3206500	0.656	0.0		1.0	1.0
30	63	0.0	12826	99.0	3206500	0.396	0.0		1.0	1.0
31	63	0.0	12826	115.0	3206500	0.46	0.0		1.0	1.0
32	63	0.0	12826	131.0	3206500	0.524	0.0		1.0	1.0
33	63	0.0	12826	127.0	3206500	0.508	0.0		1.0	1.0
34	63	0.0	12826	143.0	3206500	0.572	0.0		1.0	1.0
35	63	0.0	12826	115.0	3206500	0.46	0.0		1.0	1.0
36	63	1.0	12826	147.0	3206500	0.588	1.7007349060481893	0.7661582853079627	0.4461340915838696	1.0
37	63	0.0	12826	131.0	3206500	0.524	0.0		1.0	1.0
38	63	1.0	12826	121.0	3206500	0.484	2.066198830409357	1.0469790914939892	0.3855549436215817	1.0
39	63	0.0	12826	118.0	3206500	0.472	0.0		1.0	1.0
40	63	0.0	12826	106.0	3206500	0.424	0.0		1.0	1.0
41	63	0.0	12826	106.0	3206500	0.424	0.0		1.0	1.0
42	63	0.0	12826	128.0	3206500	0.512	0.0		1.0	1.0
43	63	0.0	12826	132.0	3206500	0.528	0.0		1.0	1.0
44	63	0.0	12826	137.0	3206500	0.548	0.0		1.0	1.0
45	63	1.0	12826	125.0	3206500	0.5	2.0000779727095517	1.000056244324324	0.39528890550067347	1.0
46	63	0.0	12826	120.0	3206500	0.48	0.0		1.0	1.0
47	63	0.0	12826	115.0	3206500	0.46	0.0		1.0	1.0
48	63	0.0	12826	124.0	3206500	0.496	0.0		1.0	1.0
49	63	1.0	12826	142.0	3206500	0.568	1.7606226834692364	0.8160857603824463	0.434967290678453	1.0
50	63	0.0	12826	130.0	3206500	0.52	0.0		1.0	1.0
51	63	0.0	12826	143.0	3206500	0.572	0.0		1.0	1.0
52	63	0.0	12826	216.0	3206500	0.864	0.0		1.0	1.0
53	63	0.0	12826	148.0	3206500	0.592	0.0		1.0	1.0
54	63	0.0	12826	129.0	3206500	0.516	0.0		1.0	1.0
55	63	3.0	12826	116.0	3206500	0.464	6.466795924349297	2.6930510833137715	0.012285538574352859	1.0
56	63	0.0	12826	110.0	3206500	0.44	0.0		1.0	1.0
57	63	2.0	12826	128.0	3206500	0.512	3.9067032517155336	1.9659516743755387	0.09538793548576552	1.0
58	63	1.0	12826	153.0	3206500	0.612	1.63403636178318	0.7084400877556829	0.4592433485215829	1.0
59	63	0.0	12826	136.0	3206500	0.544	0.0		1.0	1.0
60	63	1.0	12826	113.0	3206500	0.452	2.2124839138160053	1.1456669659110057	0.36561447613271564	1.0
61	63	3.0	12826	139.0	3206500	0.556	5.396711843657726	2.4320806569558187	0.019602907598003774	1.0
62	63	1.0	12826	151.0	3206500	0.604	1.6556802602532823	0.7274240910224813	0.45490843645199724	1.0
63	63	0.0	12826	18.0	3206500	0.072	0.0		1.0	1.0
64	63	0.0	12826	0.0	3206500	0.0			1.0	1.0
65	63	0.0	12826	0.0	3206500	0.0			1.0	1.0
66	63	0.0	12826	0.0	3206500	0.0			1.0	1.0
67	63	0.0	12826	0.0	3206500	0.0			1.0	1.0
68	63	0.0	12826	0.0	3206500	0.0			1.0	1.0
69	63	0.0	12826	0.0	3206500	0.0			1.0	1.0
70	63	0.0	12826	0.0	3206500	0.0			1.0	1.0
71	63	0.0	12826	0.0	3206500	0.0			1.0	1.0
72	63	0.0	12826	0.0	3206500	0.0			1.0	1.0
73	63	0.0	12826	0.0	3206500	0.0			1.0	1.0
74	63	0.0	12826	0.0	3206500	0.0			1.0	1.0
75	63	0.0	12826	0.0	3206500	0.0			1.0	1.0
76	63	0.0	12826	0.0	3206500	0.0			1.0	1.0
77	63	0.0	12826	0.0	3206500	0.0			1.0	1.0
78	63	0.0	12826	0.0	3206500	0.0			1.0	1.0
79	63	0.0	12826	0.0	3206500	0.0			1.0	1.0
80	63	0.0	12826	0.0	3206500	0.0			1.0	1.0
81	63	0.0	12826	0.0	3206500	0.0			1.0	1.0
82	63	0.0	12826	0.0	3206500	0.0			1.0	1.0
83	63	0.0	12826	0.0	3206500	0.0			1.0	1.0
84	63	0.0	12826	0.0	3206500	0.0			1.0	1.0
85	63	0.0	12826	0.0	3206500	0.0			1.0	1.0
86	63	0.0	12826	0.0	3206500	0.0			1.0	1.0
87	63	0.0	12826	0.0	3206500	0.0			1.0	1.0
88	63	0.0	12826	0.0	3206500	0.0			1.0	1.0
89	63	0.0	12826	0.0	3206500	0.0			1.0	1.0
90	63	0.0	12826	0.0	3206500	0.0			1.0	1.0
91	63	0.0	12826	0.0	3206500	0.0			1.0	1.0
92	63	0.0	12826	0.0	3206500	0.0			1.0	1.0
93	63	0.0	12826	0.0	3206500	0.0			1.0	1.0
94	63	0.0	12826	0.0	3206500	0.0			1.0	1.0
95	63	0.0	12826	0.0	3206500	0.0			1.0	1.0
96	63	0.0	12826	0.0	3206500	0.0			1.0	1.0
97	63	0.0	12826	0.0	3206500	0.0			1.0	1.0
98	63	0.0	12826	0.0	3206500	0.0			1.0	1.0
99	63	0.0	12826	0.0	3206500	0.0			1.0	1.0
100	63	0.0	12826	0.0	3206500	0.0			1.0	1.0
1	64	1.0	12826	172.0	3206500	0.688	1.4535237318101455	0.5395546266755986	0.498743917682812	1.0
2	64	0.0	12826	163.0	3206500	0.652	0.0		1.0	1.0
3	64	0.0	12826	191.0	3206500	0.764	0.0		1.0	1.0
4	64	1.0	12826	170.0	3206500	0.68	1.4706249283339066	0.5564293451445528	0.4947256334335007	1.0
5	64	1.0	12826	143.0	3206500	0.572	1.748310091467986	0.8059610931604593	0.4372185170634336	1.0
6	64	0.0	12826	134.0	3206500	0.536	0.0		1.0	1.0
7	64	1.0	12826	154.0	3206500	0.616	1.6234252297410192	0.69904093980361	0.46139786065008026	1.0
8	64	3.0	12826	132.0	3206500	0.528	5.682913514778133	2.506630759951954	0.017171737377221167	1.0
9	64	1.0	12826	162.0	3206500	0.648	1.543252232089139	0.6259738780102488	0.47832780765296323	1.0
10	64	0.0	12826	186.0	3206500	0.744	0.0		1.0	1.0
11	64	0.0	12826	120.0	3206500	0.48	0.0		1.0	1.0
12	64	0.0	12826	152.0	3206500	0.608	0.0		1.0	1.0
13	64	0.0	12826	119.0	3206500	0.476	0.0		1.0	1.0
14	64	0.0	12826	117.0	3206500	0.468	0.0		1.0	1.0
15	64	0.0	12826	123.0	3206500	0.492	0.0		1.0	1.0
16	64	0.0	12826	119.0	3206500	0.476	0.0		1.0	1.0
17	64	1.0	12826	167.0	3206500	0.668	1.4970447409275016	0.582117338663987	0.4886377334593176	1.0
18	64	0.0	12826	121.0	3206500	0.484	0.0		1.0	1.0
19	64	0.0	12826	150.0	3206500	0.6	0.0		1.0	1.0
20	64	0.0	12826	142.0	3206500	0.568	0.0		1.0	1.0
21	64	0.0	12826	140.0	3206500	0.56	0.0		1.0	1.0
22	64	0.0	12826	115.0	3206500	0.46	0.0		1.0	1.0
23	64	1.0	12826	121.0	3206500	0.484	2.066198830409357	1.0469790914939892	0.3855549436215817	1.0
24	64	0.0	12826	134.0	3206500	0.536	0.0		1.0	1.0
25	64	1.0	12826	139.0	3206500	0.556	1.798623417055829	0.8468931570076177	0.4281594400374297	1.0
26	64	0.0	12826	128.0	3206500	0.512	0.0		1.0	1.0
27	64	1.0	12826	132.0	3206500	0.528	1.8940090968161143	0.9214432600037527	0.4119537843162605	1.0
28	64	1.0	12826	141.0	3206500	0.564	1.77310992216554	0.826281977436474	0.43270705984821434	1.0
29	64	1.0	12826	109.0	3206500	0.436	2.293678845431622	1.197663403324704	0.3554028869635475	1.0
30	64	0.0	12826	134.0	3206500	0.536	0.0		1.0	1.0
31	64	0.0	12826	123.0	3206500	0.492	0.0		1.0	1.0
32	64	0.0	12826	111.0	3206500	0.444	0.0		1.0	1.0
33	64	0.0	12826	129.0	3206500	0.516	0.0		1.0	1.0
34	64	0.0	12826	101.0	3206500	0.404	0.0		1.0	1.0
35	64	0.0	12826	120.0	3206500	0.48	0.0		1.0	1.0
36	64	0.0	12826	124.0	3206500	0.496	0.0		1.0	1.0
37	64	0.0	12826	143.0	3206500	0.572	0.0		1.0	1.0
38	64	0.0	12826	142.0	3206500	0.568	0.0		1.0	1.0
39	64	1.0	12826	128.0	3206500	0.512	1.9531993177387914	0.965839179148308	0.4024880539650581	1.0
40	64	0.0	12826	136.0	3206500	0.544	0.0		1.0	1.0
41	64	1.0	12826	107.0	3206500	0.428	2.336552804649214	1.22438164158736	0.3502356216378729	1.0
42	64	0.0	12826	123.0	3206500	0.492	0.0		1.0	1.0
43	64	0.0	12826	126.0	3206500	0.504	0.0		1.0	1.0
44	64	0.0	12826	109.0	3206500	0.436	0.0		1.0	1.0
45	64	0.0	12826	129.0	3206500	0.516	0.0		1.0	1.0
46	64	0.0	12826	134.0	3206500	0.536	0.0		1.0	1.0
47	64	1.0	12826	125.0	3206500	0.5	2.0000779727095517	1.000056244324324	0.39528890550067347	1.0
48	64	0.0	12826	125.0	3206500	0.5	0.0		1.0	1.0
49	64	0.0	12826	150.0	3206500	0.6	0.0		1.0	1.0
50	64	0.0	12826	133.0	3206500	0.532	0.0		1.0	1.0
51	64	0.0	12826	125.0	3206500	0.5	0.0		1.0	1.0
52	64	0.0	12826	172.0	3206500	0.688	0.0		1.0	1.0
53	64	0.0	12826	133.0	3206500	0.532	0.0		1.0	1.0
54	64	0.0	12826	115.0	3206500	0.46	0.0		1.0	1.0
55	64	0.0	12826	145.0	3206500	0.58	0.0		1.0	1.0
56	64	0.0	12826	101.0	3206500	0.404	0.0		1.0	1.0
57	64	1.0	12826	171.0	3206500	0.684	1.4620243265734185	0.5479673164441479	0.4967387858121734	1.0
58	64	0.0	12826	105.0	3206500	0.42	0.0		1.0	1.0
59	64	0.0	12826	132.0	3206500	0.528	0.0		1.0	1.0
60	64	0.0	12826	150.0	3206500	0.6	0.0		1.0	1.0
61	64	0.0	12826	182.0	3206500	0.728	0.0		1.0	1.0
62	64	0.0	12826	168.0	3206500	0.672	0.0		1.0	1.0
63	64	1.0	12826	153.0	3206500	0.612	1.63403636178318	0.7084400877556829	0.4592433485215829	1.0
64	64	0.0	12826	28.0	3206500	0.112	0.0		1.0	1.0
65	64	0.0	12826	0.0	3206500	0.0			1.0	1.0
66	64	0.0	12826	0.0	3206500	0.0			1.0	1.0
67	64	0.0	12826	0.0	3206500	0.0			1.0	1.0
68	64	0.0	12826	0.0	3206500	0.0			1.0	1.0
69	64	0.0	12826	0.0	3206500	0.0			1.0	1.0
70	64	0.0	12826	0.0	3206500	0.0			1.0	1.0
71	64	0.0	12826	0.0	3206500	0.0			1.0	1.0
72	64	0.0	12826	0.0	3206500	0.0			1.0	1.0
73	64	0.0	12826	0.0	3206500	0.0			1.0	1.0
74	64	0.0	12826	0.0	3206500	0.0			1.0	1.0
75	64	0.0	12826	0.0	3206500	0.0			1.0	1.0
76	64	0.0	12826	0.0	3206500	0.0			1.0	1.0
77	64	0.0	12826	0.0	3206500	0.0			1.0	1.0
78	64	0.0	12826	0.0	3206500	0.0			1.0	1.0
79	64	0.0	12826	0.0	3206500	0.0			1.0	1.0
80	64	0.0	12826	0.0	3206500	0.0			1.0	1.0
81	64	0.0	12826	0.0	3206500	0.0			1.0	1.0
82	64	0.0	12826	0.0	3206500	0.0			1.0	1.0
83	64	0.0	12826	0.0	3206500	0.0			1.0	1.0
84	64	0.0	12826	0.0	3206500	0.0			1.0	1.0
85	64	0.0	12826	0.0	3206500	0.0			1.0	1.0
86	64	0.0	12826	0.0	3206500	0.0			1.0	1.0
87	64	0.0	12826	0.0	3206500	0.0			1.0	1.0
88	64	0.0	12826	0.0	3206500	0.0			1.0	1.0
89	64	0.0	12826	0.0	3206500	0.0			1.0	1.0
90	64	0.0	12826	0.0	3206500	0.0			1.0	1.0
91	64	0.0	12826	0.0	3206500	0.0			1.0	1.0
92	64	0.0	12826	0.0	3206500	0.0			1.0	1.0
93	64	0.0	12826	0.0	3206500	0.0			1.0	1.0
94	64	0.0	12826	0.0	3206500	0.0			1.0	1.0
95	64	0.0	12826	0.0	3206500	0.0			1.0	1.0
96	64	0.0	12826	0.0	3206500	0.0			1.0	1.0
97	64	0.0	12826	0.0	3206500	0.0			1.0	1.0
98	64	0.0	12826	0.0	3206500	0.0			1.0	1.0
99	64	0.0	12826	0.0	3206500	0.0			1.0	1.0
100	64	0.0	12826	0.0	3206500	0.0			1.0	1.0
1	65	1.0	12826	161.0	3206500	0.644	1.5528381339822988	0.6349074527312025	0.4762410134980158	1.0
2	65	1.0	12826	193.0	3206500	0.772	1.2953598157743236	0.37335289507786595	0.5390544647829246	1.0
3	65	0.0	12826	172.0	3206500	0.688	0.0		1.0	1.0
4	65	2.0	12826	129.0	3206500	0.516	3.87641752141092	1.9547239690059695	0.09662088009265554	1.0
5	65	1.0	12826	139.0	3206500	0.556	1.798623417055829	0.8468931570076177	0.4281594400374297	1.0
6	65	0.0	12826	146.0	3206500	0.584	0.0		1.0	1.0
7	65	0.0	12826	128.0	3206500	0.512	0.0		1.0	1.0
8	65	3.0	12826	156.0	3206500	0.624	4.808583134871835	2.265611861684397	0.026256122695154923	1.0
9	65	1.0	12826	111.0	3206500	0.444	2.2523498937534026	1.1714309618640866	0.3605290631857692	1.0
10	65	0.0	12826	164.0	3206500	0.656	0.0		1.0	1.0
11	65	2.0	12826	116.0	3206500	0.464	4.3108611009529545	2.1079760785928006	0.08096710803100003	1.0
12	65	1.0	12826	126.0	3206500	0.504	1.9842037191744795	0.9885601555406006	0.39769820763218666	1.0
13	65	0.0	12826	140.0	3206500	0.56	0.0		1.0	1.0
14	65	0.0	12826	165.0	3206500	0.66	0.0		1.0	1.0
15	65	1.0	12826	127.0	3206500	0.508	1.968579453884054	0.9771549423223168	0.4000979107598677	1.0
16	65	0.0	12826	117.0	3206500	0.468	0.0		1.0	1.0
17	65	0.0	12826	116.0	3206500	0.464	0.0		1.0	1.0
18	65	0.0	12826	125.0	3206500	0.5	0.0		1.0	1.0
19	65	0.0	12826	159.0	3206500	0.636	0.0		1.0	1.0
20	65	1.0	12826	154.0	3206500	0.616	1.6234252297410192	0.69904093980361	0.46139786065008026	1.0
21	65	0.0	12826	140.0	3206500	0.56	0.0		1.0	1.0
22	65	1.0	12826	105.0	3206500	0.42	2.3810600575512857	1.2516040102086994	0.3450269368489083	1.0
23	65	0.0	12826	118.0	3206500	0.472	0.0		1.0	1.0
24	65	0.0	12826	104.0	3206500	0.416	0.0		1.0	1.0
25	65	0.0	12826	114.0	3206500	0.456	0.0		1.0	1.0
26	65	0.0	12826	143.0	3206500	0.572	0.0		1.0	1.0
27	65	0.0	12826	123.0	3206500	0.492	0.0		1.0	1.0
28	65	0.0	12826	119.0	3206500	0.476	0.0		1.0	1.0
29	65	0.0	12826	128.0	3206500	0.512	0.0		1.0	1.0
30	65	0.0	12826	105.0	3206500	0.42	0.0		1.0	1.0
31	65	0.0	12826	122.0	3206500	0.488	0.0		1.0	1.0
32	65	2.0	12826	135.0	3206500	0.54	3.704125366789122	1.889132927697556	0.10411184331089549	1.0
33	65	1.0	12826	139.0	3206500	0.556	1.798623417055829	0.8468931570076177	0.4281594400374297	1.0
34	65	1.0	12826	104.0	3206500	0.416	2.4039556155345627	1.265410259676677	0.34240695899159046	1.0
35	65	0.0	12826	98.0	3206500	0.392	0.0		1.0	1.0
36	65	0.0	12826	152.0	3206500	0.608	0.0		1.0	1.0
37	65	0.0	12826	113.0	3206500	0.452	0.0		1.0	1.0
38	65	0.0	12826	126.0	3206500	0.504	0.0		1.0	1.0
39	65	1.0	12826	138.0	3206500	0.552	1.811657485097607	0.8573102229006743	0.42587197859037124	1.0
40	65	1.0	12826	126.0	3206500	0.504	1.9842037191744795	0.9885601555406006	0.39769820763218666	1.0
41	65	0.0	12826	101.0	3206500	0.404	0.0		1.0	1.0
42	65	0.0	12826	122.0	3206500	0.488	0.0		1.0	1.0
43	65	0.0	12826	90.0	3206500	0.36	0.0		1.0	1.0
44	65	0.0	12826	147.0	3206500	0.588	0.0		1.0	1.0
45	65	4.0	12826	123.0	3206500	0.492	8.13230562815689	3.0236644355393496	0.001763374902111211	0.2382939056907042
46	65	0.0	12826	111.0	3206500	0.444	0.0		1.0	1.0
47	65	0.0	12826	125.0	3206500	0.5	0.0		1.0	1.0
48	65	0.0	12826	102.0	3206500	0.408	0.0		1.0	1.0
49	65	0.0	12826	105.0	3206500	0.42	0.0		1.0	1.0
50	65	0.0	12826	126.0	3206500	0.504	0.0		1.0	1.0
51	65	0.0	12826	133.0	3206500	0.532	0.0		1.0	1.0
52	65	0.0	12826	127.0	3206500	0.508	0.0		1.0	1.0
53	65	1.0	12826	111.0	3206500	0.444	2.2523498937534026	1.1714309618640866	0.3605290631857692	1.0
54	65	1.0	12826	122.0	3206500	0.488	2.0492621353018246	1.0351045412603646	0.38800302465416536	1.0
55	65	0.0	12826	132.0	3206500	0.528	0.0		1.0	1.0
56	65	0.0	12826	114.0	3206500	0.456	0.0		1.0	1.0
57	65	2.0	12826	119.0	3206500	0.476	4.20217999863701	2.0711379605781155	0.08450487843203866	1.0
58	65	0.0	12826	114.0	3206500	0.456	0.0		1.0	1.0
59	65	1.0	12826	151.0	3206500	0.604	1.6556802602532823	0.7274240910224813	0.45490843645199724	1.0
60	65	1.0	12826	160.0	3206500	0.64	1.5625438596491228	0.6438966859092626	0.47414587223375637	1.0
61	65	2.0	12826	112.0	3206500	0.448	4.464825995900544	2.15860395143989	0.07632448268554792	1.0
62	65	1.0	12826	137.0	3206500	0.548	1.8248818315049586	0.8678030466658946	0.4235753674721134	1.0
63	65	1.0	12826	157.0	3206500	0.628	1.5924028755540656	0.6712053817565726	0.4678100324504141	1.0
64	65	1.0	12826	118.0	3206500	0.472	2.1187312915056	1.0832006292418985	0.37815179199096405	1.0
65	65	0.0	12826	30.0	3206500	0.12	0.0		1.0	1.0
66	65	0.0	12826	0.0	3206500	0.0			1.0	1.0
67	65	0.0	12826	0.0	3206500	0.0			1.0	1.0
68	65	0.0	12826	0.0	3206500	0.0			1.0	1.0
69	65	0.0	12826	0.0	3206500	0.0			1.0	1.0
70	65	0.0	12826	0.0	3206500	0.0			1.0	1.0
71	65	0.0	12826	0.0	3206500	0.0			1.0	1.0
72	65	0.0	12826	0.0	3206500	0.0			1.0	1.0
73	65	0.0	12826	0.0	3206500	0.0			1.0	1.0
74	65	0.0	12826	0.0	3206500	0.0			1.0	1.0
75	65	0.0	12826	0.0	3206500	0.0			1.0	1.0
76	65	0.0	12826	0.0	3206500	0.0			1.0	1.0
77	65	0.0	12826	0.0	3206500	0.0			1.0	1.0
78	65	0.0	12826	0.0	3206500	0.0			1.0	1.0
79	65	0.0	12826	0.0	3206500	0.0			1.0	1.0
80	65	0.0	12826	0.0	3206500	0.0			1.0	1.0
81	65	0.0	12826	0.0	3206500	0.0			1.0	1.0
82	65	0.0	12826	0.0	3206500	0.0			1.0	1.0
83	65	0.0	12826	0.0	3206500	0.0			1.0	1.0
84	65	0.0	12826	0.0	3206500	0.0			1.0	1.0
85	65	0.0	12826	0.0	3206500	0.0			1.0	1.0
86	65	0.0	12826	0.0	3206500	0.0			1.0	1.0
87	65	0.0	12826	0.0	3206500	0.0			1.0	1.0
88	65	0.0	12826	0.0	3206500	0.0			1.0	1.0
89	65	0.0	12826	0.0	3206500	0.0			1.0	1.0
90	65	0.0	12826	0.0	3206500	0.0			1.0	1.0
91	65	0.0	12826	0.0	3206500	0.0			1.0	1.0
92	65	0.0	12826	0.0	3206500	0.0			1.0	1.0
93	65	0.0	12826	0.0	3206500	0.0			1.0	1.0
94	65	0.0	12826	0.0	3206500	0.0			1.0	1.0
95	65	0.0	12826	0.0	3206500	0.0			1.0	1.0
96	65	0.0	12826	0.0	3206500	0.0			1.0	1.0
97	65	0.0	12826	0.0	3206500	0.0			1.0	1.0
98	65	0.0	12826	0.0	3206500	0.0			1.0	1.0
99	65	0.0	12826	0.0	3206500	0.0			1.0	1.0
100	65	0.0	12826	0.0	3206500	0.0			1.0	1.0
1	66	2.0	12826	150.0	3206500	0.6	3.333697234352256	1.7371230850283121	0.1234771584198027	1.0
2	66	0.0	12826	161.0	3206500	0.644	0.0		1.0	1.0
3	66	2.0	12826	147.0	3206500	0.588	3.401735054595762	1.7662707805351934	0.11953678854125209	1.0
4	66	0.0	12826	163.0	3206500	0.652	0.0		1.0	1.0
5	66	0.0	12826	141.0	3206500	0.564	0.0		1.0	1.0
6	66	1.0	12826	175.0	3206500	0.7	1.4286048454469507	0.5146069196874781	0.5047115102035382	1.0
7	66	0.0	12826	196.0	3206500	0.784	0.0		1.0	1.0
8	66	0.0	12826	186.0	3206500	0.744	0.0		1.0	1.0
9	66	1.0	12826	170.0	3206500	0.68	1.4706249283339066	0.5564293451445528	0.4947256334335007	1.0
10	66	0.0	12826	132.0	3206500	0.528	0.0		1.0	1.0
11	66	1.0	12826	132.0	3206500	0.528	1.8940090968161143	0.9214432600037527	0.4119537843162605	1.0
12	66	0.0	12826	107.0	3206500	0.428	0.0		1.0	1.0
13	66	1.0	12826	190.0	3206500	0.76	1.3158140966451215	0.39595567388046604	0.5335006296149268	1.0
14	66	0.0	12826	119.0	3206500	0.476	0.0		1.0	1.0
15	66	1.0	12826	141.0	3206500	0.564	1.77310992216554	0.826281977436474	0.43270705984821434	1.0
16	66	0.0	12826	140.0	3206500	0.56	0.0		1.0	1.0
17	66	0.0	12826	104.0	3206500	0.416	0.0		1.0	1.0
18	66	0.0	12826	160.0	3206500	0.64	0.0		1.0	1.0
19	66	1.0	12826	122.0	3206500	0.488	2.0492621353018246	1.0351045412603646	0.38800302465416536	1.0
20	66	0.0	12826	184.0	3206500	0.736	0.0		1.0	1.0
21	66	0.0	12826	153.0	3206500	0.612	0.0		1.0	1.0
22	66	0.0	12826	139.0	3206500	0.556	0.0		1.0	1.0
23	66	0.0	12826	117.0	3206500	0.468	0.0		1.0	1.0
24	66	0.0	12826	128.0	3206500	0.512	0.0		1.0	1.0
25	66	0.0	12826	131.0	3206500	0.524	0.0		1.0	1.0
26	66	0.0	12826	120.0	3206500	0.48	0.0		1.0	1.0
27	66	0.0	12826	183.0	3206500	0.732	0.0		1.0	1.0
28	66	0.0	12826	130.0	3206500	0.52	0.0		1.0	1.0
29	66	0.0	12826	126.0	3206500	0.504	0.0		1.0	1.0
30	66	0.0	12826	132.0	3206500	0.528	0.0		1.0	1.0
31	66	0.0	12826	123.0	3206500	0.492	0.0		1.0	1.0
32	66	0.0	12826	105.0	3206500	0.42	0.0		1.0	1.0
33	66	0.0	12826	103.0	3206500	0.412	0.0		1.0	1.0
34	66	0.0	12826	131.0	3206500	0.524	0.0		1.0	1.0
35	66	0.0	12826	111.0	3206500	0.444	0.0		1.0	1.0
36	66	0.0	12826	120.0	3206500	0.48	0.0		1.0	1.0
37	66	0.0	12826	134.0	3206500	0.536	0.0		1.0	1.0
38	66	0.0	12826	112.0	3206500	0.448	0.0		1.0	1.0
39	66	1.0	12826	135.0	3206500	0.54	1.8519182730488772	0.8890204324703253	0.41895455059761905	1.0
40	66	0.0	12826	113.0	3206500	0.452	0.0		1.0	1.0
41	66	1.0	12826	143.0	3206500	0.572	1.748310091467986	0.8059610931604593	0.4372185170634336	1.0
42	66	0.0	12826	108.0	3206500	0.432	0.0		1.0	1.0
43	66	0.0	12826	117.0	3206500	0.468	0.0		1.0	1.0
44	66	0.0	12826	129.0	3206500	0.516	0.0		1.0	1.0
45	66	0.0	12826	88.0	3206500	0.352	0.0		1.0	1.0
46	66	0.0	12826	109.0	3206500	0.436	0.0		1.0	1.0
47	66	1.0	12826	110.0	3206500	0.44	2.2728265107212478	1.1844875646333222	0.35797109092175045	1.0
48	66	0.0	12826	143.0	3206500	0.572	0.0		1.0	1.0
49	66	0.0	12826	113.0	3206500	0.452	0.0		1.0	1.0
50	66	0.0	12826	129.0	3206500	0.516	0.0		1.0	1.0
51	66	0.0	12826	125.0	3206500	0.5	0.0		1.0	1.0
52	66	0.0	12826	106.0	3206500	0.424	0.0		1.0	1.0
53	66	0.0	12826	114.0	3206500	0.456	0.0		1.0	1.0
54	66	0.0	12826	103.0	3206500	0.412	0.0		1.0	1.0
55	66	0.0	12826	140.0	3206500	0.56	0.0		1.0	1.0
56	66	0.0	12826	126.0	3206500	0.504	0.0		1.0	1.0
57	66	0.0	12826	136.0	3206500	0.544	0.0		1.0	1.0
58	66	0.0	12826	151.0	3206500	0.604	0.0		1.0	1.0
59	66	1.0	12826	118.0	3206500	0.472	2.1187312915056	1.0832006292418985	0.37815179199096405	1.0
60	66	1.0	12826	140.0	3206500	0.56	1.7857755499860763	0.8365507628383001	0.43043778809607613	1.0
61	66	0.0	12826	110.0	3206500	0.44	0.0		1.0	1.0
62	66	0.0	12826	135.0	3206500	0.54	0.0		1.0	1.0
63	66	0.0	12826	131.0	3206500	0.524	0.0		1.0	1.0
64	66	0.0	12826	139.0	3206500	0.556	0.0		1.0	1.0
65	66	0.0	12826	106.0	3206500	0.424	0.0		1.0	1.0
66	66	0.0	12826	18.0	3206500	0.072	0.0		1.0	1.0
67	66	0.0	12826	0.0	3206500	0.0			1.0	1.0
68	66	0.0	12826	0.0	3206500	0.0			1.0	1.0
69	66	0.0	12826	0.0	3206500	0.0			1.0	1.0
70	66	0.0	12826	0.0	3206500	0.0			1.0	1.0
71	66	0.0	12826	0.0	3206500	0.0			1.0	1.0
72	66	0.0	12826	0.0	3206500	0.0			1.0	1.0
73	66	0.0	12826	0.0	3206500	0.0			1.0	1.0
74	66	0.0	12826	0.0	3206500	0.0			1.0	1.0
75	66	0.0	12826	0.0	3206500	0.0			1.0	1.0
76	66	0.0	12826	0.0	3206500	0.0			1.0	1.0
77	66	0.0	12826	0.0	3206500	0.0			1.0	1.0
78	66	0.0	12826	0.0	3206500	0.0			1.0	1.0
79	66	0.0	12826	0.0	3206500	0.0			1.0	1.0
80	66	0.0	12826	0.0	3206500	0.0			1.0	1.0
81	66	0.0	12826	0.0	3206500	0.0			1.0	1.0
82	66	0.0	12826	0.0	3206500	0.0			1.0	1.0
83	66	0.0	12826	0.0	3206500	0.0			1.0	1.0
84	66	0.0	12826	0.0	3206500	0.0			1.0	1.0
85	66	0.0	12826	0.0	3206500	0.0			1.0	1.0
86	66	0.0	12826	0.0	3206500	0.0			1.0	1.0
87	66	0.0	12826	0.0	3206500	0.0			1.0	1.0
88	66	0.0	12826	0.0	3206500	0.0			1.0	1.0
89	66	0.0	12826	0.0	3206500	0.0			1.0	1.0
90	66	0.0	12826	0.0	3206500	0.0			1.0	1.0
91	66	0.0	12826	0.0	3206500	0.0			1.0	1.0
92	66	0.0	12826	0.0	3206500	0.0			1.0	1.0
93	66	0.0	12826	0.0	3206500	0.0			1.0	1.0
94	66	0.0	12826	0.0	3206500	0.0			1.0	1.0
95	66	0.0	12826	0.0	3206500	0.0			1.0	1.0
96	66	0.0	12826	0.0	3206500	0.0			1.0	1.0
97	66	0.0	12826	0.0	3206500	0.0			1.0	1.0
98	66	0.0	12826	0.0	3206500	0.0			1.0	1.0
99	66	0.0	12826	0.0	3206500	0.0			1.0	1.0
100	66	0.0	12826	0.0	3206500	0.0			1.0	1.0
1	67	5.0	12826	137.0	3206500	0.548	9.127255865007056	3.1901811751031555	0.00028587103518203663	0.04822672351760981
2	67	1.0	12826	149.0	3206500	0.596	1.6779052029776156	0.7466612097840627	0.4505387772963598	1.0
3	67	0.0	12826	165.0	3206500	0.66	0.0		1.0	1.0
4	67	0.0	12826	123.0	3206500	0.492	0.0		1.0	1.0
5	67	0.0	12826	135.0	3206500	0.54	0.0		1.0	1.0
6	67	1.0	12826	139.0	3206500	0.556	1.798623417055829	0.8468931570076177	0.4281594400374297	1.0
7	67	0.0	12826	143.0	3206500	0.572	0.0		1.0	1.0
8	67	0.0	12826	133.0	3206500	0.532	0.0		1.0	1.0
9	67	3.0	12826	143.0	3206500	0.572	5.245748324824984	2.3911485931086607	0.02107287100781799	1.0
10	67	1.0	12826	152.0	3206500	0.608	1.64478711398379	0.7179008669544321	0.45708021861006715	1.0
11	67	0.0	12826	123.0	3206500	0.492	0.0		1.0	1.0
12	67	0.0	12826	145.0	3206500	0.58	0.0		1.0	1.0
13	67	0.0	12826	131.0	3206500	0.524	0.0		1.0	1.0
14	67	0.0	12826	112.0	3206500	0.448	0.0		1.0	1.0
15	67	0.0	12826	115.0	3206500	0.46	0.0		1.0	1.0
16	67	0.0	12826	141.0	3206500	0.564	0.0		1.0	1.0
17	67	0.0	12826	103.0	3206500	0.412	0.0		1.0	1.0
18	67	0.0	12826	152.0	3206500	0.608	0.0		1.0	1.0
19	67	1.0	12826	98.0	3206500	0.392	2.5511413454270597	1.3511428333572968	0.3264655495952599	1.0
20	67	0.0	12826	123.0	3206500	0.492	0.0		1.0	1.0
21	67	0.0	12826	135.0	3206500	0.54	0.0		1.0	1.0
22	67	0.0	12826	111.0	3206500	0.444	0.0		1.0	1.0
23	67	0.0	12826	125.0	3206500	0.5	0.0		1.0	1.0
24	67	0.0	12826	121.0	3206500	0.484	0.0		1.0	1.0
25	67	1.0	12826	85.0	3206500	0.34	2.941327829377365	1.5564675905694005	0.2905876805126903	1.0
26	67	0.0	12826	127.0	3206500	0.508	0.0		1.0	1.0
27	67	0.0	12826	154.0	3206500	0.616	0.0		1.0	1.0
28	67	1.0	12826	136.0	3206500	0.544	1.8383006535947712	0.8783727383235196	0.42126957053799846	1.0
29	67	1.0	12826	174.0	3206500	0.696	1.4368156662409537	0.5228749856238489	0.5027302481206721	1.0
30	67	0.0	12826	117.0	3206500	0.468	0.0		1.0	1.0
31	67	1.0	12826	126.0	3206500	0.504	1.9842037191744795	0.9885601555406006	0.39769820763218666	1.0
32	67	0.0	12826	119.0	3206500	0.476	0.0		1.0	1.0
33	67	1.0	12826	114.0	3206500	0.456	2.193075476214904	1.1329554642172417	0.36814199797369357	1.0
34	67	0.0	12826	110.0	3206500	0.44	0.0		1.0	1.0
35	67	0.0	12826	84.0	3206500	0.336	0.0		1.0	1.0
36	67	0.0	12826	123.0	3206500	0.492	0.0		1.0	1.0
37	67	0.0	12826	141.0	3206500	0.564	0.0		1.0	1.0
38	67	2.0	12826	141.0	3206500	0.564	3.546496374262796	1.8263944726637047	0.11175426755024882	1.0
39	67	0.0	12826	122.0	3206500	0.488	0.0		1.0	1.0
40	67	0.0	12826	125.0	3206500	0.5	0.0		1.0	1.0
41	67	0.0	12826	86.0	3206500	0.344	0.0		1.0	1.0
42	67	0.0	12826	117.0	3206500	0.468	0.0		1.0	1.0
43	67	0.0	12826	126.0	3206500	0.504	0.0		1.0	1.0
44	67	0.0	12826	105.0	3206500	0.42	0.0		1.0	1.0
45	67	0.0	12826	95.0	3206500	0.38	0.0		1.0	1.0
46	67	0.0	12826	136.0	3206500	0.544	0.0		1.0	1.0
47	67	0.0	12826	134.0	3206500	0.536	0.0		1.0	1.0
48	67	0.0	12826	105.0	3206500	0.42	0.0		1.0	1.0
49	67	0.0	12826	123.0	3206500	0.492	0.0		1.0	1.0
50	67	0.0	12826	74.0	3206500	0.296	0.0		1.0	1.0
51	67	0.0	12826	112.0	3206500	0.448	0.0		1.0	1.0
52	67	0.0	12826	165.0	3206500	0.66	0.0		1.0	1.0
53	67	0.0	12826	97.0	3206500	0.388	0.0		1.0	1.0
54	67	0.0	12826	111.0	3206500	0.444	0.0		1.0	1.0
55	67	0.0	12826	115.0	3206500	0.46	0.0		1.0	1.0
56	67	0.0	12826	110.0	3206500	0.44	0.0		1.0	1.0
57	67	1.0	12826	138.0	3206500	0.552	1.811657485097607	0.8573102229006743	0.42587197859037124	1.0
58	67	1.0	12826	157.0	3206500	0.628	1.5924028755540656	0.6712053817565726	0.4678100324504141	1.0
59	67	0.0	12826	90.0	3206500	0.36	0.0		1.0	1.0
60	67	0.0	12826	123.0	3206500	0.492	0.0		1.0	1.0
61	67	0.0	12826	119.0	3206500	0.476	0.0		1.0	1.0
62	67	1.0	12826	178.0	3206500	0.712	1.4045259215454367	0.4900832506942566	0.5106080625683164	1.0
63	67	0.0	12826	136.0	3206500	0.544	0.0		1.0	1.0
64	67	0.0	12826	134.0	3206500	0.536	0.0		1.0	1.0
65	67	1.0	12826	113.0	3206500	0.452	2.2124839138160053	1.1456669659110057	0.36561447613271564	1.0
66	67	1.0	12826	114.0	3206500	0.456	2.193075476214904	1.1329554642172417	0.36814199797369357	1.0
67	67	0.0	12826	24.0	3206500	0.096	0.0		1.0	1.0
68	67	0.0	12826	0.0	3206500	0.0			1.0	1.0
69	67	0.0	12826	0.0	3206500	0.0			1.0	1.0
70	67	0.0	12826	0.0	3206500	0.0			1.0	1.0
71	67	0.0	12826	0.0	3206500	0.0			1.0	1.0
72	67	0.0	12826	0.0	3206500	0.0			1.0	1.0
73	67	0.0	12826	0.0	3206500	0.0			1.0	1.0
74	67	0.0	12826	0.0	3206500	0.0			1.0	1.0
75	67	0.0	12826	0.0	3206500	0.0			1.0	1.0
76	67	0.0	12826	0.0	3206500	0.0			1.0	1.0
77	67	0.0	12826	0.0	3206500	0.0			1.0	1.0
78	67	0.0	12826	0.0	3206500	0.0			1.0	1.0
79	67	0.0	12826	0.0	3206500	0.0			1.0	1.0
80	67	0.0	12826	0.0	3206500	0.0			1.0	1.0
81	67	0.0	12826	0.0	3206500	0.0			1.0	1.0
82	67	0.0	12826	0.0	3206500	0.0			1.0	1.0
83	67	0.0	12826	0.0	3206500	0.0			1.0	1.0
84	67	0.0	12826	0.0	3206500	0.0			1.0	1.0
85	67	0.0	12826	0.0	3206500	0.0			1.0	1.0
86	67	0.0	12826	0.0	3206500	0.0			1.0	1.0
87	67	0.0	12826	0.0	3206500	0.0			1.0	1.0
88	67	0.0	12826	0.0	3206500	0.0			1.0	1.0
89	67	0.0	12826	0.0	3206500	0.0			1.0	1.0
90	67	0.0	12826	0.0	3206500	0.0			1.0	1.0
91	67	0.0	12826	0.0	3206500	0.0			1.0	1.0
92	67	0.0	12826	0.0	3206500	0.0			1.0	1.0
93	67	0.0	12826	0.0	3206500	0.0			1.0	1.0
94	67	0.0	12826	0.0	3206500	0.0			1.0	1.0
95	67	0.0	12826	0.0	3206500	0.0			1.0	1.0
96	67	0.0	12826	0.0	3206500	0.0			1.0	1.0
97	67	0.0	12826	0.0	3206500	0.0			1.0	1.0
98	67	0.0	12826	0.0	3206500	0.0			1.0	1.0
99	67	0.0	12826	0.0	3206500	0.0			1.0	1.0
100	67	0.0	12826	0.0	3206500	0.0			1.0	1.0
1	68	4.0	12826	132.0	3206500	0.528	7.577808974158997	2.9217807720045643	0.0022615913712149454	0.28868813623961187
2	68	2.0	12826	160.0	3206500	0.64	3.125331409856519	1.6440091811364934	0.13682814794212783	1.0
3	68	1.0	12826	167.0	3206500	0.668	1.4970447409275016	0.582117338663987	0.4886377334593176	1.0
4	68	1.0	12826	104.0	3206500	0.416	2.4039556155345627	1.265410259676677	0.34240695899159046	1.0
5	68	0.0	12826	157.0	3206500	0.628	0.0		1.0	1.0
6	68	0.0	12826	170.0	3206500	0.68	0.0		1.0	1.0
7	68	0.0	12826	137.0	3206500	0.548	0.0		1.0	1.0
8	68	0.0	12826	186.0	3206500	0.744	0.0		1.0	1.0
9	68	2.0	12826	155.0	3206500	0.62	3.2261535829996175	1.6898151205015408	0.13011261640889488	1.0
10	68	0.0	12826	184.0	3206500	0.736	0.0		1.0	1.0
11	68	2.0	12826	132.0	3206500	0.528	3.788313578706592	1.9215557552309834	0.1003467007326285	1.0
12	68	0.0	12826	115.0	3206500	0.46	0.0		1.0	1.0
13	68	0.0	12826	129.0	3206500	0.516	0.0		1.0	1.0
14	68	0.0	12826	123.0	3206500	0.492	0.0		1.0	1.0
15	68	0.0	12826	135.0	3206500	0.54	0.0		1.0	1.0
16	68	0.0	12826	127.0	3206500	0.508	0.0		1.0	1.0
17	68	0.0	12826	171.0	3206500	0.684	0.0		1.0	1.0
18	68	0.0	12826	108.0	3206500	0.432	0.0		1.0	1.0
19	68	0.0	12826	98.0	3206500	0.392	0.0		1.0	1.0
20	68	0.0	12826	134.0	3206500	0.536	0.0		1.0	1.0
21	68	1.0	12826	142.0	3206500	0.568	1.7606226834692364	0.8160857603824463	0.434967290678453	1.0
22	68	0.0	12826	170.0	3206500	0.68	0.0		1.0	1.0
23	68	0.0	12826	136.0	3206500	0.544	0.0		1.0	1.0
24	68	0.0	12826	112.0	3206500	0.448	0.0		1.0	1.0
25	68	0.0	12826	103.0	3206500	0.412	0.0		1.0	1.0
26	68	0.0	12826	139.0	3206500	0.556	0.0		1.0	1.0
27	68	0.0	12826	120.0	3206500	0.48	0.0		1.0	1.0
28	68	0.0	12826	131.0	3206500	0.524	0.0		1.0	1.0
29	68	0.0	12826	127.0	3206500	0.508	0.0		1.0	1.0
30	68	0.0	12826	95.0	3206500	0.38	0.0		1.0	1.0
31	68	0.0	12826	118.0	3206500	0.472	0.0		1.0	1.0
32	68	0.0	12826	167.0	3206500	0.668	0.0		1.0	1.0
33	68	0.0	12826	88.0	3206500	0.352	0.0		1.0	1.0
34	68	1.0	12826	109.0	3206500	0.436	2.293678845431622	1.197663403324704	0.3554028869635475	1.0
35	68	0.0	12826	118.0	3206500	0.472	0.0		1.0	1.0
36	68	0.0	12826	112.0	3206500	0.448	0.0		1.0	1.0
37	68	0.0	12826	82.0	3206500	0.328	0.0		1.0	1.0
38	68	0.0	12826	73.0	3206500	0.292	0.0		1.0	1.0
39	68	1.0	12826	164.0	3206500	0.656	1.5244311320306185	0.6082709763744771	0.4824764880053233	1.0
40	68	1.0	12826	125.0	3206500	0.5	2.0000779727095517	1.000056244324324	0.39528890550067347	1.0
41	68	0.0	12826	144.0	3206500	0.576	0.0		1.0	1.0
42	68	0.0	12826	122.0	3206500	0.488	0.0		1.0	1.0
43	68	0.0	12826	126.0	3206500	0.504	0.0		1.0	1.0
44	68	0.0	12826	128.0	3206500	0.512	0.0		1.0	1.0
45	68	1.0	12826	109.0	3206500	0.436	2.293678845431622	1.197663403324704	0.3554028869635475	1.0
46	68	1.0	12826	140.0	3206500	0.56	1.7857755499860763	0.8365507628383001	0.43043778809607613	1.0
47	68	0.0	12826	124.0	3206500	0.496	0.0		1.0	1.0
48	68	0.0	12826	125.0	3206500	0.5	0.0		1.0	1.0
49	68	0.0	12826	111.0	3206500	0.444	0.0		1.0	1.0
50	68	0.0	12826	87.0	3206500	0.348	0.0		1.0	1.0
51	68	0.0	12826	116.0	3206500	0.464	0.0		1.0	1.0
52	68	0.0	12826	112.0	3206500	0.448	0.0		1.0	1.0
53	68	0.0	12826	125.0	3206500	0.5	0.0		1.0	1.0
54	68	0.0	12826	111.0	3206500	0.444	0.0		1.0	1.0
55	68	1.0	12826	113.0	3206500	0.452	2.2124839138160053	1.1456669659110057	0.36561447613271564	1.0
56	68	0.0	12826	112.0	3206500	0.448	0.0		1.0	1.0
57	68	0.0	12826	106.0	3206500	0.424	0.0		1.0	1.0
58	68	0.0	12826	148.0	3206500	0.592	0.0		1.0	1.0
59	68	2.0	12826	165.0	3206500	0.66	3.0306196714493656	1.5996128120226087	0.14361799701511171	1.0
60	68	0.0	12826	127.0	3206500	0.508	0.0		1.0	1.0
61	68	0.0	12826	116.0	3206500	0.464	0.0		1.0	1.0
62	68	0.0	12826	119.0	3206500	0.476	0.0		1.0	1.0
63	68	0.0	12826	154.0	3206500	0.616	0.0		1.0	1.0
64	68	1.0	12826	114.0	3206500	0.456	2.193075476214904	1.1329554642172417	0.36814199797369357	1.0
65	68	1.0	12826	125.0	3206500	0.5	2.0000779727095517	1.000056244324324	0.39528890550067347	1.0
66	68	1.0	12826	141.0	3206500	0.564	1.77310992216554	0.826281977436474	0.43270705984821434	1.0
67	68	0.0	12826	103.0	3206500	0.412	0.0		1.0	1.0
68	68	0.0	12826	20.0	3206500	0.08	0.0		1.0	1.0
69	68	0.0	12826	0.0	3206500	0.0			1.0	1.0
70	68	0.0	12826	0.0	3206500	0.0			1.0	1.0
71	68	0.0	12826	0.0	3206500	0.0			1.0	1.0
72	68	0.0	12826	0.0	3206500	0.0			1.0	1.0
73	68	0.0	12826	0.0	3206500	0.0			1.0	1.0
74	68	0.0	12826	0.0	3206500	0.0			1.0	1.0
75	68	0.0	12826	0.0	3206500	0.0			1.0	1.0
76	68	0.0	12826	0.0	3206500	0.0			1.0	1.0
77	68	0.0	12826	0.0	3206500	0.0			1.0	1.0
78	68	0.0	12826	0.0	3206500	0.0			1.0	1.0
79	68	0.0	12826	0.0	3206500	0.0			1.0	1.0
80	68	0.0	12826	0.0	3206500	0.0			1.0	1.0
81	68	0.0	12826	0.0	3206500	0.0			1.0	1.0
82	68	0.0	12826	0.0	3206500	0.0			1.0	1.0
83	68	0.0	12826	0.0	3206500	0.0			1.0	1.0
84	68	0.0	12826	0.0	3206500	0.0			1.0	1.0
85	68	0.0	12826	0.0	3206500	0.0			1.0	1.0
86	68	0.0	12826	0.0	3206500	0.0			1.0	1.0
87	68	0.0	12826	0.0	3206500	0.0			1.0	1.0
88	68	0.0	12826	0.0	3206500	0.0			1.0	1.0
89	68	0.0	12826	0.0	3206500	0.0			1.0	1.0
90	68	0.0	12826	0.0	3206500	0.0			1.0	1.0
91	68	0.0	12826	0.0	3206500	0.0			1.0	1.0
92	68	0.0	12826	0.0	3206500	0.0			1.0	1.0
93	68	0.0	12826	0.0	3206500	0.0			1.0	1.0
94	68	0.0	12826	0.0	3206500	0.0			1.0	1.0
95	68	0.0	12826	0.0	3206500	0.0			1.0	1.0
96	68	0.0	12826	0.0	3206500	0.0			1.0	1.0
97	68	0.0	12826	0.0	3206500	0.0			1.0	1.0
98	68	0.0	12826	0.0	3206500	0.0			1.0	1.0
99	68	0.0	12826	0.0	3206500	0.0			1.0	1.0
100	68	0.0	12826	0.0	3206500	0.0			1.0	1.0
1	69	1.0	12826	149.0	3206500	0.596	1.6779052029776156	0.7466612097840627	0.4505387772963598	1.0
2	69	0.0	12826	166.0	3206500	0.664	0.0		1.0	1.0
3	69	2.0	12826	131.0	3206500	0.524	3.817233193487402	1.9325273229987225	0.09910031827787967	1.0
4	69	0.0	12826	116.0	3206500	0.464	0.0		1.0	1.0
5	69	1.0	12826	125.0	3206500	0.5	2.0000779727095517	1.000056244324324	0.39528890550067347	1.0
6	69	0.0	12826	137.0	3206500	0.548	0.0		1.0	1.0
7	69	0.0	12826	99.0	3206500	0.396	0.0		1.0	1.0
8	69	0.0	12826	133.0	3206500	0.532	0.0		1.0	1.0
9	69	2.0	12826	132.0	3206500	0.528	3.788313578706592	1.9215557552309834	0.1003467007326285	1.0
10	69	0.0	12826	134.0	3206500	0.536	0.0		1.0	1.0
11	69	0.0	12826	115.0	3206500	0.46	0.0		1.0	1.0
12	69	1.0	12826	135.0	3206500	0.54	1.8519182730488772	0.8890204324703253	0.41895455059761905	1.0
13	69	0.0	12826	119.0	3206500	0.476	0.0		1.0	1.0
14	69	0.0	12826	125.0	3206500	0.5	0.0		1.0	1.0
15	69	0.0	12826	113.0	3206500	0.452	0.0		1.0	1.0
16	69	0.0	12826	114.0	3206500	0.456	0.0		1.0	1.0
17	69	0.0	12826	107.0	3206500	0.428	0.0		1.0	1.0
18	69	0.0	12826	118.0	3206500	0.472	0.0		1.0	1.0
19	69	0.0	12826	84.0	3206500	0.336	0.0		1.0	1.0
20	69	1.0	12826	100.0	3206500	0.4	2.5001169590643273	1.3219955878134295	0.33182183245052643	1.0
21	69	1.0	12826	121.0	3206500	0.484	2.066198830409357	1.0469790914939892	0.3855549436215817	1.0
22	69	1.0	12826	128.0	3206500	0.512	1.9531993177387914	0.965839179148308	0.4024880539650581	1.0
23	69	0.0	12826	98.0	3206500	0.392	0.0		1.0	1.0
24	69	0.0	12826	104.0	3206500	0.416	0.0		1.0	1.0
25	69	0.0	12826	110.0	3206500	0.44	0.0		1.0	1.0
26	69	0.0	12826	124.0	3206500	0.496	0.0		1.0	1.0
27	69	0.0	12826	101.0	3206500	0.404	0.0		1.0	1.0
28	69	0.0	12826	96.0	3206500	0.384	0.0		1.0	1.0
29	69	0.0	12826	77.0	3206500	0.308	0.0		1.0	1.0
30	69	0.0	12826	120.0	3206500	0.48	0.0		1.0	1.0
31	69	0.0	12826	107.0	3206500	0.428	0.0		1.0	1.0
32	69	0.0	12826	75.0	3206500	0.3	0.0		1.0	1.0
33	69	0.0	12826	103.0	3206500	0.412	0.0		1.0	1.0
34	69	0.0	12826	119.0	3206500	0.476	0.0		1.0	1.0
35	69	0.0	12826	89.0	3206500	0.356	0.0		1.0	1.0
36	69	1.0	12826	112.0	3206500	0.448	2.2322389306599835	1.1584914562126591	0.3630768448972065	1.0
37	69	0.0	12826	100.0	3206500	0.4	0.0		1.0	1.0
38	69	0.0	12826	108.0	3206500	0.432	0.0		1.0	1.0
39	69	0.0	12826	99.0	3206500	0.396	0.0		1.0	1.0
40	69	0.0	12826	94.0	3206500	0.376	0.0		1.0	1.0
41	69	0.0	12826	105.0	3206500	0.42	0.0		1.0	1.0
42	69	0.0	12826	101.0	3206500	0.404	0.0		1.0	1.0
43	69	0.0	12826	103.0	3206500	0.412	0.0		1.0	1.0
44	69	2.0	12826	106.0	3206500	0.424	4.71756082345602	2.238041118595766	0.06952804285556825	1.0
45	69	0.0	12826	88.0	3206500	0.352	0.0		1.0	1.0
46	69	0.0	12826	111.0	3206500	0.444	0.0		1.0	1.0
47	69	0.0	12826	108.0	3206500	0.432	0.0		1.0	1.0
48	69	0.0	12826	115.0	3206500	0.46	0.0		1.0	1.0
49	69	0.0	12826	135.0	3206500	0.54	0.0		1.0	1.0
50	69	0.0	12826	97.0	3206500	0.388	0.0		1.0	1.0
51	69	0.0	12826	132.0	3206500	0.528	0.0		1.0	1.0
52	69	0.0	12826	91.0	3206500	0.364	0.0		1.0	1.0
53	69	0.0	12826	124.0	3206500	0.496	0.0		1.0	1.0
54	69	0.0	12826	95.0	3206500	0.38	0.0		1.0	1.0
55	69	0.0	12826	127.0	3206500	0.508	0.0		1.0	1.0
56	69	0.0	12826	115.0	3206500	0.46	0.0		1.0	1.0
57	69	2.0	12826	120.0	3206500	0.48	4.167160532335205	2.059064678332488	0.08569444070613687	1.0
58	69	0.0	12826	79.0	3206500	0.316	0.0		1.0	1.0
59	69	0.0	12826	97.0	3206500	0.388	0.0		1.0	1.0
60	69	2.0	12826	117.0	3206500	0.468	4.274014801307378	2.095591904192337	0.08214115193936161	1.0
61	69	0.0	12826	112.0	3206500	0.448	0.0		1.0	1.0
62	69	0.0	12826	118.0	3206500	0.472	0.0		1.0	1.0
63	69	0.0	12826	125.0	3206500	0.5	0.0		1.0	1.0
64	69	0.0	12826	125.0	3206500	0.5	0.0		1.0	1.0
65	69	0.0	12826	116.0	3206500	0.464	0.0		1.0	1.0
66	69	2.0	12826	82.0	3206500	0.328	6.098355978881061	2.60842036713625	0.04462135752356024	1.0
67	69	1.0	12826	105.0	3206500	0.42	2.3810600575512857	1.2516040102086994	0.3450269368489083	1.0
68	69	0.0	12826	91.0	3206500	0.364	0.0		1.0	1.0
69	69	0.0	12826	19.0	3206500	0.076	0.0		1.0	1.0
70	69	0.0	12826	0.0	3206500	0.0			1.0	1.0
71	69	0.0	12826	0.0	3206500	0.0			1.0	1.0
72	69	0.0	12826	0.0	3206500	0.0			1.0	1.0
73	69	0.0	12826	0.0	3206500	0.0			1.0	1.0
74	69	0.0	12826	0.0	3206500	0.0			1.0	1.0
75	69	0.0	12826	0.0	3206500	0.0			1.0	1.0
76	69	0.0	12826	0.0	3206500	0.0			1.0	1.0
77	69	0.0	12826	0.0	3206500	0.0			1.0	1.0
78	69	0.0	12826	0.0	3206500	0.0			1.0	1.0
79	69	0.0	12826	0.0	3206500	0.0			1.0	1.0
80	69	0.0	12826	0.0	3206500	0.0			1.0	1.0
81	69	0.0	12826	0.0	3206500	0.0			1.0	1.0
82	69	0.0	12826	0.0	3206500	0.0			1.0	1.0
83	69	0.0	12826	0.0	3206500	0.0			1.0	1.0
84	69	0.0	12826	0.0	3206500	0.0			1.0	1.0
85	69	0.0	12826	0.0	3206500	0.0			1.0	1.0
86	69	0.0	12826	0.0	3206500	0.0			1.0	1.0
87	69	0.0	12826	0.0	3206500	0.0			1.0	1.0
88	69	0.0	12826	0.0	3206500	0.0			1.0	1.0
89	69	0.0	12826	0.0	3206500	0.0			1.0	1.0
90	69	0.0	12826	0.0	3206500	0.0			1.0	1.0
91	69	0.0	12826	0.0	3206500	0.0			1.0	1.0
92	69	0.0	12826	0.0	3206500	0.0			1.0	1.0
93	69	0.0	12826	0.0	3206500	0.0			1.0	1.0
94	69	0.0	12826	0.0	3206500	0.0			1.0	1.0
95	69	0.0	12826	0.0	3206500	0.0			1.0	1.0
96	69	0.0	12826	0.0	3206500	0.0			1.0	1.0
97	69	0.0	12826	0.0	3206500	0.0			1.0	1.0
98	69	0.0	12826	0.0	3206500	0.0			1.0	1.0
99	69	0.0	12826	0.0	3206500	0.0			1.0	1.0
100	69	0.0	12826	0.0	3206500	0.0			1.0	1.0
1	70	1.0	12826	157.0	3206500	0.628	1.5924028755540656	0.6712053817565726	0.4678100324504141	1.0
2	70	3.0	12826	157.0	3206500	0.628	4.7779537266585566	2.256392881704774	0.026680513424625515	1.0
3	70	0.0	12826	139.0	3206500	0.556	0.0		1.0	1.0
4	70	1.0	12826	185.0	3206500	0.74	1.3513787471682208	0.43443207146807444	0.5240951470812372	1.0
5	70	1.0	12826	99.0	3206500	0.396	2.5253714533246696	1.33649560745079	0.3291490362402692	1.0
6	70	0.0	12826	131.0	3206500	0.524	0.0		1.0	1.0
7	70	0.0	12826	141.0	3206500	0.564	0.0		1.0	1.0
8	70	0.0	12826	165.0	3206500	0.66	0.0		1.0	1.0
9	70	0.0	12826	114.0	3206500	0.456	0.0		1.0	1.0
10	70	1.0	12826	157.0	3206500	0.628	1.5924028755540656	0.6712053817565726	0.4678100324504141	1.0
11	70	0.0	12826	142.0	3206500	0.568	0.0		1.0	1.0
12	70	2.0	12826	130.0	3206500	0.52	3.846597725418686	1.9435829614543139	0.09785835961215003	1.0
13	70	0.0	12826	141.0	3206500	0.564	0.0		1.0	1.0
14	70	0.0	12826	129.0	3206500	0.516	0.0		1.0	1.0
15	70	1.0	12826	123.0	3206500	0.492	2.032600833610675	1.023326923538538	0.39044135290992626	1.0
16	70	0.0	12826	140.0	3206500	0.56	0.0		1.0	1.0
17	70	0.0	12826	120.0	3206500	0.48	0.0		1.0	1.0
18	70	1.0	12826	101.0	3206500	0.404	2.4753625537992394	1.3076398448939737	0.33448398021134357	1.0
19	70	0.0	12826	111.0	3206500	0.444	0.0		1.0	1.0
20	70	0.0	12826	150.0	3206500	0.6	0.0		1.0	1.0
21	70	0.0	12826	113.0	3206500	0.452	0.0		1.0	1.0
22	70	1.0	12826	126.0	3206500	0.504	1.9842037191744795	0.9885601555406006	0.39769820763218666	1.0
23	70	0.0	12826	99.0	3206500	0.396	0.0		1.0	1.0
24	70	0.0	12826	128.0	3206500	0.512	0.0		1.0	1.0
25	70	0.0	12826	117.0	3206500	0.468	0.0		1.0	1.0
26	70	1.0	12826	127.0	3206500	0.508	1.968579453884054	0.9771549423223168	0.4000979107598677	1.0
27	70	0.0	12826	119.0	3206500	0.476	0.0		1.0	1.0
28	70	0.0	12826	105.0	3206500	0.42	0.0		1.0	1.0
29	70	0.0	12826	139.0	3206500	0.556	0.0		1.0	1.0
30	70	1.0	12826	119.0	3206500	0.476	2.100926171638246	1.0710254653508846	0.38062936672875014	1.0
31	70	1.0	12826	108.0	3206500	0.432	2.314917334488485	1.2109606758816704	0.35282441089726513	1.0
32	70	1.0	12826	132.0	3206500	0.528	1.8940090968161143	0.9214432600037527	0.4119537843162605	1.0
33	70	0.0	12826	94.0	3206500	0.376	0.0		1.0	1.0
34	70	0.0	12826	87.0	3206500	0.348	0.0		1.0	1.0
35	70	0.0	12826	106.0	3206500	0.424	0.0		1.0	1.0
36	70	0.0	12826	93.0	3206500	0.372	0.0		1.0	1.0
37	70	0.0	12826	91.0	3206500	0.364	0.0		1.0	1.0
38	70	0.0	12826	126.0	3206500	0.504	0.0		1.0	1.0
39	70	0.0	12826	120.0	3206500	0.48	0.0		1.0	1.0
40	70	0.0	12826	114.0	3206500	0.456	0.0		1.0	1.0
41	70	0.0	12826	122.0	3206500	0.488	0.0		1.0	1.0
42	70	0.0	12826	141.0	3206500	0.564	0.0		1.0	1.0
43	70	0.0	12826	125.0	3206500	0.5	0.0		1.0	1.0
44	70	0.0	12826	105.0	3206500	0.42	0.0		1.0	1.0
45	70	0.0	12826	103.0	3206500	0.412	0.0		1.0	1.0
46	70	0.0	12826	95.0	3206500	0.38	0.0		1.0	1.0
47	70	0.0	12826	117.0	3206500	0.468	0.0		1.0	1.0
48	70	0.0	12826	111.0	3206500	0.444	0.0		1.0	1.0
49	70	0.0	12826	107.0	3206500	0.428	0.0		1.0	1.0
50	70	0.0	12826	130.0	3206500	0.52	0.0		1.0	1.0
51	70	0.0	12826	84.0	3206500	0.336	0.0		1.0	1.0
52	70	1.0	12826	97.0	3206500	0.388	2.5774425755109425	1.3659402852273423	0.3237713293920878	1.0
53	70	0.0	12826	88.0	3206500	0.352	0.0		1.0	1.0
54	70	0.0	12826	102.0	3206500	0.408	0.0		1.0	1.0
55	70	0.0	12826	128.0	3206500	0.512	0.0		1.0	1.0
56	70	0.0	12826	101.0	3206500	0.404	0.0		1.0	1.0
57	70	0.0	12826	124.0	3206500	0.496	0.0		1.0	1.0
58	70	0.0	12826	138.0	3206500	0.552	0.0		1.0	1.0
59	70	1.0	12826	144.0	3206500	0.576	1.7361685076889755	0.7959069785481164	0.4394607744084946	1.0
60	70	0.0	12826	136.0	3206500	0.544	0.0		1.0	1.0
61	70	0.0	12826	101.0	3206500	0.404	0.0		1.0	1.0
62	70	0.0	12826	115.0	3206500	0.46	0.0		1.0	1.0
63	70	0.0	12826	115.0	3206500	0.46	0.0		1.0	1.0
64	70	0.0	12826	110.0	3206500	0.44	0.0		1.0	1.0
65	70	0.0	12826	114.0	3206500	0.456	0.0		1.0	1.0
66	70	0.0	12826	117.0	3206500	0.468	0.0		1.0	1.0
67	70	1.0	12826	128.0	3206500	0.512	1.9531993177387914	0.965839179148308	0.4024880539650581	1.0
68	70	1.0	12826	122.0	3206500	0.488	2.0492621353018246	1.0351045412603646	0.38800302465416536	1.0
69	70	0.0	12826	116.0	3206500	0.464	0.0		1.0	1.0
70	70	0.0	12826	15.0	3206500	0.06	0.0		1.0	1.0
71	70	0.0	12826	0.0	3206500	0.0			1.0	1.0
72	70	0.0	12826	0.0	3206500	0.0			1.0	1.0
73	70	0.0	12826	0.0	3206500	0.0			1.0	1.0
74	70	0.0	12826	0.0	3206500	0.0			1.0	1.0
75	70	0.0	12826	0.0	3206500	0.0			1.0	1.0
76	70	0.0	12826	0.0	3206500	0.0			1.0	1.0
77	70	0.0	12826	0.0	3206500	0.0			1.0	1.0
78	70	0.0	12826	0.0	3206500	0.0			1.0	1.0
79	70	0.0	12826	0.0	3206500	0.0			1.0	1.0
80	70	0.0	12826	0.0	3206500	0.0			1.0	1.0
81	70	0.0	12826	0.0	3206500	0.0			1.0	1.0
82	70	0.0	12826	0.0	3206500	0.0			1.0	1.0
83	70	0.0	12826	0.0	3206500	0.0			1.0	1.0
84	70	0.0	12826	0.0	3206500	0.0			1.0	1.0
85	70	0.0	12826	0.0	3206500	0.0			1.0	1.0
86	70	0.0	12826	0.0	3206500	0.0			1.0	1.0
87	70	0.0	12826	0.0	3206500	0.0			1.0	1.0
88	70	0.0	12826	0.0	3206500	0.0			1.0	1.0
89	70	0.0	12826	0.0	3206500	0.0			1.0	1.0
90	70	0.0	12826	0.0	3206500	0.0			1.0	1.0
91	70	0.0	12826	0.0	3206500	0.0			1.0	1.0
92	70	0.0	12826	0.0	3206500	0.0			1.0	1.0
93	70	0.0	12826	0.0	3206500	0.0			1.0	1.0
94	70	0.0	12826	0.0	3206500	0.0			1.0	1.0
95	70	0.0	12826	0.0	3206500	0.0			1.0	1.0
96	70	0.0	12826	0.0	3206500	0.0			1.0	1.0
97	70	0.0	12826	0.0	3206500	0.0			1.0	1.0
98	70	0.0	12826	0.0	3206500	0.0			1.0	1.0
99	70	0.0	12826	0.0	3206500	0.0			1.0	1.0
100	70	0.0	12826	0.0	3206500	0.0			1.0	1.0
1	71	1.0	12826	173.0	3206500	0.692	1.4451214098187022	0.5311907037884824	0.5007410609985474	1.0
2	71	0.0	12826	153.0	3206500	0.612	0.0		1.0	1.0
3	71	1.0	12826	134.0	3206500	0.536	1.8657391405545372	0.8997472890105407	0.4166302707651119	1.0
4	71	1.0	12826	105.0	3206500	0.42	2.3810600575512857	1.2516040102086994	0.3450269368489083	1.0
5	71	0.0	12826	123.0	3206500	0.492	0.0		1.0	1.0
6	71	0.0	12826	127.0	3206500	0.508	0.0		1.0	1.0
7	71	0.0	12826	122.0	3206500	0.488	0.0		1.0	1.0
8	71	0.0	12826	124.0	3206500	0.496	0.0		1.0	1.0
9	71	0.0	12826	128.0	3206500	0.512	0.0		1.0	1.0
10	71	0.0	12826	114.0	3206500	0.456	0.0		1.0	1.0
11	71	2.0	12826	118.0	3206500	0.472	4.237793015215115	2.083313124469129	0.08332042885731558	1.0
12	71	0.0	12826	120.0	3206500	0.48	0.0		1.0	1.0
13	71	0.0	12826	119.0	3206500	0.476	0.0		1.0	1.0
14	71	0.0	12826	118.0	3206500	0.472	0.0		1.0	1.0
15	71	0.0	12826	101.0	3206500	0.404	0.0		1.0	1.0
16	71	0.0	12826	99.0	3206500	0.396	0.0		1.0	1.0
17	71	0.0	12826	117.0	3206500	0.468	0.0		1.0	1.0
18	71	0.0	12826	110.0	3206500	0.44	0.0		1.0	1.0
19	71	0.0	12826	99.0	3206500	0.396	0.0		1.0	1.0
20	71	1.0	12826	84.0	3206500	0.336	2.976344565116495	1.5735415538684827	0.28774995588304686	1.0
21	71	1.0	12826	150.0	3206500	0.6	1.6667186484730345	0.7370105898010815	0.4527279677546544	1.0
22	71	0.0	12826	98.0	3206500	0.392	0.0		1.0	1.0
23	71	0.0	12826	98.0	3206500	0.392	0.0		1.0	1.0
24	71	0.0	12826	100.0	3206500	0.4	0.0		1.0	1.0
25	71	0.0	12826	109.0	3206500	0.436	0.0		1.0	1.0
26	71	0.0	12826	85.0	3206500	0.34	0.0		1.0	1.0
27	71	0.0	12826	109.0	3206500	0.436	0.0		1.0	1.0
28	71	0.0	12826	124.0	3206500	0.496	0.0		1.0	1.0
29	71	0.0	12826	105.0	3206500	0.42	0.0		1.0	1.0
30	71	0.0	12826	83.0	3206500	0.332	0.0		1.0	1.0
31	71	0.0	12826	120.0	3206500	0.48	0.0		1.0	1.0
32	71	0.0	12826	110.0	3206500	0.44	0.0		1.0	1.0
33	71	0.0	12826	116.0	3206500	0.464	0.0		1.0	1.0
34	71	0.0	12826	119.0	3206500	0.476	0.0		1.0	1.0
35	71	0.0	12826	113.0	3206500	0.452	0.0		1.0	1.0
36	71	0.0	12826	99.0	3206500	0.396	0.0		1.0	1.0
37	71	0.0	12826	93.0	3206500	0.372	0.0		1.0	1.0
38	71	0.0	12826	88.0	3206500	0.352	0.0		1.0	1.0
39	71	0.0	12826	103.0	3206500	0.412	0.0		1.0	1.0
40	71	0.0	12826	96.0	3206500	0.384	0.0		1.0	1.0
41	71	0.0	12826	77.0	3206500	0.308	0.0		1.0	1.0
42	71	0.0	12826	100.0	3206500	0.4	0.0		1.0	1.0
43	71	0.0	12826	82.0	3206500	0.328	0.0		1.0	1.0
44	71	0.0	12826	110.0	3206500	0.44	0.0		1.0	1.0
45	71	0.0	12826	70.0	3206500	0.28	0.0		1.0	1.0
46	71	0.0	12826	110.0	3206500	0.44	0.0		1.0	1.0
47	71	0.0	12826	133.0	3206500	0.532	0.0		1.0	1.0
48	71	0.0	12826	91.0	3206500	0.364	0.0		1.0	1.0
49	71	0.0	12826	97.0	3206500	0.388	0.0		1.0	1.0
50	71	0.0	12826	110.0	3206500	0.44	0.0		1.0	1.0
51	71	1.0	12826	75.0	3206500	0.3	3.3335152696556207	1.737044335606313	0.2616941856218151	1.0
52	71	0.0	12826	100.0	3206500	0.4	0.0		1.0	1.0
53	71	0.0	12826	125.0	3206500	0.5	0.0		1.0	1.0
54	71	0.0	12826	90.0	3206500	0.36	0.0		1.0	1.0
55	71	0.0	12826	103.0	3206500	0.412	0.0		1.0	1.0
56	71	0.0	12826	109.0	3206500	0.436	0.0		1.0	1.0
57	71	0.0	12826	104.0	3206500	0.416	0.0		1.0	1.0
58	71	3.0	12826	138.0	3206500	0.552	5.435820146543745	2.442497722848876	0.01924459687869046	1.0
59	71	1.0	12826	110.0	3206500	0.44	2.2728265107212478	1.1844875646333222	0.35797109092175045	1.0
60	71	0.0	12826	105.0	3206500	0.42	0.0		1.0	1.0
61	71	0.0	12826	98.0	3206500	0.392	0.0		1.0	1.0
62	71	0.0	12826	119.0	3206500	0.476	0.0		1.0	1.0
63	71	1.0	12826	104.0	3206500	0.416	2.4039556155345627	1.265410259676677	0.34240695899159046	1.0
64	71	0.0	12826	98.0	3206500	0.392	0.0		1.0	1.0
65	71	0.0	12826	108.0	3206500	0.432	0.0		1.0	1.0
66	71	0.0	12826	99.0	3206500	0.396	0.0		1.0	1.0
67	71	0.0	12826	92.0	3206500	0.368	0.0		1.0	1.0
68	71	0.0	12826	113.0	3206500	0.452	0.0		1.0	1.0
69	71	2.0	12826	129.0	3206500	0.516	3.87641752141092	1.9547239690059695	0.09662088009265554	1.0
70	71	1.0	12826	110.0	3206500	0.44	2.2728265107212478	1.1844875646333222	0.35797109092175045	1.0
71	71	0.0	12826	18.0	3206500	0.072	0.0		1.0	1.0
72	71	0.0	12826	0.0	3206500	0.0			1.0	1.0
73	71	0.0	12826	0.0	3206500	0.0			1.0	1.0
74	71	0.0	12826	0.0	3206500	0.0			1.0	1.0
75	71	0.0	12826	0.0	3206500	0.0			1.0	1.0
76	71	0.0	12826	0.0	3206500	0.0			1.0	1.0
77	71	0.0	12826	0.0	3206500	0.0			1.0	1.0
78	71	0.0	12826	0.0	3206500	0.0			1.0	1.0
79	71	0.0	12826	0.0	3206500	0.0			1.0	1.0
80	71	0.0	12826	0.0	3206500	0.0			1.0	1.0
81	71	0.0	12826	0.0	3206500	0.0			1.0	1.0
82	71	0.0	12826	0.0	3206500	0.0			1.0	1.0
83	71	0.0	12826	0.0	3206500	0.0			1.0	1.0
84	71	0.0	12826	0.0	3206500	0.0			1.0	1.0
85	71	0.0	12826	0.0	3206500	0.0			1.0	1.0
86	71	0.0	12826	0.0	3206500	0.0			1.0	1.0
87	71	0.0	12826	0.0	3206500	0.0			1.0	1.0
88	71	0.0	12826	0.0	3206500	0.0			1.0	1.0
89	71	0.0	12826	0.0	3206500	0.0			1.0	1.0
90	71	0.0	12826	0.0	3206500	0.0			1.0	1.0
91	71	0.0	12826	0.0	3206500	0.0			1.0	1.0
92	71	0.0	12826	0.0	3206500	0.0			1.0	1.0
93	71	0.0	12826	0.0	3206500	0.0			1.0	1.0
94	71	0.0	12826	0.0	3206500	0.0			1.0	1.0
95	71	0.0	12826	0.0	3206500	0.0			1.0	1.0
96	71	0.0	12826	0.0	3206500	0.0			1.0	1.0
97	71	0.0	12826	0.0	3206500	0.0			1.0	1.0
98	71	0.0	12826	0.0	3206500	0.0			1.0	1.0
99	71	0.0	12826	0.0	3206500	0.0			1.0	1.0
100	71	0.0	12826	0.0	3206500	0.0			1.0	1.0
1	72	0.0	12826	137.0	3206500	0.548	0.0		1.0	1.0
2	72	2.0	12826	153.0	3206500	0.612	3.268327563922221	1.7085525829829136	0.12744849546821244	1.0
3	72	0.0	12826	119.0	3206500	0.476	0.0		1.0	1.0
4	72	3.0	12826	102.0	3206500	0.408	7.354427476363703	2.878613035679948	0.008762365737386792	0.8507151201346399
5	72	0.0	12826	163.0	3206500	0.652	0.0		1.0	1.0
6	72	0.0	12826	108.0	3206500	0.432	0.0		1.0	1.0
7	72	0.0	12826	108.0	3206500	0.432	0.0		1.0	1.0
8	72	0.0	12826	110.0	3206500	0.44	0.0		1.0	1.0
9	72	1.0	12826	127.0	3206500	0.508	1.968579453884054	0.9771549423223168	0.4000979107598677	1.0
10	72	1.0	12826	140.0	3206500	0.56	1.7857755499860763	0.8365507628383001	0.43043778809607613	1.0
11	72	0.0	12826	86.0	3206500	0.344	0.0		1.0	1.0
12	72	0.0	12826	118.0	3206500	0.472	0.0		1.0	1.0
13	72	0.0	12826	199.0	3206500	0.796	0.0		1.0	1.0
14	72	0.0	12826	119.0	3206500	0.476	0.0		1.0	1.0
15	72	0.0	12826	94.0	3206500	0.376	0.0		1.0	1.0
16	72	0.0	12826	87.0	3206500	0.348	0.0		1.0	1.0
17	72	0.0	12826	130.0	3206500	0.52	0.0		1.0	1.0
18	72	1.0	12826	116.0	3206500	0.464	2.1552624857162064	1.1078635833655701	0.3731668737609993	1.0
19	72	0.0	12826	97.0	3206500	0.388	0.0		1.0	1.0
20	72	1.0	12826	132.0	3206500	0.528	1.8940090968161143	0.9214432600037527	0.4119537843162605	1.0
21	72	0.0	12826	107.0	3206500	0.428	0.0		1.0	1.0
22	72	0.0	12826	84.0	3206500	0.336	0.0		1.0	1.0
23	72	1.0	12826	90.0	3206500	0.36	2.777916395928092	1.4740031806746199	0.30460762453902973	1.0
24	72	0.0	12826	100.0	3206500	0.4	0.0		1.0	1.0
25	72	1.0	12826	95.0	3206500	0.38	2.6317061659997947	1.3959984189670307	0.31835051691674066	1.0
26	72	0.0	12826	116.0	3206500	0.464	0.0		1.0	1.0
27	72	1.0	12826	148.0	3206500	0.592	1.6892429271376639	0.7563768145663959	0.4483408300326113	1.0
28	72	0.0	12826	94.0	3206500	0.376	0.0		1.0	1.0
29	72	1.0	12826	84.0	3206500	0.336	2.976344565116495	1.5735415538684827	0.28774995588304686	1.0
30	72	0.0	12826	98.0	3206500	0.392	0.0		1.0	1.0
31	72	0.0	12826	94.0	3206500	0.376	0.0		1.0	1.0
32	72	1.0	12826	108.0	3206500	0.432	2.314917334488485	1.2109606758816704	0.35282441089726513	1.0
33	72	0.0	12826	100.0	3206500	0.4	0.0		1.0	1.0
34	72	0.0	12826	103.0	3206500	0.412	0.0		1.0	1.0
35	72	0.0	12826	86.0	3206500	0.344	0.0		1.0	1.0
36	72	0.0	12826	89.0	3206500	0.356	0.0		1.0	1.0
37	72	0.0	12826	94.0	3206500	0.376	0.0		1.0	1.0
38	72	0.0	12826	83.0	3206500	0.332	0.0		1.0	1.0
39	72	0.0	12826	92.0	3206500	0.368	0.0		1.0	1.0
40	72	0.0	12826	104.0	3206500	0.416	0.0		1.0	1.0
41	72	0.0	12826	100.0	3206500	0.4	0.0		1.0	1.0
42	72	0.0	12826	80.0	3206500	0.32	0.0		1.0	1.0
43	72	0.0	12826	97.0	3206500	0.388	0.0		1.0	1.0
44	72	0.0	12826	119.0	3206500	0.476	0.0		1.0	1.0
45	72	0.0	12826	72.0	3206500	0.288	0.0		1.0	1.0
46	72	0.0	12826	96.0	3206500	0.384	0.0		1.0	1.0
47	72	0.0	12826	109.0	3206500	0.436	0.0		1.0	1.0
48	72	0.0	12826	105.0	3206500	0.42	0.0		1.0	1.0
49	72	1.0	12826	86.0	3206500	0.344	2.9071254363298427	1.5395933220647235	0.29341409984359573	1.0
50	72	0.0	12826	94.0	3206500	0.376	0.0		1.0	1.0
51	72	0.0	12826	84.0	3206500	0.336	0.0		1.0	1.0
52	72	0.0	12826	129.0	3206500	0.516	0.0		1.0	1.0
53	72	0.0	12826	105.0	3206500	0.42	0.0		1.0	1.0
54	72	1.0	12826	114.0	3206500	0.456	2.193075476214904	1.1329554642172417	0.36814199797369357	1.0
55	72	0.0	12826	77.0	3206500	0.308	0.0		1.0	1.0
56	72	0.0	12826	125.0	3206500	0.5	0.0		1.0	1.0
57	72	0.0	12826	107.0	3206500	0.428	0.0		1.0	1.0
58	72	0.0	12826	118.0	3206500	0.472	0.0		1.0	1.0
59	72	0.0	12826	112.0	3206500	0.448	0.0		1.0	1.0
60	72	1.0	12826	107.0	3206500	0.428	2.336552804649214	1.22438164158736	0.3502356216378729	1.0
61	72	0.0	12826	85.0	3206500	0.34	0.0		1.0	1.0
62	72	0.0	12826	113.0	3206500	0.452	0.0		1.0	1.0
63	72	2.0	12826	95.0	3206500	0.38	5.263822766523295	2.3961109141942614	0.057632183151742046	1.0
64	72	0.0	12826	119.0	3206500	0.476	0.0		1.0	1.0
65	72	1.0	12826	117.0	3206500	0.468	2.136840772396328	1.0954794089651068	0.37566430776435566	1.0
66	72	0.0	12826	116.0	3206500	0.464	0.0		1.0	1.0
67	72	1.0	12826	88.0	3206500	0.352	2.8410526315789473	1.5064255582485413	0.29903320328437066	1.0
68	72	0.0	12826	85.0	3206500	0.34	0.0		1.0	1.0
69	72	0.0	12826	117.0	3206500	0.468	0.0		1.0	1.0
70	72	0.0	12826	90.0	3206500	0.36	0.0		1.0	1.0
71	72	0.0	12826	91.0	3206500	0.364	0.0		1.0	1.0
72	72	0.0	12826	22.0	3206500	0.088	0.0		1.0	1.0
73	72	0.0	12826	0.0	3206500	0.0			1.0	1.0
74	72	0.0	12826	0.0	3206500	0.0			1.0	1.0
75	72	0.0	12826	0.0	3206500	0.0			1.0	1.0
76	72	0.0	12826	0.0	3206500	0.0			1.0	1.0
77	72	0.0	12826	0.0	3206500	0.0			1.0	1.0
78	72	0.0	12826	0.0	3206500	0.0			1.0	1.0
79	72	0.0	12826	0.0	3206500	0.0			1.0	1.0
80	72	0.0	12826	0.0	3206500	0.0			1.0	1.0
81	72	0.0	12826	0.0	3206500	0.0			1.0	1.0
82	72	0.0	12826	0.0	3206500	0.0			1.0	1.0
83	72	0.0	12826	0.0	3206500	0.0			1.0	1.0
84	72	0.0	12826	0.0	3206500	0.0			1.0	1.0
85	72	0.0	12826	0.0	3206500	0.0			1.0	1.0
86	72	0.0	12826	0.0	3206500	0.0			1.0	1.0
87	72	0.0	12826	0.0	3206500	0.0			1.0	1.0
88	72	0.0	12826	0.0	3206500	0.0			1.0	1.0
89	72	0.0	12826	0.0	3206500	0.0			1.0	1.0
90	72	0.0	12826	0.0	3206500	0.0			1.0	1.0
91	72	0.0	12826	0.0	3206500	0.0			1.0	1.0
92	72	0.0	12826	0.0	3206500	0.0			1.0	1.0
93	72	0.0	12826	0.0	3206500	0.0			1.0	1.0
94	72	0.0	12826	0.0	3206500	0.0			1.0	1.0
95	72	0.0	12826	0.0	3206500	0.0			1.0	1.0
96	72	0.0	12826	0.0	3206500	0.0			1.0	1.0
97	72	0.0	12826	0.0	3206500	0.0			1.0	1.0
98	72	0.0	12826	0.0	3206500	0.0			1.0	1.0
99	72	0.0	12826	0.0	3206500	0.0			1.0	1.0
100	72	0.0	12826	0.0	3206500	0.0			1.0	1.0
1	73	1.0	12826	128.0	3206500	0.512	1.9531993177387914	0.965839179148308	0.4024880539650581	1.0
2	73	2.0	12826	119.0	3206500	0.476	4.20217999863701	2.0711379605781155	0.08450487843203866	1.0
3	73	0.0	12826	117.0	3206500	0.468	0.0		1.0	1.0
4	73	1.0	12826	93.0	3206500	0.372	2.6883036743591355	1.4266961160728944	0.3128862534268732	1.0
5	73	0.0	12826	139.0	3206500	0.556	0.0		1.0	1.0
6	73	1.0	12826	129.0	3206500	0.516	1.9380576333167112	0.9546114737787389	0.404868675050961	1.0
7	73	0.0	12826	106.0	3206500	0.424	0.0		1.0	1.0
8	73	1.0	12826	120.0	3206500	0.48	2.083417803768681	1.0589521831052575	0.38309707078439414	1.0
9	73	0.0	12826	130.0	3206500	0.52	0.0		1.0	1.0
10	73	0.0	12826	109.0	3206500	0.436	0.0		1.0	1.0
11	73	0.0	12826	114.0	3206500	0.456	0.0		1.0	1.0
12	73	0.0	12826	130.0	3206500	0.52	0.0		1.0	1.0
13	73	0.0	12826	121.0	3206500	0.484	0.0		1.0	1.0
14	73	1.0	12826	114.0	3206500	0.456	2.193075476214904	1.1329554642172417	0.36814199797369357	1.0
15	73	0.0	12826	102.0	3206500	0.408	0.0		1.0	1.0
16	73	0.0	12826	128.0	3206500	0.512	0.0		1.0	1.0
17	73	0.0	12826	88.0	3206500	0.352	0.0		1.0	1.0
18	73	1.0	12826	107.0	3206500	0.428	2.336552804649214	1.22438164158736	0.3502356216378729	1.0
19	73	0.0	12826	95.0	3206500	0.38	0.0		1.0	1.0
20	73	0.0	12826	94.0	3206500	0.376	0.0		1.0	1.0
21	73	0.0	12826	102.0	3206500	0.408	0.0		1.0	1.0
22	73	0.0	12826	106.0	3206500	0.424	0.0		1.0	1.0
23	73	0.0	12826	118.0	3206500	0.472	0.0		1.0	1.0
24	73	0.0	12826	126.0	3206500	0.504	0.0		1.0	1.0
25	73	0.0	12826	117.0	3206500	0.468	0.0		1.0	1.0
26	73	0.0	12826	129.0	3206500	0.516	0.0		1.0	1.0
27	73	0.0	12826	151.0	3206500	0.604	0.0		1.0	1.0
28	73	0.0	12826	122.0	3206500	0.488	0.0		1.0	1.0
29	73	1.0	12826	106.0	3206500	0.424	2.35859649122807	1.2379286233685354	0.34763647718452373	1.0
30	73	0.0	12826	93.0	3206500	0.372	0.0		1.0	1.0
31	73	0.0	12826	83.0	3206500	0.332	0.0		1.0	1.0
32	73	0.0	12826	123.0	3206500	0.492	0.0		1.0	1.0
33	73	1.0	12826	104.0	3206500	0.416	2.4039556155345627	1.265410259676677	0.34240695899159046	1.0
34	73	0.0	12826	106.0	3206500	0.424	0.0		1.0	1.0
35	73	1.0	12826	100.0	3206500	0.4	2.5001169590643273	1.3219955878134295	0.33182183245052643	1.0
36	73	1.0	12826	94.0	3206500	0.376	2.659703869603086	1.4112656255618852	0.31562383825965257	1.0
37	73	0.0	12826	73.0	3206500	0.292	0.0		1.0	1.0
38	73	1.0	12826	103.0	3206500	0.412	2.427295747459263	1.2793499005773574	0.339776501315344	1.0
39	73	0.0	12826	134.0	3206500	0.536	0.0		1.0	1.0
40	73	0.0	12826	102.0	3206500	0.408	0.0		1.0	1.0
41	73	0.0	12826	104.0	3206500	0.416	0.0		1.0	1.0
42	73	0.0	12826	91.0	3206500	0.364	0.0		1.0	1.0
43	73	0.0	12826	89.0	3206500	0.356	0.0		1.0	1.0
44	73	1.0	12826	98.0	3206500	0.392	2.5511413454270597	1.3511428333572968	0.3264655495952599	1.0
45	73	0.0	12826	121.0	3206500	0.484	0.0		1.0	1.0
46	73	0.0	12826	127.0	3206500	0.508	0.0		1.0	1.0
47	73	0.0	12826	94.0	3206500	0.376	0.0		1.0	1.0
48	73	0.0	12826	116.0	3206500	0.464	0.0		1.0	1.0
49	73	1.0	12826	111.0	3206500	0.444	2.2523498937534026	1.1714309618640866	0.3605290631857692	1.0
50	73	0.0	12826	90.0	3206500	0.36	0.0		1.0	1.0
51	73	1.0	12826	118.0	3206500	0.472	2.1187312915056	1.0832006292418985	0.37815179199096405	1.0
52	73	0.0	12826	88.0	3206500	0.352	0.0		1.0	1.0
53	73	0.0	12826	84.0	3206500	0.336	0.0		1.0	1.0
54	73	1.0	12826	91.0	3206500	0.364	2.747388985283722	1.4580611868646156	0.3073781903365389	1.0
55	73	0.0	12826	94.0	3206500	0.376	0.0		1.0	1.0
56	73	0.0	12826	102.0	3206500	0.408	0.0		1.0	1.0
57	73	0.0	12826	106.0	3206500	0.424	0.0		1.0	1.0
58	73	1.0	12826	127.0	3206500	0.508	1.968579453884054	0.9771549423223168	0.4000979107598677	1.0
59	73	0.0	12826	79.0	3206500	0.316	0.0		1.0	1.0
60	73	0.0	12826	112.0	3206500	0.448	0.0		1.0	1.0
61	73	0.0	12826	109.0	3206500	0.436	0.0		1.0	1.0
62	73	1.0	12826	81.0	3206500	0.324	3.08658243688783	1.626010323582198	0.2791684987903616	1.0
63	73	0.0	12826	104.0	3206500	0.416	0.0		1.0	1.0
64	73	0.0	12826	100.0	3206500	0.4	0.0		1.0	1.0
65	73	0.0	12826	96.0	3206500	0.384	0.0		1.0	1.0
66	73	0.0	12826	96.0	3206500	0.384	0.0		1.0	1.0
67	73	0.0	12826	136.0	3206500	0.544	0.0		1.0	1.0
68	73	1.0	12826	116.0	3206500	0.464	2.1552624857162064	1.1078635833655701	0.3731668737609993	1.0
69	73	0.0	12826	102.0	3206500	0.408	0.0		1.0	1.0
70	73	0.0	12826	106.0	3206500	0.424	0.0		1.0	1.0
71	73	1.0	12826	125.0	3206500	0.5	2.0000779727095517	1.000056244324324	0.39528890550067347	1.0
72	73	0.0	12826	94.0	3206500	0.376	0.0		1.0	1.0
73	73	0.0	12826	16.0	3206500	0.064	0.0		1.0	1.0
74	73	0.0	12826	0.0	3206500	0.0			1.0	1.0
75	73	0.0	12826	0.0	3206500	0.0			1.0	1.0
76	73	0.0	12826	0.0	3206500	0.0			1.0	1.0
77	73	0.0	12826	0.0	3206500	0.0			1.0	1.0
78	73	0.0	12826	0.0	3206500	0.0			1.0	1.0
79	73	0.0	12826	0.0	3206500	0.0			1.0	1.0
80	73	0.0	12826	0.0	3206500	0.0			1.0	1.0
81	73	0.0	12826	0.0	3206500	0.0			1.0	1.0
82	73	0.0	12826	0.0	3206500	0.0			1.0	1.0
83	73	0.0	12826	0.0	3206500	0.0			1.0	1.0
84	73	0.0	12826	0.0	3206500	0.0			1.0	1.0
85	73	0.0	12826	0.0	3206500	0.0			1.0	1.0
86	73	0.0	12826	0.0	3206500	0.0			1.0	1.0
87	73	0.0	12826	0.0	3206500	0.0			1.0	1.0
88	73	0.0	12826	0.0	3206500	0.0			1.0	1.0
89	73	0.0	12826	0.0	3206500	0.0			1.0	1.0
90	73	0.0	12826	0.0	3206500	0.0			1.0	1.0
91	73	0.0	12826	0.0	3206500	0.0			1.0	1.0
92	73	0.0	12826	0.0	3206500	0.0			1.0	1.0
93	73	0.0	12826	0.0	3206500	0.0			1.0	1.0
94	73	0.0	12826	0.0	3206500	0.0			1.0	1.0
95	73	0.0	12826	0.0	3206500	0.0			1.0	1.0
96	73	0.0	12826	0.0	3206500	0.0			1.0	1.0
97	73	0.0	12826	0.0	3206500	0.0			1.0	1.0
98	73	0.0	12826	0.0	3206500	0.0			1.0	1.0
99	73	0.0	12826	0.0	3206500	0.0			1.0	1.0
100	73	0.0	12826	0.0	3206500	0.0			1.0	1.0
1	74	1.0	12826	146.0	3206500	0.584	1.7123843093273519	0.7760065212131507	0.4439185264696749	1.0
2	74	1.0	12826	145.0	3206500	0.58	1.7241943940310547	0.7859224400269341	0.44169409922362796	1.0
3	74	1.0	12826	127.0	3206500	0.508	1.968579453884054	0.9771549423223168	0.4000979107598677	1.0
4	74	1.0	12826	159.0	3206500	0.636	1.5723716699155295	0.6529422754629348	0.472042350813031	1.0
5	74	0.0	12826	104.0	3206500	0.416	0.0		1.0	1.0
6	74	1.0	12826	125.0	3206500	0.5	2.0000779727095517	1.000056244324324	0.39528890550067347	1.0
7	74	0.0	12826	134.0	3206500	0.536	0.0		1.0	1.0
8	74	0.0	12826	130.0	3206500	0.52	0.0		1.0	1.0
9	74	0.0	12826	106.0	3206500	0.424	0.0		1.0	1.0
10	74	0.0	12826	142.0	3206500	0.568	0.0		1.0	1.0
11	74	0.0	12826	98.0	3206500	0.392	0.0		1.0	1.0
12	74	0.0	12826	110.0	3206500	0.44	0.0		1.0	1.0
13	74	0.0	12826	108.0	3206500	0.432	0.0		1.0	1.0
14	74	0.0	12826	131.0	3206500	0.524	0.0		1.0	1.0
15	74	0.0	12826	103.0	3206500	0.412	0.0		1.0	1.0
16	74	2.0	12826	117.0	3206500	0.468	4.274014801307378	2.095591904192337	0.08214115193936161	1.0
17	74	1.0	12826	123.0	3206500	0.492	2.032600833610675	1.023326923538538	0.39044135290992626	1.0
18	74	0.0	12826	91.0	3206500	0.364	0.0		1.0	1.0
19	74	0.0	12826	133.0	3206500	0.532	0.0		1.0	1.0
20	74	0.0	12826	116.0	3206500	0.464	0.0		1.0	1.0
21	74	0.0	12826	92.0	3206500	0.368	0.0		1.0	1.0
22	74	0.0	12826	143.0	3206500	0.572	0.0		1.0	1.0
23	74	0.0	12826	117.0	3206500	0.468	0.0		1.0	1.0
24	74	0.0	12826	101.0	3206500	0.404	0.0		1.0	1.0
25	74	0.0	12826	94.0	3206500	0.376	0.0		1.0	1.0
26	74	1.0	12826	113.0	3206500	0.452	2.2124839138160053	1.1456669659110057	0.36561447613271564	1.0
27	74	0.0	12826	99.0	3206500	0.396	0.0		1.0	1.0
28	74	0.0	12826	106.0	3206500	0.424	0.0		1.0	1.0
29	74	0.0	12826	143.0	3206500	0.572	0.0		1.0	1.0
30	74	0.0	12826	109.0	3206500	0.436	0.0		1.0	1.0
31	74	0.0	12826	110.0	3206500	0.44	0.0		1.0	1.0
32	74	0.0	12826	117.0	3206500	0.468	0.0		1.0	1.0
33	74	1.0	12826	108.0	3206500	0.432	2.314917334488485	1.2109606758816704	0.35282441089726513	1.0
34	74	0.0	12826	105.0	3206500	0.42	0.0		1.0	1.0
35	74	0.0	12826	108.0	3206500	0.432	0.0		1.0	1.0
36	74	0.0	12826	91.0	3206500	0.364	0.0		1.0	1.0
37	74	0.0	12826	99.0	3206500	0.396	0.0		1.0	1.0
38	74	0.0	12826	96.0	3206500	0.384	0.0		1.0	1.0
39	74	1.0	12826	108.0	3206500	0.432	2.314917334488485	1.2109606758816704	0.35282441089726513	1.0
40	74	1.0	12826	126.0	3206500	0.504	1.9842037191744795	0.9885601555406006	0.39769820763218666	1.0
41	74	0.0	12826	100.0	3206500	0.4	0.0		1.0	1.0
42	74	0.0	12826	123.0	3206500	0.492	0.0		1.0	1.0
43	74	0.0	12826	89.0	3206500	0.356	0.0		1.0	1.0
44	74	0.0	12826	114.0	3206500	0.456	0.0		1.0	1.0
45	74	0.0	12826	109.0	3206500	0.436	0.0		1.0	1.0
46	74	0.0	12826	122.0	3206500	0.488	0.0		1.0	1.0
47	74	0.0	12826	114.0	3206500	0.456	0.0		1.0	1.0
48	74	1.0	12826	94.0	3206500	0.376	2.659703869603086	1.4112656255618852	0.31562383825965257	1.0
49	74	0.0	12826	101.0	3206500	0.404	0.0		1.0	1.0
50	74	0.0	12826	101.0	3206500	0.404	0.0		1.0	1.0
51	74	0.0	12826	125.0	3206500	0.5	0.0		1.0	1.0
52	74	0.0	12826	133.0	3206500	0.532	0.0		1.0	1.0
53	74	0.0	12826	79.0	3206500	0.316	0.0		1.0	1.0
54	74	1.0	12826	89.0	3206500	0.356	2.809129815800425	1.490123295978739	0.30182597692472535	1.0
55	74	0.0	12826	112.0	3206500	0.448	0.0		1.0	1.0
56	74	0.0	12826	83.0	3206500	0.332	0.0		1.0	1.0
57	74	0.0	12826	124.0	3206500	0.496	0.0		1.0	1.0
58	74	1.0	12826	111.0	3206500	0.444	2.2523498937534026	1.1714309618640866	0.3605290631857692	1.0
59	74	0.0	12826	85.0	3206500	0.34	0.0		1.0	1.0
60	74	0.0	12826	111.0	3206500	0.444	0.0		1.0	1.0
61	74	0.0	12826	93.0	3206500	0.372	0.0		1.0	1.0
62	74	0.0	12826	111.0	3206500	0.444	0.0		1.0	1.0
63	74	0.0	12826	97.0	3206500	0.388	0.0		1.0	1.0
64	74	0.0	12826	104.0	3206500	0.416	0.0		1.0	1.0
65	74	0.0	12826	90.0	3206500	0.36	0.0		1.0	1.0
66	74	0.0	12826	84.0	3206500	0.336	0.0		1.0	1.0
67	74	0.0	12826	92.0	3206500	0.368	0.0		1.0	1.0
68	74	0.0	12826	115.0	3206500	0.46	0.0		1.0	1.0
69	74	0.0	12826	110.0	3206500	0.44	0.0		1.0	1.0
70	74	2.0	12826	141.0	3206500	0.564	3.546496374262796	1.8263944726637047	0.11175426755024882	1.0
71	74	0.0	12826	116.0	3206500	0.464	0.0		1.0	1.0
72	74	1.0	12826	99.0	3206500	0.396	2.5253714533246696	1.33649560745079	0.3291490362402692	1.0
73	74	2.0	12826	133.0	3206500	0.532	3.759828845351057	1.9106669891413708	0.10159745205418151	1.0
74	74	0.0	12826	37.0	3206500	0.148	0.0		1.0	1.0
75	74	0.0	12826	0.0	3206500	0.0			1.0	1.0
76	74	0.0	12826	0.0	3206500	0.0			1.0	1.0
77	74	0.0	12826	0.0	3206500	0.0			1.0	1.0
78	74	0.0	12826	0.0	3206500	0.0			1.0	1.0
79	74	0.0	12826	0.0	3206500	0.0			1.0	1.0
80	74	0.0	12826	0.0	3206500	0.0			1.0	1.0
81	74	0.0	12826	0.0	3206500	0.0			1.0	1.0
82	74	0.0	12826	0.0	3206500	0.0			1.0	1.0
83	74	0.0	12826	0.0	3206500	0.0			1.0	1.0
84	74	0.0	12826	0.0	3206500	0.0			1.0	1.0
85	74	0.0	12826	0.0	3206500	0.0			1.0	1.0
86	74	0.0	12826	0.0	3206500	0.0			1.0	1.0
87	74	0.0	12826	0.0	3206500	0.0			1.0	1.0
88	74	0.0	12826	0.0	3206500	0.0			1.0	1.0
89	74	0.0	12826	0.0	3206500	0.0			1.0	1.0
90	74	0.0	12826	0.0	3206500	0.0			1.0	1.0
91	74	0.0	12826	0.0	3206500	0.0			1.0	1.0
92	74	0.0	12826	0.0	3206500	0.0			1.0	1.0
93	74	0.0	12826	0.0	3206500	0.0			1.0	1.0
94	74	0.0	12826	0.0	3206500	0.0			1.0	1.0
95	74	0.0	12826	0.0	3206500	0.0			1.0	1.0
96	74	0.0	12826	0.0	3206500	0.0			1.0	1.0
97	74	0.0	12826	0.0	3206500	0.0			1.0	1.0
98	74	0.0	12826	0.0	3206500	0.0			1.0	1.0
99	74	0.0	12826	0.0	3206500	0.0			1.0	1.0
100	74	0.0	12826	0.0	3206500	0.0			1.0	1.0
1	75	0.0	12826	120.0	3206500	0.48	0.0		1.0	1.0
2	75	5.0	12826	127.0	3206500	0.508	9.845968136675372	3.2995330707595776	0.00020392841262677932	0.03707789320486896
3	75	0.0	12826	116.0	3206500	0.464	0.0		1.0	1.0
4	75	2.0	12826	98.0	3206500	0.392	5.102680560683413	2.3512553285845277	0.060800365636418455	1.0
5	75	1.0	12826	71.0	3206500	0.284	3.5213233396480246	1.8161177063516192	0.2498099520797939	1.0
6	75	0.0	12826	104.0	3206500	0.416	0.0		1.0	1.0
7	75	1.0	12826	137.0	3206500	0.548	1.8248818315049586	0.8678030466658946	0.4235753674721134	1.0
8	75	0.0	12826	116.0	3206500	0.464	0.0		1.0	1.0
9	75	0.0	12826	117.0	3206500	0.468	0.0		1.0	1.0
10	75	1.0	12826	128.0	3206500	0.512	1.9531993177387914	0.965839179148308	0.4024880539650581	1.0
11	75	0.0	12826	94.0	3206500	0.376	0.0		1.0	1.0
12	75	0.0	12826	100.0	3206500	0.4	0.0		1.0	1.0
13	75	0.0	12826	103.0	3206500	0.412	0.0		1.0	1.0
14	75	0.0	12826	97.0	3206500	0.388	0.0		1.0	1.0
15	75	0.0	12826	108.0	3206500	0.432	0.0		1.0	1.0
16	75	0.0	12826	102.0	3206500	0.408	0.0		1.0	1.0
17	75	0.0	12826	105.0	3206500	0.42	0.0		1.0	1.0
18	75	2.0	12826	106.0	3206500	0.424	4.71756082345602	2.238041118595766	0.06952804285556825	1.0
19	75	0.0	12826	103.0	3206500	0.412	0.0		1.0	1.0
20	75	0.0	12826	81.0	3206500	0.324	0.0		1.0	1.0
21	75	0.0	12826	126.0	3206500	0.504	0.0		1.0	1.0
22	75	0.0	12826	94.0	3206500	0.376	0.0		1.0	1.0
23	75	0.0	12826	91.0	3206500	0.364	0.0		1.0	1.0
24	75	0.0	12826	99.0	3206500	0.396	0.0		1.0	1.0
25	75	1.0	12826	105.0	3206500	0.42	2.3810600575512857	1.2516040102086994	0.3450269368489083	1.0
26	75	0.0	12826	82.0	3206500	0.328	0.0		1.0	1.0
27	75	0.0	12826	75.0	3206500	0.3	0.0		1.0	1.0
28	75	1.0	12826	81.0	3206500	0.324	3.08658243688783	1.626010323582198	0.2791684987903616	1.0
29	75	0.0	12826	107.0	3206500	0.428	0.0		1.0	1.0
30	75	0.0	12826	99.0	3206500	0.396	0.0		1.0	1.0
31	75	1.0	12826	127.0	3206500	0.508	1.968579453884054	0.9771549423223168	0.4000979107598677	1.0
32	75	1.0	12826	82.0	3206500	0.328	3.0489402367707887	1.6083078719090196	0.2820404105090681	1.0
33	75	0.0	12826	86.0	3206500	0.344	0.0		1.0	1.0
34	75	0.0	12826	74.0	3206500	0.296	0.0		1.0	1.0
35	75	0.0	12826	102.0	3206500	0.408	0.0		1.0	1.0
36	75	0.0	12826	90.0	3206500	0.36	0.0		1.0	1.0
37	75	0.0	12826	87.0	3206500	0.348	0.0		1.0	1.0
38	75	0.0	12826	80.0	3206500	0.32	0.0		1.0	1.0
39	75	0.0	12826	95.0	3206500	0.38	0.0		1.0	1.0
40	75	0.0	12826	110.0	3206500	0.44	0.0		1.0	1.0
41	75	1.0	12826	82.0	3206500	0.328	3.0489402367707887	1.6083078719090196	0.2820404105090681	1.0
42	75	0.0	12826	98.0	3206500	0.392	0.0		1.0	1.0
43	75	0.0	12826	108.0	3206500	0.432	0.0		1.0	1.0
44	75	1.0	12826	128.0	3206500	0.512	1.9531993177387914	0.965839179148308	0.4024880539650581	1.0
45	75	0.0	12826	84.0	3206500	0.336	0.0		1.0	1.0
46	75	0.0	12826	111.0	3206500	0.444	0.0		1.0	1.0
47	75	0.0	12826	98.0	3206500	0.392	0.0		1.0	1.0
48	75	0.0	12826	87.0	3206500	0.348	0.0		1.0	1.0
49	75	0.0	12826	96.0	3206500	0.384	0.0		1.0	1.0
50	75	1.0	12826	90.0	3206500	0.36	2.777916395928092	1.4740031806746199	0.30460762453902973	1.0
51	75	0.0	12826	81.0	3206500	0.324	0.0		1.0	1.0
52	75	0.0	12826	72.0	3206500	0.288	0.0		1.0	1.0
53	75	0.0	12826	65.0	3206500	0.26	0.0		1.0	1.0
54	75	0.0	12826	77.0	3206500	0.308	0.0		1.0	1.0
55	75	0.0	12826	79.0	3206500	0.316	0.0		1.0	1.0
56	75	0.0	12826	104.0	3206500	0.416	0.0		1.0	1.0
57	75	0.0	12826	78.0	3206500	0.312	0.0		1.0	1.0
58	75	0.0	12826	85.0	3206500	0.34	0.0		1.0	1.0
59	75	1.0	12826	88.0	3206500	0.352	2.8410526315789473	1.5064255582485413	0.29903320328437066	1.0
60	75	0.0	12826	112.0	3206500	0.448	0.0		1.0	1.0
61	75	0.0	12826	79.0	3206500	0.316	0.0		1.0	1.0
62	75	1.0	12826	333.0	3206500	1.332	0.7507313161114331	-0.4136314298519258	1.0	1.0
63	75	0.0	12826	80.0	3206500	0.32	0.0		1.0	1.0
64	75	0.0	12826	89.0	3206500	0.356	0.0		1.0	1.0
65	75	0.0	12826	105.0	3206500	0.42	0.0		1.0	1.0
66	75	0.0	12826	93.0	3206500	0.372	0.0		1.0	1.0
67	75	0.0	12826	76.0	3206500	0.304	0.0		1.0	1.0
68	75	1.0	12826	116.0	3206500	0.464	2.1552624857162064	1.1078635833655701	0.3731668737609993	1.0
69	75	0.0	12826	123.0	3206500	0.492	0.0		1.0	1.0
70	75	0.0	12826	66.0	3206500	0.264	0.0		1.0	1.0
71	75	0.0	12826	99.0	3206500	0.396	0.0		1.0	1.0
72	75	0.0	12826	73.0	3206500	0.292	0.0		1.0	1.0
73	75	3.0	12826	108.0	3206500	0.432	6.945835174642786	2.7961481758298716	0.010187698373239783	0.94363576841739
74	75	0.0	12826	80.0	3206500	0.32	0.0		1.0	1.0
75	75	0.0	12826	15.0	3206500	0.06	0.0		1.0	1.0
76	75	0.0	12826	0.0	3206500	0.0			1.0	1.0
77	75	0.0	12826	0.0	3206500	0.0			1.0	1.0
78	75	0.0	12826	0.0	3206500	0.0			1.0	1.0
79	75	0.0	12826	0.0	3206500	0.0			1.0	1.0
80	75	0.0	12826	0.0	3206500	0.0			1.0	1.0
81	75	0.0	12826	0.0	3206500	0.0			1.0	1.0
82	75	0.0	12826	0.0	3206500	0.0			1.0	1.0
83	75	0.0	12826	0.0	3206500	0.0			1.0	1.0
84	75	0.0	12826	0.0	3206500	0.0			1.0	1.0
85	75	0.0	12826	0.0	3206500	0.0			1.0	1.0
86	75	0.0	12826	0.0	3206500	0.0			1.0	1.0
87	75	0.0	12826	0.0	3206500	0.0			1.0	1.0
88	75	0.0	12826	0.0	3206500	0.0			1.0	1.0
89	75	0.0	12826	0.0	3206500	0.0			1.0	1.0
90	75	0.0	12826	0.0	3206500	0.0			1.0	1.0
91	75	0.0	12826	0.0	3206500	0.0			1.0	1.0
92	75	0.0	12826	0.0	3206500	0.0			1.0	1.0
93	75	0.0	12826	0.0	3206500	0.0			1.0	1.0
94	75	0.0	12826	0.0	3206500	0.0			1.0	1.0
95	75	0.0	12826	0.0	3206500	0.0			1.0	1.0
96	75	0.0	12826	0.0	3206500	0.0			1.0	1.0
97	75	0.0	12826	0.0	3206500	0.0			1.0	1.0
98	75	0.0	12826	0.0	3206500	0.0			1.0	1.0
99	75	0.0	12826	0.0	3206500	0.0			1.0	1.0
100	75	0.0	12826	0.0	3206500	0.0			1.0	1.0
1	76	0.0	12826	111.0	3206500	0.444	0.0		1.0	1.0
2	76	0.0	12826	127.0	3206500	0.508	0.0		1.0	1.0
3	76	1.0	12826	97.0	3206500	0.388	2.5774425755109425	1.3659402852273423	0.3237713293920878	1.0
4	76	3.0	12826	99.0	3206500	0.396	7.577296004575112	2.9216831073989913	0.008096561146139448	0.7937805045234754
5	76	1.0	12826	102.0	3206500	0.408	2.4510935290295457	1.293425535731747	0.33713552241623157	1.0
6	76	0.0	12826	109.0	3206500	0.436	0.0		1.0	1.0
7	76	0.0	12826	83.0	3206500	0.332	0.0		1.0	1.0
8	76	0.0	12826	126.0	3206500	0.504	0.0		1.0	1.0
9	76	0.0	12826	112.0	3206500	0.448	0.0		1.0	1.0
10	76	0.0	12826	114.0	3206500	0.456	0.0		1.0	1.0
11	76	1.0	12826	98.0	3206500	0.392	2.5511413454270597	1.3511428333572968	0.3264655495952599	1.0
12	76	0.0	12826	109.0	3206500	0.436	0.0		1.0	1.0
13	76	0.0	12826	111.0	3206500	0.444	0.0		1.0	1.0
14	76	0.0	12826	86.0	3206500	0.344	0.0		1.0	1.0
15	76	0.0	12826	91.0	3206500	0.364	0.0		1.0	1.0
16	76	0.0	12826	118.0	3206500	0.472	0.0		1.0	1.0
17	76	0.0	12826	107.0	3206500	0.428	0.0		1.0	1.0
18	76	0.0	12826	81.0	3206500	0.324	0.0		1.0	1.0
19	76	0.0	12826	76.0	3206500	0.304	0.0		1.0	1.0
20	76	0.0	12826	121.0	3206500	0.484	0.0		1.0	1.0
21	76	0.0	12826	89.0	3206500	0.356	0.0		1.0	1.0
22	76	0.0	12826	87.0	3206500	0.348	0.0		1.0	1.0
23	76	0.0	12826	105.0	3206500	0.42	0.0		1.0	1.0
24	76	0.0	12826	94.0	3206500	0.376	0.0		1.0	1.0
25	76	0.0	12826	88.0	3206500	0.352	0.0		1.0	1.0
26	76	0.0	12826	86.0	3206500	0.344	0.0		1.0	1.0
27	76	1.0	12826	97.0	3206500	0.388	2.5774425755109425	1.3659402852273423	0.3237713293920878	1.0
28	76	1.0	12826	95.0	3206500	0.38	2.6317061659997947	1.3959984189670307	0.31835051691674066	1.0
29	76	0.0	12826	88.0	3206500	0.352	0.0		1.0	1.0
30	76	0.0	12826	93.0	3206500	0.372	0.0		1.0	1.0
31	76	0.0	12826	120.0	3206500	0.48	0.0		1.0	1.0
32	76	0.0	12826	90.0	3206500	0.36	0.0		1.0	1.0
33	76	0.0	12826	91.0	3206500	0.364	0.0		1.0	1.0
34	76	0.0	12826	104.0	3206500	0.416	0.0		1.0	1.0
35	76	0.0	12826	76.0	3206500	0.304	0.0		1.0	1.0
36	76	1.0	12826	96.0	3206500	0.384	2.6042917478882393	1.3808910766351383	0.32106633294308856	1.0
37	76	0.0	12826	90.0	3206500	0.36	0.0		1.0	1.0
38	76	0.0	12826	89.0	3206500	0.356	0.0		1.0	1.0
39	76	0.0	12826	103.0	3206500	0.412	0.0		1.0	1.0
40	76	0.0	12826	112.0	3206500	0.448	0.0		1.0	1.0
41	76	0.0	12826	98.0	3206500	0.392	0.0		1.0	1.0
42	76	1.0	12826	83.0	3206500	0.332	3.012205077620423	1.5908199952403186	0.2849008810483778	1.0
43	76	0.0	12826	70.0	3206500	0.28	0.0		1.0	1.0
44	76	0.0	12826	100.0	3206500	0.4	0.0		1.0	1.0
45	76	0.0	12826	85.0	3206500	0.34	0.0		1.0	1.0
46	76	1.0	12826	90.0	3206500	0.36	2.777916395928092	1.4740031806746199	0.30460762453902973	1.0
47	76	0.0	12826	123.0	3206500	0.492	0.0		1.0	1.0
48	76	1.0	12826	102.0	3206500	0.408	2.4510935290295457	1.293425535731747	0.33713552241623157	1.0
49	76	0.0	12826	89.0	3206500	0.356	0.0		1.0	1.0
50	76	0.0	12826	91.0	3206500	0.364	0.0		1.0	1.0
51	76	0.0	12826	89.0	3206500	0.356	0.0		1.0	1.0
52	76	0.0	12826	76.0	3206500	0.304	0.0		1.0	1.0
53	76	0.0	12826	74.0	3206500	0.296	0.0		1.0	1.0
54	76	0.0	12826	77.0	3206500	0.308	0.0		1.0	1.0
55	76	0.0	12826	83.0	3206500	0.332	0.0		1.0	1.0
56	76	0.0	12826	86.0	3206500	0.344	0.0		1.0	1.0
57	76	0.0	12826	63.0	3206500	0.252	0.0		1.0	1.0
58	76	0.0	12826	71.0	3206500	0.284	0.0		1.0	1.0
59	76	0.0	12826	106.0	3206500	0.424	0.0		1.0	1.0
60	76	0.0	12826	90.0	3206500	0.36	0.0		1.0	1.0
61	76	0.0	12826	79.0	3206500	0.316	0.0		1.0	1.0
62	76	0.0	12826	86.0	3206500	0.344	0.0		1.0	1.0
63	76	0.0	12826	66.0	3206500	0.264	0.0		1.0	1.0
64	76	0.0	12826	103.0	3206500	0.412	0.0		1.0	1.0
65	76	0.0	12826	75.0	3206500	0.3	0.0		1.0	1.0
66	76	0.0	12826	119.0	3206500	0.476	0.0		1.0	1.0
67	76	0.0	12826	99.0	3206500	0.396	0.0		1.0	1.0
68	76	1.0	12826	113.0	3206500	0.452	2.2124839138160053	1.1456669659110057	0.36561447613271564	1.0
69	76	0.0	12826	63.0	3206500	0.252	0.0		1.0	1.0
70	76	0.0	12826	76.0	3206500	0.304	0.0		1.0	1.0
71	76	0.0	12826	81.0	3206500	0.324	0.0		1.0	1.0
72	76	1.0	12826	90.0	3206500	0.36	2.777916395928092	1.4740031806746199	0.30460762453902973	1.0
73	76	0.0	12826	81.0	3206500	0.324	0.0		1.0	1.0
74	76	0.0	12826	120.0	3206500	0.48	0.0		1.0	1.0
75	76	0.0	12826	81.0	3206500	0.324	0.0		1.0	1.0
76	76	0.0	12826	24.0	3206500	0.096	0.0		1.0	1.0
77	76	0.0	12826	0.0	3206500	0.0			1.0	1.0
78	76	0.0	12826	0.0	3206500	0.0			1.0	1.0
79	76	0.0	12826	0.0	3206500	0.0			1.0	1.0
80	76	0.0	12826	0.0	3206500	0.0			1.0	1.0
81	76	0.0	12826	0.0	3206500	0.0			1.0	1.0
82	76	0.0	12826	0.0	3206500	0.0			1.0	1.0
83	76	0.0	12826	0.0	3206500	0.0			1.0	1.0
84	76	0.0	12826	0.0	3206500	0.0			1.0	1.0
85	76	0.0	12826	0.0	3206500	0.0			1.0	1.0
86	76	0.0	12826	0.0	3206500	0.0			1.0	1.0
87	76	0.0	12826	0.0	3206500	0.0			1.0	1.0
88	76	0.0	12826	0.0	3206500	0.0			1.0	1.0
89	76	0.0	12826	0.0	3206500	0.0			1.0	1.0
90	76	0.0	12826	0.0	3206500	0.0			1.0	1.0
91	76	0.0	12826	0.0	3206500	0.0			1.0	1.0
92	76	0.0	12826	0.0	3206500	0.0			1.0	1.0
93	76	0.0	12826	0.0	3206500	0.0			1.0	1.0
94	76	0.0	12826	0.0	3206500	0.0			1.0	1.0
95	76	0.0	12826	0.0	3206500	0.0			1.0	1.0
96	76	0.0	12826	0.0	3206500	0.0			1.0	1.0
97	76	0.0	12826	0.0	3206500	0.0			1.0	1.0
98	76	0.0	12826	0.0	3206500	0.0			1.0	1.0
99	76	0.0	12826	0.0	3206500	0.0			1.0	1.0
100	76	0.0	12826	0.0	3206500	0.0			1.0	1.0
1	77	0.0	12826	118.0	3206500	0.472	0.0		1.0	1.0
2	77	3.0	12826	128.0	3206500	0.512	5.8605118731966	2.5510266790965095	0.01586300555354766	1.0
3	77	1.0	12826	106.0	3206500	0.424	2.35859649122807	1.2379286233685354	0.34763647718452373	1.0
4	77	2.0	12826	93.0	3206500	0.372	5.377026610052388	2.426808611300125	0.05555327272489954	1.0
5	77	0.0	12826	163.0	3206500	0.652	0.0		1.0	1.0
6	77	0.0	12826	131.0	3206500	0.524	0.0		1.0	1.0
7	77	0.0	12826	125.0	3206500	0.5	0.0		1.0	1.0
8	77	1.0	12826	164.0	3206500	0.656	1.5244311320306185	0.6082709763744771	0.4824764880053233	1.0
9	77	0.0	12826	125.0	3206500	0.5	0.0		1.0	1.0
10	77	1.0	12826	111.0	3206500	0.444	2.2523498937534026	1.1714309618640866	0.3605290631857692	1.0
11	77	1.0	12826	114.0	3206500	0.456	2.193075476214904	1.1329554642172417	0.36814199797369357	1.0
12	77	0.0	12826	85.0	3206500	0.34	0.0		1.0	1.0
13	77	0.0	12826	99.0	3206500	0.396	0.0		1.0	1.0
14	77	0.0	12826	94.0	3206500	0.376	0.0		1.0	1.0
15	77	0.0	12826	110.0	3206500	0.44	0.0		1.0	1.0
16	77	0.0	12826	94.0	3206500	0.376	0.0		1.0	1.0
17	77	0.0	12826	113.0	3206500	0.452	0.0		1.0	1.0
18	77	0.0	12826	91.0	3206500	0.364	0.0		1.0	1.0
19	77	0.0	12826	85.0	3206500	0.34	0.0		1.0	1.0
20	77	0.0	12826	94.0	3206500	0.376	0.0		1.0	1.0
21	77	0.0	12826	110.0	3206500	0.44	0.0		1.0	1.0
22	77	0.0	12826	102.0	3206500	0.408	0.0		1.0	1.0
23	77	0.0	12826	82.0	3206500	0.328	0.0		1.0	1.0
24	77	1.0	12826	104.0	3206500	0.416	2.4039556155345627	1.265410259676677	0.34240695899159046	1.0
25	77	0.0	12826	101.0	3206500	0.404	0.0		1.0	1.0
26	77	0.0	12826	91.0	3206500	0.364	0.0		1.0	1.0
27	77	0.0	12826	71.0	3206500	0.284	0.0		1.0	1.0
28	77	0.0	12826	92.0	3206500	0.368	0.0		1.0	1.0
29	77	1.0	12826	93.0	3206500	0.372	2.6883036743591355	1.4266961160728944	0.3128862534268732	1.0
30	77	0.0	12826	73.0	3206500	0.292	0.0		1.0	1.0
31	77	0.0	12826	101.0	3206500	0.404	0.0		1.0	1.0
32	77	0.0	12826	91.0	3206500	0.364	0.0		1.0	1.0
33	77	0.0	12826	85.0	3206500	0.34	0.0		1.0	1.0
34	77	1.0	12826	92.0	3206500	0.368	2.7175252140011867	1.4422934210651763	0.31013771867884754	1.0
35	77	1.0	12826	86.0	3206500	0.344	2.9071254363298427	1.5395933220647235	0.29341409984359573	1.0
36	77	0.0	12826	86.0	3206500	0.344	0.0		1.0	1.0
37	77	0.0	12826	75.0	3206500	0.3	0.0		1.0	1.0
38	77	0.0	12826	93.0	3206500	0.372	0.0		1.0	1.0
39	77	0.0	12826	95.0	3206500	0.38	0.0		1.0	1.0
40	77	0.0	12826	100.0	3206500	0.4	0.0		1.0	1.0
41	77	0.0	12826	98.0	3206500	0.392	0.0		1.0	1.0
42	77	0.0	12826	101.0	3206500	0.404	0.0		1.0	1.0
43	77	0.0	12826	98.0	3206500	0.392	0.0		1.0	1.0
44	77	0.0	12826	83.0	3206500	0.332	0.0		1.0	1.0
45	77	0.0	12826	90.0	3206500	0.36	0.0		1.0	1.0
46	77	0.0	12826	104.0	3206500	0.416	0.0		1.0	1.0
47	77	0.0	12826	95.0	3206500	0.38	0.0		1.0	1.0
48	77	0.0	12826	82.0	3206500	0.328	0.0		1.0	1.0
49	77	0.0	12826	92.0	3206500	0.368	0.0		1.0	1.0
50	77	0.0	12826	82.0	3206500	0.328	0.0		1.0	1.0
51	77	0.0	12826	67.0	3206500	0.268	0.0		1.0	1.0
52	77	0.0	12826	102.0	3206500	0.408	0.0		1.0	1.0
53	77	0.0	12826	85.0	3206500	0.34	0.0		1.0	1.0
54	77	0.0	12826	75.0	3206500	0.3	0.0		1.0	1.0
55	77	1.0	12826	87.0	3206500	0.348	2.873709305191459	1.5229141309776721	0.29622925921768667	1.0
56	77	0.0	12826	107.0	3206500	0.428	0.0		1.0	1.0
57	77	0.0	12826	88.0	3206500	0.352	0.0		1.0	1.0
58	77	0.0	12826	104.0	3206500	0.416	0.0		1.0	1.0
59	77	0.0	12826	96.0	3206500	0.384	0.0		1.0	1.0
60	77	0.0	12826	103.0	3206500	0.412	0.0		1.0	1.0
61	77	0.0	12826	77.0	3206500	0.308	0.0		1.0	1.0
62	77	0.0	12826	84.0	3206500	0.336	0.0		1.0	1.0
63	77	0.0	12826	86.0	3206500	0.344	0.0		1.0	1.0
64	77	0.0	12826	81.0	3206500	0.324	0.0		1.0	1.0
65	77	0.0	12826	85.0	3206500	0.34	0.0		1.0	1.0
66	77	1.0	12826	91.0	3206500	0.364	2.747388985283722	1.4580611868646156	0.3073781903365389	1.0
67	77	0.0	12826	80.0	3206500	0.32	0.0		1.0	1.0
68	77	0.0	12826	77.0	3206500	0.308	0.0		1.0	1.0
69	77	1.0	12826	79.0	3206500	0.316	3.1647257383966245	1.6620804781687382	0.2733901679930437	1.0
70	77	0.0	12826	89.0	3206500	0.356	0.0		1.0	1.0
71	77	0.0	12826	96.0	3206500	0.384	0.0		1.0	1.0
72	77	0.0	12826	147.0	3206500	0.588	0.0		1.0	1.0
73	77	0.0	12826	74.0	3206500	0.296	0.0		1.0	1.0
74	77	1.0	12826	107.0	3206500	0.428	2.336552804649214	1.22438164158736	0.3502356216378729	1.0
75	77	1.0	12826	115.0	3206500	0.46	2.174004576659039	1.1203549774932575	0.3706594505731829	1.0
76	77	0.0	12826	94.0	3206500	0.376	0.0		1.0	1.0
77	77	0.0	12826	23.0	3206500	0.092	0.0		1.0	1.0
78	77	0.0	12826	0.0	3206500	0.0			1.0	1.0
79	77	0.0	12826	0.0	3206500	0.0			1.0	1.0
80	77	0.0	12826	0.0	3206500	0.0			1.0	1.0
81	77	0.0	12826	0.0	3206500	0.0			1.0	1.0
82	77	0.0	12826	0.0	3206500	0.0			1.0	1.0
83	77	0.0	12826	0.0	3206500	0.0			1.0	1.0
84	77	0.0	12826	0.0	3206500	0.0			1.0	1.0
85	77	0.0	12826	0.0	3206500	0.0			1.0	1.0
86	77	0.0	12826	0.0	3206500	0.0			1.0	1.0
87	77	0.0	12826	0.0	3206500	0.0			1.0	1.0
88	77	0.0	12826	0.0	3206500	0.0			1.0	1.0
89	77	0.0	12826	0.0	3206500	0.0			1.0	1.0
90	77	0.0	12826	0.0	3206500	0.0			1.0	1.0
91	77	0.0	12826	0.0	3206500	0.0			1.0	1.0
92	77	0.0	12826	0.0	3206500	0.0			1.0	1.0
93	77	0.0	12826	0.0	3206500	0.0			1.0	1.0
94	77	0.0	12826	0.0	3206500	0.0			1.0	1.0
95	77	0.0	12826	0.0	3206500	0.0			1.0	1.0
96	77	0.0	12826	0.0	3206500	0.0			1.0	1.0
97	77	0.0	12826	0.0	3206500	0.0			1.0	1.0
98	77	0.0	12826	0.0	3206500	0.0			1.0	1.0
99	77	0.0	12826	0.0	3206500	0.0			1.0	1.0
100	77	0.0	12826	0.0	3206500	0.0			1.0	1.0
1	78	0.0	12826	102.0	3206500	0.408	0.0		1.0	1.0
2	78	2.0	12826	153.0	3206500	0.612	3.268327563922221	1.7085525829829136	0.12744849546821244	1.0
3	78	0.0	12826	106.0	3206500	0.424	0.0		1.0	1.0
4	78	0.0	12826	118.0	3206500	0.472	0.0		1.0	1.0
5	78	0.0	12826	119.0	3206500	0.476	0.0		1.0	1.0
6	78	0.0	12826	119.0	3206500	0.476	0.0		1.0	1.0
7	78	0.0	12826	112.0	3206500	0.448	0.0		1.0	1.0
8	78	1.0	12826	118.0	3206500	0.472	2.1187312915056	1.0832006292418985	0.37815179199096405	1.0
9	78	0.0	12826	112.0	3206500	0.448	0.0		1.0	1.0
10	78	0.0	12826	124.0	3206500	0.496	0.0		1.0	1.0
11	78	0.0	12826	104.0	3206500	0.416	0.0		1.0	1.0
12	78	0.0	12826	105.0	3206500	0.42	0.0		1.0	1.0
13	78	1.0	12826	86.0	3206500	0.344	2.9071254363298427	1.5395933220647235	0.29341409984359573	1.0
14	78	0.0	12826	95.0	3206500	0.38	0.0		1.0	1.0
15	78	0.0	12826	108.0	3206500	0.432	0.0		1.0	1.0
16	78	0.0	12826	93.0	3206500	0.372	0.0		1.0	1.0
17	78	0.0	12826	100.0	3206500	0.4	0.0		1.0	1.0
18	78	0.0	12826	95.0	3206500	0.38	0.0		1.0	1.0
19	78	0.0	12826	81.0	3206500	0.324	0.0		1.0	1.0
20	78	0.0	12826	111.0	3206500	0.444	0.0		1.0	1.0
21	78	0.0	12826	135.0	3206500	0.54	0.0		1.0	1.0
22	78	0.0	12826	87.0	3206500	0.348	0.0		1.0	1.0
23	78	0.0	12826	84.0	3206500	0.336	0.0		1.0	1.0
24	78	0.0	12826	96.0	3206500	0.384	0.0		1.0	1.0
25	78	0.0	12826	80.0	3206500	0.32	0.0		1.0	1.0
26	78	0.0	12826	88.0	3206500	0.352	0.0		1.0	1.0
27	78	0.0	12826	95.0	3206500	0.38	0.0		1.0	1.0
28	78	0.0	12826	88.0	3206500	0.352	0.0		1.0	1.0
29	78	1.0	12826	107.0	3206500	0.428	2.336552804649214	1.22438164158736	0.3502356216378729	1.0
30	78	0.0	12826	67.0	3206500	0.268	0.0		1.0	1.0
31	78	0.0	12826	95.0	3206500	0.38	0.0		1.0	1.0
32	78	0.0	12826	102.0	3206500	0.408	0.0		1.0	1.0
33	78	0.0	12826	113.0	3206500	0.452	0.0		1.0	1.0
34	78	0.0	12826	105.0	3206500	0.42	0.0		1.0	1.0
35	78	0.0	12826	84.0	3206500	0.336	0.0		1.0	1.0
36	78	0.0	12826	105.0	3206500	0.42	0.0		1.0	1.0
37	78	0.0	12826	95.0	3206500	0.38	0.0		1.0	1.0
38	78	0.0	12826	108.0	3206500	0.432	0.0		1.0	1.0
39	78	0.0	12826	118.0	3206500	0.472	0.0		1.0	1.0
40	78	0.0	12826	83.0	3206500	0.332	0.0		1.0	1.0
41	78	0.0	12826	71.0	3206500	0.284	0.0		1.0	1.0
42	78	0.0	12826	99.0	3206500	0.396	0.0		1.0	1.0
43	78	1.0	12826	81.0	3206500	0.324	3.08658243688783	1.626010323582198	0.2791684987903616	1.0
44	78	0.0	12826	106.0	3206500	0.424	0.0		1.0	1.0
45	78	0.0	12826	97.0	3206500	0.388	0.0		1.0	1.0
46	78	0.0	12826	97.0	3206500	0.388	0.0		1.0	1.0
47	78	0.0	12826	92.0	3206500	0.368	0.0		1.0	1.0
48	78	0.0	12826	83.0	3206500	0.332	0.0		1.0	1.0
49	78	0.0	12826	89.0	3206500	0.356	0.0		1.0	1.0
50	78	0.0	12826	96.0	3206500	0.384	0.0		1.0	1.0
51	78	0.0	12826	96.0	3206500	0.384	0.0		1.0	1.0
52	78	0.0	12826	92.0	3206500	0.368	0.0		1.0	1.0
53	78	0.0	12826	72.0	3206500	0.288	0.0		1.0	1.0
54	78	1.0	12826	85.0	3206500	0.34	2.941327829377365	1.5564675905694005	0.2905876805126903	1.0
55	78	0.0	12826	60.0	3206500	0.24	0.0		1.0	1.0
56	78	0.0	12826	84.0	3206500	0.336	0.0		1.0	1.0
57	78	0.0	12826	84.0	3206500	0.336	0.0		1.0	1.0
58	78	0.0	12826	91.0	3206500	0.364	0.0		1.0	1.0
59	78	0.0	12826	80.0	3206500	0.32	0.0		1.0	1.0
60	78	0.0	12826	90.0	3206500	0.36	0.0		1.0	1.0
61	78	0.0	12826	89.0	3206500	0.356	0.0		1.0	1.0
62	78	0.0	12826	106.0	3206500	0.424	0.0		1.0	1.0
63	78	0.0	12826	72.0	3206500	0.288	0.0		1.0	1.0
64	78	0.0	12826	77.0	3206500	0.308	0.0		1.0	1.0
65	78	0.0	12826	88.0	3206500	0.352	0.0		1.0	1.0
66	78	0.0	12826	84.0	3206500	0.336	0.0		1.0	1.0
67	78	0.0	12826	80.0	3206500	0.32	0.0		1.0	1.0
68	78	0.0	12826	96.0	3206500	0.384	0.0		1.0	1.0
69	78	0.0	12826	75.0	3206500	0.3	0.0		1.0	1.0
70	78	0.0	12826	91.0	3206500	0.364	0.0		1.0	1.0
71	78	1.0	12826	83.0	3206500	0.332	3.012205077620423	1.5908199952403186	0.2849008810483778	1.0
72	78	0.0	12826	74.0	3206500	0.296	0.0		1.0	1.0
73	78	0.0	12826	114.0	3206500	0.456	0.0		1.0	1.0
74	78	0.0	12826	98.0	3206500	0.392	0.0		1.0	1.0
75	78	0.0	12826	77.0	3206500	0.308	0.0		1.0	1.0
76	78	0.0	12826	111.0	3206500	0.444	0.0		1.0	1.0
77	78	0.0	12826	93.0	3206500	0.372	0.0		1.0	1.0
78	78	0.0	12826	14.0	3206500	0.056	0.0		1.0	1.0
79	78	0.0	12826	0.0	3206500	0.0			1.0	1.0
80	78	0.0	12826	0.0	3206500	0.0			1.0	1.0
81	78	0.0	12826	0.0	3206500	0.0			1.0	1.0
82	78	0.0	12826	0.0	3206500	0.0			1.0	1.0
83	78	0.0	12826	0.0	3206500	0.0			1.0	1.0
84	78	0.0	12826	0.0	3206500	0.0			1.0	1.0
85	78	0.0	12826	0.0	3206500	0.0			1.0	1.0
86	78	0.0	12826	0.0	3206500	0.0			1.0	1.0
87	78	0.0	12826	0.0	3206500	0.0			1.0	1.0
88	78	0.0	12826	0.0	3206500	0.0			1.0	1.0
89	78	0.0	12826	0.0	3206500	0.0			1.0	1.0
90	78	0.0	12826	0.0	3206500	0.0			1.0	1.0
91	78	0.0	12826	0.0	3206500	0.0			1.0	1.0
92	78	0.0	12826	0.0	3206500	0.0			1.0	1.0
93	78	0.0	12826	0.0	3206500	0.0			1.0	1.0
94	78	0.0	12826	0.0	3206500	0.0			1.0	1.0
95	78	0.0	12826	0.0	3206500	0.0			1.0	1.0
96	78	0.0	12826	0.0	3206500	0.0			1.0	1.0
97	78	0.0	12826	0.0	3206500	0.0			1.0	1.0
98	78	0.0	12826	0.0	3206500	0.0			1.0	1.0
99	78	0.0	12826	0.0	3206500	0.0			1.0	1.0
100	78	0.0	12826	0.0	3206500	0.0			1.0	1.0
1	79	0.0	12826	92.0	3206500	0.368	0.0		1.0	1.0
2	79	0.0	12826	121.0	3206500	0.484	0.0		1.0	1.0
3	79	2.0	12826	96.0	3206500	0.384	5.208989654813891	2.3810035718623688	0.058681671390942935	1.0
4	79	2.0	12826	88.0	3206500	0.352	5.682548346849657	2.506538053475772	0.050476352087887345	1.0
5	79	0.0	12826	93.0	3206500	0.372	0.0		1.0	1.0
6	79	1.0	12826	96.0	3206500	0.384	2.6042917478882393	1.3808910766351383	0.32106633294308856	1.0
7	79	0.0	12826	100.0	3206500	0.4	0.0		1.0	1.0
8	79	0.0	12826	85.0	3206500	0.34	0.0		1.0	1.0
9	79	0.0	12826	73.0	3206500	0.292	0.0		1.0	1.0
10	79	1.0	12826	106.0	3206500	0.424	2.35859649122807	1.2379286233685354	0.34763647718452373	1.0
11	79	2.0	12826	79.0	3206500	0.316	6.329945039759312	2.662192973395969	0.04179562195022243	1.0
12	79	0.0	12826	109.0	3206500	0.436	0.0		1.0	1.0
13	79	1.0	12826	103.0	3206500	0.412	2.427295747459263	1.2793499005773574	0.339776501315344	1.0
14	79	0.0	12826	84.0	3206500	0.336	0.0		1.0	1.0
15	79	0.0	12826	90.0	3206500	0.36	0.0		1.0	1.0
16	79	0.0	12826	99.0	3206500	0.396	0.0		1.0	1.0
17	79	0.0	12826	76.0	3206500	0.304	0.0		1.0	1.0
18	79	0.0	12826	92.0	3206500	0.368	0.0		1.0	1.0
19	79	0.0	12826	89.0	3206500	0.356	0.0		1.0	1.0
20	79	0.0	12826	83.0	3206500	0.332	0.0		1.0	1.0
21	79	0.0	12826	143.0	3206500	0.572	0.0		1.0	1.0
22	79	1.0	12826	91.0	3206500	0.364	2.747388985283722	1.4580611868646156	0.3073781903365389	1.0
23	79	0.0	12826	122.0	3206500	0.488	0.0		1.0	1.0
24	79	0.0	12826	93.0	3206500	0.372	0.0		1.0	1.0
25	79	0.0	12826	94.0	3206500	0.376	0.0		1.0	1.0
26	79	0.0	12826	94.0	3206500	0.376	0.0		1.0	1.0
27	79	0.0	12826	94.0	3206500	0.376	0.0		1.0	1.0
28	79	0.0	12826	75.0	3206500	0.3	0.0		1.0	1.0
29	79	0.0	12826	120.0	3206500	0.48	0.0		1.0	1.0
30	79	0.0	12826	81.0	3206500	0.324	0.0		1.0	1.0
31	79	0.0	12826	98.0	3206500	0.392	0.0		1.0	1.0
32	79	1.0	12826	86.0	3206500	0.344	2.9071254363298427	1.5395933220647235	0.29341409984359573	1.0
33	79	0.0	12826	78.0	3206500	0.312	0.0		1.0	1.0
34	79	1.0	12826	99.0	3206500	0.396	2.5253714533246696	1.33649560745079	0.3291490362402692	1.0
35	79	0.0	12826	97.0	3206500	0.388	0.0		1.0	1.0
36	79	1.0	12826	75.0	3206500	0.3	3.3335152696556207	1.737044335606313	0.2616941856218151	1.0
37	79	0.0	12826	112.0	3206500	0.448	0.0		1.0	1.0
38	79	0.0	12826	121.0	3206500	0.484	0.0		1.0	1.0
39	79	0.0	12826	69.0	3206500	0.276	0.0		1.0	1.0
40	79	0.0	12826	70.0	3206500	0.28	0.0		1.0	1.0
41	79	0.0	12826	102.0	3206500	0.408	0.0		1.0	1.0
42	79	0.0	12826	89.0	3206500	0.356	0.0		1.0	1.0
43	79	0.0	12826	75.0	3206500	0.3	0.0		1.0	1.0
44	79	3.0	12826	103.0	3206500	0.412	7.28302299645131	2.864537400525559	0.008991208256309027	0.8645392554143295
45	79	0.0	12826	81.0	3206500	0.324	0.0		1.0	1.0
46	79	0.0	12826	82.0	3206500	0.328	0.0		1.0	1.0
47	79	1.0	12826	81.0	3206500	0.324	3.08658243688783	1.626010323582198	0.2791684987903616	1.0
48	79	0.0	12826	78.0	3206500	0.312	0.0		1.0	1.0
49	79	0.0	12826	73.0	3206500	0.292	0.0		1.0	1.0
50	79	0.0	12826	111.0	3206500	0.444	0.0		1.0	1.0
51	79	0.0	12826	92.0	3206500	0.368	0.0		1.0	1.0
52	79	0.0	12826	92.0	3206500	0.368	0.0		1.0	1.0
53	79	1.0	12826	100.0	3206500	0.4	2.5001169590643273	1.3219955878134295	0.33182183245052643	1.0
54	79	0.0	12826	72.0	3206500	0.288	0.0		1.0	1.0
55	79	0.0	12826	113.0	3206500	0.452	0.0		1.0	1.0
56	79	0.0	12826	136.0	3206500	0.544	0.0		1.0	1.0
57	79	0.0	12826	78.0	3206500	0.312	0.0		1.0	1.0
58	79	0.0	12826	69.0	3206500	0.276	0.0		1.0	1.0
59	79	0.0	12826	80.0	3206500	0.32	0.0		1.0	1.0
60	79	0.0	12826	99.0	3206500	0.396	0.0		1.0	1.0
61	79	0.0	12826	108.0	3206500	0.432	0.0		1.0	1.0
62	79	1.0	12826	84.0	3206500	0.336	2.976344565116495	1.5735415538684827	0.28774995588304686	1.0
63	79	0.0	12826	90.0	3206500	0.36	0.0		1.0	1.0
64	79	0.0	12826	68.0	3206500	0.272	0.0		1.0	1.0
65	79	1.0	12826	67.0	3206500	0.268	3.731556253818626	1.899777435150391	0.23773443746122574	1.0
66	79	1.0	12826	64.0	3206500	0.256	3.9064766081871345	1.9658679754205868	0.22855042342015058	1.0
67	79	0.0	12826	87.0	3206500	0.348	0.0		1.0	1.0
68	79	2.0	12826	91.0	3206500	0.364	5.49520644670364	2.4581736820918465	0.05350158663923523	1.0
69	79	0.0	12826	90.0	3206500	0.36	0.0		1.0	1.0
70	79	0.0	12826	89.0	3206500	0.356	0.0		1.0	1.0
71	79	0.0	12826	89.0	3206500	0.356	0.0		1.0	1.0
72	79	0.0	12826	60.0	3206500	0.24	0.0		1.0	1.0
73	79	0.0	12826	81.0	3206500	0.324	0.0		1.0	1.0
74	79	0.0	12826	81.0	3206500	0.324	0.0		1.0	1.0
75	79	1.0	12826	78.0	3206500	0.312	3.205300144949268	1.6804594574228915	0.27048365714212763	1.0
76	79	1.0	12826	80.0	3206500	0.32	3.1251656920077973	1.6439326815190398	0.2762850999320252	1.0
77	79	0.0	12826	90.0	3206500	0.36	0.0		1.0	1.0
78	79	0.0	12826	83.0	3206500	0.332	0.0		1.0	1.0
79	79	0.0	12826	12.0	3206500	0.048	0.0		1.0	1.0
80	79	0.0	12826	0.0	3206500	0.0			1.0	1.0
81	79	0.0	12826	0.0	3206500	0.0			1.0	1.0
82	79	0.0	12826	0.0	3206500	0.0			1.0	1.0
83	79	0.0	12826	0.0	3206500	0.0			1.0	1.0
84	79	0.0	12826	0.0	3206500	0.0			1.0	1.0
85	79	0.0	12826	0.0	3206500	0.0			1.0	1.0
86	79	0.0	12826	0.0	3206500	0.0			1.0	1.0
87	79	0.0	12826	0.0	3206500	0.0			1.0	1.0
88	79	0.0	12826	0.0	3206500	0.0			1.0	1.0
89	79	0.0	12826	0.0	3206500	0.0			1.0	1.0
90	79	0.0	12826	0.0	3206500	0.0			1.0	1.0
91	79	0.0	12826	0.0	3206500	0.0			1.0	1.0
92	79	0.0	12826	0.0	3206500	0.0			1.0	1.0
93	79	0.0	12826	0.0	3206500	0.0			1.0	1.0
94	79	0.0	12826	0.0	3206500	0.0			1.0	1.0
95	79	0.0	12826	0.0	3206500	0.0			1.0	1.0
96	79	0.0	12826	0.0	3206500	0.0			1.0	1.0
97	79	0.0	12826	0.0	3206500	0.0			1.0	1.0
98	79	0.0	12826	0.0	3206500	0.0			1.0	1.0
99	79	0.0	12826	0.0	3206500	0.0			1.0	1.0
100	79	0.0	12826	0.0	3206500	0.0			1.0	1.0
1	80	0.0	12826	96.0	3206500	0.384	0.0		1.0	1.0
2	80	4.0	12826	162.0	3206500	0.648	6.174453244905073	2.6263113900110606	0.004607670309960842	0.495479910685137
3	80	0.0	12826	123.0	3206500	0.492	0.0		1.0	1.0
4	80	0.0	12826	97.0	3206500	0.388	0.0		1.0	1.0
5	80	0.0	12826	80.0	3206500	0.32	0.0		1.0	1.0
6	80	1.0	12826	100.0	3206500	0.4	2.5001169590643273	1.3219955878134295	0.33182183245052643	1.0
7	80	1.0	12826	133.0	3206500	0.532	1.8797678406542673	0.9105544939141402	0.4142966945985577	1.0
8	80	0.0	12826	96.0	3206500	0.384	0.0		1.0	1.0
9	80	0.0	12826	118.0	3206500	0.472	0.0		1.0	1.0
10	80	0.0	12826	132.0	3206500	0.528	0.0		1.0	1.0
11	80	0.0	12826	81.0	3206500	0.324	0.0		1.0	1.0
12	80	0.0	12826	106.0	3206500	0.424	0.0		1.0	1.0
13	80	0.0	12826	101.0	3206500	0.404	0.0		1.0	1.0
14	80	1.0	12826	141.0	3206500	0.564	1.77310992216554	0.826281977436474	0.43270705984821434	1.0
15	80	2.0	12826	96.0	3206500	0.384	5.208989654813891	2.3810035718623688	0.058681671390942935	1.0
16	80	1.0	12826	109.0	3206500	0.436	2.293678845431622	1.197663403324704	0.3554028869635475	1.0
17	80	0.0	12826	90.0	3206500	0.36	0.0		1.0	1.0
18	80	0.0	12826	79.0	3206500	0.316	0.0		1.0	1.0
19	80	0.0	12826	109.0	3206500	0.436	0.0		1.0	1.0
20	80	0.0	12826	88.0	3206500	0.352	0.0		1.0	1.0
21	80	0.0	12826	127.0	3206500	0.508	0.0		1.0	1.0
22	80	0.0	12826	76.0	3206500	0.304	0.0		1.0	1.0
23	80	2.0	12826	78.0	3206500	0.312	6.411100180750836	2.680571952650122	0.040869293174138954	1.0
24	80	0.0	12826	101.0	3206500	0.404	0.0		1.0	1.0
25	80	0.0	12826	85.0	3206500	0.34	0.0		1.0	1.0
26	80	0.0	12826	88.0	3206500	0.352	0.0		1.0	1.0
27	80	0.0	12826	92.0	3206500	0.368	0.0		1.0	1.0
28	80	0.0	12826	101.0	3206500	0.404	0.0		1.0	1.0
29	80	0.0	12826	120.0	3206500	0.48	0.0		1.0	1.0
30	80	0.0	12826	88.0	3206500	0.352	0.0		1.0	1.0
31	80	0.0	12826	95.0	3206500	0.38	0.0		1.0	1.0
32	80	0.0	12826	67.0	3206500	0.268	0.0		1.0	1.0
33	80	1.0	12826	95.0	3206500	0.38	2.6317061659997947	1.3959984189670307	0.31835051691674066	1.0
34	80	0.0	12826	91.0	3206500	0.364	0.0		1.0	1.0
35	80	0.0	12826	87.0	3206500	0.348	0.0		1.0	1.0
36	80	0.0	12826	87.0	3206500	0.348	0.0		1.0	1.0
37	80	1.0	12826	78.0	3206500	0.312	3.205300144949268	1.6804594574228915	0.27048365714212763	1.0
38	80	0.0	12826	105.0	3206500	0.42	0.0		1.0	1.0
39	80	1.0	12826	119.0	3206500	0.476	2.100926171638246	1.0710254653508846	0.38062936672875014	1.0
40	80	0.0	12826	110.0	3206500	0.44	0.0		1.0	1.0
41	80	1.0	12826	94.0	3206500	0.376	2.659703869603086	1.4112656255618852	0.31562383825965257	1.0
42	80	0.0	12826	107.0	3206500	0.428	0.0		1.0	1.0
43	80	1.0	12826	84.0	3206500	0.336	2.976344565116495	1.5735415538684827	0.28774995588304686	1.0
44	80	0.0	12826	80.0	3206500	0.32	0.0		1.0	1.0
45	80	0.0	12826	88.0	3206500	0.352	0.0		1.0	1.0
46	80	0.0	12826	87.0	3206500	0.348	0.0		1.0	1.0
47	80	0.0	12826	89.0	3206500	0.356	0.0		1.0	1.0
48	80	0.0	12826	78.0	3206500	0.312	0.0		1.0	1.0
49	80	0.0	12826	109.0	3206500	0.436	0.0		1.0	1.0
50	80	0.0	12826	60.0	3206500	0.24	0.0		1.0	1.0
51	80	0.0	12826	87.0	3206500	0.348	0.0		1.0	1.0
52	80	1.0	12826	98.0	3206500	0.392	2.5511413454270597	1.3511428333572968	0.3264655495952599	1.0
53	80	0.0	12826	91.0	3206500	0.364	0.0		1.0	1.0
54	80	0.0	12826	91.0	3206500	0.364	0.0		1.0	1.0
55	80	0.0	12826	91.0	3206500	0.364	0.0		1.0	1.0
56	80	0.0	12826	103.0	3206500	0.412	0.0		1.0	1.0
57	80	0.0	12826	90.0	3206500	0.36	0.0		1.0	1.0
58	80	0.0	12826	85.0	3206500	0.34	0.0		1.0	1.0
59	80	0.0	12826	95.0	3206500	0.38	0.0		1.0	1.0
60	80	0.0	12826	97.0	3206500	0.388	0.0		1.0	1.0
61	80	0.0	12826	104.0	3206500	0.416	0.0		1.0	1.0
62	80	0.0	12826	91.0	3206500	0.364	0.0		1.0	1.0
63	80	0.0	12826	92.0	3206500	0.368	0.0		1.0	1.0
64	80	0.0	12826	97.0	3206500	0.388	0.0		1.0	1.0
65	80	1.0	12826	88.0	3206500	0.352	2.8410526315789473	1.5064255582485413	0.29903320328437066	1.0
66	80	0.0	12826	81.0	3206500	0.324	0.0		1.0	1.0
67	80	0.0	12826	95.0	3206500	0.38	0.0		1.0	1.0
68	80	0.0	12826	107.0	3206500	0.428	0.0		1.0	1.0
69	80	0.0	12826	74.0	3206500	0.296	0.0		1.0	1.0
70	80	1.0	12826	92.0	3206500	0.368	2.7175252140011867	1.4422934210651763	0.31013771867884754	1.0
71	80	1.0	12826	84.0	3206500	0.336	2.976344565116495	1.5735415538684827	0.28774995588304686	1.0
72	80	0.0	12826	79.0	3206500	0.316	0.0		1.0	1.0
73	80	0.0	12826	79.0	3206500	0.316	0.0		1.0	1.0
74	80	1.0	12826	81.0	3206500	0.324	3.08658243688783	1.626010323582198	0.2791684987903616	1.0
75	80	0.0	12826	59.0	3206500	0.236	0.0		1.0	1.0
76	80	0.0	12826	93.0	3206500	0.372	0.0		1.0	1.0
77	80	0.0	12826	66.0	3206500	0.264	0.0		1.0	1.0
78	80	1.0	12826	119.0	3206500	0.476	2.100926171638246	1.0710254653508846	0.38062936672875014	1.0
79	80	0.0	12826	98.0	3206500	0.392	0.0		1.0	1.0
80	80	0.0	12826	17.0	3206500	0.068	0.0		1.0	1.0
81	80	0.0	12826	0.0	3206500	0.0			1.0	1.0
82	80	0.0	12826	0.0	3206500	0.0			1.0	1.0
83	80	0.0	12826	0.0	3206500	0.0			1.0	1.0
84	80	0.0	12826	0.0	3206500	0.0			1.0	1.0
85	80	0.0	12826	0.0	3206500	0.0			1.0	1.0
86	80	0.0	12826	0.0	3206500	0.0			1.0	1.0
87	80	0.0	12826	0.0	3206500	0.0			1.0	1.0
88	80	0.0	12826	0.0	3206500	0.0			1.0	1.0
89	80	0.0	12826	0.0	3206500	0.0			1.0	1.0
90	80	0.0	12826	0.0	3206500	0.0			1.0	1.0
91	80	0.0	12826	0.0	3206500	0.0			1.0	1.0
92	80	0.0	12826	0.0	3206500	0.0			1.0	1.0
93	80	0.0	12826	0.0	3206500	0.0			1.0	1.0
94	80	0.0	12826	0.0	3206500	0.0			1.0	1.0
95	80	0.0	12826	0.0	3206500	0.0			1.0	1.0
96	80	0.0	12826	0.0	3206500	0.0			1.0	1.0
97	80	0.0	12826	0.0	3206500	0.0			1.0	1.0
98	80	0.0	12826	0.0	3206500	0.0			1.0	1.0
99	80	0.0	12826	0.0	3206500	0.0			1.0	1.0
100	80	0.0	12826	0.0	3206500	0.0			1.0	1.0
1	81	0.0	12826	106.0	3206500	0.424	0.0		1.0	1.0
2	81	0.0	12826	121.0	3206500	0.484	0.0		1.0	1.0
3	81	0.0	12826	99.0	3206500	0.396	0.0		1.0	1.0
4	81	2.0	12826	86.0	3206500	0.344	5.81470426090615	2.539705817291954	0.048495236791962396	1.0
5	81	2.0	12826	85.0	3206500	0.34	5.883114381123629	2.5565800857966314	0.04751561143284905	1.0
6	81	0.0	12826	99.0	3206500	0.396	0.0		1.0	1.0
7	81	1.0	12826	120.0	3206500	0.48	2.083417803768681	1.0589521831052575	0.38309707078439414	1.0
8	81	0.0	12826	86.0	3206500	0.344	0.0		1.0	1.0
9	81	1.0	12826	107.0	3206500	0.428	2.336552804649214	1.22438164158736	0.3502356216378729	1.0
10	81	0.0	12826	108.0	3206500	0.432	0.0		1.0	1.0
11	81	0.0	12826	85.0	3206500	0.34	0.0		1.0	1.0
12	81	1.0	12826	106.0	3206500	0.424	2.35859649122807	1.2379286233685354	0.34763647718452373	1.0
13	81	0.0	12826	75.0	3206500	0.3	0.0		1.0	1.0
14	81	0.0	12826	83.0	3206500	0.332	0.0		1.0	1.0
15	81	1.0	12826	95.0	3206500	0.38	2.6317061659997947	1.3959984189670307	0.31835051691674066	1.0
16	81	1.0	12826	85.0	3206500	0.34	2.941327829377365	1.5564675905694005	0.2905876805126903	1.0
17	81	0.0	12826	96.0	3206500	0.384	0.0		1.0	1.0
18	81	0.0	12826	97.0	3206500	0.388	0.0		1.0	1.0
19	81	0.0	12826	95.0	3206500	0.38	0.0		1.0	1.0
20	81	1.0	12826	96.0	3206500	0.384	2.6042917478882393	1.3808910766351383	0.32106633294308856	1.0
21	81	0.0	12826	120.0	3206500	0.48	0.0		1.0	1.0
22	81	0.0	12826	65.0	3206500	0.26	0.0		1.0	1.0
23	81	0.0	12826	108.0	3206500	0.432	0.0		1.0	1.0
24	81	0.0	12826	80.0	3206500	0.32	0.0		1.0	1.0
25	81	0.0	12826	97.0	3206500	0.388	0.0		1.0	1.0
26	81	0.0	12826	95.0	3206500	0.38	0.0		1.0	1.0
27	81	0.0	12826	95.0	3206500	0.38	0.0		1.0	1.0
28	81	0.0	12826	119.0	3206500	0.476	0.0		1.0	1.0
29	81	0.0	12826	98.0	3206500	0.392	0.0		1.0	1.0
30	81	0.0	12826	69.0	3206500	0.276	0.0		1.0	1.0
31	81	0.0	12826	81.0	3206500	0.324	0.0		1.0	1.0
32	81	0.0	12826	83.0	3206500	0.332	0.0		1.0	1.0
33	81	0.0	12826	84.0	3206500	0.336	0.0		1.0	1.0
34	81	0.0	12826	77.0	3206500	0.308	0.0		1.0	1.0
35	81	0.0	12826	100.0	3206500	0.4	0.0		1.0	1.0
36	81	1.0	12826	95.0	3206500	0.38	2.6317061659997947	1.3959984189670307	0.31835051691674066	1.0
37	81	0.0	12826	91.0	3206500	0.364	0.0		1.0	1.0
38	81	0.0	12826	85.0	3206500	0.34	0.0		1.0	1.0
39	81	0.0	12826	79.0	3206500	0.316	0.0		1.0	1.0
40	81	0.0	12826	71.0	3206500	0.284	0.0		1.0	1.0
41	81	0.0	12826	63.0	3206500	0.252	0.0		1.0	1.0
42	81	0.0	12826	74.0	3206500	0.296	0.0		1.0	1.0
43	81	0.0	12826	79.0	3206500	0.316	0.0		1.0	1.0
44	81	0.0	12826	105.0	3206500	0.42	0.0		1.0	1.0
45	81	0.0	12826	65.0	3206500	0.26	0.0		1.0	1.0
46	81	0.0	12826	89.0	3206500	0.356	0.0		1.0	1.0
47	81	0.0	12826	92.0	3206500	0.368	0.0		1.0	1.0
48	81	1.0	12826	87.0	3206500	0.348	2.873709305191459	1.5229141309776721	0.29622925921768667	1.0
49	81	0.0	12826	76.0	3206500	0.304	0.0		1.0	1.0
50	81	0.0	12826	72.0	3206500	0.288	0.0		1.0	1.0
51	81	0.0	12826	81.0	3206500	0.324	0.0		1.0	1.0
52	81	0.0	12826	110.0	3206500	0.44	0.0		1.0	1.0
53	81	0.0	12826	88.0	3206500	0.352	0.0		1.0	1.0
54	81	0.0	12826	89.0	3206500	0.356	0.0		1.0	1.0
55	81	0.0	12826	73.0	3206500	0.292	0.0		1.0	1.0
56	81	1.0	12826	91.0	3206500	0.364	2.747388985283722	1.4580611868646156	0.3073781903365389	1.0
57	81	0.0	12826	70.0	3206500	0.28	0.0		1.0	1.0
58	81	0.0	12826	98.0	3206500	0.392	0.0		1.0	1.0
59	81	0.0	12826	73.0	3206500	0.292	0.0		1.0	1.0
60	81	0.0	12826	83.0	3206500	0.332	0.0		1.0	1.0
61	81	0.0	12826	87.0	3206500	0.348	0.0		1.0	1.0
62	81	0.0	12826	89.0	3206500	0.356	0.0		1.0	1.0
63	81	0.0	12826	78.0	3206500	0.312	0.0		1.0	1.0
64	81	0.0	12826	78.0	3206500	0.312	0.0		1.0	1.0
65	81	0.0	12826	72.0	3206500	0.288	0.0		1.0	1.0
66	81	1.0	12826	71.0	3206500	0.284	3.5213233396480246	1.8161177063516192	0.2498099520797939	1.0
67	81	0.0	12826	74.0	3206500	0.296	0.0		1.0	1.0
68	81	0.0	12826	79.0	3206500	0.316	0.0		1.0	1.0
69	81	1.0	12826	64.0	3206500	0.256	3.9064766081871345	1.9658679754205868	0.22855042342015058	1.0
70	81	0.0	12826	76.0	3206500	0.304	0.0		1.0	1.0
71	81	0.0	12826	84.0	3206500	0.336	0.0		1.0	1.0
72	81	0.0	12826	72.0	3206500	0.288	0.0		1.0	1.0
73	81	0.0	12826	79.0	3206500	0.316	0.0		1.0	1.0
74	81	1.0	12826	107.0	3206500	0.428	2.336552804649214	1.22438164158736	0.3502356216378729	1.0
75	81	0.0	12826	74.0	3206500	0.296	0.0		1.0	1.0
76	81	1.0	12826	107.0	3206500	0.428	2.336552804649214	1.22438164158736	0.3502356216378729	1.0
77	81	0.0	12826	84.0	3206500	0.336	0.0		1.0	1.0
78	81	0.0	12826	68.0	3206500	0.272	0.0		1.0	1.0
79	81	1.0	12826	94.0	3206500	0.376	2.659703869603086	1.4112656255618852	0.31562383825965257	1.0
80	81	0.0	12826	94.0	3206500	0.376	0.0		1.0	1.0
81	81	0.0	12826	14.0	3206500	0.056	0.0		1.0	1.0
82	81	0.0	12826	0.0	3206500	0.0			1.0	1.0
83	81	0.0	12826	0.0	3206500	0.0			1.0	1.0
84	81	0.0	12826	0.0	3206500	0.0			1.0	1.0
85	81	0.0	12826	0.0	3206500	0.0			1.0	1.0
86	81	0.0	12826	0.0	3206500	0.0			1.0	1.0
87	81	0.0	12826	0.0	3206500	0.0			1.0	1.0
88	81	0.0	12826	0.0	3206500	0.0			1.0	1.0
89	81	0.0	12826	0.0	3206500	0.0			1.0	1.0
90	81	0.0	12826	0.0	3206500	0.0			1.0	1.0
91	81	0.0	12826	0.0	3206500	0.0			1.0	1.0
92	81	0.0	12826	0.0	3206500	0.0			1.0	1.0
93	81	0.0	12826	0.0	3206500	0.0			1.0	1.0
94	81	0.0	12826	0.0	3206500	0.0			1.0	1.0
95	81	0.0	12826	0.0	3206500	0.0			1.0	1.0
96	81	0.0	12826	0.0	3206500	0.0			1.0	1.0
97	81	0.0	12826	0.0	3206500	0.0			1.0	1.0
98	81	0.0	12826	0.0	3206500	0.0			1.0	1.0
99	81	0.0	12826	0.0	3206500	0.0			1.0	1.0
100	81	0.0	12826	0.0	3206500	0.0			1.0	1.0
1	82	0.0	12826	132.0	3206500	0.528	0.0		1.0	1.0
2	82	3.0	12826	141.0	3206500	0.564	5.320159420987222	2.411469477384675	0.02033054335328893	1.0
3	82	1.0	12826	126.0	3206500	0.504	1.9842037191744795	0.9885601555406006	0.39769820763218666	1.0
4	82	0.0	12826	110.0	3206500	0.44	0.0		1.0	1.0
5	82	1.0	12826	115.0	3206500	0.46	2.174004576659039	1.1203549774932575	0.3706594505731829	1.0
6	82	0.0	12826	98.0	3206500	0.392	0.0		1.0	1.0
7	82	1.0	12826	119.0	3206500	0.476	2.100926171638246	1.0710254653508846	0.38062936672875014	1.0
8	82	0.0	12826	105.0	3206500	0.42	0.0		1.0	1.0
9	82	0.0	12826	98.0	3206500	0.392	0.0		1.0	1.0
10	82	0.0	12826	98.0	3206500	0.392	0.0		1.0	1.0
11	82	1.0	12826	86.0	3206500	0.344	2.9071254363298427	1.5395933220647235	0.29341409984359573	1.0
12	82	1.0	12826	85.0	3206500	0.34	2.941327829377365	1.5564675905694005	0.2905876805126903	1.0
13	82	0.0	12826	89.0	3206500	0.356	0.0		1.0	1.0
14	82	0.0	12826	81.0	3206500	0.324	0.0		1.0	1.0
15	82	0.0	12826	85.0	3206500	0.34	0.0		1.0	1.0
16	82	0.0	12826	95.0	3206500	0.38	0.0		1.0	1.0
17	82	1.0	12826	96.0	3206500	0.384	2.6042917478882393	1.3808910766351383	0.32106633294308856	1.0
18	82	0.0	12826	75.0	3206500	0.3	0.0		1.0	1.0
19	82	0.0	12826	87.0	3206500	0.348	0.0		1.0	1.0
20	82	1.0	12826	103.0	3206500	0.412	2.427295747459263	1.2793499005773574	0.339776501315344	1.0
21	82	1.0	12826	89.0	3206500	0.356	2.809129815800425	1.490123295978739	0.30182597692472535	1.0
22	82	0.0	12826	70.0	3206500	0.28	0.0		1.0	1.0
23	82	0.0	12826	84.0	3206500	0.336	0.0		1.0	1.0
24	82	0.0	12826	93.0	3206500	0.372	0.0		1.0	1.0
25	82	0.0	12826	78.0	3206500	0.312	0.0		1.0	1.0
26	82	0.0	12826	79.0	3206500	0.316	0.0		1.0	1.0
27	82	0.0	12826	90.0	3206500	0.36	0.0		1.0	1.0
28	82	0.0	12826	101.0	3206500	0.404	0.0		1.0	1.0
29	82	0.0	12826	90.0	3206500	0.36	0.0		1.0	1.0
30	82	0.0	12826	68.0	3206500	0.272	0.0		1.0	1.0
31	82	0.0	12826	71.0	3206500	0.284	0.0		1.0	1.0
32	82	0.0	12826	73.0	3206500	0.292	0.0		1.0	1.0
33	82	0.0	12826	77.0	3206500	0.308	0.0		1.0	1.0
34	82	0.0	12826	99.0	3206500	0.396	0.0		1.0	1.0
35	82	0.0	12826	119.0	3206500	0.476	0.0		1.0	1.0
36	82	0.0	12826	116.0	3206500	0.464	0.0		1.0	1.0
37	82	0.0	12826	89.0	3206500	0.356	0.0		1.0	1.0
38	82	1.0	12826	92.0	3206500	0.368	2.7175252140011867	1.4422934210651763	0.31013771867884754	1.0
39	82	0.0	12826	100.0	3206500	0.4	0.0		1.0	1.0
40	82	0.0	12826	74.0	3206500	0.296	0.0		1.0	1.0
41	82	0.0	12826	81.0	3206500	0.324	0.0		1.0	1.0
42	82	0.0	12826	115.0	3206500	0.46	0.0		1.0	1.0
43	82	1.0	12826	87.0	3206500	0.348	2.873709305191459	1.5229141309776721	0.29622925921768667	1.0
44	82	0.0	12826	86.0	3206500	0.344	0.0		1.0	1.0
45	82	0.0	12826	85.0	3206500	0.34	0.0		1.0	1.0
46	82	0.0	12826	125.0	3206500	0.5	0.0		1.0	1.0
47	82	0.0	12826	130.0	3206500	0.52	0.0		1.0	1.0
48	82	0.0	12826	97.0	3206500	0.388	0.0		1.0	1.0
49	82	0.0	12826	78.0	3206500	0.312	0.0		1.0	1.0
50	82	0.0	12826	56.0	3206500	0.224	0.0		1.0	1.0
51	82	0.0	12826	98.0	3206500	0.392	0.0		1.0	1.0
52	82	0.0	12826	80.0	3206500	0.32	0.0		1.0	1.0
53	82	0.0	12826	75.0	3206500	0.3	0.0		1.0	1.0
54	82	0.0	12826	111.0	3206500	0.444	0.0		1.0	1.0
55	82	0.0	12826	91.0	3206500	0.364	0.0		1.0	1.0
56	82	0.0	12826	92.0	3206500	0.368	0.0		1.0	1.0
57	82	1.0	12826	74.0	3206500	0.296	3.3785638269848794	1.7564101104119814	0.2587408932829402	1.0
58	82	0.0	12826	82.0	3206500	0.328	0.0		1.0	1.0
59	82	0.0	12826	99.0	3206500	0.396	0.0		1.0	1.0
60	82	0.0	12826	69.0	3206500	0.276	0.0		1.0	1.0
61	82	0.0	12826	89.0	3206500	0.356	0.0		1.0	1.0
62	82	0.0	12826	74.0	3206500	0.296	0.0		1.0	1.0
63	82	0.0	12826	80.0	3206500	0.32	0.0		1.0	1.0
64	82	0.0	12826	72.0	3206500	0.288	0.0		1.0	1.0
65	82	0.0	12826	94.0	3206500	0.376	0.0		1.0	1.0
66	82	0.0	12826	57.0	3206500	0.228	0.0		1.0	1.0
67	82	0.0	12826	55.0	3206500	0.22	0.0		1.0	1.0
68	82	0.0	12826	79.0	3206500	0.316	0.0		1.0	1.0
69	82	0.0	12826	66.0	3206500	0.264	0.0		1.0	1.0
70	82	1.0	12826	72.0	3206500	0.288	3.4724149880875026	1.7959393744756724	0.2527988238063696	1.0
71	82	0.0	12826	78.0	3206500	0.312	0.0		1.0	1.0
72	82	1.0	12826	93.0	3206500	0.372	2.6883036743591355	1.4266961160728944	0.3128862534268732	1.0
73	82	0.0	12826	81.0	3206500	0.324	0.0		1.0	1.0
74	82	0.0	12826	81.0	3206500	0.324	0.0		1.0	1.0
75	82	0.0	12826	103.0	3206500	0.412	0.0		1.0	1.0
76	82	0.0	12826	71.0	3206500	0.284	0.0		1.0	1.0
77	82	0.0	12826	92.0	3206500	0.368	0.0		1.0	1.0
78	82	0.0	12826	87.0	3206500	0.348	0.0		1.0	1.0
79	82	1.0	12826	99.0	3206500	0.396	2.5253714533246696	1.33649560745079	0.3291490362402692	1.0
80	82	2.0	12826	94.0	3206500	0.376	5.319822540183964	2.4113781207891156	0.0565893601881443	1.0
81	82	0.0	12826	82.0	3206500	0.328	0.0		1.0	1.0
82	82	0.0	12826	19.0	3206500	0.076	0.0		1.0	1.0
83	82	0.0	12826	0.0	3206500	0.0			1.0	1.0
84	82	0.0	12826	0.0	3206500	0.0			1.0	1.0
85	82	0.0	12826	0.0	3206500	0.0			1.0	1.0
86	82	0.0	12826	0.0	3206500	0.0			1.0	1.0
87	82	0.0	12826	0.0	3206500	0.0			1.0	1.0
88	82	0.0	12826	0.0	3206500	0.0			1.0	1.0
89	82	0.0	12826	0.0	3206500	0.0			1.0	1.0
90	82	0.0	12826	0.0	3206500	0.0			1.0	1.0
91	82	0.0	12826	0.0	3206500	0.0			1.0	1.0
92	82	0.0	12826	0.0	3206500	0.0			1.0	1.0
93	82	0.0	12826	0.0	3206500	0.0			1.0	1.0
94	82	0.0	12826	0.0	3206500	0.0			1.0	1.0
95	82	0.0	12826	0.0	3206500	0.0			1.0	1.0
96	82	0.0	12826	0.0	3206500	0.0			1.0	1.0
97	82	0.0	12826	0.0	3206500	0.0			1.0	1.0
98	82	0.0	12826	0.0	3206500	0.0			1.0	1.0
99	82	0.0	12826	0.0	3206500	0.0			1.0	1.0
100	82	0.0	12826	0.0	3206500	0.0			1.0	1.0
1	83	0.0	12826	125.0	3206500	0.5	0.0		1.0	1.0
2	83	1.0	12826	102.0	3206500	0.408	2.4510935290295457	1.293425535731747	0.33713552241623157	1.0
3	83	1.0	12826	120.0	3206500	0.48	2.083417803768681	1.0589521831052575	0.38309707078439414	1.0
4	83	1.0	12826	110.0	3206500	0.44	2.2728265107212478	1.1844875646333222	0.35797109092175045	1.0
5	83	0.0	12826	97.0	3206500	0.388	0.0		1.0	1.0
6	83	0.0	12826	114.0	3206500	0.456	0.0		1.0	1.0
7	83	1.0	12826	106.0	3206500	0.424	2.35859649122807	1.2379286233685354	0.34763647718452373	1.0
8	83	0.0	12826	87.0	3206500	0.348	0.0		1.0	1.0
9	83	0.0	12826	107.0	3206500	0.428	0.0		1.0	1.0
10	83	0.0	12826	102.0	3206500	0.408	0.0		1.0	1.0
11	83	0.0	12826	70.0	3206500	0.28	0.0		1.0	1.0
12	83	0.0	12826	82.0	3206500	0.328	0.0		1.0	1.0
13	83	0.0	12826	111.0	3206500	0.444	0.0		1.0	1.0
14	83	0.0	12826	95.0	3206500	0.38	0.0		1.0	1.0
15	83	0.0	12826	86.0	3206500	0.344	0.0		1.0	1.0
16	83	0.0	12826	97.0	3206500	0.388	0.0		1.0	1.0
17	83	0.0	12826	82.0	3206500	0.328	0.0		1.0	1.0
18	83	0.0	12826	90.0	3206500	0.36	0.0		1.0	1.0
19	83	1.0	12826	100.0	3206500	0.4	2.5001169590643273	1.3219955878134295	0.33182183245052643	1.0
20	83	0.0	12826	79.0	3206500	0.316	0.0		1.0	1.0
21	83	0.0	12826	85.0	3206500	0.34	0.0		1.0	1.0
22	83	1.0	12826	89.0	3206500	0.356	2.809129815800425	1.490123295978739	0.30182597692472535	1.0
23	83	0.0	12826	91.0	3206500	0.364	0.0		1.0	1.0
24	83	0.0	12826	78.0	3206500	0.312	0.0		1.0	1.0
25	83	0.0	12826	110.0	3206500	0.44	0.0		1.0	1.0
26	83	0.0	12826	80.0	3206500	0.32	0.0		1.0	1.0
27	83	0.0	12826	80.0	3206500	0.32	0.0		1.0	1.0
28	83	0.0	12826	99.0	3206500	0.396	0.0		1.0	1.0
29	83	0.0	12826	75.0	3206500	0.3	0.0		1.0	1.0
30	83	1.0	12826	85.0	3206500	0.34	2.941327829377365	1.5564675905694005	0.2905876805126903	1.0
31	83	1.0	12826	102.0	3206500	0.408	2.4510935290295457	1.293425535731747	0.33713552241623157	1.0
32	83	0.0	12826	91.0	3206500	0.364	0.0		1.0	1.0
33	83	0.0	12826	88.0	3206500	0.352	0.0		1.0	1.0
34	83	0.0	12826	87.0	3206500	0.348	0.0		1.0	1.0
35	83	0.0	12826	98.0	3206500	0.392	0.0		1.0	1.0
36	83	0.0	12826	76.0	3206500	0.304	0.0		1.0	1.0
37	83	2.0	12826	94.0	3206500	0.376	5.319822540183964	2.4113781207891156	0.0565893601881443	1.0
38	83	1.0	12826	66.0	3206500	0.264	3.7880961663417803	1.9214729561873247	0.23468531142578591	1.0
39	83	0.0	12826	98.0	3206500	0.392	0.0		1.0	1.0
40	83	0.0	12826	94.0	3206500	0.376	0.0		1.0	1.0
41	83	0.0	12826	109.0	3206500	0.436	0.0		1.0	1.0
42	83	0.0	12826	102.0	3206500	0.408	0.0		1.0	1.0
43	83	0.0	12826	81.0	3206500	0.324	0.0		1.0	1.0
44	83	0.0	12826	104.0	3206500	0.416	0.0		1.0	1.0
45	83	0.0	12826	53.0	3206500	0.212	0.0		1.0	1.0
46	83	2.0	12826	103.0	3206500	0.412	4.854970050088124	2.2794623958045883	0.06620892331055482	1.0
47	83	0.0	12826	64.0	3206500	0.256	0.0		1.0	1.0
48	83	0.0	12826	90.0	3206500	0.36	0.0		1.0	1.0
49	83	0.0	12826	66.0	3206500	0.264	0.0		1.0	1.0
50	83	0.0	12826	75.0	3206500	0.3	0.0		1.0	1.0
51	83	1.0	12826	98.0	3206500	0.392	2.5511413454270597	1.3511428333572968	0.3264655495952599	1.0
52	83	0.0	12826	97.0	3206500	0.388	0.0		1.0	1.0
53	83	0.0	12826	82.0	3206500	0.328	0.0		1.0	1.0
54	83	1.0	12826	75.0	3206500	0.3	3.3335152696556207	1.737044335606313	0.2616941856218151	1.0
55	83	0.0	12826	113.0	3206500	0.452	0.0		1.0	1.0
56	83	0.0	12826	69.0	3206500	0.276	0.0		1.0	1.0
57	83	1.0	12826	80.0	3206500	0.32	3.1251656920077973	1.6439326815190398	0.2762850999320252	1.0
58	83	0.0	12826	93.0	3206500	0.372	0.0		1.0	1.0
59	83	0.0	12826	72.0	3206500	0.288	0.0		1.0	1.0
60	83	0.0	12826	101.0	3206500	0.404	0.0		1.0	1.0
61	83	0.0	12826	80.0	3206500	0.32	0.0		1.0	1.0
62	83	0.0	12826	104.0	3206500	0.416	0.0		1.0	1.0
63	83	0.0	12826	84.0	3206500	0.336	0.0		1.0	1.0
64	83	0.0	12826	82.0	3206500	0.328	0.0		1.0	1.0
65	83	0.0	12826	80.0	3206500	0.32	0.0		1.0	1.0
66	83	0.0	12826	69.0	3206500	0.276	0.0		1.0	1.0
67	83	0.0	12826	84.0	3206500	0.336	0.0		1.0	1.0
68	83	0.0	12826	100.0	3206500	0.4	0.0		1.0	1.0
69	83	0.0	12826	83.0	3206500	0.332	0.0		1.0	1.0
70	83	0.0	12826	116.0	3206500	0.464	0.0		1.0	1.0
71	83	0.0	12826	72.0	3206500	0.288	0.0		1.0	1.0
72	83	0.0	12826	81.0	3206500	0.324	0.0		1.0	1.0
73	83	0.0	12826	100.0	3206500	0.4	0.0		1.0	1.0
74	83	0.0	12826	86.0	3206500	0.344	0.0		1.0	1.0
75	83	0.0	12826	76.0	3206500	0.304	0.0		1.0	1.0
76	83	0.0	12826	103.0	3206500	0.412	0.0		1.0	1.0
77	83	0.0	12826	94.0	3206500	0.376	0.0		1.0	1.0
78	83	0.0	12826	82.0	3206500	0.328	0.0		1.0	1.0
79	83	0.0	12826	88.0	3206500	0.352	0.0		1.0	1.0
80	83	0.0	12826	95.0	3206500	0.38	0.0		1.0	1.0
81	83	1.0	12826	102.0	3206500	0.408	2.4510935290295457	1.293425535731747	0.33713552241623157	1.0
82	83	0.0	12826	115.0	3206500	0.46	0.0		1.0	1.0
83	83	0.0	12826	4.0	3206500	0.016	0.0		1.0	1.0
84	83	0.0	12826	0.0	3206500	0.0			1.0	1.0
85	83	0.0	12826	0.0	3206500	0.0			1.0	1.0
86	83	0.0	12826	0.0	3206500	0.0			1.0	1.0
87	83	0.0	12826	0.0	3206500	0.0			1.0	1.0
88	83	0.0	12826	0.0	3206500	0.0			1.0	1.0
89	83	0.0	12826	0.0	3206500	0.0			1.0	1.0
90	83	0.0	12826	0.0	3206500	0.0			1.0	1.0
91	83	0.0	12826	0.0	3206500	0.0			1.0	1.0
92	83	0.0	12826	0.0	3206500	0.0			1.0	1.0
93	83	0.0	12826	0.0	3206500	0.0			1.0	1.0
94	83	0.0	12826	0.0	3206500	0.0			1.0	1.0
95	83	0.0	12826	0.0	3206500	0.0			1.0	1.0
96	83	0.0	12826	0.0	3206500	0.0			1.0	1.0
97	83	0.0	12826	0.0	3206500	0.0			1.0	1.0
98	83	0.0	12826	0.0	3206500	0.0			1.0	1.0
99	83	0.0	12826	0.0	3206500	0.0			1.0	1.0
100	83	0.0	12826	0.0	3206500	0.0			1.0	1.0
1	84	0.0	12826	158.0	3206500	0.632	0.0		1.0	1.0
2	84	1.0	12826	182.0	3206500	0.728	1.3736555062870852	0.4580202416477899	0.518361084897018	1.0
3	84	2.0	12826	103.0	3206500	0.412	4.854970050088124	2.2794623958045883	0.06620892331055482	1.0
4	84	0.0	12826	97.0	3206500	0.388	0.0		1.0	1.0
5	84	0.0	12826	77.0	3206500	0.308	0.0		1.0	1.0
6	84	0.0	12826	114.0	3206500	0.456	0.0		1.0	1.0
7	84	0.0	12826	118.0	3206500	0.472	0.0		1.0	1.0
8	84	0.0	12826	104.0	3206500	0.416	0.0		1.0	1.0
9	84	0.0	12826	103.0	3206500	0.412	0.0		1.0	1.0
10	84	0.0	12826	107.0	3206500	0.428	0.0		1.0	1.0
11	84	0.0	12826	101.0	3206500	0.404	0.0		1.0	1.0
12	84	1.0	12826	84.0	3206500	0.336	2.976344565116495	1.5735415538684827	0.28774995588304686	1.0
13	84	0.0	12826	85.0	3206500	0.34	0.0		1.0	1.0
14	84	1.0	12826	94.0	3206500	0.376	2.659703869603086	1.4112656255618852	0.31562383825965257	1.0
15	84	0.0	12826	92.0	3206500	0.368	0.0		1.0	1.0
16	84	0.0	12826	82.0	3206500	0.328	0.0		1.0	1.0
17	84	0.0	12826	91.0	3206500	0.364	0.0		1.0	1.0
18	84	0.0	12826	101.0	3206500	0.404	0.0		1.0	1.0
19	84	0.0	12826	102.0	3206500	0.408	0.0		1.0	1.0
20	84	1.0	12826	94.0	3206500	0.376	2.659703869603086	1.4112656255618852	0.31562383825965257	1.0
21	84	0.0	12826	116.0	3206500	0.464	0.0		1.0	1.0
22	84	0.0	12826	119.0	3206500	0.476	0.0		1.0	1.0
23	84	1.0	12826	94.0	3206500	0.376	2.659703869603086	1.4112656255618852	0.31562383825965257	1.0
24	84	1.0	12826	83.0	3206500	0.332	3.012205077620423	1.5908199952403186	0.2849008810483778	1.0
25	84	2.0	12826	113.0	3206500	0.452	4.425312881267977	2.1457794611382366	0.07747698336809282	1.0
26	84	0.0	12826	100.0	3206500	0.4	0.0		1.0	1.0
27	84	1.0	12826	86.0	3206500	0.344	2.9071254363298427	1.5395933220647235	0.29341409984359573	1.0
28	84	0.0	12826	89.0	3206500	0.356	0.0		1.0	1.0
29	84	0.0	12826	107.0	3206500	0.428	0.0		1.0	1.0
30	84	0.0	12826	84.0	3206500	0.336	0.0		1.0	1.0
31	84	0.0	12826	72.0	3206500	0.288	0.0		1.0	1.0
32	84	0.0	12826	93.0	3206500	0.372	0.0		1.0	1.0
33	84	0.0	12826	87.0	3206500	0.348	0.0		1.0	1.0
34	84	0.0	12826	86.0	3206500	0.344	0.0		1.0	1.0
35	84	0.0	12826	67.0	3206500	0.268	0.0		1.0	1.0
36	84	0.0	12826	83.0	3206500	0.332	0.0		1.0	1.0
37	84	0.0	12826	81.0	3206500	0.324	0.0		1.0	1.0
38	84	0.0	12826	85.0	3206500	0.34	0.0		1.0	1.0
39	84	0.0	12826	96.0	3206500	0.384	0.0		1.0	1.0
40	84	0.0	12826	74.0	3206500	0.296	0.0		1.0	1.0
41	84	0.0	12826	85.0	3206500	0.34	0.0		1.0	1.0
42	84	0.0	12826	89.0	3206500	0.356	0.0		1.0	1.0
43	84	0.0	12826	103.0	3206500	0.412	0.0		1.0	1.0
44	84	0.0	12826	90.0	3206500	0.36	0.0		1.0	1.0
45	84	0.0	12826	108.0	3206500	0.432	0.0		1.0	1.0
46	84	0.0	12826	94.0	3206500	0.376	0.0		1.0	1.0
47	84	0.0	12826	75.0	3206500	0.3	0.0		1.0	1.0
48	84	0.0	12826	82.0	3206500	0.328	0.0		1.0	1.0
49	84	1.0	12826	62.0	3206500	0.248	4.032494497893479	2.011672564907959	0.22236636093267356	1.0
50	84	0.0	12826	87.0	3206500	0.348	0.0		1.0	1.0
51	84	0.0	12826	72.0	3206500	0.288	0.0		1.0	1.0
52	84	0.0	12826	89.0	3206500	0.356	0.0		1.0	1.0
53	84	0.0	12826	61.0	3206500	0.244	0.0		1.0	1.0
54	84	0.0	12826	78.0	3206500	0.312	0.0		1.0	1.0
55	84	0.0	12826	100.0	3206500	0.4	0.0		1.0	1.0
56	84	0.0	12826	82.0	3206500	0.328	0.0		1.0	1.0
57	84	0.0	12826	103.0	3206500	0.412	0.0		1.0	1.0
58	84	0.0	12826	82.0	3206500	0.328	0.0		1.0	1.0
59	84	0.0	12826	92.0	3206500	0.368	0.0		1.0	1.0
60	84	0.0	12826	76.0	3206500	0.304	0.0		1.0	1.0
61	84	0.0	12826	78.0	3206500	0.312	0.0		1.0	1.0
62	84	0.0	12826	79.0	3206500	0.316	0.0		1.0	1.0
63	84	0.0	12826	88.0	3206500	0.352	0.0		1.0	1.0
64	84	0.0	12826	86.0	3206500	0.344	0.0		1.0	1.0
65	84	1.0	12826	93.0	3206500	0.372	2.6883036743591355	1.4266961160728944	0.3128862534268732	1.0
66	84	0.0	12826	65.0	3206500	0.26	0.0		1.0	1.0
67	84	1.0	12826	75.0	3206500	0.3	3.3335152696556207	1.737044335606313	0.2616941856218151	1.0
68	84	0.0	12826	62.0	3206500	0.248	0.0		1.0	1.0
69	84	0.0	12826	71.0	3206500	0.284	0.0		1.0	1.0
70	84	0.0	12826	79.0	3206500	0.316	0.0		1.0	1.0
71	84	0.0	12826	73.0	3206500	0.292	0.0		1.0	1.0
72	84	0.0	12826	77.0	3206500	0.308	0.0		1.0	1.0
73	84	0.0	12826	69.0	3206500	0.276	0.0		1.0	1.0
74	84	0.0	12826	92.0	3206500	0.368	0.0		1.0	1.0
75	84	0.0	12826	77.0	3206500	0.308	0.0		1.0	1.0
76	84	0.0	12826	96.0	3206500	0.384	0.0		1.0	1.0
77	84	0.0	12826	55.0	3206500	0.22	0.0		1.0	1.0
78	84	0.0	12826	87.0	3206500	0.348	0.0		1.0	1.0
79	84	0.0	12826	80.0	3206500	0.32	0.0		1.0	1.0
80	84	0.0	12826	112.0	3206500	0.448	0.0		1.0	1.0
81	84	0.0	12826	83.0	3206500	0.332	0.0		1.0	1.0
82	84	0.0	12826	116.0	3206500	0.464	0.0		1.0	1.0
83	84	1.0	12826	121.0	3206500	0.484	2.066198830409357	1.0469790914939892	0.3855549436215817	1.0
84	84	0.0	12826	16.0	3206500	0.064	0.0		1.0	1.0
85	84	0.0	12826	0.0	3206500	0.0			1.0	1.0
86	84	0.0	12826	0.0	3206500	0.0			1.0	1.0
87	84	0.0	12826	0.0	3206500	0.0			1.0	1.0
88	84	0.0	12826	0.0	3206500	0.0			1.0	1.0
89	84	0.0	12826	0.0	3206500	0.0			1.0	1.0
90	84	0.0	12826	0.0	3206500	0.0			1.0	1.0
91	84	0.0	12826	0.0	3206500	0.0			1.0	1.0
92	84	0.0	12826	0.0	3206500	0.0			1.0	1.0
93	84	0.0	12826	0.0	3206500	0.0			1.0	1.0
94	84	0.0	12826	0.0	3206500	0.0			1.0	1.0
95	84	0.0	12826	0.0	3206500	0.0			1.0	1.0
96	84	0.0	12826	0.0	3206500	0.0			1.0	1.0
97	84	0.0	12826	0.0	3206500	0.0			1.0	1.0
98	84	0.0	12826	0.0	3206500	0.0			1.0	1.0
99	84	0.0	12826	0.0	3206500	0.0			1.0	1.0
100	84	0.0	12826	0.0	3206500	0.0			1.0	1.0
1	85	1.0	12826	151.0	3206500	0.604	1.6556802602532823	0.7274240910224813	0.45490843645199724	1.0
2	85	1.0	12826	87.0	3206500	0.348	2.873709305191459	1.5229141309776721	0.29622925921768667	1.0
3	85	1.0	12826	128.0	3206500	0.512	1.9531993177387914	0.965839179148308	0.4024880539650581	1.0
4	85	1.0	12826	81.0	3206500	0.324	3.08658243688783	1.626010323582198	0.2791684987903616	1.0
5	85	0.0	12826	90.0	3206500	0.36	0.0		1.0	1.0
6	85	2.0	12826	78.0	3206500	0.312	6.411100180750836	2.680571952650122	0.040869293174138954	1.0
7	85	0.0	12826	113.0	3206500	0.452	0.0		1.0	1.0
8	85	1.0	12826	143.0	3206500	0.572	1.748310091467986	0.8059610931604593	0.4372185170634336	1.0
9	85	0.0	12826	87.0	3206500	0.348	0.0		1.0	1.0
10	85	0.0	12826	104.0	3206500	0.416	0.0		1.0	1.0
11	85	0.0	12826	102.0	3206500	0.408	0.0		1.0	1.0
12	85	0.0	12826	96.0	3206500	0.384	0.0		1.0	1.0
13	85	0.0	12826	151.0	3206500	0.604	0.0		1.0	1.0
14	85	0.0	12826	88.0	3206500	0.352	0.0		1.0	1.0
15	85	1.0	12826	95.0	3206500	0.38	2.6317061659997947	1.3959984189670307	0.31835051691674066	1.0
16	85	0.0	12826	100.0	3206500	0.4	0.0		1.0	1.0
17	85	0.0	12826	86.0	3206500	0.344	0.0		1.0	1.0
18	85	0.0	12826	68.0	3206500	0.272	0.0		1.0	1.0
19	85	0.0	12826	72.0	3206500	0.288	0.0		1.0	1.0
20	85	0.0	12826	81.0	3206500	0.324	0.0		1.0	1.0
21	85	0.0	12826	81.0	3206500	0.324	0.0		1.0	1.0
22	85	0.0	12826	72.0	3206500	0.288	0.0		1.0	1.0
23	85	0.0	12826	83.0	3206500	0.332	0.0		1.0	1.0
24	85	0.0	12826	73.0	3206500	0.292	0.0		1.0	1.0
25	85	0.0	12826	95.0	3206500	0.38	0.0		1.0	1.0
26	85	2.0	12826	83.0	3206500	0.332	6.0248799314538255	2.5909324904675493	0.04557859681496254	1.0
27	85	0.0	12826	81.0	3206500	0.324	0.0		1.0	1.0
28	85	0.0	12826	75.0	3206500	0.3	0.0		1.0	1.0
29	85	1.0	12826	82.0	3206500	0.328	3.0489402367707887	1.6083078719090196	0.2820404105090681	1.0
30	85	0.0	12826	75.0	3206500	0.3	0.0		1.0	1.0
31	85	0.0	12826	68.0	3206500	0.272	0.0		1.0	1.0
32	85	0.0	12826	88.0	3206500	0.352	0.0		1.0	1.0
33	85	1.0	12826	91.0	3206500	0.364	2.747388985283722	1.4580611868646156	0.3073781903365389	1.0
34	85	0.0	12826	79.0	3206500	0.316	0.0		1.0	1.0
35	85	0.0	12826	69.0	3206500	0.276	0.0		1.0	1.0
36	85	0.0	12826	92.0	3206500	0.368	0.0		1.0	1.0
37	85	0.0	12826	74.0	3206500	0.296	0.0		1.0	1.0
38	85	0.0	12826	79.0	3206500	0.316	0.0		1.0	1.0
39	85	1.0	12826	70.0	3206500	0.28	3.5716290726817044	1.8365822588495109	0.24680912535815538	1.0
40	85	0.0	12826	82.0	3206500	0.328	0.0		1.0	1.0
41	85	1.0	12826	77.0	3206500	0.308	3.24692843219159	1.6990755855293969	0.26756552087026075	1.0
42	85	0.0	12826	85.0	3206500	0.34	0.0		1.0	1.0
43	85	0.0	12826	89.0	3206500	0.356	0.0		1.0	1.0
44	85	0.0	12826	100.0	3206500	0.4	0.0		1.0	1.0
45	85	0.0	12826	65.0	3206500	0.26	0.0		1.0	1.0
46	85	0.0	12826	77.0	3206500	0.308	0.0		1.0	1.0
47	85	0.0	12826	67.0	3206500	0.268	0.0		1.0	1.0
48	85	0.0	12826	65.0	3206500	0.26	0.0		1.0	1.0
49	85	0.0	12826	89.0	3206500	0.356	0.0		1.0	1.0
50	85	0.0	12826	69.0	3206500	0.276	0.0		1.0	1.0
51	85	0.0	12826	87.0	3206500	0.348	0.0		1.0	1.0
52	85	0.0	12826	93.0	3206500	0.372	0.0		1.0	1.0
53	85	0.0	12826	70.0	3206500	0.28	0.0		1.0	1.0
54	85	0.0	12826	76.0	3206500	0.304	0.0		1.0	1.0
55	85	0.0	12826	92.0	3206500	0.368	0.0		1.0	1.0
56	85	2.0	12826	78.0	3206500	0.312	6.411100180750836	2.680571952650122	0.040869293174138954	1.0
57	85	0.0	12826	67.0	3206500	0.268	0.0		1.0	1.0
58	85	1.0	12826	94.0	3206500	0.376	2.659703869603086	1.4112656255618852	0.31562383825965257	1.0
59	85	2.0	12826	80.0	3206500	0.32	6.250818777292577	2.6440451767462707	0.042729793639754925	1.0
60	85	1.0	12826	70.0	3206500	0.28	3.5716290726817044	1.8365822588495109	0.24680912535815538	1.0
61	85	0.0	12826	103.0	3206500	0.412	0.0		1.0	1.0
62	85	0.0	12826	70.0	3206500	0.28	0.0		1.0	1.0
63	85	0.0	12826	63.0	3206500	0.252	0.0		1.0	1.0
64	85	1.0	12826	78.0	3206500	0.312	3.205300144949268	1.6804594574228915	0.27048365714212763	1.0
65	85	1.0	12826	79.0	3206500	0.316	3.1647257383966245	1.6620804781687382	0.2733901679930437	1.0
66	85	0.0	12826	70.0	3206500	0.28	0.0		1.0	1.0
67	85	0.0	12826	73.0	3206500	0.292	0.0		1.0	1.0
68	85	0.0	12826	73.0	3206500	0.292	0.0		1.0	1.0
69	85	0.0	12826	71.0	3206500	0.284	0.0		1.0	1.0
70	85	1.0	12826	65.0	3206500	0.26	3.846375768481032	1.9434997124547984	0.23162398975476917	1.0
71	85	1.0	12826	85.0	3206500	0.34	2.941327829377365	1.5564675905694005	0.2905876805126903	1.0
72	85	0.0	12826	135.0	3206500	0.54	0.0		1.0	1.0
73	85	0.0	12826	80.0	3206500	0.32	0.0		1.0	1.0
74	85	0.0	12826	68.0	3206500	0.272	0.0		1.0	1.0
75	85	0.0	12826	74.0	3206500	0.296	0.0		1.0	1.0
76	85	0.0	12826	62.0	3206500	0.248	0.0		1.0	1.0
77	85	1.0	12826	147.0	3206500	0.588	1.7007349060481893	0.7661582853079627	0.4461340915838696	1.0
78	85	0.0	12826	80.0	3206500	0.32	0.0		1.0	1.0
79	85	0.0	12826	84.0	3206500	0.336	0.0		1.0	1.0
80	85	0.0	12826	66.0	3206500	0.264	0.0		1.0	1.0
81	85	2.0	12826	65.0	3206500	0.26	7.693351408416911	2.943612207682029	0.0295767532175941	1.0
82	85	0.0	12826	109.0	3206500	0.436	0.0		1.0	1.0
83	85	1.0	12826	87.0	3206500	0.348	2.873709305191459	1.5229141309776721	0.29622925921768667	1.0
84	85	0.0	12826	88.0	3206500	0.352	0.0		1.0	1.0
85	85	0.0	12826	19.0	3206500	0.076	0.0		1.0	1.0
86	85	0.0	12826	0.0	3206500	0.0			1.0	1.0
87	85	0.0	12826	0.0	3206500	0.0			1.0	1.0
88	85	0.0	12826	0.0	3206500	0.0			1.0	1.0
89	85	0.0	12826	0.0	3206500	0.0			1.0	1.0
90	85	0.0	12826	0.0	3206500	0.0			1.0	1.0
91	85	0.0	12826	0.0	3206500	0.0			1.0	1.0
92	85	0.0	12826	0.0	3206500	0.0			1.0	1.0
93	85	0.0	12826	0.0	3206500	0.0			1.0	1.0
94	85	0.0	12826	0.0	3206500	0.0			1.0	1.0
95	85	0.0	12826	0.0	3206500	0.0			1.0	1.0
96	85	0.0	12826	0.0	3206500	0.0			1.0	1.0
97	85	0.0	12826	0.0	3206500	0.0			1.0	1.0
98	85	0.0	12826	0.0	3206500	0.0			1.0	1.0
99	85	0.0	12826	0.0	3206500	0.0			1.0	1.0
100	85	0.0	12826	0.0	3206500	0.0			1.0	1.0
1	86	2.0	12826	95.0	3206500	0.38	5.263822766523295	2.3961109141942614	0.057632183151742046	1.0
2	86	1.0	12826	164.0	3206500	0.656	1.5244311320306185	0.6082709763744771	0.4824764880053233	1.0
3	86	2.0	12826	111.0	3206500	0.444	4.505051058544509	2.1715434570913175	0.07517752262012921	1.0
4	86	0.0	12826	84.0	3206500	0.336	0.0		1.0	1.0
5	86	1.0	12826	79.0	3206500	0.316	3.1647257383966245	1.6620804781687382	0.2733901679930437	1.0
6	86	1.0	12826	97.0	3206500	0.388	2.5774425755109425	1.3659402852273423	0.3237713293920878	1.0
7	86	0.0	12826	102.0	3206500	0.408	0.0		1.0	1.0
8	86	3.0	12826	99.0	3206500	0.396	7.577296004575112	2.9216831073989913	0.008096561146139448	0.7937805045234754
9	86	0.0	12826	115.0	3206500	0.46	0.0		1.0	1.0
10	86	2.0	12826	96.0	3206500	0.384	5.208989654813891	2.3810035718623688	0.058681671390942935	1.0
11	86	0.0	12826	101.0	3206500	0.404	0.0		1.0	1.0
12	86	0.0	12826	88.0	3206500	0.352	0.0		1.0	1.0
13	86	0.0	12826	102.0	3206500	0.408	0.0		1.0	1.0
14	86	1.0	12826	94.0	3206500	0.376	2.659703869603086	1.4112656255618852	0.31562383825965257	1.0
15	86	0.0	12826	85.0	3206500	0.34	0.0		1.0	1.0
16	86	2.0	12826	77.0	3206500	0.308	6.494363247482399	2.6991880807566275	0.039950884990767696	1.0
17	86	0.0	12826	69.0	3206500	0.276	0.0		1.0	1.0
18	86	0.0	12826	70.0	3206500	0.28	0.0		1.0	1.0
19	86	1.0	12826	81.0	3206500	0.324	3.08658243688783	1.626010323582198	0.2791684987903616	1.0
20	86	0.0	12826	82.0	3206500	0.328	0.0		1.0	1.0
21	86	0.0	12826	82.0	3206500	0.328	0.0		1.0	1.0
22	86	1.0	12826	69.0	3206500	0.276	3.6233929429047658	1.8573412689543438	0.24379629609175027	1.0
23	86	0.0	12826	76.0	3206500	0.304	0.0		1.0	1.0
24	86	0.0	12826	61.0	3206500	0.244	0.0		1.0	1.0
25	86	0.0	12826	79.0	3206500	0.316	0.0		1.0	1.0
26	86	0.0	12826	76.0	3206500	0.304	0.0		1.0	1.0
27	86	0.0	12826	95.0	3206500	0.38	0.0		1.0	1.0
28	86	0.0	12826	86.0	3206500	0.344	0.0		1.0	1.0
29	86	1.0	12826	92.0	3206500	0.368	2.7175252140011867	1.4422934210651763	0.31013771867884754	1.0
30	86	0.0	12826	50.0	3206500	0.2	0.0		1.0	1.0
31	86	0.0	12826	87.0	3206500	0.348	0.0		1.0	1.0
32	86	0.0	12826	56.0	3206500	0.224	0.0		1.0	1.0
33	86	0.0	12826	85.0	3206500	0.34	0.0		1.0	1.0
34	86	0.0	12826	76.0	3206500	0.304	0.0		1.0	1.0
35	86	0.0	12826	67.0	3206500	0.268	0.0		1.0	1.0
36	86	0.0	12826	75.0	3206500	0.3	0.0		1.0	1.0
37	86	0.0	12826	77.0	3206500	0.308	0.0		1.0	1.0
38	86	0.0	12826	63.0	3206500	0.252	0.0		1.0	1.0
39	86	0.0	12826	95.0	3206500	0.38	0.0		1.0	1.0
40	86	0.0	12826	68.0	3206500	0.272	0.0		1.0	1.0
41	86	0.0	12826	103.0	3206500	0.412	0.0		1.0	1.0
42	86	0.0	12826	66.0	3206500	0.264	0.0		1.0	1.0
43	86	0.0	12826	114.0	3206500	0.456	0.0		1.0	1.0
44	86	0.0	12826	95.0	3206500	0.38	0.0		1.0	1.0
45	86	0.0	12826	73.0	3206500	0.292	0.0		1.0	1.0
46	86	0.0	12826	94.0	3206500	0.376	0.0		1.0	1.0
47	86	0.0	12826	53.0	3206500	0.212	0.0		1.0	1.0
48	86	0.0	12826	71.0	3206500	0.284	0.0		1.0	1.0
49	86	0.0	12826	70.0	3206500	0.28	0.0		1.0	1.0
50	86	0.0	12826	54.0	3206500	0.216	0.0		1.0	1.0
51	86	0.0	12826	86.0	3206500	0.344	0.0		1.0	1.0
52	86	0.0	12826	67.0	3206500	0.268	0.0		1.0	1.0
53	86	0.0	12826	92.0	3206500	0.368	0.0		1.0	1.0
54	86	0.0	12826	62.0	3206500	0.248	0.0		1.0	1.0
55	86	0.0	12826	77.0	3206500	0.308	0.0		1.0	1.0
56	86	1.0	12826	79.0	3206500	0.316	3.1647257383966245	1.6620804781687382	0.2733901679930437	1.0
57	86	0.0	12826	54.0	3206500	0.216	0.0		1.0	1.0
58	86	0.0	12826	99.0	3206500	0.396	0.0		1.0	1.0
59	86	0.0	12826	80.0	3206500	0.32	0.0		1.0	1.0
60	86	1.0	12826	79.0	3206500	0.316	3.1647257383966245	1.6620804781687382	0.2733901679930437	1.0
61	86	0.0	12826	62.0	3206500	0.248	0.0		1.0	1.0
62	86	0.0	12826	80.0	3206500	0.32	0.0		1.0	1.0
63	86	0.0	12826	79.0	3206500	0.316	0.0		1.0	1.0
64	86	0.0	12826	66.0	3206500	0.264	0.0		1.0	1.0
65	86	0.0	12826	75.0	3206500	0.3	0.0		1.0	1.0
66	86	1.0	12826	67.0	3206500	0.268	3.731556253818626	1.899777435150391	0.23773443746122574	1.0
67	86	0.0	12826	69.0	3206500	0.276	0.0		1.0	1.0
68	86	0.0	12826	80.0	3206500	0.32	0.0		1.0	1.0
69	86	0.0	12826	60.0	3206500	0.24	0.0		1.0	1.0
70	86	0.0	12826	81.0	3206500	0.324	0.0		1.0	1.0
71	86	0.0	12826	55.0	3206500	0.22	0.0		1.0	1.0
72	86	0.0	12826	86.0	3206500	0.344	0.0		1.0	1.0
73	86	0.0	12826	67.0	3206500	0.268	0.0		1.0	1.0
74	86	0.0	12826	76.0	3206500	0.304	0.0		1.0	1.0
75	86	0.0	12826	81.0	3206500	0.324	0.0		1.0	1.0
76	86	0.0	12826	73.0	3206500	0.292	0.0		1.0	1.0
77	86	0.0	12826	56.0	3206500	0.224	0.0		1.0	1.0
78	86	0.0	12826	78.0	3206500	0.312	0.0		1.0	1.0
79	86	0.0	12826	76.0	3206500	0.304	0.0		1.0	1.0
80	86	0.0	12826	95.0	3206500	0.38	0.0		1.0	1.0
81	86	1.0	12826	78.0	3206500	0.312	3.205300144949268	1.6804594574228915	0.27048365714212763	1.0
82	86	0.0	12826	84.0	3206500	0.336	0.0		1.0	1.0
83	86	0.0	12826	83.0	3206500	0.332	0.0		1.0	1.0
84	86	0.0	12826	134.0	3206500	0.536	0.0		1.0	1.0
85	86	0.0	12826	85.0	3206500	0.34	0.0		1.0	1.0
86	86	0.0	12826	9.0	3206500	0.036	0.0		1.0	1.0
87	86	0.0	12826	0.0	3206500	0.0			1.0	1.0
88	86	0.0	12826	0.0	3206500	0.0			1.0	1.0
89	86	0.0	12826	0.0	3206500	0.0			1.0	1.0
90	86	0.0	12826	0.0	3206500	0.0			1.0	1.0
91	86	0.0	12826	0.0	3206500	0.0			1.0	1.0
92	86	0.0	12826	0.0	3206500	0.0			1.0	1.0
93	86	0.0	12826	0.0	3206500	0.0			1.0	1.0
94	86	0.0	12826	0.0	3206500	0.0			1.0	1.0
95	86	0.0	12826	0.0	3206500	0.0			1.0	1.0
96	86	0.0	12826	0.0	3206500	0.0			1.0	1.0
97	86	0.0	12826	0.0	3206500	0.0			1.0	1.0
98	86	0.0	12826	0.0	3206500	0.0			1.0	1.0
99	86	0.0	12826	0.0	3206500	0.0			1.0	1.0
100	86	0.0	12826	0.0	3206500	0.0			1.0	1.0
1	87	1.0	12826	93.0	3206500	0.372	2.6883036743591355	1.4266961160728944	0.3128862534268732	1.0
2	87	0.0	12826	111.0	3206500	0.444	0.0		1.0	1.0
3	87	3.0	12826	76.0	3206500	0.304	9.870495860645141	3.303122562667932	0.003989712890669111	0.4433014322965679
4	87	0.0	12826	101.0	3206500	0.404	0.0		1.0	1.0
5	87	1.0	12826	82.0	3206500	0.328	3.0489402367707887	1.6083078719090196	0.2820404105090681	1.0
6	87	0.0	12826	99.0	3206500	0.396	0.0		1.0	1.0
7	87	2.0	12826	136.0	3206500	0.544	3.6768880041099408	1.8784852335507503	0.10537537512388805	1.0
8	87	0.0	12826	59.0	3206500	0.236	0.0		1.0	1.0
9	87	0.0	12826	93.0	3206500	0.372	0.0		1.0	1.0
10	87	1.0	12826	104.0	3206500	0.416	2.4039556155345627	1.265410259676677	0.34240695899159046	1.0
11	87	0.0	12826	74.0	3206500	0.296	0.0		1.0	1.0
12	87	0.0	12826	96.0	3206500	0.384	0.0		1.0	1.0
13	87	0.0	12826	75.0	3206500	0.3	0.0		1.0	1.0
14	87	1.0	12826	104.0	3206500	0.416	2.4039556155345627	1.265410259676677	0.34240695899159046	1.0
15	87	0.0	12826	76.0	3206500	0.304	0.0		1.0	1.0
16	87	0.0	12826	80.0	3206500	0.32	0.0		1.0	1.0
17	87	0.0	12826	69.0	3206500	0.276	0.0		1.0	1.0
18	87	0.0	12826	84.0	3206500	0.336	0.0		1.0	1.0
19	87	0.0	12826	70.0	3206500	0.28	0.0		1.0	1.0
20	87	0.0	12826	89.0	3206500	0.356	0.0		1.0	1.0
21	87	0.0	12826	96.0	3206500	0.384	0.0		1.0	1.0
22	87	1.0	12826	69.0	3206500	0.276	3.6233929429047658	1.8573412689543438	0.24379629609175027	1.0
23	87	0.0	12826	72.0	3206500	0.288	0.0		1.0	1.0
24	87	0.0	12826	74.0	3206500	0.296	0.0		1.0	1.0
25	87	0.0	12826	82.0	3206500	0.328	0.0		1.0	1.0
26	87	0.0	12826	101.0	3206500	0.404	0.0		1.0	1.0
27	87	1.0	12826	57.0	3206500	0.228	4.386228925139359	2.132981110813255	0.2066884722456842	1.0
28	87	0.0	12826	50.0	3206500	0.2	0.0		1.0	1.0
29	87	0.0	12826	87.0	3206500	0.348	0.0		1.0	1.0
30	87	0.0	12826	88.0	3206500	0.352	0.0		1.0	1.0
31	87	0.0	12826	54.0	3206500	0.216	0.0		1.0	1.0
32	87	0.0	12826	64.0	3206500	0.256	0.0		1.0	1.0
33	87	0.0	12826	72.0	3206500	0.288	0.0		1.0	1.0
34	87	0.0	12826	66.0	3206500	0.264	0.0		1.0	1.0
35	87	0.0	12826	73.0	3206500	0.292	0.0		1.0	1.0
36	87	1.0	12826	89.0	3206500	0.356	2.809129815800425	1.490123295978739	0.30182597692472535	1.0
37	87	0.0	12826	90.0	3206500	0.36	0.0		1.0	1.0
38	87	0.0	12826	94.0	3206500	0.376	0.0		1.0	1.0
39	87	0.0	12826	82.0	3206500	0.328	0.0		1.0	1.0
40	87	0.0	12826	64.0	3206500	0.256	0.0		1.0	1.0
41	87	0.0	12826	95.0	3206500	0.38	0.0		1.0	1.0
42	87	0.0	12826	86.0	3206500	0.344	0.0		1.0	1.0
43	87	0.0	12826	69.0	3206500	0.276	0.0		1.0	1.0
44	87	0.0	12826	72.0	3206500	0.288	0.0		1.0	1.0
45	87	0.0	12826	107.0	3206500	0.428	0.0		1.0	1.0
46	87	0.0	12826	70.0	3206500	0.28	0.0		1.0	1.0
47	87	0.0	12826	83.0	3206500	0.332	0.0		1.0	1.0
48	87	0.0	12826	77.0	3206500	0.308	0.0		1.0	1.0
49	87	0.0	12826	94.0	3206500	0.376	0.0		1.0	1.0
50	87	0.0	12826	86.0	3206500	0.344	0.0		1.0	1.0
51	87	2.0	12826	81.0	3206500	0.324	6.173646249701562	2.6261228188094288	0.04367173107383417	1.0
52	87	0.0	12826	79.0	3206500	0.316	0.0		1.0	1.0
53	87	0.0	12826	74.0	3206500	0.296	0.0		1.0	1.0
54	87	1.0	12826	67.0	3206500	0.268	3.731556253818626	1.899777435150391	0.23773443746122574	1.0
55	87	0.0	12826	63.0	3206500	0.252	0.0		1.0	1.0
56	87	0.0	12826	74.0	3206500	0.296	0.0		1.0	1.0
57	87	0.0	12826	82.0	3206500	0.328	0.0		1.0	1.0
58	87	0.0	12826	78.0	3206500	0.312	0.0		1.0	1.0
59	87	0.0	12826	62.0	3206500	0.248	0.0		1.0	1.0
60	87	0.0	12826	69.0	3206500	0.276	0.0		1.0	1.0
61	87	1.0	12826	83.0	3206500	0.332	3.012205077620423	1.5908199952403186	0.2849008810483778	1.0
62	87	0.0	12826	57.0	3206500	0.228	0.0		1.0	1.0
63	87	0.0	12826	55.0	3206500	0.22	0.0		1.0	1.0
64	87	0.0	12826	74.0	3206500	0.296	0.0		1.0	1.0
65	87	0.0	12826	55.0	3206500	0.22	0.0		1.0	1.0
66	87	0.0	12826	77.0	3206500	0.308	0.0		1.0	1.0
67	87	0.0	12826	73.0	3206500	0.292	0.0		1.0	1.0
68	87	0.0	12826	63.0	3206500	0.252	0.0		1.0	1.0
69	87	0.0	12826	65.0	3206500	0.26	0.0		1.0	1.0
70	87	0.0	12826	94.0	3206500	0.376	0.0		1.0	1.0
71	87	2.0	12826	58.0	3206500	0.232	8.621878159485448	3.108002175141303	0.02411305510237119	1.0
72	87	1.0	12826	64.0	3206500	0.256	3.9064766081871345	1.9658679754205868	0.22855042342015058	1.0
73	87	0.0	12826	72.0	3206500	0.288	0.0		1.0	1.0
74	87	0.0	12826	71.0	3206500	0.284	0.0		1.0	1.0
75	87	0.0	12826	86.0	3206500	0.344	0.0		1.0	1.0
76	87	0.0	12826	56.0	3206500	0.224	0.0		1.0	1.0
77	87	0.0	12826	74.0	3206500	0.296	0.0		1.0	1.0
78	87	0.0	12826	97.0	3206500	0.388	0.0		1.0	1.0
79	87	0.0	12826	84.0	3206500	0.336	0.0		1.0	1.0
80	87	0.0	12826	85.0	3206500	0.34	0.0		1.0	1.0
81	87	0.0	12826	83.0	3206500	0.332	0.0		1.0	1.0
82	87	1.0	12826	90.0	3206500	0.36	2.777916395928092	1.4740031806746199	0.30460762453902973	1.0
83	87	0.0	12826	90.0	3206500	0.36	0.0		1.0	1.0
84	87	2.0	12826	82.0	3206500	0.328	6.098355978881061	2.60842036713625	0.04462135752356024	1.0
85	87	0.0	12826	74.0	3206500	0.296	0.0		1.0	1.0
86	87	0.0	12826	63.0	3206500	0.252	0.0		1.0	1.0
87	87	0.0	12826	11.0	3206500	0.044	0.0		1.0	1.0
88	87	0.0	12826	0.0	3206500	0.0			1.0	1.0
89	87	0.0	12826	0.0	3206500	0.0			1.0	1.0
90	87	0.0	12826	0.0	3206500	0.0			1.0	1.0
91	87	0.0	12826	0.0	3206500	0.0			1.0	1.0
92	87	0.0	12826	0.0	3206500	0.0			1.0	1.0
93	87	0.0	12826	0.0	3206500	0.0			1.0	1.0
94	87	0.0	12826	0.0	3206500	0.0			1.0	1.0
95	87	0.0	12826	0.0	3206500	0.0			1.0	1.0
96	87	0.0	12826	0.0	3206500	0.0			1.0	1.0
97	87	0.0	12826	0.0	3206500	0.0			1.0	1.0
98	87	0.0	12826	0.0	3206500	0.0			1.0	1.0
99	87	0.0	12826	0.0	3206500	0.0			1.0	1.0
100	87	0.0	12826	0.0	3206500	0.0			1.0	1.0
1	88	0.0	12826	82.0	3206500	0.328	0.0		1.0	1.0
2	88	1.0	12826	92.0	3206500	0.368	2.7175252140011867	1.4422934210651763	0.31013771867884754	1.0
3	88	1.0	12826	87.0	3206500	0.348	2.873709305191459	1.5229141309776721	0.29622925921768667	1.0
4	88	0.0	12826	104.0	3206500	0.416	0.0		1.0	1.0
5	88	1.0	12826	92.0	3206500	0.368	2.7175252140011867	1.4422934210651763	0.31013771867884754	1.0
6	88	1.0	12826	104.0	3206500	0.416	2.4039556155345627	1.265410259676677	0.34240695899159046	1.0
7	88	1.0	12826	92.0	3206500	0.368	2.7175252140011867	1.4422934210651763	0.31013771867884754	1.0
8	88	0.0	12826	104.0	3206500	0.416	0.0		1.0	1.0
9	88	0.0	12826	73.0	3206500	0.292	0.0		1.0	1.0
10	88	0.0	12826	96.0	3206500	0.384	0.0		1.0	1.0
11	88	1.0	12826	101.0	3206500	0.404	2.4753625537992394	1.3076398448939737	0.33448398021134357	1.0
12	88	0.0	12826	100.0	3206500	0.4	0.0		1.0	1.0
13	88	1.0	12826	106.0	3206500	0.424	2.35859649122807	1.2379286233685354	0.34763647718452373	1.0
14	88	0.0	12826	80.0	3206500	0.32	0.0		1.0	1.0
15	88	0.0	12826	78.0	3206500	0.312	0.0		1.0	1.0
16	88	0.0	12826	84.0	3206500	0.336	0.0		1.0	1.0
17	88	1.0	12826	72.0	3206500	0.288	3.4724149880875026	1.7959393744756724	0.2527988238063696	1.0
18	88	0.0	12826	72.0	3206500	0.288	0.0		1.0	1.0
19	88	0.0	12826	67.0	3206500	0.268	0.0		1.0	1.0
20	88	0.0	12826	79.0	3206500	0.316	0.0		1.0	1.0
21	88	1.0	12826	59.0	3206500	0.236	4.237540555720752	2.0832271757433114	0.2129972020313905	1.0
22	88	0.0	12826	90.0	3206500	0.36	0.0		1.0	1.0
23	88	0.0	12826	73.0	3206500	0.292	0.0		1.0	1.0
24	88	0.0	12826	66.0	3206500	0.264	0.0		1.0	1.0
25	88	0.0	12826	81.0	3206500	0.324	0.0		1.0	1.0
26	88	0.0	12826	77.0	3206500	0.308	0.0		1.0	1.0
27	88	0.0	12826	69.0	3206500	0.276	0.0		1.0	1.0
28	88	0.0	12826	97.0	3206500	0.388	0.0		1.0	1.0
29	88	0.0	12826	80.0	3206500	0.32	0.0		1.0	1.0
30	88	0.0	12826	81.0	3206500	0.324	0.0		1.0	1.0
31	88	0.0	12826	75.0	3206500	0.3	0.0		1.0	1.0
32	88	1.0	12826	90.0	3206500	0.36	2.777916395928092	1.4740031806746199	0.30460762453902973	1.0
33	88	0.0	12826	69.0	3206500	0.276	0.0		1.0	1.0
34	88	0.0	12826	55.0	3206500	0.22	0.0		1.0	1.0
35	88	0.0	12826	57.0	3206500	0.228	0.0		1.0	1.0
36	88	0.0	12826	81.0	3206500	0.324	0.0		1.0	1.0
37	88	0.0	12826	69.0	3206500	0.276	0.0		1.0	1.0
38	88	0.0	12826	76.0	3206500	0.304	0.0		1.0	1.0
39	88	0.0	12826	75.0	3206500	0.3	0.0		1.0	1.0
40	88	0.0	12826	69.0	3206500	0.276	0.0		1.0	1.0
41	88	0.0	12826	86.0	3206500	0.344	0.0		1.0	1.0
42	88	0.0	12826	90.0	3206500	0.36	0.0		1.0	1.0
43	88	0.0	12826	73.0	3206500	0.292	0.0		1.0	1.0
44	88	0.0	12826	90.0	3206500	0.36	0.0		1.0	1.0
45	88	0.0	12826	58.0	3206500	0.232	0.0		1.0	1.0
46	88	0.0	12826	88.0	3206500	0.352	0.0		1.0	1.0
47	88	0.0	12826	71.0	3206500	0.284	0.0		1.0	1.0
48	88	0.0	12826	74.0	3206500	0.296	0.0		1.0	1.0
49	88	0.0	12826	66.0	3206500	0.264	0.0		1.0	1.0
50	88	0.0	12826	84.0	3206500	0.336	0.0		1.0	1.0
51	88	0.0	12826	68.0	3206500	0.272	0.0		1.0	1.0
52	88	0.0	12826	73.0	3206500	0.292	0.0		1.0	1.0
53	88	1.0	12826	64.0	3206500	0.256	3.9064766081871345	1.9658679754205868	0.22855042342015058	1.0
54	88	1.0	12826	58.0	3206500	0.232	4.310602944141964	2.1078896799140727	0.209849133011644	1.0
55	88	0.0	12826	97.0	3206500	0.388	0.0		1.0	1.0
56	88	1.0	12826	108.0	3206500	0.432	2.314917334488485	1.2109606758816704	0.35282441089726513	1.0
57	88	0.0	12826	57.0	3206500	0.228	0.0		1.0	1.0
58	88	0.0	12826	64.0	3206500	0.256	0.0		1.0	1.0
59	88	0.0	12826	64.0	3206500	0.256	0.0		1.0	1.0
60	88	0.0	12826	66.0	3206500	0.264	0.0		1.0	1.0
61	88	0.0	12826	89.0	3206500	0.356	0.0		1.0	1.0
62	88	1.0	12826	66.0	3206500	0.264	3.7880961663417803	1.9214729561873247	0.23468531142578591	1.0
63	88	0.0	12826	63.0	3206500	0.252	0.0		1.0	1.0
64	88	0.0	12826	69.0	3206500	0.276	0.0		1.0	1.0
65	88	0.0	12826	68.0	3206500	0.272	0.0		1.0	1.0
66	88	0.0	12826	62.0	3206500	0.248	0.0		1.0	1.0
67	88	0.0	12826	79.0	3206500	0.316	0.0		1.0	1.0
68	88	0.0	12826	67.0	3206500	0.268	0.0		1.0	1.0
69	88	1.0	12826	64.0	3206500	0.256	3.9064766081871345	1.9658679754205868	0.22855042342015058	1.0
70	88	0.0	12826	77.0	3206500	0.308	0.0		1.0	1.0
71	88	0.0	12826	73.0	3206500	0.292	0.0		1.0	1.0
72	88	0.0	12826	81.0	3206500	0.324	0.0		1.0	1.0
73	88	0.0	12826	79.0	3206500	0.316	0.0		1.0	1.0
74	88	0.0	12826	85.0	3206500	0.34	0.0		1.0	1.0
75	88	0.0	12826	95.0	3206500	0.38	0.0		1.0	1.0
76	88	0.0	12826	56.0	3206500	0.224	0.0		1.0	1.0
77	88	0.0	12826	71.0	3206500	0.284	0.0		1.0	1.0
78	88	0.0	12826	91.0	3206500	0.364	0.0		1.0	1.0
79	88	0.0	12826	70.0	3206500	0.28	0.0		1.0	1.0
80	88	1.0	12826	82.0	3206500	0.328	3.0489402367707887	1.6083078719090196	0.2820404105090681	1.0
81	88	1.0	12826	66.0	3206500	0.264	3.7880961663417803	1.9214729561873247	0.23468531142578591	1.0
82	88	0.0	12826	74.0	3206500	0.296	0.0		1.0	1.0
83	88	0.0	12826	85.0	3206500	0.34	0.0		1.0	1.0
84	88	0.0	12826	67.0	3206500	0.268	0.0		1.0	1.0
85	88	1.0	12826	79.0	3206500	0.316	3.1647257383966245	1.6620804781687382	0.2733901679930437	1.0
86	88	1.0	12826	72.0	3206500	0.288	3.4724149880875026	1.7959393744756724	0.2527988238063696	1.0
87	88	0.0	12826	73.0	3206500	0.292	0.0		1.0	1.0
88	88	0.0	12826	9.0	3206500	0.036	0.0		1.0	1.0
89	88	0.0	12826	0.0	3206500	0.0			1.0	1.0
90	88	0.0	12826	0.0	3206500	0.0			1.0	1.0
91	88	0.0	12826	0.0	3206500	0.0			1.0	1.0
92	88	0.0	12826	0.0	3206500	0.0			1.0	1.0
93	88	0.0	12826	0.0	3206500	0.0			1.0	1.0
94	88	0.0	12826	0.0	3206500	0.0			1.0	1.0
95	88	0.0	12826	0.0	3206500	0.0			1.0	1.0
96	88	0.0	12826	0.0	3206500	0.0			1.0	1.0
97	88	0.0	12826	0.0	3206500	0.0			1.0	1.0
98	88	0.0	12826	0.0	3206500	0.0			1.0	1.0
99	88	0.0	12826	0.0	3206500	0.0			1.0	1.0
100	88	0.0	12826	0.0	3206500	0.0			1.0	1.0
1	89	0.0	12826	95.0	3206500	0.38	0.0		1.0	1.0
2	89	0.0	12826	115.0	3206500	0.46	0.0		1.0	1.0
3	89	1.0	12826	122.0	3206500	0.488	2.0492621353018246	1.0351045412603646	0.38800302465416536	1.0
4	89	1.0	12826	91.0	3206500	0.364	2.747388985283722	1.4580611868646156	0.3073781903365389	1.0
5	89	0.0	12826	62.0	3206500	0.248	0.0		1.0	1.0
6	89	0.0	12826	94.0	3206500	0.376	0.0		1.0	1.0
7	89	0.0	12826	85.0	3206500	0.34	0.0		1.0	1.0
8	89	0.0	12826	82.0	3206500	0.328	0.0		1.0	1.0
9	89	0.0	12826	79.0	3206500	0.316	0.0		1.0	1.0
10	89	1.0	12826	63.0	3206500	0.252	3.9684854110585106	1.9885885018578642	0.22546456345677904	1.0
11	89	0.0	12826	93.0	3206500	0.372	0.0		1.0	1.0
12	89	0.0	12826	80.0	3206500	0.32	0.0		1.0	1.0
13	89	0.0	12826	89.0	3206500	0.356	0.0		1.0	1.0
14	89	0.0	12826	80.0	3206500	0.32	0.0		1.0	1.0
15	89	0.0	12826	79.0	3206500	0.316	0.0		1.0	1.0
16	89	0.0	12826	76.0	3206500	0.304	0.0		1.0	1.0
17	89	0.0	12826	69.0	3206500	0.276	0.0		1.0	1.0
18	89	1.0	12826	79.0	3206500	0.316	3.1647257383966245	1.6620804781687382	0.2733901679930437	1.0
19	89	0.0	12826	86.0	3206500	0.344	0.0		1.0	1.0
20	89	0.0	12826	60.0	3206500	0.24	0.0		1.0	1.0
21	89	0.0	12826	94.0	3206500	0.376	0.0		1.0	1.0
22	89	0.0	12826	81.0	3206500	0.324	0.0		1.0	1.0
23	89	0.0	12826	72.0	3206500	0.288	0.0		1.0	1.0
24	89	0.0	12826	63.0	3206500	0.252	0.0		1.0	1.0
25	89	0.0	12826	81.0	3206500	0.324	0.0		1.0	1.0
26	89	0.0	12826	83.0	3206500	0.332	0.0		1.0	1.0
27	89	0.0	12826	71.0	3206500	0.284	0.0		1.0	1.0
28	89	0.0	12826	73.0	3206500	0.292	0.0		1.0	1.0
29	89	0.0	12826	82.0	3206500	0.328	0.0		1.0	1.0
30	89	0.0	12826	90.0	3206500	0.36	0.0		1.0	1.0
31	89	0.0	12826	81.0	3206500	0.324	0.0		1.0	1.0
32	89	1.0	12826	67.0	3206500	0.268	3.731556253818626	1.899777435150391	0.23773443746122574	1.0
33	89	0.0	12826	90.0	3206500	0.36	0.0		1.0	1.0
34	89	0.0	12826	79.0	3206500	0.316	0.0		1.0	1.0
35	89	0.0	12826	65.0	3206500	0.26	0.0		1.0	1.0
36	89	1.0	12826	77.0	3206500	0.308	3.24692843219159	1.6990755855293969	0.26756552087026075	1.0
37	89	0.0	12826	98.0	3206500	0.392	0.0		1.0	1.0
38	89	0.0	12826	74.0	3206500	0.296	0.0		1.0	1.0
39	89	0.0	12826	78.0	3206500	0.312	0.0		1.0	1.0
40	89	0.0	12826	66.0	3206500	0.264	0.0		1.0	1.0
41	89	0.0	12826	97.0	3206500	0.388	0.0		1.0	1.0
42	89	0.0	12826	92.0	3206500	0.368	0.0		1.0	1.0
43	89	0.0	12826	72.0	3206500	0.288	0.0		1.0	1.0
44	89	0.0	12826	78.0	3206500	0.312	0.0		1.0	1.0
45	89	0.0	12826	73.0	3206500	0.292	0.0		1.0	1.0
46	89	0.0	12826	65.0	3206500	0.26	0.0		1.0	1.0
47	89	0.0	12826	64.0	3206500	0.256	0.0		1.0	1.0
48	89	0.0	12826	68.0	3206500	0.272	0.0		1.0	1.0
49	89	0.0	12826	52.0	3206500	0.208	0.0		1.0	1.0
50	89	0.0	12826	68.0	3206500	0.272	0.0		1.0	1.0
51	89	0.0	12826	69.0	3206500	0.276	0.0		1.0	1.0
52	89	0.0	12826	77.0	3206500	0.308	0.0		1.0	1.0
53	89	0.0	12826	71.0	3206500	0.284	0.0		1.0	1.0
54	89	0.0	12826	56.0	3206500	0.224	0.0		1.0	1.0
55	89	0.0	12826	65.0	3206500	0.26	0.0		1.0	1.0
56	89	0.0	12826	67.0	3206500	0.268	0.0		1.0	1.0
57	89	0.0	12826	77.0	3206500	0.308	0.0		1.0	1.0
58	89	0.0	12826	70.0	3206500	0.28	0.0		1.0	1.0
59	89	1.0	12826	81.0	3206500	0.324	3.08658243688783	1.626010323582198	0.2791684987903616	1.0
60	89	0.0	12826	81.0	3206500	0.324	0.0		1.0	1.0
61	89	0.0	12826	84.0	3206500	0.336	0.0		1.0	1.0
62	89	0.0	12826	65.0	3206500	0.26	0.0		1.0	1.0
63	89	0.0	12826	57.0	3206500	0.228	0.0		1.0	1.0
64	89	0.0	12826	83.0	3206500	0.332	0.0		1.0	1.0
65	89	0.0	12826	60.0	3206500	0.24	0.0		1.0	1.0
66	89	0.0	12826	89.0	3206500	0.356	0.0		1.0	1.0
67	89	0.0	12826	70.0	3206500	0.28	0.0		1.0	1.0
68	89	0.0	12826	115.0	3206500	0.46	0.0		1.0	1.0
69	89	1.0	12826	76.0	3206500	0.304	3.2896522006771316	1.7179350627197307	0.26463571259290025	1.0
70	89	0.0	12826	57.0	3206500	0.228	0.0		1.0	1.0
71	89	0.0	12826	58.0	3206500	0.232	0.0		1.0	1.0
72	89	0.0	12826	68.0	3206500	0.272	0.0		1.0	1.0
73	89	0.0	12826	73.0	3206500	0.292	0.0		1.0	1.0
74	89	0.0	12826	80.0	3206500	0.32	0.0		1.0	1.0
75	89	0.0	12826	78.0	3206500	0.312	0.0		1.0	1.0
76	89	0.0	12826	87.0	3206500	0.348	0.0		1.0	1.0
77	89	0.0	12826	62.0	3206500	0.248	0.0		1.0	1.0
78	89	0.0	12826	79.0	3206500	0.316	0.0		1.0	1.0
79	89	0.0	12826	72.0	3206500	0.288	0.0		1.0	1.0
80	89	0.0	12826	66.0	3206500	0.264	0.0		1.0	1.0
81	89	0.0	12826	80.0	3206500	0.32	0.0		1.0	1.0
82	89	0.0	12826	69.0	3206500	0.276	0.0		1.0	1.0
83	89	0.0	12826	87.0	3206500	0.348	0.0		1.0	1.0
84	89	0.0	12826	88.0	3206500	0.352	0.0		1.0	1.0
85	89	1.0	12826	69.0	3206500	0.276	3.6233929429047658	1.8573412689543438	0.24379629609175027	1.0
86	89	0.0	12826	95.0	3206500	0.38	0.0		1.0	1.0
87	89	1.0	12826	99.0	3206500	0.396	2.5253714533246696	1.33649560745079	0.3291490362402692	1.0
88	89	0.0	12826	72.0	3206500	0.288	0.0		1.0	1.0
89	89	0.0	12826	9.0	3206500	0.036	0.0		1.0	1.0
90	89	0.0	12826	0.0	3206500	0.0			1.0	1.0
91	89	0.0	12826	0.0	3206500	0.0			1.0	1.0
92	89	0.0	12826	0.0	3206500	0.0			1.0	1.0
93	89	0.0	12826	0.0	3206500	0.0			1.0	1.0
94	89	0.0	12826	0.0	3206500	0.0			1.0	1.0
95	89	0.0	12826	0.0	3206500	0.0			1.0	1.0
96	89	0.0	12826	0.0	3206500	0.0			1.0	1.0
97	89	0.0	12826	0.0	3206500	0.0			1.0	1.0
98	89	0.0	12826	0.0	3206500	0.0			1.0	1.0
99	89	0.0	12826	0.0	3206500	0.0			1.0	1.0
100	89	0.0	12826	0.0	3206500	0.0			1.0	1.0
1	90	0.0	12826	131.0	3206500	0.524	0.0		1.0	1.0
2	90	0.0	12826	99.0	3206500	0.396	0.0		1.0	1.0
3	90	2.0	12826	64.0	3206500	0.256	7.813562461010605	2.9659804706478177	0.028768610917216858	1.0
4	90	0.0	12826	85.0	3206500	0.34	0.0		1.0	1.0
5	90	0.0	12826	84.0	3206500	0.336	0.0		1.0	1.0
6	90	0.0	12826	94.0	3206500	0.376	0.0		1.0	1.0
7	90	1.0	12826	85.0	3206500	0.34	2.941327829377365	1.5564675905694005	0.2905876805126903	1.0
8	90	0.0	12826	89.0	3206500	0.356	0.0		1.0	1.0
9	90	1.0	12826	108.0	3206500	0.432	2.314917334488485	1.2109606758816704	0.35282441089726513	1.0
10	90	0.0	12826	101.0	3206500	0.404	0.0		1.0	1.0
11	90	0.0	12826	60.0	3206500	0.24	0.0		1.0	1.0
12	90	0.0	12826	94.0	3206500	0.376	0.0		1.0	1.0
13	90	0.0	12826	74.0	3206500	0.296	0.0		1.0	1.0
14	90	0.0	12826	82.0	3206500	0.328	0.0		1.0	1.0
15	90	0.0	12826	66.0	3206500	0.264	0.0		1.0	1.0
16	90	1.0	12826	106.0	3206500	0.424	2.35859649122807	1.2379286233685354	0.34763647718452373	1.0
17	90	0.0	12826	48.0	3206500	0.192	0.0		1.0	1.0
18	90	0.0	12826	88.0	3206500	0.352	0.0		1.0	1.0
19	90	0.0	12826	59.0	3206500	0.236	0.0		1.0	1.0
20	90	0.0	12826	101.0	3206500	0.404	0.0		1.0	1.0
21	90	1.0	12826	85.0	3206500	0.34	2.941327829377365	1.5564675905694005	0.2905876805126903	1.0
22	90	0.0	12826	108.0	3206500	0.432	0.0		1.0	1.0
23	90	0.0	12826	81.0	3206500	0.324	0.0		1.0	1.0
24	90	0.0	12826	56.0	3206500	0.224	0.0		1.0	1.0
25	90	0.0	12826	57.0	3206500	0.228	0.0		1.0	1.0
26	90	0.0	12826	80.0	3206500	0.32	0.0		1.0	1.0
27	90	0.0	12826	71.0	3206500	0.284	0.0		1.0	1.0
28	90	0.0	12826	69.0	3206500	0.276	0.0		1.0	1.0
29	90	0.0	12826	73.0	3206500	0.292	0.0		1.0	1.0
30	90	0.0	12826	62.0	3206500	0.248	0.0		1.0	1.0
31	90	1.0	12826	68.0	3206500	0.272	3.676679279899094	1.878403334420069	0.24077141627844897	1.0
32	90	0.0	12826	59.0	3206500	0.236	0.0		1.0	1.0
33	90	0.0	12826	68.0	3206500	0.272	0.0		1.0	1.0
34	90	0.0	12826	62.0	3206500	0.248	0.0		1.0	1.0
35	90	0.0	12826	79.0	3206500	0.316	0.0		1.0	1.0
36	90	0.0	12826	59.0	3206500	0.236	0.0		1.0	1.0
37	90	0.0	12826	71.0	3206500	0.284	0.0		1.0	1.0
38	90	0.0	12826	68.0	3206500	0.272	0.0		1.0	1.0
39	90	0.0	12826	76.0	3206500	0.304	0.0		1.0	1.0
40	90	0.0	12826	68.0	3206500	0.272	0.0		1.0	1.0
41	90	0.0	12826	48.0	3206500	0.192	0.0		1.0	1.0
42	90	1.0	12826	73.0	3206500	0.292	3.4248465913642554	1.776039367099511	0.2557757885180958	1.0
43	90	0.0	12826	65.0	3206500	0.26	0.0		1.0	1.0
44	90	0.0	12826	80.0	3206500	0.32	0.0		1.0	1.0
45	90	0.0	12826	52.0	3206500	0.208	0.0		1.0	1.0
46	90	0.0	12826	66.0	3206500	0.264	0.0		1.0	1.0
47	90	0.0	12826	88.0	3206500	0.352	0.0		1.0	1.0
48	90	1.0	12826	72.0	3206500	0.288	3.4724149880875026	1.7959393744756724	0.2527988238063696	1.0
49	90	0.0	12826	62.0	3206500	0.248	0.0		1.0	1.0
50	90	0.0	12826	68.0	3206500	0.272	0.0		1.0	1.0
51	90	0.0	12826	62.0	3206500	0.248	0.0		1.0	1.0
52	90	0.0	12826	69.0	3206500	0.276	0.0		1.0	1.0
53	90	0.0	12826	66.0	3206500	0.264	0.0		1.0	1.0
54	90	0.0	12826	83.0	3206500	0.332	0.0		1.0	1.0
55	90	0.0	12826	78.0	3206500	0.312	0.0		1.0	1.0
56	90	1.0	12826	56.0	3206500	0.224	4.464555834029518	2.158516652856604	0.20351516982097634	1.0
57	90	0.0	12826	67.0	3206500	0.268	0.0		1.0	1.0
58	90	0.0	12826	66.0	3206500	0.264	0.0		1.0	1.0
59	90	0.0	12826	67.0	3206500	0.268	0.0		1.0	1.0
60	90	0.0	12826	63.0	3206500	0.252	0.0		1.0	1.0
61	90	0.0	12826	72.0	3206500	0.288	0.0		1.0	1.0
62	90	0.0	12826	55.0	3206500	0.22	0.0		1.0	1.0
63	90	0.0	12826	88.0	3206500	0.352	0.0		1.0	1.0
64	90	0.0	12826	71.0	3206500	0.284	0.0		1.0	1.0
65	90	0.0	12826	73.0	3206500	0.292	0.0		1.0	1.0
66	90	0.0	12826	70.0	3206500	0.28	0.0		1.0	1.0
67	90	0.0	12826	60.0	3206500	0.24	0.0		1.0	1.0
68	90	0.0	12826	88.0	3206500	0.352	0.0		1.0	1.0
69	90	1.0	12826	61.0	3206500	0.244	4.098602243313201	2.035131987668861	0.21925576616867087	1.0
70	90	0.0	12826	73.0	3206500	0.292	0.0		1.0	1.0
71	90	0.0	12826	66.0	3206500	0.264	0.0		1.0	1.0
72	90	0.0	12826	83.0	3206500	0.332	0.0		1.0	1.0
73	90	0.0	12826	56.0	3206500	0.224	0.0		1.0	1.0
74	90	2.0	12826	79.0	3206500	0.316	6.329945039759312	2.662192973395969	0.04179562195022243	1.0
75	90	0.0	12826	63.0	3206500	0.252	0.0		1.0	1.0
76	90	0.0	12826	65.0	3206500	0.26	0.0		1.0	1.0
77	90	0.0	12826	66.0	3206500	0.264	0.0		1.0	1.0
78	90	0.0	12826	91.0	3206500	0.364	0.0		1.0	1.0
79	90	0.0	12826	69.0	3206500	0.276	0.0		1.0	1.0
80	90	0.0	12826	81.0	3206500	0.324	0.0		1.0	1.0
81	90	1.0	12826	82.0	3206500	0.328	3.0489402367707887	1.6083078719090196	0.2820404105090681	1.0
82	90	0.0	12826	78.0	3206500	0.312	0.0		1.0	1.0
83	90	1.0	12826	69.0	3206500	0.276	3.6233929429047658	1.8573412689543438	0.24379629609175027	1.0
84	90	0.0	12826	78.0	3206500	0.312	0.0		1.0	1.0
85	90	0.0	12826	71.0	3206500	0.284	0.0		1.0	1.0
86	90	0.0	12826	87.0	3206500	0.348	0.0		1.0	1.0
87	90	1.0	12826	53.0	3206500	0.212	4.717270955165692	2.2379524701588016	0.19391890422031013	1.0
88	90	0.0	12826	86.0	3206500	0.344	0.0		1.0	1.0
89	90	0.0	12826	81.0	3206500	0.324	0.0		1.0	1.0
90	90	0.0	12826	7.0	3206500	0.028	0.0		1.0	1.0
91	90	0.0	12826	0.0	3206500	0.0			1.0	1.0
92	90	0.0	12826	0.0	3206500	0.0			1.0	1.0
93	90	0.0	12826	0.0	3206500	0.0			1.0	1.0
94	90	0.0	12826	0.0	3206500	0.0			1.0	1.0
95	90	0.0	12826	0.0	3206500	0.0			1.0	1.0
96	90	0.0	12826	0.0	3206500	0.0			1.0	1.0
97	90	0.0	12826	0.0	3206500	0.0			1.0	1.0
98	90	0.0	12826	0.0	3206500	0.0			1.0	1.0
99	90	0.0	12826	0.0	3206500	0.0			1.0	1.0
100	90	0.0	12826	0.0	3206500	0.0			1.0	1.0
1	91	0.0	12826	142.0	3206500	0.568	0.0		1.0	1.0
2	91	0.0	12826	86.0	3206500	0.344	0.0		1.0	1.0
3	91	0.0	12826	60.0	3206500	0.24	0.0		1.0	1.0
4	91	0.0	12826	73.0	3206500	0.292	0.0		1.0	1.0
5	91	0.0	12826	84.0	3206500	0.336	0.0		1.0	1.0
6	91	2.0	12826	79.0	3206500	0.316	6.329945039759312	2.662192973395969	0.04179562195022243	1.0
7	91	0.0	12826	97.0	3206500	0.388	0.0		1.0	1.0
8	91	0.0	12826	67.0	3206500	0.268	0.0		1.0	1.0
9	91	0.0	12826	83.0	3206500	0.332	0.0		1.0	1.0
10	91	0.0	12826	73.0	3206500	0.292	0.0		1.0	1.0
11	91	0.0	12826	69.0	3206500	0.276	0.0		1.0	1.0
12	91	0.0	12826	69.0	3206500	0.276	0.0		1.0	1.0
13	91	2.0	12826	59.0	3206500	0.236	8.47574198800977	3.083339670970542	0.024865536930851785	1.0
14	91	0.0	12826	70.0	3206500	0.28	0.0		1.0	1.0
15	91	0.0	12826	73.0	3206500	0.292	0.0		1.0	1.0
16	91	0.0	12826	66.0	3206500	0.264	0.0		1.0	1.0
17	91	0.0	12826	80.0	3206500	0.32	0.0		1.0	1.0
18	91	0.0	12826	68.0	3206500	0.272	0.0		1.0	1.0
19	91	0.0	12826	50.0	3206500	0.2	0.0		1.0	1.0
20	91	0.0	12826	57.0	3206500	0.228	0.0		1.0	1.0
21	91	0.0	12826	96.0	3206500	0.384	0.0		1.0	1.0
22	91	1.0	12826	61.0	3206500	0.244	4.098602243313201	2.035131987668861	0.21925576616867087	1.0
23	91	0.0	12826	124.0	3206500	0.496	0.0		1.0	1.0
24	91	0.0	12826	62.0	3206500	0.248	0.0		1.0	1.0
25	91	0.0	12826	61.0	3206500	0.244	0.0		1.0	1.0
26	91	0.0	12826	76.0	3206500	0.304	0.0		1.0	1.0
27	91	1.0	12826	56.0	3206500	0.224	4.464555834029518	2.158516652856604	0.20351516982097634	1.0
28	91	1.0	12826	65.0	3206500	0.26	3.846375768481032	1.9434997124547984	0.23162398975476917	1.0
29	91	0.0	12826	61.0	3206500	0.244	0.0		1.0	1.0
30	91	0.0	12826	54.0	3206500	0.216	0.0		1.0	1.0
31	91	0.0	12826	68.0	3206500	0.272	0.0		1.0	1.0
32	91	0.0	12826	59.0	3206500	0.236	0.0		1.0	1.0
33	91	0.0	12826	56.0	3206500	0.224	0.0		1.0	1.0
34	91	0.0	12826	66.0	3206500	0.264	0.0		1.0	1.0
35	91	0.0	12826	66.0	3206500	0.264	0.0		1.0	1.0
36	91	0.0	12826	57.0	3206500	0.228	0.0		1.0	1.0
37	91	0.0	12826	59.0	3206500	0.236	0.0		1.0	1.0
38	91	0.0	12826	57.0	3206500	0.228	0.0		1.0	1.0
39	91	1.0	12826	72.0	3206500	0.288	3.4724149880875026	1.7959393744756724	0.2527988238063696	1.0
40	91	0.0	12826	41.0	3206500	0.164	0.0		1.0	1.0
41	91	0.0	12826	46.0	3206500	0.184	0.0		1.0	1.0
42	91	0.0	12826	67.0	3206500	0.268	0.0		1.0	1.0
43	91	0.0	12826	87.0	3206500	0.348	0.0		1.0	1.0
44	91	0.0	12826	72.0	3206500	0.288	0.0		1.0	1.0
45	91	0.0	12826	73.0	3206500	0.292	0.0		1.0	1.0
46	91	0.0	12826	61.0	3206500	0.244	0.0		1.0	1.0
47	91	0.0	12826	66.0	3206500	0.264	0.0		1.0	1.0
48	91	0.0	12826	67.0	3206500	0.268	0.0		1.0	1.0
49	91	0.0	12826	67.0	3206500	0.268	0.0		1.0	1.0
50	91	0.0	12826	45.0	3206500	0.18	0.0		1.0	1.0
51	91	0.0	12826	43.0	3206500	0.172	0.0		1.0	1.0
52	91	0.0	12826	54.0	3206500	0.216	0.0		1.0	1.0
53	91	0.0	12826	60.0	3206500	0.24	0.0		1.0	1.0
54	91	0.0	12826	58.0	3206500	0.232	0.0		1.0	1.0
55	91	0.0	12826	80.0	3206500	0.32	0.0		1.0	1.0
56	91	0.0	12826	63.0	3206500	0.252	0.0		1.0	1.0
57	91	0.0	12826	56.0	3206500	0.224	0.0		1.0	1.0
58	91	0.0	12826	57.0	3206500	0.228	0.0		1.0	1.0
59	91	0.0	12826	59.0	3206500	0.236	0.0		1.0	1.0
60	91	0.0	12826	73.0	3206500	0.292	0.0		1.0	1.0
61	91	0.0	12826	43.0	3206500	0.172	0.0		1.0	1.0
62	91	0.0	12826	86.0	3206500	0.344	0.0		1.0	1.0
63	91	0.0	12826	52.0	3206500	0.208	0.0		1.0	1.0
64	91	1.0	12826	49.0	3206500	0.196	5.102360663563671	2.3511648803485516	0.18094380681594757	1.0
65	91	0.0	12826	65.0	3206500	0.26	0.0		1.0	1.0
66	91	0.0	12826	49.0	3206500	0.196	0.0		1.0	1.0
67	91	0.0	12826	76.0	3206500	0.304	0.0		1.0	1.0
68	91	0.0	12826	76.0	3206500	0.304	0.0		1.0	1.0
69	91	1.0	12826	39.0	3206500	0.156	6.410678262608087	2.680477004946087	0.14758503269643303	1.0
70	91	0.0	12826	61.0	3206500	0.244	0.0		1.0	1.0
71	91	0.0	12826	60.0	3206500	0.24	0.0		1.0	1.0
72	91	0.0	12826	48.0	3206500	0.192	0.0		1.0	1.0
73	91	0.0	12826	71.0	3206500	0.284	0.0		1.0	1.0
74	91	0.0	12826	60.0	3206500	0.24	0.0		1.0	1.0
75	91	0.0	12826	58.0	3206500	0.232	0.0		1.0	1.0
76	91	0.0	12826	73.0	3206500	0.292	0.0		1.0	1.0
77	91	0.0	12826	53.0	3206500	0.212	0.0		1.0	1.0
78	91	1.0	12826	53.0	3206500	0.212	4.717270955165692	2.2379524701588016	0.19391890422031013	1.0
79	91	1.0	12826	47.0	3206500	0.188	5.319485711915723	2.41128677265616	0.17437815285932143	1.0
80	91	0.0	12826	62.0	3206500	0.248	0.0		1.0	1.0
81	91	0.0	12826	68.0	3206500	0.272	0.0		1.0	1.0
82	91	0.0	12826	72.0	3206500	0.288	0.0		1.0	1.0
83	91	0.0	12826	59.0	3206500	0.236	0.0		1.0	1.0
84	91	1.0	12826	100.0	3206500	0.4	2.5001169590643273	1.3219955878134295	0.33182183245052643	1.0
85	91	2.0	12826	65.0	3206500	0.26	7.693351408416911	2.943612207682029	0.0295767532175941	1.0
86	91	0.0	12826	66.0	3206500	0.264	0.0		1.0	1.0
87	91	0.0	12826	85.0	3206500	0.34	0.0		1.0	1.0
88	91	0.0	12826	69.0	3206500	0.276	0.0		1.0	1.0
89	91	0.0	12826	68.0	3206500	0.272	0.0		1.0	1.0
90	91	0.0	12826	64.0	3206500	0.256	0.0		1.0	1.0
91	91	0.0	12826	6.0	3206500	0.024	0.0		1.0	1.0
92	91	0.0	12826	0.0	3206500	0.0			1.0	1.0
93	91	0.0	12826	0.0	3206500	0.0			1.0	1.0
94	91	0.0	12826	0.0	3206500	0.0			1.0	1.0
95	91	0.0	12826	0.0	3206500	0.0			1.0	1.0
96	91	0.0	12826	0.0	3206500	0.0			1.0	1.0
97	91	0.0	12826	0.0	3206500	0.0			1.0	1.0
98	91	0.0	12826	0.0	3206500	0.0			1.0	1.0
99	91	0.0	12826	0.0	3206500	0.0			1.0	1.0
100	91	0.0	12826	0.0	3206500	0.0			1.0	1.0
1	92	0.0	12826	126.0	3206500	0.504	0.0		1.0	1.0
2	92	0.0	12826	95.0	3206500	0.38	0.0		1.0	1.0
3	92	0.0	12826	95.0	3206500	0.38	0.0		1.0	1.0
4	92	0.0	12826	109.0	3206500	0.436	0.0		1.0	1.0
5	92	0.0	12826	86.0	3206500	0.344	0.0		1.0	1.0
6	92	1.0	12826	87.0	3206500	0.348	2.873709305191459	1.5229141309776721	0.29622925921768667	1.0
7	92	0.0	12826	79.0	3206500	0.316	0.0		1.0	1.0
8	92	0.0	12826	89.0	3206500	0.356	0.0		1.0	1.0
9	92	0.0	12826	68.0	3206500	0.272	0.0		1.0	1.0
10	92	1.0	12826	72.0	3206500	0.288	3.4724149880875026	1.7959393744756724	0.2527988238063696	1.0
11	92	0.0	12826	72.0	3206500	0.288	0.0		1.0	1.0
12	92	0.0	12826	82.0	3206500	0.328	0.0		1.0	1.0
13	92	0.0	12826	84.0	3206500	0.336	0.0		1.0	1.0
14	92	0.0	12826	64.0	3206500	0.256	0.0		1.0	1.0
15	92	0.0	12826	66.0	3206500	0.264	0.0		1.0	1.0
16	92	1.0	12826	92.0	3206500	0.368	2.7175252140011867	1.4422934210651763	0.31013771867884754	1.0
17	92	0.0	12826	69.0	3206500	0.276	0.0		1.0	1.0
18	92	0.0	12826	74.0	3206500	0.296	0.0		1.0	1.0
19	92	0.0	12826	69.0	3206500	0.276	0.0		1.0	1.0
20	92	0.0	12826	63.0	3206500	0.252	0.0		1.0	1.0
21	92	0.0	12826	101.0	3206500	0.404	0.0		1.0	1.0
22	92	0.0	12826	57.0	3206500	0.228	0.0		1.0	1.0
23	92	0.0	12826	57.0	3206500	0.228	0.0		1.0	1.0
24	92	1.0	12826	45.0	3206500	0.18	5.555910764565735	2.474023427873599	0.16775987196714567	1.0
25	92	1.0	12826	55.0	3206500	0.22	4.545730994152047	2.1845123113256197	0.20032917481101997	1.0
26	92	0.0	12826	67.0	3206500	0.268	0.0		1.0	1.0
27	92	0.0	12826	62.0	3206500	0.248	0.0		1.0	1.0
28	92	1.0	12826	72.0	3206500	0.288	3.4724149880875026	1.7959393744756724	0.2527988238063696	1.0
29	92	0.0	12826	98.0	3206500	0.392	0.0		1.0	1.0
30	92	0.0	12826	54.0	3206500	0.216	0.0		1.0	1.0
31	92	0.0	12826	76.0	3206500	0.304	0.0		1.0	1.0
32	92	0.0	12826	55.0	3206500	0.22	0.0		1.0	1.0
33	92	0.0	12826	45.0	3206500	0.18	0.0		1.0	1.0
34	92	0.0	12826	58.0	3206500	0.232	0.0		1.0	1.0
35	92	0.0	12826	61.0	3206500	0.244	0.0		1.0	1.0
36	92	0.0	12826	112.0	3206500	0.448	0.0		1.0	1.0
37	92	0.0	12826	60.0	3206500	0.24	0.0		1.0	1.0
38	92	0.0	12826	79.0	3206500	0.316	0.0		1.0	1.0
39	92	0.0	12826	65.0	3206500	0.26	0.0		1.0	1.0
40	92	1.0	12826	90.0	3206500	0.36	2.777916395928092	1.4740031806746199	0.30460762453902973	1.0
41	92	0.0	12826	78.0	3206500	0.312	0.0		1.0	1.0
42	92	0.0	12826	98.0	3206500	0.392	0.0		1.0	1.0
43	92	0.0	12826	60.0	3206500	0.24	0.0		1.0	1.0
44	92	0.0	12826	91.0	3206500	0.364	0.0		1.0	1.0
45	92	0.0	12826	69.0	3206500	0.276	0.0		1.0	1.0
46	92	0.0	12826	102.0	3206500	0.408	0.0		1.0	1.0
47	92	0.0	12826	63.0	3206500	0.252	0.0		1.0	1.0
48	92	0.0	12826	80.0	3206500	0.32	0.0		1.0	1.0
49	92	0.0	12826	61.0	3206500	0.244	0.0		1.0	1.0
50	92	0.0	12826	75.0	3206500	0.3	0.0		1.0	1.0
51	92	0.0	12826	81.0	3206500	0.324	0.0		1.0	1.0
52	92	1.0	12826	103.0	3206500	0.412	2.427295747459263	1.2793499005773574	0.339776501315344	1.0
53	92	0.0	12826	52.0	3206500	0.208	0.0		1.0	1.0
54	92	1.0	12826	68.0	3206500	0.272	3.676679279899094	1.878403334420069	0.24077141627844897	1.0
55	92	0.0	12826	64.0	3206500	0.256	0.0		1.0	1.0
56	92	1.0	12826	81.0	3206500	0.324	3.08658243688783	1.626010323582198	0.2791684987903616	1.0
57	92	0.0	12826	66.0	3206500	0.264	0.0		1.0	1.0
58	92	0.0	12826	60.0	3206500	0.24	0.0		1.0	1.0
59	92	0.0	12826	48.0	3206500	0.192	0.0		1.0	1.0
60	92	0.0	12826	48.0	3206500	0.192	0.0		1.0	1.0
61	92	0.0	12826	97.0	3206500	0.388	0.0		1.0	1.0
62	92	0.0	12826	61.0	3206500	0.244	0.0		1.0	1.0
63	92	0.0	12826	75.0	3206500	0.3	0.0		1.0	1.0
64	92	1.0	12826	77.0	3206500	0.308	3.24692843219159	1.6990755855293969	0.26756552087026075	1.0
65	92	0.0	12826	78.0	3206500	0.312	0.0		1.0	1.0
66	92	0.0	12826	72.0	3206500	0.288	0.0		1.0	1.0
67	92	0.0	12826	57.0	3206500	0.228	0.0		1.0	1.0
68	92	0.0	12826	58.0	3206500	0.232	0.0		1.0	1.0
69	92	0.0	12826	64.0	3206500	0.256	0.0		1.0	1.0
70	92	0.0	12826	58.0	3206500	0.232	0.0		1.0	1.0
71	92	0.0	12826	55.0	3206500	0.22	0.0		1.0	1.0
72	92	0.0	12826	55.0	3206500	0.22	0.0		1.0	1.0
73	92	0.0	12826	56.0	3206500	0.224	0.0		1.0	1.0
74	92	0.0	12826	64.0	3206500	0.256	0.0		1.0	1.0
75	92	0.0	12826	44.0	3206500	0.176	0.0		1.0	1.0
76	92	0.0	12826	68.0	3206500	0.272	0.0		1.0	1.0
77	92	0.0	12826	63.0	3206500	0.252	0.0		1.0	1.0
78	92	1.0	12826	76.0	3206500	0.304	3.2896522006771316	1.7179350627197307	0.26463571259290025	1.0
79	92	1.0	12826	74.0	3206500	0.296	3.3785638269848794	1.7564101104119814	0.2587408932829402	1.0
80	92	0.0	12826	63.0	3206500	0.252	0.0		1.0	1.0
81	92	0.0	12826	67.0	3206500	0.268	0.0		1.0	1.0
82	92	0.0	12826	60.0	3206500	0.24	0.0		1.0	1.0
83	92	0.0	12826	81.0	3206500	0.324	0.0		1.0	1.0
84	92	0.0	12826	84.0	3206500	0.336	0.0		1.0	1.0
85	92	0.0	12826	108.0	3206500	0.432	0.0		1.0	1.0
86	92	0.0	12826	68.0	3206500	0.272	0.0		1.0	1.0
87	92	0.0	12826	68.0	3206500	0.272	0.0		1.0	1.0
88	92	0.0	12826	55.0	3206500	0.22	0.0		1.0	1.0
89	92	0.0	12826	75.0	3206500	0.3	0.0		1.0	1.0
90	92	0.0	12826	79.0	3206500	0.316	0.0		1.0	1.0
91	92	0.0	12826	87.0	3206500	0.348	0.0		1.0	1.0
92	92	0.0	12826	15.0	3206500	0.06	0.0		1.0	1.0
93	92	0.0	12826	0.0	3206500	0.0			1.0	1.0
94	92	0.0	12826	0.0	3206500	0.0			1.0	1.0
95	92	0.0	12826	0.0	3206500	0.0			1.0	1.0
96	92	0.0	12826	0.0	3206500	0.0			1.0	1.0
97	92	0.0	12826	0.0	3206500	0.0			1.0	1.0
98	92	0.0	12826	0.0	3206500	0.0			1.0	1.0
99	92	0.0	12826	0.0	3206500	0.0			1.0	1.0
100	92	0.0	12826	0.0	3206500	0.0			1.0	1.0
1	93	0.0	12826	111.0	3206500	0.444	0.0		1.0	1.0
2	93	1.0	12826	74.0	3206500	0.296	3.3785638269848794	1.7564101104119814	0.2587408932829402	1.0
3	93	1.0	12826	74.0	3206500	0.296	3.3785638269848794	1.7564101104119814	0.2587408932829402	1.0
4	93	1.0	12826	81.0	3206500	0.324	3.08658243688783	1.626010323582198	0.2791684987903616	1.0
5	93	2.0	12826	80.0	3206500	0.32	6.250818777292577	2.6440451767462707	0.042729793639754925	1.0
6	93	0.0	12826	65.0	3206500	0.26	0.0		1.0	1.0
7	93	0.0	12826	73.0	3206500	0.292	0.0		1.0	1.0
8	93	0.0	12826	82.0	3206500	0.328	0.0		1.0	1.0
9	93	0.0	12826	93.0	3206500	0.372	0.0		1.0	1.0
10	93	1.0	12826	86.0	3206500	0.344	2.9071254363298427	1.5395933220647235	0.29341409984359573	1.0
11	93	0.0	12826	64.0	3206500	0.256	0.0		1.0	1.0
12	93	0.0	12826	84.0	3206500	0.336	0.0		1.0	1.0
13	93	0.0	12826	60.0	3206500	0.24	0.0		1.0	1.0
14	93	0.0	12826	58.0	3206500	0.232	0.0		1.0	1.0
15	93	0.0	12826	69.0	3206500	0.276	0.0		1.0	1.0
16	93	0.0	12826	76.0	3206500	0.304	0.0		1.0	1.0
17	93	0.0	12826	58.0	3206500	0.232	0.0		1.0	1.0
18	93	0.0	12826	83.0	3206500	0.332	0.0		1.0	1.0
19	93	0.0	12826	76.0	3206500	0.304	0.0		1.0	1.0
20	93	0.0	12826	67.0	3206500	0.268	0.0		1.0	1.0
21	93	0.0	12826	80.0	3206500	0.32	0.0		1.0	1.0
22	93	0.0	12826	64.0	3206500	0.256	0.0		1.0	1.0
23	93	0.0	12826	59.0	3206500	0.236	0.0		1.0	1.0
24	93	1.0	12826	71.0	3206500	0.284	3.5213233396480246	1.8161177063516192	0.2498099520797939	1.0
25	93	0.0	12826	59.0	3206500	0.236	0.0		1.0	1.0
26	93	0.0	12826	81.0	3206500	0.324	0.0		1.0	1.0
27	93	0.0	12826	46.0	3206500	0.184	0.0		1.0	1.0
28	93	1.0	12826	74.0	3206500	0.296	3.3785638269848794	1.7564101104119814	0.2587408932829402	1.0
29	93	0.0	12826	60.0	3206500	0.24	0.0		1.0	1.0
30	93	0.0	12826	56.0	3206500	0.224	0.0		1.0	1.0
31	93	0.0	12826	44.0	3206500	0.176	0.0		1.0	1.0
32	93	0.0	12826	73.0	3206500	0.292	0.0		1.0	1.0
33	93	0.0	12826	60.0	3206500	0.24	0.0		1.0	1.0
34	93	0.0	12826	73.0	3206500	0.292	0.0		1.0	1.0
35	93	0.0	12826	75.0	3206500	0.3	0.0		1.0	1.0
36	93	0.0	12826	56.0	3206500	0.224	0.0		1.0	1.0
37	93	0.0	12826	58.0	3206500	0.232	0.0		1.0	1.0
38	93	0.0	12826	78.0	3206500	0.312	0.0		1.0	1.0
39	93	0.0	12826	51.0	3206500	0.204	0.0		1.0	1.0
40	93	1.0	12826	63.0	3206500	0.252	3.9684854110585106	1.9885885018578642	0.22546456345677904	1.0
41	93	0.0	12826	47.0	3206500	0.188	0.0		1.0	1.0
42	93	0.0	12826	67.0	3206500	0.268	0.0		1.0	1.0
43	93	0.0	12826	61.0	3206500	0.244	0.0		1.0	1.0
44	93	0.0	12826	71.0	3206500	0.284	0.0		1.0	1.0
45	93	0.0	12826	57.0	3206500	0.228	0.0		1.0	1.0
46	93	0.0	12826	59.0	3206500	0.236	0.0		1.0	1.0
47	93	0.0	12826	49.0	3206500	0.196	0.0		1.0	1.0
48	93	0.0	12826	61.0	3206500	0.244	0.0		1.0	1.0
49	93	0.0	12826	60.0	3206500	0.24	0.0		1.0	1.0
50	93	0.0	12826	59.0	3206500	0.236	0.0		1.0	1.0
51	93	1.0	12826	63.0	3206500	0.252	3.9684854110585106	1.9885885018578642	0.22546456345677904	1.0
52	93	0.0	12826	52.0	3206500	0.208	0.0		1.0	1.0
53	93	1.0	12826	67.0	3206500	0.268	3.731556253818626	1.899777435150391	0.23773443746122574	1.0
54	93	1.0	12826	55.0	3206500	0.22	4.545730994152047	2.1845123113256197	0.20032917481101997	1.0
55	93	0.0	12826	69.0	3206500	0.276	0.0		1.0	1.0
56	93	0.0	12826	69.0	3206500	0.276	0.0		1.0	1.0
57	93	0.0	12826	58.0	3206500	0.232	0.0		1.0	1.0
58	93	0.0	12826	82.0	3206500	0.328	0.0		1.0	1.0
59	93	0.0	12826	49.0	3206500	0.196	0.0		1.0	1.0
60	93	0.0	12826	72.0	3206500	0.288	0.0		1.0	1.0
61	93	0.0	12826	62.0	3206500	0.248	0.0		1.0	1.0
62	93	1.0	12826	47.0	3206500	0.188	5.319485711915723	2.41128677265616	0.17437815285932143	1.0
63	93	1.0	12826	56.0	3206500	0.224	4.464555834029518	2.158516652856604	0.20351516982097634	1.0
64	93	0.0	12826	47.0	3206500	0.188	0.0		1.0	1.0
65	93	0.0	12826	74.0	3206500	0.296	0.0		1.0	1.0
66	93	0.0	12826	53.0	3206500	0.212	0.0		1.0	1.0
67	93	0.0	12826	60.0	3206500	0.24	0.0		1.0	1.0
68	93	0.0	12826	57.0	3206500	0.228	0.0		1.0	1.0
69	93	0.0	12826	59.0	3206500	0.236	0.0		1.0	1.0
70	93	0.0	12826	58.0	3206500	0.232	0.0		1.0	1.0
71	93	0.0	12826	54.0	3206500	0.216	0.0		1.0	1.0
72	93	0.0	12826	69.0	3206500	0.276	0.0		1.0	1.0
73	93	0.0	12826	65.0	3206500	0.26	0.0		1.0	1.0
74	93	0.0	12826	80.0	3206500	0.32	0.0		1.0	1.0
75	93	0.0	12826	59.0	3206500	0.236	0.0		1.0	1.0
76	93	0.0	12826	58.0	3206500	0.232	0.0		1.0	1.0
77	93	0.0	12826	68.0	3206500	0.272	0.0		1.0	1.0
78	93	0.0	12826	85.0	3206500	0.34	0.0		1.0	1.0
79	93	0.0	12826	47.0	3206500	0.188	0.0		1.0	1.0
80	93	0.0	12826	59.0	3206500	0.236	0.0		1.0	1.0
81	93	1.0	12826	68.0	3206500	0.272	3.676679279899094	1.878403334420069	0.24077141627844897	1.0
82	93	1.0	12826	70.0	3206500	0.28	3.5716290726817044	1.8365822588495109	0.24680912535815538	1.0
83	93	0.0	12826	59.0	3206500	0.236	0.0		1.0	1.0
84	93	0.0	12826	71.0	3206500	0.284	0.0		1.0	1.0
85	93	0.0	12826	87.0	3206500	0.348	0.0		1.0	1.0
86	93	1.0	12826	64.0	3206500	0.256	3.9064766081871345	1.9658679754205868	0.22855042342015058	1.0
87	93	0.0	12826	78.0	3206500	0.312	0.0		1.0	1.0
88	93	2.0	12826	72.0	3206500	0.288	6.945371525611701	2.7960518697029033	0.03548040656841558	1.0
89	93	0.0	12826	62.0	3206500	0.248	0.0		1.0	1.0
90	93	1.0	12826	68.0	3206500	0.272	3.676679279899094	1.878403334420069	0.24077141627844897	1.0
91	93	1.0	12826	67.0	3206500	0.268	3.731556253818626	1.899777435150391	0.23773443746122574	1.0
92	93	0.0	12826	88.0	3206500	0.352	0.0		1.0	1.0
93	93	0.0	12826	14.0	3206500	0.056	0.0		1.0	1.0
94	93	0.0	12826	0.0	3206500	0.0			1.0	1.0
95	93	0.0	12826	0.0	3206500	0.0			1.0	1.0
96	93	0.0	12826	0.0	3206500	0.0			1.0	1.0
97	93	0.0	12826	0.0	3206500	0.0			1.0	1.0
98	93	0.0	12826	0.0	3206500	0.0			1.0	1.0
99	93	0.0	12826	0.0	3206500	0.0			1.0	1.0
100	93	0.0	12826	0.0	3206500	0.0			1.0	1.0
1	94	0.0	12826	111.0	3206500	0.444	0.0		1.0	1.0
2	94	1.0	12826	83.0	3206500	0.332	3.012205077620423	1.5908199952403186	0.2849008810483778	1.0
3	94	0.0	12826	63.0	3206500	0.252	0.0		1.0	1.0
4	94	1.0	12826	82.0	3206500	0.328	3.0489402367707887	1.6083078719090196	0.2820404105090681	1.0
5	94	0.0	12826	64.0	3206500	0.256	0.0		1.0	1.0
6	94	2.0	12826	105.0	3206500	0.42	4.762491459465882	2.25171650543593	0.06841565904644764	1.0
7	94	1.0	12826	71.0	3206500	0.284	3.5213233396480246	1.8161177063516192	0.2498099520797939	1.0
8	94	2.0	12826	82.0	3206500	0.328	6.098355978881061	2.60842036713625	0.04462135752356024	1.0
9	94	0.0	12826	62.0	3206500	0.248	0.0		1.0	1.0
10	94	1.0	12826	82.0	3206500	0.328	3.0489402367707887	1.6083078719090196	0.2820404105090681	1.0
11	94	0.0	12826	61.0	3206500	0.244	0.0		1.0	1.0
12	94	0.0	12826	76.0	3206500	0.304	0.0		1.0	1.0
13	94	0.0	12826	72.0	3206500	0.288	0.0		1.0	1.0
14	94	1.0	12826	93.0	3206500	0.372	2.6883036743591355	1.4266961160728944	0.3128862534268732	1.0
15	94	0.0	12826	81.0	3206500	0.324	0.0		1.0	1.0
16	94	0.0	12826	66.0	3206500	0.264	0.0		1.0	1.0
17	94	0.0	12826	66.0	3206500	0.264	0.0		1.0	1.0
18	94	0.0	12826	69.0	3206500	0.276	0.0		1.0	1.0
19	94	0.0	12826	76.0	3206500	0.304	0.0		1.0	1.0
20	94	0.0	12826	75.0	3206500	0.3	0.0		1.0	1.0
21	94	0.0	12826	74.0	3206500	0.296	0.0		1.0	1.0
22	94	0.0	12826	56.0	3206500	0.224	0.0		1.0	1.0
23	94	0.0	12826	81.0	3206500	0.324	0.0		1.0	1.0
24	94	0.0	12826	90.0	3206500	0.36	0.0		1.0	1.0
25	94	0.0	12826	70.0	3206500	0.28	0.0		1.0	1.0
26	94	0.0	12826	50.0	3206500	0.2	0.0		1.0	1.0
27	94	0.0	12826	69.0	3206500	0.276	0.0		1.0	1.0
28	94	0.0	12826	86.0	3206500	0.344	0.0		1.0	1.0
29	94	0.0	12826	66.0	3206500	0.264	0.0		1.0	1.0
30	94	0.0	12826	72.0	3206500	0.288	0.0		1.0	1.0
31	94	0.0	12826	54.0	3206500	0.216	0.0		1.0	1.0
32	94	0.0	12826	75.0	3206500	0.3	0.0		1.0	1.0
33	94	1.0	12826	68.0	3206500	0.272	3.676679279899094	1.878403334420069	0.24077141627844897	1.0
34	94	0.0	12826	81.0	3206500	0.324	0.0		1.0	1.0
35	94	1.0	12826	89.0	3206500	0.356	2.809129815800425	1.490123295978739	0.30182597692472535	1.0
36	94	0.0	12826	61.0	3206500	0.244	0.0		1.0	1.0
37	94	0.0	12826	88.0	3206500	0.352	0.0		1.0	1.0
38	94	0.0	12826	59.0	3206500	0.236	0.0		1.0	1.0
39	94	0.0	12826	77.0	3206500	0.308	0.0		1.0	1.0
40	94	0.0	12826	74.0	3206500	0.296	0.0		1.0	1.0
41	94	0.0	12826	62.0	3206500	0.248	0.0		1.0	1.0
42	94	0.0	12826	59.0	3206500	0.236	0.0		1.0	1.0
43	94	0.0	12826	51.0	3206500	0.204	0.0		1.0	1.0
44	94	0.0	12826	82.0	3206500	0.328	0.0		1.0	1.0
45	94	0.0	12826	64.0	3206500	0.256	0.0		1.0	1.0
46	94	0.0	12826	71.0	3206500	0.284	0.0		1.0	1.0
47	94	0.0	12826	75.0	3206500	0.3	0.0		1.0	1.0
48	94	0.0	12826	69.0	3206500	0.276	0.0		1.0	1.0
49	94	0.0	12826	53.0	3206500	0.212	0.0		1.0	1.0
50	94	0.0	12826	62.0	3206500	0.248	0.0		1.0	1.0
51	94	0.0	12826	42.0	3206500	0.168	0.0		1.0	1.0
52	94	0.0	12826	56.0	3206500	0.224	0.0		1.0	1.0
53	94	0.0	12826	56.0	3206500	0.224	0.0		1.0	1.0
54	94	0.0	12826	57.0	3206500	0.228	0.0		1.0	1.0
55	94	0.0	12826	62.0	3206500	0.248	0.0		1.0	1.0
56	94	0.0	12826	52.0	3206500	0.208	0.0		1.0	1.0
57	94	0.0	12826	56.0	3206500	0.224	0.0		1.0	1.0
58	94	0.0	12826	73.0	3206500	0.292	0.0		1.0	1.0
59	94	1.0	12826	66.0	3206500	0.264	3.7880961663417803	1.9214729561873247	0.23468531142578591	1.0
60	94	0.0	12826	74.0	3206500	0.296	0.0		1.0	1.0
61	94	0.0	12826	68.0	3206500	0.272	0.0		1.0	1.0
62	94	0.0	12826	68.0	3206500	0.272	0.0		1.0	1.0
63	94	0.0	12826	57.0	3206500	0.228	0.0		1.0	1.0
64	94	0.0	12826	76.0	3206500	0.304	0.0		1.0	1.0
65	94	0.0	12826	64.0	3206500	0.256	0.0		1.0	1.0
66	94	0.0	12826	76.0	3206500	0.304	0.0		1.0	1.0
67	94	0.0	12826	62.0	3206500	0.248	0.0		1.0	1.0
68	94	0.0	12826	50.0	3206500	0.2	0.0		1.0	1.0
69	94	0.0	12826	70.0	3206500	0.28	0.0		1.0	1.0
70	94	0.0	12826	81.0	3206500	0.324	0.0		1.0	1.0
71	94	0.0	12826	65.0	3206500	0.26	0.0		1.0	1.0
72	94	0.0	12826	56.0	3206500	0.224	0.0		1.0	1.0
73	94	0.0	12826	64.0	3206500	0.256	0.0		1.0	1.0
74	94	0.0	12826	67.0	3206500	0.268	0.0		1.0	1.0
75	94	0.0	12826	78.0	3206500	0.312	0.0		1.0	1.0
76	94	0.0	12826	57.0	3206500	0.228	0.0		1.0	1.0
77	94	0.0	12826	66.0	3206500	0.264	0.0		1.0	1.0
78	94	0.0	12826	70.0	3206500	0.28	0.0		1.0	1.0
79	94	0.0	12826	76.0	3206500	0.304	0.0		1.0	1.0
80	94	1.0	12826	92.0	3206500	0.368	2.7175252140011867	1.4422934210651763	0.31013771867884754	1.0
81	94	0.0	12826	67.0	3206500	0.268	0.0		1.0	1.0
82	94	2.0	12826	61.0	3206500	0.244	8.197843694711759	3.0352444828960916	0.026398894675687047	1.0
83	94	0.0	12826	54.0	3206500	0.216	0.0		1.0	1.0
84	94	0.0	12826	67.0	3206500	0.268	0.0		1.0	1.0
85	94	0.0	12826	64.0	3206500	0.256	0.0		1.0	1.0
86	94	2.0	12826	54.0	3206500	0.216	9.260547353342114	3.2110974678499726	0.02119983748405281	1.0
87	94	0.0	12826	72.0	3206500	0.288	0.0		1.0	1.0
88	94	0.0	12826	79.0	3206500	0.316	0.0		1.0	1.0
89	94	0.0	12826	54.0	3206500	0.216	0.0		1.0	1.0
90	94	1.0	12826	58.0	3206500	0.232	4.310602944141964	2.1078896799140727	0.209849133011644	1.0
91	94	0.0	12826	62.0	3206500	0.248	0.0		1.0	1.0
92	94	1.0	12826	55.0	3206500	0.22	4.545730994152047	2.1845123113256197	0.20032917481101997	1.0
93	94	0.0	12826	75.0	3206500	0.3	0.0		1.0	1.0
94	94	0.0	12826	10.0	3206500	0.04	0.0		1.0	1.0
95	94	0.0	12826	0.0	3206500	0.0			1.0	1.0
96	94	0.0	12826	0.0	3206500	0.0			1.0	1.0
97	94	0.0	12826	0.0	3206500	0.0			1.0	1.0
98	94	0.0	12826	0.0	3206500	0.0			1.0	1.0
99	94	0.0	12826	0.0	3206500	0.0			1.0	1.0
100	94	0.0	12826	0.0	3206500	0.0			1.0	1.0
1	95	0.0	12826	92.0	3206500	0.368	0.0		1.0	1.0
2	95	1.0	12826	75.0	3206500	0.3	3.3335152696556207	1.737044335606313	0.2616941856218151	1.0
3	95	0.0	12826	61.0	3206500	0.244	0.0		1.0	1.0
4	95	0.0	12826	65.0	3206500	0.26	0.0		1.0	1.0
5	95	0.0	12826	75.0	3206500	0.3	0.0		1.0	1.0
6	95	1.0	12826	78.0	3206500	0.312	3.205300144949268	1.6804594574228915	0.27048365714212763	1.0
7	95	0.0	12826	91.0	3206500	0.364	0.0		1.0	1.0
8	95	0.0	12826	56.0	3206500	0.224	0.0		1.0	1.0
9	95	0.0	12826	83.0	3206500	0.332	0.0		1.0	1.0
10	95	0.0	12826	90.0	3206500	0.36	0.0		1.0	1.0
11	95	0.0	12826	104.0	3206500	0.416	0.0		1.0	1.0
12	95	0.0	12826	76.0	3206500	0.304	0.0		1.0	1.0
13	95	0.0	12826	65.0	3206500	0.26	0.0		1.0	1.0
14	95	0.0	12826	57.0	3206500	0.228	0.0		1.0	1.0
15	95	1.0	12826	63.0	3206500	0.252	3.9684854110585106	1.9885885018578642	0.22546456345677904	1.0
16	95	0.0	12826	70.0	3206500	0.28	0.0		1.0	1.0
17	95	1.0	12826	63.0	3206500	0.252	3.9684854110585106	1.9885885018578642	0.22546456345677904	1.0
18	95	0.0	12826	53.0	3206500	0.212	0.0		1.0	1.0
19	95	0.0	12826	81.0	3206500	0.324	0.0		1.0	1.0
20	95	0.0	12826	54.0	3206500	0.216	0.0		1.0	1.0
21	95	0.0	12826	70.0	3206500	0.28	0.0		1.0	1.0
22	95	0.0	12826	78.0	3206500	0.312	0.0		1.0	1.0
23	95	1.0	12826	48.0	3206500	0.192	5.20866146848603	2.3809126736776927	0.1776675320680024	1.0
24	95	0.0	12826	45.0	3206500	0.18	0.0		1.0	1.0
25	95	0.0	12826	70.0	3206500	0.28	0.0		1.0	1.0
26	95	0.0	12826	72.0	3206500	0.288	0.0		1.0	1.0
27	95	1.0	12826	54.0	3206500	0.216	4.629912641686521	2.2109849726227417	0.19713043666780405	1.0
28	95	0.0	12826	69.0	3206500	0.276	0.0		1.0	1.0
29	95	0.0	12826	60.0	3206500	0.24	0.0		1.0	1.0
30	95	0.0	12826	65.0	3206500	0.26	0.0		1.0	1.0
31	95	0.0	12826	73.0	3206500	0.292	0.0		1.0	1.0
32	95	0.0	12826	75.0	3206500	0.3	0.0		1.0	1.0
33	95	0.0	12826	63.0	3206500	0.252	0.0		1.0	1.0
34	95	1.0	12826	40.0	3206500	0.16	6.250409356725147	2.6439506789871468	0.15098115042498791	1.0
35	95	0.0	12826	60.0	3206500	0.24	0.0		1.0	1.0
36	95	0.0	12826	56.0	3206500	0.224	0.0		1.0	1.0
37	95	0.0	12826	44.0	3206500	0.176	0.0		1.0	1.0
38	95	0.0	12826	55.0	3206500	0.22	0.0		1.0	1.0
39	95	0.0	12826	67.0	3206500	0.268	0.0		1.0	1.0
40	95	1.0	12826	60.0	3206500	0.24	4.166913580246914	2.0589791795600014	0.21613272968637595	1.0
41	95	0.0	12826	76.0	3206500	0.304	0.0		1.0	1.0
42	95	0.0	12826	74.0	3206500	0.296	0.0		1.0	1.0
43	95	0.0	12826	59.0	3206500	0.236	0.0		1.0	1.0
44	95	0.0	12826	82.0	3206500	0.328	0.0		1.0	1.0
45	95	0.0	12826	40.0	3206500	0.16	0.0		1.0	1.0
46	95	0.0	12826	75.0	3206500	0.3	0.0		1.0	1.0
47	95	0.0	12826	56.0	3206500	0.224	0.0		1.0	1.0
48	95	0.0	12826	74.0	3206500	0.296	0.0		1.0	1.0
49	95	0.0	12826	73.0	3206500	0.292	0.0		1.0	1.0
50	95	0.0	12826	45.0	3206500	0.18	0.0		1.0	1.0
51	95	0.0	12826	58.0	3206500	0.232	0.0		1.0	1.0
52	95	0.0	12826	46.0	3206500	0.184	0.0		1.0	1.0
53	95	0.0	12826	63.0	3206500	0.252	0.0		1.0	1.0
54	95	0.0	12826	55.0	3206500	0.22	0.0		1.0	1.0
55	95	1.0	12826	61.0	3206500	0.244	4.098602243313201	2.035131987668861	0.21925576616867087	1.0
56	95	0.0	12826	63.0	3206500	0.252	0.0		1.0	1.0
57	95	0.0	12826	58.0	3206500	0.232	0.0		1.0	1.0
58	95	0.0	12826	61.0	3206500	0.244	0.0		1.0	1.0
59	95	0.0	12826	56.0	3206500	0.224	0.0		1.0	1.0
60	95	0.0	12826	48.0	3206500	0.192	0.0		1.0	1.0
61	95	0.0	12826	53.0	3206500	0.212	0.0		1.0	1.0
62	95	0.0	12826	59.0	3206500	0.236	0.0		1.0	1.0
63	95	0.0	12826	51.0	3206500	0.204	0.0		1.0	1.0
64	95	0.0	12826	49.0	3206500	0.196	0.0		1.0	1.0
65	95	0.0	12826	59.0	3206500	0.236	0.0		1.0	1.0
66	95	0.0	12826	57.0	3206500	0.228	0.0		1.0	1.0
67	95	0.0	12826	63.0	3206500	0.252	0.0		1.0	1.0
68	95	0.0	12826	58.0	3206500	0.232	0.0		1.0	1.0
69	95	0.0	12826	52.0	3206500	0.208	0.0		1.0	1.0
70	95	0.0	12826	63.0	3206500	0.252	0.0		1.0	1.0
71	95	0.0	12826	46.0	3206500	0.184	0.0		1.0	1.0
72	95	0.0	12826	50.0	3206500	0.2	0.0		1.0	1.0
73	95	0.0	12826	41.0	3206500	0.164	0.0		1.0	1.0
74	95	0.0	12826	56.0	3206500	0.224	0.0		1.0	1.0
75	95	0.0	12826	51.0	3206500	0.204	0.0		1.0	1.0
76	95	0.0	12826	63.0	3206500	0.252	0.0		1.0	1.0
77	95	0.0	12826	57.0	3206500	0.228	0.0		1.0	1.0
78	95	0.0	12826	52.0	3206500	0.208	0.0		1.0	1.0
79	95	0.0	12826	48.0	3206500	0.192	0.0		1.0	1.0
80	95	1.0	12826	63.0	3206500	0.252	3.9684854110585106	1.9885885018578642	0.22546456345677904	1.0
81	95	0.0	12826	57.0	3206500	0.228	0.0		1.0	1.0
82	95	0.0	12826	65.0	3206500	0.26	0.0		1.0	1.0
83	95	1.0	12826	81.0	3206500	0.324	3.08658243688783	1.626010323582198	0.2791684987903616	1.0
84	95	0.0	12826	59.0	3206500	0.236	0.0		1.0	1.0
85	95	0.0	12826	68.0	3206500	0.272	0.0		1.0	1.0
86	95	0.0	12826	75.0	3206500	0.3	0.0		1.0	1.0
87	95	2.0	12826	67.0	3206500	0.268	7.463694472118509	2.899889930377622	0.03121988316483151	1.0
88	95	0.0	12826	65.0	3206500	0.26	0.0		1.0	1.0
89	95	0.0	12826	54.0	3206500	0.216	0.0		1.0	1.0
90	95	0.0	12826	56.0	3206500	0.224	0.0		1.0	1.0
91	95	0.0	12826	58.0	3206500	0.232	0.0		1.0	1.0
92	95	0.0	12826	76.0	3206500	0.304	0.0		1.0	1.0
93	95	1.0	12826	64.0	3206500	0.256	3.9064766081871345	1.9658679754205868	0.22855042342015058	1.0
94	95	3.0	12826	77.0	3206500	0.308	9.742304564343089	3.284263085477598	0.004132965666060648	0.45417205121545584
95	95	0.0	12826	12.0	3206500	0.048	0.0		1.0	1.0
96	95	0.0	12826	0.0	3206500	0.0			1.0	1.0
97	95	0.0	12826	0.0	3206500	0.0			1.0	1.0
98	95	0.0	12826	0.0	3206500	0.0			1.0	1.0
99	95	0.0	12826	0.0	3206500	0.0			1.0	1.0
100	95	0.0	12826	0.0	3206500	0.0			1.0	1.0
1	96	0.0	12826	75.0	3206500	0.3	0.0		1.0	1.0
2	96	1.0	12826	92.0	3206500	0.368	2.7175252140011867	1.4422934210651763	0.31013771867884754	1.0
3	96	0.0	12826	70.0	3206500	0.28	0.0		1.0	1.0
4	96	0.0	12826	86.0	3206500	0.344	0.0		1.0	1.0
5	96	0.0	12826	76.0	3206500	0.304	0.0		1.0	1.0
6	96	0.0	12826	87.0	3206500	0.348	0.0		1.0	1.0
7	96	0.0	12826	75.0	3206500	0.3	0.0		1.0	1.0
8	96	0.0	12826	98.0	3206500	0.392	0.0		1.0	1.0
9	96	0.0	12826	60.0	3206500	0.24	0.0		1.0	1.0
10	96	2.0	12826	89.0	3206500	0.356	5.6186977366875315	2.49023579120597	0.051477694969147336	1.0
11	96	0.0	12826	70.0	3206500	0.28	0.0		1.0	1.0
12	96	1.0	12826	65.0	3206500	0.26	3.846375768481032	1.9434997124547984	0.23162398975476917	1.0
13	96	0.0	12826	63.0	3206500	0.252	0.0		1.0	1.0
14	96	0.0	12826	63.0	3206500	0.252	0.0		1.0	1.0
15	96	1.0	12826	67.0	3206500	0.268	3.731556253818626	1.899777435150391	0.23773443746122574	1.0
16	96	2.0	12826	78.0	3206500	0.312	6.411100180750836	2.680571952650122	0.040869293174138954	1.0
17	96	0.0	12826	59.0	3206500	0.236	0.0		1.0	1.0
18	96	0.0	12826	79.0	3206500	0.316	0.0		1.0	1.0
19	96	0.0	12826	63.0	3206500	0.252	0.0		1.0	1.0
20	96	0.0	12826	76.0	3206500	0.304	0.0		1.0	1.0
21	96	0.0	12826	64.0	3206500	0.256	0.0		1.0	1.0
22	96	0.0	12826	86.0	3206500	0.344	0.0		1.0	1.0
23	96	0.0	12826	71.0	3206500	0.284	0.0		1.0	1.0
24	96	0.0	12826	84.0	3206500	0.336	0.0		1.0	1.0
25	96	0.0	12826	69.0	3206500	0.276	0.0		1.0	1.0
26	96	1.0	12826	78.0	3206500	0.312	3.205300144949268	1.6804594574228915	0.27048365714212763	1.0
27	96	0.0	12826	62.0	3206500	0.248	0.0		1.0	1.0
28	96	0.0	12826	68.0	3206500	0.272	0.0		1.0	1.0
29	96	0.0	12826	69.0	3206500	0.276	0.0		1.0	1.0
30	96	0.0	12826	63.0	3206500	0.252	0.0		1.0	1.0
31	96	0.0	12826	92.0	3206500	0.368	0.0		1.0	1.0
32	96	0.0	12826	49.0	3206500	0.196	0.0		1.0	1.0
33	96	0.0	12826	77.0	3206500	0.308	0.0		1.0	1.0
34	96	0.0	12826	69.0	3206500	0.276	0.0		1.0	1.0
35	96	0.0	12826	45.0	3206500	0.18	0.0		1.0	1.0
36	96	0.0	12826	62.0	3206500	0.248	0.0		1.0	1.0
37	96	0.0	12826	52.0	3206500	0.208	0.0		1.0	1.0
38	96	0.0	12826	90.0	3206500	0.36	0.0		1.0	1.0
39	96	0.0	12826	80.0	3206500	0.32	0.0		1.0	1.0
40	96	0.0	12826	59.0	3206500	0.236	0.0		1.0	1.0
41	96	0.0	12826	67.0	3206500	0.268	0.0		1.0	1.0
42	96	0.0	12826	82.0	3206500	0.328	0.0		1.0	1.0
43	96	0.0	12826	58.0	3206500	0.232	0.0		1.0	1.0
44	96	0.0	12826	65.0	3206500	0.26	0.0		1.0	1.0
45	96	0.0	12826	64.0	3206500	0.256	0.0		1.0	1.0
46	96	0.0	12826	57.0	3206500	0.228	0.0		1.0	1.0
47	96	0.0	12826	59.0	3206500	0.236	0.0		1.0	1.0
48	96	0.0	12826	71.0	3206500	0.284	0.0		1.0	1.0
49	96	0.0	12826	66.0	3206500	0.264	0.0		1.0	1.0
50	96	0.0	12826	64.0	3206500	0.256	0.0		1.0	1.0
51	96	0.0	12826	66.0	3206500	0.264	0.0		1.0	1.0
52	96	0.0	12826	58.0	3206500	0.232	0.0		1.0	1.0
53	96	0.0	12826	66.0	3206500	0.264	0.0		1.0	1.0
54	96	0.0	12826	56.0	3206500	0.224	0.0		1.0	1.0
55	96	1.0	12826	58.0	3206500	0.232	4.310602944141964	2.1078896799140727	0.209849133011644	1.0
56	96	0.0	12826	80.0	3206500	0.32	0.0		1.0	1.0
57	96	0.0	12826	66.0	3206500	0.264	0.0		1.0	1.0
58	96	0.0	12826	76.0	3206500	0.304	0.0		1.0	1.0
59	96	0.0	12826	69.0	3206500	0.276	0.0		1.0	1.0
60	96	0.0	12826	80.0	3206500	0.32	0.0		1.0	1.0
61	96	0.0	12826	49.0	3206500	0.196	0.0		1.0	1.0
62	96	0.0	12826	63.0	3206500	0.252	0.0		1.0	1.0
63	96	0.0	12826	58.0	3206500	0.232	0.0		1.0	1.0
64	96	0.0	12826	59.0	3206500	0.236	0.0		1.0	1.0
65	96	0.0	12826	49.0	3206500	0.196	0.0		1.0	1.0
66	96	0.0	12826	56.0	3206500	0.224	0.0		1.0	1.0
67	96	0.0	12826	54.0	3206500	0.216	0.0		1.0	1.0
68	96	0.0	12826	69.0	3206500	0.276	0.0		1.0	1.0
69	96	0.0	12826	65.0	3206500	0.26	0.0		1.0	1.0
70	96	0.0	12826	62.0	3206500	0.248	0.0		1.0	1.0
71	96	0.0	12826	68.0	3206500	0.272	0.0		1.0	1.0
72	96	0.0	12826	50.0	3206500	0.2	0.0		1.0	1.0
73	96	0.0	12826	55.0	3206500	0.22	0.0		1.0	1.0
74	96	0.0	12826	69.0	3206500	0.276	0.0		1.0	1.0
75	96	0.0	12826	64.0	3206500	0.256	0.0		1.0	1.0
76	96	0.0	12826	70.0	3206500	0.28	0.0		1.0	1.0
77	96	0.0	12826	53.0	3206500	0.212	0.0		1.0	1.0
78	96	0.0	12826	59.0	3206500	0.236	0.0		1.0	1.0
79	96	0.0	12826	55.0	3206500	0.22	0.0		1.0	1.0
80	96	1.0	12826	96.0	3206500	0.384	2.6042917478882393	1.3808910766351383	0.32106633294308856	1.0
81	96	0.0	12826	67.0	3206500	0.268	0.0		1.0	1.0
82	96	0.0	12826	51.0	3206500	0.204	0.0		1.0	1.0
83	96	0.0	12826	64.0	3206500	0.256	0.0		1.0	1.0
84	96	1.0	12826	57.0	3206500	0.228	4.386228925139359	2.132981110813255	0.2066884722456842	1.0
85	96	0.0	12826	65.0	3206500	0.26	0.0		1.0	1.0
86	96	0.0	12826	53.0	3206500	0.212	0.0		1.0	1.0
87	96	0.0	12826	58.0	3206500	0.232	0.0		1.0	1.0
88	96	0.0	12826	101.0	3206500	0.404	0.0		1.0	1.0
89	96	0.0	12826	52.0	3206500	0.208	0.0		1.0	1.0
90	96	0.0	12826	65.0	3206500	0.26	0.0		1.0	1.0
91	96	0.0	12826	64.0	3206500	0.256	0.0		1.0	1.0
92	96	0.0	12826	70.0	3206500	0.28	0.0		1.0	1.0
93	96	0.0	12826	77.0	3206500	0.308	0.0		1.0	1.0
94	96	0.0	12826	72.0	3206500	0.288	0.0		1.0	1.0
95	96	0.0	12826	63.0	3206500	0.252	0.0		1.0	1.0
96	96	0.0	12826	16.0	3206500	0.064	0.0		1.0	1.0
97	96	0.0	12826	0.0	3206500	0.0			1.0	1.0
98	96	0.0	12826	0.0	3206500	0.0			1.0	1.0
99	96	0.0	12826	0.0	3206500	0.0			1.0	1.0
100	96	0.0	12826	0.0	3206500	0.0			1.0	1.0
1	97	1.0	12826	84.0	3206500	0.336	2.976344565116495	1.5735415538684827	0.28774995588304686	1.0
2	97	0.0	12826	97.0	3206500	0.388	0.0		1.0	1.0
3	97	0.0	12826	66.0	3206500	0.264	0.0		1.0	1.0
4	97	0.0	12826	61.0	3206500	0.244	0.0		1.0	1.0
5	97	0.0	12826	79.0	3206500	0.316	0.0		1.0	1.0
6	97	0.0	12826	73.0	3206500	0.292	0.0		1.0	1.0
7	97	0.0	12826	73.0	3206500	0.292	0.0		1.0	1.0
8	97	0.0	12826	70.0	3206500	0.28	0.0		1.0	1.0
9	97	0.0	12826	69.0	3206500	0.276	0.0		1.0	1.0
10	97	0.0	12826	92.0	3206500	0.368	0.0		1.0	1.0
11	97	0.0	12826	66.0	3206500	0.264	0.0		1.0	1.0
12	97	0.0	12826	67.0	3206500	0.268	0.0		1.0	1.0
13	97	0.0	12826	71.0	3206500	0.284	0.0		1.0	1.0
14	97	0.0	12826	77.0	3206500	0.308	0.0		1.0	1.0
15	97	0.0	12826	75.0	3206500	0.3	0.0		1.0	1.0
16	97	1.0	12826	65.0	3206500	0.26	3.846375768481032	1.9434997124547984	0.23162398975476917	1.0
17	97	0.0	12826	65.0	3206500	0.26	0.0		1.0	1.0
18	97	0.0	12826	61.0	3206500	0.244	0.0		1.0	1.0
19	97	0.0	12826	47.0	3206500	0.188	0.0		1.0	1.0
20	97	1.0	12826	91.0	3206500	0.364	2.747388985283722	1.4580611868646156	0.3073781903365389	1.0
21	97	0.0	12826	90.0	3206500	0.36	0.0		1.0	1.0
22	97	0.0	12826	78.0	3206500	0.312	0.0		1.0	1.0
23	97	1.0	12826	79.0	3206500	0.316	3.1647257383966245	1.6620804781687382	0.2733901679930437	1.0
24	97	0.0	12826	68.0	3206500	0.272	0.0		1.0	1.0
25	97	0.0	12826	66.0	3206500	0.264	0.0		1.0	1.0
26	97	0.0	12826	60.0	3206500	0.24	0.0		1.0	1.0
27	97	0.0	12826	75.0	3206500	0.3	0.0		1.0	1.0
28	97	0.0	12826	58.0	3206500	0.232	0.0		1.0	1.0
29	97	0.0	12826	77.0	3206500	0.308	0.0		1.0	1.0
30	97	0.0	12826	64.0	3206500	0.256	0.0		1.0	1.0
31	97	0.0	12826	63.0	3206500	0.252	0.0		1.0	1.0
32	97	2.0	12826	94.0	3206500	0.376	5.319822540183964	2.4113781207891156	0.0565893601881443	1.0
33	97	0.0	12826	73.0	3206500	0.292	0.0		1.0	1.0
34	97	0.0	12826	54.0	3206500	0.216	0.0		1.0	1.0
35	97	0.0	12826	42.0	3206500	0.168	0.0		1.0	1.0
36	97	0.0	12826	45.0	3206500	0.18	0.0		1.0	1.0
37	97	0.0	12826	57.0	3206500	0.228	0.0		1.0	1.0
38	97	0.0	12826	47.0	3206500	0.188	0.0		1.0	1.0
39	97	0.0	12826	58.0	3206500	0.232	0.0		1.0	1.0
40	97	0.0	12826	55.0	3206500	0.22	0.0		1.0	1.0
41	97	0.0	12826	84.0	3206500	0.336	0.0		1.0	1.0
42	97	0.0	12826	62.0	3206500	0.248	0.0		1.0	1.0
43	97	0.0	12826	71.0	3206500	0.284	0.0		1.0	1.0
44	97	0.0	12826	81.0	3206500	0.324	0.0		1.0	1.0
45	97	0.0	12826	61.0	3206500	0.244	0.0		1.0	1.0
46	97	0.0	12826	86.0	3206500	0.344	0.0		1.0	1.0
47	97	0.0	12826	81.0	3206500	0.324	0.0		1.0	1.0
48	97	0.0	12826	50.0	3206500	0.2	0.0		1.0	1.0
49	97	0.0	12826	50.0	3206500	0.2	0.0		1.0	1.0
50	97	0.0	12826	66.0	3206500	0.264	0.0		1.0	1.0
51	97	0.0	12826	82.0	3206500	0.328	0.0		1.0	1.0
52	97	0.0	12826	64.0	3206500	0.256	0.0		1.0	1.0
53	97	0.0	12826	76.0	3206500	0.304	0.0		1.0	1.0
54	97	0.0	12826	63.0	3206500	0.252	0.0		1.0	1.0
55	97	0.0	12826	55.0	3206500	0.22	0.0		1.0	1.0
56	97	0.0	12826	81.0	3206500	0.324	0.0		1.0	1.0
57	97	0.0	12826	54.0	3206500	0.216	0.0		1.0	1.0
58	97	0.0	12826	62.0	3206500	0.248	0.0		1.0	1.0
59	97	0.0	12826	69.0	3206500	0.276	0.0		1.0	1.0
60	97	0.0	12826	55.0	3206500	0.22	0.0		1.0	1.0
61	97	0.0	12826	59.0	3206500	0.236	0.0		1.0	1.0
62	97	0.0	12826	44.0	3206500	0.176	0.0		1.0	1.0
63	97	0.0	12826	62.0	3206500	0.248	0.0		1.0	1.0
64	97	0.0	12826	65.0	3206500	0.26	0.0		1.0	1.0
65	97	0.0	12826	52.0	3206500	0.208	0.0		1.0	1.0
66	97	0.0	12826	46.0	3206500	0.184	0.0		1.0	1.0
67	97	0.0	12826	64.0	3206500	0.256	0.0		1.0	1.0
68	97	0.0	12826	71.0	3206500	0.284	0.0		1.0	1.0
69	97	0.0	12826	54.0	3206500	0.216	0.0		1.0	1.0
70	97	0.0	12826	62.0	3206500	0.248	0.0		1.0	1.0
71	97	0.0	12826	43.0	3206500	0.172	0.0		1.0	1.0
72	97	0.0	12826	43.0	3206500	0.172	0.0		1.0	1.0
73	97	0.0	12826	64.0	3206500	0.256	0.0		1.0	1.0
74	97	0.0	12826	69.0	3206500	0.276	0.0		1.0	1.0
75	97	0.0	12826	62.0	3206500	0.248	0.0		1.0	1.0
76	97	0.0	12826	62.0	3206500	0.248	0.0		1.0	1.0
77	97	0.0	12826	63.0	3206500	0.252	0.0		1.0	1.0
78	97	0.0	12826	55.0	3206500	0.22	0.0		1.0	1.0
79	97	0.0	12826	59.0	3206500	0.236	0.0		1.0	1.0
80	97	0.0	12826	64.0	3206500	0.256	0.0		1.0	1.0
81	97	0.0	12826	70.0	3206500	0.28	0.0		1.0	1.0
82	97	0.0	12826	68.0	3206500	0.272	0.0		1.0	1.0
83	97	0.0	12826	69.0	3206500	0.276	0.0		1.0	1.0
84	97	0.0	12826	59.0	3206500	0.236	0.0		1.0	1.0
85	97	0.0	12826	76.0	3206500	0.304	0.0		1.0	1.0
86	97	0.0	12826	62.0	3206500	0.248	0.0		1.0	1.0
87	97	0.0	12826	81.0	3206500	0.324	0.0		1.0	1.0
88	97	0.0	12826	58.0	3206500	0.232	0.0		1.0	1.0
89	97	0.0	12826	50.0	3206500	0.2	0.0		1.0	1.0
90	97	0.0	12826	61.0	3206500	0.244	0.0		1.0	1.0
91	97	0.0	12826	60.0	3206500	0.24	0.0		1.0	1.0
92	97	0.0	12826	70.0	3206500	0.28	0.0		1.0	1.0
93	97	0.0	12826	52.0	3206500	0.208	0.0		1.0	1.0
94	97	0.0	12826	48.0	3206500	0.192	0.0		1.0	1.0
95	97	0.0	12826	61.0	3206500	0.244	0.0		1.0	1.0
96	97	0.0	12826	74.0	3206500	0.296	0.0		1.0	1.0
97	97	0.0	12826	12.0	3206500	0.048	0.0		1.0	1.0
98	97	0.0	12826	0.0	3206500	0.0			1.0	1.0
99	97	0.0	12826	0.0	3206500	0.0			1.0	1.0
100	97	0.0	12826	0.0	3206500	0.0			1.0	1.0
1	98	2.0	12826	83.0	3206500	0.332	6.0248799314538255	2.5909324904675493	0.04557859681496254	1.0
2	98	0.0	12826	88.0	3206500	0.352	0.0		1.0	1.0
3	98	0.0	12826	60.0	3206500	0.24	0.0		1.0	1.0
4	98	1.0	12826	78.0	3206500	0.312	3.205300144949268	1.6804594574228915	0.27048365714212763	1.0
5	98	1.0	12826	62.0	3206500	0.248	4.032494497893479	2.011672564907959	0.22236636093267356	1.0
6	98	0.0	12826	73.0	3206500	0.292	0.0		1.0	1.0
7	98	0.0	12826	84.0	3206500	0.336	0.0		1.0	1.0
8	98	0.0	12826	78.0	3206500	0.312	0.0		1.0	1.0
9	98	0.0	12826	55.0	3206500	0.22	0.0		1.0	1.0
10	98	0.0	12826	82.0	3206500	0.328	0.0		1.0	1.0
11	98	0.0	12826	64.0	3206500	0.256	0.0		1.0	1.0
12	98	0.0	12826	76.0	3206500	0.304	0.0		1.0	1.0
13	98	0.0	12826	63.0	3206500	0.252	0.0		1.0	1.0
14	98	1.0	12826	72.0	3206500	0.288	3.4724149880875026	1.7959393744756724	0.2527988238063696	1.0
15	98	0.0	12826	62.0	3206500	0.248	0.0		1.0	1.0
16	98	0.0	12826	70.0	3206500	0.28	0.0		1.0	1.0
17	98	0.0	12826	55.0	3206500	0.22	0.0		1.0	1.0
18	98	0.0	12826	62.0	3206500	0.248	0.0		1.0	1.0
19	98	0.0	12826	68.0	3206500	0.272	0.0		1.0	1.0
20	98	0.0	12826	67.0	3206500	0.268	0.0		1.0	1.0
21	98	0.0	12826	67.0	3206500	0.268	0.0		1.0	1.0
22	98	0.0	12826	76.0	3206500	0.304	0.0		1.0	1.0
23	98	0.0	12826	64.0	3206500	0.256	0.0		1.0	1.0
24	98	0.0	12826	51.0	3206500	0.204	0.0		1.0	1.0
25	98	0.0	12826	66.0	3206500	0.264	0.0		1.0	1.0
26	98	0.0	12826	61.0	3206500	0.244	0.0		1.0	1.0
27	98	0.0	12826	55.0	3206500	0.22	0.0		1.0	1.0
28	98	0.0	12826	48.0	3206500	0.192	0.0		1.0	1.0
29	98	0.0	12826	59.0	3206500	0.236	0.0		1.0	1.0
30	98	0.0	12826	65.0	3206500	0.26	0.0		1.0	1.0
31	98	1.0	12826	81.0	3206500	0.324	3.08658243688783	1.626010323582198	0.2791684987903616	1.0
32	98	0.0	12826	59.0	3206500	0.236	0.0		1.0	1.0
33	98	0.0	12826	60.0	3206500	0.24	0.0		1.0	1.0
34	98	0.0	12826	40.0	3206500	0.16	0.0		1.0	1.0
35	98	0.0	12826	49.0	3206500	0.196	0.0		1.0	1.0
36	98	0.0	12826	62.0	3206500	0.248	0.0		1.0	1.0
37	98	2.0	12826	63.0	3206500	0.252	7.937589737496163	2.988700997085095	0.027969529999171093	1.0
38	98	0.0	12826	85.0	3206500	0.34	0.0		1.0	1.0
39	98	0.0	12826	88.0	3206500	0.352	0.0		1.0	1.0
40	98	0.0	12826	43.0	3206500	0.172	0.0		1.0	1.0
41	98	0.0	12826	59.0	3206500	0.236	0.0		1.0	1.0
42	98	1.0	12826	60.0	3206500	0.24	4.166913580246914	2.0589791795600014	0.21613272968637595	1.0
43	98	0.0	12826	59.0	3206500	0.236	0.0		1.0	1.0
44	98	0.0	12826	64.0	3206500	0.256	0.0		1.0	1.0
45	98	0.0	12826	54.0	3206500	0.216	0.0		1.0	1.0
46	98	0.0	12826	62.0	3206500	0.248	0.0		1.0	1.0
47	98	0.0	12826	67.0	3206500	0.268	0.0		1.0	1.0
48	98	0.0	12826	59.0	3206500	0.236	0.0		1.0	1.0
49	98	0.0	12826	59.0	3206500	0.236	0.0		1.0	1.0
50	98	0.0	12826	54.0	3206500	0.216	0.0		1.0	1.0
51	98	0.0	12826	59.0	3206500	0.236	0.0		1.0	1.0
52	98	0.0	12826	56.0	3206500	0.224	0.0		1.0	1.0
53	98	0.0	12826	47.0	3206500	0.188	0.0		1.0	1.0
54	98	1.0	12826	66.0	3206500	0.264	3.7880961663417803	1.9214729561873247	0.23468531142578591	1.0
55	98	0.0	12826	49.0	3206500	0.196	0.0		1.0	1.0
56	98	0.0	12826	62.0	3206500	0.248	0.0		1.0	1.0
57	98	0.0	12826	52.0	3206500	0.208	0.0		1.0	1.0
58	98	0.0	12826	70.0	3206500	0.28	0.0		1.0	1.0
59	98	0.0	12826	58.0	3206500	0.232	0.0		1.0	1.0
60	98	0.0	12826	76.0	3206500	0.304	0.0		1.0	1.0
61	98	0.0	12826	62.0	3206500	0.248	0.0		1.0	1.0
62	98	0.0	12826	50.0	3206500	0.2	0.0		1.0	1.0
63	98	0.0	12826	46.0	3206500	0.184	0.0		1.0	1.0
64	98	0.0	12826	53.0	3206500	0.212	0.0		1.0	1.0
65	98	0.0	12826	69.0	3206500	0.276	0.0		1.0	1.0
66	98	0.0	12826	48.0	3206500	0.192	0.0		1.0	1.0
67	98	0.0	12826	55.0	3206500	0.22	0.0		1.0	1.0
68	98	0.0	12826	40.0	3206500	0.16	0.0		1.0	1.0
69	98	0.0	12826	49.0	3206500	0.196	0.0		1.0	1.0
70	98	0.0	12826	50.0	3206500	0.2	0.0		1.0	1.0
71	98	0.0	12826	47.0	3206500	0.188	0.0		1.0	1.0
72	98	0.0	12826	62.0	3206500	0.248	0.0		1.0	1.0
73	98	0.0	12826	61.0	3206500	0.244	0.0		1.0	1.0
74	98	0.0	12826	54.0	3206500	0.216	0.0		1.0	1.0
75	98	0.0	12826	61.0	3206500	0.244	0.0		1.0	1.0
76	98	0.0	12826	59.0	3206500	0.236	0.0		1.0	1.0
77	98	0.0	12826	60.0	3206500	0.24	0.0		1.0	1.0
78	98	0.0	12826	61.0	3206500	0.244	0.0		1.0	1.0
79	98	0.0	12826	53.0	3206500	0.212	0.0		1.0	1.0
80	98	0.0	12826	53.0	3206500	0.212	0.0		1.0	1.0
81	98	0.0	12826	43.0	3206500	0.172	0.0		1.0	1.0
82	98	0.0	12826	77.0	3206500	0.308	0.0		1.0	1.0
83	98	0.0	12826	52.0	3206500	0.208	0.0		1.0	1.0
84	98	1.0	12826	68.0	3206500	0.272	3.676679279899094	1.878403334420069	0.24077141627844897	1.0
85	98	0.0	12826	46.0	3206500	0.184	0.0		1.0	1.0
86	98	0.0	12826	54.0	3206500	0.216	0.0		1.0	1.0
87	98	0.0	12826	46.0	3206500	0.184	0.0		1.0	1.0
88	98	0.0	12826	57.0	3206500	0.228	0.0		1.0	1.0
89	98	0.0	12826	52.0	3206500	0.208	0.0		1.0	1.0
90	98	0.0	12826	59.0	3206500	0.236	0.0		1.0	1.0
91	98	0.0	12826	60.0	3206500	0.24	0.0		1.0	1.0
92	98	0.0	12826	65.0	3206500	0.26	0.0		1.0	1.0
93	98	0.0	12826	48.0	3206500	0.192	0.0		1.0	1.0
94	98	1.0	12826	66.0	3206500	0.264	3.7880961663417803	1.9214729561873247	0.23468531142578591	1.0
95	98	1.0	12826	57.0	3206500	0.228	4.386228925139359	2.132981110813255	0.2066884722456842	1.0
96	98	1.0	12826	61.0	3206500	0.244	4.098602243313201	2.035131987668861	0.21925576616867087	1.0
97	98	0.0	12826	52.0	3206500	0.208	0.0		1.0	1.0
98	98	0.0	12826	4.0	3206500	0.016	0.0		1.0	1.0
99	98	0.0	12826	0.0	3206500	0.0			1.0	1.0
100	98	0.0	12826	0.0	3206500	0.0			1.0	1.0
1	99	1.0	12826	87.0	3206500	0.348	2.873709305191459	1.5229141309776721	0.29622925921768667	1.0
2	99	0.0	12826	87.0	3206500	0.348	0.0		1.0	1.0
3	99	1.0	12826	87.0	3206500	0.348	2.873709305191459	1.5229141309776721	0.29622925921768667	1.0
4	99	0.0	12826	59.0	3206500	0.236	0.0		1.0	1.0
5	99	0.0	12826	59.0	3206500	0.236	0.0		1.0	1.0
6	99	0.0	12826	66.0	3206500	0.264	0.0		1.0	1.0
7	99	0.0	12826	77.0	3206500	0.308	0.0		1.0	1.0
8	99	0.0	12826	69.0	3206500	0.276	0.0		1.0	1.0
9	99	0.0	12826	71.0	3206500	0.284	0.0		1.0	1.0
10	99	0.0	12826	61.0	3206500	0.244	0.0		1.0	1.0
11	99	1.0	12826	73.0	3206500	0.292	3.4248465913642554	1.776039367099511	0.2557757885180958	1.0
12	99	0.0	12826	71.0	3206500	0.284	0.0		1.0	1.0
13	99	0.0	12826	62.0	3206500	0.248	0.0		1.0	1.0
14	99	0.0	12826	68.0	3206500	0.272	0.0		1.0	1.0
15	99	0.0	12826	77.0	3206500	0.308	0.0		1.0	1.0
16	99	0.0	12826	82.0	3206500	0.328	0.0		1.0	1.0
17	99	1.0	12826	64.0	3206500	0.256	3.9064766081871345	1.9658679754205868	0.22855042342015058	1.0
18	99	0.0	12826	70.0	3206500	0.28	0.0		1.0	1.0
19	99	0.0	12826	58.0	3206500	0.232	0.0		1.0	1.0
20	99	0.0	12826	75.0	3206500	0.3	0.0		1.0	1.0
21	99	0.0	12826	90.0	3206500	0.36	0.0		1.0	1.0
22	99	0.0	12826	69.0	3206500	0.276	0.0		1.0	1.0
23	99	0.0	12826	66.0	3206500	0.264	0.0		1.0	1.0
24	99	0.0	12826	66.0	3206500	0.264	0.0		1.0	1.0
25	99	0.0	12826	56.0	3206500	0.224	0.0		1.0	1.0
26	99	0.0	12826	76.0	3206500	0.304	0.0		1.0	1.0
27	99	0.0	12826	62.0	3206500	0.248	0.0		1.0	1.0
28	99	0.0	12826	67.0	3206500	0.268	0.0		1.0	1.0
29	99	0.0	12826	83.0	3206500	0.332	0.0		1.0	1.0
30	99	0.0	12826	77.0	3206500	0.308	0.0		1.0	1.0
31	99	0.0	12826	65.0	3206500	0.26	0.0		1.0	1.0
32	99	0.0	12826	52.0	3206500	0.208	0.0		1.0	1.0
33	99	0.0	12826	62.0	3206500	0.248	0.0		1.0	1.0
34	99	0.0	12826	62.0	3206500	0.248	0.0		1.0	1.0
35	99	0.0	12826	47.0	3206500	0.188	0.0		1.0	1.0
36	99	0.0	12826	70.0	3206500	0.28	0.0		1.0	1.0
37	99	0.0	12826	67.0	3206500	0.268	0.0		1.0	1.0
38	99	0.0	12826	61.0	3206500	0.244	0.0		1.0	1.0
39	99	0.0	12826	63.0	3206500	0.252	0.0		1.0	1.0
40	99	0.0	12826	70.0	3206500	0.28	0.0		1.0	1.0
41	99	0.0	12826	59.0	3206500	0.236	0.0		1.0	1.0
42	99	0.0	12826	67.0	3206500	0.268	0.0		1.0	1.0
43	99	0.0	12826	54.0	3206500	0.216	0.0		1.0	1.0
44	99	0.0	12826	76.0	3206500	0.304	0.0		1.0	1.0
45	99	0.0	12826	49.0	3206500	0.196	0.0		1.0	1.0
46	99	0.0	12826	49.0	3206500	0.196	0.0		1.0	1.0
47	99	0.0	12826	69.0	3206500	0.276	0.0		1.0	1.0
48	99	0.0	12826	62.0	3206500	0.248	0.0		1.0	1.0
49	99	0.0	12826	49.0	3206500	0.196	0.0		1.0	1.0
50	99	0.0	12826	70.0	3206500	0.28	0.0		1.0	1.0
51	99	0.0	12826	52.0	3206500	0.208	0.0		1.0	1.0
52	99	0.0	12826	62.0	3206500	0.248	0.0		1.0	1.0
53	99	0.0	12826	47.0	3206500	0.188	0.0		1.0	1.0
54	99	0.0	12826	48.0	3206500	0.192	0.0		1.0	1.0
55	99	0.0	12826	45.0	3206500	0.18	0.0		1.0	1.0
56	99	0.0	12826	58.0	3206500	0.232	0.0		1.0	1.0
57	99	0.0	12826	44.0	3206500	0.176	0.0		1.0	1.0
58	99	0.0	12826	69.0	3206500	0.276	0.0		1.0	1.0
59	99	0.0	12826	60.0	3206500	0.24	0.0		1.0	1.0
60	99	0.0	12826	63.0	3206500	0.252	0.0		1.0	1.0
61	99	0.0	12826	57.0	3206500	0.228	0.0		1.0	1.0
62	99	0.0	12826	53.0	3206500	0.212	0.0		1.0	1.0
63	99	0.0	12826	63.0	3206500	0.252	0.0		1.0	1.0
64	99	0.0	12826	60.0	3206500	0.24	0.0		1.0	1.0
65	99	0.0	12826	54.0	3206500	0.216	0.0		1.0	1.0
66	99	0.0	12826	56.0	3206500	0.224	0.0		1.0	1.0
67	99	0.0	12826	74.0	3206500	0.296	0.0		1.0	1.0
68	99	0.0	12826	56.0	3206500	0.224	0.0		1.0	1.0
69	99	0.0	12826	47.0	3206500	0.188	0.0		1.0	1.0
70	99	0.0	12826	69.0	3206500	0.276	0.0		1.0	1.0
71	99	0.0	12826	49.0	3206500	0.196	0.0		1.0	1.0
72	99	0.0	12826	58.0	3206500	0.232	0.0		1.0	1.0
73	99	0.0	12826	73.0	3206500	0.292	0.0		1.0	1.0
74	99	1.0	12826	54.0	3206500	0.216	4.629912641686521	2.2109849726227417	0.19713043666780405	1.0
75	99	0.0	12826	66.0	3206500	0.264	0.0		1.0	1.0
76	99	1.0	12826	63.0	3206500	0.252	3.9684854110585106	1.9885885018578642	0.22546456345677904	1.0
77	99	0.0	12826	61.0	3206500	0.244	0.0		1.0	1.0
78	99	0.0	12826	74.0	3206500	0.296	0.0		1.0	1.0
79	99	0.0	12826	70.0	3206500	0.28	0.0		1.0	1.0
80	99	0.0	12826	59.0	3206500	0.236	0.0		1.0	1.0
81	99	0.0	12826	57.0	3206500	0.228	0.0		1.0	1.0
82	99	1.0	12826	65.0	3206500	0.26	3.846375768481032	1.9434997124547984	0.23162398975476917	1.0
83	99	0.0	12826	63.0	3206500	0.252	0.0		1.0	1.0
84	99	0.0	12826	50.0	3206500	0.2	0.0		1.0	1.0
85	99	0.0	12826	65.0	3206500	0.26	0.0		1.0	1.0
86	99	0.0	12826	58.0	3206500	0.232	0.0		1.0	1.0
87	99	0.0	12826	63.0	3206500	0.252	0.0		1.0	1.0
88	99	0.0	12826	62.0	3206500	0.248	0.0		1.0	1.0
89	99	0.0	12826	71.0	3206500	0.284	0.0		1.0	1.0
90	99	0.0	12826	61.0	3206500	0.244	0.0		1.0	1.0
91	99	0.0	12826	72.0	3206500	0.288	0.0		1.0	1.0
92	99	0.0	12826	63.0	3206500	0.252	0.0		1.0	1.0
93	99	0.0	12826	58.0	3206500	0.232	0.0		1.0	1.0
94	99	0.0	12826	55.0	3206500	0.22	0.0		1.0	1.0
95	99	0.0	12826	49.0	3206500	0.196	0.0		1.0	1.0
96	99	0.0	12826	55.0	3206500	0.22	0.0		1.0	1.0
97	99	0.0	12826	73.0	3206500	0.292	0.0		1.0	1.0
98	99	1.0	12826	55.0	3206500	0.22	4.545730994152047	2.1845123113256197	0.20032917481101997	1.0
99	99	0.0	12826	15.0	3206500	0.06	0.0		1.0	1.0
100	99	0.0	12826	0.0	3206500	0.0			1.0	1.0
1	100	1.0	12826	102.0	3206500	0.408	2.4510935290295457	1.293425535731747	0.33713552241623157	1.0
2	100	0.0	12826	102.0	3206500	0.408	0.0		1.0	1.0
3	100	0.0	12826	66.0	3206500	0.264	0.0		1.0	1.0
4	100	0.0	12826	54.0	3206500	0.216	0.0		1.0	1.0
5	100	0.0	12826	72.0	3206500	0.288	0.0		1.0	1.0
6	100	1.0	12826	92.0	3206500	0.368	2.7175252140011867	1.4422934210651763	0.31013771867884754	1.0
7	100	1.0	12826	77.0	3206500	0.308	3.24692843219159	1.6990755855293969	0.26756552087026075	1.0
8	100	0.0	12826	66.0	3206500	0.264	0.0		1.0	1.0
9	100	0.0	12826	64.0	3206500	0.256	0.0		1.0	1.0
10	100	0.0	12826	64.0	3206500	0.256	0.0		1.0	1.0
11	100	0.0	12826	79.0	3206500	0.316	0.0		1.0	1.0
12	100	0.0	12826	90.0	3206500	0.36	0.0		1.0	1.0
13	100	0.0	12826	84.0	3206500	0.336	0.0		1.0	1.0
14	100	1.0	12826	73.0	3206500	0.292	3.4248465913642554	1.776039367099511	0.2557757885180958	1.0
15	100	0.0	12826	53.0	3206500	0.212	0.0		1.0	1.0
16	100	0.0	12826	66.0	3206500	0.264	0.0		1.0	1.0
17	100	0.0	12826	73.0	3206500	0.292	0.0		1.0	1.0
18	100	0.0	12826	60.0	3206500	0.24	0.0		1.0	1.0
19	100	0.0	12826	55.0	3206500	0.22	0.0		1.0	1.0
20	100	0.0	12826	57.0	3206500	0.228	0.0		1.0	1.0
21	100	0.0	12826	99.0	3206500	0.396	0.0		1.0	1.0
22	100	0.0	12826	61.0	3206500	0.244	0.0		1.0	1.0
23	100	0.0	12826	64.0	3206500	0.256	0.0		1.0	1.0
24	100	0.0	12826	64.0	3206500	0.256	0.0		1.0	1.0
25	100	0.0	12826	64.0	3206500	0.256	0.0		1.0	1.0
26	100	0.0	12826	57.0	3206500	0.228	0.0		1.0	1.0
27	100	0.0	12826	53.0	3206500	0.212	0.0		1.0	1.0
28	100	0.0	12826	53.0	3206500	0.212	0.0		1.0	1.0
29	100	0.0	12826	81.0	3206500	0.324	0.0		1.0	1.0
30	100	0.0	12826	57.0	3206500	0.228	0.0		1.0	1.0
31	100	0.0	12826	50.0	3206500	0.2	0.0		1.0	1.0
32	100	0.0	12826	74.0	3206500	0.296	0.0		1.0	1.0
33	100	1.0	12826	42.0	3206500	0.168	5.952767102942541	2.5735604512276753	0.15773285154179956	1.0
34	100	0.0	12826	77.0	3206500	0.308	0.0		1.0	1.0
35	100	0.0	12826	60.0	3206500	0.24	0.0		1.0	1.0
36	100	0.0	12826	73.0	3206500	0.292	0.0		1.0	1.0
37	100	0.0	12826	56.0	3206500	0.224	0.0		1.0	1.0
38	100	0.0	12826	39.0	3206500	0.156	0.0		1.0	1.0
39	100	0.0	12826	70.0	3206500	0.28	0.0		1.0	1.0
40	100	0.0	12826	65.0	3206500	0.26	0.0		1.0	1.0
41	100	0.0	12826	79.0	3206500	0.316	0.0		1.0	1.0
42	100	0.0	12826	85.0	3206500	0.34	0.0		1.0	1.0
43	100	0.0	12826	44.0	3206500	0.176	0.0		1.0	1.0
44	100	0.0	12826	55.0	3206500	0.22	0.0		1.0	1.0
45	100	0.0	12826	57.0	3206500	0.228	0.0		1.0	1.0
46	100	1.0	12826	50.0	3206500	0.2	5.000311890838207	2.322018084753806	0.1842070295497654	1.0
47	100	0.0	12826	65.0	3206500	0.26	0.0		1.0	1.0
48	100	0.0	12826	56.0	3206500	0.224	0.0		1.0	1.0
49	100	0.0	12826	50.0	3206500	0.2	0.0		1.0	1.0
50	100	0.0	12826	55.0	3206500	0.22	0.0		1.0	1.0
51	100	0.0	12826	69.0	3206500	0.276	0.0		1.0	1.0
52	100	0.0	12826	57.0	3206500	0.228	0.0		1.0	1.0
53	100	0.0	12826	50.0	3206500	0.2	0.0		1.0	1.0
54	100	0.0	12826	55.0	3206500	0.22	0.0		1.0	1.0
55	100	0.0	12826	59.0	3206500	0.236	0.0		1.0	1.0
56	100	0.0	12826	85.0	3206500	0.34	0.0		1.0	1.0
57	100	0.0	12826	54.0	3206500	0.216	0.0		1.0	1.0
58	100	0.0	12826	58.0	3206500	0.232	0.0		1.0	1.0
59	100	0.0	12826	75.0	3206500	0.3	0.0		1.0	1.0
60	100	0.0	12826	69.0	3206500	0.276	0.0		1.0	1.0
61	100	0.0	12826	65.0	3206500	0.26	0.0		1.0	1.0
62	100	0.0	12826	48.0	3206500	0.192	0.0		1.0	1.0
63	100	0.0	12826	58.0	3206500	0.232	0.0		1.0	1.0
64	100	0.0	12826	62.0	3206500	0.248	0.0		1.0	1.0
65	100	0.0	12826	42.0	3206500	0.168	0.0		1.0	1.0
66	100	0.0	12826	51.0	3206500	0.204	0.0		1.0	1.0
67	100	0.0	12826	65.0	3206500	0.26	0.0		1.0	1.0
68	100	0.0	12826	60.0	3206500	0.24	0.0		1.0	1.0
69	100	0.0	12826	47.0	3206500	0.188	0.0		1.0	1.0
70	100	0.0	12826	71.0	3206500	0.284	0.0		1.0	1.0
71	100	0.0	12826	52.0	3206500	0.208	0.0		1.0	1.0
72	100	0.0	12826	55.0	3206500	0.22	0.0		1.0	1.0
73	100	0.0	12826	55.0	3206500	0.22	0.0		1.0	1.0
74	100	0.0	12826	57.0	3206500	0.228	0.0		1.0	1.0
75	100	0.0	12826	51.0	3206500	0.204	0.0		1.0	1.0
76	100	0.0	12826	70.0	3206500	0.28	0.0		1.0	1.0
77	100	0.0	12826	60.0	3206500	0.24	0.0		1.0	1.0
78	100	0.0	12826	65.0	3206500	0.26	0.0		1.0	1.0
79	100	0.0	12826	67.0	3206500	0.268	0.0		1.0	1.0
80	100	0.0	12826	42.0	3206500	0.168	0.0		1.0	1.0
81	100	0.0	12826	40.0	3206500	0.16	0.0		1.0	1.0
82	100	0.0	12826	66.0	3206500	0.264	0.0		1.0	1.0
83	100	0.0	12826	55.0	3206500	0.22	0.0		1.0	1.0
84	100	0.0	12826	49.0	3206500	0.196	0.0		1.0	1.0
85	100	0.0	12826	56.0	3206500	0.224	0.0		1.0	1.0
86	100	1.0	12826	73.0	3206500	0.292	3.4248465913642554	1.776039367099511	0.2557757885180958	1.0
87	100	0.0	12826	44.0	3206500	0.176	0.0		1.0	1.0
88	100	0.0	12826	73.0	3206500	0.292	0.0		1.0	1.0
89	100	0.0	12826	67.0	3206500	0.268	0.0		1.0	1.0
90	100	0.0	12826	42.0	3206500	0.168	0.0		1.0	1.0
91	100	0.0	12826	69.0	3206500	0.276	0.0		1.0	1.0
92	100	0.0	12826	81.0	3206500	0.324	0.0		1.0	1.0
93	100	0.0	12826	54.0	3206500	0.216	0.0		1.0	1.0
94	100	0.0	12826	85.0	3206500	0.34	0.0		1.0	1.0
95	100	0.0	12826	59.0	3206500	0.236	0.0		1.0	1.0
96	100	1.0	12826	53.0	3206500	0.212	4.717270955165692	2.2379524701588016	0.19391890422031013	1.0
97	100	0.0	12826	67.0	3206500	0.268	0.0		1.0	1.0
98	100	0.0	12826	68.0	3206500	0.272	0.0		1.0	1.0
99	100	0.0	12826	65.0	3206500	0.26	0.0		1.0	1.0
100	100	0.0	12826	12.0	3206500	0.048	0.0		1.0	1.0
