canonical_UniProtAC	position	nearest_methyl_arg_distance	second_nearest_methyl_arg_distance	set
A0A0B4J2A2	90	inf	inf	observed
A0A0U1RRI6	35	inf	inf	observed
A0A1B0GVN3	69	inf	inf	observed
A0AV96	332	47.0	49.0	observed
A0AV96	379	2.0	4.0	observed
A0AV96	381	2.0	2.0	observed
A0AV96	383	2.0	4.0	observed
A0AV96	389	5.0	6.0	observed
A0AV96	394	5.0	11.0	observed
A0AV96	405	5.0	11.0	observed
A0AV96	410	5.0	16.0	observed
A0AVF1	12	inf	inf	observed
A0FGR8	172	inf	inf	observed
A0MZ66	416	inf	inf	observed
A1A519	235	inf	inf	observed
A1KXE4	88	inf	inf	observed
A1KZ92	673	2.0	inf	observed
A1KZ92	675	2.0	inf	observed
A1L020	419	8.0	inf	observed
A1L020	427	8.0	inf	observed
A1L188	10	2.0	inf	observed
A1L188	12	2.0	inf	observed
A1L390	1099	6.0	8.0	observed
A1L390	1105	2.0	6.0	observed
A1L390	1107	2.0	8.0	observed
A1L429	13	2.0	3.0	observed
A1L429	15	1.0	2.0	observed
A1L429	16	1.0	3.0	observed
A1X283	819	inf	inf	observed
A2PYH4	421	10.0	inf	observed
A2PYH4	431	10.0	inf	observed
A2RUQ5	69	inf	inf	observed
A3KN83	1024	inf	inf	observed
A3QJZ7	248	inf	inf	observed
A4D1S0	174	inf	inf	observed
A4D1U4	34	7.0	14.0	observed
A4D1U4	41	7.0	7.0	observed
A4D1U4	48	7.0	14.0	observed
A4D2G3	292	inf	inf	observed
A4UGR9	1796	inf	inf	observed
A5A3E0	728	inf	inf	observed
A5D8V6	70	inf	inf	observed
A5PL33	186	4.0	372.0	observed
A5PL33	190	4.0	368.0	observed
A5PL33	558	331.0	347.0	observed
A5PL33	889	16.0	331.0	observed
A5PL33	905	16.0	347.0	observed
A5YKK6	45	193.0	1144.0	observed
A5YKK6	238	193.0	951.0	observed
A5YKK6	1189	951.0	1144.0	observed
A6H8Y1	1293	inf	inf	observed
A6NC57	565	inf	inf	observed
A6NC86	134	inf	inf	observed
A6NC98	1058	inf	inf	observed
A6NCE7	21	inf	inf	observed
A6NCJ1	199	inf	inf	observed
A6NCL7	370	inf	inf	observed
A6NDE8	13	2.0	3.0	observed
A6NDE8	15	1.0	2.0	observed
A6NDE8	16	1.0	3.0	observed
A6NDY0	213	inf	inf	observed
A6NE01	79	4.0	inf	observed
A6NE01	83	4.0	inf	observed
A6NED2	25	2.0	31.0	observed
A6NED2	27	2.0	29.0	observed
A6NED2	56	3.0	29.0	observed
A6NED2	59	3.0	32.0	observed
A6NEL2	112	170.0	inf	observed
A6NEL2	282	170.0	inf	observed
A6NER3	13	2.0	inf	observed
A6NER3	15	2.0	inf	observed
A6NES4	665	inf	inf	observed
A6NFI3	576	1.0	inf	observed
A6NFI3	577	1.0	inf	observed
A6NFN3	116	inf	inf	observed
A6NFY7	23	inf	inf	observed
A6NGB9	46	inf	inf	observed
A6NGG8	408	inf	inf	observed
A6NGK3	106	inf	inf	observed
A6NGN4	17	231.0	inf	observed
A6NGN4	248	231.0	inf	observed
A6NGR9	332	123.0	inf	observed
A6NGR9	455	123.0	inf	observed
A6NHG4	14	inf	inf	observed
A6NHQ2	55	7.0	inf	observed
A6NHQ2	62	7.0	inf	observed
A6NHQ4	9	43.0	inf	observed
A6NHQ4	52	43.0	inf	observed
A6NHR9	26	693.0	inf	observed
A6NHR9	719	693.0	inf	observed
A6NHT5	102	inf	inf	observed
A6NI47	306	inf	inf	observed
A6NJ78	395	inf	inf	observed
A6NJG2	10	inf	inf	observed
A6NJZ7	512	inf	inf	observed
A6NKF1	217	inf	inf	observed
A6NKT7	891	237.0	inf	observed
A6NKT7	1128	237.0	inf	observed
A6NMY6	63	72.0	inf	observed
A6NMY6	135	72.0	inf	observed
A6NNC1	742	inf	inf	observed
A6NNM3	512	inf	inf	observed
A6NNY8	386	inf	inf	observed
A6PVY3	88	inf	inf	observed
A6QL63	4	717.0	inf	observed
A6QL63	721	717.0	inf	observed
A6QL64	1886	inf	inf	observed
A7E2V4	1120	42.0	45.0	observed
A7E2V4	1162	3.0	13.0	observed
A7E2V4	1165	3.0	10.0	observed
A7E2V4	1175	10.0	13.0	observed
A7E2V4	1454	6.0	279.0	observed
A7E2V4	1460	6.0	285.0	observed
A7KAX9	1523	10.0	172.0	observed
A7KAX9	1533	10.0	162.0	observed
A7KAX9	1695	162.0	172.0	observed
A7MBM2	1188	inf	inf	observed
A7MCY6	427	86.0	inf	observed
A7MCY6	513	86.0	inf	observed
A8CG34	200	6.0	42.0	observed
A8CG34	206	6.0	36.0	observed
A8CG34	242	9.0	36.0	observed
A8CG34	251	9.0	45.0	observed
A8MU93	5	inf	inf	observed
A8MVJ9	265	1.0	inf	observed
A8MVJ9	266	1.0	inf	observed
A8MWD9	63	12.0	inf	observed
A8MWD9	75	12.0	inf	observed
A9YTQ3	639	inf	inf	observed
B0I1T2	274	inf	inf	observed
B1AK53	811	inf	inf	observed
B2RTY4	2286	inf	inf	observed
B5MCN3	286	inf	inf	observed
B5ME19	104	202.0	447.0	observed
B5ME19	306	202.0	245.0	observed
B5ME19	551	103.0	169.0	observed
B5ME19	654	66.0	103.0	observed
B5ME19	720	66.0	169.0	observed
B5ME19	902	4.0	182.0	observed
B5ME19	906	4.0	186.0	observed
B8ZZ34	382	inf	inf	observed
C9J069	205	26.0	inf	observed
C9J069	231	26.0	inf	observed
C9JG80	1049	inf	inf	observed
C9JLR9	15	11.0	13.0	observed
C9JLR9	26	2.0	11.0	observed
C9JLR9	28	2.0	13.0	observed
C9JLR9	226	198.0	200.0	observed
C9JRZ8	70	inf	inf	observed
D6RIA3	1322	inf	inf	observed
H0Y7S4	248	inf	inf	observed
O00115	321	inf	inf	observed
O00116	182	inf	inf	observed
O00139	514	inf	inf	observed
O00148	57	150.0	281.0	observed
O00148	207	131.0	141.0	observed
O00148	338	10.0	67.0	observed
O00148	348	10.0	57.0	observed
O00148	405	57.0	67.0	observed
O00159	33	861.0	inf	observed
O00159	894	861.0	inf	observed
O00161	197	inf	inf	observed
O00165	46	4.0	93.0	observed
O00165	50	4.0	89.0	observed
O00165	139	87.0	89.0	observed
O00165	226	87.0	176.0	observed
O00170	22	169.0	inf	observed
O00170	191	169.0	inf	observed
O00178	456	100.0	inf	observed
O00178	556	100.0	inf	observed
O00182	173	inf	inf	observed
O00186	8	inf	inf	observed
O00192	180	26.0	31.0	observed
O00192	206	5.0	8.0	observed
O00192	211	3.0	5.0	observed
O00192	214	3.0	8.0	observed
O00192	591	377.0	380.0	observed
O00193	14	23.0	41.0	observed
O00193	37	18.0	23.0	observed
O00193	55	18.0	41.0	observed
O00203	519	inf	inf	observed
O00204	147	inf	inf	observed
O00217	96	inf	inf	observed
O00220	52	inf	inf	observed
O00231	11	9.0	inf	observed
O00231	20	9.0	inf	observed
O00233	73	inf	inf	observed
O00238	4	inf	inf	observed
O00257	137	inf	inf	observed
O00264	47	24.0	32.0	observed
O00264	71	8.0	24.0	observed
O00264	79	8.0	32.0	observed
O00264	119	40.0	48.0	observed
O00267	119	4.0	249.0	observed
O00267	123	4.0	245.0	observed
O00267	368	245.0	249.0	observed
O00267	668	13.0	28.0	observed
O00267	681	13.0	15.0	observed
O00267	696	2.0	15.0	observed
O00267	698	2.0	17.0	observed
O00267	747	2.0	10.0	observed
O00267	749	2.0	8.0	observed
O00267	757	8.0	10.0	observed
O00267	783	26.0	34.0	observed
O00268	414	10.0	21.0	observed
O00268	424	10.0	11.0	observed
O00268	435	11.0	21.0	observed
O00268	754	15.0	319.0	observed
O00268	769	15.0	334.0	observed
O00273	296	inf	inf	observed
O00291	3	438.0	inf	observed
O00291	441	438.0	inf	observed
O00294	82	inf	inf	observed
O00299	165	30.0	39.0	observed
O00299	195	9.0	30.0	observed
O00299	204	9.0	39.0	observed
O00303	261	inf	inf	observed
O00330	208	inf	inf	observed
O00401	274	10.0	31.0	observed
O00401	284	10.0	21.0	observed
O00401	305	2.0	21.0	observed
O00401	307	2.0	22.0	observed
O00401	329	22.0	24.0	observed
O00410	811	inf	inf	observed
O00411	8	7.0	inf	observed
O00411	15	7.0	inf	observed
O00418	178	inf	inf	observed
O00422	142	inf	inf	observed
O00429	108	139.0	inf	observed
O00429	247	139.0	inf	observed
O00443	139	36.0	inf	observed
O00443	175	36.0	inf	observed
O00444	357	2.0	inf	observed
O00444	359	2.0	inf	observed
O00461	370	inf	inf	observed
O00469	76	inf	inf	observed
O00470	369	inf	inf	observed
O00471	177	inf	inf	observed
O00478	112	inf	inf	observed
O00481	112	inf	inf	observed
O00483	47	inf	inf	observed
O00499	66	inf	inf	observed
O00505	26	77.0	inf	observed
O00505	103	77.0	inf	observed
O00512	508	4.0	53.0	observed
O00512	512	4.0	49.0	observed
O00512	561	49.0	53.0	observed
O00512	620	59.0	108.0	observed
O00512	1254	6.0	634.0	observed
O00512	1260	6.0	640.0	observed
O00515	424	inf	inf	observed
O00541	11	24.0	302.0	observed
O00541	35	24.0	278.0	observed
O00541	313	1.0	67.0	observed
O00541	314	1.0	66.0	observed
O00541	380	66.0	67.0	observed
O00555	948	8.0	39.0	observed
O00555	956	8.0	31.0	observed
O00555	987	31.0	39.0	observed
O00562	1211	19.0	inf	observed
O00562	1230	19.0	inf	observed
O00567	220	87.0	122.0	observed
O00567	307	35.0	52.0	observed
O00567	342	17.0	35.0	observed
O00567	359	17.0	45.0	observed
O00567	404	11.0	45.0	observed
O00567	415	11.0	56.0	observed
O00571	75	4.0	13.0	observed
O00571	79	4.0	9.0	observed
O00571	88	5.0	7.0	observed
O00571	93	2.0	5.0	observed
O00571	95	2.0	4.0	observed
O00571	99	2.0	4.0	observed
O00571	101	2.0	6.0	observed
O00571	110	9.0	11.0	observed
O00571	121	11.0	20.0	observed
O00571	252	63.0	110.0	observed
O00571	315	47.0	48.0	observed
O00571	362	1.0	47.0	observed
O00571	363	1.0	48.0	observed
O00571	475	3.0	110.0	observed
O00571	478	3.0	107.0	observed
O00571	585	2.0	7.0	observed
O00571	587	2.0	5.0	observed
O00571	592	5.0	7.0	observed
O00571	600	3.0	8.0	observed
O00571	603	3.0	11.0	observed
O00571	617	5.0	14.0	observed
O00571	622	5.0	10.0	observed
O00571	632	10.0	15.0	observed
O00625	97	inf	inf	observed
O00629	26	11.0	77.0	observed
O00629	37	11.0	66.0	observed
O00629	103	66.0	77.0	observed
O00712	335	53.0	inf	observed
O00712	388	53.0	inf	observed
O00716	121	inf	inf	observed
O00743	111	inf	inf	observed
O00754	13	13.0	inf	observed
O00754	26	13.0	inf	observed
O00762	28	50.0	inf	observed
O00762	78	50.0	inf	observed
O00764	70	222.0	inf	observed
O00764	292	222.0	inf	observed
O14490	8	21.0	inf	observed
O14490	29	21.0	inf	observed
O14497	235	141.0	156.0	observed
O14497	376	15.0	53.0	observed
O14497	391	15.0	38.0	observed
O14497	429	38.0	53.0	observed
O14497	727	23.0	28.0	observed
O14497	750	5.0	23.0	observed
O14497	755	5.0	19.0	observed
O14497	774	19.0	24.0	observed
O14497	811	37.0	56.0	observed
O14497	1223	14.0	53.0	observed
O14497	1237	14.0	39.0	observed
O14497	1276	11.0	39.0	observed
O14497	1287	11.0	50.0	observed
O14497	1511	55.0	224.0	observed
O14497	1566	55.0	279.0	observed
O14503	380	inf	inf	observed
O14511	837	inf	inf	observed
O14531	496	inf	inf	observed
O14559	1070	135.0	174.0	observed
O14559	1205	39.0	135.0	observed
O14559	1244	39.0	174.0	observed
O14578	2003	inf	inf	observed
O14579	52	44.0	247.0	observed
O14579	96	44.0	203.0	observed
O14579	299	203.0	247.0	observed
O14598	50	inf	inf	observed
O14602	82	inf	inf	observed
O14617	731	inf	inf	observed
O14618	165	44.0	inf	observed
O14618	209	44.0	inf	observed
O14639	726	inf	inf	observed
O14640	626	inf	inf	observed
O14641	160	71.0	467.0	observed
O14641	231	71.0	396.0	observed
O14641	627	5.0	6.0	observed
O14641	632	1.0	5.0	observed
O14641	633	1.0	6.0	observed
O14641	649	10.0	16.0	observed
O14641	659	10.0	26.0	observed
O14646	1491	inf	inf	observed
O14647	1546	91.0	139.0	observed
O14647	1637	48.0	81.0	observed
O14647	1685	33.0	48.0	observed
O14647	1718	24.0	25.0	observed
O14647	1742	1.0	24.0	observed
O14647	1743	1.0	25.0	observed
O14649	64	inf	inf	observed
O14654	116	268.0	281.0	observed
O14654	384	13.0	14.0	observed
O14654	397	1.0	13.0	observed
O14654	398	1.0	12.0	observed
O14654	410	12.0	13.0	observed
O14654	442	2.0	32.0	observed
O14654	444	2.0	34.0	observed
O14654	661	23.0	80.0	observed
O14654	684	23.0	57.0	observed
O14654	741	8.0	57.0	observed
O14654	749	8.0	65.0	observed
O14654	839	74.0	90.0	observed
O14654	913	39.0	74.0	observed
O14654	952	39.0	113.0	observed
O14654	1097	79.0	145.0	observed
O14654	1176	79.0	224.0	observed
O14686	2188	255.0	283.0	observed
O14686	2443	28.0	92.0	observed
O14686	2471	28.0	64.0	observed
O14686	2535	64.0	92.0	observed
O14686	2771	3.0	30.0	observed
O14686	2774	3.0	27.0	observed
O14686	2801	27.0	30.0	observed
O14686	2836	24.0	35.0	observed
O14686	2860	21.0	24.0	observed
O14686	2881	21.0	22.0	observed
O14686	2903	2.0	12.0	observed
O14686	2905	2.0	10.0	observed
O14686	2915	7.0	10.0	observed
O14686	2922	7.0	17.0	observed
O14686	3626	81.0	93.0	observed
O14686	3707	12.0	20.0	observed
O14686	3719	8.0	12.0	observed
O14686	3727	8.0	20.0	observed
O14686	3851	124.0	132.0	observed
O14686	4198	14.0	347.0	observed
O14686	4212	14.0	361.0	observed
O14686	4966	9.0	12.0	observed
O14686	4975	3.0	9.0	observed
O14686	4978	3.0	12.0	observed
O14686	5266	288.0	291.0	observed
O14715	890	237.0	inf	observed
O14715	1127	237.0	inf	observed
O14737	10	3.0	69.0	observed
O14737	13	3.0	66.0	observed
O14737	79	66.0	69.0	observed
O14744	348	inf	inf	observed
O14745	58	49.0	122.0	observed
O14745	107	49.0	73.0	observed
O14745	180	73.0	122.0	observed
O14757	419	1.0	inf	observed
O14757	420	1.0	inf	observed
O14771	147	inf	inf	observed
O14776	13	7.0	15.0	observed
O14776	20	7.0	8.0	observed
O14776	28	2.0	8.0	observed
O14776	30	2.0	10.0	observed
O14776	41	7.0	11.0	observed
O14776	48	7.0	18.0	observed
O14776	588	492.0	540.0	observed
O14776	1080	492.0	1032.0	observed
O14777	20	133.0	inf	observed
O14777	153	133.0	inf	observed
O14787	802	inf	inf	observed
O14802	353	652.0	inf	observed
O14802	1005	652.0	inf	observed
O14818	36	127.0	133.0	observed
O14818	163	6.0	49.0	observed
O14818	169	6.0	43.0	observed
O14818	212	1.0	43.0	observed
O14818	213	1.0	44.0	observed
O14867	562	inf	inf	observed
O14893	54	inf	inf	observed
O14908	24	172.0	179.0	observed
O14908	196	7.0	33.0	observed
O14908	203	7.0	26.0	observed
O14908	229	11.0	15.0	observed
O14908	240	4.0	8.0	observed
O14908	244	4.0	4.0	observed
O14908	248	4.0	8.0	observed
O14924	524	109.0	119.0	observed
O14924	633	10.0	109.0	observed
O14924	643	10.0	119.0	observed
O14929	286	inf	inf	observed
O14949	12	13.0	inf	observed
O14949	25	13.0	inf	observed
O14950	133	inf	inf	observed
O14964	557	inf	inf	observed
O14967	109	inf	inf	observed
O14976	439	753.0	inf	observed
O14976	1192	753.0	inf	observed
O14979	6	19.0	62.0	observed
O14979	25	19.0	43.0	observed
O14979	68	13.0	14.0	observed
O14979	81	1.0	13.0	observed
O14979	82	1.0	14.0	observed
O14979	189	107.0	108.0	observed
O14979	332	4.0	6.0	observed
O14979	336	2.0	4.0	observed
O14979	338	2.0	2.0	observed
O14979	340	2.0	4.0	observed
O14979	408	68.0	70.0	observed
O14980	1038	5.0	inf	observed
O14980	1043	5.0	inf	observed
O15014	410	1.0	inf	observed
O15014	411	1.0	inf	observed
O15015	1660	inf	inf	observed
O15018	283	5.0	inf	observed
O15018	288	5.0	inf	observed
O15020	1580	inf	inf	observed
O15021	164	664.0	1473.0	observed
O15021	828	664.0	809.0	observed
O15021	1637	1.0	809.0	observed
O15021	1638	1.0	810.0	observed
O15027	229	89.0	356.0	observed
O15027	318	89.0	267.0	observed
O15027	585	197.0	267.0	observed
O15027	782	197.0	432.0	observed
O15027	1214	6.0	10.0	observed
O15027	1220	4.0	6.0	observed
O15027	1224	4.0	10.0	observed
O15027	1366	142.0	146.0	observed
O15027	1656	4.0	290.0	observed
O15027	1660	4.0	294.0	observed
O15031	1283	295.0	inf	observed
O15031	1578	295.0	inf	observed
O15037	339	55.0	57.0	observed
O15037	394	2.0	11.0	observed
O15037	396	2.0	9.0	observed
O15037	405	9.0	11.0	observed
O15037	526	34.0	121.0	observed
O15037	560	34.0	155.0	observed
O15042	137	337.0	410.0	observed
O15042	474	73.0	337.0	observed
O15042	547	73.0	410.0	observed
O15047	106	170.0	269.0	observed
O15047	276	99.0	102.0	observed
O15047	375	3.0	99.0	observed
O15047	378	3.0	102.0	observed
O15047	885	342.0	345.0	observed
O15047	1227	3.0	342.0	observed
O15047	1230	3.0	345.0	observed
O15050	1009	inf	inf	observed
O15061	136	1351.0	inf	observed
O15061	1487	1351.0	inf	observed
O15062	526	inf	inf	observed
O15066	742	inf	inf	observed
O15067	118	5.0	113.0	observed
O15067	123	5.0	108.0	observed
O15067	231	51.0	71.0	observed
O15067	282	20.0	51.0	observed
O15067	302	20.0	71.0	observed
O15067	1033	731.0	751.0	observed
O15069	1101	inf	inf	observed
O15083	194	3.0	9.0	observed
O15083	197	3.0	6.0	observed
O15083	203	6.0	9.0	observed
O15119	737	inf	inf	observed
O15156	200	2.0	inf	observed
O15156	202	2.0	inf	observed
O15160	120	5.0	inf	observed
O15160	125	5.0	inf	observed
O15164	469	12.0	70.0	observed
O15164	481	12.0	58.0	observed
O15164	539	9.0	58.0	observed
O15164	548	9.0	67.0	observed
O15164	694	146.0	155.0	observed
O15165	140	inf	inf	observed
O15169	576	inf	inf	observed
O15173	109	40.0	57.0	observed
O15173	149	17.0	40.0	observed
O15173	166	17.0	57.0	observed
O15182	125	inf	inf	observed
O15209	236	inf	inf	observed
O15226	656	inf	inf	observed
O15230	4	inf	inf	observed
O15231	295	inf	inf	observed
O15234	52	3.0	142.0	observed
O15234	55	3.0	139.0	observed
O15234	194	112.0	129.0	observed
O15234	306	17.0	21.0	observed
O15234	323	4.0	17.0	observed
O15234	327	4.0	21.0	observed
O15234	397	70.0	74.0	observed
O15234	490	28.0	93.0	observed
O15234	518	28.0	121.0	observed
O15235	68	inf	inf	observed
O15239	59	inf	inf	observed
O15265	531	inf	inf	observed
O15270	550	inf	inf	observed
O15318	7	2.0	inf	observed
O15318	9	2.0	inf	observed
O15344	68	535.0	inf	observed
O15344	603	535.0	inf	observed
O15347	24	inf	inf	observed
O15355	22	inf	inf	observed
O15357	198	880.0	882.0	observed
O15357	1078	2.0	8.0	observed
O15357	1080	2.0	6.0	observed
O15357	1086	6.0	8.0	observed
O15357	1096	10.0	16.0	observed
O15357	1142	14.0	46.0	observed
O15357	1156	14.0	60.0	observed
O15360	683	inf	inf	observed
O15370	145	3.0	inf	observed
O15370	148	3.0	inf	observed
O15371	87	8.0	10.0	observed
O15371	95	2.0	4.0	observed
O15371	97	2.0	2.0	observed
O15371	99	2.0	4.0	observed
O15371	103	4.0	6.0	observed
O15371	208	105.0	109.0	observed
O15372	105	inf	inf	observed
O15397	271	730.0	inf	observed
O15397	1001	730.0	inf	observed
O15417	212	595.0	2066.0	observed
O15417	807	595.0	1471.0	observed
O15417	2278	1471.0	2066.0	observed
O15439	37	1.0	inf	observed
O15439	38	1.0	inf	observed
O15446	146	2.0	16.0	observed
O15446	148	2.0	14.0	observed
O15446	162	14.0	16.0	observed
O15481	242	inf	inf	observed
O15488	491	7.0	inf	observed
O15488	498	7.0	inf	observed
O15498	107	inf	inf	observed
O15504	32	13.0	inf	observed
O15504	45	13.0	inf	observed
O15511	74	69.0	inf	observed
O15511	143	69.0	inf	observed
O15516	702	inf	inf	observed
O15519	122	inf	inf	observed
O15523	75	3.0	12.0	observed
O15523	78	3.0	9.0	observed
O15523	87	5.0	9.0	observed
O15523	92	5.0	6.0	observed
O15523	98	6.0	11.0	observed
O15523	313	47.0	160.0	observed
O15523	360	47.0	113.0	observed
O15523	473	3.0	113.0	observed
O15523	476	3.0	114.0	observed
O15523	590	8.0	25.0	observed
O15523	598	8.0	17.0	observed
O15523	615	15.0	17.0	observed
O15523	630	15.0	32.0	observed
O15534	576	227.0	229.0	observed
O15534	803	2.0	17.0	observed
O15534	805	2.0	15.0	observed
O15534	820	15.0	17.0	observed
O15534	892	72.0	87.0	observed
O15552	255	26.0	31.0	observed
O15552	281	5.0	26.0	observed
O15552	286	5.0	31.0	observed
O15553	151	inf	inf	observed
O43143	42	2.0	628.0	observed
O43143	44	2.0	626.0	observed
O43143	670	626.0	628.0	observed
O43147	412	7.0	inf	observed
O43147	419	7.0	inf	observed
O43149	1532	inf	inf	observed
O43157	2051	inf	inf	observed
O43159	401	inf	inf	observed
O43172	345	inf	inf	observed
O43175	7	68.0	229.0	observed
O43175	75	68.0	161.0	observed
O43175	236	11.0	32.0	observed
O43175	247	11.0	21.0	observed
O43175	268	2.0	21.0	observed
O43175	270	2.0	23.0	observed
O43182	84	44.0	123.0	observed
O43182	128	44.0	79.0	observed
O43182	207	79.0	123.0	observed
O43184	430	19.0	inf	observed
O43184	449	19.0	inf	observed
O43189	530	inf	inf	observed
O43193	136	inf	inf	observed
O43237	386	7.0	11.0	observed
O43237	393	4.0	7.0	observed
O43237	397	4.0	11.0	observed
O43251	138	37.0	143.0	observed
O43251	175	37.0	106.0	observed
O43251	281	5.0	7.0	observed
O43251	286	2.0	4.0	observed
O43251	288	2.0	2.0	observed
O43251	290	2.0	4.0	observed
O43251	297	7.0	9.0	observed
O43251	329	32.0	39.0	observed
O43251	381	5.0	52.0	observed
O43251	386	5.0	57.0	observed
O43252	47	64.0	65.0	observed
O43252	111	1.0	64.0	observed
O43252	112	1.0	65.0	observed
O43252	354	242.0	243.0	observed
O43290	208	177.0	484.0	observed
O43290	385	177.0	307.0	observed
O43290	692	307.0	484.0	observed
O43293	439	15.0	inf	observed
O43293	454	15.0	inf	observed
O43299	151	28.0	53.0	observed
O43299	179	25.0	28.0	observed
O43299	204	25.0	53.0	observed
O43307	116	inf	inf	observed
O43314	1100	inf	inf	observed
O43324	168	inf	inf	observed
O43347	197	2.0	4.0	observed
O43347	199	2.0	2.0	observed
O43347	201	2.0	4.0	observed
O43353	26	inf	inf	observed
O43379	1131	inf	inf	observed
O43390	69	126.0	220.0	observed
O43390	195	94.0	126.0	observed
O43390	289	94.0	95.0	observed
O43390	384	57.0	63.0	observed
O43390	441	6.0	8.0	observed
O43390	447	2.0	6.0	observed
O43390	449	2.0	6.0	observed
O43390	455	6.0	8.0	observed
O43390	483	17.0	19.0	observed
O43390	500	2.0	6.0	observed
O43390	502	2.0	4.0	observed
O43390	506	3.0	4.0	observed
O43390	509	3.0	7.0	observed
O43390	516	7.0	10.0	observed
O43390	532	14.0	16.0	observed
O43390	546	10.0	14.0	observed
O43390	556	10.0	17.0	observed
O43390	573	17.0	27.0	observed
O43395	61	inf	inf	observed
O43399	50	inf	inf	observed
O43402	194	inf	inf	observed
O43414	12	2.0	inf	observed
O43414	14	2.0	inf	observed
O43424	880	33.0	inf	observed
O43424	913	33.0	inf	observed
O43426	284	1125.0	inf	observed
O43426	1409	1125.0	inf	observed
O43427	168	inf	inf	observed
O43432	669	4.0	23.0	observed
O43432	673	4.0	19.0	observed
O43432	692	19.0	23.0	observed
O43432	948	256.0	275.0	observed
O43447	44	8.0	inf	observed
O43447	52	8.0	inf	observed
O43464	5	3.0	10.0	observed
O43464	8	3.0	7.0	observed
O43464	15	7.0	10.0	observed
O43464	80	65.0	72.0	observed
O43464	339	259.0	324.0	observed
O43482	7	4.0	inf	observed
O43482	11	4.0	inf	observed
O43488	49	1.0	12.0	observed
O43488	50	1.0	11.0	observed
O43488	61	11.0	12.0	observed
O43488	250	189.0	200.0	observed
O43491	60	12.0	474.0	observed
O43491	72	12.0	462.0	observed
O43491	534	234.0	462.0	observed
O43491	768	234.0	696.0	observed
O43497	17	2105.0	2111.0	observed
O43497	2122	6.0	9.0	observed
O43497	2128	3.0	4.0	observed
O43497	2131	1.0	3.0	observed
O43497	2132	1.0	4.0	observed
O43516	33	92.0	101.0	observed
O43516	125	9.0	24.0	observed
O43516	134	9.0	15.0	observed
O43516	149	15.0	24.0	observed
O43516	211	15.0	25.0	observed
O43516	226	10.0	15.0	observed
O43516	236	10.0	13.0	observed
O43516	249	9.0	13.0	observed
O43516	258	9.0	16.0	observed
O43516	274	5.0	16.0	observed
O43516	279	5.0	21.0	observed
O43516	415	78.0	136.0	observed
O43516	493	78.0	214.0	observed
O43520	1206	inf	inf	observed
O43541	75	inf	inf	observed
O43566	37	inf	inf	observed
O43572	2	7.0	inf	observed
O43572	9	7.0	inf	observed
O43593	574	inf	inf	observed
O43598	30	3.0	6.0	observed
O43598	33	3.0	3.0	observed
O43598	36	3.0	5.0	observed
O43598	41	5.0	7.0	observed
O43598	48	7.0	12.0	observed
O43598	65	17.0	24.0	observed
O43598	132	67.0	84.0	observed
O43638	116	8.0	inf	observed
O43638	124	8.0	inf	observed
O43657	160	inf	inf	observed
O43663	111	138.0	170.0	observed
O43663	249	32.0	138.0	observed
O43663	281	32.0	170.0	observed
O43663	474	1.0	193.0	observed
O43663	475	1.0	194.0	observed
O43665	4	7.0	inf	observed
O43665	11	7.0	inf	observed
O43670	468	9.0	inf	observed
O43670	477	9.0	inf	observed
O43678	8	inf	inf	observed
O43679	241	inf	inf	observed
O43681	326	inf	inf	observed
O43684	50	76.0	99.0	observed
O43684	126	23.0	60.0	observed
O43684	149	23.0	37.0	observed
O43684	186	37.0	60.0	observed
O43707	79	201.0	231.0	observed
O43707	280	30.0	39.0	observed
O43707	310	9.0	30.0	observed
O43707	319	9.0	39.0	observed
O43707	407	62.0	88.0	observed
O43707	469	62.0	150.0	observed
O43707	805	63.0	336.0	observed
O43707	868	63.0	399.0	observed
O43709	7	227.0	231.0	observed
O43709	234	4.0	7.0	observed
O43709	238	3.0	4.0	observed
O43709	241	1.0	3.0	observed
O43709	242	1.0	4.0	observed
O43715	21	inf	inf	observed
O43716	68	inf	inf	observed
O43719	17	190.0	292.0	observed
O43719	207	102.0	160.0	observed
O43719	309	58.0	71.0	observed
O43719	367	13.0	16.0	observed
O43719	380	3.0	4.0	observed
O43719	383	1.0	3.0	observed
O43719	384	1.0	4.0	observed
O43719	393	7.0	9.0	observed
O43719	400	7.0	16.0	observed
O43734	314	inf	inf	observed
O43760	18	inf	inf	observed
O43765	76	55.0	inf	observed
O43765	131	55.0	inf	observed
O43772	166	inf	inf	observed
O43776	90	34.0	361.0	observed
O43776	124	34.0	327.0	observed
O43776	451	327.0	361.0	observed
O43809	8	7.0	inf	observed
O43809	15	7.0	inf	observed
O43815	686	inf	inf	observed
O43818	10	112.0	133.0	observed
O43818	122	21.0	112.0	observed
O43818	143	21.0	133.0	observed
O43819	243	inf	inf	observed
O43823	109	79.0	81.0	observed
O43823	188	2.0	6.0	observed
O43823	190	2.0	4.0	observed
O43823	194	4.0	4.0	observed
O43823	198	4.0	8.0	observed
O43823	233	9.0	35.0	observed
O43823	242	9.0	35.0	observed
O43823	277	4.0	35.0	observed
O43823	281	4.0	39.0	observed
O43824	42	13.0	16.0	observed
O43824	55	3.0	13.0	observed
O43824	58	3.0	16.0	observed
O43824	166	76.0	81.0	observed
O43824	242	5.0	76.0	observed
O43824	247	5.0	81.0	observed
O43852	111	inf	inf	observed
O43865	249	169.0	280.0	observed
O43865	418	111.0	169.0	observed
O43865	529	111.0	280.0	observed
O43896	710	238.0	248.0	observed
O43896	948	10.0	15.0	observed
O43896	958	5.0	10.0	observed
O43896	963	5.0	5.0	observed
O43896	968	5.0	10.0	observed
O43896	1041	31.0	36.0	observed
O43896	1072	5.0	31.0	observed
O43896	1077	5.0	36.0	observed
O43900	7	3.0	inf	observed
O43900	10	3.0	inf	observed
O43924	23	inf	inf	observed
O43929	260	inf	inf	observed
O60216	554	1.0	5.0	observed
O60216	555	1.0	4.0	observed
O60216	559	4.0	5.0	observed
O60218	70	148.0	inf	observed
O60218	218	148.0	inf	observed
O60229	1036	1221.0	inf	observed
O60229	2257	1221.0	inf	observed
O60231	65	inf	inf	observed
O60232	44	inf	inf	observed
O60237	853	inf	inf	observed
O60241	1375	8.0	9.0	observed
O60241	1383	1.0	8.0	observed
O60241	1384	1.0	9.0	observed
O60244	1123	23.0	inf	observed
O60244	1146	23.0	inf	observed
O60264	616	358.0	428.0	observed
O60264	974	70.0	358.0	observed
O60264	1044	70.0	428.0	observed
O60269	119	7.0	12.0	observed
O60269	126	5.0	7.0	observed
O60269	131	5.0	12.0	observed
O60271	474	65.0	inf	observed
O60271	539	65.0	inf	observed
O60279	235	inf	inf	observed
O60282	692	19.0	211.0	observed
O60282	711	19.0	192.0	observed
O60282	903	192.0	211.0	observed
O60285	284	inf	inf	observed
O60293	55	1.0	7.0	observed
O60293	56	1.0	6.0	observed
O60293	62	6.0	7.0	observed
O60293	84	11.0	15.0	observed
O60293	95	4.0	10.0	observed
O60293	99	4.0	6.0	observed
O60293	105	6.0	10.0	observed
O60293	118	13.0	18.0	observed
O60293	136	7.0	9.0	observed
O60293	143	2.0	7.0	observed
O60293	145	2.0	9.0	observed
O60294	9	inf	inf	observed
O60299	72	inf	inf	observed
O60307	878	14.0	inf	observed
O60307	892	14.0	inf	observed
O60313	733	91.0	inf	observed
O60313	824	91.0	inf	observed
O60318	331	118.0	inf	observed
O60318	449	118.0	inf	observed
O60331	459	inf	inf	observed
O60333	11	2.0	inf	observed
O60333	13	2.0	inf	observed
O60341	187	651.0	inf	observed
O60341	838	651.0	inf	observed
O60343	577	inf	inf	observed
O60346	96	inf	inf	observed
O60347	153	inf	inf	observed
O60462	507	54.0	inf	observed
O60462	561	54.0	inf	observed
O60469	1644	inf	inf	observed
O60477	358	inf	inf	observed
O60486	1127	1.0	inf	observed
O60486	1128	1.0	inf	observed
O60493	43	2.0	75.0	observed
O60493	45	2.0	73.0	observed
O60493	118	73.0	75.0	observed
O60494	1469	inf	inf	observed
O60504	594	inf	inf	observed
O60506	192	94.0	189.0	observed
O60506	286	94.0	95.0	observed
O60506	381	63.0	65.0	observed
O60506	444	2.0	4.0	observed
O60506	446	2.0	2.0	observed
O60506	448	2.0	3.0	observed
O60506	451	3.0	5.0	observed
O60506	478	18.0	20.0	observed
O60506	496	2.0	5.0	observed
O60506	498	2.0	3.0	observed
O60506	501	3.0	3.0	observed
O60506	504	3.0	6.0	observed
O60506	510	6.0	8.0	observed
O60506	518	2.0	8.0	observed
O60506	520	2.0	6.0	observed
O60506	526	6.0	7.0	observed
O60506	533	3.0	6.0	observed
O60506	536	3.0	3.0	observed
O60506	539	3.0	6.0	observed
O60506	557	8.0	18.0	observed
O60506	565	8.0	12.0	observed
O60506	577	1.0	12.0	observed
O60506	578	1.0	13.0	observed
O60508	431	1.0	inf	observed
O60508	432	1.0	inf	observed
O60518	819	inf	inf	observed
O60519	17	inf	inf	observed
O60547	55	inf	inf	observed
O60566	919	inf	inf	observed
O60568	76	335.0	inf	observed
O60568	411	335.0	inf	observed
O60573	231	10.0	inf	observed
O60573	241	10.0	inf	observed
O60610	12	3.0	inf	observed
O60610	15	3.0	inf	observed
O60613	125	inf	inf	observed
O60664	245	inf	inf	observed
O60678	178	22.0	inf	observed
O60678	200	22.0	inf	observed
O60683	136	6.0	inf	observed
O60683	142	6.0	inf	observed
O60684	28	100.0	inf	observed
O60684	128	100.0	inf	observed
O60716	101	141.0	148.0	observed
O60716	242	7.0	11.0	observed
O60716	249	4.0	7.0	observed
O60716	253	4.0	11.0	observed
O60716	649	5.0	86.0	observed
O60716	654	5.0	81.0	observed
O60716	735	81.0	86.0	observed
O60749	259	24.0	inf	observed
O60749	283	24.0	inf	observed
O60755	129	225.0	236.0	observed
O60755	354	11.0	225.0	observed
O60755	365	11.0	236.0	observed
O60760	193	inf	inf	observed
O60762	234	inf	inf	observed
O60763	5	24.0	34.0	observed
O60763	29	10.0	11.0	observed
O60763	39	1.0	10.0	observed
O60763	40	1.0	11.0	observed
O60763	670	630.0	631.0	observed
O60765	230	inf	inf	observed
O60813	248	inf	inf	observed
O60814	73	7.0	14.0	observed
O60814	80	7.0	7.0	observed
O60814	87	6.0	7.0	observed
O60814	93	6.0	7.0	observed
O60814	100	7.0	13.0	observed
O60828	10	204.0	inf	observed
O60828	214	204.0	inf	observed
O60829	12	inf	inf	observed
O60830	49	inf	inf	observed
O60841	715	inf	inf	observed
O60869	13	59.0	inf	observed
O60869	72	59.0	inf	observed
O60870	36	inf	inf	observed
O60880	109	inf	inf	observed
O60884	68	95.0	319.0	observed
O60884	163	95.0	224.0	observed
O60884	387	224.0	319.0	observed
O60885	179	2.0	4.0	observed
O60885	181	2.0	2.0	observed
O60885	183	2.0	4.0	observed
O60885	453	270.0	272.0	observed
O60907	14	4.0	inf	observed
O60907	18	4.0	inf	observed
O60930	52	123.0	127.0	observed
O60930	175	4.0	123.0	observed
O60930	179	4.0	127.0	observed
O60942	34	inf	inf	observed
O75023	69	inf	inf	observed
O75027	10	inf	inf	observed
O75030	330	inf	inf	observed
O75037	1201	inf	inf	observed
O75052	268	inf	inf	observed
O75061	95	inf	inf	observed
O75064	303	2.0	428.0	observed
O75064	305	2.0	426.0	observed
O75064	731	237.0	426.0	observed
O75064	968	237.0	663.0	observed
O75083	17	66.0	379.0	observed
O75083	83	66.0	313.0	observed
O75083	396	313.0	379.0	observed
O75096	1833	inf	inf	observed
O75112	165	inf	inf	observed
O75113	509	8.0	inf	observed
O75113	517	8.0	inf	observed
O75122	322	69.0	388.0	observed
O75122	391	69.0	319.0	observed
O75122	710	190.0	319.0	observed
O75122	900	190.0	509.0	observed
O75123	525	inf	inf	observed
O75127	235	inf	inf	observed
O75128	1150	8.0	inf	observed
O75128	1158	8.0	inf	observed
O75145	1114	1.0	inf	observed
O75145	1115	1.0	inf	observed
O75150	201	inf	inf	observed
O75152	193	5.0	314.0	observed
O75152	198	5.0	309.0	observed
O75152	507	309.0	314.0	observed
O75155	1087	inf	inf	observed
O75175	635	5.0	inf	observed
O75175	640	5.0	inf	observed
O75179	52	113.0	150.0	observed
O75179	165	37.0	113.0	observed
O75179	202	37.0	150.0	observed
O75179	1274	68.0	469.0	observed
O75179	1342	68.0	401.0	observed
O75179	1743	33.0	205.0	observed
O75179	1776	33.0	172.0	observed
O75179	1948	172.0	205.0	observed
O75179	2179	231.0	403.0	observed
O75182	19	6.0	inf	observed
O75182	25	6.0	inf	observed
O75190	135	inf	inf	observed
O75208	183	93.0	inf	observed
O75208	276	93.0	inf	observed
O75251	75	inf	inf	observed
O75306	118	148.0	205.0	observed
O75306	266	57.0	148.0	observed
O75306	323	57.0	205.0	observed
O75319	8	5.0	243.0	observed
O75319	13	5.0	238.0	observed
O75319	251	14.0	53.0	observed
O75319	265	14.0	39.0	observed
O75319	304	15.0	39.0	observed
O75319	319	15.0	54.0	observed
O75323	164	26.0	85.0	observed
O75323	190	26.0	59.0	observed
O75323	249	59.0	85.0	observed
O75326	207	inf	inf	observed
O75335	1133	inf	inf	observed
O75340	34	40.0	inf	observed
O75340	74	40.0	inf	observed
O75342	170	inf	inf	observed
O75347	98	inf	inf	observed
O75348	48	inf	inf	observed
O75367	27	219.0	inf	observed
O75367	246	219.0	inf	observed
O75369	36	226.0	919.0	observed
O75369	262	226.0	693.0	observed
O75369	955	14.0	483.0	observed
O75369	969	14.0	469.0	observed
O75369	1438	469.0	483.0	observed
O75369	2004	6.0	168.0	observed
O75369	2010	6.0	162.0	observed
O75369	2172	25.0	162.0	observed
O75369	2197	25.0	187.0	observed
O75376	67	298.0	497.0	observed
O75376	365	199.0	205.0	observed
O75376	564	6.0	8.0	observed
O75376	570	2.0	6.0	observed
O75376	572	2.0	8.0	observed
O75376	844	272.0	274.0	observed
O75376	1494	7.0	58.0	observed
O75376	1501	7.0	51.0	observed
O75376	1552	9.0	24.0	observed
O75376	1561	9.0	15.0	observed
O75376	1576	13.0	15.0	observed
O75376	1589	13.0	28.0	observed
O75376	1628	5.0	10.0	observed
O75376	1633	5.0	5.0	observed
O75376	1638	5.0	10.0	observed
O75376	1650	12.0	17.0	observed
O75376	1747	8.0	15.0	observed
O75376	1755	7.0	8.0	observed
O75376	1762	7.0	15.0	observed
O75381	351	inf	inf	observed
O75382	139	476.0	inf	observed
O75382	615	476.0	inf	observed
O75385	529	3.0	6.0	observed
O75385	532	3.0	3.0	observed
O75385	535	3.0	6.0	observed
O75390	183	inf	inf	observed
O75400	2	7.0	49.0	observed
O75400	9	7.0	42.0	observed
O75400	51	1.0	23.0	observed
O75400	52	1.0	22.0	observed
O75400	74	22.0	23.0	observed
O75400	789	715.0	737.0	observed
O75419	524	inf	inf	observed
O75420	267	9.0	inf	observed
O75420	276	9.0	inf	observed
O75431	248	inf	inf	observed
O75445	649	inf	inf	observed
O75449	148	inf	inf	observed
O75467	46	173.0	177.0	observed
O75467	219	4.0	173.0	observed
O75467	223	4.0	177.0	observed
O75475	182	inf	inf	observed
O75493	328	inf	inf	observed
O75494	15	7.0	36.0	observed
O75494	22	7.0	29.0	observed
O75494	51	11.0	22.0	observed
O75494	62	11.0	11.0	observed
O75494	73	11.0	17.0	observed
O75494	90	17.0	28.0	observed
O75525	113	74.0	80.0	observed
O75525	187	6.0	8.0	observed
O75525	193	2.0	6.0	observed
O75525	195	2.0	8.0	observed
O75525	204	2.0	9.0	observed
O75525	206	2.0	11.0	observed
O75525	220	6.0	12.0	observed
O75525	226	6.0	6.0	observed
O75525	232	5.0	6.0	observed
O75525	237	2.0	5.0	observed
O75525	239	2.0	6.0	observed
O75525	245	6.0	8.0	observed
O75525	339	6.0	94.0	observed
O75525	345	6.0	100.0	observed
O75526	49	101.0	227.0	observed
O75526	150	101.0	126.0	observed
O75526	276	126.0	227.0	observed
O75528	402	inf	inf	observed
O75531	37	23.0	38.0	observed
O75531	60	15.0	22.0	observed
O75531	75	7.0	15.0	observed
O75531	82	7.0	22.0	observed
O75533	231	84.0	87.0	observed
O75533	315	3.0	84.0	observed
O75533	318	3.0	87.0	observed
O75533	451	66.0	107.0	observed
O75533	517	41.0	66.0	observed
O75533	558	41.0	107.0	observed
O75533	939	106.0	241.0	observed
O75533	1045	106.0	135.0	observed
O75533	1180	135.0	241.0	observed
O75534	324	425.0	428.0	observed
O75534	749	3.0	425.0	observed
O75534	752	3.0	428.0	observed
O75581	1518	inf	inf	observed
O75592	405	3015.0	inf	observed
O75592	3420	3015.0	inf	observed
O75607	19	8.0	inf	observed
O75607	27	8.0	inf	observed
O75626	371	inf	inf	observed
O75638	57	inf	inf	observed
O75643	25	402.0	inf	observed
O75643	427	402.0	inf	observed
O75676	743	inf	inf	observed
O75694	723	inf	inf	observed
O75781	71	1.0	inf	observed
O75781	72	1.0	inf	observed
O75787	275	inf	inf	observed
O75791	184	49.0	inf	observed
O75791	233	49.0	inf	observed
O75792	266	20.0	25.0	observed
O75792	286	5.0	20.0	observed
O75792	291	5.0	25.0	observed
O75815	442	inf	inf	observed
O75817	8	inf	inf	observed
O75821	225	inf	inf	observed
O75822	38	inf	inf	observed
O75865	51	inf	inf	observed
O75882	1313	5.0	13.0	observed
O75882	1318	5.0	8.0	observed
O75882	1326	8.0	13.0	observed
O75884	152	inf	inf	observed
O75891	112	inf	inf	observed
O75896	9	25.0	inf	observed
O75896	34	25.0	inf	observed
O75909	575	5.0	inf	observed
O75909	580	5.0	inf	observed
O75911	48	inf	inf	observed
O75920	36	inf	inf	observed
O75923	79	inf	inf	observed
O75925	303	inf	inf	observed
O75935	75	inf	inf	observed
O75937	45	73.0	179.0	observed
O75937	118	73.0	106.0	observed
O75937	224	15.0	19.0	observed
O75937	239	4.0	15.0	observed
O75937	243	4.0	19.0	observed
O75940	184	inf	inf	observed
O75943	66	inf	inf	observed
O75955	274	1.0	inf	observed
O75955	275	1.0	inf	observed
O75962	1507	885.0	inf	observed
O75962	2392	885.0	inf	observed
O75969	249	inf	inf	observed
O75970	1170	13.0	inf	observed
O75970	1183	13.0	inf	observed
O75976	1027	2.0	inf	observed
O75976	1029	2.0	inf	observed
O76003	188	inf	inf	observed
O76021	160	inf	inf	observed
O76031	270	103.0	inf	observed
O76031	373	103.0	inf	observed
O76041	795	13.0	inf	observed
O76041	808	13.0	inf	observed
O76061	301	inf	inf	observed
O76071	41	175.0	inf	observed
O76071	216	175.0	inf	observed
O76080	169	inf	inf	observed
O76087	13	2.0	3.0	observed
O76087	15	1.0	2.0	observed
O76087	16	1.0	3.0	observed
O76093	71	1.0	inf	observed
O76093	72	1.0	inf	observed
O76094	90	inf	inf	observed
O77932	68	23.0	inf	observed
O77932	91	23.0	inf	observed
O94760	145	4.0	inf	observed
O94760	149	4.0	inf	observed
O94762	745	inf	inf	observed
O94776	160	9.0	28.0	observed
O94776	169	9.0	19.0	observed
O94776	188	19.0	28.0	observed
O94776	551	363.0	382.0	observed
O94782	14	inf	inf	observed
O94788	412	inf	inf	observed
O94804	11	432.0	715.0	observed
O94804	443	283.0	432.0	observed
O94804	726	283.0	715.0	observed
O94805	204	inf	inf	observed
O94819	542	inf	inf	observed
O94822	20	inf	inf	observed
O94826	69	2.0	20.0	observed
O94826	71	2.0	18.0	observed
O94826	89	18.0	20.0	observed
O94832	501	inf	inf	observed
O94842	421	60.0	inf	observed
O94842	481	60.0	inf	observed
O94855	278	inf	inf	observed
O94874	10	63.0	112.0	observed
O94874	73	49.0	63.0	observed
O94874	122	49.0	112.0	observed
O94874	433	311.0	360.0	observed
O94876	117	inf	inf	observed
O94885	920	inf	inf	observed
O94887	337	5.0	inf	observed
O94887	342	5.0	inf	observed
O94903	241	inf	inf	observed
O94906	23	8.0	24.0	observed
O94906	31	8.0	16.0	observed
O94906	47	16.0	24.0	observed
O94906	351	69.0	113.0	observed
O94906	420	44.0	69.0	observed
O94906	464	44.0	113.0	observed
O94906	660	43.0	196.0	observed
O94906	703	43.0	195.0	observed
O94906	898	195.0	238.0	observed
O94913	779	11.0	26.0	observed
O94913	790	11.0	15.0	observed
O94913	805	15.0	15.0	observed
O94913	820	13.0	15.0	observed
O94913	833	13.0	14.0	observed
O94913	847	8.0	14.0	observed
O94913	855	8.0	9.0	observed
O94913	864	9.0	13.0	observed
O94913	877	5.0	13.0	observed
O94913	882	5.0	8.0	observed
O94913	890	8.0	13.0	observed
O94913	903	5.0	13.0	observed
O94913	908	5.0	8.0	observed
O94913	916	8.0	13.0	observed
O94913	929	13.0	13.0	observed
O94913	942	13.0	13.0	observed
O94913	955	13.0	13.0	observed
O94913	968	13.0	13.0	observed
O94913	981	13.0	13.0	observed
O94913	994	13.0	13.0	observed
O94913	1007	12.0	13.0	observed
O94913	1019	11.0	12.0	observed
O94913	1030	8.0	11.0	observed
O94913	1038	8.0	13.0	observed
O94913	1051	11.0	13.0	observed
O94913	1062	3.0	11.0	observed
O94913	1065	3.0	9.0	observed
O94913	1074	9.0	12.0	observed
O94913	1086	7.0	12.0	observed
O94913	1093	7.0	11.0	observed
O94913	1104	11.0	11.0	observed
O94913	1115	11.0	22.0	observed
O94913	1329	214.0	225.0	observed
O94915	1943	inf	inf	observed
O94925	387	inf	inf	observed
O94941	451	inf	inf	observed
O94964	82	5.0	inf	observed
O94964	87	5.0	inf	observed
O94966	737	73.0	inf	observed
O94966	810	73.0	inf	observed
O94973	21	548.0	inf	observed
O94973	569	548.0	inf	observed
O94979	411	75.0	483.0	observed
O94979	486	75.0	408.0	observed
O94979	894	408.0	483.0	observed
O94989	105	inf	inf	observed
O94992	146	127.0	185.0	observed
O94992	273	58.0	74.0	observed
O94992	331	16.0	58.0	observed
O94992	347	16.0	74.0	observed
O95049	518	inf	inf	observed
O95071	23	55.0	123.0	observed
O95071	78	55.0	68.0	observed
O95071	146	68.0	123.0	observed
O95071	977	7.0	20.0	observed
O95071	984	7.0	13.0	observed
O95071	997	13.0	20.0	observed
O95071	2353	1356.0	1369.0	observed
O95104	87	801.0	830.0	observed
O95104	888	29.0	49.0	observed
O95104	917	20.0	23.0	observed
O95104	937	3.0	20.0	observed
O95104	940	3.0	23.0	observed
O95104	1086	146.0	149.0	observed
O95140	343	inf	inf	observed
O95147	4	7.0	13.0	observed
O95147	11	6.0	7.0	observed
O95147	17	6.0	13.0	observed
O95154	21	inf	inf	observed
O95155	13	123.0	124.0	observed
O95155	136	1.0	123.0	observed
O95155	137	1.0	124.0	observed
O95166	28	inf	inf	observed
O95168	31	92.0	inf	observed
O95168	123	92.0	inf	observed
O95169	170	inf	inf	observed
O95182	12	inf	inf	observed
O95197	754	inf	inf	observed
O95202	307	86.0	inf	observed
O95202	393	86.0	inf	observed
O95208	170	inf	inf	observed
O95218	61	inf	inf	observed
O95219	247	inf	inf	observed
O95232	67	inf	inf	observed
O95239	438	333.0	inf	observed
O95239	771	333.0	inf	observed
O95249	47	2.0	18.0	observed
O95249	49	2.0	16.0	observed
O95249	65	16.0	18.0	observed
O95260	464	6.0	inf	observed
O95260	470	6.0	inf	observed
O95264	352	inf	inf	observed
O95278	325	inf	inf	observed
O95292	38	inf	inf	observed
O95297	151	inf	inf	observed
O95319	165	17.0	inf	observed
O95319	182	17.0	inf	observed
O95336	81	inf	inf	observed
O95340	37	374.0	inf	observed
O95340	411	374.0	inf	observed
O95352	420	inf	inf	observed
O95359	20	inf	inf	observed
O95373	11	inf	inf	observed
O95382	27	2.0	59.0	observed
O95382	29	2.0	57.0	observed
O95382	86	57.0	59.0	observed
O95400	176	5.0	inf	observed
O95400	181	5.0	inf	observed
O95425	1201	2.0	16.0	observed
O95425	1203	2.0	14.0	observed
O95425	1217	14.0	16.0	observed
O95428	908	inf	inf	observed
O95429	6	13.0	34.0	observed
O95429	19	13.0	21.0	observed
O95429	40	11.0	13.0	observed
O95429	51	2.0	11.0	observed
O95429	53	2.0	13.0	observed
O95429	108	2.0	55.0	observed
O95429	110	2.0	57.0	observed
O95429	185	16.0	52.0	observed
O95429	201	16.0	36.0	observed
O95429	237	36.0	52.0	observed
O95433	30	216.0	275.0	observed
O95433	246	59.0	75.0	observed
O95433	305	16.0	31.0	observed
O95433	321	15.0	16.0	observed
O95433	336	15.0	31.0	observed
O95450	695	inf	inf	observed
O95456	15	13.0	14.0	observed
O95456	28	1.0	7.0	observed
O95456	29	1.0	6.0	observed
O95456	35	6.0	7.0	observed
O95467	227	inf	inf	observed
O95476	231	inf	inf	observed
O95478	93	inf	inf	observed
O95479	301	4.0	inf	observed
O95479	305	4.0	inf	observed
O95486	88	19.0	134.0	observed
O95486	107	19.0	115.0	observed
O95486	222	10.0	115.0	observed
O95486	232	10.0	125.0	observed
O95490	743	inf	inf	observed
O95544	39	2.0	6.0	observed
O95544	41	2.0	4.0	observed
O95544	45	4.0	6.0	observed
O95551	266	inf	inf	observed
O95602	1191	2.0	407.0	observed
O95602	1193	2.0	405.0	observed
O95602	1598	1.0	109.0	observed
O95602	1599	1.0	108.0	observed
O95602	1707	108.0	109.0	observed
O95613	1710	1289.0	1555.0	observed
O95613	2999	266.0	268.0	observed
O95613	3265	2.0	266.0	observed
O95613	3267	2.0	268.0	observed
O95625	746	inf	inf	observed
O95628	475	8.0	22.0	observed
O95628	483	8.0	14.0	observed
O95628	497	8.0	14.0	observed
O95628	505	8.0	22.0	observed
O95630	14	241.0	402.0	observed
O95630	255	161.0	169.0	observed
O95630	416	8.0	161.0	observed
O95630	424	8.0	169.0	observed
O95639	235	inf	inf	observed
O95644	23	inf	inf	observed
O95671	72	inf	inf	observed
O95678	15	14.0	446.0	observed
O95678	29	14.0	432.0	observed
O95678	461	432.0	446.0	observed
O95685	3	inf	inf	observed
O95721	29	12.0	17.0	observed
O95721	41	5.0	12.0	observed
O95721	46	5.0	17.0	observed
O95747	287	164.0	inf	observed
O95747	451	164.0	inf	observed
O95749	278	inf	inf	observed
O95757	33	53.0	232.0	observed
O95757	86	53.0	179.0	observed
O95757	265	179.0	232.0	observed
O95782	21	549.0	inf	observed
O95782	570	549.0	inf	observed
O95785	1453	inf	inf	observed
O95793	98	10.0	17.0	observed
O95793	108	7.0	10.0	observed
O95793	115	7.0	17.0	observed
O95801	27	21.0	307.0	observed
O95801	48	21.0	286.0	observed
O95801	334	286.0	307.0	observed
O95810	299	inf	inf	observed
O95817	19	71.0	87.0	observed
O95817	90	16.0	31.0	observed
O95817	106	15.0	16.0	observed
O95817	121	2.0	12.0	observed
O95817	123	2.0	10.0	observed
O95817	133	6.0	10.0	observed
O95817	139	6.0	16.0	observed
O95817	203	15.0	55.0	observed
O95817	218	15.0	40.0	observed
O95817	258	3.0	9.0	observed
O95817	261	3.0	6.0	observed
O95817	267	6.0	9.0	observed
O95817	485	218.0	224.0	observed
O95819	546	inf	inf	observed
O95831	569	inf	inf	observed
O95835	243	9.0	16.0	observed
O95835	252	7.0	9.0	observed
O95835	259	7.0	16.0	observed
O95841	94	inf	inf	observed
O95847	69	inf	inf	observed
O95861	289	inf	inf	observed
O95873	12	200.0	inf	observed
O95873	212	200.0	inf	observed
O95886	46	878.0	inf	observed
O95886	924	878.0	inf	observed
O95900	49	2.0	82.0	observed
O95900	51	2.0	80.0	observed
O95900	131	11.0	15.0	observed
O95900	142	4.0	11.0	observed
O95900	146	4.0	15.0	observed
O95936	578	5.0	inf	observed
O95936	583	5.0	inf	observed
O95948	79	inf	inf	observed
O95954	381	18.0	43.0	observed
O95954	399	18.0	25.0	observed
O95954	424	12.0	21.0	observed
O95954	436	9.0	12.0	observed
O95954	445	9.0	21.0	observed
O95983	226	10.0	inf	observed
O95983	236	10.0	inf	observed
O95985	824	5.0	11.0	observed
O95985	829	5.0	6.0	observed
O95985	835	6.0	11.0	observed
O95996	1427	4.0	inf	observed
O95996	1431	4.0	inf	observed
O96000	103	33.0	44.0	observed
O96000	136	11.0	33.0	observed
O96000	147	11.0	44.0	observed
O96013	126	128.0	215.0	observed
O96013	254	87.0	128.0	observed
O96013	341	87.0	215.0	observed
O96018	517	inf	inf	observed
P00167	52	inf	inf	observed
P00338	73	84.0	96.0	observed
P00338	157	12.0	84.0	observed
P00338	169	12.0	96.0	observed
P00338	269	46.0	100.0	observed
P00338	315	46.0	146.0	observed
P00352	68	17.0	inf	observed
P00352	85	17.0	inf	observed
P00367	76	420.0	inf	observed
P00367	496	420.0	inf	observed
P00374	29	4.0	inf	observed
P00374	33	4.0	inf	observed
P00390	522	inf	inf	observed
P00403	82	inf	inf	observed
P00441	80	64.0	inf	observed
P00441	144	64.0	inf	observed
P00491	168	3.0	inf	observed
P00491	171	3.0	inf	observed
P00492	45	3.0	56.0	observed
P00492	48	3.0	53.0	observed
P00492	101	53.0	56.0	observed
P00533	165	57.0	59.0	observed
P00533	222	2.0	57.0	observed
P00533	224	2.0	59.0	observed
P00533	1199	975.0	977.0	observed
P00558	39	27.0	84.0	observed
P00558	66	27.0	57.0	observed
P00558	123	57.0	83.0	observed
P00558	206	83.0	140.0	observed
P00558	365	159.0	242.0	observed
P00568	107	inf	inf	observed
P00746	192	inf	inf	observed
P00748	466	127.0	inf	observed
P00748	593	127.0	inf	observed
P00966	153	4.0	119.0	observed
P00966	157	4.0	115.0	observed
P00966	272	115.0	119.0	observed
P01023	895	inf	inf	observed
P01570	45	1.0	inf	observed
P01570	46	1.0	inf	observed
P01718	79	inf	inf	observed
P01857	138	inf	inf	observed
P01889	59	27.0	76.0	observed
P01889	86	27.0	49.0	observed
P01889	135	20.0	49.0	observed
P01889	155	20.0	69.0	observed
P02458	1190	inf	inf	observed
P02489	21	inf	inf	observed
P02511	22	28.0	52.0	observed
P02511	50	24.0	28.0	observed
P02511	74	24.0	52.0	observed
P02538	16	8.0	24.0	observed
P02538	24	8.0	16.0	observed
P02538	40	2.0	16.0	observed
P02538	42	2.0	17.0	observed
P02538	59	17.0	19.0	observed
P02538	369	106.0	310.0	observed
P02538	475	106.0	416.0	observed
P02545	41	7.0	19.0	observed
P02545	48	7.0	12.0	observed
P02545	60	12.0	19.0	observed
P02545	166	23.0	50.0	observed
P02545	189	23.0	27.0	observed
P02545	216	27.0	33.0	observed
P02545	249	33.0	60.0	observed
P02545	386	137.0	170.0	observed
P02545	644	258.0	395.0	observed
P02686	241	inf	inf	observed
P02708	46	inf	inf	observed
P02765	143	inf	inf	observed
P02768	34	134.0	247.0	observed
P02768	168	113.0	134.0	observed
P02768	281	113.0	171.0	observed
P02768	452	171.0	284.0	observed
P02786	22	5.0	inf	observed
P02786	27	5.0	inf	observed
P02794	64	inf	inf	observed
P03372	260	17.0	inf	observed
P03372	277	17.0	inf	observed
P03915	535	inf	inf	observed
P03952	604	1.0	inf	observed
P03952	605	1.0	inf	observed
P04040	47	inf	inf	observed
P04049	223	8.0	inf	observed
P04049	231	8.0	inf	observed
P04053	245	inf	inf	observed
P04075	43	13.0	14.0	observed
P04075	56	1.0	4.0	observed
P04075	57	1.0	3.0	observed
P04075	60	3.0	4.0	observed
P04075	69	9.0	12.0	observed
P04075	134	39.0	65.0	observed
P04075	173	39.0	85.0	observed
P04075	258	1.0	85.0	observed
P04075	259	1.0	86.0	observed
P04080	68	inf	inf	observed
P04083	124	20.0	inf	observed
P04083	144	20.0	inf	observed
P04114	567	inf	inf	observed
P04150	34	inf	inf	observed
P04181	426	inf	inf	observed
P04183	70	inf	inf	observed
P04198	65	173.0	177.0	observed
P04198	238	4.0	173.0	observed
P04198	242	4.0	177.0	observed
P04259	16	8.0	26.0	observed
P04259	24	8.0	18.0	observed
P04259	42	17.0	18.0	observed
P04259	59	17.0	35.0	observed
P04259	475	416.0	433.0	observed
P04264	82	436.0	520.0	observed
P04264	518	84.0	98.0	observed
P04264	602	14.0	84.0	observed
P04264	616	14.0	98.0	observed
P04350	2	154.0	inf	observed
P04350	156	154.0	inf	observed
P04406	13	67.0	105.0	observed
P04406	80	38.0	67.0	observed
P04406	118	38.0	82.0	observed
P04406	200	82.0	120.0	observed
P04406	323	123.0	205.0	observed
P04439	135	20.0	inf	observed
P04439	155	20.0	inf	observed
P04632	60	39.0	42.0	observed
P04632	99	3.0	39.0	observed
P04632	102	3.0	42.0	observed
P04637	110	99.0	103.0	observed
P04637	209	4.0	81.0	observed
P04637	213	4.0	77.0	observed
P04637	290	43.0	45.0	observed
P04637	333	2.0	4.0	observed
P04637	335	2.0	2.0	observed
P04637	337	2.0	4.0	observed
P04792	5	7.0	15.0	observed
P04792	12	7.0	8.0	observed
P04792	20	7.0	8.0	observed
P04792	27	7.0	10.0	observed
P04792	37	10.0	17.0	observed
P04792	56	19.0	29.0	observed
P04792	89	33.0	52.0	observed
P04818	11	inf	inf	observed
P04843	65	482.0	inf	observed
P04843	547	482.0	inf	observed
P04899	15	inf	inf	observed
P04908	21	9.0	61.0	observed
P04908	30	9.0	52.0	observed
P04908	82	7.0	18.0	observed
P04908	89	7.0	11.0	observed
P04908	100	11.0	18.0	observed
P04920	57	inf	inf	observed
P05023	61	137.0	143.0	observed
P05023	198	6.0	66.0	observed
P05023	204	6.0	60.0	observed
P05023	264	60.0	66.0	observed
P05023	517	253.0	313.0	observed
P05023	911	394.0	647.0	observed
P05026	118	inf	inf	observed
P05067	468	inf	inf	observed
P05089	205	17.0	inf	observed
P05089	222	17.0	inf	observed
P05091	147	25.0	195.0	observed
P05091	172	25.0	170.0	observed
P05091	342	170.0	195.0	observed
P05141	60	80.0	95.0	observed
P05141	140	15.0	80.0	observed
P05141	155	15.0	95.0	observed
P05155	4	inf	inf	observed
P05166	22	inf	inf	observed
P05198	133	133.0	155.0	observed
P05198	266	22.0	133.0	observed
P05198	288	22.0	155.0	observed
P05387	38	inf	inf	observed
P05388	6	60.0	106.0	observed
P05388	66	46.0	60.0	observed
P05388	112	46.0	106.0	observed
P05423	17	7.0	12.0	observed
P05423	24	5.0	6.0	observed
P05423	29	1.0	5.0	observed
P05423	30	1.0	6.0	observed
P05423	90	5.0	7.0	observed
P05423	95	2.0	4.0	observed
P05423	97	2.0	2.0	observed
P05423	99	2.0	4.0	observed
P05455	266	inf	inf	observed
P05556	174	inf	inf	observed
P05783	14	13.0	31.0	observed
P05783	27	13.0	18.0	observed
P05783	45	5.0	10.0	observed
P05783	50	5.0	5.0	observed
P05783	55	5.0	10.0	observed
P05783	90	7.0	35.0	observed
P05783	97	7.0	42.0	observed
P05783	429	332.0	339.0	observed
P05787	18	5.0	14.0	observed
P05787	23	5.0	9.0	observed
P05787	32	8.0	9.0	observed
P05787	40	7.0	8.0	observed
P05787	47	7.0	15.0	observed
P05787	133	86.0	93.0	observed
P05787	273	2.0	140.0	observed
P05787	275	2.0	142.0	observed
P05813	137	inf	inf	observed
P06213	1116	3.0	inf	observed
P06213	1119	3.0	inf	observed
P06280	402	inf	inf	observed
P06307	35	inf	inf	observed
P06396	397	inf	inf	observed
P06400	775	12.0	23.0	observed
P06400	787	11.0	12.0	observed
P06400	798	11.0	23.0	observed
P06400	857	59.0	70.0	observed
P06454	90	inf	inf	observed
P06576	109	12.0	46.0	observed
P06576	121	12.0	34.0	observed
P06576	155	34.0	46.0	observed
P06576	239	84.0	118.0	observed
P06576	422	183.0	267.0	observed
P06730	173	inf	inf	observed
P06732	215	inf	inf	observed
P06733	9	6.0	41.0	observed
P06733	15	6.0	35.0	observed
P06733	50	6.0	35.0	observed
P06733	56	6.0	41.0	observed
P06733	179	4.0	74.0	observed
P06733	183	4.0	70.0	observed
P06733	253	70.0	74.0	observed
P06733	372	40.0	119.0	observed
P06733	412	40.0	159.0	observed
P06737	82	166.0	305.0	observed
P06737	248	139.0	166.0	observed
P06737	387	27.0	139.0	observed
P06737	414	27.0	166.0	observed
P06737	771	45.0	357.0	observed
P06737	816	45.0	402.0	observed
P06744	66	40.0	372.0	observed
P06744	106	40.0	332.0	observed
P06744	438	332.0	372.0	observed
P06746	83	69.0	175.0	observed
P06746	152	69.0	106.0	observed
P06746	258	106.0	175.0	observed
P06748	13	32.0	88.0	observed
P06748	45	32.0	56.0	observed
P06748	101	56.0	88.0	observed
P06748	197	96.0	152.0	observed
P06753	161	18.0	inf	observed
P06753	179	18.0	inf	observed
P06899	73	7.0	14.0	observed
P06899	80	7.0	7.0	observed
P06899	87	6.0	7.0	observed
P06899	93	6.0	7.0	observed
P06899	100	7.0	13.0	observed
P07093	82	inf	inf	observed
P07195	158	12.0	14.0	observed
P07195	170	2.0	12.0	observed
P07195	172	2.0	14.0	observed
P07196	23	7.0	14.0	observed
P07196	30	7.0	7.0	observed
P07196	37	7.0	14.0	observed
P07196	55	18.0	25.0	observed
P07197	21	5.0	21.0	observed
P07197	26	5.0	16.0	observed
P07197	42	12.0	16.0	observed
P07197	54	12.0	28.0	observed
P07197	111	57.0	69.0	observed
P07197	382	271.0	328.0	observed
P07203	178	inf	inf	observed
P07237	78	19.0	28.0	observed
P07237	97	9.0	19.0	observed
P07237	106	9.0	28.0	observed
P07237	338	114.0	232.0	observed
P07237	452	114.0	346.0	observed
P07320	10	5.0	inf	observed
P07320	15	5.0	inf	observed
P07355	77	102.0	inf	observed
P07355	179	102.0	inf	observed
P07384	46	inf	inf	observed
P07437	46	75.0	116.0	observed
P07437	121	41.0	75.0	observed
P07437	162	41.0	114.0	observed
P07437	276	6.0	42.0	observed
P07437	282	6.0	36.0	observed
P07437	318	2.0	36.0	observed
P07437	320	2.0	38.0	observed
P07602	27	394.0	inf	observed
P07602	421	394.0	inf	observed
P07686	512	inf	inf	observed
P07737	56	inf	inf	observed
P07738	141	38.0	inf	observed
P07738	179	38.0	inf	observed
P07741	48	9.0	inf	observed
P07741	57	9.0	inf	observed
P07814	454	10.0	698.0	observed
P07814	464	10.0	688.0	observed
P07814	1152	126.0	358.0	observed
P07814	1278	126.0	232.0	observed
P07814	1510	232.0	358.0	observed
P07864	169	100.0	inf	observed
P07864	269	100.0	inf	observed
P07900	60	122.0	141.0	observed
P07900	182	19.0	20.0	observed
P07900	201	1.0	19.0	observed
P07900	202	1.0	20.0	observed
P07900	299	46.0	47.0	observed
P07900	345	1.0	10.0	observed
P07900	346	1.0	9.0	observed
P07900	355	9.0	10.0	observed
P07900	386	31.0	40.0	observed
P07900	464	46.0	48.0	observed
P07900	510	2.0	46.0	observed
P07900	512	2.0	48.0	observed
P07900	620	27.0	108.0	observed
P07900	647	27.0	135.0	observed
P07910	61	3.0	38.0	observed
P07910	64	3.0	35.0	observed
P07910	99	31.0	35.0	observed
P07910	130	5.0	12.0	observed
P07910	135	5.0	7.0	observed
P07910	142	7.0	9.0	observed
P07910	151	9.0	9.0	observed
P07910	160	9.0	18.0	observed
P07942	1315	inf	inf	observed
P07954	87	256.0	inf	observed
P07954	343	256.0	inf	observed
P07996	189	inf	inf	observed
P08069	471	9.0	inf	observed
P08069	480	9.0	inf	observed
P08133	11	248.0	488.0	observed
P08133	259	240.0	248.0	observed
P08133	499	139.0	140.0	observed
P08133	638	1.0	139.0	observed
P08133	639	1.0	140.0	observed
P08151	161	354.0	436.0	observed
P08151	515	82.0	354.0	observed
P08151	597	82.0	436.0	observed
P08195	423	79.0	101.0	observed
P08195	502	22.0	79.0	observed
P08195	524	22.0	101.0	observed
P08237	301	9.0	14.0	observed
P08237	310	5.0	9.0	observed
P08237	315	5.0	14.0	observed
P08237	673	358.0	363.0	observed
P08238	55	27.0	122.0	observed
P08238	82	27.0	95.0	observed
P08238	177	19.0	20.0	observed
P08238	196	1.0	19.0	observed
P08238	197	1.0	20.0	observed
P08238	291	94.0	95.0	observed
P08238	448	27.0	54.0	observed
P08238	475	27.0	27.0	observed
P08238	502	4.0	27.0	observed
P08238	506	4.0	31.0	observed
P08238	612	27.0	106.0	observed
P08238	639	27.0	133.0	observed
P08240	41	inf	inf	observed
P08243	407	10.0	42.0	observed
P08243	417	10.0	32.0	observed
P08243	449	32.0	42.0	observed
P08243	519	5.0	70.0	observed
P08243	524	5.0	75.0	observed
P08294	176	inf	inf	observed
P08397	149	inf	inf	observed
P08519	2016	9.0	inf	observed
P08519	2025	9.0	inf	observed
P08559	245	inf	inf	observed
P08574	111	1.0	inf	observed
P08574	112	1.0	inf	observed
P08588	357	inf	inf	observed
P08621	180	2.0	21.0	observed
P08621	182	2.0	19.0	observed
P08621	201	19.0	21.0	observed
P08621	274	36.0	73.0	observed
P08621	310	36.0	79.0	observed
P08621	389	4.0	79.0	observed
P08621	393	4.0	83.0	observed
P08651	345	9.0	20.0	observed
P08651	354	9.0	11.0	observed
P08651	365	11.0	20.0	observed
P08651	395	30.0	41.0	observed
P08651	451	56.0	86.0	observed
P08670	4	8.0	9.0	observed
P08670	12	1.0	8.0	observed
P08670	13	1.0	9.0	observed
P08670	23	5.0	10.0	observed
P08670	28	5.0	8.0	observed
P08670	36	8.0	9.0	observed
P08670	45	5.0	9.0	observed
P08670	50	5.0	14.0	observed
P08670	64	5.0	7.0	observed
P08670	69	2.0	5.0	observed
P08670	71	2.0	7.0	observed
P08670	113	42.0	44.0	observed
P08670	158	26.0	45.0	observed
P08670	184	23.0	26.0	observed
P08670	207	23.0	49.0	observed
P08670	310	103.0	126.0	observed
P08684	158	3.0	inf	observed
P08684	161	3.0	inf	observed
P08708	23	inf	inf	observed
P08727	7	17.0	25.0	observed
P08727	24	8.0	17.0	observed
P08727	32	8.0	11.0	observed
P08727	43	8.0	11.0	observed
P08727	51	8.0	19.0	observed
P08727	274	6.0	19.0	observed
P08727	280	6.0	13.0	observed
P08727	293	13.0	19.0	observed
P08727	372	79.0	92.0	observed
P08729	13	7.0	12.0	observed
P08729	20	5.0	7.0	observed
P08729	25	5.0	5.0	observed
P08729	30	5.0	10.0	observed
P08729	46	2.0	6.0	observed
P08729	48	2.0	4.0	observed
P08729	52	4.0	6.0	observed
P08729	64	12.0	13.0	observed
P08729	77	13.0	25.0	observed
P08729	329	34.0	129.0	observed
P08729	363	34.0	95.0	observed
P08729	458	6.0	95.0	observed
P08729	464	6.0	101.0	observed
P08754	144	17.0	inf	observed
P08754	161	17.0	inf	observed
P08758	6	12.0	19.0	observed
P08758	18	7.0	12.0	observed
P08758	25	7.0	19.0	observed
P08758	285	260.0	267.0	observed
P08865	120	60.0	inf	observed
P08865	180	60.0	inf	observed
P08F94	2286	inf	inf	observed
P09012	152	inf	inf	observed
P09016	177	inf	inf	observed
P09017	79	100.0	inf	observed
P09017	179	100.0	inf	observed
P09038	82	2.0	4.0	observed
P09038	84	2.0	2.0	observed
P09038	86	2.0	4.0	observed
P09038	96	2.0	10.0	observed
P09038	98	2.0	10.0	observed
P09038	108	2.0	4.0	observed
P09038	110	2.0	2.0	observed
P09038	112	2.0	4.0	observed
P09038	118	6.0	6.0	observed
P09038	124	3.0	6.0	observed
P09038	127	3.0	9.0	observed
P09067	217	inf	inf	observed
P09086	309	inf	inf	observed
P09104	50	inf	inf	observed
P09132	14	inf	inf	observed
P09211	12	2.0	inf	observed
P09211	14	2.0	inf	observed
P09234	123	inf	inf	observed
P09417	11	1.0	inf	observed
P09417	12	1.0	inf	observed
P09429	24	73.0	inf	observed
P09429	97	73.0	inf	observed
P09488	43	inf	inf	observed
P09493	160	inf	inf	observed
P09496	216	inf	inf	observed
P09525	270	inf	inf	observed
P09622	109	inf	inf	observed
P09629	160	inf	inf	observed
P09630	164	inf	inf	observed
P09651	14	17.0	39.0	observed
P09651	31	17.0	22.0	observed
P09651	53	2.0	22.0	observed
P09651	55	2.0	24.0	observed
P09651	88	33.0	34.0	observed
P09651	122	18.0	24.0	observed
P09651	140	6.0	18.0	observed
P09651	146	6.0	24.0	observed
P09651	178	16.0	18.0	observed
P09651	194	2.0	12.0	observed
P09651	196	2.0	10.0	observed
P09651	206	10.0	12.0	observed
P09651	218	7.0	12.0	observed
P09651	225	7.0	7.0	observed
P09651	232	7.0	14.0	observed
P09651	265	33.0	40.0	observed
P09651	336	16.0	34.0	observed
P09651	352	16.0	18.0	observed
P09651	370	1.0	18.0	observed
P09651	371	1.0	19.0	observed
P09661	27	inf	inf	observed
P09874	65	13.0	91.0	observed
P09874	78	13.0	78.0	observed
P09874	156	78.0	91.0	observed
P09874	282	73.0	126.0	observed
P09874	355	73.0	199.0	observed
P09874	582	197.0	224.0	observed
P09874	779	27.0	36.0	observed
P09874	806	9.0	27.0	observed
P09874	815	9.0	36.0	observed
P09874	878	63.0	72.0	observed
P09936	129	inf	inf	observed
P09972	134	160.0	inf	observed
P09972	294	160.0	inf	observed
P0C0L4	1498	inf	inf	observed
P0C0S5	23	9.0	69.0	observed
P0C0S5	32	9.0	60.0	observed
P0C0S5	92	60.0	69.0	observed
P0C0S8	4	17.0	26.0	observed
P0C0S8	21	9.0	17.0	observed
P0C0S8	30	9.0	26.0	observed
P0C0S8	82	7.0	52.0	observed
P0C0S8	89	7.0	59.0	observed
P0C1Z6	68	2.0	inf	observed
P0C1Z6	70	2.0	inf	observed
P0C221	468	inf	inf	observed
P0C7T5	381	283.0	inf	observed
P0C7T5	664	283.0	inf	observed
P0C7X2	234	22.0	25.0	observed
P0C7X2	256	3.0	22.0	observed
P0C7X2	259	3.0	25.0	observed
P0CG00	35	inf	inf	observed
P0CG12	5	4.0	6.0	observed
P0CG12	9	2.0	4.0	observed
P0CG12	11	2.0	6.0	observed
P0CG12	17	6.0	6.0	observed
P0CG12	23	6.0	12.0	observed
P0CG12	67	24.0	33.0	observed
P0CG12	91	9.0	23.0	observed
P0CG12	100	9.0	14.0	observed
P0CG12	114	14.0	18.0	observed
P0CG12	132	14.0	18.0	observed
P0CG12	146	14.0	14.0	observed
P0CG12	160	12.0	14.0	observed
P0CG12	172	12.0	14.0	observed
P0CG12	186	14.0	15.0	observed
P0CG12	201	13.0	15.0	observed
P0CG12	214	11.0	13.0	observed
P0CG12	225	11.0	14.0	observed
P0CG12	239	13.0	14.0	observed
P0CG12	252	13.0	14.0	observed
P0CG12	266	14.0	14.0	observed
P0CG12	280	14.0	28.0	observed
P0CG12	308	14.0	28.0	observed
P0CG12	322	14.0	14.0	observed
P0CG12	336	14.0	14.0	observed
P0CG12	350	14.0	14.0	observed
P0CG12	364	14.0	23.0	observed
P0CG12	387	14.0	23.0	observed
P0CG12	401	14.0	14.0	observed
P0CG12	415	14.0	14.0	observed
P0CG12	429	14.0	28.0	observed
P0CG12	480	14.0	28.0	observed
P0CG12	494	14.0	14.0	observed
P0CG12	508	14.0	28.0	observed
P0CG38	728	119.0	inf	observed
P0CG38	847	119.0	inf	observed
P0CG39	691	119.0	inf	observed
P0CG39	810	119.0	inf	observed
P0CJ78	164	inf	inf	observed
P0CL80	13	2.0	3.0	observed
P0CL80	15	1.0	2.0	observed
P0CL80	16	1.0	3.0	observed
P0CL81	13	2.0	3.0	observed
P0CL81	15	1.0	2.0	observed
P0CL81	16	1.0	3.0	observed
P0CL82	13	2.0	3.0	observed
P0CL82	15	1.0	2.0	observed
P0CL82	16	1.0	3.0	observed
P0DI83	24	2.0	9.0	observed
P0DI83	26	2.0	7.0	observed
P0DI83	33	2.0	7.0	observed
P0DI83	35	2.0	7.0	observed
P0DI83	42	2.0	7.0	observed
P0DI83	44	2.0	8.0	observed
P0DI83	52	8.0	10.0	observed
P0DI83	62	2.0	9.0	observed
P0DI83	64	2.0	7.0	observed
P0DI83	71	7.0	9.0	observed
P0DI83	98	11.0	27.0	observed
P0DI83	109	11.0	16.0	observed
P0DI83	125	16.0	27.0	observed
P0DI83	178	5.0	8.0	observed
P0DI83	183	3.0	5.0	observed
P0DI83	186	3.0	8.0	observed
P0DJD0	875	inf	inf	observed
P0DJD1	883	inf	inf	observed
P0DMQ5	11	inf	inf	observed
P0DMV8	49	138.0	187.0	observed
P0DMV8	187	49.0	138.0	observed
P0DMV8	236	49.0	180.0	observed
P0DMV8	416	42.0	53.0	observed
P0DMV8	458	11.0	42.0	observed
P0DMV8	469	11.0	53.0	observed
P0DMV9	416	53.0	inf	observed
P0DMV9	469	53.0	inf	observed
P0DP23	38	49.0	53.0	observed
P0DP23	87	4.0	20.0	observed
P0DP23	91	4.0	16.0	observed
P0DP23	107	16.0	20.0	observed
P0DP25	127	inf	inf	observed
P0DPH7	221	inf	inf	observed
P0DPH8	79	42.0	inf	observed
P0DPH8	121	42.0	inf	observed
P0DPI2	111	77.0	inf	observed
P0DPI2	188	77.0	inf	observed
P0DTW1	13	2.0	3.0	observed
P0DTW1	15	1.0	2.0	observed
P0DTW1	16	1.0	3.0	observed
P10070	131	15.0	759.0	observed
P10070	146	15.0	744.0	observed
P10070	890	20.0	24.0	observed
P10070	910	4.0	6.0	observed
P10070	914	2.0	4.0	observed
P10070	916	2.0	6.0	observed
P10070	933	6.0	17.0	observed
P10070	939	6.0	23.0	observed
P10070	1005	3.0	16.0	observed
P10070	1008	3.0	13.0	observed
P10070	1021	13.0	16.0	observed
P10070	1098	10.0	77.0	observed
P10070	1108	10.0	87.0	observed
P10070	1208	100.0	110.0	observed
P10070	1387	10.0	179.0	observed
P10070	1397	10.0	189.0	observed
P10071	175	45.0	848.0	observed
P10071	220	45.0	803.0	observed
P10071	1023	803.0	848.0	observed
P10074	602	inf	inf	observed
P10075	125	15.0	inf	observed
P10075	140	15.0	inf	observed
P10109	149	inf	inf	observed
P10155	69	inf	inf	observed
P10242	457	8.0	inf	observed
P10242	465	8.0	inf	observed
P10244	687	8.0	inf	observed
P10244	695	8.0	inf	observed
P10253	456	7.0	8.0	observed
P10253	463	1.0	7.0	observed
P10253	464	1.0	8.0	observed
P10275	20	741.0	inf	observed
P10275	761	741.0	inf	observed
P10301	11	2.0	4.0	observed
P10301	13	2.0	2.0	observed
P10301	15	2.0	4.0	observed
P10321	7	92.0	148.0	observed
P10321	99	56.0	92.0	observed
P10321	155	56.0	148.0	observed
P10412	25	8.0	29.0	observed
P10412	33	8.0	21.0	observed
P10412	54	21.0	29.0	observed
P10589	366	inf	inf	observed
P10644	342	26.0	inf	observed
P10644	368	26.0	inf	observed
P10768	86	inf	inf	observed
P10809	3	138.0	218.0	observed
P10809	141	80.0	138.0	observed
P10809	221	80.0	88.0	observed
P10809	309	88.0	168.0	observed
P11021	60	37.0	41.0	observed
P11021	97	4.0	37.0	observed
P11021	101	4.0	41.0	observed
P11021	197	96.0	100.0	observed
P11021	492	295.0	391.0	observed
P11047	677	425.0	inf	observed
P11047	1102	425.0	inf	observed
P11137	1552	inf	inf	observed
P11142	49	122.0	187.0	observed
P11142	171	65.0	122.0	observed
P11142	236	65.0	106.0	observed
P11142	342	106.0	127.0	observed
P11142	469	127.0	233.0	observed
P11161	257	36.0	inf	observed
P11161	293	36.0	inf	observed
P11171	77	449.0	inf	observed
P11171	526	449.0	inf	observed
P11172	155	304.0	inf	observed
P11172	459	304.0	inf	observed
P11177	49	inf	inf	observed
P11216	29	inf	inf	observed
P11217	11	inf	inf	observed
P11274	471	3.0	181.0	observed
P11274	474	3.0	178.0	observed
P11274	652	178.0	181.0	observed
P11310	349	inf	inf	observed
P11387	362	2.0	205.0	observed
P11387	364	2.0	203.0	observed
P11387	567	203.0	205.0	observed
P11388	324	349.0	491.0	observed
P11388	673	142.0	349.0	observed
P11388	815	142.0	211.0	observed
P11388	1026	189.0	192.0	observed
P11388	1215	3.0	189.0	observed
P11388	1218	3.0	192.0	observed
P11413	9	173.0	248.0	observed
P11413	182	75.0	103.0	observed
P11413	257	28.0	75.0	observed
P11413	285	28.0	103.0	observed
P11413	427	142.0	170.0	observed
P11487	32	12.0	13.0	observed
P11487	44	1.0	12.0	observed
P11487	45	1.0	13.0	observed
P11509	148	13.0	inf	observed
P11509	161	13.0	inf	observed
P11586	37	287.0	451.0	observed
P11586	324	164.0	171.0	observed
P11586	488	7.0	51.0	observed
P11586	495	7.0	44.0	observed
P11586	539	44.0	51.0	observed
P11717	7	703.0	2418.0	observed
P11717	710	703.0	1715.0	observed
P11717	2425	1715.0	2418.0	observed
P11802	101	inf	inf	observed
P11831	14	10.0	23.0	observed
P11831	24	10.0	13.0	observed
P11831	37	6.0	13.0	observed
P11831	43	6.0	19.0	observed
P11836	222	inf	inf	observed
P11908	18	166.0	186.0	observed
P11908	184	20.0	166.0	observed
P11908	204	20.0	186.0	observed
P11940	166	40.0	74.0	observed
P11940	206	34.0	40.0	observed
P11940	240	25.0	34.0	observed
P11940	265	25.0	44.0	observed
P11940	309	44.0	69.0	observed
P11940	385	5.0	34.0	observed
P11940	390	5.0	29.0	observed
P11940	419	13.0	17.0	observed
P11940	432	4.0	11.0	observed
P11940	436	4.0	7.0	observed
P11940	443	7.0	11.0	observed
P11940	455	5.0	12.0	observed
P11940	460	5.0	7.0	observed
P11940	467	7.0	8.0	observed
P11940	475	6.0	8.0	observed
P11940	481	6.0	12.0	observed
P11940	493	12.0	13.0	observed
P11940	506	12.0	13.0	observed
P11940	518	12.0	25.0	observed
P12004	5	56.0	141.0	observed
P12004	61	56.0	85.0	observed
P12004	146	64.0	85.0	observed
P12004	210	64.0	149.0	observed
P12035	46	38.0	67.0	observed
P12035	84	29.0	38.0	observed
P12035	113	29.0	67.0	observed
P12036	164	248.0	inf	observed
P12036	412	248.0	inf	observed
P12074	80	inf	inf	observed
P12235	138	2.0	inf	observed
P12235	140	2.0	inf	observed
P12236	31	29.0	107.0	observed
P12236	60	29.0	78.0	observed
P12236	138	2.0	17.0	observed
P12236	140	2.0	15.0	observed
P12236	155	15.0	17.0	observed
P12268	203	28.0	209.0	observed
P12268	231	28.0	181.0	observed
P12268	412	17.0	181.0	observed
P12268	429	17.0	198.0	observed
P12270	105	489.0	603.0	observed
P12270	594	114.0	174.0	observed
P12270	708	60.0	114.0	observed
P12270	768	60.0	174.0	observed
P12270	1535	121.0	549.0	observed
P12270	1656	121.0	428.0	observed
P12270	2084	22.0	27.0	observed
P12270	2106	5.0	22.0	observed
P12270	2111	5.0	21.0	observed
P12270	2132	21.0	26.0	observed
P12270	2163	2.0	31.0	observed
P12270	2165	2.0	33.0	observed
P12270	2327	6.0	10.0	observed
P12270	2333	4.0	6.0	observed
P12270	2337	4.0	6.0	observed
P12270	2343	2.0	6.0	observed
P12270	2345	2.0	8.0	observed
P12270	2354	5.0	9.0	observed
P12270	2359	5.0	14.0	observed
P12277	13	30.0	83.0	observed
P12277	43	30.0	53.0	observed
P12277	96	34.0	42.0	observed
P12277	130	8.0	34.0	observed
P12277	138	8.0	34.0	observed
P12277	172	34.0	37.0	observed
P12277	209	6.0	37.0	observed
P12277	215	6.0	43.0	observed
P12277	320	105.0	111.0	observed
P12532	157	152.0	192.0	observed
P12532	309	40.0	65.0	observed
P12532	349	25.0	40.0	observed
P12532	374	25.0	28.0	observed
P12532	402	5.0	28.0	observed
P12532	407	5.0	33.0	observed
P12694	117	inf	inf	observed
P12814	261	30.0	inf	observed
P12814	291	30.0	inf	observed
P12821	814	12.0	inf	observed
P12821	826	12.0	inf	observed
P12872	56	inf	inf	observed
P12882	1130	124.0	inf	observed
P12882	1254	124.0	inf	observed
P12955	196	37.0	inf	observed
P12955	233	37.0	inf	observed
P12956	194	36.0	50.0	observed
P12956	230	14.0	36.0	observed
P12956	244	14.0	50.0	observed
P12956	301	17.0	57.0	observed
P12956	318	17.0	74.0	observed
P12956	474	156.0	173.0	observed
P13010	141	499.0	inf	observed
P13010	640	499.0	inf	observed
P13051	76	inf	inf	observed
P13073	41	1.0	inf	observed
P13073	42	1.0	inf	observed
P13473	293	inf	inf	observed
P13591	130	inf	inf	observed
P13639	10	40.0	254.0	observed
P13639	50	40.0	214.0	observed
P13639	264	145.0	164.0	observed
P13639	409	19.0	86.0	observed
P13639	428	19.0	67.0	observed
P13639	495	31.0	67.0	observed
P13639	526	31.0	98.0	observed
P13639	698	18.0	28.0	observed
P13639	716	10.0	11.0	observed
P13639	726	1.0	10.0	observed
P13639	727	1.0	11.0	observed
P13639	739	12.0	13.0	observed
P13639	767	28.0	40.0	observed
P13646	27	8.0	260.0	observed
P13646	35	8.0	252.0	observed
P13646	287	2.0	252.0	observed
P13646	289	2.0	254.0	observed
P13647	480	inf	inf	observed
P13667	270	324.0	inf	observed
P13667	594	324.0	inf	observed
P13797	66	78.0	inf	observed
P13797	144	78.0	inf	observed
P13798	676	inf	inf	observed
P13804	169	54.0	inf	observed
P13804	223	54.0	inf	observed
P13807	472	inf	inf	observed
P13929	50	inf	inf	observed
P13984	37	inf	inf	observed
P13995	142	1.0	inf	observed
P13995	143	1.0	inf	observed
P14136	11	1.0	inf	observed
P14136	12	1.0	inf	observed
P14174	12	62.0	75.0	observed
P14174	74	13.0	15.0	observed
P14174	87	2.0	7.0	observed
P14174	89	2.0	5.0	observed
P14174	94	5.0	7.0	observed
P14314	177	inf	inf	observed
P14317	155	inf	inf	observed
P14543	320	103.0	inf	observed
P14543	423	103.0	inf	observed
P14618	32	60.0	223.0	observed
P14618	92	60.0	163.0	observed
P14618	255	23.0	64.0	observed
P14618	278	23.0	41.0	observed
P14618	319	41.0	64.0	observed
P14618	399	1.0	68.0	observed
P14618	400	1.0	67.0	observed
P14618	467	33.0	67.0	observed
P14618	500	33.0	100.0	observed
P14625	51	344.0	460.0	observed
P14625	395	116.0	162.0	observed
P14625	511	46.0	116.0	observed
P14625	557	46.0	133.0	observed
P14625	690	48.0	54.0	observed
P14625	738	6.0	48.0	observed
P14625	744	6.0	54.0	observed
P14649	78	inf	inf	observed
P14678	16	78.0	92.0	observed
P14678	94	14.0	18.0	observed
P14678	108	4.0	14.0	observed
P14678	112	4.0	18.0	observed
P14678	132	15.0	20.0	observed
P14678	147	15.0	25.0	observed
P14678	172	9.0	24.0	observed
P14678	181	9.0	15.0	observed
P14678	196	15.0	24.0	observed
P14678	221	7.0	15.0	observed
P14678	228	7.0	8.0	observed
P14678	236	3.0	8.0	observed
P14678	239	3.0	11.0	observed
P14735	774	64.0	inf	observed
P14735	838	64.0	inf	observed
P14866	46	10.0	61.0	observed
P14866	56	10.0	51.0	observed
P14866	107	51.0	61.0	observed
P14866	343	1.0	10.0	observed
P14866	344	1.0	9.0	observed
P14866	353	1.0	5.0	observed
P14866	354	1.0	4.0	observed
P14866	358	4.0	5.0	observed
P14866	398	36.0	40.0	observed
P14866	434	36.0	76.0	observed
P14868	43	4.0	20.0	observed
P14868	47	4.0	16.0	observed
P14868	63	2.0	16.0	observed
P14868	65	2.0	18.0	observed
P14868	188	123.0	125.0	observed
P14927	59	3.0	inf	observed
P14927	62	3.0	inf	observed
P15056	671	inf	inf	observed
P15121	218	15.0	inf	observed
P15121	233	15.0	inf	observed
P15153	163	11.0	inf	observed
P15153	174	11.0	inf	observed
P15259	90	inf	inf	observed
P15289	291	inf	inf	observed
P15291	204	inf	inf	observed
P15311	171	102.0	104.0	observed
P15311	273	2.0	102.0	observed
P15311	275	2.0	104.0	observed
P15311	393	42.0	43.0	observed
P15311	435	1.0	42.0	observed
P15311	436	1.0	43.0	observed
P15407	66	13.0	18.0	observed
P15407	79	5.0	13.0	observed
P15407	84	5.0	18.0	observed
P15498	422	inf	inf	observed
P15531	6	12.0	52.0	observed
P15531	18	12.0	40.0	observed
P15531	58	30.0	40.0	observed
P15531	88	30.0	70.0	observed
P15559	53	inf	inf	observed
P15586	255	inf	inf	observed
P15822	955	inf	inf	observed
P15863	48	3.0	280.0	observed
P15863	51	3.0	277.0	observed
P15863	328	277.0	280.0	observed
P15880	22	4.0	12.0	observed
P15880	26	4.0	8.0	observed
P15880	34	2.0	6.0	observed
P15880	36	2.0	4.0	observed
P15880	40	4.0	6.0	observed
P15880	167	60.0	112.0	observed
P15880	227	52.0	60.0	observed
P15880	279	52.0	112.0	observed
P15923	105	266.0	inf	observed
P15923	371	266.0	inf	observed
P15924	19	8.0	26.0	observed
P15924	27	8.0	18.0	observed
P15924	45	18.0	26.0	observed
P15924	866	176.0	375.0	observed
P15924	1042	176.0	199.0	observed
P15924	1241	183.0	199.0	observed
P15924	1424	183.0	304.0	observed
P15924	1728	7.0	304.0	observed
P15924	1735	7.0	311.0	observed
P15924	2083	348.0	355.0	observed
P15924	2826	4.0	8.0	observed
P15924	2830	4.0	4.0	observed
P15924	2834	4.0	8.0	observed
P15927	105	28.0	inf	observed
P15927	133	28.0	inf	observed
P15941	1217	inf	inf	observed
P16104	21	9.0	61.0	observed
P16104	30	9.0	52.0	observed
P16104	82	7.0	52.0	observed
P16104	89	7.0	59.0	observed
P16152	42	inf	inf	observed
P16220	300	inf	inf	observed
P16383	51	inf	inf	observed
P16402	34	21.0	inf	observed
P16402	55	21.0	inf	observed
P16403	54	inf	inf	observed
P16615	164	359.0	364.0	observed
P16615	523	5.0	26.0	observed
P16615	528	5.0	21.0	observed
P16615	549	21.0	26.0	observed
P16949	14	13.0	120.0	observed
P16949	27	13.0	107.0	observed
P16949	134	107.0	120.0	observed
P16989	133	36.0	41.0	observed
P16989	169	5.0	6.0	observed
P16989	174	1.0	2.0	observed
P16989	175	1.0	1.0	observed
P16989	176	1.0	2.0	observed
P16989	179	3.0	4.0	observed
P16989	185	1.0	5.0	observed
P16989	186	1.0	4.0	observed
P16989	190	4.0	5.0	observed
P16989	214	6.0	10.0	observed
P16989	220	4.0	5.0	observed
P16989	224	1.0	4.0	observed
P16989	225	1.0	4.0	observed
P16989	229	4.0	4.0	observed
P16989	233	2.0	3.0	observed
P16989	235	1.0	2.0	observed
P16989	236	1.0	3.0	observed
P16989	248	1.0	3.0	observed
P16989	249	1.0	2.0	observed
P16989	251	2.0	3.0	observed
P16989	258	7.0	9.0	observed
P16989	283	5.0	7.0	observed
P16989	288	2.0	4.0	observed
P16989	290	2.0	2.0	observed
P16989	292	2.0	2.0	observed
P16989	294	2.0	4.0	observed
P16989	298	2.0	4.0	observed
P16989	300	2.0	6.0	observed
P16989	326	1.0	4.0	observed
P16989	327	1.0	3.0	observed
P16989	330	1.0	3.0	observed
P16989	331	1.0	4.0	observed
P16989	336	1.0	2.0	observed
P16989	337	1.0	1.0	observed
P16989	338	1.0	2.0	observed
P16989	340	2.0	3.0	observed
P17028	56	215.0	inf	observed
P17028	271	215.0	inf	observed
P17029	305	inf	inf	observed
P17066	51	409.0	420.0	observed
P17066	460	11.0	35.0	observed
P17066	471	11.0	24.0	observed
P17066	495	24.0	35.0	observed
P17096	24	2.0	32.0	observed
P17096	26	2.0	30.0	observed
P17096	56	2.0	4.0	observed
P17096	58	2.0	2.0	observed
P17096	60	2.0	4.0	observed
P17096	73	8.0	11.0	observed
P17096	81	3.0	5.0	observed
P17096	84	2.0	3.0	observed
P17096	86	2.0	5.0	observed
P17174	330	inf	inf	observed
P17252	324	inf	inf	observed
P17301	612	inf	inf	observed
P17302	148	inf	inf	observed
P17482	93	3.0	90.0	observed
P17482	96	3.0	87.0	observed
P17482	183	87.0	90.0	observed
P17483	92	93.0	inf	observed
P17483	185	93.0	inf	observed
P17509	169	inf	inf	observed
P17540	350	inf	inf	observed
P17655	12	11.0	inf	observed
P17655	23	11.0	inf	observed
P17661	37	191.0	278.0	observed
P17661	228	87.0	158.0	observed
P17661	315	71.0	87.0	observed
P17661	386	71.0	158.0	observed
P17676	3	inf	inf	observed
P17812	81	124.0	295.0	observed
P17812	205	124.0	171.0	observed
P17812	376	13.0	101.0	observed
P17812	389	13.0	88.0	observed
P17812	477	88.0	93.0	observed
P17812	570	93.0	181.0	observed
P17844	8	2.0	4.0	observed
P17844	10	2.0	2.0	observed
P17844	12	2.0	2.0	observed
P17844	14	2.0	4.0	observed
P17844	20	5.0	6.0	observed
P17844	25	5.0	11.0	observed
P17844	67	10.0	42.0	observed
P17844	77	10.0	52.0	observed
P17844	192	71.0	78.0	observed
P17844	263	7.0	10.0	observed
P17844	270	3.0	7.0	observed
P17844	273	3.0	10.0	observed
P17844	403	75.0	79.0	observed
P17844	478	4.0	6.0	observed
P17844	482	2.0	4.0	observed
P17844	484	2.0	2.0	observed
P17844	486	2.0	4.0	observed
P17844	496	6.0	10.0	observed
P17844	502	6.0	7.0	observed
P17844	509	7.0	7.0	observed
P17844	516	7.0	14.0	observed
P17858	301	9.0	65.0	observed
P17858	310	9.0	56.0	observed
P17858	366	8.0	56.0	observed
P17858	374	8.0	64.0	observed
P17858	461	87.0	95.0	observed
P17858	654	18.0	193.0	observed
P17858	672	18.0	211.0	observed
P17980	61	349.0	inf	observed
P17980	410	349.0	inf	observed
P17987	11	174.0	432.0	observed
P17987	185	174.0	258.0	observed
P17987	443	25.0	258.0	observed
P17987	468	25.0	283.0	observed
P18031	380	inf	inf	observed
P18077	4	96.0	98.0	observed
P18077	100	2.0	9.0	observed
P18077	102	2.0	7.0	observed
P18077	109	7.0	9.0	observed
P18124	96	38.0	121.0	observed
P18124	134	38.0	83.0	observed
P18124	217	19.0	83.0	observed
P18124	236	19.0	102.0	observed
P18206	409	103.0	213.0	observed
P18206	512	103.0	110.0	observed
P18206	622	7.0	110.0	observed
P18206	629	7.0	117.0	observed
P18545	36	inf	inf	observed
P18583	922	7.0	14.0	observed
P18583	929	7.0	7.0	observed
P18583	936	7.0	7.0	observed
P18583	943	7.0	7.0	observed
P18583	950	7.0	7.0	observed
P18583	957	7.0	7.0	observed
P18583	964	4.0	7.0	observed
P18583	968	3.0	4.0	observed
P18583	971	3.0	4.0	observed
P18583	975	3.0	4.0	observed
P18583	978	3.0	4.0	observed
P18583	982	3.0	4.0	observed
P18583	985	3.0	4.0	observed
P18583	989	4.0	7.0	observed
P18583	997	8.0	10.0	observed
P18583	1007	8.0	10.0	observed
P18583	1015	7.0	8.0	observed
P18583	1022	7.0	9.0	observed
P18583	1031	8.0	9.0	observed
P18583	1039	8.0	17.0	observed
P18583	1081	9.0	20.0	observed
P18583	1090	9.0	11.0	observed
P18583	1101	11.0	11.0	observed
P18583	1112	10.0	11.0	observed
P18583	1122	10.0	21.0	observed
P18615	142	inf	inf	observed
P18621	69	inf	inf	observed
P18669	21	69.0	inf	observed
P18669	90	69.0	inf	observed
P18754	214	3.0	inf	observed
P18754	217	3.0	inf	observed
P18846	244	inf	inf	observed
P18847	46	inf	inf	observed
P18858	146	inf	inf	observed
P18887	310	inf	inf	observed
P19013	9	4.0	18.0	observed
P19013	13	4.0	14.0	observed
P19013	27	14.0	14.0	observed
P19013	41	14.0	15.0	observed
P19013	56	15.0	29.0	observed
P19022	807	1.0	inf	observed
P19022	808	1.0	inf	observed
P19105	132	inf	inf	observed
P19174	1231	12.0	14.0	observed
P19174	1243	2.0	12.0	observed
P19174	1245	2.0	14.0	observed
P19174	1280	3.0	35.0	observed
P19174	1283	3.0	38.0	observed
P19338	342	78.0	132.0	observed
P19338	420	54.0	78.0	observed
P19338	474	54.0	87.0	observed
P19338	561	6.0	36.0	observed
P19338	567	6.0	30.0	observed
P19338	597	7.0	30.0	observed
P19338	604	7.0	37.0	observed
P19338	656	4.0	10.0	observed
P19338	660	4.0	6.0	observed
P19338	666	4.0	6.0	observed
P19338	670	3.0	4.0	observed
P19338	673	3.0	6.0	observed
P19338	679	2.0	6.0	observed
P19338	681	2.0	6.0	observed
P19338	687	4.0	6.0	observed
P19338	691	3.0	4.0	observed
P19338	694	3.0	7.0	observed
P19367	727	122.0	inf	observed
P19367	849	122.0	inf	observed
P19388	9	5.0	inf	observed
P19388	14	5.0	inf	observed
P19484	8	279.0	inf	observed
P19484	287	279.0	inf	observed
P19525	39	1.0	495.0	observed
P19525	40	1.0	494.0	observed
P19525	534	494.0	495.0	observed
P19532	188	7.0	inf	observed
P19532	195	7.0	inf	observed
P19544	295	inf	inf	observed
P19622	96	inf	inf	observed
P19784	65	25.0	inf	observed
P19784	90	25.0	inf	observed
P20020	582	inf	inf	observed
P20042	172	124.0	136.0	observed
P20042	296	12.0	124.0	observed
P20042	308	12.0	136.0	observed
P20073	479	inf	inf	observed
P20248	59	inf	inf	observed
P20290	3	10.0	12.0	observed
P20290	13	2.0	4.0	observed
P20290	15	2.0	2.0	observed
P20290	17	2.0	2.0	observed
P20290	19	2.0	4.0	observed
P20290	35	4.0	16.0	observed
P20290	39	4.0	20.0	observed
P20290	163	124.0	128.0	observed
P20339	4	4.0	193.0	observed
P20339	8	4.0	189.0	observed
P20339	197	189.0	193.0	observed
P20340	60	3.0	52.0	observed
P20340	63	3.0	49.0	observed
P20340	112	49.0	52.0	observed
P20340	185	73.0	122.0	observed
P20585	452	2.0	inf	observed
P20585	454	2.0	inf	observed
P20618	198	3.0	34.0	observed
P20618	201	3.0	31.0	observed
P20618	232	7.0	31.0	observed
P20618	239	7.0	38.0	observed
P20671	21	9.0	61.0	observed
P20671	30	9.0	52.0	observed
P20671	82	7.0	52.0	observed
P20671	89	7.0	59.0	observed
P20700	10	4.0	16.0	observed
P20700	14	4.0	12.0	observed
P20700	26	12.0	16.0	observed
P20700	42	16.0	28.0	observed
P20700	73	17.0	31.0	observed
P20700	90	17.0	48.0	observed
P20700	197	24.0	53.0	observed
P20700	221	24.0	29.0	observed
P20700	250	29.0	47.0	observed
P20700	297	2.0	47.0	observed
P20700	299	2.0	45.0	observed
P20700	344	6.0	43.0	observed
P20700	350	6.0	37.0	observed
P20700	387	37.0	43.0	observed
P20719	218	inf	inf	observed
P20742	738	453.0	inf	observed
P20742	1191	453.0	inf	observed
P20749	78	inf	inf	observed
P20839	203	28.0	119.0	observed
P20839	231	28.0	91.0	observed
P20839	322	91.0	119.0	observed
P20848	175	inf	inf	observed
P20916	575	inf	inf	observed
P20929	301	3687.0	7161.0	observed
P20929	3988	3474.0	3687.0	observed
P20929	7462	927.0	929.0	observed
P20929	8389	2.0	927.0	observed
P20929	8391	2.0	929.0	observed
P20930	343	1094.0	1743.0	observed
P20930	1437	649.0	1091.0	observed
P20930	2086	442.0	649.0	observed
P20930	2528	442.0	1091.0	observed
P21108	22	inf	inf	observed
P21127	287	156.0	inf	observed
P21127	443	156.0	inf	observed
P21266	47	35.0	inf	observed
P21266	82	35.0	inf	observed
P21281	7	37.0	60.0	observed
P21281	44	23.0	37.0	observed
P21281	67	23.0	60.0	observed
P21281	185	118.0	141.0	observed
P21281	460	46.0	275.0	observed
P21281	506	46.0	321.0	observed
P21333	7	481.0	573.0	observed
P21333	488	92.0	186.0	observed
P21333	580	92.0	94.0	observed
P21333	674	94.0	186.0	observed
P21333	1087	225.0	413.0	observed
P21333	1312	225.0	638.0	observed
P21333	2242	930.0	1155.0	observed
P21359	1204	inf	inf	observed
P21399	699	14.0	22.0	observed
P21399	713	8.0	14.0	observed
P21399	721	7.0	8.0	observed
P21399	728	7.0	15.0	observed
P21796	163	inf	inf	observed
P21817	2118	inf	inf	observed
P21917	63	inf	inf	observed
P22059	7	316.0	455.0	observed
P22059	323	139.0	316.0	observed
P22059	462	139.0	455.0	observed
P22061	37	87.0	inf	observed
P22061	124	87.0	inf	observed
P22083	75	12.0	146.0	observed
P22083	87	12.0	134.0	observed
P22083	221	5.0	19.0	observed
P22083	226	5.0	14.0	observed
P22083	240	14.0	19.0	observed
P22087	8	7.0	13.0	observed
P22087	15	6.0	7.0	observed
P22087	21	3.0	6.0	observed
P22087	24	3.0	3.0	observed
P22087	27	3.0	6.0	observed
P22087	34	2.0	7.0	observed
P22087	36	2.0	7.0	observed
P22087	43	2.0	7.0	observed
P22087	45	2.0	9.0	observed
P22087	59	11.0	13.0	observed
P22087	70	2.0	8.0	observed
P22087	72	2.0	6.0	observed
P22087	78	6.0	8.0	observed
P22087	92	8.0	14.0	observed
P22087	100	8.0	22.0	observed
P22087	218	118.0	126.0	observed
P22090	49	96.0	151.0	observed
P22090	145	55.0	96.0	observed
P22090	200	55.0	151.0	observed
P22102	13	103.0	420.0	observed
P22102	116	103.0	317.0	observed
P22102	433	317.0	420.0	observed
P22102	855	422.0	739.0	observed
P22105	294	inf	inf	observed
P22234	46	176.0	265.0	observed
P22234	222	89.0	176.0	observed
P22234	311	89.0	265.0	observed
P22314	81	38.0	101.0	observed
P22314	119	38.0	63.0	observed
P22314	182	63.0	101.0	observed
P22314	288	80.0	96.0	observed
P22314	368	16.0	80.0	observed
P22314	384	16.0	96.0	observed
P22314	551	7.0	127.0	observed
P22314	558	7.0	120.0	observed
P22314	678	120.0	127.0	observed
P22314	825	55.0	132.0	observed
P22314	880	55.0	77.0	observed
P22314	957	77.0	132.0	observed
P22392	6	12.0	36.0	observed
P22392	18	12.0	24.0	observed
P22392	42	16.0	24.0	observed
P22392	58	16.0	30.0	observed
P22392	88	26.0	30.0	observed
P22392	114	26.0	56.0	observed
P22413	65	inf	inf	observed
P22612	132	inf	inf	observed
P22626	15	23.0	80.0	observed
P22626	38	23.0	57.0	observed
P22626	95	4.0	34.0	observed
P22626	99	4.0	30.0	observed
P22626	129	18.0	24.0	observed
P22626	147	6.0	18.0	observed
P22626	153	6.0	24.0	observed
P22626	200	3.0	13.0	observed
P22626	203	3.0	10.0	observed
P22626	213	10.0	13.0	observed
P22626	228	10.0	15.0	observed
P22626	238	10.0	25.0	observed
P22626	266	28.0	38.0	observed
P22626	325	25.0	59.0	observed
P22626	350	25.0	84.0	observed
P22681	612	5.0	19.0	observed
P22681	617	5.0	14.0	observed
P22681	631	14.0	19.0	observed
P22695	241	13.0	60.0	observed
P22695	254	13.0	47.0	observed
P22695	301	47.0	60.0	observed
P22732	120	inf	inf	observed
P22760	290	inf	inf	observed
P23142	611	inf	inf	observed
P23246	7	2.0	11.0	observed
P23246	9	2.0	9.0	observed
P23246	18	1.0	7.0	observed
P23246	19	1.0	6.0	observed
P23246	25	6.0	7.0	observed
P23246	32	7.0	13.0	observed
P23246	236	6.0	9.0	observed
P23246	242	3.0	6.0	observed
P23246	245	3.0	9.0	observed
P23246	360	39.0	47.0	observed
P23246	399	8.0	10.0	observed
P23246	407	2.0	8.0	observed
P23246	409	2.0	10.0	observed
P23246	548	42.0	118.0	observed
P23246	590	42.0	76.0	observed
P23246	666	15.0	27.0	observed
P23246	681	12.0	14.0	observed
P23246	693	2.0	12.0	observed
P23246	695	2.0	11.0	observed
P23246	706	11.0	13.0	observed
P23258	295	inf	inf	observed
P23284	51	58.0	71.0	observed
P23284	109	13.0	58.0	observed
P23284	122	13.0	58.0	observed
P23284	180	58.0	71.0	observed
P23368	67	inf	inf	observed
P23381	381	inf	inf	observed
P23396	27	13.0	37.0	observed
P23396	40	13.0	24.0	observed
P23396	64	1.0	3.0	observed
P23396	65	1.0	2.0	observed
P23396	67	2.0	3.0	observed
P23443	7	510.0	515.0	observed
P23443	517	5.0	510.0	observed
P23443	522	5.0	515.0	observed
P23468	588	inf	inf	observed
P23511	317	inf	inf	observed
P23526	19	15.0	132.0	observed
P23526	34	15.0	117.0	observed
P23526	151	82.0	117.0	observed
P23526	233	82.0	94.0	observed
P23526	327	2.0	94.0	observed
P23526	329	2.0	96.0	observed
P23526	431	102.0	104.0	observed
P23527	73	7.0	14.0	observed
P23527	80	7.0	7.0	observed
P23527	87	6.0	7.0	observed
P23527	93	6.0	7.0	observed
P23527	100	7.0	13.0	observed
P23588	70	8.0	47.0	observed
P23588	78	8.0	39.0	observed
P23588	117	8.0	39.0	observed
P23588	125	8.0	47.0	observed
P23588	182	57.0	65.0	observed
P23588	251	10.0	17.0	observed
P23588	261	7.0	10.0	observed
P23588	268	5.0	7.0	observed
P23588	273	5.0	6.0	observed
P23588	279	6.0	11.0	observed
P23588	292	5.0	13.0	observed
P23588	297	5.0	11.0	observed
P23588	308	11.0	16.0	observed
P23634	572	516.0	inf	observed
P23634	1088	516.0	inf	observed
P23677	62	inf	inf	observed
P23760	10	inf	inf	observed
P23769	86	inf	inf	observed
P23771	86	175.0	inf	observed
P23771	261	175.0	inf	observed
P23786	51	503.0	inf	observed
P23786	554	503.0	inf	observed
P23919	41	102.0	151.0	observed
P23919	143	49.0	102.0	observed
P23919	192	49.0	151.0	observed
P23921	80	inf	inf	observed
P24462	158	3.0	inf	observed
P24462	161	3.0	inf	observed
P24534	117	2.0	5.0	observed
P24534	119	2.0	3.0	observed
P24534	122	3.0	5.0	observed
P24666	28	38.0	inf	observed
P24666	66	38.0	inf	observed
P24928	426	1177.0	1384.0	observed
P24928	1603	207.0	1177.0	observed
P24928	1810	207.0	1384.0	observed
P24941	297	inf	inf	observed
P25024	279	1.0	inf	observed
P25024	280	1.0	inf	observed
P25054	958	18.0	505.0	observed
P25054	976	18.0	487.0	observed
P25054	1463	487.0	505.0	observed
P25054	2226	763.0	1250.0	observed
P25098	50	149.0	633.0	observed
P25098	199	149.0	484.0	observed
P25098	683	484.0	633.0	observed
P25205	55	1.0	179.0	observed
P25205	56	1.0	178.0	observed
P25205	234	137.0	178.0	observed
P25205	371	48.0	137.0	observed
P25205	419	48.0	179.0	observed
P25205	598	145.0	179.0	observed
P25205	743	145.0	324.0	observed
P25311	93	inf	inf	observed
P25325	284	inf	inf	observed
P25391	2428	inf	inf	observed
P25398	33	3.0	inf	observed
P25398	36	3.0	inf	observed
P25440	449	inf	inf	observed
P25490	308	73.0	inf	observed
P25490	381	73.0	inf	observed
P25685	13	53.0	inf	observed
P25685	66	53.0	inf	observed
P25705	58	30.0	146.0	observed
P25705	88	30.0	116.0	observed
P25705	204	3.0	10.0	observed
P25705	207	3.0	7.0	observed
P25705	214	7.0	10.0	observed
P25705	330	4.0	116.0	observed
P25705	334	4.0	120.0	observed
P25940	1348	5.0	inf	observed
P25940	1353	5.0	inf	observed
P26022	69	inf	inf	observed
P26038	71	202.0	299.0	observed
P26038	273	97.0	120.0	observed
P26038	370	23.0	97.0	observed
P26038	393	23.0	120.0	observed
P26038	550	157.0	180.0	observed
P26045	355	inf	inf	observed
P26196	22	353.0	inf	observed
P26196	375	353.0	inf	observed
P26232	621	3.0	inf	observed
P26232	624	3.0	inf	observed
P26358	25	1.0	239.0	observed
P26358	26	1.0	238.0	observed
P26358	264	3.0	238.0	observed
P26358	267	3.0	241.0	observed
P26358	1401	72.0	1134.0	observed
P26358	1473	72.0	1206.0	observed
P26368	67	160.0	161.0	observed
P26368	227	1.0	160.0	observed
P26368	228	1.0	161.0	observed
P26368	457	229.0	230.0	observed
P26373	71	3.0	11.0	observed
P26373	74	3.0	8.0	observed
P26373	82	8.0	11.0	observed
P26373	101	1.0	15.0	observed
P26373	102	1.0	14.0	observed
P26373	116	14.0	15.0	observed
P26378	248	inf	inf	observed
P26440	413	inf	inf	observed
P26583	10	14.0	100.0	observed
P26583	24	14.0	86.0	observed
P26583	110	86.0	100.0	observed
P26599	52	inf	inf	observed
P26639	262	105.0	171.0	observed
P26639	367	66.0	105.0	observed
P26639	433	66.0	171.0	observed
P26640	699	289.0	inf	observed
P26640	988	289.0	inf	observed
P26641	51	98.0	138.0	observed
P26641	149	40.0	52.0	observed
P26641	189	12.0	40.0	observed
P26641	201	12.0	52.0	observed
P26885	115	inf	inf	observed
P27144	80	1.0	108.0	observed
P27144	81	1.0	107.0	observed
P27144	188	107.0	108.0	observed
P27348	55	83.0	inf	observed
P27348	138	83.0	inf	observed
P27361	211	98.0	inf	observed
P27361	309	98.0	inf	observed
P27448	552	47.0	inf	observed
P27448	599	47.0	inf	observed
P27482	38	74.0	inf	observed
P27482	112	74.0	inf	observed
P27540	143	inf	inf	observed
P27635	24	8.0	64.0	observed
P27635	32	8.0	56.0	observed
P27635	88	22.0	28.0	observed
P27635	110	6.0	22.0	observed
P27635	116	6.0	28.0	observed
P27635	153	37.0	43.0	observed
P27694	141	69.0	inf	observed
P27694	210	69.0	inf	observed
P27695	18	55.0	118.0	observed
P27695	73	55.0	63.0	observed
P27695	136	20.0	63.0	observed
P27695	156	20.0	65.0	observed
P27695	221	65.0	85.0	observed
P27708	177	338.0	1201.0	observed
P27708	515	338.0	863.0	observed
P27708	1378	461.0	863.0	observed
P27708	1839	461.0	1324.0	observed
P27797	73	149.0	293.0	observed
P27797	222	144.0	149.0	observed
P27797	366	144.0	293.0	observed
P27816	888	inf	inf	observed
P27824	77	48.0	205.0	observed
P27824	125	48.0	157.0	observed
P27824	282	157.0	205.0	observed
P27824	570	288.0	445.0	observed
P27986	514	9.0	inf	observed
P27986	523	9.0	inf	observed
P27987	39	13.0	inf	observed
P27987	52	13.0	inf	observed
P28062	11	inf	inf	observed
P28065	3	10.0	inf	observed
P28065	13	10.0	inf	observed
P28066	10	10.0	inf	observed
P28066	20	10.0	inf	observed
P28072	9	54.0	65.0	observed
P28072	63	11.0	54.0	observed
P28072	74	11.0	65.0	observed
P28161	43	35.0	inf	observed
P28161	78	35.0	inf	observed
P28331	325	92.0	213.0	observed
P28331	417	92.0	121.0	observed
P28331	538	86.0	121.0	observed
P28331	624	86.0	207.0	observed
P28340	19	11.0	902.0	observed
P28340	30	11.0	891.0	observed
P28340	921	64.0	891.0	observed
P28340	985	64.0	955.0	observed
P28482	194	inf	inf	observed
P28676	103	inf	inf	observed
P28702	6	19.0	33.0	observed
P28702	25	14.0	19.0	observed
P28702	39	14.0	33.0	observed
P28702	303	264.0	278.0	observed
P28838	428	inf	inf	observed
P29033	75	inf	inf	observed
P29317	347	10.0	inf	observed
P29317	357	10.0	inf	observed
P29322	106	inf	inf	observed
P29350	286	inf	inf	observed
P29353	146	inf	inf	observed
P29372	24	3.0	114.0	observed
P29372	27	3.0	111.0	observed
P29372	138	3.0	111.0	observed
P29372	141	3.0	114.0	observed
P29590	632	85.0	240.0	observed
P29590	717	85.0	155.0	observed
P29590	872	155.0	240.0	observed
P29597	10	529.0	inf	observed
P29597	539	529.0	inf	observed
P29692	24	14.0	59.0	observed
P29692	38	14.0	45.0	observed
P29692	83	12.0	45.0	observed
P29692	95	12.0	57.0	observed
P29692	178	83.0	95.0	observed
P29992	20	inf	inf	observed
P30038	304	194.0	inf	observed
P30038	498	194.0	inf	observed
P30040	122	inf	inf	observed
P30041	22	2.0	84.0	observed
P30041	24	2.0	82.0	observed
P30041	106	2.0	49.0	observed
P30041	108	2.0	47.0	observed
P30041	155	47.0	49.0	observed
P30043	134	53.0	inf	observed
P30043	187	53.0	inf	observed
P30044	176	1.0	inf	observed
P30044	177	1.0	inf	observed
P30046	14	81.0	inf	observed
P30046	95	81.0	inf	observed
P30048	207	7.0	inf	observed
P30048	214	7.0	inf	observed
P30050	67	47.0	79.0	observed
P30050	114	32.0	47.0	observed
P30050	146	32.0	79.0	observed
P30084	197	75.0	inf	observed
P30084	272	75.0	inf	observed
P30086	76	53.0	inf	observed
P30086	129	53.0	inf	observed
P30101	62	11.0	57.0	observed
P30101	73	11.0	46.0	observed
P30101	119	21.0	46.0	observed
P30101	140	21.0	39.0	observed
P30101	179	39.0	60.0	observed
P30101	329	119.0	150.0	observed
P30101	448	119.0	269.0	observed
P30153	134	33.0	393.0	observed
P30153	167	33.0	360.0	observed
P30153	527	360.0	393.0	observed
P30154	278	inf	inf	observed
P30291	14	138.0	185.0	observed
P30291	152	47.0	138.0	observed
P30291	199	47.0	185.0	observed
P30291	617	418.0	465.0	observed
P30304	278	12.0	inf	observed
P30304	290	12.0	inf	observed
P30419	88	78.0	inf	observed
P30419	166	78.0	inf	observed
P30520	326	inf	inf	observed
P30530	724	inf	inf	observed
P30533	68	82.0	280.0	observed
P30533	150	82.0	198.0	observed
P30533	348	198.0	280.0	observed
P30613	435	inf	inf	observed
P30626	116	inf	inf	observed
P30679	186	19.0	inf	observed
P30679	205	19.0	inf	observed
P30825	16	7.0	inf	observed
P30825	23	7.0	inf	observed
P30837	73	265.0	inf	observed
P30837	338	265.0	inf	observed
P30876	803	220.0	261.0	observed
P30876	1023	41.0	220.0	observed
P30876	1064	41.0	261.0	observed
P30939	123	inf	inf	observed
P31040	325	4.0	175.0	observed
P31040	329	4.0	171.0	observed
P31040	500	7.0	12.0	observed
P31040	507	5.0	7.0	observed
P31040	512	5.0	12.0	observed
P31040	585	4.0	9.0	observed
P31040	589	4.0	5.0	observed
P31040	594	5.0	9.0	observed
P31040	662	68.0	73.0	observed
P31150	35	33.0	35.0	observed
P31150	68	2.0	33.0	observed
P31150	70	2.0	35.0	observed
P31150	169	99.0	101.0	observed
P31150	290	121.0	220.0	observed
P31153	192	72.0	inf	observed
P31153	264	72.0	inf	observed
P31260	193	185.0	inf	observed
P31260	378	185.0	inf	observed
P31267	178	inf	inf	observed
P31268	153	inf	inf	observed
P31275	109	inf	inf	observed
P31276	133	inf	inf	observed
P31277	76	inf	inf	observed
P31321	342	inf	inf	observed
P31327	547	233.0	240.0	observed
P31327	780	7.0	233.0	observed
P31327	787	7.0	240.0	observed
P31350	212	inf	inf	observed
P31689	154	99.0	inf	observed
P31689	253	99.0	inf	observed
P31939	42	37.0	263.0	observed
P31939	79	37.0	226.0	observed
P31939	305	226.0	263.0	observed
P31942	19	71.0	85.0	observed
P31942	90	14.0	15.0	observed
P31942	104	1.0	6.0	observed
P31942	105	1.0	5.0	observed
P31942	110	5.0	6.0	observed
P31942	116	5.0	6.0	observed
P31942	121	5.0	8.0	observed
P31942	129	6.0	8.0	observed
P31942	135	2.0	3.0	observed
P31942	137	1.0	2.0	observed
P31942	138	1.0	3.0	observed
P31942	171	3.0	29.0	observed
P31942	174	3.0	26.0	observed
P31942	200	5.0	26.0	observed
P31942	205	5.0	31.0	observed
P31942	287	14.0	36.0	observed
P31942	301	14.0	22.0	observed
P31942	323	20.0	22.0	observed
P31942	343	20.0	42.0	observed
P31943	29	15.0	20.0	observed
P31943	44	5.0	15.0	observed
P31943	49	5.0	20.0	observed
P31943	81	32.0	33.0	observed
P31943	114	33.0	65.0	observed
P31943	199	7.0	13.0	observed
P31943	206	6.0	7.0	observed
P31943	212	5.0	6.0	observed
P31943	217	5.0	7.0	observed
P31943	224	6.0	7.0	observed
P31943	230	2.0	3.0	observed
P31943	232	1.0	2.0	observed
P31943	233	1.0	3.0	observed
P31943	259	3.0	26.0	observed
P31943	262	3.0	29.0	observed
P31943	294	32.0	35.0	observed
P31944	5	inf	inf	observed
P31946	43	inf	inf	observed
P31948	44	43.0	49.0	observed
P31948	87	6.0	31.0	observed
P31948	93	6.0	25.0	observed
P31948	118	25.0	31.0	observed
P31948	293	175.0	200.0	observed
P31948	543	250.0	425.0	observed
P31949	62	inf	inf	observed
P32119	110	17.0	40.0	observed
P32119	127	17.0	23.0	observed
P32119	150	7.0	23.0	observed
P32119	157	7.0	30.0	observed
P32456	221	211.0	inf	observed
P32456	432	211.0	inf	observed
P32519	269	inf	inf	observed
P32927	46	inf	inf	observed
P32929	62	57.0	60.0	observed
P32929	119	3.0	57.0	observed
P32929	122	3.0	60.0	observed
P32969	36	93.0	inf	observed
P32969	129	93.0	inf	observed
P33176	321	143.0	453.0	observed
P33176	464	143.0	310.0	observed
P33176	774	127.0	182.0	observed
P33176	901	55.0	127.0	observed
P33176	956	55.0	182.0	observed
P33240	303	5.0	16.0	observed
P33240	308	5.0	11.0	observed
P33240	319	11.0	11.0	observed
P33240	330	11.0	14.0	observed
P33240	344	14.0	21.0	observed
P33240	365	8.0	16.0	observed
P33240	373	8.0	8.0	observed
P33240	381	7.0	8.0	observed
P33240	388	7.0	14.0	observed
P33240	402	3.0	14.0	observed
P33240	405	3.0	17.0	observed
P33240	423	5.0	18.0	observed
P33240	428	5.0	23.0	observed
P33240	458	5.0	10.0	observed
P33240	463	5.0	5.0	observed
P33240	468	5.0	7.0	observed
P33240	475	7.0	12.0	observed
P33240	499	24.0	31.0	observed
P33316	47	21.0	68.0	observed
P33316	68	21.0	47.0	observed
P33316	115	13.0	17.0	observed
P33316	128	4.0	13.0	observed
P33316	132	4.0	17.0	observed
P33316	216	8.0	25.0	observed
P33316	224	8.0	17.0	observed
P33316	241	17.0	25.0	observed
P33552	45	inf	inf	observed
P33778	73	7.0	14.0	observed
P33778	80	7.0	7.0	observed
P33778	87	6.0	7.0	observed
P33778	93	6.0	7.0	observed
P33778	100	7.0	13.0	observed
P33991	10	1.0	4.0	observed
P33991	11	1.0	3.0	observed
P33991	14	1.0	3.0	observed
P33991	15	1.0	2.0	observed
P33991	17	2.0	3.0	observed
P33991	108	91.0	93.0	observed
P33991	387	279.0	337.0	observed
P33991	724	104.0	337.0	observed
P33991	828	104.0	441.0	observed
P33992	251	29.0	72.0	observed
P33992	280	29.0	43.0	observed
P33992	323	1.0	43.0	observed
P33992	324	1.0	44.0	observed
P33992	528	204.0	205.0	observed
P33993	132	1.0	87.0	observed
P33993	133	1.0	86.0	observed
P33993	219	6.0	86.0	observed
P33993	225	6.0	92.0	observed
P33993	321	4.0	75.0	observed
P33993	325	4.0	71.0	observed
P33993	396	11.0	71.0	observed
P33993	407	11.0	82.0	observed
P33993	524	3.0	8.0	observed
P33993	527	3.0	5.0	observed
P33993	532	5.0	8.0	observed
P33993	673	141.0	146.0	observed
P34897	214	16.0	22.0	observed
P34897	230	6.0	16.0	observed
P34897	236	6.0	22.0	observed
P34897	368	48.0	74.0	observed
P34897	416	26.0	48.0	observed
P34897	442	26.0	74.0	observed
P34925	391	inf	inf	observed
P34931	51	367.0	409.0	observed
P34931	418	42.0	53.0	observed
P34931	460	11.0	42.0	observed
P34931	471	11.0	53.0	observed
P34932	33	36.0	40.0	observed
P34932	69	4.0	36.0	observed
P34932	73	4.0	40.0	observed
P34932	154	81.0	85.0	observed
P34932	265	111.0	192.0	observed
P34932	645	380.0	491.0	observed
P34949	65	257.0	inf	observed
P34949	322	257.0	inf	observed
P35080	105	31.0	inf	observed
P35080	136	31.0	inf	observed
P35221	98	67.0	inf	observed
P35221	165	67.0	inf	observed
P35222	528	inf	inf	observed
P35226	114	inf	inf	observed
P35228	670	inf	inf	observed
P35232	41	52.0	198.0	observed
P35232	93	52.0	146.0	observed
P35232	239	146.0	198.0	observed
P35236	42	inf	inf	observed
P35237	89	4.0	inf	observed
P35237	93	4.0	inf	observed
P35240	351	2.0	217.0	observed
P35240	353	2.0	215.0	observed
P35240	568	215.0	217.0	observed
P35241	151	122.0	inf	observed
P35241	273	122.0	inf	observed
P35249	20	94.0	inf	observed
P35249	114	94.0	inf	observed
P35250	111	44.0	73.0	observed
P35250	155	29.0	44.0	observed
P35250	184	29.0	73.0	observed
P35251	986	inf	inf	observed
P35268	101	inf	inf	observed
P35269	166	inf	inf	observed
P35354	170	inf	inf	observed
P35368	389	4.0	10.0	observed
P35368	393	4.0	6.0	observed
P35368	399	4.0	6.0	observed
P35368	403	4.0	10.0	observed
P35520	18	146.0	172.0	observed
P35520	164	26.0	146.0	observed
P35520	190	26.0	146.0	observed
P35520	336	53.0	146.0	observed
P35520	389	53.0	199.0	observed
P35527	63	424.0	427.0	observed
P35527	487	3.0	424.0	observed
P35527	490	3.0	427.0	observed
P35555	232	inf	inf	observed
P35556	362	12.0	inf	observed
P35556	374	12.0	inf	observed
P35568	373	222.0	227.0	observed
P35568	595	5.0	222.0	observed
P35568	600	5.0	227.0	observed
P35573	322	906.0	inf	observed
P35573	1228	906.0	inf	observed
P35579	165	546.0	758.0	observed
P35579	711	212.0	289.0	observed
P35579	923	77.0	112.0	observed
P35579	1000	35.0	77.0	observed
P35579	1035	35.0	112.0	observed
P35579	1162	127.0	162.0	observed
P35579	1602	149.0	253.0	observed
P35579	1751	104.0	105.0	observed
P35579	1855	1.0	68.0	observed
P35579	1856	1.0	67.0	observed
P35579	1923	9.0	10.0	observed
P35579	1932	1.0	9.0	observed
P35579	1933	1.0	10.0	observed
P35580	18	145.0	595.0	observed
P35580	163	145.0	450.0	observed
P35580	613	105.0	299.0	observed
P35580	718	105.0	194.0	observed
P35580	912	95.0	194.0	observed
P35580	1007	95.0	191.0	observed
P35580	1198	191.0	286.0	observed
P35580	1545	64.0	215.0	observed
P35580	1609	64.0	151.0	observed
P35580	1760	102.0	103.0	observed
P35580	1862	1.0	68.0	observed
P35580	1863	1.0	67.0	observed
P35580	1930	10.0	13.0	observed
P35580	1940	3.0	10.0	observed
P35580	1943	3.0	13.0	observed
P35606	165	294.0	668.0	observed
P35606	459	294.0	374.0	observed
P35606	833	374.0	668.0	observed
P35609	83	6.0	185.0	observed
P35609	89	6.0	179.0	observed
P35609	268	179.0	185.0	observed
P35611	27	504.0	inf	observed
P35611	531	504.0	inf	observed
P35637	213	3.0	5.0	observed
P35637	216	2.0	3.0	observed
P35637	218	2.0	5.0	observed
P35637	234	8.0	10.0	observed
P35637	242	2.0	6.0	observed
P35637	244	2.0	4.0	observed
P35637	248	3.0	4.0	observed
P35637	251	3.0	7.0	observed
P35637	259	8.0	10.0	observed
P35637	269	10.0	18.0	observed
P35637	328	43.0	44.0	observed
P35637	371	1.0	6.0	observed
P35637	372	1.0	5.0	observed
P35637	377	5.0	6.0	observed
P35637	383	3.0	5.0	observed
P35637	386	2.0	3.0	observed
P35637	388	2.0	5.0	observed
P35637	394	6.0	8.0	observed
P35637	407	13.0	19.0	observed
P35637	472	1.0	4.0	observed
P35637	473	1.0	3.0	observed
P35637	476	3.0	4.0	observed
P35637	481	4.0	5.0	observed
P35637	485	2.0	4.0	observed
P35637	487	2.0	4.0	observed
P35637	491	4.0	4.0	observed
P35637	495	3.0	4.0	observed
P35637	498	3.0	5.0	observed
P35637	503	5.0	8.0	observed
P35637	514	11.0	16.0	observed
P35658	1881	inf	inf	observed
P35659	93	14.0	inf	observed
P35659	107	14.0	inf	observed
P35711	549	inf	inf	observed
P35712	338	136.0	inf	observed
P35712	474	136.0	inf	observed
P35749	718	983.0	1201.0	observed
P35749	1701	218.0	983.0	observed
P35749	1919	218.0	1201.0	observed
P35869	16	inf	inf	observed
P35900	42	3.0	inf	observed
P35900	45	3.0	inf	observed
P35908	12	49.0	110.0	observed
P35908	61	49.0	61.0	observed
P35908	122	61.0	110.0	observed
P35908	490	34.0	113.0	observed
P35908	524	34.0	79.0	observed
P35908	603	79.0	113.0	observed
P35998	428	inf	inf	observed
P36402	348	2.0	inf	observed
P36402	350	2.0	inf	observed
P36405	72	inf	inf	observed
P36508	294	inf	inf	observed
P36542	33	67.0	inf	observed
P36542	100	67.0	inf	observed
P36551	298	103.0	inf	observed
P36551	401	103.0	inf	observed
P36578	71	4.0	9.0	observed
P36578	75	4.0	5.0	observed
P36578	80	5.0	6.0	observed
P36578	86	6.0	11.0	observed
P36578	97	3.0	11.0	observed
P36578	100	3.0	14.0	observed
P36578	188	17.0	88.0	observed
P36578	205	17.0	95.0	observed
P36578	300	95.0	112.0	observed
P36639	50	inf	inf	observed
P36776	904	55.0	inf	observed
P36776	959	55.0	inf	observed
P36871	293	50.0	159.0	observed
P36871	343	50.0	109.0	observed
P36871	452	39.0	109.0	observed
P36871	491	39.0	148.0	observed
P36873	20	16.0	102.0	observed
P36873	36	16.0	86.0	observed
P36873	122	10.0	86.0	observed
P36873	132	10.0	96.0	observed
P36915	74	8.0	inf	observed
P36915	82	8.0	inf	observed
P36952	186	inf	inf	observed
P36957	88	349.0	inf	observed
P36957	437	349.0	inf	observed
P37268	20	inf	inf	observed
P37287	4	8.0	inf	observed
P37287	12	8.0	inf	observed
P37802	12	170.0	184.0	observed
P37802	182	14.0	170.0	observed
P37802	196	14.0	184.0	observed
P37837	102	inf	inf	observed
P38117	26	59.0	148.0	observed
P38117	85	59.0	89.0	observed
P38117	174	12.0	17.0	observed
P38117	186	5.0	12.0	observed
P38117	191	5.0	17.0	observed
P38159	49	44.0	45.0	observed
P38159	93	1.0	8.0	observed
P38159	94	1.0	7.0	observed
P38159	101	2.0	6.0	observed
P38159	103	2.0	4.0	observed
P38159	107	3.0	4.0	observed
P38159	110	3.0	3.0	observed
P38159	113	3.0	6.0	observed
P38159	120	5.0	7.0	observed
P38159	125	5.0	12.0	observed
P38159	144	7.0	12.0	observed
P38159	151	5.0	7.0	observed
P38159	156	5.0	8.0	observed
P38159	164	8.0	8.0	observed
P38159	172	8.0	8.0	observed
P38159	180	5.0	7.0	observed
P38159	185	2.0	5.0	observed
P38159	187	2.0	7.0	observed
P38159	258	5.0	34.0	observed
P38159	263	5.0	29.0	observed
P38159	292	6.0	17.0	observed
P38159	298	6.0	11.0	observed
P38159	309	8.0	11.0	observed
P38159	317	8.0	19.0	observed
P38159	339	2.0	5.0	observed
P38159	341	2.0	3.0	observed
P38159	344	3.0	3.0	observed
P38159	347	3.0	6.0	observed
P38159	355	8.0	11.0	observed
P38159	369	4.0	8.0	observed
P38159	373	4.0	4.0	observed
P38159	377	4.0	4.0	observed
P38159	381	4.0	8.0	observed
P38432	350	2.0	43.0	observed
P38432	352	2.0	41.0	observed
P38432	393	4.0	26.0	observed
P38432	397	4.0	22.0	observed
P38432	419	22.0	26.0	observed
P38606	364	17.0	24.0	observed
P38606	381	7.0	17.0	observed
P38606	388	7.0	24.0	observed
P38606	476	54.0	88.0	observed
P38606	530	54.0	142.0	observed
P38646	218	89.0	142.0	observed
P38646	307	53.0	54.0	observed
P38646	360	1.0	45.0	observed
P38646	361	1.0	44.0	observed
P38646	405	44.0	45.0	observed
P38646	513	108.0	111.0	observed
P38646	624	111.0	219.0	observed
P38919	14	137.0	inf	observed
P38919	151	137.0	inf	observed
P38935	146	inf	inf	observed
P38936	156	inf	inf	observed
P39019	56	11.0	38.0	observed
P39019	67	11.0	27.0	observed
P39019	94	27.0	38.0	observed
P39019	133	39.0	66.0	observed
P39023	19	150.0	249.0	observed
P39023	169	99.0	150.0	observed
P39023	268	99.0	249.0	observed
P39060	902	inf	inf	observed
P39656	365	inf	inf	observed
P39687	12	63.0	120.0	observed
P39687	75	57.0	63.0	observed
P39687	132	18.0	57.0	observed
P39687	150	18.0	75.0	observed
P39748	19	81.0	85.0	observed
P39748	100	4.0	81.0	observed
P39748	104	4.0	85.0	observed
P39748	192	69.0	88.0	observed
P39748	261	69.0	157.0	observed
P40126	409	inf	inf	observed
P40197	476	inf	inf	observed
P40222	69	77.0	239.0	observed
P40222	146	77.0	162.0	observed
P40222	308	162.0	239.0	observed
P40227	35	279.0	361.0	observed
P40227	314	82.0	279.0	observed
P40227	396	82.0	361.0	observed
P40337	79	3.0	inf	observed
P40337	82	3.0	inf	observed
P40425	15	inf	inf	observed
P40429	12	6.0	19.0	observed
P40429	18	6.0	13.0	observed
P40429	31	13.0	19.0	observed
P40429	68	6.0	33.0	observed
P40429	74	6.0	27.0	observed
P40429	101	27.0	33.0	observed
P40763	84	inf	inf	observed
P40818	51	3.0	inf	observed
P40818	54	3.0	inf	observed
P40925	230	inf	inf	observed
P40926	257	inf	inf	observed
P40937	52	44.0	inf	observed
P40937	96	44.0	inf	observed
P40939	399	150.0	inf	observed
P40939	549	150.0	inf	observed
P41091	68	inf	inf	observed
P41162	321	inf	inf	observed
P41208	16	inf	inf	observed
P41219	9	55.0	63.0	observed
P41219	64	8.0	30.0	observed
P41219	72	8.0	22.0	observed
P41219	94	22.0	30.0	observed
P41223	130	10.0	inf	observed
P41223	140	10.0	inf	observed
P41227	159	inf	inf	observed
P41236	33	inf	inf	observed
P41250	596	6.0	91.0	observed
P41250	602	6.0	85.0	observed
P41250	687	85.0	91.0	observed
P41252	81	1.0	262.0	observed
P41252	82	1.0	261.0	observed
P41252	343	261.0	262.0	observed
P41567	34	4.0	56.0	observed
P41567	38	4.0	52.0	observed
P41567	90	52.0	56.0	observed
P42025	313	inf	inf	observed
P42126	171	125.0	inf	observed
P42126	296	125.0	inf	observed
P42166	50	36.0	89.0	observed
P42166	86	36.0	53.0	observed
P42166	139	43.0	53.0	observed
P42166	182	43.0	82.0	observed
P42166	264	82.0	125.0	observed
P42166	511	247.0	329.0	observed
P42167	256	63.0	64.0	observed
P42167	319	1.0	45.0	observed
P42167	320	1.0	44.0	observed
P42167	364	1.0	17.0	observed
P42167	365	1.0	16.0	observed
P42167	381	16.0	17.0	observed
P42229	110	inf	inf	observed
P42345	2060	inf	inf	observed
P42356	7	39.0	416.0	observed
P42356	46	39.0	377.0	observed
P42356	423	377.0	416.0	observed
P42356	1158	735.0	1112.0	observed
P42575	22	2.0	85.0	observed
P42575	24	2.0	83.0	observed
P42575	107	83.0	85.0	observed
P42658	66	2.0	inf	observed
P42658	68	2.0	inf	observed
P42677	72	inf	inf	observed
P42679	4	7.0	27.0	observed
P42679	11	7.0	20.0	observed
P42679	31	20.0	27.0	observed
P42684	20	3.0	inf	observed
P42684	23	3.0	inf	observed
P42694	1160	59.0	85.0	observed
P42694	1219	26.0	59.0	observed
P42694	1245	26.0	85.0	observed
P42694	1340	95.0	121.0	observed
P42694	1760	420.0	515.0	observed
P42696	26	24.0	inf	observed
P42696	50	24.0	inf	observed
P42704	128	69.0	477.0	observed
P42704	197	69.0	408.0	observed
P42704	605	134.0	324.0	observed
P42704	739	134.0	190.0	observed
P42704	929	190.0	324.0	observed
P42765	370	inf	inf	observed
P42766	32	52.0	80.0	observed
P42766	84	28.0	33.0	observed
P42766	112	5.0	28.0	observed
P42766	117	5.0	33.0	observed
P42768	13	315.0	325.0	observed
P42768	328	10.0	29.0	observed
P42768	338	10.0	19.0	observed
P42768	357	7.0	19.0	observed
P42768	364	7.0	26.0	observed
P42771	99	32.0	39.0	observed
P42771	131	7.0	32.0	observed
P42771	138	7.0	39.0	observed
P42772	101	inf	inf	observed
P43026	163	inf	inf	observed
P43034	234	129.0	inf	observed
P43034	363	129.0	inf	observed
P43121	97	inf	inf	observed
P43155	512	inf	inf	observed
P43166	229	inf	inf	observed
P43243	12	39.0	80.0	observed
P43243	51	39.0	41.0	observed
P43243	92	41.0	80.0	observed
P43243	192	24.0	31.0	observed
P43243	216	7.0	24.0	observed
P43243	223	7.0	31.0	observed
P43243	255	32.0	39.0	observed
P43243	387	20.0	132.0	observed
P43243	407	20.0	152.0	observed
P43246	219	inf	inf	observed
P43308	32	inf	inf	observed
P43364	7	inf	inf	observed
P43405	292	inf	inf	observed
P43490	196	inf	inf	observed
P43681	10	15.0	23.0	observed
P43681	25	8.0	15.0	observed
P43681	33	8.0	23.0	observed
P43686	114	169.0	224.0	observed
P43686	283	55.0	56.0	observed
P43686	338	1.0	55.0	observed
P43686	339	1.0	56.0	observed
P43699	121	6.0	inf	observed
P43699	127	6.0	inf	observed
P45877	45	inf	inf	observed
P45973	82	33.0	37.0	observed
P45973	115	4.0	33.0	observed
P45973	119	4.0	37.0	observed
P45985	58	inf	inf	observed
P46013	93	2450.0	inf	observed
P46013	2543	2450.0	inf	observed
P46060	81	208.0	inf	observed
P46060	289	208.0	inf	observed
P46087	804	inf	inf	observed
P46100	1302	661.0	1172.0	observed
P46100	1963	511.0	517.0	observed
P46100	2474	6.0	511.0	observed
P46100	2480	6.0	517.0	observed
P46108	122	inf	inf	observed
P46109	11	257.0	inf	observed
P46109	268	257.0	inf	observed
P46379	344	162.0	169.0	observed
P46379	506	7.0	162.0	observed
P46379	513	7.0	169.0	observed
P46439	78	inf	inf	observed
P46459	337	inf	inf	observed
P46527	15	139.0	inf	observed
P46527	154	139.0	inf	observed
P46531	1946	inf	inf	observed
P46776	12	53.0	93.0	observed
P46776	65	40.0	53.0	observed
P46776	105	40.0	93.0	observed
P46777	209	39.0	inf	observed
P46777	248	39.0	inf	observed
P46778	17	15.0	119.0	observed
P46778	32	15.0	104.0	observed
P46778	136	104.0	119.0	observed
P46779	11	96.0	inf	observed
P46779	107	96.0	inf	observed
P46781	5	5.0	33.0	observed
P46781	10	5.0	28.0	observed
P46781	38	28.0	33.0	observed
P46781	79	29.0	41.0	observed
P46781	108	29.0	54.0	observed
P46781	162	54.0	83.0	observed
P46782	55	81.0	90.0	observed
P46782	136	9.0	62.0	observed
P46782	145	9.0	53.0	observed
P46782	198	53.0	62.0	observed
P46783	119	5.0	34.0	observed
P46783	124	5.0	29.0	observed
P46783	153	5.0	7.0	observed
P46783	158	2.0	5.0	observed
P46783	160	2.0	7.0	observed
P46821	203	796.0	1677.0	observed
P46821	999	796.0	881.0	observed
P46821	1880	328.0	881.0	observed
P46821	2208	328.0	1209.0	observed
P46934	977	inf	inf	observed
P46937	89	inf	inf	observed
P46939	896	471.0	516.0	observed
P46939	1367	45.0	471.0	observed
P46939	1412	45.0	516.0	observed
P46939	2411	228.0	229.0	observed
P46939	2639	1.0	228.0	observed
P46939	2640	1.0	229.0	observed
P46940	336	249.0	451.0	observed
P46940	585	202.0	213.0	observed
P46940	787	11.0	202.0	observed
P46940	798	11.0	213.0	observed
P46940	1136	3.0	127.0	observed
P46940	1139	3.0	124.0	observed
P46940	1263	1.0	124.0	observed
P46940	1264	1.0	125.0	observed
P46977	8	inf	inf	observed
P47756	14	230.0	inf	observed
P47756	244	230.0	inf	observed
P47813	82	inf	inf	observed
P47869	101	inf	inf	observed
P47895	15	69.0	inf	observed
P47895	84	69.0	inf	observed
P47897	201	24.0	inf	observed
P47897	225	24.0	inf	observed
P47914	95	inf	inf	observed
P47928	49	inf	inf	observed
P47974	211	inf	inf	observed
P47985	92	104.0	inf	observed
P47985	196	104.0	inf	observed
P48029	614	inf	inf	observed
P48047	29	35.0	inf	observed
P48047	64	35.0	inf	observed
P48147	643	inf	inf	observed
P48200	175	599.0	inf	observed
P48200	774	599.0	inf	observed
P48382	302	26.0	33.0	observed
P48382	328	7.0	10.0	observed
P48382	335	3.0	7.0	observed
P48382	338	3.0	10.0	observed
P48382	354	16.0	16.0	observed
P48382	370	16.0	32.0	observed
P48444	84	inf	inf	observed
P48449	10	318.0	inf	observed
P48449	328	318.0	inf	observed
P48506	185	6.0	124.0	observed
P48506	191	6.0	118.0	observed
P48506	309	118.0	124.0	observed
P48552	239	11.0	410.0	observed
P48552	250	11.0	399.0	observed
P48552	649	298.0	399.0	observed
P48552	947	298.0	697.0	observed
P48634	41	14.0	191.0	observed
P48634	55	14.0	177.0	observed
P48634	232	15.0	40.0	observed
P48634	247	15.0	25.0	observed
P48634	272	9.0	12.0	observed
P48634	281	3.0	8.0	observed
P48634	284	3.0	5.0	observed
P48634	289	5.0	7.0	observed
P48634	296	7.0	7.0	observed
P48634	303	7.0	14.0	observed
P48634	432	129.0	136.0	observed
P48634	710	12.0	23.0	observed
P48634	722	11.0	12.0	observed
P48634	733	5.0	11.0	observed
P48634	738	5.0	16.0	observed
P48634	771	33.0	38.0	observed
P48634	1024	2.0	4.0	observed
P48634	1026	2.0	2.0	observed
P48634	1028	2.0	4.0	observed
P48634	1034	2.0	5.0	observed
P48634	1036	2.0	3.0	observed
P48634	1039	3.0	5.0	observed
P48634	1045	6.0	9.0	observed
P48634	1066	14.0	16.0	observed
P48634	1080	2.0	14.0	observed
P48634	1082	2.0	16.0	observed
P48634	1152	4.0	7.0	observed
P48634	1156	3.0	4.0	observed
P48634	1159	3.0	5.0	observed
P48634	1164	5.0	5.0	observed
P48634	1169	5.0	7.0	observed
P48634	1176	7.0	12.0	observed
P48634	1223	47.0	54.0	observed
P48634	1370	6.0	13.0	observed
P48634	1376	6.0	7.0	observed
P48634	1383	7.0	13.0	observed
P48634	1398	15.0	22.0	observed
P48634	1422	5.0	24.0	observed
P48634	1427	5.0	29.0	observed
P48634	1686	22.0	57.0	observed
P48634	1708	22.0	35.0	observed
P48634	1743	29.0	35.0	observed
P48634	1772	29.0	64.0	observed
P48634	1865	10.0	93.0	observed
P48634	1875	10.0	103.0	observed
P48634	2089	214.0	224.0	observed
P48637	230	22.0	23.0	observed
P48637	252	1.0	22.0	observed
P48637	253	1.0	23.0	observed
P48643	27	22.0	105.0	observed
P48643	49	22.0	83.0	observed
P48643	132	83.0	105.0	observed
P48643	534	402.0	485.0	observed
P48668	16	8.0	26.0	observed
P48668	24	8.0	18.0	observed
P48668	42	17.0	18.0	observed
P48668	59	17.0	35.0	observed
P48668	475	416.0	433.0	observed
P48681	160	72.0	inf	observed
P48681	232	72.0	inf	observed
P48723	347	inf	inf	observed
P48730	335	40.0	inf	observed
P48730	375	40.0	inf	observed
P48735	188	inf	inf	observed
P48739	146	98.0	inf	observed
P48739	244	98.0	inf	observed
P48741	51	inf	inf	observed
P49069	146	inf	inf	observed
P49189	15	4.0	inf	observed
P49189	19	4.0	inf	observed
P49207	10	19.0	42.0	observed
P49207	29	19.0	23.0	observed
P49207	52	2.0	23.0	observed
P49207	54	2.0	22.0	observed
P49207	76	12.0	22.0	observed
P49207	88	12.0	34.0	observed
P49247	21	21.0	25.0	observed
P49247	42	4.0	10.0	observed
P49247	46	4.0	6.0	observed
P49247	52	6.0	10.0	observed
P49321	140	4.0	477.0	observed
P49321	144	4.0	473.0	observed
P49321	617	473.0	477.0	observed
P49327	49	1.0	1503.0	observed
P49327	50	1.0	1502.0	observed
P49327	1552	452.0	491.0	observed
P49327	2004	39.0	409.0	observed
P49327	2043	39.0	370.0	observed
P49327	2413	15.0	370.0	observed
P49327	2428	15.0	385.0	observed
P49354	253	34.0	inf	observed
P49354	287	34.0	inf	observed
P49366	38	116.0	inf	observed
P49366	154	116.0	inf	observed
P49368	5	33.0	211.0	observed
P49368	38	33.0	178.0	observed
P49368	216	97.0	118.0	observed
P49368	313	21.0	26.0	observed
P49368	334	5.0	21.0	observed
P49368	339	5.0	26.0	observed
P49368	377	38.0	43.0	observed
P49411	105	2.0	125.0	observed
P49411	107	2.0	123.0	observed
P49411	230	54.0	73.0	observed
P49411	284	19.0	46.0	observed
P49411	303	19.0	27.0	observed
P49411	330	27.0	46.0	observed
P49427	166	inf	inf	observed
P49441	283	inf	inf	observed
P49448	76	inf	inf	observed
P49450	42	inf	inf	observed
P49458	32	39.0	inf	observed
P49458	71	39.0	inf	observed
P49588	194	4.0	126.0	observed
P49588	198	4.0	122.0	observed
P49588	320	5.0	122.0	observed
P49588	325	5.0	120.0	observed
P49588	445	65.0	120.0	observed
P49588	510	59.0	65.0	observed
P49588	569	28.0	59.0	observed
P49588	597	28.0	36.0	observed
P49588	633	2.0	36.0	observed
P49588	635	2.0	38.0	observed
P49588	683	48.0	50.0	observed
P49589	671	inf	inf	observed
P49591	157	160.0	278.0	observed
P49591	317	118.0	160.0	observed
P49591	435	70.0	118.0	observed
P49591	505	70.0	188.0	observed
P49593	100	inf	inf	observed
P49674	321	21.0	61.0	observed
P49674	342	21.0	40.0	observed
P49674	382	40.0	61.0	observed
P49720	26	1.0	22.0	observed
P49720	27	1.0	21.0	observed
P49720	48	21.0	22.0	observed
P49721	70	16.0	23.0	observed
P49721	86	7.0	9.0	observed
P49721	93	2.0	7.0	observed
P49721	95	2.0	9.0	observed
P49721	161	66.0	68.0	observed
P49736	18	1.0	108.0	observed
P49736	19	1.0	107.0	observed
P49736	126	66.0	107.0	observed
P49736	192	66.0	106.0	observed
P49736	298	9.0	106.0	observed
P49736	307	9.0	115.0	observed
P49736	623	54.0	128.0	observed
P49736	677	54.0	74.0	observed
P49736	751	74.0	128.0	observed
P49748	286	358.0	inf	observed
P49748	644	358.0	inf	observed
P49750	7	743.0	751.0	observed
P49750	750	8.0	11.0	observed
P49750	758	3.0	8.0	observed
P49750	761	3.0	5.0	observed
P49750	766	1.0	5.0	observed
P49750	767	1.0	6.0	observed
P49750	774	5.0	7.0	observed
P49750	779	5.0	5.0	observed
P49750	784	5.0	5.0	observed
P49750	789	5.0	5.0	observed
P49750	794	2.0	5.0	observed
P49750	796	2.0	7.0	observed
P49750	814	17.0	18.0	observed
P49750	831	17.0	35.0	observed
P49750	1014	27.0	33.0	observed
P49750	1041	6.0	27.0	observed
P49750	1047	6.0	33.0	observed
P49750	1081	22.0	28.0	observed
P49750	1103	6.0	22.0	observed
P49750	1109	6.0	24.0	observed
P49750	1133	11.0	15.0	observed
P49750	1144	4.0	11.0	observed
P49750	1148	4.0	7.0	observed
P49750	1155	4.0	7.0	observed
P49750	1159	4.0	11.0	observed
P49750	1393	120.0	134.0	observed
P49750	1513	14.0	21.0	observed
P49750	1527	7.0	14.0	observed
P49750	1534	7.0	7.0	observed
P49750	1541	7.0	14.0	observed
P49750	1698	60.0	65.0	observed
P49750	1758	5.0	27.0	observed
P49750	1763	5.0	22.0	observed
P49750	1785	7.0	22.0	observed
P49750	1792	7.0	29.0	observed
P49753	86	inf	inf	observed
P49755	152	1.0	inf	observed
P49755	153	1.0	inf	observed
P49756	444	70.0	inf	observed
P49756	514	70.0	inf	observed
P49757	53	68.0	143.0	observed
P49757	121	68.0	75.0	observed
P49757	196	10.0	75.0	observed
P49757	206	10.0	72.0	observed
P49757	278	72.0	82.0	observed
P49773	37	inf	inf	observed
P49790	288	54.0	1177.0	observed
P49790	342	54.0	1123.0	observed
P49790	1465	1123.0	1177.0	observed
P49792	596	294.0	311.0	observed
P49792	890	17.0	55.0	observed
P49792	907	17.0	38.0	observed
P49792	945	38.0	55.0	observed
P49792	1016	71.0	80.0	observed
P49792	1096	80.0	151.0	observed
P49792	1407	311.0	391.0	observed
P49792	2103	696.0	1007.0	observed
P49796	448	inf	inf	observed
P49815	751	371.0	604.0	observed
P49815	1122	233.0	371.0	observed
P49815	1355	233.0	604.0	observed
P49821	40	48.0	217.0	observed
P49821	88	48.0	169.0	observed
P49821	257	169.0	217.0	observed
P49840	16	2.0	inf	observed
P49840	18	2.0	inf	observed
P49842	72	inf	inf	observed
P49848	524	inf	inf	observed
P49915	317	3.0	82.0	observed
P49915	320	3.0	79.0	observed
P49915	399	79.0	82.0	observed
P49915	622	223.0	302.0	observed
P49917	40	7.0	inf	observed
P49917	47	7.0	inf	observed
P49959	388	182.0	184.0	observed
P49959	570	2.0	4.0	observed
P49959	572	2.0	2.0	observed
P49959	574	2.0	2.0	observed
P49959	576	1.0	2.0	observed
P49959	577	1.0	3.0	observed
P49959	580	3.0	4.0	observed
P49959	587	5.0	7.0	observed
P49959	592	2.0	5.0	observed
P49959	594	2.0	7.0	observed
P49959	604	2.0	10.0	observed
P49959	606	2.0	10.0	observed
P49959	616	10.0	12.0	observed
P50213	66	inf	inf	observed
P50219	215	inf	inf	observed
P50238	68	inf	inf	observed
P50395	35	33.0	35.0	observed
P50395	68	2.0	33.0	observed
P50395	70	2.0	35.0	observed
P50402	45	58.0	inf	observed
P50402	103	58.0	inf	observed
P50452	87	inf	inf	observed
P50454	228	inf	inf	observed
P50479	8	13.0	inf	observed
P50479	21	13.0	inf	observed
P50502	4	6.0	25.0	observed
P50502	10	6.0	19.0	observed
P50502	29	3.0	19.0	observed
P50502	32	3.0	22.0	observed
P50548	180	3.0	38.0	observed
P50548	183	3.0	35.0	observed
P50548	218	6.0	15.0	observed
P50548	224	6.0	9.0	observed
P50548	233	9.0	15.0	observed
P50548	329	96.0	105.0	observed
P50570	217	563.0	568.0	observed
P50570	780	5.0	69.0	observed
P50570	785	5.0	64.0	observed
P50570	849	1.0	8.0	observed
P50570	850	1.0	7.0	observed
P50570	857	5.0	7.0	observed
P50570	862	5.0	12.0	observed
P50579	23	147.0	375.0	observed
P50579	170	147.0	228.0	observed
P50579	398	228.0	375.0	observed
P50749	142	2.0	9.0	observed
P50749	144	2.0	7.0	observed
P50749	151	7.0	9.0	observed
P50749	165	14.0	21.0	observed
P50750	86	284.0	inf	observed
P50750	370	284.0	inf	observed
P50851	2338	inf	inf	observed
P50895	45	inf	inf	observed
P50914	46	1.0	inf	observed
P50914	47	1.0	inf	observed
P50990	378	inf	inf	observed
P50991	8	11.0	19.0	observed
P50991	19	8.0	11.0	observed
P50991	27	8.0	19.0	observed
P50991	49	22.0	30.0	observed
P50991	160	46.0	111.0	observed
P50991	206	46.0	68.0	observed
P50991	274	3.0	68.0	observed
P50991	277	3.0	71.0	observed
P50993	845	inf	inf	observed
P50995	210	136.0	190.0	observed
P50995	346	54.0	93.0	observed
P50995	400	39.0	54.0	observed
P50995	439	31.0	39.0	observed
P50995	470	31.0	70.0	observed
P51114	113	77.0	252.0	observed
P51114	190	77.0	175.0	observed
P51114	365	3.0	11.0	observed
P51114	368	3.0	8.0	observed
P51114	376	8.0	10.0	observed
P51114	386	2.0	4.0	observed
P51114	388	2.0	2.0	observed
P51114	390	2.0	4.0	observed
P51114	436	5.0	9.0	observed
P51114	441	4.0	5.0	observed
P51114	445	4.0	8.0	observed
P51114	453	2.0	6.0	observed
P51114	455	2.0	4.0	observed
P51114	459	4.0	6.0	observed
P51116	95	280.0	298.0	observed
P51116	375	18.0	24.0	observed
P51116	393	6.0	18.0	observed
P51116	399	6.0	24.0	observed
P51116	432	2.0	4.0	observed
P51116	434	2.0	2.0	observed
P51116	436	2.0	4.0	observed
P51116	476	12.0	14.0	observed
P51116	488	2.0	12.0	observed
P51116	490	2.0	14.0	observed
P51116	557	37.0	40.0	observed
P51116	594	3.0	37.0	observed
P51116	597	3.0	40.0	observed
P51148	4	5.0	inf	observed
P51148	9	5.0	inf	observed
P51149	55	77.0	inf	observed
P51149	132	77.0	inf	observed
P51153	146	inf	inf	observed
P51159	64	inf	inf	observed
P51397	93	inf	inf	observed
P51531	194	311.0	863.0	observed
P51531	505	311.0	552.0	observed
P51531	1057	552.0	863.0	observed
P51532	181	11.0	348.0	observed
P51532	192	11.0	337.0	observed
P51532	529	337.0	348.0	observed
P51532	1087	558.0	895.0	observed
P51553	199	inf	inf	observed
P51570	239	47.0	48.0	observed
P51570	286	1.0	10.0	observed
P51570	287	1.0	9.0	observed
P51570	296	9.0	10.0	observed
P51571	116	inf	inf	observed
P51572	213	inf	inf	observed
P51608	115	47.0	52.0	observed
P51608	162	5.0	6.0	observed
P51608	167	1.0	5.0	observed
P51608	168	1.0	6.0	observed
P51610	322	182.0	202.0	observed
P51610	504	20.0	104.0	observed
P51610	524	20.0	84.0	observed
P51610	608	84.0	104.0	observed
P51610	847	8.0	239.0	observed
P51610	855	8.0	247.0	observed
P51610	1204	15.0	40.0	observed
P51610	1219	15.0	25.0	observed
P51610	1244	9.0	25.0	observed
P51610	1253	9.0	34.0	observed
P51610	1511	258.0	267.0	observed
P51617	117	584.0	inf	observed
P51617	701	584.0	inf	observed
P51648	31	inf	inf	observed
P51659	633	inf	inf	observed
P51665	209	inf	inf	observed
P51692	110	inf	inf	observed
P51784	241	436.0	inf	observed
P51784	677	436.0	inf	observed
P51798	113	inf	inf	observed
P51805	1815	inf	inf	observed
P51809	150	inf	inf	observed
P51812	723	inf	inf	observed
P51858	208	27.0	inf	observed
P51858	235	27.0	inf	observed
P51911	185	80.0	inf	observed
P51911	265	80.0	inf	observed
P51956	435	inf	inf	observed
P51957	10	inf	inf	observed
P51991	16	1.0	5.0	observed
P51991	17	1.0	4.0	observed
P51991	21	4.0	5.0	observed
P51991	35	14.0	17.0	observed
P51991	52	17.0	22.0	observed
P51991	74	2.0	22.0	observed
P51991	76	2.0	24.0	observed
P51991	143	18.0	24.0	observed
P51991	161	6.0	18.0	observed
P51991	167	6.0	24.0	observed
P51991	214	2.0	12.0	observed
P51991	216	2.0	10.0	observed
P51991	226	10.0	12.0	observed
P51991	239	7.0	13.0	observed
P51991	246	7.0	11.0	observed
P51991	257	11.0	18.0	observed
P51991	286	29.0	40.0	observed
P51991	354	22.0	23.0	observed
P51991	376	1.0	22.0	observed
P51991	377	1.0	23.0	observed
P52198	184	inf	inf	observed
P52209	324	inf	inf	observed
P52272	56	4.0	98.0	observed
P52272	60	4.0	94.0	observed
P52272	154	94.0	98.0	observed
P52272	362	9.0	41.0	observed
P52272	371	9.0	32.0	observed
P52272	403	7.0	26.0	observed
P52272	410	7.0	19.0	observed
P52272	429	7.0	14.0	observed
P52272	436	7.0	7.0	observed
P52272	443	7.0	14.0	observed
P52272	485	11.0	18.0	observed
P52272	496	7.0	11.0	observed
P52272	503	7.0	7.0	observed
P52272	510	7.0	14.0	observed
P52272	543	7.0	22.0	observed
P52272	550	7.0	15.0	observed
P52272	565	13.0	15.0	observed
P52272	578	13.0	13.0	observed
P52272	591	13.0	15.0	observed
P52272	606	15.0	15.0	observed
P52272	621	6.0	15.0	observed
P52272	627	6.0	21.0	observed
P52292	50	1.0	inf	observed
P52292	51	1.0	inf	observed
P52298	139	7.0	inf	observed
P52298	146	7.0	inf	observed
P52306	368	inf	inf	observed
P52594	18	438.0	inf	observed
P52594	456	438.0	inf	observed
P52597	90	24.0	116.0	observed
P52597	114	24.0	92.0	observed
P52597	206	6.0	11.0	observed
P52597	212	5.0	6.0	observed
P52597	217	1.0	5.0	observed
P52597	218	1.0	6.0	observed
P52597	232	14.0	15.0	observed
P52655	167	inf	inf	observed
P52701	33	107.0	544.0	observed
P52701	140	107.0	437.0	observed
P52701	577	437.0	447.0	observed
P52701	1024	1.0	148.0	observed
P52701	1025	1.0	147.0	observed
P52701	1172	147.0	148.0	observed
P52732	784	241.0	inf	observed
P52732	1025	241.0	inf	observed
P52737	80	inf	inf	observed
P52746	1050	3.0	inf	observed
P52746	1053	3.0	inf	observed
P52756	130	565.0	648.0	observed
P52756	695	83.0	565.0	observed
P52756	778	83.0	648.0	observed
P52788	122	inf	inf	observed
P52789	702	inf	inf	observed
P52790	677	inf	inf	observed
P52824	10	9.0	41.0	observed
P52824	19	9.0	32.0	observed
P52824	51	32.0	41.0	observed
P52895	91	inf	inf	observed
P52907	7	inf	inf	observed
P52926	4	inf	inf	observed
P52948	204	515.0	638.0	observed
P52948	719	123.0	515.0	observed
P52948	842	123.0	638.0	observed
P52948	1502	11.0	660.0	observed
P52948	1513	11.0	671.0	observed
P52952	225	inf	inf	observed
P53007	65	inf	inf	observed
P53041	74	293.0	inf	observed
P53041	367	293.0	inf	observed
P53365	86	inf	inf	observed
P53384	18	inf	inf	observed
P53396	379	10.0	312.0	observed
P53396	389	10.0	302.0	observed
P53396	691	295.0	302.0	observed
P53396	986	295.0	597.0	observed
P53567	60	inf	inf	observed
P53609	8	296.0	inf	observed
P53609	304	296.0	inf	observed
P53618	117	36.0	187.0	observed
P53618	153	36.0	151.0	observed
P53618	304	12.0	23.0	observed
P53618	316	11.0	12.0	observed
P53618	327	11.0	23.0	observed
P53621	182	24.0	45.0	observed
P53621	206	21.0	24.0	observed
P53621	227	19.0	21.0	observed
P53621	246	19.0	28.0	observed
P53621	274	28.0	47.0	observed
P53621	358	65.0	84.0	observed
P53621	423	65.0	149.0	observed
P53621	583	160.0	225.0	observed
P53621	965	2.0	252.0	observed
P53621	967	2.0	250.0	observed
P53621	1217	250.0	252.0	observed
P53667	320	inf	inf	observed
P53674	230	1.0	inf	observed
P53674	231	1.0	inf	observed
P53677	238	inf	inf	observed
P53814	331	53.0	88.0	observed
P53814	384	35.0	40.0	observed
P53814	419	5.0	17.0	observed
P53814	424	5.0	12.0	observed
P53814	436	12.0	17.0	observed
P53814	538	102.0	104.0	observed
P53814	642	104.0	206.0	observed
P53990	147	64.0	inf	observed
P53990	211	64.0	inf	observed
P53992	222	115.0	128.0	observed
P53992	337	13.0	115.0	observed
P53992	350	13.0	128.0	observed
P53992	928	4.0	578.0	observed
P53992	932	4.0	582.0	observed
P54098	722	292.0	inf	observed
P54098	1014	292.0	inf	observed
P54105	43	169.0	inf	observed
P54105	212	169.0	inf	observed
P54132	101	inf	inf	observed
P54136	167	112.0	174.0	observed
P54136	279	62.0	73.0	observed
P54136	341	11.0	20.0	observed
P54136	352	9.0	11.0	observed
P54136	361	9.0	20.0	observed
P54136	472	111.0	120.0	observed
P54253	53	6.0	inf	observed
P54253	59	6.0	inf	observed
P54259	1002	10.0	89.0	observed
P54259	1012	10.0	79.0	observed
P54259	1091	24.0	33.0	observed
P54259	1115	9.0	24.0	observed
P54259	1124	9.0	33.0	observed
P54274	396	inf	inf	observed
P54577	189	48.0	90.0	observed
P54577	237	42.0	48.0	observed
P54577	279	42.0	90.0	observed
P54577	400	18.0	32.0	observed
P54577	418	14.0	18.0	observed
P54577	432	14.0	32.0	observed
P54578	293	inf	inf	observed
P54646	227	inf	inf	observed
P54652	50	422.0	470.0	observed
P54652	472	48.0	55.0	observed
P54652	520	7.0	48.0	observed
P54652	527	7.0	55.0	observed
P54687	119	inf	inf	observed
P54727	220	inf	inf	observed
P54819	103	99.0	inf	observed
P54819	202	99.0	inf	observed
P54886	212	537.0	inf	observed
P54886	749	537.0	inf	observed
P54920	282	13.0	inf	observed
P54920	295	13.0	inf	observed
P55011	223	inf	inf	observed
P55017	732	inf	inf	observed
P55042	14	inf	inf	observed
P55055	126	inf	inf	observed
P55060	26	1.0	63.0	observed
P55060	27	1.0	62.0	observed
P55060	89	62.0	63.0	observed
P55060	355	16.0	17.0	observed
P55060	371	1.0	11.0	observed
P55060	372	1.0	10.0	observed
P55060	382	10.0	11.0	observed
P55072	22	3.0	122.0	observed
P55072	25	3.0	119.0	observed
P55072	144	11.0	119.0	observed
P55072	155	11.0	130.0	observed
P55072	287	26.0	132.0	observed
P55072	313	26.0	158.0	observed
P55072	586	13.0	114.0	observed
P55072	599	13.0	101.0	observed
P55072	700	8.0	32.0	observed
P55072	708	8.0	24.0	observed
P55072	732	1.0	9.0	observed
P55072	733	1.0	8.0	observed
P55072	741	8.0	9.0	observed
P55072	753	12.0	20.0	observed
P55081	85	2.0	inf	observed
P55081	87	2.0	inf	observed
P55084	247	inf	inf	observed
P55196	178	8.0	65.0	observed
P55196	186	8.0	57.0	observed
P55196	243	57.0	65.0	observed
P55196	1117	874.0	931.0	observed
P55198	590	3.0	inf	observed
P55198	593	3.0	inf	observed
P55201	888	inf	inf	observed
P55209	72	inf	inf	observed
P55211	32	inf	inf	observed
P55212	9	inf	inf	observed
P55265	4	22.0	70.0	observed
P55265	26	22.0	48.0	observed
P55265	74	10.0	17.0	observed
P55265	84	7.0	10.0	observed
P55265	91	4.0	7.0	observed
P55265	95	4.0	11.0	observed
P55265	114	7.0	19.0	observed
P55265	121	7.0	26.0	observed
P55265	816	1.0	280.0	observed
P55265	817	1.0	279.0	observed
P55265	1096	279.0	280.0	observed
P55268	464	4.0	1210.0	observed
P55268	468	4.0	1206.0	observed
P55268	1674	1206.0	1210.0	observed
P55283	405	inf	inf	observed
P55290	167	3.0	inf	observed
P55290	170	3.0	inf	observed
P55345	53	8.0	19.0	observed
P55345	61	8.0	11.0	observed
P55345	72	11.0	19.0	observed
P55735	35	inf	inf	observed
P55786	185	36.0	335.0	observed
P55786	221	36.0	299.0	observed
P55786	520	95.0	299.0	observed
P55786	615	95.0	285.0	observed
P55786	900	12.0	285.0	observed
P55786	912	12.0	297.0	observed
P55789	7	2.0	28.0	observed
P55789	9	2.0	26.0	observed
P55789	35	2.0	6.0	observed
P55789	37	2.0	4.0	observed
P55789	41	1.0	4.0	observed
P55789	42	1.0	5.0	observed
P55795	81	33.0	118.0	observed
P55795	114	33.0	85.0	observed
P55795	199	7.0	13.0	observed
P55795	206	6.0	7.0	observed
P55795	212	5.0	6.0	observed
P55795	217	5.0	7.0	observed
P55795	224	6.0	7.0	observed
P55795	230	2.0	3.0	observed
P55795	232	1.0	2.0	observed
P55795	233	1.0	3.0	observed
P55795	259	3.0	26.0	observed
P55795	262	3.0	29.0	observed
P55795	294	5.0	32.0	observed
P55795	299	5.0	37.0	observed
P55809	146	inf	inf	observed
P55884	113	303.0	645.0	observed
P55884	416	303.0	342.0	observed
P55884	758	342.0	645.0	observed
P56182	423	21.0	inf	observed
P56182	444	21.0	inf	observed
P56192	23	95.0	353.0	observed
P56192	118	95.0	258.0	observed
P56192	376	12.0	18.0	observed
P56192	388	6.0	12.0	observed
P56192	394	6.0	18.0	observed
P56211	35	15.0	inf	observed
P56211	50	15.0	inf	observed
P56270	321	36.0	inf	observed
P56270	357	36.0	inf	observed
P56537	85	10.0	11.0	observed
P56537	95	1.0	10.0	observed
P56537	96	1.0	11.0	observed
P56545	22	11.0	269.0	observed
P56545	33	11.0	258.0	observed
P56545	291	258.0	269.0	observed
P56556	77	inf	inf	observed
P57053	28	45.0	59.0	observed
P57053	73	14.0	20.0	observed
P57053	87	6.0	13.0	observed
P57053	93	6.0	7.0	observed
P57053	100	7.0	13.0	observed
P57055	26	156.0	inf	observed
P57055	182	156.0	inf	observed
P57071	630	inf	inf	observed
P57073	89	inf	inf	observed
P57076	223	inf	inf	observed
P57078	541	inf	inf	observed
P57088	134	inf	inf	observed
P57721	89	231.0	inf	observed
P57721	320	231.0	inf	observed
P57735	75	inf	inf	observed
P57740	60	8.0	609.0	observed
P57740	68	8.0	601.0	observed
P57740	669	601.0	609.0	observed
P57772	551	5.0	10.0	observed
P57772	556	5.0	5.0	observed
P57772	561	5.0	10.0	observed
P58004	39	3.0	235.0	observed
P58004	42	3.0	232.0	observed
P58004	274	12.0	232.0	observed
P58004	286	12.0	244.0	observed
P58005	3	95.0	inf	observed
P58005	98	95.0	inf	observed
P58107	2603	536.0	1067.0	observed
P58107	3139	531.0	536.0	observed
P58107	3670	531.0	534.0	observed
P58107	4204	534.0	536.0	observed
P58107	4740	536.0	1070.0	observed
P58340	23	4.0	25.0	observed
P58340	27	4.0	21.0	observed
P58340	48	2.0	21.0	observed
P58340	50	2.0	23.0	observed
P58340	219	169.0	171.0	observed
P58417	101	inf	inf	observed
P58876	73	7.0	14.0	observed
P58876	80	7.0	7.0	observed
P58876	87	6.0	7.0	observed
P58876	93	6.0	7.0	observed
P58876	100	7.0	13.0	observed
P59047	20	inf	inf	observed
P60174	99	1.0	36.0	observed
P60174	100	1.0	35.0	observed
P60174	135	35.0	36.0	observed
P60228	163	inf	inf	observed
P60323	146	1.0	10.0	observed
P60323	147	1.0	9.0	observed
P60323	156	9.0	10.0	observed
P60510	15	92.0	inf	observed
P60510	107	92.0	inf	observed
P60520	28	37.0	inf	observed
P60520	65	37.0	inf	observed
P60602	18	32.0	inf	observed
P60602	50	32.0	inf	observed
P60660	21	73.0	inf	observed
P60660	94	73.0	inf	observed
P60709	28	178.0	284.0	observed
P60709	206	106.0	178.0	observed
P60709	312	106.0	284.0	observed
P60763	163	inf	inf	observed
P60842	168	22.0	87.0	observed
P60842	190	22.0	65.0	observed
P60842	255	61.0	65.0	observed
P60842	316	37.0	61.0	observed
P60842	353	37.0	98.0	observed
P60866	19	22.0	60.0	observed
P60866	41	22.0	38.0	observed
P60866	79	38.0	60.0	observed
P60891	22	134.0	162.0	observed
P60891	156	28.0	48.0	observed
P60891	184	20.0	28.0	observed
P60891	204	20.0	48.0	observed
P60900	3	8.0	18.0	observed
P60900	11	8.0	10.0	observed
P60900	21	10.0	18.0	observed
P60900	245	224.0	234.0	observed
P61019	90	1.0	inf	observed
P61019	91	1.0	inf	observed
P61026	147	25.0	inf	observed
P61026	172	25.0	inf	observed
P61073	334	inf	inf	observed
P61081	33	124.0	125.0	observed
P61081	157	1.0	9.0	observed
P61081	158	1.0	8.0	observed
P61081	166	3.0	8.0	observed
P61081	169	3.0	11.0	observed
P61086	11	29.0	inf	observed
P61086	40	29.0	inf	observed
P61088	141	inf	inf	observed
P61163	66	6.0	247.0	observed
P61163	72	6.0	241.0	observed
P61163	313	241.0	247.0	observed
P61201	352	3.0	inf	observed
P61201	355	3.0	inf	observed
P61204	117	inf	inf	observed
P61221	325	inf	inf	observed
P61244	75	inf	inf	observed
P61254	11	6.0	15.0	observed
P61254	17	6.0	9.0	observed
P61254	26	9.0	15.0	observed
P61254	59	25.0	33.0	observed
P61254	84	25.0	58.0	observed
P61313	12	51.0	93.0	observed
P61313	63	42.0	51.0	observed
P61313	105	42.0	57.0	observed
P61313	162	33.0	40.0	observed
P61313	195	7.0	33.0	observed
P61313	202	7.0	40.0	observed
P61326	8	74.0	77.0	observed
P61326	82	3.0	74.0	observed
P61326	85	3.0	77.0	observed
P61353	36	48.0	inf	observed
P61353	84	48.0	inf	observed
P61421	293	inf	inf	observed
P61513	17	inf	inf	observed
P61586	122	6.0	inf	observed
P61586	128	6.0	inf	observed
P61599	153	inf	inf	observed
P61604	7	8.0	85.0	observed
P61604	15	8.0	77.0	observed
P61604	92	77.0	85.0	observed
P61619	273	inf	inf	observed
P61923	25	124.0	inf	observed
P61923	149	124.0	inf	observed
P61956	50	inf	inf	observed
P61960	15	60.0	inf	observed
P61960	75	60.0	inf	observed
P61962	96	3.0	88.0	observed
P61962	99	3.0	85.0	observed
P61962	184	85.0	88.0	observed
P61978	22	24.0	126.0	observed
P61978	46	24.0	102.0	observed
P61978	148	43.0	53.0	observed
P61978	191	10.0	43.0	observed
P61978	201	10.0	45.0	observed
P61978	246	1.0	3.0	observed
P61978	247	1.0	2.0	observed
P61978	249	2.0	3.0	observed
P61978	256	2.0	7.0	observed
P61978	258	2.0	5.0	observed
P61978	263	5.0	5.0	observed
P61978	268	3.0	5.0	observed
P61978	271	3.0	6.0	observed
P61978	277	1.0	6.0	observed
P61978	278	1.0	7.0	observed
P61978	286	1.0	8.0	observed
P61978	287	1.0	9.0	observed
P61978	296	3.0	7.0	observed
P61978	299	3.0	4.0	observed
P61978	303	2.0	4.0	observed
P61978	305	2.0	6.0	observed
P61978	316	9.0	10.0	observed
P61978	325	1.0	3.0	observed
P61978	326	1.0	2.0	observed
P61978	328	2.0	3.0	observed
P61978	332	4.0	6.0	observed
P61978	377	45.0	49.0	observed
P61978	433	56.0	101.0	observed
P61981	42	inf	inf	observed
P62072	53	inf	inf	observed
P62136	36	60.0	86.0	observed
P62136	96	26.0	36.0	observed
P62136	122	10.0	26.0	observed
P62136	132	10.0	36.0	observed
P62136	187	1.0	55.0	observed
P62136	188	1.0	56.0	observed
P62140	19	16.0	102.0	observed
P62140	35	16.0	86.0	observed
P62140	121	10.0	86.0	observed
P62140	131	10.0	96.0	observed
P62191	322	inf	inf	observed
P62195	21	inf	inf	observed
P62241	110	74.0	90.0	observed
P62241	184	16.0	74.0	observed
P62241	200	16.0	90.0	observed
P62244	57	inf	inf	observed
P62249	15	30.0	47.0	observed
P62249	45	17.0	24.0	observed
P62249	62	7.0	17.0	observed
P62249	69	7.0	16.0	observed
P62249	85	16.0	23.0	observed
P62249	117	8.0	32.0	observed
P62249	125	8.0	40.0	observed
P62258	4	15.0	38.0	observed
P62258	19	15.0	23.0	observed
P62258	42	23.0	38.0	observed
P62258	130	11.0	88.0	observed
P62258	141	11.0	99.0	observed
P62263	117	inf	inf	observed
P62266	107	inf	inf	observed
P62269	23	23.0	32.0	observed
P62269	46	9.0	20.0	observed
P62269	55	9.0	11.0	observed
P62269	66	11.0	20.0	observed
P62269	113	47.0	58.0	observed
P62273	12	20.0	inf	observed
P62273	32	20.0	inf	observed
P62277	19	1.0	inf	observed
P62277	20	1.0	inf	observed
P62280	69	2.0	21.0	observed
P62280	71	2.0	19.0	observed
P62280	90	7.0	19.0	observed
P62280	97	7.0	26.0	observed
P62304	4	inf	inf	observed
P62306	73	inf	inf	observed
P62310	28	inf	inf	observed
P62312	66	inf	inf	observed
P62314	61	5.0	37.0	observed
P62314	66	5.0	32.0	observed
P62314	98	2.0	4.0	observed
P62314	100	2.0	2.0	observed
P62314	102	2.0	4.0	observed
P62314	106	4.0	6.0	observed
P62316	19	42.0	inf	observed
P62316	61	42.0	inf	observed
P62318	64	33.0	46.0	observed
P62318	97	13.0	15.0	observed
P62318	110	2.0	4.0	observed
P62318	112	2.0	2.0	observed
P62318	114	2.0	4.0	observed
P62318	118	4.0	6.0	observed
P62424	89	134.0	140.0	observed
P62424	223	6.0	11.0	observed
P62424	229	5.0	6.0	observed
P62424	234	1.0	5.0	observed
P62424	235	1.0	6.0	observed
P62487	110	inf	inf	observed
P62491	74	30.0	58.0	observed
P62491	104	28.0	30.0	observed
P62491	132	28.0	58.0	observed
P62495	10	172.0	179.0	observed
P62495	182	7.0	107.0	observed
P62495	189	7.0	100.0	observed
P62495	289	100.0	107.0	observed
P62508	207	inf	inf	observed
P62633	11	14.0	16.0	observed
P62633	25	2.0	5.0	observed
P62633	27	2.0	3.0	observed
P62633	30	2.0	3.0	observed
P62633	32	2.0	2.0	observed
P62633	34	2.0	4.0	observed
P62633	41	7.0	9.0	observed
P62633	79	38.0	45.0	observed
P62699	59	6.0	inf	observed
P62699	65	6.0	inf	observed
P62701	145	3.0	53.0	observed
P62701	148	3.0	50.0	observed
P62701	198	2.0	50.0	observed
P62701	200	2.0	52.0	observed
P62714	294	1.0	inf	observed
P62714	295	1.0	inf	observed
P62736	30	67.0	168.0	observed
P62736	97	67.0	101.0	observed
P62736	198	101.0	168.0	observed
P62753	22	50.0	109.0	observed
P62753	72	50.0	59.0	observed
P62753	131	1.0	23.0	observed
P62753	132	1.0	22.0	observed
P62753	154	22.0	23.0	observed
P62805	4	16.0	20.0	observed
P62805	20	4.0	16.0	observed
P62805	24	4.0	12.0	observed
P62805	36	1.0	10.0	observed
P62805	37	1.0	9.0	observed
P62805	46	9.0	10.0	observed
P62805	56	10.0	12.0	observed
P62805	68	12.0	22.0	observed
P62807	73	7.0	14.0	observed
P62807	80	7.0	7.0	observed
P62807	87	6.0	7.0	observed
P62807	93	6.0	7.0	observed
P62807	100	7.0	13.0	observed
P62820	111	inf	inf	observed
P62826	29	27.0	inf	observed
P62826	56	27.0	inf	observed
P62829	6	inf	inf	observed
P62841	61	inf	inf	observed
P62851	104	inf	inf	observed
P62854	15	inf	inf	observed
P62857	63	inf	inf	observed
P62873	19	3.0	inf	observed
P62873	22	3.0	inf	observed
P62877	99	inf	inf	observed
P62879	15	inf	inf	observed
P62888	106	inf	inf	observed
P62899	14	49.0	inf	observed
P62899	63	49.0	inf	observed
P62906	23	179.0	192.0	observed
P62906	202	13.0	179.0	observed
P62906	215	13.0	192.0	observed
P62910	22	5.0	53.0	observed
P62910	27	5.0	48.0	observed
P62910	75	39.0	48.0	observed
P62910	114	14.0	39.0	observed
P62910	128	14.0	53.0	observed
P62913	32	3.0	43.0	observed
P62913	35	3.0	40.0	observed
P62913	75	20.0	40.0	observed
P62913	95	20.0	60.0	observed
P62913	164	69.0	89.0	observed
P62917	37	17.0	189.0	observed
P62917	54	17.0	172.0	observed
P62917	226	1.0	16.0	observed
P62917	227	1.0	15.0	observed
P62917	242	15.0	16.0	observed
P62937	144	inf	inf	observed
P62942	19	39.0	inf	observed
P62942	58	39.0	inf	observed
P62979	72	47.0	66.0	observed
P62979	119	19.0	47.0	observed
P62979	138	19.0	66.0	observed
P62993	78	129.0	137.0	observed
P62993	207	8.0	129.0	observed
P62993	215	8.0	137.0	observed
P62995	187	23.0	37.0	observed
P62995	210	14.0	18.0	observed
P62995	224	4.0	9.0	observed
P62995	228	4.0	5.0	observed
P62995	233	5.0	5.0	observed
P62995	238	3.0	5.0	observed
P62995	241	3.0	8.0	observed
P62995	251	5.0	10.0	observed
P62995	256	5.0	5.0	observed
P62995	261	5.0	10.0	observed
P62995	271	4.0	10.0	observed
P62995	275	4.0	14.0	observed
P63000	102	61.0	inf	observed
P63000	163	61.0	inf	observed
P63010	138	696.0	inf	observed
P63010	834	696.0	inf	observed
P63092	347	inf	inf	observed
P63096	161	inf	inf	observed
P63104	41	inf	inf	observed
P63151	68	210.0	inf	observed
P63151	278	210.0	inf	observed
P63162	108	4.0	39.0	observed
P63162	112	4.0	35.0	observed
P63162	147	25.0	35.0	observed
P63162	172	25.0	56.0	observed
P63162	228	8.0	56.0	observed
P63162	236	8.0	64.0	observed
P63173	16	inf	inf	observed
P63208	154	inf	inf	observed
P63218	18	inf	inf	observed
P63220	60	1.0	11.0	observed
P63220	61	1.0	10.0	observed
P63220	71	10.0	11.0	observed
P63241	113	inf	inf	observed
P63244	8	39.0	91.0	observed
P63244	47	39.0	52.0	observed
P63244	99	1.0	52.0	observed
P63244	100	1.0	53.0	observed
P63244	245	63.0	72.0	observed
P63244	308	9.0	63.0	observed
P63244	317	9.0	72.0	observed
P63261	28	11.0	34.0	observed
P63261	39	11.0	23.0	observed
P63261	62	23.0	34.0	observed
P63261	206	48.0	106.0	observed
P63261	254	48.0	58.0	observed
P63261	312	58.0	106.0	observed
P63267	29	67.0	168.0	observed
P63267	96	67.0	101.0	observed
P63267	197	101.0	168.0	observed
P67775	295	inf	inf	observed
P67809	142	9.0	10.0	observed
P67809	151	1.0	5.0	observed
P67809	152	1.0	4.0	observed
P67809	156	4.0	5.0	observed
P67809	185	1.0	4.0	observed
P67809	186	1.0	3.0	observed
P67809	189	1.0	3.0	observed
P67809	190	1.0	2.0	observed
P67809	192	2.0	3.0	observed
P67809	199	1.0	5.0	observed
P67809	200	1.0	4.0	observed
P67809	204	1.0	4.0	observed
P67809	205	1.0	5.0	observed
P67809	231	3.0	8.0	observed
P67809	234	3.0	5.0	observed
P67809	239	3.0	5.0	observed
P67809	242	2.0	3.0	observed
P67809	244	2.0	5.0	observed
P67809	279	1.0	9.0	observed
P67809	280	1.0	8.0	observed
P67809	288	2.0	3.0	observed
P67809	290	1.0	2.0	observed
P67809	291	1.0	3.0	observed
P67870	92	86.0	94.0	observed
P67870	178	8.0	86.0	observed
P67870	186	8.0	94.0	observed
P67936	27	6.0	inf	observed
P67936	33	6.0	inf	observed
P68032	30	168.0	182.0	observed
P68032	198	14.0	94.0	observed
P68032	212	14.0	80.0	observed
P68032	292	80.0	94.0	observed
P68104	37	30.0	59.0	observed
P68104	67	29.0	30.0	observed
P68104	96	29.0	38.0	observed
P68104	134	32.0	38.0	observed
P68104	166	32.0	70.0	observed
P68104	266	100.0	132.0	observed
P68104	430	164.0	264.0	observed
P68133	30	168.0	inf	observed
P68133	198	168.0	inf	observed
P68363	79	260.0	inf	observed
P68363	339	260.0	inf	observed
P68366	339	inf	inf	observed
P68371	2	119.0	316.0	observed
P68371	121	119.0	197.0	observed
P68371	318	197.0	316.0	observed
P68400	89	inf	inf	observed
P68431	3	6.0	15.0	observed
P68431	9	6.0	9.0	observed
P68431	18	9.0	9.0	observed
P68431	27	9.0	14.0	observed
P68431	41	2.0	9.0	observed
P68431	43	2.0	7.0	observed
P68431	50	7.0	9.0	observed
P68431	64	14.0	20.0	observed
P68431	84	20.0	34.0	observed
P68431	129	45.0	65.0	observed
P69849	418	inf	inf	observed
P78316	21	38.0	40.0	observed
P78316	59	2.0	38.0	observed
P78316	61	2.0	40.0	observed
P78317	7	7.0	inf	observed
P78317	14	7.0	inf	observed
P78318	225	105.0	inf	observed
P78318	330	105.0	inf	observed
P78330	8	41.0	126.0	observed
P78330	49	41.0	85.0	observed
P78330	134	85.0	126.0	observed
P78332	15	81.0	151.0	observed
P78332	96	70.0	80.0	observed
P78332	166	10.0	12.0	observed
P78332	176	2.0	10.0	observed
P78332	178	2.0	10.0	observed
P78332	188	10.0	12.0	observed
P78332	238	20.0	22.0	observed
P78332	258	2.0	20.0	observed
P78332	260	2.0	22.0	observed
P78337	286	inf	inf	observed
P78344	23	337.0	370.0	observed
P78344	360	33.0	40.0	observed
P78344	393	7.0	9.0	observed
P78344	400	2.0	7.0	observed
P78344	402	2.0	9.0	observed
P78344	460	15.0	45.0	observed
P78344	475	15.0	30.0	observed
P78344	505	30.0	45.0	observed
P78344	592	87.0	95.0	observed
P78344	687	95.0	182.0	observed
P78345	10	4.0	inf	observed
P78345	14	4.0	inf	observed
P78346	167	inf	inf	observed
P78347	101	12.0	42.0	observed
P78347	113	12.0	30.0	observed
P78347	143	30.0	42.0	observed
P78347	206	63.0	93.0	observed
P78347	371	165.0	228.0	observed
P78347	717	2.0	210.0	observed
P78347	719	2.0	208.0	observed
P78347	927	1.0	208.0	observed
P78347	928	1.0	209.0	observed
P78364	852	inf	inf	observed
P78368	25	inf	inf	observed
P78371	427	inf	inf	observed
P78406	206	150.0	inf	observed
P78406	356	150.0	inf	observed
P78410	112	inf	inf	observed
P78417	25	5.0	12.0	observed
P78417	30	5.0	7.0	observed
P78417	37	7.0	12.0	observed
P78426	189	inf	inf	observed
P78524	154	116.0	inf	observed
P78524	270	116.0	inf	observed
P78527	9	5.0	15.0	observed
P78527	14	5.0	10.0	observed
P78527	24	10.0	15.0	observed
P78527	820	32.0	104.0	observed
P78527	852	32.0	72.0	observed
P78527	924	72.0	104.0	observed
P78527	2704	236.0	463.0	observed
P78527	2940	227.0	236.0	observed
P78527	3167	50.0	227.0	observed
P78527	3217	50.0	277.0	observed
P78527	3593	103.0	191.0	observed
P78527	3696	88.0	103.0	observed
P78527	3784	88.0	191.0	observed
P78527	4075	7.0	291.0	observed
P78527	4082	7.0	298.0	observed
P78549	13	inf	inf	observed
P78559	2628	inf	inf	observed
P78560	102	16.0	24.0	observed
P78560	118	8.0	16.0	observed
P78560	126	8.0	24.0	observed
P79522	66	17.0	21.0	observed
P79522	83	4.0	5.0	observed
P79522	87	1.0	4.0	observed
P79522	88	1.0	5.0	observed
P79522	93	5.0	6.0	observed
P79522	99	6.0	11.0	observed
P79522	120	21.0	27.0	observed
P80303	294	2.0	inf	observed
P80303	296	2.0	inf	observed
P81274	318	inf	inf	observed
P81605	59	inf	inf	observed
P81877	136	inf	inf	observed
P82094	1070	inf	inf	observed
P82675	226	inf	inf	observed
P82909	99	inf	inf	observed
P82932	32	inf	inf	observed
P83369	41	37.0	238.0	observed
P83369	78	37.0	201.0	observed
P83369	279	36.0	42.0	observed
P83369	315	6.0	10.0	observed
P83369	321	4.0	6.0	observed
P83369	325	4.0	10.0	observed
P83436	480	inf	inf	observed
P83731	19	inf	inf	observed
P83881	57	inf	inf	observed
P83916	111	4.0	inf	observed
P83916	115	4.0	inf	observed
P84077	97	2.0	20.0	observed
P84077	99	2.0	18.0	observed
P84077	117	18.0	20.0	observed
P84085	117	inf	inf	observed
P84090	13	4.0	inf	observed
P84090	17	4.0	inf	observed
P84098	5	4.0	112.0	observed
P84098	9	4.0	108.0	observed
P84098	117	45.0	108.0	observed
P84098	162	45.0	153.0	observed
P84101	3	4.0	inf	observed
P84101	7	4.0	inf	observed
P84103	28	9.0	29.0	observed
P84103	37	9.0	20.0	observed
P84103	57	20.0	29.0	observed
P84103	90	8.0	33.0	observed
P84103	98	8.0	27.0	observed
P84103	125	6.0	8.0	observed
P84103	131	2.0	6.0	observed
P84103	133	2.0	8.0	observed
P84243	3	15.0	38.0	observed
P84243	18	15.0	23.0	observed
P84243	41	2.0	9.0	observed
P84243	43	2.0	7.0	observed
P84243	50	7.0	9.0	observed
P84243	64	14.0	20.0	observed
P84243	84	20.0	34.0	observed
P84243	129	45.0	65.0	observed
P85037	161	16.0	30.0	observed
P85037	177	14.0	16.0	observed
P85037	191	14.0	30.0	observed
P85037	361	39.0	170.0	observed
P85037	400	39.0	209.0	observed
P85299	371	inf	inf	observed
P98082	64	377.0	379.0	observed
P98082	441	2.0	377.0	observed
P98082	443	2.0	379.0	observed
P98153	90	inf	inf	observed
P98160	849	inf	inf	observed
P98161	2089	20.0	inf	observed
P98161	2109	20.0	inf	observed
P98170	131	25.0	117.0	observed
P98170	156	25.0	92.0	observed
P98170	248	92.0	117.0	observed
P98174	46	44.0	55.0	observed
P98174	90	11.0	19.0	observed
P98174	101	8.0	11.0	observed
P98174	109	8.0	19.0	observed
P98174	172	63.0	71.0	observed
P98175	12	122.0	134.0	observed
P98175	134	12.0	37.0	observed
P98175	146	12.0	25.0	observed
P98175	171	25.0	37.0	observed
P98175	879	14.0	16.0	observed
P98175	893	2.0	9.0	observed
P98175	895	2.0	7.0	observed
P98175	902	7.0	9.0	observed
P98179	47	18.0	40.0	observed
P98179	65	18.0	22.0	observed
P98179	87	3.0	12.0	observed
P98179	90	3.0	9.0	observed
P98179	99	2.0	6.0	observed
P98179	101	2.0	4.0	observed
P98179	105	4.0	6.0	observed
P98179	116	5.0	11.0	observed
P98179	121	5.0	10.0	observed
P98179	131	2.0	7.0	observed
P98179	133	2.0	5.0	observed
P98179	138	5.0	7.0	observed
P98179	145	7.0	12.0	observed
Q00056	238	inf	inf	observed
Q00059	82	inf	inf	observed
Q00169	146	98.0	99.0	observed
Q00169	244	1.0	98.0	observed
Q00169	245	1.0	99.0	observed
Q00266	264	inf	inf	observed
Q00325	117	84.0	109.0	observed
Q00325	201	25.0	84.0	observed
Q00325	226	25.0	109.0	observed
Q00341	1048	176.0	220.0	observed
Q00341	1224	44.0	176.0	observed
Q00341	1268	44.0	220.0	observed
Q00403	127	inf	inf	observed
Q00444	178	inf	inf	observed
Q00536	19	inf	inf	observed
Q00587	8	45.0	68.0	observed
Q00587	53	23.0	26.0	observed
Q00587	76	3.0	22.0	observed
Q00587	79	3.0	19.0	observed
Q00587	98	19.0	22.0	observed
Q00587	310	212.0	231.0	observed
Q00610	144	44.0	759.0	observed
Q00610	188	44.0	715.0	observed
Q00610	903	198.0	301.0	observed
Q00610	1101	103.0	125.0	observed
Q00610	1204	22.0	41.0	observed
Q00610	1226	19.0	22.0	observed
Q00610	1245	19.0	41.0	observed
Q00610	1508	263.0	282.0	observed
Q00688	16	157.0	inf	observed
Q00688	173	157.0	inf	observed
Q00722	874	19.0	inf	observed
Q00722	893	19.0	inf	observed
Q00796	167	inf	inf	observed
Q00839	50	174.0	205.0	observed
Q00839	224	31.0	174.0	observed
Q00839	255	31.0	205.0	observed
Q00839	484	2.0	88.0	observed
Q00839	486	2.0	86.0	observed
Q00839	572	3.0	86.0	observed
Q00839	575	3.0	89.0	observed
Q00839	702	5.0	7.0	observed
Q00839	707	2.0	5.0	observed
Q00839	709	2.0	6.0	observed
Q00839	715	5.0	6.0	observed
Q00839	720	5.0	7.0	observed
Q00839	727	5.0	6.0	observed
Q00839	732	1.0	5.0	observed
Q00839	733	1.0	6.0	observed
Q00839	739	6.0	7.0	observed
Q00839	755	7.0	13.0	observed
Q00839	762	6.0	7.0	observed
Q00839	768	5.0	6.0	observed
Q00839	773	5.0	6.0	observed
Q00839	779	6.0	8.0	observed
Q00839	787	2.0	6.0	observed
Q00839	789	2.0	4.0	observed
Q00839	793	4.0	6.0	observed
Q00994	54	inf	inf	observed
Q01081	165	46.0	inf	observed
Q01081	211	46.0	inf	observed
Q01082	83	598.0	740.0	observed
Q01082	681	142.0	552.0	observed
Q01082	823	142.0	410.0	observed
Q01082	1233	12.0	410.0	observed
Q01082	1245	12.0	422.0	observed
Q01082	2072	16.0	17.0	observed
Q01082	2088	1.0	16.0	observed
Q01082	2089	1.0	17.0	observed
Q01082	2140	51.0	52.0	observed
Q01094	109	2.0	4.0	observed
Q01094	111	2.0	2.0	observed
Q01094	113	2.0	4.0	observed
Q01105	17	40.0	inf	observed
Q01105	57	40.0	inf	observed
Q01130	5	26.0	34.0	observed
Q01130	31	8.0	24.0	observed
Q01130	39	8.0	16.0	observed
Q01130	55	11.0	16.0	observed
Q01130	66	11.0	17.0	observed
Q01130	83	11.0	17.0	observed
Q01130	94	9.0	11.0	observed
Q01130	103	6.0	9.0	observed
Q01130	109	6.0	8.0	observed
Q01130	117	8.0	14.0	observed
Q01167	130	14.0	184.0	observed
Q01167	144	14.0	170.0	observed
Q01167	314	170.0	184.0	observed
Q01196	206	4.0	17.0	observed
Q01196	210	4.0	13.0	observed
Q01196	223	13.0	17.0	observed
Q01196	319	96.0	109.0	observed
Q01201	16	inf	inf	observed
Q01433	33	12.0	752.0	observed
Q01433	45	12.0	740.0	observed
Q01433	785	740.0	752.0	observed
Q01469	10	2.0	inf	observed
Q01469	12	2.0	inf	observed
Q01484	288	612.0	inf	observed
Q01484	900	612.0	inf	observed
Q01543	438	inf	inf	observed
Q01546	77	8.0	33.0	observed
Q01546	85	8.0	25.0	observed
Q01546	110	25.0	33.0	observed
Q01546	495	385.0	410.0	observed
Q01581	313	inf	inf	observed
Q01780	79	inf	inf	observed
Q01804	380	670.0	681.0	observed
Q01804	1050	11.0	18.0	observed
Q01804	1061	7.0	11.0	observed
Q01804	1068	7.0	18.0	observed
Q01804	1089	21.0	28.0	observed
Q01813	310	9.0	373.0	observed
Q01813	319	9.0	364.0	observed
Q01813	683	364.0	373.0	observed
Q01814	869	228.0	inf	observed
Q01814	1097	228.0	inf	observed
Q01826	42	2.0	inf	observed
Q01826	44	2.0	inf	observed
Q01831	58	inf	inf	observed
Q01844	292	8.0	10.0	observed
Q01844	300	2.0	4.0	observed
Q01844	302	2.0	2.0	observed
Q01844	304	2.0	4.0	observed
Q01844	309	5.0	5.0	observed
Q01844	314	3.0	5.0	observed
Q01844	317	3.0	4.0	observed
Q01844	321	4.0	7.0	observed
Q01844	330	9.0	13.0	observed
Q01844	455	6.0	9.0	observed
Q01844	461	3.0	6.0	observed
Q01844	464	3.0	7.0	observed
Q01844	471	7.0	10.0	observed
Q01844	486	4.0	8.0	observed
Q01844	490	4.0	4.0	observed
Q01844	494	4.0	6.0	observed
Q01844	500	3.0	6.0	observed
Q01844	503	3.0	3.0	observed
Q01844	506	3.0	6.0	observed
Q01844	563	2.0	9.0	observed
Q01844	565	2.0	7.0	observed
Q01844	572	3.0	7.0	observed
Q01844	575	3.0	6.0	observed
Q01844	581	6.0	8.0	observed
Q01844	589	3.0	7.0	observed
Q01844	592	3.0	4.0	observed
Q01844	596	4.0	4.0	observed
Q01844	600	3.0	4.0	observed
Q01844	603	3.0	4.0	observed
Q01844	607	4.0	7.0	observed
Q01844	614	1.0	7.0	observed
Q01844	615	1.0	8.0	observed
Q01844	632	1.0	4.0	observed
Q01844	633	1.0	3.0	observed
Q01844	636	3.0	4.0	observed
Q01860	186	inf	inf	observed
Q01995	183	inf	inf	observed
Q02040	598	inf	inf	observed
Q02080	219	7.0	inf	observed
Q02080	226	7.0	inf	observed
Q02224	260	inf	inf	observed
Q02241	884	inf	inf	observed
Q02252	272	220.0	inf	observed
Q02252	492	220.0	inf	observed
Q02388	28	1442.0	2464.0	observed
Q02388	1470	1022.0	1034.0	observed
Q02388	2492	12.0	1022.0	observed
Q02388	2504	12.0	1034.0	observed
Q02447	611	inf	inf	observed
Q02487	810	inf	inf	observed
Q02543	8	7.0	23.0	observed
Q02543	15	7.0	16.0	observed
Q02543	31	16.0	23.0	observed
Q02548	377	inf	inf	observed
Q02641	593	inf	inf	observed
Q02750	47	inf	inf	observed
Q02779	857	inf	inf	observed
Q02790	52	100.0	101.0	observed
Q02790	152	1.0	100.0	observed
Q02790	153	1.0	101.0	observed
Q02790	359	14.0	40.0	observed
Q02790	373	14.0	26.0	observed
Q02790	399	18.0	26.0	observed
Q02790	417	18.0	44.0	observed
Q02809	681	34.0	inf	observed
Q02809	715	34.0	inf	observed
Q02818	293	17.0	55.0	observed
Q02818	310	17.0	38.0	observed
Q02818	348	1.0	38.0	observed
Q02818	349	1.0	39.0	observed
Q02833	125	inf	inf	observed
Q02878	52	7.0	62.0	observed
Q02878	59	7.0	55.0	observed
Q02878	114	9.0	55.0	observed
Q02878	123	9.0	64.0	observed
Q02878	272	149.0	158.0	observed
Q02930	172	inf	inf	observed
Q02952	537	421.0	424.0	observed
Q02952	958	3.0	421.0	observed
Q02952	961	3.0	424.0	observed
Q02962	403	inf	inf	observed
Q02978	78	inf	inf	observed
Q03001	7402	inf	inf	observed
Q03013	43	inf	inf	observed
Q03112	911	inf	inf	observed
Q03113	235	inf	inf	observed
Q03154	386	inf	inf	observed
Q03164	25	7.0	676.0	observed
Q03164	32	7.0	669.0	observed
Q03164	701	20.0	669.0	observed
Q03164	721	20.0	689.0	observed
Q03252	28	28.0	35.0	observed
Q03252	56	7.0	17.0	observed
Q03252	63	7.0	10.0	observed
Q03252	73	10.0	17.0	observed
Q03252	105	32.0	42.0	observed
Q03252	171	40.0	51.0	observed
Q03252	211	11.0	40.0	observed
Q03252	222	11.0	42.0	observed
Q03252	264	8.0	42.0	observed
Q03252	272	8.0	50.0	observed
Q03252	334	62.0	67.0	observed
Q03252	401	67.0	129.0	observed
Q03518	37	inf	inf	observed
Q03701	397	361.0	inf	observed
Q03701	758	361.0	inf	observed
Q04206	174	13.0	121.0	observed
Q04206	187	13.0	108.0	observed
Q04206	295	108.0	121.0	observed
Q04637	48	7.0	17.0	observed
Q04637	55	7.0	10.0	observed
Q04637	65	8.0	10.0	observed
Q04637	73	8.0	18.0	observed
Q04637	110	37.0	45.0	observed
Q04637	231	121.0	158.0	observed
Q04637	675	6.0	10.0	observed
Q04637	681	4.0	6.0	observed
Q04637	685	4.0	9.0	observed
Q04637	694	8.0	9.0	observed
Q04637	702	1.0	8.0	observed
Q04637	703	1.0	9.0	observed
Q04637	877	2.0	77.0	observed
Q04637	879	2.0	75.0	observed
Q04637	954	32.0	75.0	observed
Q04637	986	32.0	45.0	observed
Q04637	1031	1.0	11.0	observed
Q04637	1032	1.0	10.0	observed
Q04637	1042	10.0	11.0	observed
Q04637	1138	28.0	67.0	observed
Q04637	1166	28.0	39.0	observed
Q04637	1205	11.0	13.0	observed
Q04637	1216	2.0	11.0	observed
Q04637	1218	2.0	13.0	observed
Q04637	1436	218.0	220.0	observed
Q04721	1581	205.0	206.0	observed
Q04721	1786	1.0	205.0	observed
Q04721	1787	1.0	206.0	observed
Q04724	6	332.0	353.0	observed
Q04724	338	21.0	90.0	observed
Q04724	359	21.0	69.0	observed
Q04724	428	69.0	90.0	observed
Q04726	6	352.0	424.0	observed
Q04726	358	72.0	352.0	observed
Q04726	430	72.0	424.0	observed
Q04727	13	418.0	inf	observed
Q04727	431	418.0	inf	observed
Q04756	113	17.0	inf	observed
Q04756	130	17.0	inf	observed
Q04760	38	inf	inf	observed
Q04828	223	inf	inf	observed
Q04864	421	inf	inf	observed
Q04917	42	inf	inf	observed
Q05086	710	inf	inf	observed
Q05193	217	54.0	384.0	observed
Q05193	271	54.0	330.0	observed
Q05193	601	330.0	384.0	observed
Q05195	189	inf	inf	observed
Q05397	65	inf	inf	observed
Q05639	37	32.0	97.0	observed
Q05639	69	32.0	65.0	observed
Q05639	134	32.0	65.0	observed
Q05639	166	32.0	97.0	observed
Q05639	266	100.0	132.0	observed
Q05639	430	164.0	264.0	observed
Q05682	200	inf	inf	observed
Q05707	391	inf	inf	observed
Q05925	133	8.0	inf	observed
Q05925	141	8.0	inf	observed
Q05D32	450	inf	inf	observed
Q06033	368	inf	inf	observed
Q06124	46	inf	inf	observed
Q06203	130	inf	inf	observed
Q06210	359	inf	inf	observed
Q06278	951	inf	inf	observed
Q06323	213	7.0	inf	observed
Q06323	220	7.0	inf	observed
Q06481	467	inf	inf	observed
Q06546	379	inf	inf	observed
Q06587	123	4.0	79.0	observed
Q06587	127	4.0	75.0	observed
Q06587	202	2.0	75.0	observed
Q06587	204	2.0	77.0	observed
Q06609	150	inf	inf	observed
Q06787	290	181.0	184.0	observed
Q06787	471	3.0	6.0	observed
Q06787	474	3.0	3.0	observed
Q06787	477	2.0	3.0	observed
Q06787	479	2.0	5.0	observed
Q06787	484	5.0	7.0	observed
Q06787	534	5.0	10.0	observed
Q06787	539	5.0	5.0	observed
Q06787	544	2.0	5.0	observed
Q06787	546	2.0	7.0	observed
Q06787	562	2.0	16.0	observed
Q06787	564	2.0	18.0	observed
Q06787	604	40.0	42.0	observed
Q06830	151	7.0	inf	observed
Q06830	158	7.0	inf	observed
Q07002	465	inf	inf	observed
Q07020	6	5.0	20.0	observed
Q07020	11	5.0	15.0	observed
Q07020	26	15.0	20.0	observed
Q07020	65	26.0	39.0	observed
Q07020	91	26.0	59.0	observed
Q07020	150	31.0	59.0	observed
Q07020	181	31.0	90.0	observed
Q07065	590	inf	inf	observed
Q07352	172	inf	inf	observed
Q07507	60	inf	inf	observed
Q07666	4	6.0	9.0	observed
Q07666	10	3.0	6.0	observed
Q07666	13	3.0	4.0	observed
Q07666	17	4.0	7.0	observed
Q07666	36	7.0	9.0	observed
Q07666	43	2.0	7.0	observed
Q07666	45	2.0	7.0	observed
Q07666	52	7.0	9.0	observed
Q07666	213	69.0	71.0	observed
Q07666	282	2.0	7.0	observed
Q07666	284	2.0	5.0	observed
Q07666	289	2.0	5.0	observed
Q07666	291	2.0	7.0	observed
Q07666	302	2.0	8.0	observed
Q07666	304	2.0	6.0	observed
Q07666	310	5.0	6.0	observed
Q07666	315	5.0	5.0	observed
Q07666	320	5.0	5.0	observed
Q07666	325	5.0	6.0	observed
Q07666	331	6.0	9.0	observed
Q07666	340	6.0	8.0	observed
Q07666	346	2.0	6.0	observed
Q07666	348	2.0	8.0	observed
Q07666	436	6.0	88.0	observed
Q07666	442	6.0	94.0	observed
Q07812	9	28.0	inf	observed
Q07812	37	28.0	inf	observed
Q07864	197	508.0	1123.0	observed
Q07864	705	508.0	615.0	observed
Q07864	1320	615.0	1123.0	observed
Q07866	505	65.0	inf	observed
Q07866	570	65.0	inf	observed
Q07889	1195	inf	inf	observed
Q07890	1321	inf	inf	observed
Q07912	839	94.0	inf	observed
Q07912	933	94.0	inf	observed
Q07954	539	2038.0	2961.0	observed
Q07954	2577	923.0	2038.0	observed
Q07954	3500	923.0	2961.0	observed
Q07955	50	1.0	15.0	observed
Q07955	51	1.0	14.0	observed
Q07955	65	9.0	14.0	observed
Q07955	74	9.0	16.0	observed
Q07955	90	3.0	7.0	observed
Q07955	93	3.0	4.0	observed
Q07955	97	4.0	7.0	observed
Q07955	109	2.0	12.0	observed
Q07955	111	2.0	14.0	observed
Q07955	154	37.0	43.0	observed
Q07955	191	37.0	80.0	observed
Q08043	90	3.0	121.0	observed
Q08043	93	3.0	118.0	observed
Q08043	211	64.0	118.0	observed
Q08043	275	64.0	182.0	observed
Q08043	740	12.0	465.0	observed
Q08043	752	12.0	477.0	observed
Q08117	7	21.0	inf	observed
Q08117	28	21.0	inf	observed
Q08170	8	6.0	63.0	observed
Q08170	14	6.0	57.0	observed
Q08170	71	4.0	12.0	observed
Q08170	75	4.0	8.0	observed
Q08170	83	6.0	8.0	observed
Q08170	89	6.0	14.0	observed
Q08170	428	339.0	345.0	observed
Q08188	433	inf	inf	observed
Q08209	16	inf	inf	observed
Q08211	24	117.0	127.0	observed
Q08211	141	10.0	117.0	observed
Q08211	151	10.0	127.0	observed
Q08211	434	283.0	293.0	observed
Q08211	853	301.0	307.0	observed
Q08211	1154	6.0	12.0	observed
Q08211	1160	6.0	6.0	observed
Q08211	1166	6.0	8.0	observed
Q08211	1174	1.0	8.0	observed
Q08211	1175	1.0	9.0	observed
Q08211	1207	12.0	16.0	observed
Q08211	1219	4.0	8.0	observed
Q08211	1223	4.0	4.0	observed
Q08211	1227	4.0	8.0	observed
Q08211	1235	7.0	8.0	observed
Q08211	1242	7.0	7.0	observed
Q08211	1249	4.0	7.0	observed
Q08211	1253	4.0	11.0	observed
Q08211	1265	12.0	16.0	observed
Q08378	1080	inf	inf	observed
Q08379	18	12.0	17.0	observed
Q08379	30	5.0	12.0	observed
Q08379	35	5.0	17.0	observed
Q08379	532	5.0	497.0	observed
Q08379	537	5.0	502.0	observed
Q08397	141	inf	inf	observed
Q08499	249	inf	inf	observed
Q08752	251	inf	inf	observed
Q08945	22	359.0	365.0	observed
Q08945	381	6.0	27.0	observed
Q08945	387	6.0	21.0	observed
Q08945	408	21.0	27.0	observed
Q08945	645	237.0	258.0	observed
Q08AD1	1014	inf	inf	observed
Q08AG5	617	inf	inf	observed
Q08AM6	159	inf	inf	observed
Q08J23	256	312.0	inf	observed
Q08J23	568	312.0	inf	observed
Q09013	579	inf	inf	observed
Q09019	396	81.0	155.0	observed
Q09019	477	74.0	81.0	observed
Q09019	551	74.0	155.0	observed
Q09028	15	40.0	157.0	observed
Q09028	55	40.0	117.0	observed
Q09028	172	86.0	117.0	observed
Q09028	258	46.0	83.0	observed
Q09028	304	37.0	46.0	observed
Q09028	341	37.0	83.0	observed
Q09161	194	270.0	inf	observed
Q09161	464	270.0	inf	observed
Q09472	200	37.0	380.0	observed
Q09472	237	37.0	343.0	observed
Q09472	580	24.0	125.0	observed
Q09472	604	24.0	101.0	observed
Q09472	705	23.0	49.0	observed
Q09472	728	23.0	26.0	observed
Q09472	754	26.0	49.0	observed
Q09472	2056	3.0	86.0	observed
Q09472	2059	3.0	83.0	observed
Q09472	2142	83.0	84.0	observed
Q09472	2226	84.0	91.0	observed
Q09472	2317	13.0	91.0	observed
Q09472	2330	13.0	104.0	observed
Q09666	149	121.0	181.0	observed
Q09666	270	60.0	121.0	observed
Q09666	330	60.0	181.0	observed
Q09666	556	226.0	286.0	observed
Q09666	5446	4890.0	5116.0	observed
Q0VAM2	92	inf	inf	observed
Q0VD83	903	26.0	96.0	observed
Q0VD83	929	26.0	70.0	observed
Q0VD83	999	2.0	70.0	observed
Q0VD83	1001	2.0	72.0	observed
Q0VDF9	484	inf	inf	observed
Q0VFZ6	255	16.0	inf	observed
Q0VFZ6	271	16.0	inf	observed
Q0Z7S8	53	inf	inf	observed
Q10567	138	inf	inf	observed
Q10570	148	777.0	inf	observed
Q10570	925	777.0	inf	observed
Q10571	456	2.0	485.0	observed
Q10571	458	2.0	483.0	observed
Q10571	941	2.0	4.0	observed
Q10571	943	2.0	2.0	observed
Q10571	945	2.0	4.0	observed
Q10588	249	inf	inf	observed
Q10713	77	166.0	inf	observed
Q10713	243	166.0	inf	observed
Q12756	548	321.0	796.0	observed
Q12756	869	321.0	475.0	observed
Q12756	1344	146.0	475.0	observed
Q12756	1490	146.0	621.0	observed
Q12766	529	8.0	inf	observed
Q12766	537	8.0	inf	observed
Q12769	481	947.0	inf	observed
Q12769	1428	947.0	inf	observed
Q12774	789	77.0	inf	observed
Q12774	866	77.0	inf	observed
Q12778	251	2.0	inf	observed
Q12778	253	2.0	inf	observed
Q12788	501	inf	inf	observed
Q12789	1353	1.0	188.0	observed
Q12789	1354	1.0	187.0	observed
Q12789	1541	187.0	188.0	observed
Q12791	1215	inf	inf	observed
Q12792	340	inf	inf	observed
Q12800	98	inf	inf	observed
Q12815	373	inf	inf	observed
Q12830	5	2.0	35.0	observed
Q12830	7	2.0	33.0	observed
Q12830	40	2.0	23.0	observed
Q12830	42	2.0	21.0	observed
Q12830	63	5.0	11.0	observed
Q12830	68	5.0	6.0	observed
Q12830	74	6.0	11.0	observed
Q12830	92	18.0	24.0	observed
Q12830	1474	444.0	555.0	observed
Q12830	1918	111.0	237.0	observed
Q12830	2029	111.0	126.0	observed
Q12830	2155	7.0	29.0	observed
Q12830	2162	7.0	22.0	observed
Q12830	2184	7.0	21.0	observed
Q12830	2191	7.0	14.0	observed
Q12830	2205	14.0	19.0	observed
Q12830	2224	19.0	33.0	observed
Q12830	2265	41.0	60.0	observed
Q12834	174	209.0	inf	observed
Q12834	383	209.0	inf	observed
Q12840	280	619.0	inf	observed
Q12840	899	619.0	inf	observed
Q12849	326	inf	inf	observed
Q12857	389	inf	inf	observed
Q12866	775	inf	inf	observed
Q12873	1323	92.0	341.0	observed
Q12873	1415	92.0	249.0	observed
Q12873	1664	95.0	249.0	observed
Q12873	1759	95.0	344.0	observed
Q12874	49	9.0	421.0	observed
Q12874	58	9.0	412.0	observed
Q12874	470	412.0	421.0	observed
Q12888	1162	176.0	193.0	observed
Q12888	1338	17.0	58.0	observed
Q12888	1355	17.0	41.0	observed
Q12888	1396	2.0	4.0	observed
Q12888	1398	2.0	2.0	observed
Q12888	1400	1.0	2.0	observed
Q12888	1401	1.0	2.0	observed
Q12888	1403	2.0	3.0	observed
Q12904	187	18.0	63.0	observed
Q12904	205	18.0	45.0	observed
Q12904	250	45.0	63.0	observed
Q12905	5	2.0	4.0	observed
Q12905	7	2.0	2.0	observed
Q12905	9	2.0	3.0	observed
Q12905	12	3.0	4.0	observed
Q12905	16	4.0	7.0	observed
Q12905	24	8.0	12.0	observed
Q12906	5	7.0	268.0	observed
Q12906	12	7.0	261.0	observed
Q12906	273	35.0	50.0	observed
Q12906	308	15.0	35.0	observed
Q12906	323	15.0	50.0	observed
Q12906	609	31.0	33.0	observed
Q12906	640	2.0	9.0	observed
Q12906	642	2.0	7.0	observed
Q12906	649	6.0	7.0	observed
Q12906	655	6.0	13.0	observed
Q12906	815	68.0	79.0	observed
Q12906	883	11.0	68.0	observed
Q12906	894	11.0	79.0	observed
Q12907	89	50.0	inf	observed
Q12907	139	50.0	inf	observed
Q12912	397	inf	inf	observed
Q12923	201	2004.0	inf	observed
Q12923	2205	2004.0	inf	observed
Q12931	388	24.0	117.0	observed
Q12931	412	24.0	93.0	observed
Q12931	505	62.0	93.0	observed
Q12931	567	62.0	155.0	observed
Q12948	62	107.0	inf	observed
Q12948	169	107.0	inf	observed
Q12955	921	inf	inf	observed
Q12962	67	inf	inf	observed
Q12965	103	891.0	inf	observed
Q12965	994	891.0	inf	observed
Q12979	7	4.0	238.0	observed
Q12979	11	4.0	234.0	observed
Q12979	245	234.0	238.0	observed
Q12983	139	inf	inf	observed
Q12986	180	inf	inf	observed
Q12996	709	inf	inf	observed
Q13015	16	inf	inf	observed
Q13029	508	8.0	inf	observed
Q13029	516	8.0	inf	observed
Q13033	196	507.0	inf	observed
Q13033	703	507.0	inf	observed
Q13064	69	4.0	inf	observed
Q13064	73	4.0	inf	observed
Q13069	13	2.0	3.0	observed
Q13069	15	1.0	2.0	observed
Q13069	16	1.0	3.0	observed
Q13070	13	2.0	3.0	observed
Q13070	15	1.0	2.0	observed
Q13070	16	1.0	3.0	observed
Q13085	2047	inf	inf	observed
Q13094	273	119.0	inf	observed
Q13094	392	119.0	inf	observed
Q13105	169	inf	inf	observed
Q13112	64	343.0	inf	observed
Q13112	407	343.0	inf	observed
Q13123	73	441.0	457.0	observed
Q13123	514	16.0	441.0	observed
Q13123	530	16.0	457.0	observed
Q13126	60	175.0	inf	observed
Q13126	235	175.0	inf	observed
Q13129	409	inf	inf	observed
Q13136	535	589.0	615.0	observed
Q13136	1124	26.0	589.0	observed
Q13136	1150	26.0	615.0	observed
Q13148	275	18.0	inf	observed
Q13148	293	18.0	inf	observed
Q13151	139	50.0	53.0	observed
Q13151	189	3.0	6.0	observed
Q13151	192	3.0	3.0	observed
Q13151	195	3.0	3.0	observed
Q13151	198	2.0	3.0	observed
Q13151	200	2.0	4.0	observed
Q13151	204	4.0	6.0	observed
Q13151	284	7.0	80.0	observed
Q13151	291	7.0	87.0	observed
Q13155	17	9.0	16.0	observed
Q13155	26	7.0	9.0	observed
Q13155	33	7.0	16.0	observed
Q13155	304	271.0	278.0	observed
Q13158	132	34.0	inf	observed
Q13158	166	34.0	inf	observed
Q13162	173	57.0	inf	observed
Q13162	230	57.0	inf	observed
Q13163	125	inf	inf	observed
Q13185	115	4.0	inf	observed
Q13185	119	4.0	inf	observed
Q13191	8	5.0	10.0	observed
Q13191	13	5.0	5.0	observed
Q13191	18	5.0	10.0	observed
Q13191	782	764.0	769.0	observed
Q13200	6	73.0	74.0	observed
Q13200	79	1.0	58.0	observed
Q13200	80	1.0	57.0	observed
Q13200	137	57.0	58.0	observed
Q13200	357	220.0	277.0	observed
Q13206	626	inf	inf	observed
Q13227	312	11.0	inf	observed
Q13227	323	11.0	inf	observed
Q13232	35	inf	inf	observed
Q13233	659	14.0	inf	observed
Q13233	673	14.0	inf	observed
Q13242	8	7.0	55.0	observed
Q13242	15	7.0	48.0	observed
Q13242	63	18.0	25.0	observed
Q13242	81	7.0	12.0	observed
Q13242	88	5.0	7.0	observed
Q13242	93	5.0	5.0	observed
Q13242	98	3.0	5.0	observed
Q13242	101	3.0	6.0	observed
Q13242	107	6.0	9.0	observed
Q13242	132	22.0	25.0	observed
Q13242	154	9.0	17.0	observed
Q13242	163	8.0	9.0	observed
Q13242	171	8.0	10.0	observed
Q13242	181	10.0	13.0	observed
Q13242	194	13.0	15.0	observed
Q13242	209	15.0	28.0	observed
Q13243	5	5.0	43.0	observed
Q13243	10	5.0	38.0	observed
Q13243	48	25.0	27.0	observed
Q13243	73	2.0	7.0	observed
Q13243	75	2.0	5.0	observed
Q13243	80	2.0	5.0	observed
Q13243	82	2.0	6.0	observed
Q13243	88	4.0	5.0	observed
Q13243	92	1.0	4.0	observed
Q13243	93	1.0	5.0	observed
Q13247	71	14.0	23.0	observed
Q13247	85	9.0	14.0	observed
Q13247	94	9.0	23.0	observed
Q13257	129	55.0	inf	observed
Q13257	184	55.0	inf	observed
Q13263	282	145.0	201.0	observed
Q13263	427	56.0	145.0	observed
Q13263	483	56.0	201.0	observed
Q13263	790	307.0	363.0	observed
Q13283	247	49.0	84.0	observed
Q13283	296	35.0	36.0	observed
Q13283	331	1.0	35.0	observed
Q13283	332	1.0	36.0	observed
Q13283	403	24.0	26.0	observed
Q13283	427	2.0	8.0	observed
Q13283	429	2.0	6.0	observed
Q13283	435	6.0	8.0	observed
Q13283	443	4.0	8.0	observed
Q13283	447	4.0	12.0	observed
Q13283	460	5.0	13.0	observed
Q13283	465	5.0	18.0	observed
Q13303	12	4.0	16.0	observed
Q13303	16	4.0	12.0	observed
Q13303	28	12.0	16.0	observed
Q13303	110	82.0	94.0	observed
Q13310	166	13.0	219.0	observed
Q13310	179	13.0	206.0	observed
Q13310	385	34.0	47.0	observed
Q13310	419	13.0	17.0	observed
Q13310	432	4.0	10.0	observed
Q13310	436	4.0	6.0	observed
Q13310	442	6.0	10.0	observed
Q13310	454	5.0	9.0	observed
Q13310	459	4.0	5.0	observed
Q13310	463	4.0	9.0	observed
Q13310	475	12.0	16.0	observed
Q13310	509	9.0	21.0	observed
Q13310	518	9.0	12.0	observed
Q13310	530	12.0	21.0	observed
Q13315	1907	10.0	inf	observed
Q13315	1917	10.0	inf	observed
Q13322	316	inf	inf	observed
Q13330	25	209.0	579.0	observed
Q13330	234	209.0	370.0	observed
Q13330	604	32.0	370.0	observed
Q13330	636	32.0	402.0	observed
Q13332	610	882.0	inf	observed
Q13332	1492	882.0	inf	observed
Q13347	77	inf	inf	observed
Q13356	512	inf	inf	observed
Q13362	426	inf	inf	observed
Q13363	16	250.0	269.0	observed
Q13363	266	19.0	250.0	observed
Q13363	285	19.0	269.0	observed
Q13367	524	inf	inf	observed
Q13387	240	inf	inf	observed
Q13393	917	inf	inf	observed
Q13394	146	inf	inf	observed
Q13409	269	inf	inf	observed
Q13418	241	inf	inf	observed
Q13422	83	inf	inf	observed
Q13432	119	inf	inf	observed
Q13435	71	121.0	134.0	observed
Q13435	192	13.0	24.0	observed
Q13435	205	11.0	13.0	observed
Q13435	216	6.0	11.0	observed
Q13435	222	6.0	17.0	observed
Q13435	245	2.0	13.0	observed
Q13435	247	2.0	11.0	observed
Q13435	258	11.0	13.0	observed
Q13435	340	82.0	93.0	observed
Q13435	502	6.0	13.0	observed
Q13435	508	6.0	7.0	observed
Q13435	515	7.0	13.0	observed
Q13435	537	22.0	29.0	observed
Q13435	614	24.0	77.0	observed
Q13435	638	24.0	101.0	observed
Q13435	884	246.0	270.0	observed
Q13442	13	inf	inf	observed
Q13443	772	inf	inf	observed
Q13451	73	284.0	inf	observed
Q13451	357	284.0	inf	observed
Q13454	63	4.0	inf	observed
Q13454	67	4.0	inf	observed
Q13459	2055	inf	inf	observed
Q13469	150	inf	inf	observed
Q13472	135	inf	inf	observed
Q13492	9	627.0	inf	observed
Q13492	636	627.0	inf	observed
Q13501	183	129.0	inf	observed
Q13501	312	129.0	inf	observed
Q13509	156	6.0	inf	observed
Q13509	162	6.0	inf	observed
Q13526	142	inf	inf	observed
Q13535	177	inf	inf	observed
Q13541	63	36.0	inf	observed
Q13541	99	36.0	inf	observed
Q13542	15	91.0	inf	observed
Q13542	106	91.0	inf	observed
Q13546	477	10.0	inf	observed
Q13546	487	10.0	inf	observed
Q13547	36	41.0	44.0	observed
Q13547	77	3.0	41.0	observed
Q13547	80	3.0	44.0	observed
Q13547	212	132.0	135.0	observed
Q13547	365	153.0	285.0	observed
Q13555	397	inf	inf	observed
Q13561	72	inf	inf	observed
Q13563	139	inf	inf	observed
Q13573	178	95.0	118.0	observed
Q13573	273	23.0	95.0	observed
Q13573	296	23.0	114.0	observed
Q13573	410	28.0	114.0	observed
Q13573	438	28.0	142.0	observed
Q13576	139	inf	inf	observed
Q13595	160	80.0	inf	observed
Q13595	240	80.0	inf	observed
Q13596	262	inf	inf	observed
Q13601	235	inf	inf	observed
Q13608	93	2.0	26.0	observed
Q13608	95	2.0	24.0	observed
Q13608	119	23.0	24.0	observed
Q13608	142	12.0	19.0	observed
Q13608	154	7.0	9.0	observed
Q13608	161	2.0	7.0	observed
Q13608	163	2.0	9.0	observed
Q13610	85	334.0	inf	observed
Q13610	419	334.0	inf	observed
Q13613	650	inf	inf	observed
Q13616	63	inf	inf	observed
Q13617	414	inf	inf	observed
Q13618	364	172.0	inf	observed
Q13618	536	172.0	inf	observed
Q13619	330	362.0	372.0	observed
Q13619	692	10.0	50.0	observed
Q13619	702	10.0	40.0	observed
Q13619	742	40.0	50.0	observed
Q13620	779	1.0	67.0	observed
Q13620	780	1.0	66.0	observed
Q13620	846	10.0	50.0	observed
Q13620	856	10.0	40.0	observed
Q13620	896	40.0	50.0	observed
Q13625	265	93.0	inf	observed
Q13625	358	93.0	inf	observed
Q13635	1338	56.0	inf	observed
Q13635	1394	56.0	inf	observed
Q13642	59	inf	inf	observed
Q13671	664	28.0	inf	observed
Q13671	692	28.0	inf	observed
Q13685	240	inf	inf	observed
Q13733	235	inf	inf	observed
Q13761	216	46.0	51.0	observed
Q13761	262	5.0	40.0	observed
Q13761	267	5.0	35.0	observed
Q13761	302	35.0	40.0	observed
Q13769	46	inf	inf	observed
Q13796	418	593.0	inf	observed
Q13796	1011	593.0	inf	observed
Q13813	18	1.0	33.0	observed
Q13813	19	1.0	32.0	observed
Q13813	51	32.0	33.0	observed
Q13813	204	91.0	116.0	observed
Q13813	295	25.0	67.0	observed
Q13813	320	25.0	42.0	observed
Q13813	362	40.0	42.0	observed
Q13813	402	37.0	40.0	observed
Q13813	439	20.0	37.0	observed
Q13813	459	20.0	57.0	observed
Q13813	733	68.0	274.0	observed
Q13813	801	68.0	342.0	observed
Q13813	1532	73.0	75.0	observed
Q13813	1605	2.0	73.0	observed
Q13813	1607	2.0	75.0	observed
Q13823	23	432.0	627.0	observed
Q13823	455	195.0	432.0	observed
Q13823	650	195.0	627.0	observed
Q13838	58	150.0	281.0	observed
Q13838	208	131.0	141.0	observed
Q13838	339	10.0	35.0	observed
Q13838	349	10.0	25.0	observed
Q13838	374	3.0	25.0	observed
Q13838	377	3.0	28.0	observed
Q13868	41	inf	inf	observed
Q13895	8	22.0	26.0	observed
Q13895	30	4.0	7.0	observed
Q13895	34	3.0	4.0	observed
Q13895	37	1.0	3.0	observed
Q13895	38	1.0	2.0	observed
Q13895	40	2.0	3.0	observed
Q13895	186	146.0	148.0	observed
Q13895	418	1.0	232.0	observed
Q13895	419	1.0	233.0	observed
Q13907	106	inf	inf	observed
Q13946	24	24.0	inf	observed
Q13946	48	24.0	inf	observed
Q13948	570	inf	inf	observed
Q13950	258	9.0	67.0	observed
Q13950	267	9.0	58.0	observed
Q13950	325	12.0	58.0	observed
Q13950	337	12.0	49.0	observed
Q13950	386	49.0	61.0	observed
Q13951	19	inf	inf	observed
Q13956	32	inf	inf	observed
Q14004	1504	2.0	4.0	observed
Q14004	1506	2.0	2.0	observed
Q14004	1508	2.0	4.0	observed
Q14005	882	7.0	inf	observed
Q14005	889	7.0	inf	observed
Q14008	149	483.0	809.0	observed
Q14008	632	326.0	398.0	observed
Q14008	958	72.0	326.0	observed
Q14008	1030	72.0	285.0	observed
Q14008	1315	285.0	357.0	observed
Q14008	1882	567.0	852.0	observed
Q14011	47	47.0	54.0	observed
Q14011	94	7.0	11.0	observed
Q14011	101	4.0	7.0	observed
Q14011	105	3.0	4.0	observed
Q14011	108	2.0	3.0	observed
Q14011	110	2.0	5.0	observed
Q14011	116	5.0	6.0	observed
Q14011	121	5.0	6.0	observed
Q14011	127	4.0	6.0	observed
Q14011	131	4.0	8.0	observed
Q14011	139	6.0	8.0	observed
Q14011	145	6.0	9.0	observed
Q14011	154	7.0	9.0	observed
Q14011	161	7.0	16.0	observed
Q14019	57	60.0	inf	observed
Q14019	117	60.0	inf	observed
Q14031	630	inf	inf	observed
Q14093	87	8.0	9.0	observed
Q14093	95	1.0	8.0	observed
Q14093	96	1.0	9.0	observed
Q14103	94	42.0	44.0	observed
Q14103	136	2.0	42.0	observed
Q14103	138	2.0	44.0	observed
Q14103	272	6.0	8.0	observed
Q14103	278	2.0	4.0	observed
Q14103	280	2.0	2.0	observed
Q14103	282	2.0	4.0	observed
Q14103	344	1.0	62.0	observed
Q14103	345	1.0	63.0	observed
Q14126	81	353.0	692.0	observed
Q14126	434	339.0	353.0	observed
Q14126	773	339.0	692.0	observed
Q14129	147	inf	inf	observed
Q14134	492	inf	inf	observed
Q14137	5	4.0	333.0	observed
Q14137	9	4.0	329.0	observed
Q14137	338	72.0	329.0	observed
Q14137	410	72.0	401.0	observed
Q14147	116	7.0	inf	observed
Q14147	123	7.0	inf	observed
Q14151	59	671.0	677.0	observed
Q14151	730	6.0	23.0	observed
Q14151	736	6.0	17.0	observed
Q14151	753	17.0	20.0	observed
Q14151	773	10.0	11.0	observed
Q14151	783	1.0	10.0	observed
Q14151	784	1.0	11.0	observed
Q14151	835	7.0	10.0	observed
Q14151	842	3.0	7.0	observed
Q14151	845	3.0	10.0	observed
Q14151	883	14.0	20.0	observed
Q14151	897	6.0	14.0	observed
Q14151	903	6.0	20.0	observed
Q14151	932	3.0	19.0	observed
Q14151	935	3.0	16.0	observed
Q14151	951	16.0	19.0	observed
Q14152	489	211.0	268.0	observed
Q14152	700	57.0	82.0	observed
Q14152	757	25.0	57.0	observed
Q14152	782	25.0	60.0	observed
Q14152	842	60.0	85.0	observed
Q14152	956	3.0	4.0	observed
Q14152	959	1.0	3.0	observed
Q14152	960	1.0	4.0	observed
Q14152	966	6.0	7.0	observed
Q14152	976	10.0	10.0	observed
Q14152	986	10.0	20.0	observed
Q14152	1006	20.0	20.0	observed
Q14152	1026	14.0	20.0	observed
Q14152	1040	6.0	14.0	observed
Q14152	1046	6.0	11.0	observed
Q14152	1057	11.0	14.0	observed
Q14152	1071	10.0	14.0	observed
Q14152	1081	6.0	10.0	observed
Q14152	1087	4.0	6.0	observed
Q14152	1091	4.0	6.0	observed
Q14152	1097	4.0	6.0	observed
Q14152	1101	4.0	6.0	observed
Q14152	1107	4.0	6.0	observed
Q14152	1111	4.0	6.0	observed
Q14152	1117	6.0	10.0	observed
Q14152	1127	10.0	10.0	observed
Q14152	1137	10.0	19.0	observed
Q14152	1156	19.0	29.0	observed
Q14152	1238	82.0	101.0	observed
Q14157	11	123.0	129.0	observed
Q14157	134	6.0	8.0	observed
Q14157	140	2.0	6.0	observed
Q14157	142	2.0	4.0	observed
Q14157	146	2.0	4.0	observed
Q14157	148	2.0	3.0	observed
Q14157	151	3.0	5.0	observed
Q14157	168	4.0	6.0	observed
Q14157	172	2.0	4.0	observed
Q14157	174	2.0	3.0	observed
Q14157	177	2.0	3.0	observed
Q14157	179	2.0	5.0	observed
Q14157	187	3.0	8.0	observed
Q14157	190	3.0	11.0	observed
Q14157	829	639.0	642.0	observed
Q14159	259	inf	inf	observed
Q14160	473	413.0	643.0	observed
Q14160	886	230.0	234.0	observed
Q14160	1116	4.0	143.0	observed
Q14160	1120	4.0	139.0	observed
Q14160	1259	139.0	143.0	observed
Q14160	1527	121.0	268.0	observed
Q14160	1648	121.0	389.0	observed
Q14185	405	1369.0	inf	observed
Q14185	1774	1369.0	inf	observed
Q14191	1427	inf	inf	observed
Q14194	565	inf	inf	observed
Q14195	520	43.0	inf	observed
Q14195	563	43.0	inf	observed
Q14197	76	inf	inf	observed
Q14203	17	8.0	inf	observed
Q14203	25	8.0	inf	observed
Q14204	66	411.0	814.0	observed
Q14204	477	403.0	411.0	observed
Q14204	880	368.0	403.0	observed
Q14204	1248	130.0	368.0	observed
Q14204	1378	130.0	498.0	observed
Q14204	1887	386.0	509.0	observed
Q14204	2273	123.0	246.0	observed
Q14204	2396	123.0	123.0	observed
Q14204	2519	123.0	123.0	observed
Q14204	2642	123.0	189.0	observed
Q14204	2831	5.0	12.0	observed
Q14204	2836	5.0	7.0	observed
Q14204	2843	7.0	12.0	observed
Q14204	2981	138.0	145.0	observed
Q14204	3219	238.0	376.0	observed
Q14204	4301	1082.0	1320.0	observed
Q14240	169	87.0	148.0	observed
Q14240	256	61.0	87.0	observed
Q14240	317	37.0	61.0	observed
Q14240	354	37.0	98.0	observed
Q14241	221	inf	inf	observed
Q14244	12	299.0	inf	observed
Q14244	311	299.0	inf	observed
Q14247	94	25.0	37.0	observed
Q14247	119	12.0	25.0	observed
Q14247	131	12.0	37.0	observed
Q14247	168	37.0	49.0	observed
Q14247	242	74.0	111.0	observed
Q14247	414	123.0	135.0	observed
Q14247	537	12.0	123.0	observed
Q14247	549	12.0	135.0	observed
Q14254	127	inf	inf	observed
Q14315	1002	1291.0	1362.0	observed
Q14315	2293	71.0	144.0	observed
Q14315	2364	71.0	73.0	observed
Q14315	2437	6.0	73.0	observed
Q14315	2443	6.0	79.0	observed
Q14320	13	157.0	229.0	observed
Q14320	170	72.0	139.0	observed
Q14320	242	67.0	72.0	observed
Q14320	309	67.0	139.0	observed
Q14331	247	inf	inf	observed
Q14444	81	377.0	518.0	observed
Q14444	458	141.0	150.0	observed
Q14444	599	9.0	13.0	observed
Q14444	608	4.0	8.0	observed
Q14444	612	4.0	4.0	observed
Q14444	616	3.0	4.0	observed
Q14444	619	3.0	7.0	observed
Q14444	626	7.0	7.0	observed
Q14444	633	7.0	7.0	observed
Q14444	640	7.0	14.0	observed
Q14444	660	7.0	16.0	observed
Q14444	667	7.0	9.0	observed
Q14444	676	8.0	9.0	observed
Q14444	684	4.0	6.0	observed
Q14444	688	2.0	4.0	observed
Q14444	690	2.0	5.0	observed
Q14444	695	3.0	5.0	observed
Q14444	698	3.0	8.0	observed
Q14457	389	inf	inf	observed
Q14493	41	96.0	112.0	observed
Q14493	137	16.0	96.0	observed
Q14493	153	16.0	112.0	observed
Q14498	96	13.0	26.0	observed
Q14498	109	13.0	13.0	observed
Q14498	122	1.0	2.0	observed
Q14498	123	1.0	1.0	observed
Q14498	124	1.0	2.0	observed
Q14498	183	59.0	60.0	observed
Q14498	346	163.0	222.0	observed
Q14524	513	13.0	167.0	observed
Q14524	526	13.0	154.0	observed
Q14524	680	154.0	167.0	observed
Q14526	41	inf	inf	observed
Q14527	27	9.0	604.0	observed
Q14527	36	9.0	595.0	observed
Q14527	631	1.0	595.0	observed
Q14527	632	1.0	596.0	observed
Q14532	113	inf	inf	observed
Q14562	1212	inf	inf	observed
Q14566	217	65.0	68.0	observed
Q14566	282	3.0	34.0	observed
Q14566	285	3.0	31.0	observed
Q14566	316	31.0	34.0	observed
Q14566	565	8.0	9.0	observed
Q14566	573	1.0	8.0	observed
Q14566	574	1.0	9.0	observed
Q14571	1579	inf	inf	observed
Q14573	469	inf	inf	observed
Q14574	805	inf	inf	observed
Q14576	225	inf	inf	observed
Q14624	56	inf	inf	observed
Q14651	93	inf	inf	observed
Q14657	2	16.0	22.0	observed
Q14657	18	6.0	16.0	observed
Q14657	24	6.0	22.0	observed
Q14657	54	30.0	36.0	observed
Q14669	470	inf	inf	observed
Q14671	243	337.0	553.0	observed
Q14671	580	216.0	238.0	observed
Q14671	796	22.0	216.0	observed
Q14671	818	22.0	238.0	observed
Q14674	1341	inf	inf	observed
Q14676	276	153.0	724.0	observed
Q14676	429	153.0	571.0	observed
Q14676	1000	231.0	270.0	observed
Q14676	1231	39.0	41.0	observed
Q14676	1270	2.0	39.0	observed
Q14676	1272	2.0	41.0	observed
Q14676	1436	164.0	166.0	observed
Q14676	1904	39.0	468.0	observed
Q14676	1943	39.0	507.0	observed
Q14677	109	429.0	inf	observed
Q14677	538	429.0	inf	observed
Q14680	463	inf	inf	observed
Q14681	87	inf	inf	observed
Q14683	92	4.0	68.0	observed
Q14683	96	4.0	64.0	observed
Q14683	160	64.0	68.0	observed
Q14683	406	28.0	221.0	observed
Q14683	434	28.0	193.0	observed
Q14683	627	72.0	193.0	observed
Q14683	699	72.0	265.0	observed
Q14684	257	26.0	49.0	observed
Q14684	283	23.0	26.0	observed
Q14684	306	23.0	49.0	observed
Q14686	95	53.0	65.0	observed
Q14686	148	12.0	53.0	observed
Q14686	160	12.0	65.0	observed
Q14686	413	253.0	263.0	observed
Q14686	676	263.0	371.0	observed
Q14686	1047	11.0	20.0	observed
Q14686	1058	9.0	11.0	observed
Q14686	1067	9.0	20.0	observed
Q14686	1096	29.0	38.0	observed
Q14686	1263	167.0	196.0	observed
Q14686	1730	467.0	634.0	observed
Q14687	137	66.0	86.0	observed
Q14687	203	20.0	29.0	observed
Q14687	223	9.0	20.0	observed
Q14687	232	9.0	29.0	observed
Q14687	305	33.0	73.0	observed
Q14687	338	33.0	80.0	observed
Q14687	418	80.0	113.0	observed
Q14687	690	272.0	303.0	observed
Q14687	993	303.0	575.0	observed
Q14690	10	4.0	907.0	observed
Q14690	14	4.0	903.0	observed
Q14690	917	260.0	799.0	observed
Q14690	1177	260.0	539.0	observed
Q14690	1716	539.0	799.0	observed
Q14692	52	219.0	508.0	observed
Q14692	271	219.0	289.0	observed
Q14692	560	289.0	508.0	observed
Q14692	1130	570.0	859.0	observed
Q14696	179	inf	inf	observed
Q14697	109	1.0	55.0	observed
Q14697	110	1.0	54.0	observed
Q14697	164	18.0	21.0	observed
Q14697	182	3.0	18.0	observed
Q14697	185	3.0	21.0	observed
Q14697	206	21.0	24.0	observed
Q14697	484	106.0	214.0	observed
Q14697	590	106.0	108.0	observed
Q14697	698	22.0	108.0	observed
Q14697	720	22.0	130.0	observed
Q14697	863	66.0	81.0	observed
Q14697	929	15.0	66.0	observed
Q14697	944	15.0	81.0	observed
Q14703	213	inf	inf	observed
Q14738	523	inf	inf	observed
Q14739	13	182.0	inf	observed
Q14739	195	182.0	inf	observed
Q14746	5	inf	inf	observed
Q14781	247	inf	inf	observed
Q14789	763	inf	inf	observed
Q14807	12	15.0	85.0	observed
Q14807	27	15.0	70.0	observed
Q14807	97	70.0	85.0	observed
Q14807	282	1.0	185.0	observed
Q14807	283	1.0	186.0	observed
Q14839	611	68.0	218.0	observed
Q14839	679	68.0	150.0	observed
Q14839	829	150.0	171.0	observed
Q14839	1000	171.0	288.0	observed
Q14839	1288	31.0	288.0	observed
Q14839	1319	31.0	319.0	observed
Q14914	280	inf	inf	observed
Q14938	343	47.0	inf	observed
Q14938	390	47.0	inf	observed
Q14966	9	17.0	24.0	observed
Q14966	26	7.0	15.0	observed
Q14966	33	7.0	8.0	observed
Q14966	41	6.0	8.0	observed
Q14966	47	2.0	6.0	observed
Q14966	49	2.0	5.0	observed
Q14966	54	5.0	7.0	observed
Q14966	367	15.0	313.0	observed
Q14966	382	15.0	328.0	observed
Q14966	1465	5.0	1083.0	observed
Q14966	1470	5.0	1088.0	observed
Q14974	15	73.0	74.0	observed
Q14974	88	1.0	73.0	observed
Q14974	89	1.0	74.0	observed
Q14974	851	1.0	762.0	observed
Q14974	852	1.0	763.0	observed
Q14978	7	1.0	631.0	observed
Q14978	8	1.0	630.0	observed
Q14978	638	10.0	41.0	observed
Q14978	648	10.0	31.0	observed
Q14978	679	4.0	31.0	observed
Q14978	683	4.0	35.0	observed
Q14980	42	199.0	269.0	observed
Q14980	241	70.0	199.0	observed
Q14980	311	70.0	269.0	observed
Q14980	786	1.0	108.0	observed
Q14980	787	1.0	107.0	observed
Q14980	894	107.0	108.0	observed
Q14980	1321	131.0	427.0	observed
Q14980	1452	131.0	350.0	observed
Q14980	1802	47.0	57.0	observed
Q14980	1849	10.0	28.0	observed
Q14980	1859	10.0	18.0	observed
Q14980	1877	4.0	18.0	observed
Q14980	1881	4.0	22.0	observed
Q14980	1966	85.0	89.0	observed
Q14997	695	inf	inf	observed
Q14999	319	1321.0	inf	observed
Q14999	1640	1321.0	inf	observed
Q149N8	29	1.0	inf	observed
Q149N8	30	1.0	inf	observed
Q14C86	896	inf	inf	observed
Q14CM0	1117	inf	inf	observed
Q14CX7	4	9.0	10.0	observed
Q14CX7	13	1.0	9.0	observed
Q14CX7	14	1.0	10.0	observed
Q14CX7	309	295.0	296.0	observed
Q14CX7	653	344.0	639.0	observed
Q15003	20	12.0	inf	observed
Q15003	32	12.0	inf	observed
Q15006	112	inf	inf	observed
Q15007	56	inf	inf	observed
Q15008	18	158.0	159.0	observed
Q15008	176	1.0	158.0	observed
Q15008	177	1.0	159.0	observed
Q15008	379	202.0	203.0	observed
Q15014	4	7.0	31.0	observed
Q15014	11	7.0	24.0	observed
Q15014	35	24.0	31.0	observed
Q15019	96	inf	inf	observed
Q15020	356	90.0	146.0	observed
Q15020	446	56.0	90.0	observed
Q15020	502	56.0	146.0	observed
Q15020	831	50.0	75.0	observed
Q15020	881	25.0	37.0	observed
Q15020	906	12.0	25.0	observed
Q15020	918	12.0	37.0	observed
Q15021	609	67.0	735.0	observed
Q15021	676	67.0	668.0	observed
Q15021	1344	668.0	735.0	observed
Q15025	599	7.0	inf	observed
Q15025	606	7.0	inf	observed
Q15027	325	inf	inf	observed
Q15029	177	392.0	626.0	observed
Q15029	569	234.0	244.0	observed
Q15029	803	10.0	50.0	observed
Q15029	813	10.0	40.0	observed
Q15029	853	1.0	40.0	observed
Q15029	854	1.0	41.0	observed
Q15032	286	619.0	643.0	observed
Q15032	905	24.0	619.0	observed
Q15032	929	24.0	643.0	observed
Q15036	339	2.0	6.0	observed
Q15036	341	2.0	4.0	observed
Q15036	345	4.0	6.0	observed
Q15042	887	5.0	inf	observed
Q15042	892	5.0	inf	observed
Q15046	148	166.0	405.0	observed
Q15046	314	166.0	239.0	observed
Q15046	553	239.0	405.0	observed
Q15047	495	inf	inf	observed
Q15050	273	inf	inf	observed
Q15051	326	215.0	inf	observed
Q15051	541	215.0	inf	observed
Q15056	10	9.0	12.0	observed
Q15056	19	3.0	9.0	observed
Q15056	22	3.0	9.0	observed
Q15056	31	9.0	12.0	observed
Q15056	68	37.0	41.0	observed
Q15056	109	3.0	27.0	observed
Q15056	112	3.0	24.0	observed
Q15056	136	9.0	23.0	observed
Q15056	145	9.0	14.0	observed
Q15056	159	7.0	11.0	observed
Q15056	166	4.0	7.0	observed
Q15056	170	4.0	4.0	observed
Q15056	174	1.0	4.0	observed
Q15056	175	1.0	5.0	observed
Q15056	183	2.0	8.0	observed
Q15056	185	2.0	6.0	observed
Q15056	191	6.0	7.0	observed
Q15056	198	7.0	13.0	observed
Q15056	237	2.0	39.0	observed
Q15056	239	2.0	41.0	observed
Q15058	1187	1.0	2.0	observed
Q15058	1188	1.0	1.0	observed
Q15058	1189	1.0	2.0	observed
Q15059	411	inf	inf	observed
Q15061	441	inf	inf	observed
Q15070	394	inf	inf	observed
Q15072	204	inf	inf	observed
Q15084	142	250.0	267.0	observed
Q15084	392	17.0	23.0	observed
Q15084	409	6.0	17.0	observed
Q15084	415	6.0	23.0	observed
Q15118	319	inf	inf	observed
Q15119	291	inf	inf	observed
Q15120	295	inf	inf	observed
Q15126	110	1.0	inf	observed
Q15126	111	1.0	inf	observed
Q15149	9	4.0	41.0	observed
Q15149	13	4.0	37.0	observed
Q15149	50	37.0	41.0	observed
Q15149	577	51.0	73.0	observed
Q15149	628	22.0	23.0	observed
Q15149	650	1.0	22.0	observed
Q15149	651	1.0	23.0	observed
Q15149	1088	5.0	203.0	observed
Q15149	1093	5.0	198.0	observed
Q15149	1291	75.0	198.0	observed
Q15149	1366	75.0	239.0	observed
Q15149	1605	22.0	32.0	observed
Q15149	1627	10.0	22.0	observed
Q15149	1637	10.0	32.0	observed
Q15149	1812	130.0	175.0	observed
Q15149	1942	130.0	305.0	observed
Q15149	2286	344.0	474.0	observed
Q15149	3514	1113.0	1117.0	observed
Q15149	4627	4.0	13.0	observed
Q15149	4631	4.0	9.0	observed
Q15149	4640	9.0	13.0	observed
Q15154	1595	inf	inf	observed
Q15170	114	inf	inf	observed
Q15181	132	inf	inf	observed
Q15185	78	inf	inf	observed
Q15208	447	7.0	inf	observed
Q15208	454	7.0	inf	observed
Q15233	91	24.0	44.0	observed
Q15233	115	20.0	24.0	observed
Q15233	135	7.0	20.0	observed
Q15233	142	7.0	27.0	observed
Q15233	184	2.0	42.0	observed
Q15233	186	2.0	44.0	observed
Q15233	251	5.0	19.0	observed
Q15233	256	5.0	14.0	observed
Q15233	270	14.0	17.0	observed
Q15233	287	17.0	17.0	observed
Q15233	304	17.0	21.0	observed
Q15233	325	18.0	21.0	observed
Q15233	343	18.0	21.0	observed
Q15233	364	21.0	39.0	observed
Q15233	456	92.0	113.0	observed
Q15257	121	20.0	inf	observed
Q15257	141	20.0	inf	observed
Q15269	253	5.0	inf	observed
Q15269	258	5.0	inf	observed
Q15274	161	inf	inf	observed
Q15287	78	118.0	inf	observed
Q15287	196	118.0	inf	observed
Q15291	161	1.0	347.0	observed
Q15291	162	1.0	346.0	observed
Q15291	508	346.0	347.0	observed
Q15293	83	7.0	31.0	observed
Q15293	90	7.0	24.0	observed
Q15293	114	24.0	31.0	observed
Q15293	249	21.0	37.0	observed
Q15293	270	16.0	21.0	observed
Q15293	286	16.0	37.0	observed
Q15306	201	inf	inf	observed
Q15345	147	inf	inf	observed
Q15365	306	40.0	inf	observed
Q15365	346	40.0	inf	observed
Q15366	314	inf	inf	observed
Q15388	132	inf	inf	observed
Q15393	268	700.0	811.0	observed
Q15393	968	111.0	196.0	observed
Q15393	1079	85.0	111.0	observed
Q15393	1164	85.0	196.0	observed
Q15398	204	inf	inf	observed
Q15417	185	1.0	inf	observed
Q15417	186	1.0	inf	observed
Q15424	29	6.0	31.0	observed
Q15424	35	6.0	25.0	observed
Q15424	60	25.0	31.0	observed
Q15424	252	192.0	217.0	observed
Q15424	509	203.0	209.0	observed
Q15424	712	6.0	42.0	observed
Q15424	718	6.0	36.0	observed
Q15424	754	2.0	10.0	observed
Q15424	756	2.0	8.0	observed
Q15424	764	8.0	10.0	observed
Q15424	783	19.0	23.0	observed
Q15424	806	5.0	12.0	observed
Q15424	811	5.0	7.0	observed
Q15424	818	7.0	12.0	observed
Q15424	854	14.0	20.0	observed
Q15424	868	6.0	14.0	observed
Q15424	874	6.0	10.0	observed
Q15424	884	10.0	16.0	observed
Q15424	902	3.0	8.0	observed
Q15424	905	3.0	5.0	observed
Q15424	910	5.0	8.0	observed
Q15427	390	8.0	19.0	observed
Q15427	398	8.0	11.0	observed
Q15427	409	6.0	10.0	observed
Q15427	415	4.0	6.0	observed
Q15427	419	4.0	10.0	observed
Q15428	24	2.0	126.0	observed
Q15428	26	2.0	124.0	observed
Q15428	150	124.0	126.0	observed
Q15435	20	1.0	34.0	observed
Q15435	21	1.0	33.0	observed
Q15435	54	22.0	33.0	observed
Q15435	76	22.0	55.0	observed
Q15459	70	106.0	508.0	observed
Q15459	176	106.0	402.0	observed
Q15459	578	9.0	21.0	observed
Q15459	587	9.0	12.0	observed
Q15459	599	8.0	12.0	observed
Q15459	607	8.0	20.0	observed
Q15459	642	35.0	43.0	observed
Q15459	699	1.0	57.0	observed
Q15459	700	1.0	58.0	observed
Q15466	57	181.0	inf	observed
Q15466	238	181.0	inf	observed
Q15527	13	208.0	inf	observed
Q15527	221	208.0	inf	observed
Q15532	9	2.0	inf	observed
Q15532	11	2.0	inf	observed
Q15554	59	1.0	11.0	observed
Q15554	60	1.0	10.0	observed
Q15554	70	2.0	10.0	observed
Q15554	72	2.0	12.0	observed
Q15560	92	inf	inf	observed
Q15569	35	2.0	7.0	observed
Q15569	37	2.0	5.0	observed
Q15569	42	5.0	7.0	observed
Q15569	338	9.0	296.0	observed
Q15569	347	9.0	305.0	observed
Q15572	728	inf	inf	observed
Q15596	338	151.0	536.0	observed
Q15596	489	151.0	385.0	observed
Q15596	874	6.0	288.0	observed
Q15596	880	6.0	282.0	observed
Q15596	1162	7.0	11.0	observed
Q15596	1169	4.0	7.0	observed
Q15596	1173	4.0	4.0	observed
Q15596	1177	4.0	8.0	observed
Q15596	1190	6.0	13.0	observed
Q15596	1196	6.0	7.0	observed
Q15596	1203	7.0	13.0	observed
Q15596	1221	18.0	19.0	observed
Q15596	1240	8.0	10.0	observed
Q15596	1248	2.0	8.0	observed
Q15596	1250	2.0	10.0	observed
Q15596	1261	5.0	11.0	observed
Q15596	1266	5.0	16.0	observed
Q155Q3	394	227.0	inf	observed
Q155Q3	621	227.0	inf	observed
Q15637	263	82.0	102.0	observed
Q15637	345	20.0	82.0	observed
Q15637	365	20.0	97.0	observed
Q15637	462	97.0	117.0	observed
Q15642	27	288.0	inf	observed
Q15642	315	288.0	inf	observed
Q15650	274	inf	inf	observed
Q15652	897	1.0	inf	observed
Q15652	898	1.0	inf	observed
Q15654	21	4.0	22.0	observed
Q15654	25	4.0	18.0	observed
Q15654	43	18.0	21.0	observed
Q15654	64	21.0	21.0	observed
Q15654	85	4.0	21.0	observed
Q15654	89	4.0	22.0	observed
Q15654	111	5.0	6.0	observed
Q15654	116	1.0	4.0	observed
Q15654	117	1.0	3.0	observed
Q15654	120	3.0	4.0	observed
Q15654	179	6.0	7.0	observed
Q15654	185	1.0	6.0	observed
Q15654	186	1.0	7.0	observed
Q15654	205	9.0	12.0	observed
Q15654	214	3.0	9.0	observed
Q15654	217	3.0	12.0	observed
Q15654	236	2.0	19.0	observed
Q15654	238	2.0	20.0	observed
Q15654	258	20.0	22.0	observed
Q15654	315	9.0	57.0	observed
Q15654	324	9.0	66.0	observed
Q15654	423	99.0	108.0	observed
Q15699	312	inf	inf	observed
Q15717	14	133.0	191.0	observed
Q15717	147	58.0	59.0	observed
Q15717	205	1.0	12.0	observed
Q15717	206	1.0	11.0	observed
Q15717	217	2.0	11.0	observed
Q15717	219	2.0	13.0	observed
Q15723	269	69.0	81.0	observed
Q15723	338	12.0	69.0	observed
Q15723	350	12.0	81.0	observed
Q15723	494	15.0	144.0	observed
Q15723	509	15.0	159.0	observed
Q15735	7	4.0	49.0	observed
Q15735	11	4.0	45.0	observed
Q15735	56	9.0	20.0	observed
Q15735	65	9.0	11.0	observed
Q15735	76	7.0	11.0	observed
Q15735	83	7.0	18.0	observed
Q15746	302	inf	inf	observed
Q15750	103	inf	inf	observed
Q15751	1952	inf	inf	observed
Q15758	525	inf	inf	observed
Q15761	302	inf	inf	observed
Q15772	2055	inf	inf	observed
Q15773	212	inf	inf	observed
Q15785	293	inf	inf	observed
Q15788	1061	30.0	53.0	observed
Q15788	1091	23.0	30.0	observed
Q15788	1114	17.0	22.0	observed
Q15788	1131	5.0	17.0	observed
Q15788	1136	5.0	22.0	observed
Q15813	99	inf	inf	observed
Q15819	61	40.0	inf	observed
Q15819	101	40.0	inf	observed
Q15836	49	inf	inf	observed
Q15904	330	inf	inf	observed
Q15907	74	30.0	58.0	observed
Q15907	104	28.0	30.0	observed
Q15907	132	28.0	58.0	observed
Q15942	343	inf	inf	observed
Q16082	52	9.0	inf	observed
Q16082	61	9.0	inf	observed
Q16181	425	inf	inf	observed
Q16186	27	inf	inf	observed
Q16204	346	2.0	18.0	observed
Q16204	348	2.0	16.0	observed
Q16204	364	16.0	18.0	observed
Q16204	387	23.0	24.0	observed
Q16204	411	4.0	24.0	observed
Q16204	415	4.0	28.0	observed
Q16236	437	inf	inf	observed
Q16270	78	inf	inf	observed
Q16352	24	15.0	80.0	observed
Q16352	39	15.0	65.0	observed
Q16352	104	65.0	80.0	observed
Q16352	366	11.0	262.0	observed
Q16352	377	11.0	273.0	observed
Q16394	29	inf	inf	observed
Q16512	78	279.0	285.0	observed
Q16512	357	6.0	9.0	observed
Q16512	363	3.0	6.0	observed
Q16512	366	3.0	5.0	observed
Q16512	371	5.0	8.0	observed
Q16512	847	476.0	481.0	observed
Q16513	429	184.0	215.0	observed
Q16513	613	31.0	32.0	observed
Q16513	644	1.0	31.0	observed
Q16513	645	1.0	32.0	observed
Q16513	758	113.0	114.0	observed
Q16527	28	56.0	59.0	observed
Q16527	84	3.0	56.0	observed
Q16527	87	3.0	59.0	observed
Q16531	111	3.0	36.0	observed
Q16531	114	3.0	33.0	observed
Q16531	147	33.0	36.0	observed
Q16531	722	575.0	608.0	observed
Q16539	256	inf	inf	observed
Q16540	3	8.0	51.0	observed
Q16540	11	8.0	43.0	observed
Q16540	54	43.0	51.0	observed
Q16543	144	102.0	inf	observed
Q16543	246	102.0	inf	observed
Q16555	227	265.0	338.0	observed
Q16555	492	73.0	265.0	observed
Q16555	565	73.0	338.0	observed
Q16576	14	116.0	243.0	observed
Q16576	130	116.0	127.0	observed
Q16576	257	46.0	83.0	observed
Q16576	303	37.0	46.0	observed
Q16576	340	37.0	83.0	observed
Q16584	133	379.0	inf	observed
Q16584	512	379.0	inf	observed
Q16594	119	9.0	67.0	observed
Q16594	128	9.0	58.0	observed
Q16594	186	58.0	67.0	observed
Q16629	29	36.0	69.0	observed
Q16629	65	33.0	36.0	observed
Q16629	98	7.0	33.0	observed
Q16629	105	7.0	40.0	observed
Q16629	236	131.0	138.0	observed
Q16630	194	8.0	10.0	observed
Q16630	202	2.0	4.0	observed
Q16630	204	2.0	2.0	observed
Q16630	206	2.0	4.0	observed
Q16630	216	10.0	12.0	observed
Q16630	392	176.0	186.0	observed
Q16637	23	181.0	inf	observed
Q16637	204	181.0	inf	observed
Q16643	139	inf	inf	observed
Q16658	118	99.0	inf	observed
Q16658	217	99.0	inf	observed
Q16695	41	2.0	9.0	observed
Q16695	43	2.0	7.0	observed
Q16695	50	7.0	9.0	observed
Q16695	64	14.0	20.0	observed
Q16695	84	20.0	34.0	observed
Q16695	129	45.0	65.0	observed
Q16698	119	inf	inf	observed
Q16718	25	inf	inf	observed
Q16720	580	inf	inf	observed
Q16763	149	inf	inf	observed
Q16775	129	inf	inf	observed
Q16777	21	9.0	51.0	observed
Q16777	30	9.0	42.0	observed
Q16777	72	10.0	17.0	observed
Q16777	82	7.0	10.0	observed
Q16777	89	7.0	17.0	observed
Q16778	73	7.0	14.0	observed
Q16778	80	7.0	7.0	observed
Q16778	87	6.0	7.0	observed
Q16778	93	6.0	7.0	observed
Q16778	100	7.0	13.0	observed
Q16787	2523	inf	inf	observed
Q16795	75	36.0	inf	observed
Q16795	111	36.0	inf	observed
Q16799	383	inf	inf	observed
Q16822	45	295.0	434.0	observed
Q16822	340	139.0	295.0	observed
Q16822	479	139.0	434.0	observed
Q16832	473	5.0	inf	observed
Q16832	478	5.0	inf	observed
Q16836	75	inf	inf	observed
Q16850	371	inf	inf	observed
Q16864	32	87.0	inf	observed
Q16864	119	87.0	inf	observed
Q16881	443	inf	inf	observed
Q16890	133	inf	inf	observed
Q16891	410	56.0	85.0	observed
Q16891	466	29.0	56.0	observed
Q16891	495	29.0	85.0	observed
Q17RB8	77	5.0	inf	observed
Q17RB8	82	5.0	inf	observed
Q17RY0	23	228.0	inf	observed
Q17RY0	251	228.0	inf	observed
Q1ED39	341	89.0	107.0	observed
Q1ED39	430	18.0	89.0	observed
Q1ED39	448	18.0	107.0	observed
Q1KMD3	23	137.0	374.0	observed
Q1KMD3	160	137.0	237.0	observed
Q1KMD3	397	97.0	237.0	observed
Q1KMD3	494	97.0	162.0	observed
Q1KMD3	656	9.0	10.0	observed
Q1KMD3	665	1.0	6.0	observed
Q1KMD3	666	1.0	5.0	observed
Q1KMD3	671	5.0	6.0	observed
Q1KMD3	684	4.0	9.0	observed
Q1KMD3	688	4.0	5.0	observed
Q1KMD3	693	2.0	5.0	observed
Q1KMD3	695	2.0	5.0	observed
Q1KMD3	700	4.0	5.0	observed
Q1KMD3	704	4.0	8.0	observed
Q1KMD3	712	4.0	8.0	observed
Q1KMD3	716	4.0	4.0	observed
Q1KMD3	720	4.0	8.0	observed
Q1KMD3	733	2.0	5.0	observed
Q1KMD3	735	2.0	3.0	observed
Q1KMD3	738	3.0	5.0	observed
Q1KMD3	747	9.0	12.0	observed
Q1MSJ5	641	2.0	inf	observed
Q1MSJ5	643	2.0	inf	observed
Q1W6H9	51	5.0	inf	observed
Q1W6H9	56	5.0	inf	observed
Q27J81	993	inf	inf	observed
Q29RF7	812	423.0	inf	observed
Q29RF7	1235	423.0	inf	observed
Q2I0M4	210	inf	inf	observed
Q2KHM9	16	34.0	inf	observed
Q2KHM9	50	34.0	inf	observed
Q2KHN1	32	inf	inf	observed
Q2KHR3	26	1145.0	1152.0	observed
Q2KHR3	1171	7.0	14.0	observed
Q2KHR3	1178	7.0	7.0	observed
Q2KHR3	1185	7.0	14.0	observed
Q2KHT3	861	inf	inf	observed
Q2LD37	3625	5.0	8.0	observed
Q2LD37	3630	3.0	5.0	observed
Q2LD37	3633	3.0	8.0	observed
Q2LD37	3740	2.0	107.0	observed
Q2LD37	3742	2.0	109.0	observed
Q2LD37	3899	6.0	157.0	observed
Q2LD37	3905	6.0	163.0	observed
Q2M1P5	650	571.0	inf	observed
Q2M1P5	1221	571.0	inf	observed
Q2M2I8	391	inf	inf	observed
Q2M3C7	1020	inf	inf	observed
Q2M3G4	164	38.0	47.0	observed
Q2M3G4	202	9.0	29.0	observed
Q2M3G4	211	9.0	20.0	observed
Q2M3G4	231	3.0	9.0	observed
Q2M3G4	234	3.0	6.0	observed
Q2M3G4	240	6.0	9.0	observed
Q2M3V2	520	inf	inf	observed
Q2NKX9	36	inf	inf	observed
Q2NL82	279	inf	inf	observed
Q2QGD7	13	inf	inf	observed
Q2TAC2	274	inf	inf	observed
Q2TAC6	807	24.0	inf	observed
Q2TAC6	831	24.0	inf	observed
Q2TAL8	500	inf	inf	observed
Q2TAY7	123	inf	inf	observed
Q2TBE0	34	inf	inf	observed
Q2V2M9	101	inf	inf	observed
Q2VPA4	192	inf	inf	observed
Q2VYF4	243	inf	inf	observed
Q32MZ4	38	687.0	inf	observed
Q32MZ4	725	687.0	inf	observed
Q32P44	13	177.0	inf	observed
Q32P44	190	177.0	inf	observed
Q32P51	14	17.0	41.0	observed
Q32P51	31	17.0	24.0	observed
Q32P51	55	24.0	41.0	observed
Q32P51	122	18.0	24.0	observed
Q32P51	140	6.0	18.0	observed
Q32P51	146	6.0	24.0	observed
Q32P51	194	2.0	3.0	observed
Q32P51	196	1.0	2.0	observed
Q32P51	197	1.0	3.0	observed
Q32P51	206	9.0	10.0	observed
Q32P51	218	7.0	12.0	observed
Q32P51	225	7.0	19.0	observed
Q32P51	284	59.0	66.0	observed
Q3B7T1	644	inf	inf	observed
Q3B8N2	173	inf	inf	observed
Q3KNS6	195	inf	inf	observed
Q3KNT7	74	inf	inf	observed
Q3KP66	49	349.0	356.0	observed
Q3KP66	398	7.0	94.0	observed
Q3KP66	405	7.0	87.0	observed
Q3KP66	492	62.0	65.0	observed
Q3KP66	554	3.0	24.0	observed
Q3KP66	557	3.0	21.0	observed
Q3KP66	578	17.0	21.0	observed
Q3KP66	595	17.0	31.0	observed
Q3KP66	626	5.0	31.0	observed
Q3KP66	631	5.0	36.0	observed
Q3KQU3	310	16.0	22.0	observed
Q3KQU3	326	6.0	16.0	observed
Q3KQU3	332	6.0	22.0	observed
Q3KQV9	318	inf	inf	observed
Q3KQZ1	104	inf	inf	observed
Q3KR16	61	6.0	inf	observed
Q3KR16	67	6.0	inf	observed
Q3KR37	121	inf	inf	observed
Q3L8U1	1251	inf	inf	observed
Q3LXA3	115	inf	inf	observed
Q3MIN7	603	inf	inf	observed
Q3SX64	267	11.0	16.0	observed
Q3SX64	278	5.0	11.0	observed
Q3SX64	283	5.0	16.0	observed
Q3SY69	665	inf	inf	observed
Q3YEC7	508	6.0	inf	observed
Q3YEC7	514	6.0	inf	observed
Q3ZCM7	380	inf	inf	observed
Q3ZCQ8	43	inf	inf	observed
Q49A26	91	290.0	inf	observed
Q49A26	381	290.0	inf	observed
Q49A88	18	inf	inf	observed
Q49AJ0	1091	inf	inf	observed
Q49AM3	265	190.0	193.0	observed
Q49AM3	455	3.0	8.0	observed
Q49AM3	458	3.0	5.0	observed
Q49AM3	463	5.0	8.0	observed
Q4AC94	2314	inf	inf	observed
Q4G0J3	297	234.0	inf	observed
Q4G0J3	531	234.0	inf	observed
Q4G0N4	384	inf	inf	observed
Q4G0P3	2513	1910.0	inf	observed
Q4G0P3	4423	1910.0	inf	observed
Q4G0S4	317	inf	inf	observed
Q4G176	56	250.0	inf	observed
Q4G176	306	250.0	inf	observed
Q4J6C6	63	inf	inf	observed
Q4KMP7	29	inf	inf	observed
Q4KMQ1	70	98.0	inf	observed
Q4KMQ1	168	98.0	inf	observed
Q4KMZ1	326	inf	inf	observed
Q4UJ75	733	inf	inf	observed
Q4V321	13	2.0	3.0	observed
Q4V321	15	1.0	2.0	observed
Q4V321	16	1.0	3.0	observed
Q4V321	28	12.0	13.0	observed
Q4V326	16	inf	inf	observed
Q4V328	296	inf	inf	observed
Q4VC05	44	inf	inf	observed
Q4VC31	29	inf	inf	observed
Q4VCS5	24	212.0	256.0	observed
Q4VCS5	236	44.0	55.0	observed
Q4VCS5	280	11.0	44.0	observed
Q4VCS5	291	11.0	44.0	observed
Q4VCS5	335	44.0	55.0	observed
Q4VCS5	412	77.0	121.0	observed
Q4VCS5	575	163.0	240.0	observed
Q4VXU2	166	inf	inf	observed
Q4ZG55	1332	7.0	inf	observed
Q4ZG55	1339	7.0	inf	observed
Q504Q3	265	157.0	167.0	observed
Q504Q3	422	10.0	157.0	observed
Q504Q3	432	10.0	167.0	observed
Q52LJ0	308	27.0	48.0	observed
Q52LJ0	335	21.0	27.0	observed
Q52LJ0	356	21.0	28.0	observed
Q52LJ0	384	6.0	12.0	observed
Q52LJ0	390	6.0	6.0	observed
Q52LJ0	396	6.0	6.0	observed
Q52LJ0	402	6.0	6.0	observed
Q52LJ0	408	6.0	12.0	observed
Q52LJ0	431	23.0	29.0	observed
Q52LR7	769	inf	inf	observed
Q52LW3	1001	inf	inf	observed
Q53EL6	73	194.0	inf	observed
Q53EL6	267	194.0	inf	observed
Q53ET0	106	55.0	95.0	observed
Q53ET0	161	40.0	55.0	observed
Q53ET0	201	40.0	95.0	observed
Q53F19	107	inf	inf	observed
Q53GA4	142	inf	inf	observed
Q53GI3	556	inf	inf	observed
Q53GQ0	179	inf	inf	observed
Q53GS7	15	6.0	inf	observed
Q53GS7	21	6.0	inf	observed
Q53GS9	14	13.0	467.0	observed
Q53GS9	27	13.0	454.0	observed
Q53GS9	481	454.0	467.0	observed
Q53H47	336	16.0	236.0	observed
Q53H47	352	16.0	220.0	observed
Q53H47	572	220.0	236.0	observed
Q53SZ7	346	inf	inf	observed
Q53TS8	1764	inf	inf	observed
Q562F6	684	inf	inf	observed
Q562R1	63	228.0	250.0	observed
Q562R1	291	22.0	228.0	observed
Q562R1	313	22.0	250.0	observed
Q56NI9	487	inf	inf	observed
Q58EX2	524	inf	inf	observed
Q58EX7	1064	inf	inf	observed
Q58FF3	320	inf	inf	observed
Q58FF7	485	inf	inf	observed
Q58WW2	3	232.0	310.0	observed
Q58WW2	235	78.0	129.0	observed
Q58WW2	313	51.0	53.0	observed
Q58WW2	364	2.0	4.0	observed
Q58WW2	366	2.0	2.0	observed
Q58WW2	368	2.0	4.0	observed
Q5BJF6	586	inf	inf	observed
Q5BJH7	15	2.0	33.0	observed
Q5BJH7	17	2.0	31.0	observed
Q5BJH7	48	31.0	33.0	observed
Q5BKY9	18	2.0	inf	observed
Q5BKY9	20	2.0	inf	observed
Q5BKZ1	125	13.0	17.0	observed
Q5BKZ1	138	4.0	11.0	observed
Q5BKZ1	142	4.0	7.0	observed
Q5BKZ1	149	2.0	7.0	observed
Q5BKZ1	151	2.0	9.0	observed
Q5BKZ1	173	2.0	15.0	observed
Q5BKZ1	175	2.0	13.0	observed
Q5BKZ1	188	12.0	13.0	observed
Q5BKZ1	200	2.0	4.0	observed
Q5BKZ1	202	2.0	2.0	observed
Q5BKZ1	204	2.0	4.0	observed
Q5BKZ1	235	4.0	31.0	observed
Q5BKZ1	239	4.0	35.0	observed
Q5C9Z4	171	479.0	486.0	observed
Q5C9Z4	650	7.0	479.0	observed
Q5C9Z4	657	7.0	486.0	observed
Q5CZ79	700	inf	inf	observed
Q5CZC0	206	29.0	30.0	observed
Q5CZC0	235	1.0	3.0	observed
Q5CZC0	236	1.0	2.0	observed
Q5CZC0	238	2.0	3.0	observed
Q5EBL8	63	inf	inf	observed
Q5EBM0	9	inf	inf	observed
Q5FVE4	205	inf	inf	observed
Q5H9F3	816	215.0	inf	observed
Q5H9F3	1031	215.0	inf	observed
Q5H9L2	182	inf	inf	observed
Q5H9R7	207	inf	inf	observed
Q5HY92	43	inf	inf	observed
Q5HYI8	222	inf	inf	observed
Q5HYK3	290	inf	inf	observed
Q5HYW2	829	inf	inf	observed
Q5J8M3	13	18.0	inf	observed
Q5J8M3	31	18.0	inf	observed
Q5JPH6	108	inf	inf	observed
Q5JPI3	62	inf	inf	observed
Q5JRA6	1784	25.0	49.0	observed
Q5JRA6	1809	24.0	25.0	observed
Q5JRA6	1833	10.0	18.0	observed
Q5JRA6	1843	8.0	10.0	observed
Q5JRA6	1851	8.0	8.0	observed
Q5JRA6	1859	8.0	16.0	observed
Q5JRA6	1877	18.0	26.0	observed
Q5JRX3	424	110.0	500.0	observed
Q5JRX3	534	110.0	390.0	observed
Q5JRX3	924	83.0	390.0	observed
Q5JRX3	1007	83.0	473.0	observed
Q5JSZ5	56	107.0	244.0	observed
Q5JSZ5	163	107.0	137.0	observed
Q5JSZ5	300	13.0	137.0	observed
Q5JSZ5	313	13.0	150.0	observed
Q5JSZ5	673	11.0	113.0	observed
Q5JSZ5	684	11.0	102.0	observed
Q5JSZ5	786	102.0	113.0	observed
Q5JSZ5	1065	2.0	4.0	observed
Q5JSZ5	1067	2.0	2.0	observed
Q5JSZ5	1069	2.0	4.0	observed
Q5JSZ5	1077	2.0	8.0	observed
Q5JSZ5	1079	2.0	10.0	observed
Q5JSZ5	1097	11.0	13.0	observed
Q5JSZ5	1108	2.0	5.0	observed
Q5JSZ5	1110	2.0	3.0	observed
Q5JSZ5	1113	3.0	5.0	observed
Q5JSZ5	1297	3.0	4.0	observed
Q5JSZ5	1300	1.0	3.0	observed
Q5JSZ5	1301	1.0	4.0	observed
Q5JSZ5	1976	134.0	135.0	observed
Q5JSZ5	2110	1.0	134.0	observed
Q5JSZ5	2111	1.0	135.0	observed
Q5JT82	366	inf	inf	observed
Q5JTC6	1091	inf	inf	observed
Q5JTD0	504	inf	inf	observed
Q5JTH9	679	459.0	461.0	observed
Q5JTH9	1138	2.0	459.0	observed
Q5JTH9	1140	2.0	461.0	observed
Q5JTV8	300	inf	inf	observed
Q5JTW2	49	inf	inf	observed
Q5JTZ9	561	14.0	19.0	observed
Q5JTZ9	575	5.0	14.0	observed
Q5JTZ9	580	5.0	19.0	observed
Q5JTZ9	819	22.0	239.0	observed
Q5JTZ9	841	22.0	261.0	observed
Q5JU85	207	182.0	inf	observed
Q5JU85	389	182.0	inf	observed
Q5JUK3	1080	inf	inf	observed
Q5JUX0	113	inf	inf	observed
Q5JV73	40	inf	inf	observed
Q5JVS0	70	3.0	12.0	observed
Q5JVS0	73	3.0	9.0	observed
Q5JVS0	82	6.0	9.0	observed
Q5JVS0	88	6.0	15.0	observed
Q5JVS0	124	36.0	42.0	observed
Q5JVS0	178	2.0	11.0	observed
Q5JVS0	180	2.0	9.0	observed
Q5JVS0	189	4.0	9.0	observed
Q5JVS0	193	4.0	13.0	observed
Q5JVS0	211	18.0	22.0	observed
Q5JVS0	376	165.0	183.0	observed
Q5JWF2	979	11.0	inf	observed
Q5JWF2	990	11.0	inf	observed
Q5JWF8	74	inf	inf	observed
Q5KU26	149	inf	inf	observed
Q5MIZ7	17	inf	inf	observed
Q5MNZ6	225	inf	inf	observed
Q5NUL3	24	inf	inf	observed
Q5PRF9	570	1.0	32.0	observed
Q5PRF9	571	1.0	31.0	observed
Q5PRF9	602	13.0	31.0	observed
Q5PRF9	615	13.0	19.0	observed
Q5PRF9	634	19.0	32.0	observed
Q5QGS0	1243	inf	inf	observed
Q5QJE6	725	inf	inf	observed
Q5QNW6	73	7.0	14.0	observed
Q5QNW6	80	7.0	7.0	observed
Q5QNW6	87	6.0	7.0	observed
Q5QNW6	93	6.0	7.0	observed
Q5QNW6	100	7.0	13.0	observed
Q5QP82	134	338.0	inf	observed
Q5QP82	472	338.0	inf	observed
Q5R372	253	inf	inf	observed
Q5RKV6	77	16.0	18.0	observed
Q5RKV6	93	2.0	16.0	observed
Q5RKV6	95	2.0	18.0	observed
Q5SQI0	293	30.0	inf	observed
Q5SQI0	323	30.0	inf	observed
Q5SRE5	251	13.0	275.0	observed
Q5SRE5	264	13.0	262.0	observed
Q5SRE5	526	262.0	275.0	observed
Q5SRN2	26	inf	inf	observed
Q5SSJ5	146	inf	inf	observed
Q5SW79	72	329.0	359.0	observed
Q5SW79	401	30.0	329.0	observed
Q5SW79	431	30.0	359.0	observed
Q5SXM2	1300	inf	inf	observed
Q5SY16	208	inf	inf	observed
Q5SYE7	319	1181.0	inf	observed
Q5SYE7	1500	1181.0	inf	observed
Q5SZJ8	92	inf	inf	observed
Q5SZL2	212	inf	inf	observed
Q5T011	2474	2.0	inf	observed
Q5T011	2476	2.0	inf	observed
Q5T089	15	inf	inf	observed
Q5T0B9	54	inf	inf	observed
Q5T0F9	14	inf	inf	observed
Q5T0W9	373	601.0	614.0	observed
Q5T0W9	974	13.0	23.0	observed
Q5T0W9	987	10.0	13.0	observed
Q5T0W9	997	10.0	23.0	observed
Q5T0Z8	1038	6.0	15.0	observed
Q5T0Z8	1044	6.0	9.0	observed
Q5T0Z8	1053	6.0	9.0	observed
Q5T0Z8	1059	6.0	14.0	observed
Q5T0Z8	1073	11.0	14.0	observed
Q5T0Z8	1084	11.0	18.0	observed
Q5T0Z8	1102	1.0	17.0	observed
Q5T0Z8	1103	1.0	16.0	observed
Q5T0Z8	1119	8.0	16.0	observed
Q5T0Z8	1127	8.0	24.0	observed
Q5T0Z8	1157	11.0	30.0	observed
Q5T0Z8	1168	11.0	41.0	observed
Q5T1A1	182	inf	inf	observed
Q5T1M5	520	inf	inf	observed
Q5T1R4	2048	283.0	inf	observed
Q5T1R4	2331	283.0	inf	observed
Q5T200	66	498.0	500.0	observed
Q5T200	564	2.0	43.0	observed
Q5T200	566	2.0	41.0	observed
Q5T200	607	4.0	7.0	observed
Q5T200	611	3.0	4.0	observed
Q5T200	614	3.0	4.0	observed
Q5T200	618	4.0	7.0	observed
Q5T200	1377	759.0	763.0	observed
Q5T280	8	inf	inf	observed
Q5T2E6	7	5.0	inf	observed
Q5T2E6	12	5.0	inf	observed
Q5T2N8	353	inf	inf	observed
Q5T3I0	222	117.0	130.0	observed
Q5T3I0	339	13.0	117.0	observed
Q5T3I0	352	13.0	130.0	observed
Q5T440	14	inf	inf	observed
Q5T4S7	3915	163.0	524.0	observed
Q5T4S7	4078	163.0	361.0	observed
Q5T4S7	4439	361.0	524.0	observed
Q5T5P2	53	832.0	1601.0	observed
Q5T5P2	885	769.0	832.0	observed
Q5T5P2	1654	120.0	769.0	observed
Q5T5P2	1774	120.0	889.0	observed
Q5T5S1	86	7.0	inf	observed
Q5T5S1	93	7.0	inf	observed
Q5T5U3	554	21.0	55.0	observed
Q5T5U3	575	21.0	34.0	observed
Q5T5U3	609	34.0	55.0	observed
Q5T5X7	104	2.0	inf	observed
Q5T5X7	106	2.0	inf	observed
Q5T6F2	149	17.0	20.0	observed
Q5T6F2	166	3.0	7.0	observed
Q5T6F2	169	3.0	4.0	observed
Q5T6F2	173	4.0	4.0	observed
Q5T6F2	177	4.0	8.0	observed
Q5T6L9	494	inf	inf	observed
Q5T6V5	45	inf	inf	observed
Q5T7N2	212	inf	inf	observed
Q5T8I3	81	4.0	inf	observed
Q5T8I3	85	4.0	inf	observed
Q5T8P6	835	20.0	22.0	observed
Q5T8P6	855	2.0	7.0	observed
Q5T8P6	857	2.0	5.0	observed
Q5T8P6	862	2.0	5.0	observed
Q5T8P6	864	2.0	6.0	observed
Q5T8P6	870	6.0	8.0	observed
Q5T8P6	878	8.0	14.0	observed
Q5T8R8	178	inf	inf	observed
Q5TA31	98	11.0	inf	observed
Q5TA31	109	11.0	inf	observed
Q5TA45	185	inf	inf	observed
Q5TAQ9	204	inf	inf	observed
Q5TAX3	1624	4.0	inf	observed
Q5TAX3	1628	4.0	inf	observed
Q5TBK1	236	inf	inf	observed
Q5TC12	89	inf	inf	observed
Q5TC82	597	26.0	132.0	observed
Q5TC82	623	26.0	106.0	observed
Q5TC82	729	5.0	11.0	observed
Q5TC82	734	5.0	6.0	observed
Q5TC82	740	6.0	11.0	observed
Q5TCZ1	789	221.0	inf	observed
Q5TCZ1	1010	221.0	inf	observed
Q5TD97	114	inf	inf	observed
Q5TDH0	108	2.0	74.0	observed
Q5TDH0	110	2.0	72.0	observed
Q5TDH0	182	72.0	74.0	observed
Q5TF21	206	inf	inf	observed
Q5TG53	69	inf	inf	observed
Q5TGY1	461	inf	inf	observed
Q5TGY3	151	3.0	527.0	observed
Q5TGY3	154	3.0	524.0	observed
Q5TGY3	678	213.0	524.0	observed
Q5TGY3	891	213.0	395.0	observed
Q5TGY3	1286	395.0	608.0	observed
Q5TH69	1093	inf	inf	observed
Q5TH74	17	inf	inf	observed
Q5TYX0	246	inf	inf	observed
Q5TZA2	491	951.0	1194.0	observed
Q5TZA2	1442	243.0	951.0	observed
Q5TZA2	1685	243.0	1194.0	observed
Q5U5R9	613	inf	inf	observed
Q5UCC4	99	inf	inf	observed
Q5UIP0	411	inf	inf	observed
Q5VST9	1428	1885.0	5333.0	observed
Q5VST9	3313	1885.0	3448.0	observed
Q5VST9	6761	3448.0	5333.0	observed
Q5VT06	302	2602.0	inf	observed
Q5VT06	2904	2602.0	inf	observed
Q5VT25	172	7.0	inf	observed
Q5VT25	179	7.0	inf	observed
Q5VT52	298	798.0	799.0	observed
Q5VT52	1096	1.0	14.0	observed
Q5VT52	1097	1.0	13.0	observed
Q5VT52	1110	7.0	13.0	observed
Q5VT52	1117	7.0	20.0	observed
Q5VT52	1170	53.0	60.0	observed
Q5VT52	1347	8.0	17.0	observed
Q5VT52	1355	8.0	9.0	observed
Q5VT52	1364	2.0	9.0	observed
Q5VT52	1366	2.0	11.0	observed
Q5VT52	1404	11.0	14.0	observed
Q5VT52	1415	3.0	7.0	observed
Q5VT52	1418	3.0	4.0	observed
Q5VT52	1422	2.0	4.0	observed
Q5VT52	1424	2.0	6.0	observed
Q5VT52	1430	6.0	8.0	observed
Q5VT52	1445	9.0	15.0	observed
Q5VT52	1454	6.0	9.0	observed
Q5VT52	1460	6.0	15.0	observed
Q5VT66	111	inf	inf	observed
Q5VT79	167	inf	inf	observed
Q5VT97	15	20.0	inf	observed
Q5VT97	35	20.0	inf	observed
Q5VTB9	196	inf	inf	observed
Q5VTE0	166	inf	inf	observed
Q5VTE6	18	2.0	26.0	observed
Q5VTE6	20	2.0	24.0	observed
Q5VTE6	44	24.0	26.0	observed
Q5VTE6	72	7.0	28.0	observed
Q5VTE6	79	7.0	35.0	observed
Q5VTE6	387	308.0	315.0	observed
Q5VTL8	253	inf	inf	observed
Q5VTR2	287	364.0	inf	observed
Q5VTR2	651	364.0	inf	observed
Q5VU43	1883	inf	inf	observed
Q5VUA4	107	145.0	632.0	observed
Q5VUA4	252	145.0	487.0	observed
Q5VUA4	739	53.0	62.0	observed
Q5VUA4	792	9.0	53.0	observed
Q5VUA4	801	9.0	52.0	observed
Q5VUA4	853	52.0	61.0	observed
Q5VUA4	1679	826.0	878.0	observed
Q5VUJ6	636	1.0	7.0	observed
Q5VUJ6	637	1.0	6.0	observed
Q5VUJ6	643	6.0	7.0	observed
Q5VV17	143	inf	inf	observed
Q5VV41	39	4.0	inf	observed
Q5VV41	43	4.0	inf	observed
Q5VV67	373	inf	inf	observed
Q5VVH2	58	inf	inf	observed
Q5VVW2	65	inf	inf	observed
Q5VWN6	2056	inf	inf	observed
Q5VWQ0	57	523.0	inf	observed
Q5VWQ0	580	523.0	inf	observed
Q5VWQ8	932	2.0	inf	observed
Q5VWQ8	934	2.0	inf	observed
Q5VWX1	117	69.0	71.0	observed
Q5VWX1	186	2.0	44.0	observed
Q5VWX1	188	2.0	42.0	observed
Q5VWX1	230	10.0	16.0	observed
Q5VWX1	240	6.0	8.0	observed
Q5VWX1	246	2.0	6.0	observed
Q5VWX1	248	2.0	8.0	observed
Q5VWX1	348	100.0	102.0	observed
Q5VXH4	246	inf	inf	observed
Q5VYK3	527	650.0	652.0	observed
Q5VYK3	1177	2.0	650.0	observed
Q5VYK3	1179	2.0	652.0	observed
Q5VZ89	1036	inf	inf	observed
Q5VZF2	183	inf	inf	observed
Q5VZL5	680	508.0	inf	observed
Q5VZL5	1188	508.0	inf	observed
Q5XG87	145	626.0	inf	observed
Q5XG87	771	626.0	inf	observed
Q5XPI4	306	377.0	825.0	observed
Q5XPI4	683	377.0	448.0	observed
Q5XPI4	1131	448.0	825.0	observed
Q5XUX0	14	inf	inf	observed
Q5XXA6	953	inf	inf	observed
Q60I27	563	inf	inf	observed
Q63HN8	2438	873.0	1121.0	observed
Q63HN8	3311	248.0	269.0	observed
Q63HN8	3559	21.0	248.0	observed
Q63HN8	3580	21.0	269.0	observed
Q63HQ2	880	6.0	inf	observed
Q63HQ2	886	6.0	inf	observed
Q63ZY3	105	12.0	18.0	observed
Q63ZY3	117	6.0	12.0	observed
Q63ZY3	123	6.0	18.0	observed
Q63ZY3	243	2.0	120.0	observed
Q63ZY3	245	2.0	122.0	observed
Q63ZY6	156	inf	inf	observed
Q641Q2	385	728.0	inf	observed
Q641Q2	1113	728.0	inf	observed
Q641Q3	281	inf	inf	observed
Q659C4	29	109.0	116.0	observed
Q659C4	138	7.0	11.0	observed
Q659C4	145	4.0	7.0	observed
Q659C4	149	4.0	4.0	observed
Q659C4	153	2.0	4.0	observed
Q659C4	155	2.0	6.0	observed
Q659C4	303	148.0	150.0	observed
Q66K14	34	inf	inf	observed
Q66K74	325	2.0	529.0	observed
Q66K74	327	2.0	527.0	observed
Q66K74	854	7.0	9.0	observed
Q66K74	861	2.0	7.0	observed
Q66K74	863	2.0	9.0	observed
Q66K74	894	31.0	32.0	observed
Q66K74	926	9.0	32.0	observed
Q66K74	935	9.0	41.0	observed
Q66PJ3	101	46.0	122.0	observed
Q66PJ3	147	46.0	76.0	observed
Q66PJ3	223	76.0	122.0	observed
Q68BL7	413	inf	inf	observed
Q68CQ4	25	11.0	14.0	observed
Q68CQ4	36	3.0	11.0	observed
Q68CQ4	39	3.0	14.0	observed
Q68CQ4	467	428.0	431.0	observed
Q68CZ2	628	7.0	12.0	observed
Q68CZ2	635	5.0	7.0	observed
Q68CZ2	640	5.0	5.0	observed
Q68CZ2	645	5.0	10.0	observed
Q68D20	65	inf	inf	observed
Q68D85	90	inf	inf	observed
Q68D91	221	inf	inf	observed
Q68DC2	596	inf	inf	observed
Q68DK7	79	inf	inf	observed
Q68DN1	1693	2.0	80.0	observed
Q68DN1	1695	2.0	78.0	observed
Q68DN1	1773	2.0	78.0	observed
Q68DN1	1775	2.0	80.0	observed
Q68DQ2	7	inf	inf	observed
Q68EM7	510	6.0	inf	observed
Q68EM7	516	6.0	inf	observed
Q69YH5	96	10.0	717.0	observed
Q69YH5	106	10.0	707.0	observed
Q69YH5	813	707.0	717.0	observed
Q69YN4	1624	2.0	10.0	observed
Q69YN4	1626	2.0	8.0	observed
Q69YN4	1634	8.0	10.0	observed
Q69YN4	1687	7.0	10.0	observed
Q69YN4	1694	3.0	7.0	observed
Q69YN4	1697	3.0	10.0	observed
Q69YN4	1719	4.0	15.0	observed
Q69YN4	1723	4.0	11.0	observed
Q69YN4	1734	7.0	11.0	observed
Q69YN4	1741	7.0	8.0	observed
Q69YN4	1749	8.0	15.0	observed
Q69YN4	1773	2.0	20.0	observed
Q69YN4	1775	2.0	18.0	observed
Q69YN4	1793	10.0	12.0	observed
Q69YN4	1803	2.0	5.0	observed
Q69YN4	1805	2.0	3.0	observed
Q69YN4	1808	3.0	5.0	observed
Q6AI08	182	inf	inf	observed
Q6AI12	356	inf	inf	observed
Q6AWC2	14	inf	inf	observed
Q6DKJ4	84	inf	inf	observed
Q6DN03	80	inf	inf	observed
Q6DN14	77	inf	inf	observed
Q6DN90	687	inf	inf	observed
Q6DRA6	80	inf	inf	observed
Q6DT37	1473	inf	inf	observed
Q6EEV4	32	13.0	15.0	observed
Q6EEV4	45	2.0	7.0	observed
Q6EEV4	47	2.0	5.0	observed
Q6EEV4	52	5.0	7.0	observed
Q6F5E8	1095	129.0	inf	observed
Q6F5E8	1224	129.0	inf	observed
Q6FI13	21	9.0	51.0	observed
Q6FI13	30	9.0	42.0	observed
Q6FI13	72	10.0	17.0	observed
Q6FI13	82	7.0	10.0	observed
Q6FI13	89	7.0	17.0	observed
Q6GMV3	3	7.0	inf	observed
Q6GMV3	10	7.0	inf	observed
Q6GQQ9	700	12.0	13.0	observed
Q6GQQ9	712	1.0	12.0	observed
Q6GQQ9	713	1.0	13.0	observed
Q6GQQ9	738	25.0	26.0	observed
Q6I9Y2	25	inf	inf	observed
Q6IAA8	84	2.0	inf	observed
Q6IAA8	86	2.0	inf	observed
Q6IBS0	337	3.0	inf	observed
Q6IBS0	340	3.0	inf	observed
Q6ICC9	200	7.0	inf	observed
Q6ICC9	207	7.0	inf	observed
Q6IE81	501	2.0	inf	observed
Q6IE81	503	2.0	inf	observed
Q6IMN6	877	12.0	inf	observed
Q6IMN6	889	12.0	inf	observed
Q6IN84	316	inf	inf	observed
Q6IN85	17	inf	inf	observed
Q6IQ22	10	inf	inf	observed
Q6IQ23	1017	inf	inf	observed
Q6IQ26	549	inf	inf	observed
Q6IQ49	203	219.0	inf	observed
Q6IQ49	422	219.0	inf	observed
Q6IS14	113	inf	inf	observed
Q6ISB3	401	inf	inf	observed
Q6KB66	364	inf	inf	observed
Q6KC79	154	11.0	119.0	observed
Q6KC79	165	11.0	108.0	observed
Q6KC79	273	108.0	119.0	observed
Q6KC79	1294	1021.0	1129.0	observed
Q6L8Q7	245	inf	inf	observed
Q6L9W6	987	inf	inf	observed
Q6MZP7	435	158.0	inf	observed
Q6MZP7	593	158.0	inf	observed
Q6N021	680	6.0	1002.0	observed
Q6N021	686	6.0	996.0	observed
Q6N021	1682	996.0	1002.0	observed
Q6NSJ2	444	inf	inf	observed
Q6NT89	178	2.0	inf	observed
Q6NT89	180	2.0	inf	observed
Q6NTE8	141	137.0	146.0	observed
Q6NTE8	278	9.0	137.0	observed
Q6NTE8	287	9.0	146.0	observed
Q6NUM9	293	160.0	inf	observed
Q6NUM9	453	160.0	inf	observed
Q6NUN9	597	inf	inf	observed
Q6NUQ4	29	4.0	423.0	observed
Q6NUQ4	33	4.0	419.0	observed
Q6NUQ4	452	419.0	423.0	observed
Q6NUT2	49	inf	inf	observed
Q6NV74	569	168.0	inf	observed
Q6NV74	737	168.0	inf	observed
Q6NWY9	821	inf	inf	observed
Q6NXE6	256	233.0	240.0	observed
Q6NXE6	489	7.0	233.0	observed
Q6NXE6	496	7.0	240.0	observed
Q6NXG1	582	54.0	inf	observed
Q6NXG1	636	54.0	inf	observed
Q6NXT1	90	inf	inf	observed
Q6NXT2	42	7.0	21.0	observed
Q6NXT2	49	7.0	14.0	observed
Q6NXT2	63	14.0	21.0	observed
Q6NXT2	128	65.0	79.0	observed
Q6NXT4	440	9.0	15.0	observed
Q6NXT4	449	6.0	9.0	observed
Q6NXT4	455	6.0	15.0	observed
Q6NY19	259	inf	inf	observed
Q6NYC8	23	18.0	443.0	observed
Q6NYC8	41	18.0	425.0	observed
Q6NYC8	466	425.0	443.0	observed
Q6NZ36	8	inf	inf	observed
Q6NZ67	108	25.0	28.0	observed
Q6NZ67	133	3.0	25.0	observed
Q6NZ67	136	3.0	28.0	observed
Q6NZY4	50	476.0	inf	observed
Q6NZY4	526	476.0	inf	observed
Q6NZY7	38	inf	inf	observed
Q6P087	341	8.0	inf	observed
Q6P087	349	8.0	inf	observed
Q6P0Q8	163	6.0	841.0	observed
Q6P0Q8	169	6.0	835.0	observed
Q6P0Q8	1004	835.0	841.0	observed
Q6P158	51	inf	inf	observed
Q6P161	115	4.0	inf	observed
Q6P161	119	4.0	inf	observed
Q6P1J9	234	96.0	286.0	observed
Q6P1J9	330	96.0	190.0	observed
Q6P1J9	520	190.0	286.0	observed
Q6P1N0	13	6.0	889.0	observed
Q6P1N0	19	6.0	883.0	observed
Q6P1N0	902	883.0	889.0	observed
Q6P1Q9	348	inf	inf	observed
Q6P1R3	323	inf	inf	observed
Q6P1X5	827	inf	inf	observed
Q6P2E9	965	50.0	inf	observed
Q6P2E9	1015	50.0	inf	observed
Q6P2H3	206	71.0	inf	observed
Q6P2H3	277	71.0	inf	observed
Q6P2Q9	8	71.0	607.0	observed
Q6P2Q9	79	71.0	536.0	observed
Q6P2Q9	615	240.0	246.0	observed
Q6P2Q9	855	6.0	140.0	observed
Q6P2Q9	861	6.0	134.0	observed
Q6P2Q9	995	134.0	140.0	observed
Q6P2Q9	1151	50.0	156.0	observed
Q6P2Q9	1201	50.0	200.0	observed
Q6P2Q9	1401	13.0	17.0	observed
Q6P2Q9	1414	4.0	13.0	observed
Q6P2Q9	1418	4.0	9.0	observed
Q6P2Q9	1427	9.0	13.0	observed
Q6P2Q9	2086	659.0	668.0	observed
Q6P3X8	412	inf	inf	observed
Q6P435	46	inf	inf	observed
Q6P4F2	13	inf	inf	observed
Q6P582	133	3.0	inf	observed
Q6P582	136	3.0	inf	observed
Q6P597	222	inf	inf	observed
Q6P5Z2	58	inf	inf	observed
Q6P6C2	250	107.0	108.0	observed
Q6P6C2	357	1.0	2.0	observed
Q6P6C2	358	1.0	1.0	observed
Q6P6C2	359	1.0	2.0	observed
Q6P996	614	95.0	98.0	observed
Q6P996	709	3.0	79.0	observed
Q6P996	712	3.0	76.0	observed
Q6P996	788	76.0	79.0	observed
Q6P9G0	17	inf	inf	observed
Q6P9H4	483	12.0	inf	observed
Q6P9H4	495	12.0	inf	observed
Q6PCB5	569	inf	inf	observed
Q6PCD5	345	inf	inf	observed
Q6PCT2	367	inf	inf	observed
Q6PEZ8	226	5.0	inf	observed
Q6PEZ8	231	5.0	inf	observed
Q6PGN9	301	inf	inf	observed
Q6PID8	13	24.0	31.0	observed
Q6PID8	37	7.0	24.0	observed
Q6PID8	44	7.0	31.0	observed
Q6PID8	200	156.0	163.0	observed
Q6PIY7	73	2.0	17.0	observed
Q6PIY7	75	2.0	15.0	observed
Q6PIY7	90	2.0	15.0	observed
Q6PIY7	92	2.0	17.0	observed
Q6PIY7	131	39.0	41.0	observed
Q6PIY7	325	194.0	233.0	observed
Q6PJ69	342	inf	inf	observed
Q6PJF5	192	2.0	inf	observed
Q6PJF5	194	2.0	inf	observed
Q6PJG2	177	3.0	16.0	observed
Q6PJG2	180	3.0	13.0	observed
Q6PJG2	193	13.0	16.0	observed
Q6PJG2	227	4.0	34.0	observed
Q6PJG2	231	4.0	38.0	observed
Q6PJG2	344	103.0	111.0	observed
Q6PJG2	447	8.0	9.0	observed
Q6PJG2	455	1.0	8.0	observed
Q6PJG2	456	1.0	9.0	observed
Q6PJG9	107	inf	inf	observed
Q6PJT7	724	inf	inf	observed
Q6PK04	6	6.0	217.0	observed
Q6PK04	12	6.0	211.0	observed
Q6PK04	223	1.0	211.0	observed
Q6PK04	224	1.0	212.0	observed
Q6PKG0	45	195.0	226.0	observed
Q6PKG0	240	31.0	34.0	observed
Q6PKG0	271	3.0	14.0	observed
Q6PKG0	274	3.0	11.0	observed
Q6PKG0	285	11.0	14.0	observed
Q6PKG0	334	6.0	10.0	observed
Q6PKG0	340	4.0	6.0	observed
Q6PKG0	344	2.0	4.0	observed
Q6PKG0	346	2.0	2.0	observed
Q6PKG0	348	2.0	4.0	observed
Q6PKG0	366	9.0	18.0	observed
Q6PKG0	375	9.0	27.0	observed
Q6Q0C0	355	inf	inf	observed
Q6QNY0	8	inf	inf	observed
Q6R327	6	2.0	inf	observed
Q6R327	8	2.0	inf	observed
Q6RI45	1740	3.0	inf	observed
Q6RI45	1743	3.0	inf	observed
Q6RW13	113	inf	inf	observed
Q6S8J3	728	inf	inf	observed
Q6SPF0	104	12.0	46.0	observed
Q6SPF0	116	12.0	34.0	observed
Q6SPF0	150	20.0	23.0	observed
Q6SPF0	170	3.0	20.0	observed
Q6SPF0	173	3.0	23.0	observed
Q6SPF0	197	1.0	24.0	observed
Q6SPF0	198	1.0	25.0	observed
Q6SPF0	272	12.0	14.0	observed
Q6SPF0	284	2.0	7.0	observed
Q6SPF0	286	2.0	5.0	observed
Q6SPF0	291	5.0	7.0	observed
Q6STE5	71	209.0	inf	observed
Q6STE5	280	209.0	inf	observed
Q6TDP4	73	inf	inf	observed
Q6TFL3	662	inf	inf	observed
Q6U949	68	4.0	11.0	observed
Q6U949	72	4.0	7.0	observed
Q6U949	79	2.0	7.0	observed
Q6U949	81	2.0	9.0	observed
Q6UB35	582	237.0	inf	observed
Q6UB35	819	237.0	inf	observed
Q6UB98	900	inf	inf	observed
Q6ULP2	130	inf	inf	observed
Q6UN15	50	463.0	inf	observed
Q6UN15	513	463.0	inf	observed
Q6UUV7	87	3.0	inf	observed
Q6UUV7	90	3.0	inf	observed
Q6UUV9	103	14.0	inf	observed
Q6UUV9	117	14.0	inf	observed
Q6UWL6	658	inf	inf	observed
Q6UWP7	244	2.0	inf	observed
Q6UWP7	246	2.0	inf	observed
Q6UWU2	417	inf	inf	observed
Q6UWZ7	285	inf	inf	observed
Q6UX04	119	inf	inf	observed
Q6UX72	144	inf	inf	observed
Q6UXH8	282	inf	inf	observed
Q6UXN9	132	45.0	61.0	observed
Q6UXN9	177	16.0	45.0	observed
Q6UXN9	193	16.0	61.0	observed
Q6UXT9	441	inf	inf	observed
Q6UXX5	1211	4.0	inf	observed
Q6UXX5	1215	4.0	inf	observed
Q6V0I7	231	inf	inf	observed
Q6V1P9	1545	inf	inf	observed
Q6VEQ5	25	1.0	inf	observed
Q6VEQ5	26	1.0	inf	observed
Q6VMQ6	1050	37.0	48.0	observed
Q6VMQ6	1087	11.0	37.0	observed
Q6VMQ6	1098	11.0	48.0	observed
Q6VN20	494	3.0	inf	observed
Q6VN20	497	3.0	inf	observed
Q6VY07	4	inf	inf	observed
Q6W2J9	170	18.0	73.0	observed
Q6W2J9	188	18.0	55.0	observed
Q6W2J9	243	23.0	55.0	observed
Q6W2J9	266	23.0	72.0	observed
Q6W2J9	338	4.0	72.0	observed
Q6W2J9	342	4.0	76.0	observed
Q6W2J9	647	8.0	305.0	observed
Q6W2J9	655	8.0	313.0	observed
Q6W2J9	976	321.0	329.0	observed
Q6WKZ4	9	inf	inf	observed
Q6XLA1	14	inf	inf	observed
Q6XPR3	175	inf	inf	observed
Q6XQN6	405	inf	inf	observed
Q6XUX3	29	265.0	inf	observed
Q6XUX3	294	265.0	inf	observed
Q6XZF7	480	8.0	inf	observed
Q6XZF7	488	8.0	inf	observed
Q6Y7W6	107	11.0	13.0	observed
Q6Y7W6	118	2.0	10.0	observed
Q6Y7W6	120	2.0	8.0	observed
Q6Y7W6	128	2.0	8.0	observed
Q6Y7W6	130	2.0	10.0	observed
Q6Y7W6	149	4.0	8.0	observed
Q6Y7W6	153	4.0	4.0	observed
Q6Y7W6	157	4.0	8.0	observed
Q6Y7W6	669	512.0	516.0	observed
Q6YP21	99	inf	inf	observed
Q6ZMG9	111	inf	inf	observed
Q6ZMR3	157	12.0	inf	observed
Q6ZMR3	169	12.0	inf	observed
Q6ZMT9	246	2.0	inf	observed
Q6ZMT9	248	2.0	inf	observed
Q6ZMV9	242	inf	inf	observed
Q6ZMY3	66	1069.0	1075.0	observed
Q6ZMY3	1135	6.0	1069.0	observed
Q6ZMY3	1141	6.0	1075.0	observed
Q6ZN06	86	inf	inf	observed
Q6ZN28	773	inf	inf	observed
Q6ZN55	832	inf	inf	observed
Q6ZNA4	861	34.0	inf	observed
Q6ZNA4	895	34.0	inf	observed
Q6ZNB6	18	13.0	inf	observed
Q6ZNB6	31	13.0	inf	observed
Q6ZP65	153	1.0	inf	observed
Q6ZP65	154	1.0	inf	observed
Q6ZRI6	192	37.0	174.0	observed
Q6ZRI6	229	37.0	137.0	observed
Q6ZRI6	366	137.0	174.0	observed
Q6ZRP7	109	477.0	inf	observed
Q6ZRP7	586	477.0	inf	observed
Q6ZRQ5	366	8.0	inf	observed
Q6ZRQ5	374	8.0	inf	observed
Q6ZRS2	1016	82.0	99.0	observed
Q6ZRS2	1098	17.0	82.0	observed
Q6ZRS2	1115	17.0	99.0	observed
Q6ZRS2	1224	90.0	94.0	observed
Q6ZRS2	1314	4.0	18.0	observed
Q6ZRS2	1318	4.0	14.0	observed
Q6ZRS2	1332	14.0	18.0	observed
Q6ZRS2	2771	306.0	308.0	observed
Q6ZRS2	3077	2.0	63.0	observed
Q6ZRS2	3079	2.0	61.0	observed
Q6ZRS2	3140	61.0	63.0	observed
Q6ZRS2	3224	84.0	145.0	observed
Q6ZRV2	361	13.0	17.0	observed
Q6ZRV2	374	4.0	13.0	observed
Q6ZRV2	378	4.0	16.0	observed
Q6ZRV2	394	6.0	16.0	observed
Q6ZRV2	400	6.0	22.0	observed
Q6ZRV2	442	35.0	38.0	observed
Q6ZRV2	477	3.0	19.0	observed
Q6ZRV2	480	3.0	16.0	observed
Q6ZRV2	496	16.0	19.0	observed
Q6ZRV2	532	9.0	15.0	observed
Q6ZRV2	541	6.0	9.0	observed
Q6ZRV2	547	6.0	15.0	observed
Q6ZRV2	922	375.0	381.0	observed
Q6ZSJ9	467	inf	inf	observed
Q6ZSY5	3	9.0	inf	observed
Q6ZSY5	12	9.0	inf	observed
Q6ZT62	295	inf	inf	observed
Q6ZTR5	14	27.0	inf	observed
Q6ZTR5	41	27.0	inf	observed
Q6ZTU2	101	39.0	107.0	observed
Q6ZTU2	140	39.0	68.0	observed
Q6ZTU2	208	2.0	68.0	observed
Q6ZTU2	210	2.0	70.0	observed
Q6ZU52	451	inf	inf	observed
Q6ZU65	1174	11.0	inf	observed
Q6ZU65	1185	11.0	inf	observed
Q6ZU69	1094	inf	inf	observed
Q6ZU80	690	inf	inf	observed
Q6ZUK4	13	inf	inf	observed
Q6ZUM4	126	inf	inf	observed
Q6ZUT1	3	9.0	inf	observed
Q6ZUT1	12	9.0	inf	observed
Q6ZUT6	132	148.0	154.0	observed
Q6ZUT6	280	6.0	10.0	observed
Q6ZUT6	286	4.0	6.0	observed
Q6ZUT6	290	4.0	10.0	observed
Q6ZUT6	311	6.0	21.0	observed
Q6ZUT6	317	6.0	27.0	observed
Q6ZUT6	504	23.0	29.0	observed
Q6ZUT6	527	6.0	23.0	observed
Q6ZUT6	533	6.0	29.0	observed
Q6ZUX3	414	inf	inf	observed
Q6ZW31	307	333.0	inf	observed
Q6ZW31	640	333.0	inf	observed
Q709C8	3519	7.0	88.0	observed
Q709C8	3526	7.0	81.0	observed
Q709C8	3607	81.0	88.0	observed
Q709F0	86	533.0	inf	observed
Q709F0	619	533.0	inf	observed
Q70CQ1	335	inf	inf	observed
Q70CQ3	5	10.0	14.0	observed
Q70CQ3	15	4.0	10.0	observed
Q70CQ3	19	4.0	14.0	observed
Q70EL1	12	521.0	523.0	observed
Q70EL1	533	2.0	120.0	observed
Q70EL1	535	2.0	118.0	observed
Q70EL1	653	118.0	120.0	observed
Q70EL4	1053	18.0	28.0	observed
Q70EL4	1071	10.0	18.0	observed
Q70EL4	1081	10.0	28.0	observed
Q70J99	16	inf	inf	observed
Q70Z53	58	inf	inf	observed
Q712K3	166	inf	inf	observed
Q71DI3	3	6.0	15.0	observed
Q71DI3	9	6.0	9.0	observed
Q71DI3	18	9.0	9.0	observed
Q71DI3	27	9.0	14.0	observed
Q71DI3	41	2.0	9.0	observed
Q71DI3	43	2.0	7.0	observed
Q71DI3	50	7.0	9.0	observed
Q71DI3	64	14.0	20.0	observed
Q71DI3	84	20.0	34.0	observed
Q71DI3	129	45.0	65.0	observed
Q71F56	1061	inf	inf	observed
Q71H61	452	92.0	inf	observed
Q71H61	544	92.0	inf	observed
Q71RC2	368	75.0	77.0	observed
Q71RC2	443	2.0	7.0	observed
Q71RC2	445	2.0	5.0	observed
Q71RC2	450	5.0	7.0	observed
Q71RC2	503	53.0	58.0	observed
Q71RC2	680	6.0	177.0	observed
Q71RC2	686	6.0	183.0	observed
Q71UI9	23	9.0	69.0	observed
Q71UI9	32	9.0	60.0	observed
Q71UI9	92	60.0	69.0	observed
Q71UM5	72	inf	inf	observed
Q75N03	23	1.0	169.0	observed
Q75N03	24	1.0	168.0	observed
Q75N03	192	27.0	91.0	observed
Q75N03	219	27.0	64.0	observed
Q75N03	283	64.0	91.0	observed
Q75N03	458	7.0	27.0	observed
Q75N03	465	7.0	20.0	observed
Q75N03	485	20.0	27.0	observed
Q75N90	1834	inf	inf	observed
Q75WM6	146	inf	inf	observed
Q76L83	607	32.0	34.0	observed
Q76L83	639	2.0	32.0	observed
Q76L83	641	2.0	34.0	observed
Q76N32	419	inf	inf	observed
Q76NI1	189	inf	inf	observed
Q7KYR7	439	inf	inf	observed
Q7KZ85	89	6.0	422.0	observed
Q7KZ85	95	6.0	416.0	observed
Q7KZ85	511	416.0	422.0	observed
Q7KZ85	1289	206.0	778.0	observed
Q7KZ85	1495	206.0	984.0	observed
Q7KZF4	40	67.0	483.0	observed
Q7KZF4	107	67.0	416.0	observed
Q7KZF4	523	208.0	264.0	observed
Q7KZF4	731	56.0	168.0	observed
Q7KZF4	787	56.0	112.0	observed
Q7KZF4	899	11.0	112.0	observed
Q7KZF4	910	11.0	123.0	observed
Q7KZI7	584	5.0	10.0	observed
Q7KZI7	589	5.0	5.0	observed
Q7KZI7	594	5.0	10.0	observed
Q7KZI7	628	34.0	39.0	observed
Q7L014	76	475.0	478.0	observed
Q7L014	551	3.0	178.0	observed
Q7L014	554	3.0	175.0	observed
Q7L014	729	153.0	175.0	observed
Q7L014	882	153.0	328.0	observed
Q7L0J3	123	inf	inf	observed
Q7L2E3	145	175.0	232.0	observed
Q7L2E3	320	57.0	175.0	observed
Q7L2E3	377	57.0	232.0	observed
Q7L2J0	86	13.0	31.0	observed
Q7L2J0	99	13.0	18.0	observed
Q7L2J0	117	14.0	18.0	observed
Q7L2J0	131	14.0	32.0	observed
Q7L2J0	266	38.0	111.0	observed
Q7L2J0	304	38.0	73.0	observed
Q7L2J0	377	73.0	111.0	observed
Q7L2K0	109	inf	inf	observed
Q7L3T8	55	inf	inf	observed
Q7L4I2	418	11.0	inf	observed
Q7L4I2	429	11.0	inf	observed
Q7L590	827	inf	inf	observed
Q7L591	122	inf	inf	observed
Q7L5N1	315	8.0	inf	observed
Q7L5N1	323	8.0	inf	observed
Q7L7L0	21	9.0	61.0	observed
Q7L7L0	30	9.0	52.0	observed
Q7L7L0	82	7.0	18.0	observed
Q7L7L0	89	7.0	11.0	observed
Q7L7L0	100	11.0	18.0	observed
Q7L7X3	269	inf	inf	observed
Q7L8L6	704	inf	inf	observed
Q7L985	471	inf	inf	observed
Q7L9B9	560	9.0	inf	observed
Q7L9B9	569	9.0	inf	observed
Q7LBC6	143	212.0	628.0	observed
Q7LBC6	355	212.0	416.0	observed
Q7LBC6	771	416.0	628.0	observed
Q7LBC6	1552	1.0	781.0	observed
Q7LBC6	1553	1.0	782.0	observed
Q7LDG7	581	4.0	inf	observed
Q7LDG7	585	4.0	inf	observed
Q7LG56	17	inf	inf	observed
Q7LGA3	123	41.0	inf	observed
Q7LGA3	164	41.0	inf	observed
Q7LGC8	342	inf	inf	observed
Q7RTP6	234	476.0	1646.0	observed
Q7RTP6	710	476.0	1170.0	observed
Q7RTP6	1880	1170.0	1646.0	observed
Q7RTS7	452	inf	inf	observed
Q7RTT3	159	inf	inf	observed
Q7RTU0	31	13.0	inf	observed
Q7RTU0	44	13.0	inf	observed
Q7RTV0	12	inf	inf	observed
Q7Z2G1	44	inf	inf	observed
Q7Z2K6	362	inf	inf	observed
Q7Z2K8	962	5.0	inf	observed
Q7Z2K8	967	5.0	inf	observed
Q7Z2W4	179	inf	inf	observed
Q7Z304	371	inf	inf	observed
Q7Z309	122	inf	inf	observed
Q7Z333	332	5.0	843.0	observed
Q7Z333	337	5.0	838.0	observed
Q7Z333	1175	838.0	843.0	observed
Q7Z3B0	51	inf	inf	observed
Q7Z3B4	430	9.0	inf	observed
Q7Z3B4	439	9.0	inf	observed
Q7Z3C6	645	139.0	151.0	observed
Q7Z3C6	784	12.0	19.0	observed
Q7Z3C6	796	7.0	12.0	observed
Q7Z3C6	803	7.0	19.0	observed
Q7Z3E2	489	inf	inf	observed
Q7Z3J3	891	237.0	inf	observed
Q7Z3J3	1128	237.0	inf	observed
Q7Z3K3	183	30.0	55.0	observed
Q7Z3K3	213	25.0	30.0	observed
Q7Z3K3	238	25.0	55.0	observed
Q7Z3T8	1196	inf	inf	observed
Q7Z401	1586	inf	inf	observed
Q7Z403	94	inf	inf	observed
Q7Z406	11	21.0	1013.0	observed
Q7Z406	32	21.0	992.0	observed
Q7Z406	1024	330.0	641.0	observed
Q7Z406	1354	311.0	330.0	observed
Q7Z406	1665	282.0	311.0	observed
Q7Z406	1947	282.0	593.0	observed
Q7Z410	849	3.0	12.0	observed
Q7Z410	852	3.0	9.0	observed
Q7Z410	861	9.0	12.0	observed
Q7Z417	291	10.0	inf	observed
Q7Z417	301	10.0	inf	observed
Q7Z422	122	inf	inf	observed
Q7Z434	232	7.0	262.0	observed
Q7Z434	239	7.0	255.0	observed
Q7Z434	494	255.0	262.0	observed
Q7Z442	2306	inf	inf	observed
Q7Z460	660	2.0	4.0	observed
Q7Z460	662	2.0	2.0	observed
Q7Z460	664	2.0	4.0	observed
Q7Z460	706	42.0	44.0	observed
Q7Z460	843	29.0	137.0	observed
Q7Z460	872	29.0	166.0	observed
Q7Z460	1229	357.0	386.0	observed
Q7Z478	372	296.0	302.0	observed
Q7Z478	668	6.0	296.0	observed
Q7Z478	674	6.0	302.0	observed
Q7Z494	47	inf	inf	observed
Q7Z4H7	919	2.0	inf	observed
Q7Z4H7	921	2.0	inf	observed
Q7Z4H9	33	33.0	inf	observed
Q7Z4H9	66	33.0	inf	observed
Q7Z4N2	1000	inf	inf	observed
Q7Z4P5	82	inf	inf	observed
Q7Z4V5	340	205.0	inf	observed
Q7Z4V5	545	205.0	inf	observed
Q7Z4W1	21	81.0	inf	observed
Q7Z4W1	102	81.0	inf	observed
Q7Z591	9	342.0	inf	observed
Q7Z591	351	342.0	inf	observed
Q7Z5G4	37	81.0	inf	observed
Q7Z5G4	118	81.0	inf	observed
Q7Z5J4	249	1203.0	inf	observed
Q7Z5J4	1452	1203.0	inf	observed
Q7Z5L9	109	7.0	16.0	observed
Q7Z5L9	116	7.0	9.0	observed
Q7Z5L9	125	3.0	9.0	observed
Q7Z5L9	128	3.0	12.0	observed
Q7Z5L9	291	163.0	166.0	observed
Q7Z5V6	108	151.0	inf	observed
Q7Z5V6	259	151.0	inf	observed
Q7Z628	126	327.0	inf	observed
Q7Z628	453	327.0	inf	observed
Q7Z6B7	900	inf	inf	observed
Q7Z6E9	187	305.0	335.0	observed
Q7Z6E9	492	30.0	31.0	observed
Q7Z6E9	522	1.0	8.0	observed
Q7Z6E9	523	1.0	7.0	observed
Q7Z6E9	530	4.0	7.0	observed
Q7Z6E9	534	4.0	11.0	observed
Q7Z6E9	745	2.0	132.0	observed
Q7Z6E9	747	2.0	130.0	observed
Q7Z6E9	877	15.0	130.0	observed
Q7Z6E9	892	15.0	145.0	observed
Q7Z6I8	92	inf	inf	observed
Q7Z6J6	384	inf	inf	observed
Q7Z6J9	316	inf	inf	observed
Q7Z6K4	23	inf	inf	observed
Q7Z6K5	3	inf	inf	observed
Q7Z6M1	160	inf	inf	observed
Q7Z6Z7	468	61.0	1433.0	observed
Q7Z6Z7	529	61.0	1372.0	observed
Q7Z6Z7	1901	644.0	700.0	observed
Q7Z6Z7	2545	56.0	137.0	observed
Q7Z6Z7	2601	56.0	81.0	observed
Q7Z6Z7	2682	81.0	137.0	observed
Q7Z6Z7	3138	11.0	25.0	observed
Q7Z6Z7	3149	11.0	14.0	observed
Q7Z6Z7	3163	14.0	25.0	observed
Q7Z6Z7	3840	677.0	691.0	observed
Q7Z736	553	58.0	85.0	observed
Q7Z736	611	27.0	31.0	observed
Q7Z736	638	4.0	27.0	observed
Q7Z736	642	4.0	31.0	observed
Q7Z794	95	70.0	459.0	observed
Q7Z794	165	70.0	389.0	observed
Q7Z794	554	389.0	459.0	observed
Q7Z7A1	1139	inf	inf	observed
Q7Z7A3	194	55.0	116.0	observed
Q7Z7A3	249	55.0	61.0	observed
Q7Z7A3	310	2.0	61.0	observed
Q7Z7A3	312	2.0	63.0	observed
Q7Z7E8	43	inf	inf	observed
Q7Z7F7	42	3.0	inf	observed
Q7Z7F7	45	3.0	inf	observed
Q7Z7J5	124	24.0	inf	observed
Q7Z7J5	148	24.0	inf	observed
Q7Z7M0	2023	inf	inf	observed
Q86T24	491	inf	inf	observed
Q86T75	833	inf	inf	observed
Q86T82	168	120.0	inf	observed
Q86T82	288	120.0	inf	observed
Q86TB9	73	60.0	61.0	observed
Q86TB9	133	1.0	60.0	observed
Q86TB9	134	1.0	61.0	observed
Q86TB9	217	6.0	14.0	observed
Q86TB9	223	6.0	8.0	observed
Q86TB9	231	8.0	14.0	observed
Q86TB9	263	13.0	21.0	observed
Q86TB9	276	8.0	13.0	observed
Q86TB9	284	8.0	20.0	observed
Q86TB9	304	12.0	20.0	observed
Q86TB9	316	12.0	28.0	observed
Q86TB9	344	7.0	28.0	observed
Q86TB9	351	7.0	34.0	observed
Q86TB9	385	34.0	41.0	observed
Q86TB9	770	385.0	419.0	observed
Q86TC9	810	40.0	243.0	observed
Q86TC9	850	40.0	203.0	observed
Q86TC9	1053	203.0	243.0	observed
Q86TG7	598	13.0	inf	observed
Q86TG7	611	13.0	inf	observed
Q86TL2	10	inf	inf	observed
Q86TX2	24	inf	inf	observed
Q86U28	15	7.0	9.0	observed
Q86U28	22	2.0	7.0	observed
Q86U28	24	2.0	9.0	observed
Q86U28	97	73.0	75.0	observed
Q86U38	21	592.0	inf	observed
Q86U38	613	592.0	inf	observed
Q86U42	17	6.0	7.0	observed
Q86U42	23	1.0	2.0	observed
Q86U42	24	1.0	1.0	observed
Q86U42	25	1.0	2.0	observed
Q86U42	227	11.0	13.0	observed
Q86U42	238	2.0	10.0	observed
Q86U42	240	2.0	8.0	observed
Q86U42	248	3.0	8.0	observed
Q86U42	251	3.0	8.0	observed
Q86U42	259	4.0	6.0	observed
Q86U42	263	2.0	4.0	observed
Q86U42	265	2.0	2.0	observed
Q86U42	267	2.0	2.0	observed
Q86U42	269	2.0	4.0	observed
Q86U42	277	2.0	8.0	observed
Q86U42	279	2.0	8.0	observed
Q86U42	287	2.0	4.0	observed
Q86U42	289	2.0	2.0	observed
Q86U42	291	2.0	3.0	observed
Q86U42	294	2.0	3.0	observed
Q86U42	296	2.0	2.0	observed
Q86U42	298	2.0	4.0	observed
Q86U44	36	inf	inf	observed
Q86U70	280	inf	inf	observed
Q86U86	534	inf	inf	observed
Q86U90	34	15.0	inf	observed
Q86U90	49	15.0	inf	observed
Q86UA6	6	inf	inf	observed
Q86UD1	217	inf	inf	observed
Q86UE4	338	inf	inf	observed
Q86UF2	635	inf	inf	observed
Q86UK7	292	19.0	22.0	observed
Q86UK7	311	3.0	9.0	observed
Q86UK7	314	3.0	6.0	observed
Q86UK7	320	4.0	6.0	observed
Q86UK7	324	4.0	7.0	observed
Q86UK7	331	7.0	11.0	observed
Q86UK7	679	66.0	348.0	observed
Q86UK7	745	66.0	414.0	observed
Q86UQ4	2469	inf	inf	observed
Q86US8	235	22.0	169.0	observed
Q86US8	257	22.0	147.0	observed
Q86US8	404	2.0	44.0	observed
Q86US8	406	2.0	42.0	observed
Q86US8	448	42.0	44.0	observed
Q86US8	512	64.0	106.0	observed
Q86UT8	302	6.0	inf	observed
Q86UT8	308	6.0	inf	observed
Q86UU0	593	9.0	17.0	observed
Q86UU0	602	8.0	9.0	observed
Q86UU0	610	8.0	17.0	observed
Q86UU0	668	7.0	12.0	observed
Q86UU0	675	5.0	7.0	observed
Q86UU0	680	5.0	12.0	observed
Q86UU0	821	141.0	146.0	observed
Q86UU0	994	173.0	314.0	observed
Q86UU0	1439	445.0	618.0	observed
Q86UU1	401	111.0	113.0	observed
Q86UU1	512	2.0	111.0	observed
Q86UU1	514	2.0	113.0	observed
Q86UW9	213	2.0	20.0	observed
Q86UW9	215	2.0	18.0	observed
Q86UW9	233	18.0	20.0	observed
Q86UW9	256	4.0	23.0	observed
Q86UW9	260	4.0	21.0	observed
Q86UW9	281	21.0	25.0	observed
Q86UX6	8	inf	inf	observed
Q86UY5	419	inf	inf	observed
Q86UY8	465	inf	inf	observed
Q86V15	277	inf	inf	observed
Q86V42	173	6.0	inf	observed
Q86V42	179	6.0	inf	observed
Q86V48	377	inf	inf	observed
Q86V71	660	inf	inf	observed
Q86V81	23	8.0	15.0	observed
Q86V81	31	7.0	8.0	observed
Q86V81	38	7.0	12.0	observed
Q86V81	50	6.0	8.0	observed
Q86V81	56	2.0	6.0	observed
Q86V81	58	2.0	5.0	observed
Q86V81	63	5.0	7.0	observed
Q86V81	71	2.0	8.0	observed
Q86V81	73	2.0	10.0	observed
Q86V81	197	5.0	7.0	observed
Q86V81	202	2.0	5.0	observed
Q86V81	204	2.0	7.0	observed
Q86V81	216	1.0	8.0	observed
Q86V81	217	1.0	7.0	observed
Q86V81	224	2.0	7.0	observed
Q86V81	226	2.0	9.0	observed
Q86V85	26	inf	inf	observed
Q86V88	46	inf	inf	observed
Q86VD7	56	inf	inf	observed
Q86VF2	782	inf	inf	observed
Q86VF7	419	8.0	inf	observed
Q86VF7	427	8.0	inf	observed
Q86VH2	727	inf	inf	observed
Q86VI3	324	inf	inf	observed
Q86VL8	596	inf	inf	observed
Q86VM9	239	inf	inf	observed
Q86VP6	1082	inf	inf	observed
Q86VQ0	301	inf	inf	observed
Q86VQ1	74	8.0	28.0	observed
Q86VQ1	82	8.0	20.0	observed
Q86VQ1	102	20.0	28.0	observed
Q86VR2	231	inf	inf	observed
Q86VS8	334	257.0	350.0	observed
Q86VS8	591	93.0	257.0	observed
Q86VS8	684	93.0	350.0	observed
Q86W24	314	130.0	inf	observed
Q86W24	444	130.0	inf	observed
Q86W56	61	5.0	inf	observed
Q86W56	66	5.0	inf	observed
Q86W92	527	inf	inf	observed
Q86WA6	277	inf	inf	observed
Q86WA8	129	inf	inf	observed
Q86WB0	363	inf	inf	observed
Q86WJ1	9	634.0	inf	observed
Q86WJ1	643	634.0	inf	observed
Q86WP2	87	9.0	inf	observed
Q86WP2	96	9.0	inf	observed
Q86WQ0	74	inf	inf	observed
Q86WR7	28	198.0	203.0	observed
Q86WR7	226	5.0	8.0	observed
Q86WR7	231	3.0	5.0	observed
Q86WR7	234	3.0	8.0	observed
Q86WR7	252	18.0	21.0	observed
Q86WR7	318	2.0	12.0	observed
Q86WR7	320	2.0	10.0	observed
Q86WR7	330	7.0	10.0	observed
Q86WR7	337	7.0	17.0	observed
Q86WR7	369	9.0	11.0	observed
Q86WR7	378	2.0	9.0	observed
Q86WR7	380	2.0	7.0	observed
Q86WR7	387	7.0	9.0	observed
Q86WR7	396	1.0	7.0	observed
Q86WR7	397	1.0	6.0	observed
Q86WR7	403	6.0	7.0	observed
Q86WR7	414	7.0	11.0	observed
Q86WR7	421	7.0	18.0	observed
Q86WX3	7	1.0	inf	observed
Q86WX3	8	1.0	inf	observed
Q86WZ6	264	inf	inf	observed
Q86X19	189	1.0	inf	observed
Q86X19	190	1.0	inf	observed
Q86X51	227	9.0	44.0	observed
Q86X51	236	9.0	35.0	observed
Q86X51	271	35.0	44.0	observed
Q86X51	324	11.0	22.0	observed
Q86X51	335	11.0	11.0	observed
Q86X51	346	7.0	11.0	observed
Q86X51	353	7.0	18.0	observed
Q86X55	49	185.0	inf	observed
Q86X55	234	185.0	inf	observed
Q86X83	36	inf	inf	observed
Q86XD8	293	inf	inf	observed
Q86XF0	33	inf	inf	observed
Q86XI8	542	inf	inf	observed
Q86XL3	624	303.0	inf	observed
Q86XL3	927	303.0	inf	observed
Q86XN7	154	inf	inf	observed
Q86XN8	524	7.0	inf	observed
Q86XN8	531	7.0	inf	observed
Q86XP3	12	661.0	802.0	observed
Q86XP3	673	141.0	145.0	observed
Q86XP3	814	4.0	61.0	observed
Q86XP3	818	4.0	57.0	observed
Q86XP3	875	57.0	61.0	observed
Q86XS5	277	inf	inf	observed
Q86XZ4	449	6.0	inf	observed
Q86XZ4	455	6.0	inf	observed
Q86Y13	1000	inf	inf	observed
Q86Y22	6	inf	inf	observed
Q86Y37	193	173.0	inf	observed
Q86Y37	366	173.0	inf	observed
Q86Y38	91	inf	inf	observed
Q86Y46	444	inf	inf	observed
Q86Y91	237	325.0	inf	observed
Q86Y91	562	325.0	inf	observed
Q86YP4	73	80.0	140.0	observed
Q86YP4	153	60.0	72.0	observed
Q86YP4	213	12.0	36.0	observed
Q86YP4	225	12.0	24.0	observed
Q86YP4	249	9.0	24.0	observed
Q86YP4	258	9.0	15.0	observed
Q86YP4	273	12.0	15.0	observed
Q86YP4	285	8.0	12.0	observed
Q86YP4	293	8.0	20.0	observed
Q86YP4	532	7.0	239.0	observed
Q86YP4	539	7.0	246.0	observed
Q86YR5	325	96.0	114.0	observed
Q86YR5	421	18.0	58.0	observed
Q86YR5	439	18.0	40.0	observed
Q86YR5	479	40.0	58.0	observed
Q86YV9	61	inf	inf	observed
Q86YZ3	1028	9.0	1159.0	observed
Q86YZ3	1037	9.0	1150.0	observed
Q86YZ3	2187	1150.0	1159.0	observed
Q86Z02	1035	inf	inf	observed
Q8IU60	319	inf	inf	observed
Q8IU81	120	57.0	69.0	observed
Q8IU81	177	12.0	41.0	observed
Q8IU81	189	12.0	29.0	observed
Q8IU81	218	27.0	29.0	observed
Q8IU81	245	27.0	56.0	observed
Q8IU81	368	4.0	123.0	observed
Q8IU81	372	4.0	127.0	observed
Q8IUC8	447	inf	inf	observed
Q8IUD2	6	14.0	87.0	observed
Q8IUD2	20	14.0	73.0	observed
Q8IUD2	93	4.0	73.0	observed
Q8IUD2	97	4.0	77.0	observed
Q8IUD2	736	639.0	643.0	observed
Q8IUE6	21	9.0	68.0	observed
Q8IUE6	30	9.0	59.0	observed
Q8IUE6	89	59.0	68.0	observed
Q8IUF8	318	inf	inf	observed
Q8IUG5	316	414.0	inf	observed
Q8IUG5	730	414.0	inf	observed
Q8IUH5	84	inf	inf	observed
Q8IUI8	329	inf	inf	observed
Q8IUQ0	57	6.0	inf	observed
Q8IUQ0	63	6.0	inf	observed
Q8IUR7	10	inf	inf	observed
Q8IUX4	136	inf	inf	observed
Q8IV08	350	inf	inf	observed
Q8IV53	477	inf	inf	observed
Q8IV63	50	inf	inf	observed
Q8IVB5	5	3.0	13.0	observed
Q8IVB5	8	3.0	10.0	observed
Q8IVB5	18	4.0	10.0	observed
Q8IVB5	22	4.0	14.0	observed
Q8IVD9	307	36.0	39.0	observed
Q8IVD9	343	3.0	36.0	observed
Q8IVD9	346	3.0	39.0	observed
Q8IVF2	327	17.0	2332.0	observed
Q8IVF2	344	17.0	2315.0	observed
Q8IVF2	2659	2315.0	2332.0	observed
Q8IVF2	5207	2548.0	4863.0	observed
Q8IVF4	2495	inf	inf	observed
Q8IVL0	555	597.0	inf	observed
Q8IVL0	1152	597.0	inf	observed
Q8IVL1	496	inf	inf	observed
Q8IVS2	79	7.0	261.0	observed
Q8IVS2	86	7.0	254.0	observed
Q8IVS2	340	254.0	261.0	observed
Q8IVS8	422	inf	inf	observed
Q8IVT2	6	128.0	490.0	observed
Q8IVT2	134	128.0	362.0	observed
Q8IVT2	496	362.0	490.0	observed
Q8IVV7	9	5.0	inf	observed
Q8IVV7	14	5.0	inf	observed
Q8IVW6	361	18.0	26.0	observed
Q8IVW6	379	8.0	18.0	observed
Q8IVW6	387	8.0	15.0	observed
Q8IVW6	402	15.0	23.0	observed
Q8IW35	69	475.0	inf	observed
Q8IW35	544	475.0	inf	observed
Q8IWA4	47	inf	inf	observed
Q8IWB7	46	inf	inf	observed
Q8IWC1	608	inf	inf	observed
Q8IWD4	60	2.0	95.0	observed
Q8IWD4	62	2.0	93.0	observed
Q8IWD4	155	93.0	95.0	observed
Q8IWF6	4	10.0	11.0	observed
Q8IWF6	14	1.0	10.0	observed
Q8IWF6	15	1.0	11.0	observed
Q8IWI9	1761	14.0	25.0	observed
Q8IWI9	1775	11.0	14.0	observed
Q8IWI9	1786	11.0	25.0	observed
Q8IWI9	1818	32.0	43.0	observed
Q8IWI9	2265	447.0	479.0	observed
Q8IWJ2	303	707.0	inf	observed
Q8IWJ2	1010	707.0	inf	observed
Q8IWN7	397	inf	inf	observed
Q8IWQ3	409	2.0	28.0	observed
Q8IWQ3	411	2.0	26.0	observed
Q8IWQ3	437	26.0	28.0	observed
Q8IWR0	334	inf	inf	observed
Q8IWS0	319	16.0	inf	observed
Q8IWS0	335	16.0	inf	observed
Q8IWU4	6	inf	inf	observed
Q8IWV1	112	inf	inf	observed
Q8IWX8	510	5.0	36.0	observed
Q8IWX8	515	5.0	31.0	observed
Q8IWX8	546	4.0	13.0	observed
Q8IWX8	550	4.0	9.0	observed
Q8IWX8	559	5.0	9.0	observed
Q8IWX8	564	5.0	6.0	observed
Q8IWX8	570	6.0	11.0	observed
Q8IWX8	675	28.0	43.0	observed
Q8IWX8	703	15.0	28.0	observed
Q8IWX8	718	15.0	43.0	observed
Q8IWX8	811	27.0	87.0	observed
Q8IWX8	838	27.0	60.0	observed
Q8IWX8	898	10.0	60.0	observed
Q8IWX8	908	10.0	70.0	observed
Q8IWY9	131	3.0	inf	observed
Q8IWY9	134	3.0	inf	observed
Q8IWZ3	136	37.0	1577.0	observed
Q8IWZ3	173	37.0	1540.0	observed
Q8IWZ3	1713	33.0	127.0	observed
Q8IWZ3	1746	33.0	94.0	observed
Q8IWZ3	1840	94.0	127.0	observed
Q8IWZ3	2272	432.0	526.0	observed
Q8IWZ6	173	inf	inf	observed
Q8IWZ8	631	2.0	10.0	observed
Q8IWZ8	633	2.0	8.0	observed
Q8IWZ8	641	1.0	8.0	observed
Q8IWZ8	642	1.0	9.0	observed
Q8IX01	204	8.0	10.0	observed
Q8IX01	212	2.0	8.0	observed
Q8IX01	214	2.0	10.0	observed
Q8IX01	689	475.0	477.0	observed
Q8IX03	926	inf	inf	observed
Q8IX12	284	98.0	501.0	observed
Q8IX12	382	98.0	403.0	observed
Q8IX12	785	403.0	501.0	observed
Q8IX18	3	7.0	inf	observed
Q8IX18	10	7.0	inf	observed
Q8IXB1	783	inf	inf	observed
Q8IXH7	291	inf	inf	observed
Q8IXJ6	316	inf	inf	observed
Q8IXJ9	606	inf	inf	observed
Q8IXL7	51	inf	inf	observed
Q8IXQ4	207	13.0	23.0	observed
Q8IXQ4	220	10.0	12.0	observed
Q8IXQ4	230	2.0	10.0	observed
Q8IXQ4	232	2.0	12.0	observed
Q8IXQ4	325	5.0	93.0	observed
Q8IXQ4	330	5.0	98.0	observed
Q8IXQ5	21	17.0	inf	observed
Q8IXQ5	38	17.0	inf	observed
Q8IXQ8	184	inf	inf	observed
Q8IXS8	311	61.0	65.0	observed
Q8IXS8	372	4.0	61.0	observed
Q8IXS8	376	4.0	65.0	observed
Q8IXS8	496	120.0	124.0	observed
Q8IXT5	93	2.0	67.0	observed
Q8IXT5	95	2.0	65.0	observed
Q8IXT5	160	65.0	67.0	observed
Q8IXT5	369	209.0	274.0	observed
Q8IXT5	732	1.0	8.0	observed
Q8IXT5	733	1.0	7.0	observed
Q8IXT5	740	1.0	7.0	observed
Q8IXT5	741	1.0	8.0	observed
Q8IXT5	749	7.0	8.0	observed
Q8IXT5	756	1.0	7.0	observed
Q8IXT5	757	1.0	8.0	observed
Q8IXT5	765	7.0	8.0	observed
Q8IXT5	772	1.0	7.0	observed
Q8IXT5	773	1.0	8.0	observed
Q8IXT5	788	15.0	16.0	observed
Q8IXZ2	53	7.0	inf	observed
Q8IXZ2	60	7.0	inf	observed
Q8IY18	258	12.0	inf	observed
Q8IY18	270	12.0	inf	observed
Q8IY26	11	inf	inf	observed
Q8IY33	435	inf	inf	observed
Q8IY67	30	442.0	447.0	observed
Q8IY67	472	5.0	109.0	observed
Q8IY67	477	5.0	104.0	observed
Q8IY67	581	15.0	104.0	observed
Q8IY67	596	15.0	119.0	observed
Q8IY81	291	inf	inf	observed
Q8IY92	1046	16.0	inf	observed
Q8IY92	1062	16.0	inf	observed
Q8IYB7	11	6.0	inf	observed
Q8IYB7	17	6.0	inf	observed
Q8IYD1	74	446.0	inf	observed
Q8IYD1	520	446.0	inf	observed
Q8IYJ2	29	inf	inf	observed
Q8IYN2	51	inf	inf	observed
Q8IYQ7	652	inf	inf	observed
Q8IYS4	200	inf	inf	observed
Q8IYS8	49	inf	inf	observed
Q8IYT1	125	3.0	inf	observed
Q8IYT1	128	3.0	inf	observed
Q8IYX3	397	inf	inf	observed
Q8IZ07	281	inf	inf	observed
Q8IZ40	454	25.0	37.0	observed
Q8IZ40	479	12.0	19.0	observed
Q8IZ40	491	7.0	11.0	observed
Q8IZ40	498	4.0	7.0	observed
Q8IZ40	502	4.0	11.0	observed
Q8IZ41	76	inf	inf	observed
Q8IZ83	5	4.0	419.0	observed
Q8IZ83	9	4.0	415.0	observed
Q8IZ83	424	10.0	111.0	observed
Q8IZ83	434	10.0	101.0	observed
Q8IZ83	535	32.0	101.0	observed
Q8IZ83	567	32.0	133.0	observed
Q8IZ83	789	222.0	254.0	observed
Q8IZA0	555	inf	inf	observed
Q8IZA3	147	inf	inf	observed
Q8IZC6	1064	410.0	inf	observed
Q8IZC6	1474	410.0	inf	observed
Q8IZD2	792	inf	inf	observed
Q8IZD9	985	inf	inf	observed
Q8IZE3	44	inf	inf	observed
Q8IZH2	939	3.0	525.0	observed
Q8IZH2	942	3.0	522.0	observed
Q8IZH2	1464	522.0	525.0	observed
Q8IZL2	552	inf	inf	observed
Q8IZL8	32	2.0	16.0	observed
Q8IZL8	34	2.0	14.0	observed
Q8IZL8	48	14.0	16.0	observed
Q8IZL8	610	562.0	576.0	observed
Q8IZQ1	3472	inf	inf	observed
Q8IZQ8	554	inf	inf	observed
Q8IZS5	113	inf	inf	observed
Q8IZT6	8	10.0	11.0	observed
Q8IZT6	18	1.0	7.0	observed
Q8IZT6	19	1.0	6.0	observed
Q8IZT6	25	6.0	7.0	observed
Q8IZT6	771	330.0	746.0	observed
Q8IZT6	1101	330.0	1076.0	observed
Q8IZU9	283	4.0	inf	observed
Q8IZU9	287	4.0	inf	observed
Q8IZW8	224	inf	inf	observed
Q8N0X7	334	inf	inf	observed
Q8N0Y7	90	inf	inf	observed
Q8N0Z3	472	307.0	337.0	observed
Q8N0Z3	779	30.0	307.0	observed
Q8N0Z3	809	30.0	337.0	observed
Q8N114	9	inf	inf	observed
Q8N122	709	7.0	9.0	observed
Q8N122	716	2.0	7.0	observed
Q8N122	718	2.0	9.0	observed
Q8N137	258	inf	inf	observed
Q8N163	16	164.0	168.0	observed
Q8N163	180	4.0	26.0	observed
Q8N163	184	4.0	22.0	observed
Q8N163	206	12.0	22.0	observed
Q8N163	218	12.0	34.0	observed
Q8N163	418	200.0	212.0	observed
Q8N163	865	447.0	647.0	observed
Q8N196	121	47.0	inf	observed
Q8N196	168	47.0	inf	observed
Q8N1F7	67	53.0	367.0	observed
Q8N1F7	120	53.0	314.0	observed
Q8N1F7	434	314.0	367.0	observed
Q8N1G0	1060	6.0	41.0	observed
Q8N1G0	1066	6.0	35.0	observed
Q8N1G0	1101	35.0	41.0	observed
Q8N1G1	187	4.0	76.0	observed
Q8N1G1	191	4.0	72.0	observed
Q8N1G1	263	72.0	76.0	observed
Q8N1G2	4	211.0	212.0	observed
Q8N1G2	215	1.0	211.0	observed
Q8N1G2	216	1.0	212.0	observed
Q8N1G2	537	321.0	322.0	observed
Q8N1G4	333	91.0	inf	observed
Q8N1G4	424	91.0	inf	observed
Q8N1N4	52	inf	inf	observed
Q8N1W1	1516	4.0	inf	observed
Q8N1W1	1520	4.0	inf	observed
Q8N201	1498	inf	inf	observed
Q8N239	494	inf	inf	observed
Q8N257	73	27.0	inf	observed
Q8N257	100	27.0	inf	observed
Q8N2M8	13	403.0	407.0	observed
Q8N2M8	416	4.0	44.0	observed
Q8N2M8	420	4.0	40.0	observed
Q8N2M8	460	40.0	44.0	observed
Q8N2Y8	872	10.0	inf	observed
Q8N2Y8	882	10.0	inf	observed
Q8N3C0	160	inf	inf	observed
Q8N3D4	134	inf	inf	observed
Q8N3F8	182	44.0	inf	observed
Q8N3F8	226	44.0	inf	observed
Q8N3J3	59	226.0	236.0	observed
Q8N3J3	285	10.0	44.0	observed
Q8N3J3	295	10.0	34.0	observed
Q8N3J3	329	8.0	34.0	observed
Q8N3J3	337	8.0	42.0	observed
Q8N3J3	392	55.0	63.0	observed
Q8N3U4	1066	5.0	inf	observed
Q8N3U4	1071	5.0	inf	observed
Q8N3Z6	244	5.0	inf	observed
Q8N3Z6	249	5.0	inf	observed
Q8N414	207	inf	inf	observed
Q8N442	87	inf	inf	observed
Q8N448	487	inf	inf	observed
Q8N4C8	501	8.0	137.0	observed
Q8N4C8	509	8.0	129.0	observed
Q8N4C8	638	129.0	137.0	observed
Q8N4N3	570	inf	inf	observed
Q8N4Q0	46	inf	inf	observed
Q8N4V1	96	inf	inf	observed
Q8N543	163	277.0	inf	observed
Q8N543	440	277.0	inf	observed
Q8N573	504	inf	inf	observed
Q8N5A5	370	31.0	34.0	observed
Q8N5A5	401	3.0	31.0	observed
Q8N5A5	404	3.0	34.0	observed
Q8N5C6	984	inf	inf	observed
Q8N5C8	189	44.0	75.0	observed
Q8N5C8	233	31.0	44.0	observed
Q8N5C8	264	31.0	75.0	observed
Q8N5F7	334	inf	inf	observed
Q8N5I4	256	inf	inf	observed
Q8N5I9	37	inf	inf	observed
Q8N5J2	105	2.0	340.0	observed
Q8N5J2	107	2.0	338.0	observed
Q8N5J2	445	338.0	340.0	observed
Q8N5M4	4	inf	inf	observed
Q8N5S9	102	367.0	370.0	observed
Q8N5S9	469	3.0	367.0	observed
Q8N5S9	472	3.0	370.0	observed
Q8N5V2	549	inf	inf	observed
Q8N5X7	221	inf	inf	observed
Q8N612	603	305.0	inf	observed
Q8N612	908	305.0	inf	observed
Q8N653	275	inf	inf	observed
Q8N684	227	220.0	inf	observed
Q8N684	447	220.0	inf	observed
Q8N6H7	383	inf	inf	observed
Q8N6I1	51	8.0	24.0	observed
Q8N6I1	59	8.0	16.0	observed
Q8N6I1	75	16.0	24.0	observed
Q8N6N6	65	2.0	inf	observed
Q8N6N6	67	2.0	inf	observed
Q8N6N7	9	inf	inf	observed
Q8N6R1	21	inf	inf	observed
Q8N6W0	129	3.0	inf	observed
Q8N6W0	132	3.0	inf	observed
Q8N715	515	inf	inf	observed
Q8N726	115	5.0	7.0	observed
Q8N726	120	2.0	5.0	observed
Q8N726	122	2.0	7.0	observed
Q8N726	129	7.0	9.0	observed
Q8N7F7	157	inf	inf	observed
Q8N7H1	8	inf	inf	observed
Q8N7J2	16	inf	inf	observed
Q8N7L0	103	inf	inf	observed
Q8N7X1	49	101.0	773.0	observed
Q8N7X1	150	101.0	672.0	observed
Q8N7X1	822	672.0	773.0	observed
Q8N8A6	8	22.0	24.0	observed
Q8N8A6	30	2.0	22.0	observed
Q8N8A6	32	2.0	24.0	observed
Q8N8D1	65	43.0	inf	observed
Q8N8D1	108	43.0	inf	observed
Q8N8E1	88	inf	inf	observed
Q8N8J7	9	inf	inf	observed
Q8N8M0	198	inf	inf	observed
Q8N8Q3	198	4.0	inf	observed
Q8N8Q3	202	4.0	inf	observed
Q8N8Q8	154	inf	inf	observed
Q8N8S7	527	inf	inf	observed
Q8N8Z3	44	19.0	inf	observed
Q8N8Z3	63	19.0	inf	observed
Q8N954	60	inf	inf	observed
Q8N983	4	5.0	inf	observed
Q8N983	9	5.0	inf	observed
Q8N9A8	15	inf	inf	observed
Q8N9B5	65	22.0	24.0	observed
Q8N9B5	87	2.0	22.0	observed
Q8N9B5	89	2.0	24.0	observed
Q8N9B5	127	38.0	40.0	observed
Q8N9B5	427	300.0	338.0	observed
Q8N9E0	18	inf	inf	observed
Q8N9N2	284	inf	inf	observed
Q8N9N5	324	inf	inf	observed
Q8N9P6	16	inf	inf	observed
Q8N9W4	467	inf	inf	observed
Q8N9W5	206	inf	inf	observed
Q8NA75	30	inf	inf	observed
Q8NAF0	16	16.0	18.0	observed
Q8NAF0	32	2.0	16.0	observed
Q8NAF0	34	2.0	18.0	observed
Q8NAF0	92	58.0	60.0	observed
Q8NAF0	445	3.0	353.0	observed
Q8NAF0	448	3.0	356.0	observed
Q8NAV1	180	inf	inf	observed
Q8NB14	535	inf	inf	observed
Q8NB15	240	inf	inf	observed
Q8NB25	1024	inf	inf	observed
Q8NBE8	489	inf	inf	observed
Q8NBF2	7	2.0	230.0	observed
Q8NBF2	9	2.0	228.0	observed
Q8NBF2	237	228.0	230.0	observed
Q8NBF6	475	113.0	inf	observed
Q8NBF6	588	113.0	inf	observed
Q8NBJ4	267	inf	inf	observed
Q8NBJ5	61	inf	inf	observed
Q8NBJ7	153	9.0	21.0	observed
Q8NBJ7	162	9.0	12.0	observed
Q8NBJ7	174	12.0	21.0	observed
Q8NBJ7	253	79.0	91.0	observed
Q8NBN7	308	inf	inf	observed
Q8NBR6	555	inf	inf	observed
Q8NBS9	134	inf	inf	observed
Q8NBT0	340	inf	inf	observed
Q8NBU5	280	inf	inf	observed
Q8NC51	108	3.0	4.0	observed
Q8NC51	111	1.0	3.0	observed
Q8NC51	112	1.0	4.0	observed
Q8NC51	126	1.0	14.0	observed
Q8NC51	127	1.0	15.0	observed
Q8NC51	155	5.0	8.0	observed
Q8NC51	160	3.0	5.0	observed
Q8NC51	163	2.0	3.0	observed
Q8NC51	165	2.0	5.0	observed
Q8NC51	170	2.0	5.0	observed
Q8NC51	172	2.0	3.0	observed
Q8NC51	175	2.0	3.0	observed
Q8NC51	177	2.0	4.0	observed
Q8NC51	181	4.0	6.0	observed
Q8NC51	188	7.0	7.0	observed
Q8NC51	195	6.0	7.0	observed
Q8NC51	201	6.0	13.0	observed
Q8NC51	216	15.0	21.0	observed
Q8NC51	309	55.0	58.0	observed
Q8NC51	364	3.0	6.0	observed
Q8NC51	367	3.0	3.0	observed
Q8NC51	370	3.0	3.0	observed
Q8NC51	373	3.0	3.0	observed
Q8NC51	376	3.0	6.0	observed
Q8NC56	10	1.0	98.0	observed
Q8NC56	11	1.0	97.0	observed
Q8NC56	108	10.0	22.0	observed
Q8NC56	118	10.0	12.0	observed
Q8NC56	130	12.0	22.0	observed
Q8NC56	160	30.0	42.0	observed
Q8NC74	365	inf	inf	observed
Q8NC96	46	134.0	inf	observed
Q8NC96	180	134.0	inf	observed
Q8NCA5	238	67.0	70.0	observed
Q8NCA5	305	3.0	20.0	observed
Q8NCA5	308	3.0	17.0	observed
Q8NCA5	325	11.0	15.0	observed
Q8NCA5	336	4.0	11.0	observed
Q8NCA5	340	4.0	11.0	observed
Q8NCA5	351	9.0	11.0	observed
Q8NCA5	360	3.0	9.0	observed
Q8NCA5	363	3.0	12.0	observed
Q8NCA5	400	37.0	40.0	observed
Q8NCA5	483	31.0	83.0	observed
Q8NCA5	514	31.0	114.0	observed
Q8NCE2	638	inf	inf	observed
Q8NCM8	587	719.0	2755.0	observed
Q8NCM8	1306	719.0	2036.0	observed
Q8NCM8	3342	2036.0	2755.0	observed
Q8NCN2	316	46.0	inf	observed
Q8NCN2	362	46.0	inf	observed
Q8NCN4	9	12.0	inf	observed
Q8NCN4	21	12.0	inf	observed
Q8NCN5	136	312.0	329.0	observed
Q8NCN5	448	17.0	182.0	observed
Q8NCN5	465	17.0	165.0	observed
Q8NCN5	630	165.0	182.0	observed
Q8NCR6	150	3.0	inf	observed
Q8NCR6	153	3.0	inf	observed
Q8NCR9	57	inf	inf	observed
Q8NCU4	611	inf	inf	observed
Q8NCW5	261	inf	inf	observed
Q8ND04	835	2.0	22.0	observed
Q8ND04	837	2.0	20.0	observed
Q8ND04	857	20.0	22.0	observed
Q8ND04	898	41.0	61.0	observed
Q8ND07	150	inf	inf	observed
Q8ND24	359	103.0	260.0	observed
Q8ND24	462	103.0	157.0	observed
Q8ND24	619	2.0	157.0	observed
Q8ND24	621	2.0	159.0	observed
Q8ND56	258	11.0	12.0	observed
Q8ND56	269	1.0	10.0	observed
Q8ND56	270	1.0	9.0	observed
Q8ND56	279	9.0	10.0	observed
Q8ND56	389	12.0	21.0	observed
Q8ND56	401	9.0	11.0	observed
Q8ND56	410	2.0	9.0	observed
Q8ND56	412	2.0	11.0	observed
Q8ND56	427	15.0	15.0	observed
Q8ND56	442	3.0	14.0	observed
Q8ND56	445	3.0	11.0	observed
Q8ND56	456	11.0	14.0	observed
Q8ND82	107	inf	inf	observed
Q8ND83	81	266.0	328.0	observed
Q8ND83	347	62.0	124.0	observed
Q8ND83	409	62.0	62.0	observed
Q8ND83	471	47.0	62.0	observed
Q8ND83	518	25.0	47.0	observed
Q8ND83	543	25.0	72.0	observed
Q8NDA8	131	inf	inf	observed
Q8NDT2	58	37.0	152.0	observed
Q8NDT2	95	37.0	115.0	observed
Q8NDT2	210	10.0	17.0	observed
Q8NDT2	220	7.0	10.0	observed
Q8NDT2	227	7.0	17.0	observed
Q8NDV7	1238	107.0	inf	observed
Q8NDV7	1345	107.0	inf	observed
Q8NDX1	655	inf	inf	observed
Q8NDX5	837	2.0	inf	observed
Q8NDX5	839	2.0	inf	observed
Q8NDY3	268	inf	inf	observed
Q8NDY8	49	inf	inf	observed
Q8NE01	295	inf	inf	observed
Q8NE35	308	inf	inf	observed
Q8NE62	181	inf	inf	observed
Q8NEL9	6	4.0	inf	observed
Q8NEL9	10	4.0	inf	observed
Q8NET4	1271	inf	inf	observed
Q8NEU8	555	inf	inf	observed
Q8NEV1	89	inf	inf	observed
Q8NEV9	55	inf	inf	observed
Q8NEY1	688	4.0	651.0	observed
Q8NEY1	692	4.0	647.0	observed
Q8NEY1	1339	647.0	651.0	observed
Q8NEY8	43	35.0	inf	observed
Q8NEY8	78	35.0	inf	observed
Q8NEZ4	886	1325.0	1340.0	observed
Q8NEZ4	2211	15.0	17.0	observed
Q8NEZ4	2226	2.0	9.0	observed
Q8NEZ4	2228	2.0	7.0	observed
Q8NEZ4	2235	5.0	7.0	observed
Q8NEZ4	2240	5.0	12.0	observed
Q8NEZ4	2267	10.0	22.0	observed
Q8NEZ4	2277	10.0	12.0	observed
Q8NEZ4	2289	12.0	22.0	observed
Q8NEZ4	2444	10.0	125.0	observed
Q8NEZ4	2454	10.0	115.0	observed
Q8NEZ4	2569	2.0	27.0	observed
Q8NEZ4	2571	2.0	25.0	observed
Q8NEZ4	2596	7.0	13.0	observed
Q8NEZ4	2603	6.0	7.0	observed
Q8NEZ4	2609	6.0	13.0	observed
Q8NEZ4	4139	6.0	17.0	observed
Q8NEZ4	4145	6.0	11.0	observed
Q8NEZ4	4156	6.0	11.0	observed
Q8NEZ4	4162	6.0	17.0	observed
Q8NF37	177	6.0	7.0	observed
Q8NF37	183	1.0	6.0	observed
Q8NF37	184	1.0	7.0	observed
Q8NF64	111	134.0	151.0	observed
Q8NF64	245	17.0	64.0	observed
Q8NF64	262	17.0	47.0	observed
Q8NF64	309	47.0	64.0	observed
Q8NFA0	935	inf	inf	observed
Q8NFC6	1075	110.0	inf	observed
Q8NFC6	1185	110.0	inf	observed
Q8NFD2	237	inf	inf	observed
Q8NFD5	487	108.0	121.0	observed
Q8NFD5	595	13.0	45.0	observed
Q8NFD5	608	13.0	32.0	observed
Q8NFD5	640	8.0	32.0	observed
Q8NFD5	648	8.0	40.0	observed
Q8NFD5	1342	102.0	294.0	observed
Q8NFD5	1444	102.0	192.0	observed
Q8NFD5	1636	37.0	192.0	observed
Q8NFD5	1673	37.0	229.0	observed
Q8NFG4	477	inf	inf	observed
Q8NFH4	105	inf	inf	observed
Q8NFI3	341	11.0	inf	observed
Q8NFI3	352	11.0	inf	observed
Q8NFP9	2014	1.0	inf	observed
Q8NFP9	2015	1.0	inf	observed
Q8NFQ8	7	inf	inf	observed
Q8NFV4	36	inf	inf	observed
Q8NFW1	685	354.0	inf	observed
Q8NFW1	1039	354.0	inf	observed
Q8NFW8	16	2.0	5.0	observed
Q8NFW8	18	2.0	3.0	observed
Q8NFW8	21	2.0	3.0	observed
Q8NFW8	23	2.0	5.0	observed
Q8NFW8	37	14.0	15.0	observed
Q8NFW8	52	15.0	29.0	observed
Q8NG48	317	inf	inf	observed
Q8NG75	151	inf	inf	observed
Q8NGG2	178	inf	inf	observed
Q8NGG3	169	inf	inf	observed
Q8NGK0	156	inf	inf	observed
Q8NGZ6	88	inf	inf	observed
Q8NHH9	9	inf	inf	observed
Q8NHM5	1231	inf	inf	observed
Q8NHP1	21	inf	inf	observed
Q8NHP8	354	inf	inf	observed
Q8NHQ9	218	inf	inf	observed
Q8NHV5	54	inf	inf	observed
Q8NHY3	460	11.0	inf	observed
Q8NHY3	471	11.0	inf	observed
Q8NHY6	59	inf	inf	observed
Q8NI27	428	inf	inf	observed
Q8NI28	38	inf	inf	observed
Q8NI35	286	1256.0	inf	observed
Q8NI35	1542	1256.0	inf	observed
Q8NI36	744	inf	inf	observed
Q8TAE6	27	17.0	inf	observed
Q8TAE6	44	17.0	inf	observed
Q8TAE8	33	1.0	5.0	observed
Q8TAE8	34	1.0	4.0	observed
Q8TAE8	38	4.0	5.0	observed
Q8TAE8	55	17.0	21.0	observed
Q8TAE8	117	62.0	79.0	observed
Q8TAG9	189	inf	inf	observed
Q8TAP9	7	21.0	30.0	observed
Q8TAP9	28	9.0	14.0	observed
Q8TAP9	37	5.0	9.0	observed
Q8TAP9	42	5.0	14.0	observed
Q8TAP9	57	2.0	11.0	observed
Q8TAP9	59	2.0	9.0	observed
Q8TAP9	68	9.0	9.0	observed
Q8TAP9	77	9.0	15.0	observed
Q8TAP9	92	15.0	24.0	observed
Q8TAP9	117	9.0	11.0	observed
Q8TAP9	126	2.0	9.0	observed
Q8TAP9	128	2.0	11.0	observed
Q8TAQ2	288	1.0	462.0	observed
Q8TAQ2	289	1.0	461.0	observed
Q8TAQ2	750	181.0	461.0	observed
Q8TAQ2	931	181.0	642.0	observed
Q8TAT6	607	inf	inf	observed
Q8TAU3	7	inf	inf	observed
Q8TAZ6	66	4.0	inf	observed
Q8TAZ6	70	4.0	inf	observed
Q8TB24	3	7.0	inf	observed
Q8TB24	10	7.0	inf	observed
Q8TB72	454	8.0	220.0	observed
Q8TB72	462	8.0	212.0	observed
Q8TB72	674	20.0	22.0	observed
Q8TB72	694	2.0	20.0	observed
Q8TB72	696	2.0	22.0	observed
Q8TB72	798	102.0	104.0	observed
Q8TBC3	658	21.0	inf	observed
Q8TBC3	679	21.0	inf	observed
Q8TBC4	135	160.0	inf	observed
Q8TBC4	295	160.0	inf	observed
Q8TBC5	409	inf	inf	observed
Q8TBQ9	34	inf	inf	observed
Q8TBY8	546	inf	inf	observed
Q8TC07	417	inf	inf	observed
Q8TC26	22	inf	inf	observed
Q8TC27	551	inf	inf	observed
Q8TC59	76	70.0	82.0	observed
Q8TC59	146	12.0	70.0	observed
Q8TC59	158	12.0	82.0	observed
Q8TC84	259	inf	inf	observed
Q8TCC3	118	inf	inf	observed
Q8TCG1	656	6.0	inf	observed
Q8TCG1	662	6.0	inf	observed
Q8TCG2	177	inf	inf	observed
Q8TCI5	94	inf	inf	observed
Q8TCS8	54	57.0	64.0	observed
Q8TCS8	111	7.0	57.0	observed
Q8TCS8	118	7.0	64.0	observed
Q8TCU4	2614	2.0	55.0	observed
Q8TCU4	2616	2.0	53.0	observed
Q8TCU4	2669	53.0	55.0	observed
Q8TCU5	12	inf	inf	observed
Q8TCU6	1209	inf	inf	observed
Q8TCX5	632	7.0	inf	observed
Q8TCX5	639	7.0	inf	observed
Q8TD08	449	inf	inf	observed
Q8TD16	647	inf	inf	observed
Q8TD19	60	555.0	557.0	observed
Q8TD19	615	2.0	555.0	observed
Q8TD19	617	2.0	557.0	observed
Q8TD26	2417	inf	inf	observed
Q8TD30	65	inf	inf	observed
Q8TD47	145	3.0	inf	observed
Q8TD47	148	3.0	inf	observed
Q8TD55	400	inf	inf	observed
Q8TD57	167	7.0	inf	observed
Q8TD57	174	7.0	inf	observed
Q8TDC3	431	35.0	50.0	observed
Q8TDC3	466	15.0	18.0	observed
Q8TDC3	481	3.0	15.0	observed
Q8TDC3	484	3.0	14.0	observed
Q8TDC3	498	12.0	14.0	observed
Q8TDC3	510	12.0	15.0	observed
Q8TDC3	525	15.0	27.0	observed
Q8TDD1	664	138.0	156.0	observed
Q8TDD1	802	18.0	42.0	observed
Q8TDD1	820	18.0	24.0	observed
Q8TDD1	844	24.0	24.0	observed
Q8TDD1	868	24.0	48.0	observed
Q8TDI0	1325	140.0	186.0	observed
Q8TDI0	1465	46.0	140.0	observed
Q8TDI0	1511	46.0	186.0	observed
Q8TDI0	1755	244.0	290.0	observed
Q8TDI8	158	inf	inf	observed
Q8TDJ6	691	inf	inf	observed
Q8TDN4	107	57.0	inf	observed
Q8TDN4	164	57.0	inf	observed
Q8TDN6	9	73.0	inf	observed
Q8TDN6	82	73.0	inf	observed
Q8TDP1	64	2.0	50.0	observed
Q8TDP1	66	2.0	48.0	observed
Q8TDP1	114	48.0	50.0	observed
Q8TDY2	83	127.0	131.0	observed
Q8TDY2	210	4.0	127.0	observed
Q8TDY2	214	4.0	131.0	observed
Q8TE49	733	3.0	147.0	observed
Q8TE49	736	3.0	144.0	observed
Q8TE49	880	144.0	147.0	observed
Q8TE56	864	inf	inf	observed
Q8TE68	209	2.0	inf	observed
Q8TE68	211	2.0	inf	observed
Q8TE73	1226	inf	inf	observed
Q8TE82	1294	inf	inf	observed
Q8TEA7	503	inf	inf	observed
Q8TEA8	53	154.0	inf	observed
Q8TEA8	207	154.0	inf	observed
Q8TEB7	185	inf	inf	observed
Q8TEB9	285	4.0	inf	observed
Q8TEB9	289	4.0	inf	observed
Q8TEC5	84	inf	inf	observed
Q8TED0	270	96.0	inf	observed
Q8TED0	366	96.0	inf	observed
Q8TEL6	14	2.0	inf	observed
Q8TEL6	16	2.0	inf	observed
Q8TEM1	169	1054.0	1077.0	observed
Q8TEM1	1223	23.0	361.0	observed
Q8TEM1	1246	23.0	338.0	observed
Q8TEM1	1584	5.0	338.0	observed
Q8TEM1	1589	5.0	343.0	observed
Q8TEQ6	260	12.0	13.0	observed
Q8TEQ6	272	1.0	12.0	observed
Q8TEQ6	273	1.0	13.0	observed
Q8TEQ6	1351	1078.0	1079.0	observed
Q8TER5	388	575.0	578.0	observed
Q8TER5	963	3.0	20.0	observed
Q8TER5	966	3.0	17.0	observed
Q8TER5	983	17.0	20.0	observed
Q8TER5	1062	2.0	14.0	observed
Q8TER5	1064	2.0	12.0	observed
Q8TER5	1076	12.0	14.0	observed
Q8TES7	247	790.0	inf	observed
Q8TES7	1037	790.0	inf	observed
Q8TEW0	294	3.0	379.0	observed
Q8TEW0	297	3.0	376.0	observed
Q8TEW0	673	9.0	376.0	observed
Q8TEW0	682	9.0	385.0	observed
Q8TEW8	1087	94.0	104.0	observed
Q8TEW8	1181	10.0	94.0	observed
Q8TEW8	1191	10.0	104.0	observed
Q8TEX9	77	450.0	inf	observed
Q8TEX9	527	450.0	inf	observed
Q8TF17	529	76.0	inf	observed
Q8TF17	605	76.0	inf	observed
Q8TF30	594	inf	inf	observed
Q8TF44	22	inf	inf	observed
Q8TF61	360	12.0	170.0	observed
Q8TF61	372	12.0	158.0	observed
Q8TF61	530	158.0	170.0	observed
Q8TF68	194	inf	inf	observed
Q8TF72	292	inf	inf	observed
Q8TF74	37	82.0	255.0	observed
Q8TF74	119	82.0	173.0	observed
Q8TF74	292	18.0	29.0	observed
Q8TF74	310	11.0	18.0	observed
Q8TF74	321	11.0	29.0	observed
Q8TF74	356	35.0	46.0	observed
Q8TF74	430	74.0	109.0	observed
Q8WTQ1	47	3.0	inf	observed
Q8WTQ1	50	3.0	inf	observed
Q8WTQ4	78	4.0	5.0	observed
Q8WTQ4	82	1.0	4.0	observed
Q8WTQ4	83	1.0	5.0	observed
Q8WTS6	152	inf	inf	observed
Q8WTV1	43	inf	inf	observed
Q8WTW3	559	inf	inf	observed
Q8WUA2	21	2.0	288.0	observed
Q8WUA2	23	2.0	286.0	observed
Q8WUA2	309	126.0	128.0	observed
Q8WUA2	435	2.0	6.0	observed
Q8WUA2	437	2.0	4.0	observed
Q8WUA2	441	2.0	4.0	observed
Q8WUA2	443	2.0	6.0	observed
Q8WUA4	831	36.0	45.0	observed
Q8WUA4	867	9.0	36.0	observed
Q8WUA4	876	9.0	45.0	observed
Q8WUF5	66	3.0	16.0	observed
Q8WUF5	69	3.0	13.0	observed
Q8WUF5	82	4.0	13.0	observed
Q8WUF5	86	4.0	17.0	observed
Q8WUF5	117	5.0	20.0	observed
Q8WUF5	122	5.0	15.0	observed
Q8WUF5	137	5.0	7.0	observed
Q8WUF5	142	2.0	5.0	observed
Q8WUF5	144	2.0	7.0	observed
Q8WUF5	155	5.0	11.0	observed
Q8WUF5	160	5.0	7.0	observed
Q8WUF5	167	7.0	12.0	observed
Q8WUF5	180	5.0	13.0	observed
Q8WUF5	185	5.0	15.0	observed
Q8WUF5	200	5.0	15.0	observed
Q8WUF5	205	5.0	20.0	observed
Q8WUF5	235	8.0	30.0	observed
Q8WUF5	243	8.0	38.0	observed
Q8WUF5	322	22.0	40.0	observed
Q8WUF5	344	18.0	22.0	observed
Q8WUF5	362	4.0	18.0	observed
Q8WUF5	366	4.0	22.0	observed
Q8WUF5	389	11.0	23.0	observed
Q8WUF5	400	11.0	34.0	observed
Q8WUI4	277	inf	inf	observed
Q8WUM0	9	8.0	21.0	observed
Q8WUM0	17	8.0	13.0	observed
Q8WUM0	30	13.0	21.0	observed
Q8WUM0	54	7.0	24.0	observed
Q8WUM0	61	7.0	31.0	observed
Q8WUM0	637	576.0	583.0	observed
Q8WUM4	322	51.0	134.0	observed
Q8WUM4	373	51.0	83.0	observed
Q8WUM4	456	83.0	134.0	observed
Q8WUM4	606	139.0	150.0	observed
Q8WUM4	745	12.0	22.0	observed
Q8WUM4	757	10.0	12.0	observed
Q8WUM4	767	10.0	22.0	observed
Q8WUP2	39	2.0	inf	observed
Q8WUP2	41	2.0	inf	observed
Q8WUT4	448	inf	inf	observed
Q8WUW1	46	inf	inf	observed
Q8WUX9	405	inf	inf	observed
Q8WUZ0	82	inf	inf	observed
Q8WVB6	966	inf	inf	observed
Q8WVC0	511	63.0	inf	observed
Q8WVC0	574	63.0	inf	observed
Q8WVC6	79	1.0	inf	observed
Q8WVC6	80	1.0	inf	observed
Q8WVD3	80	inf	inf	observed
Q8WVM7	65	inf	inf	observed
Q8WVM8	575	inf	inf	observed
Q8WVV9	16	inf	inf	observed
Q8WVX3	18	inf	inf	observed
Q8WW12	16	inf	inf	observed
Q8WWH5	88	inf	inf	observed
Q8WWI1	51	261.0	864.0	observed
Q8WWI1	312	261.0	603.0	observed
Q8WWI1	915	7.0	573.0	observed
Q8WWI1	922	7.0	566.0	observed
Q8WWI1	1488	102.0	566.0	observed
Q8WWI1	1590	102.0	668.0	observed
Q8WWM7	71	19.0	284.0	observed
Q8WWM7	90	19.0	265.0	observed
Q8WWM7	355	2.0	6.0	observed
Q8WWM7	357	2.0	4.0	observed
Q8WWM7	361	4.0	4.0	observed
Q8WWM7	365	4.0	5.0	observed
Q8WWM7	370	3.0	5.0	observed
Q8WWM7	373	3.0	8.0	observed
Q8WWM7	382	9.0	12.0	observed
Q8WWM7	399	15.0	17.0	observed
Q8WWM7	414	3.0	14.0	observed
Q8WWM7	417	3.0	11.0	observed
Q8WWM7	428	11.0	14.0	observed
Q8WWM7	539	7.0	111.0	observed
Q8WWM7	546	7.0	118.0	observed
Q8WWM7	688	142.0	149.0	observed
Q8WWN8	1254	inf	inf	observed
Q8WWQ0	657	15.0	1147.0	observed
Q8WWQ0	672	15.0	1132.0	observed
Q8WWQ0	1804	2.0	1132.0	observed
Q8WWQ0	1806	2.0	1134.0	observed
Q8WWR8	17	inf	inf	observed
Q8WWV3	103	inf	inf	observed
Q8WWY3	289	83.0	inf	observed
Q8WWY3	372	83.0	inf	observed
Q8WWZ7	218	inf	inf	observed
Q8WX93	770	328.0	330.0	observed
Q8WX93	1098	2.0	328.0	observed
Q8WX93	1100	2.0	330.0	observed
Q8WXA9	387	7.0	inf	observed
Q8WXA9	394	7.0	inf	observed
Q8WXD9	398	inf	inf	observed
Q8WXE0	355	9.0	496.0	observed
Q8WXE0	364	9.0	487.0	observed
Q8WXE0	851	4.0	11.0	observed
Q8WXE0	855	4.0	7.0	observed
Q8WXE0	862	7.0	11.0	observed
Q8WXE0	1126	264.0	271.0	observed
Q8WXE1	33	inf	inf	observed
Q8WXF1	4	7.0	188.0	observed
Q8WXF1	11	7.0	181.0	observed
Q8WXF1	192	146.0	181.0	observed
Q8WXF1	338	35.0	54.0	observed
Q8WXF1	373	19.0	26.0	observed
Q8WXF1	392	7.0	19.0	observed
Q8WXF1	399	7.0	26.0	observed
Q8WXF1	507	13.0	108.0	observed
Q8WXF1	520	13.0	121.0	observed
Q8WXH0	2345	581.0	inf	observed
Q8WXH0	2926	581.0	inf	observed
Q8WXH2	548	inf	inf	observed
Q8WXI7	10296	inf	inf	observed
Q8WXI9	10	230.0	239.0	observed
Q8WXI9	240	9.0	24.0	observed
Q8WXI9	249	9.0	15.0	observed
Q8WXI9	264	13.0	15.0	observed
Q8WXI9	277	9.0	13.0	observed
Q8WXI9	286	9.0	22.0	observed
Q8WXI9	331	45.0	54.0	observed
Q8WXI9	478	31.0	42.0	observed
Q8WXI9	509	11.0	18.0	observed
Q8WXI9	520	7.0	11.0	observed
Q8WXI9	527	7.0	18.0	observed
Q8WXI9	571	44.0	51.0	observed
Q8WXK1	546	1.0	inf	observed
Q8WXK1	547	1.0	inf	observed
Q8WXW3	441	inf	inf	observed
Q8WXX0	2438	inf	inf	observed
Q8WXX5	46	26.0	49.0	observed
Q8WXX5	72	23.0	26.0	observed
Q8WXX5	95	23.0	49.0	observed
Q8WXX7	6	5.0	21.0	observed
Q8WXX7	11	5.0	16.0	observed
Q8WXX7	27	16.0	21.0	observed
Q8WXX7	510	66.0	285.0	observed
Q8WXX7	576	66.0	219.0	observed
Q8WXX7	795	219.0	285.0	observed
Q8WXX7	1092	5.0	11.0	observed
Q8WXX7	1097	5.0	6.0	observed
Q8WXX7	1103	5.0	6.0	observed
Q8WXX7	1108	5.0	6.0	observed
Q8WXX7	1114	6.0	11.0	observed
Q8WXX7	1145	31.0	37.0	observed
Q8WYA0	333	12.0	inf	observed
Q8WYA0	345	12.0	inf	observed
Q8WYA6	13	52.0	456.0	observed
Q8WYA6	65	52.0	404.0	observed
Q8WYA6	469	15.0	404.0	observed
Q8WYA6	484	15.0	419.0	observed
Q8WYB5	374	891.0	1538.0	observed
Q8WYB5	1265	647.0	661.0	observed
Q8WYB5	1912	14.0	160.0	observed
Q8WYB5	1926	14.0	146.0	observed
Q8WYB5	2072	146.0	160.0	observed
Q8WYH8	106	20.0	inf	observed
Q8WYH8	126	20.0	inf	observed
Q8WYJ6	245	inf	inf	observed
Q8WYP5	735	inf	inf	observed
Q8WZ19	294	inf	inf	observed
Q8WZ42	11807	14874.0	inf	observed
Q8WZ42	26681	14874.0	inf	observed
Q8WZ73	98	inf	inf	observed
Q8WZ74	451	inf	inf	observed
Q92481	126	inf	inf	observed
Q92499	98	479.0	536.0	observed
Q92499	577	57.0	479.0	observed
Q92499	634	57.0	536.0	observed
Q92522	57	71.0	inf	observed
Q92522	128	71.0	inf	observed
Q92526	35	inf	inf	observed
Q92527	22	inf	inf	observed
Q92530	204	1.0	10.0	observed
Q92530	205	1.0	9.0	observed
Q92530	214	5.0	9.0	observed
Q92530	219	5.0	12.0	observed
Q92530	231	12.0	17.0	observed
Q92538	759	inf	inf	observed
Q92540	892	10.0	18.0	observed
Q92540	902	8.0	10.0	observed
Q92540	910	8.0	18.0	observed
Q92540	943	33.0	41.0	observed
Q92542	434	inf	inf	observed
Q92544	81	inf	inf	observed
Q92547	1096	inf	inf	observed
Q92556	328	inf	inf	observed
Q92558	114	193.0	201.0	observed
Q92558	307	8.0	193.0	observed
Q92558	315	8.0	201.0	observed
Q92562	55	inf	inf	observed
Q92567	102	36.0	87.0	observed
Q92567	138	36.0	51.0	observed
Q92567	189	51.0	87.0	observed
Q92570	187	inf	inf	observed
Q92574	1033	inf	inf	observed
Q92575	240	inf	inf	observed
Q92576	471	1285.0	1314.0	observed
Q92576	1756	29.0	34.0	observed
Q92576	1785	5.0	14.0	observed
Q92576	1790	5.0	9.0	observed
Q92576	1799	9.0	14.0	observed
Q92576	1867	10.0	44.0	observed
Q92576	1877	10.0	34.0	observed
Q92576	1911	4.0	9.0	observed
Q92576	1915	4.0	5.0	observed
Q92576	1920	2.0	5.0	observed
Q92576	1922	2.0	7.0	observed
Q92585	75	752.0	inf	observed
Q92585	827	752.0	inf	observed
Q92598	33	232.0	inf	observed
Q92598	265	232.0	inf	observed
Q92599	17	inf	inf	observed
Q92608	1601	inf	inf	observed
Q92613	613	inf	inf	observed
Q92614	43	1540.0	inf	observed
Q92614	1583	1540.0	inf	observed
Q92615	404	15.0	23.0	observed
Q92615	419	8.0	15.0	observed
Q92615	427	8.0	17.0	observed
Q92615	444	17.0	19.0	observed
Q92615	463	19.0	30.0	observed
Q92615	493	2.0	30.0	observed
Q92615	495	2.0	32.0	observed
Q92615	553	58.0	60.0	observed
Q92615	623	70.0	128.0	observed
Q92616	840	593.0	1133.0	observed
Q92616	1433	540.0	593.0	observed
Q92616	1973	540.0	548.0	observed
Q92616	2521	46.0	548.0	observed
Q92616	2567	46.0	594.0	observed
Q92618	658	428.0	432.0	observed
Q92618	1086	4.0	428.0	observed
Q92618	1090	4.0	432.0	observed
Q92620	133	148.0	149.0	observed
Q92620	281	1.0	8.0	observed
Q92620	282	1.0	7.0	observed
Q92620	289	7.0	8.0	observed
Q92621	1269	inf	inf	observed
Q92625	832	inf	inf	observed
Q92626	1248	inf	inf	observed
Q92630	18	inf	inf	observed
Q92673	1985	inf	inf	observed
Q92686	38	30.0	inf	observed
Q92686	68	30.0	inf	observed
Q92688	12	2.0	63.0	observed
Q92688	14	2.0	61.0	observed
Q92688	75	61.0	63.0	observed
Q92734	22	122.0	361.0	observed
Q92734	144	122.0	239.0	observed
Q92734	383	2.0	17.0	observed
Q92734	385	2.0	15.0	observed
Q92734	400	15.0	17.0	observed
Q92738	509	inf	inf	observed
Q92747	74	inf	inf	observed
Q92750	87	inf	inf	observed
Q92769	37	329.0	inf	observed
Q92769	366	329.0	inf	observed
Q92785	38	24.0	39.0	observed
Q92785	62	15.0	16.0	observed
Q92785	77	1.0	15.0	observed
Q92785	78	1.0	14.0	observed
Q92785	92	14.0	15.0	observed
Q92786	38	inf	inf	observed
Q92793	218	2.0	301.0	observed
Q92793	220	2.0	299.0	observed
Q92793	519	82.0	195.0	observed
Q92793	601	82.0	113.0	observed
Q92793	714	28.0	54.0	observed
Q92793	742	26.0	28.0	observed
Q92793	768	26.0	54.0	observed
Q92793	1341	573.0	599.0	observed
Q92793	2353	13.0	1012.0	observed
Q92793	2366	13.0	1025.0	observed
Q92794	1877	12.0	126.0	observed
Q92794	1889	12.0	114.0	observed
Q92794	2003	114.0	126.0	observed
Q92797	215	inf	inf	observed
Q92804	164	11.0	21.0	observed
Q92804	175	10.0	11.0	observed
Q92804	185	2.0	10.0	observed
Q92804	187	2.0	8.0	observed
Q92804	195	8.0	10.0	observed
Q92804	206	10.0	11.0	observed
Q92804	216	10.0	21.0	observed
Q92804	320	1.0	6.0	observed
Q92804	321	1.0	5.0	observed
Q92804	326	5.0	6.0	observed
Q92804	334	3.0	8.0	observed
Q92804	337	3.0	6.0	observed
Q92804	343	6.0	6.0	observed
Q92804	349	6.0	12.0	observed
Q92804	373	10.0	15.0	observed
Q92804	383	5.0	10.0	observed
Q92804	388	5.0	7.0	observed
Q92804	395	2.0	7.0	observed
Q92804	397	2.0	6.0	observed
Q92804	403	3.0	6.0	observed
Q92804	406	3.0	9.0	observed
Q92804	415	9.0	12.0	observed
Q92804	431	10.0	16.0	observed
Q92804	441	9.0	10.0	observed
Q92804	450	9.0	9.0	observed
Q92804	459	8.0	9.0	observed
Q92804	467	8.0	8.0	observed
Q92804	475	8.0	8.0	observed
Q92804	483	7.0	8.0	observed
Q92804	490	7.0	8.0	observed
Q92804	498	7.0	8.0	observed
Q92804	505	7.0	7.0	observed
Q92804	512	7.0	7.0	observed
Q92804	519	7.0	9.0	observed
Q92804	528	7.0	9.0	observed
Q92804	535	7.0	10.0	observed
Q92804	545	8.0	10.0	observed
Q92804	553	8.0	9.0	observed
Q92804	562	8.0	9.0	observed
Q92804	570	8.0	10.0	observed
Q92804	580	10.0	18.0	observed
Q92820	103	1.0	inf	observed
Q92820	104	1.0	inf	observed
Q92823	943	inf	inf	observed
Q92835	1140	inf	inf	observed
Q92837	118	inf	inf	observed
Q92841	68	13.0	20.0	observed
Q92841	81	7.0	9.0	observed
Q92841	88	2.0	4.0	observed
Q92841	90	2.0	2.0	observed
Q92841	92	2.0	2.0	observed
Q92841	94	2.0	4.0	observed
Q92841	100	6.0	8.0	observed
Q92841	116	16.0	22.0	observed
Q92841	143	10.0	11.0	observed
Q92841	153	1.0	10.0	observed
Q92841	154	1.0	11.0	observed
Q92841	340	10.0	140.0	observed
Q92841	350	10.0	130.0	observed
Q92841	480	25.0	75.0	observed
Q92841	505	25.0	50.0	observed
Q92841	555	9.0	13.0	observed
Q92841	564	4.0	9.0	observed
Q92841	568	4.0	13.0	observed
Q92841	586	1.0	18.0	observed
Q92841	587	1.0	18.0	observed
Q92841	605	18.0	19.0	observed
Q92841	684	44.0	79.0	observed
Q92841	728	44.0	123.0	observed
Q92871	183	inf	inf	observed
Q92878	193	166.0	280.0	observed
Q92878	359	114.0	166.0	observed
Q92878	473	114.0	280.0	observed
Q92878	797	26.0	324.0	observed
Q92878	823	26.0	350.0	observed
Q92879	25	116.0	inf	observed
Q92879	141	116.0	inf	observed
Q92896	310	7.0	150.0	observed
Q92896	317	7.0	143.0	observed
Q92896	460	143.0	150.0	observed
Q92900	433	378.0	435.0	observed
Q92900	811	57.0	107.0	observed
Q92900	868	50.0	57.0	observed
Q92900	918	21.0	50.0	observed
Q92900	939	21.0	71.0	observed
Q92900	1019	80.0	101.0	observed
Q92905	282	12.0	inf	observed
Q92905	294	12.0	inf	observed
Q92908	374	inf	inf	observed
Q92917	29	51.0	56.0	observed
Q92917	80	5.0	51.0	observed
Q92917	85	5.0	56.0	observed
Q92917	173	21.0	88.0	observed
Q92917	194	21.0	109.0	observed
Q92922	56	668.0	1008.0	observed
Q92922	724	340.0	668.0	observed
Q92922	1064	340.0	1008.0	observed
Q92925	4	69.0	77.0	observed
Q92925	73	8.0	31.0	observed
Q92925	81	8.0	23.0	observed
Q92925	104	12.0	14.0	observed
Q92925	116	2.0	12.0	observed
Q92925	118	2.0	14.0	observed
Q92925	132	14.0	16.0	observed
Q92925	519	10.0	387.0	observed
Q92925	529	10.0	397.0	observed
Q92934	94	2.0	63.0	observed
Q92934	96	2.0	61.0	observed
Q92934	157	4.0	61.0	observed
Q92934	161	4.0	65.0	observed
Q92945	70	92.0	146.0	observed
Q92945	162	54.0	92.0	observed
Q92945	216	54.0	98.0	observed
Q92945	314	26.0	41.0	observed
Q92945	340	15.0	26.0	observed
Q92945	355	15.0	23.0	observed
Q92945	378	6.0	16.0	observed
Q92945	384	6.0	10.0	observed
Q92945	394	10.0	16.0	observed
Q92945	411	2.0	4.0	observed
Q92945	413	2.0	2.0	observed
Q92945	415	2.0	4.0	observed
Q92945	442	27.0	29.0	observed
Q92945	478	36.0	63.0	observed
Q92947	88	231.0	inf	observed
Q92947	319	231.0	inf	observed
Q92966	6	75.0	inf	observed
Q92966	81	75.0	inf	observed
Q92973	344	2.0	459.0	observed
Q92973	346	2.0	457.0	observed
Q92973	803	457.0	459.0	observed
Q92974	169	650.0	735.0	observed
Q92974	819	85.0	650.0	observed
Q92974	904	85.0	735.0	observed
Q92979	13	inf	inf	observed
Q92995	4	97.0	inf	observed
Q92995	101	97.0	inf	observed
Q92997	27	185.0	244.0	observed
Q92997	212	59.0	130.0	observed
Q92997	271	59.0	71.0	observed
Q92997	342	71.0	130.0	observed
Q92997	685	13.0	343.0	observed
Q92997	698	13.0	356.0	observed
Q93008	560	1806.0	inf	observed
Q93008	2366	1806.0	inf	observed
Q93009	549	148.0	inf	observed
Q93009	697	148.0	inf	observed
Q93015	234	inf	inf	observed
Q93034	631	1.0	inf	observed
Q93034	632	1.0	inf	observed
Q93052	218	inf	inf	observed
Q93073	78	255.0	inf	observed
Q93073	333	255.0	inf	observed
Q93074	1341	2.0	513.0	observed
Q93074	1343	2.0	511.0	observed
Q93074	1854	5.0	8.0	observed
Q93074	1859	3.0	5.0	observed
Q93074	1862	3.0	8.0	observed
Q93074	1871	9.0	12.0	observed
Q93074	1899	11.0	13.0	observed
Q93074	1910	2.0	11.0	observed
Q93074	1912	2.0	13.0	observed
Q93074	1994	21.0	82.0	observed
Q93074	2015	21.0	103.0	observed
Q93077	21	9.0	61.0	observed
Q93077	30	9.0	52.0	observed
Q93077	82	7.0	18.0	observed
Q93077	89	7.0	11.0	observed
Q93077	100	11.0	18.0	observed
Q93079	30	43.0	50.0	observed
Q93079	73	7.0	14.0	observed
Q93079	80	7.0	7.0	observed
Q93079	87	6.0	7.0	observed
Q93079	93	6.0	7.0	observed
Q93079	100	7.0	13.0	observed
Q93100	944	inf	inf	observed
Q969E4	176	inf	inf	observed
Q969F0	86	inf	inf	observed
Q969G2	159	2.0	inf	observed
Q969G2	161	2.0	inf	observed
Q969G3	4	36.0	212.0	observed
Q969G3	40	36.0	176.0	observed
Q969G3	216	35.0	176.0	observed
Q969G3	251	35.0	211.0	observed
Q969G6	18	inf	inf	observed
Q969G9	363	inf	inf	observed
Q969H8	113	inf	inf	observed
Q969Q0	57	inf	inf	observed
Q969Q5	129	inf	inf	observed
Q969R2	9	inf	inf	observed
Q969S3	50	2.0	116.0	observed
Q969S3	52	2.0	114.0	observed
Q969S3	166	5.0	114.0	observed
Q969S3	171	5.0	119.0	observed
Q969W3	4	24.0	28.0	observed
Q969W3	28	4.0	24.0	observed
Q969W3	32	4.0	22.0	observed
Q969W3	54	5.0	22.0	observed
Q969W3	59	5.0	27.0	observed
Q969W3	181	122.0	127.0	observed
Q969X6	186	inf	inf	observed
Q96A00	5	4.0	14.0	observed
Q96A00	9	4.0	10.0	observed
Q96A00	19	2.0	10.0	observed
Q96A00	21	2.0	12.0	observed
Q96A05	76	inf	inf	observed
Q96A08	81	7.0	13.0	observed
Q96A08	88	6.0	7.0	observed
Q96A08	94	6.0	13.0	observed
Q96A33	462	inf	inf	observed
Q96A35	128	inf	inf	observed
Q96A46	6	33.0	inf	observed
Q96A46	39	33.0	inf	observed
Q96A47	165	inf	inf	observed
Q96A65	40	inf	inf	observed
Q96A73	245	inf	inf	observed
Q96AA8	122	8.0	16.0	observed
Q96AA8	130	8.0	8.0	observed
Q96AA8	138	8.0	16.0	observed
Q96AB3	144	inf	inf	observed
Q96AC1	118	306.0	inf	observed
Q96AC1	424	306.0	inf	observed
Q96AE4	118	190.0	203.0	observed
Q96AE4	308	13.0	23.0	observed
Q96AE4	321	10.0	13.0	observed
Q96AE4	331	10.0	23.0	observed
Q96AE4	359	2.0	4.0	observed
Q96AE4	361	2.0	2.0	observed
Q96AE4	363	2.0	4.0	observed
Q96AE4	430	67.0	69.0	observed
Q96AG3	15	inf	inf	observed
Q96AH0	172	inf	inf	observed
Q96AJ1	165	3.0	inf	observed
Q96AJ1	168	3.0	inf	observed
Q96AP0	351	13.0	32.0	observed
Q96AP0	364	13.0	19.0	observed
Q96AP0	383	19.0	32.0	observed
Q96AQ9	107	inf	inf	observed
Q96AT1	4	7.0	16.0	observed
Q96AT1	11	7.0	9.0	observed
Q96AT1	20	9.0	16.0	observed
Q96AX1	102	inf	inf	observed
Q96AY3	282	274.0	inf	observed
Q96AY3	556	274.0	inf	observed
Q96AY4	2304	75.0	inf	observed
Q96AY4	2379	75.0	inf	observed
Q96B18	15	353.0	inf	observed
Q96B18	368	353.0	inf	observed
Q96B23	167	180.0	inf	observed
Q96B23	347	180.0	inf	observed
Q96B36	40	11.0	19.0	observed
Q96B36	51	8.0	11.0	observed
Q96B36	59	8.0	19.0	observed
Q96B49	29	4.0	9.0	observed
Q96B49	33	4.0	5.0	observed
Q96B49	38	5.0	9.0	observed
Q96B54	75	23.0	inf	observed
Q96B54	98	23.0	inf	observed
Q96B70	61	192.0	194.0	observed
Q96B70	253	2.0	192.0	observed
Q96B70	255	2.0	194.0	observed
Q96BD5	262	52.0	inf	observed
Q96BD5	314	52.0	inf	observed
Q96BD8	240	5.0	inf	observed
Q96BD8	245	5.0	inf	observed
Q96BH1	344	4.0	8.0	observed
Q96BH1	348	4.0	4.0	observed
Q96BH1	352	4.0	8.0	observed
Q96BH1	422	12.0	15.0	observed
Q96BH1	434	3.0	9.0	observed
Q96BH1	437	3.0	6.0	observed
Q96BH1	443	6.0	9.0	observed
Q96BK5	7	2.0	inf	observed
Q96BK5	9	2.0	inf	observed
Q96BN6	185	367.0	370.0	observed
Q96BN6	552	3.0	367.0	observed
Q96BN6	555	3.0	370.0	observed
Q96BP2	7	5.0	inf	observed
Q96BP2	12	5.0	inf	observed
Q96BR5	48	inf	inf	observed
Q96BU1	391	3.0	inf	observed
Q96BU1	394	3.0	inf	observed
Q96BW5	233	59.0	94.0	observed
Q96BW5	292	35.0	59.0	observed
Q96BW5	327	35.0	94.0	observed
Q96BY2	122	inf	inf	observed
Q96BZ8	137	103.0	inf	observed
Q96BZ8	240	103.0	inf	observed
Q96C90	27	24.0	25.0	observed
Q96C90	51	1.0	24.0	observed
Q96C90	52	1.0	25.0	observed
Q96C92	7	8.0	10.0	observed
Q96C92	15	2.0	8.0	observed
Q96C92	17	2.0	10.0	observed
Q96CB9	198	inf	inf	observed
Q96CN7	66	179.0	inf	observed
Q96CN7	245	179.0	inf	observed
Q96CP6	116	inf	inf	observed
Q96CS3	409	inf	inf	observed
Q96CS4	487	inf	inf	observed
Q96CT7	105	6.0	58.0	observed
Q96CT7	111	6.0	52.0	observed
Q96CT7	163	4.0	5.0	observed
Q96CT7	167	1.0	4.0	observed
Q96CT7	168	1.0	5.0	observed
Q96CU9	12	5.0	11.0	observed
Q96CU9	17	5.0	6.0	observed
Q96CU9	23	6.0	11.0	observed
Q96CW5	135	61.0	484.0	observed
Q96CW5	196	61.0	423.0	observed
Q96CW5	619	1.0	423.0	observed
Q96CW5	620	1.0	424.0	observed
Q96CX2	205	52.0	inf	observed
Q96CX2	257	52.0	inf	observed
Q96D05	17	9.0	inf	observed
Q96D05	26	9.0	inf	observed
Q96D46	397	40.0	inf	observed
Q96D46	437	40.0	inf	observed
Q96D71	669	inf	inf	observed
Q96DA6	51	inf	inf	observed
Q96DC7	8	2.0	inf	observed
Q96DC7	10	2.0	inf	observed
Q96DF8	129	286.0	295.0	observed
Q96DF8	415	9.0	286.0	observed
Q96DF8	424	9.0	295.0	observed
Q96DH6	60	2.0	137.0	observed
Q96DH6	62	2.0	135.0	observed
Q96DH6	197	2.0	4.0	observed
Q96DH6	199	2.0	2.0	observed
Q96DH6	201	2.0	4.0	observed
Q96DH6	228	27.0	29.0	observed
Q96DH6	261	33.0	60.0	observed
Q96DI7	19	2.0	142.0	observed
Q96DI7	21	2.0	140.0	observed
Q96DI7	161	104.0	140.0	observed
Q96DI7	265	42.0	52.0	observed
Q96DI7	307	10.0	11.0	observed
Q96DI7	317	1.0	10.0	observed
Q96DI7	318	1.0	11.0	observed
Q96DN2	843	inf	inf	observed
Q96DN6	206	28.0	173.0	observed
Q96DN6	234	28.0	145.0	observed
Q96DN6	379	6.0	145.0	observed
Q96DN6	385	6.0	151.0	observed
Q96DN6	896	511.0	517.0	observed
Q96DR7	79	inf	inf	observed
Q96DT7	126	14.0	inf	observed
Q96DT7	140	14.0	inf	observed
Q96DU7	7	23.0	inf	observed
Q96DU7	30	23.0	inf	observed
Q96DZ1	285	inf	inf	observed
Q96E09	150	inf	inf	observed
Q96E14	16	3.0	15.0	observed
Q96E14	19	3.0	12.0	observed
Q96E14	31	11.0	12.0	observed
Q96E14	42	11.0	23.0	observed
Q96E14	84	42.0	53.0	observed
Q96E39	49	42.0	44.0	observed
Q96E39	91	2.0	10.0	observed
Q96E39	93	2.0	8.0	observed
Q96E39	101	2.0	6.0	observed
Q96E39	103	2.0	4.0	observed
Q96E39	107	4.0	6.0	observed
Q96E39	113	6.0	7.0	observed
Q96E39	120	5.0	7.0	observed
Q96E39	125	5.0	12.0	observed
Q96E39	144	7.0	19.0	observed
Q96E39	151	7.0	13.0	observed
Q96E39	164	8.0	13.0	observed
Q96E39	172	8.0	8.0	observed
Q96E39	180	5.0	7.0	observed
Q96E39	185	2.0	5.0	observed
Q96E39	187	2.0	7.0	observed
Q96E39	195	8.0	10.0	observed
Q96E39	258	34.0	40.0	observed
Q96E39	292	6.0	25.0	observed
Q96E39	298	6.0	19.0	observed
Q96E39	317	19.0	25.0	observed
Q96E39	343	3.0	11.0	observed
Q96E39	346	3.0	8.0	observed
Q96E39	354	8.0	11.0	observed
Q96E39	368	4.0	12.0	observed
Q96E39	372	4.0	8.0	observed
Q96E39	380	8.0	12.0	observed
Q96EA4	154	110.0	111.0	observed
Q96EA4	264	1.0	110.0	observed
Q96EA4	265	1.0	111.0	observed
Q96ED9	608	11.0	inf	observed
Q96ED9	619	11.0	inf	observed
Q96EI5	193	6.0	10.0	observed
Q96EI5	199	4.0	6.0	observed
Q96EI5	203	4.0	10.0	observed
Q96EK4	42	41.0	inf	observed
Q96EK4	83	41.0	inf	observed
Q96EK5	494	2.0	inf	observed
Q96EK5	496	2.0	inf	observed
Q96EK6	180	inf	inf	observed
Q96EK7	868	3.0	10.0	observed
Q96EK7	871	3.0	7.0	observed
Q96EK7	878	7.0	7.0	observed
Q96EK7	885	7.0	8.0	observed
Q96EK7	893	8.0	15.0	observed
Q96EK9	96	3.0	inf	observed
Q96EK9	99	3.0	inf	observed
Q96EL2	93	inf	inf	observed
Q96EP5	51	20.0	37.0	observed
Q96EP5	71	17.0	20.0	observed
Q96EP5	88	17.0	37.0	observed
Q96EP5	130	42.0	59.0	observed
Q96EP5	209	44.0	79.0	observed
Q96EP5	253	44.0	123.0	observed
Q96EP5	393	140.0	184.0	observed
Q96ER9	163	inf	inf	observed
Q96EU6	7	10.0	inf	observed
Q96EU6	17	10.0	inf	observed
Q96EV2	224	7.0	13.0	observed
Q96EV2	231	6.0	7.0	observed
Q96EV2	237	6.0	13.0	observed
Q96EV2	279	7.0	19.0	observed
Q96EV2	286	7.0	12.0	observed
Q96EV2	298	12.0	19.0	observed
Q96EV2	411	7.0	31.0	observed
Q96EV2	418	7.0	24.0	observed
Q96EV2	442	8.0	24.0	observed
Q96EV2	450	8.0	20.0	observed
Q96EV2	470	10.0	20.0	observed
Q96EV2	480	10.0	30.0	observed
Q96EV2	524	44.0	54.0	observed
Q96EV2	658	14.0	20.0	observed
Q96EV2	672	6.0	10.0	observed
Q96EV2	678	4.0	6.0	observed
Q96EV2	682	4.0	10.0	observed
Q96EV2	693	11.0	15.0	observed
Q96EV2	1028	42.0	50.0	observed
Q96EV2	1070	8.0	10.0	observed
Q96EV2	1078	2.0	8.0	observed
Q96EV2	1080	2.0	10.0	observed
Q96EY1	58	180.0	235.0	observed
Q96EY1	238	55.0	180.0	observed
Q96EY1	293	55.0	235.0	observed
Q96EY5	123	inf	inf	observed
Q96EY7	524	4.0	inf	observed
Q96EY7	528	4.0	inf	observed
Q96EY8	215	inf	inf	observed
Q96F44	283	3.0	23.0	observed
Q96F44	286	3.0	20.0	observed
Q96F44	306	1.0	20.0	observed
Q96F44	307	1.0	21.0	observed
Q96F45	528	73.0	108.0	observed
Q96F45	601	35.0	73.0	observed
Q96F45	636	35.0	108.0	observed
Q96F63	127	51.0	53.0	observed
Q96F63	178	2.0	51.0	observed
Q96F63	180	2.0	53.0	observed
Q96F86	144	83.0	90.0	observed
Q96F86	227	7.0	83.0	observed
Q96F86	234	7.0	90.0	observed
Q96FF7	40	41.0	48.0	observed
Q96FF7	81	7.0	41.0	observed
Q96FF7	88	7.0	35.0	observed
Q96FF7	123	35.0	42.0	observed
Q96FN4	38	inf	inf	observed
Q96FS4	12	1.0	32.0	observed
Q96FS4	13	1.0	31.0	observed
Q96FS4	44	3.0	17.0	observed
Q96FS4	47	3.0	14.0	observed
Q96FS4	61	8.0	10.0	observed
Q96FS4	69	2.0	8.0	observed
Q96FS4	71	2.0	10.0	observed
Q96FW1	198	inf	inf	observed
Q96FX7	32	30.0	inf	observed
Q96FX7	62	30.0	inf	observed
Q96G03	327	inf	inf	observed
Q96G61	89	inf	inf	observed
Q96G74	32	18.0	inf	observed
Q96G74	50	18.0	inf	observed
Q96GD0	128	inf	inf	observed
Q96GD4	147	inf	inf	observed
Q96GE4	341	205.0	inf	observed
Q96GE4	546	205.0	inf	observed
Q96GF1	94	9.0	inf	observed
Q96GF1	103	9.0	inf	observed
Q96GI7	66	inf	inf	observed
Q96GM5	4	35.0	46.0	observed
Q96GM5	39	11.0	21.0	observed
Q96GM5	50	10.0	11.0	observed
Q96GM5	60	10.0	21.0	observed
Q96GM5	88	12.0	28.0	observed
Q96GM5	100	12.0	40.0	observed
Q96GN5	393	14.0	inf	observed
Q96GN5	407	14.0	inf	observed
Q96GQ7	541	104.0	inf	observed
Q96GQ7	645	104.0	inf	observed
Q96GS4	128	inf	inf	observed
Q96GV9	112	inf	inf	observed
Q96H20	4	inf	inf	observed
Q96H79	43	inf	inf	observed
Q96HA1	173	10.0	42.0	observed
Q96HA1	183	10.0	32.0	observed
Q96HA1	215	8.0	14.0	observed
Q96HA1	223	6.0	8.0	observed
Q96HA1	229	6.0	14.0	observed
Q96HA1	265	9.0	36.0	observed
Q96HA1	274	9.0	45.0	observed
Q96HA7	797	15.0	inf	observed
Q96HA7	812	15.0	inf	observed
Q96HB5	311	303.0	inf	observed
Q96HB5	614	303.0	inf	observed
Q96HC4	337	38.0	inf	observed
Q96HC4	375	38.0	inf	observed
Q96HD1	288	inf	inf	observed
Q96HE7	75	inf	inf	observed
Q96HJ3	41	inf	inf	observed
Q96HM7	398	inf	inf	observed
Q96HN2	499	15.0	111.0	observed
Q96HN2	514	15.0	96.0	observed
Q96HN2	610	96.0	111.0	observed
Q96HP0	865	4.0	inf	observed
Q96HP0	869	4.0	inf	observed
Q96HR8	375	4.0	6.0	observed
Q96HR8	379	2.0	4.0	observed
Q96HR8	381	2.0	3.0	observed
Q96HR8	384	3.0	5.0	observed
Q96HR8	389	5.0	8.0	observed
Q96HY6	59	4.0	6.0	observed
Q96HY6	63	2.0	4.0	observed
Q96HY6	65	2.0	6.0	observed
Q96I24	95	52.0	54.0	observed
Q96I24	147	2.0	33.0	observed
Q96I24	149	2.0	31.0	observed
Q96I24	180	31.0	33.0	observed
Q96I24	241	3.0	45.0	observed
Q96I24	244	3.0	42.0	observed
Q96I24	286	13.0	23.0	observed
Q96I24	299	10.0	13.0	observed
Q96I24	309	10.0	18.0	observed
Q96I24	327	10.0	12.0	observed
Q96I24	337	2.0	4.0	observed
Q96I24	339	2.0	2.0	observed
Q96I24	341	2.0	2.0	observed
Q96I24	343	2.0	4.0	observed
Q96I24	403	5.0	60.0	observed
Q96I24	408	5.0	65.0	observed
Q96I25	59	7.0	214.0	observed
Q96I25	66	7.0	207.0	observed
Q96I25	273	107.0	207.0	observed
Q96I25	380	107.0	314.0	observed
Q96I59	379	inf	inf	observed
Q96II8	205	17.0	inf	observed
Q96II8	222	17.0	inf	observed
Q96IK1	62	inf	inf	observed
Q96IQ9	270	inf	inf	observed
Q96IU2	22	inf	inf	observed
Q96IZ6	348	inf	inf	observed
Q96J01	43	82.0	87.0	observed
Q96J01	125	5.0	82.0	observed
Q96J01	130	5.0	87.0	observed
Q96J01	264	134.0	139.0	observed
Q96J84	626	inf	inf	observed
Q96J88	172	6.0	inf	observed
Q96J88	178	6.0	inf	observed
Q96J94	564	inf	inf	observed
Q96JB2	27	1.0	inf	observed
Q96JB2	28	1.0	inf	observed
Q96JB5	233	inf	inf	observed
Q96JE9	277	2.0	inf	observed
Q96JE9	279	2.0	inf	observed
Q96JG8	546	inf	inf	observed
Q96JG9	128	inf	inf	observed
Q96JH7	1125	inf	inf	observed
Q96JJ3	320	inf	inf	observed
Q96JK2	218	inf	inf	observed
Q96JK9	702	84.0	294.0	observed
Q96JK9	786	84.0	210.0	observed
Q96JK9	996	210.0	294.0	observed
Q96JM2	996	inf	inf	observed
Q96JM3	301	97.0	119.0	observed
Q96JM3	398	22.0	33.0	observed
Q96JM3	420	11.0	22.0	observed
Q96JM3	431	11.0	33.0	observed
Q96JM3	473	42.0	53.0	observed
Q96JM3	778	305.0	347.0	observed
Q96JP2	2127	inf	inf	observed
Q96JP5	48	3.0	6.0	observed
Q96JP5	51	3.0	3.0	observed
Q96JP5	54	2.0	3.0	observed
Q96JP5	56	2.0	2.0	observed
Q96JP5	58	2.0	4.0	observed
Q96JP5	147	3.0	6.0	observed
Q96JP5	150	3.0	3.0	observed
Q96JP5	153	3.0	6.0	observed
Q96JP5	303	150.0	153.0	observed
Q96JQ0	1593	inf	inf	observed
Q96JY0	389	2.0	inf	observed
Q96JY0	391	2.0	inf	observed
Q96JY6	131	38.0	54.0	observed
Q96JY6	169	16.0	38.0	observed
Q96JY6	185	16.0	54.0	observed
Q96K30	86	63.0	171.0	observed
Q96K30	149	63.0	108.0	observed
Q96K30	257	108.0	171.0	observed
Q96K76	817	inf	inf	observed
Q96KF7	26	inf	inf	observed
Q96KK5	21	9.0	61.0	observed
Q96KK5	30	9.0	52.0	observed
Q96KK5	82	7.0	52.0	observed
Q96KK5	89	7.0	59.0	observed
Q96KM6	46	inf	inf	observed
Q96KP1	83	inf	inf	observed
Q96KP4	17	inf	inf	observed
Q96KQ4	499	22.0	inf	observed
Q96KQ4	521	22.0	inf	observed
Q96KQ7	184	inf	inf	observed
Q96KR1	147	556.0	570.0	observed
Q96KR1	703	14.0	15.0	observed
Q96KR1	717	1.0	8.0	observed
Q96KR1	718	1.0	7.0	observed
Q96KR1	725	7.0	8.0	observed
Q96KR1	970	245.0	252.0	observed
Q96KS9	145	inf	inf	observed
Q96L21	24	8.0	86.0	observed
Q96L21	32	8.0	78.0	observed
Q96L21	110	43.0	78.0	observed
Q96L21	153	43.0	121.0	observed
Q96L34	60	501.0	inf	observed
Q96L34	561	501.0	inf	observed
Q96L58	77	inf	inf	observed
Q96L73	1986	399.0	inf	observed
Q96L73	2385	399.0	inf	observed
Q96L91	111	40.0	108.0	observed
Q96L91	151	40.0	68.0	observed
Q96L91	219	2.0	68.0	observed
Q96L91	221	2.0	70.0	observed
Q96L91	1503	2.0	52.0	observed
Q96L91	1505	2.0	50.0	observed
Q96L91	1555	32.0	42.0	observed
Q96L91	1587	10.0	31.0	observed
Q96L91	1597	10.0	21.0	observed
Q96L91	1618	21.0	25.0	observed
Q96L91	1643	25.0	46.0	observed
Q96L91	3149	1506.0	1531.0	observed
Q96L92	218	inf	inf	observed
Q96L96	1046	164.0	166.0	observed
Q96L96	1210	2.0	3.0	observed
Q96L96	1212	1.0	2.0	observed
Q96L96	1213	1.0	3.0	observed
Q96LA8	7	22.0	28.0	observed
Q96LA8	29	6.0	8.0	observed
Q96LA8	35	2.0	3.0	observed
Q96LA8	37	1.0	2.0	observed
Q96LA8	38	1.0	3.0	observed
Q96LA8	41	2.0	3.0	observed
Q96LA8	43	2.0	5.0	observed
Q96LB3	11	4.0	36.0	observed
Q96LB3	15	4.0	32.0	observed
Q96LB3	47	4.0	32.0	observed
Q96LB3	51	4.0	36.0	observed
Q96LD4	582	inf	inf	observed
Q96LJ7	21	inf	inf	observed
Q96M27	67	inf	inf	observed
Q96M98	160	inf	inf	observed
Q96ME1	446	inf	inf	observed
Q96MH2	199	16.0	24.0	observed
Q96MH2	215	8.0	16.0	observed
Q96MH2	223	8.0	24.0	observed
Q96MN9	43	21.0	inf	observed
Q96MN9	64	21.0	inf	observed
Q96MR9	284	inf	inf	observed
Q96MS0	1314	20.0	49.0	observed
Q96MS0	1334	20.0	29.0	observed
Q96MS0	1363	2.0	4.0	observed
Q96MS0	1365	2.0	2.0	observed
Q96MS0	1367	2.0	4.0	observed
Q96MU7	161	inf	inf	observed
Q96N11	5	5.0	inf	observed
Q96N11	10	5.0	inf	observed
Q96N67	1415	inf	inf	observed
Q96NB2	34	inf	inf	observed
Q96NC0	145	inf	inf	observed
Q96NL0	13	inf	inf	observed
Q96NM4	357	inf	inf	observed
Q96NU1	482	inf	inf	observed
Q96P11	85	255.0	inf	observed
Q96P11	340	255.0	inf	observed
Q96P16	114	123.0	inf	observed
Q96P16	237	123.0	inf	observed
Q96P48	1426	inf	inf	observed
Q96P50	396	2.0	inf	observed
Q96P50	398	2.0	inf	observed
Q96PC5	1165	3.0	17.0	observed
Q96PC5	1168	3.0	14.0	observed
Q96PC5	1182	14.0	17.0	observed
Q96PC5	1308	9.0	14.0	observed
Q96PC5	1317	5.0	6.0	observed
Q96PC5	1322	1.0	5.0	observed
Q96PC5	1323	1.0	6.0	observed
Q96PD6	314	inf	inf	observed
Q96PE2	45	138.0	343.0	observed
Q96PE2	183	138.0	205.0	observed
Q96PE2	388	41.0	45.0	observed
Q96PE2	429	4.0	41.0	observed
Q96PE2	433	4.0	45.0	observed
Q96PE2	1047	614.0	618.0	observed
Q96PE3	147	inf	inf	observed
Q96PG8	162	inf	inf	observed
Q96PK6	238	12.0	36.0	observed
Q96PK6	250	12.0	24.0	observed
Q96PK6	274	12.0	24.0	observed
Q96PK6	286	12.0	36.0	observed
Q96PK6	615	10.0	32.0	observed
Q96PK6	625	10.0	22.0	observed
Q96PK6	647	10.0	21.0	observed
Q96PK6	657	10.0	11.0	observed
Q96PK6	668	11.0	21.0	observed
Q96PR1	209	inf	inf	observed
Q96PU4	428	inf	inf	observed
Q96PU8	227	15.0	29.0	observed
Q96PU8	242	14.0	15.0	observed
Q96PU8	256	14.0	29.0	observed
Q96PU8	330	6.0	74.0	observed
Q96PU8	336	6.0	80.0	observed
Q96PU9	186	inf	inf	observed
Q96PV6	374	8.0	18.0	observed
Q96PV6	382	8.0	10.0	observed
Q96PV6	392	2.0	10.0	observed
Q96PV6	394	2.0	12.0	observed
Q96PV6	472	78.0	80.0	observed
Q96PV7	651	123.0	126.0	observed
Q96PV7	774	3.0	123.0	observed
Q96PV7	777	3.0	126.0	observed
Q96PY5	767	inf	inf	observed
Q96PY6	472	inf	inf	observed
Q96PZ0	13	241.0	437.0	observed
Q96PZ0	254	196.0	241.0	observed
Q96PZ0	450	196.0	211.0	observed
Q96PZ0	661	211.0	407.0	observed
Q96Q04	490	inf	inf	observed
Q96Q15	48	2.0	2823.0	observed
Q96Q15	50	2.0	2821.0	observed
Q96Q15	2871	2821.0	2823.0	observed
Q96Q42	481	inf	inf	observed
Q96QC0	441	224.0	233.0	observed
Q96QC0	665	9.0	23.0	observed
Q96QC0	674	9.0	14.0	observed
Q96QC0	688	5.0	14.0	observed
Q96QC0	693	5.0	12.0	observed
Q96QC0	705	2.0	5.0	observed
Q96QC0	707	2.0	3.0	observed
Q96QC0	710	3.0	5.0	observed
Q96QC0	723	3.0	6.0	observed
Q96QC0	726	3.0	3.0	observed
Q96QC0	729	3.0	6.0	observed
Q96QD5	441	4.0	inf	observed
Q96QD5	445	4.0	inf	observed
Q96QE3	249	inf	inf	observed
Q96QI5	132	inf	inf	observed
Q96QK1	145	inf	inf	observed
Q96QR8	152	inf	inf	observed
Q96QS3	86	1.0	36.0	observed
Q96QS3	87	1.0	35.0	observed
Q96QS3	122	35.0	36.0	observed
Q96QU8	305	2.0	804.0	observed
Q96QU8	307	2.0	802.0	observed
Q96QU8	1109	802.0	804.0	observed
Q96QV6	21	9.0	61.0	observed
Q96QV6	30	9.0	52.0	observed
Q96QV6	82	7.0	52.0	observed
Q96QV6	89	7.0	59.0	observed
Q96RF0	206	inf	inf	observed
Q96RK0	30	909.0	1451.0	observed
Q96RK0	939	542.0	569.0	observed
Q96RK0	1481	27.0	291.0	observed
Q96RK0	1508	27.0	264.0	observed
Q96RK0	1772	71.0	264.0	observed
Q96RK0	1843	71.0	335.0	observed
Q96RL1	97	142.0	inf	observed
Q96RL1	239	142.0	inf	observed
Q96RL7	2962	inf	inf	observed
Q96RN5	349	49.0	281.0	observed
Q96RN5	398	49.0	232.0	observed
Q96RN5	630	232.0	281.0	observed
Q96RP9	14	358.0	inf	observed
Q96RP9	372	358.0	inf	observed
Q96RT1	1176	inf	inf	observed
Q96RT8	188	inf	inf	observed
Q96S44	68	inf	inf	observed
Q96S55	511	144.0	inf	observed
Q96S55	655	144.0	inf	observed
Q96S59	635	inf	inf	observed
Q96S65	106	inf	inf	observed
Q96S66	443	inf	inf	observed
Q96SB3	14	inf	inf	observed
Q96SB4	230	inf	inf	observed
Q96SB8	1080	11.0	inf	observed
Q96SB8	1091	11.0	inf	observed
Q96SI9	192	416.0	418.0	observed
Q96SI9	608	2.0	4.0	observed
Q96SI9	610	2.0	2.0	observed
Q96SI9	612	2.0	4.0	observed
Q96SI9	617	5.0	7.0	observed
Q96SI9	652	35.0	40.0	observed
Q96SL8	409	inf	inf	observed
Q96SN8	120	147.0	295.0	observed
Q96SN8	267	147.0	148.0	observed
Q96SN8	415	148.0	201.0	observed
Q96SN8	616	201.0	349.0	observed
Q96ST2	626	inf	inf	observed
Q96SZ5	28	inf	inf	observed
Q96SZ6	298	inf	inf	observed
Q96T17	3	10.0	16.0	observed
Q96T17	13	6.0	10.0	observed
Q96T17	19	6.0	16.0	observed
Q96T17	543	524.0	530.0	observed
Q96T21	26	150.0	inf	observed
Q96T21	176	150.0	inf	observed
Q96T23	1048	inf	inf	observed
Q96T37	110	230.0	238.0	observed
Q96T37	340	8.0	230.0	observed
Q96T37	348	8.0	230.0	observed
Q96T37	578	38.0	39.0	observed
Q96T37	616	1.0	38.0	observed
Q96T37	617	1.0	39.0	observed
Q96T51	12	2.0	337.0	observed
Q96T51	14	2.0	335.0	observed
Q96T51	349	335.0	337.0	observed
Q96T58	89	13.0	19.0	observed
Q96T58	102	6.0	13.0	observed
Q96T58	108	6.0	17.0	observed
Q96T58	125	17.0	23.0	observed
Q96T58	154	29.0	46.0	observed
Q96T58	206	11.0	52.0	observed
Q96T58	217	11.0	63.0	observed
Q96T58	630	78.0	413.0	observed
Q96T58	708	78.0	491.0	observed
Q96T58	3011	16.0	27.0	observed
Q96T58	3027	11.0	16.0	observed
Q96T58	3038	11.0	27.0	observed
Q96T58	3099	14.0	22.0	observed
Q96T58	3113	8.0	14.0	observed
Q96T58	3121	8.0	11.0	observed
Q96T58	3132	4.0	11.0	observed
Q96T58	3136	4.0	15.0	observed
Q96T58	3168	32.0	36.0	observed
Q96T58	3312	99.0	144.0	observed
Q96T58	3411	99.0	137.0	observed
Q96T58	3548	4.0	137.0	observed
Q96T58	3552	4.0	141.0	observed
Q96T60	224	inf	inf	observed
Q96T83	174	inf	inf	observed
Q96T88	658	6.0	27.0	observed
Q96T88	664	6.0	21.0	observed
Q96T88	685	21.0	27.0	observed
Q96TA1	471	4.0	inf	observed
Q96TA1	475	4.0	inf	observed
Q99081	114	389.0	inf	observed
Q99081	503	389.0	inf	observed
Q99439	187	1.0	inf	observed
Q99439	188	1.0	inf	observed
Q99447	6	inf	inf	observed
Q99459	240	12.0	281.0	observed
Q99459	252	12.0	269.0	observed
Q99459	521	269.0	281.0	observed
Q99460	199	416.0	inf	observed
Q99460	615	416.0	inf	observed
Q99490	3	502.0	inf	observed
Q99490	505	502.0	inf	observed
Q99497	27	1.0	118.0	observed
Q99497	28	1.0	117.0	observed
Q99497	145	117.0	118.0	observed
Q99501	74	347.0	568.0	observed
Q99501	421	221.0	347.0	observed
Q99501	642	221.0	568.0	observed
Q99523	193	inf	inf	observed
Q99536	49	53.0	inf	observed
Q99536	102	53.0	inf	observed
Q99558	394	inf	inf	observed
Q99569	207	3.0	4.0	observed
Q99569	210	1.0	3.0	observed
Q99569	211	1.0	4.0	observed
Q99569	218	7.0	8.0	observed
Q99569	234	4.0	16.0	observed
Q99569	238	4.0	16.0	observed
Q99569	254	16.0	16.0	observed
Q99569	270	16.0	32.0	observed
Q99575	30	107.0	124.0	observed
Q99575	137	17.0	107.0	observed
Q99575	154	17.0	124.0	observed
Q99575	830	676.0	693.0	observed
Q99590	308	385.0	648.0	observed
Q99590	693	263.0	272.0	observed
Q99590	956	9.0	13.0	observed
Q99590	965	4.0	9.0	observed
Q99590	969	4.0	13.0	observed
Q99590	1071	25.0	54.0	observed
Q99590	1096	25.0	29.0	observed
Q99590	1125	14.0	26.0	observed
Q99590	1139	12.0	14.0	observed
Q99590	1151	12.0	13.0	observed
Q99590	1164	1.0	3.0	observed
Q99590	1165	1.0	2.0	observed
Q99590	1167	2.0	3.0	observed
Q99607	270	inf	inf	observed
Q99613	104	184.0	199.0	observed
Q99613	288	15.0	17.0	observed
Q99613	303	2.0	15.0	observed
Q99613	305	2.0	17.0	observed
Q99613	550	103.0	169.0	observed
Q99613	653	66.0	103.0	observed
Q99613	719	66.0	169.0	observed
Q99613	900	1.0	181.0	observed
Q99613	901	1.0	182.0	observed
Q99615	68	29.0	170.0	observed
Q99615	97	29.0	141.0	observed
Q99615	238	141.0	170.0	observed
Q99615	412	174.0	315.0	observed
Q99618	28	8.0	inf	observed
Q99618	36	8.0	inf	observed
Q99623	17	106.0	272.0	observed
Q99623	123	106.0	166.0	observed
Q99623	289	166.0	272.0	observed
Q99653	10	inf	inf	observed
Q99661	177	57.0	321.0	observed
Q99661	234	57.0	264.0	observed
Q99661	498	51.0	264.0	observed
Q99661	549	51.0	315.0	observed
Q99666	890	237.0	inf	observed
Q99666	1127	237.0	inf	observed
Q99680	241	inf	inf	observed
Q99683	78	2.0	11.0	observed
Q99683	80	2.0	9.0	observed
Q99683	89	9.0	11.0	observed
Q99698	3315	inf	inf	observed
Q99700	2	7.0	38.0	observed
Q99700	9	7.0	31.0	observed
Q99700	40	31.0	38.0	observed
Q99700	239	5.0	7.0	observed
Q99700	244	2.0	5.0	observed
Q99700	246	2.0	7.0	observed
Q99700	465	45.0	50.0	observed
Q99700	510	5.0	45.0	observed
Q99700	515	5.0	50.0	observed
Q99700	622	13.0	18.0	observed
Q99700	635	5.0	13.0	observed
Q99700	640	5.0	18.0	observed
Q99700	665	17.0	25.0	observed
Q99700	682	17.0	42.0	observed
Q99700	998	316.0	333.0	observed
Q99704	39	15.0	inf	observed
Q99704	54	15.0	inf	observed
Q99707	674	458.0	inf	observed
Q99707	1132	458.0	inf	observed
Q99708	85	15.0	inf	observed
Q99708	100	15.0	inf	observed
Q99714	252	6.0	inf	observed
Q99714	258	6.0	inf	observed
Q99719	6	inf	inf	observed
Q99726	21	inf	inf	observed
Q99729	194	1.0	51.0	observed
Q99729	195	1.0	50.0	observed
Q99729	245	3.0	5.0	observed
Q99729	248	2.0	3.0	observed
Q99729	250	2.0	3.0	observed
Q99729	253	3.0	5.0	observed
Q99729	321	1.0	68.0	observed
Q99729	322	1.0	69.0	observed
Q99741	171	inf	inf	observed
Q99742	584	inf	inf	observed
Q99747	149	inf	inf	observed
Q99755	373	inf	inf	observed
Q99797	331	inf	inf	observed
Q99798	474	49.0	205.0	observed
Q99798	523	49.0	156.0	observed
Q99798	679	156.0	205.0	observed
Q99805	104	inf	inf	observed
Q99807	51	inf	inf	observed
Q99829	89	398.0	inf	observed
Q99829	487	398.0	inf	observed
Q99832	43	10.0	263.0	observed
Q99832	53	10.0	253.0	observed
Q99832	306	69.0	91.0	observed
Q99832	375	22.0	69.0	observed
Q99832	397	22.0	91.0	observed
Q99832	524	11.0	13.0	observed
Q99832	535	2.0	4.0	observed
Q99832	537	2.0	2.0	observed
Q99832	539	2.0	4.0	observed
Q99856	184	380.0	inf	observed
Q99856	564	380.0	inf	observed
Q99871	83	inf	inf	observed
Q99873	195	11.0	inf	observed
Q99873	206	11.0	inf	observed
Q99877	73	7.0	14.0	observed
Q99877	80	7.0	7.0	observed
Q99877	87	6.0	7.0	observed
Q99877	93	6.0	7.0	observed
Q99877	100	7.0	13.0	observed
Q99878	21	9.0	61.0	observed
Q99878	30	9.0	52.0	observed
Q99878	82	7.0	52.0	observed
Q99878	89	7.0	59.0	observed
Q99879	73	7.0	14.0	observed
Q99879	80	7.0	7.0	observed
Q99879	87	6.0	7.0	observed
Q99879	93	6.0	7.0	observed
Q99879	100	7.0	13.0	observed
Q99880	73	14.0	20.0	observed
Q99880	87	6.0	13.0	observed
Q99880	93	6.0	7.0	observed
Q99880	100	7.0	13.0	observed
Q99933	8	50.0	53.0	observed
Q99933	58	3.0	10.0	observed
Q99933	61	3.0	7.0	observed
Q99933	68	7.0	10.0	observed
Q99943	253	2.0	17.0	observed
Q99943	255	2.0	15.0	observed
Q99943	270	15.0	17.0	observed
Q99958	54	inf	inf	observed
Q99959	46	79.0	147.0	observed
Q99959	125	68.0	79.0	observed
Q99959	193	11.0	68.0	observed
Q99959	204	11.0	79.0	observed
Q99959	302	88.0	93.0	observed
Q99959	390	5.0	88.0	observed
Q99959	395	5.0	93.0	observed
Q99961	184	inf	inf	observed
Q99962	184	inf	inf	observed
Q99963	258	inf	inf	observed
Q99967	12	inf	inf	observed
Q99972	258	inf	inf	observed
Q99996	1618	1700.0	2223.0	observed
Q99996	3318	523.0	1700.0	observed
Q99996	3841	523.0	2223.0	observed
Q9BPU6	9	352.0	542.0	observed
Q9BPU6	361	190.0	198.0	observed
Q9BPU6	551	8.0	190.0	observed
Q9BPU6	559	8.0	198.0	observed
Q9BPW8	188	66.0	inf	observed
Q9BPW8	254	66.0	inf	observed
Q9BPX1	19	inf	inf	observed
Q9BPX3	257	591.0	677.0	observed
Q9BPX3	848	86.0	591.0	observed
Q9BPX3	934	86.0	677.0	observed
Q9BPX5	3	6.0	inf	observed
Q9BPX5	9	6.0	inf	observed
Q9BQ04	129	218.0	inf	observed
Q9BQ04	347	218.0	inf	observed
Q9BQ52	14	14.0	188.0	observed
Q9BQ52	28	14.0	174.0	observed
Q9BQ52	202	174.0	188.0	observed
Q9BQ52	781	579.0	753.0	observed
Q9BQ61	7	6.0	inf	observed
Q9BQ61	13	6.0	inf	observed
Q9BQ65	33	inf	inf	observed
Q9BQ67	181	1.0	138.0	observed
Q9BQ67	182	1.0	137.0	observed
Q9BQ67	319	137.0	138.0	observed
Q9BQ69	244	inf	inf	observed
Q9BQ70	29	169.0	176.0	observed
Q9BQ70	198	7.0	169.0	observed
Q9BQ70	205	7.0	176.0	observed
Q9BQ75	167	inf	inf	observed
Q9BQ83	80	inf	inf	observed
Q9BQ90	67	inf	inf	observed
Q9BQC6	60	inf	inf	observed
Q9BQF6	83	inf	inf	observed
Q9BQG0	25	566.0	871.0	observed
Q9BQG0	591	305.0	566.0	observed
Q9BQG0	896	305.0	871.0	observed
Q9BQI0	8	inf	inf	observed
Q9BR39	197	inf	inf	observed
Q9BR76	30	inf	inf	observed
Q9BRD0	26	91.0	inf	observed
Q9BRD0	117	91.0	inf	observed
Q9BRG1	171	inf	inf	observed
Q9BRG2	548	inf	inf	observed
Q9BRJ9	187	inf	inf	observed
Q9BRK4	168	86.0	94.0	observed
Q9BRK4	254	8.0	86.0	observed
Q9BRK4	262	8.0	94.0	observed
Q9BRK5	97	1.0	inf	observed
Q9BRK5	98	1.0	inf	observed
Q9BRL6	31	79.0	inf	observed
Q9BRL6	110	79.0	inf	observed
Q9BRP4	103	24.0	84.0	observed
Q9BRP4	127	24.0	60.0	observed
Q9BRP4	187	2.0	60.0	observed
Q9BRP4	189	2.0	62.0	observed
Q9BRQ0	105	25.0	26.0	observed
Q9BRQ0	130	1.0	25.0	observed
Q9BRQ0	131	1.0	26.0	observed
Q9BRR9	386	inf	inf	observed
Q9BRS2	95	inf	inf	observed
Q9BRS8	41	inf	inf	observed
Q9BRT9	94	inf	inf	observed
Q9BRU9	63	inf	inf	observed
Q9BRX2	108	72.0	183.0	observed
Q9BRX2	180	72.0	111.0	observed
Q9BRX2	291	111.0	183.0	observed
Q9BRY0	164	inf	inf	observed
Q9BS26	137	inf	inf	observed
Q9BSC4	27	457.0	inf	observed
Q9BSC4	484	457.0	inf	observed
Q9BSH4	227	inf	inf	observed
Q9BSH5	139	1.0	inf	observed
Q9BSH5	140	1.0	inf	observed
Q9BSI4	276	inf	inf	observed
Q9BSJ6	52	inf	inf	observed
Q9BSJ8	170	inf	inf	observed
Q9BSL1	329	inf	inf	observed
Q9BSM1	14	2.0	inf	observed
Q9BSM1	16	2.0	inf	observed
Q9BST9	9	5.0	522.0	observed
Q9BST9	14	5.0	517.0	observed
Q9BST9	531	2.0	16.0	observed
Q9BST9	533	2.0	14.0	observed
Q9BST9	547	14.0	16.0	observed
Q9BSV6	38	inf	inf	observed
Q9BT17	195	inf	inf	observed
Q9BT25	7	52.0	60.0	observed
Q9BT25	59	8.0	52.0	observed
Q9BT25	67	8.0	60.0	observed
Q9BT43	12	56.0	inf	observed
Q9BT43	68	56.0	inf	observed
Q9BT78	271	inf	inf	observed
Q9BTA9	19	inf	inf	observed
Q9BTC0	62	977.0	1535.0	observed
Q9BTC0	1039	558.0	736.0	observed
Q9BTC0	1597	178.0	196.0	observed
Q9BTC0	1775	18.0	24.0	observed
Q9BTC0	1793	6.0	18.0	observed
Q9BTC0	1799	6.0	24.0	observed
Q9BTC0	1824	11.0	21.0	observed
Q9BTC0	1835	10.0	11.0	observed
Q9BTC0	1845	8.0	10.0	observed
Q9BTC0	1853	8.0	18.0	observed
Q9BTC0	1882	11.0	12.0	observed
Q9BTC0	1893	1.0	11.0	observed
Q9BTC0	1894	1.0	10.0	observed
Q9BTC0	1904	10.0	11.0	observed
Q9BTC0	1927	11.0	22.0	observed
Q9BTC0	1938	11.0	11.0	observed
Q9BTC0	1949	11.0	11.0	observed
Q9BTC0	1960	11.0	11.0	observed
Q9BTC0	1971	6.0	11.0	observed
Q9BTC0	1977	5.0	6.0	observed
Q9BTC0	1982	5.0	11.0	observed
Q9BTC0	1993	11.0	15.0	observed
Q9BTC0	2008	15.0	16.0	observed
Q9BTC0	2024	16.0	31.0	observed
Q9BTC8	217	inf	inf	observed
Q9BTD8	130	9.0	15.0	observed
Q9BTD8	139	6.0	7.0	observed
Q9BTD8	145	1.0	6.0	observed
Q9BTD8	146	1.0	7.0	observed
Q9BTD8	153	5.0	7.0	observed
Q9BTD8	158	5.0	10.0	observed
Q9BTD8	168	10.0	13.0	observed
Q9BTD8	181	5.0	13.0	observed
Q9BTD8	186	5.0	18.0	observed
Q9BTD8	225	39.0	44.0	observed
Q9BTD8	306	7.0	15.0	observed
Q9BTD8	313	7.0	8.0	observed
Q9BTD8	321	2.0	4.0	observed
Q9BTD8	323	2.0	2.0	observed
Q9BTD8	325	2.0	3.0	observed
Q9BTD8	328	3.0	5.0	observed
Q9BTE3	166	inf	inf	observed
Q9BTE6	186	inf	inf	observed
Q9BTF0	24	inf	inf	observed
Q9BTK2	13	inf	inf	observed
Q9BTL3	46	6.0	8.0	observed
Q9BTL3	52	2.0	5.0	observed
Q9BTL3	54	2.0	3.0	observed
Q9BTL3	57	3.0	5.0	observed
Q9BTL3	62	3.0	5.0	observed
Q9BTL3	65	2.0	3.0	observed
Q9BTL3	67	2.0	3.0	observed
Q9BTL3	70	3.0	5.0	observed
Q9BTL3	78	7.0	8.0	observed
Q9BTL3	85	7.0	15.0	observed
Q9BTL3	112	27.0	34.0	observed
Q9BTM1	21	9.0	61.0	observed
Q9BTM1	30	9.0	52.0	observed
Q9BTM1	82	7.0	52.0	observed
Q9BTM1	89	7.0	59.0	observed
Q9BTT0	12	2.0	239.0	observed
Q9BTT0	14	2.0	237.0	observed
Q9BTT0	251	237.0	239.0	observed
Q9BTV4	131	89.0	135.0	observed
Q9BTV4	220	46.0	48.0	observed
Q9BTV4	266	2.0	46.0	observed
Q9BTV4	268	2.0	48.0	observed
Q9BTV5	310	10.0	22.0	observed
Q9BTV5	320	10.0	12.0	observed
Q9BTV5	332	12.0	22.0	observed
Q9BTV7	30	inf	inf	observed
Q9BTY7	55	162.0	inf	observed
Q9BTY7	217	162.0	inf	observed
Q9BTZ2	221	inf	inf	observed
Q9BU19	44	inf	inf	observed
Q9BU61	135	inf	inf	observed
Q9BU76	6	4.0	160.0	observed
Q9BU76	10	4.0	156.0	observed
Q9BU76	166	156.0	160.0	observed
Q9BUA3	143	inf	inf	observed
Q9BUB5	455	4.0	inf	observed
Q9BUB5	459	4.0	inf	observed
Q9BUE0	78	inf	inf	observed
Q9BUF5	46	195.0	344.0	observed
Q9BUF5	241	149.0	150.0	observed
Q9BUF5	390	1.0	149.0	observed
Q9BUF5	391	1.0	150.0	observed
Q9BUH6	169	8.0	inf	observed
Q9BUH6	177	8.0	inf	observed
Q9BUH8	381	inf	inf	observed
Q9BUJ2	23	142.0	148.0	observed
Q9BUJ2	165	6.0	8.0	observed
Q9BUJ2	171	2.0	6.0	observed
Q9BUJ2	173	2.0	6.0	observed
Q9BUJ2	179	2.0	6.0	observed
Q9BUJ2	181	2.0	8.0	observed
Q9BUJ2	584	8.0	28.0	observed
Q9BUJ2	592	8.0	20.0	observed
Q9BUJ2	612	6.0	8.0	observed
Q9BUJ2	618	2.0	6.0	observed
Q9BUJ2	620	2.0	8.0	observed
Q9BUJ2	628	4.0	8.0	observed
Q9BUJ2	632	4.0	7.0	observed
Q9BUJ2	639	6.0	7.0	observed
Q9BUJ2	645	6.0	11.0	observed
Q9BUJ2	656	5.0	11.0	observed
Q9BUJ2	661	5.0	10.0	observed
Q9BUJ2	671	10.0	14.0	observed
Q9BUJ2	685	5.0	14.0	observed
Q9BUJ2	690	5.0	19.0	observed
Q9BUK6	419	inf	inf	observed
Q9BUL8	124	2.0	inf	observed
Q9BUL8	126	2.0	inf	observed
Q9BUL9	72	inf	inf	observed
Q9BUM1	138	inf	inf	observed
Q9BUN8	214	inf	inf	observed
Q9BUP0	12	inf	inf	observed
Q9BUP3	174	inf	inf	observed
Q9BUQ8	253	48.0	255.0	observed
Q9BUQ8	301	48.0	207.0	observed
Q9BUQ8	508	207.0	255.0	observed
Q9BUT9	27	8.0	19.0	observed
Q9BUT9	35	8.0	11.0	observed
Q9BUT9	46	11.0	19.0	observed
Q9BUT9	65	5.0	19.0	observed
Q9BUT9	70	5.0	24.0	observed
Q9BV20	249	39.0	inf	observed
Q9BV20	288	39.0	inf	observed
Q9BV38	375	inf	inf	observed
Q9BV40	14	inf	inf	observed
Q9BV44	313	inf	inf	observed
Q9BV57	32	1.0	136.0	observed
Q9BV57	33	1.0	135.0	observed
Q9BV57	168	135.0	136.0	observed
Q9BV68	128	2.0	inf	observed
Q9BV68	130	2.0	inf	observed
Q9BV79	278	inf	inf	observed
Q9BV86	223	inf	inf	observed
Q9BVA0	144	inf	inf	observed
Q9BVA1	162	inf	inf	observed
Q9BVC6	227	inf	inf	observed
Q9BVG8	17	28.0	37.0	observed
Q9BVG8	45	9.0	28.0	observed
Q9BVG8	54	9.0	37.0	observed
Q9BVK2	268	inf	inf	observed
Q9BVL2	436	inf	inf	observed
Q9BVP2	230	inf	inf	observed
Q9BVT8	77	inf	inf	observed
Q9BVW5	76	50.0	inf	observed
Q9BVW5	126	50.0	inf	observed
Q9BW19	54	435.0	inf	observed
Q9BW19	489	435.0	inf	observed
Q9BW27	505	3.0	inf	observed
Q9BW27	508	3.0	inf	observed
Q9BW62	133	5.0	inf	observed
Q9BW62	138	5.0	inf	observed
Q9BW71	12	4.0	416.0	observed
Q9BW71	16	4.0	412.0	observed
Q9BW71	428	412.0	416.0	observed
Q9BW72	74	inf	inf	observed
Q9BW85	257	35.0	inf	observed
Q9BW85	292	35.0	inf	observed
Q9BW92	429	inf	inf	observed
Q9BWC9	163	inf	inf	observed
Q9BWD1	188	inf	inf	observed
Q9BWF3	129	223.0	229.0	observed
Q9BWF3	352	6.0	223.0	observed
Q9BWF3	358	6.0	229.0	observed
Q9BWG4	157	inf	inf	observed
Q9BWH6	38	inf	inf	observed
Q9BWS9	48	25.0	inf	observed
Q9BWS9	73	25.0	inf	observed
Q9BWT3	724	7.0	inf	observed
Q9BWT3	731	7.0	inf	observed
Q9BWT7	174	inf	inf	observed
Q9BWU0	227	inf	inf	observed
Q9BWW4	155	6.0	10.0	observed
Q9BWW4	161	4.0	6.0	observed
Q9BWW4	165	4.0	10.0	observed
Q9BWW4	202	37.0	41.0	observed
Q9BX10	28	inf	inf	observed
Q9BX40	44	74.0	173.0	observed
Q9BX40	118	74.0	99.0	observed
Q9BX40	217	1.0	4.0	observed
Q9BX40	218	1.0	3.0	observed
Q9BX40	221	1.0	3.0	observed
Q9BX40	222	1.0	4.0	observed
Q9BX40	234	4.0	12.0	observed
Q9BX40	238	4.0	16.0	observed
Q9BX40	351	3.0	5.0	observed
Q9BX40	354	2.0	3.0	observed
Q9BX40	356	2.0	5.0	observed
Q9BX40	363	7.0	9.0	observed
Q9BX40	373	6.0	10.0	observed
Q9BX40	379	6.0	16.0	observed
Q9BX46	62	inf	inf	observed
Q9BX68	58	inf	inf	observed
Q9BX69	779	19.0	inf	observed
Q9BX69	798	19.0	inf	observed
Q9BXB4	45	inf	inf	observed
Q9BXB5	38	5.0	inf	observed
Q9BXB5	43	5.0	inf	observed
Q9BXF3	660	40.0	43.0	observed
Q9BXF3	700	3.0	40.0	observed
Q9BXF3	703	3.0	43.0	observed
Q9BXF3	823	9.0	68.0	observed
Q9BXF3	832	9.0	59.0	observed
Q9BXF3	891	59.0	68.0	observed
Q9BXF3	1435	8.0	544.0	observed
Q9BXF3	1443	8.0	552.0	observed
Q9BXF6	5	inf	inf	observed
Q9BXH1	23	61.0	63.0	observed
Q9BXH1	84	2.0	5.0	observed
Q9BXH1	86	2.0	3.0	observed
Q9BXH1	89	3.0	5.0	observed
Q9BXJ9	70	372.0	inf	observed
Q9BXJ9	442	372.0	inf	observed
Q9BXK1	44	inf	inf	observed
Q9BXM0	240	713.0	inf	observed
Q9BXM0	953	713.0	inf	observed
Q9BXP5	20	5.0	21.0	observed
Q9BXP5	25	5.0	16.0	observed
Q9BXP5	41	4.0	6.0	observed
Q9BXP5	45	2.0	4.0	observed
Q9BXP5	47	2.0	5.0	observed
Q9BXP5	52	5.0	7.0	observed
Q9BXP5	471	63.0	331.0	observed
Q9BXP5	534	63.0	268.0	observed
Q9BXP5	802	31.0	38.0	observed
Q9BXP5	833	7.0	17.0	observed
Q9BXP5	840	7.0	10.0	observed
Q9BXP5	850	5.0	9.0	observed
Q9BXP5	855	4.0	5.0	observed
Q9BXP5	859	4.0	9.0	observed
Q9BXS5	225	185.0	196.0	observed
Q9BXS5	410	11.0	185.0	observed
Q9BXS5	421	11.0	196.0	observed
Q9BXT6	577	349.0	363.0	observed
Q9BXT6	926	14.0	349.0	observed
Q9BXT6	940	14.0	363.0	observed
Q9BXW6	637	inf	inf	observed
Q9BY12	270	2.0	inf	observed
Q9BY12	272	2.0	inf	observed
Q9BY66	1299	inf	inf	observed
Q9BY76	164	16.0	108.0	observed
Q9BY76	180	16.0	92.0	observed
Q9BY76	272	92.0	108.0	observed
Q9BY77	11	2.0	22.0	observed
Q9BY77	13	2.0	20.0	observed
Q9BY77	33	20.0	22.0	observed
Q9BY77	66	33.0	53.0	observed
Q9BY89	409	973.0	inf	observed
Q9BY89	1382	973.0	inf	observed
Q9BYB0	624	125.0	126.0	observed
Q9BYB0	749	1.0	2.0	observed
Q9BYB0	750	1.0	1.0	observed
Q9BYB0	751	1.0	2.0	observed
Q9BYB4	262	inf	inf	observed
Q9BYD3	70	77.0	inf	observed
Q9BYD3	147	77.0	inf	observed
Q9BYD6	10	inf	inf	observed
Q9BYG3	114	130.0	131.0	observed
Q9BYG3	244	1.0	40.0	observed
Q9BYG3	245	1.0	39.0	observed
Q9BYG3	284	39.0	40.0	observed
Q9BYG4	337	inf	inf	observed
Q9BYI3	323	inf	inf	observed
Q9BYJ9	327	inf	inf	observed
Q9BYN0	11	5.0	26.0	observed
Q9BYN0	16	5.0	21.0	observed
Q9BYN0	37	21.0	26.0	observed
Q9BYN7	308	inf	inf	observed
Q9BYN8	93	59.0	inf	observed
Q9BYN8	152	59.0	inf	observed
Q9BYP7	1334	inf	inf	observed
Q9BYW2	411	990.0	1275.0	observed
Q9BYW2	1401	285.0	990.0	observed
Q9BYW2	1686	285.0	1275.0	observed
Q9BZ67	217	2.0	5.0	observed
Q9BZ67	219	2.0	3.0	observed
Q9BZ67	222	3.0	5.0	observed
Q9BZ76	688	1.0	5.0	observed
Q9BZ76	689	1.0	4.0	observed
Q9BZ76	693	4.0	5.0	observed
Q9BZE1	27	21.0	inf	observed
Q9BZE1	48	21.0	inf	observed
Q9BZE4	61	172.0	277.0	observed
Q9BZE4	233	105.0	172.0	observed
Q9BZE4	338	105.0	243.0	observed
Q9BZE4	581	243.0	348.0	observed
Q9BZE9	417	inf	inf	observed
Q9BZI7	447	inf	inf	observed
Q9BZJ0	442	inf	inf	observed
Q9BZK7	431	inf	inf	observed
Q9BZL1	9	inf	inf	observed
Q9BZQ8	138	inf	inf	observed
Q9BZX2	162	inf	inf	observed
Q9BZZ5	79	421.0	425.0	observed
Q9BZZ5	500	4.0	7.0	observed
Q9BZZ5	504	3.0	4.0	observed
Q9BZZ5	507	3.0	3.0	observed
Q9BZZ5	510	3.0	6.0	observed
Q9C009	377	inf	inf	observed
Q9C026	140	inf	inf	observed
Q9C073	9	9.0	16.0	observed
Q9C073	18	7.0	8.0	observed
Q9C073	25	1.0	7.0	observed
Q9C073	26	1.0	8.0	observed
Q9C073	187	161.0	162.0	observed
Q9C075	179	inf	inf	observed
Q9C086	251	3.0	7.0	observed
Q9C086	254	3.0	4.0	observed
Q9C086	258	4.0	7.0	observed
Q9C0A6	757	506.0	660.0	observed
Q9C0A6	1263	154.0	506.0	observed
Q9C0A6	1417	154.0	660.0	observed
Q9C0B5	292	1.0	310.0	observed
Q9C0B5	293	1.0	309.0	observed
Q9C0B5	602	13.0	15.0	observed
Q9C0B5	615	2.0	13.0	observed
Q9C0B5	617	2.0	15.0	observed
Q9C0B5	697	80.0	82.0	observed
Q9C0C2	66	115.0	120.0	observed
Q9C0C2	181	5.0	115.0	observed
Q9C0C2	186	5.0	120.0	observed
Q9C0C2	823	308.0	637.0	observed
Q9C0C2	1131	308.0	450.0	observed
Q9C0C2	1581	3.0	8.0	observed
Q9C0C2	1584	3.0	5.0	observed
Q9C0C2	1589	5.0	8.0	observed
Q9C0C4	269	inf	inf	observed
Q9C0C7	226	9.0	10.0	observed
Q9C0C7	235	1.0	9.0	observed
Q9C0C7	236	1.0	10.0	observed
Q9C0C7	392	1.0	16.0	observed
Q9C0C7	393	1.0	15.0	observed
Q9C0C7	408	15.0	16.0	observed
Q9C0C7	730	17.0	24.0	observed
Q9C0C7	747	7.0	17.0	observed
Q9C0C7	754	7.0	24.0	observed
Q9C0C7	785	2.0	10.0	observed
Q9C0C7	787	2.0	8.0	observed
Q9C0C7	795	8.0	10.0	observed
Q9C0C7	808	13.0	16.0	observed
Q9C0C7	824	16.0	29.0	observed
Q9C0C7	1224	400.0	416.0	observed
Q9C0C9	981	inf	inf	observed
Q9C0D2	243	inf	inf	observed
Q9C0E4	661	inf	inf	observed
Q9C0G0	277	inf	inf	observed
Q9C0G6	2440	18.0	inf	observed
Q9C0G6	2458	18.0	inf	observed
Q9C0J8	10	6.0	13.0	observed
Q9C0J8	16	6.0	7.0	observed
Q9C0J8	23	6.0	7.0	observed
Q9C0J8	29	6.0	13.0	observed
Q9C0J8	782	9.0	29.0	observed
Q9C0J8	791	9.0	20.0	observed
Q9C0J8	811	17.0	20.0	observed
Q9C0J8	828	6.0	17.0	observed
Q9C0J8	834	6.0	23.0	observed
Q9C0J8	915	27.0	72.0	observed
Q9C0J8	942	27.0	45.0	observed
Q9C0J8	987	4.0	43.0	observed
Q9C0J8	991	4.0	39.0	observed
Q9C0J8	1030	5.0	16.0	observed
Q9C0J8	1035	5.0	11.0	observed
Q9C0J8	1046	1.0	11.0	observed
Q9C0J8	1047	1.0	12.0	observed
Q9C0J8	1067	4.0	20.0	observed
Q9C0J8	1071	4.0	24.0	observed
Q9C0J8	1106	5.0	15.0	observed
Q9C0J8	1111	5.0	10.0	observed
Q9C0J8	1121	10.0	15.0	observed
Q9C0J8	1144	2.0	9.0	observed
Q9C0J8	1146	2.0	7.0	observed
Q9C0J8	1153	7.0	9.0	observed
Q9C0J8	1257	5.0	13.0	observed
Q9C0J8	1262	5.0	8.0	observed
Q9C0J8	1270	6.0	8.0	observed
Q9C0J8	1276	6.0	14.0	observed
Q9C0J8	1290	14.0	15.0	observed
Q9C0J8	1305	3.0	10.0	observed
Q9C0J8	1308	3.0	7.0	observed
Q9C0J8	1315	7.0	10.0	observed
Q9C0J8	1325	10.0	17.0	observed
Q9C0K0	262	31.0	38.0	observed
Q9C0K0	293	7.0	29.0	observed
Q9C0K0	300	7.0	22.0	observed
Q9C0K0	322	22.0	29.0	observed
Q9C0K0	671	80.0	349.0	observed
Q9C0K0	751	80.0	429.0	observed
Q9GZL7	63	256.0	inf	observed
Q9GZL7	319	256.0	inf	observed
Q9GZP4	52	128.0	inf	observed
Q9GZP4	180	128.0	inf	observed
Q9GZQ8	21	inf	inf	observed
Q9GZR2	129	inf	inf	observed
Q9GZR7	475	inf	inf	observed
Q9GZS1	40	26.0	inf	observed
Q9GZS1	66	26.0	inf	observed
Q9GZT3	7	6.0	39.0	observed
Q9GZT3	13	6.0	33.0	observed
Q9GZT3	46	33.0	39.0	observed
Q9GZT8	14	inf	inf	observed
Q9GZU2	372	inf	inf	observed
Q9GZU8	24	inf	inf	observed
Q9GZY4	108	6.0	inf	observed
Q9GZY4	114	6.0	inf	observed
Q9H000	52	5.0	157.0	observed
Q9H000	57	5.0	152.0	observed
Q9H000	209	152.0	157.0	observed
Q9H013	921	inf	inf	observed
Q9H074	7	6.0	8.0	observed
Q9H074	13	2.0	4.0	observed
Q9H074	15	2.0	2.0	observed
Q9H074	17	2.0	4.0	observed
Q9H074	21	4.0	6.0	observed
Q9H074	40	2.0	19.0	observed
Q9H074	42	2.0	18.0	observed
Q9H074	60	3.0	18.0	observed
Q9H074	63	3.0	17.0	observed
Q9H074	80	17.0	20.0	observed
Q9H089	5	9.0	576.0	observed
Q9H089	14	9.0	567.0	observed
Q9H089	581	567.0	576.0	observed
Q9H098	43	inf	inf	observed
Q9H0A0	32	686.0	inf	observed
Q9H0A0	718	686.0	inf	observed
Q9H0A8	130	inf	inf	observed
Q9H0B3	943	1.0	205.0	observed
Q9H0B3	944	1.0	204.0	observed
Q9H0B3	1148	204.0	205.0	observed
Q9H0B6	477	65.0	inf	observed
Q9H0B6	542	65.0	inf	observed
Q9H0C5	79	inf	inf	observed
Q9H0C8	268	42.0	51.0	observed
Q9H0C8	310	9.0	42.0	observed
Q9H0C8	319	9.0	50.0	observed
Q9H0C8	369	8.0	50.0	observed
Q9H0C8	377	8.0	58.0	observed
Q9H0D6	458	199.0	218.0	observed
Q9H0D6	657	19.0	148.0	observed
Q9H0D6	676	19.0	129.0	observed
Q9H0D6	805	1.0	11.0	observed
Q9H0D6	806	1.0	10.0	observed
Q9H0D6	816	8.0	10.0	observed
Q9H0D6	824	8.0	18.0	observed
Q9H0D6	847	4.0	17.0	observed
Q9H0D6	851	4.0	13.0	observed
Q9H0D6	864	6.0	13.0	observed
Q9H0D6	870	6.0	10.0	observed
Q9H0D6	880	3.0	10.0	observed
Q9H0D6	883	3.0	12.0	observed
Q9H0D6	895	12.0	15.0	observed
Q9H0D6	921	1.0	4.0	observed
Q9H0D6	922	1.0	3.0	observed
Q9H0D6	925	3.0	3.0	observed
Q9H0D6	928	3.0	5.0	observed
Q9H0D6	933	3.0	5.0	observed
Q9H0D6	936	3.0	8.0	observed
Q9H0D6	946	10.0	13.0	observed
Q9H0E3	5	29.0	227.0	observed
Q9H0E3	34	29.0	198.0	observed
Q9H0E3	232	112.0	198.0	observed
Q9H0E3	344	100.0	109.0	observed
Q9H0E3	444	9.0	19.0	observed
Q9H0E3	453	9.0	10.0	observed
Q9H0E3	463	10.0	19.0	observed
Q9H0E9	22	480.0	inf	observed
Q9H0E9	502	480.0	inf	observed
Q9H0F6	29	inf	inf	observed
Q9H0H3	551	inf	inf	observed
Q9H0I3	78	inf	inf	observed
Q9H0K1	547	inf	inf	observed
Q9H0L4	311	5.0	16.0	observed
Q9H0L4	316	5.0	11.0	observed
Q9H0L4	327	11.0	11.0	observed
Q9H0L4	338	11.0	14.0	observed
Q9H0L4	352	14.0	21.0	observed
Q9H0L4	373	8.0	16.0	observed
Q9H0L4	381	8.0	8.0	observed
Q9H0L4	389	7.0	8.0	observed
Q9H0L4	396	7.0	7.0	observed
Q9H0L4	403	7.0	7.0	observed
Q9H0L4	410	3.0	7.0	observed
Q9H0L4	413	3.0	10.0	observed
Q9H0L4	461	7.0	48.0	observed
Q9H0L4	468	7.0	55.0	observed
Q9H0N0	112	inf	inf	observed
Q9H0P0	303	inf	inf	observed
Q9H0R8	28	inf	inf	observed
Q9H0U4	108	inf	inf	observed
Q9H0U9	35	2.0	42.0	observed
Q9H0U9	37	2.0	40.0	observed
Q9H0U9	77	7.0	40.0	observed
Q9H0U9	84	7.0	47.0	observed
Q9H0V9	235	inf	inf	observed
Q9H0W5	320	24.0	125.0	observed
Q9H0W5	344	24.0	101.0	observed
Q9H0W5	445	101.0	125.0	observed
Q9H0W8	248	inf	inf	observed
Q9H0W9	263	inf	inf	observed
Q9H0X9	379	inf	inf	observed
Q9H0Z9	85	inf	inf	observed
Q9H112	27	inf	inf	observed
Q9H147	229	inf	inf	observed
Q9H161	84	inf	inf	observed
Q9H165	242	29.0	36.0	observed
Q9H165	271	7.0	29.0	observed
Q9H165	278	7.0	36.0	observed
Q9H1A4	352	16.0	982.0	observed
Q9H1A4	368	16.0	966.0	observed
Q9H1A4	1334	283.0	966.0	observed
Q9H1A4	1617	283.0	1249.0	observed
Q9H1B7	170	365.0	372.0	observed
Q9H1B7	535	7.0	365.0	observed
Q9H1B7	542	7.0	372.0	observed
Q9H1E3	28	inf	inf	observed
Q9H1I8	715	inf	inf	observed
Q9H1K1	11	inf	inf	observed
Q9H1Z4	114	inf	inf	observed
Q9H211	396	inf	inf	observed
Q9H223	211	inf	inf	observed
Q9H299	5	42.0	inf	observed
Q9H299	47	42.0	inf	observed
Q9H2D6	1930	inf	inf	observed
Q9H2F3	156	inf	inf	observed
Q9H2F5	756	inf	inf	observed
Q9H2G2	415	inf	inf	observed
Q9H2H8	61	81.0	inf	observed
Q9H2H8	142	81.0	inf	observed
Q9H2J4	225	inf	inf	observed
Q9H2M9	963	inf	inf	observed
Q9H2P0	286	10.0	20.0	observed
Q9H2P0	296	10.0	10.0	observed
Q9H2P0	306	10.0	20.0	observed
Q9H2P0	348	37.0	42.0	observed
Q9H2P0	385	6.0	37.0	observed
Q9H2P0	391	6.0	43.0	observed
Q9H2S1	566	inf	inf	observed
Q9H2U1	11	23.0	36.0	observed
Q9H2U1	34	13.0	16.0	observed
Q9H2U1	47	3.0	5.0	observed
Q9H2U1	50	2.0	3.0	observed
Q9H2U1	52	2.0	5.0	observed
Q9H2U1	90	38.0	40.0	observed
Q9H2U1	251	161.0	199.0	observed
Q9H2X6	1151	inf	inf	observed
Q9H2Z4	144	inf	inf	observed
Q9H307	43	11.0	13.0	observed
Q9H307	54	2.0	8.0	observed
Q9H307	56	2.0	6.0	observed
Q9H307	62	1.0	6.0	observed
Q9H307	63	1.0	7.0	observed
Q9H307	604	541.0	542.0	observed
Q9H324	257	inf	inf	observed
Q9H329	19	5.0	inf	observed
Q9H329	24	5.0	inf	observed
Q9H334	336	209.0	inf	observed
Q9H334	545	209.0	inf	observed
Q9H336	247	inf	inf	observed
Q9H361	240	69.0	186.0	observed
Q9H361	309	69.0	117.0	observed
Q9H361	426	4.0	11.0	observed
Q9H361	430	4.0	7.0	observed
Q9H361	437	7.0	11.0	observed
Q9H361	461	8.0	14.0	observed
Q9H361	469	6.0	8.0	observed
Q9H361	475	6.0	14.0	observed
Q9H3G5	279	inf	inf	observed
Q9H3H3	14	8.0	13.0	observed
Q9H3H3	22	5.0	7.0	observed
Q9H3H3	27	2.0	5.0	observed
Q9H3H3	29	2.0	7.0	observed
Q9H3H3	278	249.0	251.0	observed
Q9H3H9	205	inf	inf	observed
Q9H3K6	82	inf	inf	observed
Q9H3N8	299	inf	inf	observed
Q9H3P2	238	inf	inf	observed
Q9H3P7	73	1.0	412.0	observed
Q9H3P7	74	1.0	411.0	observed
Q9H3P7	485	411.0	412.0	observed
Q9H3Q1	42	inf	inf	observed
Q9H3R5	21	inf	inf	observed
Q9H3S7	730	106.0	220.0	observed
Q9H3S7	836	106.0	114.0	observed
Q9H3S7	950	114.0	220.0	observed
Q9H3S7	1595	20.0	23.0	observed
Q9H3S7	1615	3.0	20.0	observed
Q9H3S7	1618	3.0	23.0	observed
Q9H3T2	736	inf	inf	observed
Q9H3T3	665	inf	inf	observed
Q9H3U1	133	inf	inf	observed
Q9H3U7	68	inf	inf	observed
Q9H3Y8	18	1.0	inf	observed
Q9H3Y8	19	1.0	inf	observed
Q9H400	288	inf	inf	observed
Q9H410	92	1.0	inf	observed
Q9H410	93	1.0	inf	observed
Q9H425	27	51.0	266.0	observed
Q9H425	78	51.0	215.0	observed
Q9H425	293	215.0	266.0	observed
Q9H488	380	inf	inf	observed
Q9H4A4	14	43.0	inf	observed
Q9H4A4	57	43.0	inf	observed
Q9H4B6	75	12.0	17.0	observed
Q9H4B6	87	5.0	12.0	observed
Q9H4B6	92	5.0	17.0	observed
Q9H4B6	168	44.0	46.0	observed
Q9H4B6	212	2.0	44.0	observed
Q9H4B6	214	2.0	46.0	observed
Q9H4H8	539	inf	inf	observed
Q9H4L4	190	37.0	inf	observed
Q9H4L4	227	37.0	inf	observed
Q9H4M7	279	458.0	462.0	observed
Q9H4M7	737	4.0	458.0	observed
Q9H4M7	741	4.0	462.0	observed
Q9H4Q4	259	4.0	inf	observed
Q9H4Q4	263	4.0	inf	observed
Q9H4W6	10	inf	inf	observed
Q9H4Z3	598	inf	inf	observed
Q9H501	56	2.0	inf	observed
Q9H501	58	2.0	inf	observed
Q9H511	526	3.0	inf	observed
Q9H511	529	3.0	inf	observed
Q9H568	357	8.0	inf	observed
Q9H568	365	8.0	inf	observed
Q9H582	688	inf	inf	observed
Q9H583	10	1810.0	inf	observed
Q9H583	1820	1810.0	inf	observed
Q9H5H4	253	6.0	19.0	observed
Q9H5H4	259	6.0	13.0	observed
Q9H5H4	272	13.0	19.0	observed
Q9H5Q4	396	inf	inf	observed
Q9H6A9	274	345.0	428.0	observed
Q9H6A9	619	83.0	345.0	observed
Q9H6A9	702	83.0	428.0	observed
Q9H6A9	1481	779.0	862.0	observed
Q9H6E5	13	inf	inf	observed
Q9H6F5	15	15.0	inf	observed
Q9H6F5	30	15.0	inf	observed
Q9H6H4	147	2.0	inf	observed
Q9H6H4	149	2.0	inf	observed
Q9H6K5	99	141.0	155.0	observed
Q9H6K5	240	14.0	20.0	observed
Q9H6K5	254	6.0	14.0	observed
Q9H6K5	260	6.0	20.0	observed
Q9H6K5	1093	833.0	839.0	observed
Q9H6L4	191	inf	inf	observed
Q9H6Q4	312	inf	inf	observed
Q9H6R0	43	6.0	553.0	observed
Q9H6R0	49	6.0	547.0	observed
Q9H6R0	596	4.0	547.0	observed
Q9H6R0	600	4.0	551.0	observed
Q9H6R4	955	inf	inf	observed
Q9H6S0	10	22.0	943.0	observed
Q9H6S0	32	22.0	921.0	observed
Q9H6S0	953	921.0	943.0	observed
Q9H6T0	677	inf	inf	observed
Q9H6T3	198	109.0	inf	observed
Q9H6T3	307	109.0	inf	observed
Q9H6U6	812	inf	inf	observed
Q9H6Y7	277	inf	inf	observed
Q9H773	9	26.0	27.0	observed
Q9H773	35	1.0	10.0	observed
Q9H773	36	1.0	9.0	observed
Q9H773	45	9.0	10.0	observed
Q9H773	89	44.0	53.0	observed
Q9H788	259	9.0	inf	observed
Q9H788	268	9.0	inf	observed
Q9H7B2	6	8.0	inf	observed
Q9H7B2	14	8.0	inf	observed
Q9H7C9	69	24.0	inf	observed
Q9H7C9	93	24.0	inf	observed
Q9H7D0	1019	inf	inf	observed
Q9H7D7	520	inf	inf	observed
Q9H7E2	245	2.0	inf	observed
Q9H7E2	247	2.0	inf	observed
Q9H7E9	24	3.0	12.0	observed
Q9H7E9	27	3.0	9.0	observed
Q9H7E9	36	9.0	12.0	observed
Q9H7N4	497	19.0	inf	observed
Q9H7N4	516	19.0	inf	observed
Q9H7P9	321	8.0	984.0	observed
Q9H7P9	329	8.0	976.0	observed
Q9H7P9	1305	52.0	70.0	observed
Q9H7P9	1357	18.0	52.0	observed
Q9H7P9	1375	18.0	70.0	observed
Q9H7S9	260	284.0	320.0	observed
Q9H7S9	544	36.0	284.0	observed
Q9H7S9	580	36.0	320.0	observed
Q9H7U1	262	4.0	54.0	observed
Q9H7U1	266	4.0	50.0	observed
Q9H7U1	316	50.0	54.0	observed
Q9H832	268	inf	inf	observed
Q9H840	13	3.0	10.0	observed
Q9H840	16	3.0	7.0	observed
Q9H840	23	7.0	10.0	observed
Q9H845	266	343.0	353.0	observed
Q9H845	609	10.0	343.0	observed
Q9H845	619	10.0	353.0	observed
Q9H857	324	inf	inf	observed
Q9H875	10	3.0	inf	observed
Q9H875	13	3.0	inf	observed
Q9H8H0	213	166.0	167.0	observed
Q9H8H0	379	1.0	39.0	observed
Q9H8H0	380	1.0	38.0	observed
Q9H8H0	418	38.0	39.0	observed
Q9H8H2	828	inf	inf	observed
Q9H8U3	199	2.0	inf	observed
Q9H8U3	201	2.0	inf	observed
Q9H8V3	13	inf	inf	observed
Q9H8Y5	242	10.0	inf	observed
Q9H8Y5	252	10.0	inf	observed
Q9H8Y8	428	inf	inf	observed
Q9H910	104	inf	inf	observed
Q9H992	29	311.0	377.0	observed
Q9H992	340	66.0	311.0	observed
Q9H992	406	66.0	377.0	observed
Q9H9A5	263	inf	inf	observed
Q9H9A6	6	7.0	inf	observed
Q9H9A6	13	7.0	inf	observed
Q9H9B1	189	813.0	inf	observed
Q9H9B1	1002	813.0	inf	observed
Q9H9B4	314	inf	inf	observed
Q9H9D4	512	inf	inf	observed
Q9H9E3	121	inf	inf	observed
Q9H9F9	69	4.0	inf	observed
Q9H9F9	73	4.0	inf	observed
Q9H9H4	205	1.0	13.0	observed
Q9H9H4	206	1.0	12.0	observed
Q9H9H4	218	12.0	13.0	observed
Q9H9J2	29	inf	inf	observed
Q9H9L4	320	inf	inf	observed
Q9H9P8	165	inf	inf	observed
Q9H9S3	405	inf	inf	observed
Q9H9T3	424	inf	inf	observed
Q9H9Y2	311	inf	inf	observed
Q9HA47	165	inf	inf	observed
Q9HA64	7	43.0	123.0	observed
Q9HA64	50	43.0	80.0	observed
Q9HA64	130	80.0	123.0	observed
Q9HA92	9	inf	inf	observed
Q9HAH7	57	172.0	182.0	observed
Q9HAH7	229	10.0	16.0	observed
Q9HAH7	239	6.0	10.0	observed
Q9HAH7	245	6.0	16.0	observed
Q9HAH7	288	7.0	43.0	observed
Q9HAH7	295	7.0	48.0	observed
Q9HAH7	343	27.0	30.0	observed
Q9HAH7	370	3.0	6.0	observed
Q9HAH7	373	3.0	3.0	observed
Q9HAH7	376	3.0	6.0	observed
Q9HAH7	394	14.0	18.0	observed
Q9HAH7	408	14.0	32.0	observed
Q9HAN9	261	inf	inf	observed
Q9HAP6	45	inf	inf	observed
Q9HAT8	36	2.0	inf	observed
Q9HAT8	38	2.0	inf	observed
Q9HAU0	22	402.0	inf	observed
Q9HAU0	424	402.0	inf	observed
Q9HAU4	232	2.0	5.0	observed
Q9HAU4	234	2.0	3.0	observed
Q9HAU4	237	2.0	3.0	observed
Q9HAU4	239	2.0	5.0	observed
Q9HAV0	219	inf	inf	observed
Q9HAV4	448	inf	inf	observed
Q9HAW4	795	12.0	inf	observed
Q9HAW4	807	12.0	inf	observed
Q9HB09	60	inf	inf	observed
Q9HB19	317	16.0	18.0	observed
Q9HB19	333	2.0	16.0	observed
Q9HB19	335	2.0	18.0	observed
Q9HB71	162	inf	inf	observed
Q9HB96	142	17.0	inf	observed
Q9HB96	159	17.0	inf	observed
Q9HBD1	635	3.0	31.0	observed
Q9HBD1	638	3.0	28.0	observed
Q9HBD1	666	28.0	31.0	observed
Q9HBE1	397	inf	inf	observed
Q9HBE5	201	inf	inf	observed
Q9HBI1	14	inf	inf	observed
Q9HBI6	515	inf	inf	observed
Q9HBM6	119	9.0	inf	observed
Q9HBM6	128	9.0	inf	observed
Q9HBR0	427	inf	inf	observed
Q9HBU6	179	inf	inf	observed
Q9HBZ2	34	8.0	544.0	observed
Q9HBZ2	42	8.0	536.0	observed
Q9HBZ2	578	536.0	544.0	observed
Q9HC35	50	708.0	710.0	observed
Q9HC35	758	2.0	708.0	observed
Q9HC35	760	2.0	710.0	observed
Q9HC44	101	8.0	inf	observed
Q9HC44	109	8.0	inf	observed
Q9HC52	103	inf	inf	observed
Q9HC96	520	inf	inf	observed
Q9HC97	119	inf	inf	observed
Q9HC98	87	79.0	inf	observed
Q9HC98	166	79.0	inf	observed
Q9HCC0	188	374.0	inf	observed
Q9HCC0	562	374.0	inf	observed
Q9HCD5	13	487.0	502.0	observed
Q9HCD5	500	15.0	487.0	observed
Q9HCD5	515	15.0	502.0	observed
Q9HCD6	1538	5.0	162.0	observed
Q9HCD6	1543	5.0	157.0	observed
Q9HCD6	1700	6.0	10.0	observed
Q9HCD6	1706	4.0	6.0	observed
Q9HCD6	1710	4.0	10.0	observed
Q9HCD6	1770	11.0	60.0	observed
Q9HCD6	1781	11.0	71.0	observed
Q9HCE1	154	414.0	698.0	observed
Q9HCE1	568	284.0	414.0	observed
Q9HCE1	852	284.0	698.0	observed
Q9HCE5	414	4.0	17.0	observed
Q9HCE5	418	4.0	13.0	observed
Q9HCE5	431	4.0	11.0	observed
Q9HCE5	435	4.0	7.0	observed
Q9HCE5	442	3.0	7.0	observed
Q9HCE5	445	3.0	10.0	observed
Q9HCG8	58	inf	inf	observed
Q9HCH3	526	inf	inf	observed
Q9HCJ0	523	772.0	inf	observed
Q9HCJ0	1295	772.0	inf	observed
Q9HCK8	1202	161.0	842.0	observed
Q9HCK8	1363	161.0	681.0	observed
Q9HCK8	2044	360.0	681.0	observed
Q9HCK8	2404	360.0	1041.0	observed
Q9HCL2	453	inf	inf	observed
Q9HCM3	1267	inf	inf	observed
Q9HCM7	436	55.0	194.0	observed
Q9HCM7	491	55.0	139.0	observed
Q9HCM7	630	139.0	194.0	observed
Q9HCN8	85	9.0	inf	observed
Q9HCN8	94	9.0	inf	observed
Q9HCS7	12	467.0	inf	observed
Q9HCS7	479	467.0	inf	observed
Q9HD15	33	1.0	17.0	observed
Q9HD15	34	1.0	16.0	observed
Q9HD15	50	16.0	17.0	observed
Q9HD20	371	inf	inf	observed
Q9HD40	90	inf	inf	observed
Q9HD45	266	inf	inf	observed
Q9NNW5	231	3.0	inf	observed
Q9NNW5	234	3.0	inf	observed
Q9NP08	193	9.0	inf	observed
Q9NP08	202	9.0	inf	observed
Q9NP50	81	inf	inf	observed
Q9NP61	513	inf	inf	observed
Q9NP73	695	2.0	inf	observed
Q9NP73	697	2.0	inf	observed
Q9NP77	70	inf	inf	observed
Q9NP79	22	84.0	87.0	observed
Q9NP79	106	3.0	84.0	observed
Q9NP79	109	3.0	87.0	observed
Q9NP80	125	inf	inf	observed
Q9NP92	230	inf	inf	observed
Q9NPB8	173	324.0	325.0	observed
Q9NPB8	497	1.0	324.0	observed
Q9NPB8	498	1.0	325.0	observed
Q9NPC4	179	inf	inf	observed
Q9NPD3	62	168.0	inf	observed
Q9NPD3	230	168.0	inf	observed
Q9NPE3	13	21.0	inf	observed
Q9NPE3	34	21.0	inf	observed
Q9NPF4	283	7.0	inf	observed
Q9NPF4	290	7.0	inf	observed
Q9NPF5	8	inf	inf	observed
Q9NPG1	549	inf	inf	observed
Q9NPH2	208	inf	inf	observed
Q9NPI1	517	inf	inf	observed
Q9NPI6	376	inf	inf	observed
Q9NPQ8	45	inf	inf	observed
Q9NPY3	607	inf	inf	observed
Q9NQ48	156	inf	inf	observed
Q9NQ55	426	2.0	27.0	observed
Q9NQ55	428	2.0	25.0	observed
Q9NQ55	453	25.0	27.0	observed
Q9NQ87	240	inf	inf	observed
Q9NQ88	61	inf	inf	observed
Q9NQ92	18	8.0	28.0	observed
Q9NQ92	26	8.0	20.0	observed
Q9NQ92	46	11.0	20.0	observed
Q9NQ92	57	11.0	31.0	observed
Q9NQ94	319	75.0	inf	observed
Q9NQ94	394	75.0	inf	observed
Q9NQB0	126	43.0	inf	observed
Q9NQB0	169	43.0	inf	observed
Q9NQG5	251	1.0	inf	observed
Q9NQG5	252	1.0	inf	observed
Q9NQL9	367	inf	inf	observed
Q9NQR4	265	inf	inf	observed
Q9NQR7	359	11.0	inf	observed
Q9NQR7	370	11.0	inf	observed
Q9NQS1	17	11.0	20.0	observed
Q9NQS1	28	9.0	11.0	observed
Q9NQS1	37	9.0	13.0	observed
Q9NQS1	50	5.0	10.0	observed
Q9NQS1	55	5.0	5.0	observed
Q9NQS1	60	3.0	5.0	observed
Q9NQS1	63	3.0	8.0	observed
Q9NQS1	238	175.0	178.0	observed
Q9NQS7	891	inf	inf	observed
Q9NQT8	1782	inf	inf	observed
Q9NQX0	161	inf	inf	observed
Q9NQX3	34	inf	inf	observed
Q9NQX4	391	inf	inf	observed
Q9NR12	103	14.0	34.0	observed
Q9NR12	117	14.0	20.0	observed
Q9NR12	137	19.0	20.0	observed
Q9NR12	156	2.0	9.0	observed
Q9NR12	158	2.0	7.0	observed
Q9NR12	165	3.0	7.0	observed
Q9NR12	168	3.0	10.0	observed
Q9NR22	58	15.0	inf	observed
Q9NR22	73	15.0	inf	observed
Q9NR30	255	51.0	177.0	observed
Q9NR30	306	51.0	126.0	observed
Q9NR30	432	126.0	177.0	observed
Q9NR30	718	7.0	10.0	observed
Q9NR30	725	3.0	7.0	observed
Q9NR30	728	3.0	10.0	observed
Q9NR30	738	10.0	13.0	observed
Q9NR33	40	inf	inf	observed
Q9NR45	264	inf	inf	observed
Q9NR46	196	2.0	34.0	observed
Q9NR46	198	2.0	32.0	observed
Q9NR46	230	32.0	34.0	observed
Q9NR48	1508	8.0	inf	observed
Q9NR48	1516	8.0	inf	observed
Q9NR50	289	inf	inf	observed
Q9NR56	24	255.0	inf	observed
Q9NR56	279	255.0	inf	observed
Q9NR99	186	10.0	inf	observed
Q9NR99	196	10.0	inf	observed
Q9NRA8	574	8.0	10.0	observed
Q9NRA8	582	2.0	8.0	observed
Q9NRA8	584	2.0	10.0	observed
Q9NRA8	607	23.0	25.0	observed
Q9NRA8	776	169.0	172.0	observed
Q9NRA8	948	172.0	341.0	observed
Q9NRC8	11	377.0	inf	observed
Q9NRC8	388	377.0	inf	observed
Q9NRF2	211	24.0	59.0	observed
Q9NRF2	235	24.0	35.0	observed
Q9NRF2	270	35.0	59.0	observed
Q9NRF8	205	184.0	361.0	observed
Q9NRF8	389	177.0	184.0	observed
Q9NRF8	566	177.0	361.0	observed
Q9NRF9	123	10.0	inf	observed
Q9NRF9	133	10.0	inf	observed
Q9NRH2	534	inf	inf	observed
Q9NRI5	21	91.0	inf	observed
Q9NRI5	112	91.0	inf	observed
Q9NRJ4	950	22.0	27.0	observed
Q9NRJ4	972	5.0	22.0	observed
Q9NRJ4	977	5.0	27.0	observed
Q9NRJ4	1006	29.0	34.0	observed
Q9NRL2	576	709.0	inf	observed
Q9NRL2	1285	709.0	inf	observed
Q9NRN7	55	106.0	191.0	observed
Q9NRN7	161	85.0	91.0	observed
Q9NRN7	246	6.0	85.0	observed
Q9NRN7	252	6.0	91.0	observed
Q9NRP2	56	inf	inf	observed
Q9NRR4	9	26.0	262.0	observed
Q9NRR4	35	26.0	236.0	observed
Q9NRR4	271	236.0	262.0	observed
Q9NRS6	124	inf	inf	observed
Q9NRW1	60	52.0	inf	observed
Q9NRW1	112	52.0	inf	observed
Q9NRX1	84	inf	inf	observed
Q9NRX2	71	inf	inf	observed
Q9NRZ9	309	494.0	inf	observed
Q9NRZ9	803	494.0	inf	observed
Q9NS23	18	18.0	180.0	observed
Q9NS23	36	18.0	162.0	observed
Q9NS23	198	162.0	180.0	observed
Q9NS56	277	2.0	inf	observed
Q9NS56	279	2.0	inf	observed
Q9NS62	636	inf	inf	observed
Q9NS69	58	2.0	inf	observed
Q9NS69	60	2.0	inf	observed
Q9NS87	1321	9.0	inf	observed
Q9NS87	1330	9.0	inf	observed
Q9NS91	254	inf	inf	observed
Q9NSC5	303	inf	inf	observed
Q9NSD7	312	8.0	inf	observed
Q9NSD7	320	8.0	inf	observed
Q9NSD9	71	446.0	inf	observed
Q9NSD9	517	446.0	inf	observed
Q9NSE4	225	inf	inf	observed
Q9NSI2	72	inf	inf	observed
Q9NSK0	564	7.0	inf	observed
Q9NSK0	571	7.0	inf	observed
Q9NSQ0	33	inf	inf	observed
Q9NSV4	7	21.0	24.0	observed
Q9NSV4	28	3.0	21.0	observed
Q9NSV4	31	3.0	24.0	observed
Q9NSV4	603	91.0	416.0	observed
Q9NSV4	694	91.0	325.0	observed
Q9NSV4	1019	325.0	416.0	observed
Q9NSY1	447	inf	inf	observed
Q9NT62	310	inf	inf	observed
Q9NTG1	60	5.0	inf	observed
Q9NTG1	65	5.0	inf	observed
Q9NTG7	51	6.0	225.0	observed
Q9NTG7	57	6.0	219.0	observed
Q9NTG7	276	80.0	219.0	observed
Q9NTG7	356	80.0	299.0	observed
Q9NTI5	802	inf	inf	observed
Q9NTJ3	214	67.0	903.0	observed
Q9NTJ3	281	67.0	836.0	observed
Q9NTJ3	1117	4.0	11.0	observed
Q9NTJ3	1121	4.0	7.0	observed
Q9NTJ3	1128	7.0	11.0	observed
Q9NTZ6	920	5.0	inf	observed
Q9NTZ6	925	5.0	inf	observed
Q9NU22	2112	3.0	1357.0	observed
Q9NU22	2115	3.0	1354.0	observed
Q9NU22	3469	1354.0	1357.0	observed
Q9NU22	4856	429.0	434.0	observed
Q9NU22	5285	5.0	429.0	observed
Q9NU22	5290	5.0	434.0	observed
Q9NU39	406	inf	inf	observed
Q9NUA8	330	inf	inf	observed
Q9NUC0	51	inf	inf	observed
Q9NUD5	55	39.0	297.0	observed
Q9NUD5	94	39.0	258.0	observed
Q9NUD5	352	258.0	297.0	observed
Q9NUI1	219	inf	inf	observed
Q9NUL3	131	6.0	inf	observed
Q9NUL3	137	6.0	inf	observed
Q9NUP9	9	3.0	121.0	observed
Q9NUP9	12	3.0	118.0	observed
Q9NUP9	130	118.0	121.0	observed
Q9NUQ3	12	12.0	15.0	observed
Q9NUQ3	24	3.0	12.0	observed
Q9NUQ3	27	3.0	15.0	observed
Q9NUQ6	524	inf	inf	observed
Q9NUQ7	240	inf	inf	observed
Q9NUQ8	657	inf	inf	observed
Q9NUQ9	57	104.0	inf	observed
Q9NUQ9	161	104.0	inf	observed
Q9NUU7	198	inf	inf	observed
Q9NUY8	481	inf	inf	observed
Q9NV06	227	inf	inf	observed
Q9NV35	8	3.0	inf	observed
Q9NV35	11	3.0	inf	observed
Q9NV64	131	inf	inf	observed
Q9NVI1	64	inf	inf	observed
Q9NVI7	35	122.0	inf	observed
Q9NVI7	157	122.0	inf	observed
Q9NVM4	7	25.0	524.0	observed
Q9NVM4	32	25.0	499.0	observed
Q9NVM4	531	499.0	524.0	observed
Q9NVM9	561	inf	inf	observed
Q9NVP1	588	47.0	inf	observed
Q9NVP1	635	47.0	inf	observed
Q9NVP4	381	inf	inf	observed
Q9NVS2	94	inf	inf	observed
Q9NVS9	42	3.0	139.0	observed
Q9NVS9	45	3.0	136.0	observed
Q9NVS9	181	4.0	136.0	observed
Q9NVS9	185	4.0	140.0	observed
Q9NVU7	310	31.0	inf	observed
Q9NVU7	341	31.0	inf	observed
Q9NVW2	67	50.0	293.0	observed
Q9NVW2	117	50.0	243.0	observed
Q9NVW2	360	4.0	5.0	observed
Q9NVW2	364	1.0	4.0	observed
Q9NVW2	365	1.0	5.0	observed
Q9NVZ3	47	inf	inf	observed
Q9NW08	195	inf	inf	observed
Q9NW13	147	7.0	435.0	observed
Q9NW13	154	7.0	428.0	observed
Q9NW13	582	428.0	435.0	observed
Q9NW64	182	213.0	inf	observed
Q9NW64	395	213.0	inf	observed
Q9NW68	366	inf	inf	observed
Q9NW75	159	180.0	inf	observed
Q9NW75	339	180.0	inf	observed
Q9NW82	573	3.0	inf	observed
Q9NW82	576	3.0	inf	observed
Q9NWB1	134	235.0	254.0	observed
Q9NWB1	369	19.0	24.0	observed
Q9NWB1	388	5.0	19.0	observed
Q9NWB1	393	5.0	24.0	observed
Q9NWB6	67	131.0	136.0	observed
Q9NWB6	198	5.0	12.0	observed
Q9NWB6	203	5.0	7.0	observed
Q9NWB6	210	7.0	12.0	observed
Q9NWB6	225	15.0	22.0	observed
Q9NWF9	863	inf	inf	observed
Q9NWH9	569	292.0	345.0	observed
Q9NWH9	861	53.0	79.0	observed
Q9NWH9	914	26.0	53.0	observed
Q9NWH9	940	26.0	48.0	observed
Q9NWH9	988	29.0	48.0	observed
Q9NWH9	1017	29.0	77.0	observed
Q9NWK9	104	inf	inf	observed
Q9NWM3	21	inf	inf	observed
Q9NWQ4	301	5.0	8.0	observed
Q9NWQ4	306	3.0	5.0	observed
Q9NWQ4	309	3.0	7.0	observed
Q9NWQ4	316	7.0	10.0	observed
Q9NWS0	23	inf	inf	observed
Q9NWT6	138	inf	inf	observed
Q9NWU5	143	inf	inf	observed
Q9NWV4	58	inf	inf	observed
Q9NWV8	37	inf	inf	observed
Q9NWW7	458	inf	inf	observed
Q9NX00	34	inf	inf	observed
Q9NX05	941	2.0	36.0	observed
Q9NX05	943	2.0	34.0	observed
Q9NX05	977	34.0	36.0	observed
Q9NX07	124	inf	inf	observed
Q9NX14	12	inf	inf	observed
Q9NX24	41	1.0	inf	observed
Q9NX24	42	1.0	inf	observed
Q9NX40	32	1.0	171.0	observed
Q9NX40	33	1.0	170.0	observed
Q9NX40	203	170.0	171.0	observed
Q9NX55	62	1.0	inf	observed
Q9NX55	63	1.0	inf	observed
Q9NX63	35	inf	inf	observed
Q9NXC5	756	inf	inf	observed
Q9NXE4	490	inf	inf	observed
Q9NXE8	90	inf	inf	observed
Q9NXG0	27	633.0	inf	observed
Q9NXG0	660	633.0	inf	observed
Q9NXH9	521	7.0	41.0	observed
Q9NXH9	528	7.0	34.0	observed
Q9NXH9	562	2.0	34.0	observed
Q9NXH9	564	2.0	36.0	observed
Q9NXL9	1107	inf	inf	observed
Q9NXR8	19	inf	inf	observed
Q9NXV2	13	13.0	inf	observed
Q9NXV2	26	13.0	inf	observed
Q9NXW9	249	inf	inf	observed
Q9NXZ2	47	38.0	inf	observed
Q9NXZ2	85	38.0	inf	observed
Q9NY12	8	5.0	14.0	observed
Q9NY12	13	5.0	9.0	observed
Q9NY12	22	8.0	9.0	observed
Q9NY12	30	8.0	12.0	observed
Q9NY12	42	4.0	9.0	observed
Q9NY12	46	4.0	5.0	observed
Q9NY12	51	4.0	5.0	observed
Q9NY12	55	4.0	9.0	observed
Q9NY12	176	4.0	9.0	observed
Q9NY12	180	4.0	5.0	observed
Q9NY12	185	4.0	5.0	observed
Q9NY12	189	4.0	5.0	observed
Q9NY12	194	3.0	5.0	observed
Q9NY12	197	3.0	8.0	observed
Q9NY12	205	3.0	8.0	observed
Q9NY12	208	3.0	11.0	observed
Q9NY33	698	inf	inf	observed
Q9NY43	354	5.0	inf	observed
Q9NY43	359	5.0	inf	observed
Q9NY74	891	inf	inf	observed
Q9NYB9	205	25.0	32.0	observed
Q9NYB9	230	7.0	25.0	observed
Q9NYB9	237	7.0	32.0	observed
Q9NYB9	355	4.0	118.0	observed
Q9NYB9	359	4.0	122.0	observed
Q9NYC9	995	645.0	1535.0	observed
Q9NYC9	1640	645.0	890.0	observed
Q9NYC9	2530	890.0	1535.0	observed
Q9NYF0	70	inf	inf	observed
Q9NYF5	751	inf	inf	observed
Q9NYF8	55	21.0	23.0	observed
Q9NYF8	76	2.0	11.0	observed
Q9NYF8	78	2.0	9.0	observed
Q9NYF8	87	3.0	7.0	observed
Q9NYF8	90	3.0	4.0	observed
Q9NYF8	94	4.0	7.0	observed
Q9NYF8	318	34.0	111.0	observed
Q9NYF8	352	34.0	77.0	observed
Q9NYF8	429	77.0	111.0	observed
Q9NYF8	794	2.0	15.0	observed
Q9NYF8	796	2.0	13.0	observed
Q9NYF8	809	13.0	15.0	observed
Q9NYF8	866	5.0	7.0	observed
Q9NYF8	871	2.0	4.0	observed
Q9NYF8	873	2.0	2.0	observed
Q9NYF8	875	2.0	4.0	observed
Q9NYH9	12	inf	inf	observed
Q9NYJ8	173	268.0	inf	observed
Q9NYJ8	441	268.0	inf	observed
Q9NYK5	200	inf	inf	observed
Q9NYL2	670	2.0	13.0	observed
Q9NYL2	672	2.0	11.0	observed
Q9NYL2	683	10.0	11.0	observed
Q9NYL2	693	2.0	10.0	observed
Q9NYL2	695	2.0	12.0	observed
Q9NYL2	707	2.0	12.0	observed
Q9NYL2	709	2.0	14.0	observed
Q9NYL2	795	86.0	88.0	observed
Q9NYM9	44	inf	inf	observed
Q9NYP3	29	27.0	35.0	observed
Q9NYP3	56	8.0	27.0	observed
Q9NYP3	64	8.0	35.0	observed
Q9NYP9	34	inf	inf	observed
Q9NYQ3	175	inf	inf	observed
Q9NYQ6	2229	inf	inf	observed
Q9NYQ7	53	inf	inf	observed
Q9NYR9	154	1.0	inf	observed
Q9NYR9	155	1.0	inf	observed
Q9NYT0	261	inf	inf	observed
Q9NYU1	681	322.0	inf	observed
Q9NYU1	1003	322.0	inf	observed
Q9NYU2	972	463.0	inf	observed
Q9NYU2	1435	463.0	inf	observed
Q9NYV4	329	1.0	2.0	observed
Q9NYV4	330	1.0	1.0	observed
Q9NYV4	331	1.0	2.0	observed
Q9NYV4	449	118.0	119.0	observed
Q9NYV4	1404	3.0	69.0	observed
Q9NYV4	1407	3.0	66.0	observed
Q9NYV4	1473	66.0	69.0	observed
Q9NYV6	9	150.0	inf	observed
Q9NYV6	159	150.0	inf	observed
Q9NYW2	166	inf	inf	observed
Q9NYZ3	201	310.0	335.0	observed
Q9NYZ3	511	25.0	310.0	observed
Q9NYZ3	536	25.0	335.0	observed
Q9NZ52	548	inf	inf	observed
Q9NZ63	226	11.0	inf	observed
Q9NZ63	237	11.0	inf	observed
Q9NZB2	873	11.0	13.0	observed
Q9NZB2	884	2.0	11.0	observed
Q9NZB2	886	2.0	13.0	observed
Q9NZB2	908	3.0	22.0	observed
Q9NZB2	911	3.0	25.0	observed
Q9NZB2	964	3.0	18.0	observed
Q9NZB2	967	3.0	15.0	observed
Q9NZB2	982	2.0	4.0	observed
Q9NZB2	984	2.0	2.0	observed
Q9NZB2	986	2.0	4.0	observed
Q9NZB2	995	4.0	7.0	observed
Q9NZB2	999	3.0	4.0	observed
Q9NZB2	1002	3.0	4.0	observed
Q9NZB2	1006	4.0	7.0	observed
Q9NZC3	64	7.0	22.0	observed
Q9NZC3	71	7.0	15.0	observed
Q9NZC3	86	15.0	22.0	observed
Q9NZI8	168	6.0	325.0	observed
Q9NZI8	174	6.0	319.0	observed
Q9NZI8	493	319.0	325.0	observed
Q9NZJ0	678	inf	inf	observed
Q9NZJ4	4374	inf	inf	observed
Q9NZJ7	29	inf	inf	observed
Q9NZJ9	89	inf	inf	observed
Q9NZL4	162	197.0	inf	observed
Q9NZL4	359	197.0	inf	observed
Q9NZL6	756	inf	inf	observed
Q9NZL9	29	1.0	inf	observed
Q9NZL9	30	1.0	inf	observed
Q9NZM3	1098	inf	inf	observed
Q9NZM4	1410	inf	inf	observed
Q9NZM5	35	1.0	169.0	observed
Q9NZM5	36	1.0	168.0	observed
Q9NZM5	204	168.0	169.0	observed
Q9NZM5	381	177.0	345.0	observed
Q9NZN4	7	inf	inf	observed
Q9NZN5	11	606.0	818.0	observed
Q9NZN5	617	212.0	606.0	observed
Q9NZN5	829	212.0	818.0	observed
Q9NZN8	87	50.0	inf	observed
Q9NZN8	137	50.0	inf	observed
Q9NZQ3	107	142.0	inf	observed
Q9NZQ3	249	142.0	inf	observed
Q9NZR2	1999	110.0	1728.0	observed
Q9NZR2	2109	110.0	1618.0	observed
Q9NZR2	3727	1618.0	1728.0	observed
Q9NZU7	31	56.0	61.0	observed
Q9NZU7	87	5.0	56.0	observed
Q9NZU7	92	5.0	61.0	observed
Q9NZU7	155	33.0	35.0	observed
Q9NZU7	188	2.0	33.0	observed
Q9NZU7	190	2.0	35.0	observed
Q9NZZ3	3	inf	inf	observed
Q9P013	6	7.0	10.0	observed
Q9P013	13	3.0	7.0	observed
Q9P013	16	3.0	10.0	observed
Q9P015	17	inf	inf	observed
Q9P031	88	inf	inf	observed
Q9P032	10	inf	inf	observed
Q9P035	15	2.0	77.0	observed
Q9P035	17	2.0	75.0	observed
Q9P035	92	7.0	75.0	observed
Q9P035	99	7.0	82.0	observed
Q9P0J0	81	1.0	inf	observed
Q9P0J0	82	1.0	inf	observed
Q9P0J1	43	inf	inf	observed
Q9P0J7	3	146.0	156.0	observed
Q9P0J7	149	10.0	16.0	observed
Q9P0J7	159	6.0	8.0	observed
Q9P0J7	165	2.0	3.0	observed
Q9P0J7	167	1.0	2.0	observed
Q9P0J7	168	1.0	3.0	observed
Q9P0L0	197	5.0	inf	observed
Q9P0L0	202	5.0	inf	observed
Q9P0L2	37	609.0	inf	observed
Q9P0L2	646	609.0	inf	observed
Q9P0M6	27	inf	inf	observed
Q9P0U4	403	inf	inf	observed
Q9P0W8	15	inf	inf	observed
Q9P107	862	5.0	12.0	observed
Q9P107	867	5.0	7.0	observed
Q9P107	874	4.0	7.0	observed
Q9P107	878	4.0	11.0	observed
Q9P107	905	4.0	6.0	observed
Q9P107	909	2.0	4.0	observed
Q9P107	911	2.0	6.0	observed
Q9P1U1	102	21.0	inf	observed
Q9P1U1	123	21.0	inf	observed
Q9P1Y5	371	452.0	639.0	observed
Q9P1Y5	823	187.0	211.0	observed
Q9P1Y5	1010	24.0	187.0	observed
Q9P1Y5	1034	24.0	211.0	observed
Q9P1Y6	337	388.0	412.0	observed
Q9P1Y6	725	24.0	382.0	observed
Q9P1Y6	749	24.0	358.0	observed
Q9P1Y6	1107	81.0	358.0	observed
Q9P1Y6	1188	81.0	439.0	observed
Q9P1Z2	346	inf	inf	observed
Q9P1Z9	1533	inf	inf	observed
Q9P206	239	359.0	637.0	observed
Q9P206	598	278.0	359.0	observed
Q9P206	876	278.0	637.0	observed
Q9P209	529	inf	inf	observed
Q9P219	1877	inf	inf	observed
Q9P225	284	inf	inf	observed
Q9P227	180	1155.0	1159.0	observed
Q9P227	1335	4.0	42.0	observed
Q9P227	1339	4.0	38.0	observed
Q9P227	1377	10.0	38.0	observed
Q9P227	1387	10.0	48.0	observed
Q9P253	14	inf	inf	observed
Q9P258	22	4.0	6.0	observed
Q9P258	26	2.0	4.0	observed
Q9P258	28	2.0	6.0	observed
Q9P258	176	148.0	150.0	observed
Q9P258	431	89.0	255.0	observed
Q9P258	520	89.0	344.0	observed
Q9P266	57	117.0	inf	observed
Q9P266	174	117.0	inf	observed
Q9P270	51	14.0	338.0	observed
Q9P270	65	14.0	324.0	observed
Q9P270	389	83.0	149.0	observed
Q9P270	472	66.0	79.0	observed
Q9P270	538	13.0	66.0	observed
Q9P270	551	13.0	79.0	observed
Q9P278	573	inf	inf	observed
Q9P281	319	425.0	505.0	observed
Q9P281	744	80.0	82.0	observed
Q9P281	824	2.0	80.0	observed
Q9P281	826	2.0	82.0	observed
Q9P286	285	inf	inf	observed
Q9P287	7	1.0	inf	observed
Q9P287	8	1.0	inf	observed
Q9P289	290	inf	inf	observed
Q9P291	148	inf	inf	observed
Q9P2B2	280	inf	inf	observed
Q9P2B4	109	inf	inf	observed
Q9P2D0	936	1.0	inf	observed
Q9P2D0	937	1.0	inf	observed
Q9P2D1	148	47.0	61.0	observed
Q9P2D1	195	14.0	47.0	observed
Q9P2D1	209	14.0	41.0	observed
Q9P2D1	250	36.0	41.0	observed
Q9P2D1	286	9.0	26.0	observed
Q9P2D1	295	9.0	17.0	observed
Q9P2D1	312	17.0	26.0	observed
Q9P2D1	346	34.0	51.0	observed
Q9P2D1	414	34.0	68.0	observed
Q9P2D1	448	34.0	102.0	observed
Q9P2D1	1308	9.0	51.0	observed
Q9P2D1	1317	9.0	42.0	observed
Q9P2D1	1359	42.0	51.0	observed
Q9P2D3	189	inf	inf	observed
Q9P2E3	44	8.0	inf	observed
Q9P2E3	52	8.0	inf	observed
Q9P2E8	164	inf	inf	observed
Q9P2F5	460	inf	inf	observed
Q9P2I0	609	inf	inf	observed
Q9P2J2	1028	inf	inf	observed
Q9P2J5	78	480.0	593.0	observed
Q9P2J5	558	113.0	237.0	observed
Q9P2J5	671	113.0	124.0	observed
Q9P2J5	795	124.0	237.0	observed
Q9P2J5	1126	1.0	331.0	observed
Q9P2J5	1127	1.0	332.0	observed
Q9P2J9	123	inf	inf	observed
Q9P2K1	101	2.0	inf	observed
Q9P2K1	103	2.0	inf	observed
Q9P2K3	303	137.0	142.0	observed
Q9P2K3	440	5.0	17.0	observed
Q9P2K3	445	5.0	12.0	observed
Q9P2K3	457	12.0	17.0	observed
Q9P2K5	406	97.0	inf	observed
Q9P2K5	503	97.0	inf	observed
Q9P2K8	5	5.0	7.0	observed
Q9P2K8	10	2.0	5.0	observed
Q9P2K8	12	2.0	7.0	observed
Q9P2L0	521	inf	inf	observed
Q9P2M7	11	10.0	183.0	observed
Q9P2M7	21	10.0	173.0	observed
Q9P2M7	194	2.0	173.0	observed
Q9P2M7	196	2.0	175.0	observed
Q9P2M7	991	3.0	795.0	observed
Q9P2M7	994	3.0	798.0	observed
Q9P2N2	238	406.0	inf	observed
Q9P2N2	644	406.0	inf	observed
Q9P2N5	148	234.0	263.0	observed
Q9P2N5	382	29.0	45.0	observed
Q9P2N5	411	16.0	22.0	observed
Q9P2N5	427	6.0	15.0	observed
Q9P2N5	433	6.0	9.0	observed
Q9P2N5	442	9.0	13.0	observed
Q9P2N5	455	13.0	22.0	observed
Q9P2N5	505	10.0	50.0	observed
Q9P2N5	515	10.0	60.0	observed
Q9P2N5	665	3.0	150.0	observed
Q9P2N5	668	3.0	153.0	observed
Q9P2N5	935	8.0	26.0	observed
Q9P2N5	943	8.0	18.0	observed
Q9P2N5	961	2.0	18.0	observed
Q9P2N5	963	2.0	20.0	observed
Q9P2N6	4	4.0	147.0	observed
Q9P2N6	8	4.0	143.0	observed
Q9P2N6	151	143.0	147.0	observed
Q9P2N7	449	inf	inf	observed
Q9P2P6	3965	inf	inf	observed
Q9P2R3	446	inf	inf	observed
Q9P2R6	578	800.0	809.0	observed
Q9P2R6	1378	9.0	17.0	observed
Q9P2R6	1387	8.0	9.0	observed
Q9P2R6	1395	5.0	8.0	observed
Q9P2R6	1400	5.0	5.0	observed
Q9P2R6	1405	5.0	10.0	observed
Q9P2R6	1416	11.0	16.0	observed
Q9P2R7	106	inf	inf	observed
Q9P2Y4	444	inf	inf	observed
Q9UBB4	5	5.0	inf	observed
Q9UBB4	10	5.0	inf	observed
Q9UBB5	2	48.0	59.0	observed
Q9UBB5	50	11.0	19.0	observed
Q9UBB5	61	8.0	11.0	observed
Q9UBB5	69	8.0	19.0	observed
Q9UBB5	96	27.0	35.0	observed
Q9UBB9	70	96.0	inf	observed
Q9UBB9	166	96.0	inf	observed
Q9UBC1	251	36.0	40.0	observed
Q9UBC1	287	4.0	9.0	observed
Q9UBC1	291	4.0	5.0	observed
Q9UBC1	296	5.0	9.0	observed
Q9UBC3	823	3.0	inf	observed
Q9UBC3	826	3.0	inf	observed
Q9UBE0	21	3.0	inf	observed
Q9UBE0	24	3.0	inf	observed
Q9UBF2	32	53.0	inf	observed
Q9UBF2	85	53.0	inf	observed
Q9UBI9	289	44.0	inf	observed
Q9UBI9	333	44.0	inf	observed
Q9UBL0	284	371.0	inf	observed
Q9UBL0	655	371.0	inf	observed
Q9UBL3	296	92.0	102.0	observed
Q9UBL3	388	10.0	92.0	observed
Q9UBL3	398	10.0	102.0	observed
Q9UBP0	235	13.0	264.0	observed
Q9UBP0	248	13.0	251.0	observed
Q9UBP0	499	251.0	264.0	observed
Q9UBP6	24	inf	inf	observed
Q9UBQ6	12	inf	inf	observed
Q9UBR4	9	150.0	152.0	observed
Q9UBR4	159	2.0	150.0	observed
Q9UBR4	161	2.0	152.0	observed
Q9UBS3	136	inf	inf	observed
Q9UBS4	56	inf	inf	observed
Q9UBT2	210	inf	inf	observed
Q9UBT7	161	inf	inf	observed
Q9UBU6	9	inf	inf	observed
Q9UBU9	15	6.0	67.0	observed
Q9UBU9	21	6.0	61.0	observed
Q9UBU9	82	23.0	61.0	observed
Q9UBU9	105	23.0	84.0	observed
Q9UBV8	7	inf	inf	observed
Q9UBW8	243	22.0	inf	observed
Q9UBW8	265	22.0	inf	observed
Q9UD71	29	inf	inf	observed
Q9UDT6	22	inf	inf	observed
Q9UDX3	286	inf	inf	observed
Q9UDX5	154	inf	inf	observed
Q9UDY4	290	inf	inf	observed
Q9UEE5	25	inf	inf	observed
Q9UEE9	106	71.0	inf	observed
Q9UEE9	177	71.0	inf	observed
Q9UEG4	618	4.0	162.0	observed
Q9UEG4	622	4.0	158.0	observed
Q9UEG4	780	158.0	162.0	observed
Q9UEU0	107	17.0	22.0	observed
Q9UEU0	124	5.0	17.0	observed
Q9UEU0	129	5.0	22.0	observed
Q9UEY8	27	363.0	inf	observed
Q9UEY8	390	363.0	inf	observed
Q9UF33	599	inf	inf	observed
Q9UF83	279	117.0	171.0	observed
Q9UF83	396	54.0	72.0	observed
Q9UF83	450	18.0	54.0	observed
Q9UF83	468	18.0	72.0	observed
Q9UFD9	512	inf	inf	observed
Q9UFH2	416	inf	inf	observed
Q9UFP1	85	inf	inf	observed
Q9UFW8	26	inf	inf	observed
Q9UG01	264	903.0	inf	observed
Q9UG01	1167	903.0	inf	observed
Q9UG63	327	inf	inf	observed
Q9UGC7	245	inf	inf	observed
Q9UGL9	65	inf	inf	observed
Q9UGP4	72	3.0	63.0	observed
Q9UGP4	75	3.0	60.0	observed
Q9UGP4	135	60.0	63.0	observed
Q9UGP4	428	13.0	293.0	observed
Q9UGP4	441	13.0	306.0	observed
Q9UGP8	144	252.0	253.0	observed
Q9UGP8	396	1.0	252.0	observed
Q9UGP8	397	1.0	253.0	observed
Q9UGU0	60	964.0	inf	observed
Q9UGU0	1024	964.0	inf	observed
Q9UGY1	75	inf	inf	observed
Q9UH17	137	inf	inf	observed
Q9UH62	89	2.0	inf	observed
Q9UH62	91	2.0	inf	observed
Q9UH92	26	3.0	5.0	observed
Q9UH92	29	2.0	3.0	observed
Q9UH92	31	2.0	5.0	observed
Q9UHA3	2	inf	inf	observed
Q9UHB7	507	404.0	428.0	observed
Q9UHB7	911	24.0	404.0	observed
Q9UHB7	935	24.0	428.0	observed
Q9UHB9	31	inf	inf	observed
Q9UHC1	600	inf	inf	observed
Q9UHC7	95	inf	inf	observed
Q9UHD1	8	5.0	inf	observed
Q9UHD1	13	5.0	inf	observed
Q9UHD8	10	5.0	36.0	observed
Q9UHD8	15	5.0	31.0	observed
Q9UHD8	46	31.0	36.0	observed
Q9UHD8	290	195.0	244.0	observed
Q9UHD8	485	195.0	439.0	observed
Q9UHD9	249	21.0	inf	observed
Q9UHD9	270	21.0	inf	observed
Q9UHF3	91	inf	inf	observed
Q9UHI6	693	inf	inf	observed
Q9UHJ6	426	inf	inf	observed
Q9UHK0	126	inf	inf	observed
Q9UHQ4	232	inf	inf	observed
Q9UHR4	498	7.0	inf	observed
Q9UHR4	505	7.0	inf	observed
Q9UHR5	108	inf	inf	observed
Q9UHR6	55	264.0	inf	observed
Q9UHR6	319	264.0	inf	observed
Q9UHV7	70	952.0	inf	observed
Q9UHV7	1022	952.0	inf	observed
Q9UHV9	38	inf	inf	observed
Q9UHW9	1075	inf	inf	observed
Q9UHX1	551	inf	inf	observed
Q9UI10	374	inf	inf	observed
Q9UI14	32	inf	inf	observed
Q9UI15	196	inf	inf	observed
Q9UI30	14	5.0	10.0	observed
Q9UI30	19	5.0	5.0	observed
Q9UI30	24	5.0	10.0	observed
Q9UIA9	1020	inf	inf	observed
Q9UID3	160	194.0	inf	observed
Q9UID3	354	194.0	inf	observed
Q9UID6	17	inf	inf	observed
Q9UIF8	1021	886.0	inf	observed
Q9UIF8	1907	886.0	inf	observed
Q9UIF9	1210	176.0	177.0	observed
Q9UIF9	1386	1.0	176.0	observed
Q9UIF9	1387	1.0	177.0	observed
Q9UIF9	1768	8.0	19.0	observed
Q9UIF9	1776	8.0	11.0	observed
Q9UIF9	1787	11.0	19.0	observed
Q9UIG0	1477	inf	inf	observed
Q9UII2	35	6.0	22.0	observed
Q9UII2	41	6.0	16.0	observed
Q9UII2	57	16.0	22.0	observed
Q9UIJ7	48	inf	inf	observed
Q9UIQ6	904	inf	inf	observed
Q9UIS9	593	inf	inf	observed
Q9UIU6	198	2.0	inf	observed
Q9UIU6	200	2.0	inf	observed
Q9UJ96	140	inf	inf	observed
Q9UJA3	6	inf	inf	observed
Q9UJA5	417	inf	inf	observed
Q9UJC3	337	inf	inf	observed
Q9UJH8	263	inf	inf	observed
Q9UJK0	8	inf	inf	observed
Q9UJM3	12	inf	inf	observed
Q9UJU2	226	15.0	167.0	observed
Q9UJU2	241	15.0	152.0	observed
Q9UJU2	393	152.0	167.0	observed
Q9UJU3	106	12.0	inf	observed
Q9UJU3	118	12.0	inf	observed
Q9UJU6	282	inf	inf	observed
Q9UJV9	71	123.0	inf	observed
Q9UJV9	194	123.0	inf	observed
Q9UJW0	9	inf	inf	observed
Q9UJX2	290	inf	inf	observed
Q9UJX5	3	416.0	424.0	observed
Q9UJX5	419	8.0	416.0	observed
Q9UJX5	427	8.0	424.0	observed
Q9UJX6	720	inf	inf	observed
Q9UJY1	15	40.0	50.0	observed
Q9UJY1	55	10.0	16.0	observed
Q9UJY1	65	6.0	10.0	observed
Q9UJY1	71	6.0	7.0	observed
Q9UJY1	78	7.0	13.0	observed
Q9UJZ1	74	278.0	inf	observed
Q9UJZ1	352	278.0	inf	observed
Q9UK39	121	3.0	inf	observed
Q9UK39	124	3.0	inf	observed
Q9UK58	471	2.0	inf	observed
Q9UK58	473	2.0	inf	observed
Q9UK76	22	inf	inf	observed
Q9UK80	320	inf	inf	observed
Q9UK96	855	inf	inf	observed
Q9UKA8	222	inf	inf	observed
Q9UKB3	180	11.0	inf	observed
Q9UKB3	191	11.0	inf	observed
Q9UKB5	245	inf	inf	observed
Q9UKD1	363	inf	inf	observed
Q9UKD2	31	95.0	inf	observed
Q9UKD2	126	95.0	inf	observed
Q9UKE5	698	7.0	inf	observed
Q9UKE5	705	7.0	inf	observed
Q9UKF6	232	3.0	inf	observed
Q9UKF6	235	3.0	inf	observed
Q9UKJ3	1470	inf	inf	observed
Q9UKK3	1332	13.0	117.0	observed
Q9UKK3	1345	13.0	104.0	observed
Q9UKK3	1449	27.0	104.0	observed
Q9UKK3	1476	27.0	131.0	observed
Q9UKM9	126	5.0	15.0	observed
Q9UKM9	131	5.0	10.0	observed
Q9UKM9	141	10.0	15.0	observed
Q9UKM9	156	15.0	25.0	observed
Q9UKN7	540	4.0	13.0	observed
Q9UKN7	544	4.0	9.0	observed
Q9UKN7	553	9.0	10.0	observed
Q9UKN7	563	10.0	19.0	observed
Q9UKN7	1095	532.0	542.0	observed
Q9UKN8	149	92.0	inf	observed
Q9UKN8	241	92.0	inf	observed
Q9UKT5	144	inf	inf	observed
Q9UKV3	8	6.0	21.0	observed
Q9UKV3	14	6.0	15.0	observed
Q9UKV3	29	15.0	21.0	observed
Q9UKV3	87	58.0	73.0	observed
Q9UKV3	296	40.0	209.0	observed
Q9UKV3	336	40.0	188.0	observed
Q9UKV3	524	100.0	188.0	observed
Q9UKV3	624	100.0	288.0	observed
Q9UKV3	935	311.0	411.0	observed
Q9UKX2	1132	3.0	inf	observed
Q9UKX2	1135	3.0	inf	observed
Q9UKX7	45	1.0	inf	observed
Q9UKX7	46	1.0	inf	observed
Q9UKY7	24	inf	inf	observed
Q9UKZ1	41	19.0	inf	observed
Q9UKZ1	60	19.0	inf	observed
Q9UKZ4	37	inf	inf	observed
Q9UL25	16	163.0	inf	observed
Q9UL25	179	163.0	inf	observed
Q9UL46	8	inf	inf	observed
Q9UL49	178	inf	inf	observed
Q9ULB1	747	inf	inf	observed
Q9ULC8	441	inf	inf	observed
Q9ULD4	511	3.0	inf	observed
Q9ULD4	514	3.0	inf	observed
Q9ULD9	455	16.0	inf	observed
Q9ULD9	471	16.0	inf	observed
Q9ULE0	493	7.0	inf	observed
Q9ULE0	500	7.0	inf	observed
Q9ULE4	840	inf	inf	observed
Q9ULF5	306	inf	inf	observed
Q9ULG1	1424	5.0	inf	observed
Q9ULG1	1429	5.0	inf	observed
Q9ULH0	880	27.0	269.0	observed
Q9ULH0	907	27.0	242.0	observed
Q9ULH0	1149	242.0	269.0	observed
Q9ULH7	806	inf	inf	observed
Q9ULI4	4	843.0	1497.0	observed
Q9ULI4	847	654.0	774.0	observed
Q9ULI4	1501	120.0	146.0	observed
Q9ULI4	1621	26.0	120.0	observed
Q9ULI4	1647	26.0	146.0	observed
Q9ULJ3	398	inf	inf	observed
Q9ULJ6	394	44.0	inf	observed
Q9ULJ6	438	44.0	inf	observed
Q9ULK2	476	347.0	inf	observed
Q9ULK2	823	347.0	inf	observed
Q9ULL5	36	192.0	203.0	observed
Q9ULL5	228	11.0	177.0	observed
Q9ULL5	239	11.0	166.0	observed
Q9ULL5	405	166.0	177.0	observed
Q9ULL5	1155	696.0	750.0	observed
Q9ULL5	1851	696.0	1446.0	observed
Q9ULQ1	354	inf	inf	observed
Q9ULR3	213	inf	inf	observed
Q9ULT8	114	102.0	239.0	observed
Q9ULT8	216	102.0	137.0	observed
Q9ULT8	353	137.0	239.0	observed
Q9ULT8	1015	662.0	799.0	observed
Q9ULU4	555	inf	inf	observed
Q9ULV3	156	inf	inf	observed
Q9ULV4	28	263.0	inf	observed
Q9ULV4	291	263.0	inf	observed
Q9ULW3	82	3.0	51.0	observed
Q9ULW3	85	3.0	48.0	observed
Q9ULW3	133	48.0	51.0	observed
Q9ULX3	345	5.0	51.0	observed
Q9ULX3	350	5.0	46.0	observed
Q9ULX3	396	46.0	51.0	observed
Q9ULX6	131	40.0	48.0	observed
Q9ULX6	171	8.0	14.0	observed
Q9ULX6	179	6.0	8.0	observed
Q9ULX6	185	3.0	6.0	observed
Q9ULX6	188	3.0	3.0	observed
Q9ULX6	191	3.0	6.0	observed
Q9ULX6	199	8.0	9.0	observed
Q9ULX6	208	9.0	9.0	observed
Q9ULX6	217	9.0	18.0	observed
Q9ULX6	237	10.0	20.0	observed
Q9ULX6	247	10.0	25.0	observed
Q9ULX6	272	25.0	35.0	observed
Q9ULX6	397	125.0	150.0	observed
Q9UM47	2174	inf	inf	observed
Q9UM63	414	inf	inf	observed
Q9UMN6	17	16.0	19.0	observed
Q9UMN6	33	3.0	15.0	observed
Q9UMN6	36	3.0	12.0	observed
Q9UMN6	48	1.0	12.0	observed
Q9UMN6	49	1.0	13.0	observed
Q9UMN6	93	44.0	45.0	observed
Q9UMN6	181	7.0	36.0	observed
Q9UMN6	188	7.0	29.0	observed
Q9UMN6	217	5.0	29.0	observed
Q9UMN6	222	5.0	34.0	observed
Q9UMN6	280	58.0	63.0	observed
Q9UMN6	962	682.0	740.0	observed
Q9UMR2	199	inf	inf	observed
Q9UMS0	7	77.0	inf	observed
Q9UMS0	84	77.0	inf	observed
Q9UMS4	187	inf	inf	observed
Q9UMS5	243	5.0	inf	observed
Q9UMS5	248	5.0	inf	observed
Q9UMX0	253	4.0	inf	observed
Q9UMX0	257	4.0	inf	observed
Q9UMX5	84	inf	inf	observed
Q9UMY4	11	33.0	35.0	observed
Q9UMY4	44	2.0	33.0	observed
Q9UMY4	46	2.0	35.0	observed
Q9UMY4	120	33.0	74.0	observed
Q9UMY4	153	33.0	107.0	observed
Q9UN36	247	inf	inf	observed
Q9UN42	294	inf	inf	observed
Q9UN81	101	4.0	inf	observed
Q9UN81	105	4.0	inf	observed
Q9UN86	32	386.0	400.0	observed
Q9UN86	418	14.0	20.0	observed
Q9UN86	432	6.0	14.0	observed
Q9UN86	438	6.0	9.0	observed
Q9UN86	447	5.0	9.0	observed
Q9UN86	452	5.0	5.0	observed
Q9UN86	457	5.0	10.0	observed
Q9UN86	468	8.0	11.0	observed
Q9UN86	476	8.0	19.0	observed
Q9UNE7	35	49.0	50.0	observed
Q9UNE7	84	1.0	49.0	observed
Q9UNE7	85	1.0	50.0	observed
Q9UNE7	140	55.0	56.0	observed
Q9UNF0	64	220.0	inf	observed
Q9UNF0	284	220.0	inf	observed
Q9UNF1	219	8.0	20.0	observed
Q9UNF1	227	8.0	12.0	observed
Q9UNF1	239	12.0	20.0	observed
Q9UNH7	17	206.0	inf	observed
Q9UNH7	223	206.0	inf	observed
Q9UNK0	78	inf	inf	observed
Q9UNN5	588	inf	inf	observed
Q9UNS1	246	21.0	25.0	observed
Q9UNS1	267	4.0	21.0	observed
Q9UNS1	271	4.0	25.0	observed
Q9UNS1	305	34.0	38.0	observed
Q9UNS1	813	508.0	542.0	observed
Q9UNX3	11	6.0	15.0	observed
Q9UNX3	17	6.0	9.0	observed
Q9UNX3	26	9.0	15.0	observed
Q9UNX3	59	25.0	33.0	observed
Q9UNX3	84	25.0	58.0	observed
Q9UNY4	389	487.0	501.0	observed
Q9UNY4	876	14.0	487.0	observed
Q9UNY4	890	14.0	501.0	observed
Q9UNZ2	93	106.0	121.0	observed
Q9UNZ2	199	15.0	16.0	observed
Q9UNZ2	214	1.0	9.0	observed
Q9UNZ2	215	1.0	8.0	observed
Q9UNZ2	223	8.0	9.0	observed
Q9UP83	147	162.0	167.0	observed
Q9UP83	309	5.0	162.0	observed
Q9UP83	314	5.0	167.0	observed
Q9UPA5	2046	305.0	613.0	observed
Q9UPA5	2351	305.0	308.0	observed
Q9UPA5	2659	308.0	613.0	observed
Q9UPA5	3750	1091.0	1399.0	observed
Q9UPN3	1749	3040.0	5267.0	observed
Q9UPN3	4789	2227.0	2572.0	observed
Q9UPN3	7016	345.0	2227.0	observed
Q9UPN3	7361	345.0	2572.0	observed
Q9UPN4	1007	inf	inf	observed
Q9UPN6	512	405.0	415.0	observed
Q9UPN6	917	10.0	21.0	observed
Q9UPN6	927	10.0	11.0	observed
Q9UPN6	938	11.0	21.0	observed
Q9UPN6	967	14.0	21.0	observed
Q9UPN6	981	7.0	14.0	observed
Q9UPN6	988	7.0	21.0	observed
Q9UPN6	1046	16.0	27.0	observed
Q9UPN6	1062	11.0	16.0	observed
Q9UPN6	1073	11.0	27.0	observed
Q9UPN6	1120	2.0	4.0	observed
Q9UPN6	1122	2.0	2.0	observed
Q9UPN6	1124	2.0	4.0	observed
Q9UPN6	1129	4.0	5.0	observed
Q9UPN6	1133	4.0	6.0	observed
Q9UPN6	1139	6.0	10.0	observed
Q9UPN9	440	18.0	75.0	observed
Q9UPN9	458	18.0	57.0	observed
Q9UPN9	515	20.0	40.0	observed
Q9UPN9	535	20.0	20.0	observed
Q9UPN9	555	20.0	22.0	observed
Q9UPN9	577	14.0	21.0	observed
Q9UPN9	591	7.0	13.0	observed
Q9UPN9	598	6.0	7.0	observed
Q9UPN9	604	6.0	13.0	observed
Q9UPQ9	1209	16.0	97.0	observed
Q9UPQ9	1225	16.0	81.0	observed
Q9UPQ9	1306	9.0	81.0	observed
Q9UPQ9	1315	9.0	90.0	observed
Q9UPQ9	1429	114.0	123.0	observed
Q9UPQ9	1620	3.0	11.0	observed
Q9UPQ9	1623	3.0	8.0	observed
Q9UPQ9	1631	8.0	11.0	observed
Q9UPR0	6	inf	inf	observed
Q9UPR6	691	inf	inf	observed
Q9UPS6	278	14.0	1260.0	observed
Q9UPS6	292	14.0	1246.0	observed
Q9UPS6	1538	9.0	1246.0	observed
Q9UPS6	1547	9.0	1255.0	observed
Q9UPS8	43	2.0	inf	observed
Q9UPS8	45	2.0	inf	observed
Q9UPT6	84	17.0	18.0	observed
Q9UPT6	101	1.0	17.0	observed
Q9UPT6	102	1.0	18.0	observed
Q9UPT6	219	117.0	118.0	observed
Q9UPT8	228	42.0	98.0	observed
Q9UPT8	270	42.0	56.0	observed
Q9UPT8	326	2.0	19.0	observed
Q9UPT8	328	2.0	17.0	observed
Q9UPT8	345	17.0	19.0	observed
Q9UPT8	589	244.0	261.0	observed
Q9UPT9	208	277.0	inf	observed
Q9UPT9	485	277.0	inf	observed
Q9UPU5	85	inf	inf	observed
Q9UPU7	238	inf	inf	observed
Q9UPU9	573	31.0	inf	observed
Q9UPU9	604	31.0	inf	observed
Q9UPV0	1249	132.0	inf	observed
Q9UPV0	1381	132.0	inf	observed
Q9UPV9	728	36.0	inf	observed
Q9UPV9	764	36.0	inf	observed
Q9UPW5	1121	inf	inf	observed
Q9UPW6	283	25.0	64.0	observed
Q9UPW6	308	25.0	39.0	observed
Q9UPW6	347	39.0	64.0	observed
Q9UPZ6	277	inf	inf	observed
Q9UQ16	217	inf	inf	observed
Q9UQ26	10	1036.0	inf	observed
Q9UQ26	1046	1036.0	inf	observed
Q9UQ35	11	10.0	16.0	observed
Q9UQ35	21	6.0	8.0	observed
Q9UQ35	27	2.0	3.0	observed
Q9UQ35	29	1.0	2.0	observed
Q9UQ35	30	1.0	3.0	observed
Q9UQ35	33	3.0	4.0	observed
Q9UQ35	1195	632.0	729.0	observed
Q9UQ35	1827	97.0	302.0	observed
Q9UQ35	1924	97.0	205.0	observed
Q9UQ35	2129	34.0	65.0	observed
Q9UQ35	2163	31.0	34.0	observed
Q9UQ35	2194	13.0	27.0	observed
Q9UQ35	2207	13.0	14.0	observed
Q9UQ35	2221	10.0	14.0	observed
Q9UQ35	2231	10.0	15.0	observed
Q9UQ35	2246	15.0	25.0	observed
Q9UQ35	2274	14.0	27.0	observed
Q9UQ35	2288	13.0	14.0	observed
Q9UQ35	2301	13.0	27.0	observed
Q9UQ35	2328	14.0	27.0	observed
Q9UQ35	2342	14.0	14.0	observed
Q9UQ35	2356	14.0	14.0	observed
Q9UQ35	2370	14.0	14.0	observed
Q9UQ35	2384	8.0	14.0	observed
Q9UQ35	2392	8.0	22.0	observed
Q9UQ35	2460	68.0	76.0	observed
Q9UQ35	2698	238.0	306.0	observed
Q9UQ80	30	241.0	242.0	observed
Q9UQ80	271	1.0	10.0	observed
Q9UQ80	272	1.0	9.0	observed
Q9UQ80	281	9.0	10.0	observed
Q9UQB8	373	3.0	inf	observed
Q9UQB8	376	3.0	inf	observed
Q9UQE7	72	83.0	164.0	observed
Q9UQE7	155	81.0	83.0	observed
Q9UQE7	236	36.0	81.0	observed
Q9UQE7	272	36.0	51.0	observed
Q9UQE7	323	51.0	87.0	observed
Q9UQE7	453	130.0	143.0	observed
Q9UQE7	596	48.0	76.0	observed
Q9UQE7	644	28.0	48.0	observed
Q9UQE7	672	28.0	76.0	observed
Q9UQE7	837	14.0	165.0	observed
Q9UQE7	851	14.0	158.0	observed
Q9UQE7	1009	70.0	158.0	observed
Q9UQE7	1079	70.0	228.0	observed
Q9UQF2	86	inf	inf	observed
Q9UQN3	22	inf	inf	observed
Q9UQQ1	676	inf	inf	observed
Q9UQR1	734	inf	inf	observed
Q9Y215	182	inf	inf	observed
Q9Y217	5	inf	inf	observed
Q9Y221	30	13.0	inf	observed
Q9Y221	43	13.0	inf	observed
Q9Y224	65	inf	inf	observed
Q9Y230	29	96.0	307.0	observed
Q9Y230	125	96.0	211.0	observed
Q9Y230	336	17.0	211.0	observed
Q9Y230	353	17.0	228.0	observed
Q9Y242	14	147.0	inf	observed
Q9Y242	161	147.0	inf	observed
Q9Y247	156	139.0	inf	observed
Q9Y247	295	139.0	inf	observed
Q9Y252	220	16.0	27.0	observed
Q9Y252	236	11.0	16.0	observed
Q9Y252	247	11.0	27.0	observed
Q9Y263	303	inf	inf	observed
Q9Y265	205	152.0	157.0	observed
Q9Y265	357	5.0	152.0	observed
Q9Y265	362	5.0	157.0	observed
Q9Y283	726	8.0	73.0	observed
Q9Y283	734	8.0	65.0	observed
Q9Y283	799	11.0	65.0	observed
Q9Y283	810	11.0	76.0	observed
Q9Y285	12	1.0	112.0	observed
Q9Y285	13	1.0	111.0	observed
Q9Y285	124	3.0	14.0	observed
Q9Y285	127	3.0	11.0	observed
Q9Y285	138	1.0	6.0	observed
Q9Y285	139	1.0	5.0	observed
Q9Y285	144	5.0	6.0	observed
Q9Y285	355	211.0	216.0	observed
Q9Y2A7	23	inf	inf	observed
Q9Y2B0	88	inf	inf	observed
Q9Y2B4	224	4.0	inf	observed
Q9Y2B4	228	4.0	inf	observed
Q9Y2D8	239	inf	inf	observed
Q9Y2H1	452	inf	inf	observed
Q9Y2H5	326	9.0	119.0	observed
Q9Y2H5	335	9.0	110.0	observed
Q9Y2H5	445	24.0	35.0	observed
Q9Y2H5	469	11.0	24.0	observed
Q9Y2H5	480	11.0	35.0	observed
Q9Y2H5	677	197.0	208.0	observed
Q9Y2H6	113	21.0	inf	observed
Q9Y2H6	134	21.0	inf	observed
Q9Y2H9	767	inf	inf	observed
Q9Y2J4	197	306.0	inf	observed
Q9Y2J4	503	306.0	inf	observed
Q9Y2K2	567	2.0	409.0	observed
Q9Y2K2	569	2.0	407.0	observed
Q9Y2K2	976	10.0	407.0	observed
Q9Y2K2	986	10.0	417.0	observed
Q9Y2L1	12	132.0	135.0	observed
Q9Y2L1	144	3.0	6.0	observed
Q9Y2L1	147	3.0	3.0	observed
Q9Y2L1	150	3.0	6.0	observed
Q9Y2L1	178	1.0	28.0	observed
Q9Y2L1	179	1.0	29.0	observed
Q9Y2L1	210	31.0	32.0	observed
Q9Y2L1	611	401.0	432.0	observed
Q9Y2L6	656	15.0	inf	observed
Q9Y2L6	671	15.0	inf	observed
Q9Y2P4	341	inf	inf	observed
Q9Y2P8	118	89.0	inf	observed
Q9Y2P8	207	89.0	inf	observed
Q9Y2R0	14	inf	inf	observed
Q9Y2R4	27	inf	inf	observed
Q9Y2R9	177	1.0	inf	observed
Q9Y2R9	178	1.0	inf	observed
Q9Y2S7	218	inf	inf	observed
Q9Y2U8	537	237.0	238.0	observed
Q9Y2U8	774	1.0	237.0	observed
Q9Y2U8	775	1.0	238.0	observed
Q9Y2V2	49	inf	inf	observed
Q9Y2W1	62	4.0	9.0	observed
Q9Y2W1	66	4.0	5.0	observed
Q9Y2W1	71	3.0	5.0	observed
Q9Y2W1	74	3.0	4.0	observed
Q9Y2W1	78	3.0	4.0	observed
Q9Y2W1	81	1.0	3.0	observed
Q9Y2W1	82	1.0	4.0	observed
Q9Y2W1	91	9.0	10.0	observed
Q9Y2W1	101	7.0	10.0	observed
Q9Y2W1	108	7.0	7.0	observed
Q9Y2W1	115	7.0	14.0	observed
Q9Y2W1	513	289.0	312.0	observed
Q9Y2W1	802	23.0	27.0	observed
Q9Y2W1	825	4.0	6.0	observed
Q9Y2W1	829	2.0	4.0	observed
Q9Y2W1	831	2.0	6.0	observed
Q9Y2W1	837	4.0	6.0	observed
Q9Y2W1	841	4.0	4.0	observed
Q9Y2W1	845	4.0	8.0	observed
Q9Y2W1	886	11.0	13.0	observed
Q9Y2W1	897	2.0	4.0	observed
Q9Y2W1	899	2.0	2.0	observed
Q9Y2W1	901	2.0	4.0	observed
Q9Y2W1	908	2.0	7.0	observed
Q9Y2W1	910	2.0	9.0	observed
Q9Y2W2	178	14.0	307.0	observed
Q9Y2W2	192	14.0	293.0	observed
Q9Y2W2	485	92.0	293.0	observed
Q9Y2W2	577	92.0	385.0	observed
Q9Y2W6	142	59.0	inf	observed
Q9Y2W6	201	59.0	inf	observed
Q9Y2X3	278	123.0	inf	observed
Q9Y2X3	401	123.0	inf	observed
Q9Y2X9	403	1.0	inf	observed
Q9Y2X9	404	1.0	inf	observed
Q9Y2Y0	162	inf	inf	observed
Q9Y2Z0	285	inf	inf	observed
Q9Y2Z4	118	190.0	inf	observed
Q9Y2Z4	308	190.0	inf	observed
Q9Y303	2	17.0	inf	observed
Q9Y303	19	17.0	inf	observed
Q9Y314	112	105.0	166.0	observed
Q9Y314	217	61.0	105.0	observed
Q9Y314	278	61.0	166.0	observed
Q9Y324	188	9.0	inf	observed
Q9Y324	197	9.0	inf	observed
Q9Y371	204	inf	inf	observed
Q9Y376	209	104.0	inf	observed
Q9Y376	313	104.0	inf	observed
Q9Y383	34	248.0	252.0	observed
Q9Y383	282	4.0	6.0	observed
Q9Y383	286	2.0	4.0	observed
Q9Y383	288	2.0	6.0	observed
Q9Y3A2	170	inf	inf	observed
Q9Y3A5	11	8.0	124.0	observed
Q9Y3A5	19	8.0	116.0	observed
Q9Y3A5	135	116.0	124.0	observed
Q9Y3B2	6	7.0	inf	observed
Q9Y3B2	13	7.0	inf	observed
Q9Y3B7	76	inf	inf	observed
Q9Y3B8	9	3.0	202.0	observed
Q9Y3B8	12	3.0	199.0	observed
Q9Y3B8	211	199.0	202.0	observed
Q9Y3C6	72	inf	inf	observed
Q9Y3C7	15	inf	inf	observed
Q9Y3D3	13	59.0	61.0	observed
Q9Y3D3	72	2.0	59.0	observed
Q9Y3D3	74	2.0	61.0	observed
Q9Y3D9	21	112.0	113.0	observed
Q9Y3D9	133	1.0	112.0	observed
Q9Y3D9	134	1.0	113.0	observed
Q9Y3I0	51	30.0	240.0	observed
Q9Y3I0	81	30.0	210.0	observed
Q9Y3I0	291	210.0	240.0	observed
Q9Y3I1	451	28.0	30.0	observed
Q9Y3I1	479	2.0	19.0	observed
Q9Y3I1	481	2.0	17.0	observed
Q9Y3I1	498	6.0	10.0	observed
Q9Y3I1	504	4.0	6.0	observed
Q9Y3I1	508	4.0	10.0	observed
Q9Y3M8	267	inf	inf	observed
Q9Y3R0	435	inf	inf	observed
Q9Y3R4	314	inf	inf	observed
Q9Y3S2	237	inf	inf	observed
Q9Y3T6	108	12.0	15.0	observed
Q9Y3T6	120	3.0	12.0	observed
Q9Y3T6	123	3.0	15.0	observed
Q9Y3T6	141	18.0	21.0	observed
Q9Y3U8	4	51.0	52.0	observed
Q9Y3U8	55	1.0	43.0	observed
Q9Y3U8	56	1.0	42.0	observed
Q9Y3U8	98	42.0	43.0	observed
Q9Y3X0	94	8.0	13.0	observed
Q9Y3X0	102	5.0	8.0	observed
Q9Y3X0	107	3.0	5.0	observed
Q9Y3X0	110	3.0	8.0	observed
Q9Y3X0	121	7.0	9.0	observed
Q9Y3X0	128	2.0	3.0	observed
Q9Y3X0	130	1.0	2.0	observed
Q9Y3X0	131	1.0	2.0	observed
Q9Y3X0	133	2.0	2.0	observed
Q9Y3X0	135	2.0	4.0	observed
Q9Y3X0	221	22.0	86.0	observed
Q9Y3X0	243	22.0	108.0	observed
Q9Y3Y2	51	36.0	39.0	observed
Q9Y3Y2	87	3.0	10.0	observed
Q9Y3Y2	90	3.0	7.0	observed
Q9Y3Y2	97	6.0	7.0	observed
Q9Y3Y2	103	6.0	7.0	observed
Q9Y3Y2	110	4.0	7.0	observed
Q9Y3Y2	114	4.0	4.0	observed
Q9Y3Y2	118	3.0	4.0	observed
Q9Y3Y2	121	3.0	7.0	observed
Q9Y3Y2	128	6.0	7.0	observed
Q9Y3Y2	134	6.0	6.0	observed
Q9Y3Y2	140	3.0	6.0	observed
Q9Y3Y2	143	3.0	5.0	observed
Q9Y3Y2	148	4.0	5.0	observed
Q9Y3Y2	152	1.0	4.0	observed
Q9Y3Y2	153	1.0	4.0	observed
Q9Y3Y2	157	2.0	4.0	observed
Q9Y3Y2	159	2.0	5.0	observed
Q9Y3Y2	164	5.0	5.0	observed
Q9Y3Y2	169	5.0	5.0	observed
Q9Y3Y2	174	5.0	6.0	observed
Q9Y3Y2	180	2.0	6.0	observed
Q9Y3Y2	182	2.0	5.0	observed
Q9Y3Y2	187	2.0	5.0	observed
Q9Y3Y2	189	2.0	6.0	observed
Q9Y3Y2	195	4.0	6.0	observed
Q9Y3Y2	199	4.0	4.0	observed
Q9Y3Y2	203	4.0	5.0	observed
Q9Y3Y2	208	5.0	9.0	observed
Q9Y446	81	180.0	inf	observed
Q9Y446	261	180.0	inf	observed
Q9Y450	124	inf	inf	observed
Q9Y467	413	inf	inf	observed
Q9Y483	480	inf	inf	observed
Q9Y485	315	2419.0	inf	observed
Q9Y485	2734	2419.0	inf	observed
Q9Y490	74	72.0	121.0	observed
Q9Y490	146	49.0	72.0	observed
Q9Y490	195	49.0	121.0	observed
Q9Y490	889	2.0	9.0	observed
Q9Y490	891	2.0	7.0	observed
Q9Y490	898	7.0	9.0	observed
Q9Y490	1035	137.0	144.0	observed
Q9Y490	2177	20.0	56.0	observed
Q9Y490	2197	20.0	36.0	observed
Q9Y490	2233	2.0	36.0	observed
Q9Y490	2235	2.0	38.0	observed
Q9Y490	2538	303.0	305.0	observed
Q9Y4A5	3618	inf	inf	observed
Q9Y4B4	483	762.0	769.0	observed
Q9Y4B4	1245	7.0	150.0	observed
Q9Y4B4	1252	7.0	143.0	observed
Q9Y4B4	1395	38.0	143.0	observed
Q9Y4B4	1433	38.0	181.0	observed
Q9Y4B5	118	185.0	192.0	observed
Q9Y4B5	303	7.0	185.0	observed
Q9Y4B5	310	7.0	192.0	observed
Q9Y4B5	1295	9.0	12.0	observed
Q9Y4B5	1304	3.0	9.0	observed
Q9Y4B5	1307	3.0	12.0	observed
Q9Y4C0	88	inf	inf	observed
Q9Y4C2	709	inf	inf	observed
Q9Y4D1	9	inf	inf	observed
Q9Y4E5	158	inf	inf	observed
Q9Y4E6	933	inf	inf	observed
Q9Y4E8	946	inf	inf	observed
Q9Y4F4	27	10.0	24.0	observed
Q9Y4F4	37	10.0	14.0	observed
Q9Y4F4	51	14.0	24.0	observed
Q9Y4F5	602	7.0	179.0	observed
Q9Y4F5	609	7.0	172.0	observed
Q9Y4F5	781	2.0	172.0	observed
Q9Y4F5	783	2.0	174.0	observed
Q9Y4F5	1022	5.0	239.0	observed
Q9Y4F5	1027	5.0	244.0	observed
Q9Y4G2	468	6.0	11.0	observed
Q9Y4G2	474	5.0	6.0	observed
Q9Y4G2	479	5.0	11.0	observed
Q9Y4H2	396	5.0	16.0	observed
Q9Y4H2	401	5.0	11.0	observed
Q9Y4H2	412	11.0	16.0	observed
Q9Y4H2	429	17.0	28.0	observed
Q9Y4H2	569	3.0	140.0	observed
Q9Y4H2	572	3.0	143.0	observed
Q9Y4H2	871	5.0	13.0	observed
Q9Y4H2	876	5.0	8.0	observed
Q9Y4H2	884	2.0	8.0	observed
Q9Y4H2	886	2.0	10.0	observed
Q9Y4I1	623	1184.0	inf	observed
Q9Y4I1	1807	1184.0	inf	observed
Q9Y4K4	14	inf	inf	observed
Q9Y4L1	79	183.0	199.0	observed
Q9Y4L1	262	16.0	183.0	observed
Q9Y4L1	278	16.0	199.0	observed
Q9Y4L1	900	622.0	638.0	observed
Q9Y4L5	120	5.0	inf	observed
Q9Y4L5	125	5.0	inf	observed
Q9Y4P1	118	inf	inf	observed
Q9Y4P3	112	282.0	inf	observed
Q9Y4P3	394	282.0	inf	observed
Q9Y4R8	250	inf	inf	observed
Q9Y4W2	435	13.0	inf	observed
Q9Y4W2	448	13.0	inf	observed
Q9Y4W6	624	27.0	inf	observed
Q9Y4W6	651	27.0	inf	observed
Q9Y4Z0	62	26.0	28.0	observed
Q9Y4Z0	88	2.0	14.0	observed
Q9Y4Z0	90	2.0	12.0	observed
Q9Y4Z0	102	7.0	12.0	observed
Q9Y4Z0	109	6.0	7.0	observed
Q9Y4Z0	115	2.0	6.0	observed
Q9Y4Z0	117	2.0	8.0	observed
Q9Y4Z0	125	8.0	10.0	observed
Q9Y4Z2	68	inf	inf	observed
Q9Y519	377	8.0	inf	observed
Q9Y519	385	8.0	inf	observed
Q9Y520	53	189.0	202.0	observed
Q9Y520	242	13.0	24.0	observed
Q9Y520	255	11.0	13.0	observed
Q9Y520	266	11.0	13.0	observed
Q9Y520	279	2.0	13.0	observed
Q9Y520	281	2.0	12.0	observed
Q9Y520	293	12.0	14.0	observed
Q9Y520	400	22.0	107.0	observed
Q9Y520	422	22.0	129.0	observed
Q9Y520	715	32.0	89.0	observed
Q9Y520	747	32.0	57.0	observed
Q9Y520	804	29.0	57.0	observed
Q9Y520	833	29.0	86.0	observed
Q9Y520	1177	9.0	11.0	observed
Q9Y520	1186	2.0	4.0	observed
Q9Y520	1188	2.0	2.0	observed
Q9Y520	1190	2.0	4.0	observed
Q9Y520	1196	2.0	6.0	observed
Q9Y520	1198	2.0	8.0	observed
Q9Y520	1207	5.0	9.0	observed
Q9Y520	1212	5.0	14.0	observed
Q9Y520	1342	2.0	7.0	observed
Q9Y520	1344	2.0	5.0	observed
Q9Y520	1349	1.0	4.0	observed
Q9Y520	1350	1.0	3.0	observed
Q9Y520	1353	3.0	4.0	observed
Q9Y520	1358	5.0	8.0	observed
Q9Y520	1367	9.0	14.0	observed
Q9Y520	1551	14.0	184.0	observed
Q9Y520	1565	14.0	198.0	observed
Q9Y520	1959	133.0	394.0	observed
Q9Y520	2092	133.0	455.0	observed
Q9Y520	2547	90.0	132.0	observed
Q9Y520	2637	42.0	52.0	observed
Q9Y520	2679	10.0	40.0	observed
Q9Y520	2689	10.0	30.0	observed
Q9Y520	2719	30.0	40.0	observed
Q9Y520	2795	19.0	28.0	observed
Q9Y520	2814	9.0	19.0	observed
Q9Y520	2823	9.0	28.0	observed
Q9Y561	432	inf	inf	observed
Q9Y566	76	811.0	inf	observed
Q9Y566	887	811.0	inf	observed
Q9Y570	16	309.0	inf	observed
Q9Y570	325	309.0	inf	observed
Q9Y572	486	22.0	inf	observed
Q9Y572	508	22.0	inf	observed
Q9Y577	48	inf	inf	observed
Q9Y580	143	9.0	47.0	observed
Q9Y580	152	9.0	38.0	observed
Q9Y580	190	8.0	11.0	observed
Q9Y580	198	3.0	8.0	observed
Q9Y580	201	3.0	10.0	observed
Q9Y580	211	4.0	10.0	observed
Q9Y580	215	4.0	14.0	observed
Q9Y580	229	14.0	18.0	observed
Q9Y597	86	inf	inf	observed
Q9Y5A9	357	36.0	inf	observed
Q9Y5A9	393	36.0	inf	observed
Q9Y5B0	81	832.0	835.0	observed
Q9Y5B0	913	3.0	832.0	observed
Q9Y5B0	916	3.0	835.0	observed
Q9Y5B8	174	inf	inf	observed
Q9Y5B9	456	304.0	558.0	observed
Q9Y5B9	760	254.0	269.0	observed
Q9Y5B9	1014	15.0	19.0	observed
Q9Y5B9	1029	4.0	7.0	observed
Q9Y5B9	1033	3.0	4.0	observed
Q9Y5B9	1036	3.0	7.0	observed
Q9Y5E7	81	inf	inf	observed
Q9Y5F9	206	16.0	inf	observed
Q9Y5F9	222	16.0	inf	observed
Q9Y5H7	170	26.0	inf	observed
Q9Y5H7	196	26.0	inf	observed
Q9Y5J1	109	inf	inf	observed
Q9Y5K6	412	inf	inf	observed
Q9Y5K8	6	7.0	inf	observed
Q9Y5K8	13	7.0	inf	observed
Q9Y5L4	72	inf	inf	observed
Q9Y5M8	109	inf	inf	observed
Q9Y5N6	29	36.0	inf	observed
Q9Y5N6	65	36.0	inf	observed
Q9Y5P6	357	inf	inf	observed
Q9Y5Q9	150	125.0	inf	observed
Q9Y5Q9	275	125.0	inf	observed
Q9Y5R2	8	20.0	inf	observed
Q9Y5R2	28	20.0	inf	observed
Q9Y5R6	52	inf	inf	observed
Q9Y5R8	129	inf	inf	observed
Q9Y5S2	671	inf	inf	observed
Q9Y5S9	38	70.0	71.0	observed
Q9Y5S9	108	1.0	70.0	observed
Q9Y5S9	109	1.0	71.0	observed
Q9Y5U2	139	81.0	101.0	observed
Q9Y5U2	220	20.0	81.0	observed
Q9Y5U2	240	20.0	72.0	observed
Q9Y5U2	312	4.0	72.0	observed
Q9Y5U2	316	4.0	76.0	observed
Q9Y5V3	267	47.0	337.0	observed
Q9Y5V3	314	47.0	290.0	observed
Q9Y5V3	604	290.0	337.0	observed
Q9Y5X1	191	inf	inf	observed
Q9Y5Y2	67	7.0	inf	observed
Q9Y5Y2	74	7.0	inf	observed
Q9Y5Z4	41	inf	inf	observed
Q9Y608	8	318.0	inf	observed
Q9Y608	326	318.0	inf	observed
Q9Y613	1044	inf	inf	observed
Q9Y617	5	40.0	92.0	observed
Q9Y617	45	40.0	52.0	observed
Q9Y617	97	52.0	92.0	observed
Q9Y617	222	114.0	125.0	observed
Q9Y617	336	114.0	239.0	observed
Q9Y618	18	1208.0	1334.0	observed
Q9Y618	1226	126.0	330.0	observed
Q9Y618	1352	126.0	204.0	observed
Q9Y618	1556	7.0	12.0	observed
Q9Y618	1563	5.0	7.0	observed
Q9Y618	1568	5.0	12.0	observed
Q9Y618	1616	9.0	23.0	observed
Q9Y618	1625	9.0	14.0	observed
Q9Y618	1639	14.0	14.0	observed
Q9Y618	1653	14.0	18.0	observed
Q9Y618	1671	11.0	18.0	observed
Q9Y618	1682	11.0	24.0	observed
Q9Y618	1706	5.0	10.0	observed
Q9Y618	1711	5.0	5.0	observed
Q9Y618	1716	5.0	10.0	observed
Q9Y618	1729	13.0	18.0	observed
Q9Y618	1757	28.0	41.0	observed
Q9Y620	244	inf	inf	observed
Q9Y623	1130	inf	inf	observed
Q9Y624	86	inf	inf	observed
Q9Y651	147	inf	inf	observed
Q9Y657	117	5.0	inf	observed
Q9Y657	122	5.0	inf	observed
Q9Y664	38	inf	inf	observed
Q9Y678	85	219.0	274.0	observed
Q9Y678	304	55.0	184.0	observed
Q9Y678	359	55.0	129.0	observed
Q9Y678	488	129.0	184.0	observed
Q9Y692	285	inf	inf	observed
Q9Y696	142	85.0	inf	observed
Q9Y696	227	85.0	inf	observed
Q9Y6A4	170	inf	inf	observed
Q9Y6A5	193	1.0	inf	observed
Q9Y6A5	194	1.0	inf	observed
Q9Y6B7	206	inf	inf	observed
Q9Y6D6	1380	inf	inf	observed
Q9Y6G9	111	300.0	390.0	observed
Q9Y6G9	411	90.0	93.0	observed
Q9Y6G9	501	3.0	90.0	observed
Q9Y6G9	504	3.0	93.0	observed
Q9Y6H1	27	inf	inf	observed
Q9Y6I3	534	inf	inf	observed
Q9Y6J0	1831	11.0	inf	observed
Q9Y6J0	1842	11.0	inf	observed
Q9Y6J9	381	6.0	174.0	observed
Q9Y6J9	387	6.0	168.0	observed
Q9Y6J9	555	6.0	12.0	observed
Q9Y6J9	561	6.0	6.0	observed
Q9Y6J9	567	6.0	12.0	observed
Q9Y6J9	593	26.0	32.0	observed
Q9Y6K1	23	148.0	inf	observed
Q9Y6K1	171	148.0	inf	observed
Q9Y6K5	65	313.0	399.0	observed
Q9Y6K5	378	86.0	313.0	observed
Q9Y6K5	464	86.0	399.0	observed
Q9Y6K5	963	499.0	585.0	observed
Q9Y6L7	29	inf	inf	observed
Q9Y6N5	61	inf	inf	observed
Q9Y6N6	1351	inf	inf	observed
Q9Y6N7	1237	inf	inf	observed
Q9Y6Q9	849	102.0	115.0	observed
Q9Y6Q9	951	13.0	102.0	observed
Q9Y6Q9	964	13.0	115.0	observed
Q9Y6Q9	1163	8.0	14.0	observed
Q9Y6Q9	1171	6.0	8.0	observed
Q9Y6Q9	1177	6.0	11.0	observed
Q9Y6Q9	1188	11.0	17.0	observed
Q9Y6R0	307	inf	inf	observed
Q9Y6R9	98	5.0	210.0	observed
Q9Y6R9	103	5.0	205.0	observed
Q9Y6R9	308	2.0	205.0	observed
Q9Y6R9	310	2.0	207.0	observed
Q9Y6V7	310	154.0	157.0	observed
Q9Y6V7	464	3.0	154.0	observed
Q9Y6V7	467	3.0	157.0	observed
Q9Y6W5	437	inf	inf	observed
Q9Y6X1	21	inf	inf	observed
Q9Y6X9	54	inf	inf	observed
Q9Y6Y1	665	inf	inf	observed
Q9Y6Y8	184	142.0	inf	observed
Q9Y6Y8	326	142.0	inf	observed
