distance_aa	sites_total	prob_neighbor_within_x	mean_other_methyl_args_within_x	sites_with_neighbor_within_x	ordered_neighbor_pairs_within_x	permutation
1	12826	0.024637455169187587	0.02541712147200998	316	326	1
2	12826	0.0602682052081709	0.06486823639482302	773	832	1
3	12826	0.0855293934196164	0.0952752222048963	1097	1222	1
4	12826	0.1083736160923125	0.12880087322625916	1390	1652	1
5	12826	0.12841104007484797	0.15842819273351005	1647	2032	1
6	12826	0.1501637299235927	0.1955403087478559	1926	2508	1
7	12826	0.1738655855293934	0.23842195540308747	2230	3058	1
8	12826	0.18922501169499453	0.2714798066427569	2427	3482	1
9	12826	0.20552003742398253	0.30297832527678153	2636	3886	1
10	12826	0.22126929674099485	0.3358802432558865	2838	4308	1
11	12826	0.23304225791361297	0.36691096210821766	2989	4706	1
12	12826	0.24387961952284423	0.3943552159675659	3128	5058	1
13	12826	0.2558864805863091	0.4267893341649774	3282	5474	1
14	12826	0.26859504132231404	0.4626539840948074	3445	5934	1
15	12826	0.2792764696709808	0.4939965694682676	3582	6336	1
16	12826	0.2865273662872291	0.522844222672696	3675	6706	1
17	12826	0.29588336192109777	0.5490410104475285	3795	7042	1
18	12826	0.3040698581007329	0.5752377982223609	3900	7378	1
19	12826	0.31046312178387653	0.5973803212225167	3982	7662	1
20	12826	0.3193513176360518	0.6282551068142835	4096	8058	1
21	12826	0.3266022142523	0.6546078278496803	4189	8396	1
22	12826	0.33307344456572585	0.678933416497739	4272	8708	1
23	12826	0.3391548417277405	0.7012318727584593	4350	8994	1
24	12826	0.34734133790737565	0.7308591922657103	4455	9374	1
25	12826	0.35412443474193045	0.7575237798222361	4542	9716	1
26	12826	0.36090753157648525	0.7818493684702947	4629	10028	1
27	12826	0.3669889287384999	0.8066427569000468	4707	10346	1
28	12826	0.37314829253079684	0.8317480118509278	4786	10668	1
29	12826	0.37891782317168254	0.8566973335412443	4860	10988	1
30	12826	0.38297208794635895	0.8761889911118041	4912	11238	1
31	12826	0.38788398565414	0.9016061125838142	4975	11564	1
32	12826	0.3927958833619211	0.9279588336192109	5038	11902	1
33	12826	0.39801964759083114	0.9518166224855762	5105	12208	1
34	12826	0.4023857788866365	0.9738032122251676	5161	12490	1
35	12826	0.40659597692187743	0.9957898019647591	5215	12772	1
36	12826	0.41353500701699675	1.0204272571339468	5304	13088	1
37	12826	0.41774520505223767	1.0403867144862	5358	13344	1
38	12826	0.4214876033057851	1.065491969437081	5406	13666	1
39	12826	0.4263995010135662	1.0901294246062685	5469	13982	1
40	12826	0.43037579915796037	1.1149228130360205	5520	14300	1
41	12826	0.4347419304537658	1.1387806019023858	5576	14606	1
42	12826	0.43918602837985343	1.1645095898955247	5633	14936	1
43	12826	0.44292842663340093	1.1863402463745516	5681	15216	1
44	12826	0.4467487915172306	1.2087946358958366	5730	15504	1
45	12826	0.45197255574614065	1.232340558241073	5797	15806	1
46	12826	0.4557929206299704	1.256198347107438	5846	16112	1
47	12826	0.46023701855605803	1.2791205364104163	5903	16406	1
48	12826	0.46507094963355683	1.3023545922345237	5965	16704	1
49	12826	0.4688133478871043	1.3271479806642756	6013	17022	1
50	12826	0.4731015125526275	1.3520973023545921	6068	17342	1
51	12826	0.4774676438484329	1.3756432246998285	6124	17644	1
52	12826	0.4805083424294402	1.3951348822703882	6163	17894	1
53	12826	0.4839388741618587	1.4150943396226414	6207	18150	1
54	12826	0.48682363948230156	1.436769062841104	6244	18428	1
55	12826	0.49009823795415564	1.4581319195384375	6286	18702	1
56	12826	0.49259317012318726	1.4798066427569	6318	18980	1
57	12826	0.4956338687041946	1.4997661001091533	6357	19236	1
58	12826	0.49867456728520193	1.5176984250740684	6396	19466	1
59	12826	0.5010135661936691	1.5364104163418058	6426	19706	1
60	12826	0.503586464992983	1.5551224076095431	6459	19946	1
61	12826	0.5063932636831436	1.57102760018712	6495	20150	1
62	12826	0.5087322625916108	1.5911429907999377	6525	20408	1
63	12826	0.5113831280212069	1.6079837829409014	6559	20624	1
64	12826	0.5151255262747544	1.6285669733354124	6607	20888	1
65	12826	0.5181662248557617	1.650865429596133	6646	21174	1
66	12826	0.5205831903945112	1.6673943552159676	6677	21386	1
67	12826	0.5237018556058007	1.6845470138780603	6717	21606	1
68	12826	0.5265086542959613	1.704350537969749	6753	21860	1
69	12826	0.5297052861375331	1.7207235303290191	6794	22070	1
70	12826	0.5324341181974115	1.7375643224699828	6829	22286	1
71	12826	0.5351629502572899	1.7537813815686887	6864	22494	1
72	12826	0.5376578824263215	1.7701543739279588	6896	22704	1
73	12826	0.5405426477467644	1.7879307656323093	6933	22932	1
74	12826	0.5427257133946671	1.8043037579915795	6961	23142	1
75	12826	0.5458443786059567	1.8219242164353657	7001	23368	1
76	12826	0.5474037112116015	1.8358022766256041	7021	23546	1
77	12826	0.5499766100109154	1.8534227350693904	7054	23772	1
78	12826	0.5520037423982536	1.8697957274286605	7080	23982	1
79	12826	0.5553563075003898	1.8916263839076874	7123	24262	1
80	12826	0.5569156401060347	1.9092468423514735	7143	24488	1
81	12826	0.5598004054264775	1.9254639014501793	7180	24696	1
82	12826	0.56128177140184	1.9404334944643693	7199	24888	1
83	12826	0.5633089037891782	1.9544674879151722	7225	25068	1
84	12826	0.5645563698736941	1.9664743489786372	7241	25222	1
85	12826	0.5655699360673632	1.982379541556214	7254	25426	1
86	12826	0.5675970684547014	1.9995322002183065	7280	25646	1
87	12826	0.5698581007328863	2.013722126929674	7309	25828	1
88	12826	0.57172929985966	2.029315452986122	7333	26028	1
89	12826	0.5732886324653048	2.0461562451270856	7353	26244	1
90	12826	0.5750038983315141	2.0608139716201466	7375	26432	1
91	12826	0.5771089973491346	2.077031030718852	7402	26640	1
92	12826	0.5787462965850616	2.09122095743022	7423	26822	1
93	12826	0.5809293622329643	2.104631217838765	7451	26994	1
94	12826	0.5824107282083268	2.118665211289568	7470	27174	1
95	12826	0.5837361609231249	2.1311398721347263	7487	27334	1
96	12826	0.5859192265710276	2.1439263995010136	7515	27498	1
97	12826	0.5879463589583658	2.15983159207859	7541	27702	1
98	12826	0.5898955247154218	2.174489318571651	7566	27890	1
99	12826	0.5921565569936067	2.1927335100576952	7595	28124	1
100	12826	0.5937158895992515	2.206923436769063	7615	28306	1
1	12826	0.02471542179946983	0.025105254950881024	317	322	2
2	12826	0.06128177140184001	0.06549196943708092	786	840	2
3	12826	0.08560736004989865	0.09652268828941213	1098	1238	2
4	12826	0.10603461718384531	0.12802120692343677	1360	1642	2
5	12826	0.12763137377202557	0.16139092468423516	1637	2070	2
6	12826	0.14907219709964134	0.19741150787462966	1912	2532	2
7	12826	0.17074692031810385	0.23717448931857166	2190	3042	2
8	12826	0.18657414626539842	0.2707001403399345	2393	3472	2
9	12826	0.2006861063464837	0.299547793544363	2574	3842	2
10	12826	0.2140184001247466	0.33104631217838765	2745	4246	2
11	12826	0.2267269608607516	0.3609854982067675	2908	4630	2
12	12826	0.240215187899579	0.39404334944643693	3081	5054	2
13	12826	0.25050678309683455	0.42351473569312337	3213	5432	2
14	12826	0.26157804459691253	0.4570403867144862	3355	5862	2
15	12826	0.2732730391392484	0.48853890534851085	3505	6266	2
16	12826	0.28130360205831906	0.5150475596444721	3608	6606	2
17	12826	0.2900358646499298	0.5399968813347887	3720	6926	2
18	12826	0.29993762669577423	0.570092000623733	3847	7312	2
19	12826	0.3073444565725869	0.5964447216591299	3942	7650	2
20	12826	0.3150631529705286	0.6260720411663808	4041	8030	2
21	12826	0.32348354904101045	0.6536722282862935	4149	8384	2
22	12826	0.33081241228754094	0.6779978169343521	4243	8696	2
23	12826	0.3377514423826602	0.7020115390612818	4332	9004	2
24	12826	0.3442226726960861	0.7268049274910339	4415	9322	2
25	12826	0.35053796974894746	0.7531576485264306	4496	9660	2
26	12826	0.35583970060813974	0.7768595041322314	4564	9964	2
27	12826	0.36246686418213003	0.8021206923436769	4649	10288	2
28	12826	0.3673007952596289	0.8261344144706065	4711	10596	2
29	12826	0.3747076251364416	0.8542024013722127	4806	10956	2
30	12826	0.3795415562139404	0.8765008576329331	4868	11242	2
31	12826	0.3853110868548261	0.9037891782317168	4942	11592	2
32	12826	0.38975518478091375	0.9260876344924373	4999	11878	2
33	12826	0.39607048183377513	0.9532200218306565	5080	12226	2
34	12826	0.40152814595353187	0.9772337439575861	5150	12534	2
35	12826	0.406440043661313	1.0010915328239514	5213	12840	2
36	12826	0.41135194136909403	1.0244815219086232	5276	13140	2
37	12826	0.41618587244659283	1.0466240449087791	5338	13424	2
38	12826	0.42109777015437394	1.072041166380789	5401	13750	2
39	12826	0.42663340090441293	1.0949633556837672	5472	14044	2
40	12826	0.431233432091065	1.118353344768439	5531	14344	2
41	12826	0.43583346327771716	1.1389365351629503	5590	14608	2
42	12826	0.44043349446436925	1.1602993918602837	5649	14882	2
43	12826	0.4452674255418681	1.1813503820364883	5711	15152	2
44	12826	0.44893185716513334	1.201465772649306	5758	15410	2
45	12826	0.4534539217215032	1.2212692967409948	5816	15664	2
46	12826	0.45750818649617964	1.2463745516918758	5868	15986	2
47	12826	0.46125058474972713	1.2682052081709028	5916	16266	2
48	12826	0.4646031498518634	1.2909714642133168	5959	16558	2
49	12826	0.46826758147512865	1.3128021206923437	6006	16838	2
50	12826	0.47029471386246685	1.3304225791361297	6032	17064	2
51	12826	0.4741930453765788	1.3538125682208015	6082	17364	2
52	12826	0.47926087634492437	1.3765788242632153	6147	17656	2
53	12826	0.4823015749259317	1.3974738811788554	6186	17924	2
54	12826	0.4852643068766568	1.4144706065803836	6224	18142	2
55	12826	0.48830500545766414	1.4327147980664277	6263	18376	2
56	12826	0.49079993762669577	1.4539217215031965	6295	18648	2
57	12826	0.49415250272883204	1.4726337127709341	6338	18888	2
58	12826	0.49734913457040386	1.4929050366443162	6379	19148	2
59	12826	0.5002338998908468	1.5122407609543116	6416	19396	2
60	12826	0.503586464992983	1.5350070169967254	6459	19688	2
61	12826	0.5056135973803212	1.552783408701076	6485	19916	2
62	12826	0.5076407297676594	1.5711835334476845	6511	20152	2
63	12826	0.5088881958521753	1.5878683923280836	6527	20366	2
64	12826	0.5120848276937471	1.6058007172929987	6568	20596	2
65	12826	0.5139560268205208	1.624200842039607	6592	20832	2
66	12826	0.5159051925775768	1.6416653672228285	6617	21056	2
67	12826	0.5183221581163262	1.6620926243567753	6648	21318	2
68	12826	0.5208170902853578	1.6769062841104008	6680	21508	2
69	12826	0.5243255886480587	1.6953064088570091	6725	21744	2
70	12826	0.5268984874473726	1.7127709340402308	6758	21968	2
71	12826	0.5283798534227351	1.7266489942304695	6777	22146	2
72	12826	0.5312646187431779	1.7430219865897396	6814	22356	2
73	12826	0.5338375175424919	1.761733977857477	6847	22596	2
74	12826	0.5374239825354749	1.7804459691252144	6893	22836	2
75	12826	0.5396850148136597	1.7971308280056135	6922	23050	2
76	12826	0.541400280679869	1.809293622329643	6944	23206	2
77	12826	0.5444409792608763	1.8264462809917354	6983	23426	2
78	12826	0.5467020115390613	1.8435989396538282	7012	23646	2
79	12826	0.5490410104475285	1.8596600654919695	7042	23852	2
80	12826	0.5501325432714798	1.8750974582878528	7056	24050	2
81	12826	0.5527834087010759	1.8913145173865586	7090	24258	2
82	12826	0.5553563075003898	1.9108061749571184	7123	24508	2
83	12826	0.5578512396694215	1.9271791673163885	7155	24718	2
84	12826	0.5604241384687354	1.9424606268517075	7188	24914	2
85	12826	0.5626851707469204	1.9610166848588804	7217	25152	2
86	12826	0.5647902697645408	1.9759862778730704	7244	25344	2
87	12826	0.5664275690004678	1.989864338063309	7265	25522	2
88	12826	0.5682208014969593	2.0046779978169345	7288	25712	2
89	12826	0.5695462342117573	2.0201153906128178	7305	25910	2
90	12826	0.5714953999688134	2.0344612505847497	7330	26094	2
91	12826	0.572664899423047	2.0491189770778107	7345	26282	2
92	12826	0.573990332137845	2.0650241696553877	7362	26486	2
93	12826	0.5763293310463122	2.0809293622329643	7392	26690	2
94	12826	0.5782005301730859	2.0957430219865896	7416	26880	2
95	12826	0.5799157960392952	2.1105566817402153	7438	27070	2
96	12826	0.5818649617963512	2.126773740838921	7463	27278	2
97	12826	0.5837361609231249	2.1429907999376265	7487	27486	2
98	12826	0.5857632933104632	2.1584281927335103	7513	27684	2
99	12826	0.5877904256978014	2.1733977857477	7539	27876	2
100	12826	0.5891938250428816	2.186184313113987	7557	28040	2
1	12826	0.028769686574146264	0.029471386246686417	369	378	3
2	12826	0.06658350226103228	0.07157336659909559	854	918	3
3	12826	0.08779042569780134	0.09932948697957274	1126	1274	3
4	12826	0.10962108217682831	0.1328551380009356	1406	1704	3
5	12826	0.13020427257133946	0.16450958989552472	1670	2110	3
6	12826	0.15187899578980196	0.20193357243099952	1948	2590	3
7	12826	0.17558085139560267	0.24309995322002184	2252	3118	3
8	12826	0.19296740994854203	0.2794324029315453	2475	3584	3
9	12826	0.20887260252611883	0.3126461874317792	2679	4010	3
10	12826	0.22072353032901917	0.3424294401995946	2831	4392	3
11	12826	0.2342897239981288	0.375487291439264	3005	4816	3
12	12826	0.24816778418836738	0.41181974115078746	3183	5282	3
13	12826	0.2606424450335256	0.4450335256510214	3343	5708	3
14	12826	0.27101200686106347	0.47559644472165913	3476	6100	3
15	12826	0.2806798690160611	0.5061593637922969	3600	6492	3
16	12826	0.28964603149851864	0.5370341493840636	3715	6888	3
17	12826	0.2997037268049275	0.5640106034617184	3844	7234	3
18	12826	0.3082800561359738	0.591610790581631	3954	7588	3
19	12826	0.3154529861219398	0.6154685794479963	4046	7894	3
20	12826	0.3239513488227039	0.6468111648214564	4155	8296	3
21	12826	0.3315920785903633	0.6719164197723374	4253	8618	3
22	12826	0.33853110868548264	0.6979572742866054	4342	8952	3
23	12826	0.3462498050834243	0.7224387961952284	4441	9266	3
24	12826	0.3534227350693903	0.7491033837517542	4533	9608	3
25	12826	0.3594261656011227	0.772805239357555	4610	9912	3
26	12826	0.3660533291751131	0.7969748947450491	4695	10222	3
27	12826	0.37158895992515206	0.8239513488227039	4766	10568	3
28	12826	0.3748635583970061	0.8476532044285046	4808	10872	3
29	12826	0.38016528925619836	0.8736940589427725	4876	11206	3
30	12826	0.38515515359426167	0.8949009823795415	4940	11478	3
31	12826	0.3886636519569624	0.9159519725557461	4985	11748	3
32	12826	0.3939653828161547	0.9409012942460627	5053	12068	3
33	12826	0.3991891470450647	0.963823483549041	5120	12362	3
34	12826	0.4057383439887728	0.9887728052393575	5204	12682	3
35	12826	0.41041634180570713	1.0118509278029004	5264	12978	3
36	12826	0.41540620614377044	1.0349290503664432	5328	13274	3
37	12826	0.42211133634804304	1.0555122407609543	5414	13538	3
38	12826	0.42616560112271945	1.078590363324497	5466	13834	3
39	12826	0.43014189926711366	1.1021362856697334	5517	14136	3
40	12826	0.4355215967565882	1.1266178075783564	5586	14450	3
41	12826	0.43871822859816	1.1465772649306096	5627	14706	3
42	12826	0.44347419304537655	1.1693435209730236	5688	14998	3
43	12826	0.44838609075315766	1.1924216435365664	5751	15294	3
44	12826	0.4510369561827538	1.2126929674099485	5785	15554	3
45	12826	0.45376578824263214	1.231093092156557	5820	15790	3
46	12826	0.45891158584125996	1.2540152814595353	5886	16084	3
47	12826	0.46195228442226727	1.2755340714174332	5925	16360	3
48	12826	0.46577264930609696	1.2951816622485577	5974	16612	3
49	12826	0.46967098082020897	1.3182597848121005	6024	16908	3
50	12826	0.4719320130983939	1.3385311086854825	6053	17168	3
51	12826	0.4753625448308124	1.3612973647278965	6097	17460	3
52	12826	0.47980664275690005	1.383283954467488	6154	17742	3
53	12826	0.48362700764072974	1.40355527834087	6203	18002	3
54	12826	0.48674567285201936	1.4207079370029627	6243	18222	3
55	12826	0.48908467176048653	1.4414470606580383	6273	18488	3
56	12826	0.4930609699048807	1.4668641821300483	6324	18814	3
57	12826	0.49594573522532354	1.486979572742866	6361	19072	3
58	12826	0.4985186340246375	1.5069390300951193	6394	19328	3
59	12826	0.5010135661936691	1.5242476220177763	6426	19550	3
60	12826	0.5038203648838298	1.541400280679869	6462	19770	3
61	12826	0.5072508966162482	1.5587088726025262	6506	19992	3
62	12826	0.5095898955247155	1.57554966474349	6536	20208	3
63	12826	0.5114610946514891	1.5933260564478404	6560	20436	3
64	12826	0.5145797598627787	1.6117261811944488	6600	20672	3
65	12826	0.5172306252923748	1.6327771713706534	6634	20942	3
66	12826	0.5196475908311243	1.6486823639482302	6665	21146	3
67	12826	0.5236238889755185	1.6677062217370966	6716	21390	3
68	12826	0.52541712147201	1.6843910806174958	6739	21604	3
69	12826	0.5278340870107594	1.7034149384063622	6770	21848	3
70	12826	0.5310307188523312	1.7230625292374864	6811	22100	3
71	12826	0.5336036176516451	1.739279588336192	6844	22308	3
72	12826	0.5360205831903945	1.7567441135194137	6875	22532	3
73	12826	0.5382036488382972	1.7729611726181194	6903	22740	3
74	12826	0.5410104475284578	1.7915172306252924	6939	22978	3
75	12826	0.5429596132855138	1.807734289723998	6964	23186	3
76	12826	0.5447528457820053	1.822392016217059	6987	23374	3
77	12826	0.5475596444721659	1.8393887416185872	7023	23592	3
78	12826	0.5506003430531733	1.8582566661468891	7062	23834	3
79	12826	0.552471542179947	1.8755652580695463	7086	24056	3
80	12826	0.5552783408701076	1.8936535162950257	7122	24288	3
81	12826	0.557695306408857	1.909714642133167	7153	24494	3
82	12826	0.5598004054264775	1.9285825666614689	7180	24736	3
83	12826	0.5619834710743802	1.9440199594573522	7208	24934	3
84	12826	0.5641665367222829	1.9591454857321067	7236	25128	3
85	12826	0.5662716357399034	1.9766100109153282	7263	25352	3
86	12826	0.5690784344300639	1.9936067363168564	7299	25570	3
87	12826	0.5718852331202245	2.0104475284578203	7335	25786	3
88	12826	0.5745360985498207	2.026040854514268	7369	25986	3
89	12826	0.5764852643068766	2.041634180570716	7394	26186	3
90	12826	0.5792920629970373	2.0575393731482925	7430	26390	3
91	12826	0.5803835958209886	2.07172929985966	7444	26572	3
92	12826	0.5830344612505848	2.088881958521753	7478	26792	3
93	12826	0.5842039607048184	2.1044752845782004	7493	26992	3
94	12826	0.5863090597224387	2.119288944331826	7520	27182	3
95	12826	0.5881022922189303	2.132699204740371	7543	27354	3
96	12826	0.5903633244971153	2.148292530796819	7572	27554	3
97	12826	0.5923904568844535	2.1627943240293153	7598	27740	3
98	12826	0.5950413223140496	2.1785435833463276	7632	27942	3
99	12826	0.5969125214408233	2.1944487759239046	7656	28146	3
100	12826	0.5983938874161858	2.209886168719788	7675	28344	3
1	12826	0.02151878995789802	0.021986589739591455	276	282	4
2	12826	0.05870887260252612	0.0634648370497427	753	814	4
3	12826	0.08459379385622953	0.09449555590207391	1085	1212	4
4	12826	0.10665835022610323	0.12817714018400125	1368	1644	4
5	12826	0.12576017464525183	0.15796039295181663	1613	2026	4
6	12826	0.1497738967721815	0.1970996413535007	1921	2528	4
7	12826	0.17215031966318417	0.23935755496647435	2208	3070	4
8	12826	0.18883517854358334	0.2730391392484017	2422	3502	4
9	12826	0.20598783720567598	0.30672072353032903	2642	3934	4
10	12826	0.22095743021986589	0.3400904412911274	2834	4362	4
11	12826	0.23491345704038671	0.37143302666458755	3013	4764	4
12	12826	0.24769998440667396	0.40480274442538594	3177	5192	4
13	12826	0.25806954623421174	0.4352097302354592	3310	5582	4
14	12826	0.2676594417589272	0.4648370497427101	3433	5962	4
15	12826	0.2774052705442071	0.49493216903165443	3558	6348	4
16	12826	0.28707313269920476	0.522844222672696	3682	6706	4
17	12826	0.2955714953999688	0.5484172774052706	3791	7034	4
18	12826	0.30321222516762825	0.573990332137845	3889	7362	4
19	12826	0.31022922189302976	0.5981599875253392	3979	7672	4
20	12826	0.3191174177452051	0.62778730703259	4093	8052	4
21	12826	0.326914080773429	0.6521128956806487	4193	8364	4
22	12826	0.33385311086854824	0.6761266178075783	4282	8672	4
23	12826	0.3416497738967722	0.7012318727584593	4382	8994	4
24	12826	0.3481989708404803	0.7250896616248246	4466	9300	4
25	12826	0.3557617339778575	0.7522220489630438	4563	9648	4
26	12826	0.3619990644004366	0.7779510369561827	4643	9978	4
27	12826	0.3669889287384999	0.8027444253859348	4707	10296	4
28	12826	0.37299235927023233	0.8255106814283487	4784	10588	4
29	12826	0.3800873226259161	0.8535786683299548	4875	10948	4
30	12826	0.38476532044285044	0.8761889911118041	4935	11238	4
31	12826	0.3920162170590987	0.9034773117105879	5028	11588	4
32	12826	0.39708404802744424	0.9253079681896148	5093	11868	4
33	12826	0.40246374551691877	0.9476064244503353	5162	12154	4
34	12826	0.40784344300639325	0.9708404802744426	5231	12452	4
35	12826	0.4124434741930454	0.9946982691408077	5290	12758	4
36	12826	0.4176672384219554	1.0185560580071729	5357	13064	4
37	12826	0.4228130360205832	1.0402307812256355	5423	13342	4
38	12826	0.42764696709808203	1.0653360361765165	5485	13664	4
39	12826	0.4321690316544519	1.0895056915640107	5543	13974	4
40	12826	0.43645719631997504	1.1128956806486823	5598	14274	4
41	12826	0.4409792608763449	1.135973803212225	5656	14570	4
42	12826	0.44495555902073913	1.1573366599095587	5707	14844	4
43	12826	0.4488538905348511	1.1779198503040698	5757	15108	4
44	12826	0.453375955091221	1.2003742398253547	5815	15396	4
45	12826	0.4584437860595665	1.2225167628255107	5880	15680	4
46	12826	0.4617963511617028	1.2432558864805863	5923	15946	4
47	12826	0.46530484952440354	1.2669577420863871	5968	16250	4
48	12826	0.46935911429908	1.2856697333541245	6020	16490	4
49	12826	0.4731015125526275	1.3078122563542804	6068	16774	4
50	12826	0.47661001091532823	1.328551380009356	6113	17040	4
51	12826	0.48058630905972244	1.3485108373616093	6164	17296	4
52	12826	0.4839388741618587	1.368314361453298	6207	17550	4
53	12826	0.4861219398097614	1.3870263527210354	6235	17790	4
54	12826	0.48861687197879305	1.4040230781225636	6267	18008	4
55	12826	0.49079993762669577	1.422423202869172	6295	18244	4
56	12826	0.49360673631685636	1.4423826602214251	6331	18500	4
57	12826	0.49633556837673476	1.4604709184469047	6366	18732	4
58	12826	0.5004677997816934	1.480742242320287	6419	18992	4
59	12826	0.5039762981443942	1.5002338998908467	6464	19242	4
60	12826	0.5074068298768127	1.5220645563698736	6508	19522	4
61	12826	0.5100576953064089	1.5406206143770467	6542	19760	4
62	12826	0.5138000935599564	1.559644472165913	6590	20004	4
63	12826	0.5167628255106814	1.5791361297364728	6628	20254	4
64	12826	0.5200374239825355	1.5989396538281615	6670	20508	4
65	12826	0.5225323561515671	1.620926243567753	6702	20790	4
66	12826	0.5261188211445501	1.6371433026664588	6748	20998	4
67	12826	0.5279900202713239	1.653516295025729	6772	21208	4
68	12826	0.529627319507251	1.6706689536878216	6793	21428	4
69	12826	0.5321222516762826	1.6878216123499143	6825	21648	4
70	12826	0.534851083736161	1.7057539373148292	6860	21878	4
71	12826	0.5376578824263215	1.7200997972867613	6896	22062	4
72	12826	0.5399189147045065	1.7374083892094183	6925	22284	4
73	12826	0.5423358802432559	1.7537813815686887	6956	22494	4
74	12826	0.5443630126305941	1.769218774364572	6982	22692	4
75	12826	0.5463121783876501	1.7854358334632776	7007	22900	4
76	12826	0.548573210665835	1.800561359738032	7036	23094	4
77	12826	0.5504444097926088	1.8169343520973023	7060	23304	4
78	12826	0.5523935755496647	1.8336192109777016	7085	23518	4
79	12826	0.5543427413067207	1.8501481365975363	7110	23730	4
80	12826	0.5565258069546234	1.8662092624356776	7138	23936	4
81	12826	0.5587868392328084	1.8822703882738188	7167	24142	4
82	12826	0.5619055044440979	1.9005145797598628	7207	24376	4
83	12826	0.5638546702011539	1.9157960392951816	7232	24572	4
84	12826	0.5660377358490566	1.9304537657882426	7260	24760	4
85	12826	0.568142834866677	1.9479182909714643	7287	24984	4
86	12826	0.5707157336659909	1.9655387494152503	7320	25210	4
87	12826	0.572664899423047	1.9825354748167785	7345	25428	4
88	12826	0.573990332137845	1.997037268049275	7362	25614	4
89	12826	0.5769530640885701	2.0162170590987056	7400	25860	4
90	12826	0.5786683299547793	2.0327459847185403	7422	26072	4
91	12826	0.5807734289723998	2.0484952440355526	7449	26274	4
92	12826	0.582800561359738	2.062841104007485	7475	26458	4
93	12826	0.5845937938562296	2.0782784968033683	7498	26656	4
94	12826	0.5866209262435678	2.094807422423203	7524	26868	4
95	12826	0.5879463589583658	2.109621082176828	7541	27058	4
96	12826	0.5900514579759862	2.1255262747544053	7568	27262	4
97	12826	0.5917667238421955	2.141899267113675	7590	27472	4
98	12826	0.5929362232964291	2.1543739279588334	7605	27632	4
99	12826	0.5952752222048963	2.171214720099797	7635	27848	4
100	12826	0.5967565881802589	2.1855605800717295	7654	28032	4
1	12826	0.025651021362856696	0.026040854514267894	329	334	5
2	12826	0.06159363792296897	0.06689536878216124	790	858	5
3	12826	0.08568532668018088	0.09761422111336349	1099	1252	5
4	12826	0.10665835022610323	0.13051613909246843	1368	1674	5
5	12826	0.12599407453609854	0.16076719164197723	1616	2062	5
6	12826	0.1461874317791985	0.19694370809293624	1875	2526	5
7	12826	0.1710587868392328	0.24013722126929674	2194	3080	5
8	12826	0.18680804615624513	0.2742866053329175	2396	3518	5
9	12826	0.20123187275845938	0.30500545766411974	2581	3912	5
10	12826	0.21596756588180258	0.33977857476999845	2770	4358	5
11	12826	0.229143926399501	0.36924996101668484	2939	4736	5
12	12826	0.23959145485732106	0.400592546390145	3073	5138	5
13	12826	0.2519101824419149	0.43614532979884607	3231	5594	5
14	12826	0.26461874317791984	0.46935911429908	3394	6020	5
15	12826	0.27561203804771556	0.4982067675035085	3535	6390	5
16	12826	0.2865273662872291	0.5295493528769687	3675	6792	5
17	12826	0.2949477623577109	0.5534071417433338	3783	7098	5
18	12826	0.3032901917979105	0.5803835958209886	3890	7444	5
19	12826	0.31256822080149693	0.6073600498986433	4009	7790	5
20	12826	0.3221581163262124	0.6393263683143614	4132	8200	5
21	12826	0.3303446125058475	0.6653672228286294	4237	8534	5
22	12826	0.3382192421643537	0.6931233432091065	4338	8890	5
23	12826	0.34515827225947293	0.7185404646811164	4427	9216	5
24	12826	0.35233120224543896	0.7467643848432871	4519	9578	5
25	12826	0.3581786995166069	0.7714018400124747	4594	9894	5
26	12826	0.36387026352721036	0.7961952284422267	4667	10212	5
27	12826	0.36862622797442696	0.8188055512240761	4728	10502	5
28	12826	0.37416185872446595	0.8434430063932636	4799	10818	5
29	12826	0.38172462186184314	0.8701075939497895	4896	11160	5
30	12826	0.3874161858724466	0.8941213160767192	4969	11468	5
31	12826	0.39232808358022764	0.9193825042881647	5032	11792	5
32	12826	0.39708404802744424	0.9419928270700141	5093	12082	5
33	12826	0.40121627943240296	0.9646031498518634	5146	12372	5
34	12826	0.4049586776859504	0.985654140028068	5194	12642	5
35	12826	0.40877904256978015	1.0073288632465305	5243	12920	5
36	12826	0.41259940745360985	1.0304069858100733	5292	13216	5
37	12826	0.417199438640262	1.0497427101200687	5351	13464	5
38	12826	0.4217215031966318	1.0757835646343366	5409	13798	5
39	12826	0.42671136753469513	1.1026040854514267	5473	14142	5
40	12826	0.43209106502416966	1.1305161390924685	5542	14500	5
41	12826	0.43567753001715265	1.1507874629658505	5588	14760	5
42	12826	0.4407453609854982	1.1735537190082646	5653	15052	5
43	12826	0.4458131919538438	1.1969437080929362	5718	15352	5
44	12826	0.44971152346795573	1.2187743645719633	5768	15632	5
45	12826	0.4536098549820677	1.2402931545298612	5818	15908	5
46	12826	0.4565725869327928	1.2638390768750976	5856	16210	5
47	12826	0.46070481833775145	1.2864493996569468	5909	16500	5
48	12826	0.46390145017932327	1.3064088570092	5950	16756	5
49	12826	0.4667862154997661	1.3266801808825823	5987	17016	5
50	12826	0.47045064712303136	1.346483704974271	6034	17270	5
51	12826	0.4739591454857321	1.3690940277561203	6079	17560	5
52	12826	0.4794168096054888	1.393731482925308	6149	17876	5
53	12826	0.48339310774988303	1.4163418057071573	6200	18166	5
54	12826	0.48534227350693904	1.4339622641509433	6225	18392	5
55	12826	0.48838297208794634	1.4548573210665836	6264	18660	5
56	12826	0.4922813036020583	1.4779354436301264	6314	18956	5
57	12826	0.4956338687041946	1.4952440355527834	6357	19178	5
58	12826	0.49914236706689535	1.5164509589895525	6402	19450	5
59	12826	0.5007016996725402	1.5329798846093872	6422	19662	5
60	12826	0.5031966318415718	1.5532512084827694	6454	19922	5
61	12826	0.5057695306408857	1.5702479338842976	6487	20140	5
62	12826	0.5087322625916108	1.5884921253703415	6525	20374	5
63	12826	0.5113831280212069	1.6053329175113051	6559	20590	5
64	12826	0.513332293778263	1.6234211757367847	6584	20822	5
65	12826	0.5159831592078591	1.6432246998284734	6618	21076	5
66	12826	0.517932324964915	1.6585061593637922	6643	21272	5
67	12826	0.5203492905036644	1.674723218462498	6674	21480	5
68	12826	0.5232340558241073	1.693279276469671	6711	21718	5
69	12826	0.5258849212537035	1.7104319351317636	6745	21938	5
70	12826	0.5286137533135817	1.7285201933572432	6780	22170	5
71	12826	0.5311866521128957	1.7458287852799002	6813	22392	5
72	12826	0.5334476843910806	1.7634492437236862	6842	22618	5
73	12826	0.5346951504755965	1.7810697021674724	6858	22844	5
74	12826	0.5375019491657571	1.7996257601746453	6894	23082	5
75	12826	0.5393731482925308	1.8153750194916576	6918	23284	5
76	12826	0.5413223140495868	1.831436145329799	6943	23490	5
77	12826	0.5437392795883362	1.8459379385622954	6974	23676	5
78	12826	0.5456104787151099	1.862154997661001	6998	23884	5
79	12826	0.5478715109932949	1.881334788710432	7027	24130	5
80	12826	0.5504444097926088	1.9011383128021206	7060	24384	5
81	12826	0.5527054420707938	1.9159519725557461	7089	24574	5
82	12826	0.5546546078278497	1.9312334320910651	7114	24770	5
83	12826	0.5564478403243411	1.946203025105255	7137	24962	5
84	12826	0.5578512396694215	1.9603929518166225	7155	25144	5
85	12826	0.5605021050990177	1.978481210042102	7189	25376	5
86	12826	0.5616716045532512	1.9917355371900827	7204	25546	5
87	12826	0.5636987369405895	2.009200062373304	7230	25770	5
88	12826	0.5655699360673632	2.0246374551691875	7254	25968	5
89	12826	0.5675191018244191	2.04179011383128	7279	26188	5
90	12826	0.5690004677997816	2.056291907063777	7298	26374	5
91	12826	0.5703259005145798	2.070637767035709	7315	26558	5
92	12826	0.5719631997505068	2.082800561359738	7336	26714	5
93	12826	0.5733665990955871	2.0987057539373146	7354	26918	5
94	12826	0.5761733977857477	2.1158584125994073	7390	27138	5
95	12826	0.5777327303913925	2.130983938874162	7410	27332	5
96	12826	0.579214096366755	2.144394199282707	7429	27504	5
97	12826	0.5813191953843755	2.1606112583814125	7456	27712	5
98	12826	0.5831903945111492	2.1729299859660065	7480	27870	5
99	12826	0.5852175268984875	2.1899267113675345	7506	28088	5
100	12826	0.5867768595041323	2.2058319039451115	7526	28292	5
1	12826	0.02245438952128489	0.022922189302978326	288	294	6
2	12826	0.05855293934196164	0.06315297052861375	751	810	6
3	12826	0.08061749571183534	0.09184469047247779	1034	1178	6
4	12826	0.1040074847965071	0.12661780757835647	1334	1624	6
5	12826	0.12240760954311555	0.15624512708560737	1570	2004	6
6	12826	0.14486199906440045	0.1955403087478559	1858	2508	6
7	12826	0.1680960548885077	0.2367066895368782	2156	3036	6
8	12826	0.18509278029003587	0.26976454077654766	2374	3460	6
9	12826	0.2006861063464837	0.3037579915796039	2574	3896	6
10	12826	0.21534383283954467	0.3379073756432247	2762	4334	6
11	12826	0.22750662716357398	0.36815842819273353	2918	4722	6
12	12826	0.2414626539840948	0.400592546390145	3097	5138	6
13	12826	0.2505847497271168	0.4280368002494932	3214	5490	6
14	12826	0.26282551068142834	0.4635895836581943	3371	5946	6
15	12826	0.27335100576953064	0.49212537034149384	3506	6312	6
16	12826	0.2826290347731171	0.5212848900670513	3625	6686	6
17	12826	0.2913612973647279	0.5482613441447061	3737	7032	6
18	12826	0.3007172929985966	0.5783564634336504	3857	7418	6
19	12826	0.30937158895992517	0.6056447840324342	3968	7768	6
20	12826	0.31872758459379386	0.6371433026664588	4088	8172	6
21	12826	0.324964915016373	0.6608451582722594	4168	8476	6
22	12826	0.33330734445657256	0.6871978793076563	4275	8814	6
23	12826	0.33837517542491813	0.7087166692655543	4340	9090	6
24	12826	0.3459379385622953	0.7363168563854671	4437	9444	6
25	12826	0.3529549352876969	0.7632933104631218	4527	9790	6
26	12826	0.3602058319039451	0.7887104319351318	4620	10116	6
27	12826	0.3660533291751131	0.8153750194916576	4695	10458	6
28	12826	0.3712770934040231	0.8384531420552004	4762	10754	6
29	12826	0.377124590675191	0.8643380633089038	4837	11086	6
30	12826	0.38219242164353656	0.8869483860907531	4902	11376	6
31	12826	0.38772805239357555	0.9104943084359894	4973	11678	6
32	12826	0.3924060502105099	0.9340402307812257	5033	11980	6
33	12826	0.39723998128800875	0.9568064868236394	5095	12272	6
34	12826	0.4016840792140964	0.9792608763449244	5152	12560	6
35	12826	0.40558241072820833	1.0004677997816935	5202	12832	6
36	12826	0.4108841415874006	1.022454389521285	5270	13114	6
37	12826	0.41610790581631063	1.0480274442538593	5337	13442	6
38	12826	0.4196943708092936	1.072353032901918	5383	13754	6
39	12826	0.4249961016684859	1.09714642133167	5451	14072	6
40	12826	0.4299859660065492	1.1234991423670668	5515	14410	6
41	12826	0.43466396382348355	1.1462653984094808	5575	14702	6
42	12826	0.4400436613129581	1.1691875877124591	5644	14996	6
43	12826	0.44542335880243256	1.1942928426633401	5713	15318	6
44	12826	0.4496335568376735	1.2156556993606735	5767	15592	6
45	12826	0.453375955091221	1.2363948230157493	5815	15858	6
46	12826	0.4584437860595665	1.2593170123187276	5880	16152	6
47	12826	0.4611726181194449	1.281303602058319	5915	16434	6
48	12826	0.4658506159363792	1.3039139248401683	5975	16724	6
49	12826	0.46904724777795104	1.3263683143614533	6016	17012	6
50	12826	0.4716981132075472	1.345859971932013	6050	17262	6
51	12826	0.4757523779822236	1.3672228286293466	6102	17536	6
52	12826	0.4791049430843599	1.387494152502729	6145	17796	6
53	12826	0.4819117417745205	1.4069858100732886	6181	18046	6
54	12826	0.4844846405738344	1.4269452674255418	6214	18302	6
55	12826	0.4866677062217371	1.4470606580383596	6242	18560	6
56	12826	0.4899423046935911	1.4671760486511773	6284	18818	6
57	12826	0.49337283642600965	1.4877592390456884	6328	19082	6
58	12826	0.49633556837673476	1.5095898955247153	6366	19362	6
59	12826	0.4996101668485888	1.529393419616404	6408	19616	6
60	12826	0.5033525651021363	1.5496647434897863	6456	19876	6
61	12826	0.5060034305317325	1.5702479338842976	6490	20140	6
62	12826	0.5087322625916108	1.5881802588492124	6525	20370	6
63	12826	0.5118509278029003	1.6056447840324342	6565	20594	6
64	12826	0.5138000935599564	1.6231093092156557	6590	20818	6
65	12826	0.5150475596444721	1.6407297676594417	6606	21044	6
66	12826	0.5173085919226571	1.6569468267581475	6635	21252	6
67	12826	0.5194136909402776	1.6745672852019335	6662	21478	6
68	12826	0.5218306564790269	1.6910962108217682	6693	21690	6
69	12826	0.5237018556058007	1.7090285357866832	6717	21920	6
70	12826	0.5265086542959613	1.7255574614065181	6753	22132	6
71	12826	0.529003586464993	1.7389677218150632	6785	22304	6
72	12826	0.5320442850460003	1.7573678465616716	6824	22540	6
73	12826	0.5346951504755965	1.7723374395758615	6858	22732	6
74	12826	0.5372680492749103	1.7907375643224699	6891	22968	6
75	12826	0.5396850148136597	1.8083580227662561	6922	23194	6
76	12826	0.5428816466552315	1.8258225479494776	6963	23418	6
77	12826	0.5453765788242633	1.8407921409636676	6995	23610	6
78	12826	0.5477155777327304	1.8574769998440668	7025	23824	6
79	12826	0.5500545766411976	1.8747855917667238	7055	24046	6
80	12826	0.5526274754405115	1.8902229845626073	7088	24244	6
81	12826	0.5543427413067207	1.9031654451894588	7110	24410	6
82	12826	0.5570715733665991	1.9206299703726806	7145	24634	6
83	12826	0.5598783720567597	1.937782629034773	7181	24854	6
84	12826	0.5616716045532512	1.9529081553095275	7204	25048	6
85	12826	0.5638546702011539	1.967721815063153	7232	25238	6
86	12826	0.5658038359582099	1.9839388741618587	7257	25446	6
87	12826	0.5692343676906284	2.000311866521129	7301	25656	6
88	12826	0.5725869327927647	2.01496959301419	7344	25844	6
89	12826	0.5746920318103852	2.0304069858100733	7371	26042	6
90	12826	0.5771869639794168	2.0464681116482146	7403	26248	6
91	12826	0.5787462965850616	2.0605021050990175	7423	26428	6
92	12826	0.5815530952752223	2.0751598315920785	7459	26616	6
93	12826	0.5831903945111492	2.090909090909091	7480	26818	6
94	12826	0.5849836270076407	2.106034617183845	7503	27012	6
95	12826	0.5865429596132855	2.120848276937471	7523	27202	6
96	12826	0.5888819585217527	2.138780601902386	7553	27432	6
97	12826	0.5896616248245751	2.154062061437705	7563	27628	6
98	12826	0.5915328239513489	2.171526586620926	7587	27852	6
99	12826	0.5931701231872758	2.186028379853423	7608	28038	6
100	12826	0.5944955559020739	2.200997972867613	7625	28230	6
1	12826	0.026976454077654765	0.027756120380477155	346	356	7
2	12826	0.06479026976454078	0.07048183377514423	831	904	7
3	12826	0.0881022922189303	0.10026508654295961	1130	1286	7
4	12826	0.11110244815219086	0.13488227038827383	1425	1730	7
5	12826	0.1324653048495244	0.16716045532512086	1699	2144	7
6	12826	0.1565569936067363	0.20629970372680492	2008	2646	7
7	12826	0.17994698269140808	0.24886948386090754	2308	3192	7
8	12826	0.19561827537813817	0.28255106814283487	2509	3624	7
9	12826	0.21019803524091688	0.31794791829097147	2696	4078	7
10	12826	0.22423202869171993	0.3481989708404803	2876	4466	7
11	12826	0.2356931233432091	0.37798222360829564	3023	4848	7
12	12826	0.24668641821300483	0.4074536098549821	3164	5226	7
13	12826	0.25752377982223607	0.43864026196787775	3303	5626	7
14	12826	0.268906907843443	0.4734133790737564	3449	6072	7
15	12826	0.2786527366287229	0.502261032278185	3574	6442	7
16	12826	0.28613753313581786	0.53064088570092	3670	6806	7
17	12826	0.2945579292062997	0.5557461406518011	3778	7128	7
18	12826	0.303134258537346	0.5838141275534071	3888	7488	7
19	12826	0.3121004210198035	0.6092312490254171	4003	7814	7
20	12826	0.3202089505691564	0.6390145017932325	4107	8196	7
21	12826	0.3268361141431467	0.663963823483549	4192	8516	7
22	12826	0.3339310774988305	0.6876656790893497	4283	8820	7
23	12826	0.3411040074847965	0.7123031342585373	4375	9136	7
24	12826	0.3481989708404803	0.7384999220333697	4466	9472	7
25	12826	0.35435833463277716	0.7643848432870731	4545	9804	7
26	12826	0.36067363168563854	0.7902697645407766	4626	10136	7
27	12826	0.3667550288476532	0.8138156868860128	4704	10438	7
28	12826	0.37221269296740994	0.8393887416185872	4774	10766	7
29	12826	0.3778262903477312	0.8651177296117262	4846	11096	7
30	12826	0.3834398877280524	0.8889755184780914	4918	11402	7
31	12826	0.38889755184780916	0.9128333073444566	4988	11708	7
32	12826	0.3936535162950257	0.9371588959925152	5049	12020	7
33	12826	0.3984094807422423	0.9603929518166224	5110	12318	7
34	12826	0.4023857788866365	0.9826914080773429	5161	12604	7
35	12826	0.4067519101824419	1.0067051302042727	5217	12912	7
36	12826	0.4124434741930454	1.029003586464993	5290	13198	7
37	12826	0.41657570559800405	1.0486511772961173	5343	13450	7
38	12826	0.420785903633245	1.0729767659441758	5397	13762	7
39	12826	0.42452830188679247	1.0969904880711057	5445	14070	7
40	12826	0.4290503664431623	1.1206923436769063	5503	14374	7
41	12826	0.4337283642600967	1.1423670668953687	5563	14652	7
42	12826	0.4392639950101357	1.1654451894589115	5634	14948	7
43	12826	0.4444877592390457	1.1852487135506002	5701	15202	7
44	12826	0.4488538905348511	1.2081709028535788	5757	15496	7
45	12826	0.45290815530952755	1.228130360205832	5809	15752	7
46	12826	0.45813191953843757	1.2535474816778418	5876	16078	7
47	12826	0.46249805083424295	1.274130672072353	5932	16342	7
48	12826	0.4663963823483549	1.2979884609387182	5982	16648	7
49	12826	0.46974894745049117	1.3232496491501637	6025	16972	7
50	12826	0.4738811788554499	1.3466396382348356	6078	17272	7
51	12826	0.47707781069702165	1.368002494932169	6119	17546	7
52	12826	0.48097614221113366	1.3887416185872448	6169	17812	7
53	12826	0.48503040698581007	1.411351941369094	6221	18102	7
54	12826	0.48775923904568846	1.4294401995945736	6256	18334	7
55	12826	0.4900202713238734	1.451114922813036	6285	18612	7
56	12826	0.4934508030562919	1.473257445813192	6329	18896	7
57	12826	0.4961796351161703	1.4939965694682675	6364	19162	7
58	12826	0.49992203336971774	1.5153594261656012	6412	19436	7
59	12826	0.5032745984718541	1.5362544830812412	6455	19704	7
60	12826	0.5070949633556837	1.5554342741306721	6504	19950	7
61	12826	0.5122407609543116	1.5763293310463122	6570	20218	7
62	12826	0.5149695930141899	1.5950413223140496	6605	20458	7
63	12826	0.5181662248557617	1.6135973803212225	6646	20696	7
64	12826	0.5205831903945112	1.6301263059410571	6677	20908	7
65	12826	0.5229221893029783	1.6488382972087947	6707	21148	7
66	12826	0.5255730547325744	1.667238421955403	6741	21384	7
67	12826	0.5274442538593482	1.68314361453298	6765	21588	7
68	12826	0.5297052861375331	1.7002962731950726	6794	21808	7
69	12826	0.5318883517854358	1.71900826446281	6822	22048	7
70	12826	0.5346171838453142	1.7372524559488538	6857	22282	7
71	12826	0.5375019491657571	1.7508186496179634	6894	22456	7
72	12826	0.5392172150319663	1.7657882426321534	6916	22648	7
73	12826	0.5415562139404335	1.7806019023857789	6946	22838	7
74	12826	0.5438952128489006	1.798534227350694	6976	23068	7
75	12826	0.5470918446904725	1.816778418836738	7017	23302	7
76	12826	0.5492749103383752	1.83112427880867	7045	23486	7
77	12826	0.55083424294402	1.845158272259473	7065	23666	7
78	12826	0.5533291751130516	1.8609075315764854	7097	23868	7
79	12826	0.5555902073912365	1.8779042569780133	7126	24086	7
80	12826	0.5590207391236551	1.8959925152034929	7170	24318	7
81	12826	0.561593637922969	1.9106502416965538	7203	24506	7
82	12826	0.5631529705286138	1.927958833619211	7223	24728	7
83	12826	0.5641665367222829	1.9427724933728365	7236	24918	7
84	12826	0.5659597692187743	1.9591454857321067	7259	25128	7
85	12826	0.5678309683455481	1.9739591454857321	7283	25318	7
86	12826	0.5689225011694995	1.9893965382816154	7297	25516	7
87	12826	0.5708716669265554	2.009511928894433	7322	25774	7
88	12826	0.5734445657258693	2.023701855605801	7355	25956	7
89	12826	0.5767971308280057	2.0405426477467645	7398	26172	7
90	12826	0.5785903633244971	2.056135973803212	7421	26372	7
91	12826	0.581163262123811	2.070793700296273	7454	26560	7
92	12826	0.5822547949477623	2.0856073600498988	7468	26750	7
93	12826	0.584749727116794	2.1008888195852173	7500	26946	7
94	12826	0.5860751598315921	2.1149228130360207	7517	27126	7
95	12826	0.587322625916108	2.1308280056135973	7533	27330	7
96	12826	0.5892717916731639	2.1457975986277873	7558	27522	7
97	12826	0.5907531576485264	2.162638390768751	7577	27738	7
98	12826	0.5918446904724778	2.174957118353345	7591	27896	7
99	12826	0.5940277561203805	2.1911741774520506	7619	28104	7
100	12826	0.5958989552471542	2.206611570247934	7643	28302	7
1	12826	0.02619678777483237	0.026664587556525808	336	342	8
2	12826	0.06104787151099329	0.06486823639482302	783	832	8
3	12826	0.08740059254639014	0.09699048807110557	1121	1244	8
4	12826	0.1089973491345704	0.13036020583190394	1398	1672	8
5	12826	0.12950257289879932	0.16154685794479962	1661	2072	8
6	12826	0.14891626383907688	0.19600810852954936	1910	2514	8
7	12826	0.1734757523779822	0.24013722126929674	2225	3080	8
8	12826	0.18828941213160766	0.27038827381880554	2415	3468	8
9	12826	0.2014657726493061	0.299547793544363	2584	3842	8
10	12826	0.21549976610010915	0.3319819117417745	2764	4258	8
11	12826	0.22579136129736474	0.3588024325588648	2896	4602	8
12	12826	0.23655075627631375	0.3892094183689381	3034	4992	8
13	12826	0.24871355060034306	0.42289100265086543	3190	5424	8
14	12826	0.26126617807578356	0.4570403867144862	3351	5862	8
15	12826	0.2722594729455793	0.48916263839076873	3492	6274	8
16	12826	0.28153750194916577	0.5167628255106814	3611	6628	8
17	12826	0.28987993138936535	0.541400280679869	3718	6944	8
18	12826	0.29939186028379855	0.5685326680180882	3840	7292	8
19	12826	0.30578512396694213	0.5927023234055824	3922	7602	8
20	12826	0.3156089193825043	0.6252923748635584	4048	8020	8
21	12826	0.3235615156712927	0.649929830032746	4150	8336	8
22	12826	0.33081241228754094	0.6756588180258849	4243	8666	8
23	12826	0.3394667082488695	0.7020115390612818	4354	9004	8
24	12826	0.3470294713862467	0.7269608607515983	4451	9324	8
25	12826	0.3531888351785436	0.7520661157024794	4530	9646	8
26	12826	0.3592702323405582	0.7745205052237643	4608	9934	8
27	12826	0.3652736628722907	0.7996257601746453	4685	10256	8
28	12826	0.3712770934040231	0.8234835490410104	4762	10562	8
29	12826	0.37673475752377983	0.8493684702947139	4832	10894	8
30	12826	0.38078902229845624	0.8730703259005146	4884	11198	8
31	12826	0.3867924528301887	0.8970840480274442	4961	11506	8
32	12826	0.39170435053796976	0.9193825042881647	5024	11792	8
33	12826	0.3958365819429284	0.942304693591143	5077	12086	8
34	12826	0.40051457975986277	0.9666302822392017	5137	12398	8
35	12826	0.40503664431623265	0.988928738499922	5195	12684	8
36	12826	0.4093248089817558	1.0126305941057228	5250	12988	8
37	12826	0.4144706065803836	1.0333697177607983	5316	13254	8
38	12826	0.4189926711367535	1.0589427724933729	5374	13582	8
39	12826	0.4236706689536878	1.0832683611414315	5434	13894	8
40	12826	0.4294401995945735	1.109465148916264	5508	14230	8
41	12826	0.4333385311086855	1.128800873226259	5558	14478	8
42	12826	0.43965382816154686	1.1542179946982691	5639	14804	8
43	12826	0.4447216591298924	1.1749571183533447	5704	15070	8
44	12826	0.44900982379541554	1.1977233743957587	5759	15362	8
45	12826	0.45298612193980975	1.2189302978325276	5810	15634	8
46	12826	0.4560268205208171	1.238577888663652	5849	15886	8
47	12826	0.46078278496803365	1.263371277093404	5910	16204	8
48	12826	0.46429128333073444	1.2833307344456573	5955	16460	8
49	12826	0.4669421487603306	1.3043817246218619	5989	16730	8
50	12826	0.47099641353500704	1.324341181974115	6041	16986	8
51	12826	0.47427101200686106	1.3453921721503197	6083	17256	8
52	12826	0.47777951036956184	1.3687821612349915	6128	17556	8
53	12826	0.4815219086231093	1.3909246842351473	6176	17840	8
54	12826	0.4839388741618587	1.4102604085451427	6207	18088	8
55	12826	0.48635583970060814	1.430219865897396	6238	18344	8
56	12826	0.4894745049118977	1.4503352565102137	6278	18602	8
57	12826	0.4926711367534695	1.4679557149539997	6319	18828	8
58	12826	0.49454233588024327	1.4861999064400437	6343	19062	8
59	12826	0.49836270076407296	1.5053796974894744	6392	19308	8
60	12826	0.5010135661936691	1.5259628878839857	6426	19572	8
61	12826	0.5039762981443942	1.5438952128489007	6464	19802	8
62	12826	0.5076407297676594	1.563230937158896	6511	20050	8
63	12826	0.5098237954155621	1.5771089973491346	6539	20228	8
64	12826	0.5137221269296741	1.5962887883985655	6589	20474	8
65	12826	0.5159831592078591	1.6162482457508187	6618	20730	8
66	12826	0.5180102915951973	1.6324653048495243	6644	20938	8
67	12826	0.519881490721971	1.653516295025729	6668	21208	8
68	12826	0.5232340558241073	1.6700452206455636	6711	21420	8
69	12826	0.526742554186808	1.6889131451738655	6756	21662	8
70	12826	0.5293934196164042	1.7068454701387805	6790	21892	8
71	12826	0.5325120848276937	1.7230625292374864	6830	22100	8
72	12826	0.5337595509122096	1.7388117885544987	6846	22302	8
73	12826	0.5368782161234992	1.7558085139560269	6886	22520	8
74	12826	0.5396070481833776	1.7720255730547325	6921	22728	8
75	12826	0.5420240137221269	1.7896460314985185	6952	22954	8
76	12826	0.5444409792608763	1.804771557773273	6983	23148	8
77	12826	0.546624044908779	1.8208326836114144	7011	23354	8
78	12826	0.5493528769686574	1.8364260096678622	7046	23554	8
79	12826	0.551146109465149	1.8531108685482613	7069	23768	8
80	12826	0.5534071417433338	1.8727584593793856	7098	24020	8
81	12826	0.5558241072820833	1.8861687197879307	7129	24192	8
82	12826	0.5578512396694215	1.902229845626072	7155	24398	8
83	12826	0.559956338687042	1.9173553719008265	7182	24592	8
84	12826	0.5623733042257913	1.9329486979572743	7213	24792	8
85	12826	0.5640106034617184	1.9502572898799313	7234	25014	8
86	12826	0.5663496023701856	1.9688133478871044	7264	25252	8
87	12826	0.5679089349758304	1.9840948074224232	7284	25448	8
88	12826	0.5696242008420396	1.9985966006549196	7306	25634	8
89	12826	0.5713394667082489	2.0148136597536253	7328	25842	8
90	12826	0.5728987993138936	2.029003586464993	7348	26024	8
91	12826	0.5743801652892562	2.041634180570716	7367	26186	8
92	12826	0.57625136441603	2.0569156401060344	7391	26382	8
93	12826	0.579837829409013	2.074224232028692	7437	26604	8
94	12826	0.5823327615780446	2.090909090909091	7469	26818	8
95	12826	0.5845937938562296	2.105878683923281	7498	27010	8
96	12826	0.5865429596132855	2.118509278029004	7523	27172	8
97	12826	0.5894277249337284	2.135973803212225	7560	27396	8
98	12826	0.5907531576485264	2.148916263839077	7577	27562	8
99	12826	0.5928582566661469	2.1648214564166537	7604	27766	8
100	12826	0.5942616560112272	2.1804147824731017	7622	27966	8
1	12826	0.024169655387494153	0.024793388429752067	310	318	9
2	12826	0.058786839232808356	0.06393263683143614	754	820	9
3	12826	0.08428192733510058	0.0952752222048963	1081	1222	9
4	12826	0.10673631685638546	0.12864493996569468	1369	1650	9
5	12826	0.12685170746920318	0.1596756588180259	1627	2048	9
6	12826	0.14805863090597224	0.19538437548729143	1899	2506	9
7	12826	0.17035708716669265	0.2353032901917979	2185	3018	9
8	12826	0.187743645719632	0.27101200686106347	2408	3476	9
9	12826	0.2046624044908779	0.3053173241852487	2625	3916	9
10	12826	0.2190082644628099	0.3363480430375799	2809	4314	9
11	12826	0.2313269920474037	0.36644316232652424	2967	4700	9
12	12826	0.2424762201777639	0.39607048183377513	3110	5080	9
13	12826	0.2518322158116326	0.42460626851707467	3230	5446	9
14	12826	0.26305941057227505	0.4562607204116638	3374	5852	9
15	12826	0.27607983782940904	0.48853890534851085	3541	6266	9
16	12826	0.2849680336815843	0.5167628255106814	3655	6628	9
17	12826	0.29416809605488853	0.5424918135038204	3773	6958	9
18	12826	0.30438172462186186	0.5719631997505068	3904	7336	9
19	12826	0.3133478871043194	0.5984718540464681	4019	7676	9
20	12826	0.3205987837205676	0.6284110400748479	4112	8060	9
21	12826	0.32722594729455795	0.6524247622017776	4197	8368	9
22	12826	0.3351005769530641	0.678933416497739	4298	8708	9
23	12826	0.3418836737876189	0.7027912053641041	4385	9014	9
24	12826	0.3481989708404803	0.7275845937938562	4466	9332	9
25	12826	0.3542803680024949	0.7544051146109465	4544	9676	9
26	12826	0.3598159987525339	0.7777951036956183	4615	9976	9
27	12826	0.36620926243567753	0.8022766256042414	4697	10290	9
28	12826	0.3721347263371277	0.8276937470762513	4773	10616	9
29	12826	0.37845002338998907	0.855605800717293	4854	10974	9
30	12826	0.3834398877280524	0.8777483237174489	4918	11258	9
31	12826	0.388195852175269	0.8977077810697022	4979	11514	9
32	12826	0.3931857165133323	0.9235927023234056	5043	11846	9
33	12826	0.3985654140028068	0.9451114922813036	5112	12122	9
34	12826	0.4037112116014346	0.9680336815842819	5178	12416	9
35	12826	0.40963667550288474	0.9962576017464525	5254	12778	9
36	12826	0.4139248401684079	1.0185560580071729	5309	13064	9
37	12826	0.4196943708092936	1.0421019803524092	5383	13366	9
38	12826	0.424060502105099	1.064556369873694	5439	13654	9
39	12826	0.4287384999220334	1.0895056915640107	5499	13974	9
40	12826	0.4345859971932013	1.1147668797754562	5574	14298	9
41	12826	0.44082332761578047	1.1400280679869017	5654	14622	9
42	12826	0.44620302510525495	1.1660689225011696	5723	14956	9
43	12826	0.451114922813036	1.1863402463745516	5786	15216	9
44	12826	0.45516918758771246	1.2084827693747076	5838	15500	9
45	12826	0.45930141899267113	1.2300015593326057	5891	15776	9
46	12826	0.4633556837673476	1.2527678153750195	5943	16068	9
47	12826	0.4678777483237174	1.2739747388117886	6001	16340	9
48	12826	0.47302354592234525	1.29596132855138	6067	16622	9
49	12826	0.4777015437392796	1.3216903165445189	6127	16952	9
50	12826	0.48105410884141586	1.3453921721503197	6170	17256	9
51	12826	0.4842507406829877	1.370965226882894	6211	17584	9
52	12826	0.4874473725245595	1.3910806174957118	6252	17842	9
53	12826	0.49017620458443784	1.4135350070169967	6287	18130	9
54	12826	0.49290503664431623	1.4320910650241696	6322	18368	9
55	12826	0.49586776859504134	1.4517386558552938	6360	18620	9
56	12826	0.49906440043661315	1.473569312334321	6401	18900	9
57	12826	0.5031186652112896	1.4946203025105256	6453	19170	9
58	12826	0.5063932636831436	1.5148916263839076	6495	19430	9
59	12826	0.5092000623733042	1.5317324185248713	6531	19646	9
60	12826	0.5124746608451582	1.5541868080461563	6573	19934	9
61	12826	0.5155153594261656	1.5747699984406673	6612	20198	9
62	12826	0.5178543583346328	1.591298924060502	6642	20410	9
63	12826	0.5201153906128178	1.6084515827225947	6671	20630	9
64	12826	0.5236238889755185	1.628099173553719	6716	20882	9
65	12826	0.5254950881022922	1.6455636987369406	6740	21106	9
66	12826	0.5279120536410417	1.6608451582722594	6771	21302	9
67	12826	0.5300171526586621	1.678933416497739	6798	21534	9
68	12826	0.5326680180882583	1.6973335412443473	6832	21770	9
69	12826	0.5349290503664431	1.71448619990644	6861	21990	9
70	12826	0.5389833151411196	1.7342897239981288	6913	22244	9
71	12826	0.5417901138312802	1.7480118509278029	6949	22420	9
72	12826	0.5442850460003119	1.7656323093715889	6981	22646	9
73	12826	0.547247777951037	1.7830968345548106	7019	22870	9
74	12826	0.5497427101200686	1.8010291595197256	7051	23100	9
75	12826	0.5525495088102292	1.8169343520973023	7087	23304	9
76	12826	0.5553563075003898	1.834398877280524	7123	23528	9
77	12826	0.5573834398877281	1.8501481365975363	7149	23730	9
78	12826	0.559956338687042	1.8683923280835801	7182	23964	9
79	12826	0.5624512708560736	1.884921253703415	7214	24176	9
80	12826	0.5647123031342586	1.9033213784500234	7243	24412	9
81	12826	0.567129268673008	1.9178231716825198	7274	24598	9
82	12826	0.5694682675814752	1.9340402307812257	7304	24806	9
83	12826	0.5715733665990956	1.950101356619367	7331	25012	9
84	12826	0.5737564322469982	1.963199750506783	7359	25180	9
85	12826	0.5757055980040543	1.9797286761266177	7384	25392	9
86	12826	0.5782005301730859	1.996101668485888	7416	25602	9
87	12826	0.579837829409013	2.0115390612817716	7437	25800	9
88	12826	0.5824107282083268	2.0272883205987835	7470	26002	9
89	12826	0.5845937938562296	2.044440979260876	7498	26222	9
90	12826	0.5859971932013098	2.0608139716201466	7516	26432	9
91	12826	0.588024325588648	2.0760954311554656	7542	26628	9
92	12826	0.5892717916731639	2.089661624824575	7558	26802	9
93	12826	0.5913768906907844	2.1052549508810228	7585	27002	9
94	12826	0.593871822859816	2.1200686106346485	7617	27192	9
95	12826	0.5950413223140496	2.135973803212225	7632	27396	9
96	12826	0.5964447216591299	2.15109932948698	7650	27590	9
97	12826	0.5988616871978794	2.168563854670201	7681	27814	9
98	12826	0.601044752845782	2.184157180726649	7709	28014	9
99	12826	0.6026040854514267	2.201153906128177	7729	28232	9
100	12826	0.6035396850148137	2.2153438328395447	7741	28414	9
1	12826	0.026742554186808046	0.0274442538593482	343	352	10
2	12826	0.06369873694058943	0.06907843443006394	817	886	10
3	12826	0.08818025884921253	0.09979728676126617	1131	1280	10
4	12826	0.11133634804303758	0.1342585373460159	1428	1722	10
5	12826	0.12763137377202557	0.16045532512084829	1637	2058	10
6	12826	0.15063152970528615	0.20037423982535474	1932	2570	10
7	12826	0.17292998596600656	0.24232028691719945	2218	3108	10
8	12826	0.18641821300483394	0.27584593793856227	2391	3538	10
9	12826	0.20060813971620148	0.3081241228754093	2573	3952	10
10	12826	0.21425230001559334	0.3399345080305629	2748	4360	10
11	12826	0.22696086075159833	0.37221269296740994	2911	4774	10
12	12826	0.23678465616716046	0.40152814595353187	3037	5150	10
13	12826	0.24707625136441602	0.43162326524247624	3169	5536	10
14	12826	0.2611102448152191	0.46826758147512865	3349	6006	10
15	12826	0.2731950725089662	0.501637299235927	3504	6434	10
16	12826	0.28309683455481055	0.5350070169967254	3631	6862	10
17	12826	0.29042569780134103	0.5604241384687354	3725	7188	10
18	12826	0.3007172929985966	0.5892717916731639	3857	7558	10
19	12826	0.3090597224387962	0.6145329798846094	3964	7882	10
20	12826	0.3186496179635116	0.6488382972087946	4087	8322	10
21	12826	0.32644628099173556	0.6739435521596756	4187	8644	10
22	12826	0.3334632777171371	0.7009200062373304	4277	8990	10
23	12826	0.33907687509745826	0.7244659285825666	4349	9292	10
24	12826	0.3467176048651177	0.7530017152658662	4447	9658	10
25	12826	0.3529549352876969	0.78029003586465	4527	10008	10
26	12826	0.35911429907999376	0.8041478247310151	4606	10314	10
27	12826	0.36363636363636365	0.8292530796818961	4664	10636	10
28	12826	0.36815842819273353	0.8537346015905193	4722	10950	10
29	12826	0.3745516918758771	0.8799313893653516	4804	11286	10
30	12826	0.3800873226259161	0.902541712147201	4875	11576	10
31	12826	0.38421955403087477	0.924684235147357	4928	11860	10
32	12826	0.3886636519569624	0.9463589583658194	4985	12138	10
33	12826	0.39505691564010603	0.9683455481054108	5067	12420	10
34	12826	0.4001247466084516	0.992515203492905	5132	12730	10
35	12826	0.4049586776859504	1.0155933260564478	5194	13026	10
36	12826	0.4104943084359894	1.039451114922813	5265	13332	10
37	12826	0.41431467331981914	1.0594105722750662	5314	13588	10
38	12826	0.41938250428816465	1.0812412287540933	5379	13868	10
39	12826	0.4242164353656635	1.1071261500077967	5441	14200	10
40	12826	0.42912833307344456	1.1309839388741618	5504	14506	10
41	12826	0.4332605644784032	1.152190862310931	5557	14778	10
42	12826	0.4375487291439264	1.177296117261812	5612	15100	10
43	12826	0.4412911273974739	1.1980352409168875	5660	15366	10
44	12826	0.445891158584126	1.2201777639170435	5719	15650	10
45	12826	0.45017932324964915	1.2396694214876034	5774	15900	10
46	12826	0.45392172150319665	1.2615000779666303	5822	16180	10
47	12826	0.45719631997505067	1.281303602058319	5864	16434	10
48	12826	0.4598471854046468	1.2995477935443631	5898	16668	10
49	12826	0.46327771713706534	1.322314049586777	5942	16960	10
50	12826	0.4669421487603306	1.343520973023546	5989	17232	10
51	12826	0.46974894745049117	1.3634804303757992	6025	17488	10
52	12826	0.47380321222516764	1.383283954467488	6077	17742	10
53	12826	0.47676594417589274	1.4030874785591767	6115	17996	10
54	12826	0.480430375799158	1.421487603305785	6162	18232	10
55	12826	0.4832371744893186	1.440667394355216	6198	18478	10
56	12826	0.4864338063308904	1.461562451270856	6239	18746	10
57	12826	0.4900202713238734	1.4802744425385934	6285	18986	10
58	12826	0.49391860283798533	1.5024169655387494	6335	19270	10
59	12826	0.4982067675035085	1.520505223764229	6390	19502	10
60	12826	0.5025728987993139	1.5431155465460782	6446	19792	10
61	12826	0.5063932636831436	1.5629190706377671	6495	20046	10
62	12826	0.5096678621549977	1.5822547949477623	6537	20294	10
63	12826	0.5126305941057228	1.6014345859971932	6575	20540	10
64	12826	0.5144238266022143	1.6203025105254951	6598	20782	10
65	12826	0.516295025728988	1.6404179011383129	6622	21040	10
66	12826	0.5186340246374551	1.6560112271947607	6652	21240	10
67	12826	0.5208170902853578	1.6740994854202402	6680	21472	10
68	12826	0.522844222672696	1.6906284110400749	6706	21684	10
69	12826	0.527054420707937	1.7107438016528926	6760	21942	10
70	12826	0.529627319507251	1.728832059878372	6793	22174	10
71	12826	0.5328239513488227	1.7433338531108686	6834	22360	10
72	12826	0.5350070169967254	1.7615780445969125	6862	22594	10
73	12826	0.5375799157960393	1.7768595041322315	6895	22790	10
74	12826	0.5403867144861999	1.7974426945267425	6931	23054	10
75	12826	0.5434274130672072	1.8141275534071417	6970	23268	10
76	12826	0.5464681116482145	1.8281615468579449	7009	23448	10
77	12826	0.5487291439263995	1.845158272259473	7038	23666	10
78	12826	0.550522376422891	1.8634024637455169	7061	23900	10
79	12826	0.5538749415250273	1.8818025884921254	7104	24136	10
80	12826	0.5553563075003898	1.8984874473725246	7123	24350	10
81	12826	0.5578512396694215	1.914236706689537	7155	24552	10
82	12826	0.559956338687042	1.9332605644784033	7182	24796	10
83	12826	0.5617495711835334	1.9483860907531576	7205	24990	10
84	12826	0.5640885700920006	1.9627319507250898	7235	25174	10
85	12826	0.5664275690004678	1.9815998752533917	7265	25416	10
86	12826	0.5677530017152659	1.9956338687041946	7282	25596	10
87	12826	0.570403867144862	2.0109153282395136	7316	25792	10
88	12826	0.5728208326836114	2.026664587556526	7347	25994	10
89	12826	0.5734445657258693	2.042101980352409	7355	26192	10
90	12826	0.5757055980040543	2.056447840324341	7384	26376	10
91	12826	0.5774208638702635	2.0731326992047405	7406	26590	10
92	12826	0.5796039295181662	2.0871666926555434	7434	26770	10
93	12826	0.5812412287540932	2.1029159519725558	7455	26972	10
94	12826	0.5824886948386091	2.118353344768439	7471	27170	10
95	12826	0.5835802276625605	2.1320754716981134	7485	27346	10
96	12826	0.5849056603773585	2.1461094651489163	7502	27526	10
97	12826	0.586387026352721	2.161702791205364	7521	27726	10
98	12826	0.5881802588492125	2.1752689848744735	7544	27900	10
99	12826	0.5906751910182442	2.191641977233744	7576	28110	10
100	12826	0.5920006237330423	2.205987837205676	7593	28294	10
1	12826	0.026040854514267894	0.026664587556525808	334	342	11
2	12826	0.05894277249337283	0.06408857009200063	756	822	11
3	12826	0.08295649462030251	0.09418368938094496	1064	1208	11
4	12826	0.10556681740215187	0.1278652736628723	1354	1640	11
5	12826	0.1256822080149696	0.1588959925152035	1612	2038	11
6	12826	0.14720099797286762	0.1955403087478559	1888	2508	11
7	12826	0.17176048651177295	0.23951348822703883	2203	3072	11
8	12826	0.18836737876188991	0.2736628722906596	2416	3510	11
9	12826	0.20271323873382194	0.3048495244035553	2600	3910	11
10	12826	0.216747232184625	0.33806330890378916	2780	4336	11
11	12826	0.2295337595509122	0.36940589427724935	2944	4738	11
12	12826	0.2416185872446593	0.4007484796507095	3099	5140	11
13	12826	0.25253391548417276	0.4317791985030407	3239	5538	11
14	12826	0.26454077654763763	0.4640573834398877	3393	5952	11
15	12826	0.2759239045688445	0.4975830344612506	3539	6382	11
16	12826	0.2844222672696086	0.5247154217994698	3648	6730	11
17	12826	0.29370029627319505	0.5506003430531733	3767	7062	11
18	12826	0.3025105254950881	0.5792920629970373	3880	7430	11
19	12826	0.3113987213472634	0.6067363168563855	3994	7782	11
20	12826	0.3193513176360518	0.6387026352721036	4096	8192	11
21	12826	0.3281615468579448	0.6667706221737096	4209	8552	11
22	12826	0.33720567597068457	0.6949945423358802	4325	8914	11
23	12826	0.34336503976298144	0.7193201309839389	4404	9226	11
24	12826	0.35038203648838295	0.7467643848432871	4494	9578	11
25	12826	0.35708716669265556	0.772493372836426	4580	9908	11
26	12826	0.36270076407297674	0.7944799625760175	4652	10190	11
27	12826	0.3680804615624513	0.8163106190550444	4721	10470	11
28	12826	0.3752533915484173	0.8418836737876189	4813	10798	11
29	12826	0.3815686886012786	0.8649617963511617	4894	11094	11
30	12826	0.38788398565414	0.8906907843443006	4975	11424	11
31	12826	0.3920162170590987	0.9153282395134882	5028	11740	11
32	12826	0.3967721815063153	0.938406362077031	5089	12036	11
33	12826	0.40129424606268516	0.9597692187743646	5147	12310	11
34	12826	0.4059722438796195	0.9842507406829877	5207	12624	11
35	12826	0.4111180414782473	1.0079525962887883	5273	12928	11
36	12826	0.4174333385311087	1.0316544518945892	5354	13232	11
37	12826	0.4230469359114299	1.0539529081553096	5426	13518	11
38	12826	0.4284266334009044	1.0771869639794167	5495	13816	11
39	12826	0.4338063308903789	1.1029159519725558	5564	14146	11
40	12826	0.43723686262279743	1.1277093404023077	5608	14464	11
41	12826	0.44121316076719164	1.1486043973179478	5659	14732	11
42	12826	0.44542335880243256	1.1713706533603618	5713	15024	11
43	12826	0.44924372368626225	1.1927335100576952	5762	15298	11
44	12826	0.4534539217215032	1.2137845002338998	5816	15568	11
45	12826	0.4558708872602526	1.2317168251988149	5847	15798	11
46	12826	0.46031498518634023	1.2554186808046157	5904	16102	11
47	12826	0.4643692499610167	1.277717137065336	5956	16388	11
48	12826	0.46772181506315297	1.2976765944175892	5999	16644	11
49	12826	0.47146421331670046	1.3227818493684702	6047	16966	11
50	12826	0.47481677841883674	1.3436769062841103	6090	17234	11
51	12826	0.47879307656323095	1.3670668953687821	6141	17534	11
52	12826	0.4826914080773429	1.3887416185872448	6191	17812	11
53	12826	0.48604397317947917	1.40807734289724	6234	18060	11
54	12826	0.48877280523935757	1.426009667862155	6269	18290	11
55	12826	0.49111180414782474	1.4462809917355373	6299	18550	11
56	12826	0.4950101356619367	1.470606580383596	6349	18862	11
57	12826	0.4985186340246375	1.4885389053485107	6394	19092	11
58	12826	0.5012474660845159	1.508498362700764	6429	19348	11
59	12826	0.503898331514112	1.5275222204896304	6463	19592	11
60	12826	0.5084203960704818	1.5495088102292218	6521	19874	11
61	12826	0.5123187275845938	1.5693123343209106	6571	20128	11
62	12826	0.5150475596444721	1.5903633244971151	6606	20398	11
63	12826	0.5173865585529394	1.6047091844690473	6636	20582	11
64	12826	0.5208950569156401	1.6259161079058164	6681	20854	11
65	12826	0.5235459223452362	1.6444721659129893	6715	21092	11
66	12826	0.5262747544051146	1.6614688913145175	6750	21310	11
67	12826	0.5287696865741462	1.679245283018868	6782	21538	11
68	12826	0.5314205520037424	1.6956182753781381	6816	21748	11
69	12826	0.5335256510213628	1.7135506003430532	6843	21978	11
70	12826	0.5352409168875721	1.7317947918290972	6865	22212	11
71	12826	0.5374239825354749	1.74442538593482	6893	22374	11
72	12826	0.5396070481833776	1.7597068454701388	6921	22570	11
73	12826	0.5409324808981756	1.7746764384843288	6938	22762	11
74	12826	0.543037579915796	1.7921409636675503	6965	22986	11
75	12826	0.5465460782784968	1.8103851551535943	7010	23220	11
76	12826	0.5487291439263995	1.8259784812100421	7038	23420	11
77	12826	0.5512240760954311	1.8421955403087478	7070	23628	11
78	12826	0.5532512084827694	1.858880399189147	7096	23842	11
79	12826	0.5566037735849056	1.8794635895836582	7139	24106	11
80	12826	0.5590207391236551	1.8984874473725246	7170	24350	11
81	12826	0.5609699048807111	1.9151723062529238	7195	24564	11
82	12826	0.5631529705286138	1.9317012318727584	7223	24776	11
83	12826	0.5654140028067987	1.948230157492593	7252	24988	11
84	12826	0.5670513020427257	1.962887883985654	7273	25176	11
85	12826	0.5685326680180882	1.9786371433026664	7292	25378	11
86	12826	0.5706377670357087	1.9932948697957273	7319	25566	11
87	12826	0.5727428660533291	2.0118509278029	7346	25804	11
88	12826	0.5752377982223609	2.0277561203804773	7378	26008	11
89	12826	0.5773428972399813	2.044440979260876	7405	26222	11
90	12826	0.5796818961484485	2.06128177140184	7435	26438	11
91	12826	0.5813971620146577	2.073756432246998	7457	26598	11
92	12826	0.5831903945111492	2.0901294246062685	7480	26808	11
93	12826	0.585061593637923	2.104631217838765	7504	26994	11
94	12826	0.5866209262435678	2.118353344768439	7524	27170	11
95	12826	0.5877124590675191	2.1331670045220648	7538	27360	11
96	12826	0.5895056915640106	2.1484484640573833	7561	27556	11
97	12826	0.5909870575393732	2.1627943240293153	7580	27740	11
98	12826	0.5927802900358646	2.177607983782941	7603	27930	11
99	12826	0.5946514891626384	2.1941369094027756	7627	28142	11
100	12826	0.5967565881802589	2.2112895680648683	7654	28362	11
1	12826	0.02455948853890535	0.024949321690316544	315	320	12
2	12826	0.060112271947606426	0.06440043661312958	771	826	12
3	12826	0.08513956026820521	0.09589895524715422	1092	1230	12
4	12826	0.10455325120848277	0.1263059410572275	1341	1620	12
5	12826	0.12240760954311555	0.1559332605644784	1570	2000	12
6	12826	0.14369249961016684	0.19195384375487293	1843	2462	12
7	12826	0.16443162326524247	0.23280835802276625	2109	2986	12
8	12826	0.18142834866677063	0.26555434274130674	2327	3406	12
9	12826	0.19616404179011382	0.296273195072509	2516	3800	12
10	12826	0.20996413535007016	0.32699204740371124	2693	4194	12
11	12826	0.22228286293466396	0.35724309995322	2851	4582	12
12	12826	0.236316856385467	0.3885856853266802	3031	4984	12
13	12826	0.2484016840792141	0.42117573678465614	3186	5402	12
14	12826	0.26126617807578356	0.45548105410884143	3351	5842	12
15	12826	0.2726493060969905	0.4861999064400437	3497	6236	12
16	12826	0.28434430063932636	0.5183221581163262	3647	6648	12
17	12826	0.29245283018867924	0.5407765476376111	3751	6936	12
18	12826	0.3012630594105723	0.5679089349758304	3864	7284	12
19	12826	0.3071105566817402	0.5898955247154218	3939	7566	12
20	12826	0.31693435209730236	0.6231093092156557	4065	7992	12
21	12826	0.3238733821924216	0.6489942304693591	4154	8324	12
22	12826	0.33361921097770153	0.6745672852019335	4279	8652	12
23	12826	0.33899890846717606	0.6985810073288633	4348	8960	12
24	12826	0.3459379385622953	0.7264930609699048	4437	9318	12
25	12826	0.35186340246374553	0.7523779822236083	4513	9650	12
26	12826	0.357554966474349	0.7740527054420708	4586	9928	12
27	12826	0.36348043037579914	0.7985342273506939	4662	10242	12
28	12826	0.3708872602526119	0.8259784812100421	4757	10594	12
29	12826	0.3766567908934976	0.8523312022454389	4831	10932	12
30	12826	0.3830500545766412	0.8746296585061594	4913	11218	12
31	12826	0.38772805239357555	0.8994230469359115	4973	11536	12
32	12826	0.39248401684079215	0.9226571027600187	5034	11834	12
33	12826	0.39848744737252456	0.9444877592390457	5111	12114	12
34	12826	0.4036332449711523	0.9678777483237174	5177	12414	12
35	12826	0.40862310930921564	0.9912677374083892	5241	12714	12
36	12826	0.41384687353812566	1.0141899267113674	5308	13008	12
37	12826	0.4174333385311087	1.0341493840636207	5354	13264	12
38	12826	0.4217994698269141	1.0584749727116793	5410	13576	12
39	12826	0.42733510057695306	1.0820208950569157	5481	13878	12
40	12826	0.43146733198191173	1.103695618275378	5534	14156	12
41	12826	0.43591142990799936	1.1269296740994854	5591	14454	12
42	12826	0.44168096054888506	1.1534383283954468	5665	14794	12
43	12826	0.445579292062997	1.174645251832216	5715	15066	12
44	12826	0.44971152346795573	1.1961640417901138	5768	15342	12
45	12826	0.4543115546546078	1.2178387650085762	5827	15620	12
46	12826	0.45813191953843757	1.2399812880087322	5876	15904	12
47	12826	0.46296585061593637	1.2608763449243723	5938	16172	12
48	12826	0.4658506159363792	1.2800561359738032	5975	16418	12
49	12826	0.46967098082020897	1.3025105254950882	6024	16706	12
50	12826	0.4733354124434742	1.3224699828473414	6071	16962	12
51	12826	0.47629814439419926	1.3430531732418525	6109	17226	12
52	12826	0.4794168096054888	1.3648838297208794	6149	17506	12
53	12826	0.48362700764072974	1.3853110868548262	6203	17768	12
54	12826	0.48674567285201936	1.4018400124746608	6243	17980	12
55	12826	0.48955247154217996	1.4196164041790114	6279	18208	12
56	12826	0.49290503664431623	1.4408233276157805	6322	18480	12
57	12826	0.49586776859504134	1.4614065180102915	6360	18744	12
58	12826	0.49968813347887103	1.480118509278029	6409	18984	12
59	12826	0.5024949321690316	1.498362700764073	6445	19218	12
60	12826	0.5060813971620146	1.516606892250117	6491	19452	12
61	12826	0.509122095743022	1.533915484172774	6530	19674	12
62	12826	0.5127865273662873	1.553407141743334	6577	19924	12
63	12826	0.5151255262747544	1.5708716669265554	6607	20148	12
64	12826	0.5187119912677374	1.591298924060502	6653	20410	12
65	12826	0.5211289568064869	1.6128177140184001	6684	20686	12
66	12826	0.5242476220177764	1.633244971152347	6724	20948	12
67	12826	0.5265866209262435	1.6519569624200843	6754	21188	12
68	12826	0.5289256198347108	1.6686418213004834	6784	21402	12
69	12826	0.530952752222049	1.6859504132231404	6810	21624	12
70	12826	0.5336036176516451	1.7023234055824108	6844	21834	12
71	12826	0.5362544830812412	1.7165133322937782	6878	22016	12
72	12826	0.5392951816622485	1.733665990955871	6917	22236	12
73	12826	0.5412443474193045	1.7492593170123187	6942	22436	12
74	12826	0.5440511461094651	1.7648526430687665	6978	22636	12
75	12826	0.5460782784968033	1.779354436301263	7004	22822	12
76	12826	0.5484952440355528	1.7926087634492438	7035	22992	12
77	12826	0.5499766100109154	1.8072664899423048	7054	23180	12
78	12826	0.5530173085919227	1.8251988149072198	7093	23410	12
79	12826	0.5553563075003898	1.8414158740059254	7123	23618	12
80	12826	0.5582410728208327	1.859815998752534	7160	23854	12
81	12826	0.5600343053173242	1.8736940589427724	7183	24032	12
82	12826	0.5626072041166381	1.8916263839076874	7216	24262	12
83	12826	0.5641665367222829	1.905816310619055	7236	24444	12
84	12826	0.5654140028067987	1.9218774364571962	7252	24650	12
85	12826	0.5676750350849836	1.9401216279432403	7281	24884	12
86	12826	0.5699360673631686	1.9547793544363012	7310	25072	12
87	12826	0.5714174333385311	1.9714642133167004	7329	25286	12
88	12826	0.5744581319195384	1.988616871978793	7368	25506	12
89	12826	0.5774988305005457	2.0063932636831434	7407	25734	12
90	12826	0.5785903633244971	2.0213628566973334	7421	25926	12
91	12826	0.5806954623421176	2.0389833151411194	7448	26152	12
92	12826	0.583112427880867	2.054420707937003	7479	26350	12
93	12826	0.5852954935287696	2.0697021674723217	7507	26546	12
94	12826	0.5870107593949789	2.086075159831592	7529	26756	12
95	12826	0.5895056915640106	2.100732886324653	7561	26944	12
96	12826	0.5904412911273975	2.114455013254327	7573	27120	12
97	12826	0.5923124902541712	2.1292686730079526	7597	27310	12
98	12826	0.5943396226415094	2.144082332761578	7623	27500	12
99	12826	0.5962108217682832	2.159363792296897	7647	27696	12
100	12826	0.5969125214408233	2.172774052705442	7656	27868	12
1	12826	0.023779822236082958	0.024169655387494153	305	310	13
2	12826	0.05917667238421955	0.06362077031030719	759	816	13
3	12826	0.08264462809917356	0.09200062373304226	1060	1180	13
4	12826	0.10369561827537814	0.12427880866988929	1330	1594	13
5	12826	0.12404490877904258	0.15421799469826913	1591	1978	13
6	12826	0.14595353188835178	0.18961484484640573	1872	2432	13
7	12826	0.16996725401528145	0.23218462498050835	2180	2978	13
8	12826	0.18446904724777796	0.263683143614533	2366	3382	13
9	12826	0.2002962731950725	0.29783252767815377	2569	3820	13
10	12826	0.2137845002338999	0.32823951348822705	2742	4210	13
11	12826	0.22750662716357398	0.36082956494620305	2918	4628	13
12	12826	0.24013722126929674	0.38998908467176047	3080	5002	13
13	12826	0.2512084827693747	0.4238266022142523	3222	5436	13
14	12826	0.26048651177296117	0.45314205520037426	3341	5812	13
15	12826	0.2691408077342897	0.4838609075315765	3452	6206	13
16	12826	0.27834087010759395	0.5113051613909246	3570	6558	13
17	12826	0.28863246530484954	0.537813815686886	3702	6898	13
18	12826	0.2997037268049275	0.5658818025884921	3844	7258	13
19	12826	0.3078122563542804	0.5937938562295337	3948	7616	13
20	12826	0.3163885856853267	0.6251364416029939	4058	8018	13
21	12826	0.3235615156712927	0.6488382972087946	4150	8322	13
22	12826	0.3311242788086699	0.6740994854202401	4247	8646	13
23	12826	0.3375175424918135	0.6967098082020895	4329	8936	13
24	12826	0.3457040386714486	0.7229065959769219	4434	9272	13
25	12826	0.3516295025728988	0.7494152502728832	4510	9612	13
26	12826	0.35771089973491343	0.7717137065336036	4588	9898	13
27	12826	0.3637143302666459	0.7986901606112584	4665	10244	13
28	12826	0.3708872602526119	0.8256666146889131	4757	10590	13
29	12826	0.3761110244815219	0.8474972711679402	4824	10870	13
30	12826	0.38094495555902075	0.8711991267737408	4886	11174	13
31	12826	0.3863246530484952	0.895680648682364	4955	11488	13
32	12826	0.3906128177140184	0.9164197723374395	5010	11754	13
33	12826	0.3959145485732107	0.93871822859816	5078	12040	13
34	12826	0.402541712147201	0.9631997505067831	5163	12354	13
35	12826	0.4065180102915952	0.9869016061125838	5214	12658	13
36	12826	0.4125214408233276	1.0121627943240292	5291	12982	13
37	12826	0.41860283798534226	1.0363324497115234	5369	13292	13
38	12826	0.42312490254171214	1.0594105722750662	5427	13588	13
39	12826	0.4281927335100577	1.0852954935287698	5492	13920	13
40	12826	0.4323249649150164	1.1055668174021518	5545	14180	13
41	12826	0.4363012630594106	1.127397473881179	5596	14460	13
42	12826	0.4405114610946515	1.1529705286137533	5650	14788	13
43	12826	0.44339622641509435	1.173085919226571	5687	15046	13
44	12826	0.4486199906440044	1.1956962420084205	5754	15336	13
45	12826	0.4528301886792453	1.2142523000155934	5808	15574	13
46	12826	0.4562607204116638	1.2357710899734913	5852	15850	13
47	12826	0.46132855138000933	1.2576017464525184	5917	16130	13
48	12826	0.4640573834398877	1.2784968033681585	5952	16398	13
49	12826	0.4669421487603306	1.3011071261500078	5989	16688	13
50	12826	0.47006081397162014	1.32137845002339	6029	16948	13
51	12826	0.47380321222516764	1.3441447060658038	6077	17240	13
52	12826	0.47629814439419926	1.3616092312490253	6109	17464	13
53	12826	0.4796507094963356	1.3804771557773272	6152	17706	13
54	12826	0.4829253079681896	1.4019959457352253	6194	17982	13
55	12826	0.4859660065491969	1.4235147356931233	6233	18258	13
56	12826	0.48916263839076873	1.4456572586932792	6274	18542	13
57	12826	0.4915016372992359	1.4665523156089193	6304	18810	13
58	12826	0.4962576017464525	1.489630438172462	6365	19106	13
59	12826	0.49906440043661315	1.5064712303134258	6401	19322	13
60	12826	0.5023389989084672	1.527054420707937	6443	19586	13
61	12826	0.505847497271168	1.5440511461094653	6488	19804	13
62	12826	0.5086542959613286	1.5626072041166381	6524	20042	13
63	12826	0.5112271947606425	1.5805395290815532	6557	20272	13
64	12826	0.5147356931233432	1.6004989864338064	6602	20528	13
65	12826	0.5171526586620926	1.6206143770466241	6633	20786	13
66	12826	0.5194916575705598	1.638858568532668	6663	21020	13
67	12826	0.5222204896304382	1.6581942928426634	6698	21268	13
68	12826	0.5241696553874942	1.6737876188991112	6723	21468	13
69	12826	0.5264306876656791	1.6934352097302354	6752	21720	13
70	12826	0.5284578200530173	1.711835334476844	6778	21956	13
71	12826	0.5321222516762826	1.72945579292063	6825	22182	13
72	12826	0.5346171838453142	1.7464525183221582	6857	22400	13
73	12826	0.5366443162326524	1.7623577108997348	6883	22604	13
74	12826	0.539762981443942	1.779978169343521	6923	22830	13
75	12826	0.5415562139404335	1.7951036956182753	6946	23024	13
76	12826	0.5441291127397474	1.811944487759239	6979	23240	13
77	12826	0.5463901450179324	1.826914080773429	7008	23432	13
78	12826	0.5493528769686574	1.84749727116794	7046	23696	13
79	12826	0.5516139092468424	1.8669889287385	7075	23946	13
80	12826	0.5545766411975674	1.8869483860907532	7113	24202	13
81	12826	0.5559800405426477	1.9003586464992983	7131	24374	13
82	12826	0.5573054732574458	1.917511305161391	7148	24594	13
83	12826	0.5585529393419616	1.9324808981755808	7164	24786	13
84	12826	0.5611258381412755	1.94916575705598	7197	25000	13
85	12826	0.5632309371588959	1.9660065491969436	7224	25216	13
86	12826	0.565180102915952	1.9805083424294403	7249	25402	13
87	12826	0.5673631685638547	1.9976610010915328	7277	25622	13
88	12826	0.5692343676906284	2.0099797286761265	7301	25780	13
89	12826	0.5722750662716357	2.0280679869016063	7340	26012	13
90	12826	0.5737564322469982	2.041946047091845	7359	26190	13
91	12826	0.5751598315920786	2.056603773584906	7377	26378	13
92	12826	0.5770310307188523	2.071105566817402	7401	26564	13
93	12826	0.5793700296273195	2.0871666926555434	7431	26770	13
94	12826	0.5820988616871979	2.105566817402152	7466	27006	13
95	12826	0.583424294401996	2.121004210198035	7483	27204	13
96	12826	0.584437860595665	2.1353500701699675	7496	27388	13
97	12826	0.5865429596132855	2.1501637299235927	7523	27578	13
98	12826	0.5878683923280836	2.1637299235927023	7540	27752	13
99	12826	0.5900514579759862	2.1821300483393107	7568	27988	13
100	12826	0.592234523623889	2.1967877748323716	7596	28176	13
1	12826	0.022922189302978326	0.02338998908467176	294	300	14
2	12826	0.05660377358490566	0.06096990488071106	726	782	14
3	12826	0.08147512864493997	0.09184469047247779	1045	1178	14
4	12826	0.10385155153594261	0.1250584749727117	1332	1604	14
5	12826	0.12381100888819585	0.15546546078278498	1588	1994	14
6	12826	0.14907219709964134	0.19678777483237175	1912	2524	14
7	12826	0.17254015281459537	0.2396694214876033	2213	3074	14
8	12826	0.18844534539217214	0.2719476064244503	2417	3488	14
9	12826	0.2032590051457976	0.3039139248401684	2607	3898	14
10	12826	0.21721503196631842	0.33525651021362857	2786	4300	14
11	12826	0.2307032590051458	0.36784656167160457	2959	4718	14
12	12826	0.24271012006861065	0.3971620146577265	3113	5094	14
13	12826	0.25424918135038205	0.42990799937626695	3261	5514	14
14	12826	0.2676594417589272	0.46374551691875876	3433	5948	14
15	12826	0.27810697021674724	0.49477623577109	3567	6346	14
16	12826	0.28527990020271327	0.5219086231093092	3659	6694	14
17	12826	0.2939341961640418	0.5468579447996258	3770	7014	14
18	12826	0.3020427257133947	0.5716513332293778	3874	7332	14
19	12826	0.310307188523312	0.5980040542647747	3980	7670	14
20	12826	0.317791985030407	0.62778730703259	4076	8052	14
21	12826	0.324653048495244	0.6516450958989553	4164	8358	14
22	12826	0.330188679245283	0.6737876188991112	4235	8642	14
23	12826	0.3359582098861687	0.6990488071105567	4309	8966	14
24	12826	0.34297520661157027	0.725557461406518	4399	9306	14
25	12826	0.3506939030095119	0.7537813815686886	4498	9668	14
26	12826	0.35607360049898645	0.7773273039139248	4567	9970	14
27	12826	0.3623109309215656	0.8032122251676282	4647	10302	14
28	12826	0.3677685950413223	0.8300327459847185	4717	10646	14
29	12826	0.3744737252455949	0.8566973335412443	4803	10988	14
30	12826	0.38039918914704507	0.8793076563230937	4879	11278	14
31	12826	0.3867924528301887	0.906751910182442	4961	11630	14
32	12826	0.390145017932325	0.9281147668797755	5004	11904	14
33	12826	0.39505691564010603	0.9519725557461407	5067	12210	14
34	12826	0.4007484796507095	0.9759862778730704	5140	12518	14
35	12826	0.4063620770310307	1.0012474660845159	5212	12842	14
36	12826	0.4121316076719164	1.0272883205987837	5286	13176	14
37	12826	0.4172774052705442	1.0484952440355528	5352	13448	14
38	12826	0.4221893029783253	1.0731326992047403	5415	13764	14
39	12826	0.4262435677530017	1.096210821768283	5467	14060	14
40	12826	0.4322469982847341	1.119912677374084	5544	14364	14
41	12826	0.4385622953375955	1.143770466240449	5625	14670	14
42	12826	0.4437860595665055	1.1663807890222984	5692	14960	14
43	12826	0.44815219086231095	1.1900826446280992	5748	15264	14
44	12826	0.45314205520037426	1.213160767191642	5812	15560	14
45	12826	0.4572742866053329	1.2354592234523625	5865	15846	14
46	12826	0.4614065180102916	1.260408545142679	5918	16166	14
47	12826	0.46452518322158115	1.2819273351005769	5958	16442	14
48	12826	0.46826758147512865	1.3025105254950882	6006	16706	14
49	12826	0.47154217994698266	1.3234055824107283	6048	16974	14
50	12826	0.47505067830968345	1.3447684391080617	6093	17248	14
51	12826	0.4780913768906908	1.3655075627631375	6132	17514	14
52	12826	0.48105410884141586	1.386558552939342	6170	17784	14
53	12826	0.48479650709496336	1.4093248089817558	6218	18076	14
54	12826	0.48752533915484175	1.428660533291751	6253	18324	14
55	12826	0.49189147045064713	1.4517386558552938	6309	18620	14
56	12826	0.4953999688133479	1.4731015125526274	6354	18894	14
57	12826	0.49828473413379076	1.491501637299236	6391	19130	14
58	12826	0.5007016996725402	1.5114610946514893	6422	19386	14
59	12826	0.503898331514112	1.5307968189614845	6463	19634	14
60	12826	0.507172929985966	1.552783408701076	6505	19916	14
61	12826	0.5106034617183846	1.5727428660533291	6549	20172	14
62	12826	0.5132543271479807	1.5927023234055824	6583	20428	14
63	12826	0.5171526586620926	1.6120380477155778	6633	20676	14
64	12826	0.5209730235459223	1.6302822392016216	6682	20910	14
65	12826	0.5222204896304382	1.6497738967721816	6698	21160	14
66	12826	0.5254950881022922	1.6691096210821768	6740	21408	14
67	12826	0.5279900202713239	1.6892250116949945	6772	21666	14
68	12826	0.5308747855917667	1.707625136441603	6809	21902	14
69	12826	0.5335256510213628	1.725869327927647	6843	22136	14
70	12826	0.5358646499298301	1.7436457196319974	6873	22364	14
71	12826	0.5376578824263215	1.761733977857477	6896	22596	14
72	12826	0.5401528145953531	1.7785747699984407	6928	22812	14
73	12826	0.5424138468735381	1.7955714953999689	6957	23030	14
74	12826	0.5458443786059567	1.8139716201465772	7001	23266	14
75	12826	0.5476376111024481	1.8308124122875409	7024	23482	14
76	12826	0.5502884765320443	1.8471854046468112	7058	23692	14
77	12826	0.5534851083736161	1.8634024637455169	7099	23900	14
78	12826	0.5553563075003898	1.8822703882738188	7123	24142	14
79	12826	0.5579292062997038	1.9016061125838142	7156	24390	14
80	12826	0.5601902385778886	1.9196943708092937	7185	24622	14
81	12826	0.5620614377046624	1.935443630126306	7209	24824	14
82	12826	0.5643224699828473	1.9532200218306566	7238	25052	14
83	12826	0.5661157024793388	1.9695930141899267	7261	25262	14
84	12826	0.5686886012786527	1.9854982067675035	7294	25466	14
85	12826	0.57172929985966	2.0021830656479027	7333	25680	14
86	12826	0.5736004989864338	2.0160611258381413	7357	25858	14
87	12826	0.5760954311554655	2.0318103851551537	7389	26060	14
88	12826	0.5784344300639327	2.047247777951037	7419	26258	14
89	12826	0.5799157960392952	2.0634648370497426	7438	26466	14
90	12826	0.5820988616871979	2.0796818961484487	7466	26674	14
91	12826	0.584437860595665	2.0963667550288476	7496	26888	14
92	12826	0.586387026352721	2.111804147824731	7521	27086	14
93	12826	0.5882582254794948	2.124746608451583	7545	27252	14
94	12826	0.5898955247154218	2.1412755340714176	7566	27464	14
95	12826	0.5912989240605021	2.1559332605644785	7584	27652	14
96	12826	0.5945735225323562	2.1723062529237485	7626	27862	14
97	12826	0.5960548885077187	2.186340246374552	7645	28042	14
98	12826	0.5973803212225167	2.201465772649306	7662	28236	14
99	12826	0.5991735537190083	2.219242164353657	7685	28464	14
100	12826	0.601044752845782	2.2328083580227664	7709	28638	14
1	12826	0.02455948853890535	0.025105254950881024	315	322	15
2	12826	0.05948853890534851	0.06377670357087167	763	818	15
3	12826	0.08389209418368938	0.09371588959925152	1076	1202	15
4	12826	0.10307188523312022	0.12256354280368002	1322	1572	15
5	12826	0.12482457508186497	0.1559332605644784	1601	2000	15
6	12826	0.14759083112427882	0.19600810852954936	1893	2514	15
7	12826	0.17207235303290191	0.23888975518478092	2207	3064	15
8	12826	0.18766567908934975	0.27179167316388586	2407	3486	15
9	12826	0.2016996725401528	0.3028223920162171	2587	3884	15
10	12826	0.21534383283954467	0.3341649773896772	2762	4286	15
11	12826	0.22711679401216278	0.36410416341805707	2913	4670	15
12	12826	0.2398253547481678	0.3951348822703883	3076	5068	15
13	12826	0.25167628255106816	0.429596132855138	3228	5510	15
14	12826	0.26376111024481524	0.4634336503976298	3383	5944	15
15	12826	0.2737408389209418	0.4946203025105255	3511	6344	15
16	12826	0.28294090129424604	0.5214408233276158	3629	6688	15
17	12826	0.29214096366755027	0.5504444097926088	3747	7060	15
18	12826	0.30017152658662094	0.5772649306096991	3850	7404	15
19	12826	0.30773428972399813	0.6020583190394511	3947	7722	15
20	12826	0.31568688601278655	0.6330890378917823	4049	8120	15
21	12826	0.3241072820832684	0.6599095587088726	4157	8464	15
22	12826	0.3323717448931857	0.6867300795259629	4263	8808	15
23	12826	0.33837517542491813	0.7118353344768439	4340	9130	15
24	12826	0.34578200530173087	0.7364727896460315	4435	9446	15
25	12826	0.35209730235459225	0.7632933104631218	4516	9790	15
26	12826	0.3584905660377358	0.7865273662872291	4598	10088	15
27	12826	0.36488382972087946	0.812256354280368	4680	10418	15
28	12826	0.3694838609075316	0.8381412755340715	4739	10750	15
29	12826	0.37595509122095744	0.8627787307032591	4822	11066	15
30	12826	0.3811008888195852	0.8871043193513176	4888	11378	15
31	12826	0.38616871978793077	0.9109621082176829	4953	11684	15
32	12826	0.39053485108373615	0.9338842975206612	5009	11978	15
33	12826	0.3956026820520817	0.9597692187743646	5074	12310	15
34	12826	0.3998908467176049	0.9831592078590363	5129	12610	15
35	12826	0.40347731171058787	1.0070169967254015	5175	12916	15
36	12826	0.4083892094183689	1.0263527210353969	5238	13164	15
37	12826	0.4134570403867145	1.046935911429908	5303	13428	15
38	12826	0.4176672384219554	1.069390300951193	5357	13716	15
39	12826	0.42390456884453454	1.0937158895992516	5437	14028	15
40	12826	0.4281927335100577	1.115702479338843	5492	14310	15
41	12826	0.4323249649150164	1.1356619366910963	5545	14566	15
42	12826	0.43661312958053955	1.1606112583814128	5600	14886	15
43	12826	0.44090129424606267	1.183221581163262	5655	15176	15
44	12826	0.445579292062997	1.2070793700296274	5715	15482	15
45	12826	0.44994542335880244	1.2273506939030094	5771	15742	15
46	12826	0.45454545454545453	1.2518322158116326	5830	16056	15
47	12826	0.45976921877436455	1.2727272727272727	5897	16324	15
48	12826	0.4631997505067831	1.2915951972555746	5941	16566	15
49	12826	0.4677997816934352	1.3154529861219397	6000	16872	15
50	12826	0.47052861375331356	1.3336971776079838	6035	17106	15
51	12826	0.47481677841883674	1.3594261656011226	6090	17436	15
52	12826	0.478169343520973	1.378450023389989	6133	17680	15
53	12826	0.4812100421019804	1.399345080305629	6172	17948	15
54	12826	0.4846405738343989	1.4202401372212694	6216	18216	15
55	12826	0.48658973959145485	1.4405114610946514	6241	18476	15
56	12826	0.4902541712147201	1.4614065180102915	6288	18744	15
57	12826	0.4937626695774209	1.480742242320287	6333	18992	15
58	12826	0.4961796351161703	1.4996101668485888	6364	19234	15
59	12826	0.4994542335880243	1.5209730235459225	6406	19508	15
60	12826	0.5021050990176205	1.5399968813347886	6440	19752	15
61	12826	0.5044440979260877	1.5555902073912367	6470	19952	15
62	12826	0.5069390300951193	1.573990332137845	6502	20188	15
63	12826	0.5100576953064089	1.5927023234055824	6542	20428	15
64	12826	0.5130204272571339	1.609543115546546	6580	20644	15
65	12826	0.5156712926867301	1.6329331046312179	6614	20944	15
66	12826	0.5177763917043505	1.6477467643848434	6641	21134	15
67	12826	0.5202713238733822	1.6652112895680649	6673	21358	15
68	12826	0.5240137221269296	1.6832995477935444	6721	21590	15
69	12826	0.5261188211445501	1.6999844066739436	6748	21804	15
70	12826	0.5289256198347108	1.717760798378294	6784	22032	15
71	12826	0.5315764852643069	1.732730391392484	6818	22224	15
72	12826	0.5338375175424919	1.7491033837517542	6847	22434	15
73	12826	0.5368782161234992	1.7678153750194916	6886	22674	15
74	12826	0.5389833151411196	1.7849680336815843	6913	22894	15
75	12826	0.5412443474193045	1.8007172929985966	6942	23096	15
76	12826	0.543037579915796	1.815219086231093	6965	23282	15
77	12826	0.5453765788242633	1.8294090129424607	6995	23464	15
78	12826	0.5480274442538593	1.8473413379073755	7029	23694	15
79	12826	0.55083424294402	1.8638702635272104	7065	23906	15
80	12826	0.5530173085919227	1.8796195228442227	7093	24108	15
81	12826	0.5540308747855918	1.892094183689381	7106	24268	15
82	12826	0.55605800717293	1.9084671760486511	7132	24478	15
83	12826	0.5588648058630906	1.9271791673163885	7168	24718	15
84	12826	0.5613597380321222	1.9446436924996102	7200	24942	15
85	12826	0.5636987369405895	1.9611726181194449	7230	25154	15
86	12826	0.5649462030251052	1.9773896772181507	7246	25362	15
87	12826	0.5672852019335725	1.9959457352253236	7276	25600	15
88	12826	0.5691564010603462	2.011694994542336	7300	25802	15
89	12826	0.5711055668174021	2.0279120536410415	7325	26010	15
90	12826	0.5736784656167161	2.0438172462186186	7358	26214	15
91	12826	0.5753937314829253	2.059254639014502	7380	26412	15
92	12826	0.5764852643068766	2.0726648994230468	7394	26584	15
93	12826	0.5784344300639327	2.0876344924372368	7419	26776	15
94	12826	0.5806174957118353	2.1024481521908625	7447	26966	15
95	12826	0.582800561359738	2.1188211445501324	7475	27176	15
96	12826	0.5845158272259473	2.132387338219242	7497	27350	15
97	12826	0.5869327927646967	2.1501637299235927	7528	27578	15
98	12826	0.5890378917823171	2.1640417901138314	7555	27756	15
99	12826	0.5915328239513489	2.1801029159519727	7587	27962	15
100	12826	0.5929362232964291	2.1935131763605176	7605	28134	15
1	12826	0.026118821144550133	0.026508654295961328	335	340	16
2	12826	0.06252923748635585	0.06611570247933884	802	848	16
3	12826	0.08724465928582567	0.0952752222048963	1119	1222	16
4	12826	0.11040074847965071	0.12926867300795258	1416	1658	16
5	12826	0.1314517386558553	0.16045532512084829	1686	2058	16
6	12826	0.15258069546234213	0.1970996413535007	1957	2528	16
7	12826	0.1732418524871355	0.23655075627631375	2222	3034	16
8	12826	0.1901606112583814	0.2722594729455793	2439	3492	16
9	12826	0.2054420707937003	0.30438172462186186	2635	3904	16
10	12826	0.22165912989240605	0.3386870419460471	2843	4344	16
11	12826	0.23202869171994386	0.36940589427724935	2976	4738	16
12	12826	0.24411351941369094	0.4007484796507095	3131	5140	16
13	12826	0.2553407141743334	0.4309995322002183	3275	5528	16
14	12826	0.2653984094807422	0.46390145017932327	3404	5950	16
15	12826	0.2749883050054577	0.4924372368626228	3527	6316	16
16	12826	0.28551380009356	0.5230001559332605	3662	6708	16
17	12826	0.29416809605488853	0.5479494776235772	3773	7028	16
18	12826	0.30321222516762825	0.5786683299547793	3889	7422	16
19	12826	0.31077498830500544	0.6040854514267894	3986	7748	16
20	12826	0.31896148448464057	0.63230937158896	4091	8110	16
21	12826	0.32745984718540466	0.6600654919694371	4200	8466	16
22	12826	0.3336971776079838	0.6831436145329799	4280	8762	16
23	12826	0.34001247466084517	0.7074692031810386	4361	9074	16
24	12826	0.34757523779822236	0.7358490566037735	4458	9438	16
25	12826	0.35435833463277716	0.7629814439419929	4545	9786	16
26	12826	0.3600498986433806	0.787774832371745	4618	10104	16
27	12826	0.3655075627631374	0.8135038203648838	4688	10434	16
28	12826	0.3722906595976922	0.8397006081397163	4775	10770	16
29	12826	0.3785279900202713	0.8627787307032591	4855	11066	16
30	12826	0.38515515359426167	0.8878839856541401	4940	11388	16
31	12826	0.390145017932325	0.9114299079993763	5004	11690	16
32	12826	0.3944331825978481	0.9332605644784032	5059	11970	16
33	12826	0.39848744737252456	0.956650553563075	5111	12270	16
34	12826	0.404179011383128	0.9806642756900047	5184	12578	16
35	12826	0.4099485420240137	1.0062373304225791	5258	12906	16
36	12826	0.4144706065803836	1.0271323873382192	5316	13174	16
37	12826	0.42031810385155155	1.0478715109932948	5391	13440	16
38	12826	0.4246842351473569	1.0718852331202244	5447	13748	16
39	12826	0.4298300327459847	1.0966786215499766	5513	14066	16
40	12826	0.4338063308903789	1.1202245438952128	5564	14368	16
41	12826	0.4393419616404179	1.1445501325432714	5635	14680	16
42	12826	0.4444877592390457	1.1721503196631842	5701	15034	16
43	12826	0.44791829097146424	1.1932013098393888	5745	15304	16
44	12826	0.4528301886792453	1.215811632621238	5808	15594	16
45	12826	0.4558708872602526	1.2345236238889754	5847	15834	16
46	12826	0.45891158584125996	1.2543271479806644	5886	16088	16
47	12826	0.46296585061593637	1.2760018711991268	5938	16366	16
48	12826	0.467409948542024	1.299859660065492	5995	16672	16
49	12826	0.47099641353500704	1.3234055824107283	6041	16974	16
50	12826	0.4741930453765788	1.3455481054108842	6082	17258	16
51	12826	0.4773896772181506	1.368626227974427	6123	17554	16
52	12826	0.48198970840480276	1.3896772181506316	6182	17824	16
53	12826	0.4854202401372213	1.4101044752845782	6226	18086	16
54	12826	0.48838297208794634	1.4297520661157024	6264	18338	16
55	12826	0.49157960392951816	1.4522064556369874	6305	18626	16
56	12826	0.49508810229221895	1.4727896460314984	6350	18890	16
57	12826	0.49766100109153283	1.4935287696865742	6383	19156	16
58	12826	0.5000779666302823	1.5134882270388275	6414	19412	16
59	12826	0.5033525651021363	1.5364104163418058	6456	19706	16
60	12826	0.5065491969437081	1.5571495399968813	6497	19972	16
61	12826	0.5097458287852799	1.5767971308280055	6538	20224	16
62	12826	0.5120068610634648	1.5962887883985655	6567	20474	16
63	12826	0.5148916263839077	1.6146889131451738	6604	20710	16
64	12826	0.5181662248557617	1.6351161702791206	6646	20972	16
65	12826	0.5205052237642289	1.6547637611102448	6676	21224	16
66	12826	0.5225323561515671	1.6728520193357244	6702	21456	16
67	12826	0.5247154217994698	1.692031810385155	6730	21702	16
68	12826	0.5268984874473726	1.708248869483861	6758	21910	16
69	12826	0.5293934196164042	1.7268049274910338	6790	22148	16
70	12826	0.5323561515671292	1.7475440511461096	6828	22414	16
71	12826	0.5343832839544674	1.7631373772025574	6854	22614	16
72	12826	0.5366443162326524	1.780913768906908	6883	22842	16
73	12826	0.5392172150319663	1.7963511617027912	6916	23040	16
74	12826	0.5421799469826915	1.8153750194916576	6954	23284	16
75	12826	0.5450647123031342	1.83112427880867	6991	23486	16
76	12826	0.5470918446904725	1.8467176048651177	7017	23686	16
77	12826	0.5497427101200686	1.862154997661001	7051	23884	16
78	12826	0.551847809137689	1.880087322625916	7078	24114	16
79	12826	0.5546546078278497	1.897707781069702	7114	24340	16
80	12826	0.5568376734757524	1.9148604397317948	7142	24560	16
81	12826	0.5592546390145018	1.9290503664431624	7173	24742	16
82	12826	0.5617495711835334	1.9466708248869484	7205	24968	16
83	12826	0.5632309371588959	1.9582098861687198	7224	25116	16
84	12826	0.5658818025884921	1.9761422111336349	7258	25346	16
85	12826	0.5682208014969593	1.99547793544363	7288	25594	16
86	12826	0.5693123343209107	2.0082644628099175	7302	25758	16
87	12826	0.5706377670357087	2.0261967877748326	7319	25988	16
88	12826	0.5735225323561516	2.041946047091845	7356	26190	16
89	12826	0.5764852643068766	2.0603461718384533	7394	26426	16
90	12826	0.5780445969125214	2.0748479650709495	7414	26612	16
91	12826	0.5799157960392952	2.089661624824575	7438	26802	16
92	12826	0.5806954623421176	2.1047871510993295	7448	26996	16
93	12826	0.5820988616871979	2.120848276937471	7466	27202	16
94	12826	0.5843598939653828	2.1364416029939184	7495	27402	16
95	12826	0.5855293934196164	2.150319663184157	7510	27580	16
96	12826	0.5869327927646967	2.1646655231560894	7528	27764	16
97	12826	0.588648058630906	2.1801029159519727	7550	27962	16
98	12826	0.5905192577576797	2.1941369094027756	7574	28142	16
99	12826	0.5912209574302199	2.2083268361141433	7583	28324	16
100	12826	0.5934819897084048	2.2225167628255105	7612	28506	16
1	12826	0.02471542179946983	0.025573054732574457	317	328	17
2	12826	0.06019023857788866	0.06595976921877436	772	846	17
3	12826	0.08560736004989865	0.09777015437392796	1098	1254	17
4	12826	0.1061905504444098	0.12895680648682364	1362	1654	17
5	12826	0.1249025417121472	0.15905192577576796	1602	2040	17
6	12826	0.1447840324341182	0.19148604397317948	1857	2456	17
7	12826	0.16864182130048339	0.23358802432558864	2163	2996	17
8	12826	0.18470294713862467	0.267269608607516	2369	3428	17
9	12826	0.20014033993450803	0.299859660065492	2567	3846	17
10	12826	0.21557773273039138	0.332137845002339	2765	4260	17
11	12826	0.22875409324808982	0.36192109777015435	2934	4642	17
12	12826	0.24037112116014345	0.39076875097458286	3083	5012	17
13	12826	0.2512084827693747	0.4230469359114299	3222	5426	17
14	12826	0.2634492437236863	0.4570403867144862	3379	5862	17
15	12826	0.27459847185404646	0.4865117729611726	3522	6240	17
16	12826	0.28527990020271327	0.5144238266022143	3659	6598	17
17	12826	0.29338842975206614	0.5390612817714019	3763	6914	17
18	12826	0.3032901917979105	0.5677530017152659	3890	7282	17
19	12826	0.31093092156556995	0.5939497894900982	3988	7618	17
20	12826	0.3200530173085919	0.6259161079058163	4105	8028	17
21	12826	0.32699204740371124	0.6505535630750039	4194	8344	17
22	12826	0.33354124434741933	0.6761266178075783	4278	8672	17
23	12826	0.34063620770310304	0.7002962731950725	4369	8982	17
24	12826	0.3474972711679401	0.7277405270544207	4457	9334	17
25	12826	0.3530329019179791	0.7526898487447372	4528	9654	17
26	12826	0.3609854982067675	0.7791985030406986	4630	9994	17
27	12826	0.368314361453298	0.8058630905972244	4724	10336	17
28	12826	0.3745516918758771	0.8323717448931857	4804	10676	17
29	12826	0.3802432558864806	0.8576329331046312	4877	11000	17
30	12826	0.38523312022454387	0.8799313893653516	4941	11286	17
31	12826	0.38952128489006704	0.9033213784500234	4996	11586	17
32	12826	0.39466708248869486	0.9279588336192109	5062	11902	17
33	12826	0.4017620458443786	0.9552471542179947	5153	12252	17
34	12826	0.40706377670357086	0.978481210042102	5221	12550	17
35	12826	0.4122095743021987	1.004210198035241	5287	12880	17
36	12826	0.4164197723374396	1.024793388429752	5341	13144	17
37	12826	0.4207079370029627	1.0441291127397474	5396	13392	17
38	12826	0.4254639014501793	1.0700140339934507	5457	13724	17
39	12826	0.4305317324185249	1.0969904880711057	5522	14070	17
40	12826	0.4359893965382816	1.1234991423670668	5592	14410	17
41	12826	0.4405114610946515	1.1454857321066583	5650	14692	17
42	12826	0.4445657258693279	1.16887572119133	5702	14992	17
43	12826	0.4477623577108997	1.190706377670357	5743	15272	17
44	12826	0.4512708560736005	1.2139404334944643	5788	15570	17
45	12826	0.4546234211757368	1.23467955714954	5831	15836	17
46	12826	0.45867768595041325	1.2585373460159053	5883	16142	17
47	12826	0.462186184313114	1.2806798690160612	5928	16426	17
48	12826	0.4658506159363792	1.3009511928894433	5975	16686	17
49	12826	0.4701387806019024	1.3262123811008888	6030	17010	17
50	12826	0.4723998128800873	1.3455481054108842	6059	17258	17
51	12826	0.474894745049119	1.3681584281927335	6091	17548	17
52	12826	0.47879307656323095	1.3879619522844222	6141	17802	17
53	12826	0.4816778418836738	1.4094807422423203	6178	18078	17
54	12826	0.4841727740527054	1.428660533291751	6210	18324	17
55	12826	0.48635583970060814	1.4479962576017464	6238	18572	17
56	12826	0.48931857165133325	1.469047247777951	6276	18842	17
57	12826	0.492827070014034	1.4880711055668174	6321	19086	17
58	12826	0.4942304693591143	1.5066271635739903	6339	19324	17
59	12826	0.4971932013098394	1.5272103539685016	6377	19588	17
60	12826	0.5	1.547325744581319	6413	19846	17
61	12826	0.5026508654295961	1.5629190706377671	6447	20046	17
62	12826	0.5054576641197568	1.5820988616871978	6483	20292	17
63	12826	0.5095119288944332	1.6022142523000156	6535	20550	17
64	12826	0.512708560736005	1.6213940433494465	6576	20796	17
65	12826	0.5155933260564478	1.6416653672228285	6613	21056	17
66	12826	0.5189458911585841	1.6622485576173398	6656	21320	17
67	12826	0.5215967565881803	1.6811164821456417	6690	21562	17
68	12826	0.5248713550600344	1.6984250740682987	6732	21784	17
69	12826	0.527054420707937	1.7158895992515204	6760	22008	17
70	12826	0.5308747855917667	1.735069390300951	6809	22254	17
71	12826	0.5332137845002339	1.7478559176672384	6839	22418	17
72	12826	0.535552783408701	1.764696709808202	6869	22634	17
73	12826	0.5380477155777327	1.7804459691252144	6901	22836	17
74	12826	0.5404646811164822	1.7983782940901294	6932	23066	17
75	12826	0.5424918135038204	1.8138156868860127	6958	23264	17
76	12826	0.5446748791517231	1.8278496803368158	6986	23444	17
77	12826	0.5474816778418836	1.8437548729143927	7022	23648	17
78	12826	0.548885077186964	1.8612193980976142	7040	23872	17
79	12826	0.5507562763137377	1.8766567908934977	7064	24070	17
80	12826	0.5530173085919227	1.8941213160767192	7093	24294	17
81	12826	0.5555902073912365	1.9087790425697801	7126	24482	17
82	12826	0.5580851395602682	1.9256198347107438	7158	24698	17
83	12826	0.5605021050990177	1.9433962264150944	7189	24926	17
84	12826	0.562919070637767	1.9613285513800094	7220	25156	17
85	12826	0.5649462030251052	1.9803524091688758	7246	25400	17
86	12826	0.5675191018244191	1.995789801964759	7279	25598	17
87	12826	0.5693123343209107	2.013722126929674	7302	25828	17
88	12826	0.5709496335568377	2.027132387338219	7323	26000	17
89	12826	0.5730547325744582	2.0438172462186186	7350	26214	17
90	12826	0.5754716981132075	2.0605021050990175	7381	26428	17
91	12826	0.5777327303913925	2.0790581631061906	7410	26666	17
92	12826	0.5796818961484485	2.0930921565569935	7435	26846	17
93	12826	0.5813191953843755	2.1099329486979572	7456	27062	17
94	12826	0.5836581942928427	2.1256822080149695	7486	27264	17
95	12826	0.5853734601590519	2.140807734289724	7508	27458	17
96	12826	0.58669889287385	2.154841727740527	7525	27638	17
97	12826	0.5881802588492125	2.171058786839233	7544	27846	17
98	12826	0.5906751910182442	2.189147045064712	7576	28078	17
99	12826	0.5930921565569937	2.205052237642289	7607	28282	17
100	12826	0.5943396226415094	2.2198658973959144	7623	28472	17
1	12826	0.023078122563542802	0.02354592234523624	296	302	18
2	12826	0.05941057227506627	0.06408857009200063	762	822	18
3	12826	0.08545142678933416	0.09714642133167005	1096	1246	18
4	12826	0.10626851707469204	0.12802120692343677	1363	1642	18
5	12826	0.1254483081241229	0.15764852643068766	1609	2022	18
6	12826	0.14782473101512553	0.19476064244503352	1896	2498	18
7	12826	0.1704350537969749	0.2353032901917979	2186	3018	18
8	12826	0.18906907843443008	0.27132387338219244	2425	3480	18
9	12826	0.20489630438172463	0.30516139092468425	2628	3914	18
10	12826	0.2190082644628099	0.33525651021362857	2809	4300	18
11	12826	0.2317168251988149	0.3661312958053953	2972	4696	18
12	12826	0.24309995322002184	0.3941992827070014	3118	5056	18
13	12826	0.2539373148292531	0.42538593481989706	3257	5456	18
14	12826	0.2671136753469515	0.46125058474972713	3426	5916	18
15	12826	0.277717137065336	0.4904101044752846	3562	6290	18
16	12826	0.2874629658506159	0.5209730235459223	3687	6682	18
17	12826	0.2965850615936379	0.5451426789334165	3804	6992	18
18	12826	0.30445969125214406	0.5728987993138936	3905	7348	18
19	12826	0.3126461874317792	0.595509122095743	4010	7638	18
20	12826	0.3201309839388742	0.6231093092156557	4106	7992	18
21	12826	0.3287073132699205	0.649929830032746	4216	8336	18
22	12826	0.33627007640729767	0.6769062841104008	4313	8682	18
23	12826	0.3431311398721347	0.6988928738499922	4401	8964	18
24	12826	0.34991423670668953	0.7224387961952284	4488	9266	18
25	12826	0.35513800093559955	0.7483237174489319	4555	9598	18
26	12826	0.36192109777015435	0.7734289723998129	4642	9920	18
27	12826	0.3689380944955559	0.8004054264774676	4732	10266	18
28	12826	0.37494152502728834	0.8267581475128645	4809	10604	18
29	12826	0.38094495555902075	0.8527990020271324	4886	10938	18
30	12826	0.3863246530484952	0.8779042569780134	4955	11260	18
31	12826	0.39232808358022764	0.9044129112739747	5032	11600	18
32	12826	0.3976298144394199	0.9292062997037268	5100	11918	18
33	12826	0.40285357866832994	0.953375955091221	5167	12228	18
34	12826	0.40721970996413537	0.9770778106970217	5223	12532	18
35	12826	0.41205364104163417	1.0006237330422578	5285	12834	18
36	12826	0.41634180570715734	1.0235459223452363	5340	13128	18
37	12826	0.42016217059098704	1.0424138468735382	5389	13370	18
38	12826	0.4254639014501793	1.0675191018244192	5457	13692	18
39	12826	0.42936223296429127	1.0881022922189303	5507	13956	18
40	12826	0.4332605644784032	1.1107126150007796	5557	14246	18
41	12826	0.4362232964291283	1.1311398721347263	5595	14508	18
42	12826	0.43965382816154686	1.1540620614377046	5639	14802	18
43	12826	0.4444877592390457	1.176360517698425	5701	15088	18
44	12826	0.44823015749259315	1.195228442226727	5749	15330	18
45	12826	0.45119288944331826	1.2154997661001092	5787	15590	18
46	12826	0.45516918758771246	1.2384219554030875	5838	15884	18
47	12826	0.45969125214408235	1.260720411663808	5896	16170	18
48	12826	0.4630438172462186	1.2814595353188836	5939	16436	18
49	12826	0.46647434897863715	1.3070325900514579	5983	16764	18
50	12826	0.47045064712303136	1.3291751130516138	6034	17048	18
51	12826	0.4738811788554499	1.3519413690940278	6078	17340	18
52	12826	0.47731171058786837	1.3723686262279744	6122	17602	18
53	12826	0.480430375799158	1.3927958833619212	6162	17864	18
54	12826	0.4848744737252456	1.4129112739747387	6219	18122	18
55	12826	0.48752533915484175	1.433182597848121	6253	18382	18
56	12826	0.4912677374083892	1.4545454545454546	6301	18656	18
57	12826	0.4950101356619367	1.4752845782005302	6349	18922	18
58	12826	0.498050834242944	1.4972711679401216	6388	19204	18
59	12826	0.5023389989084672	1.5187899578980197	6443	19480	18
60	12826	0.5056915640106034	1.5412443474193045	6486	19768	18
61	12826	0.5094339622641509	1.5598004054264776	6534	20006	18
62	12826	0.5128644939965694	1.578512396694215	6578	20246	18
63	12826	0.5158272259472946	1.595820988616872	6616	20468	18
64	12826	0.5180882582254795	1.6128177140184001	6645	20686	18
65	12826	0.5216747232184625	1.6337127709340402	6691	20954	18
66	12826	0.5255730547325744	1.6513332293778262	6741	21180	18
67	12826	0.5272103539685015	1.6691096210821768	6762	21408	18
68	12826	0.5291595197255574	1.6843910806174958	6787	21604	18
69	12826	0.5314985186340246	1.7024793388429753	6817	21836	18
70	12826	0.5341493840636208	1.7185404646811164	6851	22042	18
71	12826	0.5372680492749103	1.7364727896460315	6891	22272	18
72	12826	0.5389053485108374	1.7525339154841728	6912	22478	18
73	12826	0.5417121472009979	1.7678153750194916	6948	22674	18
74	12826	0.543037579915796	1.7832527678153751	6965	22872	18
75	12826	0.5449087790425697	1.798846093871823	6989	23072	18
76	12826	0.547247777951037	1.8121004210198035	7019	23242	18
77	12826	0.548885077186964	1.827225947294558	7040	23436	18
78	12826	0.5509901762045845	1.8460938718228599	7067	23678	18
79	12826	0.5527834087010759	1.8638702635272104	7090	23906	18
80	12826	0.5544986745672852	1.8802432558864806	7112	24116	18
81	12826	0.556369873694059	1.8922501169499455	7136	24270	18
82	12826	0.5587088726025261	1.9081553095275223	7166	24474	18
83	12826	0.5612038047715577	1.9260876344924371	7198	24704	18
84	12826	0.5638546702011539	1.9404334944643693	7232	24888	18
85	12826	0.567129268673008	1.9582098861687198	7274	25116	18
86	12826	0.5682987681272416	1.9741150787462967	7289	25320	18
87	12826	0.570403867144862	1.9917355371900827	7316	25546	18
88	12826	0.5721970996413535	2.0051457975986278	7339	25718	18
89	12826	0.5743801652892562	2.0216747232184624	7367	25930	18
90	12826	0.5770310307188523	2.0400748479650708	7401	26166	18
91	12826	0.5789022298456261	2.055824107282083	7425	26368	18
92	12826	0.5804615624512709	2.0689225011694994	7445	26536	18
93	12826	0.5831903945111492	2.0848276937470764	7480	26740	18
94	12826	0.5845158272259473	2.100109153282395	7497	26936	18
95	12826	0.586387026352721	2.1146109465148917	7521	27122	18
96	12826	0.588648058630906	2.1295805395290817	7550	27314	18
97	12826	0.5899734913457041	2.144706065803836	7567	27508	18
98	12826	0.5923124902541712	2.159675658818026	7597	27700	18
99	12826	0.5947294557929206	2.1760486511772963	7628	27910	18
100	12826	0.5965226882894121	2.192265710276002	7651	28118	18
1	12826	0.02331202245438952	0.023857788866365196	299	306	19
2	12826	0.05863090597224388	0.06237330422579136	752	800	19
3	12826	0.08537346015905192	0.09480742242320286	1095	1216	19
4	12826	0.10509901762045844	0.1249025417121472	1348	1602	19
5	12826	0.1231093092156557	0.15499766100109152	1579	1988	19
6	12826	0.14384843287073132	0.19226571027600187	1845	2466	19
7	12826	0.16513332293778263	0.23062529237486357	2118	2958	19
8	12826	0.18080461562451272	0.2653984094807422	2319	3404	19
9	12826	0.19686574146265398	0.2983003274598472	2525	3826	19
10	12826	0.20973023545922345	0.32668018088258227	2690	4190	19
11	12826	0.2233743957586153	0.357554966474349	2865	4586	19
12	12826	0.2360829564946203	0.390145017932325	3028	5004	19
13	12826	0.24910338375175425	0.4239825354748168	3195	5438	19
14	12826	0.25877124590675193	0.4562607204116638	3319	5852	19
15	12826	0.26804927491033836	0.4849524403555278	3438	6220	19
16	12826	0.2774832371744893	0.5145797598627787	3559	6600	19
17	12826	0.28691719943864025	0.5404646811164822	3680	6932	19
18	12826	0.2972867612661781	0.5693123343209107	3813	7302	19
19	12826	0.3040698581007329	0.5936379229689693	3900	7614	19
20	12826	0.3120224543895213	0.6240449087790426	4002	8004	19
21	12826	0.3204428504600031	0.649929830032746	4110	8336	19
22	12826	0.3283954467487915	0.6769062841104008	4212	8682	19
23	12826	0.33478871043193514	0.7006081397162015	4294	8986	19
24	12826	0.34203960704818337	0.7257133946670825	4387	9308	19
25	12826	0.3481989708404803	0.7530017152658662	4466	9658	19
26	12826	0.35506003430531735	0.7771713706533604	4554	9968	19
27	12826	0.36168719787930764	0.8038359582098862	4639	10310	19
28	12826	0.36761266178075785	0.8303446125058475	4715	10650	19
29	12826	0.3745516918758771	0.8557617339778575	4804	10976	19
30	12826	0.37899578980196474	0.8750974582878528	4861	11224	19
31	12826	0.38515515359426167	0.9026976454077654	4940	11578	19
32	12826	0.389833151411196	0.9260876344924373	5000	11878	19
33	12826	0.39552471542179946	0.949789490098238	5073	12182	19
34	12826	0.39950101356619366	0.9733354124434742	5124	12484	19
35	12826	0.404179011383128	0.9953220021830657	5184	12766	19
36	12826	0.4089349758303446	1.0171526586620927	5245	13046	19
37	12826	0.4141587400592546	1.0402307812256355	5312	13342	19
38	12826	0.4174333385311087	1.0626851707469203	5354	13630	19
39	12826	0.4222672696086075	1.0865429596132856	5416	13936	19
40	12826	0.42663340090441293	1.1083736160923126	5472	14216	19
41	12826	0.4307656323093716	1.1283330734445658	5525	14472	19
42	12826	0.43489786371433026	1.1492281303602059	5578	14740	19
43	12826	0.43864026196787775	1.16887572119133	5626	14992	19
44	12826	0.44347419304537655	1.1928894433182597	5688	15300	19
45	12826	0.4472945579292063	1.2148760330578512	5737	15582	19
46	12826	0.4515827225947295	1.2387338219242163	5792	15888	19
47	12826	0.45470138780601904	1.2593170123187276	5832	16152	19
48	12826	0.45930141899267113	1.2784968033681585	5891	16398	19
49	12826	0.4635895836581943	1.3014189926711368	5946	16692	19
50	12826	0.46608451582722593	1.321066583502261	5978	16944	19
51	12826	0.46928114766879775	1.3413379073756433	6019	17204	19
52	12826	0.4721659129892406	1.3595820988616871	6056	17438	19
53	12826	0.4755184780913769	1.3779822236082957	6099	17674	19
54	12826	0.48004054264774676	1.397941680960549	6157	17930	19
55	12826	0.4834710743801653	1.418213004833931	6201	18190	19
56	12826	0.48658973959145485	1.4384843287073132	6241	18450	19
57	12826	0.4904880711055668	1.4568844534539218	6291	18686	19
58	12826	0.49407453609854984	1.4763761110244815	6337	18936	19
59	12826	0.49633556837673476	1.4927491033837517	6366	19146	19
60	12826	0.5002338998908468	1.5108373616092312	6416	19378	19
61	12826	0.5038203648838298	1.530952752222049	6462	19636	19
62	12826	0.5062373304225791	1.5504444097926087	6493	19886	19
63	12826	0.5095898955247155	1.5686886012786527	6536	20120	19
64	12826	0.5129424606268517	1.588336192109777	6579	20372	19
65	12826	0.5160611258381412	1.6090753157648527	6619	20638	19
66	12826	0.5186340246374551	1.6252923748635584	6652	20846	19
67	12826	0.5206611570247934	1.6449399656946826	6678	21098	19
68	12826	0.5230781225635428	1.6624044908779043	6709	21322	19
69	12826	0.5251832215811633	1.6806486823639482	6736	21556	19
70	12826	0.5279900202713239	1.696553874941525	6772	21760	19
71	12826	0.530329019179791	1.7096522688289413	6802	21928	19
72	12826	0.5332137845002339	1.7269608607515983	6839	22150	19
73	12826	0.5356307500389833	1.7455169187587714	6870	22388	19
74	12826	0.5377358490566038	1.7622017776391705	6897	22602	19
75	12826	0.5392951816622485	1.7765476376111025	6917	22786	19
76	12826	0.5411663807890223	1.7926087634492438	6941	22992	19
77	12826	0.5438952128489006	1.8088258225479494	6976	23200	19
78	12826	0.5464681116482145	1.8255106814283486	7009	23414	19
79	12826	0.5496647434897863	1.844534539217215	7050	23658	19
80	12826	0.5520817090285358	1.8618431311398722	7081	23880	19
81	12826	0.5540308747855918	1.8791517230625292	7106	24102	19
82	12826	0.5565258069546234	1.8964603149851864	7138	24324	19
83	12826	0.5590207391236551	1.913612973647279	7170	24544	19
84	12826	0.5619834710743802	1.927958833619211	7208	24728	19
85	12826	0.5640885700920006	1.9440199594573522	7235	24934	19
86	12826	0.5657258693279277	1.9610166848588804	7256	25152	19
87	12826	0.568766567908935	1.9801964759083113	7295	25398	19
88	12826	0.5709496335568377	1.9942304693591142	7323	25578	19
89	12826	0.5736004989864338	2.012318727584594	7357	25810	19
90	12826	0.5761733977857477	2.029003586464993	7390	26024	19
91	12826	0.5780445969125214	2.044440979260876	7414	26222	19
92	12826	0.5806174957118353	2.0601902385778885	7447	26424	19
93	12826	0.5826446280991735	2.075939497894901	7473	26626	19
94	12826	0.5840480274442539	2.094495555902074	7491	26864	19
95	12826	0.5855293934196164	2.110088881958522	7510	27064	19
96	12826	0.5874785591766724	2.1227194760642445	7535	27226	19
97	12826	0.5888039918914705	2.1383128021206925	7552	27426	19
98	12826	0.5901294246062685	2.1525027288320597	7569	27608	19
99	12826	0.5923904568844535	2.168563854670201	7598	27814	19
100	12826	0.5941836893809449	2.18384531420552	7621	28010	19
1	12826	0.025573054732574457	0.026040854514267894	328	334	20
2	12826	0.060112271947606426	0.06471230313425853	771	830	20
3	12826	0.08241072820832683	0.09309215655699361	1057	1194	20
4	12826	0.10369561827537814	0.12583814127553408	1330	1614	20
5	12826	0.1241228754093248	0.15749259317012318	1592	2020	20
6	12826	0.14782473101512553	0.19819117417745205	1896	2542	20
7	12826	0.17137065336036175	0.24169655387494152	2198	3100	20
8	12826	0.18563854670201155	0.27335100576953064	2381	3506	20
9	12826	0.2022454389521285	0.3076563230937159	2594	3946	20
10	12826	0.2165912989240605	0.34040230781225633	2778	4366	20
11	12826	0.22945579292062998	0.37361609231249027	2943	4792	20
12	12826	0.24232028691719945	0.40605021050990175	3108	5208	20
13	12826	0.25245594885389055	0.43848432870731324	3238	5624	20
14	12826	0.26422891002650867	0.47154217994698266	3389	6048	20
15	12826	0.27576797130828007	0.5050678309683455	3537	6478	20
16	12826	0.2867612661780758	0.5362544830812412	3678	6878	20
17	12826	0.2947138624668642	0.5630750038983315	3780	7222	20
18	12826	0.303134258537346	0.5908311242788087	3888	7578	20
19	12826	0.31069702167472324	0.6160923124902542	3985	7902	20
20	12826	0.32130048339310774	0.6505535630750039	4121	8344	20
21	12826	0.32784968033681583	0.6761266178075783	4205	8672	20
22	12826	0.33361921097770153	0.7018556058007173	4279	9002	20
23	12826	0.3411819741150787	0.7280523935755496	4376	9338	20
24	12826	0.34936847029471385	0.7573678465616716	4481	9714	20
25	12826	0.35537190082644626	0.7843443006393264	4558	10060	20
26	12826	0.36114143146733196	0.8077342897239981	4632	10360	20
27	12826	0.3665211289568065	0.8323717448931857	4701	10676	20
28	12826	0.371900826446281	0.8604397317947918	4770	11036	20
29	12826	0.3782940901294246	0.8847653204428505	4852	11348	20
30	12826	0.3828941213160767	0.9087790425697801	4911	11656	20
31	12826	0.38749415250272884	0.931233432091065	4970	11944	20
32	12826	0.3913924840168408	0.9511928894433183	5020	12200	20
33	12826	0.3977857476999844	0.9759862778730704	5102	12518	20
34	12826	0.4033213784500234	1.0012474660845159	5173	12842	20
35	12826	0.4083892094183689	1.0258849212537033	5238	13158	20
36	12826	0.41330110712615	1.0495867768595042	5301	13462	20
37	12826	0.4179791049430844	1.0714174333385311	5361	13742	20
38	12826	0.4232028691719944	1.096210821768283	5428	14060	20
39	12826	0.42866053329175113	1.1200686106346485	5498	14366	20
40	12826	0.4330266645875565	1.1456416653672228	5554	14694	20
41	12826	0.4365351629502573	1.166224855761734	5599	14958	20
42	12826	0.4407453609854982	1.1885233120224543	5653	15244	20
43	12826	0.4447216591298924	1.2123811008888197	5704	15550	20
44	12826	0.44877592390456883	1.232340558241073	5756	15806	20
45	12826	0.45322002183065646	1.2541712147200998	5813	16086	20
46	12826	0.4568064868236395	1.2775612038047715	5859	16386	20
47	12826	0.4608607515983159	1.3014189926711368	5911	16692	20
48	12826	0.4636675502884765	1.3218462498050834	5947	16954	20
49	12826	0.4671760486511773	1.3446125058474974	5992	17246	20
50	12826	0.46982691408077343	1.363792296896928	6026	17492	20
51	12826	0.47403711211601435	1.3848432870731326	6080	17762	20
52	12826	0.47707781069702165	1.405114610946515	6119	18022	20
53	12826	0.4794168096054888	1.42445033525651	6149	18270	20
54	12826	0.48237954155621393	1.4416029939186028	6187	18490	20
55	12826	0.48503040698581007	1.4600031186652114	6221	18726	20
56	12826	0.4886948386090753	1.4813659753625448	6268	19000	20
57	12826	0.4922813036020583	1.4994542335880243	6314	19232	20
58	12826	0.49656946826758147	1.5215967565881803	6369	19516	20
59	12826	0.5014033993450803	1.5428036800249494	6431	19788	20
60	12826	0.503898331514112	1.5621394043349446	6463	20036	20
61	12826	0.5073288632465305	1.5802276625604241	6507	20268	20
62	12826	0.5096678621549977	1.5970684547013878	6537	20484	20
63	12826	0.5120068610634648	1.6145329798846093	6567	20708	20
64	12826	0.5137221269296741	1.6326212381100889	6589	20940	20
65	12826	0.516295025728988	1.6544518945891158	6622	21220	20
66	12826	0.5191018244191486	1.6723842195540308	6658	21450	20
67	12826	0.521518789957898	1.6892250116949945	6689	21666	20
68	12826	0.5240137221269296	1.7079370029627319	6721	21906	20
69	12826	0.5276001871199126	1.7292998596600655	6767	22180	20
70	12826	0.5307188523312022	1.7484796507094964	6807	22426	20
71	12826	0.5343053173241853	1.7636051769842507	6853	22620	20
72	12826	0.5372680492749103	1.7807578356463434	6891	22840	20
73	12826	0.5392172150319663	1.7958833619210979	6916	23034	20
74	12826	0.5424918135038204	1.8131919538437549	6958	23256	20
75	12826	0.545298612193981	1.8303446125058476	6994	23476	20
76	12826	0.5471698113207547	1.8462498050834244	7018	23680	20
77	12826	0.5488071105566817	1.8629346639638236	7039	23894	20
78	12826	0.5509122095743022	1.8786839232808359	7066	24096	20
79	12826	0.5534851083736161	1.89833151411196	7099	24348	20
80	12826	0.5559020739123655	1.9189147045064712	7130	24612	20
81	12826	0.5583970060813972	1.9341961640417902	7162	24808	20
82	12826	0.56128177140184	1.94916575705598	7199	25000	20
83	12826	0.5637767035708716	1.9653828161546858	7231	25208	20
84	12826	0.5660377358490566	1.9805083424294403	7260	25402	20
85	12826	0.5674411351941369	1.996413535007017	7278	25606	20
86	12826	0.5711835334476844	2.0151255262747543	7326	25846	20
87	12826	0.5733665990955871	2.0311866521128956	7354	26052	20
88	12826	0.5750038983315141	2.0470918446904727	7375	26256	20
89	12826	0.5771089973491346	2.062841104007485	7402	26458	20
90	12826	0.5790581631061905	2.0776547637611102	7427	26648	20
91	12826	0.5813971620146577	2.0943396226415096	7457	26862	20
92	12826	0.583112427880867	2.1074380165289255	7479	27030	20
93	12826	0.5841259940745361	2.1227194760642445	7492	27226	20
94	12826	0.5856073600498987	2.1375331358178697	7511	27416	20
95	12826	0.5871666926555434	2.154529861219398	7531	27634	20
96	12826	0.5896616248245751	2.1702791205364105	7563	27836	20
97	12826	0.5905192577576797	2.1849368470294714	7574	28024	20
98	12826	0.5928582566661469	2.19881490721971	7604	28202	20
99	12826	0.5951972555746141	2.2133167004522063	7634	28388	20
100	12826	0.5976921877436457	2.2300015593326057	7666	28602	20
1	12826	0.02549508810229222	0.026040854514267894	327	334	21
2	12826	0.06042413846873538	0.06564790269764541	775	842	21
3	12826	0.08397006081397163	0.09636675502884766	1077	1236	21
4	12826	0.10603461718384531	0.12973647278964603	1360	1664	21
5	12826	0.12739747388117886	0.1617027912053641	1634	2074	21
6	12826	0.15024169655387495	0.20037423982535474	1927	2570	21
7	12826	0.1728520193357243	0.2406050210509902	2217	3086	21
8	12826	0.19187587712459067	0.27537813815686885	2461	3532	21
9	12826	0.20941836893809448	0.30999532200218305	2686	3976	21
10	12826	0.22243879619522844	0.3419616404179011	2853	4386	21
11	12826	0.23499142367066894	0.37346015905192576	3014	4790	21
12	12826	0.24808981755808515	0.40480274442538594	3182	5192	21
13	12826	0.2591610790581631	0.4352097302354592	3324	5582	21
14	12826	0.27210353968501483	0.47029471386246685	3490	6032	21
15	12826	0.2817714018400125	0.5014813659753625	3614	6432	21
16	12826	0.2915951972555746	0.5287696865741462	3740	6782	21
17	12826	0.299547793544363	0.5541868080461563	3842	7108	21
18	12826	0.3085139560268205	0.5819429284266334	3957	7464	21
19	12826	0.3156089193825043	0.6070481833775144	4048	7786	21
20	12826	0.32426321534383284	0.6363636363636364	4159	8162	21
21	12826	0.33026664587556526	0.6620926243567753	4236	8492	21
22	12826	0.3366599095587089	0.6856385467020115	4318	8794	21
23	12826	0.3440667394355216	0.7104319351317636	4413	9112	21
24	12826	0.3512396694214876	0.7350693903009512	4505	9428	21
25	12826	0.357554966474349	0.7597068454701388	4586	9744	21
26	12826	0.36293466396382346	0.7820053017308591	4655	10030	21
27	12826	0.368314361453298	0.8078902229845626	4724	10362	21
28	12826	0.3748635583970061	0.8358022766256042	4808	10720	21
29	12826	0.3820364883829721	0.8626227974426945	4900	11064	21
30	12826	0.3878060190238578	0.8864805863090597	4974	11370	21
31	12826	0.3926399501013566	0.9081553095275222	5036	11648	21
32	12826	0.3968501481365975	0.9295181662248557	5090	11922	21
33	12826	0.40230781225635426	0.9546234211757367	5160	12244	21
34	12826	0.4073756432246998	0.9786371433026665	5225	12552	21
35	12826	0.4112739747388118	1.0031186652112896	5275	12866	21
36	12826	0.4156401060346172	1.0229221893029783	5331	13120	21
37	12826	0.42117573678465614	1.0463121783876501	5402	13420	21
38	12826	0.42460626851707467	1.0689225011694994	5446	13710	21
39	12826	0.42866053329175113	1.0946514891626384	5498	14040	21
40	12826	0.43240293154529863	1.1164821456416654	5546	14320	21
41	12826	0.43684702947138626	1.1358178699516608	5603	14568	21
42	12826	0.44246062685170745	1.1598315920785904	5675	14876	21
43	12826	0.44838609075315766	1.18384531420552	5751	15184	21
44	12826	0.45298612193980975	1.2081709028535788	5810	15496	21
45	12826	0.4574302198658974	1.2287540932480898	5867	15760	21
46	12826	0.46132855138000933	1.2521440823327616	5917	16060	21
47	12826	0.46577264930609696	1.2752222048963044	5974	16356	21
48	12826	0.4689692811476688	1.2931545298612195	6015	16586	21
49	12826	0.47278964603149853	1.3167004522064556	6064	16888	21
50	12826	0.47676594417589274	1.3385311086854825	6115	17168	21
51	12826	0.4801964759083112	1.360829564946203	6159	17454	21
52	12826	0.48362700764072974	1.3825042881646654	6203	17732	21
53	12826	0.48736940589427724	1.405114610946515	6251	18022	21
54	12826	0.48939653828161545	1.4235147356931233	6277	18258	21
55	12826	0.4919694370809294	1.443630126305941	6310	18516	21
56	12826	0.4957118353344768	1.4674879151723061	6358	18822	21
57	12826	0.4985966006549197	1.4854202401372212	6395	19052	21
58	12826	0.5018711991267737	1.5072508966162483	6437	19332	21
59	12826	0.5033525651021363	1.5233120224543895	6456	19538	21
60	12826	0.5079525962887884	1.5482613441447062	6515	19858	21
61	12826	0.5114610946514891	1.5699360673631686	6560	20136	21
62	12826	0.514033993450803	1.5902073912365509	6593	20396	21
63	12826	0.5170746920318103	1.609231249025417	6632	20640	21
64	12826	0.5205052237642289	1.628722906595977	6676	20890	21
65	12826	0.5238577888663652	1.6502416965538749	6719	21166	21
66	12826	0.5263527210353969	1.6686418213004834	6751	21402	21
67	12826	0.5281459535318883	1.6873538125682208	6774	21642	21
68	12826	0.5312646187431779	1.7079370029627319	6814	21906	21
69	12826	0.5346951504755965	1.7266489942304695	6858	22146	21
70	12826	0.5371900826446281	1.74442538593482	6890	22374	21
71	12826	0.5387494152502729	1.758459379385623	6910	22554	21
72	12826	0.5420240137221269	1.7771713706533603	6952	22794	21
73	12826	0.5438952128489006	1.7938562295337594	6976	23008	21
74	12826	0.5467020115390613	1.8113207547169812	7012	23232	21
75	12826	0.548885077186964	1.8276937470762513	7040	23442	21
76	12826	0.5509901762045845	1.844222672696086	7067	23654	21
77	12826	0.552471542179947	1.8582566661468891	7086	23834	21
78	12826	0.5556681740215188	1.8752533915484173	7127	24052	21
79	12826	0.5586309059722439	1.8955247154217996	7165	24312	21
80	12826	0.5612038047715577	1.9151723062529238	7198	24564	21
81	12826	0.5633089037891782	1.9290503664431624	7225	24742	21
82	12826	0.565180102915952	1.9466708248869484	7249	24968	21
83	12826	0.5680648682363948	1.9621082176828317	7286	25166	21
84	12826	0.5700140339934509	1.9750506783096835	7311	25332	21
85	12826	0.5719631997505068	1.9912677374083891	7336	25540	21
86	12826	0.5735225323561516	2.0049898643380635	7356	25716	21
87	12826	0.5747699984406673	2.0204272571339468	7372	25914	21
88	12826	0.5758615312646187	2.036176516450959	7386	26116	21
89	12826	0.5779666302822392	2.0509901762045843	7413	26306	21
90	12826	0.5803835958209886	2.0673631685638547	7444	26516	21
91	12826	0.5816310619055044	2.083424294401996	7460	26722	21
92	12826	0.583112427880867	2.098082020895057	7479	26910	21
93	12826	0.584437860595665	2.11211601434586	7496	27090	21
94	12826	0.5874785591766724	2.129424606268517	7535	27312	21
95	12826	0.5891938250428816	2.1468891314517387	7557	27536	21
96	12826	0.5909870575393732	2.1607671916419773	7580	27714	21
97	12826	0.5920785903633244	2.1757367846561673	7594	27906	21
98	12826	0.5926243567753001	2.1882114455013255	7601	28066	21
99	12826	0.5942616560112272	2.203648838297209	7622	28264	21
100	12826	0.5958209886168719	2.219086231093092	7642	28462	21
1	12826	0.027288320598783722	0.02760018711991268	350	354	22
2	12826	0.0624512708560736	0.06627163573990331	801	850	22
3	12826	0.08669889287384999	0.09667862154997661	1112	1240	22
4	12826	0.10650241696553875	0.1277093404023078	1366	1638	22
5	12826	0.12615000779666302	0.1588959925152035	1618	2038	22
6	12826	0.1454077654763761	0.19195384375487293	1865	2462	22
7	12826	0.16871978793076564	0.23561515671292688	2164	3022	22
8	12826	0.1859504132231405	0.2692967409948542	2385	3454	22
9	12826	0.2032590051457976	0.3037579915796039	2607	3896	22
10	12826	0.21744893185716513	0.3349446436924996	2789	4296	22
11	12826	0.2281303602058319	0.3639482301574926	2926	4668	22
12	12826	0.24037112116014345	0.39404334944643693	3083	5054	22
13	12826	0.250662716357399	0.42507406829876815	3215	5452	22
14	12826	0.2634492437236863	0.458599719320131	3379	5882	22
15	12826	0.2735069390300951	0.4880711055668174	3508	6260	22
16	12826	0.28411040074847965	0.5170746920318103	3644	6632	22
17	12826	0.29346639638234834	0.5426477467643849	3764	6960	22
18	12826	0.3023545922345236	0.5679089349758304	3878	7284	22
19	12826	0.3096834554810541	0.5939497894900982	3972	7618	22
20	12826	0.3193513176360518	0.6268517074692032	4096	8040	22
21	12826	0.32629034773117105	0.6527366287229066	4185	8372	22
22	12826	0.33354124434741933	0.6781537501949165	4278	8698	22
23	12826	0.3425074068298768	0.7055980040542648	4393	9050	22
24	12826	0.35092780290035863	0.7338219242164353	4501	9412	22
25	12826	0.35529393419616406	0.7593949789490099	4557	9740	22
26	12826	0.36067363168563854	0.7829409012942461	4626	10042	22
27	12826	0.36745672852019334	0.8082020895056916	4713	10366	22
28	12826	0.3737720255730547	0.8325276781537502	4794	10678	22
29	12826	0.38000935599563385	0.859192265710276	4874	11020	22
30	12826	0.384609387182286	0.8805551224076096	4933	11294	22
31	12826	0.39053485108373615	0.9048807110556681	5009	11606	22
32	12826	0.3949009823795416	0.9268673007952596	5065	11888	22
33	12826	0.3999688133478871	0.9499454233588024	5130	12184	22
34	12826	0.4048807110556682	0.9741150787462965	5193	12494	22
35	12826	0.4094807422423203	0.9967254015281459	5252	12784	22
36	12826	0.41517230625292373	1.0193357243099954	5325	13074	22
37	12826	0.41938250428816465	1.0413223140495869	5379	13356	22
38	12826	0.422735069390301	1.0653360361765165	5422	13664	22
39	12826	0.42663340090441293	1.0874785591766725	5472	13948	22
40	12826	0.43170123187275844	1.1119600810852954	5537	14262	22
41	12826	0.4363012630594106	1.1316076719164199	5596	14514	22
42	12826	0.44082332761578047	1.155465460782785	5654	14820	22
43	12826	0.4460470918446905	1.1786995166068923	5721	15118	22
44	12826	0.45017932324964915	1.202713238733822	5774	15426	22
45	12826	0.4534539217215032	1.2215811632621238	5816	15668	22
46	12826	0.45774208638702635	1.2480898175580852	5871	16008	22
47	12826	0.4624200842039607	1.2692967409948541	5931	16280	22
48	12826	0.46522688289412134	1.2873849992203337	5967	16512	22
49	12826	0.46982691408077343	1.3117105878683923	6026	16824	22
50	12826	0.4737252455948854	1.332137845002339	6076	17086	22
51	12826	0.4774676438484329	1.3558397006081397	6124	17390	22
52	12826	0.4801964759083112	1.3786059566505535	6159	17682	22
53	12826	0.48284734133790735	1.3959145485732107	6193	17904	22
54	12826	0.4857321066583502	1.414314673319819	6230	18140	22
55	12826	0.48853890534851085	1.4341181974115078	6266	18394	22
56	12826	0.4927491033837518	1.4557929206299705	6320	18672	22
57	12826	0.4957898019647591	1.4763761110244815	6359	18936	22
58	12826	0.4984406673943552	1.4955559020739124	6393	19182	22
59	12826	0.5010135661936691	1.5152034929050366	6426	19434	22
60	12826	0.5038203648838298	1.534539217215032	6462	19682	22
61	12826	0.5064712303134259	1.5520037423982536	6496	19906	22
62	12826	0.5089661624824575	1.5705598004054264	6528	20144	22
63	12826	0.5120848276937471	1.588959925152035	6568	20380	22
64	12826	0.514657726493061	1.60689225011695	6601	20610	22
65	12826	0.5172306252923748	1.627475440511461	6634	20874	22
66	12826	0.5201153906128178	1.643692499610167	6671	21082	22
67	12826	0.523467955714954	1.6616248245750818	6714	21312	22
68	12826	0.5257289879931389	1.6803368158428194	6743	21552	22
69	12826	0.5279900202713239	1.6974894745049118	6772	21772	22
70	12826	0.5307188523312022	1.7162014657726492	6807	22012	22
71	12826	0.5334476843910806	1.732106658350226	6842	22216	22
72	12826	0.5363324497115235	1.7494152502728832	6879	22438	22
73	12826	0.5389053485108374	1.7668797754561048	6912	22662	22
74	12826	0.5402307812256354	1.7849680336815843	6929	22894	22
75	12826	0.5424138468735381	1.8035240916887572	6957	23132	22
76	12826	0.5450647123031342	1.8184936847029471	6991	23324	22
77	12826	0.5477935443630126	1.833775144238266	7026	23520	22
78	12826	0.5498986433806331	1.8510837361609231	7053	23742	22
79	12826	0.5520817090285358	1.8697957274286605	7081	23982	22
80	12826	0.5545766411975674	1.8866365195696242	7113	24198	22
81	12826	0.5568376734757524	1.9020739123655075	7142	24396	22
82	12826	0.5583970060813972	1.9207859036332449	7162	24636	22
83	12826	0.5598783720567597	1.9357554966474348	7181	24828	22
84	12826	0.5619055044440979	1.9529081553095275	7207	25048	22
85	12826	0.5640106034617184	1.9694370809293622	7234	25260	22
86	12826	0.565180102915952	1.9834710743801653	7249	25440	22
87	12826	0.5669733354124434	2.0010915328239514	7272	25666	22
88	12826	0.5702479338842975	2.017932324964915	7314	25882	22
89	12826	0.5725869327927647	2.03586464992983	7344	26112	22
90	12826	0.573990332137845	2.0516139092468424	7362	26314	22
91	12826	0.5761733977857477	2.0659597692187743	7390	26498	22
92	12826	0.5788242632153439	2.08217682831748	7424	26706	22
93	12826	0.5807734289723998	2.0957430219865896	7449	26880	22
94	12826	0.5826446280991735	2.1122719476064247	7473	27092	22
95	12826	0.5843598939653828	2.1284890067051303	7495	27300	22
96	12826	0.5855293934196164	2.1433026664587556	7510	27490	22
97	12826	0.5872446592858257	2.1579603929518165	7532	27678	22
98	12826	0.5884141587400592	2.1709028535786685	7547	27844	22
99	12826	0.5897395914548573	2.1855605800717295	7564	28032	22
100	12826	0.5915328239513489	2.2006861063464838	7587	28226	22
1	12826	0.02471542179946983	0.0252611882114455	317	324	23
2	12826	0.06330890378917824	0.06783096834554811	812	870	23
3	12826	0.09012942460626852	0.10151255262747544	1156	1302	23
4	12826	0.1119600810852955	0.13394667082488695	1436	1718	23
5	12826	0.13355683767347576	0.1654451894589116	1713	2122	23
6	12826	0.15398409480742242	0.20193357243099952	1975	2590	23
7	12826	0.17643848432870732	0.24450335256510214	2263	3136	23
8	12826	0.19203181038515515	0.2789646031498519	2463	3578	23
9	12826	0.20809293622329642	0.3140495867768595	2669	4028	23
10	12826	0.22173709652268828	0.3460159051925776	2844	4438	23
11	12826	0.23265242476220177	0.37501949165757054	2984	4810	23
12	12826	0.24419148604397317	0.4065180102915952	3132	5214	23
13	12826	0.25331358178699515	0.4352097302354592	3249	5582	23
14	12826	0.2661780757835646	0.4706065803835958	3414	6036	23
15	12826	0.2752222048963044	0.5000779666302823	3530	6414	23
16	12826	0.283252767815375	0.5283018867924528	3633	6776	23
17	12826	0.2905816310619055	0.5543427413067207	3727	7110	23
18	12826	0.29946982691408075	0.5819429284266334	3841	7464	23
19	12826	0.3060969904880711	0.6075159831592079	3926	7792	23
20	12826	0.31490721970996416	0.6360517698425074	4039	8158	23
21	12826	0.32200218306564793	0.6608451582722594	4130	8476	23
22	12826	0.32730391392484015	0.685794479962576	4198	8796	23
23	12826	0.33283954467487914	0.7088726025261188	4269	9092	23
24	12826	0.3400904412911274	0.7344456572586933	4362	9420	23
25	12826	0.3450023389989085	0.7597068454701388	4425	9744	23
26	12826	0.35139560268205206	0.783564634336504	4507	10050	23
27	12826	0.35724309995322	0.8071105566817403	4582	10352	23
28	12826	0.36340246374551693	0.8319039451114922	4661	10670	23
29	12826	0.37119912677374084	0.8582566661468891	4761	11008	23
30	12826	0.3758771245906752	0.8780601902385778	4821	11262	23
31	12826	0.38071105566817404	0.9023857788866365	4883	11574	23
32	12826	0.38671448619990645	0.927335100576953	4960	11894	23
33	12826	0.39193825042881647	0.9516606892250117	5027	12206	23
34	12826	0.3971620146577265	0.9756744113519413	5094	12514	23
35	12826	0.4016061125838141	0.9995322002183066	5151	12820	23
36	12826	0.40698581007328866	1.0237018556058006	5220	13130	23
37	12826	0.4126773740838921	1.0495867768595042	5293	13462	23
38	12826	0.41782317168251987	1.0751598315920785	5359	13790	23
39	12826	0.42335880243255886	1.1015125526274754	5430	14128	23
40	12826	0.4275690004677998	1.1266178075783564	5484	14450	23
41	12826	0.4321690316544519	1.1492281303602059	5543	14740	23
42	12826	0.43739279588336194	1.1738655855293934	5610	15056	23
43	12826	0.44090129424606267	1.1928894433182597	5655	15300	23
44	12826	0.4444877592390457	1.213472633712771	5701	15564	23
45	12826	0.4488538905348511	1.2368626227974426	5757	15864	23
46	12826	0.45353188835178543	1.2599407453609854	5817	16160	23
47	12826	0.45719631997505067	1.2820832683611414	5864	16444	23
48	12826	0.4610166848588804	1.3068766567908936	5913	16762	23
49	12826	0.46522688289412134	1.3294869795727429	5967	17052	23
50	12826	0.4681896148448464	1.3478871043193512	6005	17288	23
51	12826	0.47154217994698266	1.3714330266645876	6048	17590	23
52	12826	0.4744269452674255	1.3923280835802276	6085	17858	23
53	12826	0.4773896772181506	1.4130672072353032	6123	18124	23
54	12826	0.4805083424294402	1.433806330890379	6163	18390	23
55	12826	0.4821456416653672	1.4525183221581164	6184	18630	23
56	12826	0.48432870731326993	1.4745049118977078	6212	18912	23
57	12826	0.4879151723062529	1.4947762357710899	6258	19172	23
58	12826	0.490877904256978	1.5141119600810853	6296	19420	23
59	12826	0.49438640261967876	1.5328239513488227	6341	19660	23
60	12826	0.49836270076407296	1.551847809137689	6392	19904	23
61	12826	0.5010135661936691	1.5693123343209106	6426	20128	23
62	12826	0.5049898643380633	1.5911429907999377	6477	20408	23
63	12826	0.5081864961796351	1.6115702479338843	6518	20670	23
64	12826	0.5106814283486668	1.6304381724621861	6550	20912	23
65	12826	0.5127865273662873	1.6533603617651644	6577	21206	23
66	12826	0.5157492593170123	1.6705130204272571	6615	21426	23
67	12826	0.5188679245283019	1.6907843443006394	6655	21686	23
68	12826	0.5216747232184625	1.7107438016528926	6691	21942	23
69	12826	0.5245594885389053	1.7314829253079682	6728	22208	23
70	12826	0.527054420707937	1.7481677841883674	6760	22422	23
71	12826	0.5295493528769687	1.7637611102448152	6792	22622	23
72	12826	0.5336036176516451	1.7843443006393265	6844	22886	23
73	12826	0.5360985498206767	1.7993138936535162	6876	23078	23
74	12826	0.5378917823171683	1.8158428192733511	6899	23290	23
75	12826	0.5408545142678933	1.8336192109777016	6937	23518	23
76	12826	0.543349446436925	1.8504600031186653	6969	23734	23
77	12826	0.5446748791517231	1.8651177296117263	6986	23922	23
78	12826	0.5467020115390613	1.883050054576641	7012	24152	23
79	12826	0.5487291439263995	1.9009823795415561	7038	24382	23
80	12826	0.5512240760954311	1.9187587712459067	7070	24610	23
81	12826	0.5527834087010759	1.9326368314361453	7090	24788	23
82	12826	0.5557461406518011	1.9486979572742866	7128	24994	23
83	12826	0.5589427724933729	1.9636675502884766	7169	25186	23
84	12826	0.5609699048807111	1.978169343520973	7195	25372	23
85	12826	0.562919070637767	1.9943864026196787	7220	25580	23
86	12826	0.5658038359582099	2.011694994542336	7257	25802	23
87	12826	0.568142834866677	2.028379853422735	7287	26016	23
88	12826	0.5706377670357087	2.046935911429908	7319	26254	23
89	12826	0.5722750662716357	2.0626851707469203	7340	26456	23
90	12826	0.5743021986589739	2.080149695930142	7366	26680	23
91	12826	0.5761733977857477	2.0930921565569935	7390	26846	23
92	12826	0.579214096366755	2.1102448152190862	7429	27066	23
93	12826	0.5813191953843755	2.126461874317792	7456	27274	23
94	12826	0.5824107282083268	2.141431467331982	7470	27466	23
95	12826	0.5841259940745361	2.156868860127865	7492	27664	23
96	12826	0.5857632933104632	2.1723062529237485	7513	27862	23
97	12826	0.58669889287385	2.1882114455013255	7525	28066	23
98	12826	0.588648058630906	2.2025573054732575	7550	28250	23
99	12826	0.5901294246062685	2.218618431311399	7569	28456	23
100	12826	0.59192265710276	2.234991423670669	7592	28666	23
1	12826	0.022844222672696087	0.023234055824107282	293	298	24
2	12826	0.05527834087010759	0.05894277249337283	709	756	24
3	12826	0.08139716201465773	0.09137689069078435	1044	1172	24
4	12826	0.10283798534227351	0.12381100888819585	1319	1588	24
5	12826	0.12178387650085763	0.1539061281771402	1562	1974	24
6	12826	0.14509589895524716	0.19242164353656635	1861	2468	24
7	12826	0.16762825510681428	0.2338998908467176	2150	3000	24
8	12826	0.18290971464213315	0.2674255418680805	2346	3430	24
9	12826	0.19826914080773428	0.30095119288944333	2543	3860	24
10	12826	0.2116014345859972	0.3341649773896772	2714	4286	24
11	12826	0.2253235615156713	0.36737876188991114	2890	4712	24
12	12826	0.23881178855449867	0.39981288008732263	3063	5128	24
13	12826	0.24925931701231874	0.4325588648058631	3197	5548	24
14	12826	0.2619678777483237	0.4676438484328707	3360	5998	24
15	12826	0.27218150631529703	0.4966474348978637	3491	6370	24
16	12826	0.28060190238577887	0.5262747544051146	3599	6750	24
17	12826	0.2889443318259785	0.5515359426165601	3706	7074	24
18	12826	0.2985342273506939	0.5806954623421176	3829	7448	24
19	12826	0.30617495711835335	0.606580383595821	3927	7780	24
20	12826	0.3146733198191174	0.6387026352721036	4036	8192	24
21	12826	0.32091065024169657	0.6633400904412912	4116	8508	24
22	12826	0.3293310463121784	0.6882894121316077	4224	8828	24
23	12826	0.33627007640729767	0.7138624668641821	4313	9156	24
24	12826	0.34235147356931234	0.7389677218150632	4391	9478	24
25	12826	0.3502261032278185	0.7654763761110245	4492	9818	24
26	12826	0.35669733354124433	0.7891782317168252	4575	10122	24
27	12826	0.36090753157648525	0.8124122875409325	4629	10420	24
28	12826	0.3671448619990644	0.8387650085763293	4709	10758	24
29	12826	0.3721347263371277	0.8643380633089038	4773	11086	24
30	12826	0.37743645719631996	0.8874161858724466	4841	11382	24
31	12826	0.3832839544674879	0.9157960392951816	4916	11746	24
32	12826	0.3875721191330111	0.9365351629502573	4971	12012	24
33	12826	0.3927958833619211	0.9605488850771869	5038	12320	24
34	12826	0.3977857476999844	0.9845626072041166	5102	12628	24
35	12826	0.4026196787774832	1.0109153282395136	5164	12966	24
36	12826	0.40776547637611105	1.0353968501481365	5230	13280	24
37	12826	0.4125214408233276	1.0584749727116793	5291	13576	24
38	12826	0.4175113051613909	1.082488694838609	5355	13884	24
39	12826	0.42156556993606736	1.1066583502261031	5407	14194	24
40	12826	0.42593170123187274	1.1289568064868236	5463	14480	24
41	12826	0.43107749883050056	1.1503196631841572	5529	14754	24
42	12826	0.4349758303446125	1.1766723842195541	5579	15092	24
43	12826	0.44121316076719164	1.1991267737408389	5659	15380	24
44	12826	0.44643692499610166	1.2234523623888975	5726	15692	24
45	12826	0.44994542335880244	1.2441914860439731	5771	15958	24
46	12826	0.4540776547637611	1.26461874317792	5824	16220	24
47	12826	0.4584437860595665	1.2870731326992046	5880	16508	24
48	12826	0.46273195072508966	1.3098393887416186	5935	16800	24
49	12826	0.46803368158428194	1.3329175113051615	6003	17096	24
50	12826	0.47154217994698266	1.3541244347419306	6048	17368	24
51	12826	0.4753625448308124	1.3773584905660377	6097	17666	24
52	12826	0.48027444253859347	1.3990332137845003	6160	17944	24
53	12826	0.48300327459847187	1.4203960704818337	6195	18218	24
54	12826	0.4859660065491969	1.4391080617495713	6233	18458	24
55	12826	0.4888507718696398	1.457040386714486	6270	18688	24
56	12826	0.49173553719008267	1.4776235771089974	6307	18952	24
57	12826	0.49555590207391237	1.4996101668485888	6356	19234	24
58	12826	0.4985186340246375	1.5170746920318103	6394	19458	24
59	12826	0.5015593326056448	1.537190082644628	6433	19716	24
60	12826	0.5046779978169343	1.5555902073912367	6473	19952	24
61	12826	0.5074068298768127	1.573678465616716	6508	20184	24
62	12826	0.5103695618275378	1.5905192577576797	6546	20400	24
63	12826	0.5138000935599564	1.6078278496803369	6590	20622	24
64	12826	0.5155933260564478	1.6249805083424294	6613	20842	24
65	12826	0.5178543583346328	1.6441602993918603	6642	21088	24
66	12826	0.519881490721971	1.6577264930609699	6668	21262	24
67	12826	0.5222984562607204	1.6761266178075784	6699	21498	24
68	12826	0.5247933884297521	1.6943708092936223	6731	21732	24
69	12826	0.5268205208170903	1.7137065336036177	6757	21980	24
70	12826	0.5295493528769687	1.7317947918290972	6792	22212	24
71	12826	0.5314205520037424	1.7459847185404647	6816	22394	24
72	12826	0.5336036176516451	1.7640729767659442	6844	22626	24
73	12826	0.5359426165601122	1.7820053017308592	6874	22856	24
74	12826	0.5394511149228131	1.8008732262591611	6919	23098	24
75	12826	0.5419460470918447	1.8189614844846407	6951	23330	24
76	12826	0.5435053796974895	1.8339310774988304	6971	23522	24
77	12826	0.5463121783876501	1.8501481365975363	7007	23730	24
78	12826	0.5487291439263995	1.8669889287385	7038	23946	24
79	12826	0.55083424294402	1.8853890534851083	7065	24182	24
80	12826	0.5523935755496647	1.902229845626072	7085	24398	24
81	12826	0.5539529081553095	1.9165757055980042	7105	24582	24
82	12826	0.5559020739123655	1.9327927646967098	7130	24790	24
83	12826	0.5578512396694215	1.9476064244503353	7155	24980	24
84	12826	0.5600343053173242	1.9633556837673476	7183	25182	24
85	12826	0.5618275378138157	1.9800405426477468	7206	25396	24
86	12826	0.5649462030251052	1.996725401528146	7246	25610	24
87	12826	0.5674411351941369	2.0112271947606426	7278	25796	24
88	12826	0.5697021674723218	2.0279120536410415	7307	26010	24
89	12826	0.57102760018712	2.0438172462186186	7324	26214	24
90	12826	0.5727428660533291	2.0601902385778885	7346	26424	24
91	12826	0.5746920318103852	2.0760954311554656	7371	26628	24
92	12826	0.5761733977857477	2.0924684235147355	7390	26838	24
93	12826	0.5774988305005457	2.1071261500077965	7407	27026	24
94	12826	0.5800717292998596	2.1255262747544053	7440	27262	24
95	12826	0.5820208950569157	2.141431467331982	7465	27466	24
96	12826	0.5843598939653828	2.1559332605644785	7495	27652	24
97	12826	0.5871666926555434	2.1726181194448775	7531	27866	24
98	12826	0.5898175580851396	2.188679245283019	7565	28072	24
99	12826	0.5920006237330423	2.204116638078902	7593	28270	24
100	12826	0.593871822859816	2.218774364571963	7617	28458	24
1	12826	0.02455948853890535	0.02541712147200998	315	326	25
2	12826	0.06073600498986434	0.06627163573990331	779	850	25
3	12826	0.08677685950413223	0.09854982067675035	1113	1264	25
4	12826	0.1089973491345704	0.13129580539529082	1398	1684	25
5	12826	0.12677374083892093	0.16045532512084829	1626	2058	25
6	12826	0.14673319819117417	0.1950725089661625	1882	2502	25
7	12826	0.17020115390612817	0.23717448931857166	2183	3042	25
8	12826	0.18634024637455168	0.27210353968501483	2390	3490	25
9	12826	0.2013098393887416	0.30438172462186186	2582	3904	25
10	12826	0.21581163262123812	0.3394667082488695	2768	4354	25
11	12826	0.22859815998752533	0.3728364260096679	2932	4782	25
12	12826	0.24333385311086855	0.40807734289723996	3121	5234	25
13	12826	0.25424918135038205	0.4395758615312646	3261	5638	25
14	12826	0.26703570871666926	0.4734133790737564	3425	6072	25
15	12826	0.2769374707625136	0.5031966318415718	3552	6454	25
16	12826	0.2866053329175113	0.5304849524403555	3676	6804	25
17	12826	0.29385622953375956	0.5544986745672852	3769	7112	25
18	12826	0.30063932636831436	0.577888663651957	3856	7412	25
19	12826	0.30718852331202245	0.6004989864338063	3940	7702	25
20	12826	0.31475128644939965	0.6313737720255731	4037	8098	25
21	12826	0.32169031654451896	0.656790893497583	4126	8424	25
22	12826	0.32979884609387183	0.6832995477935444	4230	8764	25
23	12826	0.33704974271012006	0.7085607360049898	4323	9088	25
24	12826	0.34297520661157027	0.7310151255262748	4399	9376	25
25	12826	0.3504600031186652	0.7583034461250585	4495	9726	25
26	12826	0.35513800093559955	0.7791985030406986	4555	9994	25
27	12826	0.3617651645095899	0.8046156245127085	4640	10320	25
28	12826	0.36761266178075785	0.8320598783720567	4715	10672	25
29	12826	0.3733042257913613	0.855605800717293	4788	10974	25
30	12826	0.3788398565414003	0.8816466552315609	4859	11308	25
31	12826	0.38577888663651955	0.9078434430063933	4948	11644	25
32	12826	0.39045688445345395	0.9313893653516295	5008	11946	25
33	12826	0.3948230157492593	0.9550912209574303	5064	12250	25
34	12826	0.39981288008732263	0.9794168096054888	5128	12562	25
35	12826	0.4039451114922813	1.0028067986901605	5181	12862	25
36	12826	0.40862310930921564	1.0226103227818493	5241	13116	25
37	12826	0.4132231404958678	1.0455325120848278	5300	13410	25
38	12826	0.4162638390768751	1.0670513020427257	5339	13686	25
39	12826	0.42094183689380943	1.0927802900358647	5399	14016	25
40	12826	0.42491813503820364	1.1146109465148917	5450	14296	25
41	12826	0.42936223296429127	1.1380009355995633	5507	14596	25
42	12826	0.4341961640417901	1.161390924684235	5569	14896	25
43	12826	0.4389521284890067	1.1830656479026977	5630	15174	25
44	12826	0.4428504600031187	1.2055200374239825	5680	15462	25
45	12826	0.44659285825666617	1.2250116949945424	5728	15712	25
46	12826	0.4510369561827538	1.249961016684859	5785	16032	25
47	12826	0.45516918758771246	1.2719476064244504	5838	16314	25
48	12826	0.45820988616871977	1.2908155309527523	5877	16556	25
49	12826	0.46327771713706534	1.315141119600811	5942	16868	25
50	12826	0.4659285825666615	1.3349446436924997	5976	17122	25
51	12826	0.47021674723218465	1.3588024325588648	6031	17428	25
52	12826	0.4733354124434742	1.3778262903477312	6071	17672	25
53	12826	0.4773896772181506	1.3987213472633713	6123	17940	25
54	12826	0.4807422423202869	1.4194604709184468	6166	18206	25
55	12826	0.48362700764072974	1.4387961952284423	6203	18454	25
56	12826	0.48775923904568846	1.4632777171370652	6256	18768	25
57	12826	0.4906440043661313	1.4818337751442383	6293	19006	25
58	12826	0.49430843598939656	1.5014813659753625	6340	19258	25
59	12826	0.49688133478871044	1.5197255574614066	6373	19492	25
60	12826	0.5003898331514112	1.54108841415874	6418	19766	25
61	12826	0.503898331514112	1.5610478715109932	6463	20022	25
62	12826	0.5066271635739903	1.5780445969125214	6498	20240	25
63	12826	0.5084983627007641	1.5947294557929206	6522	20454	25
64	12826	0.5116949945423359	1.6145329798846093	6563	20708	25
65	12826	0.5141119600810853	1.6341805707157337	6594	20960	25
66	12826	0.5173085919226571	1.6516450958989553	6635	21184	25
67	12826	0.5201153906128178	1.6692655543427413	6671	21410	25
68	12826	0.5227662560424139	1.6870419460470918	6705	21638	25
69	12826	0.5258069546234212	1.7074692031810386	6744	21900	25
70	12826	0.5290815530952753	1.7247777951036956	6786	22122	25
71	12826	0.5311866521128957	1.7403711211601434	6813	22322	25
72	12826	0.5331358178699517	1.7592390456884452	6838	22564	25
73	12826	0.5353968501481366	1.776391704350538	6867	22784	25
74	12826	0.539139248401684	1.794012162794324	6915	23010	25
75	12826	0.5427257133946671	1.8117885544986745	6961	23238	25
76	12826	0.5449087790425697	1.8275378138156868	6989	23440	25
77	12826	0.5467799781693435	1.844534539217215	7013	23658	25
78	12826	0.5496647434897863	1.8626227974426945	7050	23890	25
79	12826	0.5517698425074068	1.8818025884921254	7077	24136	25
80	12826	0.5540308747855918	1.8991111804147824	7106	24358	25
81	12826	0.555434274130672	1.912989240605021	7124	24536	25
82	12826	0.557695306408857	1.9299859660065493	7153	24754	25
83	12826	0.5583970060813972	1.9441758927179167	7162	24936	25
84	12826	0.5603461718384531	1.9586776859504131	7187	25122	25
85	12826	0.5619055044440979	1.9739591454857321	7207	25318	25
86	12826	0.5633868704194605	1.9881490721970996	7226	25500	25
87	12826	0.5650241696553875	2.0045220645563697	7247	25710	25
88	12826	0.5674411351941369	2.0190238577888664	7278	25896	25
89	12826	0.5694682675814752	2.036488382972088	7304	26120	25
90	12826	0.5718852331202245	2.0523935755496647	7335	26324	25
91	12826	0.5739123655075627	2.0662716357399034	7361	26502	25
92	12826	0.5755496647434898	2.0806174957118353	7382	26686	25
93	12826	0.5774988305005457	2.095119288944332	7407	26872	25
94	12826	0.5802276625604241	2.112427880866989	7442	27094	25
95	12826	0.5819429284266334	2.1275534071417432	7464	27288	25
96	12826	0.5832683611414314	2.141899267113675	7481	27472	25
97	12826	0.5848276937470762	2.155777327303914	7501	27650	25
98	12826	0.5863090597224387	2.169499454233588	7520	27826	25
99	12826	0.5879463589583658	2.1843131139872134	7541	28016	25
100	12826	0.5910650241696553	2.1977233743957587	7581	28188	25
1	12826	0.02331202245438952	0.023857788866365196	299	306	26
2	12826	0.059332605644784035	0.06362077031030719	761	816	26
3	12826	0.08202089505691564	0.09184469047247779	1052	1178	26
4	12826	0.1036176516450959	0.12396694214876033	1329	1590	26
5	12826	0.12365507562763138	0.155153594261656	1586	1990	26
6	12826	0.1477467643848433	0.19398097614221113	1895	2488	26
7	12826	0.17020115390612817	0.2354592234523624	2183	3020	26
8	12826	0.18696397941680962	0.27054420707937005	2398	3470	26
9	12826	0.2014657726493061	0.3011071261500078	2584	3862	26
10	12826	0.2165912989240605	0.332449711523468	2778	4264	26
11	12826	0.22945579292062998	0.36348043037579914	2943	4662	26
12	12826	0.24216435365663497	0.3956026820520817	3106	5074	26
13	12826	0.25471698113207547	0.43209106502416966	3267	5542	26
14	12826	0.2678933416497739	0.46702011539061283	3436	5990	26
15	12826	0.27537813815686885	0.4927491033837518	3532	6320	26
16	12826	0.28333073444565726	0.5191018244191486	3634	6658	26
17	12826	0.29073756432247	0.5446748791517231	3729	6986	26
18	12826	0.299859660065492	0.5733665990955871	3846	7354	26
19	12826	0.3066427569000468	0.5992515203492905	3933	7686	26
20	12826	0.31553095275222204	0.6302822392016217	4047	8084	26
21	12826	0.3248089817558085	0.6566349602370185	4166	8422	26
22	12826	0.33322937782629036	0.6843910806174958	4274	8778	26
23	12826	0.33962264150943394	0.7119912677374084	4356	9132	26
24	12826	0.3449243723686262	0.7336659909558709	4424	9410	26
25	12826	0.35201933572431	0.7606424450335256	4515	9756	26
26	12826	0.35708716669265556	0.7834087010759395	4580	10048	26
27	12826	0.3622329642912833	0.808358022766256	4646	10368	26
28	12826	0.3677685950413223	0.834087010759395	4717	10698	26
29	12826	0.37221269296740994	0.8573210665835023	4774	10996	26
30	12826	0.3766567908934976	0.8794635895836582	4831	11280	26
31	12826	0.3825822547949478	0.9059722438796195	4907	11620	26
32	12826	0.38749415250272884	0.9304537657882427	4970	11934	26
33	12826	0.39310774988305003	0.956650553563075	5042	12270	26
34	12826	0.3985654140028068	0.9828473413379074	5112	12606	26
35	12826	0.40425697801341026	1.0067051302042727	5185	12912	26
36	12826	0.4087010759394979	1.0274442538593482	5242	13178	26
37	12826	0.4141587400592546	1.0474037112116015	5312	13434	26
38	12826	0.41860283798534226	1.0715733665990956	5369	13744	26
39	12826	0.4237486355839701	1.09714642133167	5435	14072	26
40	12826	0.4290503664431623	1.1224076095431155	5503	14396	26
41	12826	0.43349446436925	1.143770466240449	5560	14670	26
42	12826	0.4385622953375955	1.167160455325121	5625	14970	26
43	12826	0.44246062685170745	1.1861843131139873	5675	15214	26
44	12826	0.44737252455948856	1.2108217682831748	5738	15530	26
45	12826	0.45173865585529394	1.232340558241073	5794	15806	26
46	12826	0.456650553563075	1.2549508810229222	5857	16096	26
47	12826	0.4617963511617028	1.2808358022766255	5923	16428	26
48	12826	0.4649929830032746	1.3017308591922656	5964	16696	26
49	12826	0.4685794479962576	1.324964915016373	6010	16994	26
50	12826	0.47208794635895834	1.3436769062841103	6055	17234	26
51	12826	0.474894745049119	1.3645719631997506	6091	17502	26
52	12826	0.4783252767815375	1.38266022142523	6135	17734	26
53	12826	0.48206767503508496	1.4024637455169187	6183	17988	26
54	12826	0.48534227350693904	1.4205520037423982	6225	18220	26
55	12826	0.4890067051302043	1.4416029939186028	6272	18490	26
56	12826	0.4924372368626228	1.462498050834243	6316	18758	26
57	12826	0.496413535007017	1.4841727740527055	6367	19036	26
58	12826	0.49992203336971774	1.5041322314049588	6412	19292	26
59	12826	0.5032745984718541	1.5248713550600344	6455	19558	26
60	12826	0.5064712303134259	1.5437392795883362	6496	19800	26
61	12826	0.5088881958521753	1.5616716045532513	6527	20030	26
62	12826	0.5118509278029003	1.579915796039295	6565	20264	26
63	12826	0.5144238266022143	1.5980040542647747	6598	20496	26
64	12826	0.5173865585529394	1.616716045532512	6636	20736	26
65	12826	0.5205052237642289	1.635272103539685	6676	20974	26
66	12826	0.5227662560424139	1.6519569624200843	6705	21188	26
67	12826	0.52541712147201	1.6709808202089507	6739	21432	26
68	12826	0.5277561203804771	1.6886012786527367	6769	21658	26
69	12826	0.530329019179791	1.7066895368782162	6802	21890	26
70	12826	0.5337595509122096	1.7232184624980509	6846	22102	26
71	12826	0.5358646499298301	1.7377202557305473	6873	22288	26
72	12826	0.5376578824263215	1.7528457820053018	6896	22482	26
73	12826	0.539139248401684	1.7693747076251365	6915	22694	26
74	12826	0.5411663807890223	1.7846561671604553	6941	22890	26
75	12826	0.5434274130672072	1.8010291595197256	6970	23100	26
76	12826	0.5462342117573679	1.8174021518789958	7006	23310	26
77	12826	0.5481054108841416	1.8320598783720567	7030	23498	26
78	12826	0.5494308435989397	1.8482769374707626	7047	23706	26
79	12826	0.5506003430531733	1.864026196787775	7062	23908	26
80	12826	0.5526274754405115	1.8805551224076096	7088	24120	26
81	12826	0.5542647746764385	1.8945891158584125	7109	24300	26
82	12826	0.5555902073912365	1.9092468423514735	7126	24488	26
83	12826	0.5579292062997038	1.9245283018867925	7156	24684	26
84	12826	0.5606580383595821	1.938406362077031	7191	24862	26
85	12826	0.5619055044440979	1.9538437548729144	7207	25060	26
86	12826	0.5628411040074848	1.9663184157180726	7219	25220	26
87	12826	0.5650241696553875	1.9848744737252455	7247	25458	26
88	12826	0.5673631685638547	2.000935599563387	7277	25664	26
89	12826	0.5699360673631686	2.0177763917043507	7310	25880	26
90	12826	0.5718852331202245	2.0346171838453144	7335	26096	26
91	12826	0.5739123655075627	2.052549508810229	7361	26326	26
92	12826	0.5758615312646187	2.0682987681272413	7386	26528	26
93	12826	0.5777327303913925	2.0840480274442537	7410	26730	26
94	12826	0.579837829409013	2.0987057539373146	7437	26918	26
95	12826	0.5820208950569157	2.1142990799937627	7465	27118	26
96	12826	0.583112427880867	2.1280212069234365	7479	27294	26
97	12826	0.585061593637923	2.1431467331981913	7504	27488	26
98	12826	0.586387026352721	2.153594261656011	7521	27622	26
99	12826	0.5889599251520349	2.1699672540152815	7554	27832	26
100	12826	0.5905972243879619	2.184157180726649	7575	28014	26
1	12826	0.02471542179946983	0.0252611882114455	317	324	27
2	12826	0.06050210509901762	0.06580383595820989	776	844	27
3	12826	0.08435989396538282	0.09558708872602525	1082	1226	27
4	12826	0.1054108841415874	0.12864493996569468	1352	1650	27
5	12826	0.12685170746920318	0.16061125838141274	1627	2060	27
6	12826	0.15086542959613286	0.19990644004366132	1935	2564	27
7	12826	0.1722282862934664	0.24013722126929674	2209	3080	27
8	12826	0.1899267113675347	0.2750662716357399	2436	3528	27
9	12826	0.20793700296273196	0.310307188523312	2667	3980	27
10	12826	0.2229065959769219	0.34336503976298144	2859	4404	27
11	12826	0.23499142367066894	0.37392795883361923	3014	4796	27
12	12826	0.2478559176672384	0.404179011383128	3179	5184	27
13	12826	0.2586932792764697	0.4359893965382816	3318	5592	27
14	12826	0.2714798066427569	0.4713862466864182	3482	6046	27
15	12826	0.2808358022766256	0.5028847653204429	3602	6450	27
16	12826	0.288788398565414	0.5301730859192265	3704	6800	27
17	12826	0.2972867612661781	0.5544986745672852	3813	7112	27
18	12826	0.3080461562451271	0.5835022610322782	3951	7484	27
19	12826	0.3145953531888352	0.6051769842507407	4035	7762	27
20	12826	0.3231716825198815	0.6368314361453298	4145	8168	27
21	12826	0.3315920785903633	0.6625604241384687	4253	8498	27
22	12826	0.33954467487915174	0.6879775456104787	4355	8824	27
23	12826	0.3466396382348355	0.7133946670824887	4446	9150	27
24	12826	0.3537346015905193	0.7397473881178855	4537	9488	27
25	12826	0.35989396538281615	0.7661001091532824	4616	9826	27
26	12826	0.36566349602370185	0.7891782317168252	4690	10122	27
27	12826	0.3703414938406362	0.8135038203648838	4750	10434	27
28	12826	0.37673475752377983	0.8400124746608452	4832	10774	27
29	12826	0.3825822547949478	0.8648058630905973	4907	11092	27
30	12826	0.38897551847809136	0.8878839856541401	4989	11388	27
31	12826	0.39451114922813035	0.9115858412599408	5060	11692	27
32	12826	0.3997349134570404	0.9327927646967098	5127	11964	27
33	12826	0.40480274442538594	0.9558708872602526	5192	12260	27
34	12826	0.4094807422423203	0.9806642756900047	5252	12578	27
35	12826	0.41298924060502107	1.0024949321690317	5297	12858	27
36	12826	0.41860283798534226	1.026664587556526	5369	13168	27
37	12826	0.4236706689536878	1.049898643380633	5434	13466	27
38	12826	0.4287384999220334	1.0765632309371589	5499	13808	27
39	12826	0.4347419304537658	1.102292218930298	5576	14138	27
40	12826	0.4393419616404179	1.126773740838921	5635	14452	27
41	12826	0.44261656011227196	1.1500077966630282	5677	14750	27
42	12826	0.44667082488694837	1.1721503196631842	5729	15034	27
43	12826	0.45173865585529394	1.1932013098393888	5794	15304	27
44	12826	0.4573522532356152	1.2154997661001092	5866	15590	27
45	12826	0.46249805083424295	1.2374863558397007	5932	15872	27
46	12826	0.46452518322158115	1.2593170123187276	5958	16152	27
47	12826	0.4684235147356931	1.2833307344456573	6008	16460	27
48	12826	0.47200997972867614	1.3051613909246842	6054	16740	27
49	12826	0.4755184780913769	1.328551380009356	6099	17040	27
50	12826	0.478169343520973	1.3485108373616093	6133	17296	27
51	12826	0.4821456416653672	1.371900826446281	6184	17596	27
52	12826	0.4852643068766568	1.3924840168407921	6224	17860	27
53	12826	0.48939653828161545	1.4141587400592546	6277	18138	27
54	12826	0.4922033369717761	1.4314673319819118	6313	18360	27
55	12826	0.4950101356619367	1.4532979884609387	6349	18640	27
56	12826	0.4979728676126618	1.4738811788554498	6387	18904	27
57	12826	0.5008576329331046	1.4929050366443162	6424	19148	27
58	12826	0.5030406985810073	1.512708560736005	6452	19402	27
59	12826	0.5060034305317325	1.5317324185248713	6490	19646	27
60	12826	0.5096678621549977	1.5523156089193826	6537	19910	27
61	12826	0.5117729611726182	1.5705598004054264	6564	20144	27
62	12826	0.5137221269296741	1.5888039918914705	6589	20378	27
63	12826	0.5168407921409637	1.6061125838141275	6629	20600	27
64	12826	0.5208170902853578	1.6231093092156557	6680	20818	27
65	12826	0.5230781225635428	1.6426009667862156	6709	21068	27
66	12826	0.5254950881022922	1.6620926243567753	6740	21318	27
67	12826	0.5281459535318883	1.6811164821456417	6774	21562	27
68	12826	0.5310307188523312	1.69951660689225	6811	21798	27
69	12826	0.5330578512396694	1.7158895992515204	6837	22008	27
70	12826	0.5360205831903945	1.7335100576953064	6875	22234	27
71	12826	0.5389053485108374	1.7508186496179634	6912	22456	27
72	12826	0.5412443474193045	1.7682831748011851	6942	22680	27
73	12826	0.5442070793700297	1.783876500857633	6980	22880	27
74	12826	0.5460003118665211	1.8004054264774676	7003	23092	27
75	12826	0.5476376111024481	1.8169343520973023	7024	23304	27
76	12826	0.5492749103383752	1.829876812724154	7045	23470	27
77	12826	0.5512240760954311	1.8467176048651177	7070	23686	27
78	12826	0.5532512084827694	1.8635583970060814	7096	23902	27
79	12826	0.5558241072820833	1.8833619210977701	7129	24156	27
80	12826	0.5580851395602682	1.9005145797598628	7158	24376	27
81	12826	0.5598004054264775	1.9162638390768751	7180	24578	27
82	12826	0.5623733042257913	1.934508030562919	7213	24812	27
83	12826	0.5641665367222829	1.9505691564010603	7236	25018	27
84	12826	0.5669733354124434	1.9664743489786372	7272	25222	27
85	12826	0.5695462342117573	1.9848744737252455	7305	25458	27
86	12826	0.5715733665990956	2.0014033993450804	7331	25670	27
87	12826	0.5732106658350226	2.0180882582254793	7352	25884	27
88	12826	0.5757055980040543	2.0339934508030564	7384	26088	27
89	12826	0.5776547637611102	2.0513020427257134	7409	26310	27
90	12826	0.5789801964759083	2.0664275690004676	7426	26504	27
91	12826	0.5808513956026821	2.0817090285357867	7450	26700	27
92	12826	0.5825666614688914	2.0952752222048963	7472	26874	27
93	12826	0.5841259940745361	2.1105566817402153	7492	27070	27
94	12826	0.5854514267893342	2.123811008888196	7509	27240	27
95	12826	0.5864649929830033	2.140807734289724	7522	27458	27
96	12826	0.5881022922189303	2.156556993606736	7543	27660	27
97	12826	0.5896616248245751	2.171214720099797	7563	27848	27
98	12826	0.5921565569936067	2.186340246374552	7595	28042	27
99	12826	0.593871822859816	2.2030251052549508	7617	28256	27
100	12826	0.595509122095743	2.216435365663496	7638	28428	27
1	12826	0.024091688757211915	0.024637455169187587	309	316	28
2	12826	0.059332605644784035	0.06408857009200063	761	822	28
3	12826	0.08303446125058475	0.09324808981755808	1065	1196	28
4	12826	0.10564478403243412	0.12599407453609854	1355	1616	28
5	12826	0.12615000779666302	0.1573366599095587	1618	2018	28
6	12826	0.1493840636207703	0.19663184157180727	1916	2522	28
7	12826	0.17456728520193357	0.2398253547481678	2239	3076	28
8	12826	0.18938094495555902	0.2727272727272727	2429	3498	28
9	12826	0.20263527210353968	0.303134258537346	2599	3888	28
10	12826	0.21783876500857632	0.33759550912209574	2794	4330	28
11	12826	0.22836426009667862	0.36924996101668484	2929	4736	28
12	12826	0.23990332137845002	0.3977857476999844	3077	5102	28
13	12826	0.2494152502728832	0.4274130672072353	3199	5482	28
14	12826	0.26407297676594416	0.4642133167004522	3387	5954	28
15	12826	0.27358490566037735	0.4924372368626228	3509	6316	28
16	12826	0.28294090129424604	0.5214408233276158	3629	6688	28
17	12826	0.2908155309527522	0.5459223452362388	3730	7002	28
18	12826	0.29783252767815377	0.5705598004054265	3820	7318	28
19	12826	0.30640885700920006	0.5972243879619523	3930	7660	28
20	12826	0.3142834866677062	0.6260720411663808	4031	8030	28
21	12826	0.3229377826290348	0.6525806954623421	4142	8370	28
22	12826	0.3294090129424606	0.675035084983627	4225	8658	28
23	12826	0.3356463433650398	0.6976454077654763	4305	8948	28
24	12826	0.3431311398721347	0.7239981288008732	4401	9286	28
25	12826	0.35038203648838295	0.7491033837517542	4494	9608	28
26	12826	0.3559956338687042	0.7732730391392484	4566	9918	28
27	12826	0.3609854982067675	0.7949477623577109	4630	10196	28
28	12826	0.3675346951504756	0.8216123499142367	4714	10538	28
29	12826	0.37439575861531266	0.848432870731327	4802	10882	28
30	12826	0.38016528925619836	0.8749415250272883	4876	11222	28
31	12826	0.38718228598159987	0.9005145797598628	4966	11550	28
32	12826	0.3925619834710744	0.9259317012318727	5035	11876	28
33	12826	0.3976298144394199	0.9483860907531576	5100	12164	28
34	12826	0.4033993450803056	0.9719320130983938	5174	12466	28
35	12826	0.4087010759394979	0.9981288008732263	5242	12802	28
36	12826	0.41259940745360985	1.020583190394511	5292	13090	28
37	12826	0.41712147200997973	1.0431935131763606	5350	13380	28
38	12826	0.42234523623888975	1.0687665679089349	5417	13708	28
39	12826	0.42788086698892874	1.0951192889443317	5488	14046	28
40	12826	0.4335724309995322	1.1213160767191641	5561	14382	28
41	12826	0.4379385622953376	1.1428348666770622	5617	14658	28
42	12826	0.44214876033057854	1.1665367222828629	5671	14962	28
43	12826	0.4470606580383596	1.1896148448464057	5734	15258	28
44	12826	0.4526742554186808	1.212848900670513	5806	15556	28
45	12826	0.4560268205208171	1.234991423670669	5849	15840	28
46	12826	0.45976921877436455	1.258849212537034	5897	16146	28
47	12826	0.4643692499610167	1.28099173553719	5956	16430	28
48	12826	0.46803368158428194	1.3015749259317013	6003	16694	28
49	12826	0.47286761266178073	1.328551380009356	6065	17040	28
50	12826	0.4763761110244815	1.3478871043193512	6110	17288	28
51	12826	0.48058630905972244	1.3700296273195072	6164	17572	28
52	12826	0.4842507406829877	1.389833151411196	6211	17826	28
53	12826	0.4879931389365352	1.4141587400592546	6259	18138	28
54	12826	0.4904101044752846	1.4344300639326368	6290	18398	28
55	12826	0.49391860283798533	1.4554810541088414	6335	18668	28
56	12826	0.4972711679401216	1.4751286449399656	6378	18920	28
57	12826	0.5011694994542336	1.495399968813348	6428	19180	28
58	12826	0.5046779978169343	1.5150475596444721	6473	19432	28
59	12826	0.5080305629190707	1.5360985498206767	6516	19702	28
60	12826	0.5109932948697957	1.5543427413067208	6554	19936	28
61	12826	0.5134102604085451	1.5733665990955872	6585	20180	28
62	12826	0.5160611258381412	1.5911429907999377	6619	20408	28
63	12826	0.5186340246374551	1.609231249025417	6652	20640	28
64	12826	0.5216747232184625	1.6266957742086388	6691	20864	28
65	12826	0.5243255886480587	1.6480586309059722	6725	21138	28
66	12826	0.5272883205987837	1.6658350226103227	6763	21366	28
67	12826	0.5285357866832996	1.682208014969593	6779	21576	28
68	12826	0.530952752222049	1.7009200062373304	6810	21816	28
69	12826	0.5322002183065648	1.7191641977233745	6826	22050	28
70	12826	0.5343832839544674	1.736316856385467	6854	22270	28
71	12826	0.5362544830812412	1.7514423826602215	6878	22464	28
72	12826	0.5389833151411196	1.7682831748011851	6913	22680	28
73	12826	0.5405426477467644	1.7827849680336816	6933	22866	28
74	12826	0.5437392795883362	1.8032122251676284	6974	23128	28
75	12826	0.5455325120848277	1.819429284266334	6997	23336	28
76	12826	0.5478715109932949	1.8351785435833463	7027	23538	28
77	12826	0.5494308435989397	1.8504600031186653	7047	23734	28
78	12826	0.5519257757679713	1.8680804615624513	7079	23960	28
79	12826	0.5534851083736161	1.8886636519569624	7099	24224	28
80	12826	0.5555122407609543	1.9056603773584906	7125	24442	28
81	12826	0.5574614065180102	1.9196943708092937	7150	24622	28
82	12826	0.5588648058630906	1.9343520973023547	7168	24810	28
83	12826	0.5605800717292999	1.9483860907531576	7190	24990	28
84	12826	0.5626851707469204	1.962887883985654	7217	25176	28
85	12826	0.5647123031342586	1.9805083424294403	7243	25402	28
86	12826	0.5672072353032902	1.9971932013098395	7275	25616	28
87	12826	0.5696242008420396	2.014657726493061	7306	25840	28
88	12826	0.5709496335568377	2.0280679869016063	7323	26012	28
89	12826	0.5728208326836114	2.044596912521441	7347	26224	28
90	12826	0.5744581319195384	2.0603461718384533	7368	26426	28
91	12826	0.5757835646343366	2.0726648994230468	7385	26584	28
92	12826	0.5769530640885701	2.0862310930921564	7400	26758	28
93	12826	0.5785123966942148	2.0996413535007017	7420	26930	28
94	12826	0.5803835958209886	2.1139872134726336	7444	27114	28
95	12826	0.5828785279900203	2.1322314049586777	7476	27348	28
96	12826	0.585061593637923	2.148604397317948	7504	27558	28
97	12826	0.5866209262435678	2.1646655231560894	7524	27764	28
98	12826	0.5888039918914705	2.1788554498674566	7552	27946	28
99	12826	0.5906751910182442	2.1939809761422113	7576	28140	28
100	12826	0.5921565569936067	2.2081709028535785	7595	28322	28
1	12826	0.02908155309527522	0.03009511928894433	373	386	29
2	12826	0.06401060346171838	0.06954623421175737	821	892	29
3	12826	0.0881022922189303	0.1004210198035241	1130	1288	29
4	12826	0.11211601434585997	0.13472633712770934	1438	1728	29
5	12826	0.13075003898331514	0.16497738967721814	1677	2116	29
6	12826	0.15304849524403555	0.20364883829720878	1963	2612	29
7	12826	0.17472321846249805	0.2462186184313114	2241	3158	29
8	12826	0.18945891158584127	0.27787307032590053	2430	3564	29
9	12826	0.20442850460003117	0.3118665211289568	2622	4000	29
10	12826	0.21924216435365662	0.34476843910806176	2812	4422	29
11	12826	0.23000155933260563	0.37595509122095744	2950	4822	29
12	12826	0.24169655387494152	0.40605021050990175	3100	5208	29
13	12826	0.2553407141743334	0.44191486043973177	3275	5668	29
14	12826	0.267269608607516	0.47528457820053016	3428	6096	29
15	12826	0.2768595041322314	0.5064712303134259	3551	6496	29
16	12826	0.285201933572431	0.534539217215032	3658	6856	29
17	12826	0.2939341961640418	0.5613597380321222	3770	7200	29
18	12826	0.3023545922345236	0.5861531264618743	3878	7518	29
19	12826	0.3092936223296429	0.6087634492437237	3967	7808	29
20	12826	0.3170123187275846	0.6379229689692811	4066	8182	29
21	12826	0.3231716825198815	0.6631841571807267	4145	8506	29
22	12826	0.33104631217838765	0.6907843443006393	4246	8860	29
23	12826	0.33681584281927335	0.7143302666458755	4320	9162	29
24	12826	0.3450023389989085	0.744113519413691	4425	9544	29
25	12826	0.35186340246374553	0.7714018400124747	4513	9894	29
26	12826	0.35786683299547795	0.7947918290971464	4590	10194	29
27	12826	0.3623109309215656	0.819429284266334	4647	10510	29
28	12826	0.36792452830188677	0.8435989396538282	4719	10820	29
29	12826	0.3747855917667238	0.8716669265554343	4807	11180	29
30	12826	0.3802432558864806	0.895056915640106	4877	11480	29
31	12826	0.3850771869639794	0.9200062373304225	4939	11800	29
32	12826	0.39076875097458286	0.9446436924996102	5012	12116	29
33	12826	0.3959145485732107	0.9694370809293622	5078	12434	29
34	12826	0.3995789801964759	0.9912677374083892	5125	12714	29
35	12826	0.4031654451894589	1.0137221269296741	5171	13002	29
36	12826	0.40799937626695776	1.0347731171058787	5233	13272	29
37	12826	0.4122875409324809	1.053485108373616	5288	13512	29
38	12826	0.4169655387494153	1.0762513644160299	5348	13804	29
39	12826	0.4217215031966318	1.101980352409169	5409	14134	29
40	12826	0.42616560112271945	1.1245906751910182	5466	14424	29
41	12826	0.4307656323093716	1.1464213316700451	5525	14704	29
42	12826	0.4363012630594106	1.170435053796975	5596	15012	29
43	12826	0.44191486043973177	1.1941369094027756	5668	15316	29
44	12826	0.44643692499610166	1.216435365663496	5726	15602	29
45	12826	0.4512708560736005	1.2390456884453454	5788	15892	29
46	12826	0.45649462030251053	1.263683143614533	5855	16208	29
47	12826	0.4610166848588804	1.2864493996569468	5913	16500	29
48	12826	0.46390145017932327	1.3070325900514579	5950	16764	29
49	12826	0.4675658818025885	1.3283954467487915	5997	17038	29
50	12826	0.47084048027444253	1.3486667706221738	6039	17298	29
51	12826	0.47427101200686106	1.3717448931857166	6083	17594	29
52	12826	0.4771557773273039	1.3912365507562763	6120	17844	29
53	12826	0.47980664275690005	1.4119756744113519	6154	18110	29
54	12826	0.48261344144706064	1.4308435989396537	6190	18352	29
55	12826	0.48479650709496336	1.4497115234679556	6218	18594	29
56	12826	0.48838297208794634	1.4710743801652892	6264	18868	29
57	12826	0.49189147045064713	1.491189770778107	6309	19126	29
58	12826	0.4950101356619367	1.5114610946514893	6349	19386	29
59	12826	0.49766100109153283	1.5289256198347108	6383	19610	29
60	12826	0.501637299235927	1.5496647434897863	6434	19876	29
61	12826	0.5044440979260877	1.5679089349758304	6470	20110	29
62	12826	0.5070949633556837	1.585685326680181	6504	20338	29
63	12826	0.5103695618275378	1.6034617183845314	6546	20566	29
64	12826	0.5134102604085451	1.6229533759550911	6585	20816	29
65	12826	0.5154373927958834	1.6413535007016997	6611	21052	29
66	12826	0.5175424918135039	1.6575705598004054	6638	21260	29
67	12826	0.5205052237642289	1.6779978169343521	6676	21522	29
68	12826	0.522844222672696	1.6963979416809605	6706	21758	29
69	12826	0.5258069546234212	1.7179167316388586	6744	22034	29
70	12826	0.5294713862466864	1.736316856385467	6791	22270	29
71	12826	0.5314985186340246	1.7511305161390924	6817	22460	29
72	12826	0.5341493840636208	1.7696865741462653	6851	22698	29
73	12826	0.5364104163418058	1.787462965850616	6880	22926	29
74	12826	0.539139248401684	1.8064868236394822	6915	23170	29
75	12826	0.5417901138312802	1.8216123499142367	6949	23364	29
76	12826	0.5435833463277717	1.8361141431467332	6972	23550	29
77	12826	0.5459223452362388	1.852331202245439	7002	23758	29
78	12826	0.5484172774052706	1.8718228598159987	7034	24008	29
79	12826	0.5513020427257134	1.8911585841259941	7071	24256	29
80	12826	0.5525495088102292	1.9079993762669578	7087	24472	29
81	12826	0.5545766411975674	1.921409636675503	7113	24644	29
82	12826	0.5568376734757524	1.9385622953375956	7142	24864	29
83	12826	0.5591766723842195	1.9541556213940434	7172	25064	29
84	12826	0.5628411040074848	1.970372680492749	7219	25272	29
85	12826	0.5647123031342586	1.9876812724154063	7243	25494	29
86	12826	0.5675191018244191	2.0046779978169345	7279	25712	29
87	12826	0.5697021674723218	2.021830656479027	7307	25932	29
88	12826	0.5709496335568377	2.03586464992983	7323	26112	29
89	12826	0.5736784656167161	2.053173241852487	7358	26334	29
90	12826	0.5747699984406673	2.067830968345548	7372	26522	29
91	12826	0.5767191641977234	2.082800561359738	7397	26714	29
92	12826	0.5778106970216748	2.0973023545922347	7411	26900	29
93	12826	0.5802276625604241	2.115078746296585	7442	27128	29
94	12826	0.5815530952752223	2.130360205831904	7459	27324	29
95	12826	0.5835022610322782	2.144394199282707	7484	27504	29
96	12826	0.5861531264618743	2.1615468579447996	7518	27724	29
97	12826	0.5881022922189303	2.1762045844378606	7543	27912	29
98	12826	0.5897395914548573	2.18977077810697	7564	28086	29
99	12826	0.5920785903633244	2.207079370029627	7594	28308	29
100	12826	0.5943396226415094	2.223920162170591	7623	28524	29
1	12826	0.024871355060034305	0.02541712147200998	319	326	30
2	12826	0.0624512708560736	0.06736316856385467	801	864	30
3	12826	0.08724465928582567	0.09808202089505691	1119	1258	30
4	12826	0.10759394978949009	0.12958053952908155	1380	1662	30
5	12826	0.1288788398565414	0.16139092468423516	1653	2070	30
6	12826	0.149929830032746	0.19819117417745205	1923	2542	30
7	12826	0.17254015281459537	0.24013722126929674	2213	3080	30
8	12826	0.18969281147668798	0.2724154062061438	2433	3494	30
9	12826	0.2032590051457976	0.3053173241852487	2607	3916	30
10	12826	0.21581163262123812	0.3365039762981444	2768	4316	30
11	12826	0.2299235927023234	0.36815842819273353	2949	4722	30
12	12826	0.24395758615312646	0.400592546390145	3129	5138	30
13	12826	0.2576017464525183	0.4352097302354592	3304	5582	30
14	12826	0.2696865741462654	0.46935911429908	3459	6020	30
15	12826	0.28161546857944797	0.5002338998908468	3612	6416	30
16	12826	0.29190706377670356	0.5315764852643069	3744	6818	30
17	12826	0.29946982691408075	0.555434274130672	3841	7124	30
18	12826	0.308669889287385	0.5842819273351005	3959	7494	30
19	12826	0.31693435209730236	0.6084515827225947	4065	7804	30
20	12826	0.32574458131919537	0.6382348354904102	4178	8186	30
21	12826	0.3319039451114923	0.6644316232652425	4257	8522	30
22	12826	0.33938874161858723	0.6921877436457197	4353	8878	30
23	12826	0.3479650709496336	0.7177607983782941	4463	9206	30
24	12826	0.35615156712926865	0.7466084515827226	4568	9576	30
25	12826	0.36184313113987215	0.772805239357555	4641	9912	30
26	12826	0.3689380944955559	0.7991579603929518	4732	10250	30
27	12826	0.37517542491813505	0.8256666146889131	4812	10590	30
28	12826	0.3804771557773273	0.8515515359426166	4880	10922	30
29	12826	0.3860127865273663	0.8749415250272883	4951	11222	30
30	12826	0.39147045064712305	0.8984874473725245	5021	11524	30
31	12826	0.39723998128800875	0.9210977701543739	5095	11814	30
32	12826	0.4013722126929674	0.9460470918446905	5148	12134	30
33	12826	0.40605021050990175	0.9681896148448464	5208	12418	30
34	12826	0.41033837517542493	0.9897084048027445	5263	12694	30
35	12826	0.4154841727740527	1.0140339934508031	5329	13006	30
36	12826	0.42117573678465614	1.0377358490566038	5402	13310	30
37	12826	0.424060502105099	1.0566037735849056	5439	13552	30
38	12826	0.4289723998128801	1.0804615624512708	5502	13858	30
39	12826	0.4332605644784032	1.1041634180570716	5557	14162	30
40	12826	0.43770466240449085	1.1256822080149695	5614	14438	30
41	12826	0.44160299391860286	1.1459535318883518	5664	14698	30
42	12826	0.4465148916263839	1.170123187275846	5727	15008	30
43	12826	0.4510369561827538	1.1930453765788243	5785	15302	30
44	12826	0.45446748791517233	1.2123811008888197	5829	15550	30
45	12826	0.4573522532356152	1.2309371588959925	5866	15788	30
46	12826	0.461874317791985	1.2541712147200998	5924	16086	30
47	12826	0.4656167160455325	1.2764696709808203	5972	16372	30
48	12826	0.47045064712303136	1.2970528613753314	6034	16636	30
49	12826	0.4741150787462966	1.3209106502416965	6081	16942	30
50	12826	0.47707781069702165	1.3424294401995946	6119	17218	30
51	12826	0.4805083424294402	1.3655075627631375	6163	17514	30
52	12826	0.48456260720411665	1.3864026196787775	6215	17782	30
53	12826	0.48752533915484175	1.4071417433338531	6253	18048	30
54	12826	0.4900202713238734	1.4283486667706222	6285	18320	30
55	12826	0.49352876968657416	1.4487759239045688	6330	18582	30
56	12826	0.49610166848588805	1.46935911429908	6363	18846	30
57	12826	0.4997661001091533	1.4902541712147201	6410	19114	30
58	12826	0.5031186652112896	1.512084827693747	6453	19394	30
59	12826	0.5061593637922969	1.5292374863558398	6492	19614	30
60	12826	0.5095119288944332	1.5482613441447062	6535	19858	30
61	12826	0.5125526274754405	1.566817402151879	6574	20096	30
62	12826	0.5155933260564478	1.5842819273351005	6613	20320	30
63	12826	0.5184001247466085	1.6003430531732419	6649	20526	30
64	12826	0.5209730235459223	1.617027912053641	6682	20740	30
65	12826	0.5233120224543896	1.635895836581943	6712	20982	30
66	12826	0.5263527210353969	1.6539840948074225	6751	21214	30
67	12826	0.5301730859192265	1.6761266178075784	6800	21498	30
68	12826	0.5329798846093872	1.6940589427724935	6836	21728	30
69	12826	0.5358646499298301	1.7119912677374083	6873	21958	30
70	12826	0.5386714486199906	1.7292998596600655	6909	22180	30
71	12826	0.5405426477467644	1.7427101200686106	6933	22352	30
72	12826	0.5424138468735381	1.758771245906752	6957	22558	30
73	12826	0.5445189458911586	1.7726493060969906	6984	22736	30
74	12826	0.546935911429908	1.791361297364728	7015	22976	30
75	12826	0.5501325432714798	1.8075783564634336	7056	23184	30
76	12826	0.5525495088102292	1.823639482301575	7087	23390	30
77	12826	0.555434274130672	1.8423514735693123	7124	23630	30
78	12826	0.5575393731482925	1.8604397317947918	7151	23862	30
79	12826	0.5591766723842195	1.877124590675191	7172	24076	30
80	12826	0.5608919382504288	1.8941213160767192	7194	24294	30
81	12826	0.5627631373772025	1.906440043661313	7218	24452	30
82	12826	0.5642445033525652	1.924372368626228	7237	24682	30
83	12826	0.566817402151879	1.939341961640418	7270	24874	30
84	12826	0.5683767347575238	1.952752222048963	7290	25046	30
85	12826	0.5704818337751443	1.9700608139716203	7317	25268	30
86	12826	0.5718852331202245	1.9847185404646812	7335	25456	30
87	12826	0.5738343988772805	2.00592546390145	7360	25728	30
88	12826	0.575627631373772	2.0213628566973334	7383	25926	30
89	12826	0.5776547637611102	2.038047715577733	7409	26140	30
90	12826	0.5797598627787307	2.0527054420707938	7436	26328	30
91	12826	0.58147512864494	2.0679869016061128	7458	26524	30
92	12826	0.582800561359738	2.082488694838609	7475	26710	30
93	12826	0.5841259940745361	2.0987057539373146	7492	26918	30
94	12826	0.5859971932013098	2.114455013254327	7516	27120	30
95	12826	0.5877904256978014	2.1302042725713393	7539	27322	30
96	12826	0.5898175580851396	2.144394199282707	7565	27504	30
97	12826	0.5920785903633244	2.1621705909870577	7594	27732	30
98	12826	0.5937938562295337	2.176360517698425	7616	27914	30
99	12826	0.5957430219865898	2.1932013098393885	7641	28130	30
100	12826	0.597770154373928	2.2086387026352723	7667	28328	30
1	12826	0.024169655387494153	0.024637455169187587	310	316	31
2	12826	0.05863090597224388	0.0628411040074848	752	806	31
3	12826	0.08295649462030251	0.09278029003586465	1064	1190	31
4	12826	0.10634648370497427	0.1263059410572275	1364	1620	31
5	12826	0.12856697333541245	0.15764852643068766	1649	2022	31
6	12826	0.15289256198347106	0.19538437548729143	1961	2506	31
7	12826	0.17355371900826447	0.23514735693123343	2226	3016	31
8	12826	0.1899267113675347	0.26758147512864494	2436	3432	31
9	12826	0.20302510525495088	0.29767659441758926	2604	3818	31
10	12826	0.21620146577264931	0.32823951348822705	2773	4210	31
11	12826	0.22711679401216278	0.3559956338687042	2913	4566	31
12	12826	0.23834398877280524	0.38515515359426167	3057	4940	31
13	12826	0.24996101668485887	0.41618587244659283	3206	5338	31
14	12826	0.26227974426945266	0.45017932324964915	3364	5774	31
15	12826	0.272493372836426	0.4807422423202869	3495	6166	31
16	12826	0.2826290347731171	0.5108373616092312	3625	6552	31
17	12826	0.2922968969281148	0.538437548729144	3749	6906	31
18	12826	0.3008732262591611	0.5654140028067987	3859	7252	31
19	12826	0.30944955559020737	0.592546390145018	3969	7600	31
20	12826	0.31693435209730236	0.6220177763917043	4065	7978	31
21	12826	0.32426321534383284	0.646343365039763	4159	8290	31
22	12826	0.33229377826290346	0.6720723530329019	4262	8620	31
23	12826	0.33985654140028065	0.6990488071105567	4359	8966	31
24	12826	0.3472633712770934	0.7261811944487759	4454	9314	31
25	12826	0.35256510213628567	0.7491033837517542	4522	9608	31
26	12826	0.3585685326680181	0.772181506315297	4599	9904	31
27	12826	0.3630126305941057	0.7949477623577109	4656	10196	31
28	12826	0.3685482613441447	0.8202089505691564	4727	10520	31
29	12826	0.3743177919850304	0.8435989396538282	4801	10820	31
30	12826	0.3805551224076095	0.8662092624356775	4881	11110	31
31	12826	0.38671448619990645	0.8930297832527678	4960	11454	31
32	12826	0.3926399501013566	0.9178231716825199	5036	11772	31
33	12826	0.3971620146577265	0.9416809605488851	5094	12078	31
34	12826	0.4019179791049431	0.9639794168096055	5155	12364	31
35	12826	0.406128177140184	0.9904880711055668	5209	12704	31
36	12826	0.4108841415874006	1.0132543271479806	5270	12996	31
37	12826	0.4184469047247778	1.0389833151411196	5367	13326	31
38	12826	0.4238266022142523	1.0625292374863557	5436	13628	31
39	12826	0.42733510057695306	1.0840480274442539	5481	13904	31
40	12826	0.43084359893965385	1.1065024169655389	5526	14192	31
41	12826	0.4363012630594106	1.1284890067051303	5596	14474	31
42	12826	0.4411351941369094	1.1501637299235927	5658	14752	31
43	12826	0.44394199282707003	1.1663807890222984	5694	14960	31
44	12826	0.44698269140807734	1.1891470450647124	5733	15252	31
45	12826	0.4501013566193669	1.2080149695930142	5773	15494	31
46	12826	0.4543895212848901	1.2328083580227662	5828	15812	31
47	12826	0.45891158584125996	1.2580695462342117	5886	16136	31
48	12826	0.461874317791985	1.2778730703259005	5924	16390	31
49	12826	0.46577264930609696	1.3025105254950882	5974	16706	31
50	12826	0.46904724777795104	1.3229377826290347	6016	16968	31
51	12826	0.4733354124434742	1.3463277717137065	6071	17268	31
52	12826	0.47629814439419926	1.366755028847653	6109	17530	31
53	12826	0.4791049430843599	1.3864026196787775	6145	17782	31
54	12826	0.4819117417745205	1.405114610946515	6181	18022	31
55	12826	0.4851863402463745	1.4253859348198972	6223	18282	31
56	12826	0.4879151723062529	1.4447216591298924	6258	18530	31
57	12826	0.49056603773584906	1.4653048495244037	6292	18794	31
58	12826	0.49415250272883204	1.484016840792141	6338	19034	31
59	12826	0.4978169343520973	1.5030406985810074	6385	19278	31
60	12826	0.5012474660845159	1.5215967565881803	6429	19516	31
61	12826	0.5033525651021363	1.5403087478559176	6456	19756	31
62	12826	0.5062373304225791	1.5574614065180103	6493	19976	31
63	12826	0.5094339622641509	1.5774208638702636	6534	20232	31
64	12826	0.5115390612817714	1.595509122095743	6561	20464	31
65	12826	0.5136441602993919	1.6157804459691252	6588	20724	31
66	12826	0.5165289256198347	1.631685638546702	6625	20928	31
67	12826	0.5193357243099953	1.6516450958989553	6661	21184	31
68	12826	0.5230001559332605	1.6709808202089507	6708	21432	31
69	12826	0.5254950881022922	1.6881334788710431	6740	21652	31
70	12826	0.5293934196164042	1.7090285357866832	6790	21920	31
71	12826	0.5318883517854358	1.7229065959769219	6822	22098	31
72	12826	0.5338375175424919	1.740838920941837	6847	22328	31
73	12826	0.5362544830812412	1.759083112427881	6878	22562	31
74	12826	0.5394511149228131	1.7801341026040856	6919	22832	31
75	12826	0.5414782473101513	1.7991579603929517	6945	23076	31
76	12826	0.5438952128489006	1.8128800873226258	6976	23252	31
77	12826	0.5456104787151099	1.8287852799002027	6998	23456	31
78	12826	0.5487291439263995	1.8465616716045532	7038	23684	31
79	12826	0.5510681428348667	1.8662092624356776	7068	23936	31
80	12826	0.5532512084827694	1.8828941213160768	7096	24150	31
81	12826	0.5558241072820833	1.8972399812880087	7129	24334	31
82	12826	0.557695306408857	1.9123655075627632	7153	24528	31
83	12826	0.5590207391236551	1.9267113675346952	7170	24712	31
84	12826	0.5617495711835334	1.9421487603305785	7205	24910	31
85	12826	0.5639326368314361	1.9580539529081553	7233	25114	31
86	12826	0.5663496023701856	1.975206611570248	7264	25334	31
87	12826	0.5689225011694995	1.9937626695774209	7297	25572	31
88	12826	0.5701699672540153	2.008732262591611	7313	25764	31
89	12826	0.5724309995322002	2.0252611882114455	7342	25976	31
90	12826	0.5750818649617964	2.041010447528458	7376	26178	31
91	12826	0.5774208638702635	2.0547325744581317	7406	26354	31
92	12826	0.5791361297364728	2.067830968345548	7428	26522	31
93	12826	0.5810073288632466	2.083424294401996	7452	26722	31
94	12826	0.5824886948386091	2.0982379541556213	7471	26912	31
95	12826	0.5845158272259473	2.1181974115078748	7497	27168	31
96	12826	0.5865429596132855	2.1316076719164196	7523	27340	31
97	12826	0.5883361921097771	2.1468891314517387	7546	27536	31
98	12826	0.5898955247154218	2.163262123811009	7566	27746	31
99	12826	0.592546390145018	2.1813503820364883	7600	27978	31
100	12826	0.5934040230781226	2.1956962420084203	7611	28162	31
1	12826	0.02619678777483237	0.026820520817090285	336	344	32
2	12826	0.06401060346171838	0.06907843443006394	821	886	32
3	12826	0.08903789178231716	0.1004210198035241	1142	1288	32
4	12826	0.10884141587400592	0.13051613909246843	1396	1674	32
5	12826	0.12926867300795258	0.16076719164197723	1658	2062	32
6	12826	0.15047559644472167	0.1970996413535007	1930	2528	32
7	12826	0.17472321846249805	0.23857788866365195	2241	3060	32
8	12826	0.19047247777951037	0.2735069390300951	2443	3508	32
9	12826	0.2046624044908779	0.3032901917979105	2625	3890	32
10	12826	0.22095743021986589	0.3386870419460471	2834	4344	32
11	12826	0.23124902541712147	0.3687821612349914	2966	4730	32
12	12826	0.24497115234679556	0.3987213472633713	3142	5114	32
13	12826	0.2569000467799782	0.43068766567908934	3295	5524	32
14	12826	0.26875097458287855	0.4634336503976298	3447	5944	32
15	12826	0.2787307032590051	0.4927491033837518	3575	6320	32
16	12826	0.28761889911118044	0.5211289568064869	3689	6684	32
17	12826	0.2940901294246063	0.5448308124122876	3772	6988	32
18	12826	0.30360205831903947	0.5741462653984095	3894	7364	32
19	12826	0.3120224543895213	0.5986277873070326	4002	7678	32
20	12826	0.32028691719943864	0.6299703726804927	4108	8080	32
21	12826	0.32878527990020273	0.6564790269764541	4217	8420	32
22	12826	0.3361921097770154	0.6804927491033838	4312	8728	32
23	12826	0.3417277405270544	0.7057539373148293	4383	9052	32
24	12826	0.348432870731327	0.7300795259628878	4469	9364	32
25	12826	0.3555278340870108	0.7579915796039295	4560	9722	32
26	12826	0.3605176984250741	0.7795103695618275	4624	9998	32
27	12826	0.3689380944955559	0.8072664899423047	4732	10354	32
28	12826	0.3761110244815219	0.8345548105410884	4824	10704	32
29	12826	0.3822703882738188	0.8607515983159207	4903	11040	32
30	12826	0.38788398565414	0.8813347887104319	4975	11304	32
31	12826	0.39154841727740525	0.9039451114922813	5022	11594	32
32	12826	0.3963823483549041	0.9279588336192109	5084	11902	32
33	12826	0.400904412911274	0.9480742242320287	5142	12160	32
34	12826	0.40698581007328866	0.9723998128800874	5220	12472	32
35	12826	0.4126773740838921	0.9968813347887104	5293	12786	32
36	12826	0.41852487135506006	1.0227662560424138	5368	13118	32
37	12826	0.4222672696086075	1.043037579915796	5416	13378	32
38	12826	0.42632153438328396	1.0676750350849837	5468	13694	32
39	12826	0.43263683143614534	1.0952752222048963	5549	14048	32
40	12826	0.4393419616404179	1.1200686106346485	5635	14366	32
41	12826	0.4430843598939654	1.141119600810853	5683	14636	32
42	12826	0.44713862466864185	1.162326524247622	5735	14908	32
43	12826	0.45041322314049587	1.1791673163885856	5777	15124	32
44	12826	0.45493528769686575	1.2044285046000311	5835	15448	32
45	12826	0.45945735225323564	1.226571027600187	5893	15732	32
46	12826	0.46273195072508966	1.2491813503820366	5935	16022	32
47	12826	0.46631841571807264	1.2700764072976767	5981	16290	32
48	12826	0.4716981132075472	1.2922189302978326	6050	16574	32
49	12826	0.4761422111336348	1.3145173865585529	6107	16860	32
50	12826	0.4794168096054888	1.335724309995322	6149	17132	32
51	12826	0.4816778418836738	1.3577108997349134	6178	17414	32
52	12826	0.48479650709496336	1.3772025573054734	6218	17664	32
53	12826	0.48713550600343053	1.3968501481365976	6248	17916	32
54	12826	0.49079993762669577	1.41852487135506	6295	18194	32
55	12826	0.4938406362077031	1.4414470606580383	6334	18488	32
56	12826	0.4969593014189927	1.461874317791985	6374	18750	32
57	12826	0.5000779666302823	1.480430375799158	6414	18988	32
58	12826	0.503586464992983	1.5014813659753625	6459	19258	32
59	12826	0.5063932636831436	1.522220489630438	6495	19524	32
60	12826	0.5101356619366911	1.5437392795883362	6543	19800	32
61	12826	0.5126305941057228	1.5598004054264776	6575	20006	32
62	12826	0.5159831592078591	1.5789801964759083	6618	20252	32
63	12826	0.5190238577888664	1.595820988616872	6657	20468	32
64	12826	0.5218306564790269	1.6109465148916264	6693	20662	32
65	12826	0.5248713550600344	1.6309059722438797	6732	20918	32
66	12826	0.5278340870107594	1.6485264306876657	6770	21144	32
67	12826	0.5307188523312022	1.6683299547793544	6807	21398	32
68	12826	0.5339934508030563	1.6878216123499143	6849	21648	32
69	12826	0.5356307500389833	1.7049742710120068	6870	21868	32
70	12826	0.537813815686886	1.7205675970684546	6898	22068	32
71	12826	0.5396070481833776	1.736628722906596	6921	22274	32
72	12826	0.5422579136129736	1.7551847809137688	6955	22512	32
73	12826	0.5442850460003119	1.771869639794168	6981	22726	32
74	12826	0.5463901450179324	1.7876188991111803	7008	22928	32
75	12826	0.5484172774052706	1.8036800249493217	7034	23134	32
76	12826	0.5506783096834554	1.8211445501325432	7063	23358	32
77	12826	0.5536410416341806	1.8378294090129426	7101	23572	32
78	12826	0.5561359738032122	1.8560736004989864	7133	23806	32
79	12826	0.5586309059722439	1.874473725245595	7165	24042	32
80	12826	0.5605800717292999	1.8925619834710743	7190	24274	32
81	12826	0.5633868704194605	1.9059722438796196	7226	24446	32
82	12826	0.5654140028067987	1.9229689692811476	7252	24664	32
83	12826	0.5666614688913145	1.938094495555902	7268	24858	32
84	12826	0.5689225011694995	1.9547793544363012	7297	25072	32
85	12826	0.5708716669265554	1.970996413535007	7322	25280	32
86	12826	0.5728987993138936	1.988305005457664	7348	25502	32
87	12826	0.5745360985498207	2.0048339310774987	7369	25714	32
88	12826	0.57625136441603	2.0190238577888664	7391	25896	32
89	12826	0.5781225635428037	2.0339934508030564	7415	26088	32
90	12826	0.5799157960392952	2.050210509901762	7438	26296	32
91	12826	0.5820988616871979	2.0661157024793386	7466	26500	32
92	12826	0.583424294401996	2.0784344300639326	7483	26658	32
93	12826	0.584437860595665	2.093559956338687	7496	26852	32
94	12826	0.5863090597224387	2.1080617495711835	7520	27038	32
95	12826	0.5877904256978014	2.12396694214876	7539	27242	32
96	12826	0.5896616248245751	2.1400280679869015	7563	27448	32
97	12826	0.5913768906907844	2.156089193825043	7585	27654	32
98	12826	0.5933260564478403	2.168563854670201	7610	27814	32
99	12826	0.5946514891626384	2.182597848121004	7627	27994	32
100	12826	0.5955870887260253	2.1967877748323716	7639	28176	32
1	12826	0.025183221581163262	0.025884921253703414	323	332	33
2	12826	0.06058007172929986	0.06518010291595197	777	836	33
3	12826	0.08443786059566505	0.09480742242320286	1083	1216	33
4	12826	0.10587868392328084	0.1269296740994854	1358	1628	33
5	12826	0.12599407453609854	0.1573366599095587	1616	2018	33
6	12826	0.1461874317791985	0.194916575705598	1875	2500	33
7	12826	0.16778418836737877	0.23499142367066894	2152	3014	33
8	12826	0.18368938094495557	0.2682052081709029	2356	3440	33
9	12826	0.19850304069858102	0.30219865897395914	2546	3876	33
10	12826	0.21316076719164198	0.3343209106502417	2734	4288	33
11	12826	0.22571339466708248	0.3651956962420084	2895	4684	33
12	12826	0.2396694214876033	0.4001247466084516	3074	5132	33
13	12826	0.2501949165757056	0.43287073132699205	3209	5552	33
14	12826	0.2626695774208639	0.46967098082020897	3369	6024	33
15	12826	0.274442538593482	0.5007016996725402	3520	6422	33
16	12826	0.2834087010759395	0.5283018867924528	3635	6776	33
17	12826	0.29167316388585685	0.5532512084827694	3741	7096	33
18	12826	0.2997037268049275	0.581163262123811	3844	7454	33
19	12826	0.3073444565725869	0.6045532512084828	3942	7754	33
20	12826	0.31677841883673785	0.6380789022298456	4063	8184	33
21	12826	0.3251988149072197	0.6625604241384687	4171	8498	33
22	12826	0.33205987837205675	0.6886012786527367	4259	8832	33
23	12826	0.3389209418368938	0.7121472009979729	4347	9134	33
24	12826	0.3460159051925776	0.7403711211601435	4438	9496	33
25	12826	0.3524091688757212	0.7661001091532824	4520	9826	33
26	12826	0.35763293310463123	0.7912053641041634	4587	10148	33
27	12826	0.3639482301574926	0.8172462186184313	4668	10482	33
28	12826	0.368314361453298	0.8432870731326992	4724	10816	33
29	12826	0.3747076251364416	0.8673007952596289	4806	11124	33
30	12826	0.37938562295337597	0.8883517854358335	4866	11394	33
31	12826	0.38351785435833463	0.9122095743021986	4919	11700	33
32	12826	0.3881178855449867	0.9331046312178388	4978	11968	33
33	12826	0.3938094495555902	0.9597692187743646	5051	12310	33
34	12826	0.398643380633089	0.9834710743801653	5113	12614	33
35	12826	0.40285357866832994	1.007796663028224	5167	12926	33
36	12826	0.4071417433338531	1.0311866521128956	5222	13226	33
37	12826	0.411663807890223	1.0530173085919226	5280	13506	33
38	12826	0.4158740059254639	1.0793700296273194	5334	13844	33
39	12826	0.42039607048183375	1.1018244191486044	5392	14132	33
40	12826	0.42491813503820364	1.125526274754405	5450	14436	33
41	12826	0.429596132855138	1.1459535318883518	5510	14698	33
42	12826	0.43443006393263683	1.1707469203181038	5572	15016	33
43	12826	0.44144706065803835	1.1928894433182597	5662	15300	33
44	12826	0.445579292062997	1.217059098705754	5715	15610	33
45	12826	0.4495555902073912	1.2392016217059099	5766	15894	33
46	12826	0.4546234211757368	1.2622797442694527	5831	16190	33
47	12826	0.458287852799002	1.2853578668329955	5878	16486	33
48	12826	0.46195228442226727	1.3056291907063777	5925	16746	33
49	12826	0.46647434897863715	1.332449711523468	5983	17090	33
50	12826	0.47029471386246685	1.3517854358334633	6032	17338	33
51	12826	0.4731794791829097	1.3729923592702324	6069	17610	33
52	12826	0.47622017776391706	1.3938874161858725	6108	17878	33
53	12826	0.4787151099329487	1.4119756744113519	6140	18110	33
54	12826	0.4821456416653672	1.4316232652424763	6184	18362	33
55	12826	0.48682363948230156	1.4562607204116638	6244	18678	33
56	12826	0.4894745049118977	1.4779354436301264	6278	18956	33
57	12826	0.4916575705598004	1.4955559020739124	6306	19182	33
58	12826	0.49438640261967876	1.5167628255106815	6341	19454	33
59	12826	0.4979728676126618	1.5351629502572899	6387	19690	33
60	12826	0.5007016996725402	1.554810541088414	6422	19942	33
61	12826	0.503586464992983	1.5727428660533291	6459	20172	33
62	12826	0.5062373304225791	1.5897395914548573	6493	20390	33
63	12826	0.5088881958521753	1.6059566505535632	6527	20598	33
64	12826	0.5115390612817714	1.624512708560736	6561	20836	33
65	12826	0.5148916263839077	1.6455636987369406	6604	21106	33
66	12826	0.5170746920318103	1.6611570247933884	6632	21306	33
67	12826	0.5188679245283019	1.6800249493216903	6655	21548	33
68	12826	0.5210509901762046	1.6979572742866054	6683	21778	33
69	12826	0.5236238889755185	1.717448931857165	6716	22028	33
70	12826	0.5254950881022922	1.7322625916107905	6740	22218	33
71	12826	0.5274442538593482	1.747388117885545	6765	22412	33
72	12826	0.5297052861375331	1.7636051769842507	6794	22620	33
73	12826	0.5325120848276937	1.7821612349914238	6830	22858	33
74	12826	0.5346171838453142	1.798846093871823	6857	23072	33
75	12826	0.5375799157960393	1.8174021518789958	6895	23310	33
76	12826	0.5401528145953531	1.8325276781537503	6928	23504	33
77	12826	0.5418680804615624	1.8471854046468112	6950	23692	33
78	12826	0.5437392795883362	1.8632465304849524	6974	23898	33
79	12826	0.5454545454545454	1.881334788710432	6996	24130	33
80	12826	0.5477935443630126	1.899578980196476	7026	24364	33
81	12826	0.5495088102292219	1.9118977077810697	7048	24522	33
82	12826	0.5521596756588181	1.9284266334009044	7082	24734	33
83	12826	0.5541868080461563	1.9429284266334008	7108	24920	33
84	12826	0.5570715733665991	1.9586776859504131	7145	25122	33
85	12826	0.559332605644784	1.9723998128800873	7174	25298	33
86	12826	0.5618275378138157	1.9909558708872603	7206	25536	33
87	12826	0.5634648370497427	2.0070169967254015	7227	25742	33
88	12826	0.5662716357399034	2.02401372212693	7263	25960	33
89	12826	0.5682987681272416	2.0456884453453923	7289	26238	33
90	12826	0.5699360673631686	2.0603461718384533	7310	26426	33
91	12826	0.57172929985966	2.0764072976765946	7333	26632	33
92	12826	0.5729767659441759	2.0907531576485265	7349	26816	33
93	12826	0.5748479650709496	2.1052549508810228	7373	27002	33
94	12826	0.5766411975674411	2.121627943240293	7396	27212	33
95	12826	0.5784344300639327	2.135661936691096	7419	27392	33
96	12826	0.580539529081553	2.1478247310151257	7446	27548	33
97	12826	0.5826446280991735	2.1666926555434274	7473	27790	33
98	12826	0.5843598939653828	2.181506315297053	7495	27980	33
99	12826	0.5859971932013098	2.1956962420084203	7516	28162	33
100	12826	0.5871666926555434	2.209886168719788	7531	28344	33
1	12826	0.023467955714954	0.023857788866365196	301	306	34
2	12826	0.06096990488071106	0.06486823639482302	782	832	34
3	12826	0.08716669265554343	0.09667862154997661	1118	1240	34
4	12826	0.10829564946203026	0.12755340714174335	1389	1636	34
5	12826	0.1274754405114611	0.1588959925152035	1635	2038	34
6	12826	0.1485264306876657	0.19616404179011382	1905	2516	34
7	12826	0.17137065336036175	0.23764228910026508	2198	3048	34
8	12826	0.18961484484640573	0.2730391392484017	2432	3502	34
9	12826	0.20676750350849837	0.3095275222204896	2652	3970	34
10	12826	0.22134726337127708	0.34258537346015905	2839	4394	34
11	12826	0.23304225791361297	0.37361609231249027	2989	4792	34
12	12826	0.24372368626227975	0.4033993450803056	3126	5174	34
13	12826	0.2556525806954623	0.43661312958053955	3279	5600	34
14	12826	0.26804927491033836	0.4685794479962576	3438	6010	34
15	12826	0.2781849368470295	0.4988305005457664	3568	6398	34
16	12826	0.28863246530484954	0.5261188211445501	3702	6748	34
17	12826	0.29588336192109777	0.5515359426165601	3795	7074	34
18	12826	0.3043037579915796	0.5772649306096991	3903	7404	34
19	12826	0.3112427880866989	0.6001871199126774	3992	7698	34
20	12826	0.32153438328395445	0.6302822392016217	4124	8084	34
21	12826	0.33003274598471855	0.6580383595820989	4233	8440	34
22	12826	0.3377514423826602	0.6843910806174958	4332	8778	34
23	12826	0.34437860595665054	0.7082488694838609	4417	9084	34
24	12826	0.3527210353968501	0.7369405894277249	4524	9452	34
25	12826	0.3595820988616872	0.7642289100265086	4612	9802	34
26	12826	0.3662872290659598	0.7927646967098082	4698	10168	34
27	12826	0.37096522688289413	0.8142834866677062	4758	10444	34
28	12826	0.3766567908934976	0.840948074224232	4831	10786	34
29	12826	0.38312802120692346	0.8679245283018868	4914	11132	34
30	12826	0.38796195228442226	0.8924060502105099	4976	11446	34
31	12826	0.3920941836893809	0.916575705598004	5029	11756	34
32	12826	0.39529081553095274	0.9377826290347732	5070	12028	34
33	12826	0.3998908467176049	0.9613285513800094	5129	12330	34
34	12826	0.40378917823171684	0.9848744737252456	5179	12632	34
35	12826	0.4091688757211913	1.0079525962887883	5248	12928	34
36	12826	0.41236550756276313	1.0297832527678155	5289	13208	34
37	12826	0.4167316388585685	1.051769842507407	5345	13490	34
38	12826	0.4214876033057851	1.0750038983315142	5406	13788	34
39	12826	0.42515203492905035	1.0991735537190082	5453	14098	34
40	12826	0.4302198658973959	1.125526274754405	5518	14436	34
41	12826	0.4343520973023546	1.1475128644939965	5571	14718	34
42	12826	0.43871822859816	1.1715265866209263	5627	15026	34
43	12826	0.44269452674255416	1.1905504444097925	5678	15270	34
44	12826	0.4463589583658194	1.2120692343676907	5725	15546	34
45	12826	0.449477623577109	1.231093092156557	5765	15790	34
46	12826	0.45244035552783407	1.252923748635584	5803	16070	34
47	12826	0.456338687041946	1.2761578044596913	5853	16368	34
48	12826	0.4601590519257758	1.297208794635896	5902	16638	34
49	12826	0.4646031498518634	1.32137845002339	5959	16948	34
50	12826	0.4686574146265398	1.3422735069390301	6011	17216	34
51	12826	0.47208794635895834	1.3675346951504757	6055	17540	34
52	12826	0.4747388117885545	1.3860907531576485	6089	17778	34
53	12826	0.47777951036956184	1.4076095431155466	6128	18054	34
54	12826	0.48136597536254483	1.4285046000311867	6174	18322	34
55	12826	0.4851863402463745	1.451426789334165	6223	18616	34
56	12826	0.4884609387182286	1.4715421799469828	6265	18874	34
57	12826	0.4916575705598004	1.4924372368626229	6306	19142	34
58	12826	0.4961796351161703	1.5164509589895525	6364	19450	34
59	12826	0.5000779666302823	1.533603617651645	6414	19670	34
60	12826	0.5032745984718541	1.552159675658818	6455	19908	34
61	12826	0.5061593637922969	1.5696242008420396	6492	20132	34
62	12826	0.5092780290035864	1.5900514579759863	6532	20394	34
63	12826	0.5132543271479807	1.611102448152191	6583	20664	34
64	12826	0.5156712926867301	1.6324653048495243	6614	20938	34
65	12826	0.517932324964915	1.6516450958989553	6643	21184	34
66	12826	0.5207391236550756	1.666926555434274	6679	21380	34
67	12826	0.5235459223452362	1.6881334788710431	6715	21652	34
68	12826	0.5260408545142679	1.707313269920474	6747	21898	34
69	12826	0.5280679869016062	1.7254015281459536	6773	22130	34
70	12826	0.5312646187431779	1.7416185872446592	6814	22338	34
71	12826	0.5332137845002339	1.7564322469982847	6839	22528	34
72	12826	0.5358646499298301	1.7735849056603774	6873	22748	34
73	12826	0.5381256822080149	1.791673163885857	6902	22980	34
74	12826	0.5403087478559176	1.8091376890690785	6930	23204	34
75	12826	0.5428816466552315	1.823951348822704	6963	23394	34
76	12826	0.5444409792608763	1.8378294090129426	6983	23572	34
77	12826	0.5467020115390613	1.856229533759551	7012	23808	34
78	12826	0.5484952440355528	1.873226259161079	7035	24026	34
79	12826	0.55083424294402	1.890534851083736	7065	24248	34
80	12826	0.5535630750038983	1.9083112427880866	7100	24476	34
81	12826	0.5552783408701076	1.9226571027600188	7122	24660	34
82	12826	0.5573054732574458	1.9391860283798534	7148	24872	34
83	12826	0.5598004054264775	1.9568064868236394	7180	25098	34
84	12826	0.5617495711835334	1.971308280056136	7205	25284	34
85	12826	0.5637767035708716	1.9878372056759708	7231	25496	34
86	12826	0.565180102915952	2.0042101980352407	7249	25706	34
87	12826	0.5667394355215968	2.021830656479027	7269	25932	34
88	12826	0.5697021674723218	2.0366443162326524	7307	26122	34
89	12826	0.5716513332293778	2.0530173085919228	7332	26332	34
90	12826	0.5734445657258693	2.0689225011694994	7355	26536	34
91	12826	0.5755496647434898	2.085451426789334	7382	26748	34
92	12826	0.577576797130828	2.1005769530640888	7408	26942	34
93	12826	0.579214096366755	2.116014345859972	7429	27140	34
94	12826	0.5813971620146577	2.1322314049586777	7457	27348	34
95	12826	0.5822547949477623	2.147045064712303	7468	27538	34
96	12826	0.5838920941836894	2.1624824575081867	7489	27736	34
97	12826	0.5868548261344144	2.1810385155153593	7527	27974	34
98	12826	0.5884921253703415	2.1950725089661627	7548	28154	34
99	12826	0.5902073912365507	2.210821768283175	7570	28356	34
100	12826	0.5915328239513489	2.2256354280368003	7587	28546	34
1	12826	0.02354592234523624	0.024169655387494153	302	310	35
2	12826	0.058786839232808356	0.06362077031030719	754	816	35
3	12826	0.08435989396538282	0.09511928894433183	1082	1220	35
4	12826	0.1068142834866677	0.12864493996569468	1370	1650	35
5	12826	0.12685170746920318	0.15811632621238111	1627	2028	35
6	12826	0.14868236394823015	0.19460470918446904	1907	2496	35
7	12826	0.17441135194136909	0.238266022142523	2237	3056	35
8	12826	0.19062841104007486	0.2707001403399345	2445	3472	35
9	12826	0.20700140339934509	0.3046935911429908	2655	3908	35
10	12826	0.2227506627163574	0.33806330890378916	2857	4336	35
11	12826	0.2367066895368782	0.3687821612349914	3036	4730	35
12	12826	0.24972711679401216	0.3996569468267582	3203	5126	35
13	12826	0.2613441447060658	0.43146733198191173	3352	5534	35
14	12826	0.2727272727272727	0.4659285825666615	3498	5976	35
15	12826	0.28489006705130204	0.4982067675035085	3654	6390	35
16	12826	0.2939341961640418	0.5276781537501949	3770	6768	35
17	12826	0.30196475908311243	0.5527834087010759	3873	7090	35
18	12826	0.31147668797754563	0.5808513956026821	3995	7450	35
19	12826	0.3174021518789958	0.6054888507718696	4071	7766	35
20	12826	0.3251208482769375	0.6334009044129113	4170	8124	35
21	12826	0.3326836114143147	0.6569468267581475	4267	8426	35
22	12826	0.34063620770310304	0.6840792140963667	4369	8774	35
23	12826	0.3472633712770934	0.7082488694838609	4454	9084	35
24	12826	0.3542803680024949	0.7364727896460315	4544	9446	35
25	12826	0.35888039918914705	0.758147512864494	4603	9724	35
26	12826	0.3655855293934196	0.7834087010759395	4689	10048	35
27	12826	0.3697177607983783	0.8064868236394823	4742	10344	35
28	12826	0.3755652580695462	0.8301886792452831	4817	10648	35
29	12826	0.3805551224076095	0.8535786683299548	4881	10948	35
30	12826	0.38671448619990645	0.8769686574146265	4960	11248	35
31	12826	0.39225011694994544	0.9008264462809917	5031	11554	35
32	12826	0.39848744737252456	0.9260876344924373	5111	11878	35
33	12826	0.4036332449711523	0.949789490098238	5177	12182	35
34	12826	0.4087010759394979	0.9736472789646031	5242	12488	35
35	12826	0.4141587400592546	0.9989084671760486	5312	12812	35
36	12826	0.41938250428816465	1.021830656479027	5379	13106	35
37	12826	0.42351473569312337	1.043349446436925	5432	13382	35
38	12826	0.4281927335100577	1.0662716357399034	5492	13676	35
39	12826	0.43131139872134727	1.0896616248245752	5532	13976	35
40	12826	0.43489786371433026	1.1091532823951349	5578	14226	35
41	12826	0.43848432870731324	1.1302042725713395	5624	14496	35
42	12826	0.44316232652424764	1.1559332605644783	5684	14826	35
43	12826	0.44721659129892405	1.176048651177296	5736	15084	35
44	12826	0.45197255574614065	1.1983471074380165	5797	15370	35
45	12826	0.4558708872602526	1.2187743645719633	5847	15632	35
46	12826	0.4600810852954935	1.2402931545298612	5901	15908	35
47	12826	0.46296585061593637	1.257445813191954	5938	16128	35
48	12826	0.46608451582722593	1.2791205364104163	5978	16406	35
49	12826	0.4701387806019024	1.3006393263683143	6030	16682	35
50	12826	0.4741150787462966	1.3205987837205675	6081	16938	35
51	12826	0.47723374395758617	1.3414938406362078	6121	17206	35
52	12826	0.48105410884141586	1.3616092312490253	6170	17464	35
53	12826	0.4840948074224232	1.3804771557773272	6209	17706	35
54	12826	0.4869016061125838	1.3999688133478871	6245	17956	35
55	12826	0.49056603773584906	1.422111336348043	6292	18240	35
56	12826	0.4942304693591143	1.4430063932636832	6339	18508	35
57	12826	0.4966474348978637	1.464525183221581	6370	18784	35
58	12826	0.49992203336971774	1.4854202401372212	6412	19052	35
59	12826	0.503898331514112	1.5041322314049588	6463	19292	35
60	12826	0.5073288632465305	1.526430687665679	6507	19578	35
61	12826	0.5098237954155621	1.5440511461094653	6539	19804	35
62	12826	0.5125526274754405	1.5605800717293	6574	20016	35
63	12826	0.5156712926867301	1.5789801964759083	6614	20252	35
64	12826	0.5187899578980196	1.5976921877436456	6654	20492	35
65	12826	0.5208170902853578	1.6174957118353346	6680	20746	35
66	12826	0.5243255886480587	1.6335568376734757	6725	20952	35
67	12826	0.5272883205987837	1.6510213628566974	6763	21176	35
68	12826	0.5304849524403555	1.6698892873849993	6804	21418	35
69	12826	0.5332137845002339	1.6917199438640262	6839	21698	35
70	12826	0.535552783408701	1.708248869483861	6869	21910	35
71	12826	0.5385934819897084	1.7241540620614377	6908	22114	35
72	12826	0.5411663807890223	1.739279588336192	6941	22308	35
73	12826	0.5438172462186184	1.7567441135194137	6975	22532	35
74	12826	0.5459223452362388	1.773740838920942	7002	22750	35
75	12826	0.5484172774052706	1.7912053641041634	7034	22974	35
76	12826	0.5498206767503508	1.8053952908155309	7052	23156	35
77	12826	0.5515359426165601	1.8217682831748012	7074	23366	35
78	12826	0.5544207079370029	1.840324341181974	7111	23604	35
79	12826	0.5565258069546234	1.8559176672384219	7138	23804	35
80	12826	0.5586309059722439	1.8736940589427724	7165	24032	35
81	12826	0.5608919382504288	1.8866365195696242	7194	24198	35
82	12826	0.562919070637767	1.9030095119288943	7220	24408	35
83	12826	0.5649462030251052	1.9187587712459067	7246	24610	35
84	12826	0.56650553563075	1.9341961640417902	7266	24808	35
85	12826	0.568766567908935	1.9510369561827539	7295	25024	35
86	12826	0.5712615000779666	1.9660065491969436	7327	25216	35
87	12826	0.5732106658350226	1.9825354748167785	7352	25428	35
88	12826	0.5750038983315141	1.9956338687041946	7375	25596	35
89	12826	0.5772649306096991	2.0127865273662873	7404	25816	35
90	12826	0.5789022298456261	2.0277561203804773	7425	26008	35
91	12826	0.5809293622329643	2.0427257133946672	7451	26200	35
92	12826	0.5824886948386091	2.05675970684547	7471	26380	35
93	12826	0.5839700608139716	2.07172929985966	7490	26572	35
94	12826	0.5858412599407453	2.0871666926555434	7514	26770	35
95	12826	0.5870107593949789	2.1024481521908625	7529	26966	35
96	12826	0.5889599251520349	2.116014345859972	7554	27140	35
97	12826	0.5910650241696553	2.1308280056135973	7581	27330	35
98	12826	0.5930921565569937	2.1462653984094806	7607	27528	35
99	12826	0.5948074224232028	2.1637299235927023	7629	27752	35
100	12826	0.5970684547013878	2.178231716825199	7658	27938	35
1	12826	0.024793388429752067	0.0252611882114455	318	324	36
2	12826	0.05972243879619523	0.06362077031030719	766	816	36
3	12826	0.08342429440199595	0.09246842351473569	1070	1186	36
4	12826	0.10346171838453141	0.12178387650085763	1327	1562	36
5	12826	0.12373304225791361	0.15219086231093093	1587	1952	36
6	12826	0.1447840324341182	0.18743177919850304	1857	2404	36
7	12826	0.1666926555434274	0.22844222672696085	2138	2930	36
8	12826	0.1840012474660845	0.2635272103539685	2360	3380	36
9	12826	0.2014657726493061	0.2967409948542024	2584	3806	36
10	12826	0.21565569936067364	0.3293310463121784	2766	4224	36
11	12826	0.22618119444877594	0.35708716669265556	2901	4580	36
12	12826	0.23803212225167628	0.3860907531576485	3053	4952	36
13	12826	0.24894745049118977	0.4160299391860284	3193	5336	36
14	12826	0.2623577108997349	0.4504911897707781	3365	5778	36
15	12826	0.27311710587868393	0.480430375799158	3503	6162	36
16	12826	0.28333073444565726	0.5066271635739903	3634	6498	36
17	12826	0.2912833307344457	0.5290815530952753	3736	6786	36
18	12826	0.2997816934352097	0.5544986745672852	3845	7112	36
19	12826	0.3065647902697645	0.5786683299547793	3932	7422	36
20	12826	0.31475128644939965	0.6093871822859817	4037	7816	36
21	12826	0.3229377826290348	0.6335568376734757	4142	8126	36
22	12826	0.3317480118509278	0.6633400904412912	4255	8508	36
23	12826	0.33806330890378916	0.6868860127865274	4336	8810	36
24	12826	0.34539217215031964	0.711211601434586	4430	9122	36
25	12826	0.3531888351785436	0.7375643224699828	4530	9460	36
26	12826	0.3595820988616872	0.7612661780757836	4612	9764	36
27	12826	0.36620926243567753	0.7866832995477936	4697	10090	36
28	12826	0.3712770934040231	0.812880087322626	4762	10426	36
29	12826	0.3780601902385779	0.8390768750974583	4849	10762	36
30	12826	0.3820364883829721	0.8598159987525339	4900	11028	36
31	12826	0.3873382192421643	0.8847653204428505	4968	11348	36
32	12826	0.39123655075627634	0.9070637767035709	5018	11634	36
33	12826	0.3971620146577265	0.9296740994854202	5094	11924	36
34	12826	0.40184001247466083	0.9505691564010603	5154	12192	36
35	12826	0.40682987681272414	0.9762981443941993	5218	12522	36
36	12826	0.41104007484796506	0.997037268049275	5272	12788	36
37	12826	0.4156401060346172	1.0174645251832215	5331	13050	36
38	12826	0.4206299703726805	1.0406985810073288	5395	13348	36
39	12826	0.42491813503820364	1.06128177140184	5450	13612	36
40	12826	0.42967409948542024	1.0852954935287698	5511	13920	36
41	12826	0.43466396382348355	1.1061905504444098	5575	14188	36
42	12826	0.43965382816154686	1.1294246062685172	5639	14486	36
43	12826	0.4447216591298924	1.1532823951348823	5704	14792	36
44	12826	0.4485420240137221	1.1751130516139092	5753	15072	36
45	12826	0.4512708560736005	1.1938250428816466	5788	15312	36
46	12826	0.45618275378138157	1.2154997661001092	5851	15590	36
47	12826	0.45930141899267113	1.234991423670669	5891	15840	36
48	12826	0.4633556837673476	1.2583814127553408	5943	16140	36
49	12826	0.4678777483237174	1.2836426009667863	6001	16464	36
50	12826	0.4711523467955715	1.3043817246218619	6043	16730	36
51	12826	0.47403711211601435	1.3265242476220178	6080	17014	36
52	12826	0.4783252767815375	1.3486667706221738	6135	17298	36
53	12826	0.4819117417745205	1.3695618275378139	6181	17566	36
54	12826	0.4854202401372213	1.3879619522844222	6226	17802	36
55	12826	0.48853890534851085	1.4094807422423203	6266	18078	36
56	12826	0.4919694370809294	1.4309995322002182	6310	18354	36
57	12826	0.494464369249961	1.448152190862311	6342	18574	36
58	12826	0.49828473413379076	1.4685794479962575	6391	18836	36
59	12826	0.5011694994542336	1.4890067051302043	6428	19098	36
60	12826	0.5050678309683455	1.5086542959613285	6478	19350	36
61	12826	0.5076407297676594	1.5268984874473726	6511	19584	36
62	12826	0.5096678621549977	1.5420240137221268	6537	19778	36
63	12826	0.5144238266022143	1.5621394043349446	6598	20036	36
64	12826	0.5169967254015282	1.5800717292998596	6631	20266	36
65	12826	0.5195696242008421	1.5989396538281615	6664	20508	36
66	12826	0.5214408233276158	1.617027912053641	6688	20740	36
67	12826	0.525105254950881	1.6374551691875878	6735	21002	36
68	12826	0.5268984874473726	1.6528925619834711	6758	21200	36
69	12826	0.5297832527678153	1.6691096210821768	6795	21408	36
70	12826	0.5315764852643069	1.6856385467020116	6818	21620	36
71	12826	0.5339934508030563	1.7012318727584594	6849	21820	36
72	12826	0.5357866832995478	1.7179167316388586	6872	22034	36
73	12826	0.5382816154685794	1.7342897239981288	6904	22244	36
74	12826	0.5406206143770467	1.750974582878528	6934	22458	36
75	12826	0.5432714798066428	1.7682831748011851	6968	22680	36
76	12826	0.5474037112116015	1.7845002338998908	7021	22888	36
77	12826	0.5495088102292219	1.8004054264774676	7048	23092	36
78	12826	0.5512240760954311	1.8172462186184313	7070	23308	36
79	12826	0.5544986745672852	1.8378294090129426	7112	23572	36
80	12826	0.5571495399968813	1.8548261344144705	7146	23790	36
81	12826	0.5591766723842195	1.8679245283018868	7172	23958	36
82	12826	0.5622953375955091	1.8850771869639795	7212	24178	36
83	12826	0.5650241696553875	1.9017620458443787	7247	24392	36
84	12826	0.5673631685638547	1.9179791049430843	7277	24600	36
85	12826	0.5694682675814752	1.935131763605177	7304	24820	36
86	12826	0.5716513332293778	1.9522844222672695	7332	25040	36
87	12826	0.5730547325744582	1.970684547013878	7350	25276	36
88	12826	0.5747699984406673	1.9837829409012941	7372	25444	36
89	12826	0.5773428972399813	2.0012474660845156	7405	25668	36
90	12826	0.5789801964759083	2.0160611258381413	7426	25858	36
91	12826	0.5804615624512709	2.032901917979105	7445	26074	36
92	12826	0.5820988616871979	2.0470918446904727	7466	26256	36
93	12826	0.583424294401996	2.0617495711835336	7483	26444	36
94	12826	0.584437860595665	2.074224232028692	7496	26604	36
95	12826	0.5856073600498987	2.088726025261188	7511	26790	36
96	12826	0.5868548261344144	2.1029159519725558	7527	26972	36
97	12826	0.5879463589583658	2.118353344768439	7541	27170	36
98	12826	0.5903633244971153	2.1319195384375487	7572	27344	36
99	12826	0.5920785903633244	2.1457975986277873	7594	27522	36
100	12826	0.5929362232964291	2.159519725557461	7605	27698	36
1	12826	0.02245438952128489	0.022922189302978326	288	294	37
2	12826	0.05730547325744581	0.06128177140184001	735	786	37
3	12826	0.08038359582098861	0.08997349134570404	1031	1154	37
4	12826	0.10244815219086231	0.12209574302198659	1314	1566	37
5	12826	0.124512708560736	0.15577732730391392	1597	1998	37
6	12826	0.14564166536722284	0.19210977701543738	1868	2464	37
7	12826	0.16926555434274132	0.23499142367066894	2171	3014	37
8	12826	0.18743177919850304	0.2699204740371121	2404	3462	37
9	12826	0.19943864026196786	0.2983003274598472	2558	3826	37
10	12826	0.21027600187119913	0.3279276469670981	2697	4206	37
11	12826	0.22438796195228441	0.36067363168563854	2878	4626	37
12	12826	0.23600498986433807	0.39154841727740525	3027	5022	37
13	12826	0.24614065180102915	0.4214876033057851	3157	5406	37
14	12826	0.2569000467799782	0.4543895212848901	3295	5828	37
15	12826	0.26836114143146733	0.48775923904568846	3442	6256	37
16	12826	0.27678153750194917	0.516295025728988	3550	6622	37
17	12826	0.28793076563230935	0.5462342117573679	3693	7006	37
18	12826	0.2970528613753314	0.5752377982223609	3810	7378	37
19	12826	0.30414782473101515	0.5984718540464681	3901	7676	37
20	12826	0.3135817869951661	0.6302822392016217	4022	8084	37
21	12826	0.32067675035084986	0.6580383595820989	4113	8440	37
22	12826	0.32777171370653363	0.6850148136597536	4204	8786	37
23	12826	0.3339310774988305	0.7094963355683768	4283	9100	37
24	12826	0.3421175736784656	0.7378761889911118	4388	9464	37
25	12826	0.3474972711679401	0.7593949789490099	4457	9740	37
26	12826	0.3530329019179791	0.7846561671604553	4528	10064	37
27	12826	0.35693123343209104	0.8066427569000468	4578	10346	37
28	12826	0.3637922968969281	0.8339310774988306	4666	10696	37
29	12826	0.3689380944955559	0.8584125994074536	4732	11010	37
30	12826	0.3753313581786995	0.8824263215343833	4814	11318	37
31	12826	0.3804771557773273	0.9073756432246999	4880	11638	37
32	12826	0.38546702011539064	0.9301418992671137	4944	11930	37
33	12826	0.39147045064712305	0.9546234211757367	5021	12244	37
34	12826	0.3967721815063153	0.978481210042102	5089	12550	37
35	12826	0.40145017932324967	1.0004677997816935	5149	12832	37
36	12826	0.40706377670357086	1.0235459223452363	5221	13128	37
37	12826	0.4115078746296585	1.0447528457820052	5278	13400	37
38	12826	0.4167316388585685	1.071105566817402	5345	13738	37
39	12826	0.42117573678465614	1.094183689380945	5402	14034	37
40	12826	0.4262435677530017	1.1178855449867457	5467	14338	37
41	12826	0.431233432091065	1.1400280679869017	5531	14622	37
42	12826	0.43567753001715265	1.1624824575081865	5588	14910	37
43	12826	0.4399656946826758	1.183221581163262	5643	15176	37
44	12826	0.44440979260876345	1.2042725713394666	5700	15446	37
45	12826	0.447840324341182	1.224855761733978	5744	15710	37
46	12826	0.4518945891158584	1.2480898175580852	5796	16008	37
47	12826	0.4571183533447684	1.2727272727272727	5863	16324	37
48	12826	0.4610166848588804	1.2933104631217838	5913	16588	37
49	12826	0.46600654919694373	1.3187275845937938	5977	16914	37
50	12826	0.47006081397162014	1.340246374551692	6029	17190	37
51	12826	0.47450491189770777	1.365039762981444	6086	17508	37
52	12826	0.47777951036956184	1.3842195540308748	6128	17754	37
53	12826	0.4806642756900047	1.4066739435521596	6165	18042	37
54	12826	0.4838609075315765	1.4238266022142523	6206	18262	37
55	12826	0.4865117729611726	1.4422267269608608	6240	18498	37
56	12826	0.4888507718696398	1.4634336503976297	6270	18770	37
57	12826	0.4912677374083892	1.4823015749259316	6301	19012	37
58	12826	0.49430843598939656	1.5027288320598784	6340	19274	37
59	12826	0.4968033681584282	1.519569624200842	6372	19490	37
60	12826	0.5001559332605645	1.5385934819897085	6415	19734	37
61	12826	0.5027288320598784	1.555746140651801	6448	19954	37
62	12826	0.5051457975986278	1.5744581319195385	6479	20194	37
63	12826	0.5070949633556837	1.591610790581631	6504	20414	37
64	12826	0.5102915951972555	1.609854982067675	6545	20648	37
65	12826	0.512396694214876	1.6277873070325901	6572	20878	37
66	12826	0.5152034929050366	1.6458755652580694	6608	21110	37
67	12826	0.5176984250740683	1.6650553563075003	6640	21356	37
68	12826	0.5210509901762046	1.681896148448464	6683	21572	37
69	12826	0.5229221893029783	1.6992047403711212	6707	21794	37
70	12826	0.5246374551691876	1.7129268673007954	6729	21970	37
71	12826	0.5272103539685015	1.7285201933572432	6762	22170	37
72	12826	0.5290815530952753	1.7430219865897396	6786	22356	37
73	12826	0.5315764852643069	1.7622017776391705	6818	22602	37
74	12826	0.5332917511305162	1.7779510369561828	6840	22804	37
75	12826	0.5356307500389833	1.7935443630126306	6870	23004	37
76	12826	0.5376578824263215	1.8091376890690785	6896	23204	37
77	12826	0.5399189147045065	1.8255106814283486	6925	23414	37
78	12826	0.543037579915796	1.8434430063932636	6965	23644	37
79	12826	0.544986745672852	1.8613753313581787	6990	23874	37
80	12826	0.5462342117573679	1.8761889911118041	7006	24064	37
81	12826	0.5479494776235772	1.8895992515203492	7028	24236	37
82	12826	0.5500545766411976	1.9059722438796196	7055	24446	37
83	12826	0.5521596756588181	1.9212537034149384	7082	24642	37
84	12826	0.5548885077186964	1.9385622953375956	7117	24864	37
85	12826	0.5581631061905504	1.9547793544363012	7159	25072	37
86	12826	0.5601122719476064	1.9714642133167004	7184	25286	37
87	12826	0.5625292374863559	1.987993138936535	7215	25498	37
88	12826	0.5642445033525652	2.000311866521129	7237	25656	37
89	12826	0.567129268673008	2.0174645251832217	7274	25876	37
90	12826	0.5690004677997816	2.031966318415718	7298	26062	37
91	12826	0.5708716669265554	2.0477155777327303	7322	26264	37
92	12826	0.5731326992047404	2.0662716357399034	7351	26502	37
93	12826	0.5751598315920786	2.0810852954935286	7377	26692	37
94	12826	0.5774208638702635	2.0952752222048963	7406	26874	37
95	12826	0.5796039295181662	2.109465148916264	7434	27056	37
96	12826	0.5820988616871979	2.124746608451583	7466	27252	37
97	12826	0.5839700608139716	2.139248401684079	7490	27438	37
98	12826	0.5856073600498987	2.1525027288320597	7511	27608	37
99	12826	0.588024325588648	2.1677841883673787	7542	27804	37
100	12826	0.5905192577576797	2.1833775144238268	7574	28004	37
1	12826	0.023234055824107282	0.023701855605800716	298	304	38
2	12826	0.05909870575393732	0.06268517074692032	758	804	38
3	12826	0.08170902853578668	0.09059722438796196	1048	1162	38
4	12826	0.10346171838453141	0.1234991423670669	1327	1584	38
5	12826	0.12279744269452675	0.1537501949165757	1575	1972	38
6	12826	0.1457975986277873	0.19304537657882426	1870	2476	38
7	12826	0.16755028847653206	0.2338998908467176	2149	3000	38
8	12826	0.18407921409636677	0.2685170746920318	2361	3444	38
9	12826	0.19897084048027444	0.299859660065492	2552	3846	38
10	12826	0.21386246686418214	0.332137845002339	2743	4260	38
11	12826	0.22586932792764697	0.36270076407297674	2897	4652	38
12	12826	0.2374863558397006	0.39123655075627634	3046	5018	38
13	12826	0.25027288320598784	0.422423202869172	3210	5418	38
14	12826	0.26103227818493685	0.4525183221581163	3348	5804	38
15	12826	0.27132387338219244	0.480430375799158	3480	6162	38
16	12826	0.27990020271323873	0.5081864961796351	3590	6518	38
17	12826	0.28910026508654296	0.5346951504755965	3708	6858	38
18	12826	0.29822236082956494	0.5622953375955091	3825	7212	38
19	12826	0.3064868236394823	0.5853734601590519	3931	7508	38
20	12826	0.31514111960081087	0.6143770466240449	4042	7880	38
21	12826	0.32301574925931703	0.6390145017932325	4143	8196	38
22	12826	0.33026664587556526	0.6661468891314517	4236	8544	38
23	12826	0.33759550912209574	0.6903165445189459	4330	8854	38
24	12826	0.34562607204116635	0.7188523312022455	4433	9220	38
25	12826	0.3529549352876969	0.7444253859348199	4527	9548	38
26	12826	0.35771089973491343	0.7657882426321534	4588	9822	38
27	12826	0.36464992983003275	0.7916731638858568	4677	10154	38
28	12826	0.3710431935131764	0.8189614844846406	4759	10504	38
29	12826	0.37735849056603776	0.8428192733510058	4840	10810	38
30	12826	0.38172462186184314	0.8637143302666459	4896	11078	38
31	12826	0.3875721191330111	0.8900670513020428	4971	11416	38
32	12826	0.39193825042881647	0.9118977077810697	5027	11696	38
33	12826	0.3984094807422423	0.9355995633868704	5110	12000	38
34	12826	0.40386714486199904	0.9603929518166224	5180	12318	38
35	12826	0.40784344300639325	0.9839388741618588	5231	12620	38
36	12826	0.4142367066895369	1.007484796507095	5313	12922	38
37	12826	0.4192265710276002	1.0302510525495088	5377	13214	38
38	12826	0.4226571027600187	1.055044440979261	5421	13532	38
39	12826	0.4249961016684859	1.0757835646343366	5451	13798	38
40	12826	0.43006393263683146	1.1013566193669109	5516	14126	38
41	12826	0.4332605644784032	1.1205364104163418	5557	14372	38
42	12826	0.43786059566505536	1.144394199282707	5616	14678	38
43	12826	0.4415250272883206	1.165912989240605	5663	14954	38
44	12826	0.4450335256510214	1.1891470450647124	5708	15252	38
45	12826	0.4488538905348511	1.2091065024169656	5757	15508	38
46	12826	0.4515047559644472	1.230781225635428	5791	15786	38
47	12826	0.45501325432714795	1.2538593481989708	5836	16082	38
48	12826	0.4572742866053329	1.273506939030095	5865	16334	38
49	12826	0.46093871822859817	1.2936223296429128	5912	16592	38
50	12826	0.4646031498518634	1.3131139872134727	5959	16842	38
51	12826	0.4677997816934352	1.3346327771713706	6000	17118	38
52	12826	0.47099641353500704	1.3531888351785435	6041	17356	38
53	12826	0.47450491189770777	1.376111024481522	6086	17650	38
54	12826	0.4769218774364572	1.3954467487915172	6117	17898	38
55	12826	0.48082020895056915	1.415874005925464	6167	18160	38
56	12826	0.4848744737252456	1.4383283954467487	6219	18448	38
57	12826	0.4870575393731483	1.4565725869327928	6247	18682	38
58	12826	0.4899423046935911	1.4788710431935133	6284	18968	38
59	12826	0.4938406362077031	1.4985186340246375	6334	19220	38
60	12826	0.49766100109153283	1.5197255574614066	6383	19492	38
61	12826	0.5003898331514112	1.5364104163418058	6418	19706	38
62	12826	0.5033525651021363	1.5541868080461563	6456	19934	38
63	12826	0.5053796974894745	1.5690004677997818	6482	20124	38
64	12826	0.5074068298768127	1.5855293934196164	6508	20336	38
65	12826	0.5102136285669734	1.6045532512084828	6544	20580	38
66	12826	0.5132543271479807	1.6224855761733978	6583	20810	38
67	12826	0.5156712926867301	1.6432246998284734	6614	21076	38
68	12826	0.5191018244191486	1.6625604241384688	6658	21324	38
69	12826	0.5216747232184625	1.6817402151878995	6691	21570	38
70	12826	0.5253391548417278	1.6990488071105567	6738	21792	38
71	12826	0.5280679869016062	1.7130828005613596	6773	21972	38
72	12826	0.530952752222049	1.732418524871355	6810	22220	38
73	12826	0.5335256510213628	1.7491033837517542	6843	22434	38
74	12826	0.5368782161234992	1.766256042413847	6886	22654	38
75	12826	0.5401528145953531	1.7862154997661002	6928	22910	38
76	12826	0.5420240137221269	1.8016528925619835	6952	23108	38
77	12826	0.5444409792608763	1.8180258849212536	6983	23318	38
78	12826	0.5470138780601902	1.833151411196008	7016	23512	38
79	12826	0.5492749103383752	1.8526430687665678	7045	23762	38
80	12826	0.5520037423982536	1.871199126773741	7080	24000	38
81	12826	0.5551224076095431	1.8867924528301887	7120	24200	38
82	12826	0.5570715733665991	1.9033213784500234	7145	24412	38
83	12826	0.5603461718384531	1.9226571027600188	7187	24660	38
84	12826	0.5623733042257913	1.937782629034773	7213	24854	38
85	12826	0.5643224699828473	1.9561827537813816	7238	25090	38
86	12826	0.5660377358490566	1.9714642133167004	7260	25286	38
87	12826	0.5677530017152659	1.9904880711055668	7282	25530	38
88	12826	0.5694682675814752	2.0076407297676595	7304	25750	38
89	12826	0.572353032901918	2.0252611882114455	7341	25976	38
90	12826	0.5739123655075627	2.0400748479650708	7361	26166	38
91	12826	0.5755496647434898	2.057383439887728	7382	26388	38
92	12826	0.5774208638702635	2.07172929985966	7406	26572	38
93	12826	0.5789801964759083	2.0874785591766725	7426	26774	38
94	12826	0.5804615624512709	2.101356619366911	7445	26952	38
95	12826	0.5818649617963512	2.119288944331826	7463	27182	38
96	12826	0.5837361609231249	2.1341026040854514	7487	27372	38
97	12826	0.5851395602682052	2.148292530796819	7505	27554	38
98	12826	0.5874005925463901	2.162638390768751	7534	27738	38
99	12826	0.5890378917823171	2.1788554498674566	7555	27946	38
100	12826	0.5909870575393732	2.1944487759239046	7580	28146	38
1	12826	0.025573054732574457	0.02619678777483237	328	336	39
2	12826	0.06151567129268673	0.06658350226103228	789	854	39
3	12826	0.08615312646187431	0.09761422111336349	1105	1252	39
4	12826	0.10845158272259472	0.13020427257133946	1391	1670	39
5	12826	0.13090597224387962	0.162326524247622	1679	2082	39
6	12826	0.15336036176516452	0.2000623733042258	1967	2566	39
7	12826	0.17511305161390925	0.23998128800873225	2246	3078	39
8	12826	0.19101824419148605	0.2716357399033214	2450	3484	39
9	12826	0.20489630438172463	0.303134258537346	2628	3888	39
10	12826	0.21729299859660064	0.33354124434741933	2787	4278	39
11	12826	0.22735069390300952	0.3633244971152347	2916	4660	39
12	12826	0.23881178855449867	0.39373148292530796	3063	5050	39
13	12826	0.25074068298768126	0.4272571339466708	3216	5480	39
14	12826	0.26360517698425073	0.46000311866521126	3381	5900	39
15	12826	0.2718696397941681	0.4879151723062529	3487	6258	39
16	12826	0.28161546857944797	0.5184780913768907	3612	6650	39
17	12826	0.29089349758303445	0.5465460782784968	3731	7010	39
18	12826	0.3007952596288788	0.5753937314829253	3858	7380	39
19	12826	0.30843598939653827	0.6004989864338063	3956	7702	39
20	12826	0.3176360517698425	0.6321534383283954	4074	8108	39
21	12826	0.32675814751286447	0.657414626539841	4191	8432	39
22	12826	0.33385311086854824	0.6826758147512865	4282	8756	39
23	12826	0.34133790737564323	0.7048183377514424	4378	9040	39
24	12826	0.3474972711679401	0.7307032590051458	4457	9372	39
25	12826	0.3537346015905193	0.754561047871511	4537	9678	39
26	12826	0.35989396538281615	0.7795103695618275	4616	9998	39
27	12826	0.3637922968969281	0.8021206923436769	4666	10288	39
28	12826	0.3697177607983783	0.829876812724154	4742	10644	39
29	12826	0.37462965850615937	0.8554498674567286	4805	10972	39
30	12826	0.37876188991111803	0.8761889911118041	4858	11238	39
31	12826	0.38523312022454387	0.9028535786683299	4941	11580	39
32	12826	0.39030095119288943	0.9259317012318727	5006	11876	39
33	12826	0.39466708248869486	0.9505691564010603	5062	12192	39
34	12826	0.4003586464992983	0.9753625448308124	5135	12510	39
35	12826	0.40464681116482143	0.9993762669577421	5190	12818	39
36	12826	0.40924684235147357	1.0210509901762046	5249	13096	39
37	12826	0.4148604397317948	1.043037579915796	5321	13378	39
38	12826	0.42086387026352723	1.065491969437081	5398	13666	39
39	12826	0.42538593481989706	1.090597224387962	5456	13988	39
40	12826	0.429596132855138	1.1147668797754562	5510	14298	39
41	12826	0.4332605644784032	1.1344144706065804	5557	14550	39
42	12826	0.43747076251364414	1.1565569936067364	5611	14834	39
43	12826	0.4410572275066272	1.177607983782941	5657	15104	39
44	12826	0.4445657258693279	1.1995945735225324	5702	15386	39
45	12826	0.4502572898799314	1.2256354280368003	5775	15720	39
46	12826	0.4532979884609387	1.2491813503820366	5814	16022	39
47	12826	0.4575861531264619	1.270232340558241	5869	16292	39
48	12826	0.4621082176828317	1.2939341961640418	5927	16596	39
49	12826	0.4659285825666615	1.3162326524247623	5976	16882	39
50	12826	0.46873538125682207	1.3380633089037892	6012	17162	39
51	12826	0.47302354592234525	1.3589583658194293	6067	17430	39
52	12826	0.4769218774364572	1.380009355995634	6117	17700	39
53	12826	0.4808981755808514	1.4019959457352253	6168	17982	39
54	12826	0.4847185404646811	1.4236706689536878	6217	18260	39
55	12826	0.4882270388273819	1.4450335256510214	6262	18534	39
56	12826	0.49173553719008267	1.4676438484328707	6307	18824	39
57	12826	0.4946982691408077	1.4883829720879465	6345	19090	39
58	12826	0.49828473413379076	1.5119288944331826	6391	19392	39
59	12826	0.5018711991267737	1.531264618743178	6437	19640	39
60	12826	0.5046779978169343	1.5498206767503508	6473	19878	39
61	12826	0.5077186963979416	1.566193669109621	6512	20088	39
62	12826	0.5113051613909246	1.588648058630906	6558	20376	39
63	12826	0.5134102604085451	1.6048651177296118	6585	20584	39
64	12826	0.5166068922501169	1.6227974426945266	6626	20814	39
65	12826	0.5187119912677374	1.6435365663496024	6653	21080	39
66	12826	0.5208170902853578	1.659753625448308	6680	21288	39
67	12826	0.5232340558241073	1.6775300171526586	6711	21516	39
68	12826	0.5261188211445501	1.6957742086387027	6748	21750	39
69	12826	0.529003586464993	1.715733665990956	6785	22006	39
70	12826	0.5322002183065648	1.7344456572586933	6826	22246	39
71	12826	0.5347731171058787	1.7511305161390924	6859	22460	39
72	12826	0.5371121160143458	1.7673475752377983	6889	22668	39
73	12826	0.5385155153594262	1.7813815686886012	6907	22848	39
74	12826	0.5405426477467644	1.7966630282239202	6933	23044	39
75	12826	0.5431935131763606	1.8139716201465772	6967	23266	39
76	12826	0.5449087790425697	1.830500545766412	6989	23478	39
77	12826	0.5474037112116015	1.8456260720411664	7021	23672	39
78	12826	0.5507562763137377	1.8638702635272104	7064	23906	39
79	12826	0.5523156089193825	1.8799313893653515	7084	24112	39
80	12826	0.5542647746764385	1.8975518478091378	7109	24338	39
81	12826	0.5565258069546234	1.9134570403867144	7138	24542	39
82	12826	0.5587868392328084	1.930609699048807	7167	24762	39
83	12826	0.5607360049898643	1.9466708248869484	7192	24968	39
84	12826	0.5626851707469204	1.9607048183377513	7217	25148	39
85	12826	0.5650241696553875	1.977545610478715	7247	25364	39
86	12826	0.5661157024793388	1.9915796039295182	7261	25544	39
87	12826	0.5674411351941369	2.008576329331046	7278	25762	39
88	12826	0.5693123343209107	2.023701855605801	7302	25956	39
89	12826	0.5716513332293778	2.0405426477467645	7332	26172	39
90	12826	0.5732106658350226	2.05535630750039	7352	26362	39
91	12826	0.5745360985498207	2.0693903009511927	7369	26542	39
92	12826	0.5771089973491346	2.087010759394979	7402	26768	39
93	12826	0.5793700296273195	2.1024481521908625	7431	26966	39
94	12826	0.5802276625604241	2.1174177452050524	7442	27158	39
95	12826	0.5829564946203025	2.1373772025573055	7477	27414	39
96	12826	0.5845937938562296	2.151255262747544	7498	27592	39
97	12826	0.5862310930921566	2.1671604553251207	7519	27796	39
98	12826	0.5877124590675191	2.181194448775924	7538	27976	39
99	12826	0.5893497583034462	2.197879307656323	7559	28190	39
100	12826	0.5918446904724778	2.212537034149384	7591	28378	39
1	12826	0.025573054732574457	0.02619678777483237	328	336	40
2	12826	0.06151567129268673	0.0664275690004678	789	852	40
3	12826	0.08708872602526119	0.09792608763449244	1117	1256	40
4	12826	0.10923124902541712	0.1322314049586777	1401	1696	40
5	12826	0.12661780757835647	0.1617027912053641	1624	2074	40
6	12826	0.14930609699048808	0.2000623733042258	1915	2566	40
7	12826	0.1740215187899579	0.2424762201777639	2232	3110	40
8	12826	0.1905504444097926	0.27787307032590053	2444	3564	40
9	12826	0.20692343676906283	0.31451738655855294	2654	4034	40
10	12826	0.21885233120224543	0.3457040386714486	2807	4434	40
11	12826	0.23156089193825044	0.3748635583970061	2970	4808	40
12	12826	0.24302198658973959	0.4049586776859504	3117	5194	40
13	12826	0.2561203804771558	0.4400436613129581	3285	5644	40
14	12826	0.2653984094807422	0.46951504755964446	3404	6022	40
15	12826	0.27530017152658665	0.49789490098237954	3531	6386	40
16	12826	0.28605956650553566	0.5284578200530173	3669	6778	40
17	12826	0.2950257289879931	0.5540308747855918	3784	7106	40
18	12826	0.3027444253859348	0.5822547949477623	3883	7468	40
19	12826	0.30874785591766724	0.6037735849056604	3960	7744	40
20	12826	0.3168563854670201	0.6332449711523468	4064	8122	40
21	12826	0.32527678153750195	0.6610010915328239	4172	8478	40
22	12826	0.33221581163262126	0.6868860127865274	4261	8810	40
23	12826	0.33876500857632935	0.7098082020895057	4345	9104	40
24	12826	0.3468735381256822	0.7381880555122408	4449	9468	40
25	12826	0.35256510213628567	0.7636051769842508	4522	9794	40
26	12826	0.3600498986433806	0.7880866988928739	4618	10108	40
27	12826	0.36589739591454856	0.8136597536254483	4693	10436	40
28	12826	0.3718228598159988	0.8381412755340715	4769	10750	40
29	12826	0.3776703570871667	0.8635583970060814	4844	11076	40
30	12826	0.3825822547949478	0.8860127865273663	4907	11364	40
31	12826	0.3881178855449867	0.9114299079993763	4978	11690	40
32	12826	0.3938874161858725	0.9343520973023546	5052	11984	40
33	12826	0.398955247154218	0.9582098861687198	5117	12290	40
34	12826	0.40456884453453923	0.981443941992827	5189	12588	40
35	12826	0.40877904256978015	1.0034305317324186	5243	12870	40
36	12826	0.4136909402775612	1.0238577888663651	5306	13132	40
37	12826	0.42031810385155155	1.047559644472166	5391	13436	40
38	12826	0.426009667862155	1.0743801652892562	5464	13780	40
39	12826	0.431233432091065	1.1005769530640885	5531	14116	40
40	12826	0.43567753001715265	1.1216279432402931	5588	14386	40
41	12826	0.4387961952284422	1.1415874005925464	5628	14642	40
42	12826	0.44316232652424764	1.1645095898955247	5684	14936	40
43	12826	0.44760642445033527	1.1872758459379387	5741	15228	40
44	12826	0.4525962887883986	1.2097302354592234	5805	15516	40
45	12826	0.456650553563075	1.2292218930297834	5857	15766	40
46	12826	0.4592234523623889	1.2510525495088103	5890	16046	40
47	12826	0.46351161702791205	1.2724154062061437	5945	16320	40
48	12826	0.4683455481054109	1.296273195072509	6007	16626	40
49	12826	0.47185404646811163	1.3191953843754873	6052	16920	40
50	12826	0.47458287852799	1.3383751754249182	6087	17166	40
51	12826	0.47699984406673945	1.3592702323405583	6118	17434	40
52	12826	0.48105410884141586	1.3804771557773272	6170	17706	40
53	12826	0.4857321066583502	1.4027756120380477	6230	17992	40
54	12826	0.4896304381724622	1.4211757367846563	6280	18228	40
55	12826	0.4930609699048807	1.4400436613129581	6324	18470	40
56	12826	0.4969593014189927	1.462498050834243	6374	18758	40
57	12826	0.4994542335880243	1.4815219086231093	6406	19002	40
58	12826	0.5031186652112896	1.501949165757056	6453	19264	40
59	12826	0.5064712303134259	1.5203492905036644	6496	19500	40
60	12826	0.5095898955247155	1.5420240137221268	6536	19778	40
61	12826	0.5127865273662873	1.5598004054264776	6577	20006	40
62	12826	0.514345859971932	1.578512396694215	6597	20246	40
63	12826	0.5171526586620926	1.5976921877436456	6633	20492	40
64	12826	0.5200374239825355	1.6157804459691252	6670	20724	40
65	12826	0.5230781225635428	1.635272103539685	6709	20974	40
66	12826	0.5254950881022922	1.6516450958989553	6740	21184	40
67	12826	0.5281459535318883	1.6683299547793544	6774	21398	40
68	12826	0.5316544518945892	1.6873538125682208	6819	21642	40
69	12826	0.5330578512396694	1.70403867144862	6837	21856	40
70	12826	0.5366443162326524	1.7224387961952285	6883	22092	40
71	12826	0.5389053485108374	1.7388117885544987	6912	22302	40
72	12826	0.5416341805707158	1.757211913301107	6947	22538	40
73	12826	0.5444409792608763	1.7729611726181194	6983	22740	40
74	12826	0.547247777951037	1.7908934975830344	7019	22970	40
75	12826	0.5506003430531733	1.8078902229845626	7062	23188	40
76	12826	0.5525495088102292	1.8241072820832684	7087	23396	40
77	12826	0.5545766411975674	1.8398565414002808	7113	23598	40
78	12826	0.5556681740215188	1.8560736004989864	7127	23806	40
79	12826	0.5585529393419616	1.8747855917667238	7164	24046	40
80	12826	0.5608919382504288	1.891470450647123	7194	24260	40
81	12826	0.563542803680025	1.9076875097458288	7228	24468	40
82	12826	0.5658818025884921	1.9239045688445346	7258	24676	40
83	12826	0.5673631685638547	1.93871822859816	7277	24866	40
84	12826	0.570092000623733	1.9552471542179948	7312	25078	40
85	12826	0.5719631997505068	1.9727116794012163	7336	25302	40
86	12826	0.5737564322469982	1.9900202713238735	7359	25524	40
87	12826	0.5778106970216748	2.0074847965070948	7411	25748	40
88	12826	0.5794479962576018	2.023857788866365	7432	25958	40
89	12826	0.5818649617963512	2.0428816466552315	7463	26202	40
90	12826	0.5839700608139716	2.056291907063777	7490	26374	40
91	12826	0.5849056603773585	2.071261500077967	7502	26566	40
92	12826	0.5865429596132855	2.0846717604865117	7523	26738	40
93	12826	0.5887260252611882	2.100109153282395	7551	26936	40
94	12826	0.5909870575393732	2.1152346795571497	7580	27130	40
95	12826	0.592546390145018	2.1314517386558554	7600	27338	40
96	12826	0.5942616560112272	2.1467331981911744	7622	27534	40
97	12826	0.5957430219865898	2.1615468579447996	7641	27724	40
98	12826	0.5966006549196944	2.175113051613909	7652	27898	40
99	12826	0.5980040542647747	2.189147045064712	7670	28078	40
100	12826	0.5996413535007017	2.201465772649306	7691	28236	40
1	12826	0.021986589739591455	0.02261032278184937	282	290	41
2	12826	0.05496647434897864	0.05956650553563075	705	764	41
3	12826	0.08202089505691564	0.09262435677530018	1052	1188	41
4	12826	0.10221425230001559	0.12240760954311555	1311	1570	41
5	12826	0.1241228754093248	0.1537501949165757	1592	1972	41
6	12826	0.14431623265242477	0.18945891158584127	1851	2430	41
7	12826	0.16801808825822548	0.23124902541712147	2155	2966	41
8	12826	0.1859504132231405	0.26555434274130674	2385	3406	41
9	12826	0.2010759394978949	0.2967409948542024	2579	3806	41
10	12826	0.21627943240293154	0.3283954467487915	2774	4212	41
11	12826	0.22945579292062998	0.3580227662560424	2943	4592	41
12	12826	0.2420863870263527	0.38998908467176047	3105	5002	41
13	12826	0.25230001559332604	0.42117573678465614	3236	5402	41
14	12826	0.2621238110088882	0.4525183221581163	3362	5804	41
15	12826	0.2738967721815063	0.48432870731326993	3513	6212	41
16	12826	0.2823951348822704	0.5099017620458444	3622	6540	41
17	12826	0.2922189302978325	0.5382816154685794	3748	6904	41
18	12826	0.3007952596288788	0.5669733354124434	3858	7272	41
19	12826	0.30913768906907846	0.592546390145018	3965	7600	41
20	12826	0.31670045220645565	0.624824575081865	4062	8014	41
21	12826	0.324653048495244	0.6527366287229066	4164	8372	41
22	12826	0.3344768439108062	0.682519881490722	4290	8754	41
23	12826	0.3424294401995946	0.711211601434586	4392	9122	41
24	12826	0.35007016996725404	0.7372524559488539	4490	9456	41
25	12826	0.3570092000623733	0.7629814439419929	4579	9786	41
26	12826	0.3643380633089038	0.7880866988928739	4673	10108	41
27	12826	0.37065336036176516	0.8127241540620614	4754	10424	41
28	12826	0.37720255730547325	0.8397006081397163	4838	10770	41
29	12826	0.38250428816466553	0.8654295961328551	4906	11100	41
30	12826	0.3878060190238578	0.8886636519569624	4974	11398	41
31	12826	0.3941992827070014	0.91330110712615	5056	11714	41
32	12826	0.398643380633089	0.9349758303446125	5113	11992	41
33	12826	0.40300951192889445	0.9588336192109777	5169	12298	41
34	12826	0.4089349758303446	0.9831592078590363	5245	12610	41
35	12826	0.41400280679869017	1.0065491969437081	5310	12910	41
36	12826	0.41860283798534226	1.0299391860283797	5369	13210	41
37	12826	0.4234367690628411	1.0492749103383752	5431	13458	41
38	12826	0.4288164665523156	1.075939497894901	5500	13800	41
39	12826	0.43388429752066116	1.1005769530640885	5565	14116	41
40	12826	0.4397317947918291	1.1253703414938407	5640	14434	41
41	12826	0.44347419304537655	1.1459535318883518	5688	14698	41
42	12826	0.44869795727428663	1.1687197879307656	5755	14990	41
43	12826	0.4522844222672696	1.1900826446280992	5801	15264	41
44	12826	0.4553251208482769	1.208950569156401	5840	15506	41
45	12826	0.45867768595041325	1.2293778262903476	5883	15768	41
46	12826	0.46226415094339623	1.2521440823327616	5929	16060	41
47	12826	0.4665523156089194	1.2736628722906596	5984	16336	41
48	12826	0.4699828473413379	1.2958053952908155	6028	16620	41
49	12826	0.4744269452674255	1.3187275845937938	6085	16914	41
50	12826	0.4780913768906908	1.3385311086854825	6132	17168	41
51	12826	0.48206767503508496	1.3600498986433807	6183	17444	41
52	12826	0.48534227350693904	1.3798534227350694	6225	17698	41
53	12826	0.48908467176048653	1.4016840792140963	6273	17978	41
54	12826	0.49235927023234055	1.4228910026508654	6315	18250	41
55	12826	0.4956338687041946	1.4448775923904569	6357	18532	41
56	12826	0.49906440043661315	1.4651489162638391	6401	18792	41
57	12826	0.5018711991267737	1.484016840792141	6437	19034	41
58	12826	0.5037423982535475	1.5038203648838298	6461	19288	41
59	12826	0.5078746296585062	1.5259628878839857	6514	19572	41
60	12826	0.5122407609543116	1.5462342117573677	6570	19832	41
61	12826	0.5147356931233432	1.563230937158896	6602	20050	41
62	12826	0.5169967254015282	1.5802276625604241	6631	20268	41
63	12826	0.5199594573522532	1.5978481210042101	6669	20494	41
64	12826	0.5217526898487448	1.614065180102916	6692	20702	41
65	12826	0.523779822236083	1.631997505067831	6718	20932	41
66	12826	0.5261188211445501	1.650553563075004	6748	21170	41
67	12826	0.5276001871199126	1.6670824886948385	6767	21382	41
68	12826	0.5298612193980976	1.6850148136597536	6796	21612	41
69	12826	0.5321222516762826	1.7015437392795882	6825	21824	41
70	12826	0.5343053173241853	1.7196319975050678	6853	22056	41
71	12826	0.5360985498206767	1.7338219242164354	6876	22238	41
72	12826	0.5379697489474505	1.748635583970061	6900	22428	41
73	12826	0.5417121472009979	1.7664119756744114	6948	22656	41
74	12826	0.5434274130672072	1.7818493684702947	6970	22854	41
75	12826	0.5462342117573679	1.8000935599563388	7006	23088	41
76	12826	0.5494308435989397	1.8159987525339154	7047	23292	41
77	12826	0.5515359426165601	1.830500545766412	7074	23478	41
78	12826	0.5533291751130516	1.8465616716045532	7097	23684	41
79	12826	0.5555902073912365	1.8648058630905973	7126	23918	41
80	12826	0.5576173397785747	1.8808669889287386	7152	24124	41
81	12826	0.5583970060813972	1.8945891158584125	7162	24300	41
82	12826	0.5607360049898643	1.9109621082176829	7192	24510	41
83	12826	0.5630750038983315	1.9271791673163885	7222	24718	41
84	12826	0.5647902697645408	1.9416809605488852	7244	24904	41
85	12826	0.5668953687821612	1.9594573522532357	7271	25132	41
86	12826	0.5691564010603462	1.975206611570248	7300	25334	41
87	12826	0.5714174333385311	1.9912677374083891	7329	25540	41
88	12826	0.5732886324653048	2.00592546390145	7353	25728	41
89	12826	0.5752377982223609	2.0243255886480584	7378	25964	41
90	12826	0.5769530640885701	2.0371121160143457	7400	26128	41
91	12826	0.5786683299547793	2.053173241852487	7422	26334	41
92	12826	0.5799937626695775	2.0673631685638547	7439	26516	41
93	12826	0.5817869951660689	2.083112427880867	7462	26718	41
94	12826	0.583112427880867	2.09714642133167	7479	26898	41
95	12826	0.5851395602682052	2.1138312802120693	7505	27112	41
96	12826	0.587322625916108	2.1284890067051303	7533	27300	41
97	12826	0.5900514579759862	2.1459535318883516	7568	27524	41
98	12826	0.591610790581631	2.159987525339155	7588	27704	41
99	12826	0.5936379229689693	2.175113051613909	7614	27898	41
100	12826	0.5952752222048963	2.1903945111492282	7635	28094	41
1	12826	0.02331202245438952	0.023857788866365196	299	306	42
2	12826	0.060891938250428816	0.06564790269764541	781	842	42
3	12826	0.08623109309215655	0.09636675502884766	1106	1236	42
4	12826	0.10774988305005458	0.12895680648682364	1382	1654	42
5	12826	0.12739747388117886	0.15842819273351005	1634	2032	42
6	12826	0.14688913145173865	0.19179791049430844	1884	2460	42
7	12826	0.1688757211913301	0.23218462498050835	2166	2978	42
8	12826	0.18579447996257603	0.2666458755652581	2383	3420	42
9	12826	0.20037423982535474	0.29689692811476687	2570	3808	42
10	12826	0.21487603305785125	0.32901917979104944	2756	4220	42
11	12826	0.22774052705442072	0.3602058319039451	2921	4620	42
12	12826	0.23881178855449867	0.38749415250272884	3063	4970	42
13	12826	0.2508966162482458	0.42008420396070484	3218	5388	42
14	12826	0.26399501013566196	0.45423358802432556	3386	5826	42
15	12826	0.2738967721815063	0.48308124122875407	3513	6196	42
16	12826	0.2842663340090441	0.5134882270388273	3646	6586	42
17	12826	0.292374863558397	0.5357866832995478	3750	6872	42
18	12826	0.30165289256198347	0.5641665367222829	3869	7236	42
19	12826	0.31100888819585215	0.591610790581631	3989	7588	42
20	12826	0.3198191174177452	0.6231093092156557	4102	7992	42
21	12826	0.32722594729455795	0.6477467643848432	4197	8308	42
22	12826	0.33385311086854824	0.671760486511773	4282	8616	42
23	12826	0.33907687509745826	0.6954623421175736	4349	8920	42
24	12826	0.34554810541088415	0.7194760642445034	4432	9228	42
25	12826	0.3527990020271324	0.7445813191953844	4525	9550	42
26	12826	0.359504132231405	0.7703103071885233	4611	9880	42
27	12826	0.3650397629814439	0.7963511617027912	4682	10214	42
28	12826	0.3710431935131764	0.8219242164353656	4759	10542	42
29	12826	0.3780601902385779	0.8465616716045532	4849	10858	42
30	12826	0.3833619210977702	0.8680804615624512	4917	11134	42
31	12826	0.38874161858724465	0.8908467176048651	4986	11426	42
32	12826	0.3933416497738968	0.913612973647279	5045	11718	42
33	12826	0.3984094807422423	0.9373148292530796	5110	12022	42
34	12826	0.40246374551691877	0.9583658194292842	5162	12292	42
35	12826	0.4090909090909091	0.981755808513956	5247	12592	42
36	12826	0.41478247310151256	1.0057695306408858	5320	12900	42
37	12826	0.41938250428816465	1.0255730547325745	5379	13154	42
38	12826	0.4244503352565102	1.0509901762045843	5444	13480	42
39	12826	0.42967409948542024	1.0751598315920785	5511	13790	42
40	12826	0.4343520973023546	1.0969904880711057	5571	14070	42
41	12826	0.4398097614221113	1.1200686106346485	5641	14366	42
42	12826	0.44440979260876345	1.1425230001559332	5700	14654	42
43	12826	0.44713862466864185	1.1635739903321378	5735	14924	42
44	12826	0.45173865585529394	1.1871199126773742	5794	15226	42
45	12826	0.4565725869327928	1.2077031030718852	5856	15490	42
46	12826	0.4603929518166225	1.2321846249805084	5905	15804	42
47	12826	0.4631217838765009	1.2549508810229222	5940	16096	42
48	12826	0.4675658818025885	1.27506627163574	5997	16354	42
49	12826	0.4706065803835958	1.2961172618119445	6036	16624	42
50	12826	0.4734133790737564	1.3149851863402464	6072	16866	42
51	12826	0.4779354436301263	1.338998908467176	6130	17174	42
52	12826	0.4812880087322626	1.3600498986433807	6173	17444	42
53	12826	0.4854202401372213	1.3806330890378917	6226	17708	42
54	12826	0.48814907219709963	1.3968501481365976	6261	17916	42
55	12826	0.4914236706689537	1.4172774052705441	6303	18178	42
56	12826	0.4950101356619367	1.43801652892562	6349	18444	42
57	12826	0.4994542335880243	1.4590675191018245	6406	18714	42
58	12826	0.5034305317324185	1.4793388429752066	6457	18974	42
59	12826	0.5067051302042725	1.5008576329331047	6499	19250	42
60	12826	0.5089661624824575	1.5200374239825354	6528	19496	42
61	12826	0.512708560736005	1.5396850148136598	6576	19748	42
62	12826	0.5162170590987057	1.5588648058630905	6621	19994	42
63	12826	0.5191797910494308	1.577264930609699	6659	20230	42
64	12826	0.5218306564790269	1.5975362544830813	6693	20490	42
65	12826	0.5253391548417278	1.6185872446592857	6738	20760	42
66	12826	0.5278340870107594	1.634960237018556	6770	20970	42
67	12826	0.5310307188523312	1.6552315608919383	6811	21230	42
68	12826	0.5346171838453142	1.6739435521596757	6857	21470	42
69	12826	0.5368782161234992	1.6914080773428972	6886	21694	42
70	12826	0.5399968813347887	1.7088726025261187	6926	21918	42
71	12826	0.5421799469826915	1.7244659285825668	6954	22118	42
72	12826	0.543661312958054	1.7389677218150632	6973	22304	42
73	12826	0.5468579447996258	1.7561203804771557	7014	22524	42
74	12826	0.5494308435989397	1.7748323717448933	7047	22764	42
75	12826	0.5525495088102292	1.7929206299703726	7087	22996	42
76	12826	0.5550444409792609	1.8082020895056916	7119	23192	42
77	12826	0.5571495399968813	1.8256666146889131	7146	23416	42
78	12826	0.5590987057539373	1.8423514735693123	7171	23630	42
79	12826	0.5622173709652268	1.8599719320130983	7211	23856	42
80	12826	0.5647123031342586	1.8775923904568845	7243	24082	42
81	12826	0.5672072353032902	1.8899111180414783	7275	24240	42
82	12826	0.5683767347575238	1.9042569780134102	7290	24424	42
83	12826	0.5693903009511929	1.9200062373304225	7303	24626	42
84	12826	0.57172929985966	1.9355995633868703	7333	24826	42
85	12826	0.5732886324653048	1.9515047559644472	7353	25030	42
86	12826	0.5755496647434898	1.967098082020895	7382	25230	42
87	12826	0.5776547637611102	1.9833151411196008	7409	25438	42
88	12826	0.5800717292998596	1.9987525339154841	7440	25636	42
89	12826	0.5822547949477623	2.0171526586620927	7468	25872	42
90	12826	0.5842039607048184	2.033525651021363	7493	26082	42
91	12826	0.5865429596132855	2.049586776859504	7523	26288	42
92	12826	0.5887260252611882	2.064868236394823	7551	26484	42
93	12826	0.5902073912365507	2.0793700296273196	7570	26670	42
94	12826	0.5927802900358646	2.0958989552471543	7603	26882	42
95	12826	0.5941057227506628	2.111492281303602	7620	27082	42
96	12826	0.5952752222048963	2.1263059410572276	7635	27272	42
97	12826	0.597458287852799	2.142367066895369	7663	27478	42
98	12826	0.5996413535007017	2.1578044596912522	7691	27676	42
99	12826	0.6015905192577576	2.1754249181350382	7716	27902	42
100	12826	0.6038515515359426	2.190082644628099	7745	28090	42
1	12826	0.021284890067051303	0.021830656479026978	273	280	43
2	12826	0.054576641197567444	0.05863090597224388	700	752	43
3	12826	0.07937002962731951	0.08872602526118821	1018	1138	43
4	12826	0.10088881958521753	0.11928894433182598	1294	1530	43
5	12826	0.12498050834242944	0.15328239513488226	1603	1966	43
6	12826	0.14657726493060969	0.19023857788866366	1880	2440	43
7	12826	0.1732418524871355	0.2353032901917979	2222	3018	43
8	12826	0.1901606112583814	0.27054420707937005	2439	3470	43
9	12826	0.20513020427257134	0.30219865897395914	2631	3876	43
10	12826	0.21970996413535007	0.3349446436924996	2818	4296	43
11	12826	0.23304225791361297	0.3642600966786215	2989	4672	43
12	12826	0.24411351941369094	0.3926399501013566	3131	5036	43
13	12826	0.2547949477623577	0.42538593481989706	3268	5456	43
14	12826	0.2663340090441291	0.4593793856229534	3416	5892	43
15	12826	0.27576797130828007	0.4869795727428661	3537	6246	43
16	12826	0.283564634336504	0.5141119600810853	3637	6594	43
17	12826	0.292374863558397	0.541400280679869	3750	6944	43
18	12826	0.30063932636831436	0.5702479338842975	3856	7314	43
19	12826	0.3085139560268205	0.5953531888351785	3957	7636	43
20	12826	0.31654451894589114	0.6232652424762202	4060	7994	43
21	12826	0.3241072820832684	0.649306096990488	4157	8328	43
22	12826	0.33322937782629036	0.6767503508498363	4274	8680	43
23	12826	0.33884297520661155	0.6995166068922501	4346	8972	43
24	12826	0.3467176048651177	0.7269608607515983	4447	9324	43
25	12826	0.3521752689848745	0.7533135817869951	4517	9662	43
26	12826	0.35810073288632466	0.7771713706533604	4593	9968	43
27	12826	0.3643380633089038	0.801496959301419	4673	10280	43
28	12826	0.36924996101668484	0.8259784812100421	4736	10594	43
29	12826	0.3748635583970061	0.8503040698581007	4808	10906	43
30	12826	0.3805551224076095	0.8740059254639014	4881	11210	43
31	12826	0.3868704194604709	0.8991111804147824	4962	11532	43
32	12826	0.39100265086542957	0.9204740371121161	5015	11806	43
33	12826	0.3963823483549041	0.9424606268517075	5084	12088	43
34	12826	0.400904412911274	0.9630438172462186	5142	12352	43
35	12826	0.4076875097458288	0.989240605021051	5229	12688	43
36	12826	0.4134570403867145	1.0130983938874163	5303	12994	43
37	12826	0.4169655387494153	1.0327459847185405	5348	13246	43
38	12826	0.42156556993606736	1.0569156401060347	5407	13556	43
39	12826	0.42671136753469513	1.0804615624512708	5473	13858	43
40	12826	0.43263683143614534	1.1047871510993295	5549	14170	43
41	12826	0.43770466240449085	1.1264618743177919	5614	14448	43
42	12826	0.44144706065803835	1.1493840636207704	5662	14742	43
43	12826	0.44565725869327927	1.170435053796975	5716	15012	43
44	12826	0.4501013566193669	1.1942928426633401	5773	15318	43
45	12826	0.45415562139404336	1.2147200997972867	5825	15580	43
46	12826	0.4568844534539217	1.23467955714954	5860	15836	43
47	12826	0.4598471854046468	1.2579136129736472	5898	16134	43
48	12826	0.46553874941525025	1.2775612038047715	5971	16386	43
49	12826	0.4685794479962576	1.3006393263683143	6010	16682	43
50	12826	0.47177607983782943	1.32137845002339	6051	16948	43
51	12826	0.47583034461250584	1.3433650397629815	6103	17230	43
52	12826	0.4789490098237954	1.3636363636363635	6143	17490	43
53	12826	0.4811320754716981	1.3839076875097458	6171	17750	43
54	12826	0.4842507406829877	1.4037112116014345	6211	18004	43
55	12826	0.4874473725245595	1.4238266022142523	6252	18262	43
56	12826	0.4910338375175425	1.4448775923904569	6298	18532	43
57	12826	0.4936847029471386	1.4651489162638391	6332	18792	43
58	12826	0.4962576017464525	1.4844846405738343	6365	19040	43
59	12826	0.5	1.5053796974894744	6413	19308	43
60	12826	0.5030406985810073	1.5247154217994698	6452	19556	43
61	12826	0.5062373304225791	1.5434274130672072	6493	19796	43
62	12826	0.5084203960704818	1.5615156712926868	6521	20028	43
63	12826	0.51044752845782	1.5777327303913924	6547	20236	43
64	12826	0.5130204272571339	1.595509122095743	6580	20464	43
65	12826	0.5152814595353189	1.6139092468423515	6609	20700	43
66	12826	0.5174645251832216	1.628722906595977	6637	20890	43
67	12826	0.5201933572431	1.6471230313425853	6672	21126	43
68	12826	0.5236238889755185	1.6661468891314517	6716	21370	43
69	12826	0.5254950881022922	1.6836114143146734	6740	21594	43
70	12826	0.529003586464993	1.7023234055824108	6785	21834	43
71	12826	0.5311866521128957	1.7172929985966006	6813	22026	43
72	12826	0.5339934508030563	1.733665990955871	6849	22236	43
73	12826	0.5356307500389833	1.7501949165757056	6870	22448	43
74	12826	0.5375019491657571	1.7670357087166693	6894	22664	43
75	12826	0.5410104475284578	1.7845002338998908	6939	22888	43
76	12826	0.543349446436925	1.7997816934352098	6969	23084	43
77	12826	0.5444409792608763	1.8144394199282707	6983	23272	43
78	12826	0.5462342117573679	1.830188679245283	7006	23474	43
79	12826	0.5486511772961172	1.8513956026820522	7037	23746	43
80	12826	0.5513800093559956	1.8708872602526119	7072	23996	43
81	12826	0.553796974894745	1.8853890534851083	7103	24182	43
82	12826	0.5566037735849056	1.9017620458443787	7139	24392	43
83	12826	0.559644472165913	1.9181350382036488	7178	24602	43
84	12826	0.5633089037891782	1.9334164977389676	7225	24798	43
85	12826	0.5665835022610323	1.9510369561827539	7267	25024	43
86	12826	0.5683767347575238	1.9681896148448463	7290	25244	43
87	12826	0.5704818337751443	1.9836270076407299	7317	25442	43
88	12826	0.572353032901918	1.9976610010915328	7341	25622	43
89	12826	0.5741462653984095	2.0154373927958833	7364	25850	43
90	12826	0.5766411975674411	2.032901917979105	7396	26074	43
91	12826	0.5788242632153439	2.048183377514424	7424	26270	43
92	12826	0.5810852954935287	2.0631529705286136	7453	26462	43
93	12826	0.5830344612505848	2.077498830500546	7478	26646	43
94	12826	0.5845937938562296	2.0932480898175583	7498	26848	43
95	12826	0.5858412599407453	2.106658350226103	7514	27020	43
96	12826	0.5876344924372369	2.1197567441135194	7537	27188	43
97	12826	0.5889599251520349	2.135661936691096	7554	27392	43
98	12826	0.5904412911273975	2.150319663184157	7573	27580	43
99	12826	0.5920785903633244	2.168407921409637	7594	27812	43
100	12826	0.5941057227506628	2.18384531420552	7620	28010	43
1	12826	0.02424762201777639	0.024793388429752067	311	318	44
2	12826	0.060346171838453144	0.06533603617651645	774	838	44
3	12826	0.08708872602526119	0.09901762045844378	1117	1270	44
4	12826	0.11055668174021518	0.13379073756432247	1418	1716	44
5	12826	0.1277093404023078	0.16123499142367068	1638	2068	44
6	12826	0.15102136285669734	0.20162170590987058	1937	2586	44
7	12826	0.17480118509278028	0.24387961952284423	2242	3128	44
8	12826	0.18969281147668798	0.2764696709808202	2433	3546	44
9	12826	0.2066115702479339	0.3126461874317792	2650	4010	44
10	12826	0.22064556369873695	0.3458599719320131	2830	4436	44
11	12826	0.23226259161079058	0.3748635583970061	2979	4808	44
12	12826	0.24629658506159363	0.40558241072820833	3159	5202	44
13	12826	0.2569780134102604	0.43770466240449085	3296	5614	44
14	12826	0.2684391080617496	0.47200997972867614	3443	6054	44
15	12826	0.2784188367378762	0.502261032278185	3571	6442	44
16	12826	0.28691719943864025	0.5317324185248714	3680	6820	44
17	12826	0.29424606268517073	0.5573054732574458	3774	7148	44
18	12826	0.303134258537346	0.5835022610322782	3888	7484	44
19	12826	0.31295805395290816	0.6112583814127553	4014	7840	44
20	12826	0.32153438328395445	0.6444721659129893	4124	8266	44
21	12826	0.328551380009356	0.6705130204272571	4214	8600	44
22	12826	0.33502261032278186	0.6956182753781381	4297	8922	44
23	12826	0.3414158740059255	0.7200997972867612	4379	9236	44
24	12826	0.3510057695306409	0.7483237174489319	4502	9598	44
25	12826	0.3559956338687042	0.7740527054420708	4566	9928	44
26	12826	0.3612193980976142	0.797910494308436	4633	10234	44
27	12826	0.3652736628722907	0.8208326836114143	4685	10528	44
28	12826	0.3710431935131764	0.848432870731327	4759	10882	44
29	12826	0.3758771245906752	0.8707313269920474	4821	11168	44
30	12826	0.3818025884921254	0.8958365819429285	4897	11490	44
31	12826	0.3866365195696242	0.920785903633245	4959	11810	44
32	12826	0.390145017932325	0.9410572275066271	5004	12070	44
33	12826	0.39544674879151726	0.9646031498518634	5072	12372	44
34	12826	0.40043661312958057	0.9867456728520193	5136	12656	44
35	12826	0.4051146109465149	1.0087322625916109	5196	12938	44
36	12826	0.4111180414782473	1.0314985186340246	5273	13230	44
37	12826	0.4164977389677218	1.0520817090285357	5342	13494	44
38	12826	0.42156556993606736	1.0757835646343366	5407	13798	44
39	12826	0.42608763449243725	1.1030718852331203	5465	14148	44
40	12826	0.43060969904880714	1.1269296740994854	5523	14454	44
41	12826	0.4337283642600967	1.1464213316700451	5563	14704	44
42	12826	0.44090129424606267	1.1726181194448775	5655	15040	44
43	12826	0.44620302510525495	1.193669109621082	5723	15310	44
44	12826	0.449477623577109	1.2148760330578512	5765	15582	44
45	12826	0.45368782161234994	1.23467955714954	5819	15836	44
46	12826	0.45696242008420396	1.257445813191954	5861	16128	44
47	12826	0.4610946514891626	1.2795883361921099	5914	16412	44
48	12826	0.4649150163729924	1.2987681272415406	5963	16658	44
49	12826	0.4681896148448464	1.324029315452986	6005	16982	44
50	12826	0.4723998128800873	1.3449243723686262	6059	17250	44
51	12826	0.47598627787307035	1.3673787618899111	6105	17538	44
52	12826	0.4794168096054888	1.3882738188055512	6149	17806	44
53	12826	0.4819117417745205	1.4091688757211913	6181	18074	44
54	12826	0.48432870731326993	1.4261656011227195	6212	18292	44
55	12826	0.487291439263995	1.4450335256510214	6250	18534	44
56	12826	0.4909558708872602	1.4651489162638391	6297	18792	44
57	12826	0.49337283642600965	1.4821456416653673	6328	19010	44
58	12826	0.4967254015281459	1.5010135661936692	6371	19252	44
59	12826	0.5001559332605645	1.5184780913768907	6415	19476	44
60	12826	0.503586464992983	1.537501949165757	6459	19720	44
61	12826	0.5065491969437081	1.5555902073912367	6497	19952	44
62	12826	0.51044752845782	1.5749259317012319	6547	20200	44
63	12826	0.5128644939965694	1.591298924060502	6578	20410	44
64	12826	0.5153594261656012	1.6084515827225947	6610	20630	44
65	12826	0.5175424918135039	1.629034773117106	6638	20894	44
66	12826	0.5202713238733822	1.6438484328707312	6673	21084	44
67	12826	0.5223764228910026	1.6619366910962108	6700	21316	44
68	12826	0.5250272883205988	1.6795571495399968	6734	21542	44
69	12826	0.5261967877748324	1.6970216747232185	6749	21766	44
70	12826	0.5294713862466864	1.715109932948698	6791	21998	44
71	12826	0.5315764852643069	1.7311710587868392	6818	22204	44
72	12826	0.534227350693903	1.7462965850615937	6852	22398	44
73	12826	0.5358646499298301	1.7625136441602993	6873	22606	44
74	12826	0.5379697489474505	1.7795103695618275	6900	22824	44
75	12826	0.5406985810073288	1.7949477623577108	6935	23022	44
76	12826	0.5434274130672072	1.8100732886324653	6970	23216	44
77	12826	0.5454545454545454	1.8266022142523	6996	23428	44
78	12826	0.5475596444721659	1.8434430063932636	7023	23644	44
79	12826	0.5488071105566817	1.8610634648370497	7039	23870	44
80	12826	0.55083424294402	1.877748323717449	7065	24084	44
81	12826	0.5532512084827694	1.8936535162950257	7096	24288	44
82	12826	0.5549664743489786	1.9089349758303447	7118	24484	44
83	12826	0.5573054732574458	1.9256198347107438	7148	24698	44
84	12826	0.5605021050990177	1.9404334944643693	7189	24888	44
85	12826	0.5639326368314361	1.9586776859504131	7233	25122	44
86	12826	0.5660377358490566	1.9741150787462967	7260	25320	44
87	12826	0.5679089349758304	1.992203336971776	7284	25552	44
88	12826	0.5691564010603462	2.0049898643380635	7300	25716	44
89	12826	0.5715733665990956	2.0229221893029785	7331	25946	44
90	12826	0.5735225323561516	2.038359582098862	7356	26144	44
91	12826	0.575315764852643	2.052549508810229	7379	26326	44
92	12826	0.5771869639794168	2.0668953687821614	7403	26510	44
93	12826	0.5793700296273195	2.0838920941836894	7431	26728	44
94	12826	0.5806174957118353	2.0990176204584436	7447	26922	44
95	12826	0.5820208950569157	2.1135194136909403	7465	27108	44
96	12826	0.5837361609231249	2.1278652736628723	7487	27292	44
97	12826	0.5848276937470762	2.142678933416498	7501	27482	44
98	12826	0.5869327927646967	2.156868860127865	7528	27664	44
99	12826	0.5893497583034462	2.1723062529237485	7559	27862	44
100	12826	0.5914548573210666	2.1855605800717295	7586	28032	44
1	12826	0.02354592234523624	0.02432558864805863	302	312	45
2	12826	0.059020739123655075	0.06408857009200063	757	822	45
3	12826	0.08529549352876968	0.09683455481054108	1094	1242	45
4	12826	0.10759394978949009	0.13113987213472633	1380	1682	45
5	12826	0.12739747388117886	0.16279432402931546	1634	2088	45
6	12826	0.15086542959613286	0.20240137221269297	1935	2596	45
7	12826	0.17090285357866833	0.24232028691719945	2192	3108	45
8	12826	0.18688601278652736	0.2772493372836426	2397	3556	45
9	12826	0.20396070481833775	0.31155465460782783	2616	3996	45
10	12826	0.2181506315297053	0.34554810541088415	2798	4432	45
11	12826	0.23202869171994386	0.3782940901294246	2976	4852	45
12	12826	0.24395758615312646	0.40854514267893344	3129	5240	45
13	12826	0.25705598004054264	0.4440979260876345	3297	5696	45
14	12826	0.2676594417589272	0.47450491189770777	3433	6086	45
15	12826	0.2782629034773117	0.5050678309683455	3569	6478	45
16	12826	0.28738499922033367	0.5350070169967254	3686	6862	45
17	12826	0.29416809605488853	0.5574614065180102	3773	7150	45
18	12826	0.301808825822548	0.5849056603773585	3871	7502	45
19	12826	0.3085919226571028	0.6111024481521908	3958	7838	45
20	12826	0.31592078590363326	0.6418213004833931	4052	8232	45
21	12826	0.32527678153750195	0.6692655543427413	4172	8584	45
22	12826	0.33307344456572585	0.6959301418992672	4272	8926	45
23	12826	0.3389209418368938	0.7194760642445034	4347	9228	45
24	12826	0.34562607204116635	0.7456728520193358	4433	9564	45
25	12826	0.353968501481366	0.7743645719631997	4540	9932	45
26	12826	0.3594261656011227	0.7952596288788398	4610	10200	45
27	12826	0.3655855293934196	0.8205208170902853	4689	10524	45
28	12826	0.3704974271012007	0.8464057383439888	4752	10856	45
29	12826	0.37673475752377983	0.8727584593793857	4832	11194	45
30	12826	0.38172462186184314	0.8941213160767192	4896	11468	45
31	12826	0.38749415250272884	0.9223452362388898	4970	11830	45
32	12826	0.39123655075627634	0.9438640261967878	5018	12106	45
33	12826	0.3961484484640574	0.9695930141899267	5081	12436	45
34	12826	0.40082644628099173	0.9917355371900827	5141	12720	45
35	12826	0.4053485108373616	1.0159051925775768	5199	13030	45
36	12826	0.4106502416965539	1.038515515359426	5267	13320	45
37	12826	0.41454857321066585	1.0611258381412756	5317	13610	45
38	12826	0.41907063776703574	1.08669889287385	5375	13938	45
39	12826	0.4249961016684859	1.1125838141275535	5451	14270	45
40	12826	0.4295181662248558	1.137845002338999	5509	14594	45
41	12826	0.434819897084048	1.159987525339155	5577	14878	45
42	12826	0.4391080617495712	1.1810385155153593	5632	15148	45
43	12826	0.44347419304537655	1.2022454389521284	5688	15420	45
44	12826	0.44893185716513334	1.2284422267269608	5758	15756	45
45	12826	0.4520505223764229	1.248401684079214	5798	16012	45
46	12826	0.45672852019335725	1.2733510057695305	5858	16332	45
47	12826	0.46093871822859817	1.2967409948542024	5912	16632	45
48	12826	0.4646031498518634	1.318415718072665	5959	16910	45
49	12826	0.46873538125682207	1.3424294401995946	6012	17218	45
50	12826	0.4719320130983939	1.3634804303757992	6053	17488	45
51	12826	0.4761422111336348	1.3864026196787775	6107	17782	45
52	12826	0.4791049430843599	1.4082332761578045	6145	18062	45
53	12826	0.48276937470762515	1.4280368002494932	6192	18316	45
54	12826	0.48534227350693904	1.447840324341182	6225	18570	45
55	12826	0.48752533915484175	1.465460782784968	6253	18796	45
56	12826	0.4896304381724622	1.4844846405738343	6280	19040	45
57	12826	0.49352876968657416	1.5038203648838298	6330	19288	45
58	12826	0.496413535007017	1.5242476220177763	6367	19550	45
59	12826	0.4988305005457664	1.5409324808981755	6398	19764	45
60	12826	0.5023389989084672	1.5601122719476064	6443	20010	45
61	12826	0.5051457975986278	1.578512396694215	6479	20246	45
62	12826	0.5077966630282239	1.595820988616872	6513	20468	45
63	12826	0.5109153282395135	1.613441447060658	6553	20694	45
64	12826	0.5141119600810853	1.633244971152347	6594	20948	45
65	12826	0.5167628255106814	1.6530484952440356	6628	21202	45
66	12826	0.518244191486044	1.6656790893497584	6647	21364	45
67	12826	0.5205831903945112	1.684858880399189	6677	21610	45
68	12826	0.5237018556058007	1.703726804927491	6717	21852	45
69	12826	0.5264306876656791	1.721970996413535	6752	22086	45
70	12826	0.5300171526586621	1.7413067207235304	6798	22334	45
71	12826	0.5321222516762826	1.7550288476532043	6825	22510	45
72	12826	0.5332917511305162	1.7703103071885233	6840	22706	45
73	12826	0.5356307500389833	1.7860595665055357	6870	22908	45
74	12826	0.5389833151411196	1.8043037579915795	6913	23142	45
75	12826	0.5423358802432559	1.8220801496959302	6956	23370	45
76	12826	0.5437392795883362	1.8368938094495555	6974	23560	45
77	12826	0.5464681116482145	1.8563854670201154	7009	23810	45
78	12826	0.548885077186964	1.8721347263371277	7040	24012	45
79	12826	0.5523935755496647	1.8927179167316388	7085	24276	45
80	12826	0.5544986745672852	1.9104943084359893	7112	24504	45
81	12826	0.5569156401060347	1.9270232340558242	7143	24716	45
82	12826	0.5588648058630906	1.9427724933728365	7168	24918	45
83	12826	0.5615156712926868	1.9578980196475908	7202	25112	45
84	12826	0.5642445033525652	1.975206611570248	7237	25334	45
85	12826	0.5660377358490566	1.9907999376266958	7260	25534	45
86	12826	0.5685326680180882	2.00904412911274	7292	25768	45
87	12826	0.5711055668174021	2.026664587556526	7325	25994	45
88	12826	0.5741462653984095	2.043661312958054	7364	26212	45
89	12826	0.5760954311554655	2.0601902385778885	7389	26424	45
90	12826	0.5781225635428037	2.075939497894901	7415	26626	45
91	12826	0.5803056291907064	2.09122095743022	7443	26822	45
92	12826	0.5833463277717137	2.1044752845782004	7482	26992	45
93	12826	0.5845158272259473	2.1188211445501324	7497	27176	45
94	12826	0.5858412599407453	2.1344144706065804	7514	27376	45
95	12826	0.5884141587400592	2.1490721970996414	7547	27564	45
96	12826	0.5905192577576797	2.1638858568532666	7574	27754	45
97	12826	0.5924684235147357	2.1801029159519727	7599	27962	45
98	12826	0.5937938562295337	2.192109777015437	7616	28116	45
99	12826	0.5953531888351785	2.2061437704662406	7636	28296	45
100	12826	0.5969904880711056	2.221893029783253	7657	28498	45
1	12826	0.02440355527834087	0.025105254950881024	313	322	46
2	12826	0.05917667238421955	0.0650241696553875	759	834	46
3	12826	0.08451582722594729	0.097458287852799	1084	1250	46
4	12826	0.10548885077186965	0.13051613909246843	1353	1674	46
5	12826	0.1277093404023078	0.16591298924060502	1638	2128	46
6	12826	0.15148916263839077	0.20614377046624044	1943	2644	46
7	12826	0.17464525183221583	0.24777795103695618	2240	3178	46
8	12826	0.18805551224076095	0.277717137065336	2412	3562	46
9	12826	0.2016996725401528	0.30874785591766724	2587	3960	46
10	12826	0.21604553251208483	0.3414938406362077	2771	4380	46
11	12826	0.22984562607204118	0.37268049274910336	2948	4780	46
12	12826	0.2410728208326836	0.4029315452986122	3092	5168	46
13	12826	0.2508186496179635	0.4309995322002183	3217	5528	46
14	12826	0.26259161079058163	0.46530484952440354	3368	5968	46
15	12826	0.27553407141743336	0.4974271012006861	3534	6380	46
16	12826	0.28465616716045533	0.527366287229066	3651	6764	46
17	12826	0.29206299703726807	0.5509122095743022	3746	7066	46
18	12826	0.3038359582098862	0.5820988616871979	3897	7466	46
19	12826	0.31147668797754563	0.6072041166380789	3995	7788	46
20	12826	0.31849368470294714	0.635272103539685	4085	8148	46
21	12826	0.32566661468891317	0.6616248245750819	4177	8486	46
22	12826	0.3339310774988305	0.6887572119133011	4283	8834	46
23	12826	0.3408701075939498	0.7141743333853111	4372	9160	46
24	12826	0.34858880399189146	0.7436457196319975	4471	9538	46
25	12826	0.3557617339778575	0.7714018400124747	4563	9894	46
26	12826	0.362778730703259	0.7965070949633557	4653	10216	46
27	12826	0.36847029471386245	0.8213004833931078	4726	10534	46
28	12826	0.3752533915484173	0.8470294713862467	4813	10864	46
29	12826	0.3803212225167628	0.8721347263371277	4878	11186	46
30	12826	0.38671448619990645	0.8939653828161547	4960	11466	46
31	12826	0.3929518166224856	0.9210977701543739	5040	11814	46
32	12826	0.3979416809605489	0.9471386246686418	5104	12148	46
33	12826	0.40308747855917665	0.9700608139716201	5170	12442	46
34	12826	0.4084671760486512	0.992827070014034	5239	12734	46
35	12826	0.41306720723530327	1.0163729923592701	5298	13036	46
36	12826	0.4176672384219554	1.0380477155777328	5357	13314	46
37	12826	0.4214096366755029	1.0562919070637766	5405	13548	46
38	12826	0.42663340090441293	1.0793700296273194	5472	13844	46
39	12826	0.4307656323093716	1.1030718852331203	5525	14148	46
40	12826	0.43692499610166846	1.129736472789646	5604	14490	46
41	12826	0.4410572275066272	1.1496959301418992	5657	14746	46
42	12826	0.44363012630594106	1.1721503196631842	5690	15034	46
43	12826	0.44846405738343986	1.1942928426633401	5752	15318	46
44	12826	0.453064088570092	1.2156556993606735	5811	15592	46
45	12826	0.45649462030251053	1.2396694214876034	5855	15900	46
46	12826	0.45976921877436455	1.2638390768750976	5897	16210	46
47	12826	0.46452518322158115	1.2870731326992046	5958	16508	46
48	12826	0.46904724777795104	1.3107749883050055	6016	16812	46
49	12826	0.4723998128800873	1.332449711523468	6059	17090	46
50	12826	0.47598627787307035	1.3553719008264462	6105	17384	46
51	12826	0.4798846093871823	1.3762669577420863	6155	17652	46
52	12826	0.48331514111960083	1.396694214876033	6199	17914	46
53	12826	0.4861999064400437	1.415562139404335	6236	18156	46
54	12826	0.4896304381724622	1.4369249961016686	6280	18430	46
55	12826	0.49251520349290506	1.45891158584126	6317	18712	46
56	12826	0.49586776859504134	1.4813659753625448	6360	19000	46
57	12826	0.4987525339154842	1.5003898331514112	6397	19244	46
58	12826	0.5020271323873382	1.5219086231093093	6439	19520	46
59	12826	0.5048339310774989	1.5399968813347886	6475	19752	46
60	12826	0.5075627631373772	1.5604241384687354	6510	20014	46
61	12826	0.5105254950881023	1.5800717292998596	6548	20266	46
62	12826	0.5130204272571339	1.5989396538281615	6580	20508	46
63	12826	0.5153594261656012	1.6157804459691252	6610	20724	46
64	12826	0.5181662248557617	1.6334009044129112	6646	20950	46
65	12826	0.5209730235459223	1.6542959613285513	6682	21218	46
66	12826	0.5235459223452362	1.6725401528145953	6715	21452	46
67	12826	0.5261967877748324	1.6918758771245908	6749	21700	46
68	12826	0.5293934196164042	1.7101200686106346	6790	21934	46
69	12826	0.5313425853734601	1.7278964603149851	6815	22162	46
70	12826	0.5349290503664431	1.7448931857165133	6861	22380	46
71	12826	0.5382816154685794	1.762045844378606	6904	22600	46
72	12826	0.5416341805707158	1.7798222360829565	6947	22828	46
73	12826	0.5442070793700297	1.7971308280056135	6980	23050	46
74	12826	0.5467020115390613	1.8147512864493998	7012	23276	46
75	12826	0.5494308435989397	1.8309683455481054	7047	23484	46
76	12826	0.5509122095743022	1.8457820053017309	7066	23674	46
77	12826	0.5539529081553095	1.862154997661001	7105	23884	46
78	12826	0.5556681740215188	1.880087322625916	7127	24114	46
79	12826	0.557695306408857	1.8991111804147824	7153	24358	46
80	12826	0.559644472165913	1.9162638390768751	7178	24578	46
81	12826	0.5619834710743802	1.9335724309995321	7208	24800	46
82	12826	0.5655699360673632	1.9513488227038827	7254	25028	46
83	12826	0.5676750350849836	1.9666302822392017	7281	25224	46
84	12826	0.5691564010603462	1.9815998752533917	7300	25416	46
85	12826	0.5709496335568377	1.9975050678309683	7323	25620	46
86	12826	0.5735225323561516	2.0151255262747543	7356	25846	46
87	12826	0.575627631373772	2.032590051457976	7383	26070	46
88	12826	0.5770310307188523	2.0488071105566816	7401	26278	46
89	12826	0.5789801964759083	2.0650241696553877	7426	26486	46
90	12826	0.5807734289723998	2.0810852954935286	7449	26692	46
91	12826	0.5828785279900203	2.096834554810541	7476	26894	46
92	12826	0.5845937938562296	2.1107126150007796	7498	27072	46
93	12826	0.5862310930921566	2.124902541712147	7519	27254	46
94	12826	0.5883361921097771	2.1406518010291595	7546	27456	46
95	12826	0.590285357866833	2.1562451270856076	7571	27656	46
96	12826	0.591610790581631	2.171058786839233	7588	27846	46
97	12826	0.5933260564478403	2.187119912677374	7610	28052	46
98	12826	0.5944955559020739	2.1997505067830967	7625	28214	46
99	12826	0.5964447216591299	2.212848900670513	7650	28382	46
100	12826	0.5984718540464681	2.2292218930297834	7676	28592	46
1	12826	0.024169655387494153	0.024637455169187587	310	316	47
2	12826	0.05987837205675971	0.0642445033525651	768	824	47
3	12826	0.08397006081397163	0.0946514891626384	1077	1214	47
4	12826	0.10821768283174801	0.130048339310775	1388	1668	47
5	12826	0.12958053952908155	0.16341805707157336	1662	2096	47
6	12826	0.1509433962264151	0.20193357243099952	1936	2590	47
7	12826	0.17495711835334476	0.245438952128489	2244	3148	47
8	12826	0.18821144550132543	0.277717137065336	2414	3562	47
9	12826	0.20216747232184626	0.31046312178387653	2593	3982	47
10	12826	0.21510993294869796	0.3422735069390301	2759	4390	47
11	12826	0.22758459379385623	0.3733042257913613	2919	4788	47
12	12826	0.23795415562139405	0.40199594573522535	3052	5156	47
13	12826	0.2486355839700608	0.43193513176360515	3189	5540	47
14	12826	0.26025261188211446	0.4663963823483549	3338	5982	47
15	12826	0.2701543739279588	0.4975830344612506	3465	6382	47
16	12826	0.27810697021674724	0.5253391548417278	3567	6738	47
17	12826	0.28761889911118044	0.5516918758771245	3689	7076	47
18	12826	0.29588336192109777	0.5797598627787307	3795	7436	47
19	12826	0.3027444253859348	0.6034617183845314	3883	7740	47
20	12826	0.3123343209106502	0.6346483704974271	4006	8140	47
21	12826	0.3205987837205676	0.6600654919694371	4112	8466	47
22	12826	0.32800561359738034	0.6873538125682208	4207	8816	47
23	12826	0.33556837673475753	0.7129268673007952	4304	9144	47
24	12826	0.3436769062841104	0.7416185872446592	4408	9512	47
25	12826	0.3504600031186652	0.768906907843443	4495	9862	47
26	12826	0.3554498674567285	0.7896460314985186	4559	10128	47
27	12826	0.36082956494620305	0.8138156868860128	4628	10438	47
28	12826	0.3673007952596289	0.8390768750974583	4711	10762	47
29	12826	0.37501949165757054	0.8643380633089038	4810	11086	47
30	12826	0.3812568220801497	0.8903789178231717	4890	11420	47
31	12826	0.38694838609075316	0.9131451738655856	4963	11712	47
32	12826	0.39193825042881647	0.9376266957742087	5027	12026	47
33	12826	0.39669421487603307	0.9621082176828317	5088	12340	47
34	12826	0.40222984562607206	0.9848744737252456	5159	12632	47
35	12826	0.4063620770310307	1.007484796507095	5212	12922	47
36	12826	0.4109621082176828	1.0304069858100733	5271	13216	47
37	12826	0.41610790581631063	1.051769842507407	5337	13490	47
38	12826	0.42039607048183375	1.0746920318103852	5392	13784	47
39	12826	0.42460626851707467	1.097458287852799	5446	14076	47
40	12826	0.42990799937626695	1.1216279432402931	5514	14386	47
41	12826	0.4353656634960237	1.1442382660221426	5584	14676	47
42	12826	0.44019959457352253	1.167160455325121	5646	14970	47
43	12826	0.44464369249961017	1.1891470450647124	5703	15252	47
44	12826	0.44994542335880244	1.2117573678465616	5771	15542	47
45	12826	0.4536098549820677	1.2328083580227662	5818	15812	47
46	12826	0.45774208638702635	1.2508966162482458	5871	16044	47
47	12826	0.4611726181194449	1.2739747388117886	5915	16340	47
48	12826	0.4643692499610167	1.296273195072509	5956	16626	47
49	12826	0.46826758147512865	1.3187275845937938	6006	16914	47
50	12826	0.4723218462498051	1.3397785747699984	6058	17184	47
51	12826	0.47629814439419926	1.3619210977701544	6109	17468	47
52	12826	0.47957274286605334	1.3811008888195853	6151	17714	47
53	12826	0.4826914080773429	1.4018400124746608	6191	17980	47
54	12826	0.48581007328863246	1.4208638702635272	6231	18224	47
55	12826	0.48861687197879305	1.4386402619678778	6267	18452	47
56	12826	0.49189147045064713	1.4609387182285982	6309	18738	47
57	12826	0.49430843598939656	1.481054108841416	6340	18996	47
58	12826	0.4972711679401216	1.5000779666302821	6378	19240	47
59	12826	0.5001559332605645	1.518945891158584	6415	19482	47
60	12826	0.5049118977077811	1.5424918135038204	6476	19784	47
61	12826	0.5079525962887884	1.559644472165913	6515	20004	47
62	12826	0.5102136285669734	1.5774208638702636	6544	20232	47
63	12826	0.5132543271479807	1.5970684547013878	6583	20484	47
64	12826	0.5160611258381412	1.6174957118353346	6619	20746	47
65	12826	0.5177763917043505	1.639482301574926	6641	21028	47
66	12826	0.5203492905036644	1.6599095587088726	6674	21290	47
67	12826	0.5230001559332605	1.6784656167160454	6708	21528	47
68	12826	0.5257289879931389	1.6957742086387027	6743	21750	47
69	12826	0.5286137533135817	1.7146421331670045	6780	21992	47
70	12826	0.5311866521128957	1.732418524871355	6813	22220	47
71	12826	0.5331358178699517	1.7472321846249805	6838	22410	47
72	12826	0.5362544830812412	1.7654763761110246	6878	22644	47
73	12826	0.5392172150319663	1.7824731015125526	6916	22862	47
74	12826	0.5412443474193045	1.797910494308436	6942	23060	47
75	12826	0.5437392795883362	1.813503820364884	6974	23260	47
76	12826	0.546624044908779	1.8286293466396382	7011	23454	47
77	12826	0.5497427101200686	1.8465616716045532	7051	23684	47
78	12826	0.5513800093559956	1.8613753313581787	7072	23874	47
79	12826	0.5540308747855918	1.8814907219709964	7106	24132	47
80	12826	0.557695306408857	1.9003586464992983	7153	24374	47
81	12826	0.5592546390145018	1.9147045064712302	7173	24558	47
82	12826	0.5623733042257913	1.9329486979572743	7213	24792	47
83	12826	0.5637767035708716	1.9477623577108998	7231	24982	47
84	12826	0.5661936691096211	1.963823483549041	7262	25188	47
85	12826	0.5676750350849836	1.9772337439575862	7281	25360	47
86	12826	0.5694682675814752	1.9923592702323405	7304	25554	47
87	12826	0.5714953999688134	2.009355995633869	7330	25772	47
88	12826	0.5728208326836114	2.023857788866365	7347	25958	47
89	12826	0.5744581319195384	2.0399189147045065	7368	26164	47
90	12826	0.575627631373772	2.0517698425074067	7383	26316	47
91	12826	0.5782784968033682	2.0689225011694994	7417	26536	47
92	12826	0.580539529081553	2.0845158272259474	7446	26736	47
93	12826	0.582800561359738	2.100421019803524	7475	26940	47
94	12826	0.5845158272259473	2.114455013254327	7497	27120	47
95	12826	0.5857632933104632	2.1289568064868236	7513	27306	47
96	12826	0.5875565258069546	2.144706065803836	7536	27508	47
97	12826	0.5898175580851396	2.1604553251208483	7565	27710	47
98	12826	0.5910650241696553	2.1754249181350382	7581	27902	47
99	12826	0.5928582566661469	2.1911741774520506	7604	28104	47
100	12826	0.5944955559020739	2.207703103071885	7625	28316	47
1	12826	0.025806954623421176	0.02635272103539685	331	338	48
2	12826	0.060813971620146574	0.06564790269764541	780	842	48
3	12826	0.08482769374707626	0.09543115546546078	1088	1224	48
4	12826	0.1061905504444098	0.12942460626851707	1362	1660	48
5	12826	0.1277093404023078	0.16076719164197723	1638	2062	48
6	12826	0.15242476220177764	0.20271323873382194	1955	2600	48
7	12826	0.17433338531108686	0.24309995322002184	2236	3118	48
8	12826	0.19179791049430844	0.2784968033681584	2460	3572	48
9	12826	0.2080149695930142	0.31093092156556995	2668	3988	48
10	12826	0.2225167628255107	0.34305317324185247	2854	4400	48
11	12826	0.23351005769530642	0.3720567597068455	2995	4772	48
12	12826	0.24746608451582722	0.404179011383128	3174	5184	48
13	12826	0.2596288788398565	0.43583346327771716	3330	5590	48
14	12826	0.2716357399033214	0.4707625136441603	3484	6038	48
15	12826	0.2817714018400125	0.5003898331514112	3614	6418	48
16	12826	0.2890222984562607	0.5261188211445501	3707	6748	48
17	12826	0.2957274286605333	0.5482613441447061	3793	7032	48
18	12826	0.3055512240760954	0.5766411975674411	3919	7396	48
19	12826	0.31319195384375487	0.6012786527366287	4017	7712	48
20	12826	0.31989708404802747	0.6298144394199283	4103	8078	48
21	12826	0.32675814751286447	0.657102760018712	4191	8428	48
22	12826	0.33463277717137063	0.6837673475752378	4292	8770	48
23	12826	0.34055824107282084	0.7060658038359582	4368	9056	48
24	12826	0.3481989708404803	0.7335100576953064	4466	9408	48
25	12826	0.3552159675658818	0.7600187119912677	4556	9748	48
26	12826	0.3617651645095899	0.7841883673787619	4640	10058	48
27	12826	0.36691096210821766	0.808358022766256	4706	10368	48
28	12826	0.37369405894277247	0.8372056759706845	4793	10738	48
29	12826	0.38016528925619836	0.8623109309215655	4876	11060	48
30	12826	0.3864026196787775	0.887572119133011	4956	11384	48
31	12826	0.39154841727740525	0.9114299079993763	5022	11690	48
32	12826	0.3984094807422423	0.9349758303446125	5110	11992	48
33	12826	0.40246374551691877	0.9597692187743646	5162	12310	48
34	12826	0.4067519101824419	0.9819117417745205	5217	12594	48
35	12826	0.4114299079993763	1.0053017308591923	5277	12894	48
36	12826	0.41439263995010134	1.0265086542959614	5315	13166	48
37	12826	0.4182130048339311	1.047559644472166	5364	13436	48
38	12826	0.422423202869172	1.0717292998596601	5418	13746	48
39	12826	0.4263995010135662	1.0951192889443317	5469	14046	48
40	12826	0.4302198658973959	1.1185092780290036	5518	14346	48
41	12826	0.434819897084048	1.140807734289724	5577	14632	48
42	12826	0.43965382816154686	1.1657570559800405	5639	14952	48
43	12826	0.4433182597848121	1.1857165133322938	5686	15208	48
44	12826	0.44893185716513334	1.2087946358958366	5758	15504	48
45	12826	0.45399968813347885	1.2296896928114767	5823	15772	48
46	12826	0.45672852019335725	1.2502728832059877	5858	16036	48
47	12826	0.46070481833775145	1.2703882738188055	5909	16294	48
48	12826	0.4653828161546858	1.2912833307344456	5969	16562	48
49	12826	0.47029471386246685	1.315141119600811	6032	16868	48
50	12826	0.4736472789646031	1.3352565102136287	6075	17126	48
51	12826	0.47762357710899733	1.3547481677841884	6126	17376	48
52	12826	0.4806642756900047	1.3753313581786994	6165	17640	48
53	12826	0.48362700764072974	1.3948230157492594	6203	17890	48
54	12826	0.4869795727428661	1.4132231404958677	6246	18126	48
55	12826	0.4900202713238734	1.4327147980664277	6285	18376	48
56	12826	0.4929830032745985	1.4565725869327928	6323	18682	48
57	12826	0.4954779354436301	1.4741930453765788	6355	18908	48
58	12826	0.4987525339154842	1.4958677685950412	6397	19186	48
59	12826	0.5011694994542336	1.5108373616092312	6428	19378	48
60	12826	0.5050678309683455	1.5301730859192266	6478	19626	48
61	12826	0.5088881958521753	1.5496647434897863	6527	19876	48
62	12826	0.5111492281303602	1.5683767347575237	6556	20116	48
63	12826	0.5139560268205208	1.584437860595665	6592	20322	48
64	12826	0.5160611258381412	1.600654919694371	6619	20530	48
65	12826	0.5187119912677374	1.6243567753001715	6653	20834	48
66	12826	0.5206611570247934	1.6401060346171838	6678	21036	48
67	12826	0.522142523000156	1.6580383595820989	6697	21266	48
68	12826	0.5247933884297521	1.6739435521596757	6731	21470	48
69	12826	0.5277561203804771	1.693903009511929	6769	21726	48
70	12826	0.5315764852643069	1.7152658662092624	6818	22000	48
71	12826	0.5335256510213628	1.7319507250896615	6843	22214	48
72	12826	0.5352409168875721	1.7461406518010292	6865	22396	48
73	12826	0.5379697489474505	1.7607983782940901	6900	22584	48
74	12826	0.5399968813347887	1.7804459691252144	6926	22836	48
75	12826	0.5418680804615624	1.7955714953999689	6950	23030	48
76	12826	0.5439731794791829	1.811944487759239	6977	23240	48
77	12826	0.5461562451270856	1.8290971464213317	7005	23460	48
78	12826	0.5484172774052706	1.844222672696086	7034	23654	48
79	12826	0.5506003430531733	1.8632465304849524	7062	23898	48
80	12826	0.5522376422891002	1.8808669889287386	7083	24124	48
81	12826	0.5542647746764385	1.8949009823795415	7109	24304	48
82	12826	0.556369873694059	1.9118977077810697	7136	24522	48
83	12826	0.5588648058630906	1.9301418992671138	7168	24756	48
84	12826	0.5608919382504288	1.9466708248869484	7194	24968	48
85	12826	0.5629970372680493	1.9627319507250898	7221	25174	48
86	12826	0.5649462030251052	1.9797286761266177	7246	25392	48
87	12826	0.5676750350849836	1.9959457352253236	7281	25600	48
88	12826	0.5695462342117573	2.012318727584594	7305	25810	48
89	12826	0.5724309995322002	2.032590051457976	7342	26070	48
90	12826	0.5747699984406673	2.0488071105566816	7372	26278	48
91	12826	0.5770310307188523	2.0647123031342587	7401	26482	48
92	12826	0.5782005301730859	2.0778106970216745	7416	26650	48
93	12826	0.5803835958209886	2.093559956338687	7444	26852	48
94	12826	0.5831903945111492	2.1089973491345706	7480	27050	48
95	12826	0.5852175268984875	2.123187275845938	7506	27232	48
96	12826	0.58669889287385	2.138624668641821	7525	27430	48
97	12826	0.5877904256978014	2.1543739279588334	7539	27632	48
98	12826	0.5895836581942928	2.171370653360362	7562	27850	48
99	12826	0.5918446904724778	2.187431779198503	7591	28056	48
100	12826	0.5937938562295337	2.2025573054732575	7616	28250	48
1	12826	0.02619678777483237	0.026820520817090285	336	344	49
2	12826	0.063230937158896	0.06829876812724155	811	876	49
3	12826	0.0869327927646967	0.09792608763449244	1115	1256	49
4	12826	0.10743801652892562	0.13036020583190394	1378	1672	49
5	12826	0.1269296740994854	0.1610790581631062	1628	2066	49
6	12826	0.15141119600810854	0.19975050678309683	1942	2562	49
7	12826	0.17308591922657102	0.2404490877904257	2220	3084	49
8	12826	0.19203181038515515	0.27709340402307814	2463	3554	49
9	12826	0.2109777015437393	0.30999532200218305	2706	3976	49
10	12826	0.22735069390300952	0.34461250584749725	2916	4420	49
11	12826	0.23857788866365195	0.3747076251364416	3060	4806	49
12	12826	0.25152034929050365	0.4054264774676439	3226	5200	49
13	12826	0.2611102448152191	0.436769062841104	3349	5602	49
14	12826	0.2726493060969905	0.47029471386246685	3497	6032	49
15	12826	0.28286293466396384	0.501325432714798	3628	6430	49
16	12826	0.2909714642133167	0.5268984874473726	3732	6758	49
17	12826	0.3003274598471854	0.5530952752222049	3852	7094	49
18	12826	0.3098393887416186	0.5816310619055044	3974	7460	49
19	12826	0.31724621861843133	0.6050210509901762	4069	7760	49
20	12826	0.3244191486043973	0.6349602370185561	4161	8144	49
21	12826	0.332449711523468	0.6611570247933884	4264	8480	49
22	12826	0.3411040074847965	0.6871978793076563	4375	8814	49
23	12826	0.3489786371433027	0.7138624668641821	4476	9156	49
24	12826	0.35568376734757523	0.7397473881178855	4562	9488	49
25	12826	0.36192109777015435	0.7659441758927179	4642	9824	49
26	12826	0.36691096210821766	0.7908934975830345	4706	10144	49
27	12826	0.3728364260096679	0.8156868860127865	4782	10462	49
28	12826	0.3778262903477312	0.8401684079214097	4846	10776	49
29	12826	0.38320598783720566	0.8644939965694682	4915	11088	49
30	12826	0.38967721815063155	0.8888195852175269	4998	11400	49
31	12826	0.3958365819429284	0.9147045064712304	5077	11732	49
32	12826	0.4003586464992983	0.9377826290347732	5135	12028	49
33	12826	0.40503664431623265	0.9611726181194449	5195	12328	49
34	12826	0.4101824419148604	0.9861219398097614	5261	12648	49
35	12826	0.4136909402775612	1.01044752845782	5306	12960	49
36	12826	0.41836893809449555	1.032901917979105	5366	13248	49
37	12826	0.4228130360205832	1.0548885077186965	5423	13530	49
38	12826	0.4264774676438484	1.0765632309371589	5470	13808	49
39	12826	0.4320130983938874	1.103695618275378	5541	14156	49
40	12826	0.43606736316856387	1.1266178075783564	5593	14450	49
41	12826	0.4399656946826758	1.1465772649306096	5643	14706	49
42	12826	0.4437080929362233	1.170123187275846	5691	15008	49
43	12826	0.4490877904256978	1.1914860439731796	5760	15282	49
44	12826	0.45275222204896304	1.212848900670513	5807	15556	49
45	12826	0.45797598627787306	1.2360829564946203	5874	15854	49
46	12826	0.4614065180102916	1.2569780134102604	5918	16122	49
47	12826	0.463823483549041	1.2797442694526742	5949	16414	49
48	12826	0.46850148136597536	1.3015749259317013	6009	16694	49
49	12826	0.4733354124434742	1.3269920474037111	6071	17020	49
50	12826	0.4774676438484329	1.3488227038827383	6124	17300	49
51	12826	0.47980664275690005	1.3701855605800717	6154	17574	49
52	12826	0.4841727740527054	1.393419616404179	6210	17872	49
53	12826	0.4872134726337128	1.4160299391860285	6249	18162	49
54	12826	0.4906440043661313	1.4372368626227974	6293	18434	49
55	12826	0.49415250272883204	1.4590675191018245	6338	18714	49
56	12826	0.4972711679401216	1.4818337751442383	6378	19006	49
57	12826	0.5006237330422579	1.501949165757056	6421	19264	49
58	12826	0.5037423982535475	1.5245594885389053	6461	19554	49
59	12826	0.5060034305317325	1.5432714798066427	6490	19794	49
60	12826	0.5094339622641509	1.562295337595509	6534	20038	49
61	12826	0.5121627943240293	1.5810073288632465	6569	20278	49
62	12826	0.5137221269296741	1.5970684547013878	6589	20484	49
63	12826	0.5164509589895525	1.6135973803212225	6624	20696	49
64	12826	0.5191797910494308	1.6340246374551692	6659	20958	49
65	12826	0.5218306564790269	1.6549196943708093	6693	21226	49
66	12826	0.5251832215811633	1.6748791517230626	6736	21482	49
67	12826	0.5288476532044285	1.6960860751598317	6783	21754	49
68	12826	0.5318883517854358	1.7155777327303914	6822	22004	49
69	12826	0.5336815842819274	1.7330422579136129	6845	22228	49
70	12826	0.5362544830812412	1.751598315920786	6878	22466	49
71	12826	0.5385155153594262	1.7670357087166693	6907	22664	49
72	12826	0.5406206143770467	1.7852799002027133	6934	22898	49
73	12826	0.5429596132855138	1.8013410260408544	6964	23104	49
74	12826	0.5448308124122876	1.816778418836738	6988	23302	49
75	12826	0.5467799781693435	1.8333073444565726	7013	23514	49
76	12826	0.5490410104475285	1.8471854046468112	7042	23692	49
77	12826	0.5512240760954311	1.8618431311398722	7070	23880	49
78	12826	0.5530173085919227	1.877748323717449	7093	24084	49
79	12826	0.5556681740215188	1.8942772493372837	7127	24296	49
80	12826	0.5573834398877281	1.9101824419148605	7149	24500	49
81	12826	0.559332605644784	1.9225011694994543	7174	24658	49
82	12826	0.5615156712926868	1.9388741618587244	7202	24868	49
83	12826	0.5640106034617184	1.9544674879151722	7234	25068	49
84	12826	0.5661936691096211	1.9728676126617808	7262	25304	49
85	12826	0.5682987681272416	1.989240605021051	7289	25514	49
86	12826	0.5709496335568377	2.0040542647746764	7323	25704	49
87	12826	0.5727428660533291	2.021830656479027	7346	25932	49
88	12826	0.57625136441603	2.037891782317168	7391	26138	49
89	12826	0.5773428972399813	2.0542647746764384	7405	26348	49
90	12826	0.5797598627787307	2.069078434430064	7436	26538	49
91	12826	0.5823327615780446	2.086387026352721	7469	26760	49
92	12826	0.5840480274442539	2.1008888195852173	7491	26946	49
93	12826	0.5866209262435678	2.1166380789022297	7524	27148	49
94	12826	0.588648058630906	2.1334788710431933	7550	27364	49
95	12826	0.590285357866833	2.1496959301418994	7571	27572	49
96	12826	0.5923124902541712	2.166536722282863	7597	27788	49
97	12826	0.5936379229689693	2.179946982691408	7614	27960	49
98	12826	0.5951972555746141	2.1936691096210823	7634	28136	49
99	12826	0.5979260876344924	2.2094183689380946	7669	28338	49
100	12826	0.5998752533915485	2.2228286293466395	7694	28510	49
1	12826	0.022922189302978326	0.02338998908467176	294	300	50
2	12826	0.05785123966942149	0.062217370965226886	742	798	50
3	12826	0.0859192265710276	0.09589895524715422	1102	1230	50
4	12826	0.10798378294090129	0.1278652736628723	1385	1640	50
5	12826	0.1284890067051302	0.15842819273351005	1648	2032	50
6	12826	0.14907219709964134	0.19538437548729143	1912	2506	50
7	12826	0.1700452206455637	0.2353032901917979	2181	3018	50
8	12826	0.18446904724777796	0.26680180882582255	2366	3422	50
9	12826	0.19897084048027444	0.29923592702323404	2552	3838	50
10	12826	0.21565569936067364	0.3336971776079838	2766	4280	50
11	12826	0.22836426009667862	0.3653516295025729	2929	4686	50
12	12826	0.2422423202869172	0.3956026820520817	3107	5074	50
13	12826	0.2528457820053017	0.42507406829876815	3243	5452	50
14	12826	0.26578824263215345	0.45969125214408235	3409	5896	50
15	12826	0.2768595041322314	0.4899423046935911	3551	6284	50
16	12826	0.28738499922033367	0.5200374239825355	3686	6670	50
17	12826	0.29619522844222673	0.5479494776235772	3799	7028	50
18	12826	0.3058630905972244	0.5749259317012319	3923	7374	50
19	12826	0.3128800873226259	0.6004989864338063	4013	7702	50
20	12826	0.32091065024169657	0.6318415718072665	4116	8104	50
21	12826	0.32847341337907376	0.6597536254483082	4213	8462	50
22	12826	0.3339310774988305	0.6839232808358022	4283	8772	50
23	12826	0.33931077498830503	0.7060658038359582	4352	9056	50
24	12826	0.3469515047559644	0.7325744581319196	4450	9396	50
25	12826	0.3537346015905193	0.7614221113363481	4537	9766	50
26	12826	0.359504132231405	0.7855917667238422	4611	10076	50
27	12826	0.3645719631997505	0.808981755808514	4676	10376	50
28	12826	0.37143302666458755	0.8356463433650397	4764	10718	50
29	12826	0.37735849056603776	0.8623109309215655	4840	11060	50
30	12826	0.38273818805551224	0.8872602526118821	4909	11380	50
31	12826	0.3885856853266802	0.9111180414782473	4984	11686	50
32	12826	0.39349758303446125	0.9340402307812257	5047	11980	50
33	12826	0.39825354748167785	0.9589895524715422	5108	12300	50
34	12826	0.4026196787774832	0.9834710743801653	5164	12614	50
35	12826	0.4071417433338531	1.0067051302042727	5222	12912	50
36	12826	0.41439263995010134	1.0327459847185405	5315	13246	50
37	12826	0.4192265710276002	1.0552003742398253	5377	13534	50
38	12826	0.4242164353656635	1.0809293622329643	5441	13864	50
39	12826	0.4278029003586465	1.1040074847965071	5487	14160	50
40	12826	0.43138936535162953	1.125526274754405	5533	14436	50
41	12826	0.4341961640417901	1.145329798846094	5569	14690	50
42	12826	0.43825042881646653	1.170435053796975	5621	15012	50
43	12826	0.4425385934819897	1.1924216435365664	5676	15294	50
44	12826	0.44667082488694837	1.2148760330578512	5729	15582	50
45	12826	0.4512708560736005	1.2356151567129268	5788	15848	50
46	12826	0.45477935443630124	1.2579136129736472	5833	16134	50
47	12826	0.45945735225323564	1.2781849368470295	5893	16394	50
48	12826	0.4630438172462186	1.2979884609387182	5939	16648	50
49	12826	0.46569468267581476	1.317791985030407	5973	16902	50
50	12826	0.4684235147356931	1.3374395758615312	6008	17154	50
51	12826	0.4707625136441603	1.3594261656011226	6038	17436	50
52	12826	0.4733354124434742	1.3789178231716825	6071	17686	50
53	12826	0.47684391080617494	1.4004366131295805	6116	17962	50
54	12826	0.47926087634492437	1.4193045376578823	6147	18204	50
55	12826	0.48253547481677844	1.4411351941369095	6189	18484	50
56	12826	0.4869016061125838	1.466084515827226	6245	18804	50
57	12826	0.49079993762669577	1.487291439263995	6295	19076	50
58	12826	0.49329486979572745	1.5080305629190707	6327	19342	50
59	12826	0.49656946826758147	1.5278340870107594	6369	19596	50
60	12826	0.49968813347887103	1.5454545454545454	6409	19822	50
61	12826	0.5030406985810073	1.5655699360673632	6452	20080	50
62	12826	0.5056135973803212	1.5831903945111492	6485	20306	50
63	12826	0.5084203960704818	1.6045532512084828	6521	20580	50
64	12826	0.5113831280212069	1.6218618431311398	6559	20802	50
65	12826	0.5138780601902386	1.642445033525651	6591	21066	50
66	12826	0.5169967254015282	1.6625604241384688	6631	21324	50
67	12826	0.5199594573522532	1.681896148448464	6669	21572	50
68	12826	0.5222204896304382	1.69951660689225	6698	21798	50
69	12826	0.525105254950881	1.7179167316388586	6735	22034	50
70	12826	0.5276781537501949	1.7356931233432091	6768	22262	50
71	12826	0.5311866521128957	1.7530017152658661	6813	22484	50
72	12826	0.5332917511305162	1.7690628411040075	6840	22690	50
73	12826	0.5356307500389833	1.7862154997661002	6870	22910	50
74	12826	0.5378917823171683	1.8008732262591611	6899	23098	50
75	12826	0.5403087478559176	1.8163106190550444	6930	23296	50
76	12826	0.5423358802432559	1.8309683455481054	6956	23484	50
77	12826	0.5451426789334165	1.8485888039918914	6992	23710	50
78	12826	0.5467020115390613	1.8626227974426945	7012	23890	50
79	12826	0.5491969437080929	1.8838297208794637	7044	24162	50
80	12826	0.5514579759862779	1.8998908467176048	7073	24368	50
81	12826	0.5526274754405115	1.912677374083892	7088	24532	50
82	12826	0.5561359738032122	1.9327927646967098	7133	24790	50
83	12826	0.5592546390145018	1.9490098237954157	7173	24998	50
84	12826	0.5598004054264775	1.962887883985654	7180	25176	50
85	12826	0.5625292374863559	1.9795727428660532	7215	25390	50
86	12826	0.5640885700920006	1.9943864026196787	7235	25580	50
87	12826	0.5658818025884921	2.0121627943240292	7258	25808	50
88	12826	0.5683767347575238	2.0276001871199125	7290	26006	50
89	12826	0.5702479338842975	2.0450647123031342	7314	26230	50
90	12826	0.5722750662716357	2.0617495711835336	7340	26444	50
91	12826	0.5737564322469982	2.07625136441603	7359	26630	50
92	12826	0.5750818649617964	2.0898175580851395	7376	26804	50
93	12826	0.5764072976765944	2.1041634180570714	7393	26988	50
94	12826	0.5781225635428037	2.118509278029004	7415	27172	50
95	12826	0.579837829409013	2.1355060034305318	7437	27390	50
96	12826	0.5817869951660689	2.1526586620926245	7462	27610	50
97	12826	0.5835022610322782	2.1673163885856854	7484	27798	50
98	12826	0.5856073600498987	2.182597848121004	7511	27994	50
99	12826	0.5876344924372369	2.199126773740839	7537	28206	50
100	12826	0.5899734913457041	2.213160767191642	7567	28386	50
1	12826	0.02448152190862311	0.024949321690316544	314	320	51
2	12826	0.06354280368002495	0.06751910182441914	815	866	51
3	12826	0.09036332449711523	0.09932948697957274	1159	1274	51
4	12826	0.11351941369094028	0.13238733821924217	1456	1698	51
5	12826	0.13191953843754872	0.16123499142367068	1692	2068	51
6	12826	0.15577732730391392	0.20021830656479028	1998	2568	51
7	12826	0.17885544986745672	0.24294401995945736	2294	3116	51
8	12826	0.1942928426633401	0.274442538593482	2492	3520	51
9	12826	0.20957430219865897	0.3089037891782317	2688	3962	51
10	12826	0.22407609543115548	0.3435209730235459	2874	4406	51
11	12826	0.23725245594885389	0.3733042257913613	3043	4788	51
12	12826	0.24855761733977857	0.40605021050990175	3188	5208	51
13	12826	0.25806954623421174	0.437080929362233	3310	5606	51
14	12826	0.2702323405582411	0.4707625136441603	3466	6038	51
15	12826	0.2806798690160611	0.5025728987993139	3600	6446	51
16	12826	0.2875409324808982	0.5279900202713239	3688	6772	51
17	12826	0.29486979572742866	0.5509122095743022	3782	7066	51
18	12826	0.3035240916887572	0.5783564634336504	3893	7418	51
19	12826	0.3096834554810541	0.6015905192577576	3972	7716	51
20	12826	0.3163885856853267	0.6321534383283954	4058	8108	51
21	12826	0.3237954155621394	0.6589739591454857	4153	8452	51
22	12826	0.33003274598471855	0.6847029471386247	4233	8782	51
23	12826	0.3354904101044753	0.707001403399345	4303	9068	51
24	12826	0.34258537346015905	0.7317947918290971	4394	9386	51
25	12826	0.34882270388273817	0.7598627787307033	4474	9746	51
26	12826	0.3542024013722127	0.7840324341181975	4543	10056	51
27	12826	0.3597380321222517	0.8091376890690785	4614	10378	51
28	12826	0.3658194292842663	0.834087010759395	4692	10698	51
29	12826	0.37221269296740994	0.8601278652736629	4774	11032	51
30	12826	0.37821612349914235	0.8822703882738188	4851	11316	51
31	12826	0.384297520661157	0.9086231093092156	4929	11654	51
32	12826	0.3888195852175269	0.9304537657882427	4987	11934	51
33	12826	0.3916263839076875	0.9511928894433183	5023	12200	51
34	12826	0.39731794791829095	0.9755184780913769	5096	12512	51
35	12826	0.40222984562607206	0.9996881334788711	5159	12822	51
36	12826	0.40823327615780447	1.021830656479027	5236	13106	51
37	12826	0.4122875409324809	1.0419460470918447	5288	13364	51
38	12826	0.41758927179167316	1.064868236394823	5356	13658	51
39	12826	0.4226571027600187	1.0893497583034462	5421	13972	51
40	12826	0.4271791673163886	1.1139872134726336	5479	14288	51
41	12826	0.43170123187275844	1.1392484016840791	5537	14612	51
42	12826	0.43669109621082175	1.1624824575081865	5601	14910	51
43	12826	0.441992827070014	1.1855605800717293	5669	15206	51
44	12826	0.4461250584749727	1.2067675035084984	5722	15478	51
45	12826	0.4498674567285202	1.2251676282551067	5770	15714	51
46	12826	0.4532979884609387	1.246062685170747	5814	15982	51
47	12826	0.4568844534539217	1.266022142523	5860	16238	51
48	12826	0.45992515203492906	1.2878527990020272	5899	16518	51
49	12826	0.4648370497427101	1.3120224543895214	5962	16828	51
50	12826	0.46935911429908	1.336036176516451	6020	17136	51
51	12826	0.4723998128800873	1.3591142990799938	6059	17432	51
52	12826	0.47699984406673945	1.3835958209886168	6118	17746	51
53	12826	0.4789490098237954	1.404179011383128	6143	18010	51
54	12826	0.48159987525339154	1.423358802432559	6177	18256	51
55	12826	0.48557617339778575	1.4455013254327147	6228	18540	51
56	12826	0.48853890534851085	1.4662404490877905	6266	18806	51
57	12826	0.4912677374083892	1.486979572742866	6301	19072	51
58	12826	0.4939965694682676	1.5069390300951193	6336	19328	51
59	12826	0.4968033681584282	1.5253391548417277	6372	19564	51
60	12826	0.5002338998908468	1.5437392795883362	6416	19800	51
61	12826	0.5031186652112896	1.5633868704194605	6453	20052	51
62	12826	0.505847497271168	1.5805395290815532	6488	20272	51
63	12826	0.5090441291127398	1.599407453609855	6529	20514	51
64	12826	0.5125526274754405	1.6190550444409793	6574	20766	51
65	12826	0.5159051925775768	1.6396382348354903	6617	21030	51
66	12826	0.519257757679713	1.6574146265398408	6660	21258	51
67	12826	0.521518789957898	1.6751910182441916	6689	21486	51
68	12826	0.5235459223452362	1.6917199438640262	6715	21698	51
69	12826	0.5261967877748324	1.7116794012162795	6749	21954	51
70	12826	0.5305629190706378	1.7316388585685327	6805	22210	51
71	12826	0.5326680180882583	1.7487915172306252	6832	22430	51
72	12826	0.5351629502572899	1.7664119756744114	6864	22656	51
73	12826	0.5385155153594262	1.7816934352097302	6907	22852	51
74	12826	0.5410884141587401	1.797598627787307	6940	23056	51
75	12826	0.543661312958054	1.8141275534071417	6973	23268	51
76	12826	0.5454545454545454	1.8286293466396382	6996	23454	51
77	12826	0.5480274442538593	1.8443786059566505	7029	23656	51
78	12826	0.5514579759862779	1.8619990644004367	7073	23882	51
79	12826	0.5535630750038983	1.8805551224076096	7100	24120	51
80	12826	0.5562919070637767	1.899267113675347	7135	24360	51
81	12826	0.5578512396694215	1.9104943084359893	7155	24504	51
82	12826	0.5598004054264775	1.9265554342741307	7180	24710	51
83	12826	0.5614377046624045	1.9421487603305785	7201	24910	51
84	12826	0.5637767035708716	1.9586776859504131	7231	25122	51
85	12826	0.5657258693279277	1.9758303446125058	7256	25342	51
86	12826	0.5672852019335725	1.992827070014034	7276	25560	51
87	12826	0.5697801341026041	2.0106034617183846	7308	25788	51
88	12826	0.5712615000779666	2.0246374551691875	7327	25968	51
89	12826	0.5747699984406673	2.0438172462186186	7372	26214	51
90	12826	0.5771869639794168	2.058630905972244	7403	26404	51
91	12826	0.579214096366755	2.075627631373772	7429	26622	51
92	12826	0.5809293622329643	2.092000623733042	7451	26832	51
93	12826	0.5833463277717137	2.1083736160923126	7482	27042	51
94	12826	0.5849056603773585	2.1236550756276316	7502	27238	51
95	12826	0.5866209262435678	2.1409636675502886	7524	27460	51
96	12826	0.5883361921097771	2.1553095275222205	7546	27644	51
97	12826	0.5897395914548573	2.170746920318104	7564	27842	51
98	12826	0.5916887572119133	2.1857165133322938	7589	28034	51
99	12826	0.5942616560112272	2.201309839388742	7622	28234	51
100	12826	0.596834554810541	2.218462498050834	7655	28454	51
1	12826	0.025339154841727742	0.025884921253703414	325	332	52
2	12826	0.05995633868704195	0.06455636987369406	769	828	52
3	12826	0.08490566037735849	0.09558708872602525	1089	1226	52
4	12826	0.10790581631061906	0.12880087322625916	1384	1652	52
5	12826	0.12778730703259006	0.16014345859971932	1639	2054	52
6	12826	0.15226882894121316	0.2006861063464837	1953	2574	52
7	12826	0.1758147512864494	0.241852487135506	2255	3102	52
8	12826	0.1917199438640262	0.2742866053329175	2459	3518	52
9	12826	0.20700140339934509	0.3062529237486356	2655	3928	52
10	12826	0.22119133011071263	0.3394667082488695	2837	4354	52
11	12826	0.23280835802276625	0.37158895992515206	2986	4766	52
12	12826	0.2444253859348199	0.3999688133478871	3135	5130	52
13	12826	0.2554186808046156	0.4325588648058631	3276	5548	52
14	12826	0.2679713082800561	0.46670824886948387	3437	5986	52
15	12826	0.27654763761110246	0.4982067675035085	3547	6390	52
16	12826	0.28730703259005147	0.5281459535318883	3685	6774	52
17	12826	0.2951036956182754	0.5534071417433338	3785	7098	52
18	12826	0.30492749103383754	0.580539529081553	3911	7446	52
19	12826	0.3124122875409325	0.6048651177296117	4007	7758	52
20	12826	0.3191953843754873	0.6340246374551692	4094	8132	52
21	12826	0.32551068142834866	0.6572586932792764	4175	8430	52
22	12826	0.33322937782629036	0.6829876812724154	4274	8760	52
23	12826	0.34001247466084517	0.7060658038359582	4361	9056	52
24	12826	0.3476532044285046	0.7350693903009512	4459	9428	52
25	12826	0.35256510213628567	0.7598627787307033	4522	9746	52
26	12826	0.35833463277717137	0.7827849680336816	4596	10040	52
27	12826	0.36285669733354126	0.8075783564634337	4654	10358	52
28	12826	0.3697957274286605	0.8333073444565726	4743	10688	52
29	12826	0.3765788242632153	0.8596600654919694	4830	11026	52
30	12826	0.3816466552315609	0.8827381880555123	4895	11322	52
31	12826	0.3871043193513176	0.9081553095275222	4965	11648	52
32	12826	0.39131451738655854	0.9295181662248557	5019	11922	52
33	12826	0.39552471542179946	0.9524403555278341	5073	12216	52
34	12826	0.400904412911274	0.97458287852799	5142	12500	52
35	12826	0.40527054420707936	0.996413535007017	5198	12780	52
36	12826	0.41080617495711835	1.0190238577888664	5269	13070	52
37	12826	0.4164197723374396	1.0417901138312802	5341	13362	52
38	12826	0.4217215031966318	1.0661157024793388	5409	13674	52
39	12826	0.42663340090441293	1.0904412911273975	5472	13986	52
40	12826	0.431545298612194	1.1161702791205363	5535	14316	52
41	12826	0.4363012630594106	1.1387806019023858	5596	14606	52
42	12826	0.44090129424606267	1.1638858568532668	5655	14928	52
43	12826	0.4444877592390457	1.183221581163262	5701	15176	52
44	12826	0.44900982379541554	1.205987837205676	5759	15468	52
45	12826	0.45314205520037426	1.2251676282551067	5812	15714	52
46	12826	0.4570403867144862	1.248713550600343	5862	16016	52
47	12826	0.4610166848588804	1.2696086075159831	5913	16284	52
48	12826	0.46390145017932327	1.2892561983471074	5950	16536	52
49	12826	0.46670824886948387	1.3098393887416186	5986	16800	52
50	12826	0.4701387806019024	1.3287073132699205	6030	17042	52
51	12826	0.4739591454857321	1.3520973023545921	6079	17342	52
52	12826	0.4777015437392796	1.3714330266645876	6127	17590	52
53	12826	0.4816778418836738	1.3929518166224857	6178	17866	52
54	12826	0.48432870731326993	1.4099485420240137	6212	18084	52
55	12826	0.4874473725245595	1.4303757991579604	6252	18346	52
56	12826	0.49111180414782474	1.4536098549820677	6299	18644	52
57	12826	0.49508810229221895	1.4745049118977078	6350	18912	52
58	12826	0.4984406673943552	1.4935287696865742	6393	19156	52
59	12826	0.5015593326056448	1.5138000935599563	6433	19416	52
60	12826	0.5055356307500389	1.534227350693903	6484	19678	52
61	12826	0.5081864961796351	1.5502884765320444	6518	19884	52
62	12826	0.5111492281303602	1.5711835334476845	6556	20152	52
63	12826	0.514033993450803	1.5905192577576797	6593	20400	52
64	12826	0.5172306252923748	1.6117261811944488	6634	20672	52
65	12826	0.5208170902853578	1.6329331046312179	6680	20944	52
66	12826	0.5226882894121316	1.6500857632933104	6704	21164	52
67	12826	0.5244815219086231	1.667550288476532	6727	21388	52
68	12826	0.5268205208170903	1.6839232808358022	6757	21598	52
69	12826	0.5283798534227351	1.7020115390612818	6777	21830	52
70	12826	0.530952752222049	1.7176048651177296	6810	22030	52
71	12826	0.5331358178699517	1.733354124434742	6838	22232	52
72	12826	0.5354748167784188	1.751286449399657	6868	22462	52
73	12826	0.5383595820988617	1.7682831748011851	6905	22680	52
74	12826	0.5403087478559176	1.7848121004210198	6930	22892	52
75	12826	0.543037579915796	1.8022766256042413	6965	23116	52
76	12826	0.5449087790425697	1.8170902853578668	6989	23306	52
77	12826	0.5465460782784968	1.8336192109777016	7010	23518	52
78	12826	0.5490410104475285	1.8529549352876968	7042	23766	52
79	12826	0.5513020427257134	1.8719787930765632	7071	24010	52
80	12826	0.5532512084827694	1.8906907843443006	7096	24250	52
81	12826	0.5558241072820833	1.903789178231717	7129	24418	52
82	12826	0.5580851395602682	1.9209418368938094	7158	24638	52
83	12826	0.5595665055356307	1.935443630126306	7177	24824	52
84	12826	0.5617495711835334	1.9504132231404958	7205	25016	52
85	12826	0.5634648370497427	1.9649150163729923	7227	25202	52
86	12826	0.5660377358490566	1.9811320754716981	7260	25410	52
87	12826	0.5678309683455481	1.9989084671760486	7283	25638	52
88	12826	0.5697801341026041	2.0154373927958833	7308	25850	52
89	12826	0.5718072664899423	2.0313425853734604	7334	26054	52
90	12826	0.5737564322469982	2.0470918446904727	7359	26256	52
91	12826	0.5763293310463122	2.0611258381412756	7392	26436	52
92	12826	0.5776547637611102	2.0782784968033683	7409	26656	52
93	12826	0.5795259628878839	2.0940277561203806	7433	26858	52
94	12826	0.5813191953843755	2.1079058163106192	7456	27036	52
95	12826	0.583112427880867	2.123187275845938	7479	27232	52
96	12826	0.5849056603773585	2.1409636675502886	7502	27460	52
97	12826	0.5868548261344144	2.1549976610010915	7527	27640	52
98	12826	0.5889599251520349	2.1701231872758457	7554	27834	52
99	12826	0.5905972243879619	2.1846249805083424	7575	28020	52
100	12826	0.5918446904724778	2.1995945735225324	7591	28212	52
1	12826	0.026040854514267894	0.026508654295961328	334	340	53
2	12826	0.06167160455325121	0.06564790269764541	791	842	53
3	12826	0.08443786059566505	0.09449555590207391	1083	1212	53
4	12826	0.10463121783876501	0.12334320910650241	1342	1582	53
5	12826	0.1252923748635584	0.15359426165601123	1607	1970	53
6	12826	0.14681116482145642	0.1899267113675347	1883	2436	53
7	12826	0.1712147200997973	0.23265242476220177	2196	2984	53
8	12826	0.18657414626539842	0.26555434274130674	2393	3406	53
9	12826	0.2024793388429752	0.29923592702323404	2597	3838	53
10	12826	0.21604553251208483	0.3304225791361297	2771	4238	53
11	12826	0.22758459379385623	0.3594261656011227	2919	4610	53
12	12826	0.2400592546390145	0.38874161858724465	3079	4986	53
13	12826	0.2504288164665523	0.4189926711367535	3212	5374	53
14	12826	0.26204584437860595	0.45017932324964915	3361	5774	53
15	12826	0.2717137065336036	0.480430375799158	3485	6162	53
16	12826	0.2807578356463434	0.5086542959613286	3601	6524	53
17	12826	0.28987993138936535	0.5340714174333385	3718	6850	53
18	12826	0.30095119288944333	0.5649462030251052	3860	7246	53
19	12826	0.30742242320286917	0.5883361921097771	3943	7546	53
20	12826	0.31475128644939965	0.6174957118353345	4037	7920	53
21	12826	0.32091065024169657	0.6408857009200062	4116	8220	53
22	12826	0.32847341337907376	0.6644316232652425	4213	8522	53
23	12826	0.33463277717137063	0.6867300795259629	4292	8808	53
24	12826	0.343209106502417	0.71448619990644	4402	9164	53
25	12826	0.35014813659753624	0.7436457196319975	4491	9538	53
26	12826	0.35661936691096213	0.7698425074068299	4574	9874	53
27	12826	0.3625448308124123	0.7968189614844846	4650	10220	53
28	12826	0.36924996101668484	0.8220801496959301	4736	10544	53
29	12826	0.37618899111180415	0.848432870731327	4825	10882	53
30	12826	0.3812568220801497	0.8710431935131764	4890	11172	53
31	12826	0.38694838609075316	0.8949009823795415	4963	11478	53
32	12826	0.3910806174957118	0.9170435053796975	5016	11762	53
33	12826	0.3961484484640574	0.9410572275066271	5081	12070	53
34	12826	0.4007484796507095	0.9655387494152503	5140	12384	53
35	12826	0.40527054420707936	0.9887728052393575	5198	12682	53
36	12826	0.4112739747388118	1.011694994542336	5275	12976	53
37	12826	0.41634180570715734	1.0321222516762825	5340	13238	53
38	12826	0.4202401372212693	1.0558241072820833	5390	13542	53
39	12826	0.4254639014501793	1.080149695930142	5457	13854	53
40	12826	0.43068766567908934	1.1018244191486044	5524	14132	53
41	12826	0.43583346327771716	1.1247466084515827	5590	14426	53
42	12826	0.4412911273974739	1.1492281303602059	5660	14740	53
43	12826	0.44620302510525495	1.1702791205364105	5723	15010	53
44	12826	0.45041322314049587	1.1942928426633401	5777	15318	53
45	12826	0.4543115546546078	1.2144082332761579	5827	15576	53
46	12826	0.4576641197567441	1.2357710899734913	5870	15850	53
47	12826	0.4614065180102916	1.257133946670825	5918	16124	53
48	12826	0.4651489162638391	1.2797442694526742	5966	16414	53
49	12826	0.4678777483237174	1.3026664587556527	6001	16708	53
50	12826	0.47052861375331356	1.32137845002339	6035	16948	53
51	12826	0.4753625448308124	1.3449243723686262	6097	17250	53
52	12826	0.47777951036956184	1.3645719631997506	6128	17502	53
53	12826	0.4821456416653672	1.3876500857632934	6184	17798	53
54	12826	0.485654140028068	1.4063620770310308	6229	18038	53
55	12826	0.48853890534851085	1.4249181350382036	6266	18276	53
56	12826	0.49056603773584906	1.4440979260876345	6292	18522	53
57	12826	0.4936847029471386	1.4634336503976297	6332	18770	53
58	12826	0.4966474348978637	1.484016840792141	6370	19034	53
59	12826	0.49984406673943554	1.5033525651021362	6411	19282	53
60	12826	0.503586464992983	1.5247154217994698	6459	19556	53
61	12826	0.5073288632465305	1.545298612193981	6507	19820	53
62	12826	0.5096678621549977	1.5643224699828473	6537	20064	53
63	12826	0.5120848276937471	1.5824107282083268	6568	20296	53
64	12826	0.5150475596444721	1.6003430531732419	6606	20526	53
65	12826	0.5183221581163262	1.6203025105254951	6648	20782	53
66	12826	0.5202713238733822	1.6368314361453298	6673	20994	53
67	12826	0.5230781225635428	1.658350226103228	6709	21270	53
68	12826	0.5254950881022922	1.6740994854202402	6740	21472	53
69	12826	0.529003586464993	1.6929674099485421	6785	21714	53
70	12826	0.5319663184157181	1.7127709340402308	6823	21968	53
71	12826	0.5339934508030563	1.7274286605332918	6849	22156	53
72	12826	0.5368782161234992	1.7459847185404647	6886	22394	53
73	12826	0.5394511149228131	1.7639170435053797	6919	22624	53
74	12826	0.5424138468735381	1.7816934352097302	6957	22852	53
75	12826	0.5456884453453922	1.8008732262591611	6999	23098	53
76	12826	0.547247777951037	1.8139716201465772	7019	23266	53
77	12826	0.548885077186964	1.8320598783720567	7040	23498	53
78	12826	0.5509901762045845	1.8479650709496336	7067	23702	53
79	12826	0.5532512084827694	1.866365195696242	7096	23938	53
80	12826	0.5570715733665991	1.8867924528301887	7145	24200	53
81	12826	0.5589427724933729	1.9017620458443787	7169	24392	53
82	12826	0.5609699048807111	1.9192265710276002	7195	24616	53
83	12826	0.5630750038983315	1.9335724309995321	7222	24800	53
84	12826	0.5647902697645408	1.948230157492593	7244	24988	53
85	12826	0.5665835022610323	1.9636675502884766	7267	25186	53
86	12826	0.5684547013878061	1.9792608763449244	7291	25386	53
87	12826	0.5713394667082489	1.9982847341337908	7328	25630	53
88	12826	0.5731326992047404	2.012006861063465	7351	25806	53
89	12826	0.5751598315920786	2.029471386246686	7377	26030	53
90	12826	0.5776547637611102	2.044129112739747	7409	26218	53
91	12826	0.5792920629970373	2.0608139716201466	7430	26432	53
92	12826	0.5804615624512709	2.073600498986434	7445	26596	53
93	12826	0.5820208950569157	2.089037891782317	7465	26794	53
94	12826	0.5835802276625605	2.1019803524091687	7485	26960	53
95	12826	0.5857632933104632	2.1158584125994073	7513	27138	53
96	12826	0.5874785591766724	2.1280212069234365	7535	27294	53
97	12826	0.5897395914548573	2.145641665367223	7564	27520	53
98	12826	0.591610790581631	2.1607671916419773	7588	27714	53
99	12826	0.5936379229689693	2.1780757835646343	7614	27936	53
100	12826	0.5948853890534851	2.191018244191486	7630	28102	53
1	12826	0.023701855605800716	0.024013722126929673	304	308	54
2	12826	0.05948853890534851	0.06377670357087167	763	818	54
3	12826	0.08178699516606892	0.09293622329642913	1049	1192	54
4	12826	0.1058007172929986	0.12817714018400125	1357	1644	54
5	12826	0.12661780757835647	0.16045532512084829	1624	2058	54
6	12826	0.14766879775456104	0.19600810852954936	1894	2514	54
7	12826	0.17027912053641042	0.23733042257913614	2184	3044	54
8	12826	0.18657414626539842	0.2716357399033214	2393	3484	54
9	12826	0.20021830656479028	0.3020427257133947	2568	3874	54
10	12826	0.2140184001247466	0.33307344456572585	2745	4272	54
11	12826	0.22438796195228441	0.36207703103071887	2878	4644	54
12	12826	0.23912365507562763	0.39373148292530796	3067	5050	54
13	12826	0.250662716357399	0.42491813503820364	3215	5450	54
14	12826	0.2634492437236863	0.46171838453142056	3379	5922	54
15	12826	0.27381880555122406	0.4936847029471386	3512	6332	54
16	12826	0.28364260096678623	0.5225323561515671	3638	6702	54
17	12826	0.2935443630126306	0.548573210665835	3765	7036	54
18	12826	0.30258849212537037	0.5782005301730859	3881	7416	54
19	12826	0.3113987213472634	0.6047091844690472	3994	7756	54
20	12826	0.32028691719943864	0.6354280368002495	4108	8150	54
21	12826	0.32800561359738034	0.6619366910962108	4207	8490	54
22	12826	0.3353344768439108	0.6887572119133011	4301	8834	54
23	12826	0.3416497738967722	0.7166692655543427	4382	9192	54
24	12826	0.34913457040386714	0.743489786371433	4478	9536	54
25	12826	0.35412443474193045	0.768906907843443	4542	9862	54
26	12826	0.3622329642912833	0.7957274286605333	4646	10206	54
27	12826	0.36823639482301573	0.8198970840480274	4723	10516	54
28	12826	0.3750974582878528	0.8489006705130204	4811	10888	54
29	12826	0.3822703882738188	0.8749415250272883	4903	11222	54
30	12826	0.3876500857632933	0.8970840480274442	4972	11506	54
31	12826	0.3936535162950257	0.9248401684079214	5049	11862	54
32	12826	0.39887728052393573	0.945267425541868	5116	12124	54
33	12826	0.40347731171058787	0.9686574146265399	5175	12424	54
34	12826	0.40807734289723996	0.9923592702323406	5234	12728	54
35	12826	0.4118977077810697	1.014345859971932	5283	13010	54
36	12826	0.4164977389677218	1.0366443162326524	5342	13296	54
37	12826	0.42086387026352723	1.0566037735849056	5398	13552	54
38	12826	0.426009667862155	1.0810852954935288	5464	13866	54
39	12826	0.4299859660065492	1.1047871510993295	5515	14170	54
40	12826	0.43567753001715265	1.1311398721347263	5588	14508	54
41	12826	0.4395758615312646	1.1504755964447217	5638	14756	54
42	12826	0.4438640261967878	1.172774052705442	5693	15042	54
43	12826	0.44721659129892405	1.191953843754873	5736	15288	54
44	12826	0.4518945891158584	1.2137845002338998	5796	15568	54
45	12826	0.45594885389053486	1.231093092156557	5848	15790	54
46	12826	0.4592234523623889	1.2523000155933262	5890	16062	54
47	12826	0.4630438172462186	1.2752222048963044	5939	16356	54
48	12826	0.46826758147512865	1.2975206611570247	6006	16642	54
49	12826	0.4723998128800873	1.3205987837205675	6059	16938	54
50	12826	0.47606424450335255	1.3421175736784656	6106	17214	54
51	12826	0.4805083424294402	1.3659753625448308	6163	17520	54
52	12826	0.48440667394355214	1.3887416185872448	6213	17812	54
53	12826	0.4869795727428661	1.4091688757211913	6246	18074	54
54	12826	0.4896304381724622	1.425697801341026	6280	18286	54
55	12826	0.4927491033837518	1.4459691252144082	6320	18546	54
56	12826	0.4960237018556058	1.466396382348355	6362	18808	54
57	12826	0.4997661001091533	1.4858880399189147	6410	19058	54
58	12826	0.5024949321690316	1.5050678309683456	6445	19304	54
59	12826	0.5042881646655232	1.522220489630438	6468	19524	54
60	12826	0.5082644628099173	1.5448308124122876	6519	19814	54
61	12826	0.511071261500078	1.56650553563075	6555	20092	54
62	12826	0.5135661936691096	1.5867768595041323	6587	20352	54
63	12826	0.5162170590987057	1.6059566505535632	6621	20598	54
64	12826	0.5181662248557617	1.6217059098705755	6646	20800	54
65	12826	0.5213628566973335	1.6435365663496024	6687	21080	54
66	12826	0.5232340558241073	1.6611570247933884	6711	21306	54
67	12826	0.5256510213628567	1.6804927491033836	6742	21554	54
68	12826	0.5288476532044285	1.700140339934508	6783	21806	54
69	12826	0.5304069858100733	1.71900826446281	6803	22048	54
70	12826	0.5334476843910806	1.7356931233432091	6842	22262	54
71	12826	0.534851083736161	1.7530017152658661	6860	22484	54
72	12826	0.5382036488382972	1.7735849056603774	6903	22748	54
73	12826	0.5407765476376111	1.791673163885857	6936	22980	54
74	12826	0.5428036800249493	1.809293622329643	6962	23206	54
75	12826	0.5462342117573679	1.8292530796818962	7006	23462	54
76	12826	0.5484952440355528	1.8470294713862467	7035	23690	54
77	12826	0.5513800093559956	1.8646499298300327	7072	23916	54
78	12826	0.5545766411975674	1.8827381880555123	7113	24148	54
79	12826	0.5573834398877281	1.9002027132387338	7149	24372	54
80	12826	0.5594885389053486	1.9186028379853424	7176	24608	54
81	12826	0.5621394043349447	1.934508030562919	7210	24812	54
82	12826	0.5644784032434118	1.9519725557461407	7240	25036	54
83	12826	0.566817402151879	1.968969281147669	7270	25254	54
84	12826	0.5686106346483705	1.9831592078590363	7293	25436	54
85	12826	0.5697801341026041	1.9979728676126618	7308	25626	54
86	12826	0.5713394667082489	2.0121627943240292	7328	25808	54
87	12826	0.5725089661624825	2.026664587556526	7343	25994	54
88	12826	0.5746920318103852	2.0431935131763606	7371	26206	54
89	12826	0.5768750974582878	2.0631529705286136	7399	26462	54
90	12826	0.5782005301730859	2.0809293622329643	7416	26690	54
91	12826	0.5796818961484485	2.0952752222048963	7435	26874	54
92	12826	0.58147512864494	2.1099329486979572	7458	27062	54
93	12826	0.582800561359738	2.1258381412755343	7475	27266	54
94	12826	0.5840480274442539	2.14205520037424	7491	27474	54
95	12826	0.5849836270076407	2.157336659909559	7503	27670	54
96	12826	0.5867768595041323	2.171214720099797	7526	27848	54
97	12826	0.5882582254794948	2.1852487135506005	7545	28028	54
98	12826	0.5893497583034462	2.1969437080929364	7559	28178	54
99	12826	0.5910650241696553	2.2117573678465616	7581	28368	54
100	12826	0.5927023234055824	2.2279744269452673	7602	28576	54
1	12826	0.023935755496647435	0.02448152190862311	307	314	55
2	12826	0.06143770466240449	0.06595976921877436	788	846	55
3	12826	0.0863090597224388	0.09667862154997661	1107	1240	55
4	12826	0.10548885077186965	0.12583814127553408	1353	1614	55
5	12826	0.12661780757835647	0.15796039295181663	1624	2026	55
6	12826	0.14985186340246376	0.19600810852954936	1922	2514	55
7	12826	0.17339778574769998	0.23873382192421644	2224	3062	55
8	12826	0.19086231093092157	0.274442538593482	2448	3520	55
9	12826	0.20832683611414315	0.3098393887416186	2672	3974	55
10	12826	0.2231404958677686	0.342897239981288	2862	4398	55
11	12826	0.23499142367066894	0.3745516918758771	3014	4804	55
12	12826	0.2440355527834087	0.4037112116014346	3130	5178	55
13	12826	0.25526274754405115	0.4363012630594106	3274	5596	55
14	12826	0.2651645095898955	0.4685794479962576	3401	6010	55
15	12826	0.27615780445969124	0.4989864338063309	3542	6400	55
16	12826	0.28465616716045533	0.5262747544051146	3651	6750	55
17	12826	0.29260876344924375	0.551847809137689	3753	7078	55
18	12826	0.3004833931077499	0.5789801964759083	3854	7426	55
19	12826	0.3075783564634337	0.6012786527366287	3945	7712	55
20	12826	0.3150631529705286	0.6309059722438796	4041	8092	55
21	12826	0.32208014969593013	0.6581942928426633	4131	8442	55
22	12826	0.32901917979104944	0.6840792140963667	4220	8774	55
23	12826	0.33408701075939495	0.7057539373148293	4285	9052	55
24	12826	0.3394667082488695	0.7297676594417589	4354	9360	55
25	12826	0.34632777171370654	0.7578356463433651	4442	9720	55
26	12826	0.35357866832995477	0.7820053017308591	4535	10030	55
27	12826	0.35966006549196944	0.808669889287385	4613	10372	55
28	12826	0.3655075627631374	0.834398877280524	4688	10702	55
29	12826	0.3720567597068455	0.8612193980976143	4772	11046	55
30	12826	0.37845002338998907	0.8878839856541401	4854	11388	55
31	12826	0.38250428816466553	0.9109621082176829	4906	11684	55
32	12826	0.3870263527210354	0.9341961640417901	4964	11982	55
33	12826	0.3921721503196632	0.956962420084204	5030	12274	55
34	12826	0.39700608139716204	0.981443941992827	5092	12588	55
35	12826	0.4017620458443786	1.0063932636831436	5153	12908	55
36	12826	0.40698581007328866	1.0307188523312023	5220	13220	55
37	12826	0.4111960081085296	1.0503664431623265	5274	13472	55
38	12826	0.4164977389677218	1.0778106970216748	5342	13824	55
39	12826	0.4206299703726805	1.0994854202401372	5395	14102	55
40	12826	0.42491813503820364	1.1238110088881959	5450	14414	55
41	12826	0.42866053329175113	1.1456416653672228	5498	14694	55
42	12826	0.4335724309995322	1.169499454233588	5561	15000	55
43	12826	0.43692499610166846	1.190706377670357	5604	15272	55
44	12826	0.4410572275066272	1.2151878995789802	5657	15586	55
45	12826	0.4448775923904569	1.2390456884453454	5706	15892	55
46	12826	0.4483081241228754	1.2608763449243723	5750	16172	55
47	12826	0.4528301886792453	1.284266334009044	5808	16472	55
48	12826	0.4565725869327928	1.3051613909246842	5856	16740	55
49	12826	0.46023701855605803	1.3287073132699205	5903	17042	55
50	12826	0.46327771713706534	1.346483704974271	5942	17270	55
51	12826	0.4666302822392016	1.3678465616716045	5985	17544	55
52	12826	0.4699048807110557	1.3879619522844222	6027	17802	55
53	12826	0.47247777951036957	1.408701075939498	6060	18068	55
54	12826	0.47583034461250584	1.430219865897396	6103	18344	55
55	12826	0.47863714330266643	1.4509589895524715	6139	18610	55
56	12826	0.4805083424294402	1.4698269140807734	6163	18852	55
57	12826	0.48331514111960083	1.4900982379541556	6199	19112	55
58	12826	0.4870575393731483	1.5102136285669734	6247	19370	55
59	12826	0.4909558708872602	1.5317324185248713	6297	19646	55
60	12826	0.49477623577109	1.553407141743334	6346	19924	55
61	12826	0.49766100109153283	1.5716513332293778	6383	20158	55
62	12826	0.5008576329331046	1.59192265710276	6424	20418	55
63	12826	0.5033525651021363	1.6086075159831592	6456	20632	55
64	12826	0.5067830968345548	1.628411040074848	6500	20886	55
65	12826	0.5098237954155621	1.6469670980820208	6539	21124	55
66	12826	0.5126305941057228	1.6628722906595976	6575	21328	55
67	12826	0.5167628255106814	1.6814283486667707	6628	21566	55
68	12826	0.5195696242008421	1.7012318727584594	6664	21820	55
69	12826	0.5214408233276158	1.718384531420552	6688	22040	55
70	12826	0.5244815219086231	1.735069390300951	6727	22254	55
71	12826	0.5271323873382192	1.7484796507094964	6761	22426	55
72	12826	0.53064088570092	1.766256042413847	6806	22654	55
73	12826	0.5330578512396694	1.7818493684702947	6837	22854	55
74	12826	0.5353968501481366	1.7980664275690004	6867	23062	55
75	12826	0.5380477155777327	1.814907219709964	6901	23278	55
76	12826	0.5406985810073288	1.8306564790269764	6935	23480	55
77	12826	0.543037579915796	1.8470294713862467	6965	23690	55
78	12826	0.5449087790425697	1.8635583970060814	6989	23902	55
79	12826	0.5481054108841416	1.883050054576641	7030	24152	55
80	12826	0.5510681428348667	1.902229845626072	7068	24398	55
81	12826	0.5527834087010759	1.9161079058163106	7090	24576	55
82	12826	0.5551224076095431	1.9326368314361453	7120	24788	55
83	12826	0.5571495399968813	1.9488538905348511	7146	24996	55
84	12826	0.5590207391236551	1.964759083112428	7170	25200	55
85	12826	0.5611258381412755	1.9836270076407299	7197	25442	55
86	12826	0.5631529705286138	2.0001559332605643	7223	25654	55
87	12826	0.5658818025884921	2.018244191486044	7258	25886	55
88	12826	0.568142834866677	2.0330578512396693	7287	26076	55
89	12826	0.5700140339934509	2.0514579759862777	7311	26312	55
90	12826	0.5724309995322002	2.068142834866677	7342	26526	55
91	12826	0.573990332137845	2.0840480274442537	7362	26730	55
92	12826	0.5757835646343366	2.100109153282395	7385	26936	55
93	12826	0.5774988305005457	2.116014345859972	7407	27140	55
94	12826	0.5796818961484485	2.1320754716981134	7435	27346	55
95	12826	0.5817090285357867	2.1475128644939967	7461	27544	55
96	12826	0.5845158272259473	2.1627943240293153	7497	27740	55
97	12826	0.5857632933104632	2.1783876500857633	7513	27940	55
98	12826	0.5865429596132855	2.192109777015437	7523	28116	55
99	12826	0.5883361921097771	2.207391236550756	7546	28312	55
100	12826	0.5898175580851396	2.221269296740995	7565	28490	55
1	12826	0.024637455169187587	0.02541712147200998	316	326	56
2	12826	0.057929206299703724	0.06268517074692032	743	804	56
3	12826	0.08264462809917356	0.09262435677530018	1060	1188	56
4	12826	0.10494308435989397	0.12427880866988929	1346	1594	56
5	12826	0.1278652736628723	0.15718072664899424	1640	2016	56
6	12826	0.1503976298144394	0.19585217526898488	1929	2512	56
7	12826	0.17316388585685327	0.23733042257913614	2221	3044	56
8	12826	0.19125214408233276	0.27210353968501483	2453	3490	56
9	12826	0.2062217370965227	0.3046935911429908	2645	3908	56
10	12826	0.218384531420552	0.3343209106502417	2801	4288	56
11	12826	0.22976765944175892	0.3645719631997505	2947	4676	56
12	12826	0.24029315452986122	0.3938874161858725	3082	5052	56
13	12826	0.2513644160299392	0.42788086698892874	3224	5488	56
14	12826	0.2627475440511461	0.461874317791985	3370	5924	56
15	12826	0.27381880555122406	0.49337283642600965	3512	6328	56
16	12826	0.28372056759706843	0.5225323561515671	3639	6702	56
17	12826	0.29307656323093717	0.5504444097926088	3759	7060	56
18	12826	0.30336815842819276	0.5808513956026821	3891	7450	56
19	12826	0.3113207547169811	0.6043973179479183	3993	7752	56
20	12826	0.3180258849212537	0.6330890378917823	4079	8120	56
21	12826	0.32574458131919537	0.6592858256666146	4178	8456	56
22	12826	0.3326836114143147	0.6832995477935444	4267	8764	56
23	12826	0.33931077498830503	0.7080929362232964	4352	9082	56
24	12826	0.346483704974271	0.7333541244347419	4444	9406	56
25	12826	0.35334476843910806	0.7583034461250585	4532	9726	56
26	12826	0.3595820988616872	0.7823171682519882	4612	10034	56
27	12826	0.36511772961172617	0.8064868236394823	4683	10344	56
28	12826	0.37119912677374084	0.8322158116326213	4761	10674	56
29	12826	0.3779042569780134	0.8596600654919694	4847	11026	56
30	12826	0.3822703882738188	0.8818025884921253	4903	11310	56
31	12826	0.3870263527210354	0.9044129112739747	4964	11600	56
32	12826	0.39030095119288943	0.9263995010135662	5006	11882	56
33	12826	0.3963823483549041	0.9505691564010603	5084	12192	56
34	12826	0.40199594573522535	0.9736472789646031	5156	12488	56
35	12826	0.4083892094183689	1.0007796663028223	5238	12836	56
36	12826	0.41306720723530327	1.0249493216903165	5298	13146	56
37	12826	0.41712147200997973	1.045688445345392	5350	13412	56
38	12826	0.42211133634804304	1.0717292998596601	5414	13746	56
39	12826	0.4274130672072353	1.0943396226415094	5482	14036	56
40	12826	0.431545298612194	1.1163262123811009	5535	14318	56
41	12826	0.43466396382348355	1.1364416029939186	5575	14576	56
42	12826	0.4399656946826758	1.1590519257757679	5643	14866	56
43	12826	0.44363012630594106	1.180258849212537	5690	15138	56
44	12826	0.4465148916263839	1.2009979728676126	5727	15404	56
45	12826	0.45017932324964915	1.2226726960860752	5774	15682	56
46	12826	0.45516918758771246	1.2471542179946982	5838	15996	56
47	12826	0.45891158584125996	1.2713238733821923	5886	16306	56
48	12826	0.463823483549041	1.2934663963823483	5949	16590	56
49	12826	0.467409948542024	1.3140495867768596	5995	16854	56
50	12826	0.47006081397162014	1.3341649773896773	6029	17112	56
51	12826	0.4737252455948854	1.3547481677841884	6076	17376	56
52	12826	0.47762357710899733	1.3743957586153126	6126	17628	56
53	12826	0.4822236082956495	1.3984094807422423	6185	17936	56
54	12826	0.4852643068766568	1.4194604709184468	6224	18206	56
55	12826	0.4876812724154062	1.4378605956650554	6255	18442	56
56	12826	0.49079993762669577	1.4598471854046469	6295	18724	56
57	12826	0.49329486979572745	1.476532044285046	6327	18938	56
58	12826	0.4964915016372992	1.4972711679401216	6368	19204	56
59	12826	0.5004677997816934	1.5197255574614066	6419	19492	56
60	12826	0.5036644316232652	1.5403087478559176	6460	19756	56
61	12826	0.5074068298768127	1.5612038047715577	6508	20024	56
62	12826	0.5099017620458444	1.577576797130828	6540	20234	56
63	12826	0.5130983938874162	1.594885389053485	6581	20456	56
64	12826	0.5155933260564478	1.6103227818493684	6613	20654	56
65	12826	0.5184780913768907	1.6307500389833152	6650	20916	56
66	12826	0.5202713238733822	1.6461874317791985	6673	21114	56
67	12826	0.522142523000156	1.6634960237018557	6697	21336	56
68	12826	0.5243255886480587	1.6800249493216903	6725	21548	56
69	12826	0.5268205208170903	1.6974894745049118	6757	21772	56
70	12826	0.5297052861375331	1.715733665990956	6794	22006	56
71	12826	0.5327459847185405	1.733354124434742	6833	22232	56
72	12826	0.5357087166692656	1.7511305161390924	6871	22460	56
73	12826	0.5379697489474505	1.767659441758927	6900	22672	56
74	12826	0.5399968813347887	1.7832527678153751	6926	22872	56
75	12826	0.5432714798066428	1.8025884921253703	6968	23120	56
76	12826	0.544986745672852	1.8181818181818181	6990	23320	56
77	12826	0.5474816778418836	1.8358022766256041	7022	23546	56
78	12826	0.5495088102292219	1.85201933572431	7048	23754	56
79	12826	0.5513020427257134	1.869951660689225	7071	23984	56
80	12826	0.5537190082644629	1.8867924528301887	7102	24200	56
81	12826	0.5566817402151879	1.9006705130204273	7140	24378	56
82	12826	0.5587088726025261	1.9182909714642133	7166	24604	56
83	12826	0.5606580383595821	1.9329486979572743	7191	24792	56
84	12826	0.5622173709652268	1.9477623577108998	7211	24982	56
85	12826	0.5640885700920006	1.9646031498518635	7235	25198	56
86	12826	0.566817402151879	1.9830032745984718	7270	25434	56
87	12826	0.5694682675814752	1.9987525339154841	7304	25636	56
88	12826	0.5719631997505068	2.013722126929674	7336	25828	56
89	12826	0.5740682987681273	2.0314985186340246	7363	26056	56
90	12826	0.5763293310463122	2.047559644472166	7392	26262	56
91	12826	0.5781225635428037	2.0629970372680493	7415	26460	56
92	12826	0.5797598627787307	2.0779666302822393	7436	26652	56
93	12826	0.5816310619055044	2.0965226882894124	7460	26890	56
94	12826	0.5829564946203025	2.11211601434586	7477	27090	56
95	12826	0.5845158272259473	2.127709340402308	7497	27290	56
96	12826	0.5860751598315921	2.1434585997193203	7517	27492	56
97	12826	0.5878683923280836	2.159675658818026	7540	27700	56
98	12826	0.5895836581942928	2.174333385311087	7562	27888	56
99	12826	0.5911429907999376	2.189147045064712	7582	28078	56
100	12826	0.5916887572119133	2.20474037112116	7589	28278	56
1	12826	0.026664587556525808	0.0274442538593482	342	352	57
2	12826	0.06276313737720256	0.06829876812724155	805	876	57
3	12826	0.08560736004989865	0.09792608763449244	1098	1256	57
4	12826	0.10759394978949009	0.13098393887416185	1380	1680	57
5	12826	0.12599407453609854	0.16061125838141274	1616	2060	57
6	12826	0.14759083112427882	0.19725557461406518	1893	2530	57
7	12826	0.17129268673007952	0.24138468735381258	2197	3096	57
8	12826	0.18626227974426945	0.2750662716357399	2389	3528	57
9	12826	0.19936067363168564	0.3056291907063777	2557	3920	57
10	12826	0.21425230001559334	0.33899890846717606	2748	4348	57
11	12826	0.22797442694526743	0.3708092936223296	2924	4756	57
12	12826	0.23990332137845002	0.4033993450803056	3077	5174	57
13	12826	0.249025417121472	0.43349446436925	3194	5560	57
14	12826	0.26305941057227505	0.46967098082020897	3374	6024	57
15	12826	0.274442538593482	0.501949165757056	3520	6438	57
16	12826	0.28372056759706843	0.53064088570092	3639	6806	57
17	12826	0.29245283018867924	0.5577732730391393	3751	7154	57
18	12826	0.30095119288944333	0.5839700608139716	3860	7490	57
19	12826	0.30944955559020737	0.6090753157648526	3969	7812	57
20	12826	0.31927335100576953	0.6387026352721036	4095	8192	57
21	12826	0.32699204740371124	0.6684858880399189	4194	8574	57
22	12826	0.33361921097770153	0.6920318103851552	4279	8876	57
23	12826	0.34079214096366756	0.7177607983782941	4371	9206	57
24	12826	0.3485108373616092	0.7455169187587712	4470	9562	57
25	12826	0.3540464681116482	0.7715577732730391	4541	9896	57
26	12826	0.3599719320130984	0.794324029315453	4617	10188	57
27	12826	0.3653516295025729	0.8206767503508499	4686	10526	57
28	12826	0.370263527210354	0.8429752066115702	4749	10812	57
29	12826	0.3766567908934976	0.8683923280835802	4831	11138	57
30	12826	0.3821144550132543	0.891158584125994	4901	11430	57
31	12826	0.3875721191330111	0.9151723062529238	4971	11738	57
32	12826	0.3920941836893809	0.9352876968657414	5029	11996	57
33	12826	0.3979416809605489	0.9588336192109777	5104	12298	57
34	12826	0.4029315452986122	0.9828473413379074	5168	12606	57
35	12826	0.4063620770310307	1.0051457975986278	5212	12892	57
36	12826	0.4114299079993763	1.0276001871199127	5277	13180	57
37	12826	0.4179011383128021	1.0488071105566816	5360	13452	57
38	12826	0.422735069390301	1.0717292998596601	5422	13746	57
39	12826	0.42608763449243725	1.094183689380945	5465	14034	57
40	12826	0.43029783252767817	1.118977077810697	5519	14352	57
41	12826	0.43466396382348355	1.14345859971932	5575	14666	57
42	12826	0.4394978949009824	1.1663807890222984	5637	14960	57
43	12826	0.4433182597848121	1.1852487135506002	5686	15202	57
44	12826	0.447528457820053	1.2066115702479339	5740	15476	57
45	12826	0.4522844222672696	1.2267269608607516	5801	15734	57
46	12826	0.45672852019335725	1.2488694838609076	5858	16018	57
47	12826	0.4610166848588804	1.2719476064244504	5913	16314	57
48	12826	0.46530484952440354	1.2947138624668642	5968	16606	57
49	12826	0.46904724777795104	1.3182597848121005	6016	16908	57
50	12826	0.4725557461406518	1.338998908467176	6061	17174	57
51	12826	0.47731171058786837	1.3633244971152347	6122	17486	57
52	12826	0.480430375799158	1.3818805551224076	6162	17724	57
53	12826	0.48339310774988303	1.4013722126929673	6200	17974	57
54	12826	0.48775923904568846	1.4228910026508654	6256	18250	57
55	12826	0.49111180414782474	1.4470606580383596	6299	18560	57
56	12826	0.4937626695774209	1.4676438484328707	6333	18824	57
57	12826	0.4967254015281459	1.4871355060034306	6371	19074	57
58	12826	0.4992203336971776	1.5067830968345548	6403	19326	57
59	12826	0.5026508654295961	1.5281459535318884	6447	19600	57
60	12826	0.5054576641197568	1.5463901450179323	6483	19834	57
61	12826	0.5095119288944332	1.5643224699828473	6535	20064	57
62	12826	0.5120848276937471	1.5824107282083268	6568	20296	57
63	12826	0.5139560268205208	1.599095587088726	6592	20510	57
64	12826	0.5180102915951973	1.6204584437860596	6644	20784	57
65	12826	0.5203492905036644	1.6408857009200062	6674	21046	57
66	12826	0.5233120224543896	1.6580383595820989	6712	21266	57
67	12826	0.5261188211445501	1.6761266178075784	6748	21498	57
68	12826	0.5284578200530173	1.693279276469671	6778	21718	57
69	12826	0.5304849524403555	1.7113675346951505	6804	21950	57
70	12826	0.5332917511305162	1.7296117261811945	6840	22184	57
71	12826	0.5362544830812412	1.7436457196319974	6878	22364	57
72	12826	0.5378917823171683	1.7606424450335256	6899	22582	57
73	12826	0.5415562139404335	1.779978169343521	6946	22830	57
74	12826	0.5435833463277717	1.7982223608295649	6972	23064	57
75	12826	0.5463901450179324	1.8192733510057695	7008	23334	57
76	12826	0.5487291439263995	1.8359582098861686	7038	23548	57
77	12826	0.5498206767503508	1.852331202245439	7052	23758	57
78	12826	0.552471542179947	1.8677685950413223	7086	23956	57
79	12826	0.554732574458132	1.8860127865273664	7115	24190	57
80	12826	0.5566817402151879	1.90285357866833	7140	24406	57
81	12826	0.5585529393419616	1.9147045064712302	7164	24558	57
82	12826	0.559956338687042	1.931857165133323	7182	24778	57
83	12826	0.5617495711835334	1.9474504911897708	7205	24978	57
84	12826	0.5647123031342586	1.9636675502884766	7243	25186	57
85	12826	0.567129268673008	1.97910494308436	7274	25384	57
86	12826	0.5686106346483705	1.9932948697957273	7293	25566	57
87	12826	0.5705598004054265	2.0104475284578203	7318	25786	57
88	12826	0.5732106658350226	2.026508654295961	7352	25992	57
89	12826	0.5768750974582878	2.0458443786059566	7399	26240	57
90	12826	0.5790581631061905	2.0603461718384533	7427	26426	57
91	12826	0.5813191953843755	2.0760954311554656	7456	26628	57
92	12826	0.5824886948386091	2.0895056915640104	7471	26800	57
93	12826	0.5840480274442539	2.1047871510993295	7491	26996	57
94	12826	0.5856073600498987	2.120692343676906	7511	27200	57
95	12826	0.5863090597224387	2.1355060034305318	7520	27390	57
96	12826	0.5877904256978014	2.1495399968813347	7539	27570	57
97	12826	0.5902073912365507	2.1637299235927023	7570	27752	57
98	12826	0.591610790581631	2.1786995166068923	7588	27944	57
99	12826	0.593248089817558	2.1941369094027756	7609	28142	57
100	12826	0.5951192889443319	2.2080149695930142	7633	28320	57
1	12826	0.02619678777483237	0.026664587556525808	336	342	58
2	12826	0.06128177140184001	0.06580383595820989	786	844	58
3	12826	0.08942772493372836	0.10073288632465305	1147	1292	58
4	12826	0.10962108217682831	0.1320754716981132	1406	1694	58
5	12826	0.12880087322625916	0.16201465772649307	1652	2078	58
6	12826	0.15109932948697957	0.2000623733042258	1938	2566	58
7	12826	0.17464525183221583	0.24232028691719945	2240	3108	58
8	12826	0.19382504288164665	0.2789646031498519	2486	3578	58
9	12826	0.2090285357866833	0.31249025417121473	2681	4008	58
10	12826	0.22345236238889754	0.346483704974271	2866	4444	58
11	12826	0.23467955714954	0.3762669577420864	3010	4826	58
12	12826	0.24692031810385154	0.4071417433338531	3167	5222	58
13	12826	0.25900514579759865	0.44269452674255416	3322	5678	58
14	12826	0.26999844066739437	0.476532044285046	3463	6112	58
15	12826	0.28138156868860126	0.5086542959613286	3609	6524	58
16	12826	0.2905816310619055	0.5373460159051926	3727	6892	58
17	12826	0.29946982691408075	0.563542803680025	3841	7228	58
18	12826	0.3060969904880711	0.5906751910182442	3926	7576	58
19	12826	0.3121004210198035	0.613129580539529	4003	7864	58
20	12826	0.32176828317480116	0.6436924996101668	4127	8256	58
21	12826	0.3281615468579448	0.6675502884765321	4209	8562	58
22	12826	0.33681584281927335	0.6946826758147513	4320	8910	58
23	12826	0.343209106502417	0.7179167316388586	4402	9208	58
24	12826	0.3532668018088258	0.7459847185404647	4531	9568	58
25	12826	0.3602837985342274	0.7710899734913457	4621	9890	58
26	12826	0.36761266178075785	0.794324029315453	4715	10188	58
27	12826	0.3753313581786995	0.8208326836114143	4814	10528	58
28	12826	0.3814907219709964	0.848121004210198	4893	10878	58
29	12826	0.388195852175269	0.8746296585061594	4979	11218	58
30	12826	0.3931857165133323	0.8983315141119601	5043	11522	58
31	12826	0.39801964759083114	0.9210977701543739	5105	11814	58
32	12826	0.40324341181974116	0.9447996257601746	5172	12118	58
33	12826	0.4066739435521597	0.9652268828941213	5216	12380	58
34	12826	0.4108841415874006	0.9869016061125838	5270	12658	58
35	12826	0.4144706065803836	1.010135661936691	5316	12956	58
36	12826	0.4199282707001403	1.0308747855917668	5386	13222	58
37	12826	0.4246842351473569	1.050210509901762	5447	13470	58
38	12826	0.4287384999220334	1.0736004989864338	5499	13770	58
39	12826	0.4329486979572743	1.0957430219865898	5553	14054	58
40	12826	0.4375487291439264	1.1194448775923904	5612	14358	58
41	12826	0.44269452674255416	1.1409636675502886	5678	14634	58
42	12826	0.44713862466864185	1.1645095898955247	5735	14936	58
43	12826	0.4512708560736005	1.184780913768907	5788	15196	58
44	12826	0.4558708872602526	1.2078590363324497	5847	15492	58
45	12826	0.4592234523623889	1.2257913612973648	5890	15722	58
46	12826	0.4634336503976298	1.2512084827693748	5944	16048	58
47	12826	0.46702011539061283	1.2714798066427568	5990	16308	58
48	12826	0.47045064712303136	1.2903477311710587	6034	16550	58
49	12826	0.4739591454857321	1.3104631217838765	6079	16808	58
50	12826	0.47676594417589274	1.328863246530485	6115	17044	58
51	12826	0.480118509278029	1.3505379697489475	6158	17322	58
52	12826	0.48401684079214097	1.3708092936223297	6208	17582	58
53	12826	0.48736940589427724	1.3910806174957118	6251	17842	58
54	12826	0.4906440043661313	1.4107282083268362	6293	18094	58
55	12826	0.49391860283798533	1.4294401995945736	6335	18334	58
56	12826	0.4979728676126618	1.4518945891158583	6387	18622	58
57	12826	0.5003118665211289	1.4712303134258538	6417	18870	58
58	12826	0.5030406985810073	1.490877904256978	6452	19122	58
59	12826	0.5066271635739903	1.5106814283486667	6498	19376	58
60	12826	0.5094339622641509	1.5331358178699517	6534	19664	58
61	12826	0.5119288944331826	1.5510681428348667	6566	19894	58
62	12826	0.5145797598627787	1.5679089349758304	6600	20110	58
63	12826	0.5174645251832216	1.5833463277717137	6637	20308	58
64	12826	0.5204272571339467	1.6008108529549352	6675	20532	58
65	12826	0.5229221893029783	1.6206143770466241	6707	20786	58
66	12826	0.52541712147201	1.6372992359270233	6739	21000	58
67	12826	0.5274442538593482	1.6539840948074225	6765	21214	58
68	12826	0.5301730859192265	1.6740994854202402	6800	21472	58
69	12826	0.5325120848276937	1.6943708092936223	6830	21732	58
70	12826	0.5352409168875721	1.7123031342585373	6865	21962	58
71	12826	0.5368782161234992	1.725869327927647	6886	22136	58
72	12826	0.5381256822080149	1.7427101200686106	6902	22352	58
73	12826	0.5396070481833776	1.7581475128644939	6921	22550	58
74	12826	0.5414782473101513	1.7738967721815062	6945	22752	58
75	12826	0.543349446436925	1.7905816310619056	6969	22966	58
76	12826	0.5452206455636988	1.8057071573366599	6993	23160	58
77	12826	0.5483393107749883	1.823951348822704	7033	23394	58
78	12826	0.5500545766411976	1.8429752066115703	7055	23638	58
79	12826	0.5517698425074068	1.8602837985342273	7077	23860	58
80	12826	0.5530173085919227	1.87743645719632	7093	24080	58
81	12826	0.555434274130672	1.8922501169499455	7124	24270	58
82	12826	0.5580071729299859	1.9090909090909092	7157	24486	58
83	12826	0.5601122719476064	1.9251520349290503	7184	24692	58
84	12826	0.5624512708560736	1.9405894277249338	7214	24890	58
85	12826	0.565180102915952	1.9564946203025104	7249	25094	58
86	12826	0.5679089349758304	1.9736472789646031	7284	25314	58
87	12826	0.5705598004054265	1.9897084048027445	7318	25520	58
88	12826	0.5719631997505068	2.0028067986901608	7336	25688	58
89	12826	0.5743021986589739	2.021518789957898	7366	25928	58
90	12826	0.5767971308280057	2.037891782317168	7398	26138	58
91	12826	0.5786683299547793	2.0539529081553094	7422	26344	58
92	12826	0.580539529081553	2.0697021674723217	7446	26546	58
93	12826	0.5828785279900203	2.085763293310463	7476	26752	58
94	12826	0.5839700608139716	2.1002650865429597	7490	26938	58
95	12826	0.5862310930921566	2.1174177452050524	7519	27158	58
96	12826	0.5884921253703415	2.132699204740371	7548	27354	58
97	12826	0.5900514579759862	2.1461094651489163	7568	27526	58
98	12826	0.5906751910182442	2.156868860127865	7576	27664	58
99	12826	0.5923124902541712	2.175113051613909	7597	27898	58
100	12826	0.5937938562295337	2.192265710276002	7616	28118	58
1	12826	0.027834087010759394	0.028223920162170592	357	362	59
2	12826	0.06408857009200063	0.06814283486667706	822	874	59
3	12826	0.08576329331046312	0.0952752222048963	1100	1222	59
4	12826	0.1093871822859816	0.12989240605021052	1403	1666	59
5	12826	0.12872290659597693	0.16014345859971932	1651	2054	59
6	12826	0.15172306252923748	0.19959457352253235	1946	2560	59
7	12826	0.17316388585685327	0.24076095431155464	2221	3088	59
8	12826	0.19023857788866366	0.2764696709808202	2440	3546	59
9	12826	0.20739123655075628	0.31171058786839234	2660	3998	59
10	12826	0.22111336348043037	0.343209106502417	2836	4402	59
11	12826	0.23179479182909715	0.37392795883361923	2973	4796	59
12	12826	0.24465928582566662	0.4054264774676439	3138	5200	59
13	12826	0.2569780134102604	0.43941992827070014	3296	5636	59
14	12826	0.2685170746920318	0.4735693123343209	3444	6074	59
15	12826	0.2786527366287229	0.5050678309683455	3574	6478	59
16	12826	0.2897239981288009	0.5373460159051926	3716	6892	59
17	12826	0.29720879463589583	0.5615156712926868	3812	7202	59
18	12826	0.3064868236394823	0.5903633244971153	3931	7572	59
19	12826	0.31490721970996416	0.6159363792296897	4039	7900	59
20	12826	0.3227818493684703	0.6449399656946827	4140	8272	59
21	12826	0.3304225791361297	0.6712926867300796	4238	8610	59
22	12826	0.34055824107282084	0.6996725401528145	4368	8974	59
23	12826	0.3469515047559644	0.7249337283642601	4450	9298	59
24	12826	0.3532668018088258	0.7489474504911898	4531	9606	59
25	12826	0.35833463277717137	0.7704662404490877	4596	9882	59
26	12826	0.3645719631997505	0.7930765632309371	4676	10172	59
27	12826	0.36870419460470916	0.8133478871043194	4729	10432	59
28	12826	0.3737720255730547	0.837985342273507	4794	10748	59
29	12826	0.3793076563230937	0.8596600654919694	4865	11026	59
30	12826	0.3850771869639794	0.8827381880555123	4939	11322	59
31	12826	0.39030095119288943	0.9072197099641354	5006	11636	59
32	12826	0.3944331825978481	0.9287384999220334	5059	11912	59
33	12826	0.39981288008732263	0.953064088570092	5128	12224	59
34	12826	0.406128177140184	0.977857476999844	5209	12542	59
35	12826	0.41158584125994074	1.0023389989084672	5279	12856	59
36	12826	0.4175113051613909	1.0265086542959614	5355	13166	59
37	12826	0.4216435365663496	1.0480274442538593	5408	13442	59
38	12826	0.42585373460159054	1.0731326992047403	5462	13764	59
39	12826	0.4302198658973959	1.0976142211133635	5518	14078	59
40	12826	0.434819897084048	1.1208482769374708	5577	14376	59
41	12826	0.43941992827070014	1.1422111336348042	5636	14650	59
42	12826	0.4435521596756588	1.165601122719476	5689	14950	59
43	12826	0.44721659129892405	1.1860283798534228	5736	15212	59
44	12826	0.4515827225947295	1.2092624356775301	5792	15510	59
45	12826	0.4557929206299704	1.2303134258537347	5846	15780	59
46	12826	0.45953531888351784	1.252611882114455	5894	16066	59
47	12826	0.4633556837673476	1.274130672072353	5943	16342	59
48	12826	0.46803368158428194	1.2951816622485577	6003	16612	59
49	12826	0.4706065803835958	1.313893653516295	6036	16852	59
50	12826	0.47427101200686106	1.3338531108685483	6083	17108	59
51	12826	0.4791049430843599	1.357554966474349	6145	17412	59
52	12826	0.4823015749259317	1.3765788242632153	6186	17656	59
53	12826	0.48503040698581007	1.3971620146577266	6221	17920	59
54	12826	0.48877280523935757	1.4166536722282863	6269	18170	59
55	12826	0.4912677374083892	1.4372368626227974	6301	18434	59
56	12826	0.49352876968657416	1.457040386714486	6330	18688	59
57	12826	0.496413535007017	1.477779510369562	6367	18954	59
58	12826	0.4994542335880243	1.4988305005457665	6406	19224	59
59	12826	0.5015593326056448	1.5153594261656012	6433	19436	59
60	12826	0.5047559644472166	1.5353188835178544	6474	19692	59
61	12826	0.5065491969437081	1.5526274754405114	6497	19914	59
62	12826	0.5090441291127398	1.57102760018712	6529	20150	59
63	12826	0.5111492281303602	1.588336192109777	6556	20372	59
64	12826	0.5138000935599564	1.6045532512084828	6590	20580	59
65	12826	0.5158272259472946	1.6235771089973492	6616	20824	59
66	12826	0.5195696242008421	1.6413535007016997	6664	21052	59
67	12826	0.5223764228910026	1.6580383595820989	6700	21266	59
68	12826	0.5247154217994698	1.6734757523779822	6730	21464	59
69	12826	0.5279120536410417	1.6934352097302354	6771	21720	59
70	12826	0.5305629190706378	1.7096522688289413	6805	21928	59
71	12826	0.5328239513488227	1.7243099953220022	6834	22116	59
72	12826	0.5353188835178544	1.73990332137845	6866	22316	59
73	12826	0.5389053485108374	1.7567441135194137	6912	22532	59
74	12826	0.541400280679869	1.7756120380477156	6944	22774	59
75	12826	0.5435833463277717	1.7902697645407766	6972	22962	59
76	12826	0.5464681116482145	1.8064868236394822	7009	23170	59
77	12826	0.5490410104475285	1.8231716825198816	7042	23384	59
78	12826	0.551847809137689	1.840012474660845	7078	23600	59
79	12826	0.5536410416341806	1.8576329331046313	7101	23826	59
80	12826	0.5558241072820833	1.8749415250272883	7129	24048	59
81	12826	0.5581631061905504	1.8874161858724465	7159	24208	59
82	12826	0.5598004054264775	1.9050366443162328	7180	24434	59
83	12826	0.5620614377046624	1.9209418368938094	7209	24638	59
84	12826	0.5639326368314361	1.9338842975206612	7233	24804	59
85	12826	0.5657258693279277	1.9496335568376735	7256	25006	59
86	12826	0.5677530017152659	1.9658506159363793	7282	25214	59
87	12826	0.5705598004054265	1.9848744737252455	7318	25458	59
88	12826	0.572353032901918	1.9976610010915328	7341	25622	59
89	12826	0.5741462653984095	2.0145017932324967	7364	25838	59
90	12826	0.575939497894901	2.0314985186340246	7387	26056	59
91	12826	0.5782784968033682	2.0450647123031342	7417	26230	59
92	12826	0.5799157960392952	2.058786839232808	7438	26406	59
93	12826	0.5813971620146577	2.074068298768127	7457	26602	59
94	12826	0.5832683611414314	2.088726025261188	7481	26790	59
95	12826	0.585061593637923	2.104631217838765	7504	26994	59
96	12826	0.586387026352721	2.11804147824731	7521	27166	59
97	12826	0.5877124590675191	2.135661936691096	7538	27392	59
98	12826	0.5893497583034462	2.15109932948698	7559	27590	59
99	12826	0.5908311242788087	2.165289256198347	7578	27772	59
100	12826	0.592546390145018	2.1797910494308437	7600	27958	59
1	12826	0.024169655387494153	0.024637455169187587	310	316	60
2	12826	0.05941057227506627	0.06330890378917824	762	812	60
3	12826	0.0855293934196164	0.09652268828941213	1097	1238	60
4	12826	0.10548885077186965	0.12661780757835647	1353	1624	60
5	12826	0.1241228754093248	0.15562139404334946	1592	1996	60
6	12826	0.14330266645875564	0.18945891158584127	1838	2430	60
7	12826	0.16755028847653206	0.23280835802276625	2149	2986	60
8	12826	0.18446904724777796	0.26524247622017777	2366	3402	60
9	12826	0.19975050678309683	0.2973647278964603	2562	3814	60
10	12826	0.2144082332761578	0.3291751130516139	2750	4222	60
11	12826	0.22719476064244504	0.35989396538281615	2914	4616	60
12	12826	0.24200842039607048	0.3951348822703883	3104	5068	60
13	12826	0.2533915484172774	0.42616560112271945	3250	5466	60
14	12826	0.2664119756744113	0.4593793856229534	3417	5892	60
15	12826	0.2774832371744893	0.4910338375175425	3559	6298	60
16	12826	0.2854358334632777	0.5195696242008421	3661	6664	60
17	12826	0.2939341961640418	0.5438952128489006	3770	6976	60
18	12826	0.30297832527678153	0.5722750662716357	3886	7340	60
19	12826	0.3088258225479495	0.595509122095743	3961	7638	60
20	12826	0.31631061905504443	0.6231093092156557	4057	7992	60
21	12826	0.3248089817558085	0.6483704974271012	4166	8316	60
22	12826	0.3311242788086699	0.671760486511773	4247	8616	60
23	12826	0.3382972087946359	0.6959301418992672	4339	8926	60
24	12826	0.34656167160455326	0.7241540620614377	4445	9288	60
25	12826	0.3526430687665679	0.7491033837517542	4523	9608	60
26	12826	0.3579447996257602	0.7723374395758615	4591	9906	60
27	12826	0.3637143302666459	0.7988460938718228	4665	10246	60
28	12826	0.3690160611258381	0.8208326836114143	4733	10528	60
29	12826	0.3744737252455949	0.8435989396538282	4803	10820	60
30	12826	0.3782940901294246	0.866053329175113	4852	11108	60
31	12826	0.3848432870731327	0.8899111180414783	4936	11414	60
32	12826	0.38998908467176047	0.91330110712615	5002	11714	60
33	12826	0.39505691564010603	0.9360673631685639	5067	12006	60
34	12826	0.3996569468267582	0.9593014189926712	5126	12304	60
35	12826	0.4048807110556682	0.9837829409012943	5193	12618	60
36	12826	0.4093248089817558	1.0046779978169345	5250	12886	60
37	12826	0.4140807734289724	1.0260408545142679	5311	13160	60
38	12826	0.41860283798534226	1.0480274442538593	5369	13442	60
39	12826	0.4238266022142523	1.072353032901918	5436	13754	60
40	12826	0.42764696709808203	1.094495555902074	5485	14038	60
41	12826	0.4307656323093716	1.1149228130360205	5525	14300	60
42	12826	0.43489786371433026	1.13753313581787	5578	14590	60
43	12826	0.44082332761578047	1.162638390768751	5654	14912	60
44	12826	0.4457352253235615	1.186496179635116	5717	15218	60
45	12826	0.4490877904256978	1.2064556369873694	5760	15474	60
46	12826	0.45322002183065646	1.2289100265086543	5813	15762	60
47	12826	0.45719631997505067	1.2538593481989708	5864	16082	60
48	12826	0.46054888507718694	1.2733510057695305	5907	16332	60
49	12826	0.4649929830032746	1.2961172618119445	5964	16624	60
50	12826	0.4681896148448464	1.314829253079682	6005	16864	60
51	12826	0.47052861375331356	1.3355683767347575	6035	17130	60
52	12826	0.47403711211601435	1.3550600343053174	6080	17380	60
53	12826	0.47707781069702165	1.3745516918758771	6119	17630	60
54	12826	0.4801964759083112	1.3910806174957118	6159	17842	60
55	12826	0.48440667394355214	1.4119756744113519	6213	18110	60
56	12826	0.48713550600343053	1.431935131763605	6248	18366	60
57	12826	0.4912677374083892	1.4518945891158583	6301	18622	60
58	12826	0.49430843598939656	1.4715421799469828	6340	18874	60
59	12826	0.4975050678309684	1.4902541712147201	6381	19114	60
60	12826	0.5012474660845159	1.5097458287852799	6429	19364	60
61	12826	0.503586464992983	1.5262747544051145	6459	19576	60
62	12826	0.5063152970528614	1.5435833463277717	6494	19798	60
63	12826	0.5084983627007641	1.5599563386870419	6522	20008	60
64	12826	0.5109932948697957	1.5764852643068767	6554	20220	60
65	12826	0.5136441602993919	1.5981599875253392	6588	20498	60
66	12826	0.5172306252923748	1.6157804459691252	6634	20724	60
67	12826	0.5200374239825355	1.6338687041946047	6670	20956	60
68	12826	0.5229221893029783	1.6514891626383907	6707	21182	60
69	12826	0.5261188211445501	1.6692655543427413	6748	21410	60
70	12826	0.5291595197255574	1.6865741462653985	6787	21632	60
71	12826	0.5317324185248714	1.7015437392795882	6820	21824	60
72	12826	0.5349290503664431	1.71900826446281	6861	22048	60
73	12826	0.5378917823171683	1.7367846561671605	6899	22276	60
74	12826	0.5402307812256354	1.7531576485264306	6929	22486	60
75	12826	0.5427257133946671	1.7715577732730392	6961	22722	60
76	12826	0.544986745672852	1.7859036332449711	6990	22906	60
77	12826	0.5470138780601902	1.8029003586464993	7016	23124	60
78	12826	0.5489630438172463	1.8214564166536722	7041	23362	60
79	12826	0.5516139092468424	1.840324341181974	7075	23604	60
80	12826	0.5534851083736161	1.8557617339778574	7099	23802	60
81	12826	0.5569156401060347	1.8719787930765632	7143	24010	60
82	12826	0.5589427724933729	1.8880399189147046	7169	24216	60
83	12826	0.5605021050990177	1.9031654451894588	7189	24410	60
84	12826	0.5631529705286138	1.9207859036332449	7223	24636	60
85	12826	0.5654140028067987	1.9368470294713862	7252	24842	60
86	12826	0.5676750350849836	1.9550912209574303	7281	25076	60
87	12826	0.5701699672540153	1.9722438796195227	7313	25296	60
88	12826	0.5724309995322002	1.9873694058942772	7342	25490	60
89	12826	0.5743021986589739	2.002338998908467	7366	25682	60
90	12826	0.5761733977857477	2.0196475908311244	7390	25904	60
91	12826	0.5784344300639327	2.0369561827537814	7419	26126	60
92	12826	0.5799937626695775	2.049898643380633	7439	26292	60
93	12826	0.5816310619055044	2.0664275690004676	7460	26504	60
94	12826	0.5833463277717137	2.0815530952752224	7482	26698	60
95	12826	0.586387026352721	2.097770154373928	7521	26906	60
96	12826	0.5888819585217527	2.112739747388118	7553	27098	60
97	12826	0.5908311242788087	2.1289568064868236	7578	27306	60
98	12826	0.5930921565569937	2.145641665367223	7607	27520	60
99	12826	0.5951192889443319	2.1615468579447996	7633	27724	60
100	12826	0.5970684547013878	2.1758927179167316	7658	27908	60
1	12826	0.023779822236082958	0.024169655387494153	305	310	61
2	12826	0.06167160455325121	0.0650241696553875	791	834	61
3	12826	0.083112427880867	0.09246842351473569	1066	1186	61
4	12826	0.10548885077186965	0.12583814127553408	1353	1614	61
5	12826	0.12357710899734914	0.15546546078278498	1585	1994	61
6	12826	0.14891626383907688	0.1950725089661625	1910	2502	61
7	12826	0.17168251988149072	0.23779822236082956	2202	3050	61
8	12826	0.19148604397317948	0.27537813815686885	2456	3532	61
9	12826	0.20731326992047402	0.3065647902697645	2659	3932	61
10	12826	0.22150319663184156	0.33853110868548264	2841	4342	61
11	12826	0.23397785747699984	0.3712770934040231	3001	4762	61
12	12826	0.24426945267425543	0.3996569468267582	3133	5126	61
13	12826	0.25822547949477626	0.4330266645875565	3312	5554	61
14	12826	0.2694526742554187	0.4684235147356931	3456	6008	61
15	12826	0.28130360205831906	0.4989864338063309	3608	6400	61
16	12826	0.29042569780134103	0.5256510213628567	3725	6742	61
17	12826	0.30063932636831436	0.5559020739123655	3856	7130	61
18	12826	0.3071105566817402	0.5839700608139716	3939	7490	61
19	12826	0.3128021206923437	0.6086075159831592	4012	7806	61
20	12826	0.3191174177452051	0.6377670357087166	4093	8180	61
21	12826	0.326914080773429	0.6638078902229846	4193	8514	61
22	12826	0.3336971776079838	0.6876656790893497	4280	8820	61
23	12826	0.34180570715733666	0.7127709340402307	4384	9142	61
24	12826	0.35030406985810075	0.7420863870263528	4493	9518	61
25	12826	0.35732106658350227	0.768906907843443	4583	9862	61
26	12826	0.3644939965694683	0.7966630282239202	4675	10218	61
27	12826	0.37236862622797445	0.8227038827381881	4776	10552	61
28	12826	0.3779042569780134	0.8479650709496336	4847	10876	61
29	12826	0.38320598783720566	0.8713550600343053	4915	11176	61
30	12826	0.3893653516295026	0.8952128489006705	4994	11482	61
31	12826	0.39466708248869486	0.9217215031966318	5062	11822	61
32	12826	0.3999688133478871	0.9446436924996102	5130	12116	61
33	12826	0.4048807110556682	0.967409948542024	5193	12408	61
34	12826	0.4102604085451427	0.9936067363168564	5262	12744	61
35	12826	0.4142367066895369	1.0168407921409637	5313	13042	61
36	12826	0.41977233743957587	1.040074847965071	5384	13340	61
37	12826	0.42585373460159054	1.0628411040074848	5462	13632	61
38	12826	0.43029783252767817	1.087322625916108	5519	13946	61
39	12826	0.4345080305629191	1.110868548261344	5573	14248	61
40	12826	0.4390300951192889	1.1347263371277094	5631	14554	61
41	12826	0.44363012630594106	1.1559332605644783	5690	14826	61
42	12826	0.44939965694682676	1.1819741150787464	5764	15160	61
43	12826	0.4546234211757368	1.2028691719943865	5831	15428	61
44	12826	0.45813191953843757	1.2261032278184938	5876	15726	61
45	12826	0.46070481833775145	1.2446592858256667	5909	15964	61
46	12826	0.46530484952440354	1.267893341649774	5968	16262	61
47	12826	0.4691252144082333	1.2912833307344456	6017	16562	61
48	12826	0.47224387961952285	1.3123343209106502	6057	16832	61
49	12826	0.47505067830968345	1.3351005769530642	6093	17124	61
50	12826	0.47926087634492437	1.3559956338687043	6147	17392	61
51	12826	0.48261344144706064	1.380321222516763	6190	17704	61
52	12826	0.4854982067675035	1.4029315452986122	6227	17994	61
53	12826	0.48853890534851085	1.4247622017776391	6266	18274	61
54	12826	0.49251520349290506	1.4445657258693279	6317	18528	61
55	12826	0.4957118353344768	1.4635895836581942	6358	18772	61
56	12826	0.49906440043661315	1.4846405738343988	6401	19042	61
57	12826	0.5024169655387494	1.5089661624824575	6444	19354	61
58	12826	0.5041322314049587	1.527678153750195	6466	19594	61
59	12826	0.5073288632465305	1.5482613441447062	6507	19858	61
60	12826	0.51044752845782	1.5708716669265554	6547	20148	61
61	12826	0.5129424606268517	1.588959925152035	6579	20380	61
62	12826	0.5169187587712459	1.6081397162014657	6630	20626	61
63	12826	0.5211289568064869	1.627163573990332	6684	20870	61
64	12826	0.5233120224543896	1.6483704974271012	6712	21142	61
65	12826	0.5261967877748324	1.6691096210821768	6749	21408	61
66	12826	0.5284578200530173	1.6847029471386246	6778	21608	61
67	12826	0.5322002183065648	1.7048183377514423	6826	21866	61
68	12826	0.5349290503664431	1.7229065959769219	6861	22098	61
69	12826	0.5371900826446281	1.7430219865897396	6890	22356	61
70	12826	0.5406206143770467	1.7632933104631219	6934	22616	61
71	12826	0.543037579915796	1.779666302822392	6965	22826	61
72	12826	0.5447528457820053	1.7966630282239202	6987	23044	61
73	12826	0.5468579447996258	1.812256354280368	7014	23244	61
74	12826	0.5484172774052706	1.8281615468579449	7034	23448	61
75	12826	0.5513020427257134	1.8457820053017309	7071	23674	61
76	12826	0.5534851083736161	1.8619990644004367	7099	23882	61
77	12826	0.5548885077186964	1.876812724154062	7117	24072	61
78	12826	0.5571495399968813	1.8933416497738969	7146	24284	61
79	12826	0.5590987057539373	1.9098705753937315	7171	24496	61
80	12826	0.5613597380321222	1.9285825666614689	7200	24736	61
81	12826	0.5626072041166381	1.9443318259784812	7216	24938	61
82	12826	0.5647123031342586	1.9619522844222672	7243	25164	61
83	12826	0.5668953687821612	1.980820208950569	7271	25406	61
84	12826	0.5688445345392172	1.9978169343520973	7296	25624	61
85	12826	0.5714174333385311	2.0162170590987056	7329	25860	61
86	12826	0.5736784656167161	2.0343053173241854	7358	26092	61
87	12826	0.5753937314829253	2.0509901762045843	7380	26306	61
88	12826	0.5770310307188523	2.065180102915952	7401	26488	61
89	12826	0.5791361297364728	2.082488694838609	7428	26710	61
90	12826	0.5817869951660689	2.0988616871978794	7462	26920	61
91	12826	0.5840480274442539	2.1161702791205363	7491	27142	61
92	12826	0.5864649929830033	2.1305161390924683	7522	27326	61
93	12826	0.5877124590675191	2.1459535318883516	7538	27524	61
94	12826	0.5891158584125994	2.1607671916419773	7556	27714	61
95	12826	0.5898955247154218	2.1752689848744735	7566	27900	61
96	12826	0.5923124902541712	2.190082644628099	7597	28090	61
97	12826	0.5948853890534851	2.206923436769063	7630	28306	61
98	12826	0.5964447216591299	2.2211133634804305	7650	28488	61
99	12826	0.5983159207859037	2.2348354904101044	7674	28664	61
100	12826	0.6008888195852176	2.251208482769375	7707	28874	61
1	12826	0.026742554186808046	0.027288320598783722	343	350	62
2	12826	0.06135973803212225	0.06611570247933884	787	848	62
3	12826	0.0863090597224388	0.097458287852799	1107	1250	62
4	12826	0.10603461718384531	0.12755340714174335	1360	1636	62
5	12826	0.1263059410572275	0.15983159207859035	1620	2050	62
6	12826	0.1489942304693591	0.19881490721970996	1911	2550	62
7	12826	0.17020115390612817	0.2390456884453454	2183	3066	62
8	12826	0.18532668018088258	0.27132387338219244	2377	3480	62
9	12826	0.20014033993450803	0.3037579915796039	2567	3896	62
10	12826	0.21472009979728676	0.3361921097770154	2754	4312	62
11	12826	0.2282862934663964	0.368002494932169	2928	4720	62
12	12826	0.2412287540932481	0.3977857476999844	3094	5102	62
13	12826	0.25253391548417276	0.42710120068610635	3239	5478	62
14	12826	0.2644628099173554	0.4620302510525495	3392	5926	62
15	12826	0.27553407141743336	0.4919694370809294	3534	6310	62
16	12826	0.28605956650553566	0.5223764228910026	3669	6700	62
17	12826	0.2945579292062997	0.5463901450179324	3778	7008	62
18	12826	0.30266645875565257	0.5758615312646187	3882	7386	62
19	12826	0.31046312178387653	0.6014345859971932	3982	7714	62
20	12826	0.3193513176360518	0.6324653048495245	4096	8112	62
21	12826	0.3276157804459691	0.6586620926243568	4202	8448	62
22	12826	0.33580227662560425	0.6839232808358022	4307	8772	62
23	12826	0.34305317324185247	0.7085607360049898	4400	9088	62
24	12826	0.35007016996725404	0.7353812568220801	4490	9432	62
25	12826	0.3564634336503976	0.7600187119912677	4572	9748	62
26	12826	0.36168719787930764	0.7849680336815843	4639	10068	62
27	12826	0.3687821612349914	0.812880087322626	4730	10426	62
28	12826	0.37501949165757054	0.8398565414002807	4810	10772	62
29	12826	0.38039918914704507	0.86246686418213	4879	11062	62
30	12826	0.3871043193513176	0.8858568532668019	4965	11362	62
31	12826	0.39225011694994544	0.9108061749571184	5031	11682	62
32	12826	0.3983315141119601	0.9363792296896928	5109	12010	62
33	12826	0.4044129112739747	0.960237018556058	5187	12316	62
34	12826	0.4091688757211913	0.9837829409012943	5248	12618	62
35	12826	0.4144706065803836	1.0099797286761265	5316	12954	62
36	12826	0.42031810385155155	1.0327459847185405	5391	13246	62
37	12826	0.42554186808046157	1.053796974894745	5458	13516	62
38	12826	0.4290503664431623	1.0793700296273194	5503	13844	62
39	12826	0.43349446436925	1.1012006861063466	5560	14124	62
40	12826	0.4379385622953376	1.1278652736628723	5617	14466	62
41	12826	0.44246062685170745	1.1489162638390769	5675	14736	62
42	12826	0.44698269140807734	1.170435053796975	5733	15012	62
43	12826	0.451114922813036	1.1902385778886637	5786	15266	62
44	12826	0.45649462030251053	1.2151878995789802	5855	15586	62
45	12826	0.4592234523623889	1.2334320910650243	5890	15820	62
46	12826	0.46296585061593637	1.2566661468891314	5938	16118	62
47	12826	0.46577264930609696	1.274130672072353	5974	16342	62
48	12826	0.4699048807110557	1.2965850615936378	6027	16630	62
49	12826	0.47520661157024796	1.322625916107906	6095	16964	62
50	12826	0.47863714330266643	1.3446125058474974	6139	17246	62
51	12826	0.4822236082956495	1.3689380944955558	6185	17558	62
52	12826	0.4852643068766568	1.3879619522844222	6224	17802	62
53	12826	0.4884609387182286	1.4085451426789335	6265	18066	62
54	12826	0.491189770778107	1.4278808669889287	6300	18314	62
55	12826	0.49415250272883204	1.4455013254327147	6338	18540	62
56	12826	0.4966474348978637	1.4673319819117419	6370	18820	62
57	12826	0.4989864338063309	1.4877592390456884	6400	19082	62
58	12826	0.5012474660845159	1.5070949633556838	6429	19330	62
59	12826	0.5045220645563698	1.527678153750195	6471	19594	62
60	12826	0.5092000623733042	1.5465460782784968	6531	19836	62
61	12826	0.5138000935599564	1.5690004677997818	6590	20124	62
62	12826	0.5166068922501169	1.5866209262435678	6626	20350	62
63	12826	0.5196475908311243	1.6048651177296118	6665	20584	62
64	12826	0.5227662560424139	1.624200842039607	6705	20832	62
65	12826	0.5253391548417278	1.6441602993918603	6738	21088	62
66	12826	0.5286137533135817	1.6614688913145175	6780	21310	62
67	12826	0.5323561515671292	1.6817402151878995	6828	21570	62
68	12826	0.5346951504755965	1.6993606736316857	6858	21796	62
69	12826	0.5371900826446281	1.7165133322937782	6890	22016	62
70	12826	0.5398409480742242	1.733354124434742	6924	22232	62
71	12826	0.5417901138312802	1.7464525183221582	6949	22400	62
72	12826	0.5441291127397474	1.7654763761110246	6979	22644	62
73	12826	0.5465460782784968	1.783564634336504	7010	22876	62
74	12826	0.5484172774052706	1.7977545610478716	7034	23058	62
75	12826	0.5507562763137377	1.814907219709964	7064	23278	62
76	12826	0.5530173085919227	1.8292530796818962	7093	23462	62
77	12826	0.555434274130672	1.8471854046468112	7124	23692	62
78	12826	0.5580851395602682	1.8669889287385	7158	23946	62
79	12826	0.5603461718384531	1.8874161858724465	7187	24208	62
80	12826	0.5634648370497427	1.9044129112739747	7227	24426	62
81	12826	0.5645563698736941	1.9167316388585685	7241	24584	62
82	12826	0.5658038359582099	1.9310774988305006	7257	24768	62
83	12826	0.5678309683455481	1.946514891626384	7283	24966	62
84	12826	0.5702479338842975	1.9630438172462186	7314	25178	62
85	12826	0.5725089661624825	1.9797286761266177	7343	25392	62
86	12826	0.5745360985498207	1.99547793544363	7369	25594	62
87	12826	0.5763293310463122	2.0104475284578203	7392	25786	62
88	12826	0.5781225635428037	2.024169655387494	7415	25962	62
89	12826	0.5794479962576018	2.0400748479650708	7432	26166	62
90	12826	0.5813191953843755	2.056135973803212	7456	26372	62
91	12826	0.583112427880867	2.071105566817402	7479	26564	62
92	12826	0.5864649929830033	2.0865429596132854	7522	26762	62
93	12826	0.5884141587400592	2.1015125526274754	7547	26954	62
94	12826	0.5901294246062685	2.1155465460782783	7569	27134	62
95	12826	0.5921565569936067	2.1337907375643224	7595	27368	62
96	12826	0.5935599563386871	2.148916263839077	7613	27562	62
97	12826	0.5947294557929206	2.1666926555434274	7628	27790	62
98	12826	0.5978481210042103	2.184157180726649	7668	28014	62
99	12826	0.5992515203492905	2.1986589739591453	7686	28200	62
100	12826	0.6016684858880399	2.2153438328395447	7717	28414	62
1	12826	0.02159675658818026	0.021986589739591455	277	282	63
2	12826	0.05675970684547014	0.06128177140184001	728	786	63
3	12826	0.083112427880867	0.0946514891626384	1066	1214	63
4	12826	0.10509901762045844	0.12583814127553408	1348	1614	63
5	12826	0.12755340714174335	0.1588959925152035	1636	2038	63
6	12826	0.15024169655387495	0.19741150787462966	1927	2532	63
7	12826	0.17074692031810385	0.23343209106502416	2190	2994	63
8	12826	0.18696397941680962	0.2653984094807422	2398	3404	63
9	12826	0.20474037112116014	0.29923592702323404	2626	3838	63
10	12826	0.21752689848744738	0.3293310463121784	2790	4224	63
11	12826	0.231093092156557	0.36082956494620305	2964	4628	63
12	12826	0.24551691875877124	0.39326368314361454	3149	5044	63
13	12826	0.2571339466708249	0.425697801341026	3298	5460	63
14	12826	0.27038827381880554	0.46031498518634023	3468	5904	63
15	12826	0.2807578356463434	0.4919694370809294	3601	6310	63
16	12826	0.2900358646499298	0.5212848900670513	3720	6686	63
17	12826	0.29993762669577423	0.5498206767503508	3847	7052	63
18	12826	0.30921565569936066	0.5771089973491346	3966	7402	63
19	12826	0.31654451894589114	0.6025261188211446	4060	7728	63
20	12826	0.3259005145797599	0.6354280368002495	4180	8150	63
21	12826	0.3325276781537502	0.6591298924060502	4265	8454	63
22	12826	0.3424294401995946	0.6873538125682208	4392	8816	63
23	12826	0.3486667706221737	0.7135506003430532	4472	9152	63
24	12826	0.35591766723842194	0.7391236550756276	4565	9480	63
25	12826	0.3631685638546702	0.7651645095898956	4658	9814	63
26	12826	0.3711211601434586	0.7922968969281148	4760	10162	63
27	12826	0.37618899111180415	0.8138156868860128	4825	10438	63
28	12826	0.3832839544674879	0.8434430063932636	4916	10818	63
29	12826	0.38991111804147827	0.8687041946047092	5001	11142	63
30	12826	0.39552471542179946	0.8902229845626072	5073	11418	63
31	12826	0.40082644628099173	0.9164197723374395	5141	11754	63
32	12826	0.4067519101824419	0.9394978949009823	5217	12050	63
33	12826	0.41080617495711835	0.9614844846405738	5269	12332	63
34	12826	0.41556213940433495	0.9845626072041166	5330	12628	63
35	12826	0.41977233743957587	1.0070169967254015	5384	12916	63
36	12826	0.4242164353656635	1.029003586464993	5441	13198	63
37	12826	0.4285046000311867	1.0481833775144238	5496	13444	63
38	12826	0.43341649773896773	1.0728208326836115	5559	13760	63
39	12826	0.43692499610166846	1.0951192889443317	5604	14046	63
40	12826	0.44066739435521596	1.1178855449867457	5652	14338	63
41	12826	0.44518945891158584	1.1398721347263372	5710	14620	63
42	12826	0.4503352565102136	1.1651333229377827	5776	14944	63
43	12826	0.4554030874785592	1.1852487135506002	5841	15202	63
44	12826	0.45891158584125996	1.205675970684547	5886	15464	63
45	12826	0.46249805083424295	1.2264150943396226	5932	15730	63
46	12826	0.46702011539061283	1.248713550600343	5990	16016	63
47	12826	0.47200997972867614	1.2725713394667082	6054	16322	63
48	12826	0.47520661157024796	1.292374863558397	6095	16576	63
49	12826	0.480118509278029	1.3167004522064556	6158	16888	63
50	12826	0.48362700764072974	1.3377514423826602	6203	17158	63
51	12826	0.4879931389365352	1.361141431467332	6259	17458	63
52	12826	0.49134570403867145	1.382972087946359	6302	17738	63
53	12826	0.49352876968657416	1.4033993450803057	6330	18000	63
54	12826	0.49656946826758147	1.4235147356931233	6369	18258	63
55	12826	0.49836270076407296	1.4419148604397318	6392	18494	63
56	12826	0.5008576329331046	1.4632777171370652	6424	18768	63
57	12826	0.503586464992983	1.4841727740527055	6459	19036	63
58	12826	0.5065491969437081	1.504911897707781	6497	19302	63
59	12826	0.5086542959613286	1.5220645563698736	6524	19522	63
60	12826	0.5121627943240293	1.5431155465460782	6569	19792	63
61	12826	0.5138780601902386	1.562295337595509	6591	20038	63
62	12826	0.5163729923592703	1.5802276625604241	6623	20268	63
63	12826	0.5184001247466085	1.5989396538281615	6649	20508	63
64	12826	0.5212069234367691	1.6164041790113832	6685	20732	63
65	12826	0.5242476220177764	1.6363636363636365	6724	20988	63
66	12826	0.5261188211445501	1.6521128956806488	6748	21190	63
67	12826	0.5291595197255574	1.6719164197723375	6787	21444	63
68	12826	0.5320442850460003	1.6895368782161235	6824	21670	63
69	12826	0.533915484172774	1.70996413535007	6848	21932	63
70	12826	0.5367222828629347	1.7269608607515983	6884	22150	63
71	12826	0.539139248401684	1.742554186808046	6915	22350	63
72	12826	0.5417901138312802	1.7611102448152192	6949	22588	63
73	12826	0.5449087790425697	1.7757679713082801	6989	22776	63
74	12826	0.5473257445813192	1.7924528301886793	7020	22990	63
75	12826	0.5500545766411976	1.8102292218930298	7055	23218	63
76	12826	0.5523935755496647	1.8262903477311712	7085	23424	63
77	12826	0.5544986745672852	1.84157180726649	7112	23620	63
78	12826	0.5572275066271636	1.8602837985342273	7147	23860	63
79	12826	0.5601122719476064	1.8805551224076096	7184	24120	63
80	12826	0.5633089037891782	1.9003586464992983	7225	24374	63
81	12826	0.5651021362856697	1.916887572119133	7248	24586	63
82	12826	0.5682208014969593	1.9371588959925152	7288	24846	63
83	12826	0.570092000623733	1.9516606892250117	7312	25032	63
84	12826	0.5718072664899423	1.9646031498518635	7334	25198	63
85	12826	0.573990332137845	1.9800405426477468	7362	25396	63
86	12826	0.5760954311554655	1.9968813347887104	7389	25612	63
87	12826	0.577888663651957	2.0124746608451582	7412	25812	63
88	12826	0.5791361297364728	2.02401372212693	7428	25960	63
89	12826	0.5806174957118353	2.038671448619991	7447	26148	63
90	12826	0.5824886948386091	2.0522376422891004	7471	26322	63
91	12826	0.5839700608139716	2.0682987681272413	7490	26528	63
92	12826	0.5852954935287696	2.0840480274442537	7507	26730	63
93	12826	0.5874785591766724	2.10166848588804	7535	26956	63
94	12826	0.5898955247154218	2.1178855449867457	7566	27164	63
95	12826	0.5912989240605021	2.1314517386558554	7584	27338	63
96	12826	0.5935599563386871	2.148916263839077	7613	27562	63
97	12826	0.595509122095743	2.1640417901138314	7638	27756	63
98	12826	0.5978481210042103	2.181194448775924	7668	27976	63
99	12826	0.5998752533915485	2.196164041790114	7694	28168	63
100	12826	0.6015125526274755	2.2117573678465616	7715	28368	63
1	12826	0.02237642289100265	0.022766256042413845	287	292	64
2	12826	0.06073600498986434	0.06486823639482302	779	832	64
3	12826	0.08521752689848745	0.09449555590207391	1093	1212	64
4	12826	0.1064244503352565	0.12583814127553408	1365	1614	64
5	12826	0.126461874317792	0.15764852643068766	1622	2022	64
6	12826	0.14681116482145642	0.19195384375487293	1883	2462	64
7	12826	0.1700452206455637	0.2340558241072821	2181	3002	64
8	12826	0.18704194604709184	0.2707001403399345	2399	3472	64
9	12826	0.20263527210353968	0.30219865897395914	2599	3876	64
10	12826	0.21807266489942304	0.33525651021362857	2797	4300	64
11	12826	0.2303134258537346	0.36737876188991114	2954	4712	64
12	12826	0.24177452050522377	0.39669421487603307	3101	5088	64
13	12826	0.25152034929050365	0.4267893341649774	3226	5474	64
14	12826	0.2609543115546546	0.46171838453142056	3347	5922	64
15	12826	0.2724154062061438	0.4936847029471386	3494	6332	64
16	12826	0.28364260096678623	0.5247154217994698	3638	6730	64
17	12826	0.2932324964915016	0.5516918758771245	3761	7076	64
18	12826	0.30095119288944333	0.5769530640885701	3860	7400	64
19	12826	0.3075003898331514	0.6022142523000156	3944	7724	64
20	12826	0.31451738655855294	0.6315297052861375	4034	8100	64
21	12826	0.32145641665367225	0.6566349602370185	4123	8422	64
22	12826	0.32831748011850925	0.6801808825822548	4211	8724	64
23	12826	0.3366599095587089	0.7066895368782161	4318	9064	64
24	12826	0.34476843910806176	0.7347575237798223	4422	9424	64
25	12826	0.35194136909402773	0.761733977857477	4514	9770	64
26	12826	0.3581786995166069	0.7862154997661001	4594	10084	64
27	12826	0.3642600966786215	0.811944487759239	4672	10414	64
28	12826	0.3704974271012007	0.8356463433650397	4752	10718	64
29	12826	0.3760330578512397	0.8596600654919694	4823	11026	64
30	12826	0.381022922189303	0.8821144550132544	4887	11314	64
31	12826	0.3853110868548261	0.9087790425697801	4942	11656	64
32	12826	0.3900670513020427	0.9315452986121939	5003	11948	64
33	12826	0.3945891158584126	0.9541556213940433	5061	12238	64
34	12826	0.3987213472633713	0.9769218774364572	5114	12530	64
35	12826	0.404490877904257	1.0021830656479027	5188	12854	64
36	12826	0.40963667550288474	1.025105254950881	5254	13148	64
37	12826	0.41540620614377044	1.0466240449087791	5328	13424	64
38	12826	0.4200062373304226	1.0698581007328862	5387	13722	64
39	12826	0.4246842351473569	1.0937158895992516	5447	14028	64
40	12826	0.4284266334009044	1.1174177452050522	5495	14332	64
41	12826	0.43209106502416966	1.1369094027756121	5542	14582	64
42	12826	0.43739279588336194	1.1631061905504445	5610	14918	64
43	12826	0.44238266022142525	1.1852487135506002	5674	15202	64
44	12826	0.447840324341182	1.2091065024169656	5744	15508	64
45	12826	0.4532979884609387	1.2298456260720412	5814	15774	64
46	12826	0.45696242008420396	1.253235615156713	5861	16074	64
47	12826	0.4603929518166225	1.2761578044596913	5905	16368	64
48	12826	0.4643692499610167	1.2964291283330736	5956	16628	64
49	12826	0.4678777483237174	1.3209106502416965	6001	16942	64
50	12826	0.47154217994698266	1.3410260408545143	6048	17200	64
51	12826	0.4747388117885545	1.360829564946203	6089	17454	64
52	12826	0.4791049430843599	1.3835958209886168	6145	17746	64
53	12826	0.48159987525339154	1.4024637455169187	6177	17988	64
54	12826	0.48401684079214097	1.4210198035240917	6208	18226	64
55	12826	0.4882270388273819	1.4434741930453765	6262	18514	64
56	12826	0.4922033369717761	1.466396382348355	6313	18808	64
57	12826	0.4938406362077031	1.4860439731794792	6334	19060	64
58	12826	0.4967254015281459	1.5064712303134258	6371	19322	64
59	12826	0.5007016996725402	1.5259628878839857	6422	19572	64
60	12826	0.5051457975986278	1.5482613441447062	6479	19858	64
61	12826	0.5077966630282239	1.5649462030251053	6513	20072	64
62	12826	0.510759394978949	1.5819429284266333	6551	20290	64
63	12826	0.5134882270388273	1.5997193201309838	6586	20518	64
64	12826	0.5156712926867301	1.6174957118353346	6614	20746	64
65	12826	0.5177763917043505	1.6376111024481521	6641	21004	64
66	12826	0.5203492905036644	1.654140028067987	6674	21216	64
67	12826	0.5222204896304382	1.671448619990644	6698	21438	64
68	12826	0.5242476220177764	1.6878216123499143	6724	21648	64
69	12826	0.5258849212537035	1.7016996725401528	6745	21826	64
70	12826	0.5285357866832996	1.7197879307656323	6779	22058	64
71	12826	0.5313425853734601	1.7346015905192578	6815	22248	64
72	12826	0.5336815842819274	1.7508186496179634	6845	22456	64
73	12826	0.5350849836270076	1.7643848432870732	6863	22630	64
74	12826	0.5378917823171683	1.7834087010759394	6899	22874	64
75	12826	0.5402307812256354	1.7980664275690004	6929	23062	64
76	12826	0.5423358802432559	1.8136597536254484	6956	23262	64
77	12826	0.5445969125214408	1.8308124122875409	6985	23482	64
78	12826	0.5473257445813192	1.8473413379073755	7020	23694	64
79	12826	0.5498986433806331	1.8658973959145486	7053	23932	64
80	12826	0.5525495088102292	1.884609387182286	7087	24172	64
81	12826	0.5551224076095431	1.899267113675347	7120	24360	64
82	12826	0.5580851395602682	1.917199438640262	7158	24590	64
83	12826	0.5601902385778886	1.9326368314361453	7185	24788	64
84	12826	0.5626072041166381	1.9486979572742866	7216	24994	64
85	12826	0.5646343365039763	1.9633556837673476	7242	25182	64
86	12826	0.56650553563075	1.9792608763449244	7266	25386	64
87	12826	0.5676750350849836	1.9923592702323405	7281	25554	64
88	12826	0.5705598004054265	2.0074847965070948	7318	25748	64
89	12826	0.5728208326836114	2.023701855605801	7347	25956	64
90	12826	0.5754716981132075	2.0403867144862	7381	26170	64
91	12826	0.5771089973491346	2.0555122407609545	7402	26364	64
92	12826	0.5787462965850616	2.0698581007328865	7423	26548	64
93	12826	0.5813971620146577	2.085451426789334	7457	26748	64
94	12826	0.5831903945111492	2.0993294869795727	7480	26926	64
95	12826	0.5843598939653828	2.1138312802120693	7495	27112	64
96	12826	0.5868548261344144	2.1281771401840013	7527	27296	64
97	12826	0.5885700920006237	2.1442382660221426	7549	27502	64
98	12826	0.5902073912365507	2.1588959925152036	7570	27690	64
99	12826	0.5916887572119133	2.17480118509278	7589	27894	64
100	12826	0.5934819897084048	2.1905504444097925	7612	28096	64
1	12826	0.025884921253703414	0.026664587556525808	332	342	65
2	12826	0.06299703726804927	0.06876656790893497	808	882	65
3	12826	0.08841415874005926	0.10088881958521753	1134	1294	65
4	12826	0.11203804771557774	0.13753313581786994	1437	1764	65
5	12826	0.13129580539529082	0.16778418836737877	1684	2152	65
6	12826	0.15523156089193826	0.20770310307188522	1991	2664	65
7	12826	0.17612661780757835	0.24918135038203648	2259	3196	65
8	12826	0.19101824419148605	0.2830188679245283	2450	3630	65
9	12826	0.20567597068454702	0.31576485264306875	2638	4050	65
10	12826	0.2181506315297053	0.3460159051925776	2798	4438	65
11	12826	0.22961172618119444	0.37642289100265086	2945	4828	65
12	12826	0.24317791985030407	0.40807734289723996	3119	5234	65
13	12826	0.2544051146109465	0.4417589271791673	3263	5666	65
14	12826	0.26477467643848435	0.4737252455948854	3396	6076	65
15	12826	0.27436457196319974	0.502261032278185	3519	6442	65
16	12826	0.2837985342273507	0.5304849524403555	3640	6804	65
17	12826	0.29307656323093717	0.555434274130672	3759	7124	65
18	12826	0.3015749259317012	0.5822547949477623	3868	7468	65
19	12826	0.3082800561359738	0.6064244503352565	3954	7778	65
20	12826	0.31670045220645565	0.6360517698425074	4062	8158	65
21	12826	0.3241852487135506	0.6608451582722594	4158	8476	65
22	12826	0.3315920785903633	0.6848588803991892	4253	8784	65
23	12826	0.3389209418368938	0.711211601434586	4347	9122	65
24	12826	0.3454701387806019	0.736004989864338	4431	9440	65
25	12826	0.3529549352876969	0.7632933104631218	4527	9790	65
26	12826	0.3581786995166069	0.7866832995477936	4594	10090	65
27	12826	0.36340246374551693	0.8113207547169812	4661	10406	65
28	12826	0.36963979416809606	0.8354904101044753	4741	10716	65
29	12826	0.3743177919850304	0.8607515983159207	4801	11040	65
30	12826	0.37938562295337597	0.8821144550132544	4866	11314	65
31	12826	0.38515515359426167	0.906751910182442	4940	11630	65
32	12826	0.3906128177140184	0.9288944331825979	5010	11914	65
33	12826	0.3952128489006705	0.9493216903165446	5069	12176	65
34	12826	0.4009823795415562	0.9722438796195229	5143	12470	65
35	12826	0.4065180102915952	0.9993762669577421	5214	12818	65
36	12826	0.41104007484796506	1.0216747232184624	5272	13104	65
37	12826	0.41634180570715734	1.0435053796974896	5340	13384	65
38	12826	0.42094183689380943	1.0689225011694994	5399	13710	65
39	12826	0.4239825354748168	1.0904412911273975	5438	13986	65
40	12826	0.4292062997037268	1.1147668797754562	5505	14298	65
41	12826	0.4327927646967098	1.1353500701699673	5551	14562	65
42	12826	0.43825042881646653	1.15842819273351	5621	14858	65
43	12826	0.442304693591143	1.1801029159519725	5673	15136	65
44	12826	0.44667082488694837	1.2050522376422892	5729	15456	65
45	12826	0.4493216903165445	1.224543895212849	5763	15706	65
46	12826	0.45322002183065646	1.2471542179946982	5813	15996	65
47	12826	0.4570403867144862	1.2696086075159831	5862	16284	65
48	12826	0.4608607515983159	1.2909714642133168	5911	16558	65
49	12826	0.46429128333073444	1.3117105878683923	5955	16824	65
50	12826	0.46748791517230626	1.331514111960081	5996	17078	65
51	12826	0.47107438016528924	1.354904101044753	6042	17378	65
52	12826	0.47583034461250584	1.3756432246998285	6103	17644	65
53	12826	0.4788710431935132	1.3957586153126462	6142	17902	65
54	12826	0.4824575081864962	1.41852487135506	6188	18194	65
55	12826	0.4861219398097614	1.4381724621861842	6235	18446	65
56	12826	0.4898643380633089	1.4609387182285982	6283	18738	65
57	12826	0.4934508030562919	1.4826134414470606	6329	19016	65
58	12826	0.4977389677218151	1.5050678309683456	6384	19304	65
59	12826	0.5007016996725402	1.524091688757212	6422	19548	65
60	12826	0.5045220645563698	1.5482613441447062	6471	19858	65
61	12826	0.5068610634648371	1.5641665367222828	6501	20062	65
62	12826	0.5095898955247155	1.581163262123811	6536	20280	65
63	12826	0.5122407609543116	1.5998752533915483	6570	20520	65
64	12826	0.5151255262747544	1.6187431779198502	6607	20762	65
65	12826	0.5172306252923748	1.6405738343988774	6634	21042	65
66	12826	0.5194916575705598	1.6561671604553252	6663	21242	65
67	12826	0.5225323561515671	1.6784656167160454	6702	21528	65
68	12826	0.5247933884297521	1.696242008420396	6731	21756	65
69	12826	0.5262747544051146	1.7137065336036177	6750	21980	65
70	12826	0.529003586464993	1.7311710587868392	6785	22204	65
71	12826	0.5310307188523312	1.743801652892562	6811	22366	65
72	12826	0.5336815842819274	1.7628255106814283	6845	22610	65
73	12826	0.5358646499298301	1.779978169343521	6873	22830	65
74	12826	0.5375799157960393	1.7941680960548885	6895	23012	65
75	12826	0.540074847965071	1.8117885544986745	6927	23238	65
76	12826	0.5425697801341026	1.8270700140339935	6959	23434	65
77	12826	0.5455325120848277	1.8450023389989085	6997	23664	65
78	12826	0.5473257445813192	1.8626227974426945	7020	23890	65
79	12826	0.550210509901762	1.880399189147045	7057	24118	65
80	12826	0.5521596756588181	1.899578980196476	7082	24364	65
81	12826	0.5539529081553095	1.914236706689537	7105	24552	65
82	12826	0.5556681740215188	1.9285825666614689	7127	24736	65
83	12826	0.5576173397785747	1.946514891626384	7152	24966	65
84	12826	0.5594885389053486	1.9600810852954935	7176	25140	65
85	12826	0.5608139716201466	1.9747388117885545	7193	25328	65
86	12826	0.5620614377046624	1.98955247154218	7209	25518	65
87	12826	0.5641665367222829	2.008108529549353	7236	25756	65
88	12826	0.5661936691096211	2.022766256042414	7262	25944	65
89	12826	0.5679089349758304	2.0377358490566038	7284	26136	65
90	12826	0.5703259005145798	2.0530173085919228	7315	26332	65
91	12826	0.5725089661624825	2.0697021674723217	7343	26546	65
92	12826	0.5741462653984095	2.086075159831592	7364	26756	65
93	12826	0.57625136441603	2.103383751754249	7391	26978	65
94	12826	0.5785903633244971	2.1200686106346485	7421	27192	65
95	12826	0.5807734289723998	2.13612973647279	7449	27398	65
96	12826	0.583112427880867	2.151878995789802	7479	27600	65
97	12826	0.5849056603773585	2.168719787930766	7502	27816	65
98	12826	0.5867768595041323	2.1836893809449553	7526	28008	65
99	12826	0.5884921253703415	2.1972555746140654	7548	28182	65
100	12826	0.590285357866833	2.2117573678465616	7571	28368	65
1	12826	0.023234055824107282	0.02354592234523624	298	302	66
2	12826	0.06104787151099329	0.06486823639482302	783	832	66
3	12826	0.08646499298300328	0.09652268828941213	1109	1238	66
4	12826	0.10728208326836114	0.12880087322625916	1376	1652	66
5	12826	0.12864493996569468	0.16154685794479962	1650	2072	66
6	12826	0.15203492905036645	0.202089505691564	1950	2592	66
7	12826	0.1708248869483861	0.23951348822703883	2191	3072	66
8	12826	0.18696397941680962	0.27537813815686885	2398	3532	66
9	12826	0.20216747232184626	0.307032590051458	2593	3938	66
10	12826	0.21487603305785125	0.3374395758615313	2756	4328	66
11	12826	0.22883205987837205	0.36691096210821766	2935	4706	66
12	12826	0.24130672072353032	0.3976298144394199	3095	5100	66
13	12826	0.2523779822236083	0.43115546546078276	3237	5530	66
14	12826	0.26204584437860595	0.46249805083424295	3361	5932	66
15	12826	0.2716357399033214	0.4924372368626228	3484	6316	66
16	12826	0.2804459691252144	0.5211289568064869	3597	6684	66
17	12826	0.2898019647590831	0.5463901450179324	3717	7008	66
18	12826	0.29642912833307344	0.5719631997505068	3802	7336	66
19	12826	0.30321222516762825	0.596132855138001	3889	7646	66
20	12826	0.31046312178387653	0.6243567753001715	3982	8008	66
21	12826	0.3188835178543583	0.6488382972087946	4090	8322	66
22	12826	0.3273818805551224	0.675346951504756	4199	8662	66
23	12826	0.33502261032278186	0.7013878060190238	4297	8996	66
24	12826	0.3426633400904413	0.7302354592234523	4395	9366	66
25	12826	0.3485108373616092	0.7567441135194137	4470	9706	66
26	12826	0.3545922345236239	0.7821612349914236	4548	10032	66
27	12826	0.3609854982067675	0.8066427569000468	4630	10346	66
28	12826	0.36737876188991114	0.8328395446748792	4712	10682	66
29	12826	0.37244659285825665	0.8574769998440668	4777	10998	66
30	12826	0.37876188991111803	0.880711055668174	4858	11296	66
31	12826	0.38375175424918134	0.9041010447528458	4922	11596	66
32	12826	0.38991111804147827	0.9317012318727584	5001	11950	66
33	12826	0.39505691564010603	0.9571183533447685	5067	12276	66
34	12826	0.40051457975986277	0.9809761422111336	5137	12582	66
35	12826	0.4047247777951037	1.002650865429596	5191	12860	66
36	12826	0.40979260876344925	1.0244815219086232	5256	13140	66
37	12826	0.4140807734289724	1.046000311866521	5311	13416	66
38	12826	0.4189147045064712	1.071105566817402	5373	13738	66
39	12826	0.4230469359114299	1.0937158895992516	5426	14028	66
40	12826	0.42866053329175113	1.1208482769374708	5498	14376	66
41	12826	0.43263683143614534	1.1406518010291595	5549	14630	66
42	12826	0.4379385622953376	1.165601122719476	5617	14950	66
43	12826	0.44238266022142525	1.1889911118041478	5674	15250	66
44	12826	0.4462809917355372	1.2100421019803524	5724	15520	66
45	12826	0.44978949009823793	1.2287540932480898	5769	15760	66
46	12826	0.45368782161234994	1.251364416029939	5819	16050	66
47	12826	0.45750818649617964	1.274754405114611	5868	16350	66
48	12826	0.4614065180102916	1.2981443941992827	5918	16650	66
49	12826	0.4646031498518634	1.3195072508966164	5959	16924	66
50	12826	0.4671760486511773	1.3369717760798379	5992	17148	66
51	12826	0.47099641353500704	1.3606736316856385	6041	17452	66
52	12826	0.47458287852799	1.3809449555590207	6087	17712	66
53	12826	0.4789490098237954	1.4026196787774832	6143	17990	66
54	12826	0.48253547481677844	1.4222672696086076	6189	18242	66
55	12826	0.48440667394355214	1.4450335256510214	6213	18534	66
56	12826	0.48674567285201936	1.4671760486511773	6243	18818	66
57	12826	0.49017620458443784	1.486979572742866	6287	19072	66
58	12826	0.4939965694682676	1.5095898955247153	6336	19362	66
59	12826	0.4961796351161703	1.5258069546234212	6364	19570	66
60	12826	0.49984406673943554	1.5471698113207548	6411	19844	66
61	12826	0.5021050990176205	1.5655699360673632	6440	20080	66
62	12826	0.5055356307500389	1.5828785279900204	6484	20302	66
63	12826	0.5078746296585062	1.6019023857788866	6514	20546	66
64	12826	0.5116170279120537	1.623888975518478	6562	20828	66
65	12826	0.5144238266022143	1.6458755652580694	6598	21110	66
66	12826	0.5165289256198347	1.6616248245750818	6625	21312	66
67	12826	0.5188679245283019	1.6811164821456417	6655	21562	66
68	12826	0.5226103227818494	1.700764072976766	6703	21814	66
69	12826	0.5258069546234212	1.7200997972867613	6744	22062	66
70	12826	0.5285357866832996	1.7374083892094183	6779	22284	66
71	12826	0.5316544518945892	1.754561047871511	6819	22504	66
72	12826	0.533915484172774	1.7735849056603774	6848	22748	66
73	12826	0.5354748167784188	1.7888663651956962	6868	22944	66
74	12826	0.5382036488382972	1.8071105566817403	6903	23178	66
75	12826	0.541400280679869	1.823015749259317	6944	23382	66
76	12826	0.5446748791517231	1.8404802744425386	6986	23606	66
77	12826	0.546935911429908	1.8585685326680181	7015	23838	66
78	12826	0.5492749103383752	1.8733821924216436	7045	24028	66
79	12826	0.551847809137689	1.8908467176048651	7078	24252	66
80	12826	0.5541868080461563	1.9087790425697801	7108	24482	66
81	12826	0.55605800717293	1.9218774364571962	7132	24650	66
82	12826	0.5589427724933729	1.9366910962108217	7169	24840	66
83	12826	0.5612038047715577	1.952440355527834	7198	25042	66
84	12826	0.562919070637767	1.9653828161546858	7220	25208	66
85	12826	0.5643224699828473	1.980820208950569	7238	25406	66
86	12826	0.5661157024793388	1.99547793544363	7261	25594	66
87	12826	0.5678309683455481	2.0099797286761265	7283	25780	66
88	12826	0.570403867144862	2.027132387338219	7316	26000	66
89	12826	0.5724309995322002	2.0458443786059566	7342	26240	66
90	12826	0.5742242320286918	2.060969904880711	7365	26434	66
91	12826	0.5758615312646187	2.075939497894901	7386	26626	66
92	12826	0.5782784968033682	2.091844690472478	7417	26830	66
93	12826	0.5803835958209886	2.105878683923281	7444	27010	66
94	12826	0.5824886948386091	2.12256354280368	7471	27224	66
95	12826	0.5837361609231249	2.138156868860128	7487	27424	66
96	12826	0.5857632933104632	2.1514111960081084	7513	27594	66
97	12826	0.5879463589583658	2.1673163885856854	7541	27798	66
98	12826	0.5890378917823171	2.1816622485576174	7555	27982	66
99	12826	0.5917667238421955	2.197879307656323	7590	28190	66
100	12826	0.5934819897084048	2.2137845002339	7612	28394	66
1	12826	0.020115390612817714	0.020739123655075627	258	266	67
2	12826	0.054576641197567444	0.05941057227506627	700	762	67
3	12826	0.08342429440199595	0.09324808981755808	1070	1196	67
4	12826	0.10751598315920786	0.1277093404023078	1379	1638	67
5	12826	0.1278652736628723	0.15858412599407454	1640	2034	67
6	12826	0.15141119600810854	0.1964759083112428	1942	2520	67
7	12826	0.17269608607515982	0.23577108997349133	2215	3024	67
8	12826	0.18906907843443008	0.27007640729767657	2425	3464	67
9	12826	0.20520817090285356	0.3046935911429908	2632	3908	67
10	12826	0.21893029783252768	0.33603617651645096	2808	4310	67
11	12826	0.23101512552627476	0.364727896460315	2963	4678	67
12	12826	0.24302198658973959	0.3959145485732107	3117	5078	67
13	12826	0.25682208014969593	0.43240293154529863	3294	5546	67
14	12826	0.2676594417589272	0.462186184313114	3433	5928	67
15	12826	0.2768595041322314	0.4916575705598004	3551	6306	67
16	12826	0.2857476999844067	0.5209730235459223	3665	6682	67
17	12826	0.29370029627319505	0.5460782784968033	3767	7004	67
18	12826	0.30321222516762825	0.5727428660533291	3889	7346	67
19	12826	0.31100888819585215	0.5986277873070326	3989	7678	67
20	12826	0.31732418524871353	0.6232652424762202	4070	7994	67
21	12826	0.3248089817558085	0.6472789646031498	4166	8302	67
22	12826	0.33143614532979887	0.6730079525962888	4251	8632	67
23	12826	0.3391548417277405	0.6990488071105567	4350	8966	67
24	12826	0.34554810541088415	0.7244659285825666	4432	9292	67
25	12826	0.35092780290035863	0.7492593170123187	4501	9610	67
26	12826	0.3573990332137845	0.7729611726181195	4584	9914	67
27	12826	0.3612193980976142	0.7954155621394043	4633	10202	67
28	12826	0.36870419460470916	0.8222360829564946	4729	10546	67
29	12826	0.3747855917667238	0.8495244035552784	4807	10896	67
30	12826	0.3808669889287385	0.8713550600343053	4885	11176	67
31	12826	0.3856229533759551	0.8952128489006705	4946	11482	67
32	12826	0.39123655075627634	0.9189147045064713	5018	11786	67
33	12826	0.39700608139716204	0.9437080929362233	5092	12104	67
34	12826	0.4021518789957898	0.9655387494152503	5158	12384	67
35	12826	0.4069078434430064	0.9904880711055668	5219	12704	67
36	12826	0.41236550756276313	1.0130983938874163	5289	12994	67
37	12826	0.4167316388585685	1.0335256510213628	5345	13256	67
38	12826	0.4202401372212693	1.055044440979261	5390	13532	67
39	12826	0.42452830188679247	1.0765632309371589	5445	13808	67
40	12826	0.4305317324185249	1.1021362856697334	5522	14136	67
41	12826	0.43411819741150787	1.122875409324809	5568	14402	67
42	12826	0.4401216279432403	1.1473569312334322	5645	14716	67
43	12826	0.4463589583658194	1.1682519881490723	5725	14984	67
44	12826	0.44978949009823793	1.1889911118041478	5769	15250	67
45	12826	0.4528301886792453	1.2078590363324497	5808	15492	67
46	12826	0.4571183533447684	1.2296896928114767	5863	15772	67
47	12826	0.461874317791985	1.2527678153750195	5924	16068	67
48	12826	0.46530484952440354	1.2721035396850149	5968	16316	67
49	12826	0.4688133478871043	1.292998596600655	6013	16584	67
50	12826	0.4721659129892406	1.3128021206923437	6056	16838	67
51	12826	0.47676594417589274	1.3351005769530642	6115	17124	67
52	12826	0.47980664275690005	1.3544363012630594	6154	17372	67
53	12826	0.4831592078590363	1.3747076251364416	6197	17632	67
54	12826	0.48760330578512395	1.3938874161858725	6254	17878	67
55	12826	0.49009823795415564	1.4127553407141744	6286	18120	67
56	12826	0.49337283642600965	1.4352097302354592	6328	18408	67
57	12826	0.4957118353344768	1.4532979884609387	6358	18640	67
58	12826	0.4995322002183066	1.4738811788554498	6407	18904	67
59	12826	0.5017152658662093	1.4929050366443162	6435	19148	67
60	12826	0.503586464992983	1.5111492281303602	6459	19382	67
61	12826	0.5073288632465305	1.53064088570092	6507	19632	67
62	12826	0.5108373616092312	1.5499766100109154	6552	19880	67
63	12826	0.5137221269296741	1.566817402151879	6589	20096	67
64	12826	0.5180102915951973	1.58599719320131	6644	20342	67
65	12826	0.5203492905036644	1.6072041166380788	6674	20614	67
66	12826	0.5222984562607204	1.6224855761733978	6699	20810	67
67	12826	0.5251832215811633	1.6408857009200062	6736	21046	67
68	12826	0.5282239201621706	1.6595976921877436	6775	21286	67
69	12826	0.5302510525495088	1.6769062841104008	6801	21508	67
70	12826	0.5326680180882583	1.6931233432091064	6832	21716	67
71	12826	0.5344612505847497	1.707313269920474	6855	21898	67
72	12826	0.5371121160143458	1.7225947294557928	6889	22094	67
73	12826	0.540074847965071	1.7405270544207079	6927	22324	67
74	12826	0.5429596132855138	1.7586153126461874	6964	22556	67
75	12826	0.545298612193981	1.7762357710899734	6994	22782	67
76	12826	0.5484952440355528	1.7918290971464212	7035	22982	67
77	12826	0.5510681428348667	1.8078902229845626	7068	23188	67
78	12826	0.5529393419616404	1.8248869483860908	7092	23406	67
79	12826	0.5564478403243411	1.8428192733510058	7137	23636	67
80	12826	0.5581631061905504	1.859504132231405	7159	23850	67
81	12826	0.5606580383595821	1.873226259161079	7191	24026	67
82	12826	0.5627631373772025	1.8883517854358334	7218	24220	67
83	12826	0.5643224699828473	1.9020739123655075	7238	24396	67
84	12826	0.5679089349758304	1.9189147045064712	7284	24612	67
85	12826	0.570092000623733	1.9382504288164666	7312	24860	67
86	12826	0.5725089661624825	1.954311554654608	7343	25066	67
87	12826	0.5738343988772805	1.9692811476687977	7360	25258	67
88	12826	0.5764072976765944	1.9842507406829877	7393	25450	67
89	12826	0.5781225635428037	2.0028067986901608	7415	25688	67
90	12826	0.5796039295181662	2.0160611258381413	7434	25858	67
91	12826	0.58147512864494	2.029627319507251	7458	26032	67
92	12826	0.5824886948386091	2.044285046000312	7471	26220	67
93	12826	0.5843598939653828	2.0600343053173242	7495	26422	67
94	12826	0.5852175268984875	2.073288632465305	7506	26592	67
95	12826	0.5868548261344144	2.0874785591766725	7527	26774	67
96	12826	0.5884921253703415	2.1015125526274754	7548	26954	67
97	12826	0.5907531576485264	2.1188211445501324	7577	27176	67
98	12826	0.5929362232964291	2.1345704038671447	7605	27378	67
99	12826	0.5937938562295337	2.148292530796819	7616	27554	67
100	12826	0.5954311554654608	2.1624824575081867	7637	27736	67
1	12826	0.02619678777483237	0.026664587556525808	336	342	68
2	12826	0.05909870575393732	0.06393263683143614	758	820	68
3	12826	0.08241072820832683	0.09340402307812257	1057	1198	68
4	12826	0.10650241696553875	0.12958053952908155	1366	1662	68
5	12826	0.12677374083892093	0.16201465772649307	1626	2078	68
6	12826	0.14930609699048808	0.19975050678309683	1915	2562	68
7	12826	0.1710587868392328	0.24200842039607048	2194	3104	68
8	12826	0.18673007952596288	0.2764696709808202	2395	3546	68
9	12826	0.20240137221269297	0.30874785591766724	2596	3960	68
10	12826	0.21705909870575393	0.34554810541088415	2784	4432	68
11	12826	0.22844222672696085	0.3747076251364416	2930	4806	68
12	12826	0.2420863870263527	0.40527054420707936	3105	5198	68
13	12826	0.25105254950881023	0.43411819741150787	3220	5568	68
14	12826	0.261422111336348	0.46577264930609696	3353	5974	68
15	12826	0.2726493060969905	0.49836270076407296	3497	6392	68
16	12826	0.28036800249493216	0.5261188211445501	3596	6748	68
17	12826	0.28761889911118044	0.5484172774052706	3689	7034	68
18	12826	0.2963511617027912	0.5757055980040543	3801	7384	68
19	12826	0.303134258537346	0.5981599875253392	3888	7672	68
20	12826	0.3120224543895213	0.62778730703259	4002	8052	68
21	12826	0.3205987837205676	0.6539840948074225	4112	8388	68
22	12826	0.32878527990020273	0.6823639482301574	4217	8752	68
23	12826	0.335724309995322	0.707001403399345	4306	9068	68
24	12826	0.3426633400904413	0.7338219242164353	4395	9412	68
25	12826	0.3504600031186652	0.7612661780757836	4495	9764	68
26	12826	0.35693123343209104	0.7859036332449711	4578	10080	68
27	12826	0.3625448308124123	0.8105410884141587	4650	10396	68
28	12826	0.3685482613441447	0.8368938094495556	4727	10734	68
29	12826	0.3737720255730547	0.8623109309215655	4794	11060	68
30	12826	0.3813347887104319	0.8905348510837362	4891	11422	68
31	12826	0.38570092000623735	0.913612973647279	4947	11718	68
32	12826	0.3911585841259941	0.9390300951192889	5017	12044	68
33	12826	0.39529081553095274	0.9631997505067831	5070	12354	68
34	12826	0.40004677997816934	0.9834710743801653	5131	12614	68
35	12826	0.4053485108373616	1.007796663028224	5199	12926	68
36	12826	0.41002650865429596	1.0302510525495088	5259	13214	68
37	12826	0.4148604397317948	1.0509901762045843	5321	13480	68
38	12826	0.42039607048183375	1.076875097458288	5392	13812	68
39	12826	0.42616560112271945	1.1027600187119913	5466	14144	68
40	12826	0.4292062997037268	1.1256822080149695	5505	14438	68
41	12826	0.4337283642600967	1.1472009979728677	5563	14714	68
42	12826	0.43965382816154686	1.1733977857477	5639	15050	68
43	12826	0.4443318259784812	1.195540308747856	5699	15334	68
44	12826	0.44900982379541554	1.2195540308747856	5759	15642	68
45	12826	0.4518945891158584	1.2370185560580071	5796	15866	68
46	12826	0.4564166536722283	1.2605644784032435	5854	16168	68
47	12826	0.4601590519257758	1.28099173553719	5902	16430	68
48	12826	0.46429128333073444	1.3003274598471855	5955	16678	68
49	12826	0.467409948542024	1.3199750506783097	5995	16930	68
50	12826	0.4703726804927491	1.339310774988305	6033	17178	68
51	12826	0.47450491189770777	1.3592702323405583	6086	17434	68
52	12826	0.47754561047871513	1.3807890222984562	6125	17710	68
53	12826	0.4808981755808514	1.4023078122563544	6168	17986	68
54	12826	0.4829253079681896	1.422735069390301	6194	18248	68
55	12826	0.4846405738343989	1.4392639950101356	6216	18460	68
56	12826	0.48674567285201936	1.4590675191018245	6243	18714	68
57	12826	0.48978637143302667	1.4787151099329487	6282	18966	68
58	12826	0.4926711367534695	1.4961796351161702	6319	19190	68
59	12826	0.49594573522532354	1.5142678933416498	6361	19422	68
60	12826	0.49937626695774207	1.5340714174333385	6405	19676	68
61	12826	0.5023389989084672	1.5524715421799469	6443	19912	68
62	12826	0.5047559644472166	1.570092000623733	6474	20138	68
63	12826	0.5074068298768127	1.588959925152035	6508	20380	68
64	12826	0.5103695618275378	1.6076719164197724	6546	20620	68
65	12826	0.5121627943240293	1.6256042413846874	6569	20850	68
66	12826	0.514345859971932	1.6416653672228285	6597	21056	68
67	12826	0.5180102915951973	1.6611570247933884	6644	21306	68
68	12826	0.5203492905036644	1.6783096834554811	6674	21526	68
69	12826	0.5226882894121316	1.6951504755964448	6704	21742	68
70	12826	0.5261967877748324	1.7107438016528926	6749	21942	68
71	12826	0.5289256198347108	1.7271167940121628	6784	22152	68
72	12826	0.5307968189614845	1.743801652892562	6808	22366	68
73	12826	0.532590051457976	1.758459379385623	6831	22554	68
74	12826	0.5351629502572899	1.7748323717448933	6864	22764	68
75	12826	0.5368782161234992	1.7912053641041634	6886	22974	68
76	12826	0.5390612817714019	1.806019023857789	6914	23164	68
77	12826	0.5409324808981756	1.8211445501325432	6938	23358	68
78	12826	0.543349446436925	1.83704974271012	6969	23562	68
79	12826	0.5456104787151099	1.8534227350693904	6998	23772	68
80	12826	0.5482613441447061	1.8705753937314828	7032	23992	68
81	12826	0.5502884765320443	1.8857009200062373	7058	24186	68
82	12826	0.5523935755496647	1.9023857788866365	7085	24400	68
83	12826	0.5546546078278497	1.9184469047247779	7114	24606	68
84	12826	0.5562919070637767	1.9332605644784033	7135	24796	68
85	12826	0.5589427724933729	1.9504132231404958	7169	25016	68
86	12826	0.5613597380321222	1.9664743489786372	7200	25222	68
87	12826	0.5626851707469204	1.9805083424294403	7217	25402	68
88	12826	0.5649462030251052	1.9953220021830655	7246	25592	68
89	12826	0.5664275690004678	2.0121627943240292	7265	25808	68
90	12826	0.5683767347575238	2.026508654295961	7290	25992	68
91	12826	0.5702479338842975	2.041946047091845	7314	26190	68
92	12826	0.5722750662716357	2.056603773584906	7340	26378	68
93	12826	0.5743801652892562	2.071105566817402	7367	26564	68
94	12826	0.5767191641977234	2.0868548261344144	7397	26766	68
95	12826	0.577888663651957	2.0985498206767503	7412	26916	68
96	12826	0.5803835958209886	2.1142990799937627	7444	27118	68
97	12826	0.5824107282083268	2.1312958053952906	7470	27336	68
98	12826	0.5842819273351005	2.1431467331981913	7494	27488	68
99	12826	0.5865429596132855	2.156089193825043	7523	27654	68
100	12826	0.5885700920006237	2.1705909870575395	7549	27840	68
1	12826	0.023857788866365196	0.02448152190862311	306	314	69
2	12826	0.061125838141275535	0.06580383595820989	784	844	69
3	12826	0.08529549352876968	0.09589895524715422	1094	1230	69
4	12826	0.10431935131763605	0.12583814127553408	1338	1614	69
5	12826	0.12474660845158272	0.1565569936067363	1600	2008	69
6	12826	0.14665523156089194	0.1942928426633401	1881	2492	69
7	12826	0.1724621861843131	0.2410728208326836	2212	3092	69
8	12826	0.19047247777951037	0.2769374707625136	2443	3552	69
9	12826	0.20575393731482924	0.3082800561359738	2639	3954	69
10	12826	0.2179946982691408	0.3391548417277405	2796	4350	69
11	12826	0.22922189302978324	0.36769062841104005	2940	4716	69
12	12826	0.24138468735381258	0.3999688133478871	3096	5130	69
13	12826	0.25346951504755966	0.4338063308903789	3251	5564	69
14	12826	0.26508654295961326	0.4673319819117418	3400	5994	69
15	12826	0.2739747388117886	0.4936847029471386	3514	6332	69
16	12826	0.28372056759706843	0.5225323561515671	3639	6702	69
17	12826	0.2915951972555746	0.5476376111024481	3740	7024	69
18	12826	0.2985342273506939	0.5735225323561516	3829	7356	69
19	12826	0.3055512240760954	0.6003430531732419	3919	7700	69
20	12826	0.3140495867768595	0.6302822392016217	4028	8084	69
21	12826	0.32130048339310774	0.656790893497583	4121	8424	69
22	12826	0.33050054576641197	0.6842351473569313	4239	8776	69
23	12826	0.3377514423826602	0.7094963355683768	4332	9100	69
24	12826	0.3454701387806019	0.7346015905192578	4431	9422	69
25	12826	0.35061593637922966	0.7579915796039295	4497	9722	69
26	12826	0.35591766723842194	0.7823171682519882	4565	10034	69
27	12826	0.3605176984250741	0.8063308903789178	4624	10342	69
28	12826	0.36737876188991114	0.8328395446748792	4712	10682	69
29	12826	0.373849992203337	0.8581007328863246	4795	11006	69
30	12826	0.37946358958365817	0.8821144550132544	4867	11314	69
31	12826	0.38468735381256824	0.9069078434430063	4934	11632	69
32	12826	0.38952128489006704	0.9299859660065491	4996	11928	69
33	12826	0.39505691564010603	0.9519725557461407	5067	12210	69
34	12826	0.39926711367534695	0.974894745049119	5121	12504	69
35	12826	0.40347731171058787	0.9985966006549197	5175	12808	69
36	12826	0.4079214096366755	1.0193357243099954	5232	13074	69
37	12826	0.41283330734445656	1.0422579136129737	5295	13368	69
38	12826	0.4167316388585685	1.0647123031342585	5345	13656	69
39	12826	0.4214876033057851	1.0884141587400593	5406	13960	69
40	12826	0.42608763449243725	1.1132075471698113	5465	14278	69
41	12826	0.42990799937626695	1.133322937782629	5514	14536	69
42	12826	0.4342741306720724	1.1574925931701232	5570	14846	69
43	12826	0.43786059566505536	1.1796351161702792	5616	15130	69
44	12826	0.44238266022142525	1.2028691719943865	5674	15428	69
45	12826	0.445891158584126	1.2222048963043817	5719	15676	69
46	12826	0.44971152346795573	1.2441914860439731	5768	15958	69
47	12826	0.45423358802432556	1.2638390768750976	5826	16210	69
48	12826	0.45820988616871977	1.28551380009356	5877	16488	69
49	12826	0.461874317791985	1.3096834554810541	5924	16798	69
50	12826	0.46522688289412134	1.3302666458755652	5967	17062	69
51	12826	0.46873538125682207	1.3520973023545921	6012	17342	69
52	12826	0.47185404646811163	1.3722126929674099	6052	17600	69
53	12826	0.47598627787307035	1.3940433494464368	6105	17880	69
54	12826	0.4794947762357711	1.4135350070169967	6150	18130	69
55	12826	0.4829253079681896	1.4355215967565882	6194	18412	69
56	12826	0.48682363948230156	1.457040386714486	6244	18688	69
57	12826	0.4922033369717761	1.4784032434118197	6313	18962	69
58	12826	0.49430843598939656	1.4964915016372993	6340	19194	69
59	12826	0.49789490098237954	1.5170746920318103	6386	19458	69
60	12826	0.5024169655387494	1.5409324808981755	6444	19764	69
61	12826	0.5051457975986278	1.5552783408701076	6479	19948	69
62	12826	0.5077186963979416	1.5732106658350227	6512	20178	69
63	12826	0.510759394978949	1.5895836581942928	6551	20388	69
64	12826	0.5131763605176984	1.6086075159831592	6582	20632	69
65	12826	0.5152814595353189	1.6285669733354124	6609	20888	69
66	12826	0.5177763917043505	1.6468111648214565	6641	21122	69
67	12826	0.5205831903945112	1.6666146889131452	6677	21376	69
68	12826	0.5232340558241073	1.682519881490722	6711	21580	69
69	12826	0.5261967877748324	1.7015437392795882	6749	21824	69
70	12826	0.5281459535318883	1.718696397941681	6774	22044	69
71	12826	0.5307968189614845	1.7341337907375642	6808	22242	69
72	12826	0.5329019179791049	1.7497271167940123	6835	22442	69
73	12826	0.5367222828629347	1.7675035084983628	6884	22670	69
74	12826	0.5389833151411196	1.783564634336504	6913	22876	69
75	12826	0.5413223140495868	1.8013410260408544	6943	23104	69
76	12826	0.5429596132855138	1.8170902853578668	6964	23306	69
77	12826	0.5459223452362388	1.8364260096678622	7002	23554	69
78	12826	0.5481833775144238	1.8527990020271323	7031	23764	69
79	12826	0.5509122095743022	1.8718228598159987	7066	24008	69
80	12826	0.5528613753313582	1.889131451738656	7091	24230	69
81	12826	0.5548885077186964	1.903789178231717	7117	24418	69
82	12826	0.5569156401060347	1.9178231716825198	7143	24598	69
83	12826	0.5590987057539373	1.931857165133323	7171	24778	69
84	12826	0.5617495711835334	1.946826758147513	7205	24970	69
85	12826	0.563542803680025	1.9610166848588804	7228	25152	69
86	12826	0.5657258693279277	1.9772337439575862	7256	25360	69
87	12826	0.5693903009511929	1.9968813347887104	7303	25612	69
88	12826	0.5709496335568377	2.009200062373304	7323	25770	69
89	12826	0.5729767659441759	2.023545922345236	7349	25954	69
90	12826	0.5752377982223609	2.039139248401684	7378	26154	69
91	12826	0.5772649306096991	2.0552003742398255	7404	26360	69
92	12826	0.5788242632153439	2.068142834866677	7424	26526	69
93	12826	0.580539529081553	2.0845158272259474	7446	26736	69
94	12826	0.5826446280991735	2.100109153282395	7473	26936	69
95	12826	0.5845158272259473	2.114766879775456	7497	27124	69
96	12826	0.5864649929830033	2.1283330734445656	7522	27298	69
97	12826	0.5888039918914705	2.1451738655855292	7552	27514	69
98	12826	0.5906751910182442	2.1592078590363326	7576	27694	69
99	12826	0.5918446904724778	2.1762045844378606	7591	27912	69
100	12826	0.5935599563386871	2.1914860439731796	7613	28108	69
1	12826	0.02549508810229222	0.026040854514267894	327	334	70
2	12826	0.0638546702011539	0.06876656790893497	819	882	70
3	12826	0.08786839232808358	0.0996413535007017	1127	1278	70
4	12826	0.11172618119444877	0.13457040386714486	1433	1726	70
5	12826	0.1306720723530329	0.16513332293778263	1676	2118	70
6	12826	0.1537501949165757	0.20333697177607984	1972	2608	70
7	12826	0.17511305161390925	0.24309995322002184	2246	3118	70
8	12826	0.19366910962108216	0.28208326836114145	2484	3618	70
9	12826	0.20754716981132076	0.31295805395290816	2662	4014	70
10	12826	0.2221269296740995	0.34632777171370654	2849	4442	70
11	12826	0.23514735693123343	0.37564322469982847	3016	4818	70
12	12826	0.24746608451582722	0.40807734289723996	3174	5234	70
13	12826	0.25806954623421174	0.4397317947918291	3310	5640	70
14	12826	0.2707001403399345	0.47559644472165913	3472	6100	70
15	12826	0.2804459691252144	0.5067830968345548	3597	6500	70
16	12826	0.2889443318259785	0.534851083736161	3706	6860	70
17	12826	0.29884609387182287	0.5632309371588959	3833	7224	70
18	12826	0.3072664899423047	0.5902073912365507	3941	7570	70
19	12826	0.3148292530796819	0.6167160455325121	4038	7910	70
20	12826	0.32324964915016374	0.6469670980820209	4146	8298	70
21	12826	0.33128021206923436	0.6728520193357244	4249	8630	70
22	12826	0.33876500857632935	0.6998284734133791	4345	8976	70
23	12826	0.34508030562919073	0.722594729455793	4426	9268	70
24	12826	0.3537346015905193	0.7519101824419149	4537	9644	70
25	12826	0.36067363168563854	0.7793544363012631	4626	9996	70
26	12826	0.3667550288476532	0.8022766256042414	4704	10290	70
27	12826	0.371900826446281	0.8276937470762513	4770	10616	70
28	12826	0.3775923904568845	0.8543583346327772	4843	10958	70
29	12826	0.384609387182286	0.8794635895836582	4933	11280	70
30	12826	0.3886636519569624	0.9014501793232497	4985	11562	70
31	12826	0.3935755496647435	0.9231249025417122	5048	11840	70
32	12826	0.3977857476999844	0.9447996257601746	5102	12118	70
33	12826	0.4026196787774832	0.9680336815842819	5164	12416	70
34	12826	0.4081553095275222	0.9939186028379854	5235	12748	70
35	12826	0.41454857321066585	1.0199594573522532	5317	13082	70
36	12826	0.42094183689380943	1.043037579915796	5399	13378	70
37	12826	0.42616560112271945	1.0644004366131297	5466	13652	70
38	12826	0.4309995322002183	1.0882582254794948	5528	13958	70
39	12826	0.43606736316856387	1.1128956806486823	5593	14274	70
40	12826	0.4407453609854982	1.1384687353812568	5653	14602	70
41	12826	0.4465148916263839	1.162638390768751	5727	14912	70
42	12826	0.4513488227038827	1.188055512240761	5789	15238	70
43	12826	0.45571495399968814	1.2097302354592234	5845	15516	70
44	12826	0.46054888507718694	1.2312490254171216	5907	15792	70
45	12826	0.46522688289412134	1.2535474816778418	5967	16078	70
46	12826	0.4678777483237174	1.273818805551224	6001	16338	70
47	12826	0.47154217994698266	1.296273195072509	6048	16626	70
48	12826	0.4753625448308124	1.3159207859036333	6097	16878	70
49	12826	0.47879307656323095	1.339934508030563	6141	17186	70
50	12826	0.48183377514423825	1.3592702323405583	6180	17434	70
51	12826	0.4848744737252456	1.3815686886012786	6219	17720	70
52	12826	0.48955247154217996	1.4037112116014345	6279	18004	70
53	12826	0.49251520349290506	1.4205520037423982	6317	18220	70
54	12826	0.49508810229221895	1.4381724621861842	6350	18446	70
55	12826	0.49828473413379076	1.4576641197567441	6391	18696	70
56	12826	0.5018711991267737	1.4784032434118197	6437	18962	70
57	12826	0.5038203648838298	1.4975830344612506	6462	19208	70
58	12826	0.5061593637922969	1.5183221581163262	6492	19474	70
59	12826	0.5084203960704818	1.5348510837361609	6521	19686	70
60	12826	0.5112271947606425	1.5551224076095431	6557	19946	70
61	12826	0.5141899267113675	1.5735225323561515	6595	20182	70
62	12826	0.5173085919226571	1.5917667238421955	6635	20416	70
63	12826	0.5197255574614065	1.609231249025417	6666	20640	70
64	12826	0.5219865897395914	1.6270076407297676	6695	20868	70
65	12826	0.5242476220177764	1.6472789646031498	6724	21128	70
66	12826	0.526742554186808	1.6647434897863713	6756	21352	70
67	12826	0.5297832527678153	1.686418213004834	6795	21630	70
68	12826	0.532590051457976	1.703726804927491	6831	21852	70
69	12826	0.5353188835178544	1.7229065959769219	6866	22098	70
70	12826	0.5380477155777327	1.73990332137845	6901	22316	70
71	12826	0.5413223140495868	1.7564322469982847	6943	22528	70
72	12826	0.5435833463277717	1.775456104787151	6972	22772	70
73	12826	0.5463901450179324	1.794635895836582	7008	23018	70
74	12826	0.5484172774052706	1.812568220801497	7034	23248	70
75	12826	0.550522376422891	1.8286293466396382	7061	23454	70
76	12826	0.5536410416341806	1.8459379385622954	7101	23676	70
77	12826	0.5556681740215188	1.8618431311398722	7127	23880	70
78	12826	0.5567597068454702	1.8794635895836582	7141	24106	70
79	12826	0.559332605644784	1.898019647590831	7174	24344	70
80	12826	0.5612038047715577	1.9167316388585685	7198	24584	70
81	12826	0.5629970372680493	1.9324808981755808	7221	24786	70
82	12826	0.5649462030251052	1.9499454233588025	7246	25010	70
83	12826	0.5676750350849836	1.9646031498518635	7281	25198	70
84	12826	0.5713394667082489	1.9803524091688758	7328	25400	70
85	12826	0.5734445657258693	1.9943864026196787	7355	25580	70
86	12826	0.575627631373772	2.0104475284578203	7383	25786	70
87	12826	0.5776547637611102	2.0261967877748326	7409	25988	70
88	12826	0.5809293622329643	2.044129112739747	7451	26218	70
89	12826	0.5819429284266334	2.0608139716201466	7464	26432	70
90	12826	0.5835802276625605	2.0754716981132075	7485	26620	70
91	12826	0.5845158272259473	2.0895056915640104	7497	26800	70
92	12826	0.5867768595041323	2.105566817402152	7526	27006	70
93	12826	0.5884921253703415	2.121316076719164	7548	27208	70
94	12826	0.5900514579759862	2.139092468423515	7568	27436	70
95	12826	0.5917667238421955	2.1531264618743178	7590	27616	70
96	12826	0.5937158895992515	2.1701231872758457	7615	27834	70
97	12826	0.5954311554654608	2.1852487135506005	7637	28028	70
98	12826	0.5969125214408233	2.198503040698581	7656	28198	70
99	12826	0.5983159207859037	2.2142523000155934	7674	28400	70
100	12826	0.6000311866521129	2.2289100265086543	7696	28588	70
1	12826	0.027756120380477155	0.02853578668329955	356	366	71
2	12826	0.06338687041946046	0.06876656790893497	813	882	71
3	12826	0.08927179167316389	0.10057695306408856	1145	1290	71
4	12826	0.1115702479338843	0.13379073756432247	1431	1716	71
5	12826	0.13113987213472633	0.1646655231560892	1682	2112	71
6	12826	0.15281459535318884	0.2013098393887416	1960	2582	71
7	12826	0.17526898487447373	0.24419148604397317	2248	3132	71
8	12826	0.19156401060346173	0.27990020271323873	2457	3590	71
9	12826	0.20832683611414315	0.3156089193825043	2672	4048	71
10	12826	0.22181506315297053	0.3486667706221737	2845	4472	71
11	12826	0.23616092312490256	0.38266022142523	3029	4908	71
12	12826	0.2476220177763917	0.4141587400592546	3176	5312	71
13	12826	0.25845937938562297	0.4467487915172306	3315	5730	71
14	12826	0.2702323405582411	0.4815219086231093	3466	6176	71
15	12826	0.28013410260408544	0.5095898955247155	3593	6536	71
16	12826	0.28808669889287386	0.538437548729144	3695	6906	71
17	12826	0.29564946203025105	0.5630750038983315	3792	7222	71
18	12826	0.3035240916887572	0.5906751910182442	3893	7576	71
19	12826	0.3113207547169811	0.6162482457508186	3993	7904	71
20	12826	0.3191953843754873	0.6464992983003275	4094	8292	71
21	12826	0.32605644784032434	0.6687977545610478	4182	8578	71
22	12826	0.33455481054108843	0.6940589427724934	4291	8902	71
23	12826	0.34297520661157027	0.7213472633712771	4399	9252	71
24	12826	0.34960237018556056	0.7489474504911898	4484	9606	71
25	12826	0.3564634336503976	0.7756120380477156	4572	9948	71
26	12826	0.36238889755184783	0.8008732262591611	4648	10272	71
27	12826	0.368002494932169	0.8258225479494776	4720	10592	71
28	12826	0.3748635583970061	0.8538905348510837	4808	10952	71
29	12826	0.3813347887104319	0.8782161234991424	4891	11264	71
30	12826	0.38718228598159987	0.9006705130204272	4966	11552	71
31	12826	0.3916263839076875	0.9262435677530018	5023	11880	71
32	12826	0.3968501481365975	0.9501013566193669	5090	12186	71
33	12826	0.4013722126929674	0.9739591454857321	5148	12492	71
34	12826	0.4065180102915952	0.9975050678309684	5214	12794	71
35	12826	0.41057227506627164	1.0193357243099954	5266	13074	71
36	12826	0.4147045064712303	1.0422579136129737	5319	13368	71
37	12826	0.4200062373304226	1.065180102915952	5387	13662	71
38	12826	0.42437236862622796	1.0887260252611881	5443	13964	71
39	12826	0.4285046000311867	1.112427880866989	5496	14268	71
40	12826	0.43349446436925	1.1369094027756121	5560	14582	71
41	12826	0.43864026196787775	1.1604553251208483	5626	14884	71
42	12826	0.44261656011227196	1.1824419148604397	5677	15166	71
43	12826	0.4472945579292063	1.2033369717760798	5737	15434	71
44	12826	0.45197255574614065	1.226259161079058	5797	15728	71
45	12826	0.4568064868236395	1.2473101512552627	5859	15998	71
46	12826	0.4610946514891626	1.2700764072976767	5914	16290	71
47	12826	0.46546078278496805	1.2940901294246063	5970	16598	71
48	12826	0.4689692811476688	1.3162326524247623	6015	16882	71
49	12826	0.4725557461406518	1.3397785747699984	6061	17184	71
50	12826	0.4756744113519414	1.3592702323405583	6101	17434	71
51	12826	0.4793388429752066	1.3807890222984562	6148	17710	71
52	12826	0.48237954155621393	1.397941680960549	6187	17930	71
53	12826	0.4854982067675035	1.418213004833931	6227	18190	71
54	12826	0.4888507718696398	1.4370809293622329	6270	18432	71
55	12826	0.4912677374083892	1.4537657882426323	6301	18646	71
56	12826	0.49407453609854984	1.4751286449399656	6337	18920	71
57	12826	0.4975830344612506	1.4949321690316544	6382	19174	71
58	12826	0.5001559332605645	1.5138000935599563	6415	19416	71
59	12826	0.5024949321690316	1.5320442850460003	6445	19650	71
60	12826	0.5072508966162482	1.5538749415250273	6506	19930	71
61	12826	0.5099017620458444	1.5724309995322001	6540	20168	71
62	12826	0.5130983938874162	1.5920785903633246	6581	20420	71
63	12826	0.5170746920318103	1.6093871822859815	6632	20642	71
64	12826	0.5201153906128178	1.6259161079058164	6671	20854	71
65	12826	0.5216747232184625	1.6471230313425853	6691	21126	71
66	12826	0.5236238889755185	1.6648994230469358	6716	21354	71
67	12826	0.5264306876656791	1.6839232808358022	6752	21598	71
68	12826	0.5283798534227351	1.701387806019024	6777	21822	71
69	12826	0.5313425853734601	1.7211913301107127	6815	22076	71
70	12826	0.5340714174333385	1.7383439887728052	6850	22296	71
71	12826	0.5364883829720879	1.753937314829253	6881	22496	71
72	12826	0.5392172150319663	1.7712459067519102	6916	22718	71
73	12826	0.5419460470918447	1.7894900982379542	6951	22952	71
74	12826	0.5449087790425697	1.8064868236394822	6989	23170	71
75	12826	0.5467799781693435	1.8225479494776236	7013	23376	71
76	12826	0.5498206767503508	1.841259940745361	7052	23616	71
77	12826	0.5527054420707938	1.8570092000623732	7089	23818	71
78	12826	0.5542647746764385	1.8733821924216436	7109	24028	71
79	12826	0.5565258069546234	1.891470450647123	7138	24260	71
80	12826	0.5581631061905504	1.9073756432246998	7159	24464	71
81	12826	0.5602682052081709	1.9223452362388898	7186	24656	71
82	12826	0.5615156712926868	1.9398097614221113	7202	24880	71
83	12826	0.5631529705286138	1.9563386870419461	7223	25092	71
84	12826	0.5654140028067987	1.9711523467955714	7252	25282	71
85	12826	0.5677530017152659	1.9869016061125837	7282	25484	71
86	12826	0.5702479338842975	2.0028067986901608	7314	25688	71
87	12826	0.5718072664899423	2.020271323873382	7334	25912	71
88	12826	0.5738343988772805	2.0346171838453144	7360	26096	71
89	12826	0.5755496647434898	2.0503664431623267	7382	26298	71
90	12826	0.5768750974582878	2.0633089037891783	7399	26464	71
91	12826	0.5789022298456261	2.0796818961484487	7425	26674	71
92	12826	0.5815530952752223	2.094183689380945	7459	26860	71
93	12826	0.5828785279900203	2.107282083268361	7476	27028	71
94	12826	0.5849836270076407	2.1224076095431155	7503	27222	71
95	12826	0.5859971932013098	2.13612973647279	7516	27398	71
96	12826	0.5877124590675191	2.150631529705286	7538	27584	71
97	12826	0.5900514579759862	2.1645095898955247	7568	27762	71
98	12826	0.5915328239513489	2.1801029159519727	7587	27962	71
99	12826	0.5930141899267114	2.1953843754872913	7606	28158	71
100	12826	0.5945735225323562	2.209886168719788	7626	28344	71
1	12826	0.02440355527834087	0.024949321690316544	313	320	72
2	12826	0.05917667238421955	0.06408857009200063	759	822	72
3	12826	0.08794635895836582	0.09854982067675035	1128	1264	72
4	12826	0.10915328239513489	0.1320754716981132	1400	1694	72
5	12826	0.13098393887416185	0.16482145641665366	1680	2114	72
6	12826	0.15484172774052704	0.20302510525495088	1986	2604	72
7	12826	0.17994698269140808	0.24668641821300483	2308	3164	72
8	12826	0.1955403087478559	0.27756120380477156	2508	3560	72
9	12826	0.21035396850148136	0.3082800561359738	2698	3954	72
10	12826	0.22508966162482458	0.3419616404179011	2887	4386	72
11	12826	0.2368626227974427	0.37143302666458755	3038	4764	72
12	12826	0.24855761733977857	0.4013722126929674	3188	5148	72
13	12826	0.2576797130828006	0.4305317324185249	3305	5522	72
14	12826	0.2685170746920318	0.4651489162638391	3444	5966	72
15	12826	0.2762357710899735	0.4919694370809294	3543	6310	72
16	12826	0.2866053329175113	0.5220645563698737	3676	6696	72
17	12826	0.29518166224855763	0.5481054108841416	3786	7030	72
18	12826	0.30258849212537037	0.5749259317012319	3881	7374	72
19	12826	0.31171058786839234	0.6014345859971932	3998	7714	72
20	12826	0.31974115078746296	0.6296585061593638	4101	8076	72
21	12826	0.3262123811008888	0.6544518945891159	4184	8394	72
22	12826	0.3351785435833463	0.6829876812724154	4299	8760	72
23	12826	0.3440667394355216	0.7071573366599095	4413	9070	72
24	12826	0.3507718696397942	0.7338219242164353	4499	9412	72
25	12826	0.35771089973491343	0.7604865117729612	4588	9754	72
26	12826	0.36238889755184783	0.7821612349914236	4648	10032	72
27	12826	0.36784656167160457	0.8077342897239981	4718	10360	72
28	12826	0.37260252611882116	0.8311242788086699	4779	10660	72
29	12826	0.37845002338998907	0.8557617339778575	4854	10976	72
30	12826	0.3833619210977702	0.8786839232808358	4917	11270	72
31	12826	0.3883517854358335	0.9028535786683299	4981	11580	72
32	12826	0.3939653828161547	0.9268673007952596	5053	11888	72
33	12826	0.3993450803056292	0.9496335568376735	5122	12180	72
34	12826	0.4033993450803056	0.9717760798378294	5174	12464	72
35	12826	0.40760954311554654	0.9950101356619367	5228	12762	72
36	12826	0.41275534071417436	1.0199594573522532	5294	13082	72
37	12826	0.41875877124590677	1.0417901138312802	5371	13362	72
38	12826	0.42289100265086543	1.0642445033525652	5424	13650	72
39	12826	0.42733510057695306	1.087322625916108	5481	13946	72
40	12826	0.43185716513332295	1.111804147824731	5539	14260	72
41	12826	0.43544363012630594	1.1323873382192422	5585	14524	72
42	12826	0.4405894277249337	1.1571807266489942	5651	14842	72
43	12826	0.4448775923904569	1.1791673163885856	5706	15124	72
44	12826	0.44916575705598005	1.2002183065647902	5761	15394	72
45	12826	0.45322002183065646	1.2211133634804303	5813	15662	72
46	12826	0.4573522532356152	1.245750818649618	5866	15978	72
47	12826	0.46023701855605803	1.2657102760018712	5903	16234	72
48	12826	0.46507094963355683	1.2880087322625917	5965	16520	72
49	12826	0.4684235147356931	1.3113987213472633	6008	16820	72
50	12826	0.4716201465772649	1.3296429128333074	6049	17054	72
51	12826	0.4749727116794012	1.3528769686574147	6092	17352	72
52	12826	0.4789490098237954	1.3737720255730548	6143	17620	72
53	12826	0.4824575081864962	1.3929518166224857	6188	17866	72
54	12826	0.4841727740527054	1.4118197411507876	6210	18108	72
55	12826	0.48853890534851085	1.436769062841104	6266	18428	72
56	12826	0.4922813036020583	1.4598471854046469	6314	18724	72
57	12826	0.49485420240137223	1.4785591766723842	6347	18964	72
58	12826	0.49867456728520193	1.498362700764073	6396	19218	72
59	12826	0.5017152658662093	1.5181662248557617	6435	19472	72
60	12826	0.5049898643380633	1.5389053485108373	6477	19738	72
61	12826	0.5082644628099173	1.5582410728208327	6519	19986	72
62	12826	0.51044752845782	1.5780445969125214	6547	20240	72
63	12826	0.5128644939965694	1.595820988616872	6578	20468	72
64	12826	0.5154373927958834	1.6164041790113832	6611	20732	72
65	12826	0.5190238577888664	1.6365195696242008	6657	20990	72
66	12826	0.5216747232184625	1.6547637611102448	6691	21224	72
67	12826	0.5242476220177764	1.6734757523779822	6724	21464	72
68	12826	0.5276001871199126	1.6928114766879776	6767	21712	72
69	12826	0.53064088570092	1.7116794012162795	6806	21954	72
70	12826	0.5335256510213628	1.7299235927023233	6843	22188	72
71	12826	0.5353188835178544	1.7464525183221582	6866	22400	72
72	12826	0.5373460159051926	1.761733977857477	6892	22596	72
73	12826	0.5394511149228131	1.7779510369561828	6919	22804	72
74	12826	0.5425697801341026	1.794635895836582	6959	23018	72
75	12826	0.5457664119756744	1.813503820364884	7000	23260	72
76	12826	0.5481833775144238	1.8290971464213317	7031	23460	72
77	12826	0.5499766100109154	1.8464057383439887	7054	23682	72
78	12826	0.5527054420707938	1.8634024637455169	7089	23900	72
79	12826	0.5551224076095431	1.8825822547949478	7120	24146	72
80	12826	0.5571495399968813	1.9003586464992983	7146	24374	72
81	12826	0.5591766723842195	1.913612973647279	7172	24544	72
82	12826	0.5619055044440979	1.9295181662248557	7207	24748	72
83	12826	0.5640106034617184	1.9441758927179167	7234	24936	72
84	12826	0.5662716357399034	1.9610166848588804	7263	25152	72
85	12826	0.568766567908935	1.9786371433026664	7295	25378	72
86	12826	0.5709496335568377	1.9951660689225013	7323	25590	72
87	12826	0.5721970996413535	2.0104475284578203	7339	25786	72
88	12826	0.5746920318103852	2.026352721035397	7371	25990	72
89	12826	0.5780445969125214	2.0458443786059566	7414	26240	72
90	12826	0.5792920629970373	2.0600343053173242	7430	26422	72
91	12826	0.5804615624512709	2.0757835646343366	7445	26624	72
92	12826	0.5822547949477623	2.089037891782317	7468	26794	72
93	12826	0.5836581942928427	2.104319351317636	7486	26990	72
94	12826	0.5858412599407453	2.121004210198035	7514	27204	72
95	12826	0.5875565258069546	2.1376890690784345	7536	27418	72
96	12826	0.5895836581942928	2.1521908623109307	7562	27604	72
97	12826	0.5914548573210666	2.168563854670201	7586	27814	72
98	12826	0.5923904568844535	2.1821300483393107	7598	27988	72
99	12826	0.5931701231872758	2.194916575705598	7608	28152	72
100	12826	0.5951972555746141	2.2114455013254326	7634	28364	72
1	12826	0.024949321690316544	0.025573054732574457	320	328	73
2	12826	0.06019023857788866	0.0650241696553875	772	834	73
3	12826	0.08428192733510058	0.09480742242320286	1081	1216	73
4	12826	0.1072041166380789	0.12864493996569468	1375	1650	73
5	12826	0.12841104007484797	0.16061125838141274	1647	2060	73
6	12826	0.15024169655387495	0.19819117417745205	1927	2542	73
7	12826	0.1734757523779822	0.23951348822703883	2225	3072	73
8	12826	0.18867924528301888	0.2722594729455793	2420	3492	73
9	12826	0.2028691719943864	0.30266645875565257	2602	3882	73
10	12826	0.2177607983782941	0.33478871043193514	2793	4294	73
11	12826	0.23000155933260563	0.36566349602370185	2950	4690	73
12	12826	0.24091688757211913	0.3926399501013566	3090	5036	73
13	12826	0.2511305161390925	0.4232028691719944	3221	5428	73
14	12826	0.26376111024481524	0.4570403867144862	3383	5862	73
15	12826	0.2737408389209418	0.4879151723062529	3511	6258	73
16	12826	0.2841883673787619	0.5170746920318103	3645	6632	73
17	12826	0.29073756432247	0.5410884141587401	3729	6940	73
18	12826	0.2993138936535163	0.5682208014969593	3839	7288	73
19	12826	0.3078902229845626	0.5931701231872758	3949	7608	73
20	12826	0.31615468579448	0.6234211757367847	4055	7996	73
21	12826	0.3244191486043973	0.6497738967721816	4161	8334	73
22	12826	0.3317480118509278	0.674723218462498	4255	8654	73
23	12826	0.33806330890378916	0.6992047403711211	4336	8968	73
24	12826	0.3444565725869328	0.7250896616248246	4418	9300	73
25	12826	0.35116170279120534	0.750974582878528	4504	9632	73
26	12826	0.3580227662560424	0.7771713706533604	4592	9968	73
27	12826	0.3633244971152347	0.8016528925619835	4660	10282	73
28	12826	0.3693279276469671	0.8276937470762513	4737	10616	73
29	12826	0.3757211913301107	0.8537346015905193	4819	10950	73
30	12826	0.3804771557773273	0.8757211913301107	4880	11232	73
31	12826	0.3873382192421643	0.9005145797598628	4968	11550	73
32	12826	0.3921721503196632	0.924372368626228	5030	11856	73
33	12826	0.39669421487603307	0.9482301574925932	5088	12162	73
34	12826	0.40230781225635426	0.9741150787462965	5160	12494	73
35	12826	0.40620614377046627	0.9981288008732263	5210	12802	73
36	12826	0.411663807890223	1.021830656479027	5280	13106	73
37	12826	0.4179011383128021	1.046000311866521	5360	13416	73
38	12826	0.4217215031966318	1.069390300951193	5409	13716	73
39	12826	0.4257757679713083	1.0937158895992516	5461	14028	73
40	12826	0.4299859660065492	1.1172618119444877	5515	14330	73
41	12826	0.4335724309995322	1.1397162014657727	5561	14618	73
42	12826	0.4385622953375955	1.1624824575081865	5625	14910	73
43	12826	0.44339622641509435	1.183533447684391	5687	15180	73
44	12826	0.44698269140807734	1.2042725713394666	5733	15446	73
45	12826	0.4504911897707781	1.223920162170591	5778	15698	73
46	12826	0.45368782161234994	1.2455948853890535	5819	15976	73
47	12826	0.45719631997505067	1.2661780757835646	5864	16240	73
48	12826	0.46125058474972713	1.2880087322625917	5916	16520	73
49	12826	0.46390145017932327	1.31093092156557	5950	16814	73
50	12826	0.46608451582722593	1.3291751130516138	5978	17048	73
51	12826	0.46967098082020897	1.350382036488383	6024	17320	73
52	12826	0.472945579292063	1.3706533603617652	6066	17580	73
53	12826	0.47520661157024796	1.3890534851083736	6095	17816	73
54	12826	0.47824731015125527	1.4091688757211913	6134	18074	73
55	12826	0.4811320754716981	1.4281927335100577	6171	18318	73
56	12826	0.4852643068766568	1.4504911897707782	6224	18604	73
57	12826	0.4882270388273819	1.4698269140807734	6262	18852	73
58	12826	0.491189770778107	1.490566037735849	6300	19118	73
59	12826	0.4939965694682676	1.509122095743022	6336	19356	73
60	12826	0.49734913457040386	1.5300171526586621	6379	19624	73
61	12826	0.5011694994542336	1.5481054108841417	6428	19856	73
62	12826	0.5032745984718541	1.563854670201154	6455	20058	73
63	12826	0.5069390300951193	1.5850615936379229	6502	20330	73
64	12826	0.5095898955247155	1.6048651177296118	6536	20584	73
65	12826	0.5125526274754405	1.6249805083424294	6574	20842	73
66	12826	0.5148916263839077	1.6429128333073444	6604	21072	73
67	12826	0.5171526586620926	1.6595976921877436	6633	21286	73
68	12826	0.5201153906128178	1.6778418836737876	6671	21520	73
69	12826	0.5239357554966474	1.6978013410260409	6720	21776	73
70	12826	0.527054420707937	1.7155777327303914	6760	22004	73
71	12826	0.5291595197255574	1.7311710587868392	6787	22204	73
72	12826	0.5321222516762826	1.7495711835334478	6825	22440	73
73	12826	0.5350849836270076	1.765944175892718	6863	22650	73
74	12826	0.5376578824263215	1.782940901294246	6896	22868	73
75	12826	0.541400280679869	1.8004054264774676	6944	23092	73
76	12826	0.5431935131763606	1.815219086231093	6967	23282	73
77	12826	0.5460782784968033	1.8320598783720567	7004	23498	73
78	12826	0.5481054108841416	1.8512396694214877	7030	23744	73
79	12826	0.5495867768595041	1.8685482613441446	7049	23966	73
80	12826	0.5520037423982536	1.8877280523935756	7080	24212	73
81	12826	0.5535630750038983	1.9009823795415561	7100	24382	73
82	12826	0.5562139404334945	1.919850304069858	7134	24624	73
83	12826	0.557695306408857	1.9331046312178388	7153	24794	73
84	12826	0.5602682052081709	1.9502572898799313	7186	25014	73
85	12826	0.5620614377046624	1.967409948542024	7209	25234	73
86	12826	0.5637767035708716	1.9845626072041167	7231	25454	73
87	12826	0.567129268673008	2.0018711991267737	7274	25676	73
88	12826	0.5686886012786527	2.0160611258381413	7294	25858	73
89	12826	0.5707157336659909	2.033213784500234	7320	26078	73
90	12826	0.572664899423047	2.048183377514424	7345	26270	73
91	12826	0.5741462653984095	2.062217370965227	7364	26450	73
92	12826	0.5764072976765944	2.0781225635428036	7393	26654	73
93	12826	0.5778106970216748	2.0943396226415096	7411	26862	73
94	12826	0.5799937626695775	2.1111804147824733	7439	27078	73
95	12826	0.5820988616871979	2.126150007796663	7466	27270	73
96	12826	0.5845158272259473	2.142367066895369	7497	27478	73
97	12826	0.58669889287385	2.156556993606736	7525	27660	73
98	12826	0.5892717916731639	2.1733977857477	7558	27876	73
99	12826	0.5913768906907844	2.1914860439731796	7585	28108	73
100	12826	0.5935599563386871	2.205987837205676	7613	28294	73
1	12826	0.02635272103539685	0.026820520817090285	338	344	74
2	12826	0.06073600498986434	0.0650241696553875	779	834	74
3	12826	0.08607515983159209	0.09667862154997661	1104	1240	74
4	12826	0.10993294869795728	0.13176360517698424	1410	1690	74
5	12826	0.13012630594105723	0.16295025728987994	1669	2090	74
6	12826	0.1511772961172618	0.19912677374083892	1939	2554	74
7	12826	0.17378761889911118	0.24091688757211913	2229	3090	74
8	12826	0.19210977701543738	0.2774052705442071	2464	3558	74
9	12826	0.20879463589583658	0.310619055044441	2678	3984	74
10	12826	0.22282862934663963	0.34336503976298144	2858	4404	74
11	12826	0.2342897239981288	0.37236862622797445	3005	4776	74
12	12826	0.24964915016372993	0.40620614377046627	3202	5210	74
13	12826	0.25845937938562297	0.43443006393263683	3315	5572	74
14	12826	0.27007640729767657	0.46624044908779044	3464	5980	74
15	12826	0.2797442694526743	0.4969593014189927	3588	6374	74
16	12826	0.2885544986745673	0.5247154217994698	3701	6730	74
17	12826	0.29666302822392016	0.5513800093559956	3805	7072	74
18	12826	0.3043037579915796	0.5753937314829253	3903	7380	74
19	12826	0.3123343209106502	0.6009667862154998	4006	7708	74
20	12826	0.3191953843754873	0.6284110400748479	4094	8060	74
21	12826	0.3276937470762514	0.6553874941525027	4203	8406	74
22	12826	0.3343988772805239	0.6801808825822548	4289	8724	74
23	12826	0.33899890846717606	0.7026352721035397	4348	9012	74
24	12826	0.3464057383439888	0.72945579292063	4443	9356	74
25	12826	0.35334476843910806	0.7553407141743333	4532	9688	74
26	12826	0.3598159987525339	0.7799781693435209	4615	10004	74
27	12826	0.3651956962420084	0.8052393575549665	4684	10328	74
28	12826	0.37096522688289413	0.8290971464213317	4758	10634	74
29	12826	0.37876188991111803	0.8573210665835023	4858	10996	74
30	12826	0.38468735381256824	0.8844534539217215	4934	11344	74
31	12826	0.39053485108373615	0.9101824419148604	5009	11674	74
32	12826	0.39544674879151726	0.9335724309995322	5072	11974	74
33	12826	0.39848744737252456	0.9547793544363012	5111	12246	74
34	12826	0.4051146109465149	0.9800405426477468	5196	12570	74
35	12826	0.4099485420240137	1.0046779978169345	5258	12886	74
36	12826	0.4167316388585685	1.0279120536410415	5345	13184	74
37	12826	0.42187743645719633	1.0483393107749883	5411	13446	74
38	12826	0.4271791673163886	1.072353032901918	5479	13754	74
39	12826	0.43162326524247624	1.0952752222048963	5536	14048	74
40	12826	0.4357554966474349	1.116949945423359	5589	14326	74
41	12826	0.4405894277249337	1.1395602682052082	5651	14616	74
42	12826	0.4440979260876345	1.1618587244659286	5696	14902	74
43	12826	0.44791829097146424	1.1827537813815687	5745	15170	74
44	12826	0.4518945891158584	1.2016217059098706	5796	15412	74
45	12826	0.4550912209574302	1.220021830656479	5837	15648	74
46	12826	0.45953531888351784	1.2435677530017153	5894	15950	74
47	12826	0.4642133167004522	1.2652424762201777	5954	16228	74
48	12826	0.4681116482145642	1.2847341337907376	6004	16478	74
49	12826	0.4719320130983939	1.3057851239669422	6053	16748	74
50	12826	0.47520661157024796	1.3263683143614533	6095	17012	74
51	12826	0.4794947762357711	1.3472633712770934	6150	17280	74
52	12826	0.4824575081864962	1.368314361453298	6188	17550	74
53	12826	0.4858880399189147	1.3867144861999063	6232	17786	74
54	12826	0.48838297208794634	1.4055824107282082	6264	18028	74
55	12826	0.4912677374083892	1.4269452674255418	6301	18302	74
56	12826	0.4946203025105255	1.4495555902073913	6344	18592	74
57	12826	0.49766100109153283	1.4688913145173865	6383	18840	74
58	12826	0.5007796663028224	1.4886948386090753	6423	19094	74
59	12826	0.5033525651021363	1.5056915640106034	6456	19312	74
60	12826	0.5072508966162482	1.527990020271324	6506	19598	74
61	12826	0.5102915951972555	1.5476376111024481	6545	19850	74
62	12826	0.5130204272571339	1.5663496023701855	6580	20090	74
63	12826	0.5155933260564478	1.5827225947294559	6613	20300	74
64	12826	0.517932324964915	1.602682052081709	6643	20556	74
65	12826	0.5199594573522532	1.6224855761733978	6669	20810	74
66	12826	0.5223764228910026	1.6374551691875878	6700	21002	74
67	12826	0.5245594885389053	1.6556993606736317	6728	21236	74
68	12826	0.5268205208170903	1.6733198191174177	6757	21462	74
69	12826	0.5291595197255574	1.6929674099485421	6787	21714	74
70	12826	0.5318103851551536	1.7105878683923281	6821	21940	74
71	12826	0.5350070169967254	1.7272727272727273	6862	22154	74
72	12826	0.5378917823171683	1.7442694526742555	6899	22372	74
73	12826	0.5403087478559176	1.7598627787307033	6930	22572	74
74	12826	0.5434274130672072	1.7771713706533603	6970	22794	74
75	12826	0.545298612193981	1.7960392951816622	6994	23036	74
76	12826	0.5474816778418836	1.8121004210198035	7022	23242	74
77	12826	0.5490410104475285	1.8290971464213317	7042	23460	74
78	12826	0.5516139092468424	1.8470294713862467	7075	23690	74
79	12826	0.5537190082644629	1.8632465304849524	7102	23898	74
80	12826	0.5565258069546234	1.880399189147045	7138	24118	74
81	12826	0.5581631061905504	1.8936535162950257	7159	24288	74
82	12826	0.5601122719476064	1.9101824419148605	7184	24500	74
83	12826	0.5624512708560736	1.927958833619211	7214	24728	74
84	12826	0.5645563698736941	1.9438640261967877	7241	24932	74
85	12826	0.5675970684547014	1.9619522844222672	7280	25164	74
86	12826	0.5695462342117573	1.9767659441758927	7305	25354	74
87	12826	0.5708716669265554	1.9929830032745985	7322	25562	74
88	12826	0.5731326992047404	2.0063932636831434	7351	25734	74
89	12826	0.5744581319195384	2.020583190394511	7368	25916	74
90	12826	0.5772649306096991	2.0366443162326524	7404	26122	74
91	12826	0.5799157960392952	2.0520817090285357	7438	26320	74
92	12826	0.5825666614688914	2.068142834866677	7472	26526	74
93	12826	0.5840480274442539	2.0826446280991737	7491	26712	74
94	12826	0.5862310930921566	2.0996413535007017	7519	26930	74
95	12826	0.5878683923280836	2.1142990799937627	7540	27118	74
96	12826	0.5899734913457041	2.1278652736628723	7567	27292	74
97	12826	0.5911429907999376	2.1409636675502886	7582	27460	74
98	12826	0.593871822859816	2.1562451270856076	7617	27656	74
99	12826	0.5951972555746141	2.170746920318104	7634	27842	74
100	12826	0.5964447216591299	2.185872446592858	7650	28036	74
1	12826	0.02643068766567909	0.026664587556525808	339	342	75
2	12826	0.06315297052861375	0.06689536878216124	810	858	75
3	12826	0.08934975830344613	0.09948542024013722	1146	1276	75
4	12826	0.1093871822859816	0.130048339310775	1403	1668	75
5	12826	0.12958053952908155	0.1610790581631062	1662	2066	75
6	12826	0.15289256198347106	0.20053017308591922	1961	2572	75
7	12826	0.17339778574769998	0.24013722126929674	2224	3080	75
8	12826	0.19203181038515515	0.27537813815686885	2463	3532	75
9	12826	0.20809293622329642	0.310619055044441	2669	3984	75
10	12826	0.22298456260720412	0.342897239981288	2860	4398	75
11	12826	0.23436769062841104	0.3748635583970061	3006	4808	75
12	12826	0.24653048495244034	0.40620614377046627	3162	5210	75
13	12826	0.2577576797130828	0.4387961952284422	3306	5628	75
14	12826	0.26906284110400747	0.47045064712303136	3451	6034	75
15	12826	0.27951036956182757	0.5024169655387494	3585	6444	75
16	12826	0.28847653204428503	0.530329019179791	3700	6802	75
17	12826	0.2990020271323873	0.559644472165913	3835	7178	75
18	12826	0.3075783564634337	0.5878683923280836	3945	7540	75
19	12826	0.3154529861219398	0.6123499142367067	4046	7854	75
20	12826	0.3223920162170591	0.6405738343988773	4135	8216	75
21	12826	0.33026664587556526	0.6667706221737096	4236	8552	75
22	12826	0.3379073756432247	0.6953064088570092	4334	8918	75
23	12826	0.34453453921721505	0.718072664899423	4419	9210	75
24	12826	0.35209730235459225	0.7448931857165133	4516	9554	75
25	12826	0.3585685326680181	0.7703103071885233	4599	9880	75
26	12826	0.3633244971152347	0.7940121627943241	4660	10184	75
27	12826	0.3697177607983783	0.8191174177452051	4742	10506	75
28	12826	0.375487291439264	0.8428192733510058	4816	10810	75
29	12826	0.38117885544986746	0.8668329954779355	4889	11118	75
30	12826	0.38546702011539064	0.8894433182597848	4944	11408	75
31	12826	0.38952128489006704	0.9095587088726025	4996	11666	75
32	12826	0.39544674879151726	0.9340402307812257	5072	11980	75
33	12826	0.4001247466084516	0.9541556213940433	5132	12238	75
34	12826	0.4051146109465149	0.9781693435209731	5196	12546	75
35	12826	0.41033837517542493	1.0007796663028223	5263	12836	75
36	12826	0.4160299391860284	1.0227662560424138	5336	13118	75
37	12826	0.42039607048183375	1.0445969125214407	5392	13398	75
38	12826	0.4252300015593326	1.0689225011694994	5454	13710	75
39	12826	0.43006393263683146	1.0904412911273975	5516	13986	75
40	12826	0.43489786371433026	1.1136753469515048	5578	14284	75
41	12826	0.4383283954467488	1.133322937782629	5622	14536	75
42	12826	0.44222672696086074	1.1573366599095587	5672	14844	75
43	12826	0.4463589583658194	1.1779198503040698	5725	15108	75
44	12826	0.45041322314049587	1.199750506783097	5777	15388	75
45	12826	0.45314205520037426	1.2211133634804303	5812	15662	75
46	12826	0.4561047871510993	1.2432558864805863	5850	15946	75
47	12826	0.45976921877436455	1.2639950101356618	5897	16212	75
48	12826	0.4648370497427101	1.2901917979104942	5962	16548	75
49	12826	0.46873538125682207	1.314205520037424	6012	16856	75
50	12826	0.47224387961952285	1.3349446436924997	6057	17122	75
51	12826	0.47450491189770777	1.3553719008264462	6086	17384	75
52	12826	0.4780913768906908	1.3764228910026508	6132	17654	75
53	12826	0.4807422423202869	1.3946670824886949	6166	17888	75
54	12826	0.48503040698581007	1.4154062061437704	6221	18154	75
55	12826	0.4880711055668174	1.4356775300171527	6260	18414	75
56	12826	0.49079993762669577	1.4548573210665836	6295	18660	75
57	12826	0.4942304693591143	1.473257445813192	6339	18896	75
58	12826	0.4974271012006861	1.4927491033837517	6380	19146	75
59	12826	0.5002338998908468	1.5106814283486667	6416	19376	75
60	12826	0.5030406985810073	1.529393419616404	6452	19616	75
61	12826	0.5062373304225791	1.5481054108841417	6493	19856	75
62	12826	0.5094339622641509	1.566193669109621	6534	20088	75
63	12826	0.5120068610634648	1.5845937938562296	6567	20324	75
64	12826	0.5139560268205208	1.6012786527366287	6592	20538	75
65	12826	0.5168407921409637	1.621238110088882	6629	20794	75
66	12826	0.5199594573522532	1.6377670357087166	6669	21006	75
67	12826	0.5226882894121316	1.6569468267581475	6704	21252	75
68	12826	0.5254950881022922	1.6742554186808045	6740	21474	75
69	12826	0.5280679869016062	1.6937470762513644	6773	21724	75
70	12826	0.5305629190706378	1.7101200686106346	6805	21934	75
71	12826	0.5323561515671292	1.7269608607515983	6828	22150	75
72	12826	0.5349290503664431	1.7436457196319974	6861	22364	75
73	12826	0.5372680492749103	1.7603305785123966	6891	22578	75
74	12826	0.5399189147045065	1.776391704350538	6925	22784	75
75	12826	0.5413223140495868	1.7919850304069858	6943	22984	75
76	12826	0.5434274130672072	1.8052393575549666	6970	23154	75
77	12826	0.5460003118665211	1.8209886168719789	7003	23356	75
78	12826	0.5484952440355528	1.8384531420552004	7035	23580	75
79	12826	0.5510681428348667	1.8560736004989864	7068	23806	75
80	12826	0.5532512084827694	1.8716669265554342	7096	24006	75
81	12826	0.5548885077186964	1.8853890534851083	7117	24182	75
82	12826	0.5567597068454702	1.9003586464992983	7141	24374	75
83	12826	0.5580851395602682	1.9159519725557461	7158	24574	75
84	12826	0.5608139716201466	1.9317012318727584	7193	24776	75
85	12826	0.5619834710743802	1.946203025105255	7208	24962	75
86	12826	0.5638546702011539	1.9596132855138	7232	25134	75
87	12826	0.5660377358490566	1.9770778106970217	7260	25358	75
88	12826	0.5688445345392172	1.9917355371900827	7296	25546	75
89	12826	0.57102760018712	2.0070169967254015	7324	25742	75
90	12826	0.5728987993138936	2.023545922345236	7348	25954	75
91	12826	0.5748479650709496	2.0377358490566038	7373	26136	75
92	12826	0.5764852643068766	2.05083424294402	7394	26304	75
93	12826	0.5780445969125214	2.065180102915952	7414	26488	75
94	12826	0.5789022298456261	2.079837829409013	7425	26676	75
95	12826	0.5800717292998596	2.0940277561203806	7440	26858	75
96	12826	0.582800561359738	2.109309215655699	7475	27054	75
97	12826	0.5842819273351005	2.1253703414938405	7494	27260	75
98	12826	0.5852954935287696	2.141431467331982	7507	27466	75
99	12826	0.5869327927646967	2.154841727740527	7528	27638	75
100	12826	0.5897395914548573	2.1705909870575395	7564	27840	75
1	12826	0.025027288320598785	0.025573054732574457	321	328	76
2	12826	0.062217370965226886	0.06689536878216124	798	858	76
3	12826	0.0855293934196164	0.09683455481054108	1097	1242	76
4	12826	0.10626851707469204	0.12677374083892093	1363	1626	76
5	12826	0.12599407453609854	0.15562139404334946	1616	1996	76
6	12826	0.1509433962264151	0.19663184157180727	1936	2522	76
7	12826	0.17378761889911118	0.2396694214876033	2229	3074	76
8	12826	0.19000467799781692	0.2728832059878372	2437	3500	76
9	12826	0.2054420707937003	0.30516139092468425	2635	3914	76
10	12826	0.21924216435365662	0.335412443474193	2812	4302	76
11	12826	0.23187275845937938	0.3650397629814439	2974	4682	76
12	12826	0.2424762201777639	0.3956026820520817	3110	5074	76
13	12826	0.25370341493840637	0.42663340090441293	3254	5472	76
14	12826	0.2663340090441291	0.46093871822859817	3416	5912	76
15	12826	0.27607983782940904	0.4907219709964135	3541	6294	76
16	12826	0.2842663340090441	0.5164509589895525	3646	6624	76
17	12826	0.29416809605488853	0.5429596132855138	3773	6964	76
18	12826	0.303134258537346	0.5724309995322002	3888	7342	76
19	12826	0.31022922189302976	0.5975362544830812	3979	7664	76
20	12826	0.3186496179635116	0.6276313737720256	4087	8050	76
21	12826	0.324964915016373	0.6516450958989553	4168	8358	76
22	12826	0.33221581163262126	0.6770622173709653	4261	8684	76
23	12826	0.33806330890378916	0.700452206455637	4336	8984	76
24	12826	0.34508030562919073	0.7283642600966787	4426	9342	76
25	12826	0.3512396694214876	0.7553407141743333	4505	9688	76
26	12826	0.3573990332137845	0.7795103695618275	4584	9998	76
27	12826	0.3625448308124123	0.8055512240760955	4650	10332	76
28	12826	0.368314361453298	0.8303446125058475	4724	10650	76
29	12826	0.375487291439264	0.855605800717293	4816	10974	76
30	12826	0.3802432558864806	0.8761889911118041	4877	11238	76
31	12826	0.3853110868548261	0.8998908467176049	4942	11542	76
32	12826	0.39147045064712305	0.9249961016684859	5021	11864	76
33	12826	0.3958365819429284	0.9451114922813036	5077	12122	76
34	12826	0.4011383128021207	0.9689692811476688	5145	12428	76
35	12826	0.4056603773584906	0.9909558708872602	5203	12710	76
36	12826	0.4115078746296585	1.0160611258381413	5278	13032	76
37	12826	0.4157180726648994	1.039762981443942	5332	13336	76
38	12826	0.42008420396070484	1.0647123031342585	5388	13656	76
39	12826	0.42491813503820364	1.090285357866833	5450	13984	76
40	12826	0.4285046000311867	1.1149228130360205	5496	14300	76
41	12826	0.4329486979572743	1.1376890690784345	5553	14592	76
42	12826	0.4377826290347731	1.162638390768751	5615	14912	76
43	12826	0.4425385934819897	1.1857165133322938	5676	15208	76
44	12826	0.44518945891158584	1.205364104163418	5710	15460	76
45	12826	0.44815219086231095	1.2264150943396226	5748	15730	76
46	12826	0.45119288944331826	1.248713550600343	5787	16016	76
47	12826	0.4543895212848901	1.2697645407765477	5828	16286	76
48	12826	0.4575861531264619	1.2898799313893654	5869	16544	76
49	12826	0.4616404179011383	1.3137377202557305	5921	16850	76
50	12826	0.46522688289412134	1.3332293778262903	5967	17100	76
51	12826	0.46935911429908	1.3556837673475752	6020	17388	76
52	12826	0.47247777951036957	1.3776703570871667	6060	17670	76
53	12826	0.47520661157024796	1.4001247466084517	6095	17958	76
54	12826	0.4784032434118197	1.4189926711367535	6136	18200	76
55	12826	0.48105410884141586	1.4397317947918291	6170	18466	76
56	12826	0.4851083736160923	1.462498050834243	6222	18758	76
57	12826	0.48783720567597066	1.4819897084048028	6257	19008	76
58	12826	0.4904101044752846	1.5031966318415717	6290	19280	76
59	12826	0.49251520349290506	1.5215967565881803	6317	19516	76
60	12826	0.4967254015281459	1.5424918135038204	6371	19784	76
61	12826	0.49992203336971774	1.559020739123655	6412	19996	76
62	12826	0.5026508654295961	1.578200530173086	6447	20242	76
63	12826	0.5053796974894745	1.5934819897084047	6482	20438	76
64	12826	0.5087322625916108	1.6121939809761423	6525	20678	76
65	12826	0.5109932948697957	1.6312178387650085	6554	20922	76
66	12826	0.5132543271479807	1.646343365039763	6583	21116	76
67	12826	0.5165289256198347	1.6652112895680649	6625	21358	76
68	12826	0.5191018244191486	1.6817402151878995	6658	21570	76
69	12826	0.5219086231093092	1.7002962731950726	6694	21808	76
70	12826	0.5240137221269296	1.7165133322937782	6721	22016	76
71	12826	0.5263527210353969	1.7303913924840169	6751	22194	76
72	12826	0.5289256198347108	1.7459847185404647	6784	22394	76
73	12826	0.5311086854826135	1.7637611102448152	6812	22622	76
74	12826	0.5338375175424919	1.7827849680336816	6847	22866	76
75	12826	0.536176516450959	1.8004054264774676	6877	23092	76
76	12826	0.5389833151411196	1.8170902853578668	6913	23306	76
77	12826	0.5428816466552315	1.8333073444565726	6963	23514	76
78	12826	0.545298612193981	1.8512396694214877	6994	23744	76
79	12826	0.5474816778418836	1.8690160611258382	7022	23972	76
80	12826	0.548885077186964	1.8850771869639795	7040	24178	76
81	12826	0.5512240760954311	1.9003586464992983	7070	24374	76
82	12826	0.5546546078278497	1.9178231716825198	7114	24598	76
83	12826	0.5572275066271636	1.935131763605177	7147	24820	76
84	12826	0.5594105722750663	1.9511928894433184	7175	25026	76
85	12826	0.561593637922969	1.967098082020895	7203	25230	76
86	12826	0.5640885700920006	1.9834710743801653	7235	25440	76
87	12826	0.5656479026976454	2.0004677997816933	7255	25658	76
88	12826	0.5678309683455481	2.0171526586620927	7283	25872	76
89	12826	0.5703259005145798	2.035552783408701	7315	26108	76
90	12826	0.5736784656167161	2.0520817090285357	7358	26320	76
91	12826	0.5752377982223609	2.06720723530329	7378	26514	76
92	12826	0.5768750974582878	2.0806174957118353	7399	26686	76
93	12826	0.5791361297364728	2.097458287852799	7428	26902	76
94	12826	0.5809293622329643	2.1139872134726336	7451	27114	76
95	12826	0.5827225947294558	2.129424606268517	7474	27312	76
96	12826	0.5845158272259473	2.145641665367223	7497	27520	76
97	12826	0.5863090597224387	2.160299391860284	7520	27708	76
98	12826	0.5894277249337284	2.1760486511772963	7560	27910	76
99	12826	0.5912209574302199	2.1903945111492282	7583	28094	76
100	12826	0.5924684235147357	2.204272571339467	7599	28272	76
1	12826	0.02338998908467176	0.023701855605800716	300	304	77
2	12826	0.06362077031030719	0.06798690160611258	816	872	77
3	12826	0.08973959145485733	0.1004210198035241	1151	1288	77
4	12826	0.11164821456416654	0.13457040386714486	1432	1726	77
5	12826	0.13075003898331514	0.16435365663496024	1677	2108	77
6	12826	0.15328239513488226	0.20364883829720878	1966	2612	77
7	12826	0.17558085139560267	0.24590675191018244	2252	3154	77
8	12826	0.19242164353656635	0.2808358022766256	2468	3602	77
9	12826	0.20731326992047402	0.3148292530796819	2659	4038	77
10	12826	0.22064556369873695	0.34757523779822236	2830	4458	77
11	12826	0.23124902541712147	0.37501949165757054	2966	4810	77
12	12826	0.24216435365663497	0.4058942772493373	3106	5206	77
13	12826	0.25323561515671295	0.43614532979884607	3248	5594	77
14	12826	0.26383907687509744	0.4681116482145642	3384	6004	77
15	12826	0.2738967721815063	0.49914236706689535	3513	6402	77
16	12826	0.28309683455481055	0.5286137533135817	3631	6780	77
17	12826	0.2933104631217839	0.5588648058630906	3762	7168	77
18	12826	0.3028223920162171	0.5884921253703415	3884	7548	77
19	12826	0.3095275222204896	0.6114143146733199	3970	7842	77
20	12826	0.3156089193825043	0.6407297676594418	4048	8218	77
21	12826	0.3243411819741151	0.6694214876033058	4160	8586	77
22	12826	0.3333853110868548	0.6962420084203961	4276	8930	77
23	12826	0.3394667082488695	0.718072664899423	4354	9210	77
24	12826	0.3490566037735849	0.7487915172306253	4477	9604	77
25	12826	0.3559956338687042	0.772805239357555	4566	9912	77
26	12826	0.3612973647278965	0.7986901606112584	4634	10244	77
27	12826	0.36691096210821766	0.8244191486043974	4706	10574	77
28	12826	0.37236862622797445	0.8499922033369718	4776	10902	77
29	12826	0.3780601902385779	0.8746296585061594	4849	11218	77
30	12826	0.38414158740059257	0.8975518478091377	4927	11512	77
31	12826	0.3894433182597848	0.9229689692811477	4995	11838	77
32	12826	0.3948230157492593	0.9468267581475128	5064	12144	77
33	12826	0.39926711367534695	0.9685014813659754	5121	12422	77
34	12826	0.40620614377046627	0.9942304693591143	5210	12752	77
35	12826	0.4093248089817558	1.0168407921409637	5250	13042	77
36	12826	0.41361297364727895	1.037112116014346	5305	13302	77
37	12826	0.4182909714642133	1.057695306408857	5365	13566	77
38	12826	0.422735069390301	1.0818649617963512	5422	13876	77
39	12826	0.4272571339466708	1.105254950881023	5480	14176	77
40	12826	0.4320130983938874	1.1292686730079526	5541	14484	77
41	12826	0.43614532979884607	1.1498518634024637	5594	14748	77
42	12826	0.44043349446436925	1.1729299859660065	5649	15044	77
43	12826	0.44542335880243256	1.1944487759239046	5713	15320	77
44	12826	0.44994542335880244	1.2178387650085762	5771	15620	77
45	12826	0.4543895212848901	1.2401372212692967	5828	15906	77
46	12826	0.4592234523623889	1.263683143614533	5890	16208	77
47	12826	0.46397941680960547	1.288164665523156	5951	16522	77
48	12826	0.46702011539061283	1.3075003898331514	5990	16770	77
49	12826	0.4713862466864182	1.33182597848121	6046	17082	77
50	12826	0.4749727116794012	1.3538125682208015	6092	17364	77
51	12826	0.4787151099329487	1.375487291439264	6140	17642	77
52	12826	0.4812100421019804	1.393419616404179	6172	17872	77
53	12826	0.4852643068766568	1.4160299391860285	6224	18162	77
54	12826	0.488928738499922	1.4358334632777172	6271	18416	77
55	12826	0.49157960392951816	1.4568844534539218	6305	18686	77
56	12826	0.4946203025105255	1.4769998440667393	6344	18944	77
57	12826	0.4985966006549197	1.4974271012006861	6395	19206	77
58	12826	0.5021830656479027	1.5155153594261657	6441	19438	77
59	12826	0.5044440979260877	1.5322002183065648	6470	19652	77
60	12826	0.5078746296585062	1.5498206767503508	6514	19878	77
61	12826	0.51044752845782	1.5685326680180882	6547	20118	77
62	12826	0.5127865273662873	1.5839700608139715	6577	20316	77
63	12826	0.5152814595353189	1.6014345859971932	6609	20540	77
64	12826	0.5175424918135039	1.6201465772649306	6638	20780	77
65	12826	0.521518789957898	1.6426009667862156	6689	21068	77
66	12826	0.5244815219086231	1.6578824263215344	6727	21264	77
67	12826	0.5275222204896305	1.6753469515047559	6766	21488	77
68	12826	0.5302510525495088	1.6943708092936223	6801	21732	77
69	12826	0.5320442850460003	1.7110556681740214	6824	21946	77
70	12826	0.5346951504755965	1.7292998596600655	6858	22180	77
71	12826	0.5369561827537814	1.7453609854982068	6887	22386	77
72	12826	0.5402307812256354	1.7632933104631219	6929	22616	77
73	12826	0.5429596132855138	1.7802900358646498	6964	22834	77
74	12826	0.5460782784968033	1.7977545610478716	7004	23058	77
75	12826	0.548573210665835	1.8121004210198035	7036	23242	77
76	12826	0.5502884765320443	1.8261344144706066	7058	23422	77
77	12826	0.5532512084827694	1.8440667394355217	7096	23652	77
78	12826	0.5565258069546234	1.8626227974426945	7138	23890	77
79	12826	0.5581631061905504	1.8799313893653515	7159	24112	77
80	12826	0.5608139716201466	1.89833151411196	7193	24348	77
81	12826	0.5629970372680493	1.9114299079993762	7221	24516	77
82	12826	0.5657258693279277	1.9282707001403399	7256	24732	77
83	12826	0.5674411351941369	1.9435521596756589	7278	24928	77
84	12826	0.5689225011694995	1.9585217526898488	7297	25120	77
85	12826	0.5705598004054265	1.9744269452674255	7318	25324	77
86	12826	0.5733665990955871	1.9915796039295182	7354	25544	77
87	12826	0.5749259317012319	2.005769530640886	7374	25726	77
88	12826	0.5767191641977234	2.0198035240916887	7397	25906	77
89	12826	0.5781225635428037	2.0341493840636207	7415	26090	77
90	12826	0.5799937626695775	2.0474037112116013	7439	26260	77
91	12826	0.5820988616871979	2.0629970372680493	7466	26460	77
92	12826	0.5837361609231249	2.076563230937159	7487	26634	77
93	12826	0.5854514267893342	2.0904412911273975	7509	26812	77
94	12826	0.5870887260252612	2.10307188523312	7530	26974	77
95	12826	0.5890378917823171	2.1200686106346485	7555	27192	77
96	12826	0.5905972243879619	2.1344144706065804	7575	27376	77
97	12826	0.59192265710276	2.1487603305785123	7592	27560	77
98	12826	0.593871822859816	2.161702791205364	7617	27726	77
99	12826	0.5962108217682832	2.1771401840012476	7647	27924	77
100	12826	0.5972243879619523	2.191018244191486	7660	28102	77
1	12826	0.026508654295961328	0.02713238733821924	340	348	78
2	12826	0.06167160455325121	0.06705130204272572	791	860	78
3	12826	0.08482769374707626	0.09761422111336349	1088	1252	78
4	12826	0.10782784968033682	0.1320754716981132	1383	1694	78
5	12826	0.1306720723530329	0.1668485888039919	1676	2140	78
6	12826	0.14883829720879463	0.19975050678309683	1909	2562	78
7	12826	0.16762825510681428	0.23795415562139405	2150	3052	78
8	12826	0.1859504132231405	0.2749103383751754	2385	3526	78
9	12826	0.2006861063464837	0.3040698581007329	2574	3900	78
10	12826	0.21581163262123812	0.3369717760798378	2768	4322	78
11	12826	0.2289100265086543	0.368314361453298	2936	4724	78
12	12826	0.24115078746296584	0.3999688133478871	3093	5130	78
13	12826	0.25167628255106816	0.4302198658973959	3228	5518	78
14	12826	0.26204584437860595	0.4634336503976298	3361	5944	78
15	12826	0.27335100576953064	0.49477623577109	3506	6346	78
16	12826	0.28052393575549667	0.5223764228910026	3598	6700	78
17	12826	0.2913612973647279	0.548573210665835	3737	7036	78
18	12826	0.29923592702323404	0.5744581319195384	3838	7368	78
19	12826	0.30601902385778884	0.5970684547013878	3925	7658	78
20	12826	0.31420552003742397	0.6257601746452518	4030	8026	78
21	12826	0.3202089505691564	0.6468111648214564	4107	8296	78
22	12826	0.32878527990020273	0.6723842195540308	4217	8624	78
23	12826	0.3363480430375799	0.6996725401528145	4314	8974	78
24	12826	0.34305317324185247	0.7258693279276469	4400	9310	78
25	12826	0.35014813659753624	0.7501949165757056	4491	9622	78
26	12826	0.35591766723842194	0.7718696397941681	4565	9900	78
27	12826	0.36238889755184783	0.7990020271323873	4648	10248	78
28	12826	0.3680804615624513	0.8242632153438328	4721	10572	78
29	12826	0.3745516918758771	0.8479650709496336	4804	10876	78
30	12826	0.3822703882738188	0.8738499922033369	4903	11208	78
31	12826	0.3868704194604709	0.9002027132387338	4962	11546	78
32	12826	0.3925619834710744	0.9231249025417122	5035	11840	78
33	12826	0.39770778106970217	0.9455792920629971	5101	12128	78
34	12826	0.40402307812256355	0.970996413535007	5182	12454	78
35	12826	0.40823327615780447	0.9939186028379854	5236	12748	78
36	12826	0.41439263995010134	1.018244191486044	5315	13060	78
37	12826	0.42086387026352723	1.0410104475284578	5398	13352	78
38	12826	0.4252300015593326	1.0676750350849837	5454	13694	78
39	12826	0.4287384999220334	1.0895056915640107	5499	13974	78
40	12826	0.43341649773896773	1.1163262123811009	5559	14318	78
41	12826	0.43661312958053955	1.1370653360361764	5600	14584	78
42	12826	0.4401216279432403	1.15842819273351	5645	14858	78
43	12826	0.4452674255418681	1.1815063152970529	5711	15154	78
44	12826	0.4496335568376735	1.2050522376422892	5767	15456	78
45	12826	0.45376578824263214	1.2267269608607516	5820	15734	78
46	12826	0.45696242008420396	1.249025417121472	5861	16020	78
47	12826	0.4598471854046468	1.2692967409948541	5898	16280	78
48	12826	0.4631217838765009	1.288164665523156	5940	16522	78
49	12826	0.46577264930609696	1.3101512552627474	5974	16804	78
50	12826	0.46943708092936226	1.3305785123966942	6021	17066	78
51	12826	0.4725557461406518	1.3544363012630594	6061	17372	78
52	12826	0.47583034461250584	1.3750194916575706	6103	17636	78
53	12826	0.47879307656323095	1.39762981443942	6141	17926	78
54	12826	0.4807422423202869	1.4157180726648995	6166	18158	78
55	12826	0.4848744737252456	1.4373927958833619	6219	18436	78
56	12826	0.48916263839076873	1.4584437860595665	6274	18706	78
57	12826	0.4915016372992359	1.476532044285046	6304	18938	78
58	12826	0.4946982691408077	1.495399968813348	6345	19180	78
59	12826	0.4985186340246375	1.5150475596444721	6394	19432	78
60	12826	0.5024169655387494	1.534227350693903	6444	19678	78
61	12826	0.5057695306408857	1.552783408701076	6487	19916	78
62	12826	0.5082644628099173	1.5735225323561515	6519	20182	78
63	12826	0.5115390612817714	1.5923904568844534	6561	20424	78
64	12826	0.5142678933416498	1.611102448152191	6596	20664	78
65	12826	0.5167628255106814	1.6315297052861375	6628	20926	78
66	12826	0.5184780913768907	1.649617963511617	6650	21158	78
67	12826	0.5218306564790269	1.668797754561048	6693	21404	78
68	12826	0.5240916887572119	1.6859504132231404	6722	21624	78
69	12826	0.5265086542959613	1.7035708716669264	6753	21850	78
70	12826	0.5300171526586621	1.721659129892406	6798	22082	78
71	12826	0.5322002183065648	1.736940589427725	6826	22278	78
72	12826	0.534227350693903	1.7523779822236083	6852	22476	78
73	12826	0.5369561827537814	1.7709340402307812	6887	22714	78
74	12826	0.5396850148136597	1.789801964759083	6922	22956	78
75	12826	0.5417121472009979	1.8038359582098862	6948	23136	78
76	12826	0.5451426789334165	1.819429284266334	6992	23336	78
77	12826	0.5470918446904725	1.833775144238266	7017	23520	78
78	12826	0.5487291439263995	1.8512396694214877	7038	23744	78
79	12826	0.55083424294402	1.8690160611258382	7065	23972	78
80	12826	0.5532512084827694	1.8847653204428505	7096	24174	78
81	12826	0.5556681740215188	1.9002027132387338	7127	24372	78
82	12826	0.5575393731482925	1.9140807734289724	7151	24550	78
83	12826	0.5594885389053486	1.9292062997037267	7176	24744	78
84	12826	0.5622173709652268	1.944955559020739	7211	24946	78
85	12826	0.5654140028067987	1.96413535007017	7252	25192	78
86	12826	0.5679089349758304	1.9806642756900046	7284	25404	78
87	12826	0.570092000623733	1.9971932013098395	7312	25616	78
88	12826	0.572353032901918	2.0127865273662873	7341	25816	78
89	12826	0.5749259317012319	2.0318103851551537	7374	26060	78
90	12826	0.5771869639794168	2.0477155777327303	7403	26264	78
91	12826	0.5790581631061905	2.064244503352565	7427	26476	78
92	12826	0.5808513956026821	2.0784344300639326	7450	26658	78
93	12826	0.5838920941836894	2.092312490254171	7489	26836	78
94	12826	0.5849056603773585	2.106034617183845	7502	27012	78
95	12826	0.5869327927646967	2.1217838765008574	7528	27214	78
96	12826	0.5898175580851396	2.1373772025573055	7565	27414	78
97	12826	0.5914548573210666	2.1507874629658508	7586	27586	78
98	12826	0.593871822859816	2.1674723218462497	7617	27800	78
99	12826	0.5952752222048963	2.182909714642133	7635	27998	78
100	12826	0.5971464213316701	2.2003742398253547	7659	28222	78
1	12826	0.025027288320598785	0.025728987993138937	321	330	79
2	12826	0.06268517074692032	0.06814283486667706	804	874	79
3	12826	0.08576329331046312	0.09730235459223452	1100	1248	79
4	12826	0.10728208326836114	0.13051613909246843	1376	1674	79
5	12826	0.12833307344456574	0.16201465772649307	1646	2078	79
6	12826	0.1503976298144394	0.19959457352253235	1929	2560	79
7	12826	0.17230625292374863	0.24091688757211913	2210	3090	79
8	12826	0.18938094495555902	0.27709340402307814	2429	3554	79
9	12826	0.20193357243099952	0.3075003898331514	2590	3944	79
10	12826	0.2165912989240605	0.33931077498830503	2778	4352	79
11	12826	0.22781849368470294	0.3700296273195072	2922	4746	79
12	12826	0.24169655387494152	0.40152814595353187	3100	5150	79
13	12826	0.25300171526586623	0.43084359893965385	3245	5526	79
14	12826	0.2649306096990488	0.4631217838765009	3398	5940	79
15	12826	0.2752222048963044	0.49352876968657416	3530	6330	79
16	12826	0.28535786683299547	0.5251832215811633	3660	6736	79
17	12826	0.2940901294246063	0.5512240760954311	3772	7070	79
18	12826	0.3029003586464993	0.5782005301730859	3885	7416	79
19	12826	0.31100888819585215	0.6004989864338063	3989	7702	79
20	12826	0.3180258849212537	0.6291907063776704	4079	8070	79
21	12826	0.32566661468891317	0.6552315608919382	4177	8404	79
22	12826	0.33377514423826604	0.6797130828005613	4281	8718	79
23	12826	0.341259940745361	0.7054420707937002	4377	9048	79
24	12826	0.3504600031186652	0.7346015905192578	4495	9422	79
25	12826	0.35591766723842194	0.7579915796039295	4565	9722	79
26	12826	0.36207703103071887	0.7843443006393264	4644	10060	79
27	12826	0.3675346951504756	0.8071105566817403	4714	10352	79
28	12826	0.3748635583970061	0.8331514111960081	4808	10686	79
29	12826	0.3812568220801497	0.8574769998440668	4890	10998	79
30	12826	0.386246686418213	0.8818025884921253	4954	11310	79
31	12826	0.3929518166224856	0.9095587088726025	5040	11666	79
32	12826	0.39731794791829095	0.9321690316544519	5096	11956	79
33	12826	0.40222984562607206	0.9572742866053329	5159	12278	79
34	12826	0.40854514267893344	0.9826914080773429	5240	12604	79
35	12826	0.41205364104163417	1.003898331514112	5285	12876	79
36	12826	0.41618587244659283	1.0244815219086232	5338	13140	79
37	12826	0.4199282707001403	1.044285046000312	5386	13394	79
38	12826	0.4254639014501793	1.068454701387806	5457	13704	79
39	12826	0.42990799937626695	1.0934040230781226	5514	14024	79
40	12826	0.4340402307812256	1.1174177452050522	5567	14332	79
41	12826	0.43864026196787775	1.1383128021206923	5626	14600	79
42	12826	0.44292842663340093	1.1588959925152036	5681	14864	79
43	12826	0.4461250584749727	1.1810385155153593	5722	15148	79
44	12826	0.45041322314049587	1.203025105254951	5777	15430	79
45	12826	0.4538437548729144	1.2215811632621238	5821	15668	79
46	12826	0.4578200530173086	1.2443474193045376	5872	15960	79
47	12826	0.4615624512708561	1.267269608607516	5920	16254	79
48	12826	0.4671760486511773	1.2886324653048495	5992	16528	79
49	12826	0.47045064712303136	1.3126461874317792	6034	16836	79
50	12826	0.4739591454857321	1.3338531108685483	6079	17108	79
51	12826	0.4773896772181506	1.3553719008264462	6123	17384	79
52	12826	0.48206767503508496	1.375799157960393	6183	17646	79
53	12826	0.4852643068766568	1.3959145485732107	6224	17904	79
54	12826	0.488928738499922	1.4166536722282863	6271	18170	79
55	12826	0.49235927023234055	1.436769062841104	6315	18428	79
56	12826	0.4952440355527834	1.4561047871510993	6352	18676	79
57	12826	0.4977389677218151	1.4771557773273039	6384	18946	79
58	12826	0.5	1.4955559020739124	6413	19182	79
59	12826	0.5024169655387494	1.513332293778263	6444	19410	79
60	12826	0.5048339310774989	1.5317324185248713	6475	19646	79
61	12826	0.5084203960704818	1.5524715421799469	6521	19912	79
62	12826	0.5113051613909246	1.5711835334476845	6558	20152	79
63	12826	0.5150475596444721	1.5884921253703415	6606	20374	79
64	12826	0.518244191486044	1.6087634492437237	6647	20634	79
65	12826	0.5219086231093092	1.6298144394199283	6694	20904	79
66	12826	0.5246374551691876	1.6483704974271012	6729	21142	79
67	12826	0.5278340870107594	1.6670824886948385	6770	21382	79
68	12826	0.5304849524403555	1.6853266801808826	6804	21616	79
69	12826	0.532590051457976	1.70403867144862	6831	21856	79
70	12826	0.5350070169967254	1.7200997972867613	6862	22062	79
71	12826	0.5375019491657571	1.7352253235615156	6894	22256	79
72	12826	0.5401528145953531	1.751286449399657	6928	22462	79
73	12826	0.5419460470918447	1.767659441758927	6951	22672	79
74	12826	0.5442070793700297	1.7845002338998908	6980	22888	79
75	12826	0.5462342117573679	1.8019647590831125	7006	23112	79
76	12826	0.5481833775144238	1.8163106190550444	7031	23296	79
77	12826	0.5504444097926088	1.8312802120692344	7060	23488	79
78	12826	0.5530173085919227	1.8492125370341495	7093	23718	79
79	12826	0.5552003742398254	1.869639794168096	7121	23980	79
80	12826	0.5572275066271636	1.8874161858724465	7147	24208	79
81	12826	0.5590207391236551	1.9003586464992983	7170	24374	79
82	12826	0.5615156712926868	1.9148604397317948	7202	24560	79
83	12826	0.5633868704194605	1.930297832527678	7226	24758	79
84	12826	0.5656479026976454	1.945267425541868	7255	24950	79
85	12826	0.5672072353032902	1.9630438172462186	7275	25178	79
86	12826	0.5693123343209107	1.9801964759083113	7302	25398	79
87	12826	0.5714174333385311	1.996725401528146	7329	25610	79
88	12826	0.5735225323561516	2.0115390612817716	7356	25800	79
89	12826	0.5748479650709496	2.0279120536410415	7373	26010	79
90	12826	0.5770310307188523	2.0435053796974896	7401	26210	79
91	12826	0.5784344300639327	2.059254639014502	7419	26412	79
92	12826	0.580539529081553	2.07625136441603	7446	26630	79
93	12826	0.5821768283174801	2.092000623733042	7467	26832	79
94	12826	0.5842819273351005	2.1083736160923126	7494	27042	79
95	12826	0.5863090597224387	2.126461874317792	7520	27274	79
96	12826	0.5885700920006237	2.1459535318883516	7549	27524	79
97	12826	0.5905192577576797	2.159987525339155	7574	27704	79
98	12826	0.5921565569936067	2.171214720099797	7595	27848	79
99	12826	0.5942616560112272	2.1869639794168094	7622	28050	79
100	12826	0.5962108217682832	2.2028691719943865	7647	28254	79
1	12826	0.0274442538593482	0.028067986901606112	352	360	80
2	12826	0.06315297052861375	0.06814283486667706	810	874	80
3	12826	0.08958365819429284	0.10135661936691097	1149	1300	80
4	12826	0.11040074847965071	0.13254327147980663	1416	1700	80
5	12826	0.1308280056135974	0.16482145641665366	1678	2114	80
6	12826	0.15367222828629346	0.20474037112116014	1971	2626	80
7	12826	0.17612661780757835	0.24777795103695618	2259	3178	80
8	12826	0.19374707625136442	0.28208326836114145	2485	3618	80
9	12826	0.20965226882894122	0.31420552003742397	2689	4030	80
10	12826	0.22501169499454235	0.3469515047559644	2886	4450	80
11	12826	0.23834398877280524	0.3803212225167628	3057	4878	80
12	12826	0.24793388429752067	0.4083892094183689	3180	5238	80
13	12826	0.25822547949477626	0.4405114610946515	3312	5650	80
14	12826	0.2696865741462654	0.4721659129892406	3459	6056	80
15	12826	0.2791985030406986	0.5021050990176205	3581	6440	80
16	12826	0.2900358646499298	0.5331358178699517	3720	6838	80
17	12826	0.29845626072041165	0.5571495399968813	3828	7146	80
18	12826	0.30679869016061123	0.5838141275534071	3935	7488	80
19	12826	0.31420552003742397	0.6104787151099329	4030	7830	80
20	12826	0.32098861687197877	0.6372992359270232	4117	8174	80
21	12826	0.3287073132699205	0.663963823483549	4216	8516	80
22	12826	0.335724309995322	0.6889131451738656	4306	8836	80
23	12826	0.3419616404179011	0.7124590675191018	4386	9138	80
24	12826	0.3499922033369718	0.740215187899579	4489	9494	80
25	12826	0.35724309995322	0.768595041322314	4582	9858	80
26	12826	0.36285669733354126	0.7915172306252923	4654	10152	80
27	12826	0.36847029471386245	0.8149072197099642	4726	10452	80
28	12826	0.37416185872446595	0.840948074224232	4799	10786	80
29	12826	0.3796195228442227	0.8644939965694682	4869	11088	80
30	12826	0.38351785435833463	0.8860127865273663	4919	11364	80
31	12826	0.38874161858724465	0.9089349758303447	4986	11658	80
32	12826	0.3927958833619211	0.931857165133323	5038	11952	80
33	12826	0.3977857476999844	0.9529081553095275	5102	12222	80
34	12826	0.4026196787774832	0.974894745049119	5164	12504	80
35	12826	0.4075315764852643	0.9987525339154841	5227	12810	80
36	12826	0.41384687353812566	1.021518789957898	5308	13102	80
37	12826	0.41735537190082644	1.0419460470918447	5353	13364	80
38	12826	0.42109777015437394	1.065491969437081	5401	13666	80
39	12826	0.42491813503820364	1.0898175580851395	5450	13978	80
40	12826	0.4297520661157025	1.1128956806486823	5512	14274	80
41	12826	0.43365039762981444	1.1350382036488382	5562	14558	80
42	12826	0.43762669577420865	1.1578044596912522	5613	14850	80
43	12826	0.44168096054888506	1.1754249181350382	5665	15076	80
44	12826	0.445891158584126	1.1967877748323716	5719	15350	80
45	12826	0.44924372368626225	1.217059098705754	5762	15610	80
46	12826	0.45446748791517233	1.2410728208326836	5829	15918	80
47	12826	0.46000311866521126	1.2639950101356618	5900	16212	80
48	12826	0.46452518322158115	1.282551068142835	5958	16450	80
49	12826	0.46951504755964446	1.3054732574458132	6022	16744	80
50	12826	0.4727116794012163	1.3257445813191955	6063	17004	80
51	12826	0.47676594417589274	1.3471074380165289	6115	17278	80
52	12826	0.4794947762357711	1.3670668953687821	6150	17534	80
53	12826	0.4829253079681896	1.388897551847809	6194	17814	80
54	12826	0.485654140028068	1.4074536098549821	6229	18052	80
55	12826	0.48752533915484175	1.4253859348198972	6253	18282	80
56	12826	0.4902541712147201	1.4473725245594886	6288	18564	80
57	12826	0.492827070014034	1.4651489162638391	6321	18792	80
58	12826	0.4952440355527834	1.4827693747076252	6352	19018	80
59	12826	0.4989864338063309	1.5024169655387494	6400	19270	80
60	12826	0.5018711991267737	1.523467955714954	6437	19540	80
61	12826	0.5046000311866521	1.541712147200998	6472	19774	80
62	12826	0.5073288632465305	1.5621394043349446	6507	20036	80
63	12826	0.5099797286761266	1.5802276625604241	6541	20268	80
64	12826	0.5129424606268517	1.598783720567597	6579	20506	80
65	12826	0.5159831592078591	1.6181194448775924	6618	20754	80
66	12826	0.5183221581163262	1.6341805707157337	6648	20960	80
67	12826	0.5216747232184625	1.6544518945891158	6691	21220	80
68	12826	0.523467955714954	1.6692655543427413	6714	21410	80
69	12826	0.5263527210353969	1.6904724777795104	6751	21682	80
70	12826	0.5288476532044285	1.708248869483861	6783	21910	80
71	12826	0.5314205520037424	1.7232184624980509	6816	22102	80
72	12826	0.5354748167784188	1.740838920941837	6868	22328	80
73	12826	0.5379697489474505	1.758459379385623	6900	22554	80
74	12826	0.5418680804615624	1.7784188367378762	6950	22810	80
75	12826	0.5445969125214408	1.7958833619210979	6985	23034	80
76	12826	0.5467799781693435	1.8097614221113363	7013	23212	80
77	12826	0.5492749103383752	1.8264462809917354	7045	23426	80
78	12826	0.5510681428348667	1.8420396070481835	7068	23626	80
79	12826	0.5527834087010759	1.8585685326680181	7090	23838	80
80	12826	0.5544986745672852	1.8760330578512396	7112	24062	80
81	12826	0.5573834398877281	1.8919382504288165	7149	24266	80
82	12826	0.5598004054264775	1.9081553095275223	7180	24474	80
83	12826	0.5617495711835334	1.924684235147357	7205	24686	80
84	12826	0.5634648370497427	1.939653828161547	7227	24878	80
85	12826	0.5655699360673632	1.9550912209574303	7254	25076	80
86	12826	0.5674411351941369	1.9711523467955714	7278	25282	80
87	12826	0.5691564010603462	1.989864338063309	7300	25522	80
88	12826	0.5716513332293778	2.006237330422579	7332	25732	80
89	12826	0.5738343988772805	2.0221425230001557	7360	25936	80
90	12826	0.5761733977857477	2.0377358490566038	7390	26136	80
91	12826	0.5774988305005457	2.0500545766411977	7407	26294	80
92	12826	0.5796039295181662	2.0639326368314364	7434	26472	80
93	12826	0.58147512864494	2.0782784968033683	7458	26656	80
94	12826	0.583112427880867	2.0910650241696556	7479	26820	80
95	12826	0.5849056603773585	2.1054108841415875	7502	27004	80
96	12826	0.5872446592858257	2.1200686106346485	7532	27192	80
97	12826	0.5893497583034462	2.1355060034305318	7559	27390	80
98	12826	0.5904412911273975	2.1495399968813347	7573	27570	80
99	12826	0.592234523623889	2.1645095898955247	7596	27762	80
100	12826	0.5936379229689693	2.181194448775924	7614	27976	80
1	12826	0.026118821144550133	0.026820520817090285	335	344	81
2	12826	0.0624512708560736	0.06751910182441914	801	866	81
3	12826	0.0869327927646967	0.09808202089505691	1115	1258	81
4	12826	0.10736004989864338	0.12880087322625916	1377	1652	81
5	12826	0.1284890067051302	0.1617027912053641	1648	2074	81
6	12826	0.1495399968813348	0.19912677374083892	1918	2554	81
7	12826	0.17152658662092624	0.2412287540932481	2200	3094	81
8	12826	0.19008264462809918	0.27615780445969124	2438	3542	81
9	12826	0.20520817090285356	0.3081241228754093	2632	3952	81
10	12826	0.21729299859660064	0.33884297520661155	2787	4346	81
11	12826	0.23023545922345237	0.37018556058007174	2953	4748	81
12	12826	0.24138468735381258	0.4013722126929674	3096	5148	81
13	12826	0.25370341493840637	0.4347419304537658	3254	5576	81
14	12826	0.26360517698425073	0.4681116482145642	3381	6004	81
15	12826	0.27436457196319974	0.4988305005457664	3519	6398	81
16	12826	0.28387650085763294	0.5261188211445501	3641	6748	81
17	12826	0.2905816310619055	0.5516918758771245	3727	7076	81
18	12826	0.3007952596288788	0.5820988616871979	3858	7466	81
19	12826	0.3058630905972244	0.6048651177296117	3923	7758	81
20	12826	0.31319195384375487	0.6343365039762981	4017	8136	81
21	12826	0.3200530173085919	0.6599095587088726	4105	8464	81
22	12826	0.32831748011850925	0.6867300795259629	4211	8808	81
23	12826	0.33502261032278186	0.711523467955715	4297	9126	81
24	12826	0.3414938406362077	0.7372524559488539	4380	9456	81
25	12826	0.3486667706221737	0.7671916419772338	4472	9840	81
26	12826	0.3548261344144706	0.7885544986745673	4551	10114	81
27	12826	0.36106346483704976	0.8144394199282707	4631	10446	81
28	12826	0.36620926243567753	0.8386090753157649	4697	10756	81
29	12826	0.37197879307656323	0.8629346639638235	4771	11068	81
30	12826	0.37813815686886015	0.8880399189147045	4850	11390	81
31	12826	0.38375175424918134	0.9120536410416342	4922	11698	81
32	12826	0.3880399189147045	0.9338842975206612	4977	11978	81
33	12826	0.39310774988305003	0.9583658194292842	5042	12292	81
34	12826	0.3977857476999844	0.9797286761266178	5102	12566	81
35	12826	0.402541712147201	1.0024949321690317	5163	12858	81
36	12826	0.4067519101824419	1.0243255886480587	5217	13138	81
37	12826	0.41057227506627164	1.0419460470918447	5266	13364	81
38	12826	0.4139248401684079	1.0658038359582098	5309	13670	81
39	12826	0.4186808046156245	1.0890378917823171	5370	13968	81
40	12826	0.42359270232340557	1.1132075471698113	5433	14278	81
41	12826	0.4275690004677998	1.134258537346016	5484	14548	81
42	12826	0.43185716513332295	1.1571807266489942	5539	14842	81
43	12826	0.4357554966474349	1.176360517698425	5589	15088	81
44	12826	0.4397317947918291	1.1980352409168875	5640	15366	81
45	12826	0.4425385934819897	1.2184624980508343	5676	15628	81
46	12826	0.4461250584749727	1.2399812880087322	5722	15904	81
47	12826	0.45017932324964915	1.2627475440511462	5774	16196	81
48	12826	0.4536098549820677	1.283954467487915	5818	16468	81
49	12826	0.4568064868236395	1.3056291907063777	5859	16746	81
50	12826	0.46031498518634023	1.3263683143614533	5904	17012	81
51	12826	0.46413535007017	1.347731171058787	5953	17286	81
52	12826	0.46850148136597536	1.3678465616716045	6009	17544	81
53	12826	0.4727116794012163	1.3903009511928894	6063	17832	81
54	12826	0.4761422111336348	1.4107282083268362	6107	18094	81
55	12826	0.4793388429752066	1.4324029315452986	6148	18372	81
56	12826	0.4834710743801653	1.454701387806019	6201	18658	81
57	12826	0.4869016061125838	1.472945579292063	6245	18892	81
58	12826	0.4897084048027444	1.4936847029471387	6281	19158	81
59	12826	0.492827070014034	1.5134882270388275	6321	19412	81
60	12826	0.4969593014189927	1.5350070169967254	6374	19688	81
61	12826	0.501325432714798	1.554810541088414	6430	19942	81
62	12826	0.5044440979260877	1.5721191330110713	6470	20164	81
63	12826	0.5063152970528614	1.5880243255886481	6494	20368	81
64	12826	0.5100576953064089	1.6059566505535632	6542	20598	81
65	12826	0.5131763605176984	1.6266957742086388	6582	20864	81
66	12826	0.5161390924684235	1.6449399656946826	6620	21098	81
67	12826	0.5193357243099953	1.6631841571807267	6661	21332	81
68	12826	0.5226882894121316	1.6804927491033836	6704	21554	81
69	12826	0.5247933884297521	1.6981132075471699	6731	21780	81
70	12826	0.526742554186808	1.7146421331670045	6756	21992	81
71	12826	0.529003586464993	1.7305473257445814	6785	22196	81
72	12826	0.530952752222049	1.7478559176672384	6810	22418	81
73	12826	0.5331358178699517	1.7626695774208638	6838	22608	81
74	12826	0.5364883829720879	1.7830968345548106	6881	22870	81
75	12826	0.5390612817714019	1.797598627787307	6914	23056	81
76	12826	0.5409324808981756	1.8116326212381102	6938	23236	81
77	12826	0.5435833463277717	1.8283174801185094	6972	23450	81
78	12826	0.5467020115390613	1.8453142055200373	7012	23668	81
79	12826	0.5484952440355528	1.862154997661001	7035	23884	81
80	12826	0.5516139092468424	1.8814907219709964	7075	24132	81
81	12826	0.5545766411975674	1.8952128489006705	7113	24308	81
82	12826	0.557695306408857	1.9140807734289724	7153	24550	81
83	12826	0.5594885389053486	1.9317012318727584	7176	24776	81
84	12826	0.5619834710743802	1.9474504911897708	7208	24978	81
85	12826	0.5636987369405895	1.9646031498518635	7230	25198	81
86	12826	0.565180102915952	1.9811320754716981	7249	25410	81
87	12826	0.5675191018244191	1.9979728676126618	7279	25626	81
88	12826	0.5704818337751443	2.0138780601902386	7317	25830	81
89	12826	0.5722750662716357	2.0297832527678152	7340	26034	81
90	12826	0.5746920318103852	2.0470918446904727	7371	26256	81
91	12826	0.5764852643068766	2.0611258381412756	7394	26436	81
92	12826	0.5791361297364728	2.074380165289256	7428	26606	81
93	12826	0.5816310619055044	2.0904412911273975	7460	26812	81
94	12826	0.5842039607048184	2.106814283486668	7493	27022	81
95	12826	0.5859971932013098	2.1236550756276316	7516	27238	81
96	12826	0.5877124590675191	2.1376890690784345	7538	27418	81
97	12826	0.5900514579759862	2.154062061437705	7568	27628	81
98	12826	0.5915328239513489	2.1671604553251207	7587	27796	81
99	12826	0.5928582566661469	2.1821300483393107	7604	27988	81
100	12826	0.5948853890534851	2.197567441135194	7630	28186	81
1	12826	0.02354592234523624	0.023857788866365196	302	306	82
2	12826	0.05660377358490566	0.060813971620146574	726	780	82
3	12826	0.08061749571183534	0.09106502416965538	1034	1168	82
4	12826	0.1006549196943708	0.12193980976142212	1291	1564	82
5	12826	0.12186184313113987	0.15468579447996259	1563	1984	82
6	12826	0.14353656634960238	0.19210977701543738	1841	2464	82
7	12826	0.16864182130048339	0.23499142367066894	2163	3014	82
8	12826	0.18423514735693122	0.26804927491033836	2363	3438	82
9	12826	0.1992827070014034	0.30063932636831436	2556	3856	82
10	12826	0.21456416653672228	0.3329175113051614	2752	4270	82
11	12826	0.22758459379385623	0.36488382972087946	2919	4680	82
12	12826	0.2414626539840948	0.3976298144394199	3097	5100	82
13	12826	0.25268984874473727	0.429596132855138	3241	5510	82
14	12826	0.26383907687509744	0.4592234523623889	3384	5890	82
15	12826	0.27514423826602213	0.4907219709964135	3529	6294	82
16	12826	0.2849680336815843	0.5209730235459223	3655	6682	82
17	12826	0.29307656323093717	0.5440511461094651	3759	6978	82
18	12826	0.30243255886480586	0.5716513332293778	3879	7332	82
19	12826	0.3120224543895213	0.5989396538281615	4002	7682	82
20	12826	0.3198191174177452	0.6270076407297677	4102	8042	82
21	12826	0.32668018088258227	0.6508654295961328	4190	8348	82
22	12826	0.3359582098861687	0.6776859504132231	4309	8692	82
23	12826	0.3418836737876189	0.7024793388429752	4385	9010	82
24	12826	0.34960237018556056	0.7286761266178076	4484	9346	82
25	12826	0.35537190082644626	0.7530017152658662	4558	9658	82
26	12826	0.3617651645095899	0.7784188367378762	4640	9984	82
27	12826	0.36761266178075785	0.8027444253859348	4715	10296	82
28	12826	0.37244659285825665	0.8266022142523	4777	10602	82
29	12826	0.3800873226259161	0.8524871355060034	4875	10934	82
30	12826	0.3856229533759551	0.8752533915484173	4946	11226	82
31	12826	0.3906128177140184	0.9011383128021206	5010	11558	82
32	12826	0.39575861531264617	0.924060502105099	5076	11852	82
33	12826	0.40121627943240296	0.9499454233588024	5146	12184	82
34	12826	0.40581631061905504	0.9723998128800874	5205	12472	82
35	12826	0.411663807890223	0.9967254015281459	5280	12784	82
36	12826	0.4150163729923593	1.017620458443786	5323	13052	82
37	12826	0.4182909714642133	1.0382036488382973	5365	13316	82
38	12826	0.422735069390301	1.061905504444098	5422	13620	82
39	12826	0.4288164665523156	1.087010759394979	5500	13942	82
40	12826	0.4332605644784032	1.110868548261344	5557	14248	82
41	12826	0.43645719631997504	1.1298924060502105	5598	14492	82
42	12826	0.44019959457352253	1.1507874629658505	5646	14760	82
43	12826	0.4453453921721503	1.174645251832216	5712	15066	82
44	12826	0.4502572898799314	1.197879307656323	5775	15364	82
45	12826	0.4554030874785592	1.2198658973959144	5841	15646	82
46	12826	0.4592234523623889	1.2437236862622798	5890	15952	82
47	12826	0.4631997505067831	1.2655543427413067	5941	16232	82
48	12826	0.46702011539061283	1.288476532044285	5990	16526	82
49	12826	0.47107438016528924	1.3118665211289569	6042	16826	82
50	12826	0.4741930453765788	1.33182597848121	6082	17082	82
51	12826	0.47785747699984404	1.3544363012630594	6129	17372	82
52	12826	0.4811320754716981	1.3753313581786994	6171	17640	82
53	12826	0.483704974271012	1.3941992827070013	6204	17882	82
54	12826	0.4864338063308904	1.4129112739747387	6239	18122	82
55	12826	0.49079993762669577	1.4348978637143304	6295	18404	82
56	12826	0.4934508030562919	1.4551691875877124	6329	18664	82
57	12826	0.4966474348978637	1.472945579292063	6370	18892	82
58	12826	0.5002338998908468	1.493840636207703	6416	19160	82
59	12826	0.5038203648838298	1.513020427257134	6462	19406	82
60	12826	0.5076407297676594	1.533603617651645	6511	19670	82
61	12826	0.5102136285669734	1.5507562763137377	6544	19890	82
62	12826	0.5120068610634648	1.570092000623733	6567	20138	82
63	12826	0.5151255262747544	1.588959925152035	6607	20380	82
64	12826	0.5169967254015282	1.609543115546546	6631	20644	82
65	12826	0.5198035240916887	1.6302822392016216	6667	20910	82
66	12826	0.5226882894121316	1.6457196319975052	6704	21108	82
67	12826	0.5252611882114455	1.6655231560891939	6737	21362	82
68	12826	0.5281459535318883	1.6829876812724154	6774	21586	82
69	12826	0.5298612193980976	1.6999844066739436	6796	21804	82
70	12826	0.5335256510213628	1.7168251988149072	6843	22020	82
71	12826	0.5352409168875721	1.7330422579136129	6865	22228	82
72	12826	0.5364883829720879	1.7494152502728832	6881	22438	82
73	12826	0.5387494152502729	1.7673475752377983	6910	22668	82
74	12826	0.5427257133946671	1.7877748323717448	6961	22930	82
75	12826	0.5456104787151099	1.8043037579915795	6998	23142	82
76	12826	0.5486511772961172	1.8222360829564945	7037	23372	82
77	12826	0.5510681428348667	1.8384531420552004	7068	23580	82
78	12826	0.554108841415874	1.8557617339778574	7107	23802	82
79	12826	0.5564478403243411	1.8760330578512396	7137	24062	82
80	12826	0.5590987057539373	1.8942772493372837	7171	24296	82
81	12826	0.5608919382504288	1.906751910182442	7194	24456	82
82	12826	0.5624512708560736	1.9229689692811476	7214	24664	82
83	12826	0.5647902697645408	1.9385622953375956	7244	24864	82
84	12826	0.5665835022610323	1.9552471542179948	7267	25078	82
85	12826	0.5688445345392172	1.9741150787462967	7296	25320	82
86	12826	0.5697801341026041	1.9904880711055668	7308	25530	82
87	12826	0.5718852331202245	2.006861063464837	7335	25740	82
88	12826	0.5735225323561516	2.021830656479027	7356	25932	82
89	12826	0.5754716981132075	2.039451114922813	7381	26158	82
90	12826	0.5770310307188523	2.0542647746764384	7401	26348	82
91	12826	0.5785903633244971	2.069078434430064	7421	26538	82
92	12826	0.5806174957118353	2.0838920941836894	7447	26728	82
93	12826	0.5827225947294558	2.1008888195852173	7474	26946	82
94	12826	0.5843598939653828	2.1164821456416654	7495	27146	82
95	12826	0.5865429596132855	2.132387338219242	7523	27350	82
96	12826	0.5885700920006237	2.14798066427569	7549	27550	82
97	12826	0.5901294246062685	2.1631061905504443	7569	27744	82
98	12826	0.5912209574302199	2.1780757835646343	7583	27936	82
99	12826	0.5947294557929206	2.1967877748323716	7628	28176	82
100	12826	0.5962108217682832	2.2137845002339	7647	28394	82
1	12826	0.023078122563542802	0.02338998908467176	296	300	83
2	12826	0.05551224076095431	0.05894277249337283	712	756	83
3	12826	0.08147512864493997	0.09012942460626852	1045	1156	83
4	12826	0.10634648370497427	0.12583814127553408	1364	1614	83
5	12826	0.1284890067051302	0.15827225947294557	1648	2030	83
6	12826	0.14985186340246376	0.19522844222672697	1922	2504	83
7	12826	0.17784188367378762	0.24200842039607048	2281	3104	83
8	12826	0.19444877592390458	0.2756900046779978	2494	3536	83
9	12826	0.20996413535007016	0.3082800561359738	2693	3954	83
10	12826	0.22547949477623577	0.342897239981288	2892	4398	83
11	12826	0.23553719008264462	0.37236862622797445	3021	4776	83
12	12826	0.24855761733977857	0.40277561203804774	3188	5166	83
13	12826	0.25884921253703413	0.4330266645875565	3320	5554	83
14	12826	0.2701543739279588	0.4659285825666615	3465	5976	83
15	12826	0.28013410260408544	0.4966474348978637	3593	6370	83
16	12826	0.2908155309527522	0.5262747544051146	3730	6750	83
17	12826	0.30165289256198347	0.55605800717293	3869	7132	83
18	12826	0.3108529549352877	0.585061593637923	3987	7504	83
19	12826	0.3171682519881491	0.6093871822859817	4068	7816	83
20	12826	0.3244191486043973	0.6371433026664588	4161	8172	83
21	12826	0.3307344456572587	0.6617807578356464	4242	8488	83
22	12826	0.33938874161858723	0.6881334788710431	4353	8826	83
23	12826	0.3446904724777795	0.7118353344768439	4421	9130	83
24	12826	0.3521752689848745	0.7389677218150632	4517	9478	83
25	12826	0.3584125994074536	0.7662560424138469	4597	9828	83
26	12826	0.3641821300483393	0.7885544986745673	4671	10114	83
27	12826	0.3685482613441447	0.8113207547169812	4727	10406	83
28	12826	0.373538125682208	0.8359582098861688	4791	10722	83
29	12826	0.37938562295337597	0.8618431311398721	4866	11054	83
30	12826	0.384609387182286	0.883985654140028	4933	11338	83
31	12826	0.3876500857632933	0.9089349758303447	4972	11658	83
32	12826	0.3929518166224856	0.9317012318727584	5040	11950	83
33	12826	0.3969281147668798	0.9543115546546078	5091	12240	83
34	12826	0.40285357866832994	0.9766100109153283	5167	12526	83
35	12826	0.40729767659441757	0.9992203336971776	5224	12816	83
36	12826	0.4121316076719164	1.0229221893029783	5286	13120	83
37	12826	0.4157180726648994	1.0435053796974896	5332	13384	83
38	12826	0.4202401372212693	1.067830968345548	5390	13696	83
39	12826	0.42632153438328396	1.096210821768283	5468	14060	83
40	12826	0.4299859660065492	1.1188211445501326	5515	14350	83
41	12826	0.4345080305629191	1.1414314673319819	5573	14640	83
42	12826	0.43941992827070014	1.1643536566349602	5636	14934	83
43	12826	0.4451114922813036	1.1872758459379387	5709	15228	83
44	12826	0.4508030562919071	1.2111336348043038	5782	15534	83
45	12826	0.4543115546546078	1.2332761578044598	5827	15818	83
46	12826	0.45774208638702635	1.2552627475440512	5871	16100	83
47	12826	0.4614065180102916	1.2764696709808203	5918	16372	83
48	12826	0.4649150163729924	1.2990799937626696	5963	16662	83
49	12826	0.46951504755964446	1.3221581163262124	6022	16958	83
50	12826	0.4733354124434742	1.343520973023546	6071	17232	83
51	12826	0.47629814439419926	1.3670668953687821	6109	17534	83
52	12826	0.4803524091688757	1.3882738188055512	6161	17806	83
53	12826	0.48362700764072974	1.4102604085451427	6203	18088	83
54	12826	0.48760330578512395	1.4303757991579604	6254	18346	83
55	12826	0.4909558708872602	1.4497115234679556	6297	18594	83
56	12826	0.49438640261967876	1.473257445813192	6341	18896	83
57	12826	0.4967254015281459	1.4900982379541556	6371	19112	83
58	12826	0.49984406673943554	1.5099017620458444	6411	19366	83
59	12826	0.5038203648838298	1.530952752222049	6462	19636	83
60	12826	0.507484796507095	1.5506003430531732	6509	19888	83
61	12826	0.5108373616092312	1.5702479338842976	6552	20140	83
62	12826	0.5141899267113675	1.5905192577576797	6595	20400	83
63	12826	0.5178543583346328	1.6078278496803369	6642	20622	83
64	12826	0.5195696242008421	1.6251364416029939	6664	20844	83
65	12826	0.5220645563698737	1.6455636987369406	6696	21106	83
66	12826	0.5243255886480587	1.6624044908779043	6725	21322	83
67	12826	0.5265086542959613	1.6797130828005613	6753	21544	83
68	12826	0.5285357866832996	1.6960860751598317	6779	21754	83
69	12826	0.5311086854826135	1.715109932948698	6812	21998	83
70	12826	0.5336036176516451	1.7330422579136129	6844	22228	83
71	12826	0.5359426165601122	1.7478559176672384	6874	22418	83
72	12826	0.5379697489474505	1.7636051769842507	6900	22620	83
73	12826	0.5404646811164822	1.779354436301263	6932	22822	83
74	12826	0.5440511461094651	1.7963511617027912	6978	23040	83
75	12826	0.5456104787151099	1.8114766879775457	6998	23234	83
76	12826	0.5480274442538593	1.826914080773429	7029	23432	83
77	12826	0.5504444097926088	1.8428192733510058	7060	23636	83
78	12826	0.5525495088102292	1.859192265710276	7087	23846	83
79	12826	0.5551224076095431	1.876812724154062	7120	24072	83
80	12826	0.5584749727116795	1.8967721815063152	7163	24328	83
81	12826	0.5601902385778886	1.9104943084359893	7185	24504	83
82	12826	0.562919070637767	1.9296740994854202	7220	24750	83
83	12826	0.5651021362856697	1.944955559020739	7248	24946	83
84	12826	0.5682987681272416	1.9639794168096054	7289	25190	83
85	12826	0.5705598004054265	1.9831592078590363	7318	25436	83
86	12826	0.5731326992047404	1.998440667394355	7351	25632	83
87	12826	0.5744581319195384	2.013722126929674	7368	25828	83
88	12826	0.5772649306096991	2.0311866521128956	7404	26052	83
89	12826	0.5791361297364728	2.046624044908779	7428	26250	83
90	12826	0.5807734289723998	2.059722438796195	7449	26418	83
91	12826	0.5824107282083268	2.075003898331514	7470	26614	83
92	12826	0.5845158272259473	2.0874785591766725	7497	26774	83
93	12826	0.5861531264618743	2.101356619366911	7518	26952	83
94	12826	0.5878683923280836	2.1167940121627944	7540	27150	83
95	12826	0.5895836581942928	2.130983938874162	7562	27332	83
96	12826	0.5915328239513489	2.1472009979728677	7587	27540	83
97	12826	0.5928582566661469	2.1621705909870577	7604	27732	83
98	12826	0.5942616560112272	2.172774052705442	7622	27868	83
99	12826	0.5954311554654608	2.189147045064712	7637	28078	83
100	12826	0.5980040542647747	2.204272571339467	7670	28272	83
1	12826	0.02635272103539685	0.026976454077654765	338	346	84
2	12826	0.06050210509901762	0.0650241696553875	776	834	84
3	12826	0.08677685950413223	0.097458287852799	1113	1250	84
4	12826	0.10728208326836114	0.12739747388117886	1376	1634	84
5	12826	0.1277093404023078	0.15842819273351005	1638	2032	84
6	12826	0.15172306252923748	0.19756744113519414	1946	2534	84
7	12826	0.17472321846249805	0.2412287540932481	2241	3094	84
8	12826	0.19226571027600187	0.27678153750194917	2466	3550	84
9	12826	0.20848276937470764	0.3082800561359738	2674	3954	84
10	12826	0.22126929674099485	0.33806330890378916	2838	4336	84
11	12826	0.23319819117417745	0.36769062841104005	2991	4716	84
12	12826	0.24434741930453766	0.3971620146577265	3134	5094	84
13	12826	0.2564322469982847	0.4317791985030407	3289	5538	84
14	12826	0.26804927491033836	0.46546078278496805	3438	5970	84
15	12826	0.2772493372836426	0.4946203025105255	3556	6344	84
16	12826	0.28683923280835805	0.5250272883205988	3679	6734	84
17	12826	0.2965850615936379	0.5526274754405115	3804	7088	84
18	12826	0.30523935755496645	0.5803835958209886	3915	7444	84
19	12826	0.31295805395290816	0.6059566505535631	4014	7772	84
20	12826	0.32169031654451896	0.6369873694058943	4126	8170	84
21	12826	0.3297208794635896	0.6614688913145174	4229	8484	84
22	12826	0.33704974271012006	0.6861063464837049	4323	8800	84
23	12826	0.34375487291439266	0.7098082020895057	4409	9104	84
24	12826	0.35131763605176985	0.7350693903009512	4506	9428	84
25	12826	0.357554966474349	0.7595509122095743	4586	9742	84
26	12826	0.3637143302666459	0.7838765008576329	4665	10054	84
27	12826	0.36987369405894277	0.8071105566817403	4744	10352	84
28	12826	0.37595509122095744	0.833775144238266	4822	10694	84
29	12826	0.3811008888195852	0.8562295337595509	4888	10982	84
30	12826	0.3853110868548261	0.8782161234991424	4942	11264	84
31	12826	0.38975518478091375	0.9020739123655076	4999	11570	84
32	12826	0.3951348822703883	0.9259317012318727	5068	11876	84
33	12826	0.3999688133478871	0.9483860907531576	5130	12164	84
34	12826	0.40558241072820833	0.9731794791829097	5202	12482	84
35	12826	0.4098705753937315	0.9951660689225011	5257	12764	84
36	12826	0.4159519725557461	1.0196475908311242	5335	13078	84
37	12826	0.42086387026352723	1.0414782473101512	5398	13358	84
38	12826	0.42491813503820364	1.0650241696553875	5450	13660	84
39	12826	0.42866053329175113	1.087322625916108	5498	13946	84
40	12826	0.43310463121783876	1.111180414782473	5555	14252	84
41	12826	0.43692499610166846	1.1331670045220645	5604	14534	84
42	12826	0.44269452674255416	1.1568688601278654	5678	14838	84
43	12826	0.44659285825666617	1.1768283174801184	5728	15094	84
44	12826	0.4505691564010603	1.1980352409168875	5779	15366	84
45	12826	0.45454545454545453	1.220645563698737	5830	15656	84
46	12826	0.458599719320131	1.2418524871355061	5882	15928	84
47	12826	0.4611726181194449	1.263371277093404	5915	16204	84
48	12826	0.46444721659129895	1.282239201621706	5957	16446	84
49	12826	0.4681896148448464	1.3075003898331514	6005	16770	84
50	12826	0.4725557461406518	1.3290191797910493	6061	17046	84
51	12826	0.476532044285046	1.3530329019179792	6112	17354	84
52	12826	0.4806642756900047	1.374239825354748	6165	17626	84
53	12826	0.4838609075315765	1.39762981443942	6206	17926	84
54	12826	0.48682363948230156	1.4166536722282863	6244	18170	84
55	12826	0.4902541712147201	1.4363012630594105	6288	18422	84
56	12826	0.49313893653516294	1.4554810541088414	6325	18668	84
57	12826	0.49633556837673476	1.475908311242788	6366	18930	84
58	12826	0.49937626695774207	1.4964915016372993	6405	19194	84
59	12826	0.5017152658662093	1.5114610946514893	6435	19386	84
60	12826	0.5049118977077811	1.5303290191797911	6476	19628	84
61	12826	0.5079525962887884	1.548885077186964	6515	19866	84
62	12826	0.5109153282395135	1.567129268673008	6553	20100	84
63	12826	0.5142678933416498	1.5864649929830033	6596	20348	84
64	12826	0.5177763917043505	1.6072041166380788	6641	20614	84
65	12826	0.5199594573522532	1.6285669733354124	6669	20888	84
66	12826	0.5217526898487448	1.6435365663496024	6692	21080	84
67	12826	0.5248713550600344	1.6633400904412912	6732	21334	84
68	12826	0.5282239201621706	1.6806486823639482	6775	21556	84
69	12826	0.5313425853734601	1.7015437392795882	6815	21824	84
70	12826	0.5347731171058787	1.7229065959769219	6859	22098	84
71	12826	0.5371900826446281	1.7372524559488538	6890	22282	84
72	12826	0.5399968813347887	1.7511305161390924	6926	22460	84
73	12826	0.5424138468735381	1.7656323093715889	6957	22646	84
74	12826	0.5449087790425697	1.783564634336504	6989	22876	84
75	12826	0.5477155777327304	1.7991579603929517	7025	23076	84
76	12826	0.5499766100109154	1.8144394199282707	7054	23272	84
77	12826	0.552471542179947	1.8336192109777016	7086	23518	84
78	12826	0.5549664743489786	1.85201933572431	7118	23754	84
79	12826	0.5567597068454702	1.8685482613441446	7141	23966	84
80	12826	0.5590207391236551	1.8857009200062373	7170	24186	84
81	12826	0.5608919382504288	1.9000467799781693	7194	24370	84
82	12826	0.5629970372680493	1.9147045064712302	7221	24558	84
83	12826	0.5652580695462343	1.930921565569936	7250	24766	84
84	12826	0.5673631685638547	1.9472945579292062	7277	24976	84
85	12826	0.5697021674723218	1.9653828161546858	7307	25208	84
86	12826	0.5716513332293778	1.982379541556214	7332	25426	84
87	12826	0.5727428660533291	1.99547793544363	7346	25594	84
88	12826	0.5743021986589739	2.0099797286761265	7366	25780	84
89	12826	0.5770310307188523	2.029471386246686	7401	26030	84
90	12826	0.5784344300639327	2.0452206455636985	7419	26232	84
91	12826	0.5794479962576018	2.0600343053173242	7432	26422	84
92	12826	0.5820988616871979	2.0757835646343366	7466	26624	84
93	12826	0.5838141275534071	2.090909090909091	7488	26818	84
94	12826	0.5849836270076407	2.106658350226103	7503	27020	84
95	12826	0.5874785591766724	2.123187275845938	7535	27232	84
96	12826	0.5897395914548573	2.138780601902386	7564	27432	84
97	12826	0.5917667238421955	2.1556213940433495	7590	27648	84
98	12826	0.5941836893809449	2.1702791205364105	7621	27836	84
99	12826	0.5954311554654608	2.1855605800717295	7637	28032	84
100	12826	0.5971464213316701	2.200997972867613	7659	28230	84
1	12826	0.02424762201777639	0.024637455169187587	311	316	85
2	12826	0.0628411040074848	0.06720723530329019	806	862	85
3	12826	0.08584125994074536	0.09652268828941213	1101	1238	85
4	12826	0.10658038359582099	0.12880087322625916	1367	1652	85
5	12826	0.12911273974738813	0.162326524247622	1656	2082	85
6	12826	0.15125526274754406	0.20021830656479028	1940	2568	85
7	12826	0.17565881802588493	0.24278808669889287	2253	3114	85
8	12826	0.19203181038515515	0.2760018711991268	2463	3540	85
9	12826	0.20848276937470764	0.30999532200218305	2674	3976	85
10	12826	0.2225167628255107	0.34414470606580383	2854	4414	85
11	12826	0.23467955714954	0.3768906907843443	3010	4834	85
12	12826	0.24692031810385154	0.40807734289723996	3167	5234	85
13	12826	0.2589271791673164	0.44066739435521596	3321	5652	85
14	12826	0.2717137065336036	0.4757523779822236	3485	6102	85
15	12826	0.28091376890690783	0.5047559644472166	3603	6474	85
16	12826	0.29042569780134103	0.5387494152502729	3725	6910	85
17	12826	0.30095119288944333	0.56650553563075	3860	7266	85
18	12826	0.30991735537190085	0.596132855138001	3975	7646	85
19	12826	0.31771401840012475	0.6229533759550913	4075	7990	85
20	12826	0.32668018088258227	0.6532044285046	4190	8378	85
21	12826	0.3325276781537502	0.6762825510681428	4265	8674	85
22	12826	0.3377514423826602	0.6978013410260409	4332	8950	85
23	12826	0.3449243723686262	0.7247777951036957	4424	9296	85
24	12826	0.35287696865741464	0.7526898487447372	4526	9654	85
25	12826	0.3605176984250741	0.78029003586465	4624	10008	85
26	12826	0.3655855293934196	0.8027444253859348	4689	10296	85
27	12826	0.3707313269920474	0.8295649462030251	4755	10640	85
28	12826	0.3758771245906752	0.8532668018088259	4821	10944	85
29	12826	0.38195852175268985	0.8789957898019648	4899	11274	85
30	12826	0.3871043193513176	0.9030095119288944	4965	11582	85
31	12826	0.39092468423514737	0.924372368626228	5014	11856	85
32	12826	0.3961484484640574	0.9486979572742866	5081	12168	85
33	12826	0.4011383128021207	0.971308280056136	5145	12458	85
34	12826	0.4057383439887728	0.9946982691408077	5204	12758	85
35	12826	0.4102604085451427	1.0199594573522532	5262	13082	85
36	12826	0.41478247310151256	1.0435053796974896	5320	13384	85
37	12826	0.4186808046156245	1.0637767035708716	5370	13644	85
38	12826	0.4249961016684859	1.0891938250428816	5451	13970	85
39	12826	0.43037579915796037	1.1139872134726336	5520	14288	85
40	12826	0.4338063308903789	1.137845002338999	5564	14594	85
41	12826	0.4380165289256198	1.1588959925152036	5618	14864	85
42	12826	0.44222672696086074	1.1816622485576174	5672	15156	85
43	12826	0.44721659129892405	1.2033369717760798	5736	15434	85
44	12826	0.4510369561827538	1.223296429128333	5785	15690	85
45	12826	0.4550912209574302	1.2446592858256667	5837	15964	85
46	12826	0.4598471854046468	1.2689848744737253	5898	16276	85
47	12826	0.4648370497427101	1.291751130516139	5962	16568	85
48	12826	0.46772181506315297	1.31093092156557	5999	16814	85
49	12826	0.4733354124434742	1.3343209106502416	6071	17114	85
50	12826	0.4771557773273039	1.3561515671292688	6120	17394	85
51	12826	0.4811320754716981	1.379073756432247	6171	17688	85
52	12826	0.4840948074224232	1.399345080305629	6209	17948	85
53	12826	0.4879151723062529	1.4199282707001404	6258	18212	85
54	12826	0.4919694370809294	1.4398877280523936	6310	18468	85
55	12826	0.4946203025105255	1.4600031186652114	6344	18726	85
56	12826	0.49789490098237954	1.480430375799158	6386	18988	85
57	12826	0.5014033993450803	1.4999220333697179	6431	19238	85
58	12826	0.5042881646655232	1.520817090285358	6468	19506	85
59	12826	0.5083424294401996	1.5392172150319663	6520	19742	85
60	12826	0.5117729611726182	1.5605800717293	6564	20016	85
61	12826	0.5145017932324965	1.5767971308280055	6599	20224	85
62	12826	0.5166068922501169	1.5937938562295337	6626	20442	85
63	12826	0.5191797910494308	1.610790581631062	6659	20660	85
64	12826	0.5218306564790269	1.6312178387650085	6693	20922	85
65	12826	0.5247933884297521	1.6528925619834711	6731	21200	85
66	12826	0.5278340870107594	1.671136753469515	6770	21434	85
67	12826	0.5304069858100733	1.6912521440823327	6803	21692	85
68	12826	0.533915484172774	1.7093404023078123	6848	21924	85
69	12826	0.5371900826446281	1.7285201933572432	6890	22170	85
70	12826	0.5382816154685794	1.7439575861531265	6904	22368	85
71	12826	0.5418680804615624	1.7598627787307033	6950	22572	85
72	12826	0.5440511461094651	1.7759239045688446	6978	22778	85
73	12826	0.5463901450179324	1.791673163885857	7008	22980	85
74	12826	0.5491969437080929	1.808981755808514	7044	23202	85
75	12826	0.5507562763137377	1.8259784812100421	7064	23420	85
76	12826	0.5537190082644629	1.8420396070481835	7102	23626	85
77	12826	0.5567597068454702	1.8581007328863246	7141	23832	85
78	12826	0.5601122719476064	1.877748323717449	7184	24084	85
79	12826	0.5619055044440979	1.8967721815063152	7207	24328	85
80	12826	0.5645563698736941	1.9148604397317948	7241	24560	85
81	12826	0.5660377358490566	1.9293622329642912	7260	24746	85
82	12826	0.568766567908935	1.9474504911897708	7295	24978	85
83	12826	0.5702479338842975	1.9607048183377513	7314	25148	85
84	12826	0.5725089661624825	1.9773896772181507	7343	25362	85
85	12826	0.5736784656167161	1.9942304693591142	7358	25578	85
86	12826	0.5751598315920786	2.0101356619366912	7377	25782	85
87	12826	0.5771089973491346	2.02682052081709	7402	25996	85
88	12826	0.5793700296273195	2.042101980352409	7431	26192	85
89	12826	0.5820988616871979	2.061593637922969	7466	26442	85
90	12826	0.5831903945111492	2.0753157648526432	7480	26618	85
91	12826	0.5848276937470762	2.088881958521753	7501	26792	85
92	12826	0.586387026352721	2.101044752845782	7521	26948	85
93	12826	0.5881022922189303	2.115078746296585	7543	27128	85
94	12826	0.5899734913457041	2.1311398721347263	7567	27334	85
95	12826	0.5910650241696553	2.1492281303602057	7581	27566	85
96	12826	0.5930141899267114	2.1637299235927023	7606	27752	85
97	12826	0.5949633556837673	2.17791985030407	7631	27934	85
98	12826	0.5964447216591299	2.1947606424450337	7650	28150	85
99	12826	0.5983938874161858	2.210198035240917	7675	28348	85
100	12826	0.6001871199126774	2.2262591610790583	7698	28554	85
1	12826	0.02471542179946983	0.025105254950881024	317	322	86
2	12826	0.06073600498986434	0.06533603617651645	779	838	86
3	12826	0.08428192733510058	0.09480742242320286	1081	1216	86
4	12826	0.10626851707469204	0.1284890067051302	1363	1648	86
5	12826	0.1260720411663808	0.15905192577576796	1617	2040	86
6	12826	0.14907219709964134	0.1970996413535007	1912	2528	86
7	12826	0.1718384531420552	0.23998128800873225	2204	3078	86
8	12826	0.18618431311398723	0.2724154062061438	2388	3494	86
9	12826	0.1992827070014034	0.3039139248401684	2556	3898	86
10	12826	0.21230313425853733	0.33400904412911275	2723	4284	86
11	12826	0.22407609543115548	0.3661312958053953	2874	4696	86
12	12826	0.2367066895368782	0.39747388117885546	3036	5098	86
13	12826	0.2494152502728832	0.43131139872134727	3199	5532	86
14	12826	0.25978481210042104	0.4623421175736785	3332	5930	86
15	12826	0.27077810697021676	0.49337283642600965	3473	6328	86
16	12826	0.28091376890690783	0.5236238889755185	3603	6716	86
17	12826	0.2893341649773897	0.548573210665835	3711	7036	86
18	12826	0.2970528613753314	0.5757055980040543	3810	7384	86
19	12826	0.30438172462186186	0.6011227194760642	3904	7710	86
20	12826	0.31272415406206144	0.6319975050678309	4011	8106	86
21	12826	0.3202089505691564	0.6553874941525027	4107	8406	86
22	12826	0.32831748011850925	0.6797130828005613	4211	8718	86
23	12826	0.3343988772805239	0.704350537969749	4289	9034	86
24	12826	0.3417277405270544	0.7299235927023234	4383	9362	86
25	12826	0.3471854046468112	0.7572119133011072	4453	9712	86
26	12826	0.3524871355060034	0.7784188367378762	4521	9984	86
27	12826	0.3584905660377358	0.804771557773273	4598	10322	86
28	12826	0.3648058630905972	0.829876812724154	4679	10644	86
29	12826	0.3722906595976922	0.8568532668018088	4775	10990	86
30	12826	0.37798222360829564	0.8803991891470451	4848	11292	86
31	12826	0.3840636207703103	0.9069078434430063	4926	11632	86
32	12826	0.3891314517386559	0.9296740994854202	4991	11924	86
33	12826	0.3941213160767192	0.94916575705598	5055	12174	86
34	12826	0.39887728052393573	0.9719320130983938	5116	12466	86
35	12826	0.4026196787774832	0.992827070014034	5164	12734	86
36	12826	0.4081553095275222	1.0187119912677374	5235	13066	86
37	12826	0.41384687353812566	1.042725713394667	5308	13374	86
38	12826	0.4189926711367535	1.067830968345548	5374	13696	86
39	12826	0.4242164353656635	1.093871822859816	5441	14030	86
40	12826	0.4297520661157025	1.1211601434585998	5512	14380	86
41	12826	0.4345859971932013	1.1433026664587556	5574	14664	86
42	12826	0.43864026196787775	1.1666926555434274	5626	14964	86
43	12826	0.44363012630594106	1.1863402463745516	5690	15216	86
44	12826	0.44768439108061747	1.2103539685014815	5742	15524	86
45	12826	0.4508810229221893	1.231093092156557	5783	15790	86
46	12826	0.4553251208482769	1.2546390145017932	5840	16092	86
47	12826	0.4593793856229534	1.2772493372836426	5892	16382	86
48	12826	0.4625760174645252	1.2970528613753314	5933	16636	86
49	12826	0.46530484952440354	1.3195072508966164	5968	16924	86
50	12826	0.4681896148448464	1.3377514423826602	6005	17158	86
51	12826	0.4713862466864182	1.3602058319039452	6046	17446	86
52	12826	0.4747388117885545	1.3804771557773272	6089	17706	86
53	12826	0.47754561047871513	1.4013722126929673	6125	17974	86
54	12826	0.480118509278029	1.4207079370029627	6158	18222	86
55	12826	0.4822236082956495	1.4400436613129581	6185	18470	86
56	12826	0.48557617339778575	1.4629658506159364	6228	18764	86
57	12826	0.4888507718696398	1.4832371744893185	6270	19024	86
58	12826	0.49189147045064713	1.504288164665523	6309	19294	86
59	12826	0.49508810229221895	1.5248713550600344	6350	19558	86
60	12826	0.4987525339154842	1.5445189458911586	6397	19810	86
61	12826	0.5015593326056448	1.5621394043349446	6433	20036	86
62	12826	0.5034305317324185	1.5794479962576018	6457	20258	86
63	12826	0.5055356307500389	1.5969125214408233	6484	20482	86
64	12826	0.5081864961796351	1.6145329798846093	6518	20708	86
65	12826	0.5099797286761266	1.6341805707157337	6541	20960	86
66	12826	0.5130204272571339	1.6497738967721816	6580	21160	86
67	12826	0.5159831592078591	1.6698892873849993	6618	21418	86
68	12826	0.5191018244191486	1.686418213004834	6658	21630	86
69	12826	0.5211289568064869	1.7062217370965227	6684	21884	86
70	12826	0.5240137221269296	1.7233743957586154	6721	22104	86
71	12826	0.5272103539685015	1.7417745205052237	6762	22340	86
72	12826	0.529003586464993	1.7595509122095743	6785	22568	86
73	12826	0.5328239513488227	1.7787307032590052	6834	22814	86
74	12826	0.5352409168875721	1.7971308280056135	6865	23050	86
75	12826	0.5380477155777327	1.814907219709964	6901	23278	86
76	12826	0.5406985810073288	1.8325276781537503	6935	23504	86
77	12826	0.5428816466552315	1.8485888039918914	6963	23710	86
78	12826	0.5451426789334165	1.8662092624356776	6992	23936	86
79	12826	0.5481833775144238	1.8863246530484952	7031	24194	86
80	12826	0.5507562763137377	1.9039451114922814	7064	24420	86
81	12826	0.5539529081553095	1.9189147045064712	7105	24612	86
82	12826	0.5561359738032122	1.9355995633868703	7133	24826	86
83	12826	0.5583970060813972	1.9502572898799313	7162	25014	86
84	12826	0.5606580383595821	1.967721815063153	7191	25238	86
85	12826	0.5633089037891782	1.98503040698581	7225	25460	86
86	12826	0.5654919694370809	2.002338998908467	7253	25682	86
87	12826	0.5676750350849836	2.0196475908311244	7281	25904	86
88	12826	0.5699360673631686	2.0360205831903944	7310	26114	86
89	12826	0.5714174333385311	2.0545766411975674	7329	26352	86
90	12826	0.5730547325744582	2.070637767035709	7350	26558	86
91	12826	0.5751598315920786	2.0876344924372368	7377	26776	86
92	12826	0.5764072976765944	2.1018244191486044	7393	26958	86
93	12826	0.5780445969125214	2.115702479338843	7414	27136	86
94	12826	0.5800717292998596	2.1319195384375487	7440	27344	86
95	12826	0.5820208950569157	2.14798066427569	7465	27550	86
96	12826	0.5851395602682052	2.1645095898955247	7505	27762	86
97	12826	0.5870107593949789	2.1785435833463276	7529	27942	86
98	12826	0.5888039918914705	2.1908623109309215	7552	28100	86
99	12826	0.5913768906907844	2.2111336348043036	7585	28360	86
100	12826	0.5928582566661469	2.2256354280368003	7604	28546	86
1	12826	0.024637455169187587	0.02541712147200998	316	326	87
2	12826	0.06128177140184001	0.0664275690004678	786	852	87
3	12826	0.08576329331046312	0.09652268828941213	1100	1238	87
4	12826	0.10424138468735382	0.12427880866988929	1337	1594	87
5	12826	0.12365507562763138	0.15421799469826913	1586	1978	87
6	12826	0.14634336503976297	0.191330110712615	1877	2454	87
7	12826	0.16965538749415252	0.23280835802276625	2176	2986	87
8	12826	0.18704194604709184	0.26680180882582255	2399	3422	87
9	12826	0.20318103851551536	0.3023545922345236	2606	3878	87
10	12826	0.21534383283954467	0.3319819117417745	2762	4258	87
11	12826	0.231093092156557	0.3659753625448308	2964	4694	87
12	12826	0.2426321534383284	0.39404334944643693	3112	5054	87
13	12826	0.25253391548417276	0.4219554030874786	3239	5412	87
14	12826	0.26500857632933106	0.4578200530173086	3399	5872	87
15	12826	0.27607983782940904	0.48931857165133325	3541	6276	87
16	12826	0.28566973335412443	0.519257757679713	3664	6660	87
17	12826	0.29206299703726807	0.5432714798066428	3746	6968	87
18	12826	0.301496959301419	0.5725869327927647	3867	7344	87
19	12826	0.30913768906907846	0.5978481210042103	3965	7668	87
20	12826	0.31553095275222204	0.6274754405114611	4047	8048	87
21	12826	0.32200218306564793	0.6539840948074225	4130	8388	87
22	12826	0.3306564790269765	0.6817402151878996	4241	8744	87
23	12826	0.337361609231249	0.7060658038359582	4327	9056	87
24	12826	0.3450023389989085	0.7317947918290971	4425	9386	87
25	12826	0.3517854358334633	0.7583034461250585	4512	9726	87
26	12826	0.35638546702011537	0.779666302822392	4571	10000	87
27	12826	0.3612973647278965	0.8039918914704507	4634	10312	87
28	12826	0.3680804615624513	0.8322158116326213	4721	10674	87
29	12826	0.37416185872446595	0.8576329331046312	4799	11000	87
30	12826	0.3798534227350694	0.8821144550132544	4872	11314	87
31	12826	0.3848432870731327	0.9069078434430063	4936	11632	87
32	12826	0.38928738499922033	0.9302978325276782	4993	11932	87
33	12826	0.3943552159675659	0.952752222048963	5058	12220	87
34	12826	0.4007484796507095	0.9787930765632309	5140	12554	87
35	12826	0.4051925775767971	1.0020271323873382	5197	12852	87
36	12826	0.40885700920006235	1.0238577888663651	5244	13132	87
37	12826	0.41283330734445656	1.0458443786059566	5295	13414	87
38	12826	0.41657570559800405	1.069702167472322	5343	13720	87
39	12826	0.420474037112116	1.0934040230781226	5393	14024	87
40	12826	0.4254639014501793	1.1172618119444877	5457	14330	87
41	12826	0.4281927335100577	1.1351941369094027	5492	14560	87
42	12826	0.43271479806642754	1.1565569936067364	5550	14834	87
43	12826	0.43770466240449085	1.1771401840012474	5614	15098	87
44	12826	0.44191486043973177	1.1983471074380165	5668	15370	87
45	12826	0.4447996257601746	1.2195540308747856	5705	15642	87
46	12826	0.4485420240137221	1.2429440199594572	5753	15942	87
47	12826	0.4528301886792453	1.2657102760018712	5808	16234	87
48	12826	0.4562607204116638	1.2889443318259786	5852	16532	87
49	12826	0.46054888507718694	1.3124902541712147	5907	16834	87
50	12826	0.46507094963355683	1.3344768439108061	5965	17116	87
51	12826	0.4688913145173866	1.356619366910962	6014	17400	87
52	12826	0.4721659129892406	1.3768906907843443	6056	17660	87
53	12826	0.47528457820053016	1.3987213472633713	6096	17940	87
54	12826	0.4791829097146421	1.41852487135506	6146	18194	87
55	12826	0.48261344144706064	1.43801652892562	6190	18444	87
56	12826	0.4854982067675035	1.4593793856229533	6227	18718	87
57	12826	0.488928738499922	1.481054108841416	6271	18996	87
58	12826	0.4932169031654452	1.5039762981443943	6326	19290	87
59	12826	0.49555590207391237	1.5225323561515671	6356	19528	87
60	12826	0.4985966006549197	1.5423358802432559	6395	19782	87
61	12826	0.5005457664119757	1.5585529393419617	6420	19990	87
62	12826	0.5030406985810073	1.5767971308280055	6452	20224	87
63	12826	0.5053796974894745	1.5933260564478404	6482	20436	87
64	12826	0.508810229221893	1.6126617807578356	6526	20684	87
65	12826	0.512708560736005	1.635272103539685	6576	20974	87
66	12826	0.5158272259472946	1.6547637611102448	6616	21224	87
67	12826	0.519257757679713	1.6736316856385467	6660	21466	87
68	12826	0.522142523000156	1.690940277561204	6697	21688	87
69	12826	0.5247933884297521	1.7105878683923281	6731	21940	87
70	12826	0.5268984874473726	1.7268049274910338	6758	22148	87
71	12826	0.5295493528769687	1.7420863870263528	6792	22344	87
72	12826	0.5319663184157181	1.7583034461250584	6823	22552	87
73	12826	0.5359426165601122	1.7782629034773116	6874	22808	87
74	12826	0.5382816154685794	1.7947918290971465	6904	23020	87
75	12826	0.5413223140495868	1.8128800873226258	6943	23252	87
76	12826	0.5452206455636988	1.8289412131607672	6993	23458	87
77	12826	0.5471698113207547	1.844222672696086	7018	23654	87
78	12826	0.5495088102292219	1.8613753313581787	7048	23874	87
79	12826	0.5523935755496647	1.8782161234991424	7085	24090	87
80	12826	0.5545766411975674	1.896616248245751	7113	24326	87
81	12826	0.5556681740215188	1.9098705753937315	7127	24496	87
82	12826	0.5582410728208327	1.927335100576953	7160	24720	87
83	12826	0.5615156712926868	1.942304693591143	7202	24912	87
84	12826	0.5640106034617184	1.9564946203025104	7234	25094	87
85	12826	0.5660377358490566	1.9728676126617808	7260	25304	87
86	12826	0.5685326680180882	1.988305005457664	7292	25502	87
87	12826	0.5711835334476844	2.0067051302042724	7326	25738	87
88	12826	0.5727428660533291	2.02089505691564	7346	25920	87
89	12826	0.5751598315920786	2.038203648838297	7377	26142	87
90	12826	0.5778106970216748	2.054420707937003	7411	26350	87
91	12826	0.5799937626695775	2.0679869016061128	7439	26524	87
92	12826	0.5820988616871979	2.0826446280991737	7466	26712	87
93	12826	0.583112427880867	2.09714642133167	7479	26898	87
94	12826	0.584437860595665	2.112739747388118	7496	27098	87
95	12826	0.5857632933104632	2.127397473881179	7513	27286	87
96	12826	0.5878683923280836	2.1409636675502886	7540	27460	87
97	12826	0.5898955247154218	2.1578044596912522	7566	27676	87
98	12826	0.5924684235147357	2.173709652268829	7599	27880	87
99	12826	0.5941057227506628	2.1869639794168094	7620	28050	87
100	12826	0.5958989552471542	2.202401372212693	7643	28248	87
1	12826	0.025806954623421176	0.02619678777483237	331	336	88
2	12826	0.06276313737720256	0.06751910182441914	805	866	88
3	12826	0.09036332449711523	0.10198035240916888	1159	1308	88
4	12826	0.11055668174021518	0.13488227038827383	1418	1730	88
5	12826	0.1302822392016217	0.1680960548885077	1671	2156	88
6	12826	0.14946203025105256	0.20271323873382194	1917	2600	88
7	12826	0.1732418524871355	0.2462186184313114	2222	3158	88
8	12826	0.18899111180414782	0.2789646031498519	2424	3578	88
9	12826	0.20341493840636207	0.31171058786839234	2609	3998	88
10	12826	0.216747232184625	0.3422735069390301	2780	4390	88
11	12826	0.22766256042413846	0.37268049274910336	2920	4780	88
12	12826	0.23865585529393418	0.40199594573522535	3061	5156	88
13	12826	0.24816778418836738	0.4305317324185249	3183	5522	88
14	12826	0.25900514579759865	0.4635895836581943	3322	5946	88
15	12826	0.2692967409948542	0.4918135038203649	3454	6308	88
16	12826	0.2806798690160611	0.5219086231093092	3600	6694	88
17	12826	0.2890222984562607	0.5473257445813192	3707	7020	88
18	12826	0.29767659441758926	0.5738343988772805	3818	7360	88
19	12826	0.30422579136129735	0.5964447216591299	3902	7650	88
20	12826	0.31100888819585215	0.6256042413846874	3989	8024	88
21	12826	0.32028691719943864	0.6521128956806487	4108	8364	88
22	12826	0.32886324653048493	0.6779978169343521	4218	8696	88
23	12826	0.3356463433650398	0.7018556058007173	4305	9002	88
24	12826	0.3427413067207235	0.7288320598783721	4396	9348	88
25	12826	0.34874473725245597	0.7537813815686886	4473	9668	88
26	12826	0.3552159675658818	0.7765476376111025	4556	9960	88
27	12826	0.3602837985342274	0.8004054264774676	4621	10266	88
28	12826	0.36644316232652424	0.826914080773429	4700	10606	88
29	12826	0.3728364260096679	0.8518634024637455	4782	10926	88
30	12826	0.3782940901294246	0.8729143926399501	4852	11196	88
31	12826	0.3821144550132543	0.8953687821612349	4901	11484	88
32	12826	0.38928738499922033	0.9204740371121161	4993	11806	88
33	12826	0.39451114922813035	0.9449555590207391	5060	12120	88
34	12826	0.39887728052393573	0.9689692811476688	5116	12428	88
35	12826	0.4033993450803056	0.9907999376266958	5174	12708	88
36	12826	0.40807734289723996	1.0102915951972555	5234	12958	88
37	12826	0.4125214408233276	1.0307188523312023	5291	13220	88
38	12826	0.4167316388585685	1.0536410416341806	5345	13514	88
39	12826	0.42335880243255886	1.0789022298456261	5430	13838	88
40	12826	0.4284266334009044	1.1058786839232808	5495	14184	88
41	12826	0.4322469982847341	1.126150007796663	5544	14444	88
42	12826	0.4373148292530797	1.150631529705286	5609	14758	88
43	12826	0.44168096054888506	1.1738655855293934	5665	15056	88
44	12826	0.44643692499610166	1.1961640417901138	5726	15342	88
45	12826	0.45095898955247155	1.217370965226883	5784	15614	88
46	12826	0.45470138780601904	1.2392016217059099	5832	15894	88
47	12826	0.45930141899267113	1.2629034773117105	5891	16198	88
48	12826	0.46226415094339623	1.2833307344456573	5929	16460	88
49	12826	0.4678777483237174	1.3054732574458132	6001	16744	88
50	12826	0.47021674723218465	1.3244971152346796	6031	16988	88
51	12826	0.4736472789646031	1.3446125058474974	6075	17246	88
52	12826	0.47785747699984404	1.3648838297208794	6129	17506	88
53	12826	0.4822236082956495	1.3867144861999063	6185	17786	88
54	12826	0.48658973959145485	1.4057383439887727	6241	18030	88
55	12826	0.4910338375175425	1.429284266334009	6298	18332	88
56	12826	0.49391860283798533	1.4501793232496492	6335	18600	88
57	12826	0.4978169343520973	1.4692031810385155	6385	18844	88
58	12826	0.49992203336971774	1.4885389053485107	6412	19092	88
59	12826	0.5026508654295961	1.5052237642289101	6447	19306	88
60	12826	0.5065491969437081	1.5253391548417277	6497	19564	88
61	12826	0.5088881958521753	1.5451426789334164	6527	19818	88
62	12826	0.5111492281303602	1.5605800717293	6556	20016	88
63	12826	0.5148136597536255	1.579915796039295	6603	20264	88
64	12826	0.5176984250740683	1.5978481210042101	6640	20494	88
65	12826	0.5211289568064869	1.619990644004366	6684	20778	88
66	12826	0.5235459223452362	1.6365195696242008	6715	20990	88
67	12826	0.5262747544051146	1.653828161546858	6750	21212	88
68	12826	0.5292374863558397	1.6706689536878216	6788	21428	88
69	12826	0.5320442850460003	1.6901606112583814	6824	21678	88
70	12826	0.5353968501481366	1.708248869483861	6867	21910	88
71	12826	0.5371121160143458	1.7207235303290191	6889	22070	88
72	12826	0.5399189147045065	1.7400592546390146	6925	22318	88
73	12826	0.5427257133946671	1.7586153126461874	6961	22556	88
74	12826	0.5453765788242633	1.7756120380477156	6995	22774	88
75	12826	0.548573210665835	1.7961952284422267	7036	23038	88
76	12826	0.551146109465149	1.8114766879775457	7069	23234	88
77	12826	0.5531732418524872	1.827225947294558	7095	23436	88
78	12826	0.5552783408701076	1.8446904724777795	7122	23660	88
79	12826	0.5572275066271636	1.862154997661001	7147	23884	88
80	12826	0.559332605644784	1.8789957898019647	7174	24100	88
81	12826	0.5613597380321222	1.8928738499922033	7200	24278	88
82	12826	0.5638546702011539	1.9114299079993762	7232	24516	88
83	12826	0.566817402151879	1.9267113675346952	7270	24712	88
84	12826	0.5692343676906284	1.942616560112272	7301	24916	88
85	12826	0.5715733665990956	1.9603929518166225	7331	25144	88
86	12826	0.5738343988772805	1.9766100109153282	7360	25352	88
87	12826	0.5758615312646187	1.9929830032745985	7386	25562	88
88	12826	0.5777327303913925	2.0067051302042724	7410	25738	88
89	12826	0.5799157960392952	2.0255730547325745	7438	25980	88
90	12826	0.5813971620146577	2.04179011383128	7457	26188	88
91	12826	0.583424294401996	2.057383439887728	7483	26388	88
92	12826	0.5856073600498987	2.072353032901918	7511	26580	88
93	12826	0.5877124590675191	2.0874785591766725	7538	26774	88
94	12826	0.5891938250428816	2.10166848588804	7557	26956	88
95	12826	0.5908311242788087	2.118665211289568	7578	27174	88
96	12826	0.592546390145018	2.1331670045220648	7600	27360	88
97	12826	0.5940277561203805	2.14798066427569	7619	27550	88
98	12826	0.5955870887260253	2.161702791205364	7639	27726	88
99	12826	0.5970684547013878	2.1757367846561673	7658	27906	88
100	12826	0.599095587088726	2.191953843754873	7684	28114	88
1	12826	0.025806954623421176	0.02635272103539685	331	338	89
2	12826	0.06182753781381569	0.06595976921877436	793	846	89
3	12826	0.0855293934196164	0.09574302198658974	1097	1228	89
4	12826	0.10782784968033682	0.12677374083892093	1383	1626	89
5	12826	0.12677374083892093	0.15640106034617185	1626	2006	89
6	12826	0.14907219709964134	0.19273351005769532	1912	2472	89
7	12826	0.1716045532512085	0.2338998908467176	2201	3000	89
8	12826	0.18867924528301888	0.2666458755652581	2420	3420	89
9	12826	0.2028691719943864	0.2989240605021051	2602	3834	89
10	12826	0.21456416653672228	0.3279276469670981	2752	4206	89
11	12826	0.2253235615156713	0.35506003430531735	2890	4554	89
12	12826	0.2374863558397006	0.38655855293934194	3046	4958	89
13	12826	0.2482457508186496	0.4180570715733666	3184	5362	89
14	12826	0.2601746452518322	0.45314205520037426	3337	5812	89
15	12826	0.27233743957586154	0.4852643068766568	3493	6224	89
16	12826	0.28138156868860126	0.5145797598627787	3609	6600	89
17	12826	0.29104943084359897	0.5426477467643849	3733	6960	89
18	12826	0.30095119288944333	0.5714953999688134	3860	7330	89
19	12826	0.3096834554810541	0.5976921877436457	3972	7666	89
20	12826	0.31872758459379386	0.6291907063776704	4088	8070	89
21	12826	0.32551068142834866	0.653828161546858	4175	8386	89
22	12826	0.332449711523468	0.6798690160611258	4264	8720	89
23	12826	0.33954467487915174	0.7029471386246686	4355	9016	89
24	12826	0.3477311710587868	0.7288320598783721	4460	9348	89
25	12826	0.3542024013722127	0.7561203804771558	4543	9698	89
26	12826	0.36114143146733196	0.7823171682519882	4632	10034	89
27	12826	0.3665211289568065	0.8064868236394823	4701	10344	89
28	12826	0.37400592546390143	0.834087010759395	4797	10698	89
29	12826	0.37915172306252926	0.8587244659285825	4863	11014	89
30	12826	0.3853890534851084	0.884609387182286	4943	11346	89
31	12826	0.3911585841259941	0.9120536410416342	5017	11698	89
32	12826	0.3971620146577265	0.9354436301263059	5094	11998	89
33	12826	0.4017620458443786	0.9578980196475908	5153	12286	89
34	12826	0.40729767659441757	0.9792608763449244	5224	12560	89
35	12826	0.4124434741930454	1.0021830656479027	5290	12854	89
36	12826	0.4180570715733666	1.0260408545142679	5362	13160	89
37	12826	0.42390456884453454	1.0484952440355528	5437	13448	89
38	12826	0.4282707001403399	1.0737564322469983	5493	13772	89
39	12826	0.4349758303446125	1.0985498206767503	5579	14090	89
40	12826	0.4393419616404179	1.1205364104163418	5635	14372	89
41	12826	0.44401995945735223	1.1394043349446437	5695	14614	89
42	12826	0.4480742242320287	1.162326524247622	5747	14908	89
43	12826	0.4518945891158584	1.1819741150787464	5796	15160	89
44	12826	0.45797598627787306	1.2055200374239825	5874	15462	89
45	12826	0.46093871822859817	1.2250116949945424	5912	15712	89
46	12826	0.46553874941525025	1.2501169499454234	5971	16034	89
47	12826	0.4695930141899267	1.2710120068610635	6023	16302	89
48	12826	0.47286761266178073	1.2911273974738813	6065	16560	89
49	12826	0.4773896772181506	1.3140495867768596	6123	16854	89
50	12826	0.48058630905972244	1.3336971776079838	6164	17106	89
51	12826	0.48378294090129426	1.3559956338687043	6205	17392	89
52	12826	0.4869795727428661	1.3778262903477312	6246	17672	89
53	12826	0.4912677374083892	1.3971620146577266	6301	17920	89
54	12826	0.49430843598939656	1.418836737876189	6340	18198	89
55	12826	0.4975050678309684	1.4397317947918291	6381	18466	89
56	12826	0.5003898331514112	1.4592234523623888	6418	18716	89
57	12826	0.5027288320598784	1.475908311242788	6448	18930	89
58	12826	0.5060034305317325	1.4939965694682675	6490	19162	89
59	12826	0.5086542959613286	1.5150475596444721	6524	19432	89
60	12826	0.5117729611726182	1.5332917511305162	6564	19666	89
61	12826	0.5141899267113675	1.5504444097926087	6595	19886	89
62	12826	0.5169187587712459	1.5683767347575237	6630	20116	89
63	12826	0.5194136909402776	1.5866209262435678	6662	20350	89
64	12826	0.522844222672696	1.603617651645096	6706	20568	89
65	12826	0.5249493216903165	1.6235771089973492	6733	20824	89
66	12826	0.5274442538593482	1.6407297676594417	6765	21044	89
67	12826	0.5305629190706378	1.6605332917511306	6805	21298	89
68	12826	0.533915484172774	1.6812724154062062	6848	21564	89
69	12826	0.5365663496023702	1.6973335412443473	6882	21770	89
70	12826	0.5392951816622485	1.714798066427569	6917	21994	89
71	12826	0.5411663807890223	1.72945579292063	6941	22182	89
72	12826	0.5440511461094651	1.7476999844066738	6978	22416	89
73	12826	0.5470138780601902	1.7639170435053797	7016	22624	89
74	12826	0.5506783096834554	1.7843443006393265	7063	22886	89
75	12826	0.5527054420707938	1.8000935599563388	7089	23088	89
76	12826	0.5556681740215188	1.8163106190550444	7127	23296	89
77	12826	0.5583190394511149	1.833151411196008	7161	23512	89
78	12826	0.5598004054264775	1.8498362700764073	7180	23726	89
79	12826	0.5619834710743802	1.8682363948230158	7208	23962	89
80	12826	0.5634648370497427	1.8850771869639795	7227	24178	89
81	12826	0.5655699360673632	1.9014501793232497	7254	24388	89
82	12826	0.5682208014969593	1.9187587712459067	7288	24610	89
83	12826	0.5702479338842975	1.9343520973023547	7314	24810	89
84	12826	0.5728208326836114	1.9480742242320286	7347	24986	89
85	12826	0.575939497894901	1.9660065491969436	7387	25216	89
86	12826	0.577888663651957	1.9819117417745205	7412	25420	89
87	12826	0.5799937626695775	2.0007796663028223	7439	25662	89
88	12826	0.5817090285357867	2.015593326056448	7461	25852	89
89	12826	0.5835022610322782	2.031966318415718	7484	26062	89
90	12826	0.5849836270076407	2.0455325120848276	7503	26236	89
91	12826	0.5864649929830033	2.0605021050990175	7522	26428	89
92	12826	0.5888039918914705	2.0773428972399812	7552	26644	89
93	12826	0.5897395914548573	2.0924684235147355	7564	26838	89
94	12826	0.5914548573210666	2.1079058163106192	7586	27036	89
95	12826	0.5930921565569937	2.124590675191018	7607	27250	89
96	12826	0.5946514891626384	2.139248401684079	7627	27438	89
97	12826	0.5958989552471542	2.154062061437705	7643	27628	89
98	12826	0.5967565881802589	2.168563854670201	7654	27814	89
99	12826	0.5985498206767503	2.1836893809449553	7677	28008	89
100	12826	0.6001091532823951	2.198503040698581	7697	28198	89
1	12826	0.025651021362856696	0.026508654295961328	329	340	90
2	12826	0.06330890378917824	0.06985810073288633	812	896	90
3	12826	0.08841415874005926	0.101044752845782	1134	1296	90
4	12826	0.10969904880711055	0.13410260408545144	1407	1720	90
5	12826	0.12950257289879932	0.16591298924060502	1661	2128	90
6	12826	0.153516295025729	0.20458443786059566	1969	2624	90
7	12826	0.1738655855293934	0.24497115234679556	2230	3142	90
8	12826	0.18836737876188991	0.27584593793856227	2416	3538	90
9	12826	0.20138780601902387	0.3068766567908935	2583	3936	90
10	12826	0.21612349914236706	0.33962264150943394	2772	4356	90
11	12826	0.2282862934663964	0.3711211601434586	2928	4760	90
12	12826	0.24348978637143304	0.4065180102915952	3123	5214	90
13	12826	0.2547949477623577	0.4391080617495712	3268	5632	90
14	12826	0.26703570871666926	0.46873538125682207	3425	6012	90
15	12826	0.2777951036956183	0.4989864338063309	3563	6400	90
16	12826	0.28691719943864025	0.5287696865741462	3680	6782	90
17	12826	0.2953375955091221	0.5538749415250273	3788	7104	90
18	12826	0.30414782473101515	0.5827225947294558	3901	7474	90
19	12826	0.31412755340714177	0.6107905816310619	4029	7834	90
20	12826	0.32200218306564793	0.6432246998284734	4130	8250	90
21	12826	0.32886324653048493	0.6695774208638703	4218	8588	90
22	12826	0.3367378761889911	0.6960860751598316	4319	8928	90
23	12826	0.34305317324185247	0.7210353968501482	4400	9248	90
24	12826	0.35014813659753624	0.7481677841883674	4491	9596	90
25	12826	0.3585685326680181	0.7777951036956183	4599	9976	90
26	12826	0.36464992983003275	0.8035240916887572	4677	10306	90
27	12826	0.37096522688289413	0.8295649462030251	4758	10640	90
28	12826	0.3760330578512397	0.854982067675035	4823	10966	90
29	12826	0.38351785435833463	0.8835178543583346	4919	11332	90
30	12826	0.3890534851083736	0.9087790425697801	4990	11656	90
31	12826	0.3952128489006705	0.9374707625136441	5069	12024	90
32	12826	0.40121627943240296	0.9617963511617028	5146	12336	90
33	12826	0.4058942772493373	0.9834710743801653	5206	12614	90
34	12826	0.4102604085451427	1.00592546390145	5262	12902	90
35	12826	0.41579603929518166	1.0313425853734601	5333	13228	90
36	12826	0.42055200374239826	1.0516139092468424	5394	13488	90
37	12826	0.4256198347107438	1.0732886324653048	5459	13766	90
38	12826	0.43060969904880714	1.097770154373928	5523	14080	90
39	12826	0.4347419304537658	1.1211601434585998	5576	14380	90
40	12826	0.4392639950101357	1.1456416653672228	5634	14694	90
41	12826	0.4447996257601746	1.16887572119133	5705	14992	90
42	12826	0.44877592390456883	1.1911741774520506	5756	15278	90
43	12826	0.4525183221581163	1.2126929674099485	5804	15554	90
44	12826	0.45750818649617964	1.2348354904101044	5868	15838	90
45	12826	0.46070481833775145	1.25557461406518	5909	16104	90
46	12826	0.4649929830032746	1.2800561359738032	5964	16418	90
47	12826	0.4686574146265398	1.3023545922345237	6011	16704	90
48	12826	0.4723998128800873	1.324964915016373	6059	16994	90
49	12826	0.4764540776547638	1.3486667706221738	6111	17298	90
50	12826	0.4791829097146421	1.3701855605800717	6146	17574	90
51	12826	0.48206767503508496	1.3918602837985343	6183	17852	90
52	12826	0.4854202401372213	1.411351941369094	6226	18102	90
53	12826	0.48916263839076873	1.4317791985030408	6274	18364	90
54	12826	0.4924372368626228	1.4520505223764228	6316	18624	90
55	12826	0.49493216903165443	1.4721659129892406	6348	18882	90
56	12826	0.49968813347887103	1.4943084359893966	6409	19166	90
57	12826	0.5038203648838298	1.5161390924684235	6462	19446	90
58	12826	0.5063152970528614	1.5382816154685794	6494	19730	90
59	12826	0.5088881958521753	1.5594885389053486	6527	20002	90
60	12826	0.5119288944331826	1.577264930609699	6566	20230	90
61	12826	0.5145797598627787	1.596132855138001	6600	20472	90
62	12826	0.5169187587712459	1.613441447060658	6630	20694	90
63	12826	0.5186340246374551	1.6321534383283955	6652	20934	90
64	12826	0.5206611570247934	1.6500857632933104	6678	21164	90
65	12826	0.5241696553874942	1.6705130204272571	6723	21426	90
66	12826	0.5262747544051146	1.6862622797442695	6750	21628	90
67	12826	0.5279900202713239	1.7024793388429753	6772	21836	90
68	12826	0.5313425853734601	1.7202557305473258	6815	22064	90
69	12826	0.533915484172774	1.7384999220333697	6848	22298	90
70	12826	0.5362544830812412	1.7559644472165914	6878	22522	90
71	12826	0.5390612817714019	1.7699984406673943	6914	22702	90
72	12826	0.5422579136129736	1.7869951660689225	6955	22920	90
73	12826	0.5449087790425697	1.8035240916887572	6989	23132	90
74	12826	0.5470918446904725	1.8200530173085918	7017	23344	90
75	12826	0.5495088102292219	1.8364260096678622	7048	23554	90
76	12826	0.5512240760954311	1.8524871355060035	7070	23760	90
77	12826	0.5530952752222049	1.8677685950413223	7094	23956	90
78	12826	0.5552003742398254	1.8880399189147046	7121	24216	90
79	12826	0.5571495399968813	1.906128177140184	7146	24448	90
80	12826	0.559644472165913	1.9242164353656634	7178	24680	90
81	12826	0.5612038047715577	1.936379229689693	7198	24836	90
82	12826	0.5638546702011539	1.953064088570092	7232	25050	90
83	12826	0.5657258693279277	1.9686574146265399	7256	25250	90
84	12826	0.5682987681272416	1.985654140028068	7289	25468	90
85	12826	0.5706377670357087	2.0018711991267737	7319	25676	90
86	12826	0.5728208326836114	2.0168407921409637	7347	25868	90
87	12826	0.5741462653984095	2.0339934508030564	7364	26088	90
88	12826	0.5760954311554655	2.0483393107749883	7389	26272	90
89	12826	0.577888663651957	2.0634648370497426	7412	26466	90
90	12826	0.579837829409013	2.0810852954935286	7437	26692	90
91	12826	0.5813191953843755	2.0962108217682833	7456	26886	90
92	12826	0.5829564946203025	2.112739747388118	7477	27098	90
93	12826	0.5848276937470762	2.127241540620614	7501	27284	90
94	12826	0.586387026352721	2.1406518010291595	7521	27456	90
95	12826	0.588024325588648	2.156089193825043	7542	27654	90
96	12826	0.5901294246062685	2.169499454233588	7569	27826	90
97	12826	0.5918446904724778	2.186808046156245	7591	28048	90
98	12826	0.5930921565569937	2.201153906128177	7607	28232	90
99	12826	0.5948074224232028	2.2165912989240604	7629	28430	90
100	12826	0.5969125214408233	2.2315608919382504	7656	28622	90
1	12826	0.025962887883985653	0.026820520817090285	333	344	91
2	12826	0.060112271947606426	0.06533603617651645	771	838	91
3	12826	0.0841259940745361	0.09574302198658974	1079	1228	91
4	12826	0.10533291751130516	0.1277093404023078	1351	1638	91
5	12826	0.1249025417121472	0.15936379229689693	1602	2044	91
6	12826	0.14681116482145642	0.19663184157180727	1883	2522	91
7	12826	0.16918758771245906	0.23795415562139405	2170	3052	91
8	12826	0.18727584593793856	0.27381880555122406	2402	3512	91
9	12826	0.20255730547325745	0.3048495244035553	2598	3910	91
10	12826	0.21487603305785125	0.3361921097770154	2756	4312	91
11	12826	0.2282862934663964	0.3700296273195072	2928	4746	91
12	12826	0.23888975518478092	0.39653828161546856	3064	5086	91
13	12826	0.250974582878528	0.43037579915796037	3219	5520	91
14	12826	0.26282551068142834	0.4623421175736785	3371	5930	91
15	12826	0.2728832059878372	0.4936847029471386	3500	6332	91
16	12826	0.2820053017308592	0.5230001559332605	3617	6708	91
17	12826	0.2905036644316233	0.5460782784968033	3726	7004	91
18	12826	0.2990799937626696	0.57102760018712	3836	7324	91
19	12826	0.30820208950569156	0.596132855138001	3953	7646	91
20	12826	0.317791985030407	0.628722906595977	4076	8064	91
21	12826	0.32527678153750195	0.6524247622017776	4172	8368	91
22	12826	0.3331514111960081	0.6778418836737876	4273	8694	91
23	12826	0.3397006081397162	0.7010759394978949	4357	8992	91
24	12826	0.34679557149539997	0.7274286605332918	4448	9330	91
25	12826	0.3542024013722127	0.7550288476532044	4543	9684	91
26	12826	0.3603617651645096	0.779666302822392	4622	10000	91
27	12826	0.36737876188991114	0.8046156245127085	4712	10320	91
28	12826	0.37268049274910336	0.8284734133790738	4780	10626	91
29	12826	0.37946358958365817	0.8570092000623734	4867	10992	91
30	12826	0.38593481989708406	0.8822703882738188	4950	11316	91
31	12826	0.39131451738655854	0.9104943084359894	5019	11678	91
32	12826	0.3959145485732107	0.9324808981755809	5078	11960	91
33	12826	0.40184001247466083	0.9582098861687198	5154	12290	91
34	12826	0.40721970996413537	0.982067675035085	5223	12596	91
35	12826	0.41283330734445656	1.0062373304225791	5295	12906	91
36	12826	0.4162638390768751	1.0279120536410415	5339	13184	91
37	12826	0.41914860439731794	1.0481833775144238	5376	13444	91
38	12826	0.4267893341649774	1.075315764852643	5474	13792	91
39	12826	0.43162326524247624	1.100732886324653	5536	14118	91
40	12826	0.436769062841104	1.1245906751910182	5602	14424	91
41	12826	0.44160299391860286	1.145329798846094	5664	14690	91
42	12826	0.4461250584749727	1.170123187275846	5722	15008	91
43	12826	0.4500233899890847	1.1902385778886637	5772	15266	91
44	12826	0.45399968813347885	1.2123811008888197	5823	15550	91
45	12826	0.45820988616871977	1.2342117573678466	5877	15830	91
46	12826	0.46132855138000933	1.2552627475440512	5917	16100	91
47	12826	0.4663963823483549	1.2774052705442072	5982	16384	91
48	12826	0.4695930141899267	1.2979884609387182	6023	16648	91
49	12826	0.47224387961952285	1.3179479182909715	6057	16904	91
50	12826	0.47559644472165913	1.3379073756432247	6100	17160	91
51	12826	0.4797286761266178	1.3612973647278965	6153	17460	91
52	12826	0.48339310774988303	1.3818805551224076	6200	17724	91
53	12826	0.48760330578512395	1.4030874785591767	6254	17996	91
54	12826	0.489240605021051	1.41852487135506	6275	18194	91
55	12826	0.49235927023234055	1.4398877280523936	6315	18468	91
56	12826	0.4960237018556058	1.4617183845314206	6362	18748	91
57	12826	0.4988305005457664	1.4799625760174646	6398	18982	91
58	12826	0.502261032278185	1.5021050990176203	6442	19266	91
59	12826	0.5046779978169343	1.5200374239825354	6473	19496	91
60	12826	0.507484796507095	1.5409324808981755	6509	19764	91
61	12826	0.5099017620458444	1.5583970060813972	6540	19988	91
62	12826	0.512708560736005	1.578200530173086	6576	20242	91
63	12826	0.5151255262747544	1.5941057227506628	6607	20446	91
64	12826	0.5171526586620926	1.6131295805395292	6633	20690	91
65	12826	0.5200374239825355	1.6363636363636365	6670	20988	91
66	12826	0.5222984562607204	1.6519569624200843	6699	21188	91
67	12826	0.5250272883205988	1.6691096210821768	6734	21408	91
68	12826	0.5272103539685015	1.6873538125682208	6762	21642	91
69	12826	0.5293934196164042	1.70403867144862	6790	21856	91
70	12826	0.5320442850460003	1.7197879307656323	6824	22058	91
71	12826	0.5343832839544674	1.73538125682208	6854	22258	91
72	12826	0.5369561827537814	1.7522220489630438	6887	22474	91
73	12826	0.5392951816622485	1.7699984406673943	6917	22702	91
74	12826	0.5413223140495868	1.7855917667238421	6943	22902	91
75	12826	0.5445969125214408	1.8033681584281926	6985	23130	91
76	12826	0.5474037112116015	1.8195852175268985	7021	23338	91
77	12826	0.5489630438172463	1.8365819429284267	7041	23556	91
78	12826	0.5509901762045845	1.8535786683299549	7067	23774	91
79	12826	0.5535630750038983	1.8730703259005146	7100	24024	91
80	12826	0.5548885077186964	1.8895992515203492	7117	24236	91
81	12826	0.5577732730391393	1.905816310619055	7154	24444	91
82	12826	0.5603461718384531	1.921721503196632	7187	24648	91
83	12826	0.5618275378138157	1.936379229689693	7206	24836	91
84	12826	0.5644004366131296	1.9529081553095275	7239	25048	91
85	12826	0.5664275690004678	1.9686574146265399	7265	25250	91
86	12826	0.5679869016061125	1.9854982067675035	7285	25466	91
87	12826	0.570403867144862	2.0034305317324184	7316	25696	91
88	12826	0.5718072664899423	2.0196475908311244	7334	25904	91
89	12826	0.5743801652892562	2.0377358490566038	7367	26136	91
90	12826	0.5755496647434898	2.053796974894745	7382	26342	91
91	12826	0.577576797130828	2.0697021674723217	7408	26546	91
92	12826	0.5801496959301419	2.085763293310463	7441	26752	91
93	12826	0.5823327615780446	2.1019803524091687	7469	26960	91
94	12826	0.5845158272259473	2.118353344768439	7497	27170	91
95	12826	0.5867768595041323	2.1353500701699675	7526	27388	91
96	12826	0.5882582254794948	2.1498518634024637	7545	27574	91
97	12826	0.5909090909090909	2.1657570559800408	7579	27778	91
98	12826	0.5929362232964291	2.179635116170279	7605	27956	91
99	12826	0.5948074224232028	2.194916575705598	7629	28152	91
100	12826	0.5962887883985654	2.207703103071885	7648	28316	91
1	12826	0.02853578668329955	0.029159519725557463	366	374	92
2	12826	0.06120380477155778	0.06564790269764541	785	842	92
3	12826	0.08482769374707626	0.09589895524715422	1088	1230	92
4	12826	0.10759394978949009	0.12958053952908155	1380	1662	92
5	12826	0.12841104007484797	0.162326524247622	1647	2082	92
6	12826	0.15000779666302821	0.19912677374083892	1924	2554	92
7	12826	0.1710587868392328	0.23935755496647435	2194	3070	92
8	12826	0.18766567908934975	0.2730391392484017	2407	3502	92
9	12826	0.20333697177607984	0.3056291907063777	2608	3920	92
10	12826	0.21752689848744738	0.3363480430375799	2790	4314	92
11	12826	0.22906595976921879	0.368002494932169	2938	4720	92
12	12826	0.23990332137845002	0.3956026820520817	3077	5074	92
13	12826	0.25003898331514113	0.425697801341026	3207	5460	92
14	12826	0.2629034773117106	0.4598471854046468	3372	5898	92
15	12826	0.2740527054420708	0.4918135038203649	3515	6308	92
16	12826	0.28364260096678623	0.5220645563698737	3638	6696	92
17	12826	0.2922189302978325	0.5460782784968033	3748	7004	92
18	12826	0.30165289256198347	0.5735225323561516	3869	7356	92
19	12826	0.30843598939653827	0.5981599875253392	3956	7672	92
20	12826	0.31693435209730236	0.6285669733354124	4065	8062	92
21	12826	0.3263683143614533	0.657102760018712	4186	8428	92
22	12826	0.33408701075939495	0.685482613441447	4285	8792	92
23	12826	0.3397006081397162	0.7080929362232964	4357	9082	92
24	12826	0.34508030562919073	0.733042257913613	4426	9402	92
25	12826	0.35155153594261657	0.7600187119912677	4509	9748	92
26	12826	0.3573990332137845	0.7840324341181975	4584	10056	92
27	12826	0.36441602993918604	0.8069546234211757	4674	10350	92
28	12826	0.37143302666458755	0.8342429440199595	4764	10700	92
29	12826	0.3788398565414003	0.8607515983159207	4859	11040	92
30	12826	0.38375175424918134	0.8816466552315609	4922	11308	92
31	12826	0.3890534851083736	0.9056603773584906	4990	11616	92
32	12826	0.3941992827070014	0.931857165133323	5056	11952	92
33	12826	0.398955247154218	0.9547793544363012	5117	12246	92
34	12826	0.4039451114922813	0.9780134102604086	5181	12544	92
35	12826	0.40799937626695776	1.0031186652112896	5233	12866	92
36	12826	0.4131451738655855	1.0271323873382192	5299	13174	92
37	12826	0.4167316388585685	1.0461562451270856	5345	13418	92
38	12826	0.420785903633245	1.0717292998596601	5397	13746	92
39	12826	0.4272571339466708	1.0991735537190082	5480	14098	92
40	12826	0.4321690316544519	1.1245906751910182	5543	14424	92
41	12826	0.43661312958053955	1.1481365975362545	5600	14726	92
42	12826	0.4394978949009824	1.1684079214096368	5637	14986	92
43	12826	0.4437860595665055	1.1896148448464057	5692	15258	92
44	12826	0.4495555902073912	1.2145641665367224	5766	15578	92
45	12826	0.45446748791517233	1.2354592234523625	5829	15846	92
46	12826	0.45774208638702635	1.256198347107438	5871	16112	92
47	12826	0.4625760174645252	1.2766256042413846	5933	16374	92
48	12826	0.46702011539061283	1.2975206611570247	5990	16642	92
49	12826	0.47200997972867614	1.3204428504600032	6054	16936	92
50	12826	0.4749727116794012	1.3413379073756433	6092	17204	92
51	12826	0.47731171058786837	1.3631685638546702	6122	17484	92
52	12826	0.48097614221113366	1.3828161546857944	6169	17736	92
53	12826	0.48635583970060814	1.404490877904257	6238	18014	92
54	12826	0.48908467176048653	1.4222672696086076	6273	18242	92
55	12826	0.49251520349290506	1.4426945267425542	6317	18504	92
56	12826	0.4967254015281459	1.465460782784968	6371	18796	92
57	12826	0.4996101668485888	1.4871355060034306	6408	19074	92
58	12826	0.5043661312958054	1.513020427257134	6469	19406	92
59	12826	0.5081864961796351	1.5323561515671293	6518	19654	92
60	12826	0.5111492281303602	1.5524715421799469	6556	19912	92
61	12826	0.5135661936691096	1.570092000623733	6587	20138	92
62	12826	0.5169187587712459	1.5884921253703415	6630	20374	92
63	12826	0.5190238577888664	1.6067363168563855	6657	20608	92
64	12826	0.5205052237642289	1.6226415094339623	6676	20812	92
65	12826	0.5242476220177764	1.6432246998284734	6724	21076	92
66	12826	0.5275222204896305	1.6617807578356463	6766	21314	92
67	12826	0.5294713862466864	1.67862154997661	6791	21530	92
68	12826	0.5318883517854358	1.6982691408077344	6822	21782	92
69	12826	0.534851083736161	1.7168251988149072	6860	22020	92
70	12826	0.5377358490566038	1.733977857477	6897	22240	92
71	12826	0.5405426477467644	1.7495711835334478	6933	22440	92
72	12826	0.5434274130672072	1.7665679089349757	6970	22658	92
73	12826	0.5453765788242633	1.783876500857633	6995	22880	92
74	12826	0.5467799781693435	1.7986901606112584	7013	23070	92
75	12826	0.5496647434897863	1.8147512864493998	7050	23276	92
76	12826	0.552471542179947	1.8342429440199595	7086	23526	92
77	12826	0.554108841415874	1.8499922033369718	7107	23728	92
78	12826	0.556369873694059	1.8682363948230158	7136	23962	92
79	12826	0.5587088726025261	1.884297520661157	7166	24168	92
80	12826	0.5608919382504288	1.9031654451894588	7194	24410	92
81	12826	0.5626072041166381	1.917511305161391	7216	24594	92
82	12826	0.5638546702011539	1.9313893653516294	7232	24772	92
83	12826	0.5665835022610323	1.946826758147513	7267	24970	92
84	12826	0.5679869016061125	1.962887883985654	7285	25176	92
85	12826	0.5708716669265554	1.9797286761266177	7322	25392	92
86	12826	0.5728987993138936	1.99547793544363	7348	25594	92
87	12826	0.5749259317012319	2.0127865273662873	7374	25816	92
88	12826	0.5776547637611102	2.026508654295961	7409	25992	92
89	12826	0.5796039295181662	2.0425697801341025	7434	26198	92
90	12826	0.5819429284266334	2.060969904880711	7464	26434	92
91	12826	0.5832683611414314	2.0776547637611102	7481	26648	92
92	12826	0.5849836270076407	2.091844690472478	7503	26830	92
93	12826	0.587322625916108	2.106814283486668	7533	27022	92
94	12826	0.5882582254794948	2.1200686106346485	7545	27192	92
95	12826	0.5896616248245751	2.1355060034305318	7563	27390	92
96	12826	0.5912209574302199	2.1500077966630284	7583	27576	92
97	12826	0.5937938562295337	2.1674723218462497	7616	27800	92
98	12826	0.5958989552471542	2.1830656479026977	7643	28000	92
99	12826	0.5973803212225167	2.198503040698581	7662	28198	92
100	12826	0.5986277873070326	2.212848900670513	7678	28382	92
1	12826	0.02471542179946983	0.024949321690316544	317	320	93
2	12826	0.06096990488071106	0.0642445033525651	782	824	93
3	12826	0.08389209418368938	0.09324808981755808	1076	1196	93
4	12826	0.1083736160923125	0.1269296740994854	1390	1628	93
5	12826	0.1274754405114611	0.15718072664899424	1635	2016	93
6	12826	0.14798066427569	0.19460470918446904	1898	2496	93
7	12826	0.1684858880399189	0.23436769062841104	2161	3006	93
8	12826	0.18634024637455168	0.27132387338219244	2390	3480	93
9	12826	0.20123187275845938	0.3045376578824263	2581	3906	93
10	12826	0.21588959925152035	0.33837517542491813	2769	4340	93
11	12826	0.22781849368470294	0.3687821612349914	2922	4730	93
12	12826	0.24091688757211913	0.39887728052393573	3090	5116	93
13	12826	0.2513644160299392	0.43006393263683146	3224	5516	93
14	12826	0.26422891002650867	0.46452518322158115	3389	5958	93
15	12826	0.2742086387026353	0.4952440355527834	3517	6352	93
16	12826	0.28372056759706843	0.5250272883205988	3639	6734	93
17	12826	0.2947918290971464	0.5521596756588181	3781	7082	93
18	12826	0.3025105254950881	0.5769530640885701	3880	7400	93
19	12826	0.30944955559020737	0.6009667862154998	3969	7708	93
20	12826	0.31755808513956024	0.6301263059410572	4073	8082	93
21	12826	0.3253547481677842	0.6561671604553251	4173	8416	93
22	12826	0.3329175113051614	0.6826758147512865	4270	8756	93
23	12826	0.33938874161858723	0.7045064712303134	4353	9036	93
24	12826	0.3449243723686262	0.7286761266178076	4424	9346	93
25	12826	0.3506939030095119	0.7531576485264306	4498	9660	93
26	12826	0.3574769998440667	0.7779510369561827	4585	9978	93
27	12826	0.3622329642912833	0.801808825822548	4646	10284	93
28	12826	0.3697177607983783	0.8284734133790738	4742	10626	93
29	12826	0.3770466240449088	0.8548261344144706	4836	10964	93
30	12826	0.3830500545766412	0.8763449243723687	4913	11240	93
31	12826	0.3871043193513176	0.8959925152034929	4965	11492	93
32	12826	0.3921721503196632	0.9192265710276002	5030	11790	93
33	12826	0.39723998128800875	0.9396538281615469	5095	12052	93
34	12826	0.402541712147201	0.9617963511617028	5163	12336	93
35	12826	0.40807734289723996	0.9865897395914549	5234	12654	93
36	12826	0.4132231404958678	1.0096678621549977	5300	12950	93
37	12826	0.41813503820364883	1.0299391860283797	5363	13210	93
38	12826	0.42351473569312337	1.0548885077186965	5432	13530	93
39	12826	0.42834866677062217	1.0792140963667551	5494	13842	93
40	12826	0.4321690316544519	1.101980352409169	5543	14134	93
41	12826	0.43723686262279743	1.1263059410572276	5608	14446	93
42	12826	0.44082332761578047	1.1487603305785123	5654	14734	93
43	12826	0.4461250584749727	1.1733977857477	5722	15050	93
44	12826	0.4496335568376735	1.1947606424450334	5767	15324	93
45	12826	0.453064088570092	1.213472633712771	5811	15564	93
46	12826	0.45774208638702635	1.2373304225791362	5871	15870	93
47	12826	0.4601590519257758	1.2576017464525184	5902	16130	93
48	12826	0.46444721659129895	1.2802120692343677	5957	16420	93
49	12826	0.4681116482145642	1.3020427257133946	6004	16700	93
50	12826	0.4719320130983939	1.322314049586777	6053	16960	93
51	12826	0.4753625448308124	1.3453921721503197	6097	17256	93
52	12826	0.47824731015125527	1.366755028847653	6134	17530	93
53	12826	0.4808981755808514	1.386246686418213	6168	17780	93
54	12826	0.48339310774988303	1.4032434118197412	6200	17998	93
55	12826	0.485654140028068	1.4222672696086076	6229	18242	93
56	12826	0.4884609387182286	1.4440979260876345	6265	18522	93
57	12826	0.49157960392951816	1.4642133167004523	6305	18780	93
58	12826	0.49508810229221895	1.4846405738343988	6350	19042	93
59	12826	0.4974271012006861	1.5008576329331047	6380	19250	93
60	12826	0.5010915328239514	1.5215967565881803	6427	19516	93
61	12826	0.5042101980352409	1.5393731482925308	6467	19744	93
62	12826	0.5063932636831436	1.5562139404334945	6495	19960	93
63	12826	0.509122095743022	1.5744581319195385	6530	20194	93
64	12826	0.5119288944331826	1.59192265710276	6566	20418	93
65	12826	0.5148136597536255	1.6117261811944488	6603	20672	93
66	12826	0.5177763917043505	1.628099173553719	6641	20882	93
67	12826	0.5208170902853578	1.6464992983003275	6680	21118	93
68	12826	0.5242476220177764	1.6647434897863713	6724	21352	93
69	12826	0.5264306876656791	1.6837673475752377	6752	21596	93
70	12826	0.5290815530952753	1.699828473413379	6786	21802	93
71	12826	0.5314985186340246	1.7143302666458755	6817	21988	93
72	12826	0.5337595509122096	1.7296117261811945	6846	22184	93
73	12826	0.5368782161234992	1.7448931857165133	6886	22380	93
74	12826	0.5389053485108374	1.7611102448152192	6912	22588	93
75	12826	0.5417121472009979	1.7774832371744893	6948	22798	93
76	12826	0.543661312958054	1.7908934975830344	6973	22970	93
77	12826	0.5462342117573679	1.808046156245127	7006	23190	93
78	12826	0.5474037112116015	1.8242632153438327	7021	23398	93
79	12826	0.5492749103383752	1.841883673787619	7045	23624	93
80	12826	0.5506003430531733	1.8585685326680181	7062	23838	93
81	12826	0.5529393419616404	1.8730703259005146	7092	24024	93
82	12826	0.5542647746764385	1.88788398565414	7109	24214	93
83	12826	0.5565258069546234	1.906751910182442	7138	24456	93
84	12826	0.5585529393419616	1.924060502105099	7164	24678	93
85	12826	0.5608139716201466	1.9405894277249338	7193	24890	93
86	12826	0.5626072041166381	1.9555590207391236	7216	25082	93
87	12826	0.5642445033525652	1.9722438796195227	7237	25296	93
88	12826	0.5666614688913145	1.9884609387182286	7268	25504	93
89	12826	0.5686106346483705	2.005457664119757	7293	25722	93
90	12826	0.570403867144862	2.018867924528302	7316	25894	93
91	12826	0.5732886324653048	2.0368002494932167	7353	26124	93
92	12826	0.5750038983315141	2.0527054420707938	7375	26328	93
93	12826	0.5764852643068766	2.0676750350849837	7394	26520	93
94	12826	0.5782784968033682	2.0849836270076407	7417	26742	93
95	12826	0.5800717292998596	2.0991735537190084	7440	26924	93
96	12826	0.5821768283174801	2.1149228130360207	7467	27126	93
97	12826	0.5842819273351005	2.1317636051769844	7494	27342	93
98	12826	0.5865429596132855	2.1467331981911744	7523	27534	93
99	12826	0.588648058630906	2.162014657726493	7550	27730	93
100	12826	0.5907531576485264	2.1762045844378606	7577	27912	93
1	12826	0.0292374863558397	0.029939186028379854	375	384	94
2	12826	0.06580383595820989	0.07204116638078903	844	924	94
3	12826	0.09051925775767972	0.1032278184936847	1161	1324	94
4	12826	0.11453297988460939	0.14018400124746608	1469	1798	94
5	12826	0.13550600343053174	0.17230625292374863	1738	2210	94
6	12826	0.15881802588492125	0.21050990176204584	2037	2700	94
7	12826	0.1833775144238266	0.2546390145017932	2352	3266	94
8	12826	0.20193357243099952	0.29065959769218774	2590	3728	94
9	12826	0.2169811320754717	0.32371744893185717	2783	4152	94
10	12826	0.22898799313893653	0.35256510213628567	2937	4522	94
11	12826	0.240215187899579	0.3835958209886169	3081	4920	94
12	12826	0.25175424918135036	0.4164977389677218	3229	5342	94
13	12826	0.26422891002650867	0.45236238889755187	3389	5802	94
14	12826	0.27576797130828007	0.4854202401372213	3537	6226	94
15	12826	0.2849680336815843	0.5134882270388273	3655	6586	94
16	12826	0.2929985966006549	0.5426477467643849	3758	6960	94
17	12826	0.30102915951972553	0.5672852019335725	3861	7276	94
18	12826	0.31038515515359427	0.5972243879619523	3981	7660	94
19	12826	0.3170123187275846	0.6198347107438017	4066	7950	94
20	12826	0.32574458131919537	0.6510213628566973	4178	8350	94
21	12826	0.3316700452206456	0.674723218462498	4254	8654	94
22	12826	0.3419616404179011	0.7026352721035397	4386	9012	94
23	12826	0.3477311710587868	0.7280523935755496	4460	9338	94
24	12826	0.3548261344144706	0.754561047871511	4551	9678	94
25	12826	0.36082956494620305	0.7804459691252144	4628	10010	94
26	12826	0.36691096210821766	0.8049274910338375	4706	10324	94
27	12826	0.37197879307656323	0.8292530796818961	4771	10636	94
28	12826	0.37774832371744893	0.8566973335412443	4845	10988	94
29	12826	0.3832839544674879	0.8811788554498674	4916	11302	94
30	12826	0.3883517854358335	0.9044129112739747	4981	11600	94
31	12826	0.3929518166224856	0.9309215655699361	5040	11940	94
32	12826	0.39903321378450024	0.9557149539996881	5118	12258	94
33	12826	0.4033213784500234	0.9794168096054888	5173	12562	94
34	12826	0.4066739435521597	1.0023389989084672	5216	12856	94
35	12826	0.41197567441135197	1.0276001871199127	5284	13180	94
36	12826	0.4162638390768751	1.0522376422891002	5339	13496	94
37	12826	0.42016217059098704	1.0715733665990956	5389	13744	94
38	12826	0.42359270232340557	1.0960548885077186	5433	14058	94
39	12826	0.4289723998128801	1.1224076095431155	5502	14396	94
40	12826	0.4329486979572743	1.145329798846094	5553	14690	94
41	12826	0.43739279588336194	1.1665367222828629	5610	14962	94
42	12826	0.4410572275066272	1.191330110712615	5657	15280	94
43	12826	0.44565725869327927	1.2111336348043038	5716	15534	94
44	12826	0.4490877904256978	1.2331202245438952	5760	15816	94
45	12826	0.45368782161234994	1.2577576797130827	5819	16132	94
46	12826	0.4572742866053329	1.281615468579448	5865	16438	94
47	12826	0.4615624512708561	1.3075003898331514	5920	16770	94
48	12826	0.4653828161546858	1.3290191797910493	5969	17046	94
49	12826	0.4695930141899267	1.3517854358334633	6023	17338	94
50	12826	0.4746608451582723	1.372836426009668	6088	17608	94
51	12826	0.4784032434118197	1.3943552159675658	6136	17884	94
52	12826	0.48082020895056915	1.411663807890223	6167	18106	94
53	12826	0.4840948074224232	1.4306876656790894	6209	18350	94
54	12826	0.48674567285201936	1.450803056291907	6243	18608	94
55	12826	0.490877904256978	1.472009979728676	6296	18880	94
56	12826	0.4939965694682676	1.4947762357710899	6336	19172	94
57	12826	0.4967254015281459	1.515983159207859	6371	19444	94
58	12826	0.49937626695774207	1.5360985498206767	6405	19702	94
59	12826	0.5024169655387494	1.55605800717293	6444	19958	94
60	12826	0.505847497271168	1.5783564634336504	6488	20244	94
61	12826	0.5075627631373772	1.596132855138001	6510	20472	94
62	12826	0.5109932948697957	1.6164041790113832	6554	20732	94
63	12826	0.5123187275845938	1.6310619055044442	6571	20920	94
64	12826	0.5157492593170123	1.6510213628566974	6615	21176	94
65	12826	0.517932324964915	1.6706689536878216	6643	21428	94
66	12826	0.5208170902853578	1.686106346483705	6680	21626	94
67	12826	0.5233120224543896	1.7045064712303135	6712	21862	94
68	12826	0.5252611882114455	1.7210353968501482	6737	22074	94
69	12826	0.5283018867924528	1.739279588336192	6776	22308	94
70	12826	0.5316544518945892	1.757523779822236	6819	22542	94
71	12826	0.5343053173241853	1.772181506315297	6853	22730	94
72	12826	0.5365663496023702	1.7891782317168252	6882	22948	94
73	12826	0.537813815686886	1.8046156245127085	6898	23146	94
74	12826	0.5396850148136597	1.8220801496959302	6922	23370	94
75	12826	0.5426477467643849	1.8367378761889912	6960	23558	94
76	12826	0.5443630126305941	1.8512396694214877	6982	23744	94
77	12826	0.546935911429908	1.8691719943864027	7015	23974	94
78	12826	0.5490410104475285	1.888195852175269	7042	24218	94
79	12826	0.5513020427257134	1.9047247777951037	7071	24430	94
80	12826	0.5544207079370029	1.9225011694994543	7111	24658	94
81	12826	0.5564478403243411	1.937782629034773	7137	24854	94
82	12826	0.5600343053173242	1.9544674879151722	7183	25068	94
83	12826	0.5622953375955091	1.970684547013878	7212	25276	94
84	12826	0.5649462030251052	1.9872134726337127	7246	25488	94
85	12826	0.5667394355215968	2.0063932636831434	7269	25734	94
86	12826	0.5680648682363948	2.024793388429752	7286	25970	94
87	12826	0.570092000623733	2.042101980352409	7312	26192	94
88	12826	0.572353032901918	2.0550444409792608	7341	26358	94
89	12826	0.5743801652892562	2.0698581007328865	7367	26548	94
90	12826	0.5764852643068766	2.083424294401996	7394	26722	94
91	12826	0.5777327303913925	2.09714642133167	7410	26898	94
92	12826	0.5794479962576018	2.1138312802120693	7432	27112	94
93	12826	0.5813191953843755	2.129112739747388	7456	27308	94
94	12826	0.5835022610322782	2.1451738655855292	7484	27514	94
95	12826	0.5852175268984875	2.1588959925152036	7506	27690	94
96	12826	0.58669889287385	2.1735537190082646	7525	27878	94
97	12826	0.588024325588648	2.1878995789801965	7542	28062	94
98	12826	0.5895056915640106	2.1999064400436614	7561	28216	94
99	12826	0.592234523623889	2.2181506315297055	7596	28450	94
100	12826	0.5944175892717917	2.234367690628411	7624	28658	94
1	12826	0.023000155933260564	0.02354592234523624	295	302	95
2	12826	0.05675970684547014	0.0606580383595821	728	778	95
3	12826	0.08069546234211758	0.08966162482457508	1035	1150	95
4	12826	0.1036176516450959	0.12116014345859973	1329	1554	95
5	12826	0.1234991423670669	0.15125526274754406	1584	1940	95
6	12826	0.14626539840948075	0.19008264462809918	1876	2438	95
7	12826	0.16973335412443474	0.23218462498050835	2177	2978	95
8	12826	0.18587244659285826	0.2663340090441291	2384	3416	95
9	12826	0.19975050678309683	0.2967409948542024	2562	3806	95
10	12826	0.21526586620926244	0.332137845002339	2761	4260	95
11	12826	0.22766256042413846	0.36082956494620305	2920	4628	95
12	12826	0.24068298768127241	0.3929518166224856	3087	5040	95
13	12826	0.25276781537501947	0.425697801341026	3242	5460	95
14	12826	0.26383907687509744	0.46031498518634023	3384	5904	95
15	12826	0.27537813815686885	0.4910338375175425	3532	6298	95
16	12826	0.28309683455481055	0.519881490721971	3631	6668	95
17	12826	0.29214096366755027	0.544986745672852	3747	6990	95
18	12826	0.3003274598471854	0.5716513332293778	3852	7332	95
19	12826	0.308669889287385	0.5984718540464681	3959	7676	95
20	12826	0.31646655231560894	0.6279432402931545	4059	8054	95
21	12826	0.3239513488227039	0.6542959613285514	4155	8392	95
22	12826	0.3317480118509278	0.6803368158428192	4255	8726	95
23	12826	0.3377514423826602	0.703414938406362	4332	9022	95
24	12826	0.3432870731326992	0.7277405270544207	4403	9334	95
25	12826	0.35092780290035863	0.7554966474348979	4501	9690	95
26	12826	0.35732106658350227	0.7799781693435209	4583	10004	95
27	12826	0.3625448308124123	0.8033681584281928	4650	10304	95
28	12826	0.36823639482301573	0.829876812724154	4723	10644	95
29	12826	0.3758771245906752	0.8560736004989864	4821	10980	95
30	12826	0.3806330890378918	0.8794635895836582	4882	11280	95
31	12826	0.38718228598159987	0.9058163106190551	4966	11618	95
32	12826	0.3911585841259941	0.9281147668797755	5017	11904	95
33	12826	0.39700608139716204	0.9513488227038828	5092	12202	95
34	12826	0.40324341181974116	0.9742710120068611	5172	12496	95
35	12826	0.40729767659441757	0.9953220021830657	5224	12766	95
36	12826	0.41181974115078746	1.017620458443786	5282	13052	95
37	12826	0.4162638390768751	1.038515515359426	5339	13320	95
38	12826	0.4214876033057851	1.063620770310307	5406	13642	95
39	12826	0.4262435677530017	1.086387026352721	5467	13934	95
40	12826	0.43131139872134727	1.111804147824731	5532	14260	95
41	12826	0.43489786371433026	1.1320754716981132	5578	14520	95
42	12826	0.43965382816154686	1.1565569936067364	5639	14834	95
43	12826	0.4440979260876345	1.1774520505223764	5696	15102	95
44	12826	0.4477623577108997	1.2000623733042257	5743	15392	95
45	12826	0.4515827225947295	1.2193980976142211	5792	15640	95
46	12826	0.45618275378138157	1.245438952128489	5851	15974	95
47	12826	0.4610946514891626	1.2691408077342898	5914	16278	95
48	12826	0.4659285825666615	1.2925307968189614	5976	16578	95
49	12826	0.46943708092936226	1.3143614532979884	6021	16858	95
50	12826	0.47224387961952285	1.3326056447840324	6057	17092	95
51	12826	0.4769218774364572	1.3555278340870107	6117	17386	95
52	12826	0.4796507094963356	1.375487291439264	6152	17642	95
53	12826	0.4832371744893186	1.3959145485732107	6198	17904	95
54	12826	0.48557617339778575	1.4136909402775613	6228	18132	95
55	12826	0.49017620458443784	1.436145329798846	6287	18420	95
56	12826	0.4926711367534695	1.455636987369406	6319	18670	95
57	12826	0.49610166848588805	1.4771557773273039	6363	18946	95
58	12826	0.4987525339154842	1.4949321690316544	6397	19174	95
59	12826	0.5023389989084672	1.5144238266022143	6443	19424	95
60	12826	0.5054576641197568	1.5357866832995477	6483	19698	95
61	12826	0.5086542959613286	1.555746140651801	6524	19954	95
62	12826	0.5108373616092312	1.5767971308280055	6552	20224	95
63	12826	0.5139560268205208	1.594573522532356	6592	20452	95
64	12826	0.5178543583346328	1.6123499142367066	6642	20680	95
65	12826	0.5212848900670513	1.6327771713706534	6686	20942	95
66	12826	0.5247154217994698	1.6514891626383907	6730	21182	95
67	12826	0.5269764540776548	1.66817402151879	6759	21396	95
68	12826	0.5308747855917667	1.6865741462653985	6809	21632	95
69	12826	0.5338375175424919	1.7049742710120068	6847	21868	95
70	12826	0.5367222828629347	1.7235303290191797	6884	22106	95
71	12826	0.5382036488382972	1.73538125682208	6903	22258	95
72	12826	0.539762981443942	1.7536254483081242	6923	22492	95
73	12826	0.5424138468735381	1.7685950413223142	6957	22684	95
74	12826	0.5461562451270856	1.7879307656323093	7005	22932	95
75	12826	0.5486511772961172	1.8039918914704507	7037	23138	95
76	12826	0.5509901762045845	1.819741150787463	7067	23340	95
77	12826	0.5534071417433338	1.8350226103227818	7098	23536	95
78	12826	0.5555122407609543	1.8507718696397941	7125	23738	95
79	12826	0.5585529393419616	1.8697957274286605	7164	23982	95
80	12826	0.5614377046624045	1.8886636519569624	7201	24224	95
81	12826	0.5633089037891782	1.9042569780134102	7225	24424	95
82	12826	0.5647123031342586	1.919850304069858	7243	24624	95
83	12826	0.56650553563075	1.9337283642600966	7266	24802	95
84	12826	0.5688445345392172	1.9488538905348511	7296	24996	95
85	12826	0.5707937002962732	1.9613285513800094	7321	25156	95
86	12826	0.5730547325744582	1.97910494308436	7350	25384	95
87	12826	0.5755496647434898	2.0004677997816933	7382	25658	95
88	12826	0.5774208638702635	2.014033993450803	7406	25832	95
89	12826	0.5793700296273195	2.0313425853734604	7431	26054	95
90	12826	0.5808513956026821	2.04490877904257	7450	26228	95
91	12826	0.5825666614688914	2.059566505535631	7472	26416	95
92	12826	0.5852954935287696	2.0721970996413535	7507	26578	95
93	12826	0.5874785591766724	2.090597224387962	7535	26814	95
94	12826	0.5892717916731639	2.1047871510993295	7558	26996	95
95	12826	0.5907531576485264	2.117729611726181	7577	27162	95
96	12826	0.592546390145018	2.1331670045220648	7600	27360	95
97	12826	0.5934040230781226	2.1475128644939967	7611	27544	95
98	12826	0.5951972555746141	2.1610790581631063	7634	27718	95
99	12826	0.5966006549196944	2.174021518789958	7652	27884	95
100	12826	0.5979260876344924	2.189147045064712	7669	28078	95
1	12826	0.026898487447372523	0.02760018711991268	345	354	96
2	12826	0.0638546702011539	0.06907843443006394	819	886	96
3	12826	0.08942772493372836	0.10073288632465305	1147	1292	96
4	12826	0.1115702479338843	0.1334788710431935	1431	1712	96
5	12826	0.13355683767347576	0.1660689225011695	1713	2130	96
6	12826	0.1567129268673008	0.20536410416341805	2010	2634	96
7	12826	0.17768595041322313	0.24512708560736005	2279	3144	96
8	12826	0.19476064244503352	0.2784968033681584	2498	3572	96
9	12826	0.20918446904724777	0.3128021206923437	2683	4012	96
10	12826	0.223920162170591	0.34632777171370654	2872	4442	96
11	12826	0.2354592234523624	0.3753313581786995	3020	4814	96
12	12826	0.2503508498362701	0.41041634180570713	3211	5264	96
13	12826	0.2606424450335256	0.44191486043973177	3343	5668	96
14	12826	0.2727272727272727	0.47684391080617494	3498	6116	96
15	12826	0.28372056759706843	0.5072508966162482	3639	6506	96
16	12826	0.2913612973647279	0.5346951504755965	3737	6858	96
17	12826	0.301808825822548	0.5618275378138157	3871	7206	96
18	12826	0.3100732886324653	0.5874005925463901	3977	7534	96
19	12826	0.3178699516606892	0.6125058474972712	4077	7856	96
20	12826	0.326914080773429	0.642445033525651	4193	8240	96
21	12826	0.3339310774988305	0.6680180882582255	4283	8568	96
22	12826	0.34063620770310304	0.693279276469671	4369	8892	96
23	12826	0.34578200530173087	0.7166692655543427	4435	9192	96
24	12826	0.3524871355060034	0.7456728520193358	4521	9564	96
25	12826	0.3594261656011227	0.7712459067519102	4610	9892	96
26	12826	0.366365195696242	0.7966630282239202	4699	10218	96
27	12826	0.3708872602526119	0.8186496179635117	4757	10500	96
28	12826	0.3768906907843443	0.844846405738344	4834	10836	96
29	12826	0.3816466552315609	0.8668329954779355	4895	11118	96
30	12826	0.3848432870731327	0.8888195852175269	4936	11400	96
31	12826	0.39154841727740525	0.9176672384219554	5022	11770	96
32	12826	0.39653828161546856	0.9405894277249337	5086	12064	96
33	12826	0.4023857788866365	0.9661624824575081	5161	12392	96
34	12826	0.40729767659441757	0.989240605021051	5224	12688	96
35	12826	0.4112739747388118	1.0123187275845937	5275	12984	96
36	12826	0.41657570559800405	1.0341493840636207	5343	13264	96
37	12826	0.42133167004522065	1.0545766411975674	5404	13526	96
38	12826	0.42593170123187274	1.0789022298456261	5463	13838	96
39	12826	0.43060969904880714	1.1035396850148136	5523	14154	96
40	12826	0.4352097302354592	1.1277093404023077	5582	14464	96
41	12826	0.4390300951192889	1.1490721970996414	5631	14738	96
42	12826	0.4435521596756588	1.172774052705442	5689	15042	96
43	12826	0.4490877904256978	1.1941369094027756	5760	15316	96
44	12826	0.45353188835178543	1.2150319663184157	5817	15584	96
45	12826	0.45750818649617964	1.2342117573678466	5868	15830	96
46	12826	0.4614065180102916	1.2549508810229222	5918	16096	96
47	12826	0.46647434897863715	1.2800561359738032	5983	16418	96
48	12826	0.46935911429908	1.3003274598471855	6020	16678	96
49	12826	0.4731794791829097	1.3248089817558084	6069	16992	96
50	12826	0.47520661157024796	1.3427413067207234	6095	17222	96
51	12826	0.4796507094963356	1.3622329642912834	6152	17472	96
52	12826	0.48276937470762515	1.381724621861843	6192	17722	96
53	12826	0.4866677062217371	1.4037112116014345	6242	18004	96
54	12826	0.48861687197879305	1.4246062685170746	6267	18272	96
55	12826	0.4924372368626228	1.4462809917355373	6316	18550	96
56	12826	0.4954779354436301	1.4674879151723061	6355	18822	96
57	12826	0.4985966006549197	1.4886948386090753	6395	19094	96
58	12826	0.5012474660845159	1.5077186963979416	6429	19338	96
59	12826	0.5056915640106034	1.5273662872290659	6486	19590	96
60	12826	0.5094339622641509	1.5476376111024481	6534	19850	96
61	12826	0.5120068610634648	1.5640106034617183	6567	20060	96
62	12826	0.5150475596444721	1.5838141275534072	6606	20314	96
63	12826	0.5180882582254795	1.6048651177296118	6645	20584	96
64	12826	0.5204272571339467	1.6206143770466241	6675	20786	96
65	12826	0.5225323561515671	1.6404179011383129	6702	21040	96
66	12826	0.5248713550600344	1.6572586932792766	6732	21256	96
67	12826	0.526742554186808	1.6736316856385467	6756	21466	96
68	12826	0.5293934196164042	1.6906284110400749	6790	21684	96
69	12826	0.5318103851551536	1.7087166692655544	6821	21916	96
70	12826	0.5346951504755965	1.7263371277093404	6858	22142	96
71	12826	0.5363324497115235	1.73990332137845	6879	22316	96
72	12826	0.5393731482925308	1.758459379385623	6918	22554	96
73	12826	0.5414782473101513	1.7743645719631997	6945	22758	96
74	12826	0.5431155465460783	1.7902697645407766	6966	22962	96
75	12826	0.5460782784968033	1.808981755808514	7004	23202	96
76	12826	0.5482613441447061	1.8241072820832684	7032	23396	96
77	12826	0.5512240760954311	1.8425074068298768	7070	23632	96
78	12826	0.5527054420707938	1.8582566661468891	7089	23834	96
79	12826	0.5555122407609543	1.8769686574146265	7125	24074	96
80	12826	0.5588648058630906	1.8958365819429284	7168	24316	96
81	12826	0.5605800717292999	1.9109621082176829	7190	24510	96
82	12826	0.5627631373772025	1.9278029003586465	7218	24726	96
83	12826	0.5649462030251052	1.945579292062997	7246	24954	96
84	12826	0.5672852019335725	1.9613285513800094	7276	25156	96
85	12826	0.570092000623733	1.9797286761266177	7312	25392	96
86	12826	0.572353032901918	1.99547793544363	7341	25594	96
87	12826	0.5744581319195384	2.0129424606268516	7368	25818	96
88	12826	0.5764072976765944	2.02682052081709	7393	25996	96
89	12826	0.5786683299547793	2.0428816466552315	7422	26202	96
90	12826	0.5803835958209886	2.058942772493373	7444	26408	96
91	12826	0.5822547949477623	2.074692031810385	7468	26610	96
92	12826	0.5835022610322782	2.088881958521753	7484	26792	96
93	12826	0.5852954935287696	2.1027600187119915	7507	26970	96
94	12826	0.5876344924372369	2.1194448775923904	7537	27184	96
95	12826	0.5896616248245751	2.1373772025573055	7563	27414	96
96	12826	0.5920006237330423	2.1526586620926245	7593	27610	96
97	12826	0.5931701231872758	2.167940121627943	7608	27806	96
98	12826	0.5950413223140496	2.182909714642133	7632	27998	96
99	12826	0.5973803212225167	2.2006861063464838	7662	28226	96
100	12826	0.5987057539373148	2.2147200997972867	7679	28406	96
1	12826	0.026742554186808046	0.02760018711991268	343	354	97
2	12826	0.06432246998284734	0.06954623421175737	825	892	97
3	12826	0.08903789178231716	0.09932948697957274	1142	1274	97
4	12826	0.10930921565569936	0.12911273974738813	1402	1656	97
5	12826	0.1306720723530329	0.16217059098705755	1676	2080	97
6	12826	0.1547637611102448	0.20177763917043506	1985	2588	97
7	12826	0.1758147512864494	0.24138468735381258	2255	3096	97
8	12826	0.19187587712459067	0.2750662716357399	2461	3528	97
9	12826	0.20575393731482924	0.3056291907063777	2639	3920	97
10	12826	0.21893029783252768	0.3374395758615313	2808	4328	97
11	12826	0.2317168251988149	0.3690940277561204	2972	4734	97
12	12826	0.24489318571651333	0.3985654140028068	3141	5112	97
13	12826	0.2565881802588492	0.4302198658973959	3291	5518	97
14	12826	0.2679713082800561	0.4648370497427101	3437	5962	97
15	12826	0.27561203804771556	0.4946203025105255	3535	6344	97
16	12826	0.28605956650553566	0.5239357554966474	3669	6720	97
17	12826	0.29447996257601744	0.5512240760954311	3777	7070	97
18	12826	0.3038359582098862	0.5791361297364728	3897	7428	97
19	12826	0.30944955559020737	0.6019023857788867	3969	7720	97
20	12826	0.31670045220645565	0.6307500389833152	4062	8090	97
21	12826	0.32504288164665524	0.6558552939341962	4169	8412	97
22	12826	0.33354124434741933	0.682519881490722	4278	8754	97
23	12826	0.34102604085451427	0.7098082020895057	4374	9104	97
24	12826	0.3478871043193513	0.7347575237798223	4462	9424	97
25	12826	0.3554498674567285	0.76532044285046	4559	9816	97
26	12826	0.3605176984250741	0.7880866988928739	4624	10108	97
27	12826	0.3655075627631374	0.8136597536254483	4688	10436	97
28	12826	0.37299235927023233	0.8384531420552004	4784	10754	97
29	12826	0.3788398565414003	0.8605956650553563	4859	11038	97
30	12826	0.3835958209886169	0.8844534539217215	4920	11344	97
31	12826	0.3902229845626072	0.9111180414782473	5005	11686	97
32	12826	0.3939653828161547	0.9338842975206612	5053	11978	97
33	12826	0.40043661312958057	0.9583658194292842	5136	12292	97
34	12826	0.4056603773584906	0.9800405426477468	5203	12570	97
35	12826	0.4104943084359894	1.0051457975986278	5265	12892	97
36	12826	0.41540620614377044	1.0277561203804773	5328	13182	97
37	12826	0.42008420396070484	1.047559644472166	5388	13436	97
38	12826	0.42351473569312337	1.0692343676906284	5432	13714	97
39	12826	0.42811476687977545	1.094495555902074	5491	14038	97
40	12826	0.43349446436925	1.119912677374084	5560	14364	97
41	12826	0.43817246218618433	1.1415874005925464	5620	14642	97
42	12826	0.4437080929362233	1.1649773896772182	5691	14942	97
43	12826	0.44877592390456883	1.186496179635116	5756	15218	97
44	12826	0.4536098549820677	1.2087946358958366	5818	15504	97
45	12826	0.45813191953843757	1.2326524247622017	5876	15810	97
46	12826	0.4628878839856541	1.255886480586309	5937	16108	97
47	12826	0.46608451582722593	1.2775612038047715	5978	16386	97
48	12826	0.46974894745049117	1.2990799937626696	6025	16662	97
49	12826	0.4731015125526275	1.3202869171994387	6068	16934	97
50	12826	0.4761422111336348	1.3396226415094339	6107	17182	97
51	12826	0.48027444253859347	1.3620770310307189	6160	17470	97
52	12826	0.483704974271012	1.3834398877280525	6204	17744	97
53	12826	0.4872134726337128	1.4033993450803057	6249	18000	97
54	12826	0.4902541712147201	1.4222672696086076	6288	18242	97
55	12826	0.49313893653516294	1.44394199282707	6325	18520	97
56	12826	0.49633556837673476	1.4648370497427101	6366	18788	97
57	12826	0.49890846717604864	1.483393107749883	6399	19026	97
58	12826	0.5017932324964915	1.5017932324964915	6436	19262	97
59	12826	0.5051457975986278	1.5214408233276158	6479	19514	97
60	12826	0.5083424294401996	1.5424918135038204	6520	19784	97
61	12826	0.5116949945423359	1.5605800717293	6563	20016	97
62	12826	0.5145797598627787	1.5791361297364728	6600	20254	97
63	12826	0.5173865585529394	1.5967565881802588	6636	20480	97
64	12826	0.5196475908311243	1.613441447060658	6665	20694	97
65	12826	0.5226103227818494	1.633244971152347	6703	20948	97
66	12826	0.5241696553874942	1.6502416965538749	6723	21166	97
67	12826	0.5271323873382192	1.6680180882582254	6761	21394	97
68	12826	0.5290815530952753	1.6865741462653985	6786	21632	97
69	12826	0.5313425853734601	1.70403867144862	6815	21856	97
70	12826	0.5336036176516451	1.7185404646811164	6844	22042	97
71	12826	0.5365663496023702	1.7338219242164354	6882	22238	97
72	12826	0.5382036488382972	1.7487915172306252	6903	22430	97
73	12826	0.5404646811164822	1.76532044285046	6932	22642	97
74	12826	0.5432714798066428	1.783564634336504	6968	22876	97
75	12826	0.5463901450179324	1.7986901606112584	7008	23070	97
76	12826	0.5483393107749883	1.8139716201465772	7033	23266	97
77	12826	0.550210509901762	1.8287852799002027	7057	23456	97
78	12826	0.552471542179947	1.8459379385622954	7086	23676	97
79	12826	0.5544986745672852	1.8630905972243879	7112	23896	97
80	12826	0.5565258069546234	1.8825822547949478	7138	24146	97
81	12826	0.5598004054264775	1.8981755808513956	7180	24346	97
82	12826	0.5622173709652268	1.9153282395134883	7211	24566	97
83	12826	0.5638546702011539	1.9293622329642912	7232	24746	97
84	12826	0.5668953687821612	1.9454233588024326	7271	24952	97
85	12826	0.5691564010603462	1.9613285513800094	7300	25156	97
86	12826	0.570403867144862	1.9758303446125058	7316	25342	97
87	12826	0.5718072664899423	1.9918914704506472	7334	25548	97
88	12826	0.5737564322469982	2.005613597380321	7359	25724	97
89	12826	0.57625136441603	2.023857788866365	7391	25958	97
90	12826	0.5776547637611102	2.038047715577733	7409	26140	97
91	12826	0.5795259628878839	2.053796974894745	7433	26342	97
92	12826	0.5820208950569157	2.068766567908935	7465	26534	97
93	12826	0.5833463277717137	2.0835802276625603	7482	26724	97
94	12826	0.584749727116794	2.0960548885077186	7500	26884	97
95	12826	0.5870887260252612	2.1119600810852956	7530	27088	97
96	12826	0.5895056915640106	2.1250584749727115	7561	27256	97
97	12826	0.5905972243879619	2.1397162014657725	7575	27444	97
98	12826	0.5927802900358646	2.1543739279588334	7603	27632	97
99	12826	0.5945735225323562	2.171526586620926	7626	27852	97
100	12826	0.5962887883985654	2.1869639794168094	7648	28050	97
1	12826	0.02245438952128489	0.022766256042413845	288	292	98
2	12826	0.05870887260252612	0.06299703726804927	753	808	98
3	12826	0.083112427880867	0.09371588959925152	1066	1202	98
4	12826	0.10392951816622485	0.1250584749727117	1333	1604	98
5	12826	0.1259161079058163	0.15842819273351005	1615	2032	98
6	12826	0.15024169655387495	0.1964759083112428	1927	2520	98
7	12826	0.17074692031810385	0.23514735693123343	2190	3016	98
8	12826	0.18750974582878527	0.2692967409948542	2405	3454	98
9	12826	0.20279120536410417	0.30141899267113675	2601	3866	98
10	12826	0.21425230001559334	0.3301107126150008	2748	4234	98
11	12826	0.22750662716357398	0.36145329798846093	2918	4636	98
12	12826	0.23959145485732106	0.39232808358022764	3073	5032	98
13	12826	0.2501169499454234	0.4232028691719944	3208	5428	98
14	12826	0.26360517698425073	0.458287852799002	3381	5878	98
15	12826	0.27537813815686885	0.4888507718696398	3532	6270	98
16	12826	0.2845782005301731	0.5156712926867301	3650	6614	98
17	12826	0.29440199594573524	0.5429596132855138	3776	6964	98
18	12826	0.30102915951972553	0.5685326680180882	3861	7292	98
19	12826	0.30843598939653827	0.5936379229689693	3956	7614	98
20	12826	0.31724621861843133	0.6237330422579136	4069	8000	98
21	12826	0.3245750818649618	0.6486823639482302	4163	8320	98
22	12826	0.3303446125058475	0.6720723530329019	4237	8620	98
23	12826	0.3356463433650398	0.6939030095119288	4305	8900	98
24	12826	0.3421955403087479	0.7191641977233744	4389	9224	98
25	12826	0.34780913768906907	0.7462965850615937	4461	9572	98
26	12826	0.35389053485108374	0.7709340402307813	4539	9888	98
27	12826	0.35989396538281615	0.7952596288788398	4616	10200	98
28	12826	0.36667706221737095	0.8213004833931078	4703	10534	98
29	12826	0.37299235927023233	0.8464057383439888	4784	10856	98
30	12826	0.37899578980196474	0.8729143926399501	4861	11196	98
31	12826	0.38671448619990645	0.9012942460626852	4960	11560	98
32	12826	0.39123655075627634	0.924684235147357	5018	11860	98
33	12826	0.39731794791829095	0.9486979572742866	5096	12168	98
34	12826	0.402541712147201	0.9716201465772649	5163	12462	98
35	12826	0.40698581007328866	0.9954779354436302	5220	12768	98
36	12826	0.4106502416965539	1.0180882582254795	5267	13058	98
37	12826	0.4147045064712303	1.0410104475284578	5319	13352	98
38	12826	0.41907063776703574	1.0642445033525652	5375	13650	98
39	12826	0.4246842351473569	1.0901294246062685	5447	13982	98
40	12826	0.42912833307344456	1.112739747388118	5504	14272	98
41	12826	0.433182597848121	1.1344144706065804	5556	14550	98
42	12826	0.43747076251364414	1.15842819273351	5611	14858	98
43	12826	0.44339622641509435	1.1816622485576174	5687	15156	98
44	12826	0.44768439108061747	1.2048963043817247	5742	15454	98
45	12826	0.45041322314049587	1.2256354280368003	5777	15720	98
46	12826	0.4552471542179947	1.2518322158116326	5839	16056	98
47	12826	0.46023701855605803	1.2742866053329176	5903	16344	98
48	12826	0.46468111648214566	1.3000155933260564	5960	16674	98
49	12826	0.46772181506315297	1.3221581163262124	5999	16958	98
50	12826	0.4706845470138781	1.3430531732418525	6037	17226	98
51	12826	0.47380321222516764	1.3648838297208794	6077	17506	98
52	12826	0.4773896772181506	1.3856229533759552	6123	17772	98
53	12826	0.4799625760174645	1.404490877904257	6156	18014	98
54	12826	0.4829253079681896	1.4228910026508654	6194	18250	98
55	12826	0.4861999064400437	1.4434741930453765	6236	18514	98
56	12826	0.489240605021051	1.4643692499610166	6275	18782	98
57	12826	0.4927491033837518	1.4835490410104475	6320	19028	98
58	12826	0.49633556837673476	1.505535630750039	6366	19310	98
59	12826	0.4989864338063309	1.5248713550600344	6400	19558	98
60	12826	0.5032745984718541	1.5460782784968035	6455	19830	98
61	12826	0.5064712303134259	1.5630750038983314	6496	20048	98
62	12826	0.5095898955247155	1.5830344612505847	6536	20304	98
63	12826	0.5119288944331826	1.6011227194760642	6566	20536	98
64	12826	0.514345859971932	1.618275378138157	6597	20756	98
65	12826	0.5158272259472946	1.635272103539685	6616	20974	98
66	12826	0.5186340246374551	1.6556993606736317	6652	21236	98
67	12826	0.5213628566973335	1.6726960860751598	6687	21454	98
68	12826	0.5247154217994698	1.690940277561204	6730	21688	98
69	12826	0.5268984874473726	1.7101200686106346	6758	21934	98
70	12826	0.5301730859192265	1.7308591922657102	6800	22200	98
71	12826	0.5314205520037424	1.7448931857165133	6816	22380	98
72	12826	0.5336036176516451	1.7606424450335256	6844	22582	98
73	12826	0.5366443162326524	1.7784188367378762	6883	22810	98
74	12826	0.5394511149228131	1.7957274286605334	6919	23032	98
75	12826	0.5410884141587401	1.8106970216747231	6940	23224	98
76	12826	0.5431155465460783	1.8278496803368158	6966	23444	98
77	12826	0.5454545454545454	1.8456260720411664	6996	23672	98
78	12826	0.5473257445813192	1.8629346639638236	7020	23894	98
79	12826	0.5494308435989397	1.8793076563230937	7047	24104	98
80	12826	0.5512240760954311	1.8961484484640574	7070	24320	98
81	12826	0.5528613753313582	1.9112739747388119	7091	24514	98
82	12826	0.554732574458132	1.928894433182598	7115	24740	98
83	12826	0.5583190394511149	1.9454233588024326	7161	24952	98
84	12826	0.5605800717292999	1.9603929518166225	7190	25144	98
85	12826	0.5629970372680493	1.9798846093871822	7221	25394	98
86	12826	0.5651021362856697	1.9950101356619367	7248	25588	98
87	12826	0.567129268673008	2.0121627943240292	7274	25808	98
88	12826	0.5700140339934509	2.0272883205987835	7311	26002	98
89	12826	0.5725089661624825	2.0453765788242633	7343	26234	98
90	12826	0.5750038983315141	2.0617495711835336	7375	26444	98
91	12826	0.5772649306096991	2.0782784968033683	7404	26656	98
92	12826	0.5796039295181662	2.094651489162638	7434	26866	98
93	12826	0.5820988616871979	2.108841415874006	7466	27048	98
94	12826	0.5835802276625605	2.124746608451583	7485	27252	98
95	12826	0.585061593637923	2.1412755340714176	7504	27464	98
96	12826	0.5870887260252612	2.155153594261656	7530	27642	98
97	12826	0.5887260252611882	2.1676282551068144	7551	27802	98
98	12826	0.5899734913457041	2.179946982691408	7567	27960	98
99	12826	0.5927023234055824	2.1956962420084203	7602	28162	98
100	12826	0.5951972555746141	2.213472633712771	7634	28390	98
1	12826	0.02331202245438952	0.023857788866365196	299	306	99
2	12826	0.05660377358490566	0.060346171838453144	726	774	99
3	12826	0.08209886168719788	0.09106502416965538	1053	1168	99
4	12826	0.10392951816622485	0.12396694214876033	1333	1590	99
5	12826	0.12552627475440511	0.1565569936067363	1610	2008	99
6	12826	0.14548573210665836	0.19086231093092157	1866	2448	99
7	12826	0.1666926555434274	0.2309371588959925	2138	2962	99
8	12826	0.18283174801185093	0.2664899423046936	2345	3418	99
9	12826	0.19795727428660534	0.29939186028379855	2539	3840	99
10	12826	0.21113363480430375	0.33026664587556526	2708	4236	99
11	12826	0.2235303290191798	0.36067363168563854	2867	4626	99
12	12826	0.2358490566037736	0.39092468423514737	3025	5014	99
13	12826	0.24536098549820676	0.4202401372212693	3147	5390	99
14	12826	0.2606424450335256	0.4573522532356152	3343	5866	99
15	12826	0.27210353968501483	0.48775923904568846	3490	6256	99
16	12826	0.28138156868860126	0.5173865585529394	3609	6636	99
17	12826	0.28738499922033367	0.5399968813347887	3686	6926	99
18	12826	0.2953375955091221	0.5657258693279277	3788	7256	99
19	12826	0.30360205831903947	0.5914548573210666	3894	7586	99
20	12826	0.31054108841415873	0.6223296429128333	3983	7982	99
21	12826	0.31748011850927804	0.6485264306876657	4072	8318	99
22	12826	0.3243411819741151	0.6700452206455637	4160	8594	99
23	12826	0.3308903789178232	0.690004677997817	4244	8850	99
24	12826	0.33798534227350696	0.7155777327303914	4335	9178	99
25	12826	0.34375487291439266	0.7391236550756276	4409	9480	99
26	12826	0.3498362700764073	0.7626695774208638	4487	9782	99
27	12826	0.35607360049898645	0.7869951660689225	4567	10094	99
28	12826	0.362778730703259	0.8138156868860128	4653	10438	99
29	12826	0.3687821612349914	0.8395446748791517	4730	10768	99
30	12826	0.3760330578512397	0.8623109309215655	4823	11060	99
31	12826	0.3813347887104319	0.8861687197879308	4891	11366	99
32	12826	0.38546702011539064	0.9075315764852643	4944	11640	99
33	12826	0.3900670513020427	0.9290503664431623	5003	11916	99
34	12826	0.39544674879151726	0.949477623577109	5072	12178	99
35	12826	0.39950101356619366	0.9747388117885545	5124	12502	99
36	12826	0.40698581007328866	0.9989084671760486	5220	12812	99
37	12826	0.41306720723530327	1.0213628566973336	5298	13100	99
38	12826	0.4179011383128021	1.047559644472166	5360	13436	99
39	12826	0.4237486355839701	1.0714174333385311	5435	13742	99
40	12826	0.427958833619211	1.094495555902074	5489	14038	99
41	12826	0.43209106502416966	1.1163262123811009	5542	14318	99
42	12826	0.43684702947138626	1.1397162014657727	5603	14618	99
43	12826	0.44090129424606267	1.1595197255574614	5655	14872	99
44	12826	0.4455013254327148	1.180570715733666	5714	15142	99
45	12826	0.4502572898799314	1.202089505691564	5775	15418	99
46	12826	0.4540776547637611	1.224543895212849	5824	15706	99
47	12826	0.4593793856229534	1.249961016684859	5892	16032	99
48	12826	0.4635895836581943	1.2703882738188055	5946	16294	99
49	12826	0.46702011539061283	1.29143926399501	5990	16564	99
50	12826	0.47021674723218465	1.3110868548261345	6031	16816	99
51	12826	0.47380321222516764	1.3333853110868548	6077	17102	99
52	12826	0.4791829097146421	1.3559956338687043	6146	17392	99
53	12826	0.48206767503508496	1.3748635583970061	6183	17634	99
54	12826	0.4851083736160923	1.3929518166224857	6222	17866	99
55	12826	0.48736940589427724	1.41259940745361	6251	18118	99
56	12826	0.4902541712147201	1.4317791985030408	6288	18364	99
57	12826	0.49352876968657416	1.4531420552003742	6330	18638	99
58	12826	0.4960237018556058	1.4721659129892406	6362	18882	99
59	12826	0.49914236706689535	1.4893185716513333	6402	19102	99
60	12826	0.5026508654295961	1.5097458287852799	6447	19364	99
61	12826	0.5060813971620146	1.5286137533135817	6491	19606	99
62	12826	0.5088881958521753	1.5470138780601903	6527	19842	99
63	12826	0.5120848276937471	1.5646343365039763	6568	20068	99
64	12826	0.514345859971932	1.581786995166069	6597	20288	99
65	12826	0.5173085919226571	1.6017464525183223	6635	20544	99
66	12826	0.519881490721971	1.619678777483237	6668	20774	99
67	12826	0.522142523000156	1.6369873694058943	6697	20996	99
68	12826	0.5250272883205988	1.6547637611102448	6734	21224	99
69	12826	0.5271323873382192	1.672072353032902	6761	21446	99
70	12826	0.5297832527678153	1.689692811476688	6795	21672	99
71	12826	0.5319663184157181	1.7048183377514423	6823	21866	99
72	12826	0.534227350693903	1.7197879307656323	6852	22058	99
73	12826	0.5356307500389833	1.7330422579136129	6870	22228	99
74	12826	0.538437548729144	1.7497271167940123	6906	22442	99
75	12826	0.5403867144861999	1.7640729767659442	6931	22626	99
76	12826	0.5422579136129736	1.7801341026040856	6955	22832	99
77	12826	0.5438952128489006	1.7954155621394043	6976	23028	99
78	12826	0.5467020115390613	1.8128800873226258	7012	23252	99
79	12826	0.5490410104475285	1.8312802120692344	7042	23488	99
80	12826	0.55083424294402	1.849368470294714	7065	23720	99
81	12826	0.5532512084827694	1.865741462653984	7096	23930	99
82	12826	0.5559800405426477	1.8844534539217215	7131	24170	99
83	12826	0.5577732730391393	1.8978637143302666	7154	24342	99
84	12826	0.5608139716201466	1.9164197723374397	7193	24580	99
85	12826	0.563542803680025	1.9340402307812257	7228	24806	99
86	12826	0.564868236394823	1.9499454233588025	7245	25010	99
87	12826	0.5666614688913145	1.9658506159363793	7268	25214	99
88	12826	0.568142834866677	1.9797286761266177	7287	25392	99
89	12826	0.5698581007328863	1.9975050678309683	7309	25620	99
90	12826	0.5721191330110713	2.0141899267113677	7338	25834	99
91	12826	0.5736004989864338	2.0307188523312023	7357	26046	99
92	12826	0.575627631373772	2.046624044908779	7383	26250	99
93	12826	0.577888663651957	2.0611258381412756	7412	26436	99
94	12826	0.5796039295181662	2.0753157648526432	7434	26618	99
95	12826	0.581163262123811	2.089349758303446	7454	26798	99
96	12826	0.5831903945111492	2.1049430843598937	7480	26998	99
97	12826	0.5855293934196164	2.119288944331826	7510	27182	99
98	12826	0.5881802588492125	2.1345704038671447	7544	27378	99
99	12826	0.5904412911273975	2.1487603305785123	7573	27560	99
100	12826	0.5924684235147357	2.166536722282863	7599	27788	99
1	12826	0.024871355060034305	0.02541712147200998	319	326	100
2	12826	0.060346171838453144	0.06533603617651645	774	838	100
3	12826	0.0837361609231249	0.09574302198658974	1074	1228	100
4	12826	0.10572275066271636	0.13051613909246843	1356	1674	100
5	12826	0.12576017464525183	0.16326212381100888	1613	2094	100
6	12826	0.14798066427569	0.20162170590987058	1898	2586	100
7	12826	0.16832995477935445	0.23998128800873225	2159	3078	100
8	12826	0.1833775144238266	0.2739747388117886	2352	3514	100
9	12826	0.19795727428660534	0.30578512396694213	2539	3922	100
10	12826	0.21191330110712614	0.3366599095587089	2718	4318	100
11	12826	0.22524559488538906	0.36784656167160457	2889	4718	100
12	12826	0.23779822236082956	0.40043661312958057	3050	5136	100
13	12826	0.24972711679401216	0.43287073132699205	3203	5552	100
14	12826	0.2634492437236863	0.4685794479962576	3379	6010	100
15	12826	0.2736628722906596	0.501325432714798	3510	6430	100
16	12826	0.2826290347731171	0.530329019179791	3625	6802	100
17	12826	0.29214096366755027	0.5576173397785747	3747	7152	100
18	12826	0.30492749103383754	0.5894277249337284	3911	7560	100
19	12826	0.3135817869951661	0.61733977857477	4022	7918	100
20	12826	0.32091065024169657	0.6472789646031498	4116	8302	100
21	12826	0.3295649462030251	0.6705130204272571	4227	8600	100
22	12826	0.3366599095587089	0.6948386090753158	4318	8912	100
23	12826	0.3426633400904413	0.7174489318571652	4395	9202	100
24	12826	0.3492125370341494	0.743801652892562	4479	9540	100
25	12826	0.35490410104475284	0.7667238421955404	4552	9834	100
26	12826	0.3615312646187432	0.7890222984562607	4637	10120	100
27	12826	0.3685482613441447	0.8133478871043194	4727	10432	100
28	12826	0.3748635583970061	0.8390768750974583	4808	10762	100
29	12826	0.379073756432247	0.8612193980976143	4862	11046	100
30	12826	0.384297520661157	0.884609387182286	4929	11346	100
31	12826	0.38998908467176047	0.9086231093092156	5002	11654	100
32	12826	0.3941992827070014	0.9315452986121939	5056	11948	100
33	12826	0.3987213472633713	0.952752222048963	5114	12220	100
34	12826	0.4035552783408701	0.9755184780913769	5176	12512	100
35	12826	0.4083892094183689	0.9973491345704039	5238	12792	100
36	12826	0.4124434741930454	1.0190238577888664	5290	13070	100
37	12826	0.4179011383128021	1.0406985810073288	5360	13348	100
38	12826	0.4234367690628411	1.0650241696553875	5431	13660	100
39	12826	0.42764696709808203	1.086075159831592	5485	13930	100
40	12826	0.4329486979572743	1.1089973491345704	5553	14224	100
41	12826	0.43723686262279743	1.1295805395290817	5608	14488	100
42	12826	0.44300639326368313	1.1567129268673009	5682	14836	100
43	12826	0.4472945579292063	1.1799469826914082	5737	15134	100
44	12826	0.4526742554186808	1.203025105254951	5806	15430	100
45	12826	0.4573522532356152	1.2240760954311554	5866	15700	100
46	12826	0.4611726181194449	1.245750818649618	5915	15978	100
47	12826	0.4649929830032746	1.2674255418680804	5964	16256	100
48	12826	0.46803368158428194	1.2891002650865429	6003	16534	100
49	12826	0.4713862466864182	1.31093092156557	6046	16814	100
50	12826	0.4759083112427881	1.3326056447840324	6104	17092	100
51	12826	0.47902697645407766	1.3527210353968502	6144	17350	100
52	12826	0.4822236082956495	1.374239825354748	6185	17626	100
53	12826	0.4851083736160923	1.3943552159675658	6222	17884	100
54	12826	0.48783720567597066	1.4119756744113519	6257	18110	100
55	12826	0.4904101044752846	1.4308435989396537	6290	18352	100
56	12826	0.4929830032745985	1.4492437236862623	6323	18588	100
57	12826	0.4957118353344768	1.4659285825666615	6358	18802	100
58	12826	0.4979728676126618	1.4851083736160924	6387	19048	100
59	12826	0.5010135661936691	1.5030406985810074	6426	19278	100
60	12826	0.5043661312958054	1.520817090285358	6469	19506	100
61	12826	0.5077186963979416	1.5392172150319663	6512	19742	100
62	12826	0.5116170279120537	1.5569936067363168	6562	19970	100
63	12826	0.5137221269296741	1.5711835334476845	6589	20152	100
64	12826	0.5172306252923748	1.5898955247154218	6634	20392	100
65	12826	0.5198035240916887	1.610166848588804	6667	20652	100
66	12826	0.5230001559332605	1.6262279744269452	6708	20858	100
67	12826	0.5247154217994698	1.6447840324341183	6730	21096	100
68	12826	0.5261967877748324	1.6627163573990331	6749	21326	100
69	12826	0.5293154529861219	1.681896148448464	6789	21572	100
70	12826	0.5318103851551536	1.6988928738499922	6821	21790	100
71	12826	0.5351629502572899	1.7168251988149072	6864	22020	100
72	12826	0.5379697489474505	1.7342897239981288	6900	22244	100
73	12826	0.5406206143770467	1.7506627163573991	6934	22454	100
74	12826	0.5439731794791829	1.767971308280056	6977	22676	100
75	12826	0.5464681116482145	1.7873070325900515	7009	22924	100
76	12826	0.5498206767503508	1.8019647590831125	7052	23112	100
77	12826	0.5517698425074068	1.8170902853578668	7077	23306	100
78	12826	0.5541868080461563	1.8342429440199595	7108	23526	100
79	12826	0.5557461406518011	1.851707469203181	7128	23750	100
80	12826	0.5575393731482925	1.8673007952596288	7151	23950	100
81	12826	0.5598004054264775	1.8828941213160768	7180	24150	100
82	12826	0.5613597380321222	1.8984874473725246	7200	24350	100
83	12826	0.5640106034617184	1.9148604397317948	7234	24560	100
84	12826	0.5661157024793388	1.9329486979572743	7261	24792	100
85	12826	0.568142834866677	1.9483860907531576	7287	24990	100
86	12826	0.5696242008420396	1.9630438172462186	7306	25178	100
87	12826	0.5713394667082489	1.9789490098237954	7328	25382	100
88	12826	0.5732886324653048	1.992515203492905	7353	25556	100
89	12826	0.5752377982223609	2.006861063464837	7378	25740	100
90	12826	0.5767191641977234	2.0222984562607205	7397	25938	100
91	12826	0.579214096366755	2.0368002494932167	7429	26124	100
92	12826	0.5804615624512709	2.0519257757679714	7445	26318	100
93	12826	0.5818649617963512	2.0661157024793386	7463	26500	100
94	12826	0.5833463277717137	2.0799937626695773	7482	26678	100
95	12826	0.5858412599407453	2.096834554810541	7514	26894	100
96	12826	0.5875565258069546	2.111804147824731	7536	27086	100
97	12826	0.5890378917823171	2.1266178075783566	7555	27276	100
98	12826	0.5912989240605021	2.142523000155933	7584	27480	100
99	12826	0.592546390145018	2.1578044596912522	7600	27676	100
100	12826	0.5945735225323562	2.172150319663184	7626	27860	100
