canonical_UniProtAC	corrected_position	nearest_methyl_arg_distance	has_neighbor_within_max_distance	substrate_genename	source_family_count_exact	source_family_count_fuzzy
A0A0B4J2A2	90		False	PPIAL4C	1	1
A0A0U1RRI6	35		False	CENPVP3	1	1
A0A1B0GVN3	69		False	C2ORF92	1	1
A0AV96	332	47.0	True	RBM47	3	3
A0AV96	379	2.0	True	RBM47	1	1
A0AV96	381	2.0	True	RBM47	1	1
A0AV96	383	2.0	True	RBM47	1	1
A0AV96	389	5.0	True	RBM47	1	1
A0AV96	394	5.0	True	RBM47	3	3
A0AV96	405	5.0	True	RBM47	3	3
A0AV96	410	5.0	True	RBM47	2	2
A0AVF1	12		False	TTC26	1	1
A0FGR8	172		False	ESYT2	1	1
A0MZ66	416		False	KIAA1598	1	1
A1A519	235		False	FAM170A	1	1
A1KXE4	88		False	FAM168B	1	1
A1KZ92	673	2.0	True	PXDNL	1	1
A1KZ92	675	2.0	True	PXDNL	1	1
A1L020	419	8.0	True	MEX3A	1	1
A1L020	427	8.0	True	MEX3A	1	1
A1L188	10	2.0	True	NDUFAF8	1	1
A1L188	12	2.0	True	C17orf89	1	1
A1L390	1099	6.0	True	PLEKHG3	1	1
A1L390	1105	2.0	True	PLEKHG3	1	2
A1L390	1107	2.0	True	PLEKHG3	2	2
A1L429	13	2.0	True	GAGE12E	2	2
A1L429	15	1.0	True	GAGE12E	2	2
A1L429	16	1.0	True	GAGE12E	1	2
A1X283	819		False	SH3PXD2B	1	1
A2PYH4	421	10.0	True	HFM1	1	1
A2PYH4	431	10.0	True	HFM1	1	1
A2RUQ5	69		False	C17orf102	1	1
A3KN83	1024		False	SBNO1	1	1
A3QJZ7	248		False	PRAMEF27	1	1
A4D1S0	174		False	KLRG2	1	1
A4D1U4	34	7.0	True	LCHN	1	1
A4D1U4	41	7.0	True	DENND11	2	2
A4D1U4	48	7.0	True	LCHN	1	1
A4D2G3	292		False	OR2A25	1	1
A4UGR9	1796		False	XIRP2	1	1
A5A3E0	728		False	POTEF	1	1
A5D8V6	70		False	VPS37C	1	1
A5PL33	186	4.0	True	KRBA1	1	1
A5PL33	190	4.0	True	KRBA1	1	1
A5PL33	558	331.0	False	KRBA1	1	1
A5PL33	889	16.0	True	KRBA1	1	1
A5PL33	905	16.0	True	KRBA1	1	1
A5YKK6	45	193.0	False	CNOT1	1	1
A5YKK6	238	193.0	False	CNOT1	1	1
A5YKK6	1189	951.0	False	CNOT1	1	1
A6H8Y1	1293		False	BDP1	1	1
A6NC57	565		False	ANKRD62	1	1
A6NC86	134		False	PINLYP	1	1
A6NC98	1058		False	CCDC88B	1	1
A6NCE7	21		False	MAP1LC3B2	1	1
A6NCJ1	199		False	C19orf71	1	1
A6NCL7	370		False	ANKRD33B	1	1
A6NDE8	13	2.0	True	GAGE12H	1	1
A6NDE8	15	1.0	True	GAGE12H	1	1
A6NDE8	16	1.0	True	GAGE12H	1	1
A6NDY0	213		False	PABPN1L	1	1
A6NE01	79	4.0	True	FAM186A	1	1
A6NE01	83	4.0	True	FAM186A	1	1
A6NED2	25	2.0	True	RCCD1	1	1
A6NED2	27	2.0	True	RCCD1	1	1
A6NED2	56	3.0	True	RCCD1	1	1
A6NED2	59	3.0	True	RCCD1	1	1
A6NEL2	112	170.0	False	SOWAHB	1	1
A6NEL2	282	170.0	False	SOWAHB	1	1
A6NER3	13	2.0	True	GAGE12J	1	1
A6NER3	15	2.0	True	GAGE12J	1	1
A6NES4	665		False	HEATR7B1	1	1
A6NFI3	576	1.0	True	ZNF316	1	1
A6NFI3	577	1.0	True	ZNF316	1	1
A6NFN3	116		False	RBFOX3	1	1
A6NFY7	23		False	SDHAF1	1	1
A6NGB9	46		False	WIPF3	2	2
A6NGG8	408		False	C2orf71	1	1
A6NGK3	106		False	GAGE10	1	1
A6NGN4	17	231.0	False	PRAMEF25	1	1
A6NGN4	248	231.0	False	PRAMEF25	1	1
A6NGR9	332	123.0	False	MROH6	1	1
A6NGR9	455	123.0	False	MROH6	1	1
A6NHG4	14		False	DDTL	1	1
A6NHQ2	55	7.0	True	FBLL1	1	1
A6NHQ2	62	7.0	True	FBLL1	1	1
A6NHQ4	9	43.0	True	C17orf96	1	1
A6NHQ4	52	43.0	True	EPOP	2	2
A6NHR9	26	693.0	False	SMCHD1	1	1
A6NHR9	719	693.0	False	SMCHD1	1	1
A6NHT5	102		False	HMX3	1	1
A6NI47	306		False	POTEM	1	1
A6NJ78	395		False	METTL15	1	1
A6NJG2	10		False	SOWAHD	1	1
A6NJZ7	512		False	RIMBP3C	1	1
A6NKF1	217		False	SAC3D1	1	1
A6NKT7	891	237.0	False	RGPD3	1	1
A6NKT7	1128	237.0	False	RGPD3	1	1
A6NMY6	63	72.0	True	ANXA2P2	1	1
A6NMY6	135	72.0	True	ANXA2P2	1	1
A6NNC1	742		False	LOC441081	1	1
A6NNM3	512		False	RIMBP3B	1	1
A6NNY8	386		False	USP27X	1	1
A6PVY3	88		False	FAM177B	1	1
A6QL63	4	717.0	False	BTBD11	1	1
A6QL63	721	717.0	False	BTBD11	1	1
A6QL64	1886		False	ANKRD36	1	1
A7E2V4	1120	42.0	True	KIAA0913	2	2
A7E2V4	1162	3.0	True	KIAA0913	1	1
A7E2V4	1165	3.0	True	KIAA0913	1	1
A7E2V4	1175	10.0	True	KIAA0913	1	1
A7E2V4	1454	6.0	True	KIAA0913	1	1
A7E2V4	1460	6.0	True	KIAA0913	1	1
A7KAX9	1523	10.0	True	ARHGAP32	1	1
A7KAX9	1533	10.0	True	ARHGAP32	1	1
A7KAX9	1695	162.0	False	ARHGAP32	2	2
A7MBM2	1188		False	DISP2	1	1
A7MCY6	427	86.0	True	TBKBP1	1	1
A7MCY6	513	86.0	True	TBKBP1	1	1
A8CG34	200	6.0	True	POM121C	1	1
A8CG34	206	6.0	True	POM121C	1	1
A8CG34	242	9.0	True	POM121C	1	1
A8CG34	251	9.0	True	POM121C	1	1
A8MU93	5		False	C17orf100	1	1
A8MVJ9	265	1.0	True		1	1
A8MVJ9	266	1.0	True		1	1
A8MWD9	63	12.0	True	SNRPG	1	1
A8MWD9	75	12.0	True	SNRPGP15	1	1
A9YTQ3	639		False	AHRR	1	1
B0I1T2	274		False	MYO1G	1	1
B1AK53	811		False	ESPN	1	1
B2RTY4	2286		False	MYO9A	1	1
B5MCN3	286		False	SEC14L6	1	1
B5ME19	104	202.0	False	EIF3CL	1	1
B5ME19	306	202.0	False	EIF3CL	1	1
B5ME19	551	103.0	False	EIF3CL	1	1
B5ME19	654	66.0	True	EIF3CL	1	1
B5ME19	720	66.0	True	EIF3CL	1	1
B5ME19	902	4.0	True	EIF3CL	1	1
B5ME19	906	4.0	True	EIF3CL	1	1
B8ZZ34	382		False	SHISA8	1	1
C9J069	205	26.0	True	C9orf172	1	1
C9J069	231	26.0	True	AJM1	1	1
C9JG80	1049		False	61E3.4	1	1
C9JLR9	15	11.0	True	C11orf95	1	1
C9JLR9	26	2.0	True	C11orf95	1	1
C9JLR9	28	2.0	True	C11orf95	1	1
C9JLR9	226	198.0	False	C11orf95	1	1
C9JRZ8	70		False	AKR1B15	1	1
D6RIA3	1322		False	C4orf54	1	1
H0Y7S4	248		False	PRAMEF26	1	1
O00115	321		False	DNASE2	1	1
O00116	182		False	AGPS	1	1
O00139	514		False	KIF2A	1	1
O00148	57	150.0	False	DDX39A	1	1
O00148	207	131.0	False	DDX39A	1	1
O00148	338	10.0	True	DDX39A	1	1
O00148	348	10.0	True	DDX39A	1	1
O00148	405	57.0	True	DDX39A	1	1
O00159	33	861.0	False	MYO1C	1	1
O00159	894	861.0	False	MYO1C	1	1
O00161	197		False	SNAP23	1	1
O00165	46	4.0	True	HAX1	1	1
O00165	50	4.0	True	HAX1	1	1
O00165	139	87.0	True	HAX1	1	1
O00165	226	87.0	True	HAX1	1	1
O00170	22	169.0	False	AIP	1	1
O00170	191	169.0	False	AIP	1	1
O00178	456	100.0	True	GTPBP1	1	1
O00178	556	100.0	True	GTPBP1	1	1
O00182	173		False	LGALS9	1	1
O00186	8		False	STXBP3	1	1
O00192	180	26.0	True	ARVCF	1	1
O00192	206	5.0	True	ARVCF	1	1
O00192	211	3.0	True	ARVCF	1	1
O00192	214	3.0	True	ARVCF	1	1
O00192	591	377.0	False	ARVCF	1	1
O00193	14	23.0	True	SMAP	1	1
O00193	37	18.0	True	SMAP	1	1
O00193	55	18.0	True	SMAP	1	1
O00203	519		False	AP3B2	1	1
O00204	147		False	SULT2B1	1	1
O00217	96		False	NDUFS8	1	1
O00220	52		False	TNFRSF10A	2	2
O00231	11	9.0	True	PSMD11	1	1
O00231	20	9.0	True	PSMD11	1	1
O00233	73		False	PSMD9	1	1
O00238	4		False	BMPR1B	1	1
O00257	137		False	CBX4	1	1
O00264	47	24.0	True	PGRMC1	1	1
O00264	71	8.0	True	PGRMC1	1	1
O00264	79	8.0	True	PGRMC1	1	1
O00264	119	40.0	True	PGRMC1	1	1
O00267	119	4.0	True	SUPT5H	1	1
O00267	123	4.0	True	SUPT5H	1	1
O00267	368	245.0	False	SUPT5H	1	1
O00267	668	13.0	True	SUPT5H	2	2
O00267	681	13.0	True	SUPT5H	3	3
O00267	696	2.0	True	SUPT5H	3	3
O00267	698	2.0	True	SUPT5H	1	3
O00267	747	2.0	True	SUPT5H	1	1
O00267	749	2.0	True	SUPT5H	1	1
O00267	757	8.0	True	SUPT5H	1	1
O00267	783	26.0	True	SUPT5H	1	1
O00268	414	10.0	True	TAF4	1	1
O00268	424	10.0	True	TAF4	2	2
O00268	435	11.0	True	TAF4	2	2
O00268	754	15.0	True	TAF4	1	1
O00268	769	15.0	True	TAF4	1	1
O00273	296		False	DFFA	1	1
O00291	3	438.0	False	HIP1	1	1
O00291	441	438.0	False	HIP1	1	1
O00294	82		False	TULP1	1	1
O00299	165	30.0	True	CLIC1	1	1
O00299	195	9.0	True	CLIC1	1	1
O00299	204	9.0	True	CLIC1	1	1
O00303	261		False	EIF3F	1	1
O00330	208		False	PDHX	1	1
O00401	274	10.0	True	WASL	1	1
O00401	284	10.0	True	WASL	1	1
O00401	305	2.0	True	WASL	1	3
O00401	307	2.0	True	WASL	3	3
O00401	329	22.0	True	WASL	1	1
O00410	811		False	IPO5	1	1
O00411	8	7.0	True	POLRMT	1	1
O00411	15	7.0	True	POLRMT	1	1
O00418	178		False	EEF2K	1	1
O00422	142		False	SAP18	1	1
O00429	108	139.0	False	DNM1L	1	1
O00429	247	139.0	False	DNM1L	1	1
O00443	139	36.0	True	PIK3C2A	1	1
O00443	175	36.0	True	PIK3C2A	1	1
O00444	357	2.0	True	PLK4	1	1
O00444	359	2.0	True	PLK4	1	1
O00461	370		False	GOLIM4	1	1
O00469	76		False	PLOD2	1	1
O00470	369		False	MEIS1	1	1
O00471	177		False	EXOC5	1	1
O00478	112		False	BTN3A3	1	1
O00481	112		False	BTN3A1	1	1
O00483	47		False	NDUFA4	1	1
O00499	66		False	BIN1	1	1
O00505	26	77.0	True	KPNA3	1	1
O00505	103	77.0	True	KPNA3	1	1
O00512	508	4.0	True	BCL9	1	1
O00512	512	4.0	True	BCL9	1	1
O00512	561	49.0	True	BCL9	1	1
O00512	620	59.0	True	BCL9	1	1
O00512	1254	6.0	True	BCL9	1	1
O00512	1260	6.0	True	BCL9	1	1
O00515	424		False	LAD1	2	2
O00541	11	24.0	True	PES1	1	1
O00541	35	24.0	True	PES1	1	1
O00541	313	1.0	True	PES1	1	1
O00541	314	1.0	True	PES1	1	1
O00541	380	66.0	True	PES1	1	1
O00555	948	8.0	True	CACNA1A	1	1
O00555	956	8.0	True	CACNA1A	1	1
O00555	987	31.0	True	CACNA1A	1	1
O00562	1211	19.0	True	PITPNM1	1	1
O00562	1230	19.0	True	PITPNM1	1	1
O00567	220	87.0	True	NOP56	1	1
O00567	307	35.0	True	NOP56	1	1
O00567	342	17.0	True	NOP56	1	1
O00567	359	17.0	True	NOP56	3	3
O00567	404	11.0	True	NOP56	1	1
O00567	415	11.0	True	NOP56	1	1
O00571	75	4.0	True	DDX3X	1	1
O00571	79	4.0	True	DDX3X	1	1
O00571	88	5.0	True	DDX3X	2	2
O00571	93	2.0	True	DDX3X	2	2
O00571	95	2.0	True	DDX3X	2	2
O00571	99	2.0	True	DDX3X	1	1
O00571	101	2.0	True	DDX3X	1	1
O00571	110	9.0	True	DDX3X	1	1
O00571	121	11.0	True	DDX3X	2	2
O00571	252	63.0	True	DDX3X	1	1
O00571	315	47.0	True	DDX3X	1	1
O00571	362	1.0	True	DDX3X	1	1
O00571	363	1.0	True	DDX3X	1	1
O00571	475	3.0	True	DDX3X	1	1
O00571	478	3.0	True	DDX3X	1	1
O00571	585	2.0	True	DDX3X	1	1
O00571	587	2.0	True	DDX3X	1	1
O00571	592	5.0	True	DDX3X	3	3
O00571	600	3.0	True	DDX3X	1	1
O00571	603	3.0	True	DDX3X	1	1
O00571	617	5.0	True	DDX3X	2	2
O00571	622	5.0	True	DDX3X	1	1
O00571	632	10.0	True	DDX3X	2	2
O00625	97		False	PIR	1	1
O00629	26	11.0	True	KPNA4	1	1
O00629	37	11.0	True	KPNA4	1	1
O00629	103	66.0	True	KPNA4	1	1
O00712	335	53.0	True	NFIB	2	2
O00712	388	53.0	True	NFIB	1	1
O00716	121		False	E2F3	2	2
O00743	111		False	PPP6C	1	1
O00754	13	13.0	True	MAN2B1	1	1
O00754	26	13.0	True	MAN2B1	1	1
O00762	28	50.0	True	UBE2C	1	1
O00762	78	50.0	True	UBE2C	2	2
O00764	70	222.0	False	PDXK	1	1
O00764	292	222.0	False	PDXK	1	1
O14490	8	21.0	True	DLGAP1	1	1
O14490	29	21.0	True	DLGAP1	1	1
O14497	235	141.0	False	ARID1A	2	2
O14497	376	15.0	True	ARID1A	1	1
O14497	391	15.0	True	ARID1A	1	1
O14497	429	38.0	True	ARID1A	3	3
O14497	727	23.0	True	ARID1A	2	2
O14497	750	5.0	True	ARID1A	1	1
O14497	755	5.0	True	ARID1A	1	1
O14497	774	19.0	True	ARID1A	2	2
O14497	811	37.0	True	ARID1A	2	2
O14497	1223	14.0	True	ARID1A	1	1
O14497	1237	14.0	True	ARID1A	1	1
O14497	1276	11.0	True	ARID1A	3	3
O14497	1287	11.0	True	ARID1A	1	1
O14497	1511	55.0	True	ARID1A	1	1
O14497	1566	55.0	True	ARID1A	1	1
O14503	380		False	BHLHE40	1	1
O14511	837		False	NRG2	1	1
O14531	496		False	DPYSL4	1	1
O14559	1070	135.0	False	ARHGAP33	1	1
O14559	1205	39.0	True	ARHGAP33	1	1
O14559	1244	39.0	True	ARHGAP33	1	1
O14578	2003		False	CIT	1	1
O14579	52	44.0	True	COPE	1	1
O14579	96	44.0	True	COPE	1	1
O14579	299	203.0	False	COPE	1	1
O14598	50		False	VCY	1	1
O14602	82		False	EIF1AY	1	1
O14617	731		False	AP3D1	1	1
O14618	165	44.0	True	CCS	1	1
O14618	209	44.0	True	CCS	1	1
O14639	726		False	ABLIM1	1	1
O14640	626		False	DVL1	1	1
O14641	160	71.0	True	DVL2	1	1
O14641	231	71.0	True	DVL2	1	1
O14641	627	5.0	True	DVL2	1	1
O14641	632	1.0	True	DVL2	1	1
O14641	633	1.0	True	DVL2	1	1
O14641	649	10.0	True	DVL2	1	1
O14641	659	10.0	True	DVL2	1	1
O14646	1491		False	CHD1	1	1
O14647	1546	91.0	True	CHD2	1	1
O14647	1637	48.0	True	CHD2	1	1
O14647	1685	33.0	True	CHD2	1	1
O14647	1718	24.0	True	CHD2	1	1
O14647	1742	1.0	True	CHD2	1	1
O14647	1743	1.0	True	CHD2	1	1
O14649	64		False	KCNK3	1	1
O14654	116	268.0	False	IRS4	1	1
O14654	384	13.0	True	IRS4	1	1
O14654	397	1.0	True	IRS4	1	1
O14654	398	1.0	True	IRS4	1	1
O14654	410	12.0	True	IRS4	1	1
O14654	442	2.0	True	IRS4	1	1
O14654	444	2.0	True	IRS4	1	1
O14654	661	23.0	True	IRS4	1	1
O14654	684	23.0	True	IRS4	1	1
O14654	741	8.0	True	IRS4	1	1
O14654	749	8.0	True	IRS4	1	1
O14654	839	74.0	True	IRS4	1	1
O14654	913	39.0	True	IRS4	1	1
O14654	952	39.0	True	IRS4	1	1
O14654	1097	79.0	True	IRS4	1	1
O14654	1176	79.0	True	IRS4	1	1
O14686	2188	255.0	False	KMT2D	1	1
O14686	2443	28.0	True	KMT2D	2	2
O14686	2471	28.0	True	MLL2	2	2
O14686	2535	64.0	True	KMT2D	1	1
O14686	2771	3.0	True	KMT2D	1	1
O14686	2774	3.0	True	MLL2	1	1
O14686	2801	27.0	True	KMT2D	1	1
O14686	2836	24.0	True	KMT2D	1	1
O14686	2860	21.0	True	KMT2D	1	1
O14686	2881	21.0	True	MLL2	1	1
O14686	2903	2.0	True	MLL2	2	2
O14686	2905	2.0	True	MLL2	2	2
O14686	2915	7.0	True	MLL2	1	1
O14686	2922	7.0	True	MLL2	1	1
O14686	3626	81.0	True	MLL2	1	1
O14686	3707	12.0	True	KMT2D	1	1
O14686	3719	8.0	True	MLL2	1	1
O14686	3727	8.0	True	KMT2D	3	3
O14686	3851	124.0	False	MLL2	1	1
O14686	4198	14.0	True	KMT2D	1	1
O14686	4212	14.0	True	KMT2D	2	2
O14686	4966	9.0	True	KMT2D	1	1
O14686	4975	3.0	True	KMT2D	1	1
O14686	4978	3.0	True	KMT2D	1	1
O14686	5266	288.0	False	KMT2D	1	1
O14715	890	237.0	False	RGPD8	1	1
O14715	1127	237.0	False	RGPD8	1	1
O14737	10	3.0	True	PDCD5	1	1
O14737	13	3.0	True	PDCD5	1	1
O14737	79	66.0	True	PDCD5	1	1
O14744	348		False	PRMT5	1	1
O14745	58	49.0	True	SLC9A3R1	1	1
O14745	107	49.0	True	SLC9A3R1	1	1
O14745	180	73.0	True	SLC9A3R1	1	1
O14757	419	1.0	True	CHEK1	1	1
O14757	420	1.0	True	CHEK1	1	1
O14771	147		False	ZNF213	1	1
O14776	13	7.0	True	TCERG1	1	1
O14776	20	7.0	True	TCERG1	3	3
O14776	28	2.0	True	TCERG1	2	2
O14776	30	2.0	True	TCERG1	2	2
O14776	41	7.0	True	TCERG1	2	2
O14776	48	7.0	True	TCERG1	2	2
O14776	588	492.0	False	TCERG1	1	1
O14776	1080	492.0	False	TCERG1	1	1
O14777	20	133.0	False	NDC80	1	1
O14777	153	133.0	False	NDC80	1	1
O14787	802		False	TNPO2	1	1
O14802	353	652.0	False	POLR3A	1	1
O14802	1005	652.0	False	POLR3A	1	1
O14818	36	127.0	False	PSMA7	1	1
O14818	163	6.0	True	PSMA7	1	1
O14818	169	6.0	True	PSMA7	1	1
O14818	212	1.0	True	PSMA7	1	1
O14818	213	1.0	True	PSMA7	1	1
O14867	562		False	BACH1	1	1
O14893	54		False	GEMIN2	1	1
O14908	24	172.0	False	GIPC1	1	1
O14908	196	7.0	True	GIPC1	1	1
O14908	203	7.0	True	GIPC1	1	1
O14908	229	11.0	True	GIPC1	1	1
O14908	240	4.0	True	GIPC1	2	2
O14908	244	4.0	True	GIPC1	1	1
O14908	248	4.0	True	GIPC1	1	1
O14924	524	109.0	False	RGS12	2	2
O14924	633	10.0	True	RGS12	1	1
O14924	643	10.0	True	RGS12	1	1
O14929	286		False	HAT1	1	1
O14949	12	13.0	True	UQCRQ	1	1
O14949	25	13.0	True	UQCRQ	1	1
O14950	133		False	MYL12B	1	1
O14964	557		False	HGS	1	1
O14967	109		False	CLGN	1	1
O14976	439	753.0	False	GAK	1	1
O14976	1192	753.0	False	GAK	1	1
O14979	6	19.0	True	HNRNPDL	1	1
O14979	25	19.0	True	HNRNPDL	2	2
O14979	68	13.0	True	HNRPDL	1	1
O14979	81	1.0	True	HNRPDL	1	1
O14979	82	1.0	True	HNRPDL	1	1
O14979	189	107.0	False	HNRNPDL	1	1
O14979	332	4.0	True	HNRNPDL	1	1
O14979	336	2.0	True	HNRNPDL	1	1
O14979	338	2.0	True	HNRNPDL	1	1
O14979	340	2.0	True	HNRNPDL	1	1
O14979	408	68.0	True	HNRPDL	2	2
O14980	1038	5.0	True	XPO1	1	1
O14980	1043	5.0	True	XPO1	1	1
O15014	410	1.0	True	ZNF609	1	1
O15014	411	1.0	True	ZNF609	1	1
O15015	1660		False	ZNF646	1	1
O15018	283	5.0	True	PDZD2	1	1
O15018	288	5.0	True	PDZD2	1	1
O15020	1580		False	SPTBN2	1	1
O15021	164	664.0	False	MAST4	1	1
O15021	828	664.0	False	MAST4	1	1
O15021	1637	1.0	True	MAST4	1	1
O15021	1638	1.0	True	MAST4	1	1
O15027	229	89.0	True	SEC16A	1	1
O15027	318	89.0	True	SEC16A	1	1
O15027	585	197.0	False	SEC16A	1	1
O15027	782	197.0	False	SEC16A	1	1
O15027	1214	6.0	True	SEC16A	1	1
O15027	1220	4.0	True	SEC16A	1	1
O15027	1224	4.0	True	SEC16A	1	1
O15027	1366	142.0	False	SEC16A	1	1
O15027	1656	4.0	True	SEC16A	1	1
O15027	1660	4.0	True	SEC16A	1	1
O15031	1283	295.0	False	PLXNB2	1	1
O15031	1578	295.0	False	PLXNB2	1	1
O15037	339	55.0	True	KHNYN	1	1
O15037	394	2.0	True	KHNYN	1	1
O15037	396	2.0	True	KHNYN	1	1
O15037	405	9.0	True	KHNYN	1	1
O15037	526	34.0	True	KHNYN	1	1
O15037	560	34.0	True	KHNYN	1	1
O15042	137	337.0	False	U2SURP	1	1
O15042	474	73.0	True	U2SURP	1	1
O15042	547	73.0	True	U2SURP	1	1
O15047	106	170.0	False	SETD1A	1	1
O15047	276	99.0	True	SETD1A	1	1
O15047	375	3.0	True	SETD1A	1	1
O15047	378	3.0	True	SETD1A	1	1
O15047	885	342.0	False	SETD1A	1	1
O15047	1227	3.0	True	SETD1A	2	2
O15047	1230	3.0	True	SETD1A	1	1
O15050	1009		False	TRANK1	1	1
O15061	136	1351.0	False	SYNM	1	1
O15061	1487	1351.0	False	SYNM	1	1
O15062	526		False	ZBTB5	1	1
O15066	742		False	KIF3B	1	1
O15067	118	5.0	True	PFAS	1	1
O15067	123	5.0	True	PFAS	1	1
O15067	231	51.0	True	PFAS	1	1
O15067	282	20.0	True	PFAS	1	1
O15067	302	20.0	True	PFAS	1	1
O15067	1033	731.0	False	PFAS	1	1
O15069	1101		False	NACAD	1	1
O15083	194	3.0	True	ERC2	1	1
O15083	197	3.0	True	ERC2	1	1
O15083	203	6.0	True	ERC2	1	1
O15119	737		False	TBX3	1	1
O15156	200	2.0	True	ZBTB7B	1	1
O15156	202	2.0	True	ZBTB7B	1	1
O15160	120	5.0	True	POLR1C	1	1
O15160	125	5.0	True	POLR1C	1	1
O15164	469	12.0	True	TRIM24	1	1
O15164	481	12.0	True	TRIM24	1	1
O15164	539	9.0	True	TRIM24	2	2
O15164	548	9.0	True	TRIM24	1	1
O15164	694	146.0	False	TRIM24	1	1
O15165	140		False	LDLRAD4	1	1
O15169	576		False	AXIN1	1	1
O15173	109	40.0	True	PGRMC2	1	1
O15173	149	17.0	True	PGRMC2	1	1
O15173	166	17.0	True	PGRMC2	1	1
O15182	125		False	CETN3	1	1
O15209	236		False	ZBTB22	1	1
O15226	656		False	NKRF	1	1
O15230	4		False	LAMA5	1	1
O15231	295		False	ZNF185	2	2
O15234	52	3.0	True	CASC3	1	1
O15234	55	3.0	True	CASC3	1	1
O15234	194	112.0	False	CASC3	1	1
O15234	306	17.0	True	CASC3	1	1
O15234	323	4.0	True	CASC3	1	1
O15234	327	4.0	True	CASC3	1	1
O15234	397	70.0	True	CASC3	1	1
O15234	490	28.0	True	CASC3	1	1
O15234	518	28.0	True	CASC3	1	1
O15235	68		False	MRPS12	1	1
O15239	59		False	NDUFA1	1	1
O15265	531		False	ATXN7	1	1
O15270	550		False	SPTLC2	1	1
O15318	7	2.0	True	POLR3G	1	1
O15318	9	2.0	True	POLR3G	1	1
O15344	68	535.0	False	MID1	1	1
O15344	603	535.0	False	MID1	1	1
O15347	24		False	HMGB3	1	1
O15355	22		False	PPM1G	2	2
O15357	198	880.0	False	INPPL1	1	1
O15357	1078	2.0	True	INPPL1	1	1
O15357	1080	2.0	True	INPPL1	1	1
O15357	1086	6.0	True	INPPL1	1	1
O15357	1096	10.0	True	INPPL1	1	1
O15357	1142	14.0	True	INPPL1	1	1
O15357	1156	14.0	True	INPPL1	1	1
O15360	683		False	FANCA	1	1
O15370	145	3.0	True	SOX12	1	1
O15370	148	3.0	True	SOX12	1	1
O15371	87	8.0	True	EIF3D	1	1
O15371	95	2.0	True	EIF3D	1	2
O15371	97	2.0	True	EIF3D	2	2
O15371	99	2.0	True	EIF3D	2	2
O15371	103	4.0	True	EIF3D	2	2
O15371	208	105.0	False	EIF3D	1	1
O15372	105		False	EIF3H	1	1
O15397	271	730.0	False	IPO8	1	1
O15397	1001	730.0	False	IPO8	1	1
O15417	212	595.0	False	TNRC18	1	1
O15417	807	595.0	False	TNRC18	1	1
O15417	2278	1471.0	False	TNRC18	1	1
O15439	37	1.0	True	ABCC4	1	1
O15439	38	1.0	True	ABCC4	1	1
O15446	146	2.0	True	CD3EAP	1	1
O15446	148	2.0	True	CD3EAP	1	1
O15446	162	14.0	True	CD3EAP	1	1
O15481	242		False	MAGEB4	1	1
O15488	491	7.0	True	GYG2	1	1
O15488	498	7.0	True	GYG2	1	1
O15498	107		False	YKT6	1	1
O15504	32	13.0	True	NUPL2	1	1
O15504	45	13.0	True	NUPL2	1	1
O15511	74	69.0	True	ARPC5	1	1
O15511	143	69.0	True	ARPC5	1	1
O15516	702		False	CLOCK	1	1
O15519	122		False	CFLAR	1	1
O15523	75	3.0	True	DDX3Y	1	1
O15523	78	3.0	True	DDX3Y	1	1
O15523	87	5.0	True	DDX3Y	1	1
O15523	92	5.0	True	DDX3Y	1	1
O15523	98	6.0	True	DDX3Y	1	1
O15523	313	47.0	True	DDX3Y	1	1
O15523	360	47.0	True	DDX3Y	1	1
O15523	473	3.0	True	DDX3Y	1	1
O15523	476	3.0	True	DDX3Y	1	1
O15523	590	8.0	True	DDX3Y	1	1
O15523	598	8.0	True	DDX3Y	1	1
O15523	615	15.0	True	DDX3Y	1	1
O15523	630	15.0	True	DDX3Y	1	1
O15534	576	227.0	False	PER1	1	1
O15534	803	2.0	True	PER1	1	1
O15534	805	2.0	True	PER1	1	1
O15534	820	15.0	True	PER1	1	1
O15534	892	72.0	True	PER1	1	1
O15552	255	26.0	True	FFAR2	1	1
O15552	281	5.0	True	FFAR2	1	1
O15552	286	5.0	True	FFAR2	1	1
O15553	151		False	MEFV	1	1
O43143	42	2.0	True	DHX15	1	1
O43143	44	2.0	True	DHX15	1	1
O43143	670	626.0	False	DHX15	1	1
O43147	412	7.0	True	SGSM2	1	1
O43147	419	7.0	True	SGSM2	1	1
O43149	1532		False	ZZEF1	1	1
O43157	2051		False	PLXNB1	1	1
O43159	401		False	RRP8	1	1
O43172	345		False	PRPF4	1	1
O43175	7	68.0	True	PHGDH	1	1
O43175	75	68.0	True	PHGDH	1	1
O43175	236	11.0	True	PHGDH	1	1
O43175	247	11.0	True	PHGDH	1	1
O43175	268	2.0	True	PHGDH	1	1
O43175	270	2.0	True	PHGDH	1	1
O43182	84	44.0	True	ARHGAP6	1	1
O43182	128	44.0	True	ARHGAP6	1	1
O43182	207	79.0	True	ARHGAP6	1	1
O43184	430	19.0	True	ADAM12	1	1
O43184	449	19.0	True	ADAM12	1	1
O43189	530		False	PHF1	1	1
O43193	136		False	MLNR	1	1
O43237	386	7.0	True	DYNC1LI2	1	1
O43237	393	4.0	True	DYNC1LI2	1	1
O43237	397	4.0	True	DYNC1LI2	3	3
O43251	138	37.0	True	RBM9	1	1
O43251	175	37.0	True	RBM9	1	1
O43251	281	5.0	True	RBFOX2	1	1
O43251	286	2.0	True	RBFOX2	1	1
O43251	288	2.0	True	RBFOX2	1	1
O43251	290	2.0	True	RBFOX2	1	1
O43251	297	7.0	True	RBFOX2	1	1
O43251	329	32.0	True	RBFOX2	2	2
O43251	381	5.0	True	RBFOX2	2	2
O43251	386	5.0	True	RBFOX2	2	2
O43252	47	64.0	True	PAPSS2	1	1
O43252	111	1.0	True	PAPSS1	1	1
O43252	112	1.0	True	PAPSS1	1	1
O43252	354	242.0	False	PAPSS1	1	1
O43290	208	177.0	False	SART1	1	1
O43290	385	177.0	False	SART1	1	1
O43290	692	307.0	False	SART1	1	1
O43293	439	15.0	True	DAPK3	1	1
O43293	454	15.0	True	DAPK3	1	1
O43299	151	28.0	True	AP5Z1	1	1
O43299	179	25.0	True	AP5Z1	1	1
O43299	204	25.0	True	AP5Z1	1	1
O43307	116		False	ARHGEF9	1	1
O43314	1100		False	PPIP5K2	1	1
O43324	168		False	EEF1E1	1	1
O43347	197	2.0	True	MSI1	1	1
O43347	199	2.0	True	MSI1	1	1
O43347	201	2.0	True	MSI1	1	1
O43353	26		False	RIPK2	1	1
O43379	1131		False	WDR62	1	1
O43390	69	126.0	False	HNRNPR	1	1
O43390	195	94.0	True	HNRNPR	1	1
O43390	289	94.0	True	HNRNPR	1	1
O43390	384	57.0	True	HNRNPR	1	1
O43390	441	6.0	True	HNRNPR	1	1
O43390	447	2.0	True	HNRNPR	1	1
O43390	449	2.0	True	HNRNPR	1	1
O43390	455	6.0	True	HNRNPR	1	1
O43390	483	17.0	True	HNRNPR	1	1
O43390	500	2.0	True	HNRNPR	2	2
O43390	502	2.0	True	HNRNPR	2	2
O43390	506	3.0	True	HNRNPR	1	1
O43390	509	3.0	True	HNRNPR	1	1
O43390	516	7.0	True	HNRNPR	1	1
O43390	532	14.0	True	HNRNPR	2	2
O43390	546	10.0	True	HNRNPR	1	1
O43390	556	10.0	True	HNRNPR	1	1
O43390	573	17.0	True	HNRNPR	1	1
O43395	61		False	PRPF3	1	1
O43399	50		False	TPD52L2	1	1
O43402	194		False	COX4NB	1	1
O43414	12	2.0	True	ERI3	1	1
O43414	14	2.0	True	ERI3	1	1
O43424	880	33.0	True	GRID2	1	1
O43424	913	33.0	True	GRID2	1	1
O43426	284	1125.0	False	SYNJ1	1	1
O43426	1409	1125.0	False	SYNJ1	1	1
O43427	168		False	FIBP	1	1
O43432	669	4.0	True	EIF4G3	1	1
O43432	673	4.0	True	EIF4G3	1	1
O43432	692	19.0	True	EIF4G3	2	2
O43432	948	256.0	False	EIF4G3	1	1
O43447	44	8.0	True	PPIH	1	1
O43447	52	8.0	True	PPIH	1	1
O43464	5	3.0	True	HTRA2	1	1
O43464	8	3.0	True	HTRA2	1	1
O43464	15	7.0	True	HTRA2	1	1
O43464	80	65.0	True	HTRA2	1	1
O43464	339	259.0	False	HTRA2	1	1
O43482	7	4.0	True	OIP5	1	1
O43482	11	4.0	True	OIP5	1	1
O43488	49	1.0	True	AKR7A2	1	1
O43488	50	1.0	True	AKR7A2	1	1
O43488	61	11.0	True	AKR7A2	1	1
O43488	250	189.0	False	AKR7A2	1	1
O43491	60	12.0	True	EPB41L2	1	1
O43491	72	12.0	True	EPB41L2	1	1
O43491	534	234.0	False	EPB41L2	1	1
O43491	768	234.0	False	EPB41L2	1	1
O43497	17	2105.0	False	CACNA1G	1	1
O43497	2122	6.0	True	CACNA1G	1	1
O43497	2128	3.0	True	CACNA1G	1	1
O43497	2131	1.0	True	CACNA1G	1	1
O43497	2132	1.0	True	CACNA1G	1	1
O43516	33	92.0	True	WIPF1	2	2
O43516	125	9.0	True	WIPF1	2	2
O43516	134	9.0	True	WIPF1	2	2
O43516	149	15.0	True	WIPF1	1	1
O43516	211	15.0	True	WIPF1	2	2
O43516	226	10.0	True	WIPF1	1	1
O43516	236	10.0	True	WIPF1	1	1
O43516	249	9.0	True	WIPF1	1	1
O43516	258	9.0	True	WIPF1	1	1
O43516	274	5.0	True	WIPF1	1	1
O43516	279	5.0	True	WIPF1	1	1
O43516	415	78.0	True	WIPF1	2	2
O43516	493	78.0	True	WIPF1	2	2
O43520	1206		False	ATP8B1	1	1
O43541	75		False	SMAD6	1	1
O43566	37		False	RGS14	1	1
O43572	2	7.0	True	AKAP10	1	1
O43572	9	7.0	True	AKAP10	1	1
O43593	574		False	HR	1	1
O43598	30	3.0	True	RCL	1	1
O43598	33	3.0	True	RCL	1	1
O43598	36	3.0	True	RCL	1	1
O43598	41	5.0	True	RCL	1	1
O43598	48	7.0	True	RCL	1	1
O43598	65	17.0	True	RCL	1	1
O43598	132	67.0	True	RCL	1	1
O43638	116	8.0	True	FOXS1	1	1
O43638	124	8.0	True	FOXS1	1	1
O43657	160		False	TSPAN6	1	1
O43663	111	138.0	False	PRC1	1	1
O43663	249	32.0	True	PRC1	1	1
O43663	281	32.0	True	PRC1	1	1
O43663	474	1.0	True	PRC1	1	1
O43663	475	1.0	True	PRC1	1	1
O43665	4	7.0	True	RGS10	1	1
O43665	11	7.0	True	RGS10	1	1
O43670	468	9.0	True	ZNF207	1	1
O43670	477	9.0	True	ZNF207	1	1
O43678	8		False	NDUFA2	1	1
O43679	241		False	LDB2	1	1
O43681	326		False	ASNA1	1	1
O43684	50	76.0	True	BUB3	1	1
O43684	126	23.0	True	BUB3	1	1
O43684	149	23.0	True	BUB3	1	1
O43684	186	37.0	True	BUB3	1	1
O43707	79	201.0	False	ACTN4	1	1
O43707	280	30.0	True	ACTN4	1	1
O43707	310	9.0	True	ACTN4	1	1
O43707	319	9.0	True	ACTN4	1	1
O43707	407	62.0	True	ACTN2	1	1
O43707	469	62.0	True	ACTN4	1	1
O43707	805	63.0	True	ACTN4	1	1
O43707	868	63.0	True	ACTN4	1	1
O43709	7	227.0	False	WBSCR22	1	1
O43709	234	4.0	True	WBSCR22	1	1
O43709	238	3.0	True	WBSCR22	1	1
O43709	241	1.0	True	WBSCR22	1	1
O43709	242	1.0	True	WBSCR22	1	1
O43715	21		False	TRIAP1	1	1
O43716	68		False	GATC	1	1
O43719	17	190.0	False	HTATSF1	1	1
O43719	207	102.0	False	HTATSF1	1	1
O43719	309	58.0	True	HTATSF1	1	1
O43719	367	13.0	True	HTATSF1	1	1
O43719	380	3.0	True	HTATSF1	1	1
O43719	383	1.0	True	HTATSF1	1	1
O43719	384	1.0	True	HTATSF1	1	1
O43719	393	7.0	True	HTATSF1	1	1
O43719	400	7.0	True	HTATSF1	1	1
O43734	314		False	TRAF3IP2	1	1
O43760	18		False	SYNGR2	1	1
O43765	76	55.0	True	SGTA	1	1
O43765	131	55.0	True	SGTA	1	1
O43772	166		False	SLC25A20	1	1
O43776	90	34.0	True	NARS	1	1
O43776	124	34.0	True	NARS	1	1
O43776	451	327.0	False	NARS	1	1
O43809	8	7.0	True	NUDT21	1	1
O43809	15	7.0	True	NUDT21	3	3
O43815	686		False	STRN	1	1
O43818	10	112.0	False	RRP9	2	2
O43818	122	21.0	True	RRP9	1	1
O43818	143	21.0	True	RRP9	1	1
O43819	243		False	SCO2	1	1
O43823	109	79.0	True	AKAP8	1	1
O43823	188	2.0	True	AKAP8	2	2
O43823	190	2.0	True	AKAP8	2	2
O43823	194	4.0	True	AKAP8	1	1
O43823	198	4.0	True	AKAP8	1	1
O43823	233	9.0	True	AKAP8	2	2
O43823	242	9.0	True	AKAP8	1	1
O43823	277	4.0	True	AKAP8	2	2
O43823	281	4.0	True	AKAP8	1	1
O43824	42	13.0	True	GTPBP6	1	1
O43824	55	3.0	True	GTPBP6	1	1
O43824	58	3.0	True	GTPBP6	1	1
O43824	166	76.0	True	GTPBP6	1	1
O43824	242	5.0	True	GTPBP6	1	1
O43824	247	5.0	True	GTPBP6	1	1
O43852	111		False	CALU	1	1
O43865	249	169.0	False	AHCYL1	1	1
O43865	418	111.0	False	AHCYL1	1	1
O43865	529	111.0	False	AHCYL1	1	1
O43896	710	238.0	False	KIF1C	1	1
O43896	948	10.0	True	KIF1C	2	2
O43896	958	5.0	True	KIF1C	2	2
O43896	963	5.0	True	KIF1C	2	2
O43896	968	5.0	True	KIF1C	1	1
O43896	1041	31.0	True	KIF1C	3	3
O43896	1072	5.0	True	KIF1C	1	1
O43896	1077	5.0	True	KIF1C	1	1
O43900	7	3.0	True	PRICKLE3	1	1
O43900	10	3.0	True	PRICKLE3	1	1
O43924	23		False	PDE6D	1	1
O43929	260		False	ORC4	1	1
O60216	554	1.0	True	RAD21	1	1
O60216	555	1.0	True	RAD21	1	1
O60216	559	4.0	True	RAD21	1	1
O60218	70	148.0	False	AKR1B10	1	1
O60218	218	148.0	False	AKR1B10	1	1
O60229	1036	1221.0	False	KALRN	1	1
O60229	2257	1221.0	False	KALRN	1	1
O60231	65		False	DHX16	1	1
O60232	44		False	SSSCA1	1	1
O60237	853		False	PPP1R12B	1	1
O60241	1375	8.0	True	ADGRB2	1	1
O60241	1383	1.0	True	ADGRB2	1	1
O60241	1384	1.0	True	ADGRB2	1	1
O60244	1123	23.0	True	MED14	1	1
O60244	1146	23.0	True	MED14	1	1
O60264	616	358.0	False	SMARCA5	1	1
O60264	974	70.0	True	SMARCA5	1	1
O60264	1044	70.0	True	SMARCA5	1	1
O60269	119	7.0	True	GPRIN2	1	1
O60269	126	5.0	True	GPRIN2	1	1
O60269	131	5.0	True	GPRIN2	1	1
O60271	474	65.0	True	SPAG9	1	1
O60271	539	65.0	True	SPAG9	1	1
O60279	235		False	SUSD5	1	1
O60282	692	19.0	True	KIF5C	1	1
O60282	711	19.0	True	KIF5C	1	1
O60282	903	192.0	False	KIF5C	1	1
O60285	284		False	NUAK1	1	1
O60293	55	1.0	True	ZFC3H1	1	1
O60293	56	1.0	True	ZFC3H1	1	1
O60293	62	6.0	True	ZFC3H1	1	1
O60293	84	11.0	True	ZFC3H1	1	1
O60293	95	4.0	True	ZFC3H1	2	2
O60293	99	4.0	True	ZFC3H1	2	2
O60293	105	6.0	True	ZFC3H1	1	1
O60293	118	13.0	True	ZFC3H1	1	1
O60293	136	7.0	True	ZFC3H1	1	1
O60293	143	2.0	True	ZFC3H1	1	1
O60293	145	2.0	True	ZFC3H1	1	1
O60294	9		False	LCMT2	1	1
O60299	72		False	PROSAPIP1	1	1
O60307	878	14.0	True	MAST3	1	1
O60307	892	14.0	True	MAST3	1	1
O60313	733	91.0	True	OPA1	1	1
O60313	824	91.0	True	OPA1	1	1
O60318	331	118.0	False	MCM3AP	1	1
O60318	449	118.0	False	MCM3AP	1	1
O60331	459		False	PIP5K1C	1	1
O60333	11	2.0	True	KIF1B	1	1
O60333	13	2.0	True	KIF1B	1	1
O60341	187	651.0	False	KDM1A	1	1
O60341	838	651.0	False	KDM1A	1	1
O60343	577		False	TBC1D4	1	1
O60346	96		False	PHLPP1	1	1
O60347	153		False	TBC1D12	1	1
O60462	507	54.0	True	NRP2	1	1
O60462	561	54.0	True	NRP2	1	1
O60469	1644		False	DSCAM	1	1
O60477	358		False	BRINP1	1	1
O60486	1127	1.0	True	PLXNC1	1	1
O60486	1128	1.0	True	PLXNC1	1	1
O60493	43	2.0	True	SNX3	3	3
O60493	45	2.0	True	SNX3	2	3
O60493	118	73.0	True	SNX3	1	1
O60494	1469		False	CUBN	1	1
O60504	594		False	SORBS3	1	1
O60506	192	94.0	True	SYNCRIP	1	1
O60506	286	94.0	True	HNRNPR	1	1
O60506	381	63.0	True	SYNCRIP	1	1
O60506	444	2.0	True	SYNCRIP	2	2
O60506	446	2.0	True	SYNCRIP	1	2
O60506	448	2.0	True	SYNCRIP	1	1
O60506	451	3.0	True	SYNCRIP	1	1
O60506	478	18.0	True	SYNCRIP	2	2
O60506	496	2.0	True	SYNCRIP	3	3
O60506	498	2.0	True	SYNCRIP	2	3
O60506	501	3.0	True	SYNCRIP	2	2
O60506	504	3.0	True	SYNCRIP	1	1
O60506	510	6.0	True	SYNCRIP	2	2
O60506	518	2.0	True	SYNCRIP	1	2
O60506	520	2.0	True	SYNCRIP	1	2
O60506	526	6.0	True	SYNCRIP	2	2
O60506	533	3.0	True	SYNCRIP	1	1
O60506	536	3.0	True	SYNCRIP	1	1
O60506	539	3.0	True	SYNCRIP	1	1
O60506	557	8.0	True	SYNCRIP	1	1
O60506	565	8.0	True	SYNCRIP	1	1
O60506	577	1.0	True	SYNCRIP	1	1
O60506	578	1.0	True	SYNCRIP	1	1
O60508	431	1.0	True	CDC40	1	1
O60508	432	1.0	True	CDC40	1	1
O60518	819		False	RANBP6	1	1
O60519	17		False	CREBL2	1	1
O60547	55		False	GMDS	1	1
O60566	919		False	BUB1B	1	1
O60568	76	335.0	False	PLOD3	1	1
O60568	411	335.0	False	PLOD3	1	1
O60573	231	10.0	True	EIF4E2	1	1
O60573	241	10.0	True	EIF4E2	2	2
O60610	12	3.0	True	DIAPH1	2	2
O60610	15	3.0	True	DIAPH1	1	1
O60613	125		False	SELENOF	1	1
O60664	245		False	PLIN3	1	1
O60678	178	22.0	True	PRMT3	1	1
O60678	200	22.0	True	PRMT3	1	1
O60683	136	6.0	True	PEX10	1	1
O60683	142	6.0	True	PEX10	1	1
O60684	28	100.0	True	KPNA6	1	1
O60684	128	100.0	True	KPNA6	1	1
O60716	101	141.0	False	CTNND1	1	1
O60716	242	7.0	True	CTNND1	1	1
O60716	249	4.0	True	CTNND1	1	1
O60716	253	4.0	True	CTNND1	1	1
O60716	649	5.0	True	CTNND1	1	1
O60716	654	5.0	True	CTNND1	1	1
O60716	735	81.0	True	CTNND1	1	1
O60749	259	24.0	True	SNX2	1	1
O60749	283	24.0	True	SNX2	1	1
O60755	129	225.0	False	GALR3	1	1
O60755	354	11.0	True	GALR3	1	1
O60755	365	11.0	True	GALR3	1	1
O60760	193		False	HPGDS	1	1
O60762	234		False	DPM1	1	1
O60763	5	24.0	True	USO1	1	1
O60763	29	10.0	True	USO1	1	1
O60763	39	1.0	True	USO1	1	1
O60763	40	1.0	True	USO1	1	1
O60763	670	630.0	False	USO1	1	1
O60765	230		False	ZNF354A	1	1
O60813	248		False	PRAMEF11	1	1
O60814	73	7.0	True	H2BC12	2	2
O60814	80	7.0	True	H2BC12	1	1
O60814	87	6.0	True	H2BC12	1	1
O60814	93	6.0	True	H2BC12	1	1
O60814	100	7.0	True	H2BC12	1	1
O60828	10	204.0	False	PQBP1	1	1
O60828	214	204.0	False	PQBP1	1	1
O60829	12		False	PAGE4	1	1
O60830	49		False	TIMM17B	1	1
O60841	715		False	EIF5B	1	1
O60869	13	59.0	True	EDF1	1	1
O60869	72	59.0	True	EDF1	1	1
O60870	36		False	KIN	1	1
O60880	109		False	SH2D1A	1	1
O60884	68	95.0	True	DNAJA2	1	1
O60884	163	95.0	True	DNAJA2	1	1
O60884	387	224.0	False	DNAJA2	1	1
O60885	179	2.0	True	BRD4	1	1
O60885	181	2.0	True	BRD4	1	1
O60885	183	2.0	True	BRD4	1	1
O60885	453	270.0	False	BRD4	1	1
O60907	14	4.0	True	TBL1X	1	1
O60907	18	4.0	True	TBL1X	1	1
O60930	52	123.0	False	RNASEH1	1	1
O60930	175	4.0	True	RNASEH1	1	1
O60930	179	4.0	True	RNASEH1	1	1
O60942	34		False	RNGTT	1	1
O75023	69		False	LILRB5	1	1
O75027	10		False	ABCB7	1	1
O75030	330		False	MITF	1	1
O75037	1201		False	KIF21B	1	1
O75052	268		False	NOS1AP	1	1
O75061	95		False	DNAJC6	1	1
O75064	303	2.0	True	DENND4B	1	1
O75064	305	2.0	True	DENND4B	1	1
O75064	731	237.0	False	DENND4B	1	1
O75064	968	237.0	False	DENND4B	1	1
O75083	17	66.0	True	WDR1	1	1
O75083	83	66.0	True	WDR1	1	1
O75083	396	313.0	False	WDR1	1	1
O75096	1833		False	LRP4	1	1
O75112	165		False	LDB3	1	1
O75113	509	8.0	True	N4BP1	1	1
O75113	517	8.0	True	N4BP1	1	1
O75122	322	69.0	True	CLASP2	1	1
O75122	391	69.0	True	CLASP2	1	1
O75122	710	190.0	False	CLASP2	1	1
O75122	900	190.0	False	CLASP2	1	1
O75123	525		False	ZNF623	1	1
O75127	235		False	PTCD1	2	2
O75128	1150	8.0	True	COBL	1	1
O75128	1158	8.0	True	COBL	1	1
O75145	1114	1.0	True	PPFIA3	1	1
O75145	1115	1.0	True	PPFIA3	1	1
O75150	201		False	RNF40	1	1
O75152	193	5.0	True	ZC3H11A	1	1
O75152	198	5.0	True	ZC3H11A	1	1
O75152	507	309.0	False	ZC3H11A	1	1
O75155	1087		False	CAND2	1	1
O75175	635	5.0	True	CNOT3	1	1
O75175	640	5.0	True	CNOT3	1	1
O75179	52	113.0	False	ANKRD17	1	1
O75179	165	37.0	True	ANKRD17	1	1
O75179	202	37.0	True	ANKHD1	1	1
O75179	1274	68.0	True	ANKRD17	1	1
O75179	1342	68.0	True	ANKRD17	1	1
O75179	1743	33.0	True	ANKRD17	2	2
O75179	1776	33.0	True	ANKRD17	1	1
O75179	1948	172.0	False	ANKRD17	1	1
O75179	2179	231.0	False	ANKRD17	1	1
O75182	19	6.0	True	SIN3B	1	1
O75182	25	6.0	True	SIN3B	1	1
O75190	135		False	DNAJB6	1	1
O75208	183	93.0	True	COQ9	1	1
O75208	276	93.0	True	COQ9	1	1
O75251	75		False	NDUFS7	1	1
O75306	118	148.0	False	NDUFS2	2	2
O75306	266	57.0	True	NDUFS2	1	1
O75306	323	57.0	True	NDUFS2	1	1
O75319	8	5.0	True	DUSP11	1	1
O75319	13	5.0	True	DUSP11	1	1
O75319	251	14.0	True	DUSP11	1	1
O75319	265	14.0	True	DUSP11	1	1
O75319	304	15.0	True	DUSP11	1	1
O75319	319	15.0	True	DUSP11	1	1
O75323	164	26.0	True	NIPSNAP2	1	1
O75323	190	26.0	True	GBAS	1	1
O75323	249	59.0	True	GBAS	1	1
O75326	207		False	SEMA7A	1	1
O75335	1133		False	PPFIA4	1	1
O75340	34	40.0	True	PDCD6	1	1
O75340	74	40.0	True	PDCD6	1	1
O75342	170		False	ALOX12B	1	1
O75347	98		False	TBCA	1	1
O75348	48		False	ATP6V1G1	1	1
O75367	27	219.0	False	H2AFY	1	1
O75367	246	219.0	False	H2AFY	1	1
O75369	36	226.0	False	FLNB	1	1
O75369	262	226.0	False	FLNB	1	1
O75369	955	14.0	True	FLNB	1	1
O75369	969	14.0	True	FLNB	1	1
O75369	1438	469.0	False	FLNB	1	1
O75369	2004	6.0	True	FLNB	1	1
O75369	2010	6.0	True	FLNB	1	1
O75369	2172	25.0	True	FLNB	1	1
O75369	2197	25.0	True	FLNB	1	1
O75376	67	298.0	False	NCOR1	1	1
O75376	365	199.0	False	NCOR1	1	1
O75376	564	6.0	True	NCOR1	1	1
O75376	570	2.0	True	NCOR1	1	1
O75376	572	2.0	True	NCOR1	1	1
O75376	844	272.0	False	NCOR1	1	1
O75376	1494	7.0	True	NCOR1	1	1
O75376	1501	7.0	True	NCOR1	1	1
O75376	1552	9.0	True	NCOR1	1	1
O75376	1561	9.0	True	NCOR1	1	1
O75376	1576	13.0	True	NCOR1	1	1
O75376	1589	13.0	True	NCOR1	2	2
O75376	1628	5.0	True	NCOR1	1	1
O75376	1633	5.0	True	NCOR1	1	1
O75376	1638	5.0	True	NCOR1	1	1
O75376	1650	12.0	True	NCOR1	1	1
O75376	1747	8.0	True	NCOR1	1	1
O75376	1755	7.0	True	NCOR1	1	1
O75376	1762	7.0	True	NCOR1	1	1
O75381	351		False	PEX14	1	1
O75382	139	476.0	False	TRIM3	1	1
O75382	615	476.0	False	TRIM3	1	1
O75385	529	3.0	True	ULK1	1	1
O75385	532	3.0	True	ULK1	1	1
O75385	535	3.0	True	ULK1	1	1
O75390	183		False	CS	1	1
O75400	2	7.0	True	PRPF40A	1	1
O75400	9	7.0	True	PRPF40A	2	2
O75400	51	1.0	True	PRPF40A	1	1
O75400	52	1.0	True	PRPF40A	1	1
O75400	74	22.0	True	PRPF40A	1	1
O75400	789	715.0	False	PRPF40A	2	2
O75419	524		False	CDC45	1	1
O75420	267	9.0	True	GIGYF1	1	1
O75420	276	9.0	True	GIGYF1	1	1
O75431	248		False	MTX2	1	1
O75445	649		False	USH2A	1	1
O75449	148		False	KATNA1	1	1
O75467	46	173.0	False	ZNF324	1	1
O75467	219	4.0	True	ZNF324	1	1
O75467	223	4.0	True	ZNF324	1	1
O75475	182		False	PSIP1	1	1
O75493	328		False	CA11	1	1
O75494	15	7.0	True	FUSIP1	1	1
O75494	22	7.0	True	FUSIP1	1	1
O75494	51	11.0	True	FUSIP1	1	1
O75494	62	11.0	True	FUSIP1	2	2
O75494	73	11.0	True	SRSF10	1	1
O75494	90	17.0	True	FUSIP1	1	1
O75525	113	74.0	True	KHDRBS3	1	1
O75525	187	6.0	True	KHDRBS3	1	1
O75525	193	2.0	True	KHDRBS3	1	1
O75525	195	2.0	True	KHDRBS3	1	1
O75525	204	2.0	True	KHDRBS3	1	2
O75525	206	2.0	True	KHDRBS3	2	2
O75525	220	6.0	True	KHDRBS3	1	1
O75525	226	6.0	True	KHDRBS3	1	1
O75525	232	5.0	True	KHDRBS3	1	1
O75525	237	2.0	True	KHDRBS3	1	1
O75525	239	2.0	True	KHDRBS3	1	1
O75525	245	6.0	True	KHDRBS3	1	1
O75525	339	6.0	True	KHDRBS3	1	1
O75525	345	6.0	True	KHDRBS3	1	1
O75526	49	101.0	False	RBMXL2	1	1
O75526	150	101.0	False	RBMXL2	1	1
O75526	276	126.0	False	RBMXL2	1	1
O75528	402		False	TADA3	1	1
O75531	37	23.0	True	BANF1	1	1
O75531	60	15.0	True	BANF1	1	1
O75531	75	7.0	True	BANF1	1	1
O75531	82	7.0	True	BANF1	1	1
O75533	231	84.0	True	SF3B1	1	1
O75533	315	3.0	True	SF3B1	1	1
O75533	318	3.0	True	SF3B1	1	1
O75533	451	66.0	True	SF3B1	1	1
O75533	517	41.0	True	SF3B1	1	1
O75533	558	41.0	True	SF3B1	1	1
O75533	939	106.0	False	SF3B1	1	1
O75533	1045	106.0	False	SF3B1	1	1
O75533	1180	135.0	False	SF3B1	1	1
O75534	324	425.0	False	CSDE1	1	1
O75534	749	3.0	True	CSDE1	1	1
O75534	752	3.0	True	CSDE1	1	1
O75581	1518		False	LRP6	1	1
O75592	405	3015.0	False	MYCBP2	1	1
O75592	3420	3015.0	False	MYCBP2	1	1
O75607	19	8.0	True	NPM3	1	1
O75607	27	8.0	True	NPM3	2	2
O75626	371		False	PRDM1	1	1
O75638	57		False	CTAG2	1	1
O75643	25	402.0	False	SNRNP200	1	1
O75643	427	402.0	False	SNRNP200	1	1
O75676	743		False	RPS6KA4	1	1
O75694	723		False	NUP155	1	1
O75781	71	1.0	True	PALM	1	1
O75781	72	1.0	True	PALM	1	1
O75787	275		False	ATP6AP2	1	1
O75791	184	49.0	True	GRAP2	1	1
O75791	233	49.0	True	GRAP2	1	1
O75792	266	20.0	True	RNASEH2A	1	1
O75792	286	5.0	True	RNASEH2A	1	1
O75792	291	5.0	True	RNASEH2A	1	1
O75815	442		False	BCAR3	2	2
O75817	8		False	POP7	1	1
O75821	225		False	EIF3G	1	1
O75822	38		False	EIF3J	1	1
O75865	51		False	TRAPPC6A	1	1
O75882	1313	5.0	True	ATRN	1	1
O75882	1318	5.0	True	ATRN	1	1
O75882	1326	8.0	True	ATRN	1	1
O75884	152		False	RBBP9	1	1
O75891	112		False	ALDH1L1	1	1
O75896	9	25.0	True	TUSC2	1	1
O75896	34	25.0	True	TUSC2	1	1
O75909	575	5.0	True	CCNK	1	1
O75909	580	5.0	True	CCNK	1	1
O75911	48		False	DHRS3	1	1
O75920	36		False	SERF1A	1	1
O75923	79		False	DYSF	1	1
O75925	303		False	PIAS1	1	1
O75935	75		False	DCTN3	1	1
O75937	45	73.0	True	DNAJC8	1	1
O75937	118	73.0	True	DNAJC8	1	1
O75937	224	15.0	True	DNAJC8	1	1
O75937	239	4.0	True	DNAJC8	1	1
O75937	243	4.0	True	DNAJC8	1	1
O75940	184		False	SMNDC1	1	1
O75943	66		False	RAD17	1	1
O75955	274	1.0	True	FLOT1	1	1
O75955	275	1.0	True	FLOT1	1	1
O75962	1507	885.0	False	TRIO	1	1
O75962	2392	885.0	False	TRIO	1	1
O75969	249		False	AKAP3	1	1
O75970	1170	13.0	True	MPDZ	1	1
O75970	1183	13.0	True	MPDZ	1	1
O75976	1027	2.0	True	CPD	1	1
O75976	1029	2.0	True	CPD	1	1
O76003	188		False	GLRX3	1	1
O76021	160		False	RSL1D1	1	1
O76031	270	103.0	False	CLPX	1	1
O76031	373	103.0	False	CLPX	1	1
O76041	795	13.0	True	NEBL	3	3
O76041	808	13.0	True	NEBL	1	1
O76061	301		False	STC2	1	1
O76071	41	175.0	False	CIAO1	1	1
O76071	216	175.0	False	CIAO1	1	1
O76080	169		False	ZFAND5	1	1
O76087	13	2.0	True	GAGE7	1	1
O76087	15	1.0	True	GAGE7	1	1
O76087	16	1.0	True	GAGE7	1	1
O76093	71	1.0	True	FGF18	1	1
O76093	72	1.0	True	FGF18	1	1
O76094	90		False	SRP72	1	1
O77932	68	23.0	True	DOM3Z	1	1
O77932	91	23.0	True	DOM3Z	1	1
O94760	145	4.0	True	DDAH1	1	1
O94760	149	4.0	True	DDAH1	1	1
O94762	745		False	RECQL5	1	1
O94776	160	9.0	True	MTA2	1	1
O94776	169	9.0	True	MTA2	1	1
O94776	188	19.0	True	MTA2	1	1
O94776	551	363.0	False	MTA2	1	1
O94782	14		False	USP1	1	1
O94788	412		False	ALDH1A2	1	1
O94804	11	432.0	False	STK10	1	1
O94804	443	283.0	False	STK10	1	1
O94804	726	283.0	False	STK10	1	1
O94805	204		False	ACTL6B	1	1
O94819	542		False	KBTBD11	1	1
O94822	20		False	LTN1	1	1
O94826	69	2.0	True	TOMM70A	1	2
O94826	71	2.0	True	TOMM70	2	2
O94826	89	18.0	True	TOMM70A	1	1
O94832	501		False	MYO1D	1	1
O94842	421	60.0	True	TOX4	1	1
O94842	481	60.0	True	TOX4	2	2
O94855	278		False	SEC24D	1	1
O94874	10	63.0	True	UFL1	1	1
O94874	73	49.0	True	UFL1	1	1
O94874	122	49.0	True	UFL1	1	1
O94874	433	311.0	False	UFL1	2	2
O94876	117		False	TMCC1	1	1
O94885	920		False	SASH1	1	1
O94887	337	5.0	True	FARP2	1	1
O94887	342	5.0	True	FARP2	1	1
O94903	241		False	PLPBP	1	1
O94906	23	8.0	True	PRPF6	2	2
O94906	31	8.0	True	PRPF6	2	2
O94906	47	16.0	True	PRPF6	1	1
O94906	351	69.0	True	PRPF6	1	1
O94906	420	44.0	True	PRPF6	1	1
O94906	464	44.0	True	PRPF6	1	1
O94906	660	43.0	True	PRPF6	1	1
O94906	703	43.0	True	PRPF6	1	1
O94906	898	195.0	False	PRPF6	1	1
O94913	779	11.0	True	PCF11	1	1
O94913	790	11.0	True	PCF11	1	1
O94913	805	15.0	True	PCF11	2	2
O94913	820	13.0	True	PCF11	3	3
O94913	833	13.0	True	PCF11	3	3
O94913	847	8.0	True	PCF11	1	1
O94913	855	8.0	True	PCF11	2	2
O94913	864	9.0	True	PCF11	2	2
O94913	877	5.0	True	PCF11	2	2
O94913	882	5.0	True	PCF11	2	2
O94913	890	8.0	True	PCF11	2	2
O94913	903	5.0	True	PCF11	2	2
O94913	908	5.0	True	PCF11	1	1
O94913	916	8.0	True	PCF11	1	1
O94913	929	13.0	True	PCF11	2	2
O94913	942	13.0	True	PCF11	2	2
O94913	955	13.0	True	PCF11	2	2
O94913	968	13.0	True	PCF11	1	1
O94913	981	13.0	True	PCF11	2	2
O94913	994	13.0	True	PCF11	2	2
O94913	1007	12.0	True	PCF11	2	2
O94913	1019	11.0	True	PCF11	1	1
O94913	1030	8.0	True	PCF11	2	2
O94913	1038	8.0	True	PCF11	1	1
O94913	1051	11.0	True	PCF11	2	2
O94913	1062	3.0	True	PCF11	2	2
O94913	1065	3.0	True	PCF11	2	2
O94913	1074	9.0	True	PCF11	2	2
O94913	1086	7.0	True	PCF11	1	1
O94913	1093	7.0	True	PCF11	3	3
O94913	1104	11.0	True	PCF11	3	3
O94913	1115	11.0	True	PCF11	1	1
O94913	1329	214.0	False	PCF11	1	1
O94915	1943		False	FRYL	1	1
O94925	387		False	GLS	1	1
O94941	451		False	UBOX5	2	2
O94964	82	5.0	True	SOGA1	1	1
O94964	87	5.0	True	SOGA1	1	1
O94966	737	73.0	True	USP19	1	1
O94966	810	73.0	True	USP19	1	1
O94973	21	548.0	False	AP2A2	1	1
O94973	569	548.0	False	AP2A2	1	1
O94979	411	75.0	True	SEC31A	1	1
O94979	486	75.0	True	SEC31A	1	1
O94979	894	408.0	False	SEC31A	1	1
O94989	105		False	ARHGEF15	1	1
O94992	146	127.0	False	HEXIM1	1	1
O94992	273	58.0	True	HEXIM1	1	1
O94992	331	16.0	True	HEXIM1	1	1
O94992	347	16.0	True	HEXIM1	1	1
O95049	518		False	TJP3	1	1
O95071	23	55.0	True	UBR5	1	1
O95071	78	55.0	True	UBR5	1	1
O95071	146	68.0	True	UBR5	1	1
O95071	977	7.0	True	UBR5	1	1
O95071	984	7.0	True	UBR5	1	1
O95071	997	13.0	True	UBR5	1	1
O95071	2353	1356.0	False	UBR5	1	1
O95104	87	801.0	False	SCAF4	1	1
O95104	888	29.0	True	SCAF4	1	1
O95104	917	20.0	True	SCAF4	2	2
O95104	937	3.0	True	SCAF4	1	1
O95104	940	3.0	True	SCAF4	1	1
O95104	1086	146.0	False	SCAF4	1	1
O95140	343		False	MFN2	1	1
O95147	4	7.0	True	DUSP14	1	1
O95147	11	6.0	True	DUSP14	1	1
O95147	17	6.0	True	DUSP14	1	1
O95154	21		False	AKR7A3	1	1
O95155	13	123.0	False	UBE4B	1	1
O95155	136	1.0	True	UBE4B	1	1
O95155	137	1.0	True	UBE4B	1	1
O95166	28		False	GABARAP	1	1
O95168	31	92.0	True	NDUFB4	1	1
O95168	123	92.0	True	NDUFB4	1	1
O95169	170		False	NDUFB8	1	1
O95182	12		False	NDUFA7	1	1
O95197	754		False	RTN3	1	1
O95202	307	86.0	True	LETM1	1	1
O95202	393	86.0	True	LETM1	1	1
O95208	170		False	EPN2	1	1
O95218	61		False	ZRANB2	1	1
O95219	247		False	SNX4	1	1
O95232	67		False	LUC7L3	1	1
O95239	438	333.0	False	KIF4A	1	1
O95239	771	333.0	False	KIF4A	1	1
O95249	47	2.0	True	GOSR1	1	1
O95249	49	2.0	True	GOSR1	1	1
O95249	65	16.0	True	GOSR1	1	1
O95260	464	6.0	True	ATE1	1	1
O95260	470	6.0	True	ATE1	1	1
O95264	352		False	HTR3B	1	1
O95278	325		False	EPM2A	1	1
O95292	38		False	VAPB	1	1
O95297	151		False	MPZL1	1	1
O95319	165	17.0	True	CELF2	1	1
O95319	182	17.0	True	CELF2	1	1
O95336	81		False	PGLS	1	1
O95340	37	374.0	False	PAPSS2	1	1
O95340	411	374.0	False	PAPSS2	1	1
O95352	420		False	ATG7	1	1
O95359	20		False	TACC2	1	1
O95373	11		False	IPO7	1	1
O95382	27	2.0	True	MAP3K6	1	1
O95382	29	2.0	True	MAP3K6	1	1
O95382	86	57.0	True	MAP3K6	1	1
O95400	176	5.0	True	CD2BP2	1	1
O95400	181	5.0	True	CD2BP2	1	1
O95425	1201	2.0	True	SVIL	1	3
O95425	1203	2.0	True	SVIL	3	3
O95425	1217	14.0	True	SVIL	1	1
O95428	908		False	PAPLN	1	1
O95429	6	13.0	True	BAG4	1	1
O95429	19	13.0	True	BAG4	1	1
O95429	40	11.0	True	BAG4	2	2
O95429	51	2.0	True	BAG4	1	3
O95429	53	2.0	True	BAG4	3	3
O95429	108	2.0	True	BAG4	3	3
O95429	110	2.0	True	BAG4	1	3
O95429	185	16.0	True	BAG4	2	2
O95429	201	16.0	True	BAG4	1	1
O95429	237	36.0	True	BAG4	1	1
O95433	30	216.0	False	AHSA1	1	1
O95433	246	59.0	True	AHSA1	1	1
O95433	305	16.0	True	AHSA1	1	1
O95433	321	15.0	True	AHSA1	1	1
O95433	336	15.0	True	AHSA1	1	1
O95450	695		False	ADAMTS2	1	1
O95456	15	13.0	True	PSMG1	1	1
O95456	28	1.0	True	PSMG1	1	1
O95456	29	1.0	True	PSMG1	1	1
O95456	35	6.0	True	PSMG1	1	1
O95467	227		False	GNAS	1	1
O95476	231		False	CTDNEP1	1	1
O95478	93		False	NSA2	1	1
O95479	301	4.0	True	H6PD	1	1
O95479	305	4.0	True	H6PD	1	1
O95486	88	19.0	True	SEC24A	1	1
O95486	107	19.0	True	SEC24A	1	1
O95486	222	10.0	True	SEC24A	1	1
O95486	232	10.0	True	SEC24A	1	1
O95490	743		False	LPHN2	1	1
O95544	39	2.0	True	NADK	1	1
O95544	41	2.0	True	NADK	1	1
O95544	45	4.0	True	NADK	1	1
O95551	266		False	TDP2	1	1
O95602	1191	2.0	True	POLR1A	1	1
O95602	1193	2.0	True	POLR1A	1	1
O95602	1598	1.0	True	POLR1A	1	1
O95602	1599	1.0	True	POLR1A	1	1
O95602	1707	108.0	False	POLR1A	1	1
O95613	1710	1289.0	False	PCNT	1	1
O95613	2999	266.0	False	PCNT	1	1
O95613	3265	2.0	True	PCNT	1	1
O95613	3267	2.0	True	PCNT	1	1
O95625	746		False	ZBTB11	1	1
O95628	475	8.0	True	CNOT4	2	2
O95628	483	8.0	True	CNOT4	2	2
O95628	497	8.0	True	CNOT4	2	2
O95628	505	8.0	True	CNOT4	1	1
O95630	14	241.0	False	STAMBP	1	1
O95630	255	161.0	False	STAMBP	1	1
O95630	416	8.0	True	STAMBP	1	1
O95630	424	8.0	True	STAMBP	1	1
O95639	235		False	CPSF4	1	1
O95644	23		False	NFATC1	1	1
O95671	72		False	ASMTL	1	1
O95678	15	14.0	True	KRT75	1	1
O95678	29	14.0	True	KRT75	1	1
O95678	461	432.0	False	KRT75	1	1
O95685	3		False	PPP1R3D	1	1
O95721	29	12.0	True	SNAP29	1	1
O95721	41	5.0	True	SNAP29	1	1
O95721	46	5.0	True	SNAP29	1	1
O95747	287	164.0	False	OXSR1	1	1
O95747	451	164.0	False	OXSR1	1	1
O95749	278		False	GGPS1	1	1
O95757	33	53.0	True	HSPA4L	1	1
O95757	86	53.0	True	HSPA4L	1	1
O95757	265	179.0	False	HSPA4L	1	1
O95782	21	549.0	False	AP2A2	1	1
O95782	570	549.0	False	AP2A1	1	1
O95785	1453		False	WIZ	1	1
O95793	98	10.0	True	STAU1	1	1
O95793	108	7.0	True	STAU1	2	2
O95793	115	7.0	True	STAU1	2	2
O95801	27	21.0	True	TTC4	1	1
O95801	48	21.0	True	TTC4	1	1
O95801	334	286.0	False	TTC4	1	1
O95810	299		False	SDPR	1	1
O95817	19	71.0	True	BAG3	1	1
O95817	90	16.0	True	BAG3	1	1
O95817	106	15.0	True	BAG3	1	1
O95817	121	2.0	True	BAG3	1	1
O95817	123	2.0	True	BAG3	1	1
O95817	133	6.0	True	BAG3	1	1
O95817	139	6.0	True	BAG3	1	1
O95817	203	15.0	True	BAG3	1	1
O95817	218	15.0	True	BAG3	1	1
O95817	258	3.0	True	BAG3	2	2
O95817	261	3.0	True	BAG3	2	2
O95817	267	6.0	True	BAG3	1	1
O95817	485	218.0	False	BAG3	1	1
O95819	546		False	MAP4K4	1	1
O95831	569		False	AIFM1	1	1
O95835	243	9.0	True	LATS1	1	1
O95835	252	7.0	True	LATS1	1	1
O95835	259	7.0	True	LATS1	1	1
O95841	94		False	ANGPTL1	1	1
O95847	69		False	SLC25A27	1	1
O95861	289		False	BPNT1	1	1
O95873	12	200.0	False	C6orf47	1	1
O95873	212	200.0	False	C6orf47	1	1
O95886	46	878.0	False	DLGAP3	1	1
O95886	924	878.0	False	DLGAP3	1	1
O95900	49	2.0	True	TRUB2	1	1
O95900	51	2.0	True	TRUB2	1	1
O95900	131	11.0	True	TRUB2	1	1
O95900	142	4.0	True	TRUB2	1	1
O95900	146	4.0	True	TRUB2	1	1
O95936	578	5.0	True	EOMES	1	1
O95936	583	5.0	True	EOMES	1	1
O95948	79		False	ONECUT2	1	1
O95954	381	18.0	True	FTCD	1	1
O95954	399	18.0	True	FTCD	1	1
O95954	424	12.0	True	FTCD	1	1
O95954	436	9.0	True	FTCD	1	1
O95954	445	9.0	True	FTCD	1	1
O95983	226	10.0	True	MBD3	1	1
O95983	236	10.0	True	MBD3	1	1
O95985	824	5.0	True	TOP3B	1	1
O95985	829	5.0	True	TOP3B	1	1
O95985	835	6.0	True	TOP3B	1	1
O95996	1427	4.0	True	APC2	1	1
O95996	1431	4.0	True	APC2	1	1
O96000	103	33.0	True	NDUFB10	1	1
O96000	136	11.0	True	NDUFB10	1	1
O96000	147	11.0	True	NDUFB10	1	1
O96013	126	128.0	False	PAK4	1	1
O96013	254	87.0	True	PAK4	1	1
O96013	341	87.0	True	PAK4	1	1
O96018	517		False	APBA3	1	1
P00167	52		False	CYB5A	1	1
P00338	73	84.0	True	LDHA	1	1
P00338	157	12.0	True	LDHA	1	1
P00338	169	12.0	True	LDHA	1	1
P00338	269	46.0	True	LDHA	1	1
P00338	315	46.0	True	LDHA	1	1
P00352	68	17.0	True	ALDH1A1	1	1
P00352	85	17.0	True	ALDH1A1	1	1
P00367	76	420.0	False	GLUD1	1	1
P00367	496	420.0	False	GLUD1	1	1
P00374	29	4.0	True	DHFR	1	1
P00374	33	4.0	True	DHFR	1	1
P00390	522		False	GSR	1	1
P00403	82		False	MT-CO2	1	1
P00441	80	64.0	True	SOD1	1	1
P00441	144	64.0	True	SOD1	1	1
P00491	168	3.0	True	PNP	1	1
P00491	171	3.0	True	PNP	1	1
P00492	45	3.0	True	HPRT1	1	1
P00492	48	3.0	True	HPRT1	1	1
P00492	101	53.0	True	HPRT1	1	1
P00533	165	57.0	True	EGFR	1	1
P00533	222	2.0	True	EGFR	1	1
P00533	224	2.0	True	EGFR	1	1
P00533	1199	975.0	False	EGFR	1	1
P00558	39	27.0	True	PGK1	1	1
P00558	66	27.0	True	PGK1	1	1
P00558	123	57.0	True	PGK1	1	1
P00558	206	83.0	True	PGK1	1	1
P00558	365	159.0	False	PGK1	1	1
P00568	107		False	AK1	1	1
P00746	192		False	CFD	1	1
P00748	466	127.0	False	F12	1	1
P00748	593	127.0	False	F12	1	1
P00966	153	4.0	True	ASS1	1	1
P00966	157	4.0	True	ASS1	1	1
P00966	272	115.0	False	ASS1	1	1
P01023	895		False	A2M	1	1
P01570	45	1.0	True	IFNA14	1	1
P01570	46	1.0	True	IFNA14	1	1
P01718	79		False	IGLV3-27	1	1
P01857	138		False	IGHG1	1	1
P01889	59	27.0	True	HLA-B	1	1
P01889	86	27.0	True	HLA-B	1	1
P01889	135	20.0	True	HLA-B	1	1
P01889	155	20.0	True	HLA-B	1	1
P02458	1190		False	COL2A1	1	1
P02489	21		False	CRYAA	1	1
P02511	22	28.0	True	CRYAB	1	1
P02511	50	24.0	True	CRYAB	1	1
P02511	74	24.0	True	CRYAB	1	1
P02538	16	8.0	True	KRT6A	1	1
P02538	24	8.0	True	KRT6A	1	1
P02538	40	2.0	True	KRT6A	1	1
P02538	42	2.0	True	KRT6A	1	1
P02538	59	17.0	True	KRT6A	1	1
P02538	369	106.0	False	KRT6A	1	1
P02538	475	106.0	False	KRT6A	1	1
P02545	41	7.0	True	LMNA	1	1
P02545	48	7.0	True	LMNA	1	1
P02545	60	12.0	True	LMNA	1	1
P02545	166	23.0	True	LMNA	1	1
P02545	189	23.0	True	LMNA	1	1
P02545	216	27.0	True	LMNA	1	1
P02545	249	33.0	True	LMNA	1	1
P02545	386	137.0	False	LMNA	1	1
P02545	644	258.0	False	LMNA	2	2
P02686	241		False	MBP	2	2
P02708	46		False	CHRNA1	1	1
P02765	143		False	AHSG	1	1
P02768	34	134.0	False	ALB	1	1
P02768	168	113.0	False	ALB	1	1
P02768	281	113.0	False	ALB	1	1
P02768	452	171.0	False	ALB	1	1
P02786	22	5.0	True	TFRC	1	1
P02786	27	5.0	True	TFRC	1	1
P02794	64		False	FTH1	1	1
P03372	260	17.0	True	ESR1	2	2
P03372	277	17.0	True	ESR1	1	1
P03915	535		False	MT-ND5	1	1
P03952	604	1.0	True	KLKB1	1	1
P03952	605	1.0	True	KLKB1	1	1
P04040	47		False	CAT	1	1
P04049	223	8.0	True	RAF1	1	1
P04049	231	8.0	True	RAF1	1	1
P04053	245		False	DNTT	1	1
P04075	43	13.0	True	ALDOA	1	1
P04075	56	1.0	True	ALDOA	1	1
P04075	57	1.0	True	ALDOA	1	1
P04075	60	3.0	True	ALDOA	1	1
P04075	69	9.0	True	ALDOA	1	1
P04075	134	39.0	True	ALDOA	1	1
P04075	173	39.0	True	ALDOA	1	1
P04075	258	1.0	True	ALDOA	1	1
P04075	259	1.0	True	ALDOA	1	1
P04080	68		False	CSTB	1	1
P04083	124	20.0	True	ANXA1	2	2
P04083	144	20.0	True	ANXA1	2	2
P04114	567		False	APOB	1	1
P04150	34		False	NR3C1	1	1
P04181	426		False	OAT	1	1
P04183	70		False	TK1	1	1
P04198	65	173.0	False	MYCN	1	1
P04198	238	4.0	True	MYCN	1	1
P04198	242	4.0	True	MYCN	1	1
P04259	16	8.0	True	KRT6B	1	1
P04259	24	8.0	True	KRT6B	1	1
P04259	42	17.0	True	KRT6B	1	1
P04259	59	17.0	True	KRT6B	1	1
P04259	475	416.0	False	KRT6B	1	1
P04264	82	436.0	False	KRT1	1	1
P04264	518	84.0	True	KRT1	1	1
P04264	602	14.0	True	KRT1	1	1
P04264	616	14.0	True	KRT1	1	1
P04350	2	154.0	False	TUBB4A	1	1
P04350	156	154.0	False	TUBB4A	1	1
P04406	13	67.0	True	GAPDH	1	1
P04406	80	38.0	True	GAPDH	1	1
P04406	118	38.0	True	GAPDH	1	1
P04406	200	82.0	True	GAPDH	1	1
P04406	323	123.0	False	GAPDH	1	1
P04439	135	20.0	True	HLA-A	1	1
P04439	155	20.0	True	HLA-A	1	1
P04632	60	39.0	True	CAPNS1	1	1
P04632	99	3.0	True	CAPNS1	1	1
P04632	102	3.0	True	CAPNS1	1	1
P04637	110	99.0	True	TP53	1	1
P04637	209	4.0	True	TP53	1	1
P04637	213	4.0	True	TP53	1	1
P04637	290	43.0	True	TP53	1	1
P04637	333	2.0	True	TP53	2	2
P04637	335	2.0	True	TP53	1	2
P04637	337	2.0	True	TP53	1	1
P04792	5	7.0	True	HSPB1	1	1
P04792	12	7.0	True	HSPB1	3	3
P04792	20	7.0	True	HSPB1	1	1
P04792	27	7.0	True	HSPB1	1	1
P04792	37	10.0	True	HSPB1	1	1
P04792	56	19.0	True	HSPB1	2	2
P04792	89	33.0	True	HSPB1	1	1
P04818	11		False	TYMS	1	1
P04843	65	482.0	False	RPN1	1	1
P04843	547	482.0	False	RPN1	1	1
P04899	15		False	GNAI2	1	1
P04908	21	9.0	True	H2AC8	2	2
P04908	30	9.0	True	H2AC8	1	1
P04908	82	7.0	True	H2AC8	1	1
P04908	89	7.0	True	H2AC8	1	1
P04908	100	11.0	True	H2AC8	1	1
P04920	57		False	SLC4A2	1	1
P05023	61	137.0	False	ATP1A1	1	1
P05023	198	6.0	True	ATP1A1	1	1
P05023	204	6.0	True	ATP1A1	1	1
P05023	264	60.0	True	ATP1A1	1	1
P05023	517	253.0	False	ATP1A1	1	1
P05023	911	394.0	False	ATP1A1	1	1
P05026	118		False	ATP1B1	1	1
P05067	468		False	APP	1	1
P05089	205	17.0	True	ARG1	1	1
P05089	222	17.0	True	ARG1	1	1
P05091	147	25.0	True	ALDH2	1	1
P05091	172	25.0	True	ALDH2	1	1
P05091	342	170.0	False	ALDH2	1	1
P05141	60	80.0	True	SLC25A5	1	1
P05141	140	15.0	True	SLC25A5	1	1
P05141	155	15.0	True	SLC25A5	1	1
P05155	4		False	SERPING1	1	1
P05166	22		False	PCCB	1	1
P05198	133	133.0	False	EIF2S1	1	1
P05198	266	22.0	True	EIF2S1	1	1
P05198	288	22.0	True	EIF2S1	1	1
P05387	38		False	RPLP2	1	1
P05388	6	60.0	True	RPLP0	1	1
P05388	66	46.0	True	RPLP0	1	1
P05388	112	46.0	True	RPLP0	1	1
P05423	17	7.0	True	POLR3D	1	1
P05423	24	5.0	True	POLR3D	1	1
P05423	29	1.0	True	POLR3D	1	1
P05423	30	1.0	True	POLR3D	1	1
P05423	90	5.0	True	POLR3D	1	1
P05423	95	2.0	True	POLR3D	2	2
P05423	97	2.0	True	POLR3D	2	2
P05423	99	2.0	True	POLR3D	2	2
P05455	266		False	SSB	1	1
P05556	174		False	ITGB1	1	1
P05783	14	13.0	True	KRT18	1	1
P05783	27	13.0	True	KRT18	1	1
P05783	45	5.0	True	KRT18	3	3
P05783	50	5.0	True	KRT18	2	2
P05783	55	5.0	True	KRT18	3	3
P05783	90	7.0	True	KRT18	1	1
P05783	97	7.0	True	KRT18	1	1
P05783	429	332.0	False	KRT18	1	1
P05787	18	5.0	True	KRT8	2	2
P05787	23	5.0	True	KRT8	3	3
P05787	32	8.0	True	KRT8	3	3
P05787	40	7.0	True	KRT8	3	3
P05787	47	7.0	True	KRT8	3	3
P05787	133	86.0	True	KRT8	1	1
P05787	273	2.0	True	KRT8	1	1
P05787	275	2.0	True	KRT8	1	1
P05813	137		False	CRYBA1	1	1
P06213	1116	3.0	True	INSR	1	1
P06213	1119	3.0	True	INSR	1	1
P06280	402		False	GLA	1	1
P06307	35		False	CCK	1	1
P06396	397		False	GSN	1	1
P06400	775	12.0	True	RB1	1	1
P06400	787	11.0	True	RB1	1	1
P06400	798	11.0	True	RB1	1	1
P06400	857	59.0	True	RB1	1	1
P06454	90		False	PTMA	1	1
P06576	109	12.0	True	ATP5B	1	1
P06576	121	12.0	True	ATP5B	1	1
P06576	155	34.0	True	ATP5B	1	1
P06576	239	84.0	True	ATP5B	1	1
P06576	422	183.0	False	ATP5B	1	1
P06730	173		False	EIF4E	1	1
P06732	215		False	CKM	1	1
P06733	9	6.0	True	ENO1	1	1
P06733	15	6.0	True	ENO1	1	1
P06733	50	6.0	True	ENO1	1	1
P06733	56	6.0	True	ENO1	1	1
P06733	179	4.0	True	ENO1	1	1
P06733	183	4.0	True	ENO1	1	1
P06733	253	70.0	True	ENO1	1	1
P06733	372	40.0	True	ENO1	1	1
P06733	412	40.0	True	ENO1	1	1
P06737	82	166.0	False	PYGL	1	1
P06737	248	139.0	False	PYGL	1	1
P06737	387	27.0	True	PYGL	1	1
P06737	414	27.0	True	PYGL	1	1
P06737	771	45.0	True	PYGL	1	1
P06737	816	45.0	True	PYGL	1	1
P06744	66	40.0	True	GPI	1	1
P06744	106	40.0	True	GPI	1	1
P06744	438	332.0	False	GPI	1	1
P06746	83	69.0	True	POLB	2	2
P06746	152	69.0	True	POLB	2	2
P06746	258	106.0	False	POLB	1	1
P06748	13	32.0	True	NPM1	1	1
P06748	45	32.0	True	NPM1	2	2
P06748	101	56.0	True	NPM1	1	1
P06748	197	96.0	True	NPM1	1	1
P06753	161	18.0	True	TPM3	1	1
P06753	179	18.0	True	TPM3	1	1
P06899	73	7.0	True	HIST1H2BK	1	1
P06899	80	7.0	True	HIST1H2BK	1	1
P06899	87	6.0	True	HIST1H2BK	1	1
P06899	93	6.0	True	HIST1H2BK	1	1
P06899	100	7.0	True	HIST1H2BK	1	1
P07093	82		False	SERPINE2	1	1
P07195	158	12.0	True	LDHB	1	1
P07195	170	2.0	True	LDHB	1	1
P07195	172	2.0	True	LDHB	1	1
P07196	23	7.0	True	NEFL	1	1
P07196	30	7.0	True	NEFL	1	1
P07196	37	7.0	True	NEFL	1	1
P07196	55	18.0	True	NEFL	1	1
P07197	21	5.0	True	NEFM	1	1
P07197	26	5.0	True	NEFM	1	1
P07197	42	12.0	True	NEFM	1	1
P07197	54	12.0	True	NEFM	1	1
P07197	111	57.0	True	NEFM	1	1
P07197	382	271.0	False	NEFM	1	1
P07203	178		False	GPX1	1	1
P07237	78	19.0	True	P4HB	1	1
P07237	97	9.0	True	P4HB	1	1
P07237	106	9.0	True	P4HB	1	1
P07237	338	114.0	False	P4HB	1	1
P07237	452	114.0	False	P4HB	1	1
P07320	10	5.0	True	CRYGD	1	1
P07320	15	5.0	True	CRYGD	1	1
P07355	77	102.0	False	ANXA2	1	1
P07355	179	102.0	False	ANXA2	1	1
P07384	46		False	CAPN1	1	1
P07437	46	75.0	True	TUBB	1	1
P07437	121	41.0	True	TUBB	1	1
P07437	162	41.0	True	TUBB	1	1
P07437	276	6.0	True	TUBB	1	1
P07437	282	6.0	True	TUBB	1	1
P07437	318	2.0	True	TUBB	1	1
P07437	320	2.0	True	TUBB	1	1
P07602	27	394.0	False	PSAP	1	1
P07602	421	394.0	False	PSAP	1	1
P07686	512		False	HEXB	1	1
P07737	56		False	PFN1	1	1
P07738	141	38.0	True	BPGM	1	1
P07738	179	38.0	True	BPGM	1	1
P07741	48	9.0	True	APRT	1	1
P07741	57	9.0	True	APRT	1	1
P07814	454	10.0	True	EPRS	1	1
P07814	464	10.0	True	EPRS	1	1
P07814	1152	126.0	False	EPRS1	3	3
P07814	1278	126.0	False	EPRS	1	1
P07814	1510	232.0	False	EPRS	1	1
P07864	169	100.0	True	LDHC	1	1
P07864	269	100.0	True	LDHC	1	1
P07900	60	122.0	False	HSP90AA1	1	1
P07900	182	19.0	True	HSP90AA1	1	1
P07900	201	1.0	True	HSP90AA1	2	2
P07900	202	1.0	True	HSP90AA1	1	2
P07900	299	46.0	True	HSP90AA1	1	1
P07900	345	1.0	True	HSP90AA1	1	1
P07900	346	1.0	True	HSP90AA1	1	1
P07900	355	9.0	True	HSP90AA1	1	1
P07900	386	31.0	True	HSP90AA1	1	1
P07900	464	46.0	True	HSP90AA1	1	1
P07900	510	2.0	True	HSP90AA1	1	1
P07900	512	2.0	True	HSP90AA1	1	1
P07900	620	27.0	True	HSP90AA1	1	1
P07900	647	27.0	True	HSP90AA1	1	1
P07910	61	3.0	True	HNRNPC	1	1
P07910	64	3.0	True	HNRNPC	1	1
P07910	99	31.0	True	HNRNPC	1	1
P07910	130	5.0	True	HNRNPC	1	1
P07910	135	5.0	True	HNRNPC	1	1
P07910	142	7.0	True	HNRNPC	1	1
P07910	151	9.0	True	HNRNPC	1	1
P07910	160	9.0	True	HNRNPC	1	1
P07942	1315		False	LAMB1	1	1
P07954	87	256.0	False	FH	1	1
P07954	343	256.0	False	FH	1	1
P07996	189		False	THBS1	1	1
P08069	471	9.0	True	IGF1R	1	1
P08069	480	9.0	True	IGF1R	1	1
P08133	11	248.0	False	ANXA6	1	1
P08133	259	240.0	False	ANXA6	1	1
P08133	499	139.0	False	ANXA6	1	1
P08133	638	1.0	True	ANXA6	1	1
P08133	639	1.0	True	ANXA6	1	1
P08151	161	354.0	False	GLI1	1	1
P08151	515	82.0	True	GLI1	1	1
P08151	597	82.0	True	GLI1	1	1
P08195	423	79.0	True	SLC3A2	1	1
P08195	502	22.0	True	SLC3A2	1	1
P08195	524	22.0	True	SLC3A2	1	1
P08237	301	9.0	True	PFKM	1	1
P08237	310	5.0	True	PFKM	1	1
P08237	315	5.0	True	PFKM	1	1
P08237	673	358.0	False	PFKM	1	1
P08238	55	27.0	True	HSP90AB1	1	1
P08238	82	27.0	True	HSP90AB1	1	1
P08238	177	19.0	True	HSP90AB1	1	1
P08238	196	1.0	True	HSP90AB1	1	1
P08238	197	1.0	True	HSP90AB1	1	1
P08238	291	94.0	True	HSP90AB1	1	1
P08238	448	27.0	True	HSP90AB1	1	1
P08238	475	27.0	True	HSP90AB1	1	1
P08238	502	4.0	True	HSP90AB1	1	1
P08238	506	4.0	True	HSP90AB1	1	1
P08238	612	27.0	True	HSP90AB1	1	1
P08238	639	27.0	True	HSP90AB1	1	1
P08240	41		False	SRPR	1	1
P08243	407	10.0	True	ASNS	1	1
P08243	417	10.0	True	ASNS	1	1
P08243	449	32.0	True	ASNS	1	1
P08243	519	5.0	True	ASNS	1	1
P08243	524	5.0	True	ASNS	1	1
P08294	176		False	SOD3	1	1
P08397	149		False	HMBS	1	1
P08519	2016	9.0	True	LPA	1	1
P08519	2025	9.0	True	LPA	1	1
P08559	245		False	PDHA1	1	1
P08574	111	1.0	True	CYC1	1	1
P08574	112	1.0	True	CYC1	1	1
P08588	357		False	ADRB1	1	1
P08621	180	2.0	True	SNRNP70	1	1
P08621	182	2.0	True	SNRNP70	1	1
P08621	201	19.0	True	SNRNP70	1	1
P08621	274	36.0	True	SNRNP70	1	1
P08621	310	36.0	True	SNRNP70	1	1
P08621	389	4.0	True	SNRNP70	1	1
P08621	393	4.0	True	SNRNP70	1	1
P08651	345	9.0	True	NFIC	1	1
P08651	354	9.0	True	NFIC	1	1
P08651	365	11.0	True	NFIC	2	2
P08651	395	30.0	True	NFIC	2	2
P08651	451	56.0	True	NFIC	2	2
P08670	4	8.0	True	VIM	1	1
P08670	12	1.0	True	VIM	1	1
P08670	13	1.0	True	VIM	1	1
P08670	23	5.0	True	VIM	1	1
P08670	28	5.0	True	VIM	1	1
P08670	36	8.0	True	VIM	1	1
P08670	45	5.0	True	VIM	2	2
P08670	50	5.0	True	VIM	1	1
P08670	64	5.0	True	VIM	2	2
P08670	69	2.0	True	VIM	1	1
P08670	71	2.0	True	VIM	1	1
P08670	113	42.0	True	VIM	1	1
P08670	158	26.0	True	VIM	1	1
P08670	184	23.0	True	VIM	1	1
P08670	207	23.0	True	VIM	1	1
P08670	310	103.0	False	VIM	1	1
P08684	158	3.0	True	CYP3A4	1	1
P08684	161	3.0	True	CYP3A4	1	1
P08708	23		False	RPS17	1	1
P08727	7	17.0	True	KRT19	2	2
P08727	24	8.0	True	KRT19	2	2
P08727	32	8.0	True	KRT19	3	3
P08727	43	8.0	True	KRT19	3	3
P08727	51	8.0	True	KRT19	3	3
P08727	274	6.0	True	KRT19	1	1
P08727	280	6.0	True	KRT19	1	1
P08727	293	13.0	True	KRT19	1	1
P08727	372	79.0	True	KRT19	1	1
P08729	13	7.0	True	KRT7	1	1
P08729	20	5.0	True	KRT7	2	2
P08729	25	5.0	True	KRT7	2	2
P08729	30	5.0	True	KRT7	1	1
P08729	46	2.0	True	KRT7	2	2
P08729	48	2.0	True	KRT7	2	2
P08729	52	4.0	True	KRT7	1	1
P08729	64	12.0	True	KRT7	1	1
P08729	77	13.0	True	KRT7	1	1
P08729	329	34.0	True	KRT7	1	1
P08729	363	34.0	True	KRT7	1	1
P08729	458	6.0	True	KRT7	1	1
P08729	464	6.0	True	KRT7	1	1
P08754	144	17.0	True	GNAI3	1	1
P08754	161	17.0	True	GNAI3	1	1
P08758	6	12.0	True	ANXA5	1	1
P08758	18	7.0	True	ANXA5	1	1
P08758	25	7.0	True	ANXA5	1	1
P08758	285	260.0	False	ANXA5	1	1
P08865	120	60.0	True	RPSA	1	1
P08865	180	60.0	True	RPSA	1	1
P08F94	2286		False	PKHD1	1	1
P09012	152		False	SNRPA	3	3
P09016	177		False	HOXD4	1	1
P09017	79	100.0	True	HOXC4	1	1
P09017	179	100.0	True	HOXC4	1	1
P09038	82	2.0	True	FGF2	1	1
P09038	84	2.0	True	FGF2	1	1
P09038	86	2.0	True	FGF2	1	1
P09038	96	2.0	True	FGF2	1	1
P09038	98	2.0	True	FGF2	1	1
P09038	108	2.0	True	FGF2	1	1
P09038	110	2.0	True	FGF2	1	1
P09038	112	2.0	True	FGF2	1	1
P09038	118	6.0	True	FGF2	1	1
P09038	124	3.0	True	FGF2	1	1
P09038	127	3.0	True	FGF2	1	1
P09067	217		False	HOXB5	1	1
P09086	309		False	POU2F2	1	1
P09104	50		False	ENO2	1	1
P09132	14		False	SRP19	1	1
P09211	12	2.0	True	GSTP1	1	1
P09211	14	2.0	True	GSTP1	1	1
P09234	123		False	SNRPC	1	1
P09417	11	1.0	True	QDPR	1	1
P09417	12	1.0	True	QDPR	1	1
P09429	24	73.0	True	HMGB1P1	1	1
P09429	97	73.0	True	HMGB1	1	1
P09488	43		False	GSTM1	1	1
P09493	160		False	TPM1	1	1
P09496	216		False	CLTA	1	1
P09525	270		False	ANXA4	1	1
P09622	109		False	DLD	1	1
P09629	160		False	HOXB7	1	1
P09630	164		False	HOXC6	1	1
P09651	14	17.0	True	HNRNPA1	1	1
P09651	31	17.0	True	HNRNPA1	1	1
P09651	53	2.0	True	HNRNPA1	1	1
P09651	55	2.0	True	HNRNPA1	1	1
P09651	88	33.0	True	HNRNPA1	1	1
P09651	122	18.0	True	HNRNPA1	1	1
P09651	140	6.0	True	HNRNPA1	1	1
P09651	146	6.0	True	HNRNPA1	1	1
P09651	178	16.0	True	HNRNPA1	1	1
P09651	194	2.0	True	HNRNPA1	3	3
P09651	196	2.0	True	HNRNPA1	2	3
P09651	206	10.0	True	HNRNPA1	3	3
P09651	218	7.0	True	HNRNPA1	3	3
P09651	225	7.0	True	HNRNPA1	3	3
P09651	232	7.0	True	HNRNPA1	3	3
P09651	265	33.0	True	HNRNPA1	1	1
P09651	336	16.0	True	HNRNPA1	3	3
P09651	352	16.0	True	HNRNPA1	3	3
P09651	370	1.0	True	HNRNPA1	3	3
P09651	371	1.0	True	HNRNPA1	1	3
P09661	27		False	SNRPA1	1	1
P09874	65	13.0	True	PARP1	1	1
P09874	78	13.0	True	PARP1	1	1
P09874	156	78.0	True	PARP1	1	1
P09874	282	73.0	True	PARP1	1	1
P09874	355	73.0	True	PARP1	1	1
P09874	582	197.0	False	PARP1	1	1
P09874	779	27.0	True	PARP1	1	1
P09874	806	9.0	True	PARP1	1	1
P09874	815	9.0	True	PARP1	1	1
P09874	878	63.0	True	PARP1	1	1
P09936	129		False	UCHL1	1	1
P09972	134	160.0	False	ALDOC	1	1
P09972	294	160.0	False	ALDOC	1	1
P0C0L4	1498		False	C4A	1	1
P0C0S5	23	9.0	True	H2AFZ	1	1
P0C0S5	32	9.0	True	H2AFZ	1	1
P0C0S5	92	60.0	True	H2AFZ	1	1
P0C0S8	4	17.0	True	H2AC17	1	1
P0C0S8	21	9.0	True	H2AC17	1	1
P0C0S8	30	9.0	True	H2AC17	1	1
P0C0S8	82	7.0	True	H2AC17	1	1
P0C0S8	89	7.0	True	H2AC17	1	1
P0C1Z6	68	2.0	True	TFPT	2	2
P0C1Z6	70	2.0	True	TFPT	1	2
P0C221	468		False	CCDC175	1	1
P0C7T5	381	283.0	False	ATXN1L	1	1
P0C7T5	664	283.0	False	ATXN1L	1	1
P0C7X2	234	22.0	True	ZNF688	1	1
P0C7X2	256	3.0	True	ZNF688	1	1
P0C7X2	259	3.0	True	ZNF688	1	1
P0CG00	35		False	ZSCAN5D	1	1
P0CG12	5	4.0	True	CHTF8	2	2
P0CG12	9	2.0	True	CHTF8	1	1
P0CG12	11	2.0	True	CHTF8	1	1
P0CG12	17	6.0	True	CHTF8	1	1
P0CG12	23	6.0	True	CHTF8	1	1
P0CG12	67	24.0	True	CHTF8	1	1
P0CG12	91	9.0	True	CHTF8	1	1
P0CG12	100	9.0	True	CHTF8	1	1
P0CG12	114	14.0	True	DERPC	1	1
P0CG12	132	14.0	True	CHTF8	1	1
P0CG12	146	14.0	True	DERPC	2	2
P0CG12	160	12.0	True	CHTF8	1	1
P0CG12	172	12.0	True	CHTF8	2	2
P0CG12	186	14.0	True	CHTF8	1	1
P0CG12	201	13.0	True	CHTF8	1	1
P0CG12	214	11.0	True	CHTF8	1	1
P0CG12	225	11.0	True	CHTF8	2	2
P0CG12	239	13.0	True	DERPC	2	2
P0CG12	252	13.0	True	CHTF8	2	2
P0CG12	266	14.0	True	CHTF8	2	2
P0CG12	280	14.0	True	CHTF8	1	1
P0CG12	308	14.0	True	DERPC	1	1
P0CG12	322	14.0	True	CHTF8	2	2
P0CG12	336	14.0	True	CHTF8	1	1
P0CG12	350	14.0	True	CHTF8	1	1
P0CG12	364	14.0	True	CHTF8	1	1
P0CG12	387	14.0	True	CHTF8	2	2
P0CG12	401	14.0	True	CHTF8	1	1
P0CG12	415	14.0	True	CHTF8	1	1
P0CG12	429	14.0	True	CHTF8	2	2
P0CG12	480	14.0	True	CHTF8	1	1
P0CG12	494	14.0	True	CHTF8	1	1
P0CG12	508	14.0	True	CHTF8	1	1
P0CG38	728	119.0	False	POTEI	1	1
P0CG38	847	119.0	False	POTEI	1	1
P0CG39	691	119.0	False	POTEJ	1	1
P0CG39	810	119.0	False	POTEJ	1	1
P0CJ78	164		False	ZNF865	1	1
P0CL80	13	2.0	True	GAGE12F	1	1
P0CL80	15	1.0	True	GAGE12F	1	1
P0CL80	16	1.0	True	GAGE12F	1	1
P0CL81	13	2.0	True	GAGE12G	1	1
P0CL81	15	1.0	True	GAGE12G	1	1
P0CL81	16	1.0	True	GAGE12G	1	1
P0CL82	13	2.0	True	GAGE12I	1	1
P0CL82	15	1.0	True	GAGE12I	1	1
P0CL82	16	1.0	True	GAGE12I	1	1
P0DI83	24	2.0	True	RAB34	2	2
P0DI83	26	2.0	True	RAB34	1	2
P0DI83	33	2.0	True	RAB34	1	1
P0DI83	35	2.0	True	RAB34	1	1
P0DI83	42	2.0	True	RAB34	1	1
P0DI83	44	2.0	True	RAB34	1	1
P0DI83	52	8.0	True	RAB34	1	1
P0DI83	62	2.0	True	RAB34	1	1
P0DI83	64	2.0	True	RAB34	1	1
P0DI83	71	7.0	True	RAB34	1	1
P0DI83	98	11.0	True	RAB34	1	1
P0DI83	109	11.0	True	RAB34	1	1
P0DI83	125	16.0	True	RAB34	1	1
P0DI83	178	5.0	True	RAB34	1	1
P0DI83	183	3.0	True	RAB34	1	1
P0DI83	186	3.0	True	RAB34	2	2
P0DJD0	875		False	RGPD1	1	1
P0DJD1	883		False	RGPD2	1	1
P0DMQ5	11		False	LINC00984	1	1
P0DMV8	49	138.0	False	HSPA1B	1	1
P0DMV8	187	49.0	True	HSPA1A	1	1
P0DMV8	236	49.0	True	HSPA1B	1	1
P0DMV8	416	42.0	True	HSPA1B	1	1
P0DMV8	458	11.0	True	HSPA1B	1	1
P0DMV8	469	11.0	True	HSPA1A	3	3
P0DMV9	416	53.0	True	HSPA1B	1	1
P0DMV9	469	53.0	True	HSPA1B	2	2
P0DP23	38	49.0	True	CALM3	1	1
P0DP23	87	4.0	True	CALM3	1	1
P0DP23	91	4.0	True	CALM3	1	1
P0DP23	107	16.0	True	CALM3	1	1
P0DP25	127		False	CALM3	1	1
P0DPH7	221		False	TUBA3C	1	1
P0DPH8	79	42.0	True	TUBA3E	1	1
P0DPH8	121	42.0	True	TUBA3D	1	1
P0DPI2	111	77.0	True	GATD3A	1	1
P0DPI2	188	77.0	True	GATD3A	1	1
P0DTW1	13	2.0	True	GAGE1	1	1
P0DTW1	15	1.0	True	GAGE1	1	1
P0DTW1	16	1.0	True	GAGE1	1	1
P10070	131	15.0	True	GLI2	1	1
P10070	146	15.0	True	GLI2	1	1
P10070	890	20.0	True	GLI2	1	1
P10070	910	4.0	True	GLI2	2	2
P10070	914	2.0	True	GLI2	2	2
P10070	916	2.0	True	GLI2	2	2
P10070	933	6.0	True	GLI2	1	1
P10070	939	6.0	True	GLI2	1	1
P10070	1005	3.0	True	GLI2	1	1
P10070	1008	3.0	True	GLI2	1	1
P10070	1021	13.0	True	GLI2	1	1
P10070	1098	10.0	True	GLI2	1	1
P10070	1108	10.0	True	GLI2	1	1
P10070	1208	100.0	True	GLI2	1	1
P10070	1387	10.0	True	GLI2	1	1
P10070	1397	10.0	True	GLI2	2	2
P10071	175	45.0	True	GLI3	1	1
P10071	220	45.0	True	GLI3	1	1
P10071	1023	803.0	False	GLI3	1	1
P10074	602		False	ZBTB48	1	1
P10075	125	15.0	True	GLI4	1	1
P10075	140	15.0	True	GLI4	1	1
P10109	149		False	FDX1	1	1
P10155	69		False	TROVE2	1	1
P10242	457	8.0	True	MYB	1	1
P10242	465	8.0	True	MYB	1	1
P10244	687	8.0	True	MYBL2	1	1
P10244	695	8.0	True	MYBL2	1	1
P10253	456	7.0	True	GAA	1	1
P10253	463	1.0	True	GAA	1	1
P10253	464	1.0	True	GAA	1	1
P10275	20	741.0	False	AR	1	1
P10275	761	741.0	False	AR	1	1
P10301	11	2.0	True	RRAS	1	1
P10301	13	2.0	True	RRAS	1	1
P10301	15	2.0	True	RRAS	1	1
P10321	7	92.0	True	HLA-C	1	1
P10321	99	56.0	True	HLA-C	1	1
P10321	155	56.0	True	HLA-C	1	1
P10412	25	8.0	True	HIST1H1E	1	1
P10412	33	8.0	True	HIST1H1E	1	1
P10412	54	21.0	True	H1-4	1	1
P10589	366		False	NR2F1	1	1
P10644	342	26.0	True	PRKAR1A	1	1
P10644	368	26.0	True	PRKAR1A	1	1
P10768	86		False	ESD	1	1
P10809	3	138.0	False	HSPD1	1	1
P10809	141	80.0	True	HSPD1	1	1
P10809	221	80.0	True	HSPD1	1	1
P10809	309	88.0	True	HSPD1	1	1
P11021	60	37.0	True	HSPA5	1	1
P11021	97	4.0	True	HSPA5	1	1
P11021	101	4.0	True	HSPA5	1	1
P11021	197	96.0	True	HSPA5	1	1
P11021	492	295.0	False	HSPA5	2	2
P11047	677	425.0	False	LAMC1	1	1
P11047	1102	425.0	False	LAMC1	1	1
P11137	1552		False	MAP2	1	1
P11142	49	122.0	False	HSPA8	1	1
P11142	171	65.0	True	HSPA8	1	1
P11142	236	65.0	True	HSPA8	2	2
P11142	342	106.0	False	HSPA8	1	1
P11142	469	127.0	False	HSPA8	3	3
P11161	257	36.0	True	EGR2	1	1
P11161	293	36.0	True	EGR2	1	1
P11171	77	449.0	False	EPB41	1	1
P11171	526	449.0	False	EPB41	1	1
P11172	155	304.0	False	UMPS	1	1
P11172	459	304.0	False	UMPS	1	1
P11177	49		False	PDHB	1	1
P11216	29		False	PYGB	1	1
P11217	11		False	PYGM	1	1
P11274	471	3.0	True	BCR	1	1
P11274	474	3.0	True	BCR	1	1
P11274	652	178.0	False	BCR	1	1
P11310	349		False	ACADM	1	1
P11387	362	2.0	True	TOP1	1	1
P11387	364	2.0	True	TOP1	1	1
P11387	567	203.0	False	TOP1	1	1
P11388	324	349.0	False	TOP2A	1	1
P11388	673	142.0	False	TOP2A	1	1
P11388	815	142.0	False	TOP2A	1	1
P11388	1026	189.0	False	TOP2A	1	1
P11388	1215	3.0	True	TOP2A	1	1
P11388	1218	3.0	True	TOP2A	1	1
P11413	9	173.0	False	G6PD	1	1
P11413	182	75.0	True	G6PD	1	1
P11413	257	28.0	True	G6PD	1	1
P11413	285	28.0	True	G6PD	1	1
P11413	427	142.0	False	G6PD	1	1
P11487	32	12.0	True	FGF3	1	1
P11487	44	1.0	True	FGF3	1	1
P11487	45	1.0	True	FGF3	1	1
P11509	148	13.0	True	CYP2A6	1	1
P11509	161	13.0	True	CYP2A6	1	1
P11586	37	287.0	False	MTHFD1	1	1
P11586	324	164.0	False	MTHFD1	1	1
P11586	488	7.0	True	MTHFD1	1	1
P11586	495	7.0	True	MTHFD1	1	1
P11586	539	44.0	True	MTHFD1	1	1
P11717	7	703.0	False	IGF2R	1	1
P11717	710	703.0	False	IGF2R	1	1
P11717	2425	1715.0	False	IGF2R	1	1
P11802	101		False	CDK4	1	1
P11831	14	10.0	True	SRF	2	2
P11831	24	10.0	True	SRF	1	1
P11831	37	6.0	True	SRF	1	1
P11831	43	6.0	True	SRF	1	1
P11836	222		False	MS4A1	1	1
P11908	18	166.0	False	PRPS2	1	1
P11908	184	20.0	True	PRPS2	1	1
P11908	204	20.0	True	PRPS2	1	1
P11940	166	40.0	True	PABPC1	1	1
P11940	206	34.0	True	PABPC1	1	1
P11940	240	25.0	True	PABPC1	1	1
P11940	265	25.0	True	PABPC1	1	1
P11940	309	44.0	True	PABPC1	1	1
P11940	385	5.0	True	PABPC1	3	3
P11940	390	5.0	True	PABPC1	1	1
P11940	419	13.0	True	PABPC1	3	3
P11940	432	4.0	True	PABPC1	3	3
P11940	436	4.0	True	PABPC1	3	3
P11940	443	7.0	True	PABPC1	1	1
P11940	455	5.0	True	PABPC1	2	2
P11940	460	5.0	True	PABPC1	2	2
P11940	467	7.0	True	PABPC1	1	1
P11940	475	6.0	True	PABPC1	1	1
P11940	481	6.0	True	PABPC1	2	2
P11940	493	12.0	True	PABPC1	3	3
P11940	506	12.0	True	PABPC1	3	3
P11940	518	12.0	True	PABPC1	2	2
P12004	5	56.0	True	PCNA	1	1
P12004	61	56.0	True	PCNA	1	1
P12004	146	64.0	True	PCNA	1	1
P12004	210	64.0	True	PCNA	1	1
P12035	46	38.0	True	KRT3	1	1
P12035	84	29.0	True	KRT3	1	1
P12035	113	29.0	True	KRT3	1	1
P12036	164	248.0	False	NEFH	1	1
P12036	412	248.0	False	NEFH	1	1
P12074	80		False	COX6A1	1	1
P12235	138	2.0	True	SLC25A4	1	1
P12235	140	2.0	True	SLC25A4	1	1
P12236	31	29.0	True	SLC25A5	1	1
P12236	60	29.0	True	SLC25A6	1	1
P12236	138	2.0	True	SLC25A6	1	1
P12236	140	2.0	True	SLC25A5	1	1
P12236	155	15.0	True	SLC25A6	1	1
P12268	203	28.0	True	IMPDH1	1	1
P12268	231	28.0	True	IMPDH1	1	1
P12268	412	17.0	True	IMPDH2	1	1
P12268	429	17.0	True	IMPDH2	1	1
P12270	105	489.0	False	TPR	1	1
P12270	594	114.0	False	TPR	2	2
P12270	708	60.0	True	TPR	1	1
P12270	768	60.0	True	TPR	1	1
P12270	1535	121.0	False	TPR	1	1
P12270	1656	121.0	False	TPR	1	1
P12270	2084	22.0	True	TPR	1	1
P12270	2106	5.0	True	TPR	1	1
P12270	2111	5.0	True	TPR	3	3
P12270	2132	21.0	True	TPR	1	1
P12270	2163	2.0	True	TPR	2	2
P12270	2165	2.0	True	TPR	1	2
P12270	2327	6.0	True	TPR	2	2
P12270	2333	4.0	True	TPR	2	2
P12270	2337	4.0	True	TPR	1	1
P12270	2343	2.0	True	TPR	1	2
P12270	2345	2.0	True	TPR	2	2
P12270	2354	5.0	True	TPR	2	2
P12270	2359	5.0	True	TPR	1	1
P12277	13	30.0	True	CKB	1	1
P12277	43	30.0	True	CKB	1	1
P12277	96	34.0	True	CKB	1	1
P12277	130	8.0	True	CKB	1	1
P12277	138	8.0	True	CKB	1	1
P12277	172	34.0	True	CKB	1	1
P12277	209	6.0	True	CKB	1	1
P12277	215	6.0	True	CKB	1	1
P12277	320	105.0	False	CKB	1	1
P12532	157	152.0	False	CKMT1B	1	1
P12532	309	40.0	True	CKMT1B	1	1
P12532	349	25.0	True	CKMT1A	1	1
P12532	374	25.0	True	CKMT1A	1	1
P12532	402	5.0	True	CKMT1A	1	1
P12532	407	5.0	True	CKMT1B	1	1
P12694	117		False	BCKDHA	1	1
P12814	261	30.0	True	ACTN1	1	1
P12814	291	30.0	True	ACTN1	1	1
P12821	814	12.0	True	ACE	1	1
P12821	826	12.0	True	ACE	1	1
P12872	56		False	MLN	1	1
P12882	1130	124.0	False	MYH1	1	1
P12882	1254	124.0	False	MYH1	1	1
P12955	196	37.0	True	PEPD	1	1
P12955	233	37.0	True	PEPD	1	1
P12956	194	36.0	True	XRCC6	1	1
P12956	230	14.0	True	XRCC6	1	1
P12956	244	14.0	True	XRCC6	1	1
P12956	301	17.0	True	XRCC6	1	1
P12956	318	17.0	True	XRCC6	1	1
P12956	474	156.0	False	XRCC6	1	1
P13010	141	499.0	False	XRCC5	1	1
P13010	640	499.0	False	XRCC5	1	1
P13051	76		False	UNG	1	1
P13073	41	1.0	True	COX4I1	1	1
P13073	42	1.0	True	COX4I1	1	1
P13473	293		False	LAMP2	1	1
P13591	130		False	NCAM1	1	1
P13639	10	40.0	True	EEF2	1	1
P13639	50	40.0	True	EEF2	1	1
P13639	264	145.0	False	EEF2	2	2
P13639	409	19.0	True	EEF2	1	1
P13639	428	19.0	True	EEF2	1	1
P13639	495	31.0	True	EEF2	1	1
P13639	526	31.0	True	EEF2	1	1
P13639	698	18.0	True	EEF2	1	1
P13639	716	10.0	True	EEF2	1	1
P13639	726	1.0	True	EEF2	1	1
P13639	727	1.0	True	EFTUD2	1	1
P13639	739	12.0	True	EEF2	1	1
P13639	767	28.0	True	EEF2	1	1
P13646	27	8.0	True	KRT13	2	2
P13646	35	8.0	True	KRT13	2	2
P13646	287	2.0	True	KRT13	1	1
P13646	289	2.0	True	KRT13	1	1
P13647	480		False	KRT5	1	1
P13667	270	324.0	False	PDIA4	1	1
P13667	594	324.0	False	PDIA4	1	1
P13797	66	78.0	True	PLS3	1	1
P13797	144	78.0	True	PLS3	1	1
P13798	676		False	APEH	1	1
P13804	169	54.0	True	ETFA	1	1
P13804	223	54.0	True	ETFA	1	1
P13807	472		False	GYS1	1	1
P13929	50		False	ENO3	1	1
P13984	37		False	GTF2F2	1	1
P13995	142	1.0	True	MTHFD2	1	1
P13995	143	1.0	True	MTHFD2	1	1
P14136	11	1.0	True	GFAP	1	1
P14136	12	1.0	True	GFAP	1	1
P14174	12	62.0	True	MIF	1	1
P14174	74	13.0	True	MIF	1	1
P14174	87	2.0	True	MIF	1	1
P14174	89	2.0	True	MIF	1	1
P14174	94	5.0	True	MIF	1	1
P14314	177		False	PRKCSH	1	1
P14317	155		False	HCLS1	1	1
P14543	320	103.0	False	NID1	1	1
P14543	423	103.0	False	NID1	1	1
P14618	32	60.0	True	PKM	1	1
P14618	92	60.0	True	PKM	1	1
P14618	255	23.0	True	PKM2	1	1
P14618	278	23.0	True	PKM2	1	1
P14618	319	41.0	True	PKM2	1	1
P14618	399	1.0	True	PKM2	2	2
P14618	400	1.0	True	PKM2	1	2
P14618	467	33.0	True	PKM2	1	1
P14618	500	33.0	True	PKM	1	1
P14625	51	344.0	False	HSP90B1	1	1
P14625	395	116.0	False	HSP90B1	1	1
P14625	511	46.0	True	HSP90B1	1	1
P14625	557	46.0	True	HSP90B1	1	1
P14625	690	48.0	True	HSP90B1	1	1
P14625	738	6.0	True	HSP90B1	1	1
P14625	744	6.0	True	HSP90B1	1	1
P14649	78		False	MYL6B	1	1
P14678	16	78.0	True	SNRPN	1	1
P14678	94	14.0	True	SNRPB	1	1
P14678	108	4.0	True	SNRPB	3	3
P14678	112	4.0	True	SNRPB	3	3
P14678	132	15.0	True	SNRPB	1	1
P14678	147	15.0	True	SNRPB	2	2
P14678	172	9.0	True	SNRPB	1	1
P14678	181	9.0	True	SNRPB	1	1
P14678	196	15.0	True	SNRPB	1	1
P14678	221	7.0	True	SNRPB	1	1
P14678	228	7.0	True	SNRPB	1	1
P14678	236	3.0	True	SNRPN	2	2
P14678	239	3.0	True	SNRPB	1	1
P14735	774	64.0	True	IDE	1	1
P14735	838	64.0	True	IDE	1	1
P14866	46	10.0	True	HNRNPL	2	2
P14866	56	10.0	True	HNRNPL	1	1
P14866	107	51.0	True	HNRNPL	1	1
P14866	343	1.0	True	HNRNPL	1	1
P14866	344	1.0	True	HNRNPL	1	1
P14866	353	1.0	True	HNRNPL	1	1
P14866	354	1.0	True	HNRNPL	1	1
P14866	358	4.0	True	HNRNPL	1	1
P14866	398	36.0	True	HNRNPL	1	1
P14866	434	36.0	True	HNRNPL	1	1
P14868	43	4.0	True	DARS	1	1
P14868	47	4.0	True	DARS	1	1
P14868	63	2.0	True	DARS	1	1
P14868	65	2.0	True	DARS	1	1
P14868	188	123.0	False	DARS	1	1
P14927	59	3.0	True	UQCRB	1	1
P14927	62	3.0	True	UQCRB	1	1
P15056	671		False	BRAF	1	1
P15121	218	15.0	True	AKR1B1	1	1
P15121	233	15.0	True	AKR1B1	1	1
P15153	163	11.0	True	RAC2	1	1
P15153	174	11.0	True	RAC2	1	1
P15259	90		False	PGAM2	1	1
P15289	291		False	ARSA	1	1
P15291	204		False	B4GALT1	1	1
P15311	171	102.0	False	EZR	1	1
P15311	273	2.0	True	EZR	1	1
P15311	275	2.0	True	EZR	1	1
P15311	393	42.0	True	EZR	1	1
P15311	435	1.0	True	EZR	1	1
P15311	436	1.0	True	EZR	1	1
P15407	66	13.0	True	FOSL1	1	1
P15407	79	5.0	True	FOSL1	1	1
P15407	84	5.0	True	FOSL1	2	2
P15498	422		False	VAV1	1	1
P15531	6	12.0	True	NME1	1	1
P15531	18	12.0	True	NME1	1	1
P15531	58	30.0	True	NME1	1	1
P15531	88	30.0	True	NME1	1	1
P15559	53		False	NQO1	1	1
P15586	255		False	GNS	1	1
P15822	955		False	HIVEP1	1	1
P15863	48	3.0	True	PAX1	1	1
P15863	51	3.0	True	PAX1	1	1
P15863	328	277.0	False	PAX1	1	1
P15880	22	4.0	True	RPS2	1	1
P15880	26	4.0	True	RPS2	1	1
P15880	34	2.0	True	RPS2	1	1
P15880	36	2.0	True	RPS2	1	1
P15880	40	4.0	True	RPS2	1	1
P15880	167	60.0	True	RPS2	1	1
P15880	227	52.0	True	RPS2	1	1
P15880	279	52.0	True	RPS2	1	1
P15923	105	266.0	False	TCF3	1	1
P15923	371	266.0	False	TCF3	1	1
P15924	19	8.0	True	DSP	1	1
P15924	27	8.0	True	DSP	1	1
P15924	45	18.0	True	DSP	2	2
P15924	866	176.0	False	DSP	1	1
P15924	1042	176.0	False	DSP	1	1
P15924	1241	183.0	False	DSP	1	1
P15924	1424	183.0	False	DSP	1	1
P15924	1728	7.0	True	DSP	1	1
P15924	1735	7.0	True	DSP	1	1
P15924	2083	348.0	False	DSP	1	1
P15924	2826	4.0	True	DSP	1	1
P15924	2830	4.0	True	DSP	1	1
P15924	2834	4.0	True	DSP	1	1
P15927	105	28.0	True	RPA2	1	1
P15927	133	28.0	True	RPA2	1	1
P15941	1217		False	MUC1	1	1
P16104	21	9.0	True	H2AX	1	1
P16104	30	9.0	True	H2AX	1	1
P16104	82	7.0	True	H2AX	1	1
P16104	89	7.0	True	H2AX	1	1
P16152	42		False	CBR1	1	1
P16220	300		False	CREB1	1	1
P16383	51		False	GCFC2	1	1
P16402	34	21.0	True	HIST1H1E	1	1
P16402	55	21.0	True	H1-3	1	1
P16403	54		False	HIST1H1E	1	1
P16615	164	359.0	False	ATP2A2	1	1
P16615	523	5.0	True	ATP2A2	1	1
P16615	528	5.0	True	ATP2A2	1	1
P16615	549	21.0	True	ATP2A2	1	1
P16949	14	13.0	True	STMN1	1	1
P16949	27	13.0	True	STMN1	1	1
P16949	134	107.0	False	STMN1	1	1
P16989	133	36.0	True	CSDA	1	1
P16989	169	5.0	True	CSDA	1	1
P16989	174	1.0	True	CSDA	1	1
P16989	175	1.0	True	CSDA	1	1
P16989	176	1.0	True	CSDA	1	1
P16989	179	3.0	True	YBX3	2	2
P16989	185	1.0	True	CSDA	1	1
P16989	186	1.0	True	CSDA	1	1
P16989	190	4.0	True	CSDA	1	1
P16989	214	6.0	True	CSDA	1	1
P16989	220	4.0	True	YBX3	1	1
P16989	224	1.0	True	YBX3	1	1
P16989	225	1.0	True	CSDA	1	1
P16989	229	4.0	True	CSDA	1	1
P16989	233	2.0	True	CSDA	1	1
P16989	235	1.0	True	CSDA	1	1
P16989	236	1.0	True	CSDA	1	1
P16989	248	1.0	True	CSDA	1	1
P16989	249	1.0	True	CSDA	1	3
P16989	251	2.0	True	YBX3	3	3
P16989	258	7.0	True	CSDA	1	1
P16989	283	5.0	True	CSDA	1	1
P16989	288	2.0	True	CSDA	2	2
P16989	290	2.0	True	CSDA	2	2
P16989	292	2.0	True	CSDA	1	2
P16989	294	2.0	True	CSDA	2	2
P16989	298	2.0	True	CSDA	1	1
P16989	300	2.0	True	CSDA	1	1
P16989	326	1.0	True	YBX3	3	3
P16989	327	1.0	True	CSDA	2	3
P16989	330	1.0	True	CSDA	2	2
P16989	331	1.0	True	CSDA	1	2
P16989	336	1.0	True	CSDA	1	1
P16989	337	1.0	True	CSDA	1	1
P16989	338	1.0	True	CSDA	1	1
P16989	340	2.0	True	CSDA	1	1
P17028	56	215.0	False	ZNF24	1	1
P17028	271	215.0	False	ZNF24	1	1
P17029	305		False	ZKSCAN1	1	1
P17066	51	409.0	False	HSPA6	1	1
P17066	460	11.0	True	HSPA6	1	1
P17066	471	11.0	True	HSPA6	1	1
P17066	495	24.0	True	HSPA6	1	1
P17096	24	2.0	True	HMGA1	1	2
P17096	26	2.0	True	HMGA1	2	2
P17096	56	2.0	True	HMGA1	1	2
P17096	58	2.0	True	HMGA1	2	2
P17096	60	2.0	True	HMGA1	2	2
P17096	73	8.0	True	HMGA1	1	1
P17096	81	3.0	True	HMGA1	1	1
P17096	84	2.0	True	HMGA1	1	1
P17096	86	2.0	True	HMGA1	1	1
P17174	330		False	GOT1	1	1
P17252	324		False	PRKCA	1	1
P17301	612		False	ITGA2	1	1
P17302	148		False	GJA1	1	1
P17482	93	3.0	True	HOXB9	1	1
P17482	96	3.0	True	HOXB9	1	1
P17482	183	87.0	True	HOXB9	1	1
P17483	92	93.0	True	HOXB4	1	1
P17483	185	93.0	True	HOXB4	1	1
P17509	169		False	HOXB6	1	1
P17540	350		False	CKMT2	1	1
P17655	12	11.0	True	CAPN2	1	1
P17655	23	11.0	True	CAPN2	1	1
P17661	37	191.0	False	DES	1	1
P17661	228	87.0	True	DES	1	1
P17661	315	71.0	True	DES	1	1
P17661	386	71.0	True	DES	1	1
P17676	3		False	CEBPB	2	2
P17812	81	124.0	False	CTPS	1	1
P17812	205	124.0	False	CTPS	1	1
P17812	376	13.0	True	CTPS	1	1
P17812	389	13.0	True	CTPS	1	1
P17812	477	88.0	True	CTPS	1	1
P17812	570	93.0	True	CTPS	1	1
P17844	8	2.0	True	DDX5	1	1
P17844	10	2.0	True	DDX5	1	1
P17844	12	2.0	True	DDX5	1	2
P17844	14	2.0	True	DDX5	2	2
P17844	20	5.0	True	DDX5	2	2
P17844	25	5.0	True	DDX5	1	1
P17844	67	10.0	True	DDX5	1	1
P17844	77	10.0	True	DDX5	1	1
P17844	192	71.0	True	DDX5	1	1
P17844	263	7.0	True	DDX5	1	1
P17844	270	3.0	True	DDX5	1	1
P17844	273	3.0	True	DDX5	1	1
P17844	403	75.0	True	DDX5	1	1
P17844	478	4.0	True	DDX5	2	2
P17844	482	2.0	True	DDX5	1	2
P17844	484	2.0	True	DDX5	2	2
P17844	486	2.0	True	DDX5	2	2
P17844	496	6.0	True	DDX5	1	1
P17844	502	6.0	True	DDX5	3	3
P17844	509	7.0	True	DDX5	1	1
P17844	516	7.0	True	DDX5	1	1
P17858	301	9.0	True	PFKL	1	1
P17858	310	9.0	True	PFKL	1	1
P17858	366	8.0	True	PFKL	1	1
P17858	374	8.0	True	PFKL	1	1
P17858	461	87.0	True	PFKL	1	1
P17858	654	18.0	True	PFKL	1	1
P17858	672	18.0	True	PFKL	1	1
P17980	61	349.0	False	PSMC3	1	1
P17980	410	349.0	False	PSMC3	1	1
P17987	11	174.0	False	TCP1	1	1
P17987	185	174.0	False	TCP1	1	1
P17987	443	25.0	True	TCP1	1	1
P17987	468	25.0	True	TCP1	1	1
P18031	380		False	PTPN1	1	1
P18077	4	96.0	True	RPL35A	1	1
P18077	100	2.0	True	RPL35A	1	1
P18077	102	2.0	True	RPL35A	1	1
P18077	109	7.0	True	RPL35A	1	1
P18124	96	38.0	True	RPL7	1	1
P18124	134	38.0	True	RPL7	1	1
P18124	217	19.0	True	RPL7	1	1
P18124	236	19.0	True	RPL7	1	1
P18206	409	103.0	False	VCL	1	1
P18206	512	103.0	False	VCL	1	1
P18206	622	7.0	True	VCL	1	1
P18206	629	7.0	True	VCL	1	1
P18545	36		False	PDE6G	1	1
P18583	922	7.0	True	SON	1	1
P18583	929	7.0	True	SON	2	2
P18583	936	7.0	True	SON	2	2
P18583	943	7.0	True	SON	2	2
P18583	950	7.0	True	SON	3	3
P18583	957	7.0	True	SON	2	2
P18583	964	4.0	True	SON	1	1
P18583	968	3.0	True	SON	1	1
P18583	971	3.0	True	SON	1	1
P18583	975	3.0	True	SON	1	1
P18583	978	3.0	True	SON	1	1
P18583	982	3.0	True	SON	2	2
P18583	985	3.0	True	SON	1	1
P18583	989	4.0	True	SON	2	2
P18583	997	8.0	True	SON	2	2
P18583	1007	8.0	True	SON	1	1
P18583	1015	7.0	True	SON	1	1
P18583	1022	7.0	True	SON	2	2
P18583	1031	8.0	True	SON	1	1
P18583	1039	8.0	True	SON	1	1
P18583	1081	9.0	True	SON	2	2
P18583	1090	9.0	True	SON	1	1
P18583	1101	11.0	True	SON	1	1
P18583	1112	10.0	True	SON	1	1
P18583	1122	10.0	True	SON	1	1
P18615	142		False	NELFE	1	1
P18621	69		False	RPL17	1	1
P18669	21	69.0	True	PGAM1	1	1
P18669	90	69.0	True	PGAM1	1	1
P18754	214	3.0	True	RCC1	1	1
P18754	217	3.0	True	RCC1	1	1
P18846	244		False	ATF1	1	1
P18847	46		False	ATF3	1	1
P18858	146		False	LIG1	1	1
P18887	310		False	XRCC1	1	1
P19013	9	4.0	True	KRT4	1	1
P19013	13	4.0	True	KRT4	1	1
P19013	27	14.0	True	KRT4	1	1
P19013	41	14.0	True	KRT4	1	1
P19013	56	15.0	True	KRT4	1	1
P19022	807	1.0	True	CDH2	1	1
P19022	808	1.0	True	CDH2	1	1
P19105	132		False	MYL12A	1	1
P19174	1231	12.0	True	PLCG1	1	1
P19174	1243	2.0	True	PLCG1	1	1
P19174	1245	2.0	True	PLCG1	1	1
P19174	1280	3.0	True	PLCG1	1	1
P19174	1283	3.0	True	PLCG1	1	1
P19338	342	78.0	True	NCL	1	1
P19338	420	54.0	True	NCL	1	1
P19338	474	54.0	True	NCL	1	1
P19338	561	6.0	True	NCL	2	2
P19338	567	6.0	True	NCL	1	1
P19338	597	7.0	True	NCL	1	1
P19338	604	7.0	True	NCL	1	1
P19338	656	4.0	True	NCL	2	2
P19338	660	4.0	True	NCL	2	2
P19338	666	4.0	True	NCL	1	1
P19338	670	3.0	True	NCL	1	1
P19338	673	3.0	True	NCL	1	1
P19338	679	2.0	True	NCL	1	2
P19338	681	2.0	True	NCL	2	2
P19338	687	4.0	True	NCL	2	2
P19338	691	3.0	True	NCL	2	2
P19338	694	3.0	True	NCL	2	2
P19367	727	122.0	False	HK1	1	1
P19367	849	122.0	False	HK1	1	1
P19388	9	5.0	True	POLR2E	1	1
P19388	14	5.0	True	POLR2E	1	1
P19484	8	279.0	False	TFEB	2	2
P19484	287	279.0	False	TFEB	1	1
P19525	39	1.0	True	EIF2AK2	1	1
P19525	40	1.0	True	EIF2AK2	1	1
P19525	534	494.0	False	EIF2AK2	1	1
P19532	188	7.0	True	TFE3	1	1
P19532	195	7.0	True	TFE3	1	1
P19544	295		False	WT1	1	1
P19622	96		False	EN2	1	1
P19784	65	25.0	True	CSNK2A2	1	1
P19784	90	25.0	True	CSNK2A2	1	1
P20020	582		False	ATP2B1	1	1
P20042	172	124.0	False	EIF2S2	1	1
P20042	296	12.0	True	EIF2S2	1	1
P20042	308	12.0	True	EIF2S2	1	1
P20073	479		False	ANXA7	1	1
P20248	59		False	CCNA2	1	1
P20290	3	10.0	True	BTF3	1	1
P20290	13	2.0	True	BTF3	1	1
P20290	15	2.0	True	BTF3	1	1
P20290	17	2.0	True	BTF3	1	3
P20290	19	2.0	True	BTF3	3	3
P20290	35	4.0	True	BTF3	1	1
P20290	39	4.0	True	BTF3	1	1
P20290	163	124.0	False	BTF3	1	1
P20339	4	4.0	True	RAB5A	1	1
P20339	8	4.0	True	RAB5A	1	1
P20339	197	189.0	False	RAB5A	1	1
P20340	60	3.0	True	RAB6A	1	1
P20340	63	3.0	True	RAB6A	1	1
P20340	112	49.0	True	RAB6A	1	1
P20340	185	73.0	True	RAB6A	1	1
P20585	452	2.0	True	MSH3	1	1
P20585	454	2.0	True	MSH3	1	1
P20618	198	3.0	True	PSMB1	1	1
P20618	201	3.0	True	PSMB1	1	1
P20618	232	7.0	True	PSMB1	1	1
P20618	239	7.0	True	PSMB1	1	1
P20671	21	9.0	True	HIST1H2AD	1	1
P20671	30	9.0	True	HIST1H2AD	1	1
P20671	82	7.0	True	HIST1H2AD	1	1
P20671	89	7.0	True	HIST1H2AD	1	1
P20700	10	4.0	True	LMNB1	1	1
P20700	14	4.0	True	LMNB1	3	3
P20700	26	12.0	True	LMNB1	1	1
P20700	42	16.0	True	LMNB1	1	1
P20700	73	17.0	True	LMNB1	1	1
P20700	90	17.0	True	LMNB1	1	1
P20700	197	24.0	True	LMNB1	1	1
P20700	221	24.0	True	LMNB1	1	1
P20700	250	29.0	True	LMNB1	1	1
P20700	297	2.0	True	LMNB1	1	1
P20700	299	2.0	True	LMNB1	1	1
P20700	344	6.0	True	LMNB1	1	1
P20700	350	6.0	True	LMNB1	1	1
P20700	387	37.0	True	LMNB1	1	1
P20719	218		False	HOXA5	1	1
P20742	738	453.0	False	PZP	1	1
P20742	1191	453.0	False	PZP	1	1
P20749	78		False	BCL3	1	1
P20839	203	28.0	True	IMPDH1	1	1
P20839	231	28.0	True	IMPDH1	1	1
P20839	322	91.0	True	IMPDH1	1	1
P20848	175		False	SERPINA2P	1	1
P20916	575		False	MAG	1	1
P20929	301	3687.0	False	NEB	1	1
P20929	3988	3474.0	False	NEB	1	1
P20929	7462	927.0	False	NEB	1	1
P20929	8389	2.0	True	NEB	1	1
P20929	8391	2.0	True	NEB	1	1
P20930	343	1094.0	False	FLG	1	1
P20930	1437	649.0	False	FLG	1	1
P20930	2086	442.0	False	FLG	1	1
P20930	2528	442.0	False	FLG	1	1
P21108	22		False	PRPS1L1	1	1
P21127	287	156.0	False	CDK11B	1	1
P21127	443	156.0	False	CDK11B	1	1
P21266	47	35.0	True	GSTM3	1	1
P21266	82	35.0	True	GSTM3	1	1
P21281	7	37.0	True	ATP6V1B2	1	1
P21281	44	23.0	True	ATP6V1B2	1	1
P21281	67	23.0	True	ATP6V1B2	1	1
P21281	185	118.0	False	ATP6V1B2	1	1
P21281	460	46.0	True	ATP6V1B2	1	1
P21281	506	46.0	True	ATP6V1B2	1	1
P21333	7	481.0	False	FLNA	1	1
P21333	488	92.0	True	FLNA	1	1
P21333	580	92.0	True	FLNA	1	1
P21333	674	94.0	True	FLNA	1	1
P21333	1087	225.0	False	FLNA	1	1
P21333	1312	225.0	False	FLNA	2	2
P21333	2242	930.0	False	FLNB	1	1
P21359	1204		False	NF1	1	1
P21399	699	14.0	True	ACO1	1	1
P21399	713	8.0	True	ACO1	1	1
P21399	721	7.0	True	ACO1	1	1
P21399	728	7.0	True	ACO1	1	1
P21796	163		False	VDAC1	1	1
P21817	2118		False	RYR1	1	1
P21917	63		False	DRD4	1	1
P22059	7	316.0	False	OSBP	1	1
P22059	323	139.0	False	OSBP	1	1
P22059	462	139.0	False	OSBP	1	1
P22061	37	87.0	True	PCMT1	1	1
P22061	124	87.0	True	PCMT1	1	1
P22083	75	12.0	True	FUT4	1	1
P22083	87	12.0	True	FUT4	1	1
P22083	221	5.0	True	FUT4	1	1
P22083	226	5.0	True	FUT4	1	1
P22083	240	14.0	True	FUT4	1	1
P22087	8	7.0	True	FBL	2	2
P22087	15	6.0	True	FBL	2	2
P22087	21	3.0	True	FBL	1	1
P22087	24	3.0	True	FBL	1	1
P22087	27	3.0	True	FBL	1	1
P22087	34	2.0	True	FBL	1	1
P22087	36	2.0	True	FBL	1	1
P22087	43	2.0	True	FBL	1	2
P22087	45	2.0	True	FBL	2	2
P22087	59	11.0	True	FBL	1	1
P22087	70	2.0	True	FBL	1	1
P22087	72	2.0	True	FBL	1	1
P22087	78	6.0	True	FBL	1	1
P22087	92	8.0	True	FBL	1	1
P22087	100	8.0	True	FBL	1	1
P22087	218	118.0	False	FBL	1	1
P22090	49	96.0	True	RPS4Y1	1	1
P22090	145	55.0	True	RPS4Y1	1	1
P22090	200	55.0	True	RPS4Y1	1	1
P22102	13	103.0	False	GART	1	1
P22102	116	103.0	False	GART	1	1
P22102	433	317.0	False	GART	1	1
P22102	855	422.0	False	GART	1	1
P22105	294		False	TNXB	1	1
P22234	46	176.0	False	PAICS	1	1
P22234	222	89.0	True	PAICS	1	1
P22234	311	89.0	True	PAICS	1	1
P22314	81	38.0	True	UBA1	1	1
P22314	119	38.0	True	UBA1	1	1
P22314	182	63.0	True	UBA1	1	1
P22314	288	80.0	True	UBA1	1	1
P22314	368	16.0	True	UBA1	1	1
P22314	384	16.0	True	UBA1	1	1
P22314	551	7.0	True	UBA1	1	1
P22314	558	7.0	True	UBA1	1	1
P22314	678	120.0	False	UBA1	1	1
P22314	825	55.0	True	UBA1	1	1
P22314	880	55.0	True	UBA1	1	1
P22314	957	77.0	True	UBA1	1	1
P22392	6	12.0	True	NME2	1	1
P22392	18	12.0	True	NME2	1	1
P22392	42	16.0	True	NME2	1	1
P22392	58	16.0	True	NME2	1	1
P22392	88	26.0	True	NME2	1	1
P22392	114	26.0	True	NME2	1	1
P22413	65		False	ENPP1	1	1
P22612	132		False	PRKACG	1	1
P22626	15	23.0	True	HNRNPA2B1	1	1
P22626	38	23.0	True	HNRNPA2B1	1	1
P22626	95	4.0	True	HNRNPA2B1	1	1
P22626	99	4.0	True	HNRNPA2B1	1	1
P22626	129	18.0	True	HNRNPA2B1	1	1
P22626	147	6.0	True	HNRNPA2B1	1	1
P22626	153	6.0	True	HNRNPA2B1	2	2
P22626	200	3.0	True	HNRNPA2B1	2	2
P22626	203	3.0	True	HNRNPA2B1	3	3
P22626	213	10.0	True	HNRNPA2B1	3	3
P22626	228	10.0	True	HNRNPA2B1	3	3
P22626	238	10.0	True	HNRNPA2B1	3	3
P22626	266	28.0	True	HNRNPA2B1	3	3
P22626	325	25.0	True	HNRNPA2B1	3	3
P22626	350	25.0	True	HNRNPA2B1	3	3
P22681	612	5.0	True	CBL	1	1
P22681	617	5.0	True	CBL	1	1
P22681	631	14.0	True	CBL	1	1
P22695	241	13.0	True	UQCRC2	1	1
P22695	254	13.0	True	UQCRC2	1	1
P22695	301	47.0	True	UQCRC2	1	1
P22732	120		False	SLC2A5	1	1
P22760	290		False	AADAC	1	1
P23142	611		False	FBLN1	1	1
P23246	7	2.0	True	SFPQ	2	3
P23246	9	2.0	True	SFPQ	3	3
P23246	18	1.0	True	SFPQ	1	2
P23246	19	1.0	True	SFPQ	2	2
P23246	25	6.0	True	SFPQ	2	2
P23246	32	7.0	True	SFPQ	2	2
P23246	236	6.0	True	SFPQ	3	3
P23246	242	3.0	True	SFPQ	3	3
P23246	245	3.0	True	SFPQ	3	3
P23246	360	39.0	True	SFPQ	1	1
P23246	399	8.0	True	SFPQ	1	1
P23246	407	2.0	True	SFPQ	1	1
P23246	409	2.0	True	SFPQ	1	1
P23246	548	42.0	True	SFPQ	1	1
P23246	590	42.0	True	SFPQ	1	1
P23246	666	15.0	True	SFPQ	1	1
P23246	681	12.0	True	SFPQ	3	3
P23246	693	2.0	True	SFPQ	3	3
P23246	695	2.0	True	SFPQ	3	3
P23246	706	11.0	True	SFPQ	2	2
P23258	295		False	TUBG1	1	1
P23284	51	58.0	True	PPIB	1	1
P23284	109	13.0	True	PPIB	1	1
P23284	122	13.0	True	PPIB	1	1
P23284	180	58.0	True	PPIB	1	1
P23368	67		False	ME2	1	1
P23381	381		False	WARS	1	1
P23396	27	13.0	True	RPS3	1	1
P23396	40	13.0	True	RPS3	1	1
P23396	64	1.0	True	RPS3	2	2
P23396	65	1.0	True	RPS3	2	2
P23396	67	2.0	True	RPS3	2	2
P23443	7	510.0	False	RPS6KB1	1	1
P23443	517	5.0	True	RPS6KB1	1	1
P23443	522	5.0	True	RPS6KB1	1	1
P23468	588		False	PTPRD	1	1
P23511	317		False	NFYA	1	1
P23526	19	15.0	True	AHCY	1	1
P23526	34	15.0	True	AHCY	1	1
P23526	151	82.0	True	AHCY	1	1
P23526	233	82.0	True	AHCY	1	1
P23526	327	2.0	True	AHCY	1	1
P23526	329	2.0	True	AHCY	1	1
P23526	431	102.0	False	AHCY	1	1
P23527	73	7.0	True	H2BC17	1	1
P23527	80	7.0	True	H2BC17	1	1
P23527	87	6.0	True	H2BC17	1	1
P23527	93	6.0	True	H2BC17	1	1
P23527	100	7.0	True	H2BC17	1	1
P23588	70	8.0	True	EIF4B	1	1
P23588	78	8.0	True	EIF4B	1	1
P23588	117	8.0	True	EIF4B	1	1
P23588	125	8.0	True	EIF4B	1	1
P23588	182	57.0	True	EIF4B	1	1
P23588	251	10.0	True	EIF4B	1	1
P23588	261	7.0	True	EIF4B	1	1
P23588	268	5.0	True	EIF4B	1	1
P23588	273	5.0	True	EIF4B	1	1
P23588	279	6.0	True	EIF4B	1	1
P23588	292	5.0	True	EIF4B	2	2
P23588	297	5.0	True	EIF4B	1	1
P23588	308	11.0	True	EIF4B	1	1
P23634	572	516.0	False	ATP2B4	1	1
P23634	1088	516.0	False	ATP2B4	1	1
P23677	62		False	ITPKA	2	2
P23760	10		False	PAX3	1	1
P23769	86		False	GATA2	2	2
P23771	86	175.0	False	GATA3	1	1
P23771	261	175.0	False	GATA3	1	1
P23786	51	503.0	False	CPT2	1	1
P23786	554	503.0	False	CPT2	1	1
P23919	41	102.0	False	DTYMK	1	1
P23919	143	49.0	True	DTYMK	1	1
P23919	192	49.0	True	DTYMK	1	1
P23921	80		False	RRM1	1	1
P24462	158	3.0	True	CYP3A7	1	1
P24462	161	3.0	True	CYP3A7	1	1
P24534	117	2.0	True	EEF1B2	1	1
P24534	119	2.0	True	EEF1B2	1	1
P24534	122	3.0	True	EEF1B2	1	1
P24666	28	38.0	True	ACP1	1	1
P24666	66	38.0	True	ACP1	1	1
P24928	426	1177.0	False	POLR2A	1	1
P24928	1603	207.0	False	POLR2A	1	1
P24928	1810	207.0	False	POLR2A	2	2
P24941	297		False	CDK2	1	1
P25024	279	1.0	True	CXCR1	1	1
P25024	280	1.0	True	CXCR1	1	1
P25054	958	18.0	True	APC	1	1
P25054	976	18.0	True	APC	1	1
P25054	1463	487.0	False	APC	1	1
P25054	2226	763.0	False	APC	1	1
P25098	50	149.0	False	ADRBK1	1	1
P25098	199	149.0	False	ADRBK1	1	1
P25098	683	484.0	False	ADRBK1	1	1
P25205	55	1.0	True	MCM3	1	1
P25205	56	1.0	True	MCM3	1	1
P25205	234	137.0	False	MCM3	1	1
P25205	371	48.0	True	MCM3	1	1
P25205	419	48.0	True	MCM3	1	1
P25205	598	145.0	False	MCM3	1	1
P25205	743	145.0	False	MCM3	1	1
P25311	93		False	AZGP1	1	1
P25325	284		False	MPST	1	1
P25391	2428		False	LAMA1	1	1
P25398	33	3.0	True	RPS12	1	1
P25398	36	3.0	True	RPS12	1	1
P25440	449		False	BRD2	1	1
P25490	308	73.0	True	YY1	1	1
P25490	381	73.0	True	YY1	1	1
P25685	13	53.0	True	DNAJB1	1	1
P25685	66	53.0	True	DNAJB1	1	1
P25705	58	30.0	True	ATP5A1	1	1
P25705	88	30.0	True	ATP5A1	1	1
P25705	204	3.0	True	ATP5A1	2	2
P25705	207	3.0	True	ATP5F1A	1	1
P25705	214	7.0	True	ATP5A1	1	1
P25705	330	4.0	True	ATP5A1	1	1
P25705	334	4.0	True	ATP5A1	1	1
P25940	1348	5.0	True	COL5A3	1	1
P25940	1353	5.0	True	COL5A3	1	1
P26022	69		False	PTX3	1	1
P26038	71	202.0	False	MSN	1	1
P26038	273	97.0	True	MSN	1	1
P26038	370	23.0	True	MSN	1	1
P26038	393	23.0	True	MSN	1	1
P26038	550	157.0	False	MSN	1	1
P26045	355		False	PTPN3	1	1
P26196	22	353.0	False	DDX6	1	1
P26196	375	353.0	False	DDX6	1	1
P26232	621	3.0	True	CTNNA2	1	1
P26232	624	3.0	True	CTNNA2	1	1
P26358	25	1.0	True	DNMT1	1	1
P26358	26	1.0	True	DNMT1	1	1
P26358	264	3.0	True	DNMT1	1	1
P26358	267	3.0	True	DNMT1	1	1
P26358	1401	72.0	True	DNMT1	1	1
P26358	1473	72.0	True	DNMT1	1	1
P26368	67	160.0	False	U2AF2	1	1
P26368	227	1.0	True	U2AF2	1	1
P26368	228	1.0	True	U2AF2	1	1
P26368	457	229.0	False	U2AF2	1	1
P26373	71	3.0	True	RPL13	1	1
P26373	74	3.0	True	RPL13	1	1
P26373	82	8.0	True	RPL13	1	1
P26373	101	1.0	True	RPL13	1	1
P26373	102	1.0	True	RPL13	1	1
P26373	116	14.0	True	RPL13	1	1
P26378	248		False	ELAVL4	1	1
P26440	413		False	IVD	1	1
P26583	10	14.0	True	HMGB2	1	1
P26583	24	14.0	True	HMGB2	1	1
P26583	110	86.0	True	HMGB2	1	1
P26599	52		False	PTBP1	1	1
P26639	262	105.0	False	TARS	1	1
P26639	367	66.0	True	TARS	1	1
P26639	433	66.0	True	TARS	1	1
P26640	699	289.0	False	VARS	1	1
P26640	988	289.0	False	VARS	1	1
P26641	51	98.0	True	EEF1G	1	1
P26641	149	40.0	True	EEF1G	1	1
P26641	189	12.0	True	EEF1G	1	1
P26641	201	12.0	True	EEF1G	1	1
P26885	115		False	FKBP2	1	1
P27144	80	1.0	True	AK4	1	1
P27144	81	1.0	True	AK4	1	1
P27144	188	107.0	False	AK4	1	1
P27348	55	83.0	True	YWHAQ	1	1
P27348	138	83.0	True	YWHAQ	1	1
P27361	211	98.0	True	MAPK3	1	1
P27361	309	98.0	True	MAPK3	1	1
P27448	552	47.0	True	MARK3	1	1
P27448	599	47.0	True	MARK3	1	1
P27482	38	74.0	True	CALML3	1	1
P27482	112	74.0	True	CALML3	1	1
P27540	143		False	ARNT	1	1
P27635	24	8.0	True	RPL10	1	1
P27635	32	8.0	True	RPL10	1	1
P27635	88	22.0	True	RPL10	1	1
P27635	110	6.0	True	RPL10	1	1
P27635	116	6.0	True	RPL10	1	1
P27635	153	37.0	True	RPL10	1	1
P27694	141	69.0	True	RPA1	1	1
P27694	210	69.0	True	RPA1	1	1
P27695	18	55.0	True	APEX1	1	1
P27695	73	55.0	True	APEX1	1	1
P27695	136	20.0	True	APEX1	1	1
P27695	156	20.0	True	APEX1	1	1
P27695	221	65.0	True	APEX1	1	1
P27708	177	338.0	False	CAD	1	1
P27708	515	338.0	False	CAD	1	1
P27708	1378	461.0	False	CAD	1	1
P27708	1839	461.0	False	CAD	1	1
P27797	73	149.0	False	CALR	1	1
P27797	222	144.0	False	CALR	1	1
P27797	366	144.0	False	CALR	1	1
P27816	888		False	MAP4	1	1
P27824	77	48.0	True	CANX	1	1
P27824	125	48.0	True	CANX	1	1
P27824	282	157.0	False	CANX	1	1
P27824	570	288.0	False	CANX	1	1
P27986	514	9.0	True	PIK3R1	1	1
P27986	523	9.0	True	PIK3R1	1	1
P27987	39	13.0	True	ITPKB	1	1
P27987	52	13.0	True	ITPKB	1	1
P28062	11		False	PSMB8	2	2
P28065	3	10.0	True	PSMB9	1	1
P28065	13	10.0	True	PSMB9	1	1
P28066	10	10.0	True	PSMA5	1	1
P28066	20	10.0	True	PSMA5	1	1
P28072	9	54.0	True	PSMB6	1	1
P28072	63	11.0	True	PSMB6	1	1
P28072	74	11.0	True	PSMB6	1	1
P28161	43	35.0	True	GSTM2	1	1
P28161	78	35.0	True	GSTM2	1	1
P28331	325	92.0	True	NDUFS1	1	1
P28331	417	92.0	True	NDUFS1	1	1
P28331	538	86.0	True	NDUFS1	1	1
P28331	624	86.0	True	NDUFS1	1	1
P28340	19	11.0	True	POLD1	2	2
P28340	30	11.0	True	POLD1	1	1
P28340	921	64.0	True	POLD1	1	1
P28340	985	64.0	True	POLD1	1	1
P28482	194		False	MAPK3	1	1
P28676	103		False	GCA	1	1
P28702	6	19.0	True	RXRB	1	1
P28702	25	14.0	True	RXRB	2	2
P28702	39	14.0	True	RXRB	1	1
P28702	303	264.0	False	RXRB	1	1
P28838	428		False	LAP3	1	1
P29033	75		False	GJB2	1	1
P29317	347	10.0	True	EPHA2	1	1
P29317	357	10.0	True	EPHA2	1	1
P29322	106		False	EPHA8	1	1
P29350	286		False	PTPN6	1	1
P29353	146		False	SHC1	1	1
P29372	24	3.0	True	MPG	1	1
P29372	27	3.0	True	MPG	1	1
P29372	138	3.0	True	MPG	1	1
P29372	141	3.0	True	MPG	1	1
P29590	632	85.0	True	PML	1	1
P29590	717	85.0	True	PML	1	1
P29590	872	155.0	False	PML	1	1
P29597	10	529.0	False	TYK2	1	1
P29597	539	529.0	False	TYK2	1	1
P29692	24	14.0	True	EEF1D	1	1
P29692	38	14.0	True	EEF1D	1	1
P29692	83	12.0	True	EEF1D	1	1
P29692	95	12.0	True	EEF1D	1	1
P29692	178	83.0	True	EEF1D	1	1
P29992	20		False	GNA11	1	1
P30038	304	194.0	False	ALDH4A1	1	1
P30038	498	194.0	False	ALDH4A1	1	1
P30040	122		False	ERP29	1	1
P30041	22	2.0	True	PRDX6	1	1
P30041	24	2.0	True	PRDX6	1	1
P30041	106	2.0	True	PRDX6	1	1
P30041	108	2.0	True	PRDX6	1	1
P30041	155	47.0	True	PRDX6	1	1
P30043	134	53.0	True	BLVRB	1	1
P30043	187	53.0	True	BLVRB	1	1
P30044	176	1.0	True	PRDX5	1	1
P30044	177	1.0	True	PRDX5	1	1
P30046	14	81.0	True	DDT	1	1
P30046	95	81.0	True	DDT	1	1
P30048	207	7.0	True	PRDX3	1	1
P30048	214	7.0	True	PRDX3	1	1
P30050	67	47.0	True	RPL12	1	1
P30050	114	32.0	True	RPL12	1	1
P30050	146	32.0	True	RPL12	1	1
P30084	197	75.0	True	ECHS1	2	2
P30084	272	75.0	True	ECHS1	1	1
P30086	76	53.0	True	PEBP1	1	1
P30086	129	53.0	True	PEBP1	1	1
P30101	62	11.0	True	PDIA3	1	1
P30101	73	11.0	True	PDIA3	1	1
P30101	119	21.0	True	PDIA3	1	1
P30101	140	21.0	True	PDIA3	1	1
P30101	179	39.0	True	PDIA3	1	1
P30101	329	119.0	False	PDIA3	1	1
P30101	448	119.0	False	PDIA3	1	1
P30153	134	33.0	True	PPP2R1A	1	1
P30153	167	33.0	True	PPP2R1A	1	1
P30153	527	360.0	False	PPP2R1A	1	1
P30154	278		False	PPP2R1B	1	1
P30291	14	138.0	False	WEE1	1	1
P30291	152	47.0	True	WEE1	1	1
P30291	199	47.0	True	WEE1	1	1
P30291	617	418.0	False	WEE1	1	1
P30304	278	12.0	True	CDC25A	1	1
P30304	290	12.0	True	CDC25A	1	1
P30419	88	78.0	True	NMT1	1	1
P30419	166	78.0	True	NMT1	1	1
P30520	326		False	ADSS	1	1
P30530	724		False	AXL	1	1
P30533	68	82.0	True	LRPAP1	1	1
P30533	150	82.0	True	LRPAP1	1	1
P30533	348	198.0	False	LRPAP1	1	1
P30613	435		False	PKLR	1	1
P30626	116		False	SRI	1	1
P30679	186	19.0	True	GNA15	1	1
P30679	205	19.0	True	GNA15	1	1
P30825	16	7.0	True	SLC7A1	1	1
P30825	23	7.0	True	SLC7A1	1	1
P30837	73	265.0	False	ALDH1B1	1	1
P30837	338	265.0	False	ALDH1B1	1	1
P30876	803	220.0	False	POLR2B	1	1
P30876	1023	41.0	True	POLR2B	1	1
P30876	1064	41.0	True	POLR2B	1	1
P30939	123		False	HTR1F	1	1
P31040	325	4.0	True	SDHA	1	1
P31040	329	4.0	True	SDHA	1	1
P31040	500	7.0	True	SDHA	1	1
P31040	507	5.0	True	SDHA	1	1
P31040	512	5.0	True	SDHA	1	1
P31040	585	4.0	True	SDHA	1	1
P31040	589	4.0	True	SDHA	1	1
P31040	594	5.0	True	SDHA	1	1
P31040	662	68.0	True	SDHA	1	1
P31150	35	33.0	True	GDI1	1	1
P31150	68	2.0	True	GDI1	1	1
P31150	70	2.0	True	GDI1	1	1
P31150	169	99.0	True	GDI1	1	1
P31150	290	121.0	False	GDI1	1	1
P31153	192	72.0	True	MAT2A	1	1
P31153	264	72.0	True	MAT2A	1	1
P31260	193	185.0	False	HOXA10	1	1
P31260	378	185.0	False	HOXA10	1	1
P31267	178		False	HOXA6	1	1
P31268	153		False	HOXA7	1	1
P31275	109		False	HOXC12	1	1
P31276	133		False	HOXC13	1	1
P31277	76		False	HOXD11	1	1
P31321	342		False	PRKAR1B	1	1
P31327	547	233.0	False	CPS1	1	1
P31327	780	7.0	True	CPS1	1	1
P31327	787	7.0	True	CPS1	2	2
P31350	212		False	RRM2	1	1
P31689	154	99.0	True	DNAJA1	1	1
P31689	253	99.0	True	DNAJA1	1	1
P31939	42	37.0	True	ATIC	1	1
P31939	79	37.0	True	ATIC	1	1
P31939	305	226.0	False	ATIC	1	1
P31942	19	71.0	True	HNRNPH3	1	1
P31942	90	14.0	True	HNRNPH3	1	1
P31942	104	1.0	True	HNRNPH3	1	1
P31942	105	1.0	True	HNRNPH3	1	1
P31942	110	5.0	True	HNRNPH3	1	1
P31942	116	5.0	True	HNRNPH3	3	3
P31942	121	5.0	True	HNRNPH3	3	3
P31942	129	6.0	True	HNRNPH3	3	3
P31942	135	2.0	True	HNRNPH3	2	2
P31942	137	1.0	True	HNRNPH3	1	2
P31942	138	1.0	True	HNRNPH3	1	1
P31942	171	3.0	True	HNRNPH3	1	1
P31942	174	3.0	True	HNRNPH3	3	3
P31942	200	5.0	True	HNRNPH3	1	1
P31942	205	5.0	True	HNRNPH3	1	1
P31942	287	14.0	True	HNRNPH3	1	1
P31942	301	14.0	True	HNRNPH3	2	2
P31942	323	20.0	True	HNRNPH3	3	3
P31942	343	20.0	True	HNRNPH3	3	3
P31943	29	15.0	True	HNRNPH1	1	1
P31943	44	5.0	True	HNRNPH1	1	1
P31943	49	5.0	True	HNRNPH1	1	1
P31943	81	32.0	True	HNRNPH1	1	1
P31943	114	33.0	True	HNRNPH1	1	1
P31943	199	7.0	True	HNRNPH1	1	1
P31943	206	6.0	True	HNRNPH1	1	1
P31943	212	5.0	True	HNRNPH1	2	2
P31943	217	5.0	True	HNRNPH1	2	2
P31943	224	6.0	True	HNRNPH1	2	2
P31943	230	2.0	True	HNRNPH1	2	2
P31943	232	1.0	True	HNRNPH1	1	3
P31943	233	1.0	True	HNRNPH1	3	3
P31943	259	3.0	True	HNRNPH1	1	1
P31943	262	3.0	True	HNRNPH1	1	1
P31943	294	32.0	True	HNRNPH1	1	1
P31944	5		False	CASP14	1	1
P31946	43		False	YWHAB	1	1
P31948	44	43.0	True	STIP1	1	1
P31948	87	6.0	True	STIP1	1	1
P31948	93	6.0	True	STIP1	1	1
P31948	118	25.0	True	STIP1	1	1
P31948	293	175.0	False	STIP1	1	1
P31948	543	250.0	False	STIP1	1	1
P31949	62		False	S100A11	1	1
P32119	110	17.0	True	PRDX2	1	1
P32119	127	17.0	True	PRDX2	1	1
P32119	150	7.0	True	PRDX2	1	1
P32119	157	7.0	True	PRDX2	1	1
P32456	221	211.0	False	GBP2	1	1
P32456	432	211.0	False	GBP2	1	1
P32519	269		False	ELF1	1	1
P32927	46		False	CSF2RB	1	1
P32929	62	57.0	True	CTH	1	1
P32929	119	3.0	True	CTH	1	1
P32929	122	3.0	True	CTH	1	1
P32969	36	93.0	True	RPL9	1	1
P32969	129	93.0	True	RPL9	1	1
P33176	321	143.0	False	KIF5B	1	1
P33176	464	143.0	False	KIF5B	1	1
P33176	774	127.0	False	KIF5B	1	1
P33176	901	55.0	True	KIF5B	1	1
P33176	956	55.0	True	KIF5B	2	2
P33240	303	5.0	True	CSTF2	1	1
P33240	308	5.0	True	CSTF2	3	3
P33240	319	11.0	True	CSTF2	1	1
P33240	330	11.0	True	CSTF2	1	1
P33240	344	14.0	True	CSTF2	1	1
P33240	365	8.0	True	CSTF2	1	1
P33240	373	8.0	True	CSTF2	2	2
P33240	381	7.0	True	CSTF2	2	2
P33240	388	7.0	True	CSTF2	2	2
P33240	402	3.0	True	CSTF2	1	1
P33240	405	3.0	True	CSTF2	1	1
P33240	423	5.0	True	CSTF2	1	1
P33240	428	5.0	True	CSTF2	1	1
P33240	458	5.0	True	CSTF2	1	1
P33240	463	5.0	True	CSTF2	1	1
P33240	468	5.0	True	CSTF2	3	3
P33240	475	7.0	True	CSTF2	3	3
P33240	499	24.0	True	CSTF2	1	1
P33316	47	21.0	True	DUT	1	1
P33316	68	21.0	True	DUT	1	1
P33316	115	13.0	True	DUT	1	1
P33316	128	4.0	True	DUT	1	1
P33316	132	4.0	True	DUT	1	1
P33316	216	8.0	True	DUT	1	1
P33316	224	8.0	True	DUT	1	1
P33316	241	17.0	True	DUT	1	1
P33552	45		False	CKS2	1	1
P33778	73	7.0	True	H2BC3	1	1
P33778	80	7.0	True	H2BC3	1	1
P33778	87	6.0	True	H2BC3	1	1
P33778	93	6.0	True	H2BC3	1	1
P33778	100	7.0	True	H2BC3	1	1
P33991	10	1.0	True	MCM4	1	1
P33991	11	1.0	True	MCM4	1	1
P33991	14	1.0	True	MCM4	1	1
P33991	15	1.0	True	MCM4	1	1
P33991	17	2.0	True	MCM4	1	1
P33991	108	91.0	True	MCM4	1	1
P33991	387	279.0	False	MCM4	1	1
P33991	724	104.0	False	MCM4	1	1
P33991	828	104.0	False	MCM4	1	1
P33992	251	29.0	True	MCM5	1	1
P33992	280	29.0	True	MCM5	1	1
P33992	323	1.0	True	MCM5	2	2
P33992	324	1.0	True	MCM5	1	2
P33992	528	204.0	False	MCM5	1	1
P33993	132	1.0	True	MCM7	1	1
P33993	133	1.0	True	MCM7	1	1
P33993	219	6.0	True	MCM7	1	1
P33993	225	6.0	True	MCM7	1	1
P33993	321	4.0	True	MCM7	1	1
P33993	325	4.0	True	MCM7	1	1
P33993	396	11.0	True	MCM7	1	1
P33993	407	11.0	True	MCM7	1	1
P33993	524	3.0	True	MCM7	1	1
P33993	527	3.0	True	MCM7	1	1
P33993	532	5.0	True	MCM7	1	1
P33993	673	141.0	False	MCM7	1	1
P34897	214	16.0	True	SHMT2	1	1
P34897	230	6.0	True	SHMT2	1	1
P34897	236	6.0	True	SHMT2	1	1
P34897	368	48.0	True	SHMT2	1	1
P34897	416	26.0	True	SHMT2	1	1
P34897	442	26.0	True	SHMT2	1	1
P34925	391		False	RYK	1	1
P34931	51	367.0	False	HSPA1L	1	1
P34931	418	42.0	True	HSPA1L	1	1
P34931	460	11.0	True	HSPA1L	1	1
P34931	471	11.0	True	HSPA1L	1	1
P34932	33	36.0	True	HSPA4	1	1
P34932	69	4.0	True	HSPA4	1	1
P34932	73	4.0	True	HSPA4	1	1
P34932	154	81.0	True	HSPA4	1	1
P34932	265	111.0	False	HSPA4	1	1
P34932	645	380.0	False	HSPA4	1	1
P34949	65	257.0	False	MPI	1	1
P34949	322	257.0	False	MPI	1	1
P35080	105	31.0	True	PFN2	1	1
P35080	136	31.0	True	PFN2	1	1
P35221	98	67.0	True	CTNNA1	1	1
P35221	165	67.0	True	CTNNA1	1	1
P35222	528		False	CTNNB1	1	1
P35226	114		False	BMI1	1	1
P35228	670		False	NOS2	1	1
P35232	41	52.0	True	PHB	1	1
P35232	93	52.0	True	PHB	1	1
P35232	239	146.0	False	PHB	1	1
P35236	42		False	PTPN7	1	1
P35237	89	4.0	True	SERPINB6	1	1
P35237	93	4.0	True	SERPINB6	1	1
P35240	351	2.0	True	NF2	1	1
P35240	353	2.0	True	NF2	1	1
P35240	568	215.0	False	NF2	1	1
P35241	151	122.0	False	RDX	1	1
P35241	273	122.0	False	RDX	1	1
P35249	20	94.0	True	RFC4	1	1
P35249	114	94.0	True	RFC4	2	2
P35250	111	44.0	True	RFC2	1	1
P35250	155	29.0	True	RFC2	1	1
P35250	184	29.0	True	RFC2	1	1
P35251	986		False	RFC1	1	1
P35268	101		False	RPL22	1	1
P35269	166		False	GTF2F1	1	1
P35354	170		False	PTGS2	1	1
P35368	389	4.0	True	ADRA1B	1	1
P35368	393	4.0	True	ADRA1B	1	1
P35368	399	4.0	True	ADRA1B	1	1
P35368	403	4.0	True	ADRA1B	1	1
P35520	18	146.0	False	CBS	1	1
P35520	164	26.0	True	CBS	1	1
P35520	190	26.0	True	CBS	1	1
P35520	336	53.0	True	CBS	1	1
P35520	389	53.0	True	CBS	1	1
P35527	63	424.0	False	KRT9	1	1
P35527	487	3.0	True	KRT9	1	1
P35527	490	3.0	True	KRT9	1	1
P35555	232		False	FBN1	1	1
P35556	362	12.0	True	FBN2	1	1
P35556	374	12.0	True	FBN2	1	1
P35568	373	222.0	False	IRS1	1	1
P35568	595	5.0	True	IRS1	1	1
P35568	600	5.0	True	IRS1	1	1
P35573	322	906.0	False	AGL	1	1
P35573	1228	906.0	False	AGL	1	1
P35579	165	546.0	False	MYH9	1	1
P35579	711	212.0	False	MYH9	1	1
P35579	923	77.0	True	MYH9	2	2
P35579	1000	35.0	True	MYH9	1	1
P35579	1035	35.0	True	MYH9	1	1
P35579	1162	127.0	False	MYH9	1	1
P35579	1602	149.0	False	MYH9	1	1
P35579	1751	104.0	False	MYH9	1	1
P35579	1855	1.0	True	MYH9	1	1
P35579	1856	1.0	True	MYH9	1	1
P35579	1923	9.0	True	MYH9	2	2
P35579	1932	1.0	True	MYH9	1	1
P35579	1933	1.0	True	MYH9	1	1
P35580	18	145.0	False	MYH10	1	1
P35580	163	145.0	False	MYH10	1	1
P35580	613	105.0	False	MYH10	1	1
P35580	718	105.0	False	MYH10	1	1
P35580	912	95.0	True	MYH10	1	1
P35580	1007	95.0	True	MYH10	1	1
P35580	1198	191.0	False	MYH10	1	1
P35580	1545	64.0	True	MYH10	1	1
P35580	1609	64.0	True	MYH10	1	1
P35580	1760	102.0	False	MYH10	1	1
P35580	1862	1.0	True	MYH10	1	1
P35580	1863	1.0	True	MYH10	1	1
P35580	1930	10.0	True	MYH10	1	1
P35580	1940	3.0	True	MYH10	2	2
P35580	1943	3.0	True	MYH10	1	1
P35606	165	294.0	False	COPB2	1	1
P35606	459	294.0	False	COPB2	1	1
P35606	833	374.0	False	COPB2	1	1
P35609	83	6.0	True	ACTN2	1	1
P35609	89	6.0	True	ACTN2	1	1
P35609	268	179.0	False	ACTN2	1	1
P35611	27	504.0	False	ADD1	1	1
P35611	531	504.0	False	ADD1	1	1
P35637	213	3.0	True	FUS	1	1
P35637	216	2.0	True	FUS	3	3
P35637	218	2.0	True	FUS	3	3
P35637	234	8.0	True	FUS	2	2
P35637	242	2.0	True	FUS	3	3
P35637	244	2.0	True	FUS	3	3
P35637	248	3.0	True	FUS	2	2
P35637	251	3.0	True	FUS	2	2
P35637	259	8.0	True	FUS	2	2
P35637	269	10.0	True	FUS	1	1
P35637	328	43.0	True	FUS	1	1
P35637	371	1.0	True	FUS	2	2
P35637	372	1.0	True	FUS	1	2
P35637	377	5.0	True	FUS	2	2
P35637	383	3.0	True	FUS	2	2
P35637	386	2.0	True	FUS	1	2
P35637	388	2.0	True	FUS	2	2
P35637	394	6.0	True	FUS	3	3
P35637	407	13.0	True	FUS	3	3
P35637	472	1.0	True	FUS	1	2
P35637	473	1.0	True	FUS	2	2
P35637	476	3.0	True	FUS	2	2
P35637	481	4.0	True	FUS	2	2
P35637	485	2.0	True	FUS	2	2
P35637	487	2.0	True	FUS	2	2
P35637	491	4.0	True	FUS	3	3
P35637	495	3.0	True	FUS	3	3
P35637	498	3.0	True	FUS	3	3
P35637	503	5.0	True	FUS	3	3
P35637	514	11.0	True	FUS	1	1
P35658	1881		False	NUP214	1	1
P35659	93	14.0	True	DEK	1	1
P35659	107	14.0	True	DEK	1	1
P35711	549		False	SOX5	1	1
P35712	338	136.0	False	SOX6	1	1
P35712	474	136.0	False	SOX6	1	1
P35749	718	983.0	False	MYH11	1	1
P35749	1701	218.0	False	MYH11	1	1
P35749	1919	218.0	False	MYH11	1	1
P35869	16		False	AHR	1	1
P35900	42	3.0	True	KRT20	1	1
P35900	45	3.0	True	KRT20	1	1
P35908	12	49.0	True	KRT2	1	1
P35908	61	49.0	True	KRT2	1	1
P35908	122	61.0	True	KRT2	1	1
P35908	490	34.0	True	KRT2	1	1
P35908	524	34.0	True	KRT2	1	1
P35908	603	79.0	True	KRT2	1	1
P35998	428		False	PSMC2	1	1
P36402	348	2.0	True	TCF7	1	1
P36402	350	2.0	True	TCF7	1	1
P36405	72		False	ARL3	1	1
P36508	294		False	ZNF76	1	1
P36542	33	67.0	True	ATP5F1C	1	1
P36542	100	67.0	True	ATP5C1	1	1
P36551	298	103.0	False	CPOX	1	1
P36551	401	103.0	False	CPOX	1	1
P36578	71	4.0	True	RPL4	1	1
P36578	75	4.0	True	RPL4	1	1
P36578	80	5.0	True	RPL4	1	1
P36578	86	6.0	True	RPL4	1	1
P36578	97	3.0	True	RPL4	2	2
P36578	100	3.0	True	RPL4	1	1
P36578	188	17.0	True	RPL4	1	1
P36578	205	17.0	True	RPL4	1	1
P36578	300	95.0	True	RPL4	1	1
P36639	50		False	NUDT1	1	1
P36776	904	55.0	True	LONP1	1	1
P36776	959	55.0	True	LONP1	1	1
P36871	293	50.0	True	PGM1	1	1
P36871	343	50.0	True	PGM1	1	1
P36871	452	39.0	True	PGM1	1	1
P36871	491	39.0	True	PGM1	1	1
P36873	20	16.0	True	PPP1CC	1	1
P36873	36	16.0	True	PPP1CC	1	1
P36873	122	10.0	True	PPP1CC	1	1
P36873	132	10.0	True	PPP1CC	1	1
P36915	74	8.0	True	GNL1	1	1
P36915	82	8.0	True	GNL1	1	1
P36952	186		False	SERPINB5	1	1
P36957	88	349.0	False	DLST	1	1
P36957	437	349.0	False	DLST	1	1
P37268	20		False	FDFT1	1	1
P37287	4	8.0	True	PIGA	1	1
P37287	12	8.0	True	PIGA	1	1
P37802	12	170.0	False	TAGLN2	1	1
P37802	182	14.0	True	TAGLN2	3	3
P37802	196	14.0	True	TAGLN2	3	3
P37837	102		False	TALDO1	1	1
P38117	26	59.0	True	ETFB	1	1
P38117	85	59.0	True	ETFB	1	1
P38117	174	12.0	True	ETFB	1	1
P38117	186	5.0	True	ETFB	1	1
P38117	191	5.0	True	ETFB	1	1
P38159	49	44.0	True	RBMX	1	1
P38159	93	1.0	True	RBMX	1	1
P38159	94	1.0	True	RBMX	1	1
P38159	101	2.0	True	RBMX	1	1
P38159	103	2.0	True	RBMX	1	1
P38159	107	3.0	True	RBMX	1	1
P38159	110	3.0	True	RBMX	2	2
P38159	113	3.0	True	RBMX	2	2
P38159	120	5.0	True	RBMX	1	1
P38159	125	5.0	True	RBMX	1	1
P38159	144	7.0	True	RBMX	1	1
P38159	151	5.0	True	RBMX	1	1
P38159	156	5.0	True	RBMX	1	1
P38159	164	8.0	True	RBMX	2	2
P38159	172	8.0	True	RBMX	2	2
P38159	180	5.0	True	RBMX	1	1
P38159	185	2.0	True	RBMX	2	2
P38159	187	2.0	True	RBMX	2	2
P38159	258	5.0	True	RBMX	1	1
P38159	263	5.0	True	RBMX	1	1
P38159	292	6.0	True	RBMX	1	1
P38159	298	6.0	True	RBMX	2	2
P38159	309	8.0	True	RBMX	1	1
P38159	317	8.0	True	RBMX	1	1
P38159	339	2.0	True	RBMX	1	1
P38159	341	2.0	True	RBMX	1	1
P38159	344	3.0	True	RBMX	1	1
P38159	347	3.0	True	RBMX	1	1
P38159	355	8.0	True	RBMX	1	1
P38159	369	4.0	True	RBMX	2	2
P38159	373	4.0	True	RBMX	2	2
P38159	377	4.0	True	RBMX	2	2
P38159	381	4.0	True	RBMX	1	1
P38432	350	2.0	True	COIL	2	2
P38432	352	2.0	True	COIL	2	2
P38432	393	4.0	True	COIL	2	2
P38432	397	4.0	True	COIL	2	2
P38432	419	22.0	True	COIL	1	1
P38606	364	17.0	True	ATP6V1A	1	1
P38606	381	7.0	True	ATP6V1A	1	1
P38606	388	7.0	True	ATP6V1A	1	1
P38606	476	54.0	True	ATP6V1A	1	1
P38606	530	54.0	True	ATP6V1A	1	1
P38646	218	89.0	True	HSPA9	1	1
P38646	307	53.0	True	HSPA9	1	1
P38646	360	1.0	True	HSPA9	1	1
P38646	361	1.0	True	HSPA9	1	1
P38646	405	44.0	True	HSPA9	1	1
P38646	513	108.0	False	HSPA9	3	3
P38646	624	111.0	False	HSPA9	1	1
P38919	14	137.0	False	EIF4A3	1	1
P38919	151	137.0	False	EIF4A3	1	1
P38935	146		False	IGHMBP2	1	1
P38936	156		False	CDKN1A	1	1
P39019	56	11.0	True	RPS19	1	1
P39019	67	11.0	True	RPS19	2	2
P39019	94	27.0	True	RPS19	1	1
P39019	133	39.0	True	RPS19	1	1
P39023	19	150.0	False	RPL3	1	1
P39023	169	99.0	True	RPL3	1	1
P39023	268	99.0	True	RPL3	1	1
P39060	902		False	COL18A1	1	1
P39656	365		False	DDOST	1	1
P39687	12	63.0	True	ANP32A	1	1
P39687	75	57.0	True	ANP32A	1	1
P39687	132	18.0	True	ANP32A	1	1
P39687	150	18.0	True	ANP32A	1	1
P39748	19	81.0	True	FEN1	1	1
P39748	100	4.0	True	FEN1	1	1
P39748	104	4.0	True	FEN1	1	1
P39748	192	69.0	True	FEN1	1	1
P39748	261	69.0	True	FEN1	1	1
P40126	409		False	DCT	1	1
P40197	476		False	GP5	1	1
P40222	69	77.0	True	TXLNA	1	1
P40222	146	77.0	True	TXLNA	1	1
P40222	308	162.0	False	TXLNA	1	1
P40227	35	279.0	False	CCT6A	1	1
P40227	314	82.0	True	CCT6A	1	1
P40227	396	82.0	True	CCT6A	1	1
P40337	79	3.0	True	VHL	1	1
P40337	82	3.0	True	VHL	1	1
P40425	15		False	PBX2	1	1
P40429	12	6.0	True	RPL13A	1	1
P40429	18	6.0	True	RPL13A	1	1
P40429	31	13.0	True	RPL13A	1	1
P40429	68	6.0	True	RPL13A	1	1
P40429	74	6.0	True	RPL13A	1	1
P40429	101	27.0	True	RPL13A	1	1
P40763	84		False	STAT3	1	1
P40818	51	3.0	True	USP8	1	1
P40818	54	3.0	True	USP8	1	1
P40925	230		False	MDH1	1	1
P40926	257		False	MDH2	1	1
P40937	52	44.0	True	RFC5	1	1
P40937	96	44.0	True	RFC5	1	1
P40939	399	150.0	False	HADHA	1	1
P40939	549	150.0	False	HADHA	1	1
P41091	68		False	EIF2S3	1	1
P41162	321		False	ETV3	1	1
P41208	16		False	CETN2	1	1
P41219	9	55.0	True	PRPH	1	1
P41219	64	8.0	True	PRPH	1	1
P41219	72	8.0	True	PRPH	1	1
P41219	94	22.0	True	PRPH	1	1
P41223	130	10.0	True	BUD31	1	1
P41223	140	10.0	True	BUD31	1	1
P41227	159		False	NAA10	1	1
P41236	33		False	PPP1R2	1	1
P41250	596	6.0	True	GARS	1	1
P41250	602	6.0	True	GARS	1	1
P41250	687	85.0	True	GARS	1	1
P41252	81	1.0	True	IARS	1	1
P41252	82	1.0	True	IARS	1	1
P41252	343	261.0	False	IARS	1	1
P41567	34	4.0	True	EIF1B	1	1
P41567	38	4.0	True	EIF1B	1	1
P41567	90	52.0	True	EIF1B	1	1
P42025	313		False	ACTR1B	1	1
P42126	171	125.0	False	ECI1	1	1
P42126	296	125.0	False	ECI1	1	1
P42166	50	36.0	True	TMPO	1	1
P42166	86	36.0	True	TMPO	1	1
P42166	139	43.0	True	TMPO	1	1
P42166	182	43.0	True	TMPO	1	1
P42166	264	82.0	True	TMPO	1	1
P42166	511	247.0	False	TMPO	1	1
P42167	256	63.0	True	TMPO	1	1
P42167	319	1.0	True	TMPO	1	1
P42167	320	1.0	True	TMPO	1	1
P42167	364	1.0	True	TMPO	1	1
P42167	365	1.0	True	TMPO	1	1
P42167	381	16.0	True	TMPO	1	1
P42229	110		False	STAT5B	1	1
P42345	2060		False	MTOR	1	1
P42356	7	39.0	True	PI4KA	1	1
P42356	46	39.0	True	PI4KA	1	1
P42356	423	377.0	False	PI4KA	1	1
P42356	1158	735.0	False	PI4KA	1	1
P42575	22	2.0	True	CASP2	1	1
P42575	24	2.0	True	CASP2	1	1
P42575	107	83.0	True	CASP2	1	1
P42658	66	2.0	True	DPP6	1	1
P42658	68	2.0	True	DPP6	1	1
P42677	72		False	RPS27	1	1
P42679	4	7.0	True	MATK	1	1
P42679	11	7.0	True	MATK	1	1
P42679	31	20.0	True	MATK	1	1
P42684	20	3.0	True	ABL2	1	1
P42684	23	3.0	True	ABL2	1	1
P42694	1160	59.0	True	HELZ	1	1
P42694	1219	26.0	True	HELZ	1	1
P42694	1245	26.0	True	HELZ	2	2
P42694	1340	95.0	True	HELZ	1	1
P42694	1760	420.0	False	HELZ	1	1
P42696	26	24.0	True	RBM34	1	1
P42696	50	24.0	True	RBM34	1	1
P42704	128	69.0	True	LRPPRC	1	1
P42704	197	69.0	True	LRPPRC	1	1
P42704	605	134.0	False	LRPPRC	1	1
P42704	739	134.0	False	LRPPRC	1	1
P42704	929	190.0	False	LRPPRC	1	1
P42765	370		False	ACAA2	1	1
P42766	32	52.0	True	RPL35	1	1
P42766	84	28.0	True	RPL35	1	1
P42766	112	5.0	True	RPL35	1	1
P42766	117	5.0	True	RPL35	1	1
P42768	13	315.0	False	WAS	1	1
P42768	328	10.0	True	WAS	1	1
P42768	338	10.0	True	WAS	1	1
P42768	357	7.0	True	WAS	1	1
P42768	364	7.0	True	WAS	2	2
P42771	99	32.0	True	CDKN2A	1	1
P42771	131	7.0	True	CDKN2A	1	1
P42771	138	7.0	True	CDKN2A	1	1
P42772	101		False	CDKN2B	1	1
P43026	163		False	GDF5	1	1
P43034	234	129.0	False	PAFAH1B1	1	1
P43034	363	129.0	False	PAFAH1B1	1	1
P43121	97		False	MCAM	1	1
P43155	512		False	CRAT	1	1
P43166	229		False	CA7	1	1
P43243	12	39.0	True	MATR3	1	1
P43243	51	39.0	True	MATR3	1	1
P43243	92	41.0	True	MATR3	1	1
P43243	192	24.0	True	MATR3	1	1
P43243	216	7.0	True	MATR3	1	1
P43243	223	7.0	True	MATR3	1	1
P43243	255	32.0	True	MATR3	1	1
P43243	387	20.0	True	MATR3	1	1
P43243	407	20.0	True	MATR3	1	1
P43246	219		False	MSH2	1	1
P43308	32		False	SSR2	1	1
P43364	7		False	MAGEA11	1	1
P43405	292		False	SYK	1	1
P43490	196		False	NAMPT	1	1
P43681	10	15.0	True	CHRNA4	1	1
P43681	25	8.0	True	CHRNA4	1	1
P43681	33	8.0	True	CHRNA4	1	1
P43686	114	169.0	False	PSMC4	1	1
P43686	283	55.0	True	PSMC4	1	1
P43686	338	1.0	True	PSMC4	1	1
P43686	339	1.0	True	PSMC4	1	1
P43699	121	6.0	True	NKX2-1	1	1
P43699	127	6.0	True	NKX2-1	1	1
P45877	45		False	PPIC	1	1
P45973	82	33.0	True	CBX5	1	1
P45973	115	4.0	True	CBX5	1	1
P45973	119	4.0	True	CBX5	1	1
P45985	58		False	MAP2K4	3	3
P46013	93	2450.0	False	MKI67	1	1
P46013	2543	2450.0	False	MKI67	1	1
P46060	81	208.0	False	RANGAP1	1	1
P46060	289	208.0	False	RANGAP1	1	1
P46087	804		False	NOP2	1	1
P46100	1302	661.0	False	ATRX	1	1
P46100	1963	511.0	False	ATRX	1	1
P46100	2474	6.0	True	ATRX	1	1
P46100	2480	6.0	True	ATRX	1	1
P46108	122		False	CRK	1	1
P46109	11	257.0	False	CRKL	1	1
P46109	268	257.0	False	CRKL	1	1
P46379	344	162.0	False	BAG6	1	1
P46379	506	7.0	True	BAG6	1	1
P46379	513	7.0	True	BAG6	1	1
P46439	78		False	GSTM5	1	1
P46459	337		False	NSF	1	1
P46527	15	139.0	False	CDKN1B	1	1
P46527	154	139.0	False	CDKN1B	1	1
P46531	1946		False	NOTCH1	1	1
P46776	12	53.0	True	RPL27A	1	1
P46776	65	40.0	True	RPL27A	1	1
P46776	105	40.0	True	RPL27A	1	1
P46777	209	39.0	True	RPL5	1	1
P46777	248	39.0	True	RPL5	1	1
P46778	17	15.0	True	RPL21	1	1
P46778	32	15.0	True	RPL21	1	1
P46778	136	104.0	False	RPL21	1	1
P46779	11	96.0	True	RPL28	1	1
P46779	107	96.0	True	RPL28	1	1
P46781	5	5.0	True	RPS9	1	1
P46781	10	5.0	True	RPS9	1	1
P46781	38	28.0	True	RPS9	1	1
P46781	79	29.0	True	RPS9	1	1
P46781	108	29.0	True	RPS9	1	1
P46781	162	54.0	True	RPS9	1	1
P46782	55	81.0	True	RPS5	1	1
P46782	136	9.0	True	RPS5	1	1
P46782	145	9.0	True	RPS5	1	1
P46782	198	53.0	True	RPS5	1	1
P46783	119	5.0	True	RPS10	2	2
P46783	124	5.0	True	RPS10	1	1
P46783	153	5.0	True	RPS10	2	2
P46783	158	2.0	True	RPS10	2	2
P46783	160	2.0	True	RPS10	2	2
P46821	203	796.0	False	MAP1B	1	1
P46821	999	796.0	False	MAP1B	1	1
P46821	1880	328.0	False	MAP1B	1	1
P46821	2208	328.0	False	MAP1B	1	1
P46934	977		False	NEDD4	1	1
P46937	89		False	YAP1	1	1
P46939	896	471.0	False	UTRN	1	1
P46939	1367	45.0	True	UTRN	1	1
P46939	1412	45.0	True	UTRN	1	1
P46939	2411	228.0	False	UTRN	1	1
P46939	2639	1.0	True	UTRN	1	1
P46939	2640	1.0	True	UTRN	1	1
P46940	336	249.0	False	IQGAP1	1	1
P46940	585	202.0	False	IQGAP1	1	1
P46940	787	11.0	True	IQGAP1	1	1
P46940	798	11.0	True	IQGAP1	1	1
P46940	1136	3.0	True	IQGAP1	1	1
P46940	1139	3.0	True	IQGAP1	1	1
P46940	1263	1.0	True	IQGAP1	1	1
P46940	1264	1.0	True	IQGAP1	1	1
P46977	8		False	STT3A	1	1
P47756	14	230.0	False	CAPZB	1	1
P47756	244	230.0	False	CAPZB	1	1
P47813	82		False	EIF1AX	1	1
P47869	101		False	GABRA2	1	1
P47895	15	69.0	True	ALDH1A3	1	1
P47895	84	69.0	True	ALDH1A3	1	1
P47897	201	24.0	True	QARS	1	1
P47897	225	24.0	True	QARS	1	1
P47914	95		False	RPL29	1	1
P47928	49		False	ID4	1	1
P47974	211		False	ZFP36L2	1	1
P47985	92	104.0	False	UQCRFS1	1	1
P47985	196	104.0	False	UQCRFS1	1	1
P48029	614		False	SLC6A8	1	1
P48047	29	35.0	True	ATP5O	1	1
P48047	64	35.0	True	ATP5O	1	1
P48147	643		False	PREP	1	1
P48200	175	599.0	False	IREB2	1	1
P48200	774	599.0	False	IREB2	1	1
P48382	302	26.0	True	RFX5	1	1
P48382	328	7.0	True	RFX5	1	1
P48382	335	3.0	True	RFX5	1	1
P48382	338	3.0	True	RFX5	1	1
P48382	354	16.0	True	RFX5	1	1
P48382	370	16.0	True	RFX5	1	1
P48444	84		False	ARCN1	1	1
P48449	10	318.0	False	LSS	1	1
P48449	328	318.0	False	LSS	1	1
P48506	185	6.0	True	GCLC	1	1
P48506	191	6.0	True	GCLC	1	1
P48506	309	118.0	False	GCLC	1	1
P48552	239	11.0	True	NRIP1	1	1
P48552	250	11.0	True	NRIP1	1	1
P48552	649	298.0	False	NRIP1	1	1
P48552	947	298.0	False	NRIP1	1	1
P48634	41	14.0	True	PRRC2A	1	1
P48634	55	14.0	True	PRRC2A	1	1
P48634	232	15.0	True	PRRC2A	1	1
P48634	247	15.0	True	PRRC2A	1	1
P48634	272	9.0	True	PRRC2A	2	2
P48634	281	3.0	True	PRRC2A	1	1
P48634	284	3.0	True	PRRC2A	1	1
P48634	289	5.0	True	PRRC2A	1	1
P48634	296	7.0	True	PRRC2A	3	3
P48634	303	7.0	True	PRRC2A	1	1
P48634	432	129.0	False	PRRC2A	1	1
P48634	710	12.0	True	PRRC2A	1	1
P48634	722	11.0	True	PRRC2A	1	1
P48634	733	5.0	True	PRRC2A	1	1
P48634	738	5.0	True	PRRC2A	2	2
P48634	771	33.0	True	PRRC2A	1	1
P48634	1024	2.0	True	PRRC2A	1	1
P48634	1026	2.0	True	PRRC2A	1	1
P48634	1028	2.0	True	PRRC2A	1	1
P48634	1034	2.0	True	PRRC2A	1	1
P48634	1036	2.0	True	PRRC2A	1	1
P48634	1039	3.0	True	PRRC2A	1	1
P48634	1045	6.0	True	PRRC2A	1	1
P48634	1066	14.0	True	PRRC2A	2	2
P48634	1080	2.0	True	PRRC2A	1	1
P48634	1082	2.0	True	PRRC2A	1	1
P48634	1152	4.0	True	PRRC2A	1	1
P48634	1156	3.0	True	PRRC2A	1	1
P48634	1159	3.0	True	PRRC2A	1	1
P48634	1164	5.0	True	PRRC2A	2	2
P48634	1169	5.0	True	PRRC2A	1	1
P48634	1176	7.0	True	PRRC2A	1	1
P48634	1223	47.0	True	PRRC2A	2	2
P48634	1370	6.0	True	PRRC2A	1	1
P48634	1376	6.0	True	PRRC2A	1	1
P48634	1383	7.0	True	PRRC2A	1	1
P48634	1398	15.0	True	PRRC2A	1	1
P48634	1422	5.0	True	PRRC2A	1	1
P48634	1427	5.0	True	PRRC2A	1	1
P48634	1686	22.0	True	PRRC2A	1	1
P48634	1708	22.0	True	PRRC2A	1	1
P48634	1743	29.0	True	PRRC2A	1	1
P48634	1772	29.0	True	PRRC2A	1	1
P48634	1865	10.0	True	PRRC2A	1	1
P48634	1875	10.0	True	PRRC2A	1	1
P48634	2089	214.0	False	PRRC2A	1	1
P48637	230	22.0	True	GSS	1	1
P48637	252	1.0	True	GSS	1	1
P48637	253	1.0	True	GSS	1	1
P48643	27	22.0	True	CCT5	1	1
P48643	49	22.0	True	CCT5	1	1
P48643	132	83.0	True	CCT5	1	1
P48643	534	402.0	False	CCT5	1	1
P48668	16	8.0	True	KRT6C	1	1
P48668	24	8.0	True	KRT6C	1	1
P48668	42	17.0	True	KRT6C	1	1
P48668	59	17.0	True	KRT6C	1	1
P48668	475	416.0	False	KRT6C	1	1
P48681	160	72.0	True	NES	1	1
P48681	232	72.0	True	NES	1	1
P48723	347		False	HSPA13	1	1
P48730	335	40.0	True	CSNK1D	1	1
P48730	375	40.0	True	CSNK1D	1	1
P48735	188		False	IDH2	1	1
P48739	146	98.0	True	PITPNB	1	1
P48739	244	98.0	True	PITPNB	1	1
P48741	51		False	HSPA7	1	1
P49069	146		False	CAMLG	1	1
P49189	15	4.0	True	ALDH9A1	1	1
P49189	19	4.0	True	ALDH9A1	1	1
P49207	10	19.0	True	RPL34	1	1
P49207	29	19.0	True	RPL34	1	1
P49207	52	2.0	True	RPL34	1	1
P49207	54	2.0	True	RPL34	1	1
P49207	76	12.0	True	RPL34	1	1
P49207	88	12.0	True	RPL34	1	1
P49247	21	21.0	True	RPIA	1	1
P49247	42	4.0	True	RPIA	2	2
P49247	46	4.0	True	RPIA	2	2
P49247	52	6.0	True	RPIA	2	2
P49321	140	4.0	True	NASP	1	1
P49321	144	4.0	True	NASP	1	1
P49321	617	473.0	False	NASP	1	1
P49327	49	1.0	True	FASN	1	1
P49327	50	1.0	True	FASN	1	1
P49327	1552	452.0	False	FASN	1	1
P49327	2004	39.0	True	FASN	1	1
P49327	2043	39.0	True	FASN	1	1
P49327	2413	15.0	True	FASN	1	1
P49327	2428	15.0	True	FASN	1	1
P49354	253	34.0	True	FNTA	1	1
P49354	287	34.0	True	FNTA	1	1
P49366	38	116.0	False	DHPS	1	1
P49366	154	116.0	False	DHPS	1	1
P49368	5	33.0	True	CCT3	1	1
P49368	38	33.0	True	CCT3	1	1
P49368	216	97.0	True	CCT3	1	1
P49368	313	21.0	True	CCT3	1	1
P49368	334	5.0	True	CCT3	1	1
P49368	339	5.0	True	CCT3	1	1
P49368	377	38.0	True	CCT3	1	1
P49411	105	2.0	True	TUFM	1	1
P49411	107	2.0	True	TUFM	1	1
P49411	230	54.0	True	TUFM	1	1
P49411	284	19.0	True	TUFM	1	1
P49411	303	19.0	True	TUFM	1	1
P49411	330	27.0	True	TUFM	1	1
P49427	166		False	CDC34	1	1
P49441	283		False	INPP1	1	1
P49448	76		False	GLUD2	1	1
P49450	42		False	CENPA	1	1
P49458	32	39.0	True	SRP9	1	1
P49458	71	39.0	True	SRP9	1	1
P49588	194	4.0	True	AARS	1	1
P49588	198	4.0	True	AARS	1	1
P49588	320	5.0	True	AARS	1	1
P49588	325	5.0	True	AARS	1	1
P49588	445	65.0	True	AARS	1	1
P49588	510	59.0	True	AARS	1	1
P49588	569	28.0	True	AARS	1	1
P49588	597	28.0	True	AARS	1	1
P49588	633	2.0	True	AARS	1	1
P49588	635	2.0	True	AARS	1	1
P49588	683	48.0	True	AARS	1	1
P49589	671		False	CARS	1	1
P49591	157	160.0	False	SARS1	1	1
P49591	317	118.0	False	SARS1	1	1
P49591	435	70.0	True	SARS	1	1
P49591	505	70.0	True	SARS1	1	1
P49593	100		False	PPM1F	1	1
P49674	321	21.0	True	CSNK1E	1	1
P49674	342	21.0	True	CSNK1E	1	1
P49674	382	40.0	True	CSNK1E	1	1
P49720	26	1.0	True	PSMB3	1	1
P49720	27	1.0	True	PSMB3	1	1
P49720	48	21.0	True	PSMB3	1	1
P49721	70	16.0	True	PSMB2	1	1
P49721	86	7.0	True	PSMB2	1	1
P49721	93	2.0	True	PSMB2	1	1
P49721	95	2.0	True	PSMB2	1	1
P49721	161	66.0	True	PSMB2	1	1
P49736	18	1.0	True	MCM2	1	1
P49736	19	1.0	True	MCM2	1	1
P49736	126	66.0	True	MCM2	1	1
P49736	192	66.0	True	MCM2	1	1
P49736	298	9.0	True	MCM2	1	1
P49736	307	9.0	True	MCM2	1	1
P49736	623	54.0	True	MCM2	1	1
P49736	677	54.0	True	MCM2	1	1
P49736	751	74.0	True	MCM2	1	1
P49748	286	358.0	False	ACADVL	1	1
P49748	644	358.0	False	ACADVL	1	1
P49750	7	743.0	False	YLPM1	1	1
P49750	750	8.0	True	YLPM1	2	2
P49750	758	3.0	True	YLPM1	2	2
P49750	761	3.0	True	YLPM1	2	2
P49750	766	1.0	True	YLPM1	2	2
P49750	767	1.0	True	YLPM1	1	2
P49750	774	5.0	True	YLPM1	1	1
P49750	779	5.0	True	YLPM1	1	1
P49750	784	5.0	True	YLPM1	2	2
P49750	789	5.0	True	YLPM1	2	2
P49750	794	2.0	True	YLPM1	2	2
P49750	796	2.0	True	YLPM1	2	2
P49750	814	17.0	True	YLPM1	2	2
P49750	831	17.0	True	YLPM1	3	3
P49750	1014	27.0	True	YLPM1	1	1
P49750	1041	6.0	True	YLPM1	2	2
P49750	1047	6.0	True	YLPM1	2	2
P49750	1081	22.0	True	YLPM1	1	1
P49750	1103	6.0	True	YLPM1	1	1
P49750	1109	6.0	True	YLPM1	1	1
P49750	1133	11.0	True	YLPM1	1	1
P49750	1144	4.0	True	YLPM1	1	1
P49750	1148	4.0	True	YLPM1	1	1
P49750	1155	4.0	True	YLPM1	1	1
P49750	1159	4.0	True	YLPM1	1	1
P49750	1393	120.0	False	YLPM1	1	1
P49750	1513	14.0	True	YLPM1	1	1
P49750	1527	7.0	True	YLPM1	2	2
P49750	1534	7.0	True	YLPM1	2	2
P49750	1541	7.0	True	YLPM1	1	1
P49750	1698	60.0	True	YLPM1	1	1
P49750	1758	5.0	True	YLPM1	2	2
P49750	1763	5.0	True	YLPM1	1	1
P49750	1785	7.0	True	YLPM1	1	1
P49750	1792	7.0	True	YLPM1	1	1
P49753	86		False	ACOT2	1	1
P49755	152	1.0	True	TMED10	1	1
P49755	153	1.0	True	TMED10	1	1
P49756	444	70.0	True	RBM25	1	1
P49756	514	70.0	True	RBM25	1	1
P49757	53	68.0	True	NUMB	1	1
P49757	121	68.0	True	NUMB	1	1
P49757	196	10.0	True	NUMB	1	1
P49757	206	10.0	True	NUMB	1	1
P49757	278	72.0	True	NUMB	1	1
P49773	37		False	HINT1	1	1
P49790	288	54.0	True	NUP153	1	1
P49790	342	54.0	True	NUP153	1	1
P49790	1465	1123.0	False	NUP153	1	1
P49792	596	294.0	False	RANBP2	1	1
P49792	890	17.0	True	RANBP2	1	1
P49792	907	17.0	True	RANBP2	1	1
P49792	945	38.0	True	RANBP2	3	3
P49792	1016	71.0	True	RANBP2	3	3
P49792	1096	80.0	True	RANBP2	1	1
P49792	1407	311.0	False	RANBP2	1	1
P49792	2103	696.0	False	RANBP2	1	1
P49796	448		False	RGS3	3	3
P49815	751	371.0	False	TSC2	1	1
P49815	1122	233.0	False	TSC2	1	1
P49815	1355	233.0	False	TSC2	1	1
P49821	40	48.0	True	NDUFV1	1	1
P49821	88	48.0	True	NDUFV1	1	1
P49821	257	169.0	False	NDUFV1	1	1
P49840	16	2.0	True	GSK3A	1	1
P49840	18	2.0	True	GSK3A	1	1
P49842	72		False	STK19	1	1
P49848	524		False	TAF6	2	2
P49915	317	3.0	True	GMPS	1	1
P49915	320	3.0	True	GMPS	1	1
P49915	399	79.0	True	GMPS	1	1
P49915	622	223.0	False	GMPS	1	1
P49917	40	7.0	True	LIG4	1	1
P49917	47	7.0	True	LIG4	1	1
P49959	388	182.0	False	MRE11A	1	1
P49959	570	2.0	True	MRE11	1	1
P49959	572	2.0	True	MRE11	1	1
P49959	574	2.0	True	MRE11	1	1
P49959	576	1.0	True	MRE11	1	2
P49959	577	1.0	True	MRE11	2	2
P49959	580	3.0	True	MRE11	2	2
P49959	587	5.0	True	MRE11A	2	2
P49959	592	2.0	True	MRE11	1	1
P49959	594	2.0	True	MRE11A	1	1
P49959	604	2.0	True	MRE11A	1	1
P49959	606	2.0	True	MRE11A	1	1
P49959	616	10.0	True	MRE11A	1	1
P50213	66		False	IDH3A	1	1
P50219	215		False	MNX1	1	1
P50238	68		False	CRIP1	3	3
P50395	35	33.0	True	GDI2	1	1
P50395	68	2.0	True	GDI2	1	1
P50395	70	2.0	True	GDI2	1	1
P50402	45	58.0	True	EMD	1	1
P50402	103	58.0	True	EMD	1	1
P50452	87		False	SERPINB8	1	1
P50454	228		False	SERPINH1	1	1
P50479	8	13.0	True	PDLIM4	1	1
P50479	21	13.0	True	PDLIM4	1	1
P50502	4	6.0	True	ST13	1	1
P50502	10	6.0	True	ST13	1	1
P50502	29	3.0	True	ST13	1	1
P50502	32	3.0	True	ST13	1	1
P50548	180	3.0	True	ERF	1	1
P50548	183	3.0	True	ERF	1	1
P50548	218	6.0	True	ERF	1	1
P50548	224	6.0	True	ERF	1	1
P50548	233	9.0	True	ERF	1	1
P50548	329	96.0	True	ERF	1	1
P50570	217	563.0	False	DNM3	1	1
P50570	780	5.0	True	DNM2	1	1
P50570	785	5.0	True	DNM2	1	1
P50570	849	1.0	True	DNM2	1	1
P50570	850	1.0	True	DNM2	1	1
P50570	857	5.0	True	DNM2	2	2
P50570	862	5.0	True	DNM2	2	2
P50579	23	147.0	False	METAP2	1	1
P50579	170	147.0	False	METAP2	1	1
P50579	398	228.0	False	METAP2	1	1
P50749	142	2.0	True	RASSF2	1	1
P50749	144	2.0	True	RASSF2	1	1
P50749	151	7.0	True	RASSF2	1	1
P50749	165	14.0	True	RASSF2	1	1
P50750	86	284.0	False	CDK9	1	1
P50750	370	284.0	False	CDK9	2	2
P50851	2338		False	LRBA	1	1
P50895	45		False	BCAM	1	1
P50914	46	1.0	True	RPL14	1	1
P50914	47	1.0	True	RPL14	1	1
P50990	378		False	CCT8	1	1
P50991	8	11.0	True	CCT4	1	1
P50991	19	8.0	True	CCT4	3	3
P50991	27	8.0	True	CCT4	1	1
P50991	49	22.0	True	CCT4	1	1
P50991	160	46.0	True	CCT4	1	1
P50991	206	46.0	True	CCT4	1	1
P50991	274	3.0	True	CCT4	1	1
P50991	277	3.0	True	CCT4	1	1
P50993	845		False	ATP1A2	1	1
P50995	210	136.0	False	ANXA11	1	1
P50995	346	54.0	True	ANXA11	1	1
P50995	400	39.0	True	ANXA11	1	1
P50995	439	31.0	True	ANXA11	1	1
P50995	470	31.0	True	ANXA11	1	1
P51114	113	77.0	True	FXR1	1	1
P51114	190	77.0	True	FXR1	1	1
P51114	365	3.0	True	FXR1	1	1
P51114	368	3.0	True	FXR1	1	1
P51114	376	8.0	True	FXR1	1	1
P51114	386	2.0	True	FXR1	2	2
P51114	388	2.0	True	FXR1	2	2
P51114	390	2.0	True	FXR1	1	2
P51114	436	5.0	True	FXR1	1	1
P51114	441	4.0	True	FXR1	1	1
P51114	445	4.0	True	FXR1	1	1
P51114	453	2.0	True	FXR1	2	2
P51114	455	2.0	True	FXR1	2	2
P51114	459	4.0	True	FXR1	3	3
P51116	95	280.0	False	FXR2	1	1
P51116	375	18.0	True	FXR2	1	1
P51116	393	6.0	True	FXR2	1	1
P51116	399	6.0	True	FXR2	2	2
P51116	432	2.0	True	FXR2	1	1
P51116	434	2.0	True	FXR2	1	1
P51116	436	2.0	True	FXR2	1	1
P51116	476	12.0	True	FXR2	1	1
P51116	488	2.0	True	FXR2	1	1
P51116	490	2.0	True	FXR2	1	1
P51116	557	37.0	True	FXR2	1	1
P51116	594	3.0	True	FXR2	1	1
P51116	597	3.0	True	FXR2	1	1
P51148	4	5.0	True	RAB5C	1	1
P51148	9	5.0	True	RAB5C	1	1
P51149	55	77.0	True	RAB7A	1	1
P51149	132	77.0	True	RAB7A	1	1
P51153	146		False	RAB13	1	1
P51159	64		False	RAB27A	1	1
P51397	93		False	DAP	1	1
P51531	194	311.0	False	SMARCA2	1	1
P51531	505	311.0	False	SMARCA2	1	1
P51531	1057	552.0	False	SMARCA2	1	1
P51532	181	11.0	True	SMARCA4	1	1
P51532	192	11.0	True	SMARCA4	1	1
P51532	529	337.0	False	SMARCA4	1	1
P51532	1087	558.0	False	SMARCA4	1	1
P51553	199		False	IDH3G	1	1
P51570	239	47.0	True	GALK1	1	1
P51570	286	1.0	True	GALK1	1	1
P51570	287	1.0	True	GALK1	1	1
P51570	296	9.0	True	GALK1	1	1
P51571	116		False	SSR4	1	1
P51572	213		False	BCAP31	1	1
P51608	115	47.0	True	MECP2	1	1
P51608	162	5.0	True	MECP2	1	1
P51608	167	1.0	True	MECP2	1	1
P51608	168	1.0	True	MECP2	1	1
P51610	322	182.0	False	HCFC1	1	1
P51610	504	20.0	True	HCFC1	3	3
P51610	524	20.0	True	HCFC1	3	3
P51610	608	84.0	True	HCFC1	1	1
P51610	847	8.0	True	HCFC1	2	2
P51610	855	8.0	True	HCFC1	1	1
P51610	1204	15.0	True	HCFC1	1	1
P51610	1219	15.0	True	HCFC1	3	3
P51610	1244	9.0	True	HCFC1	1	1
P51610	1253	9.0	True	HCFC1	1	1
P51610	1511	258.0	False	HCFC1	1	1
P51617	117	584.0	False	IRAK1	1	1
P51617	701	584.0	False	IRAK1	1	1
P51648	31		False	ALDH3A2	1	1
P51659	633		False	HSD17B4	1	1
P51665	209		False	PSMD7	1	1
P51692	110		False	STAT5B	1	1
P51784	241	436.0	False	USP11	1	1
P51784	677	436.0	False	USP11	1	1
P51798	113		False	CLCN7	1	1
P51805	1815		False	PLXNA3	1	1
P51809	150		False	VAMP7	1	1
P51812	723		False	RPS6KA3	1	1
P51858	208	27.0	True	HDGF	1	1
P51858	235	27.0	True	HDGF	1	1
P51911	185	80.0	True	CNN1	1	1
P51911	265	80.0	True	CNN1	1	1
P51956	435		False	NEK3	1	1
P51957	10		False	NEK4	1	1
P51991	16	1.0	True	HNRNPA3	1	1
P51991	17	1.0	True	HNRNPA3	1	1
P51991	21	4.0	True	HNRNPA3	1	1
P51991	35	14.0	True	HNRNPA3	1	1
P51991	52	17.0	True	HNRNPA3	1	1
P51991	74	2.0	True	HNRNPA3	1	2
P51991	76	2.0	True	HNRNPA3	2	2
P51991	143	18.0	True	HNRNPA3	1	1
P51991	161	6.0	True	HNRNPA3	2	2
P51991	167	6.0	True	HNRNPA3	1	1
P51991	214	2.0	True	HNRNPA3	3	3
P51991	216	2.0	True	HNRNPA3	3	3
P51991	226	10.0	True	HNRNPA3	3	3
P51991	239	7.0	True	HNRNPA3	2	2
P51991	246	7.0	True	HNRNPA3	3	3
P51991	257	11.0	True	HNRNPA3	2	2
P51991	286	29.0	True	HNRNPA3	3	3
P51991	354	22.0	True	HNRNPA3	3	3
P51991	376	1.0	True	HNRNPA3	2	2
P51991	377	1.0	True	HNRNPA3	2	2
P52198	184		False	RND2	1	1
P52209	324		False	PGD	1	1
P52272	56	4.0	True	HNRNPM	1	1
P52272	60	4.0	True	HNRNPM	1	1
P52272	154	94.0	True	HNRNPM	1	1
P52272	362	9.0	True	HNRNPM	1	1
P52272	371	9.0	True	HNRNPM	1	1
P52272	403	7.0	True	HNRNPM	1	1
P52272	410	7.0	True	HNRNPM	1	1
P52272	429	7.0	True	HNRNPM	1	1
P52272	436	7.0	True	HNRNPM	1	1
P52272	443	7.0	True	HNRNPM	1	1
P52272	485	11.0	True	HNRNPM	1	1
P52272	496	7.0	True	HNRNPM	3	3
P52272	503	7.0	True	HNRNPM	1	1
P52272	510	7.0	True	HNRNPM	1	1
P52272	543	7.0	True	HNRNPM	1	1
P52272	550	7.0	True	HNRNPM	1	1
P52272	565	13.0	True	HNRNPM	1	1
P52272	578	13.0	True	HNRNPM	1	1
P52272	591	13.0	True	HNRNPM	1	1
P52272	606	15.0	True	HNRNPM	1	1
P52272	621	6.0	True	HNRNPM	1	1
P52272	627	6.0	True	HNRNPM	1	1
P52292	50	1.0	True	KPNA2	1	1
P52292	51	1.0	True	KPNA2	1	1
P52298	139	7.0	True	NCBP2	1	1
P52298	146	7.0	True	NCBP2	3	3
P52306	368		False	RAP1GDS1	1	1
P52594	18	438.0	False	AGFG1	1	1
P52594	456	438.0	False	AGFG1	1	1
P52597	90	24.0	True	HNRNPF	1	1
P52597	114	24.0	True	HNRNPF	1	1
P52597	206	6.0	True	HNRNPF	1	1
P52597	212	5.0	True	HNRNPF	2	2
P52597	217	1.0	True	HNRNPF	1	1
P52597	218	1.0	True	HNRNPF	1	1
P52597	232	14.0	True	HNRNPF	1	1
P52655	167		False	GTF2A1	1	1
P52701	33	107.0	False	MSH6	1	1
P52701	140	107.0	False	MSH6	1	1
P52701	577	437.0	False	MSH6	1	1
P52701	1024	1.0	True	MSH6	1	1
P52701	1025	1.0	True	MSH6	1	1
P52701	1172	147.0	False	MSH6	1	1
P52732	784	241.0	False	KIF11	1	1
P52732	1025	241.0	False	KIF11	1	1
P52737	80		False	ZNF136	1	1
P52746	1050	3.0	True	ZNF142	1	1
P52746	1053	3.0	True	ZNF142	1	1
P52756	130	565.0	False	RBM5	1	1
P52756	695	83.0	True	RBM5	1	1
P52756	778	83.0	True	RBM5	1	1
P52788	122		False	SMS	1	1
P52789	702		False	HK2	1	1
P52790	677		False	HK3	1	1
P52824	10	9.0	True	DGKQ	1	1
P52824	19	9.0	True	DGKQ	1	1
P52824	51	32.0	True	DGKQ	1	1
P52895	91		False	AKR1C2	1	1
P52907	7		False	CAPZA1	1	1
P52926	4		False	HMGA2	1	1
P52948	204	515.0	False	NUP98	1	1
P52948	719	123.0	False	NUP98	1	1
P52948	842	123.0	False	NUP98	1	1
P52948	1502	11.0	True	NUP98	1	1
P52948	1513	11.0	True	NUP98	1	1
P52952	225		False	NKX2-5	1	1
P53007	65		False	SLC25A1	1	1
P53041	74	293.0	False	PPP5C	1	1
P53041	367	293.0	False	PPP5C	1	1
P53365	86		False	ARFIP2	1	1
P53384	18		False	NUBP1	1	1
P53396	379	10.0	True	ACLY	1	1
P53396	389	10.0	True	ACLY	1	1
P53396	691	295.0	False	ACLY	1	1
P53396	986	295.0	False	ACLY	1	1
P53567	60		False	CEBPG	1	1
P53609	8	296.0	False	PGGT1B	1	1
P53609	304	296.0	False	PGGT1B	1	1
P53618	117	36.0	True	COPB1	1	1
P53618	153	36.0	True	COPB1	1	1
P53618	304	12.0	True	COPB1	1	1
P53618	316	11.0	True	COPB1	1	1
P53618	327	11.0	True	COPB1	1	1
P53621	182	24.0	True	COPA	1	1
P53621	206	21.0	True	COPA	1	1
P53621	227	19.0	True	COPA	1	1
P53621	246	19.0	True	COPA	1	1
P53621	274	28.0	True	COPA	1	1
P53621	358	65.0	True	COPA	1	1
P53621	423	65.0	True	COPA	1	1
P53621	583	160.0	False	COPA	1	1
P53621	965	2.0	True	COPA	2	2
P53621	967	2.0	True	COPA	1	2
P53621	1217	250.0	False	COPA	1	1
P53667	320		False	LIMK1	1	1
P53674	230	1.0	True	CRYBB1	1	1
P53674	231	1.0	True	CRYBB1	1	1
P53677	238		False	AP3M2	1	1
P53814	331	53.0	True	SMTN	1	1
P53814	384	35.0	True	SMTN	1	1
P53814	419	5.0	True	SMTN	1	1
P53814	424	5.0	True	SMTN	1	1
P53814	436	12.0	True	SMTN	1	1
P53814	538	102.0	False	SMTN	1	1
P53814	642	104.0	False	SMTN	1	1
P53990	147	64.0	True	IST1	1	1
P53990	211	64.0	True	IST1	1	1
P53992	222	115.0	False	SEC24C	1	1
P53992	337	13.0	True	SEC24C	1	1
P53992	350	13.0	True	SEC24C	1	1
P53992	928	4.0	True	SEC24C	1	1
P53992	932	4.0	True	SEC24C	1	1
P54098	722	292.0	False	POLG	1	1
P54098	1014	292.0	False	POLG	1	1
P54105	43	169.0	False	CLNS1A	1	1
P54105	212	169.0	False	CLNS1A	1	1
P54132	101		False	BLM	1	1
P54136	167	112.0	False	RARS	1	1
P54136	279	62.0	True	RARS	1	1
P54136	341	11.0	True	RARS	1	1
P54136	352	9.0	True	RARS	1	1
P54136	361	9.0	True	RARS	1	1
P54136	472	111.0	False	RARS1	1	1
P54253	53	6.0	True	ATXN1	1	1
P54253	59	6.0	True	ATXN1	1	1
P54259	1002	10.0	True	ATN1	1	1
P54259	1012	10.0	True	ATN1	1	1
P54259	1091	24.0	True	ATN1	1	1
P54259	1115	9.0	True	ATN1	1	1
P54259	1124	9.0	True	ATN1	1	1
P54274	396		False	TERF1	1	1
P54577	189	48.0	True	YARS	1	1
P54577	237	42.0	True	YARS	1	1
P54577	279	42.0	True	YARS	1	1
P54577	400	18.0	True	YARS	1	1
P54577	418	14.0	True	YARS	1	1
P54577	432	14.0	True	YARS	1	1
P54578	293		False	USP14	1	1
P54646	227		False	PRKAA2	1	1
P54652	50	422.0	False	HSPA2	1	1
P54652	472	48.0	True	HSPA2	1	1
P54652	520	7.0	True	HSPA2	1	1
P54652	527	7.0	True	HSPA2	1	1
P54687	119		False	BCAT1	1	1
P54727	220		False	RAD23B	1	1
P54819	103	99.0	True	AK2	1	1
P54819	202	99.0	True	AK2	1	1
P54886	212	537.0	False	ALDH18A1	1	1
P54886	749	537.0	False	ALDH18A1	1	1
P54920	282	13.0	True	NAPA	1	1
P54920	295	13.0	True	NAPA	1	1
P55011	223		False	SLC12A2	1	1
P55017	732		False	SLC12A3	1	1
P55042	14		False	RRAD	1	1
P55055	126		False	NR1H2	2	2
P55060	26	1.0	True	CSE1L	1	1
P55060	27	1.0	True	CSE1L	1	1
P55060	89	62.0	True	CSE1L	1	1
P55060	355	16.0	True	CSE1L	1	1
P55060	371	1.0	True	CSE1L	1	1
P55060	372	1.0	True	CSE1L	1	1
P55060	382	10.0	True	CSE1L	1	1
P55072	22	3.0	True	VCP	1	1
P55072	25	3.0	True	VCP	1	1
P55072	144	11.0	True	VCP	1	1
P55072	155	11.0	True	VCP	1	1
P55072	287	26.0	True	VCP	1	1
P55072	313	26.0	True	VCP	1	1
P55072	586	13.0	True	VCP	1	1
P55072	599	13.0	True	VCP	1	1
P55072	700	8.0	True	VCP	1	1
P55072	708	8.0	True	VCP	1	1
P55072	732	1.0	True	VCP	1	1
P55072	733	1.0	True	VCP	1	1
P55072	741	8.0	True	VCP	1	1
P55072	753	12.0	True	VCP	1	1
P55081	85	2.0	True	MFAP1	1	1
P55081	87	2.0	True	MFAP1	1	1
P55084	247		False	HADHB	1	1
P55196	178	8.0	True	MLLT4	1	1
P55196	186	8.0	True	MLLT4	1	1
P55196	243	57.0	True	MLLT4	1	1
P55196	1117	874.0	False	AFDN	1	1
P55198	590	3.0	True	MLLT6	1	1
P55198	593	3.0	True	MLLT6	1	1
P55201	888		False	BRPF1	1	1
P55209	72		False	NAP1L1	1	1
P55211	32		False	CASP9	1	1
P55212	9		False	CASP6	1	1
P55265	4	22.0	True	ADAR	1	1
P55265	26	22.0	True	ADAR	3	3
P55265	74	10.0	True	ADAR	1	1
P55265	84	7.0	True	ADAR	1	1
P55265	91	4.0	True	ADAR	2	2
P55265	95	4.0	True	ADAR	1	1
P55265	114	7.0	True	ADAR	2	2
P55265	121	7.0	True	ADAR	1	1
P55265	816	1.0	True	ADAR	1	1
P55265	817	1.0	True	ADAR	1	1
P55265	1096	279.0	False	ADAR	1	1
P55268	464	4.0	True	LAMB2	1	1
P55268	468	4.0	True	LAMB2	1	1
P55268	1674	1206.0	False	LAMB2	1	1
P55283	405		False	CDH4	1	1
P55290	167	3.0	True	CDH13	1	1
P55290	170	3.0	True	CDH13	1	1
P55345	53	8.0	True	PRMT2	1	1
P55345	61	8.0	True	PRMT2	2	2
P55345	72	11.0	True	PRMT2	2	2
P55735	35		False	SEC13	1	1
P55786	185	36.0	True	NPEPPS	1	1
P55786	221	36.0	True	NPEPPS	1	1
P55786	520	95.0	True	NPEPPS	1	1
P55786	615	95.0	True	NPEPPS	1	1
P55786	900	12.0	True	NPEPPS	1	1
P55786	912	12.0	True	NPEPPS	2	2
P55789	7	2.0	True	GFER	1	1
P55789	9	2.0	True	GFER	1	1
P55789	35	2.0	True	GFER	1	1
P55789	37	2.0	True	GFER	1	1
P55789	41	1.0	True	GFER	1	1
P55789	42	1.0	True	GFER	1	1
P55795	81	33.0	True	HNRNPH2	1	1
P55795	114	33.0	True	HNRNPH2	1	1
P55795	199	7.0	True	HNRNPH2	1	1
P55795	206	6.0	True	HNRNPH2	1	1
P55795	212	5.0	True	HNRNPH2	1	1
P55795	217	5.0	True	HNRNPH2	1	1
P55795	224	6.0	True	HNRNPH2	1	1
P55795	230	2.0	True	HNRNPH2	1	1
P55795	232	1.0	True	HNRNPH2	1	3
P55795	233	1.0	True	HNRNPH2	3	3
P55795	259	3.0	True	HNRNPH2	1	1
P55795	262	3.0	True	HNRNPH2	1	1
P55795	294	5.0	True	HNRNPH2	1	1
P55795	299	5.0	True	HNRNPH2	1	1
P55809	146		False	OXCT1	1	1
P55884	113	303.0	False	EIF3B	1	1
P55884	416	303.0	False	EIF3B	1	1
P55884	758	342.0	False	EIF3B	1	1
P56182	423	21.0	True	RRP1	1	1
P56182	444	21.0	True	RRP1	1	1
P56192	23	95.0	True	MARS	1	1
P56192	118	95.0	True	MARS	1	1
P56192	376	12.0	True	MARS	1	1
P56192	388	6.0	True	MARS	1	1
P56192	394	6.0	True	MARS	1	1
P56211	35	15.0	True	ARPP19	1	1
P56211	50	15.0	True	ARPP19	1	1
P56270	321	36.0	True	MAZ	1	1
P56270	357	36.0	True	MAZ	1	1
P56537	85	10.0	True	EIF6	1	1
P56537	95	1.0	True	EIF6	1	1
P56537	96	1.0	True	EIF6	1	1
P56545	22	11.0	True	CTBP2	3	3
P56545	33	11.0	True	CTBP2	1	1
P56545	291	258.0	False	CTBP2	1	1
P56556	77		False	NDUFA6	1	1
P57053	28	45.0	True	H2BFS	1	1
P57053	73	14.0	True	HIST1H2BL	1	1
P57053	87	6.0	True	H2BS1	1	1
P57053	93	6.0	True	H2BS1	1	1
P57053	100	7.0	True	H2BS1	1	1
P57055	26	156.0	False	RIPPLY3	1	1
P57055	182	156.0	False	DSCR6	1	1
P57071	630		False	PRDM15	1	1
P57073	89		False	SOX8	1	1
P57076	223		False	C21orf59	1	1
P57078	541		False	RIPK4	1	1
P57088	134		False	TMEM33	1	1
P57721	89	231.0	False	PCBP3	1	1
P57721	320	231.0	False	PCBP3	1	1
P57735	75		False	RAB25	1	1
P57740	60	8.0	True	NUP107	2	2
P57740	68	8.0	True	NUP107	1	1
P57740	669	601.0	False	NUP107	1	1
P57772	551	5.0	True	EEFSEC	1	1
P57772	556	5.0	True	EEFSEC	1	1
P57772	561	5.0	True	EEFSEC	1	1
P58004	39	3.0	True	SESN2	1	1
P58004	42	3.0	True	SESN2	1	1
P58004	274	12.0	True	SESN2	1	1
P58004	286	12.0	True	SESN2	1	1
P58005	3	95.0	True	SESN3	1	1
P58005	98	95.0	True	SESN3	1	1
P58107	2603	536.0	False	EPPK1	1	1
P58107	3139	531.0	False	EPPK1	1	1
P58107	3670	531.0	False	EPPK1	1	1
P58107	4204	534.0	False	EPPK1	1	1
P58107	4740	536.0	False	EPPK1	1	1
P58340	23	4.0	True	MLF1	1	1
P58340	27	4.0	True	MLF1	1	1
P58340	48	2.0	True	MLF1	1	1
P58340	50	2.0	True	MLF1	1	1
P58340	219	169.0	False	MLF1	1	1
P58417	101		False	NXPH1	1	1
P58876	73	7.0	True	H2BC5	1	1
P58876	80	7.0	True	H2BC5	1	1
P58876	87	6.0	True	H2BC5	1	1
P58876	93	6.0	True	H2BC5	1	1
P58876	100	7.0	True	H2BC5	1	1
P59047	20		False	NLRP5	1	1
P60174	99	1.0	True	TPI1	1	1
P60174	100	1.0	True	TPI1	1	1
P60174	135	35.0	True	TPI1	1	1
P60228	163		False	EIF3E	1	1
P60323	146	1.0	True	NANOS3	1	1
P60323	147	1.0	True	NANOS3	1	1
P60323	156	9.0	True	NANOS3	1	1
P60510	15	92.0	True	PPP4C	1	1
P60510	107	92.0	True	PPP4C	1	1
P60520	28	37.0	True	GABARAPL2	1	1
P60520	65	37.0	True	GABARAPL2	1	1
P60602	18	32.0	True	ROMO1	1	1
P60602	50	32.0	True	ROMO1	1	1
P60660	21	73.0	True	MYL6	1	1
P60660	94	73.0	True	MYL6	1	1
P60709	28	178.0	False	ACTB	1	1
P60709	206	106.0	False	ACTB	1	1
P60709	312	106.0	False	ACTB	1	1
P60763	163		False	RAC3	1	1
P60842	168	22.0	True	EIF4A1	1	1
P60842	190	22.0	True	EIF4A1	1	1
P60842	255	61.0	True	EIF4A1	1	1
P60842	316	37.0	True	EIF4A1	1	1
P60842	353	37.0	True	EIF4A1	1	1
P60866	19	22.0	True	RPS20	1	1
P60866	41	22.0	True	RPS20	1	1
P60866	79	38.0	True	RPS20	1	1
P60891	22	134.0	False	PRPS1	1	1
P60891	156	28.0	True	PRPS1	1	1
P60891	184	20.0	True	PRPS1	1	1
P60891	204	20.0	True	PRPS2	1	1
P60900	3	8.0	True	PSMA6	1	1
P60900	11	8.0	True	PSMA6	1	1
P60900	21	10.0	True	PSMA6	1	1
P60900	245	224.0	False	PSMA6	1	1
P61019	90	1.0	True	RAB2A	1	1
P61019	91	1.0	True	RAB2A	1	1
P61026	147	25.0	True	RAB13	1	1
P61026	172	25.0	True	RAB10	1	1
P61073	334		False	CXCR4	1	1
P61081	33	124.0	False	UBE2M	1	1
P61081	157	1.0	True	UBE2M	1	1
P61081	158	1.0	True	UBE2M	1	1
P61081	166	3.0	True	UBE2M	1	1
P61081	169	3.0	True	UBE2M	3	3
P61086	11	29.0	True	UBE2K	1	1
P61086	40	29.0	True	UBE2K	1	1
P61088	141		False	UBE2N	1	1
P61163	66	6.0	True	ACTR1A	1	1
P61163	72	6.0	True	ACTR1A	1	1
P61163	313	241.0	False	ACTR1B	1	1
P61201	352	3.0	True	COPS2	1	1
P61201	355	3.0	True	COPS2	1	1
P61204	117		False	ARF3	1	1
P61221	325		False	ABCE1	1	1
P61244	75		False	MAX	1	1
P61254	11	6.0	True	RPL26	1	1
P61254	17	6.0	True	RPL26	1	1
P61254	26	9.0	True	RPL26	1	1
P61254	59	25.0	True	RPL26	1	1
P61254	84	25.0	True	RPL26	1	1
P61313	12	51.0	True	RPL15	1	1
P61313	63	42.0	True	RPL15	1	1
P61313	105	42.0	True	RPL15	1	1
P61313	162	33.0	True	RPL15	1	1
P61313	195	7.0	True	RPL15	1	1
P61313	202	7.0	True	RPL15	1	1
P61326	8	74.0	True	MAGOH	1	1
P61326	82	3.0	True	MAGOH	1	1
P61326	85	3.0	True	MAGOH	1	1
P61353	36	48.0	True	RPL27	1	1
P61353	84	48.0	True	RPL27	1	1
P61421	293		False	ATP6V0D1	1	1
P61513	17		False	RPL37A	1	1
P61586	122	6.0	True	RHOC	1	1
P61586	128	6.0	True	RHOA	1	1
P61599	153		False	NAA20	1	1
P61604	7	8.0	True	HSPE1	1	1
P61604	15	8.0	True	HSPE1	1	1
P61604	92	77.0	True	HSPE1	1	1
P61619	273		False	SEC61A1	1	1
P61923	25	124.0	False	COPZ1	1	1
P61923	149	124.0	False	COPZ1	1	1
P61956	50		False	SUMO3	1	1
P61960	15	60.0	True	UFM1	2	2
P61960	75	60.0	True	UFM1	1	1
P61962	96	3.0	True	DCAF7	1	1
P61962	99	3.0	True	DCAF7	1	1
P61962	184	85.0	True	DCAF7	1	1
P61978	22	24.0	True	HNRNPK	1	1
P61978	46	24.0	True	HNRNPK	1	1
P61978	148	43.0	True	HNRNPK	1	1
P61978	191	10.0	True	HNRNPK	1	1
P61978	201	10.0	True	HNRNPK	1	1
P61978	246	1.0	True	HNRNPK	1	1
P61978	247	1.0	True	HNRNPK	1	1
P61978	249	2.0	True	HNRNPK	1	1
P61978	256	2.0	True	HNRNPK	2	2
P61978	258	2.0	True	HNRNPK	2	2
P61978	263	5.0	True	HNRNPK	2	2
P61978	268	3.0	True	HNRNPK	2	2
P61978	271	3.0	True	HNRNPK	2	2
P61978	277	1.0	True	HNRNPK	1	1
P61978	278	1.0	True	HNRNPK	1	1
P61978	286	1.0	True	HNRNPK	2	2
P61978	287	1.0	True	HNRNPK	1	2
P61978	296	3.0	True	HNRNPK	2	2
P61978	299	3.0	True	HNRNPK	2	2
P61978	303	2.0	True	HNRNPK	2	2
P61978	305	2.0	True	HNRNPK	2	2
P61978	316	9.0	True	HNRNPK	3	3
P61978	325	1.0	True	HNRNPK	2	2
P61978	326	1.0	True	HNRNPK	1	2
P61978	328	2.0	True	HNRNPK	1	1
P61978	332	4.0	True	HNRNPK	1	1
P61978	377	45.0	True	HNRNPK	1	1
P61978	433	56.0	True	HNRNPK	1	1
P61981	42		False	YWHAG	1	1
P62072	53		False	TIMM10	1	1
P62136	36	60.0	True	PPP1CA	1	1
P62136	96	26.0	True	PPP1CC	1	1
P62136	122	10.0	True	PPP1CC	1	1
P62136	132	10.0	True	PPP1CC	1	1
P62136	187	1.0	True	PPP1CC	1	1
P62136	188	1.0	True	PPP1CC	1	1
P62140	19	16.0	True	PPP1CB	1	1
P62140	35	16.0	True	PPP1CB	1	1
P62140	121	10.0	True	PPP1CB	1	1
P62140	131	10.0	True	PPP1CB	1	1
P62191	322		False	PSMC1	1	1
P62195	21		False	PSMC5	1	1
P62241	110	74.0	True	RPS8	1	1
P62241	184	16.0	True	RPS8	1	1
P62241	200	16.0	True	RPS8	1	1
P62244	57		False	RPS15A	1	1
P62249	15	30.0	True	RPS16	1	1
P62249	45	17.0	True	RPS16	1	1
P62249	62	7.0	True	RPS16	1	1
P62249	69	7.0	True	RPS16	1	1
P62249	85	16.0	True	RPS16	1	1
P62249	117	8.0	True	RPS16	1	1
P62249	125	8.0	True	RPS16	1	1
P62258	4	15.0	True	YWHAE	1	1
P62258	19	15.0	True	YWHAE	1	1
P62258	42	23.0	True	YWHAE	1	1
P62258	130	11.0	True	YWHAE	1	1
P62258	141	11.0	True	YWHAE	1	1
P62263	117		False	RPS14	1	1
P62266	107		False	RPS23	1	1
P62269	23	23.0	True	RPS18	1	1
P62269	46	9.0	True	RPS18	1	1
P62269	55	9.0	True	RPS18	1	1
P62269	66	11.0	True	RPS18	2	2
P62269	113	47.0	True	RPS18	1	1
P62273	12	20.0	True	RPS29	3	3
P62273	32	20.0	True	RPS29	1	1
P62277	19	1.0	True	RPS13	1	1
P62277	20	1.0	True	RPS13	1	1
P62280	69	2.0	True	RPS11	1	1
P62280	71	2.0	True	RPS11	1	1
P62280	90	7.0	True	RPS11	1	1
P62280	97	7.0	True	RPS11	1	1
P62304	4		False	SNRPE	1	1
P62306	73		False	SNRPF	1	1
P62310	28		False	LSM3	1	1
P62312	66		False	LSM6	1	1
P62314	61	5.0	True	SNRPD1	1	1
P62314	66	5.0	True	SNRPD1	1	1
P62314	98	2.0	True	SNRPD1	2	2
P62314	100	2.0	True	SNRPD1	2	2
P62314	102	2.0	True	SNRPD1	2	2
P62314	106	4.0	True	SNRPD1	1	1
P62316	19	42.0	True	SNRPD2	1	1
P62316	61	42.0	True	SNRPD2	1	1
P62318	64	33.0	True	SNRPD3	1	1
P62318	97	13.0	True	SNRPD3	2	2
P62318	110	2.0	True	SNRPD3	1	1
P62318	112	2.0	True	SNRPD3	1	2
P62318	114	2.0	True	SNRPD3	2	2
P62318	118	4.0	True	SNRPD3	2	2
P62424	89	134.0	False	RPL7A	1	1
P62424	223	6.0	True	RPL7A	1	1
P62424	229	5.0	True	RPL7A	1	1
P62424	234	1.0	True	RPL7A	1	1
P62424	235	1.0	True	RPL7A	1	1
P62487	110		False	POLR2G	1	1
P62491	74	30.0	True	RAB11A	1	1
P62491	104	28.0	True	RAB11A	1	1
P62491	132	28.0	True	RAB11A	1	1
P62495	10	172.0	False	ETF1	1	1
P62495	182	7.0	True	ETF1	1	1
P62495	189	7.0	True	ETF1	1	1
P62495	289	100.0	True	ETF1	1	1
P62508	207		False	ESRRG	1	1
P62633	11	14.0	True	CNBP	1	1
P62633	25	2.0	True	CNBP	3	3
P62633	27	2.0	True	CNBP	3	3
P62633	30	2.0	True	CNBP	2	3
P62633	32	2.0	True	CNBP	3	3
P62633	34	2.0	True	CNBP	3	3
P62633	41	7.0	True	CNBP	1	1
P62633	79	38.0	True	CNBP	3	3
P62699	59	6.0	True	YPEL5	1	1
P62699	65	6.0	True	YPEL5	1	1
P62701	145	3.0	True	RPS4X	1	1
P62701	148	3.0	True	RPS4X	1	1
P62701	198	2.0	True	RPS4X	1	1
P62701	200	2.0	True	RPS4X	1	1
P62714	294	1.0	True	PPP2CB	1	1
P62714	295	1.0	True	PPP2CB	1	1
P62736	30	67.0	True	ACTA2	1	1
P62736	97	67.0	True	ACTA2	1	1
P62736	198	101.0	False	ACTA2	1	1
P62753	22	50.0	True	RPS6	1	1
P62753	72	50.0	True	RPS6	1	1
P62753	131	1.0	True	RPS6	1	1
P62753	132	1.0	True	RPS6	1	1
P62753	154	22.0	True	RPS6	1	1
P62805	4	16.0	True	H4C1	2	2
P62805	20	4.0	True	HIST1H4A	1	1
P62805	24	4.0	True	HIST1H4A	1	1
P62805	36	1.0	True	HIST1H4A	1	1
P62805	37	1.0	True	HIST1H4A	1	1
P62805	46	9.0	True	HIST1H4A	1	1
P62805	56	10.0	True	HIST1H4A	1	1
P62805	68	12.0	True	HIST1H4A	1	1
P62807	73	7.0	True	H2BC4	1	1
P62807	80	7.0	True	H2BC4	1	1
P62807	87	6.0	True	H2BC4	1	1
P62807	93	6.0	True	H2BC4	1	1
P62807	100	7.0	True	H2BC4	1	1
P62820	111		False	RAB1A	1	1
P62826	29	27.0	True	RAN	1	1
P62826	56	27.0	True	RAN	1	1
P62829	6		False	RPL23	1	1
P62841	61		False	RPS15	1	1
P62851	104		False	RPS25	1	1
P62854	15		False	RPS26	1	1
P62857	63		False	RPS28	1	1
P62873	19	3.0	True	GNB1	1	1
P62873	22	3.0	True	GNB1	1	1
P62877	99		False	RBX1	1	1
P62879	15		False	GNB2	1	1
P62888	106		False	RPL30	1	1
P62899	14	49.0	True	RPL31	1	1
P62899	63	49.0	True	RPL31	1	1
P62906	23	179.0	False	RPL10A	1	1
P62906	202	13.0	True	RPL10A	1	1
P62906	215	13.0	True	RPL10A	1	1
P62910	22	5.0	True	RPL32	1	1
P62910	27	5.0	True	RPL32	1	1
P62910	75	39.0	True	RPL32	1	1
P62910	114	14.0	True	RPL32	1	1
P62910	128	14.0	True	RPL32	1	1
P62913	32	3.0	True	RPL11	1	1
P62913	35	3.0	True	RPL11	1	1
P62913	75	20.0	True	RPL11	1	1
P62913	95	20.0	True	RPL11	1	1
P62913	164	69.0	True	RPL11	1	1
P62917	37	17.0	True	RPL8	1	1
P62917	54	17.0	True	RPL8	1	1
P62917	226	1.0	True	RPL8	1	1
P62917	227	1.0	True	RPL8	1	1
P62917	242	15.0	True	RPL8	1	1
P62937	144		False	PPIA	2	2
P62942	19	39.0	True	FKBP1A	1	1
P62942	58	39.0	True	FKBP1A	1	1
P62979	72	47.0	True	UBC	1	1
P62979	119	19.0	True	RPS27A	1	1
P62979	138	19.0	True	RPS27A	1	1
P62993	78	129.0	False	GRB2	1	1
P62993	207	8.0	True	GRB2	1	1
P62993	215	8.0	True	GRB2	1	1
P62995	187	23.0	True	TRA2B	1	1
P62995	210	14.0	True	TRA2B	1	1
P62995	224	4.0	True	TRA2B	1	1
P62995	228	4.0	True	TRA2B	1	1
P62995	233	5.0	True	TRA2B	1	1
P62995	238	3.0	True	TRA2B	2	2
P62995	241	3.0	True	TRA2B	3	3
P62995	251	5.0	True	TRA2B	1	1
P62995	256	5.0	True	TRA2B	1	1
P62995	261	5.0	True	TRA2B	1	1
P62995	271	4.0	True	TRA2B	1	1
P62995	275	4.0	True	TRA2B	1	1
P63000	102	61.0	True	RAC1	1	1
P63000	163	61.0	True	RAC3	1	1
P63010	138	696.0	False	AP2B1	1	1
P63010	834	696.0	False	AP2B1	1	1
P63092	347		False	GNAS	1	1
P63096	161		False	GNAI1	1	1
P63104	41		False	YWHAZ	1	1
P63151	68	210.0	False	PPP2R2A	1	1
P63151	278	210.0	False	PPP2R2A	1	1
P63162	108	4.0	True	SNRPN	2	2
P63162	112	4.0	True	SNRPN	1	1
P63162	147	25.0	True	SNRPN	1	1
P63162	172	25.0	True	SNRPN	2	2
P63162	228	8.0	True	SNRPN	1	1
P63162	236	8.0	True	SNRPN	1	1
P63173	16		False	RPL38	1	1
P63208	154		False	SKP1	1	1
P63218	18		False	GNG5	1	1
P63220	60	1.0	True	RPS21	1	1
P63220	61	1.0	True	RPS21	1	1
P63220	71	10.0	True	RPS21	1	1
P63241	113		False	EIF5A	1	1
P63244	8	39.0	True	GNB2L1	1	1
P63244	47	39.0	True	GNB2L1	1	1
P63244	99	1.0	True	GNB2L1	1	1
P63244	100	1.0	True	GNB2L1	1	1
P63244	245	63.0	True	GNB2L1	1	1
P63244	308	9.0	True	GNB2L1	1	1
P63244	317	9.0	True	RACK1	1	1
P63261	28	11.0	True	ACTG1	1	1
P63261	39	11.0	True	POTEI	1	1
P63261	62	23.0	True	ACTB	1	1
P63261	206	48.0	True	ACTB	1	1
P63261	254	48.0	True	ACTB	1	1
P63261	312	58.0	True	ACTB	1	1
P63267	29	67.0	True	ACTG2	1	1
P63267	96	67.0	True	ACTG2	1	1
P63267	197	101.0	False	ACTG2	1	1
P67775	295		False	PPP2CA	1	1
P67809	142	9.0	True	YBX1	1	1
P67809	151	1.0	True	YBX1	1	1
P67809	152	1.0	True	YBX1	1	1
P67809	156	4.0	True	YBX1	1	1
P67809	185	1.0	True	YBX1	1	1
P67809	186	1.0	True	YBX1	1	1
P67809	189	1.0	True	YBX1	1	1
P67809	190	1.0	True	YBX1	1	1
P67809	192	2.0	True	YBX1	1	1
P67809	199	1.0	True	YBX1	2	2
P67809	200	1.0	True	YBX1	1	2
P67809	204	1.0	True	YBX1	1	1
P67809	205	1.0	True	YBX1	1	1
P67809	231	3.0	True	YBX1	1	1
P67809	234	3.0	True	YBX1	1	1
P67809	239	3.0	True	YBX1	2	2
P67809	242	2.0	True	YBX1	1	1
P67809	244	2.0	True	YBX1	1	1
P67809	279	1.0	True	YBX1	1	1
P67809	280	1.0	True	YBX1	1	1
P67809	288	2.0	True	YBX1	1	1
P67809	290	1.0	True	YBX1	1	1
P67809	291	1.0	True	YBX1	1	1
P67870	92	86.0	True	CSNK2B	1	1
P67870	178	8.0	True	CSNK2B	1	1
P67870	186	8.0	True	CSNK2B	1	1
P67936	27	6.0	True	TPM4	1	1
P67936	33	6.0	True	TPM4	1	1
P68032	30	168.0	False	ACTC1	1	1
P68032	198	14.0	True	ACTA2	1	1
P68032	212	14.0	True	ACTA2	1	1
P68032	292	80.0	True	ACTA2	1	1
P68104	37	30.0	True	EEF1A1	1	1
P68104	67	29.0	True	EEF1A1	1	1
P68104	96	29.0	True	EEF1A1	1	1
P68104	134	32.0	True	EEF1A1	1	1
P68104	166	32.0	True	EEF1A1	2	2
P68104	266	100.0	True	EEF1A2	1	1
P68104	430	164.0	False	EEF1A1	1	1
P68133	30	168.0	False	ACTA1	1	1
P68133	198	168.0	False	ACTA1	1	1
P68363	79	260.0	False	TUBA1C	1	1
P68363	339	260.0	False	TUBA1B	1	1
P68366	339		False	TUBA4A	1	1
P68371	2	119.0	False	TUBB4A	1	1
P68371	121	119.0	False	TUBB4B	1	1
P68371	318	197.0	False	TUBB4A	1	1
P68400	89		False	CSNK2A1	1	1
P68431	3	6.0	True	H3C1	2	2
P68431	9	6.0	True	H3C1	1	1
P68431	18	9.0	True	H3C1	2	2
P68431	27	9.0	True	H3C1	1	1
P68431	41	2.0	True	HIST1H3A	2	2
P68431	43	2.0	True	HIST1H3A	1	2
P68431	50	7.0	True	HIST1H3A	1	1
P68431	64	14.0	True	HIST1H3A	1	1
P68431	84	20.0	True	H3C1	1	1
P68431	129	45.0	True	HIST1H3A	1	1
P69849	418		False	NOMO3	1	1
P78316	21	38.0	True	NOP14	1	1
P78316	59	2.0	True	NOP14	1	1
P78316	61	2.0	True	NOP14	1	1
P78317	7	7.0	True	RNF4	1	1
P78317	14	7.0	True	RNF4	1	1
P78318	225	105.0	False	IGBP1	1	1
P78318	330	105.0	False	IGBP1	1	1
P78330	8	41.0	True	PSPH	1	1
P78330	49	41.0	True	PSPH	1	1
P78330	134	85.0	True	PSPH	1	1
P78332	15	81.0	True	RBM6	1	1
P78332	96	70.0	True	RBM6	1	1
P78332	166	10.0	True	RBM6	1	1
P78332	176	2.0	True	RBM6	1	1
P78332	178	2.0	True	RBM6	1	1
P78332	188	10.0	True	RBM6	1	1
P78332	238	20.0	True	RBM6	1	1
P78332	258	2.0	True	RBM6	1	1
P78332	260	2.0	True	RBM6	1	1
P78337	286		False	PITX1	1	1
P78344	23	337.0	False	EIF4G2	1	1
P78344	360	33.0	True	EIF4G2	3	3
P78344	393	7.0	True	EIF4G2	1	1
P78344	400	2.0	True	EIF4G2	1	1
P78344	402	2.0	True	EIF4G2	1	1
P78344	460	15.0	True	EIF4G2	1	1
P78344	475	15.0	True	EIF4G2	1	1
P78344	505	30.0	True	EIF4G2	2	2
P78344	592	87.0	True	EIF4G2	1	1
P78344	687	95.0	True	EIF4G2	1	1
P78345	10	4.0	True	RPP38	1	1
P78345	14	4.0	True	RPP38	1	1
P78346	167		False	RPP30	1	1
P78347	101	12.0	True	GTF2I	1	1
P78347	113	12.0	True	GTF2I	1	1
P78347	143	30.0	True	GTF2I	1	1
P78347	206	63.0	True	GTF2I	1	1
P78347	371	165.0	False	GTF2I	1	1
P78347	717	2.0	True	GTF2I	1	1
P78347	719	2.0	True	GTF2I	1	1
P78347	927	1.0	True	GTF2I	1	1
P78347	928	1.0	True	GTF2I	1	1
P78364	852		False	PHC1	1	1
P78368	25		False	CSNK1G2	1	1
P78371	427		False	CCT2	1	1
P78406	206	150.0	False	RAE1	1	1
P78406	356	150.0	False	RAE1	1	1
P78410	112		False	BTN3A2	1	1
P78417	25	5.0	True	GSTO1	1	1
P78417	30	5.0	True	GSTO1	1	1
P78417	37	7.0	True	GSTO1	1	1
P78426	189		False	NKX6-1	2	2
P78524	154	116.0	False	ST5	1	1
P78524	270	116.0	False	ST5	1	1
P78527	9	5.0	True	PRKDC	1	1
P78527	14	5.0	True	PRKDC	1	1
P78527	24	10.0	True	PRKDC	1	1
P78527	820	32.0	True	PRKDC	1	1
P78527	852	32.0	True	PRKDC	1	1
P78527	924	72.0	True	PRKDC	1	1
P78527	2704	236.0	False	PRKDC	1	1
P78527	2940	227.0	False	PRKDC	1	1
P78527	3167	50.0	True	PRKDC	1	1
P78527	3217	50.0	True	PRKDC	1	1
P78527	3593	103.0	False	PRKDC	1	1
P78527	3696	88.0	True	PRKDC	1	1
P78527	3784	88.0	True	PRKDC	1	1
P78527	4075	7.0	True	PRKDC	1	1
P78527	4082	7.0	True	PRKDC	1	1
P78549	13		False	NTHL1	1	1
P78559	2628		False	MAP1A	1	1
P78560	102	16.0	True	CRADD	1	1
P78560	118	8.0	True	CRADD	1	1
P78560	126	8.0	True	CRADD	1	1
P79522	66	17.0	True	PRR3	1	1
P79522	83	4.0	True	PRR3	1	1
P79522	87	1.0	True	PRR3	1	2
P79522	88	1.0	True	PRR3	1	2
P79522	93	5.0	True	PRR3	1	1
P79522	99	6.0	True	PRR3	2	2
P79522	120	21.0	True	PRR3	1	1
P80303	294	2.0	True	NUCB2	1	1
P80303	296	2.0	True	NUCB2	1	1
P81274	318		False	GPSM2	1	1
P81605	59		False	DCD	1	1
P81877	136		False	SSBP2	1	1
P82094	1070		False	TMF1	1	1
P82675	226		False	MRPS5	1	1
P82909	99		False	MRPS36	1	1
P82932	32		False	MRPS6	1	1
P83369	41	37.0	True	LSM11	1	1
P83369	78	37.0	True	LSM11	1	1
P83369	279	36.0	True	LSM11	2	2
P83369	315	6.0	True	LSM11	1	1
P83369	321	4.0	True	LSM11	1	1
P83369	325	4.0	True	LSM11	1	1
P83436	480		False	COG7	1	1
P83731	19		False	RPL24	1	1
P83881	57		False	RPL36A	1	1
P83916	111	4.0	True	CBX1	1	1
P83916	115	4.0	True	CBX1	1	1
P84077	97	2.0	True	ARF4	1	1
P84077	99	2.0	True	ARF4	1	1
P84077	117	18.0	True	ARF1	1	1
P84085	117		False	ARF5	1	1
P84090	13	4.0	True	ERH	1	1
P84090	17	4.0	True	ERH	1	1
P84098	5	4.0	True	RPL19	1	1
P84098	9	4.0	True	RPL19	1	1
P84098	117	45.0	True	RPL19	1	1
P84098	162	45.0	True	RPL19	1	1
P84101	3	4.0	True	SERF2	1	1
P84101	7	4.0	True	SERF2	1	1
P84103	28	9.0	True	SRSF3	1	1
P84103	37	9.0	True	SRSF3	1	1
P84103	57	20.0	True	SRSF3	1	1
P84103	90	8.0	True	SRSF3	1	1
P84103	98	8.0	True	SRSF3	1	1
P84103	125	6.0	True	SRSF3	1	1
P84103	131	2.0	True	SRSF3	1	1
P84103	133	2.0	True	SRSF3	1	1
P84243	3	15.0	True	H3-3A	1	1
P84243	18	15.0	True	H3-3A	1	1
P84243	41	2.0	True	H3F3A	2	2
P84243	43	2.0	True	H3F3A	1	2
P84243	50	7.0	True	H3F3A	1	1
P84243	64	14.0	True	H3-3A	1	1
P84243	84	20.0	True	H3-3A	1	1
P84243	129	45.0	True	H3-3A	1	1
P85037	161	16.0	True	FOXK1	2	2
P85037	177	14.0	True	FOXK1	1	1
P85037	191	14.0	True	FOXK1	3	3
P85037	361	39.0	True	FOXK1	1	1
P85037	400	39.0	True	FOXK1	1	1
P85299	371		False	PRR5	1	1
P98082	64	377.0	False	DAB2	1	1
P98082	441	2.0	True	DAB2	1	1
P98082	443	2.0	True	DAB2	1	1
P98153	90		False	DGCR2	1	1
P98160	849		False	HSPG2	1	1
P98161	2089	20.0	True	PKD1	1	1
P98161	2109	20.0	True	PKD1	1	1
P98170	131	25.0	True	XIAP	1	1
P98170	156	25.0	True	XIAP	1	1
P98170	248	92.0	True	XIAP	1	1
P98174	46	44.0	True	FGD1	1	1
P98174	90	11.0	True	FGD1	1	1
P98174	101	8.0	True	FGD1	1	1
P98174	109	8.0	True	FGD1	1	1
P98174	172	63.0	True	FGD1	1	1
P98175	12	122.0	False	RBM10	1	1
P98175	134	12.0	True	RBM10	1	1
P98175	146	12.0	True	RBM10	1	1
P98175	171	25.0	True	RBM10	1	1
P98175	879	14.0	True	RBM10	1	1
P98175	893	2.0	True	RBM10	1	1
P98175	895	2.0	True	RBM10	1	1
P98175	902	7.0	True	RBM10	3	3
P98179	47	18.0	True	RBM3	3	3
P98179	65	18.0	True	RBM3	1	1
P98179	87	3.0	True	RBM3	2	2
P98179	90	3.0	True	RBM3	2	2
P98179	99	2.0	True	RBM3	2	2
P98179	101	2.0	True	RBM3	2	2
P98179	105	4.0	True	RBM3	3	3
P98179	116	5.0	True	RBM3	2	2
P98179	121	5.0	True	RBM3	3	3
P98179	131	2.0	True	RBM3	3	3
P98179	133	2.0	True	RBM3	1	3
P98179	138	5.0	True	RBM3	2	2
P98179	145	7.0	True	RBM3	2	2
Q00056	238		False	HOXA4	1	1
Q00059	82		False	TFAM	1	1
Q00169	146	98.0	True	PITPNA	1	1
Q00169	244	1.0	True	PITPNA	1	1
Q00169	245	1.0	True	PITPNA	1	1
Q00266	264		False	MAT1A	1	1
Q00325	117	84.0	True	SLC25A3	1	1
Q00325	201	25.0	True	SLC25A3	1	1
Q00325	226	25.0	True	SLC25A3	1	1
Q00341	1048	176.0	False	HDLBP	1	1
Q00341	1224	44.0	True	HDLBP	1	1
Q00341	1268	44.0	True	HDLBP	1	1
Q00403	127		False	GTF2B	1	1
Q00444	178		False	HOXC5	1	1
Q00536	19		False	CDK16	1	1
Q00587	8	45.0	True	CDC42EP1	1	1
Q00587	53	23.0	True	CDC42EP1	3	3
Q00587	76	3.0	True	CDC42EP1	1	1
Q00587	79	3.0	True	CDC42EP1	1	1
Q00587	98	19.0	True	CDC42EP1	1	1
Q00587	310	212.0	False	CDC42EP1	1	1
Q00610	144	44.0	True	CLTC	1	1
Q00610	188	44.0	True	CLTCL1	1	1
Q00610	903	198.0	False	CLTC	1	1
Q00610	1101	103.0	False	CLTC	1	1
Q00610	1204	22.0	True	CLTC	1	1
Q00610	1226	19.0	True	CLTC	1	1
Q00610	1245	19.0	True	CLTC	1	1
Q00610	1508	263.0	False	CLTC	1	1
Q00688	16	157.0	False	FKBP3	1	1
Q00688	173	157.0	False	FKBP3	1	1
Q00722	874	19.0	True	PLCB2	1	1
Q00722	893	19.0	True	PLCB2	1	1
Q00796	167		False	SORD	1	1
Q00839	50	174.0	False	HNRNPU	1	1
Q00839	224	31.0	True	HNRNPU	1	1
Q00839	255	31.0	True	HNRNPU	1	1
Q00839	484	2.0	True	HNRNPU	1	1
Q00839	486	2.0	True	HNRNPU	1	1
Q00839	572	3.0	True	HNRNPU	1	1
Q00839	575	3.0	True	HNRNPU	1	1
Q00839	702	5.0	True	HNRNPU	2	2
Q00839	707	2.0	True	HNRNPU	1	1
Q00839	709	2.0	True	HNRNPU	1	1
Q00839	715	5.0	True	HNRNPU	1	1
Q00839	720	5.0	True	HNRNPU	2	2
Q00839	727	5.0	True	HNRNPU	2	2
Q00839	732	1.0	True	HNRNPU	1	3
Q00839	733	1.0	True	HNRNPU	3	3
Q00839	739	6.0	True	HNRNPU	3	3
Q00839	755	7.0	True	HNRNPU	3	3
Q00839	762	6.0	True	HNRNPU	3	3
Q00839	768	5.0	True	HNRNPU	2	2
Q00839	773	5.0	True	HNRNPU	1	1
Q00839	779	6.0	True	HNRNPU	1	1
Q00839	787	2.0	True	HNRNPU	1	1
Q00839	789	2.0	True	HNRNPU	1	1
Q00839	793	4.0	True	HNRNPU	1	1
Q00994	54		False	NGFRAP1	1	1
Q01081	165	46.0	True	U2AF1	2	2
Q01081	211	46.0	True	U2AF1	1	1
Q01082	83	598.0	False	SPTBN1	1	1
Q01082	681	142.0	False	SPTBN1	1	1
Q01082	823	142.0	False	SPTBN1	1	1
Q01082	1233	12.0	True	SPTBN1	1	1
Q01082	1245	12.0	True	SPTBN1	1	1
Q01082	2072	16.0	True	SPTBN1	1	1
Q01082	2088	1.0	True	SPTBN1	1	1
Q01082	2089	1.0	True	SPTBN1	1	1
Q01082	2140	51.0	True	SPTBN1	1	1
Q01094	109	2.0	True	E2F1	1	1
Q01094	111	2.0	True	E2F1	1	1
Q01094	113	2.0	True	E2F1	1	1
Q01105	17	40.0	True	SET	1	1
Q01105	57	40.0	True	SET	1	1
Q01130	5	26.0	True	SRSF2	1	1
Q01130	31	8.0	True	SRSF2	1	1
Q01130	39	8.0	True	SRSF2	1	1
Q01130	55	11.0	True	SRSF2	1	1
Q01130	66	11.0	True	SRSF2	1	1
Q01130	83	11.0	True	SRSF2	1	1
Q01130	94	9.0	True	SRSF2	1	1
Q01130	103	6.0	True	SRSF2	1	1
Q01130	109	6.0	True	SRSF2	1	1
Q01130	117	8.0	True	SRSF2	1	1
Q01167	130	14.0	True	FOXK2	1	1
Q01167	144	14.0	True	FOXK2	3	3
Q01167	314	170.0	False	FOXK2	1	1
Q01196	206	4.0	True	RUNX1	1	1
Q01196	210	4.0	True	RUNX1	1	1
Q01196	223	13.0	True	RUNX1	2	2
Q01196	319	96.0	True	RUNX1	1	1
Q01201	16		False	RELB	2	2
Q01433	33	12.0	True	AMPD2	2	2
Q01433	45	12.0	True	AMPD2	1	1
Q01433	785	740.0	False	AMPD2	1	1
Q01469	10	2.0	True	FABP5	1	1
Q01469	12	2.0	True	FABP5	1	1
Q01484	288	612.0	False	ANK2	1	1
Q01484	900	612.0	False	ANK2	1	1
Q01543	438		False	FLI1	1	1
Q01546	77	8.0	True	KRT76	1	1
Q01546	85	8.0	True	KRT76	1	1
Q01546	110	25.0	True	KRT76	1	1
Q01546	495	385.0	False	KRT76	1	1
Q01581	313		False	HMGCS1	1	1
Q01780	79		False	EXOSC10	1	1
Q01804	380	670.0	False	OTUD4	1	1
Q01804	1050	11.0	True	OTUD4	1	1
Q01804	1061	7.0	True	OTUD4	2	2
Q01804	1068	7.0	True	OTUD4	1	1
Q01804	1089	21.0	True	OTUD4	1	1
Q01813	310	9.0	True	PFKP	1	1
Q01813	319	9.0	True	PFKP	1	1
Q01813	683	364.0	False	PFKP	1	1
Q01814	869	228.0	False	ATP2B2	1	1
Q01814	1097	228.0	False	ATP2B2	1	1
Q01826	42	2.0	True	SATB1	1	1
Q01826	44	2.0	True	SATB1	1	1
Q01831	58		False	XPC	1	1
Q01844	292	8.0	True	EWSR1	1	1
Q01844	300	2.0	True	EWSR1	2	2
Q01844	302	2.0	True	EWSR1	2	2
Q01844	304	2.0	True	EWSR1	2	2
Q01844	309	5.0	True	EWSR1	2	2
Q01844	314	3.0	True	EWSR1	2	2
Q01844	317	3.0	True	EWSR1	2	2
Q01844	321	4.0	True	EWSR1	2	2
Q01844	330	9.0	True	EWSR1	1	1
Q01844	455	6.0	True	EWSR1	3	3
Q01844	461	3.0	True	EWSR1	1	1
Q01844	464	3.0	True	EWSR1	3	3
Q01844	471	7.0	True	EWSR1	3	3
Q01844	486	4.0	True	EWSR1	3	3
Q01844	490	4.0	True	EWSR1	3	3
Q01844	494	4.0	True	EWSR1	3	3
Q01844	500	3.0	True	EWSR1	3	3
Q01844	503	3.0	True	EWSR1	3	3
Q01844	506	3.0	True	EWSR1	3	3
Q01844	563	2.0	True	EWSR1	2	2
Q01844	565	2.0	True	EWSR1	2	2
Q01844	572	3.0	True	EWSR1	2	2
Q01844	575	3.0	True	EWSR1	2	2
Q01844	581	6.0	True	EWSR1	2	2
Q01844	589	3.0	True	EWSR1	2	2
Q01844	592	3.0	True	EWSR1	2	2
Q01844	596	4.0	True	EWSR1	2	2
Q01844	600	3.0	True	EWSR1	2	2
Q01844	603	3.0	True	EWSR1	2	2
Q01844	607	4.0	True	EWSR1	2	2
Q01844	614	1.0	True	EWSR1	2	3
Q01844	615	1.0	True	EWSR1	3	3
Q01844	632	1.0	True	EWSR1	2	3
Q01844	633	1.0	True	EWSR1	3	3
Q01844	636	3.0	True	EWSR1	3	3
Q01860	186		False	POU5F1	1	1
Q01995	183		False	TAGLN	2	2
Q02040	598		False	AKAP17A	1	1
Q02080	219	7.0	True	MEF2B	2	2
Q02080	226	7.0	True	MEF2B	1	1
Q02224	260		False	CENPE	1	1
Q02241	884		False	KIF23	1	1
Q02252	272	220.0	False	ALDH6A1	1	1
Q02252	492	220.0	False	ALDH6A1	1	1
Q02388	28	1442.0	False	COL7A1	1	1
Q02388	1470	1022.0	False	COL7A1	1	1
Q02388	2492	12.0	True	COL7A1	1	1
Q02388	2504	12.0	True	COL7A1	1	1
Q02447	611		False	SP3	1	1
Q02487	810		False	DSC2	1	1
Q02543	8	7.0	True	RPL18A	1	1
Q02543	15	7.0	True	RPL18A	1	1
Q02543	31	16.0	True	RPL18A	1	1
Q02548	377		False	PAX5	1	1
Q02641	593		False	CACNB1	1	1
Q02750	47		False	MAP2K1	1	1
Q02779	857		False	MAP3K10	1	1
Q02790	52	100.0	True	FKBP4	1	1
Q02790	152	1.0	True	FKBP4	1	1
Q02790	153	1.0	True	FKBP4	1	1
Q02790	359	14.0	True	FKBP4	1	1
Q02790	373	14.0	True	FKBP4	1	1
Q02790	399	18.0	True	FKBP4	1	1
Q02790	417	18.0	True	FKBP4	1	1
Q02809	681	34.0	True	PLOD1	1	1
Q02809	715	34.0	True	PLOD1	1	1
Q02818	293	17.0	True	NUCB1	1	1
Q02818	310	17.0	True	NUCB1	1	1
Q02818	348	1.0	True	NUCB1	1	1
Q02818	349	1.0	True	NUCB1	1	1
Q02833	125		False	RASSF7	1	1
Q02878	52	7.0	True	RPL6	1	1
Q02878	59	7.0	True	RPL6	1	1
Q02878	114	9.0	True	RPL6	1	1
Q02878	123	9.0	True	RPL6	1	1
Q02878	272	149.0	False	RPL6	1	1
Q02930	172		False	CREB5	1	1
Q02952	537	421.0	False	AKAP12	1	1
Q02952	958	3.0	True	AKAP12	1	1
Q02952	961	3.0	True	AKAP12	1	1
Q02962	403		False	PAX2	1	1
Q02978	78		False	SLC25A11	1	1
Q03001	7402		False	DST	1	1
Q03013	43		False	GSTM4	1	1
Q03112	911		False	MECOM	1	1
Q03113	235		False	GNA12	1	1
Q03154	386		False	ACY1	1	1
Q03164	25	7.0	True	KMT2A	1	1
Q03164	32	7.0	True	KMT2A	1	1
Q03164	701	20.0	True	KMT2A	1	1
Q03164	721	20.0	True	KMT2A	1	1
Q03252	28	28.0	True	LMNB2	1	1
Q03252	56	7.0	True	LMNB2	1	1
Q03252	63	7.0	True	LMNB2	1	1
Q03252	73	10.0	True	LMNB2	1	1
Q03252	105	32.0	True	LMNB2	1	1
Q03252	171	40.0	True	LMNB2	1	1
Q03252	211	11.0	True	LMNB2	1	1
Q03252	222	11.0	True	LMNB2	1	1
Q03252	264	8.0	True	LMNB2	1	1
Q03252	272	8.0	True	LMNB2	1	1
Q03252	334	62.0	True	LMNB2	1	1
Q03252	401	67.0	True	LMNB2	1	1
Q03518	37		False	TAP1	1	1
Q03701	397	361.0	False	CEBPZ	1	1
Q03701	758	361.0	False	CEBPZ	1	1
Q04206	174	13.0	True	RELA	1	1
Q04206	187	13.0	True	RELA	1	1
Q04206	295	108.0	False	RELA	1	1
Q04637	48	7.0	True	EIF4G1	1	1
Q04637	55	7.0	True	EIF4G1	2	2
Q04637	65	8.0	True	EIF4G1	1	1
Q04637	73	8.0	True	EIF4G1	2	2
Q04637	110	37.0	True	EIF4G1	3	3
Q04637	231	121.0	False	EIF4G1	1	1
Q04637	675	6.0	True	EIF4G1	2	2
Q04637	681	4.0	True	EIF4G1	2	2
Q04637	685	4.0	True	EIF4G1	3	3
Q04637	694	8.0	True	EIF4G1	3	3
Q04637	702	1.0	True	EIF4G1	1	1
Q04637	703	1.0	True	EIF4G1	1	1
Q04637	877	2.0	True	EIF4G1	1	1
Q04637	879	2.0	True	EIF4G1	1	1
Q04637	954	32.0	True	EIF4G1	1	1
Q04637	986	32.0	True	EIF4G1	1	1
Q04637	1031	1.0	True	EIF4G1	1	3
Q04637	1032	1.0	True	EIF4G1	3	3
Q04637	1042	10.0	True	EIF4G1	3	3
Q04637	1138	28.0	True	EIF4G1	1	1
Q04637	1166	28.0	True	EIF4G1	1	1
Q04637	1205	11.0	True	EIF4G1	1	1
Q04637	1216	2.0	True	EIF4G1	1	1
Q04637	1218	2.0	True	EIF4G1	1	1
Q04637	1436	218.0	False	EIF4G1	1	1
Q04721	1581	205.0	False	NOTCH2	1	1
Q04721	1786	1.0	True	NOTCH2	1	1
Q04721	1787	1.0	True	NOTCH2	1	1
Q04724	6	332.0	False	TLE1	1	1
Q04724	338	21.0	True	TLE1	1	1
Q04724	359	21.0	True	TLE1	1	1
Q04724	428	69.0	True	TLE1	1	1
Q04726	6	352.0	False	TLE3	1	1
Q04726	358	72.0	True	TLE3	1	1
Q04726	430	72.0	True	TLE3	1	1
Q04727	13	418.0	False	TLE4	1	1
Q04727	431	418.0	False	TLE4	1	1
Q04756	113	17.0	True	HGFAC	1	1
Q04756	130	17.0	True	HGFAC	1	1
Q04760	38		False	GLO1	1	1
Q04828	223		False	AKR1C1	1	1
Q04864	421		False	REL	1	1
Q04917	42		False	YWHAH	1	1
Q05086	710		False	UBE3A	1	1
Q05193	217	54.0	True	DNM1	1	1
Q05193	271	54.0	True	DNM1	1	1
Q05193	601	330.0	False	DNM1	1	1
Q05195	189		False	MXD1	1	1
Q05397	65		False	PTK2	1	1
Q05639	37	32.0	True	EEF1A2	1	1
Q05639	69	32.0	True	EEF1A2	1	1
Q05639	134	32.0	True	EEF1A2	1	1
Q05639	166	32.0	True	EEF1A2	1	1
Q05639	266	100.0	True	EEF1A2	1	1
Q05639	430	164.0	False	EEF1A2	1	1
Q05682	200		False	CALD1	1	1
Q05707	391		False	COL14A1	1	1
Q05925	133	8.0	True	EN1	1	1
Q05925	141	8.0	True	EN1	1	1
Q05D32	450		False	CTDSPL2	1	1
Q06033	368		False	ITIH3	1	1
Q06124	46		False	PTPN11	1	1
Q06203	130		False	PPAT	1	1
Q06210	359		False	GFPT1	1	1
Q06278	951		False	AOX1	1	1
Q06323	213	7.0	True	PSME1	1	1
Q06323	220	7.0	True	PSME1	1	1
Q06481	467		False	APLP2	1	1
Q06546	379		False	GABPA	1	1
Q06587	123	4.0	True	RING1	1	1
Q06587	127	4.0	True	RING1	1	1
Q06587	202	2.0	True	RING1	1	1
Q06587	204	2.0	True	RING1	1	1
Q06609	150		False	RAD51	1	1
Q06787	290	181.0	False	FMR1	1	1
Q06787	471	3.0	True	FMR1	2	2
Q06787	474	3.0	True	FMR1	2	2
Q06787	477	2.0	True	FMR1	2	2
Q06787	479	2.0	True	FMR1	1	2
Q06787	484	5.0	True	FMR1	1	1
Q06787	534	5.0	True	FMR1	1	1
Q06787	539	5.0	True	FMR1	1	1
Q06787	544	2.0	True	FMR1	2	2
Q06787	546	2.0	True	FMR1	1	2
Q06787	562	2.0	True	FMR1	1	1
Q06787	564	2.0	True	FMR1	1	1
Q06787	604	40.0	True	FMR1	1	1
Q06830	151	7.0	True	PRDX1	1	1
Q06830	158	7.0	True	PRDX1	1	1
Q07002	465		False	CDK18	1	1
Q07020	6	5.0	True	RPL18	1	1
Q07020	11	5.0	True	RPL18	1	1
Q07020	26	15.0	True	RPL18	1	1
Q07020	65	26.0	True	RPL18	1	1
Q07020	91	26.0	True	RPL18	1	1
Q07020	150	31.0	True	RPL18	1	1
Q07020	181	31.0	True	RPL18	1	1
Q07065	590		False	CKAP4	1	1
Q07352	172		False	ZFP36L1	1	1
Q07507	60		False	DPT	1	1
Q07666	4	6.0	True	KHDRBS1	1	1
Q07666	10	3.0	True	KHDRBS1	1	1
Q07666	13	3.0	True	KHDRBS1	1	1
Q07666	17	4.0	True	KHDRBS1	1	1
Q07666	36	7.0	True	KHDRBS1	1	1
Q07666	43	2.0	True	KHDRBS1	1	3
Q07666	45	2.0	True	KHDRBS1	3	3
Q07666	52	7.0	True	KHDRBS1	3	3
Q07666	213	69.0	True	KHDRBS3	1	1
Q07666	282	2.0	True	KHDRBS1	2	3
Q07666	284	2.0	True	KHDRBS1	3	3
Q07666	289	2.0	True	KHDRBS1	2	2
Q07666	291	2.0	True	KHDRBS1	2	2
Q07666	302	2.0	True	KHDRBS1	2	3
Q07666	304	2.0	True	KHDRBS1	3	3
Q07666	310	5.0	True	KHDRBS1	3	3
Q07666	315	5.0	True	KHDRBS1	3	3
Q07666	320	5.0	True	KHDRBS1	3	3
Q07666	325	5.0	True	KHDRBS1	3	3
Q07666	331	6.0	True	KHDRBS1	3	3
Q07666	340	6.0	True	KHDRBS1	3	3
Q07666	346	2.0	True	KHDRBS1	2	2
Q07666	348	2.0	True	KHDRBS1	2	2
Q07666	436	6.0	True	KHDRBS1	1	1
Q07666	442	6.0	True	KHDRBS1	2	2
Q07812	9	28.0	True	BAX	1	1
Q07812	37	28.0	True	BAX	1	1
Q07864	197	508.0	False	POLE	1	1
Q07864	705	508.0	False	POLE	1	1
Q07864	1320	615.0	False	POLE	1	1
Q07866	505	65.0	True	KLC1	1	1
Q07866	570	65.0	True	KLC1	1	1
Q07889	1195		False	SOS1	1	1
Q07890	1321		False	SOS2	1	1
Q07912	839	94.0	True	TNK2	1	1
Q07912	933	94.0	True	TNK2	1	1
Q07954	539	2038.0	False	LRP1	1	1
Q07954	2577	923.0	False	LRP1	1	1
Q07954	3500	923.0	False	LRP1	1	1
Q07955	50	1.0	True	SRSF1	1	1
Q07955	51	1.0	True	SRSF1	1	1
Q07955	65	9.0	True	SRSF1	2	2
Q07955	74	9.0	True	SRSF1	1	1
Q07955	90	3.0	True	SRSF1	1	1
Q07955	93	3.0	True	SRSF1	3	3
Q07955	97	4.0	True	SRSF1	3	3
Q07955	109	2.0	True	SRSF1	3	3
Q07955	111	2.0	True	SRSF1	3	3
Q07955	154	37.0	True	SRSF1	1	1
Q07955	191	37.0	True	SRSF1	2	2
Q08043	90	3.0	True	ACTN3	1	1
Q08043	93	3.0	True	ACTN3	1	1
Q08043	211	64.0	True	ACTN3	1	1
Q08043	275	64.0	True	ACTN3	1	1
Q08043	740	12.0	True	ACTN3	1	1
Q08043	752	12.0	True	ACTN3	1	1
Q08117	7	21.0	True	AES	1	1
Q08117	28	21.0	True	AES	1	1
Q08170	8	6.0	True	SRSF4	1	1
Q08170	14	6.0	True	SRSF4	1	1
Q08170	71	4.0	True	SRSF4	1	1
Q08170	75	4.0	True	SRSF4	1	1
Q08170	83	6.0	True	SRSF4	2	2
Q08170	89	6.0	True	SRSF4	1	1
Q08170	428	339.0	False	SRSF4	1	1
Q08188	433		False	TGM3	1	1
Q08209	16		False	PPP3CA	1	1
Q08211	24	117.0	False	DHX9	1	1
Q08211	141	10.0	True	DHX9	1	1
Q08211	151	10.0	True	DHX9	1	1
Q08211	434	283.0	False	DHX9	1	1
Q08211	853	301.0	False	DHX9	1	1
Q08211	1154	6.0	True	DHX9	1	1
Q08211	1160	6.0	True	DHX9	2	2
Q08211	1166	6.0	True	DHX9	1	1
Q08211	1174	1.0	True	DHX9	1	3
Q08211	1175	1.0	True	DHX9	3	3
Q08211	1207	12.0	True	DHX9	1	1
Q08211	1219	4.0	True	DHX9	1	1
Q08211	1223	4.0	True	DHX9	2	2
Q08211	1227	4.0	True	DHX9	2	2
Q08211	1235	7.0	True	DHX9	2	2
Q08211	1242	7.0	True	DHX9	1	1
Q08211	1249	4.0	True	DHX9	2	2
Q08211	1253	4.0	True	DHX9	2	2
Q08211	1265	12.0	True	DHX9	3	3
Q08378	1080		False	GOLGA3	1	1
Q08379	18	12.0	True	GOLGA2	1	1
Q08379	30	5.0	True	GOLGA2	1	1
Q08379	35	5.0	True	GOLGA2	1	1
Q08379	532	5.0	True	GOLGA2	1	1
Q08379	537	5.0	True	GOLGA2	1	1
Q08397	141		False	LOXL1	1	1
Q08499	249		False	PDE4D	1	1
Q08752	251		False	PPID	1	1
Q08945	22	359.0	False	SSRP1	1	1
Q08945	381	6.0	True	SSRP1	1	1
Q08945	387	6.0	True	SSRP1	1	1
Q08945	408	21.0	True	SSRP1	1	1
Q08945	645	237.0	False	SSRP1	1	1
Q08AD1	1014		False	CAMSAP2	1	1
Q08AG5	617		False	ZNF844	1	1
Q08AM6	159		False	VAC14	1	1
Q08J23	256	312.0	False	NSUN2	1	1
Q08J23	568	312.0	False	NSUN2	1	1
Q09013	579		False	DMPK	1	1
Q09019	396	81.0	True	DMWD	1	1
Q09019	477	74.0	True	DMWD	1	1
Q09019	551	74.0	True	DMWD	1	1
Q09028	15	40.0	True	RBBP4	1	1
Q09028	55	40.0	True	RBBP4	1	1
Q09028	172	86.0	True	RBBP4	1	1
Q09028	258	46.0	True	RBBP4	1	1
Q09028	304	37.0	True	RBBP4	1	1
Q09028	341	37.0	True	RBBP4	1	1
Q09161	194	270.0	False	NCBP1	1	1
Q09161	464	270.0	False	NCBP1	1	1
Q09472	200	37.0	True	EP300	1	1
Q09472	237	37.0	True	EP300	1	1
Q09472	580	24.0	True	EP300	1	1
Q09472	604	24.0	True	EP300	1	1
Q09472	705	23.0	True	EP300	1	1
Q09472	728	23.0	True	EP300	1	1
Q09472	754	26.0	True	EP300	1	1
Q09472	2056	3.0	True	EP300	1	1
Q09472	2059	3.0	True	EP300	1	1
Q09472	2142	83.0	True	EP300	2	2
Q09472	2226	84.0	True	EP300	1	1
Q09472	2317	13.0	True	EP300	1	1
Q09472	2330	13.0	True	EP300	1	1
Q09666	149	121.0	False	AHNAK	2	2
Q09666	270	60.0	True	AHNAK	2	2
Q09666	330	60.0	True	AHNAK	1	1
Q09666	556	226.0	False	AHNAK	1	1
Q09666	5446	4890.0	False	AHNAK	1	1
Q0VAM2	92		False	RASGEF1B	1	1
Q0VD83	903	26.0	True	APOBR	1	1
Q0VD83	929	26.0	True	APOBR	1	1
Q0VD83	999	2.0	True	APOBR	2	2
Q0VD83	1001	2.0	True	APOBR	1	2
Q0VDF9	484		False	HSPA14	1	1
Q0VFZ6	255	16.0	True	CCDC173	1	1
Q0VFZ6	271	16.0	True	C2orf77	1	1
Q0Z7S8	53		False	FABP9	1	1
Q10567	138		False	AP2B1	1	1
Q10570	148	777.0	False	CPSF1	1	1
Q10570	925	777.0	False	CPSF1	1	1
Q10571	456	2.0	True	MN1	2	2
Q10571	458	2.0	True	MN1	2	2
Q10571	941	2.0	True	MN1	1	1
Q10571	943	2.0	True	MN1	1	1
Q10571	945	2.0	True	MN1	1	1
Q10588	249		False	BST1	1	1
Q10713	77	166.0	False	PMPCA	1	1
Q10713	243	166.0	False	PMPCA	1	1
Q12756	548	321.0	False	KIF1A	1	1
Q12756	869	321.0	False	KIF1A	1	1
Q12756	1344	146.0	False	KIF1A	1	1
Q12756	1490	146.0	False	KIF1A	1	1
Q12766	529	8.0	True	HMGXB3	1	1
Q12766	537	8.0	True	HMGXB3	1	1
Q12769	481	947.0	False	NUP160	1	1
Q12769	1428	947.0	False	NUP160	1	1
Q12774	789	77.0	True	ARHGEF5	1	1
Q12774	866	77.0	True	ARHGEF5	3	3
Q12778	251	2.0	True	FOXO1	1	1
Q12778	253	2.0	True	FOXO1	1	1
Q12788	501		False	TBL3	1	1
Q12789	1353	1.0	True	GTF3C1	1	1
Q12789	1354	1.0	True	GTF3C1	1	1
Q12789	1541	187.0	False	GTF3C1	1	1
Q12791	1215		False	KCNMA1	1	1
Q12792	340		False	TWF1	1	1
Q12800	98		False	TFCP2	1	1
Q12815	373		False	TROAP	1	1
Q12830	5	2.0	True	BPTF	1	1
Q12830	7	2.0	True	BPTF	1	1
Q12830	40	2.0	True	BPTF	1	1
Q12830	42	2.0	True	BPTF	1	1
Q12830	63	5.0	True	BPTF	1	1
Q12830	68	5.0	True	BPTF	2	2
Q12830	74	6.0	True	BPTF	1	1
Q12830	92	18.0	True	BPTF	1	1
Q12830	1474	444.0	False	BPTF	1	1
Q12830	1918	111.0	False	BPTF	1	1
Q12830	2029	111.0	False	BPTF	1	1
Q12830	2155	7.0	True	BPTF	2	2
Q12830	2162	7.0	True	BPTF	2	2
Q12830	2184	7.0	True	BPTF	2	2
Q12830	2191	7.0	True	BPTF	2	2
Q12830	2205	14.0	True	BPTF	1	1
Q12830	2224	19.0	True	BPTF	1	1
Q12830	2265	41.0	True	BPTF	1	1
Q12834	174	209.0	False	CDC20	1	1
Q12834	383	209.0	False	CDC20	1	1
Q12840	280	619.0	False	KIF5A	1	1
Q12840	899	619.0	False	KIF5A	1	1
Q12849	326		False	GRSF1	1	1
Q12857	389		False	NFIA	2	2
Q12866	775		False	MERTK	1	1
Q12873	1323	92.0	True	CHD3	1	1
Q12873	1415	92.0	True	CHD3	1	1
Q12873	1664	95.0	True	CHD3	1	1
Q12873	1759	95.0	True	CHD3	1	1
Q12874	49	9.0	True	SF3A3	1	1
Q12874	58	9.0	True	SF3A3	1	1
Q12874	470	412.0	False	SF3A3	1	1
Q12888	1162	176.0	False	TP53BP1	1	1
Q12888	1338	17.0	True	TP53BP1	1	1
Q12888	1355	17.0	True	TP53BP1	1	1
Q12888	1396	2.0	True	TP53BP1	1	1
Q12888	1398	2.0	True	TP53BP1	1	1
Q12888	1400	1.0	True	TP53BP1	1	1
Q12888	1401	1.0	True	TP53BP1	1	1
Q12888	1403	2.0	True	TP53BP1	1	1
Q12904	187	18.0	True	AIMP1	1	1
Q12904	205	18.0	True	AIMP1	1	1
Q12904	250	45.0	True	AIMP1	1	1
Q12905	5	2.0	True	ILF2	1	2
Q12905	7	2.0	True	ILF2	2	2
Q12905	9	2.0	True	ILF2	2	2
Q12905	12	3.0	True	ILF2	1	1
Q12905	16	4.0	True	ILF2	3	3
Q12905	24	8.0	True	ILF2	2	2
Q12906	5	7.0	True	ILF3	1	1
Q12906	12	7.0	True	ILF3	1	1
Q12906	273	35.0	True	ILF3	1	1
Q12906	308	15.0	True	ILF3	1	1
Q12906	323	15.0	True	ILF3	2	2
Q12906	609	31.0	True	ILF3	2	2
Q12906	640	2.0	True	ILF3	1	1
Q12906	642	2.0	True	ILF3	1	1
Q12906	649	6.0	True	ILF3	1	1
Q12906	655	6.0	True	ILF3	1	1
Q12906	815	68.0	True	ILF3	1	1
Q12906	883	11.0	True	ILF3	1	1
Q12906	894	11.0	True	ILF3	2	2
Q12907	89	50.0	True	LMAN2	1	1
Q12907	139	50.0	True	LMAN2	1	1
Q12912	397		False	IRAG2	1	1
Q12923	201	2004.0	False	PTPN13	1	1
Q12923	2205	2004.0	False	PTPN13	1	1
Q12931	388	24.0	True	TRAP1	1	1
Q12931	412	24.0	True	TRAP1	1	1
Q12931	505	62.0	True	TRAP1	1	1
Q12931	567	62.0	True	TRAP1	1	1
Q12948	62	107.0	False	FOXC1	1	1
Q12948	169	107.0	False	FOXC1	1	1
Q12955	921		False	ANK3	1	1
Q12962	67		False	TAF10	1	1
Q12965	103	891.0	False	MYO1E	1	1
Q12965	994	891.0	False	MYO1E	1	1
Q12979	7	4.0	True	ABR	1	1
Q12979	11	4.0	True	ABR	1	1
Q12979	245	234.0	False	ABR	1	1
Q12983	139		False	BNIP3	1	1
Q12986	180		False	NFX1	1	1
Q12996	709		False	CSTF3	1	1
Q13015	16		False	MLLT11	1	1
Q13029	508	8.0	True	PRDM2	1	1
Q13029	516	8.0	True	PRDM2	1	1
Q13033	196	507.0	False	STRN3	1	1
Q13033	703	507.0	False	STRN3	1	1
Q13064	69	4.0	True	MKRN3	1	1
Q13064	73	4.0	True	MKRN3	1	1
Q13069	13	2.0	True	GAGE5	1	1
Q13069	15	1.0	True	GAGE5	1	1
Q13069	16	1.0	True	GAGE5	1	1
Q13070	13	2.0	True	GAGE6	1	1
Q13070	15	1.0	True	GAGE6	1	1
Q13070	16	1.0	True	GAGE6	1	1
Q13085	2047		False	ACACA	1	1
Q13094	273	119.0	False	LCP2	1	1
Q13094	392	119.0	False	LCP2	1	1
Q13105	169		False	ZBTB17	1	1
Q13112	64	343.0	False	CHAF1B	1	1
Q13112	407	343.0	False	CHAF1B	1	1
Q13123	73	441.0	False	IK	1	1
Q13123	514	16.0	True	IK	1	1
Q13123	530	16.0	True	IK	1	1
Q13126	60	175.0	False	MTAP	1	1
Q13126	235	175.0	False	MTAP	1	1
Q13129	409		False	RLF	1	1
Q13136	535	589.0	False	PPFIA1	1	1
Q13136	1124	26.0	True	PPFIA1	1	1
Q13136	1150	26.0	True	PPFIA1	1	1
Q13148	275	18.0	True	TARDBP	1	1
Q13148	293	18.0	True	TARDBP	3	3
Q13151	139	50.0	True	HNRNPA0	2	2
Q13151	189	3.0	True	HNRNPA0	2	2
Q13151	192	3.0	True	HNRNPA0	1	1
Q13151	195	3.0	True	HNRNPA0	1	1
Q13151	198	2.0	True	HNRNPA0	1	1
Q13151	200	2.0	True	HNRNPA0	1	1
Q13151	204	4.0	True	HNRNPA0	1	1
Q13151	284	7.0	True	HNRNPA0	2	2
Q13151	291	7.0	True	HNRNPA0	3	3
Q13155	17	9.0	True	AIMP2	2	2
Q13155	26	7.0	True	AIMP2	2	2
Q13155	33	7.0	True	AIMP2	2	2
Q13155	304	271.0	False	AIMP2	1	1
Q13158	132	34.0	True	FADD	1	1
Q13158	166	34.0	True	FADD	1	1
Q13162	173	57.0	True	PRDX4	1	1
Q13162	230	57.0	True	PRDX4	1	1
Q13163	125		False	MAP2K5	1	1
Q13185	115	4.0	True	CBX3	1	1
Q13185	119	4.0	True	CBX3	1	1
Q13191	8	5.0	True	CBLB	1	1
Q13191	13	5.0	True	CBLB	1	1
Q13191	18	5.0	True	CBLB	1	1
Q13191	782	764.0	False	CBLB	1	1
Q13200	6	73.0	True	PSMD2	1	1
Q13200	79	1.0	True	PSMD2	1	1
Q13200	80	1.0	True	PSMD2	1	1
Q13200	137	57.0	True	PSMD2	1	1
Q13200	357	220.0	False	PSMD2	1	1
Q13206	626		False	DDX10	1	1
Q13227	312	11.0	True	GPS2	3	3
Q13227	323	11.0	True	GPS2	3	3
Q13232	35		False	NME3	1	1
Q13233	659	14.0	True	MAP3K1	1	1
Q13233	673	14.0	True	MAP3K1	1	1
Q13242	8	7.0	True	SRSF9	1	1
Q13242	15	7.0	True	SRSF9	1	1
Q13242	63	18.0	True	SRSF9	1	1
Q13242	81	7.0	True	SRSF9	1	1
Q13242	88	5.0	True	SRSF9	2	2
Q13242	93	5.0	True	SRSF9	2	2
Q13242	98	3.0	True	SRSF9	2	2
Q13242	101	3.0	True	SRSF9	2	2
Q13242	107	6.0	True	SRSF9	1	1
Q13242	132	22.0	True	SRSF9	1	1
Q13242	154	9.0	True	SRSF9	1	1
Q13242	163	8.0	True	SRSF9	1	1
Q13242	171	8.0	True	SRSF9	1	1
Q13242	181	10.0	True	SRSF9	1	1
Q13242	194	13.0	True	SRSF9	1	1
Q13242	209	15.0	True	SRSF9	2	2
Q13243	5	5.0	True	SRSF5	2	2
Q13243	10	5.0	True	SRSF5	1	1
Q13243	48	25.0	True	SRSF5	1	1
Q13243	73	2.0	True	SRSF5	1	1
Q13243	75	2.0	True	SRSF5	1	1
Q13243	80	2.0	True	SRSF5	1	1
Q13243	82	2.0	True	SRSF5	1	1
Q13243	88	4.0	True	SRSF5	2	2
Q13243	92	1.0	True	SRSF5	1	1
Q13243	93	1.0	True	SRSF5	1	1
Q13247	71	14.0	True	SRSF6	1	1
Q13247	85	9.0	True	SRSF6	2	2
Q13247	94	9.0	True	SRSF6	1	1
Q13257	129	55.0	True	MAD2L1	1	1
Q13257	184	55.0	True	MAD2L1	1	1
Q13263	282	145.0	False	TRIM28	1	1
Q13263	427	56.0	True	TRIM28	1	1
Q13263	483	56.0	True	TRIM28	1	1
Q13263	790	307.0	False	TRIM28	1	1
Q13283	247	49.0	True	G3BP1	1	1
Q13283	296	35.0	True	G3BP1	1	1
Q13283	331	1.0	True	G3BP1	1	1
Q13283	332	1.0	True	G3BP1	1	1
Q13283	403	24.0	True	G3BP1	1	1
Q13283	427	2.0	True	G3BP1	1	3
Q13283	429	2.0	True	G3BP1	3	3
Q13283	435	6.0	True	G3BP1	3	3
Q13283	443	4.0	True	G3BP1	1	1
Q13283	447	4.0	True	G3BP1	3	3
Q13283	460	5.0	True	G3BP1	3	3
Q13283	465	5.0	True	G3BP1	3	3
Q13303	12	4.0	True	KCNAB2	1	1
Q13303	16	4.0	True	KCNAB2	1	1
Q13303	28	12.0	True	KCNAB2	3	3
Q13303	110	82.0	True	KCNAB2	1	1
Q13310	166	13.0	True	PABPC4	1	1
Q13310	179	13.0	True	PABPC4	1	1
Q13310	385	34.0	True	PABPC4	1	1
Q13310	419	13.0	True	PABPC4	2	2
Q13310	432	4.0	True	PABPC4	2	2
Q13310	436	4.0	True	PABPC4	2	2
Q13310	442	6.0	True	PABPC4	1	1
Q13310	454	5.0	True	PABPC4	3	3
Q13310	459	4.0	True	PABPC4	1	1
Q13310	463	4.0	True	PABPC4	1	1
Q13310	475	12.0	True	PABPC4	1	1
Q13310	509	9.0	True	PABPC4	2	2
Q13310	518	9.0	True	PABPC4	2	2
Q13310	530	12.0	True	PABPC4	2	2
Q13315	1907	10.0	True	ATM	1	1
Q13315	1917	10.0	True	ATM	1	1
Q13322	316		False	GRB10	1	1
Q13330	25	209.0	False	MTA3	1	1
Q13330	234	209.0	False	MTA1	1	1
Q13330	604	32.0	True	MTA1	1	1
Q13330	636	32.0	True	MTA1	2	2
Q13332	610	882.0	False	PTPRS	1	1
Q13332	1492	882.0	False	PTPRS	1	1
Q13347	77		False	EIF3I	1	1
Q13356	512		False	PPIL2	1	1
Q13362	426		False	PPP2R5C	1	1
Q13363	16	250.0	False	CTBP1	1	1
Q13363	266	19.0	True	CTBP1	1	1
Q13363	285	19.0	True	CTBP1	1	1
Q13367	524		False	AP3B2	1	1
Q13387	240		False	MAPK8IP2	1	1
Q13393	917		False	PLD1	1	1
Q13394	146		False	MAB21L1	1	1
Q13409	269		False	DYNC1I2	1	1
Q13418	241		False	ILK	1	1
Q13422	83		False	IKZF1	1	1
Q13432	119		False	UNC119	1	1
Q13435	71	121.0	False	SF3B2	1	1
Q13435	192	13.0	True	SF3B2	1	1
Q13435	205	11.0	True	SF3B2	2	2
Q13435	216	6.0	True	SF3B2	2	2
Q13435	222	6.0	True	SF3B2	3	3
Q13435	245	2.0	True	SF3B2	2	3
Q13435	247	2.0	True	SF3B2	3	3
Q13435	258	11.0	True	SF3B2	1	1
Q13435	340	82.0	True	SF3B2	1	1
Q13435	502	6.0	True	SF3B2	2	2
Q13435	508	6.0	True	SF3B2	2	2
Q13435	515	7.0	True	SF3B2	2	2
Q13435	537	22.0	True	SF3B2	1	1
Q13435	614	24.0	True	SF3B2	1	1
Q13435	638	24.0	True	SF3B2	1	1
Q13435	884	246.0	False	SF3B2	1	1
Q13442	13		False	PDAP1	1	1
Q13443	772		False	ADAM9	2	2
Q13451	73	284.0	False	FKBP5	1	1
Q13451	357	284.0	False	FKBP5	1	1
Q13454	63	4.0	True	TUSC3	1	1
Q13454	67	4.0	True	TUSC3	1	1
Q13459	2055		False	MYO9B	2	2
Q13469	150		False	NFATC2	2	2
Q13472	135		False	TOP3A	1	1
Q13492	9	627.0	False	PICALM	1	1
Q13492	636	627.0	False	PICALM	1	1
Q13501	183	129.0	False	SQSTM1	1	1
Q13501	312	129.0	False	SQSTM1	1	1
Q13509	156	6.0	True	TUBB3	1	1
Q13509	162	6.0	True	TUBB3	1	1
Q13526	142		False	PIN1	1	1
Q13535	177		False	ATR	1	1
Q13541	63	36.0	True	EIF4EBP1	1	1
Q13541	99	36.0	True	EIF4EBP1	1	1
Q13542	15	91.0	True	EIF4EBP2	1	1
Q13542	106	91.0	True	EIF4EBP2	1	1
Q13546	477	10.0	True	RIPK1	1	1
Q13546	487	10.0	True	RIPK1	1	1
Q13547	36	41.0	True	HDAC1	1	1
Q13547	77	3.0	True	HDAC1	1	1
Q13547	80	3.0	True	HDAC1	1	1
Q13547	212	132.0	False	HDAC1	1	1
Q13547	365	153.0	False	HDAC1	1	1
Q13555	397		False	CAMK2G	1	1
Q13561	72		False	DCTN2	1	1
Q13563	139		False	PKD2	1	1
Q13573	178	95.0	True	SNW1	1	1
Q13573	273	23.0	True	SNW1	1	1
Q13573	296	23.0	True	SNW1	1	1
Q13573	410	28.0	True	SNW1	1	1
Q13573	438	28.0	True	SNW1	1	1
Q13576	139		False	IQGAP2	1	1
Q13595	160	80.0	True	TRA2A	1	1
Q13595	240	80.0	True	TRA2A	1	1
Q13596	262		False	SNX1	1	1
Q13601	235		False	KRR1	1	1
Q13608	93	2.0	True	PEX6	1	1
Q13608	95	2.0	True	PEX6	1	1
Q13608	119	23.0	True	PEX6	2	2
Q13608	142	12.0	True	PEX6	1	1
Q13608	154	7.0	True	PEX6	1	1
Q13608	161	2.0	True	PEX6	1	1
Q13608	163	2.0	True	PEX6	1	1
Q13610	85	334.0	False	PWP1	1	1
Q13610	419	334.0	False	PWP1	1	1
Q13613	650		False	MTMR1	1	1
Q13616	63		False	CUL1	3	3
Q13617	414		False	CUL2	1	1
Q13618	364	172.0	False	CUL3	1	1
Q13618	536	172.0	False	CUL3	1	1
Q13619	330	362.0	False	CUL4A	1	1
Q13619	692	10.0	True	CUL4A	1	1
Q13619	702	10.0	True	CUL4A	1	1
Q13619	742	40.0	True	CUL4A	1	1
Q13620	779	1.0	True	CUL4B	1	1
Q13620	780	1.0	True	CUL4B	1	1
Q13620	846	10.0	True	CUL4A	1	1
Q13620	856	10.0	True	CUL4B	1	1
Q13620	896	40.0	True	CUL4A	1	1
Q13625	265	93.0	True	TP53BP2	1	1
Q13625	358	93.0	True	TP53BP2	1	1
Q13635	1338	56.0	True	PTCH1	1	1
Q13635	1394	56.0	True	PTCH1	1	1
Q13642	59		False	FHL1	1	1
Q13671	664	28.0	True	RIN1	1	1
Q13671	692	28.0	True	RIN1	2	2
Q13685	240		False	AAMP	1	1
Q13733	235		False	ATP1A4	1	1
Q13761	216	46.0	True	RUNX3	1	1
Q13761	262	5.0	True	RUNX3	2	2
Q13761	267	5.0	True	RUNX3	1	1
Q13761	302	35.0	True	RUNX3	1	1
Q13769	46		False	THOC5	1	1
Q13796	418	593.0	False	SHROOM2	1	1
Q13796	1011	593.0	False	SHROOM2	1	1
Q13813	18	1.0	True	SPTAN1	1	1
Q13813	19	1.0	True	SPTAN1	1	1
Q13813	51	32.0	True	SPTAN1	1	1
Q13813	204	91.0	True	SPTAN1	1	1
Q13813	295	25.0	True	SPTAN1	1	1
Q13813	320	25.0	True	SPTAN1	1	1
Q13813	362	40.0	True	SPTAN1	1	1
Q13813	402	37.0	True	SPTAN1	1	1
Q13813	439	20.0	True	SPTAN1	1	1
Q13813	459	20.0	True	SPTAN1	1	1
Q13813	733	68.0	True	SPTAN1	1	1
Q13813	801	68.0	True	SPTAN1	1	1
Q13813	1532	73.0	True	SPTAN1	1	1
Q13813	1605	2.0	True	SPTAN1	1	1
Q13813	1607	2.0	True	SPTAN1	1	1
Q13823	23	432.0	False	GNL2	1	1
Q13823	455	195.0	False	GNL2	1	1
Q13823	650	195.0	False	GNL2	1	1
Q13838	58	150.0	False	DDX39A	1	1
Q13838	208	131.0	False	DDX39B	1	1
Q13838	339	10.0	True	DDX39B	1	1
Q13838	349	10.0	True	DDX39B	1	1
Q13838	374	3.0	True	DDX39B	1	1
Q13838	377	3.0	True	DDX39B	1	1
Q13868	41		False	EXOSC2	1	1
Q13895	8	22.0	True	BYSL	1	1
Q13895	30	4.0	True	BYSL	1	1
Q13895	34	3.0	True	BYSL	1	1
Q13895	37	1.0	True	BYSL	1	1
Q13895	38	1.0	True	BYSL	1	3
Q13895	40	2.0	True	BYSL	3	3
Q13895	186	146.0	False	BYSL	1	1
Q13895	418	1.0	True	BYSL	1	1
Q13895	419	1.0	True	BYSL	1	1
Q13907	106		False	IDI1	1	1
Q13946	24	24.0	True	PDE7A	1	1
Q13946	48	24.0	True	PDE7A	1	1
Q13948	570		False	CUX1	1	1
Q13950	258	9.0	True	RUNX2	1	1
Q13950	267	9.0	True	RUNX2	2	2
Q13950	325	12.0	True	RUNX2	1	1
Q13950	337	12.0	True	RUNX2	2	2
Q13950	386	49.0	True	RUNX2	1	1
Q13951	19		False	CBFB	1	1
Q13956	32		False	PDE6H	1	1
Q14004	1504	2.0	True	CDK13	2	2
Q14004	1506	2.0	True	CDK13	1	2
Q14004	1508	2.0	True	CDK13	1	1
Q14005	882	7.0	True	IL16	1	1
Q14005	889	7.0	True	IL16	1	1
Q14008	149	483.0	False	CKAP5	1	1
Q14008	632	326.0	False	CKAP5	1	1
Q14008	958	72.0	True	CKAP5	1	1
Q14008	1030	72.0	True	CKAP5	1	1
Q14008	1315	285.0	False	CKAP5	1	1
Q14008	1882	567.0	False	CKAP5	1	1
Q14011	47	47.0	True	CIRBP	1	1
Q14011	94	7.0	True	CIRBP	2	2
Q14011	101	4.0	True	CIRBP	2	2
Q14011	105	3.0	True	CIRBP	2	2
Q14011	108	2.0	True	CIRBP	1	1
Q14011	110	2.0	True	CIRBP	1	1
Q14011	116	5.0	True	CIRBP	1	1
Q14011	121	5.0	True	CIRBP	1	1
Q14011	127	4.0	True	CIRBP	1	1
Q14011	131	4.0	True	CIRBP	2	2
Q14011	139	6.0	True	CIRBP	1	1
Q14011	145	6.0	True	CIRBP	1	1
Q14011	154	7.0	True	CIRBP	1	1
Q14011	161	7.0	True	CIRBP	1	1
Q14019	57	60.0	True	COTL1	1	1
Q14019	117	60.0	True	COTL1	1	1
Q14031	630		False	COL4A6	1	1
Q14093	87	8.0	True	CYLC2	1	1
Q14093	95	1.0	True	CYLC2	1	1
Q14093	96	1.0	True	CYLC2	1	1
Q14103	94	42.0	True	HNRNPD	1	1
Q14103	136	2.0	True	HNRNPD	1	1
Q14103	138	2.0	True	HNRNPD	1	1
Q14103	272	6.0	True	HNRNPD	3	3
Q14103	278	2.0	True	HNRNPD	3	3
Q14103	280	2.0	True	HNRNPD	3	3
Q14103	282	2.0	True	HNRNPD	3	3
Q14103	344	1.0	True	HNRNPD	1	3
Q14103	345	1.0	True	HNRNPD	3	3
Q14126	81	353.0	False	DSG2	1	1
Q14126	434	339.0	False	DSG2	1	1
Q14126	773	339.0	False	DSG2	1	1
Q14129	147		False	DGCR6	1	1
Q14134	492		False	TRIM29	1	1
Q14137	5	4.0	True	BOP1	1	1
Q14137	9	4.0	True	BOP1	1	1
Q14137	338	72.0	True	BOP1	1	1
Q14137	410	72.0	True	BOP1	1	1
Q14147	116	7.0	True	DHX34	1	1
Q14147	123	7.0	True	DHX34	1	1
Q14151	59	671.0	False	SAFB2	1	1
Q14151	730	6.0	True	SAFB2	1	1
Q14151	736	6.0	True	SAFB2	1	1
Q14151	753	17.0	True	SAFB2	1	1
Q14151	773	10.0	True	SAFB2	1	1
Q14151	783	1.0	True	SAFB2	1	1
Q14151	784	1.0	True	SAFB2	1	1
Q14151	835	7.0	True	SAFB2	2	2
Q14151	842	3.0	True	SAFB2	1	1
Q14151	845	3.0	True	SAFB2	1	1
Q14151	883	14.0	True	SAFB2	1	1
Q14151	897	6.0	True	SAFB2	3	3
Q14151	903	6.0	True	SAFB2	3	3
Q14151	932	3.0	True	SAFB2	1	1
Q14151	935	3.0	True	SAFB2	1	1
Q14151	951	16.0	True	SAFB2	1	1
Q14152	489	211.0	False	EIF3A	1	1
Q14152	700	57.0	True	EIF3A	1	1
Q14152	757	25.0	True	EIF3A	1	1
Q14152	782	25.0	True	EIF3A	1	1
Q14152	842	60.0	True	EIF3A	1	1
Q14152	956	3.0	True	EIF3A	1	1
Q14152	959	1.0	True	EIF3A	1	1
Q14152	960	1.0	True	EIF3A	1	1
Q14152	966	6.0	True	EIF3A	1	1
Q14152	976	10.0	True	EIF3A	1	1
Q14152	986	10.0	True	EIF3A	1	1
Q14152	1006	20.0	True	EIF3A	1	1
Q14152	1026	14.0	True	EIF3A	1	1
Q14152	1040	6.0	True	EIF3A	1	1
Q14152	1046	6.0	True	EIF3A	1	1
Q14152	1057	11.0	True	EIF3A	1	1
Q14152	1071	10.0	True	EIF3A	1	1
Q14152	1081	6.0	True	EIF3A	1	1
Q14152	1087	4.0	True	EIF3A	1	1
Q14152	1091	4.0	True	EIF3A	1	1
Q14152	1097	4.0	True	EIF3A	1	1
Q14152	1101	4.0	True	EIF3A	1	1
Q14152	1107	4.0	True	EIF3A	1	1
Q14152	1111	4.0	True	EIF3A	1	1
Q14152	1117	6.0	True	EIF3A	1	1
Q14152	1127	10.0	True	EIF3A	1	1
Q14152	1137	10.0	True	EIF3A	1	1
Q14152	1156	19.0	True	EIF3A	1	1
Q14152	1238	82.0	True	EIF3A	1	1
Q14157	11	123.0	False	UBAP2L	1	1
Q14157	134	6.0	True	UBAP2L	1	1
Q14157	140	2.0	True	UBAP2L	1	1
Q14157	142	2.0	True	UBAP2L	1	1
Q14157	146	2.0	True	UBAP2L	1	1
Q14157	148	2.0	True	UBAP2L	1	1
Q14157	151	3.0	True	UBAP2L	1	1
Q14157	168	4.0	True	UBAP2L	2	2
Q14157	172	2.0	True	UBAP2L	2	2
Q14157	174	2.0	True	UBAP2L	1	2
Q14157	177	2.0	True	UBAP2L	1	1
Q14157	179	2.0	True	UBAP2L	1	1
Q14157	187	3.0	True	UBAP2L	2	2
Q14157	190	3.0	True	UBAP2L	2	2
Q14157	829	639.0	False	UBAP2L	1	1
Q14159	259		False	KIAA0146	1	1
Q14160	473	413.0	False	SCRIB	1	1
Q14160	886	230.0	False	SCRIB	1	1
Q14160	1116	4.0	True	SCRIB	1	1
Q14160	1120	4.0	True	SCRIB	1	1
Q14160	1259	139.0	False	SCRIB	1	1
Q14160	1527	121.0	False	SCRIB	1	1
Q14160	1648	121.0	False	SCRIB	1	1
Q14185	405	1369.0	False	DOCK1	1	1
Q14185	1774	1369.0	False	DOCK1	1	1
Q14191	1427		False	WRN	1	1
Q14194	565		False	CRMP1	1	1
Q14195	520	43.0	True	DPYSL3	1	1
Q14195	563	43.0	True	DPYSL3	1	1
Q14197	76		False	ICT1	1	1
Q14203	17	8.0	True	DCTN1	1	1
Q14203	25	8.0	True	DCTN1	1	1
Q14204	66	411.0	False	DYNC1H1	1	1
Q14204	477	403.0	False	DYNC1H1	1	1
Q14204	880	368.0	False	DYNC1H1	1	1
Q14204	1248	130.0	False	DYNC1H1	1	1
Q14204	1378	130.0	False	DYNC1H1	1	1
Q14204	1887	386.0	False	DYNC1H1	1	1
Q14204	2273	123.0	False	DYNC1H1	1	1
Q14204	2396	123.0	False	DYNC1H1	1	1
Q14204	2519	123.0	False	DYNC1H1	1	1
Q14204	2642	123.0	False	DYNC1H1	1	1
Q14204	2831	5.0	True	DYNC1H1	1	1
Q14204	2836	5.0	True	DYNC1H1	1	1
Q14204	2843	7.0	True	DYNC1H1	1	1
Q14204	2981	138.0	False	DYNC1H1	1	1
Q14204	3219	238.0	False	DYNC1H1	1	1
Q14204	4301	1082.0	False	DYNC1H1	1	1
Q14240	169	87.0	True	EIF4A2	1	1
Q14240	256	61.0	True	EIF4A2	1	1
Q14240	317	37.0	True	EIF4A2	1	1
Q14240	354	37.0	True	EIF4A2	1	1
Q14241	221		False	TCEB3	1	1
Q14244	12	299.0	False	MAP7	1	1
Q14244	311	299.0	False	MAP7	1	1
Q14247	94	25.0	True	CTTN	1	1
Q14247	119	12.0	True	CTTN	1	1
Q14247	131	12.0	True	CTTN	1	1
Q14247	168	37.0	True	CTTN	1	1
Q14247	242	74.0	True	CTTN	1	1
Q14247	414	123.0	False	CTTN	1	1
Q14247	537	12.0	True	CTTN	1	1
Q14247	549	12.0	True	CTTN	1	1
Q14254	127		False	FLOT2	1	1
Q14315	1002	1291.0	False	FLNC	1	1
Q14315	2293	71.0	True	FLNC	1	1
Q14315	2364	71.0	True	FLNC	1	1
Q14315	2437	6.0	True	FLNC	1	1
Q14315	2443	6.0	True	FLNC	1	1
Q14320	13	157.0	False	FAM50A	1	1
Q14320	170	72.0	True	FAM50A	1	1
Q14320	242	67.0	True	FAM50A	1	1
Q14320	309	67.0	True	FAM50A	1	1
Q14331	247		False	FRG1	1	1
Q14444	81	377.0	False	CAPRIN1	1	1
Q14444	458	141.0	False	CAPRIN1	1	1
Q14444	599	9.0	True	CAPRIN1	1	1
Q14444	608	4.0	True	CAPRIN1	2	2
Q14444	612	4.0	True	CAPRIN1	1	1
Q14444	616	3.0	True	CAPRIN1	1	1
Q14444	619	3.0	True	CAPRIN1	2	2
Q14444	626	7.0	True	CAPRIN1	2	2
Q14444	633	7.0	True	CAPRIN1	3	3
Q14444	640	7.0	True	CAPRIN1	3	3
Q14444	660	7.0	True	CAPRIN1	1	1
Q14444	667	7.0	True	CAPRIN1	2	2
Q14444	676	8.0	True	CAPRIN1	1	1
Q14444	684	4.0	True	CAPRIN1	1	1
Q14444	688	2.0	True	CAPRIN1	1	1
Q14444	690	2.0	True	CAPRIN1	1	1
Q14444	695	3.0	True	CAPRIN1	1	1
Q14444	698	3.0	True	CAPRIN1	2	2
Q14457	389		False	BECN1	1	1
Q14493	41	96.0	True	SLBP	1	1
Q14493	137	16.0	True	SLBP	1	1
Q14493	153	16.0	True	SLBP	1	1
Q14498	96	13.0	True	RBM39	1	1
Q14498	109	13.0	True	RBM39	2	2
Q14498	122	1.0	True	RBM39	1	1
Q14498	123	1.0	True	RBM39	1	1
Q14498	124	1.0	True	RBM39	1	1
Q14498	183	59.0	True	RBM39	1	1
Q14498	346	163.0	False	RBM39	1	1
Q14524	513	13.0	True	SCN5A	2	2
Q14524	526	13.0	True	SCN5A	2	2
Q14524	680	154.0	False	SCN5A	1	1
Q14526	41		False	HIC1	1	1
Q14527	27	9.0	True	HLTF	3	3
Q14527	36	9.0	True	HLTF	3	3
Q14527	631	1.0	True	HLTF	1	1
Q14527	632	1.0	True	HLTF	1	1
Q14532	113		False	KRT32	1	1
Q14562	1212		False	DHX8	1	1
Q14566	217	65.0	True	MCM6	1	1
Q14566	282	3.0	True	MCM6	1	1
Q14566	285	3.0	True	MCM6	1	1
Q14566	316	31.0	True	MCM6	1	1
Q14566	565	8.0	True	MCM6	1	1
Q14566	573	1.0	True	MCM6	1	1
Q14566	574	1.0	True	MCM6	1	1
Q14571	1579		False	ITPR2	1	1
Q14573	469		False	ITPR3	1	1
Q14574	805		False	DSC3	1	1
Q14576	225		False	ELAVL3	1	1
Q14624	56		False	ITIH4	1	1
Q14651	93		False	PLS1	1	1
Q14657	2	16.0	True	LAGE3	1	1
Q14657	18	6.0	True	LAGE3	1	1
Q14657	24	6.0	True	LAGE3	1	1
Q14657	54	30.0	True	LAGE3	1	1
Q14669	470		False	TRIP12	1	1
Q14671	243	337.0	False	PUM1	1	1
Q14671	580	216.0	False	PUM1	1	1
Q14671	796	22.0	True	PUM1	2	2
Q14671	818	22.0	True	PUM1	1	1
Q14674	1341		False	ESPL1	1	1
Q14676	276	153.0	False	MDC1	1	1
Q14676	429	153.0	False	MDC1	1	1
Q14676	1000	231.0	False	MDC1	1	1
Q14676	1231	39.0	True	MDC1	1	1
Q14676	1270	2.0	True	MDC1	1	1
Q14676	1272	2.0	True	MDC1	1	1
Q14676	1436	164.0	False	MDC1	1	1
Q14676	1904	39.0	True	MDC1	1	1
Q14676	1943	39.0	True	MDC1	2	2
Q14677	109	429.0	False	CLINT1	1	1
Q14677	538	429.0	False	CLINT1	2	2
Q14680	463		False	MELK	1	1
Q14681	87		False	KCTD2	1	1
Q14683	92	4.0	True	SMC1A	1	1
Q14683	96	4.0	True	SMC1A	1	1
Q14683	160	64.0	True	SMC1A	1	1
Q14683	406	28.0	True	SMC1A	1	1
Q14683	434	28.0	True	SMC1A	1	1
Q14683	627	72.0	True	SMC1A	1	1
Q14683	699	72.0	True	SMC1A	1	1
Q14684	257	26.0	True	RRP1B	1	1
Q14684	283	23.0	True	RRP1B	1	1
Q14684	306	23.0	True	RRP1B	1	1
Q14686	95	53.0	True	NCOA6	2	2
Q14686	148	12.0	True	NCOA6	2	2
Q14686	160	12.0	True	NCOA6	1	1
Q14686	413	253.0	False	NCOA6	1	1
Q14686	676	263.0	False	NCOA6	1	1
Q14686	1047	11.0	True	NCOA6	1	1
Q14686	1058	9.0	True	NCOA6	1	1
Q14686	1067	9.0	True	NCOA6	1	1
Q14686	1096	29.0	True	NCOA6	1	1
Q14686	1263	167.0	False	NCOA6	1	1
Q14686	1730	467.0	False	NCOA6	1	1
Q14687	137	66.0	True	GSE1	1	1
Q14687	203	20.0	True	GSE1	1	1
Q14687	223	9.0	True	GSE1	1	1
Q14687	232	9.0	True	GSE1	2	2
Q14687	305	33.0	True	GSE1	2	2
Q14687	338	33.0	True	GSE1	1	1
Q14687	418	80.0	True	GSE1	1	1
Q14687	690	272.0	False	GSE1	1	1
Q14687	993	303.0	False	GSE1	1	1
Q14690	10	4.0	True	PDCD11	1	1
Q14690	14	4.0	True	PDCD11	1	1
Q14690	917	260.0	False	PDCD11	1	1
Q14690	1177	260.0	False	PDCD11	1	1
Q14690	1716	539.0	False	PDCD11	1	1
Q14692	52	219.0	False	BMS1	1	1
Q14692	271	219.0	False	BMS1	1	1
Q14692	560	289.0	False	BMS1	1	1
Q14692	1130	570.0	False	BMS1	1	1
Q14696	179		False	MESDC2	1	1
Q14697	109	1.0	True	GANAB	1	1
Q14697	110	1.0	True	GANAB	1	1
Q14697	164	18.0	True	GANAB	1	1
Q14697	182	3.0	True	GANAB	1	1
Q14697	185	3.0	True	GANAB	1	1
Q14697	206	21.0	True	GANAB	1	1
Q14697	484	106.0	False	GANAB	1	1
Q14697	590	106.0	False	GANAB	1	1
Q14697	698	22.0	True	GANAB	1	1
Q14697	720	22.0	True	GANAB	1	1
Q14697	863	66.0	True	GANAB	1	1
Q14697	929	15.0	True	GANAB	1	1
Q14697	944	15.0	True	GANAB	1	1
Q14703	213		False	MBTPS1	1	1
Q14738	523		False	PPP2R5D	1	1
Q14739	13	182.0	False	LBR	1	1
Q14739	195	182.0	False	LBR	1	1
Q14746	5		False	COG2	1	1
Q14781	247		False	CBX2	3	3
Q14789	763		False	GOLGB1	1	1
Q14807	12	15.0	True	KIF22	1	1
Q14807	27	15.0	True	KIF22	1	1
Q14807	97	70.0	True	KIF22	1	1
Q14807	282	1.0	True	KIF22	1	1
Q14807	283	1.0	True	KIF22	1	1
Q14839	611	68.0	True	CHD4	1	1
Q14839	679	68.0	True	CHD4	1	1
Q14839	829	150.0	False	CHD4	1	1
Q14839	1000	171.0	False	CHD4	1	1
Q14839	1288	31.0	True	CHD4	1	1
Q14839	1319	31.0	True	CHD4	1	1
Q14914	280		False	PTGR1	1	1
Q14938	343	47.0	True	NFIX	1	1
Q14938	390	47.0	True	NFIX	2	2
Q14966	9	17.0	True	ZNF638	1	1
Q14966	26	7.0	True	ZNF638	1	1
Q14966	33	7.0	True	ZNF638	1	1
Q14966	41	6.0	True	ZNF638	1	1
Q14966	47	2.0	True	ZNF638	2	2
Q14966	49	2.0	True	ZNF638	2	2
Q14966	54	5.0	True	ZNF638	3	3
Q14966	367	15.0	True	ZNF638	1	1
Q14966	382	15.0	True	ZNF638	1	1
Q14966	1465	5.0	True	ZNF638	2	2
Q14966	1470	5.0	True	ZNF638	1	1
Q14974	15	73.0	True	KPNB1	1	1
Q14974	88	1.0	True	KPNB1	1	1
Q14974	89	1.0	True	KPNB1	1	1
Q14974	851	1.0	True	KPNB1	1	1
Q14974	852	1.0	True	KPNB1	1	1
Q14978	7	1.0	True	NOLC1	1	1
Q14978	8	1.0	True	NOLC1	1	1
Q14978	638	10.0	True	NOLC1	1	1
Q14978	648	10.0	True	NOLC1	1	1
Q14978	679	4.0	True	NOLC1	1	1
Q14978	683	4.0	True	NOLC1	3	3
Q14980	42	199.0	False	NUMA1	1	1
Q14980	241	70.0	True	NUMA1	1	1
Q14980	311	70.0	True	NUMA1	1	1
Q14980	786	1.0	True	NUMA1	1	1
Q14980	787	1.0	True	NUMA1	1	1
Q14980	894	107.0	False	NUMA1	1	1
Q14980	1321	131.0	False	NUMA1	1	1
Q14980	1452	131.0	False	NUMA1	1	1
Q14980	1802	47.0	True	NUMA1	1	1
Q14980	1849	10.0	True	NUMA1	1	1
Q14980	1859	10.0	True	NUMA1	1	1
Q14980	1877	4.0	True	NUMA1	1	1
Q14980	1881	4.0	True	NUMA1	1	1
Q14980	1966	85.0	True	NUMA1	1	1
Q14997	695		False	PSME4	1	1
Q14999	319	1321.0	False	CUL7	1	1
Q14999	1640	1321.0	False	CUL7	1	1
Q149N8	29	1.0	True	SHPRH	1	1
Q149N8	30	1.0	True	SHPRH	1	1
Q14C86	896		False	GAPVD1	1	1
Q14CM0	1117		False	FRMPD4	1	1
Q14CX7	4	9.0	True	NAA25	1	1
Q14CX7	13	1.0	True	NAA25	1	1
Q14CX7	14	1.0	True	NAA25	1	1
Q14CX7	309	295.0	False	NAA25	1	1
Q14CX7	653	344.0	False	NAA25	1	1
Q15003	20	12.0	True	NCAPH	1	1
Q15003	32	12.0	True	NCAPH	1	1
Q15006	112		False	TTC35	1	1
Q15007	56		False	WTAP	1	1
Q15008	18	158.0	False	PSMD6	1	1
Q15008	176	1.0	True	PSMD6	1	1
Q15008	177	1.0	True	PSMD6	1	1
Q15008	379	202.0	False	PSMD6	1	1
Q15014	4	7.0	True	MORF4L2	1	1
Q15014	11	7.0	True	MORF4L2	1	1
Q15014	35	24.0	True	MORF4L2	1	1
Q15019	96		False	SEPTIN2	1	1
Q15020	356	90.0	True	SART3	1	1
Q15020	446	56.0	True	SART3	1	1
Q15020	502	56.0	True	SART3	1	1
Q15020	831	50.0	True	SART3	1	1
Q15020	881	25.0	True	SART3	1	1
Q15020	906	12.0	True	SART3	3	3
Q15020	918	12.0	True	SART3	1	1
Q15021	609	67.0	True	NCAPD2	1	1
Q15021	676	67.0	True	NCAPD2	1	1
Q15021	1344	668.0	False	NCAPD2	1	1
Q15025	599	7.0	True	TNIP1	3	3
Q15025	606	7.0	True	TNIP1	2	2
Q15027	325		False	ACAP1	1	1
Q15029	177	392.0	False	EFTUD2	1	1
Q15029	569	234.0	False	EFTUD2	1	1
Q15029	803	10.0	True	EFTUD2	1	1
Q15029	813	10.0	True	EFTUD2	1	1
Q15029	853	1.0	True	EFTUD2	1	1
Q15029	854	1.0	True	EFTUD2	1	1
Q15032	286	619.0	False	R3HDM1	1	1
Q15032	905	24.0	True	R3HDM1	1	1
Q15032	929	24.0	True	R3HDM1	3	3
Q15036	339	2.0	True	SNX17	1	1
Q15036	341	2.0	True	SNX17	1	1
Q15036	345	4.0	True	SNX17	1	1
Q15042	887	5.0	True	RAB3GAP1	1	1
Q15042	892	5.0	True	RAB3GAP1	1	1
Q15046	148	166.0	False	KARS	1	1
Q15046	314	166.0	False	KARS	1	1
Q15046	553	239.0	False	KARS	1	1
Q15047	495		False	SETDB1	1	1
Q15050	273		False	RRS1	1	1
Q15051	326	215.0	False	IQCB1	1	1
Q15051	541	215.0	False	IQCB1	1	1
Q15056	10	9.0	True	EIF4H	1	1
Q15056	19	3.0	True	EIF4H	2	2
Q15056	22	3.0	True	EIF4H	2	2
Q15056	31	9.0	True	EIF4H	2	2
Q15056	68	37.0	True	EIF4H	1	1
Q15056	109	3.0	True	EIF4H	1	1
Q15056	112	3.0	True	EIF4H	1	1
Q15056	136	9.0	True	EIF4H	1	1
Q15056	145	9.0	True	EIF4H	1	1
Q15056	159	7.0	True	EIF4H	1	1
Q15056	166	4.0	True	EIF4H	3	3
Q15056	170	4.0	True	EIF4H	2	2
Q15056	174	1.0	True	EIF4H	2	2
Q15056	175	1.0	True	EIF4H	1	2
Q15056	183	2.0	True	EIF4H	1	1
Q15056	185	2.0	True	EIF4H	1	1
Q15056	191	6.0	True	EIF4H	2	2
Q15056	198	7.0	True	EIF4H	1	1
Q15056	237	2.0	True	EIF4H	1	1
Q15056	239	2.0	True	EIF4H	1	1
Q15058	1187	1.0	True	KIF14	1	1
Q15058	1188	1.0	True	KIF14	1	1
Q15058	1189	1.0	True	KIF14	1	1
Q15059	411		False	BRD3	1	1
Q15061	441		False	WDR43	1	1
Q15070	394		False	OXA1L	1	1
Q15072	204		False	ZNF146	1	1
Q15084	142	250.0	False	PDIA6	1	1
Q15084	392	17.0	True	PDIA6	1	1
Q15084	409	6.0	True	PDIA6	1	1
Q15084	415	6.0	True	PDIA6	1	1
Q15118	319		False	PDK1	1	1
Q15119	291		False	PDK2	1	1
Q15120	295		False	PDK3	1	1
Q15126	110	1.0	True	PMVK	1	1
Q15126	111	1.0	True	PMVK	1	1
Q15149	9	4.0	True	PLEC	1	1
Q15149	13	4.0	True	PLEC	1	1
Q15149	50	37.0	True	PLEC	1	1
Q15149	577	51.0	True	PLEC	1	1
Q15149	628	22.0	True	PLEC	1	1
Q15149	650	1.0	True	PLEC	1	1
Q15149	651	1.0	True	PLEC	1	1
Q15149	1088	5.0	True	PLEC	1	1
Q15149	1093	5.0	True	PLEC	1	1
Q15149	1291	75.0	True	PLEC	1	1
Q15149	1366	75.0	True	PLEC	1	1
Q15149	1605	22.0	True	PLEC	1	1
Q15149	1627	10.0	True	PLEC	1	1
Q15149	1637	10.0	True	PLEC	1	1
Q15149	1812	130.0	False	PLEC	1	1
Q15149	1942	130.0	False	PLEC	1	1
Q15149	2286	344.0	False	PLEC	1	1
Q15149	3514	1113.0	False	PLEC	1	1
Q15149	4627	4.0	True	PLEC	1	1
Q15149	4631	4.0	True	PLEC	1	1
Q15149	4640	9.0	True	PLEC	2	2
Q15154	1595		False	PCM1	1	1
Q15170	114		False	TCEAL1	1	1
Q15181	132		False	PPA1	1	1
Q15185	78		False	PTGES3	1	1
Q15208	447	7.0	True	STK38	1	1
Q15208	454	7.0	True	STK38	1	1
Q15233	91	24.0	True	NONO	1	1
Q15233	115	20.0	True	NONO	1	1
Q15233	135	7.0	True	NONO	1	1
Q15233	142	7.0	True	NONO	1	1
Q15233	184	2.0	True	NONO	1	1
Q15233	186	2.0	True	NONO	1	1
Q15233	251	5.0	True	NONO	1	1
Q15233	256	5.0	True	NONO	2	2
Q15233	270	14.0	True	NONO	1	1
Q15233	287	17.0	True	NONO	1	1
Q15233	304	17.0	True	NONO	1	1
Q15233	325	18.0	True	NONO	1	1
Q15233	343	18.0	True	NONO	1	1
Q15233	364	21.0	True	NONO	1	1
Q15233	456	92.0	True	NONO	3	3
Q15257	121	20.0	True	PPP2R4	1	1
Q15257	141	20.0	True	PPP2R4	1	1
Q15269	253	5.0	True	PWP2	1	1
Q15269	258	5.0	True	PWP2	1	1
Q15274	161		False	QPRT	1	1
Q15287	78	118.0	False	RNPS1	1	1
Q15287	196	118.0	False	RNPS1	1	1
Q15291	161	1.0	True	RBBP5	1	1
Q15291	162	1.0	True	RBBP5	1	1
Q15291	508	346.0	False	RBBP5	1	1
Q15293	83	7.0	True	RCN1	1	1
Q15293	90	7.0	True	RCN1	1	1
Q15293	114	24.0	True	RCN1	1	1
Q15293	249	21.0	True	RCN1	1	1
Q15293	270	16.0	True	RCN1	1	1
Q15293	286	16.0	True	RCN1	1	1
Q15306	201		False	IRF4	1	1
Q15345	147		False	LRRC41	1	1
Q15365	306	40.0	True	PCBP1	1	1
Q15365	346	40.0	True	PCBP1	1	1
Q15366	314		False	PCBP2	1	1
Q15388	132		False	TOMM20	1	1
Q15393	268	700.0	False	SF3B3	1	1
Q15393	968	111.0	False	SF3B3	1	1
Q15393	1079	85.0	True	SF3B3	1	1
Q15393	1164	85.0	True	SF3B3	1	1
Q15398	204		False	DLGAP5	1	1
Q15417	185	1.0	True	CNN3	1	1
Q15417	186	1.0	True	CNN3	1	1
Q15424	29	6.0	True	SAFB	1	1
Q15424	35	6.0	True	SAFB	1	1
Q15424	60	25.0	True	SAFB	1	1
Q15424	252	192.0	False	SAFB	1	1
Q15424	509	203.0	False	SAFB	1	1
Q15424	712	6.0	True	SAFB	1	1
Q15424	718	6.0	True	SAFB	1	1
Q15424	754	2.0	True	SAFB	1	2
Q15424	756	2.0	True	SAFB	2	2
Q15424	764	8.0	True	SAFB	1	1
Q15424	783	19.0	True	SAFB	1	1
Q15424	806	5.0	True	SAFB	1	1
Q15424	811	5.0	True	SAFB	3	3
Q15424	818	7.0	True	SAFB	1	1
Q15424	854	14.0	True	SAFB	1	1
Q15424	868	6.0	True	SAFB	2	2
Q15424	874	6.0	True	SAFB	3	3
Q15424	884	10.0	True	SAFB	2	2
Q15424	902	3.0	True	SAFB	1	1
Q15424	905	3.0	True	SAFB	1	1
Q15424	910	5.0	True	SAFB	2	2
Q15427	390	8.0	True	SF3B4	1	1
Q15427	398	8.0	True	SF3B4	1	1
Q15427	409	6.0	True	SF3B4	1	1
Q15427	415	4.0	True	SF3B4	1	1
Q15427	419	4.0	True	SF3B4	1	1
Q15428	24	2.0	True	SF3A2	1	1
Q15428	26	2.0	True	SF3A2	1	1
Q15428	150	124.0	False	SF3A2	1	1
Q15435	20	1.0	True	PPP1R7	1	1
Q15435	21	1.0	True	PPP1R7	1	1
Q15435	54	22.0	True	PPP1R7	1	1
Q15435	76	22.0	True	PPP1R7	1	1
Q15459	70	106.0	False	SF3A1	1	1
Q15459	176	106.0	False	SF3A1	1	1
Q15459	578	9.0	True	SF3A1	1	1
Q15459	587	9.0	True	SF3A1	1	1
Q15459	599	8.0	True	SF3A1	1	1
Q15459	607	8.0	True	SF3A1	1	1
Q15459	642	35.0	True	SF3A1	1	1
Q15459	699	1.0	True	SF3A1	1	1
Q15459	700	1.0	True	SF3A1	1	1
Q15466	57	181.0	False	NR0B2	1	1
Q15466	238	181.0	False	NR0B2	1	1
Q15527	13	208.0	False	SURF2	1	1
Q15527	221	208.0	False	SURF2	1	1
Q15532	9	2.0	True	SS18	1	1
Q15532	11	2.0	True	SS18	1	1
Q15554	59	1.0	True	TERF2	1	1
Q15554	60	1.0	True	TERF2	1	1
Q15554	70	2.0	True	TERF2	1	1
Q15554	72	2.0	True	TERF2	1	1
Q15560	92		False	TCEA2	1	1
Q15569	35	2.0	True	TESK1	1	1
Q15569	37	2.0	True	TESK1	1	1
Q15569	42	5.0	True	TESK1	1	1
Q15569	338	9.0	True	TESK1	1	1
Q15569	347	9.0	True	TESK1	1	1
Q15572	728		False	TAF1C	1	1
Q15596	338	151.0	False	NCOA2	1	1
Q15596	489	151.0	False	NCOA2	1	1
Q15596	874	6.0	True	NCOA2	1	1
Q15596	880	6.0	True	NCOA2	1	1
Q15596	1162	7.0	True	NCOA2	1	1
Q15596	1169	4.0	True	NCOA2	1	1
Q15596	1173	4.0	True	NCOA2	2	2
Q15596	1177	4.0	True	NCOA2	2	2
Q15596	1190	6.0	True	NCOA2	2	2
Q15596	1196	6.0	True	NCOA2	2	2
Q15596	1203	7.0	True	NCOA2	2	2
Q15596	1221	18.0	True	NCOA2	2	2
Q15596	1240	8.0	True	NCOA2	2	2
Q15596	1248	2.0	True	NCOA2	1	1
Q15596	1250	2.0	True	NCOA2	1	1
Q15596	1261	5.0	True	NCOA2	2	2
Q15596	1266	5.0	True	NCOA2	2	2
Q155Q3	394	227.0	False	DIXDC1	1	1
Q155Q3	621	227.0	False	DIXDC1	1	1
Q15637	263	82.0	True	SF1	1	1
Q15637	345	20.0	True	SF1	1	1
Q15637	365	20.0	True	SF1	1	1
Q15637	462	97.0	True	SF1	1	1
Q15642	27	288.0	False	TRIP10	1	1
Q15642	315	288.0	False	TRIP10	1	1
Q15650	274		False	TRIP4	1	1
Q15652	897	1.0	True	JMJD1C	1	1
Q15652	898	1.0	True	JMJD1C	1	1
Q15654	21	4.0	True	TRIP6	1	1
Q15654	25	4.0	True	TRIP6	2	2
Q15654	43	18.0	True	TRIP6	2	2
Q15654	64	21.0	True	TRIP6	1	1
Q15654	85	4.0	True	TRIP6	1	1
Q15654	89	4.0	True	TRIP6	1	1
Q15654	111	5.0	True	TRIP6	2	2
Q15654	116	1.0	True	TRIP6	1	1
Q15654	117	1.0	True	TRIP6	1	1
Q15654	120	3.0	True	TRIP6	1	1
Q15654	179	6.0	True	TRIP6	3	3
Q15654	185	1.0	True	TRIP6	1	3
Q15654	186	1.0	True	TRIP6	3	3
Q15654	205	9.0	True	TRIP6	3	3
Q15654	214	3.0	True	TRIP6	1	1
Q15654	217	3.0	True	TRIP6	1	1
Q15654	236	2.0	True	TRIP6	3	3
Q15654	238	2.0	True	TRIP6	3	3
Q15654	258	20.0	True	TRIP6	1	1
Q15654	315	9.0	True	TRIP6	1	1
Q15654	324	9.0	True	TRIP6	1	1
Q15654	423	99.0	True	TRIP6	1	1
Q15699	312		False	ALX1	1	1
Q15717	14	133.0	False	ELAVL1	1	1
Q15717	147	58.0	True	ELAVL1	1	1
Q15717	205	1.0	True	ELAVL1	1	2
Q15717	206	1.0	True	ELAVL1	2	2
Q15717	217	2.0	True	ELAVL1	3	3
Q15717	219	2.0	True	ELAVL1	2	3
Q15723	269	69.0	True	ELF1	1	1
Q15723	338	12.0	True	ELF2	1	1
Q15723	350	12.0	True	ELF2	1	1
Q15723	494	15.0	True	ELF2	2	2
Q15723	509	15.0	True	ELF2	1	1
Q15735	7	4.0	True	INPP5J	1	1
Q15735	11	4.0	True	INPP5J	1	1
Q15735	56	9.0	True	INPP5J	1	1
Q15735	65	9.0	True	INPP5J	1	1
Q15735	76	7.0	True	INPP5J	1	1
Q15735	83	7.0	True	INPP5J	1	1
Q15746	302		False	MYLK	1	1
Q15750	103		False	TAB1	1	1
Q15751	1952		False	HERC1	1	1
Q15758	525		False	SLC1A5	1	1
Q15761	302		False	NPY5R	1	1
Q15772	2055		False	SPEG	1	1
Q15773	212		False	MLF2	1	1
Q15785	293		False	TOMM34	1	1
Q15788	1061	30.0	True	NCOA1	1	1
Q15788	1091	23.0	True	NCOA1	1	1
Q15788	1114	17.0	True	NCOA1	1	1
Q15788	1131	5.0	True	NCOA1	2	2
Q15788	1136	5.0	True	NCOA1	1	1
Q15813	99		False	TBCE	1	1
Q15819	61	40.0	True	UBE2V2	1	1
Q15819	101	40.0	True	UBE2V2	1	1
Q15836	49		False	VAMP2	1	1
Q15904	330		False	ATP6AP1	1	1
Q15907	74	30.0	True	RAB11B	1	1
Q15907	104	28.0	True	RAB11B	1	1
Q15907	132	28.0	True	RAB11B	1	1
Q15942	343		False	ZYX	1	1
Q16082	52	9.0	True	HSPB2	1	1
Q16082	61	9.0	True	HSPB2	1	1
Q16181	425		False	SEPTIN7	1	1
Q16186	27		False	ADRM1	1	1
Q16204	346	2.0	True	CCDC6	1	1
Q16204	348	2.0	True	CCDC6	1	1
Q16204	364	16.0	True	CCDC6	1	1
Q16204	387	23.0	True	CCDC6	1	1
Q16204	411	4.0	True	CCDC6	1	1
Q16204	415	4.0	True	CCDC6	1	1
Q16236	437		False	NFE2L2	1	1
Q16270	78		False	IGFBP7	1	1
Q16352	24	15.0	True	INA	1	1
Q16352	39	15.0	True	INA	1	1
Q16352	104	65.0	True	INA	1	1
Q16352	366	11.0	True	INA	1	1
Q16352	377	11.0	True	INA	1	1
Q16394	29		False	EXT1	1	1
Q16512	78	279.0	False	PKN1	1	1
Q16512	357	6.0	True	PKN1	1	1
Q16512	363	3.0	True	PKN1	1	1
Q16512	366	3.0	True	PKN1	1	1
Q16512	371	5.0	True	PKN1	1	1
Q16512	847	476.0	False	PKN1	1	1
Q16513	429	184.0	False	PKN2	1	1
Q16513	613	31.0	True	PKN2	1	1
Q16513	644	1.0	True	PKN2	1	1
Q16513	645	1.0	True	PKN2	1	1
Q16513	758	113.0	False	PKN2	1	1
Q16527	28	56.0	True	CSRP2	1	1
Q16527	84	3.0	True	CSRP2	1	1
Q16527	87	3.0	True	CSRP2	1	1
Q16531	111	3.0	True	DDB1	1	1
Q16531	114	3.0	True	DDB1	1	1
Q16531	147	33.0	True	DDB1	1	1
Q16531	722	575.0	False	DDB1	1	1
Q16539	256		False	MAPK14	1	1
Q16540	3	8.0	True	MRPL23	1	1
Q16540	11	8.0	True	MRPL23	1	1
Q16540	54	43.0	True	MRPL23	1	1
Q16543	144	102.0	False	CDC37	1	1
Q16543	246	102.0	False	CDC37	1	1
Q16555	227	265.0	False	DPYSL2	1	1
Q16555	492	73.0	True	DPYSL2	1	1
Q16555	565	73.0	True	DPYSL2	1	1
Q16576	14	116.0	False	RBBP7	1	1
Q16576	130	116.0	False	RBBP7	1	1
Q16576	257	46.0	True	RBBP7	1	1
Q16576	303	37.0	True	RBBP7	1	1
Q16576	340	37.0	True	RBBP7	1	1
Q16584	133	379.0	False	MAP3K11	1	1
Q16584	512	379.0	False	MAP3K11	1	1
Q16594	119	9.0	True	TAF9	1	1
Q16594	128	9.0	True	TAF9	2	2
Q16594	186	58.0	True	TAF9	1	1
Q16629	29	36.0	True	SRSF7	1	1
Q16629	65	33.0	True	SRSF7	1	1
Q16629	98	7.0	True	SRSF7	1	1
Q16629	105	7.0	True	SRSF7	1	1
Q16629	236	131.0	False	SRSF7	1	1
Q16630	194	8.0	True	CPSF6	1	1
Q16630	202	2.0	True	CPSF6	2	2
Q16630	204	2.0	True	CPSF6	2	2
Q16630	206	2.0	True	CPSF6	2	2
Q16630	216	10.0	True	CPSF6	2	2
Q16630	392	176.0	False	CPSF6	1	1
Q16637	23	181.0	False	SMN1	1	1
Q16637	204	181.0	False	SMN1	1	1
Q16643	139		False	DBN1	1	1
Q16658	118	99.0	True	FSCN1	1	1
Q16658	217	99.0	True	FSCN1	1	1
Q16695	41	2.0	True	H3-4	1	1
Q16695	43	2.0	True	H3-4	1	1
Q16695	50	7.0	True	H3-4	1	1
Q16695	64	14.0	True	H3-4	1	1
Q16695	84	20.0	True	H3-4	1	1
Q16695	129	45.0	True	H3-4	1	1
Q16698	119		False	DECR1	1	1
Q16718	25		False	NDUFA5	1	1
Q16720	580		False	ATP2B3	1	1
Q16763	149		False	UBE2S	1	1
Q16775	129		False	HAGH	1	1
Q16777	21	9.0	True	HIST1H2AJ	1	1
Q16777	30	9.0	True	H2AC20	1	1
Q16777	72	10.0	True	H2AC20	1	1
Q16777	82	7.0	True	H2AC20	1	1
Q16777	89	7.0	True	H2AC20	1	1
Q16778	73	7.0	True	H2BC21	1	1
Q16778	80	7.0	True	H2BC21	1	1
Q16778	87	6.0	True	H2BC21	1	1
Q16778	93	6.0	True	H2BC21	1	1
Q16778	100	7.0	True	H2BC21	1	1
Q16787	2523		False	LAMA3	1	1
Q16795	75	36.0	True	NDUFA9	1	1
Q16795	111	36.0	True	NDUFA9	1	1
Q16799	383		False	RTN1	1	1
Q16822	45	295.0	False	PCK2	1	1
Q16822	340	139.0	False	PCK2	1	1
Q16822	479	139.0	False	PCK2	1	1
Q16832	473	5.0	True	DDR2	1	1
Q16832	478	5.0	True	DDR2	1	1
Q16836	75		False	HADH	1	1
Q16850	371		False	CYP51A1	1	1
Q16864	32	87.0	True	ATP6V1F	1	1
Q16864	119	87.0	True	ATP6V1F	1	1
Q16881	443		False	TXNRD1	1	1
Q16890	133		False	TPD52L1	3	3
Q16891	410	56.0	True	IMMT	1	1
Q16891	466	29.0	True	IMMT	1	1
Q16891	495	29.0	True	IMMT	1	1
Q17RB8	77	5.0	True	LONRF1	1	1
Q17RB8	82	5.0	True	LONRF1	1	1
Q17RY0	23	228.0	False	CPEB4	1	1
Q17RY0	251	228.0	False	CPEB4	1	1
Q1ED39	341	89.0	True	C16orf88	1	1
Q1ED39	430	18.0	True	KNOP1	3	3
Q1ED39	448	18.0	True	C16orf88	1	1
Q1KMD3	23	137.0	False	HNRNPUL2	1	1
Q1KMD3	160	137.0	False	HNRNPUL2	1	1
Q1KMD3	397	97.0	True	HNRNPUL2	1	1
Q1KMD3	494	97.0	True	HNRNPUL2	1	1
Q1KMD3	656	9.0	True	HNRNPUL2	2	2
Q1KMD3	665	1.0	True	HNRNPUL2	1	1
Q1KMD3	666	1.0	True	HNRNPUL2	1	1
Q1KMD3	671	5.0	True	HNRNPUL2	2	2
Q1KMD3	684	4.0	True	HNRNPUL2	2	2
Q1KMD3	688	4.0	True	HNRNPUL2	2	2
Q1KMD3	693	2.0	True	HNRNPUL2	2	2
Q1KMD3	695	2.0	True	HNRNPUL2	1	2
Q1KMD3	700	4.0	True	HNRNPUL2	1	1
Q1KMD3	704	4.0	True	HNRNPUL2	1	1
Q1KMD3	712	4.0	True	HNRNPUL2	1	1
Q1KMD3	716	4.0	True	HNRNPUL2	1	1
Q1KMD3	720	4.0	True	HNRNPUL2	1	1
Q1KMD3	733	2.0	True	HNRNPUL2	1	1
Q1KMD3	735	2.0	True	HNRNPUL2	1	1
Q1KMD3	738	3.0	True	HNRNPUL2	3	3
Q1KMD3	747	9.0	True	HNRNPUL2	3	3
Q1MSJ5	641	2.0	True	CSPP1	1	1
Q1MSJ5	643	2.0	True	CSPP1	1	1
Q1W6H9	51	5.0	True	FAM110C	1	1
Q1W6H9	56	5.0	True	FAM110C	1	1
Q27J81	993		False	INF2	1	1
Q29RF7	812	423.0	False	PDS5A	1	1
Q29RF7	1235	423.0	False	PDS5A	1	1
Q2I0M4	210		False	LRRC26	1	1
Q2KHM9	16	34.0	True	KIAA0753	1	1
Q2KHM9	50	34.0	True	KIAA0753	1	1
Q2KHN1	32		False	RNF151	1	1
Q2KHR3	26	1145.0	False	QSER1	1	1
Q2KHR3	1171	7.0	True	QSER1	2	2
Q2KHR3	1178	7.0	True	QSER1	1	1
Q2KHR3	1185	7.0	True	QSER1	1	1
Q2KHT3	861		False	CLEC16A	1	1
Q2LD37	3625	5.0	True	KIAA1109	1	1
Q2LD37	3630	3.0	True	KIAA1109	1	1
Q2LD37	3633	3.0	True	KIAA1109	1	1
Q2LD37	3740	2.0	True	KIAA1109	1	1
Q2LD37	3742	2.0	True	KIAA1109	1	1
Q2LD37	3899	6.0	True	KIAA1109	1	1
Q2LD37	3905	6.0	True	KIAA1109	1	1
Q2M1P5	650	571.0	False	KIF7	1	1
Q2M1P5	1221	571.0	False	KIF7	1	1
Q2M2I8	391		False	AAK1	1	1
Q2M3C7	1020		False	SPHKAP	1	1
Q2M3G4	164	38.0	True	SHROOM1	1	1
Q2M3G4	202	9.0	True	SHROOM1	1	1
Q2M3G4	211	9.0	True	SHROOM1	1	1
Q2M3G4	231	3.0	True	SHROOM1	1	1
Q2M3G4	234	3.0	True	SHROOM1	1	1
Q2M3G4	240	6.0	True	SHROOM1	1	1
Q2M3V2	520		False	SOWAHA	1	1
Q2NKX9	36		False	C2orf68	1	1
Q2NL82	279		False	TSR1	1	1
Q2QGD7	13		False	ZXDC	1	1
Q2TAC2	274		False	CCDC57	1	1
Q2TAC6	807	24.0	True	KIF19	1	1
Q2TAC6	831	24.0	True	KIF19	1	1
Q2TAL8	500		False	QRICH1	1	1
Q2TAY7	123		False	SMU1	1	1
Q2TBE0	34		False	CWF19L2	1	1
Q2V2M9	101		False	FHOD3	1	1
Q2VPA4	192		False	CR1L	1	1
Q2VYF4	243		False	LETM2	1	1
Q32MZ4	38	687.0	False	LRRFIP1	1	1
Q32MZ4	725	687.0	False	LRRFIP1	1	1
Q32P44	13	177.0	False	EML3	1	1
Q32P44	190	177.0	False	EML3	1	1
Q32P51	14	17.0	True	HNRNPA1L2	1	1
Q32P51	31	17.0	True	HNRNPA1L2	1	1
Q32P51	55	24.0	True	HNRNPA1L2	1	1
Q32P51	122	18.0	True	HNRNPA1L2	1	1
Q32P51	140	6.0	True	HNRNPA1L2	1	1
Q32P51	146	6.0	True	HNRNPA1L2	1	1
Q32P51	194	2.0	True	HNRNPA1L2	1	1
Q32P51	196	1.0	True	HNRNPA1L2	1	1
Q32P51	197	1.0	True	HNRNPA1L2	1	1
Q32P51	206	9.0	True	HNRNPA1L2	1	1
Q32P51	218	7.0	True	HNRNPA1L2	1	1
Q32P51	225	7.0	True	HNRNPA1L2	1	1
Q32P51	284	59.0	True	HNRNPA1L2	1	1
Q3B7T1	644		False	EDRF1	1	1
Q3B8N2	173		False	LGALS9B	1	1
Q3KNS6	195		False	ZNF829	1	1
Q3KNT7	74		False	NSUN5P1	1	1
Q3KP66	49	349.0	False	INAVA	1	1
Q3KP66	398	7.0	True	INAVA	1	1
Q3KP66	405	7.0	True	INAVA	1	1
Q3KP66	492	62.0	True	INAVA	1	1
Q3KP66	554	3.0	True	INAVA	1	1
Q3KP66	557	3.0	True	C1orf106	1	1
Q3KP66	578	17.0	True	C1orf106	1	1
Q3KP66	595	17.0	True	INAVA	1	1
Q3KP66	626	5.0	True	INAVA	1	1
Q3KP66	631	5.0	True	INAVA	1	1
Q3KQU3	310	16.0	True	MAP7D1	1	1
Q3KQU3	326	6.0	True	MAP7D1	1	1
Q3KQU3	332	6.0	True	MAP7D1	1	1
Q3KQV9	318		False	UAP1L1	1	1
Q3KQZ1	104		False	SLC25A35	1	1
Q3KR16	61	6.0	True	PLEKHG6	1	1
Q3KR16	67	6.0	True	PLEKHG6	1	1
Q3KR37	121		False	GRAMD1B	1	1
Q3L8U1	1251		False	CHD9	1	1
Q3LXA3	115		False	DAK	1	1
Q3MIN7	603		False	RGL3	1	1
Q3SX64	267	11.0	True	ODF3L2	1	1
Q3SX64	278	5.0	True	ODF3L2	1	1
Q3SX64	283	5.0	True	ODF3L2	1	1
Q3SY69	665		False	ALDH1L2	1	1
Q3YEC7	508	6.0	True	RABL6	1	1
Q3YEC7	514	6.0	True	RABL6	1	1
Q3ZCM7	380		False	TUBB8	1	1
Q3ZCQ8	43		False	TIMM50	1	1
Q49A26	91	290.0	False	GLYR1	1	1
Q49A26	381	290.0	False	GLYR1	1	1
Q49A88	18		False	CCDC14	1	1
Q49AJ0	1091		False	FAM135B	1	1
Q49AM3	265	190.0	False	TTC31	1	1
Q49AM3	455	3.0	True	TTC31	1	1
Q49AM3	458	3.0	True	TTC31	1	1
Q49AM3	463	5.0	True	TTC31	1	1
Q4AC94	2314		False	C2CD3	1	1
Q4G0J3	297	234.0	False	LARP7	1	1
Q4G0J3	531	234.0	False	LARP7	1	1
Q4G0N4	384		False	NADKD1	1	1
Q4G0P3	2513	1910.0	False	HYDIN	1	1
Q4G0P3	4423	1910.0	False	HYDIN	1	1
Q4G0S4	317		False	CYP27C1	1	1
Q4G176	56	250.0	False	ACSF3	1	1
Q4G176	306	250.0	False	ACSF3	1	1
Q4J6C6	63		False	PREPL	1	1
Q4KMP7	29		False	TBC1D10B	1	1
Q4KMQ1	70	98.0	True	TPRN	1	1
Q4KMQ1	168	98.0	True	TPRN	1	1
Q4KMZ1	326		False	IQCC	1	1
Q4UJ75	733		False	ANKRD20A4P	1	1
Q4V321	13	2.0	True	GAGE2E	1	1
Q4V321	15	1.0	True	GAGE2E	1	1
Q4V321	16	1.0	True	GAGE13	1	1
Q4V321	28	12.0	True	GAGE13	1	1
Q4V326	16		False	GAGE2E	1	1
Q4V328	296		False	GRIPAP1	1	1
Q4VC05	44		False	BCL7A	1	1
Q4VC31	29		False	CCDC58	1	1
Q4VCS5	24	212.0	False	AMOT	1	1
Q4VCS5	236	44.0	True	AMOT	1	1
Q4VCS5	280	11.0	True	AMOT	1	1
Q4VCS5	291	11.0	True	AMOT	1	1
Q4VCS5	335	44.0	True	AMOT	1	1
Q4VCS5	412	77.0	True	AMOT	1	1
Q4VCS5	575	163.0	False	AMOT	1	1
Q4VXU2	166		False	PABPC1L	1	1
Q4ZG55	1332	7.0	True	GREB1	1	1
Q4ZG55	1339	7.0	True	GREB1	1	1
Q504Q3	265	157.0	False	PAN2	1	1
Q504Q3	422	10.0	True	PAN2	1	1
Q504Q3	432	10.0	True	PAN2	1	1
Q52LJ0	308	27.0	True	FAM98B	1	1
Q52LJ0	335	21.0	True	FAM98B	1	1
Q52LJ0	356	21.0	True	FAM98B	1	1
Q52LJ0	384	6.0	True	FAM98B	1	1
Q52LJ0	390	6.0	True	FAM98B	1	1
Q52LJ0	396	6.0	True	FAM98B	2	2
Q52LJ0	402	6.0	True	FAM98B	2	2
Q52LJ0	408	6.0	True	FAM98B	2	2
Q52LJ0	431	23.0	True	FAM98B	1	1
Q52LR7	769		False	EPC2	1	1
Q52LW3	1001		False	ARHGAP29	1	1
Q53EL6	73	194.0	False	PDCD4	1	1
Q53EL6	267	194.0	False	PDCD4	1	1
Q53ET0	106	55.0	True	CRTC2	1	1
Q53ET0	161	40.0	True	CRTC2	2	2
Q53ET0	201	40.0	True	CRTC2	1	1
Q53F19	107		False	NCBP3	1	1
Q53GA4	142		False	PHLDA2	1	1
Q53GI3	556		False	ZNF394	1	1
Q53GQ0	179		False	HSD17B12	1	1
Q53GS7	15	6.0	True	GLE1	1	1
Q53GS7	21	6.0	True	GLE1	1	1
Q53GS9	14	13.0	True	USP39	1	1
Q53GS9	27	13.0	True	USP39	1	1
Q53GS9	481	454.0	False	USP39	1	1
Q53H47	336	16.0	True	SETMAR	1	1
Q53H47	352	16.0	True	SETMAR	1	1
Q53H47	572	220.0	False	SETMAR	1	1
Q53SZ7	346		False	PRR30	1	1
Q53TS8	1764		False	C2CD6	1	1
Q562F6	684		False	SGOL2	1	1
Q562R1	63	228.0	False	ACTBL2	1	1
Q562R1	291	22.0	True	ACTBL2	1	1
Q562R1	313	22.0	True	ACTBL2	1	1
Q56NI9	487		False	ESCO2	1	1
Q58EX2	524		False	SDK2	1	1
Q58EX7	1064		False	PLEKHG4	1	1
Q58FF3	320		False	HSP90B2P	1	1
Q58FF7	485		False	HSP90AB3P	1	1
Q58WW2	3	232.0	False	DCAF6	1	1
Q58WW2	235	78.0	True	DCAF6	1	1
Q58WW2	313	51.0	True	DCAF6	1	1
Q58WW2	364	2.0	True	DCAF6	2	2
Q58WW2	366	2.0	True	DCAF6	1	2
Q58WW2	368	2.0	True	DCAF6	1	1
Q5BJF6	586		False	ODF2	1	1
Q5BJH7	15	2.0	True	YIF1B	1	1
Q5BJH7	17	2.0	True	YIF1B	1	1
Q5BJH7	48	31.0	True	YIF1B	1	1
Q5BKY9	18	2.0	True	FAM133B	1	1
Q5BKY9	20	2.0	True	FAM133B	1	1
Q5BKZ1	125	13.0	True	ZNF326	1	1
Q5BKZ1	138	4.0	True	ZNF326	1	1
Q5BKZ1	142	4.0	True	ZNF326	1	1
Q5BKZ1	149	2.0	True	ZNF326	1	1
Q5BKZ1	151	2.0	True	ZNF326	1	1
Q5BKZ1	173	2.0	True	ZNF326	3	3
Q5BKZ1	175	2.0	True	ZNF326	2	3
Q5BKZ1	188	12.0	True	ZNF326	1	1
Q5BKZ1	200	2.0	True	ZNF326	2	2
Q5BKZ1	202	2.0	True	ZNF326	2	2
Q5BKZ1	204	2.0	True	ZNF326	2	2
Q5BKZ1	235	4.0	True	ZNF326	3	3
Q5BKZ1	239	4.0	True	ZNF326	1	1
Q5C9Z4	171	479.0	False	NOM1	1	1
Q5C9Z4	650	7.0	True	NOM1	1	1
Q5C9Z4	657	7.0	True	NOM1	1	1
Q5CZ79	700		False	ANKRD20A8P	1	1
Q5CZC0	206	29.0	True	FSIP2	1	1
Q5CZC0	235	1.0	True	FSIP2	1	1
Q5CZC0	236	1.0	True	FSIP2	1	1
Q5CZC0	238	2.0	True	FSIP2	1	1
Q5EBL8	63		False	PDZD11	1	1
Q5EBM0	9		False	CMPK2	1	1
Q5FVE4	205		False	ACSBG2	1	1
Q5H9F3	816	215.0	False	BCORL1	1	1
Q5H9F3	1031	215.0	False	BCORL1	1	1
Q5H9L2	182		False	TCEAL5	2	2
Q5H9R7	207		False	PPP6R3	1	1
Q5HY92	43		False	FIGN	1	1
Q5HYI8	222		False	RABL3	2	2
Q5HYK3	290		False	COQ5	1	1
Q5HYW2	829		False	NHSL2	1	1
Q5J8M3	13	18.0	True	TMEM85	1	1
Q5J8M3	31	18.0	True	TMEM85	1	1
Q5JPH6	108		False	EARS2	1	1
Q5JPI3	62		False	C3orf38	1	1
Q5JRA6	1784	25.0	True	MIA3	1	1
Q5JRA6	1809	24.0	True	MIA3	1	1
Q5JRA6	1833	10.0	True	MIA3	1	1
Q5JRA6	1843	8.0	True	MIA3	1	1
Q5JRA6	1851	8.0	True	MIA3	2	2
Q5JRA6	1859	8.0	True	MIA3	2	2
Q5JRA6	1877	18.0	True	MIA3	1	1
Q5JRX3	424	110.0	False	PITRM1	1	1
Q5JRX3	534	110.0	False	PITRM1	1	1
Q5JRX3	924	83.0	True	PITRM1	1	1
Q5JRX3	1007	83.0	True	PITRM1	1	1
Q5JSZ5	56	107.0	False	PRRC2B	1	1
Q5JSZ5	163	107.0	False	PRRC2B	1	1
Q5JSZ5	300	13.0	True	PRRC2B	1	1
Q5JSZ5	313	13.0	True	PRRC2B	1	1
Q5JSZ5	673	11.0	True	PRRC2B	1	1
Q5JSZ5	684	11.0	True	PRRC2B	1	1
Q5JSZ5	786	102.0	False	PRRC2B	1	1
Q5JSZ5	1065	2.0	True	PRRC2B	2	2
Q5JSZ5	1067	2.0	True	PRRC2B	1	2
Q5JSZ5	1069	2.0	True	PRRC2B	1	1
Q5JSZ5	1077	2.0	True	PRRC2B	1	1
Q5JSZ5	1079	2.0	True	PRRC2B	1	1
Q5JSZ5	1097	11.0	True	PRRC2B	1	1
Q5JSZ5	1108	2.0	True	PRRC2B	1	1
Q5JSZ5	1110	2.0	True	PRRC2B	1	1
Q5JSZ5	1113	3.0	True	PRRC2B	1	1
Q5JSZ5	1297	3.0	True	PRRC2B	1	1
Q5JSZ5	1300	1.0	True	PRRC2B	1	1
Q5JSZ5	1301	1.0	True	PRRC2B	1	1
Q5JSZ5	1976	134.0	False	PRRC2B	2	2
Q5JSZ5	2110	1.0	True	PRRC2B	1	1
Q5JSZ5	2111	1.0	True	PRRC2B	1	1
Q5JT82	366		False	KLF17	1	1
Q5JTC6	1091		False	FAM123B	1	1
Q5JTD0	504		False	TJAP1	1	1
Q5JTH9	679	459.0	False	RRP12	1	1
Q5JTH9	1138	2.0	True	RRP12	1	1
Q5JTH9	1140	2.0	True	RRP12	1	1
Q5JTV8	300		False	TOR1AIP1	1	1
Q5JTW2	49		False	CEP78	1	1
Q5JTZ9	561	14.0	True	AARS2	1	1
Q5JTZ9	575	5.0	True	AARS2	1	1
Q5JTZ9	580	5.0	True	AARS2	1	1
Q5JTZ9	819	22.0	True	AARS2	1	1
Q5JTZ9	841	22.0	True	AARS2	1	1
Q5JU85	207	182.0	False	IQSEC2	1	1
Q5JU85	389	182.0	False	IQSEC2	1	1
Q5JUK3	1080		False	KCNT1	1	1
Q5JUX0	113		False	SPIN3	1	1
Q5JV73	40		False	FRMPD3	1	1
Q5JVS0	70	3.0	True	HABP4	2	2
Q5JVS0	73	3.0	True	HABP4	1	1
Q5JVS0	82	6.0	True	HABP4	1	1
Q5JVS0	88	6.0	True	HABP4	1	1
Q5JVS0	124	36.0	True	HABP4	1	1
Q5JVS0	178	2.0	True	HABP4	1	1
Q5JVS0	180	2.0	True	HABP4	1	1
Q5JVS0	189	4.0	True	HABP4	1	1
Q5JVS0	193	4.0	True	HABP4	1	1
Q5JVS0	211	18.0	True	HABP4	1	1
Q5JVS0	376	165.0	False	HABP4	1	1
Q5JWF2	979	11.0	True	GNAS	1	1
Q5JWF2	990	11.0	True	GNAS	1	1
Q5JWF8	74		False	ACTL10	1	1
Q5KU26	149		False	COLEC12	1	1
Q5MIZ7	17		False	PPP4R3B	1	1
Q5MNZ6	225		False	WDR45L	1	1
Q5NUL3	24		False	FFAR4	1	1
Q5PRF9	570	1.0	True	SAMD4B	1	1
Q5PRF9	571	1.0	True	SAMD4B	1	1
Q5PRF9	602	13.0	True	SAMD4B	3	3
Q5PRF9	615	13.0	True	SAMD4B	2	2
Q5PRF9	634	19.0	True	SAMD4B	1	1
Q5QGS0	1243		False	KIAA2022	1	1
Q5QJE6	725		False	DNTTIP2	1	1
Q5QNW6	73	7.0	True	HIST2H2BF	1	1
Q5QNW6	80	7.0	True	HIST2H2BF	1	1
Q5QNW6	87	6.0	True	HIST2H2BF	1	1
Q5QNW6	93	6.0	True	HIST2H2BF	1	1
Q5QNW6	100	7.0	True	HIST2H2BF	1	1
Q5QP82	134	338.0	False	DCAF10	3	3
Q5QP82	472	338.0	False	DCAF10	1	1
Q5R372	253		False	RABGAP1L	1	1
Q5RKV6	77	16.0	True	EXOSC6	1	1
Q5RKV6	93	2.0	True	EXOSC6	1	1
Q5RKV6	95	2.0	True	EXOSC6	1	1
Q5SQI0	293	30.0	True	ATAT1	1	1
Q5SQI0	323	30.0	True	ATAT1	2	2
Q5SRE5	251	13.0	True	NUP188	1	1
Q5SRE5	264	13.0	True	NUP188	1	1
Q5SRE5	526	262.0	False	NUP188	1	1
Q5SRN2	26		False	C6orf10	1	1
Q5SSJ5	146		False	HP1BP3	1	1
Q5SW79	72	329.0	False	CEP170	1	1
Q5SW79	401	30.0	True	CEP170	1	1
Q5SW79	431	30.0	True	CEP170	1	1
Q5SXM2	1300		False	SNAPC4	1	1
Q5SY16	208		False	NOL9	1	1
Q5SYE7	319	1181.0	False	NHSL1	1	1
Q5SYE7	1500	1181.0	False	NHSL1	1	1
Q5SZJ8	92		False	BEND6	1	1
Q5SZL2	212		False	CEP85L	1	1
Q5T011	2474	2.0	True	SZT2	1	1
Q5T011	2476	2.0	True	SZT2	1	1
Q5T089	15		False	MORN1	1	1
Q5T0B9	54		False	ZNF362	1	1
Q5T0F9	14		False	CC2D1B	1	1
Q5T0W9	373	601.0	False	FAM83B	1	1
Q5T0W9	974	13.0	True	FAM83B	1	1
Q5T0W9	987	10.0	True	FAM83B	1	1
Q5T0W9	997	10.0	True	FAM83B	1	1
Q5T0Z8	1038	6.0	True	C6orf132	1	1
Q5T0Z8	1044	6.0	True	C6orf132	2	2
Q5T0Z8	1053	6.0	True	C6orf132	1	1
Q5T0Z8	1059	6.0	True	C6orf132	1	1
Q5T0Z8	1073	11.0	True	C6orf132	2	2
Q5T0Z8	1084	11.0	True	C6orf132	2	2
Q5T0Z8	1102	1.0	True	C6orf132	1	1
Q5T0Z8	1103	1.0	True	C6orf132	1	1
Q5T0Z8	1119	8.0	True	C6orf132	2	2
Q5T0Z8	1127	8.0	True	C6orf132	2	2
Q5T0Z8	1157	11.0	True	C6orf132	2	2
Q5T0Z8	1168	11.0	True	C6orf132	1	1
Q5T1A1	182		False	DCST2	1	1
Q5T1M5	520		False	FKBP15	1	1
Q5T1R4	2048	283.0	False	HIVEP3	1	1
Q5T1R4	2331	283.0	False	HIVEP3	1	1
Q5T200	66	498.0	False	ZC3H13	1	1
Q5T200	564	2.0	True	ZC3H13	1	1
Q5T200	566	2.0	True	ZC3H13	1	1
Q5T200	607	4.0	True	ZC3H13	1	1
Q5T200	611	3.0	True	ZC3H13	1	1
Q5T200	614	3.0	True	ZC3H13	1	1
Q5T200	618	4.0	True	ZC3H13	1	1
Q5T200	1377	759.0	False	ZC3H13	1	1
Q5T280	8		False	C9orf114	1	1
Q5T2E6	7	5.0	True	ARMH3	1	1
Q5T2E6	12	5.0	True	C10orf76	1	1
Q5T2N8	353		False	ATAD3C	1	1
Q5T3I0	222	117.0	False	GPATCH4	1	1
Q5T3I0	339	13.0	True	GPATCH4	1	1
Q5T3I0	352	13.0	True	GPATCH4	1	1
Q5T440	14		False	IBA57	1	1
Q5T4S7	3915	163.0	False	UBR4	1	1
Q5T4S7	4078	163.0	False	UBR4	1	1
Q5T4S7	4439	361.0	False	UBR4	1	1
Q5T5P2	53	832.0	False	SKT	1	1
Q5T5P2	885	769.0	False	KIAA1217	1	1
Q5T5P2	1654	120.0	False	KIAA1217	1	1
Q5T5P2	1774	120.0	False	KIAA1217	1	1
Q5T5S1	86	7.0	True	KIAA1984	1	1
Q5T5S1	93	7.0	True	KIAA1984	1	1
Q5T5U3	554	21.0	True	ARHGAP21	2	2
Q5T5U3	575	21.0	True	ARHGAP21	2	2
Q5T5U3	609	34.0	True	ARHGAP21	1	1
Q5T5X7	104	2.0	True	BEND3	1	1
Q5T5X7	106	2.0	True	BEND3	1	1
Q5T6F2	149	17.0	True	UBAP2	1	1
Q5T6F2	166	3.0	True	UBAP2	3	3
Q5T6F2	169	3.0	True	UBAP2	1	1
Q5T6F2	173	4.0	True	UBAP2	1	1
Q5T6F2	177	4.0	True	UBAP2	1	1
Q5T6L9	494		False	ERMARD	1	1
Q5T6V5	45		False	C9orf64	1	1
Q5T7N2	212		False	L1TD1	1	1
Q5T8I3	81	4.0	True	FAM102B	1	1
Q5T8I3	85	4.0	True	FAM102B	1	1
Q5T8P6	835	20.0	True	RBM26	1	1
Q5T8P6	855	2.0	True	RBM26	1	1
Q5T8P6	857	2.0	True	RBM26	1	1
Q5T8P6	862	2.0	True	RBM26	1	1
Q5T8P6	864	2.0	True	RBM26	1	1
Q5T8P6	870	6.0	True	RBM26	1	1
Q5T8P6	878	8.0	True	RBM26	2	2
Q5T8R8	178		False	DOCK8-AS1	1	1
Q5TA31	98	11.0	True	RNF187	2	2
Q5TA31	109	11.0	True	RNF187	2	2
Q5TA45	185		False	CPSF3L	1	1
Q5TAQ9	204		False	DCAF8	1	1
Q5TAX3	1624	4.0	True	ZCCHC11	1	1
Q5TAX3	1628	4.0	True	ZCCHC11	1	1
Q5TBK1	236		False	N4BP2L1	1	1
Q5TC12	89		False	ATPAF1	1	1
Q5TC82	597	26.0	True	RC3H1	1	1
Q5TC82	623	26.0	True	RC3H1	1	1
Q5TC82	729	5.0	True	RC3H1	2	2
Q5TC82	734	5.0	True	RC3H1	2	2
Q5TC82	740	6.0	True	RC3H1	1	1
Q5TCZ1	789	221.0	False	SH3PXD2A	1	1
Q5TCZ1	1010	221.0	False	SH3PXD2A	1	1
Q5TD97	114		False	FHL5	1	1
Q5TDH0	108	2.0	True	DDI2	2	2
Q5TDH0	110	2.0	True	DDI2	1	2
Q5TDH0	182	72.0	True	DDI2	1	1
Q5TF21	206		False	C6orf174	1	1
Q5TG53	69		False	SERTAD4-AS1	1	1
Q5TGY1	461		False	TMCO4	1	1
Q5TGY3	151	3.0	True	AHDC1	1	1
Q5TGY3	154	3.0	True	AHDC1	1	1
Q5TGY3	678	213.0	False	AHDC1	1	1
Q5TGY3	891	213.0	False	AHDC1	2	2
Q5TGY3	1286	395.0	False	AHDC1	1	1
Q5TH69	1093		False	ARFGEF3	1	1
Q5TH74	17		False	STPG1	1	1
Q5TYX0	246		False	PRAMEF5	1	1
Q5TZA2	491	951.0	False	CROCC	1	1
Q5TZA2	1442	243.0	False	CROCC	1	1
Q5TZA2	1685	243.0	False	CROCC	1	1
Q5U5R9	613		False	HECTD2	1	1
Q5UCC4	99		False	C19orf63	1	1
Q5UIP0	411		False	RIF1	1	1
Q5VST9	1428	1885.0	False	OBSCN	1	1
Q5VST9	3313	1885.0	False	OBSCN	1	1
Q5VST9	6761	3448.0	False	OBSCN	1	1
Q5VT06	302	2602.0	False	CEP350	1	1
Q5VT06	2904	2602.0	False	CEP350	1	1
Q5VT25	172	7.0	True	CDC42BPA	1	1
Q5VT25	179	7.0	True	CDC42BPA	1	1
Q5VT52	298	798.0	False	RPRD2	1	1
Q5VT52	1096	1.0	True	RPRD2	1	1
Q5VT52	1097	1.0	True	RPRD2	1	1
Q5VT52	1110	7.0	True	RPRD2	1	1
Q5VT52	1117	7.0	True	RPRD2	1	1
Q5VT52	1170	53.0	True	RPRD2	1	1
Q5VT52	1347	8.0	True	RPRD2	1	1
Q5VT52	1355	8.0	True	RPRD2	1	1
Q5VT52	1364	2.0	True	RPRD2	1	3
Q5VT52	1366	2.0	True	RPRD2	3	3
Q5VT52	1404	11.0	True	RPRD2	1	1
Q5VT52	1415	3.0	True	RPRD2	1	1
Q5VT52	1418	3.0	True	RPRD2	1	1
Q5VT52	1422	2.0	True	RPRD2	1	3
Q5VT52	1424	2.0	True	RPRD2	3	3
Q5VT52	1430	6.0	True	RPRD2	3	3
Q5VT52	1445	9.0	True	RPRD2	1	1
Q5VT52	1454	6.0	True	RPRD2	2	2
Q5VT52	1460	6.0	True	RPRD2	2	2
Q5VT66	111		False	MTARC1	1	1
Q5VT79	167		False	ANXA8	1	1
Q5VT97	15	20.0	True	SYDE2	1	1
Q5VT97	35	20.0	True	SYDE2	1	1
Q5VTB9	196		False	RNF220	1	1
Q5VTE0	166		False	EEF1A1P5	1	1
Q5VTE6	18	2.0	True	ANGEL2	1	1
Q5VTE6	20	2.0	True	ANGEL2	1	1
Q5VTE6	44	24.0	True	ANGEL2	1	1
Q5VTE6	72	7.0	True	ANGEL2	1	1
Q5VTE6	79	7.0	True	ANGEL2	1	1
Q5VTE6	387	308.0	False	ANGEL2	1	1
Q5VTL8	253		False	PRPF38B	1	1
Q5VTR2	287	364.0	False	RNF20	1	1
Q5VTR2	651	364.0	False	RNF20	1	1
Q5VU43	1883		False	PDE4DIP	1	1
Q5VUA4	107	145.0	False	ZNF318	1	1
Q5VUA4	252	145.0	False	ZNF318	1	1
Q5VUA4	739	53.0	True	ZNF318	1	1
Q5VUA4	792	9.0	True	ZNF318	1	1
Q5VUA4	801	9.0	True	ZNF318	1	1
Q5VUA4	853	52.0	True	ZNF318	1	1
Q5VUA4	1679	826.0	False	ZNF318	1	1
Q5VUJ6	636	1.0	True	LRCH2	1	1
Q5VUJ6	637	1.0	True	LRCH2	1	1
Q5VUJ6	643	6.0	True	LRCH2	1	1
Q5VV17	143		False	OTUD1	1	1
Q5VV41	39	4.0	True	ARHGEF16	1	1
Q5VV41	43	4.0	True	ARHGEF16	1	1
Q5VV67	373		False	PPRC1	1	1
Q5VVH2	58		False	FKBP1C	1	1
Q5VVW2	65		False	GARNL3	1	1
Q5VWN6	2056		False	FAM208B	1	1
Q5VWQ0	57	523.0	False	RSBN1	1	1
Q5VWQ0	580	523.0	False	RSBN1	1	1
Q5VWQ8	932	2.0	True	DAB2IP	1	1
Q5VWQ8	934	2.0	True	DAB2IP	1	1
Q5VWX1	117	69.0	True	KHDRBS2	1	1
Q5VWX1	186	2.0	True	KHDRBS2	1	1
Q5VWX1	188	2.0	True	KHDRBS2	1	1
Q5VWX1	230	10.0	True	KHDRBS2	1	1
Q5VWX1	240	6.0	True	KHDRBS2	1	1
Q5VWX1	246	2.0	True	KHDRBS2	1	1
Q5VWX1	248	2.0	True	KHDRBS2	1	1
Q5VWX1	348	100.0	True	KHDRBS2	1	1
Q5VXH4	246		False	PRAMEF6	1	1
Q5VYK3	527	650.0	False	ECPAS	1	1
Q5VYK3	1177	2.0	True	ECPAS	1	1
Q5VYK3	1179	2.0	True	ECPAS	1	1
Q5VZ89	1036		False	DENND4C	1	1
Q5VZF2	183		False	MBNL2	1	1
Q5VZL5	680	508.0	False	ZMYM4	1	1
Q5VZL5	1188	508.0	False	ZMYM4	1	1
Q5XG87	145	626.0	False	PAPD7	1	1
Q5XG87	771	626.0	False	PAPD7	1	1
Q5XPI4	306	377.0	False	RNF123	1	1
Q5XPI4	683	377.0	False	RNF123	1	1
Q5XPI4	1131	448.0	False	RNF123	1	1
Q5XUX0	14		False	FBXO31	1	1
Q5XXA6	953		False	ANO1	1	1
Q60I27	563		False	ALS2CL	1	1
Q63HN8	2438	873.0	False	RNF213	1	1
Q63HN8	3311	248.0	False	RNF213	1	1
Q63HN8	3559	21.0	True	RNF213	1	1
Q63HN8	3580	21.0	True	RNF213	1	1
Q63HQ2	880	6.0	True	EGFLAM	1	1
Q63HQ2	886	6.0	True	EGFLAM	1	1
Q63ZY3	105	12.0	True	KANK2	3	3
Q63ZY3	117	6.0	True	KANK2	2	2
Q63ZY3	123	6.0	True	KANK2	1	1
Q63ZY3	243	2.0	True	KANK2	1	1
Q63ZY3	245	2.0	True	KANK2	1	1
Q63ZY6	156		False	NSUN5P2	1	1
Q641Q2	385	728.0	False	FAM21A	1	1
Q641Q2	1113	728.0	False	FAM21A	1	1
Q641Q3	281		False	METRNL	1	1
Q659C4	29	109.0	False	LARP1B	1	1
Q659C4	138	7.0	True	LARP1B	1	1
Q659C4	145	4.0	True	LARP1B	1	1
Q659C4	149	4.0	True	LARP1B	1	1
Q659C4	153	2.0	True	LARP1B	1	1
Q659C4	155	2.0	True	LARP1B	1	1
Q659C4	303	148.0	False	LARP1B	1	1
Q66K14	34		False	TBC1D9B	1	1
Q66K74	325	2.0	True	MAP1S	1	1
Q66K74	327	2.0	True	MAP1S	1	1
Q66K74	854	7.0	True	MAP1S	1	1
Q66K74	861	2.0	True	MAP1S	1	1
Q66K74	863	2.0	True	MAP1S	1	1
Q66K74	894	31.0	True	MAP1S	1	1
Q66K74	926	9.0	True	MAP1S	1	1
Q66K74	935	9.0	True	MAP1S	1	1
Q66PJ3	101	46.0	True	ARL6IP4	1	1
Q66PJ3	147	46.0	True	ARL6IP4	1	1
Q66PJ3	223	76.0	True	ARL6IP4	1	1
Q68BL7	413		False	OLFML2A	1	1
Q68CQ4	25	11.0	True	DIEXF	1	1
Q68CQ4	36	3.0	True	DIEXF	1	1
Q68CQ4	39	3.0	True	DIEXF	1	1
Q68CQ4	467	428.0	False	DIEXF	1	1
Q68CZ2	628	7.0	True	TNS3	1	1
Q68CZ2	635	5.0	True	TNS3	1	1
Q68CZ2	640	5.0	True	TNS3	1	1
Q68CZ2	645	5.0	True	TNS3	1	1
Q68D20	65		False	PMS2CL	1	1
Q68D85	90		False	NCR3LG1	1	1
Q68D91	221		False	MBLAC2	1	1
Q68DC2	596		False	ANKS6	1	1
Q68DK7	79		False	MSL1	1	1
Q68DN1	1693	2.0	True	C2orf16	1	1
Q68DN1	1695	2.0	True	C2orf16	1	1
Q68DN1	1773	2.0	True	C2orf16	1	1
Q68DN1	1775	2.0	True	C2orf16	1	1
Q68DQ2	7		False	CRYBG3	1	1
Q68EM7	510	6.0	True	ARHGAP17	1	1
Q68EM7	516	6.0	True	ARHGAP17	1	1
Q69YH5	96	10.0	True	CDCA2	1	1
Q69YH5	106	10.0	True	CDCA2	1	1
Q69YH5	813	707.0	False	CDCA2	1	1
Q69YN4	1624	2.0	True	VIRMA	1	2
Q69YN4	1626	2.0	True	KIAA1429	2	2
Q69YN4	1634	8.0	True	KIAA1429	1	1
Q69YN4	1687	7.0	True	KIAA1429	2	2
Q69YN4	1694	3.0	True	KIAA1429	2	2
Q69YN4	1697	3.0	True	KIAA1429	2	2
Q69YN4	1719	4.0	True	KIAA1429	1	1
Q69YN4	1723	4.0	True	VIRMA	3	3
Q69YN4	1734	7.0	True	KIAA1429	1	1
Q69YN4	1741	7.0	True	KIAA1429	2	2
Q69YN4	1749	8.0	True	KIAA1429	1	1
Q69YN4	1773	2.0	True	VIRMA	3	3
Q69YN4	1775	2.0	True	VIRMA	3	3
Q69YN4	1793	10.0	True	VIRMA	3	3
Q69YN4	1803	2.0	True	KIAA1429	2	2
Q69YN4	1805	2.0	True	KIAA1429	2	2
Q69YN4	1808	3.0	True	KIAA1429	1	1
Q6AI08	182		False	HEATR6	1	1
Q6AI12	356		False	ANKRD40	1	1
Q6AWC2	14		False	WWC2	1	1
Q6DKJ4	84		False	NXN	1	1
Q6DN03	80		False	HIST2H2BC	1	1
Q6DN14	77		False	MCTP1	1	1
Q6DN90	687		False	IQSEC1	1	1
Q6DRA6	80		False	HIST2H2BD	1	1
Q6DT37	1473		False	CDC42BPG	1	1
Q6EEV4	32	13.0	True	POLR2M	1	1
Q6EEV4	45	2.0	True	POLR2M	2	2
Q6EEV4	47	2.0	True	POLR2M	1	2
Q6EEV4	52	5.0	True	POLR2M	1	1
Q6F5E8	1095	129.0	False	CARMIL2	1	1
Q6F5E8	1224	129.0	False	RLTPR	1	1
Q6FI13	21	9.0	True	HIST1H2AG	1	1
Q6FI13	30	9.0	True	HIST1H2AG	1	1
Q6FI13	72	10.0	True	H2AC18	1	1
Q6FI13	82	7.0	True	HIST1H2AG	1	1
Q6FI13	89	7.0	True	HIST1H2AG	1	1
Q6GMV3	3	7.0	True	PTRHD1	1	1
Q6GMV3	10	7.0	True	PTRHD1	1	1
Q6GQQ9	700	12.0	True	OTUD7B	1	1
Q6GQQ9	712	1.0	True	OTUD7B	1	1
Q6GQQ9	713	1.0	True	OTUD7B	1	1
Q6GQQ9	738	25.0	True	OTUD7B	1	1
Q6I9Y2	25		False	THOC7	1	1
Q6IAA8	84	2.0	True	LAMTOR1	1	1
Q6IAA8	86	2.0	True	LAMTOR1	1	1
Q6IBS0	337	3.0	True	TWF2	1	1
Q6IBS0	340	3.0	True	TWF2	1	1
Q6ICC9	200	7.0	True	LDOC1L	1	1
Q6ICC9	207	7.0	True	LDOC1L	1	1
Q6IE81	501	2.0	True	JADE1	1	1
Q6IE81	503	2.0	True	JADE1	1	1
Q6IMN6	877	12.0	True	CAPRIN2	1	1
Q6IMN6	889	12.0	True	CAPRIN2	1	1
Q6IN84	316		False	MRM1	1	1
Q6IN85	17		False	PPP4R3A	1	1
Q6IQ22	10		False	RAB12	1	1
Q6IQ23	1017		False	PLEKHA7	1	1
Q6IQ26	549		False	DENND5A	1	1
Q6IQ49	203	219.0	False	SDE2	1	1
Q6IQ49	422	219.0	False	SDE2	1	1
Q6IS14	113		False	EIF5AL1	1	1
Q6ISB3	401		False	GRHL2	1	1
Q6KB66	364		False	KRT80	1	1
Q6KC79	154	11.0	True	NIPBL	1	1
Q6KC79	165	11.0	True	NIPBL	1	1
Q6KC79	273	108.0	False	NIPBL	1	1
Q6KC79	1294	1021.0	False	NIPBL	1	1
Q6L8Q7	245		False	PDE12	1	1
Q6L9W6	987		False	B4GALNT3	1	1
Q6MZP7	435	158.0	False	LIN54	1	1
Q6MZP7	593	158.0	False	LIN54	1	1
Q6N021	680	6.0	True	TET2	2	2
Q6N021	686	6.0	True	TET2	1	1
Q6N021	1682	996.0	False	TET2	2	2
Q6NSJ2	444		False	PHLDB3	1	1
Q6NT89	178	2.0	True	TRNP1	1	1
Q6NT89	180	2.0	True	TRNP1	1	1
Q6NTE8	141	137.0	False	MRNIP	1	1
Q6NTE8	278	9.0	True	C5orf45	1	1
Q6NTE8	287	9.0	True	C5orf45	1	1
Q6NUM9	293	160.0	False	RETSAT	1	1
Q6NUM9	453	160.0	False	RETSAT	1	1
Q6NUN9	597		False	ZNF746	1	1
Q6NUQ4	29	4.0	True	TMEM214	2	2
Q6NUQ4	33	4.0	True	TMEM214	1	1
Q6NUQ4	452	419.0	False	TMEM214	1	1
Q6NUT2	49		False	DPY19L2	1	1
Q6NV74	569	168.0	False	C2orf55	1	1
Q6NV74	737	168.0	False	KIAA1211L	1	1
Q6NWY9	821		False	PRPF40B	1	1
Q6NXE6	256	233.0	False	ARMC6	1	1
Q6NXE6	489	7.0	True	ARMC6	1	1
Q6NXE6	496	7.0	True	ARMC6	1	1
Q6NXG1	582	54.0	True	ESRP1	2	2
Q6NXG1	636	54.0	True	ESRP1	1	1
Q6NXT1	90		False	ANKRD54	1	1
Q6NXT2	42	7.0	True	H3-5	1	1
Q6NXT2	49	7.0	True	H3-5	1	1
Q6NXT2	63	14.0	True	H3-5	1	1
Q6NXT2	128	65.0	True	H3-5	1	1
Q6NXT4	440	9.0	True	SLC30A6	1	1
Q6NXT4	449	6.0	True	SLC30A6	2	2
Q6NXT4	455	6.0	True	SLC30A6	2	2
Q6NY19	259		False	KANK3	1	1
Q6NYC8	23	18.0	True	PPP1R18	1	1
Q6NYC8	41	18.0	True	PPP1R18	1	1
Q6NYC8	466	425.0	False	PPP1R18	1	1
Q6NZ36	8		False	FAAP20	1	1
Q6NZ67	108	25.0	True	MZT2B	1	1
Q6NZ67	133	3.0	True	MZT2B	1	1
Q6NZ67	136	3.0	True	MZT2B	1	1
Q6NZY4	50	476.0	False	ZCCHC8	1	1
Q6NZY4	526	476.0	False	ZCCHC8	1	1
Q6NZY7	38		False	CDC42EP5	1	1
Q6P087	341	8.0	True	RPUSD3	1	1
Q6P087	349	8.0	True	RPUSD3	1	1
Q6P0Q8	163	6.0	True	MAST2	1	1
Q6P0Q8	169	6.0	True	MAST2	1	1
Q6P0Q8	1004	835.0	False	MAST2	2	2
Q6P158	51		False	DHX57	1	1
Q6P161	115	4.0	True	MRPL54	1	1
Q6P161	119	4.0	True	MRPL54	1	1
Q6P1J9	234	96.0	True	CDC73	1	1
Q6P1J9	330	96.0	True	CDC73	1	1
Q6P1J9	520	190.0	False	CDC73	1	1
Q6P1N0	13	6.0	True	CC2D1A	1	1
Q6P1N0	19	6.0	True	CC2D1A	1	1
Q6P1N0	902	883.0	False	CC2D1A	1	1
Q6P1Q9	348		False	METTL2B	1	1
Q6P1R3	323		False	MSANTD2	1	1
Q6P1X5	827		False	TAF2	1	1
Q6P2E9	965	50.0	True	EDC4	1	1
Q6P2E9	1015	50.0	True	EDC4	1	1
Q6P2H3	206	71.0	True	CEP85	1	1
Q6P2H3	277	71.0	True	CEP85	1	1
Q6P2Q9	8	71.0	True	PRPF8	1	1
Q6P2Q9	79	71.0	True	PRPF8	1	1
Q6P2Q9	615	240.0	False	PRPF8	1	1
Q6P2Q9	855	6.0	True	PRPF8	1	1
Q6P2Q9	861	6.0	True	PRPF8	1	1
Q6P2Q9	995	134.0	False	PRPF8	1	1
Q6P2Q9	1151	50.0	True	PRPF8	1	1
Q6P2Q9	1201	50.0	True	PRPF8	1	1
Q6P2Q9	1401	13.0	True	PRPF8	1	1
Q6P2Q9	1414	4.0	True	PRPF8	1	1
Q6P2Q9	1418	4.0	True	PRPF8	1	1
Q6P2Q9	1427	9.0	True	PRPF8	1	1
Q6P2Q9	2086	659.0	False	PRPF8	1	1
Q6P3X8	412		False	PGBD2	1	1
Q6P435	46		False	SMG1P2	1	1
Q6P4F2	13		False	FDX1L	1	1
Q6P582	133	3.0	True	MZT2A	1	1
Q6P582	136	3.0	True	MZT2A	1	1
Q6P597	222		False	KLC3	1	1
Q6P5Z2	58		False	PKN3	1	1
Q6P6C2	250	107.0	False	ALKBH5	1	1
Q6P6C2	357	1.0	True	ALKBH5	1	3
Q6P6C2	358	1.0	True	ALKBH5	1	3
Q6P6C2	359	1.0	True	ALKBH5	3	3
Q6P996	614	95.0	True	PDXDC1	1	1
Q6P996	709	3.0	True	PDXDC1	1	1
Q6P996	712	3.0	True	PDXDC1	1	1
Q6P996	788	76.0	True	PDXDC1	1	1
Q6P9G0	17		False	CYB5D1	1	1
Q6P9H4	483	12.0	True	CNKSR3	1	1
Q6P9H4	495	12.0	True	CNKSR3	1	1
Q6PCB5	569		False	RSBN1L	1	1
Q6PCD5	345		False	RFWD3	1	1
Q6PCT2	367		False	FBXL19	1	1
Q6PEZ8	226	5.0	True	PODNL1	1	1
Q6PEZ8	231	5.0	True	PODNL1	1	1
Q6PGN9	301		False	PSRC1	1	1
Q6PID8	13	24.0	True	KLHDC10	1	1
Q6PID8	37	7.0	True	KLHDC10	1	1
Q6PID8	44	7.0	True	KLHDC10	1	1
Q6PID8	200	156.0	False	KLHDC10	1	1
Q6PIY7	73	2.0	True	TENT2	1	1
Q6PIY7	75	2.0	True	TENT2	1	1
Q6PIY7	90	2.0	True	PAPD4	1	1
Q6PIY7	92	2.0	True	PAPD4	1	1
Q6PIY7	131	39.0	True	PAPD4	1	1
Q6PIY7	325	194.0	False	TENT2	1	1
Q6PJ69	342		False	TRIM65	1	1
Q6PJF5	192	2.0	True	RHBDF2	1	1
Q6PJF5	194	2.0	True	RHBDF2	1	1
Q6PJG2	177	3.0	True	C14orf43	1	1
Q6PJG2	180	3.0	True	MIDEAS	2	2
Q6PJG2	193	13.0	True	MIDEAS	3	3
Q6PJG2	227	4.0	True	MIDEAS	1	1
Q6PJG2	231	4.0	True	MIDEAS	1	1
Q6PJG2	344	103.0	False	ELMSAN1	1	1
Q6PJG2	447	8.0	True	MIDEAS	3	3
Q6PJG2	455	1.0	True	C14orf43	2	2
Q6PJG2	456	1.0	True	C14orf43	1	2
Q6PJG9	107		False	LRFN4	1	1
Q6PJT7	724		False	ZC3H14	1	1
Q6PK04	6	6.0	True	CCDC137	1	1
Q6PK04	12	6.0	True	CCDC137	1	1
Q6PK04	223	1.0	True	CCDC137	1	1
Q6PK04	224	1.0	True	CCDC137	1	1
Q6PKG0	45	195.0	False	LARP1	1	1
Q6PKG0	240	31.0	True	LARP1	1	1
Q6PKG0	271	3.0	True	LARP1	1	1
Q6PKG0	274	3.0	True	LARP1	1	1
Q6PKG0	285	11.0	True	LARP1	1	1
Q6PKG0	334	6.0	True	LARP1	1	1
Q6PKG0	340	4.0	True	LARP1	1	1
Q6PKG0	344	2.0	True	LARP1	1	1
Q6PKG0	346	2.0	True	LARP1	1	1
Q6PKG0	348	2.0	True	LARP1	1	1
Q6PKG0	366	9.0	True	LARP1	1	1
Q6PKG0	375	9.0	True	LARP1	1	1
Q6Q0C0	355		False	TRAF7	1	1
Q6QNY0	8		False	BLOC1S3	1	1
Q6R327	6	2.0	True	RICTOR	1	1
Q6R327	8	2.0	True	RICTOR	1	1
Q6RI45	1740	3.0	True	BRWD3	1	1
Q6RI45	1743	3.0	True	BRWD3	1	1
Q6RW13	113		False	AGTRAP	1	1
Q6S8J3	728		False	POTEE	1	1
Q6SPF0	104	12.0	True	SAMD1	1	1
Q6SPF0	116	12.0	True	SAMD1	1	1
Q6SPF0	150	20.0	True	SAMD1	1	1
Q6SPF0	170	3.0	True	SAMD1	1	1
Q6SPF0	173	3.0	True	SAMD1	1	1
Q6SPF0	197	1.0	True	SAMD1	1	1
Q6SPF0	198	1.0	True	SAMD1	1	1
Q6SPF0	272	12.0	True	SAMD1	1	1
Q6SPF0	284	2.0	True	SAMD1	2	2
Q6SPF0	286	2.0	True	SAMD1	1	2
Q6SPF0	291	5.0	True	SAMD1	1	1
Q6STE5	71	209.0	False	SMARCD3	1	1
Q6STE5	280	209.0	False	SMARCD3	1	1
Q6TDP4	73		False	KLHL17	1	1
Q6TFL3	662		False	CCDC171	1	1
Q6U949	68	4.0	True	IGF2	1	1
Q6U949	72	4.0	True	IGF2	1	1
Q6U949	79	2.0	True	IGF2	1	1
Q6U949	81	2.0	True	IGF2	1	1
Q6UB35	582	237.0	False	MTHFD1L	1	1
Q6UB35	819	237.0	False	MTHFD1L	1	1
Q6UB98	900		False	ANKRD12	1	1
Q6ULP2	130		False	AFTPH	1	1
Q6UN15	50	463.0	False	FIP1L1	1	1
Q6UN15	513	463.0	False	FIP1L1	1	1
Q6UUV7	87	3.0	True	CRTC3	1	1
Q6UUV7	90	3.0	True	CRTC3	1	1
Q6UUV9	103	14.0	True	CRTC1	1	1
Q6UUV9	117	14.0	True	CRTC1	1	1
Q6UWL6	658		False	KIRREL2	1	1
Q6UWP7	244	2.0	True	LCLAT1	1	1
Q6UWP7	246	2.0	True	LCLAT1	1	1
Q6UWU2	417		False	GLB1L	1	1
Q6UWZ7	285		False	ABRAXAS1	1	1
Q6UX04	119		False	CWC27	1	1
Q6UX72	144		False	B3GNT9	1	1
Q6UXH8	282		False	CCBE1	1	1
Q6UXN9	132	45.0	True	WDR82	1	1
Q6UXN9	177	16.0	True	WDR82	1	1
Q6UXN9	193	16.0	True	WDR82	1	1
Q6UXT9	441		False	ABHD15	1	1
Q6UXX5	1211	4.0	True	ITIH6	1	1
Q6UXX5	1215	4.0	True	ITIH6	1	1
Q6V0I7	231		False	FAT4	1	1
Q6V1P9	1545		False	DCHS2	1	1
Q6VEQ5	25	1.0	True	WASH2P	1	1
Q6VEQ5	26	1.0	True	WASH2P	1	1
Q6VMQ6	1050	37.0	True	ATF7IP	1	1
Q6VMQ6	1087	11.0	True	ATF7IP	2	2
Q6VMQ6	1098	11.0	True	ATF7IP	1	1
Q6VN20	494	3.0	True	RANBP10	1	1
Q6VN20	497	3.0	True	RANBP10	1	1
Q6VY07	4		False	PACS1	1	1
Q6W2J9	170	18.0	True	BCOR	1	1
Q6W2J9	188	18.0	True	BCOR	1	1
Q6W2J9	243	23.0	True	BCOR	1	1
Q6W2J9	266	23.0	True	BCOR	1	1
Q6W2J9	338	4.0	True	BCOR	1	1
Q6W2J9	342	4.0	True	BCOR	1	1
Q6W2J9	647	8.0	True	BCOR	1	1
Q6W2J9	655	8.0	True	BCOR	1	1
Q6W2J9	976	321.0	False	BCOR	1	1
Q6WKZ4	9		False	RAB11FIP1	1	1
Q6XLA1	14		False	CASC2	1	1
Q6XPR3	175		False	RPTN	1	1
Q6XQN6	405		False	NAPRT	1	1
Q6XUX3	29	265.0	False	DSTYK	1	1
Q6XUX3	294	265.0	False	DSTYK	1	1
Q6XZF7	480	8.0	True	DNMBP	1	1
Q6XZF7	488	8.0	True	DNMBP	1	1
Q6Y7W6	107	11.0	True	GIGYF2	2	2
Q6Y7W6	118	2.0	True	GIGYF2	2	2
Q6Y7W6	120	2.0	True	GIGYF2	2	2
Q6Y7W6	128	2.0	True	GIGYF2	1	1
Q6Y7W6	130	2.0	True	GIGYF2	1	1
Q6Y7W6	149	4.0	True	GIGYF2	2	2
Q6Y7W6	153	4.0	True	GIGYF2	2	2
Q6Y7W6	157	4.0	True	GIGYF2	1	1
Q6Y7W6	669	512.0	False	GIGYF2	1	1
Q6YP21	99		False	CCBL2	1	1
Q6ZMG9	111		False	CERS6	1	1
Q6ZMR3	157	12.0	True	LDHAL6A	1	1
Q6ZMR3	169	12.0	True	LDHAL6A	1	1
Q6ZMT9	246	2.0	True	DTHD1	1	1
Q6ZMT9	248	2.0	True	DTHD1	1	1
Q6ZMV9	242		False	KIF6	1	1
Q6ZMY3	66	1069.0	False	SPOCD1	1	1
Q6ZMY3	1135	6.0	True	SPOCD1	1	1
Q6ZMY3	1141	6.0	True	SPOCD1	1	1
Q6ZN06	86		False	ZNF813	1	1
Q6ZN28	773		False	MACC1	1	1
Q6ZN55	832		False	ZNF574	2	2
Q6ZNA4	861	34.0	True	RNF111	1	1
Q6ZNA4	895	34.0	True	RNF111	1	1
Q6ZNB6	18	13.0	True	NFXL1	1	1
Q6ZNB6	31	13.0	True	NFXL1	1	1
Q6ZP65	153	1.0	True	BICDL1	1	1
Q6ZP65	154	1.0	True	BICDL1	1	1
Q6ZRI6	192	37.0	True	C15orf39	1	1
Q6ZRI6	229	37.0	True	C15orf39	1	1
Q6ZRI6	366	137.0	False	C15orf39	2	2
Q6ZRP7	109	477.0	False	QSOX2	1	1
Q6ZRP7	586	477.0	False	QSOX2	1	1
Q6ZRQ5	366	8.0	True	MMS22L	1	1
Q6ZRQ5	374	8.0	True	MMS22L	1	1
Q6ZRS2	1016	82.0	True	SRCAP	1	1
Q6ZRS2	1098	17.0	True	SRCAP	1	1
Q6ZRS2	1115	17.0	True	SRCAP	1	1
Q6ZRS2	1224	90.0	True	SRCAP	1	1
Q6ZRS2	1314	4.0	True	SRCAP	1	1
Q6ZRS2	1318	4.0	True	SRCAP	1	1
Q6ZRS2	1332	14.0	True	SRCAP	1	1
Q6ZRS2	2771	306.0	False	SRCAP	1	1
Q6ZRS2	3077	2.0	True	SRCAP	1	1
Q6ZRS2	3079	2.0	True	SRCAP	1	1
Q6ZRS2	3140	61.0	True	SRCAP	1	1
Q6ZRS2	3224	84.0	True	SRCAP	1	1
Q6ZRV2	361	13.0	True	FAM83H	1	1
Q6ZRV2	374	4.0	True	FAM83H	1	1
Q6ZRV2	378	4.0	True	FAM83H	1	1
Q6ZRV2	394	6.0	True	FAM83H	1	1
Q6ZRV2	400	6.0	True	FAM83H	1	1
Q6ZRV2	442	35.0	True	FAM83H	1	1
Q6ZRV2	477	3.0	True	FAM83H	1	1
Q6ZRV2	480	3.0	True	FAM83H	1	1
Q6ZRV2	496	16.0	True	FAM83H	1	1
Q6ZRV2	532	9.0	True	FAM83H	1	1
Q6ZRV2	541	6.0	True	FAM83H	1	1
Q6ZRV2	547	6.0	True	FAM83H	1	1
Q6ZRV2	922	375.0	False	FAM83H	1	1
Q6ZSJ9	467		False	SHISA6	1	1
Q6ZSY5	3	9.0	True	PPP1R3F	1	1
Q6ZSY5	12	9.0	True	PPP1R3F	1	1
Q6ZT62	295		False	SH3BP1	1	1
Q6ZTR5	14	27.0	True	CFAP47	1	1
Q6ZTR5	41	27.0	True	CFAP47	1	1
Q6ZTU2	101	39.0	True	EP400NL	1	1
Q6ZTU2	140	39.0	True	EP400NL	1	1
Q6ZTU2	208	2.0	True	EP400NL	1	1
Q6ZTU2	210	2.0	True	EP400NL	1	1
Q6ZU52	451		False	KIAA0408	1	1
Q6ZU65	1174	11.0	True	UBN2	1	1
Q6ZU65	1185	11.0	True	UBN2	1	1
Q6ZU69	1094		False	FAM205A	1	1
Q6ZU80	690		False	CEP128	1	1
Q6ZUK4	13		False	TMEM26	1	1
Q6ZUM4	126		False	ARHGAP27	1	1
Q6ZUT1	3	9.0	True	NKAPD1	1	1
Q6ZUT1	12	9.0	True	C11orf57	1	1
Q6ZUT6	132	148.0	False	C15orf52	1	1
Q6ZUT6	280	6.0	True	C15orf52	1	1
Q6ZUT6	286	4.0	True	C15orf52	1	1
Q6ZUT6	290	4.0	True	C15orf52	1	1
Q6ZUT6	311	6.0	True	C15orf52	2	2
Q6ZUT6	317	6.0	True	C15orf52	1	1
Q6ZUT6	504	23.0	True	CCDC9B	1	1
Q6ZUT6	527	6.0	True	CCDC9B	1	1
Q6ZUT6	533	6.0	True	CCDC9B	1	1
Q6ZUX3	414		False	TOGARAM2	1	1
Q6ZW31	307	333.0	False	SYDE1	1	1
Q6ZW31	640	333.0	False	SYDE1	1	1
Q709C8	3519	7.0	True	VPS13C	1	1
Q709C8	3526	7.0	True	VPS13C	2	2
Q709C8	3607	81.0	True	VPS13C	1	1
Q709F0	86	533.0	False	ACAD11	1	1
Q709F0	619	533.0	False	ACAD11	1	1
Q70CQ1	335		False	USP49	1	1
Q70CQ3	5	10.0	True	USP30	1	1
Q70CQ3	15	4.0	True	USP30	1	1
Q70CQ3	19	4.0	True	USP30	1	1
Q70EL1	12	521.0	False	USP54	2	2
Q70EL1	533	2.0	True	USP54	1	1
Q70EL1	535	2.0	True	USP54	1	1
Q70EL1	653	118.0	False	USP54	1	1
Q70EL4	1053	18.0	True	USP43	1	1
Q70EL4	1071	10.0	True	USP43	1	1
Q70EL4	1081	10.0	True	USP43	1	1
Q70J99	16		False	UNC13D	1	1
Q70Z53	58		False	FRA10AC1	1	1
Q712K3	166		False	UBE2R2	1	1
Q71DI3	3	6.0	True	H3C15	1	1
Q71DI3	9	6.0	True	H3C14	1	1
Q71DI3	18	9.0	True	H3C15	1	1
Q71DI3	27	9.0	True	HIST1H3A	1	1
Q71DI3	41	2.0	True	HIST1H3A	1	1
Q71DI3	43	2.0	True	H3C14	1	1
Q71DI3	50	7.0	True	H3C14	1	1
Q71DI3	64	14.0	True	H3C14	1	1
Q71DI3	84	20.0	True	H3F3B	1	1
Q71DI3	129	45.0	True	H3C14	1	1
Q71F56	1061		False	MED13L	2	2
Q71H61	452	92.0	True	ILDR2	1	1
Q71H61	544	92.0	True	ILDR2	1	1
Q71RC2	368	75.0	True	LARP4	2	2
Q71RC2	443	2.0	True	LARP4	2	2
Q71RC2	445	2.0	True	LARP4	1	2
Q71RC2	450	5.0	True	LARP4	1	1
Q71RC2	503	53.0	True	LARP4	1	1
Q71RC2	680	6.0	True	LARP4	2	2
Q71RC2	686	6.0	True	LARP4	2	2
Q71UI9	23	9.0	True	H2AZ2	1	1
Q71UI9	32	9.0	True	H2AZ2	1	1
Q71UI9	92	60.0	True	H2AZ2	1	1
Q71UM5	72		False	RPS27L	1	1
Q75N03	23	1.0	True	CBLL1	1	1
Q75N03	24	1.0	True	CBLL1	1	1
Q75N03	192	27.0	True	CBLL1	1	1
Q75N03	219	27.0	True	CBLL1	1	1
Q75N03	283	64.0	True	CBLL1	1	1
Q75N03	458	7.0	True	CBLL1	1	1
Q75N03	465	7.0	True	CBLL1	2	2
Q75N03	485	20.0	True	CBLL1	1	1
Q75N90	1834		False	FBN3	1	1
Q75WM6	146		False	H1-7	1	1
Q76L83	607	32.0	True	ASXL2	1	1
Q76L83	639	2.0	True	ASXL2	1	1
Q76L83	641	2.0	True	ASXL2	1	1
Q76N32	419		False	CEP68	1	1
Q76NI1	189		False	KNDC1	1	1
Q7KYR7	439		False	BTN2A1	1	1
Q7KZ85	89	6.0	True	SUPT6H	1	1
Q7KZ85	95	6.0	True	SUPT6H	1	1
Q7KZ85	511	416.0	False	SUPT6H	1	1
Q7KZ85	1289	206.0	False	SUPT6H	1	1
Q7KZ85	1495	206.0	False	SUPT6H	1	1
Q7KZF4	40	67.0	True	SND1	1	1
Q7KZF4	107	67.0	True	SND1	1	1
Q7KZF4	523	208.0	False	SND1	1	1
Q7KZF4	731	56.0	True	SND1	1	1
Q7KZF4	787	56.0	True	SND1	1	1
Q7KZF4	899	11.0	True	SND1	1	1
Q7KZF4	910	11.0	True	SND1	1	1
Q7KZI7	584	5.0	True	MARK2	1	1
Q7KZI7	589	5.0	True	MARK2	1	1
Q7KZI7	594	5.0	True	MARK2	1	1
Q7KZI7	628	34.0	True	MARK2	1	1
Q7L014	76	475.0	False	DDX46	1	1
Q7L014	551	3.0	True	DDX46	1	1
Q7L014	554	3.0	True	DDX46	1	1
Q7L014	729	153.0	False	DDX46	1	1
Q7L014	882	153.0	False	DDX46	1	1
Q7L0J3	123		False	SV2A	1	1
Q7L2E3	145	175.0	False	DHX30	1	1
Q7L2E3	320	57.0	True	DHX30	1	1
Q7L2E3	377	57.0	True	DHX30	1	1
Q7L2J0	86	13.0	True	MEPCE	1	1
Q7L2J0	99	13.0	True	MEPCE	1	1
Q7L2J0	117	14.0	True	MEPCE	1	1
Q7L2J0	131	14.0	True	MEPCE	1	1
Q7L2J0	266	38.0	True	MEPCE	1	1
Q7L2J0	304	38.0	True	MEPCE	1	1
Q7L2J0	377	73.0	True	MEPCE	1	1
Q7L2K0	109		False	C16orf59	1	1
Q7L3T8	55		False	PARS2	1	1
Q7L4I2	418	11.0	True	RSRC2	1	1
Q7L4I2	429	11.0	True	RSRC2	1	1
Q7L590	827		False	MCM10	1	1
Q7L591	122		False	DOK3	1	1
Q7L5N1	315	8.0	True	COPS6	1	1
Q7L5N1	323	8.0	True	COPS6	1	1
Q7L7L0	21	9.0	True	H2AW	1	1
Q7L7L0	30	9.0	True	H2AW	1	1
Q7L7L0	82	7.0	True	H2AW	1	1
Q7L7L0	89	7.0	True	H2AW	1	1
Q7L7L0	100	11.0	True	HIST3H2A	1	1
Q7L7X3	269		False	TAOK1	1	1
Q7L8L6	704		False	FASTKD5	1	1
Q7L985	471		False	LINGO2	1	1
Q7L9B9	560	9.0	True	EEPD1	1	1
Q7L9B9	569	9.0	True	EEPD1	1	1
Q7LBC6	143	212.0	False	KDM3B	1	1
Q7LBC6	355	212.0	False	KDM3B	1	1
Q7LBC6	771	416.0	False	KDM3B	1	1
Q7LBC6	1552	1.0	True	KDM3B	1	1
Q7LBC6	1553	1.0	True	KDM3B	1	1
Q7LDG7	581	4.0	True	RASGRP2	1	1
Q7LDG7	585	4.0	True	RASGRP2	1	1
Q7LG56	17		False	RRM2B	1	1
Q7LGA3	123	41.0	True	HS2ST1	1	1
Q7LGA3	164	41.0	True	HS2ST1	1	1
Q7LGC8	342		False	CHST3	1	1
Q7RTP6	234	476.0	False	MICAL3	1	1
Q7RTP6	710	476.0	False	MICAL3	1	1
Q7RTP6	1880	1170.0	False	MICAL3	1	1
Q7RTS7	452		False	KRT74	1	1
Q7RTT3	159		False	SSX9	1	1
Q7RTU0	31	13.0	True	TCF24	1	1
Q7RTU0	44	13.0	True	TCF24	1	1
Q7RTV0	12		False	PHF5A	1	1
Q7Z2G1	44		False	H2BW1	1	1
Q7Z2K6	362		False	ERMP1	1	1
Q7Z2K8	962	5.0	True	GPRIN1	1	1
Q7Z2K8	967	5.0	True	GPRIN1	1	1
Q7Z2W4	179		False	ZC3HAV1	2	2
Q7Z304	371		False	MAMDC2	1	1
Q7Z309	122		False	PABIR2	2	2
Q7Z333	332	5.0	True	SETX	1	1
Q7Z333	337	5.0	True	SETX	1	1
Q7Z333	1175	838.0	False	SETX	1	1
Q7Z3B0	51		False	SMIM15	1	1
Q7Z3B4	430	9.0	True	NUP54	1	1
Q7Z3B4	439	9.0	True	NUP54	1	1
Q7Z3C6	645	139.0	False	ATG9A	1	1
Q7Z3C6	784	12.0	True	ATG9A	1	1
Q7Z3C6	796	7.0	True	ATG9A	1	1
Q7Z3C6	803	7.0	True	ATG9A	1	1
Q7Z3E2	489		False	CCDC186	1	1
Q7Z3J3	891	237.0	False	RGPD4	1	1
Q7Z3J3	1128	237.0	False	RGPD4	1	1
Q7Z3K3	183	30.0	True	POGZ	1	1
Q7Z3K3	213	25.0	True	POGZ	1	1
Q7Z3K3	238	25.0	True	POGZ	1	1
Q7Z3T8	1196		False	ZFYVE16	1	1
Q7Z401	1586		False	DENND4A	1	1
Q7Z403	94		False	TMC6	2	2
Q7Z406	11	21.0	True	MYH14	1	1
Q7Z406	32	21.0	True	MYH14	1	1
Q7Z406	1024	330.0	False	MYH14	1	1
Q7Z406	1354	311.0	False	MYH14	1	1
Q7Z406	1665	282.0	False	MYH14	1	1
Q7Z406	1947	282.0	False	MYH14	1	1
Q7Z410	849	3.0	True	TMPRSS9	1	1
Q7Z410	852	3.0	True	TMPRSS9	1	1
Q7Z410	861	9.0	True	TMPRSS9	1	1
Q7Z417	291	10.0	True	NUFIP2	2	2
Q7Z417	301	10.0	True	NUFIP2	1	1
Q7Z422	122		False	C1orf144	1	1
Q7Z434	232	7.0	True	MAVS	1	1
Q7Z434	239	7.0	True	MAVS	1	1
Q7Z434	494	255.0	False	MAVS	1	1
Q7Z442	2306		False	PKD1L2	1	1
Q7Z460	660	2.0	True	CLASP1	1	1
Q7Z460	662	2.0	True	CLASP1	1	1
Q7Z460	664	2.0	True	CLASP1	1	1
Q7Z460	706	42.0	True	CLASP1	1	1
Q7Z460	843	29.0	True	CLASP1	1	1
Q7Z460	872	29.0	True	CLASP1	1	1
Q7Z460	1229	357.0	False	CLASP1	1	1
Q7Z478	372	296.0	False	DHX29	1	1
Q7Z478	668	6.0	True	DHX29	1	1
Q7Z478	674	6.0	True	DHX29	1	1
Q7Z494	47		False	NPHP3	1	1
Q7Z4H7	919	2.0	True	HAUS6	1	1
Q7Z4H7	921	2.0	True	HAUS6	1	1
Q7Z4H9	33	33.0	True	FAM220A	1	1
Q7Z4H9	66	33.0	True	FAM220A	1	1
Q7Z4N2	1000		False	TRPM1	1	1
Q7Z4P5	82		False	GDF7	1	1
Q7Z4V5	340	205.0	False	HDGFRP2	1	1
Q7Z4V5	545	205.0	False	HDGFRP2	1	1
Q7Z4W1	21	81.0	True	DCXR	3	3
Q7Z4W1	102	81.0	True	DCXR	1	1
Q7Z591	9	342.0	False	AKNA	1	1
Q7Z591	351	342.0	False	AKNA	1	1
Q7Z5G4	37	81.0	True	GOLGA7	1	1
Q7Z5G4	118	81.0	True	GOLGA7	1	1
Q7Z5J4	249	1203.0	False	RAI1	1	1
Q7Z5J4	1452	1203.0	False	RAI1	1	1
Q7Z5L9	109	7.0	True	IRF2BP2	1	1
Q7Z5L9	116	7.0	True	IRF2BP2	1	1
Q7Z5L9	125	3.0	True	IRF2BP2	1	1
Q7Z5L9	128	3.0	True	IRF2BP2	1	1
Q7Z5L9	291	163.0	False	IRF2BP2	1	1
Q7Z5V6	108	151.0	False	PPP1R32	1	1
Q7Z5V6	259	151.0	False	PPP1R32	1	1
Q7Z628	126	327.0	False	NET1	1	1
Q7Z628	453	327.0	False	NET1	1	1
Q7Z6B7	900		False	SRGAP1	1	1
Q7Z6E9	187	305.0	False	RBBP6	1	1
Q7Z6E9	492	30.0	True	RBBP6	1	1
Q7Z6E9	522	1.0	True	RBBP6	1	1
Q7Z6E9	523	1.0	True	RBBP6	1	1
Q7Z6E9	530	4.0	True	RBBP6	1	1
Q7Z6E9	534	4.0	True	RBBP6	1	1
Q7Z6E9	745	2.0	True	RBBP6	1	1
Q7Z6E9	747	2.0	True	RBBP6	1	1
Q7Z6E9	877	15.0	True	RBBP6	1	1
Q7Z6E9	892	15.0	True	RBBP6	1	1
Q7Z6I8	92		False	C5orf24	1	1
Q7Z6J6	384		False	FRMD5	1	1
Q7Z6J9	316		False	TSEN54	3	3
Q7Z6K4	23		False	NRARP	1	1
Q7Z6K5	3		False	ARPIN	1	1
Q7Z6M1	160		False	RABEPK	1	1
Q7Z6Z7	468	61.0	True	HUWE1	1	1
Q7Z6Z7	529	61.0	True	HUWE1	1	1
Q7Z6Z7	1901	644.0	False	HUWE1	1	1
Q7Z6Z7	2545	56.0	True	HUWE1	1	1
Q7Z6Z7	2601	56.0	True	HUWE1	1	1
Q7Z6Z7	2682	81.0	True	HUWE1	1	1
Q7Z6Z7	3138	11.0	True	HUWE1	1	1
Q7Z6Z7	3149	11.0	True	HUWE1	1	1
Q7Z6Z7	3163	14.0	True	HUWE1	1	1
Q7Z6Z7	3840	677.0	False	HUWE1	1	1
Q7Z736	553	58.0	True	PLEKHH3	1	1
Q7Z736	611	27.0	True	PLEKHH3	1	1
Q7Z736	638	4.0	True	PLEKHH3	2	2
Q7Z736	642	4.0	True	PLEKHH3	2	2
Q7Z794	95	70.0	True	KRT77	1	1
Q7Z794	165	70.0	True	KRT77	1	1
Q7Z794	554	389.0	False	KRT77	1	1
Q7Z7A1	1139		False	CNTRL	1	1
Q7Z7A3	194	55.0	True	CTU1	1	1
Q7Z7A3	249	55.0	True	CTU1	1	1
Q7Z7A3	310	2.0	True	CTU1	1	1
Q7Z7A3	312	2.0	True	CTU1	1	1
Q7Z7E8	43		False	UBE2Q1	1	1
Q7Z7F7	42	3.0	True	MRPL55	1	1
Q7Z7F7	45	3.0	True	MRPL55	1	1
Q7Z7J5	124	24.0	True	DPPA2	1	1
Q7Z7J5	148	24.0	True	DPPA2	1	1
Q7Z7M0	2023		False	MEGF8	1	1
Q86T24	491		False	ZBTB33	1	1
Q86T75	833		False	NBPF11	1	1
Q86T82	168	120.0	False	USP37	1	1
Q86T82	288	120.0	False	USP37	1	1
Q86TB9	73	60.0	True	PATL1	1	1
Q86TB9	133	1.0	True	PATL1	1	1
Q86TB9	134	1.0	True	PATL1	1	1
Q86TB9	217	6.0	True	PATL1	3	3
Q86TB9	223	6.0	True	PATL1	3	3
Q86TB9	231	8.0	True	PATL1	1	1
Q86TB9	263	13.0	True	PATL1	3	3
Q86TB9	276	8.0	True	PATL1	1	1
Q86TB9	284	8.0	True	PATL1	2	2
Q86TB9	304	12.0	True	PATL1	1	1
Q86TB9	316	12.0	True	PATL1	1	1
Q86TB9	344	7.0	True	PATL1	1	1
Q86TB9	351	7.0	True	PATL1	1	1
Q86TB9	385	34.0	True	PATL1	1	1
Q86TB9	770	385.0	False	PATL1	1	1
Q86TC9	810	40.0	True	MYPN	1	1
Q86TC9	850	40.0	True	MYPN	1	1
Q86TC9	1053	203.0	False	MYPN	1	1
Q86TG7	598	13.0	True	PEG10	1	1
Q86TG7	611	13.0	True	PEG10	1	1
Q86TL2	10		False	TMEM110	1	1
Q86TX2	24		False	ACOT1	1	1
Q86U28	15	7.0	True	ISCA2	1	1
Q86U28	22	2.0	True	ISCA2	1	1
Q86U28	24	2.0	True	ISCA2	1	1
Q86U28	97	73.0	True	ISCA2	1	1
Q86U38	21	592.0	False	NOP9	1	1
Q86U38	613	592.0	False	NOP9	1	1
Q86U42	17	6.0	True	PABPN1	2	2
Q86U42	23	1.0	True	PABPN1	1	1
Q86U42	24	1.0	True	PABPN1	1	1
Q86U42	25	1.0	True	PABPN1	1	1
Q86U42	227	11.0	True	PABPN1	1	1
Q86U42	238	2.0	True	PABPN1	2	2
Q86U42	240	2.0	True	PABPN1	2	2
Q86U42	248	3.0	True	PABPN1	1	1
Q86U42	251	3.0	True	PABPN1	1	1
Q86U42	259	4.0	True	PABPN1	3	3
Q86U42	263	2.0	True	PABPN1	2	2
Q86U42	265	2.0	True	PABPN1	1	2
Q86U42	267	2.0	True	PABPN1	1	1
Q86U42	269	2.0	True	PABPN1	1	1
Q86U42	277	2.0	True	PABPN1	1	2
Q86U42	279	2.0	True	PABPN1	2	2
Q86U42	287	2.0	True	PABPN1	1	1
Q86U42	289	2.0	True	PABPN1	1	1
Q86U42	291	2.0	True	PABPN1	1	1
Q86U42	294	2.0	True	PABPN1	1	1
Q86U42	296	2.0	True	PABPN1	1	1
Q86U42	298	2.0	True	PABPN1	1	1
Q86U44	36		False	METTL3	1	1
Q86U70	280		False	LDB1	1	1
Q86U86	534		False	PBRM1	1	1
Q86U90	34	15.0	True	YRDC	1	1
Q86U90	49	15.0	True	YRDC	1	1
Q86UA6	6		False	RPAIN	1	1
Q86UD1	217		False	OAF	1	1
Q86UE4	338		False	MTDH	1	1
Q86UF2	635		False	CTAGE6	1	1
Q86UK7	292	19.0	True	ZNF598	1	1
Q86UK7	311	3.0	True	ZNF598	1	1
Q86UK7	314	3.0	True	ZNF598	1	1
Q86UK7	320	4.0	True	ZNF598	1	1
Q86UK7	324	4.0	True	ZNF598	1	1
Q86UK7	331	7.0	True	ZNF598	1	1
Q86UK7	679	66.0	True	ZNF598	1	1
Q86UK7	745	66.0	True	ZNF598	2	2
Q86UQ4	2469		False	ABCA13	1	1
Q86US8	235	22.0	True	SMG6	1	1
Q86US8	257	22.0	True	SMG6	1	1
Q86US8	404	2.0	True	SMG6	1	1
Q86US8	406	2.0	True	SMG6	1	1
Q86US8	448	42.0	True	SMG6	1	1
Q86US8	512	64.0	True	SMG6	1	1
Q86UT8	302	6.0	True	CCDC84	1	1
Q86UT8	308	6.0	True	CCDC84	1	1
Q86UU0	593	9.0	True	BCL9L	1	1
Q86UU0	602	8.0	True	BCL9L	1	1
Q86UU0	610	8.0	True	BCL9L	1	1
Q86UU0	668	7.0	True	BCL9L	1	1
Q86UU0	675	5.0	True	BCL9L	1	1
Q86UU0	680	5.0	True	BCL9L	2	2
Q86UU0	821	141.0	False	BCL9L	1	1
Q86UU0	994	173.0	False	BCL9L	1	1
Q86UU0	1439	445.0	False	BCL9L	1	1
Q86UU1	401	111.0	False	PHLDB1	2	2
Q86UU1	512	2.0	True	PHLDB1	1	1
Q86UU1	514	2.0	True	PHLDB1	1	1
Q86UW9	213	2.0	True	DTX2	2	2
Q86UW9	215	2.0	True	DTX2	2	2
Q86UW9	233	18.0	True	DTX2	2	2
Q86UW9	256	4.0	True	DTX2	2	2
Q86UW9	260	4.0	True	DTX2	1	1
Q86UW9	281	21.0	True	DTX2	1	1
Q86UX6	8		False	STK32C	1	1
Q86UY5	419		False	FAM83A	2	2
Q86UY8	465		False	NT5DC3	1	1
Q86V15	277		False	CASZ1	1	1
Q86V42	173	6.0	True	FAM124A	1	1
Q86V42	179	6.0	True	FAM124A	1	1
Q86V48	377		False	LUZP1	1	1
Q86V71	660		False	ZNF429	1	1
Q86V81	23	8.0	True	ALYREF	1	1
Q86V81	31	7.0	True	ALYREF	1	1
Q86V81	38	7.0	True	ALYREF	3	3
Q86V81	50	6.0	True	ALYREF	1	1
Q86V81	56	2.0	True	ALYREF	2	3
Q86V81	58	2.0	True	ALYREF	3	3
Q86V81	63	5.0	True	ALYREF	3	3
Q86V81	71	2.0	True	ALYREF	2	2
Q86V81	73	2.0	True	ALYREF	1	2
Q86V81	197	5.0	True	ALYREF	2	2
Q86V81	202	2.0	True	ALYREF	1	3
Q86V81	204	2.0	True	ALYREF	3	3
Q86V81	216	1.0	True	ALYREF	2	2
Q86V81	217	1.0	True	ALYREF	1	2
Q86V81	224	2.0	True	ALYREF	1	1
Q86V81	226	2.0	True	ALYREF	1	1
Q86V85	26		False	GPR180	1	1
Q86V88	46		False	MDP1	1	1
Q86VD7	56		False	SLC25A42	1	1
Q86VF2	782		False	IGFN1	1	1
Q86VF7	419	8.0	True	NRAP	1	1
Q86VF7	427	8.0	True	NRAP	1	1
Q86VH2	727		False	KIF27	1	1
Q86VI3	324		False	IQGAP3	1	1
Q86VL8	596		False	SLC47A2	1	1
Q86VM9	239		False	ZC3H18	1	1
Q86VP6	1082		False	CAND1	1	1
Q86VQ0	301		False	LCA5	1	1
Q86VQ1	74	8.0	True	GLCCI1	1	1
Q86VQ1	82	8.0	True	GLCCI1	1	1
Q86VQ1	102	20.0	True	GLCCI1	1	1
Q86VR2	231		False	RETREG3	1	1
Q86VS8	334	257.0	False	HOOK3	1	1
Q86VS8	591	93.0	True	HOOK3	1	1
Q86VS8	684	93.0	True	HOOK3	1	1
Q86W24	314	130.0	False	NLRP14	1	1
Q86W24	444	130.0	False	NLRP14	1	1
Q86W56	61	5.0	True	PARG	1	1
Q86W56	66	5.0	True	PARG	1	1
Q86W92	527		False	PPFIBP1	1	1
Q86WA6	277		False	BPHL	1	1
Q86WA8	129		False	LONP2	1	1
Q86WB0	363		False	ZC3HC1	1	1
Q86WJ1	9	634.0	False	CHD1L	3	3
Q86WJ1	643	634.0	False	CHD1L	1	1
Q86WP2	87	9.0	True	GPBP1	2	2
Q86WP2	96	9.0	True	GPBP1	1	1
Q86WQ0	74		False	NR2C2AP	1	1
Q86WR7	28	198.0	False	C10orf47	2	2
Q86WR7	226	5.0	True	C10orf47	1	1
Q86WR7	231	3.0	True	C10orf47	1	1
Q86WR7	234	3.0	True	C10orf47	1	1
Q86WR7	252	18.0	True	PROSER2	2	2
Q86WR7	318	2.0	True	C10orf47	1	3
Q86WR7	320	2.0	True	PROSER2	3	3
Q86WR7	330	7.0	True	C10orf47	1	1
Q86WR7	337	7.0	True	C10orf47	1	1
Q86WR7	369	9.0	True	PROSER2	1	1
Q86WR7	378	2.0	True	PROSER2	3	3
Q86WR7	380	2.0	True	C10orf47	1	3
Q86WR7	387	7.0	True	C10orf47	1	1
Q86WR7	396	1.0	True	C10orf47	1	1
Q86WR7	397	1.0	True	C10orf47	1	1
Q86WR7	403	6.0	True	C10orf47	1	1
Q86WR7	414	7.0	True	PROSER2	2	2
Q86WR7	421	7.0	True	C10orf47	1	1
Q86WX3	7	1.0	True	RPS19BP1	1	1
Q86WX3	8	1.0	True	RPS19BP1	1	1
Q86WZ6	264		False	ZNF227	1	1
Q86X19	189	1.0	True	TMEM17	1	1
Q86X19	190	1.0	True	TMEM17	1	1
Q86X51	227	9.0	True	EZHIP	1	1
Q86X51	236	9.0	True	EZHIP	1	1
Q86X51	271	35.0	True	CXorf67	1	1
Q86X51	324	11.0	True	EZHIP	2	2
Q86X51	335	11.0	True	EZHIP	1	1
Q86X51	346	7.0	True	EZHIP	1	1
Q86X51	353	7.0	True	EZHIP	1	1
Q86X55	49	185.0	False	CARM1	1	1
Q86X55	234	185.0	False	CARM1	1	1
Q86X83	36		False	COMMD2	1	1
Q86XD8	293		False	ZFAND4	1	1
Q86XF0	33		False	DHFRL1	1	1
Q86XI8	542		False	C19orf68	1	1
Q86XL3	624	303.0	False	ANKLE2	1	1
Q86XL3	927	303.0	False	ANKLE2	1	1
Q86XN7	154		False	PROSER1	1	1
Q86XN8	524	7.0	True	MEX3D	1	1
Q86XN8	531	7.0	True	MEX3D	1	1
Q86XP3	12	661.0	False	DDX42	3	3
Q86XP3	673	141.0	False	DDX42	1	1
Q86XP3	814	4.0	True	DDX42	1	1
Q86XP3	818	4.0	True	DDX42	1	1
Q86XP3	875	57.0	True	DDX42	1	1
Q86XS5	277		False	ANGPTL5	1	1
Q86XZ4	449	6.0	True	SPATS2	1	1
Q86XZ4	455	6.0	True	SPATS2	1	1
Q86Y13	1000		False	DZIP3	1	1
Q86Y22	6		False	COL23A1	1	1
Q86Y37	193	173.0	False	CACUL1	1	1
Q86Y37	366	173.0	False	C10orf46	2	2
Q86Y38	91		False	XYLT1	1	1
Q86Y46	444		False	KRT73	1	1
Q86Y91	237	325.0	False	KIF18B	1	1
Q86Y91	562	325.0	False	KIF18B	1	1
Q86YP4	73	80.0	True	GATAD2A	1	1
Q86YP4	153	60.0	True	GATAD2A	1	1
Q86YP4	213	12.0	True	GATAD2A	1	1
Q86YP4	225	12.0	True	GATAD2A	1	1
Q86YP4	249	9.0	True	GATAD2A	3	3
Q86YP4	258	9.0	True	GATAD2A	3	3
Q86YP4	273	12.0	True	GATAD2A	3	3
Q86YP4	285	8.0	True	GATAD2A	2	2
Q86YP4	293	8.0	True	GATAD2A	2	2
Q86YP4	532	7.0	True	GATAD2A	1	1
Q86YP4	539	7.0	True	GATAD2A	3	3
Q86YR5	325	96.0	True	GPSM1	1	1
Q86YR5	421	18.0	True	GPSM1	1	1
Q86YR5	439	18.0	True	GPSM1	1	1
Q86YR5	479	40.0	True	GPSM1	1	1
Q86YV9	61		False	HPS6	1	1
Q86YZ3	1028	9.0	True	HRNR	1	1
Q86YZ3	1037	9.0	True	HRNR	1	1
Q86YZ3	2187	1150.0	False	HRNR	1	1
Q86Z02	1035		False	HIPK1	1	1
Q8IU60	319		False	DCP2	1	1
Q8IU81	120	57.0	True	IRF2BP1	1	1
Q8IU81	177	12.0	True	IRF2BP1	2	2
Q8IU81	189	12.0	True	IRF2BP1	1	1
Q8IU81	218	27.0	True	IRF2BP1	1	1
Q8IU81	245	27.0	True	IRF2BP1	1	1
Q8IU81	368	4.0	True	IRF2BP1	1	1
Q8IU81	372	4.0	True	IRF2BP1	1	1
Q8IUC8	447		False	GALNT13	1	1
Q8IUD2	6	14.0	True	ERC1	1	1
Q8IUD2	20	14.0	True	ERC1	1	1
Q8IUD2	93	4.0	True	ERC1	1	1
Q8IUD2	97	4.0	True	ERC1	1	1
Q8IUD2	736	639.0	False	ERC1	1	1
Q8IUE6	21	9.0	True	HIST2H2AB	1	1
Q8IUE6	30	9.0	True	HIST2H2AB	1	1
Q8IUE6	89	59.0	True	HIST2H2AB	1	1
Q8IUF8	318		False	MINA	1	1
Q8IUG5	316	414.0	False	MYO18B	1	1
Q8IUG5	730	414.0	False	MYO18B	1	1
Q8IUH5	84		False	ZDHHC17	1	1
Q8IUI8	329		False	CRLF3	1	1
Q8IUQ0	57	6.0	True	CLVS1	1	1
Q8IUQ0	63	6.0	True	CLVS1	1	1
Q8IUR7	10		False	ARMC8	1	1
Q8IUX4	136		False	APOBEC3F	1	1
Q8IV08	350		False	PLD3	1	1
Q8IV53	477		False	DENND1C	1	1
Q8IV63	50		False	VRK3	1	1
Q8IVB5	5	3.0	True	LIX1L	1	1
Q8IVB5	8	3.0	True	LIX1L	1	1
Q8IVB5	18	4.0	True	LIX1L	1	1
Q8IVB5	22	4.0	True	LIX1L	1	1
Q8IVD9	307	36.0	True	NUDCD3	1	1
Q8IVD9	343	3.0	True	NUDCD3	1	1
Q8IVD9	346	3.0	True	NUDCD3	1	1
Q8IVF2	327	17.0	True	AHNAK2	1	1
Q8IVF2	344	17.0	True	AHNAK2	1	1
Q8IVF2	2659	2315.0	False	AHNAK2	1	1
Q8IVF2	5207	2548.0	False	AHNAK2	1	1
Q8IVF4	2495		False	DNAH10	1	1
Q8IVL0	555	597.0	False	NAV3	1	1
Q8IVL0	1152	597.0	False	NAV3	1	1
Q8IVL1	496		False	NAV2	1	1
Q8IVS2	79	7.0	True	MCAT	1	1
Q8IVS2	86	7.0	True	MCAT	1	1
Q8IVS2	340	254.0	False	MCAT	1	1
Q8IVS8	422		False	GLYCTK	1	1
Q8IVT2	6	128.0	False	MISP	2	2
Q8IVT2	134	128.0	False	C19orf21	1	1
Q8IVT2	496	362.0	False	MISP	1	1
Q8IVV7	9	5.0	True	GID4	1	1
Q8IVV7	14	5.0	True	C17orf39	1	1
Q8IVW6	361	18.0	True	ARID3B	1	1
Q8IVW6	379	8.0	True	ARID3B	2	2
Q8IVW6	387	8.0	True	ARID3B	1	1
Q8IVW6	402	15.0	True	ARID3B	1	1
Q8IW35	69	475.0	False	CEP97	1	1
Q8IW35	544	475.0	False	CEP97	1	1
Q8IWA4	47		False	MFN1	1	1
Q8IWB7	46		False	WDFY1	1	1
Q8IWC1	608		False	MAP7D3	1	1
Q8IWD4	60	2.0	True	CCDC117	1	1
Q8IWD4	62	2.0	True	CCDC117	1	1
Q8IWD4	155	93.0	True	CCDC117	1	1
Q8IWF6	4	10.0	True	DENND6A	1	1
Q8IWF6	14	1.0	True	FAM116A	1	1
Q8IWF6	15	1.0	True	DENND6A	1	1
Q8IWI9	1761	14.0	True	MGA	1	1
Q8IWI9	1775	11.0	True	MGA	1	1
Q8IWI9	1786	11.0	True	MGA	1	1
Q8IWI9	1818	32.0	True	MGA	1	1
Q8IWI9	2265	447.0	False	MGA	2	2
Q8IWJ2	303	707.0	False	GCC2	1	1
Q8IWJ2	1010	707.0	False	GCC2	1	1
Q8IWN7	397		False	RP1L1	1	1
Q8IWQ3	409	2.0	True	BRSK2	1	1
Q8IWQ3	411	2.0	True	BRSK2	1	1
Q8IWQ3	437	26.0	True	BRSK2	1	1
Q8IWR0	334		False	ZC3H7A	1	1
Q8IWS0	319	16.0	True	PHF6	1	1
Q8IWS0	335	16.0	True	PHF6	1	1
Q8IWU4	6		False	SLC30A8	1	1
Q8IWV1	112		False	LAX1	1	1
Q8IWX8	510	5.0	True	CHERP	1	1
Q8IWX8	515	5.0	True	CHERP	1	1
Q8IWX8	546	4.0	True	CHERP	1	1
Q8IWX8	550	4.0	True	CHERP	1	1
Q8IWX8	559	5.0	True	CHERP	1	1
Q8IWX8	564	5.0	True	CHERP	1	1
Q8IWX8	570	6.0	True	CHERP	2	2
Q8IWX8	675	28.0	True	CHERP	2	2
Q8IWX8	703	15.0	True	CHERP	1	1
Q8IWX8	718	15.0	True	CHERP	1	1
Q8IWX8	811	27.0	True	CHERP	1	1
Q8IWX8	838	27.0	True	CHERP	1	1
Q8IWX8	898	10.0	True	CHERP	1	1
Q8IWX8	908	10.0	True	CHERP	1	1
Q8IWY9	131	3.0	True	CDAN1	1	1
Q8IWY9	134	3.0	True	CDAN1	1	1
Q8IWZ3	136	37.0	True	ANKHD1	1	1
Q8IWZ3	173	37.0	True	ANKHD1	1	1
Q8IWZ3	1713	33.0	True	ANKHD1	1	1
Q8IWZ3	1746	33.0	True	ANKHD1	1	1
Q8IWZ3	1840	94.0	True	ANKHD1	1	1
Q8IWZ3	2272	432.0	False	ANKHD1	1	1
Q8IWZ6	173		False	BBS7	1	1
Q8IWZ8	631	2.0	True	SUGP1	1	1
Q8IWZ8	633	2.0	True	SUGP1	1	1
Q8IWZ8	641	1.0	True	SUGP1	1	1
Q8IWZ8	642	1.0	True	SUGP1	1	1
Q8IX01	204	8.0	True	SUGP2	1	1
Q8IX01	212	2.0	True	SUGP2	1	1
Q8IX01	214	2.0	True	SUGP2	1	1
Q8IX01	689	475.0	False	SUGP2	1	1
Q8IX03	926		False	WWC1	1	1
Q8IX12	284	98.0	True	CCAR1	1	1
Q8IX12	382	98.0	True	CCAR1	1	1
Q8IX12	785	403.0	False	CCAR1	1	1
Q8IX18	3	7.0	True	DHX40	1	1
Q8IX18	10	7.0	True	DHX40	1	1
Q8IXB1	783		False	DNAJC10	1	1
Q8IXH7	291		False	TH1L	1	1
Q8IXJ6	316		False	SIRT2	1	1
Q8IXJ9	606		False	ASXL1	1	1
Q8IXL7	51		False	MSRB3	1	1
Q8IXQ4	207	13.0	True	KIAA1704	1	1
Q8IXQ4	220	10.0	True	KIAA1704	1	1
Q8IXQ4	230	2.0	True	KIAA1704	1	1
Q8IXQ4	232	2.0	True	KIAA1704	1	1
Q8IXQ4	325	5.0	True	KIAA1704	1	1
Q8IXQ4	330	5.0	True	GPALPP1	1	1
Q8IXQ5	21	17.0	True	KLHL7	1	1
Q8IXQ5	38	17.0	True	KLHL7	1	1
Q8IXQ8	184		False	PDZD9	1	1
Q8IXS8	311	61.0	True	FAM126B	1	1
Q8IXS8	372	4.0	True	FAM126B	1	1
Q8IXS8	376	4.0	True	FAM126B	1	1
Q8IXS8	496	120.0	False	FAM126B	1	1
Q8IXT5	93	2.0	True	RBM12B	1	1
Q8IXT5	95	2.0	True	RBM12B	1	1
Q8IXT5	160	65.0	True	RBM12B	1	1
Q8IXT5	369	209.0	False	RBM12B	1	1
Q8IXT5	732	1.0	True	RBM12B	1	2
Q8IXT5	733	1.0	True	RBM12B	2	2
Q8IXT5	740	1.0	True	RBM12B	2	2
Q8IXT5	741	1.0	True	RBM12B	2	2
Q8IXT5	749	7.0	True	RBM12B	1	1
Q8IXT5	756	1.0	True	RBM12B	1	1
Q8IXT5	757	1.0	True	RBM12B	1	1
Q8IXT5	765	7.0	True	RBM12B	1	1
Q8IXT5	772	1.0	True	RBM12B	1	1
Q8IXT5	773	1.0	True	RBM12B	1	1
Q8IXT5	788	15.0	True	RBM12B	1	1
Q8IXZ2	53	7.0	True	ZC3H3	1	1
Q8IXZ2	60	7.0	True	ZC3H3	1	1
Q8IY18	258	12.0	True	SMC5	1	1
Q8IY18	270	12.0	True	SMC5	1	1
Q8IY26	11		False	PPAPDC2	1	1
Q8IY33	435		False	MICALL2	1	1
Q8IY67	30	442.0	False	RAVER1	1	1
Q8IY67	472	5.0	True	RAVER1	1	1
Q8IY67	477	5.0	True	RAVER1	1	1
Q8IY67	581	15.0	True	RAVER1	1	1
Q8IY67	596	15.0	True	RAVER1	1	1
Q8IY81	291		False	FTSJ3	1	1
Q8IY92	1046	16.0	True	SLX4	1	1
Q8IY92	1062	16.0	True	SLX4	1	1
Q8IYB7	11	6.0	True	DIS3L2	1	1
Q8IYB7	17	6.0	True	DIS3L2	1	1
Q8IYD1	74	446.0	False	GSPT2	1	1
Q8IYD1	520	446.0	False	GSPT2	1	1
Q8IYJ2	29		False	C10orf67	1	1
Q8IYN2	51		False	TCEAL8	1	1
Q8IYQ7	652		False	THNSL1	1	1
Q8IYS4	200		False	DNAAF8	1	1
Q8IYS8	49		False	BOD1L2	1	1
Q8IYT1	125	3.0	True	FAM71A	1	1
Q8IYT1	128	3.0	True	FAM71A	1	1
Q8IYX3	397		False	CCDC116	1	1
Q8IZ07	281		False	ANKRD13A	1	1
Q8IZ40	454	25.0	True	RCOR2	1	1
Q8IZ40	479	12.0	True	RCOR2	1	1
Q8IZ40	491	7.0	True	RCOR2	1	1
Q8IZ40	498	4.0	True	RCOR2	1	1
Q8IZ40	502	4.0	True	RCOR2	1	1
Q8IZ41	76		False	RASEF	1	1
Q8IZ83	5	4.0	True	ALDH16A1	1	1
Q8IZ83	9	4.0	True	ALDH16A1	1	1
Q8IZ83	424	10.0	True	ALDH16A1	1	1
Q8IZ83	434	10.0	True	ALDH16A1	1	1
Q8IZ83	535	32.0	True	ALDH16A1	1	1
Q8IZ83	567	32.0	True	ALDH16A1	1	1
Q8IZ83	789	222.0	False	ALDH16A1	1	1
Q8IZA0	555		False	KIAA0319L	1	1
Q8IZA3	147		False	H1-8	1	1
Q8IZC6	1064	410.0	False	COL27A1	1	1
Q8IZC6	1474	410.0	False	COL27A1	1	1
Q8IZD2	792		False	MLL5	1	1
Q8IZD9	985		False	DOCK3	1	1
Q8IZE3	44		False	SCYL3	1	1
Q8IZH2	939	3.0	True	XRN1	1	1
Q8IZH2	942	3.0	True	XRN1	1	1
Q8IZH2	1464	522.0	False	XRN1	1	1
Q8IZL2	552		False	MAML2	1	1
Q8IZL8	32	2.0	True	PELP1	1	1
Q8IZL8	34	2.0	True	PELP1	1	1
Q8IZL8	48	14.0	True	PELP1	1	1
Q8IZL8	610	562.0	False	PELP1	1	1
Q8IZQ1	3472		False	WDFY3	1	1
Q8IZQ8	554		False	MYOCD	1	1
Q8IZS5	113		False	OFCC1	1	1
Q8IZT6	8	10.0	True	ASPM	2	2
Q8IZT6	18	1.0	True	ASPM	1	1
Q8IZT6	19	1.0	True	ASPM	1	1
Q8IZT6	25	6.0	True	ASPM	1	1
Q8IZT6	771	330.0	False	ASPM	1	1
Q8IZT6	1101	330.0	False	ASPM	1	1
Q8IZU9	283	4.0	True	KIRREL3	1	1
Q8IZU9	287	4.0	True	KIRREL3	1	1
Q8IZW8	224		False	TNS4	1	1
Q8N0X7	334		False	SPG20	1	1
Q8N0Y7	90		False	PGAM4	1	1
Q8N0Z3	472	307.0	False	SPICE1	1	1
Q8N0Z3	779	30.0	True	SPICE1	1	1
Q8N0Z3	809	30.0	True	SPICE1	1	1
Q8N114	9		False	SHISA5	1	1
Q8N122	709	7.0	True	RPTOR	1	1
Q8N122	716	2.0	True	RPTOR	1	1
Q8N122	718	2.0	True	RPTOR	1	1
Q8N137	258		False	CNTROB	1	1
Q8N163	16	164.0	False	CCAR2	1	1
Q8N163	180	4.0	True	CCAR2	2	2
Q8N163	184	4.0	True	CCAR2	1	1
Q8N163	206	12.0	True	KIAA1967	1	1
Q8N163	218	12.0	True	KIAA1967	1	1
Q8N163	418	200.0	False	KIAA1967	1	1
Q8N163	865	447.0	False	KIAA1967	1	1
Q8N196	121	47.0	True	SIX5	1	1
Q8N196	168	47.0	True	SIX5	1	1
Q8N1F7	67	53.0	True	NUP93	1	1
Q8N1F7	120	53.0	True	NUP93	1	1
Q8N1F7	434	314.0	False	NUP93	1	1
Q8N1G0	1060	6.0	True	ZNF687	1	1
Q8N1G0	1066	6.0	True	ZNF687	1	1
Q8N1G0	1101	35.0	True	ZNF687	1	1
Q8N1G1	187	4.0	True	REXO1	1	1
Q8N1G1	191	4.0	True	REXO1	3	3
Q8N1G1	263	72.0	True	REXO1	1	1
Q8N1G2	4	211.0	False	CMTR1	1	1
Q8N1G2	215	1.0	True	FTSJD2	1	1
Q8N1G2	216	1.0	True	FTSJD2	1	1
Q8N1G2	537	321.0	False	FTSJD2	1	1
Q8N1G4	333	91.0	True	LRRC47	1	1
Q8N1G4	424	91.0	True	LRRC47	1	1
Q8N1N4	52		False	KRT78	1	1
Q8N1W1	1516	4.0	True	ARHGEF28	1	1
Q8N1W1	1520	4.0	True	ARHGEF28	1	1
Q8N201	1498		False	INTS1	1	1
Q8N239	494		False	KLHL34	1	1
Q8N257	73	27.0	True	HIST3H2BB	1	1
Q8N257	100	27.0	True	H2BU1	1	1
Q8N2M8	13	403.0	False	CLASRP	1	1
Q8N2M8	416	4.0	True	CLASRP	1	1
Q8N2M8	420	4.0	True	CLASRP	1	1
Q8N2M8	460	40.0	True	CLASRP	1	1
Q8N2Y8	872	10.0	True	RUSC2	1	1
Q8N2Y8	882	10.0	True	RUSC2	1	1
Q8N3C0	160		False	ASCC3	1	1
Q8N3D4	134		False	EHBP1L1	1	1
Q8N3F8	182	44.0	True	MICALL1	1	1
Q8N3F8	226	44.0	True	MICALL1	1	1
Q8N3J3	59	226.0	False	C17orf53	1	1
Q8N3J3	285	10.0	True	HROB	2	2
Q8N3J3	295	10.0	True	HROB	2	2
Q8N3J3	329	8.0	True	HROB	2	2
Q8N3J3	337	8.0	True	HROB	2	2
Q8N3J3	392	55.0	True	HROB	1	1
Q8N3U4	1066	5.0	True	STAG2	2	2
Q8N3U4	1071	5.0	True	STAG2	1	1
Q8N3Z6	244	5.0	True	ZCCHC7	1	1
Q8N3Z6	249	5.0	True	ZCCHC7	1	1
Q8N414	207		False	PGBD5	1	1
Q8N442	87		False	GUF1	1	1
Q8N448	487		False	LNX2	1	1
Q8N4C8	501	8.0	True	MINK1	1	1
Q8N4C8	509	8.0	True	MINK1	2	2
Q8N4C8	638	129.0	False	MINK1	1	1
Q8N4N3	570		False	KLHL36	1	1
Q8N4Q0	46		False	ZADH2	1	1
Q8N4V1	96		False	MMGT1	1	1
Q8N543	163	277.0	False	OGFOD1	1	1
Q8N543	440	277.0	False	OGFOD1	1	1
Q8N573	504		False	OXR1	1	1
Q8N5A5	370	31.0	True	ZGPAT	2	2
Q8N5A5	401	3.0	True	ZGPAT	1	1
Q8N5A5	404	3.0	True	ZGPAT	1	1
Q8N5C6	984		False	SRBD1	1	1
Q8N5C8	189	44.0	True	TAB3	1	1
Q8N5C8	233	31.0	True	TAB3	1	1
Q8N5C8	264	31.0	True	TAB3	1	1
Q8N5F7	334		False	NKAP	1	1
Q8N5I4	256		False	DHRSX	1	1
Q8N5I9	37		False	C12orf45	1	1
Q8N5J2	105	2.0	True	FAM63A	1	1
Q8N5J2	107	2.0	True	FAM63A	1	1
Q8N5J2	445	338.0	False	FAM63A	1	1
Q8N5M4	4		False	TTC9C	1	1
Q8N5S9	102	367.0	False	CAMKK1	1	1
Q8N5S9	469	3.0	True	CAMKK1	1	1
Q8N5S9	472	3.0	True	CAMKK1	1	1
Q8N5V2	549		False	NGEF	1	1
Q8N5X7	221		False	EIF4E3	1	1
Q8N612	603	305.0	False	FAM160A2	1	1
Q8N612	908	305.0	False	FAM160A2	1	1
Q8N653	275		False	LZTR1	1	1
Q8N684	227	220.0	False	CPSF7	1	1
Q8N684	447	220.0	False	CPSF7	1	1
Q8N6H7	383		False	ARFGAP2	1	1
Q8N6I1	51	8.0	True	EID2	1	1
Q8N6I1	59	8.0	True	EID2	1	1
Q8N6I1	75	16.0	True	EID2	2	2
Q8N6N6	65	2.0	True	GTLF3B	1	1
Q8N6N6	67	2.0	True	GTLF3B	1	1
Q8N6N7	9		False	ACBD7	1	1
Q8N6R1	21		False	SERP2	1	1
Q8N6W0	129	3.0	True	CELF5	1	1
Q8N6W0	132	3.0	True	CELF5	1	1
Q8N715	515		False	CCDC185	1	1
Q8N726	115	5.0	True	CDKN2A	2	2
Q8N726	120	2.0	True	CDKN2A	2	2
Q8N726	122	2.0	True	CDKN2A	1	2
Q8N726	129	7.0	True	CDKN2A	1	1
Q8N7F7	157		False	UBL4B	1	1
Q8N7H1	8		False	LINC01465	2	2
Q8N7J2	16		False	AMER2	1	1
Q8N7L0	103		False	FAM216B	1	1
Q8N7X1	49	101.0	False	RBMXL3	1	1
Q8N7X1	150	101.0	False	RBMXL3	1	1
Q8N7X1	822	672.0	False	RBMXL3	1	1
Q8N8A6	8	22.0	True	DDX51	2	2
Q8N8A6	30	2.0	True	DDX51	1	1
Q8N8A6	32	2.0	True	DDX51	1	1
Q8N8D1	65	43.0	True	PDCD7	1	1
Q8N8D1	108	43.0	True	PDCD7	1	1
Q8N8E1	88		False	MAPKAPK5-AS1	1	1
Q8N8J7	9		False	C4orf32	1	1
Q8N8M0	198		False	NAT16	1	1
Q8N8Q3	198	4.0	True	ENDOV	1	1
Q8N8Q3	202	4.0	True	ENDOV	1	1
Q8N8Q8	154		False	COX18	1	1
Q8N8S7	527		False	ENAH	1	1
Q8N8Z3	44	19.0	True	PRR26	1	1
Q8N8Z3	63	19.0	True	PRR26	1	1
Q8N954	60		False	GPATCH11	1	1
Q8N983	4	5.0	True	MRPL43	1	1
Q8N983	9	5.0	True	MRPL43	1	1
Q8N9A8	15		False	CNEP1R1	1	1
Q8N9B5	65	22.0	True	JMY	1	1
Q8N9B5	87	2.0	True	JMY	1	1
Q8N9B5	89	2.0	True	JMY	1	1
Q8N9B5	127	38.0	True	JMY	1	1
Q8N9B5	427	300.0	False	JMY	1	1
Q8N9E0	18		False	FAM133A	1	1
Q8N9N2	284		False	ASCC1	1	1
Q8N9N5	324		False	BANP	1	1
Q8N9P6	16		False	C9orf163	1	1
Q8N9W4	467		False	GOLGA6L2	1	1
Q8N9W5	206		False	DNAAF3	1	1
Q8NA75	30		False	DCAF4L2	1	1
Q8NAF0	16	16.0	True	ZNF579	1	1
Q8NAF0	32	2.0	True	ZNF579	1	1
Q8NAF0	34	2.0	True	ZNF579	1	1
Q8NAF0	92	58.0	True	ZNF579	3	3
Q8NAF0	445	3.0	True	ZNF579	1	1
Q8NAF0	448	3.0	True	ZNF579	1	1
Q8NAV1	180		False	PRPF38A	1	1
Q8NB14	535		False	USP38	1	1
Q8NB15	240		False	ZNF511	2	2
Q8NB25	1024		False	FAM184A	1	1
Q8NBE8	489		False	KLHL23	1	1
Q8NBF2	7	2.0	True	NHLRC2	1	1
Q8NBF2	9	2.0	True	NHLRC2	1	1
Q8NBF2	237	228.0	False	NHLRC2	1	1
Q8NBF6	475	113.0	False	AVL9	1	1
Q8NBF6	588	113.0	False	AVL9	2	2
Q8NBJ4	267		False	GOLM1	1	1
Q8NBJ5	61		False	GLT25D1	1	1
Q8NBJ7	153	9.0	True	SUMF2	1	1
Q8NBJ7	162	9.0	True	SUMF2	1	1
Q8NBJ7	174	12.0	True	SUMF2	1	1
Q8NBJ7	253	79.0	True	SUMF2	1	1
Q8NBN7	308		False	RDH13	1	1
Q8NBR6	555		False	FAM63B	1	1
Q8NBS9	134		False	TXNDC5	1	1
Q8NBT0	340		False	POC1A	1	1
Q8NBU5	280		False	ATAD1	1	1
Q8NC51	108	3.0	True	SERBP1	1	1
Q8NC51	111	1.0	True	SERBP1	1	1
Q8NC51	112	1.0	True	SERBP1	1	1
Q8NC51	126	1.0	True	SERBP1	1	1
Q8NC51	127	1.0	True	SERBP1	1	1
Q8NC51	155	5.0	True	SERBP1	1	1
Q8NC51	160	3.0	True	SERBP1	2	2
Q8NC51	163	2.0	True	SERBP1	2	2
Q8NC51	165	2.0	True	SERBP1	2	2
Q8NC51	170	2.0	True	SERBP1	1	1
Q8NC51	172	2.0	True	SERBP1	1	1
Q8NC51	175	2.0	True	SERBP1	1	2
Q8NC51	177	2.0	True	SERBP1	2	2
Q8NC51	181	4.0	True	SERBP1	2	2
Q8NC51	188	7.0	True	SERBP1	2	2
Q8NC51	195	6.0	True	SERBP1	1	1
Q8NC51	201	6.0	True	SERBP1	2	2
Q8NC51	216	15.0	True	SERBP1	3	3
Q8NC51	309	55.0	True	SERBP1	1	1
Q8NC51	364	3.0	True	SERBP1	3	3
Q8NC51	367	3.0	True	SERBP1	2	2
Q8NC51	370	3.0	True	SERBP1	2	2
Q8NC51	373	3.0	True	SERBP1	1	1
Q8NC51	376	3.0	True	SERBP1	1	1
Q8NC56	10	1.0	True	LEMD2	1	1
Q8NC56	11	1.0	True	LEMD2	1	1
Q8NC56	108	10.0	True	LEMD2	1	1
Q8NC56	118	10.0	True	LEMD2	1	1
Q8NC56	130	12.0	True	LEMD2	1	1
Q8NC56	160	30.0	True	LEMD2	1	1
Q8NC74	365		False	RBBP8NL	1	1
Q8NC96	46	134.0	False	NECAP1	1	1
Q8NC96	180	134.0	False	NECAP1	3	3
Q8NCA5	238	67.0	True	FAM98B	1	1
Q8NCA5	305	3.0	True	FAM98B	1	1
Q8NCA5	308	3.0	True	FAM98B	1	1
Q8NCA5	325	11.0	True	FAM98A	1	1
Q8NCA5	336	4.0	True	FAM98A	1	1
Q8NCA5	340	4.0	True	FAM98A	1	1
Q8NCA5	351	9.0	True	FAM98A	1	1
Q8NCA5	360	3.0	True	FAM98A	1	1
Q8NCA5	363	3.0	True	FAM98A	1	1
Q8NCA5	400	37.0	True	FAM98A	1	1
Q8NCA5	483	31.0	True	FAM98A	1	1
Q8NCA5	514	31.0	True	FAM98A	1	1
Q8NCE2	638		False	MTMR14	2	2
Q8NCM8	587	719.0	False	DYNC2H1	1	1
Q8NCM8	1306	719.0	False	DYNC2H1	1	1
Q8NCM8	3342	2036.0	False	DYNC2H1	1	1
Q8NCN2	316	46.0	True	ZBTB34	1	1
Q8NCN2	362	46.0	True	ZBTB34	1	1
Q8NCN4	9	12.0	True	RNF169	1	1
Q8NCN4	21	12.0	True	RNF169	1	1
Q8NCN5	136	312.0	False	PDPR	1	1
Q8NCN5	448	17.0	True	PDPR	1	1
Q8NCN5	465	17.0	True	PDPR	1	1
Q8NCN5	630	165.0	False	PDPR	1	1
Q8NCR6	150	3.0	True	SMRP1	1	1
Q8NCR6	153	3.0	True	SMRP1	1	1
Q8NCR9	57		False	CLRN3	1	1
Q8NCU4	611		False	CCDC191	1	1
Q8NCW5	261		False	APOA1BP	1	1
Q8ND04	835	2.0	True	SMG8	1	1
Q8ND04	837	2.0	True	SMG8	1	1
Q8ND04	857	20.0	True	SMG8	1	1
Q8ND04	898	41.0	True	SMG8	2	2
Q8ND07	150		False	CCDC176	1	1
Q8ND24	359	103.0	False	RNF214	1	1
Q8ND24	462	103.0	False	RNF214	1	1
Q8ND24	619	2.0	True	RNF214	1	1
Q8ND24	621	2.0	True	RNF214	1	1
Q8ND56	258	11.0	True	LSM14A	1	1
Q8ND56	269	1.0	True	LSM14A	1	1
Q8ND56	270	1.0	True	LSM14A	1	1
Q8ND56	279	9.0	True	LSM14A	1	1
Q8ND56	389	12.0	True	LSM14A	1	1
Q8ND56	401	9.0	True	LSM14A	1	1
Q8ND56	410	2.0	True	LSM14A	1	1
Q8ND56	412	2.0	True	LSM14A	1	1
Q8ND56	427	15.0	True	LSM14A	1	1
Q8ND56	442	3.0	True	LSM14A	1	1
Q8ND56	445	3.0	True	LSM14A	1	1
Q8ND56	456	11.0	True	LSM14A	1	1
Q8ND82	107		False	ZNF280C	1	1
Q8ND83	81	266.0	False	SLAIN1	1	1
Q8ND83	347	62.0	True	SLAIN1	2	2
Q8ND83	409	62.0	True	SLAIN1	1	1
Q8ND83	471	47.0	True	SLAIN1	2	2
Q8ND83	518	25.0	True	SLAIN1	1	1
Q8ND83	543	25.0	True	SLAIN1	1	1
Q8NDA8	131		False	MROH1	1	1
Q8NDT2	58	37.0	True	RBM15B	1	1
Q8NDT2	95	37.0	True	RBM15B	1	1
Q8NDT2	210	10.0	True	RBM15B	1	1
Q8NDT2	220	7.0	True	RBM15B	1	1
Q8NDT2	227	7.0	True	RBM15B	1	1
Q8NDV7	1238	107.0	False	TNRC6A	1	1
Q8NDV7	1345	107.0	False	TNRC6A	1	1
Q8NDX1	655		False	PSD4	1	1
Q8NDX5	837	2.0	True	PHC3	1	1
Q8NDX5	839	2.0	True	PHC3	1	1
Q8NDY3	268		False	ADPRHL1	1	1
Q8NDY8	49		False	TMEM52	1	1
Q8NE01	295		False	CNNM3	1	1
Q8NE35	308		False	CPEB3	1	1
Q8NE62	181		False	CHDH	1	1
Q8NEL9	6	4.0	True	DDHD1	1	1
Q8NEL9	10	4.0	True	DDHD1	1	1
Q8NET4	1271		False	RTL9	1	1
Q8NEU8	555		False	APPL2	1	1
Q8NEV1	89		False	CSNK2A3	1	1
Q8NEV9	55		False	IL27	1	1
Q8NEY1	688	4.0	True	NAV1	1	1
Q8NEY1	692	4.0	True	NAV1	1	1
Q8NEY1	1339	647.0	False	NAV1	1	1
Q8NEY8	43	35.0	True	PPHLN1	1	1
Q8NEY8	78	35.0	True	PPHLN1	1	1
Q8NEZ4	886	1325.0	False	KMT2C	1	1
Q8NEZ4	2211	15.0	True	MLL3	1	1
Q8NEZ4	2226	2.0	True	MLL3	1	1
Q8NEZ4	2228	2.0	True	MLL3	1	1
Q8NEZ4	2235	5.0	True	MLL3	1	1
Q8NEZ4	2240	5.0	True	KMT2C	1	1
Q8NEZ4	2267	10.0	True	MLL3	1	1
Q8NEZ4	2277	10.0	True	KMT2C	2	2
Q8NEZ4	2289	12.0	True	MLL3	1	1
Q8NEZ4	2444	10.0	True	KMT2C	1	1
Q8NEZ4	2454	10.0	True	KMT2C	2	2
Q8NEZ4	2569	2.0	True	KMT2C	2	3
Q8NEZ4	2571	2.0	True	KMT2C	3	3
Q8NEZ4	2596	7.0	True	MLL3	1	1
Q8NEZ4	2603	6.0	True	MLL3	1	1
Q8NEZ4	2609	6.0	True	KMT2C	1	1
Q8NEZ4	4139	6.0	True	KMT2C	2	2
Q8NEZ4	4145	6.0	True	KMT2C	2	2
Q8NEZ4	4156	6.0	True	KMT2C	1	1
Q8NEZ4	4162	6.0	True	MLL3	1	1
Q8NF37	177	6.0	True	LPCAT1	1	1
Q8NF37	183	1.0	True	LPCAT1	1	1
Q8NF37	184	1.0	True	LPCAT1	1	1
Q8NF64	111	134.0	False	ZMIZ2	1	1
Q8NF64	245	17.0	True	ZMIZ2	2	2
Q8NF64	262	17.0	True	ZMIZ2	3	3
Q8NF64	309	47.0	True	ZMIZ2	2	2
Q8NFA0	935		False	USP32	1	1
Q8NFC6	1075	110.0	False	BOD1L1	1	1
Q8NFC6	1185	110.0	False	BOD1L1	1	1
Q8NFD2	237		False	ANKK1	1	1
Q8NFD5	487	108.0	False	ARID1B	1	1
Q8NFD5	595	13.0	True	ARID1B	1	1
Q8NFD5	608	13.0	True	ARID1B	1	1
Q8NFD5	640	8.0	True	ARID1B	2	2
Q8NFD5	648	8.0	True	ARID1B	1	1
Q8NFD5	1342	102.0	False	ARID1B	1	1
Q8NFD5	1444	102.0	False	ARID1B	1	1
Q8NFD5	1636	37.0	True	ARID1B	1	1
Q8NFD5	1673	37.0	True	ARID1B	1	1
Q8NFG4	477		False	FLCN	1	1
Q8NFH4	105		False	NUP37	1	1
Q8NFI3	341	11.0	True	ENGASE	1	1
Q8NFI3	352	11.0	True	ENGASE	1	1
Q8NFP9	2014	1.0	True	NBEA	1	1
Q8NFP9	2015	1.0	True	NBEA	1	1
Q8NFQ8	7		False	TOR1AIP2	1	1
Q8NFV4	36		False	ABHD11	1	1
Q8NFW1	685	354.0	False	COL22A1	1	1
Q8NFW1	1039	354.0	False	COL22A1	1	1
Q8NFW8	16	2.0	True	CMAS	1	1
Q8NFW8	18	2.0	True	CMAS	1	1
Q8NFW8	21	2.0	True	CMAS	1	1
Q8NFW8	23	2.0	True	CMAS	1	1
Q8NFW8	37	14.0	True	CMAS	1	1
Q8NFW8	52	15.0	True	CMAS	1	1
Q8NG48	317		False	LINS1	1	1
Q8NG75	151		False	OR5T1	1	1
Q8NGG2	178		False	OR5T2	1	1
Q8NGG3	169		False	OR5T3	1	1
Q8NGK0	156		False	OR51G2	1	1
Q8NGZ6	88		False	OR6F1	1	1
Q8NHH9	9		False	ATL2	1	1
Q8NHM5	1231		False	KDM2B	1	1
Q8NHP1	21		False	AKR7L	1	1
Q8NHP8	354		False	PLBD2	1	1
Q8NHQ9	218		False	DDX55	1	1
Q8NHV5	54		False	MOSMO	1	1
Q8NHY3	460	11.0	True	GAS2L2	1	1
Q8NHY3	471	11.0	True	GAS2L2	1	1
Q8NHY6	59		False	ZFP28	1	1
Q8NI27	428		False	THOC2	1	1
Q8NI28	38		False	C7orf13	1	1
Q8NI35	286	1256.0	False	INADL	1	1
Q8NI35	1542	1256.0	False	INADL	1	1
Q8NI36	744		False	WDR36	2	2
Q8TAE6	27	17.0	True	PPP1R14C	1	1
Q8TAE6	44	17.0	True	PPP1R14C	1	1
Q8TAE8	33	1.0	True	GADD45GIP1	1	1
Q8TAE8	34	1.0	True	GADD45GIP1	1	1
Q8TAE8	38	4.0	True	GADD45GIP1	1	1
Q8TAE8	55	17.0	True	GADD45GIP1	1	1
Q8TAE8	117	62.0	True	GADD45GIP1	1	1
Q8TAG9	189		False	EXOC6	1	1
Q8TAP9	7	21.0	True	MPLKIP	1	1
Q8TAP9	28	9.0	True	MPLKIP	1	1
Q8TAP9	37	5.0	True	MPLKIP	1	1
Q8TAP9	42	5.0	True	MPLKIP	1	1
Q8TAP9	57	2.0	True	MPLKIP	3	3
Q8TAP9	59	2.0	True	MPLKIP	3	3
Q8TAP9	68	9.0	True	MPLKIP	3	3
Q8TAP9	77	9.0	True	MPLKIP	2	2
Q8TAP9	92	15.0	True	MPLKIP	1	1
Q8TAP9	117	9.0	True	MPLKIP	3	3
Q8TAP9	126	2.0	True	MPLKIP	2	2
Q8TAP9	128	2.0	True	MPLKIP	1	2
Q8TAQ2	288	1.0	True	SMARCC2	1	1
Q8TAQ2	289	1.0	True	SMARCC2	1	1
Q8TAQ2	750	181.0	False	SMARCC2	1	1
Q8TAQ2	931	181.0	False	SMARCC2	1	1
Q8TAT6	607		False	NPLOC4	1	1
Q8TAU3	7		False	ZNF417	1	1
Q8TAZ6	66	4.0	True	CMTM2	1	1
Q8TAZ6	70	4.0	True	CMTM2	1	1
Q8TB24	3	7.0	True	RIN3	1	1
Q8TB24	10	7.0	True	RIN3	1	1
Q8TB72	454	8.0	True	PUM2	1	1
Q8TB72	462	8.0	True	PUM2	1	1
Q8TB72	674	20.0	True	PUM2	1	1
Q8TB72	694	2.0	True	PUM2	1	1
Q8TB72	696	2.0	True	PUM2	1	1
Q8TB72	798	102.0	False	PUM2	1	1
Q8TBC3	658	21.0	True	SHKBP1	1	1
Q8TBC3	679	21.0	True	SHKBP1	1	1
Q8TBC4	135	160.0	False	UBA3	1	1
Q8TBC4	295	160.0	False	UBA3	1	1
Q8TBC5	409		False	ZSCAN18	1	1
Q8TBQ9	34		False	TMEM167A	1	1
Q8TBY8	546		False	PMFBP1	1	1
Q8TC07	417		False	TBC1D15	1	1
Q8TC26	22		False	TMEM163	1	1
Q8TC27	551		False	ADAM32	1	1
Q8TC59	76	70.0	True	PIWIL2	1	1
Q8TC59	146	12.0	True	PIWIL2	1	1
Q8TC59	158	12.0	True	PIWIL2	1	1
Q8TC84	259		False	FANK1	1	1
Q8TCC3	118		False	MRPL30	1	1
Q8TCG1	656	6.0	True	KIAA1524	1	1
Q8TCG1	662	6.0	True	KIAA1524	1	1
Q8TCG2	177		False	PI4K2B	1	1
Q8TCI5	94		False	PIFO	1	1
Q8TCS8	54	57.0	True	PNPT1	1	1
Q8TCS8	111	7.0	True	PNPT1	1	1
Q8TCS8	118	7.0	True	PNPT1	1	1
Q8TCU4	2614	2.0	True	ALMS1	1	1
Q8TCU4	2616	2.0	True	ALMS1	1	1
Q8TCU4	2669	53.0	True	ALMS1	1	1
Q8TCU5	12		False	GRIN3A	1	1
Q8TCU6	1209		False	PREX1	1	1
Q8TCX5	632	7.0	True	RHPN1	1	1
Q8TCX5	639	7.0	True	RHPN1	1	1
Q8TD08	449		False	MAPK15	2	2
Q8TD16	647		False	BICD2	1	1
Q8TD19	60	555.0	False	NEK9	1	1
Q8TD19	615	2.0	True	NEK9	1	1
Q8TD19	617	2.0	True	NEK9	1	1
Q8TD26	2417		False	CHD6	1	1
Q8TD30	65		False	GPT2	1	1
Q8TD47	145	3.0	True	RPS4Y2	1	1
Q8TD47	148	3.0	True	RPS4Y2	1	1
Q8TD55	400		False	PLEKHO2	1	1
Q8TD57	167	7.0	True	DNAH3	1	1
Q8TD57	174	7.0	True	DNAH3	1	1
Q8TDC3	431	35.0	True	BRSK1	1	1
Q8TDC3	466	15.0	True	BRSK1	1	1
Q8TDC3	481	3.0	True	BRSK1	1	1
Q8TDC3	484	3.0	True	BRSK1	1	1
Q8TDC3	498	12.0	True	BRSK1	1	1
Q8TDC3	510	12.0	True	BRSK1	1	1
Q8TDC3	525	15.0	True	BRSK1	1	1
Q8TDD1	664	138.0	False	DDX54	1	1
Q8TDD1	802	18.0	True	DDX54	1	1
Q8TDD1	820	18.0	True	DDX54	1	1
Q8TDD1	844	24.0	True	DDX54	2	2
Q8TDD1	868	24.0	True	DDX54	1	1
Q8TDI0	1325	140.0	False	CHD5	1	1
Q8TDI0	1465	46.0	True	CHD5	1	1
Q8TDI0	1511	46.0	True	CHD5	1	1
Q8TDI0	1755	244.0	False	CHD5	1	1
Q8TDI8	158		False	TMC1	1	1
Q8TDJ6	691		False	DMXL2	1	1
Q8TDN4	107	57.0	True	CABLES1	1	1
Q8TDN4	164	57.0	True	CABLES1	1	1
Q8TDN6	9	73.0	True	BRIX1	2	2
Q8TDN6	82	73.0	True	BRIX1	1	1
Q8TDP1	64	2.0	True	RNASEH2C	1	1
Q8TDP1	66	2.0	True	RNASEH2C	1	1
Q8TDP1	114	48.0	True	RNASEH2C	1	1
Q8TDY2	83	127.0	False	RB1CC1	1	1
Q8TDY2	210	4.0	True	RB1CC1	1	1
Q8TDY2	214	4.0	True	RB1CC1	1	1
Q8TE49	733	3.0	True	OTUD7A	1	1
Q8TE49	736	3.0	True	OTUD7A	1	1
Q8TE49	880	144.0	False	OTUD7A	1	1
Q8TE56	864		False	ADAMTS17	1	1
Q8TE68	209	2.0	True	EPS8L1	1	1
Q8TE68	211	2.0	True	EPS8L1	1	1
Q8TE73	1226		False	DNAH5	1	1
Q8TE82	1294		False	SH3TC1	1	1
Q8TEA7	503		False	TBCK	1	1
Q8TEA8	53	154.0	False	DTD1	1	1
Q8TEA8	207	154.0	False	DTD1	1	1
Q8TEB7	185		False	RNF128	1	1
Q8TEB9	285	4.0	True	RHBDD1	1	1
Q8TEB9	289	4.0	True	RHBDD1	1	1
Q8TEC5	84		False	SH3RF2	1	1
Q8TED0	270	96.0	True	UTP15	1	1
Q8TED0	366	96.0	True	UTP15	1	1
Q8TEL6	14	2.0	True	TRPC4AP	1	1
Q8TEL6	16	2.0	True	TRPC4AP	1	1
Q8TEM1	169	1054.0	False	NUP210	1	1
Q8TEM1	1223	23.0	True	NUP210	1	1
Q8TEM1	1246	23.0	True	NUP210	1	1
Q8TEM1	1584	5.0	True	NUP210	1	1
Q8TEM1	1589	5.0	True	NUP210	1	1
Q8TEQ6	260	12.0	True	GEMIN5	1	1
Q8TEQ6	272	1.0	True	GEMIN5	1	1
Q8TEQ6	273	1.0	True	GEMIN5	1	1
Q8TEQ6	1351	1078.0	False	GEMIN5	1	1
Q8TER5	388	575.0	False	ARHGEF40	1	1
Q8TER5	963	3.0	True	ARHGEF40	1	1
Q8TER5	966	3.0	True	ARHGEF40	1	1
Q8TER5	983	17.0	True	ARHGEF40	1	1
Q8TER5	1062	2.0	True	ARHGEF40	1	1
Q8TER5	1064	2.0	True	ARHGEF40	1	1
Q8TER5	1076	12.0	True	ARHGEF40	1	1
Q8TES7	247	790.0	False	FBF1	1	1
Q8TES7	1037	790.0	False	FBF1	1	1
Q8TEW0	294	3.0	True	PARD3	1	1
Q8TEW0	297	3.0	True	PARD3	1	1
Q8TEW0	673	9.0	True	PARD3	1	1
Q8TEW0	682	9.0	True	PARD3	1	1
Q8TEW8	1087	94.0	True	PARD3B	1	1
Q8TEW8	1181	10.0	True	PARD3B	1	1
Q8TEW8	1191	10.0	True	PARD3B	1	1
Q8TEX9	77	450.0	False	IPO4	1	1
Q8TEX9	527	450.0	False	IPO4	1	1
Q8TF17	529	76.0	True	SH3TC2	1	1
Q8TF17	605	76.0	True	SH3TC2	1	1
Q8TF30	594		False	WHAMM	1	1
Q8TF44	22		False	C2CD4C	1	1
Q8TF61	360	12.0	True	FBXO41	1	1
Q8TF61	372	12.0	True	FBXO41	1	1
Q8TF61	530	158.0	False	FBXO41	1	1
Q8TF68	194		False	ZNF384	1	1
Q8TF72	292		False	SHROOM3	1	1
Q8TF74	37	82.0	True	WIPF2	2	2
Q8TF74	119	82.0	True	WIPF2	1	1
Q8TF74	292	18.0	True	WIPF2	1	1
Q8TF74	310	11.0	True	WIPF2	1	1
Q8TF74	321	11.0	True	WIPF2	1	1
Q8TF74	356	35.0	True	WIPF2	1	1
Q8TF74	430	74.0	True	WIPF2	1	1
Q8WTQ1	47	3.0	True	DEFB104A	1	1
Q8WTQ1	50	3.0	True	DEFB104A	1	1
Q8WTQ4	78	4.0	True	C16orf78	1	1
Q8WTQ4	82	1.0	True	C16orf78	1	1
Q8WTQ4	83	1.0	True	C16orf78	1	1
Q8WTS6	152		False	SETD7	1	1
Q8WTV1	43		False	THAP3	1	1
Q8WTW3	559		False	COG1	1	1
Q8WUA2	21	2.0	True	PPIL4	1	1
Q8WUA2	23	2.0	True	PPIL4	1	1
Q8WUA2	309	126.0	False	PPIL4	1	1
Q8WUA2	435	2.0	True	PPIL4	1	1
Q8WUA2	437	2.0	True	PPIL4	1	1
Q8WUA2	441	2.0	True	PPIL4	1	1
Q8WUA2	443	2.0	True	PPIL4	1	1
Q8WUA4	831	36.0	True	GTF3C2	1	1
Q8WUA4	867	9.0	True	GTF3C2	1	1
Q8WUA4	876	9.0	True	GTF3C2	1	1
Q8WUF5	66	3.0	True	PPP1R13L	1	1
Q8WUF5	69	3.0	True	PPP1R13L	1	1
Q8WUF5	82	4.0	True	PPP1R13L	2	2
Q8WUF5	86	4.0	True	PPP1R13L	1	1
Q8WUF5	117	5.0	True	PPP1R13L	2	2
Q8WUF5	122	5.0	True	PPP1R13L	2	2
Q8WUF5	137	5.0	True	PPP1R13L	1	1
Q8WUF5	142	2.0	True	PPP1R13L	2	2
Q8WUF5	144	2.0	True	PPP1R13L	1	2
Q8WUF5	155	5.0	True	PPP1R13L	1	1
Q8WUF5	160	5.0	True	PPP1R13L	2	2
Q8WUF5	167	7.0	True	PPP1R13L	2	2
Q8WUF5	180	5.0	True	PPP1R13L	3	3
Q8WUF5	185	5.0	True	PPP1R13L	2	2
Q8WUF5	200	5.0	True	PPP1R13L	1	1
Q8WUF5	205	5.0	True	PPP1R13L	1	1
Q8WUF5	235	8.0	True	PPP1R13L	1	1
Q8WUF5	243	8.0	True	PPP1R13L	1	1
Q8WUF5	322	22.0	True	PPP1R13L	1	1
Q8WUF5	344	18.0	True	PPP1R13L	2	2
Q8WUF5	362	4.0	True	PPP1R13L	1	1
Q8WUF5	366	4.0	True	PPP1R13L	1	1
Q8WUF5	389	11.0	True	PPP1R13L	1	1
Q8WUF5	400	11.0	True	PPP1R13L	2	2
Q8WUI4	277		False	HDAC7	1	1
Q8WUM0	9	8.0	True	NUP133	1	1
Q8WUM0	17	8.0	True	NUP133	3	3
Q8WUM0	30	13.0	True	NUP133	2	2
Q8WUM0	54	7.0	True	NUP133	1	1
Q8WUM0	61	7.0	True	NUP133	1	1
Q8WUM0	637	576.0	False	NUP133	1	1
Q8WUM4	322	51.0	True	PDCD6IP	1	1
Q8WUM4	373	51.0	True	PDCD6IP	1	1
Q8WUM4	456	83.0	True	PDCD6IP	1	1
Q8WUM4	606	139.0	False	PDCD6IP	1	1
Q8WUM4	745	12.0	True	PDCD6IP	3	3
Q8WUM4	757	10.0	True	PDCD6IP	1	1
Q8WUM4	767	10.0	True	PDCD6IP	1	1
Q8WUP2	39	2.0	True	FBLIM1	1	1
Q8WUP2	41	2.0	True	FBLIM1	1	1
Q8WUT4	448		False	LRRN4	1	1
Q8WUW1	46		False	BRK1	1	1
Q8WUX9	405		False	CHMP7	1	1
Q8WUZ0	82		False	BCL7C	1	1
Q8WVB6	966		False	CHTF18	1	1
Q8WVC0	511	63.0	True	LEO1	1	1
Q8WVC0	574	63.0	True	LEO1	1	1
Q8WVC6	79	1.0	True	DCAKD	1	1
Q8WVC6	80	1.0	True	DCAKD	1	1
Q8WVD3	80		False	RNF138	1	1
Q8WVM7	65		False	STAG1	1	1
Q8WVM8	575		False	SCFD1	1	1
Q8WVV9	16		False	HNRPLL	1	1
Q8WVX3	18		False	C4orf3	1	1
Q8WW12	16		False	PCNP	1	1
Q8WWH5	88		False	TRUB1	1	1
Q8WWI1	51	261.0	False	LMO7	1	1
Q8WWI1	312	261.0	False	LMO7	1	1
Q8WWI1	915	7.0	True	LMO7	1	1
Q8WWI1	922	7.0	True	LMO7	1	1
Q8WWI1	1488	102.0	False	LMO7	1	1
Q8WWI1	1590	102.0	False	LMO7	1	1
Q8WWM7	71	19.0	True	ATXN2L	1	1
Q8WWM7	90	19.0	True	ATXN2L	1	1
Q8WWM7	355	2.0	True	ATXN2L	1	1
Q8WWM7	357	2.0	True	ATXN2L	1	1
Q8WWM7	361	4.0	True	ATXN2L	2	2
Q8WWM7	365	4.0	True	ATXN2L	1	1
Q8WWM7	370	3.0	True	ATXN2L	1	1
Q8WWM7	373	3.0	True	ATXN2L	1	1
Q8WWM7	382	9.0	True	ATXN2L	1	1
Q8WWM7	399	15.0	True	ATXN2L	1	1
Q8WWM7	414	3.0	True	ATXN2L	1	1
Q8WWM7	417	3.0	True	ATXN2L	3	3
Q8WWM7	428	11.0	True	ATXN2L	1	1
Q8WWM7	539	7.0	True	ATXN2L	1	1
Q8WWM7	546	7.0	True	ATXN2L	1	1
Q8WWM7	688	142.0	False	ATXN2L	1	1
Q8WWN8	1254		False	ARAP3	1	1
Q8WWQ0	657	15.0	True	PHIP	1	1
Q8WWQ0	672	15.0	True	PHIP	1	1
Q8WWQ0	1804	2.0	True	PHIP	2	2
Q8WWQ0	1806	2.0	True	PHIP	1	2
Q8WWR8	17		False	NEU4	1	1
Q8WWV3	103		False	RTN4IP1	1	1
Q8WWY3	289	83.0	True	PRPF31	1	1
Q8WWY3	372	83.0	True	PRPF31	1	1
Q8WWZ7	218		False	ABCA5	1	1
Q8WX93	770	328.0	False	PALLD	1	1
Q8WX93	1098	2.0	True	PALLD	1	1
Q8WX93	1100	2.0	True	PALLD	1	1
Q8WXA9	387	7.0	True	SREK1	1	1
Q8WXA9	394	7.0	True	SREK1	1	1
Q8WXD9	398		False	CASKIN1	2	2
Q8WXE0	355	9.0	True	CASKIN2	1	1
Q8WXE0	364	9.0	True	CASKIN2	1	1
Q8WXE0	851	4.0	True	CASKIN2	1	1
Q8WXE0	855	4.0	True	CASKIN2	1	1
Q8WXE0	862	7.0	True	CASKIN2	1	1
Q8WXE0	1126	264.0	False	CASKIN2	1	1
Q8WXE1	33		False	ATRIP	1	1
Q8WXF1	4	7.0	True	PSPC1	2	2
Q8WXF1	11	7.0	True	PSPC1	1	1
Q8WXF1	192	146.0	False	PSPC1	1	1
Q8WXF1	338	35.0	True	PSPC1	1	1
Q8WXF1	373	19.0	True	PSPC1	1	1
Q8WXF1	392	7.0	True	PSPC1	1	1
Q8WXF1	399	7.0	True	PSPC1	1	1
Q8WXF1	507	13.0	True	PSPC1	3	3
Q8WXF1	520	13.0	True	PSPC1	1	1
Q8WXH0	2345	581.0	False	SYNE2	1	1
Q8WXH0	2926	581.0	False	SYNE2	1	1
Q8WXH2	548		False	JPH3	1	1
Q8WXI7	10296		False	MUC16	1	1
Q8WXI9	10	230.0	False	GATAD2B	1	1
Q8WXI9	240	9.0	True	GATAD2B	1	1
Q8WXI9	249	9.0	True	GATAD2B	1	1
Q8WXI9	264	13.0	True	GATAD2B	1	1
Q8WXI9	277	9.0	True	GATAD2B	1	1
Q8WXI9	286	9.0	True	GATAD2B	2	2
Q8WXI9	331	45.0	True	GATAD2B	1	1
Q8WXI9	478	31.0	True	GATAD2B	1	1
Q8WXI9	509	11.0	True	GATAD2B	1	1
Q8WXI9	520	7.0	True	GATAD2B	1	1
Q8WXI9	527	7.0	True	GATAD2B	1	1
Q8WXI9	571	44.0	True	GATAD2B	1	1
Q8WXK1	546	1.0	True	ASB15	1	1
Q8WXK1	547	1.0	True	ASB15	1	1
Q8WXW3	441		False	PIBF1	1	1
Q8WXX0	2438		False	DNAH7	1	1
Q8WXX5	46	26.0	True	DNAJC9	1	1
Q8WXX5	72	23.0	True	DNAJC9	1	1
Q8WXX5	95	23.0	True	DNAJC9	1	1
Q8WXX7	6	5.0	True	AUTS2	1	1
Q8WXX7	11	5.0	True	AUTS2	1	1
Q8WXX7	27	16.0	True	AUTS2	1	1
Q8WXX7	510	66.0	True	AUTS2	1	1
Q8WXX7	576	66.0	True	AUTS2	1	1
Q8WXX7	795	219.0	False	AUTS2	1	1
Q8WXX7	1092	5.0	True	AUTS2	1	1
Q8WXX7	1097	5.0	True	AUTS2	1	1
Q8WXX7	1103	5.0	True	AUTS2	2	2
Q8WXX7	1108	5.0	True	AUTS2	1	1
Q8WXX7	1114	6.0	True	AUTS2	1	1
Q8WXX7	1145	31.0	True	AUTS2	1	1
Q8WYA0	333	12.0	True	IFT81	1	1
Q8WYA0	345	12.0	True	IFT81	1	1
Q8WYA6	13	52.0	True	CTNNBL1	1	1
Q8WYA6	65	52.0	True	CTNNBL1	1	1
Q8WYA6	469	15.0	True	CTNNBL1	1	1
Q8WYA6	484	15.0	True	CTNNBL1	1	1
Q8WYB5	374	891.0	False	KAT6B	1	1
Q8WYB5	1265	647.0	False	KAT6B	1	1
Q8WYB5	1912	14.0	True	KAT6B	1	1
Q8WYB5	1926	14.0	True	KAT6B	1	1
Q8WYB5	2072	146.0	False	KAT6B	1	1
Q8WYH8	106	20.0	True	ING5	1	1
Q8WYH8	126	20.0	True	ING5	3	3
Q8WYJ6	245		False	SEPTIN1	1	1
Q8WYP5	735		False	AHCTF1	1	1
Q8WZ19	294		False	KCTD13	1	1
Q8WZ42	11807	14874.0	False	TTN	1	1
Q8WZ42	26681	14874.0	False	TTN	1	1
Q8WZ73	98		False	RFFL	1	1
Q8WZ74	451		False	CTTNBP2	1	1
Q92481	126		False	TFAP2B	1	1
Q92499	98	479.0	False	DDX1	1	1
Q92499	577	57.0	True	DDX1	1	1
Q92499	634	57.0	True	DDX1	1	1
Q92522	57	71.0	True	H1FX	1	1
Q92522	128	71.0	True	H1FX	1	1
Q92526	35		False	CCT6B	1	1
Q92527	22		False	ANKRD7	1	1
Q92530	204	1.0	True	PSMF1	1	2
Q92530	205	1.0	True	PSMF1	2	2
Q92530	214	5.0	True	PSMF1	1	1
Q92530	219	5.0	True	PSMF1	1	1
Q92530	231	12.0	True	PSMF1	3	3
Q92538	759		False	GBF1	1	1
Q92540	892	10.0	True	SMG7	1	1
Q92540	902	8.0	True	SMG7	1	1
Q92540	910	8.0	True	SMG7	2	2
Q92540	943	33.0	True	SMG7	1	1
Q92542	434		False	NCSTN	1	1
Q92544	81		False	TM9SF4	1	1
Q92547	1096		False	TOPBP1	1	1
Q92556	328		False	ELMO1	1	1
Q92558	114	193.0	False	WASF1	1	1
Q92558	307	8.0	True	WASF1	1	1
Q92558	315	8.0	True	WASF1	1	1
Q92562	55		False	FIG4	1	1
Q92567	102	36.0	True	FAM168A	1	1
Q92567	138	36.0	True	FAM168A	1	1
Q92567	189	51.0	True	FAM168A	1	1
Q92570	187		False	NR4A3	2	2
Q92574	1033		False	TSC1	1	1
Q92575	240		False	UBXN4	1	1
Q92576	471	1285.0	False	PHF3	1	1
Q92576	1756	29.0	True	PHF3	1	1
Q92576	1785	5.0	True	PHF3	1	1
Q92576	1790	5.0	True	PHF3	1	1
Q92576	1799	9.0	True	PHF3	2	2
Q92576	1867	10.0	True	PHF3	2	2
Q92576	1877	10.0	True	PHF3	2	2
Q92576	1911	4.0	True	PHF3	2	2
Q92576	1915	4.0	True	PHF3	1	1
Q92576	1920	2.0	True	PHF3	1	1
Q92576	1922	2.0	True	PHF3	1	1
Q92585	75	752.0	False	MAML1	1	1
Q92585	827	752.0	False	MAML1	1	1
Q92598	33	232.0	False	HSPH1	1	1
Q92598	265	232.0	False	HSPA4L	1	1
Q92599	17		False	SEPTIN8	1	1
Q92608	1601		False	DOCK2	1	1
Q92613	613		False	PHF16	1	1
Q92614	43	1540.0	False	MYO18A	1	1
Q92614	1583	1540.0	False	MYO18A	1	1
Q92615	404	15.0	True	LARP4B	2	2
Q92615	419	8.0	True	LARP4B	3	3
Q92615	427	8.0	True	LARP4B	1	1
Q92615	444	17.0	True	LARP4B	1	1
Q92615	463	19.0	True	LARP4B	1	1
Q92615	493	2.0	True	LARP4B	2	2
Q92615	495	2.0	True	LARP4B	2	2
Q92615	553	58.0	True	LARP4B	1	1
Q92615	623	70.0	True	LARP4B	1	1
Q92616	840	593.0	False	GCN1L1	1	1
Q92616	1433	540.0	False	GCN1	1	1
Q92616	1973	540.0	False	GCN1L1	1	1
Q92616	2521	46.0	True	GCN1L1	1	1
Q92616	2567	46.0	True	GCN1L1	1	1
Q92618	658	428.0	False	ZNF516	1	1
Q92618	1086	4.0	True	ZNF516	2	2
Q92618	1090	4.0	True	ZNF516	2	2
Q92620	133	148.0	False	DHX38	1	1
Q92620	281	1.0	True	DHX38	1	1
Q92620	282	1.0	True	DHX38	1	1
Q92620	289	7.0	True	DHX38	1	1
Q92621	1269		False	NUP205	1	1
Q92625	832		False	ANKS1A	1	1
Q92626	1248		False	PXDN	1	1
Q92630	18		False	DYRK2	1	1
Q92673	1985		False	SORL1	1	1
Q92686	38	30.0	True	NRGN	1	1
Q92686	68	30.0	True	NRGN	2	2
Q92688	12	2.0	True	ANP32B	1	1
Q92688	14	2.0	True	ANP32A	1	1
Q92688	75	61.0	True	ANP32B	1	1
Q92734	22	122.0	False	TFG	1	1
Q92734	144	122.0	False	TFG	1	1
Q92734	383	2.0	True	TFG	1	3
Q92734	385	2.0	True	TFG	3	3
Q92734	400	15.0	True	TFG	3	3
Q92738	509		False	USP6NL	1	1
Q92747	74		False	ARPC1A	1	1
Q92750	87		False	TAF4B	1	1
Q92769	37	329.0	False	HDAC2	1	1
Q92769	366	329.0	False	HDAC2	1	1
Q92785	38	24.0	True	DPF2	1	1
Q92785	62	15.0	True	DPF2	1	1
Q92785	77	1.0	True	DPF2	1	1
Q92785	78	1.0	True	DPF2	1	1
Q92785	92	14.0	True	DPF2	1	1
Q92786	38		False	PROX1	1	1
Q92793	218	2.0	True	CREBBP	1	2
Q92793	220	2.0	True	CREBBP	2	2
Q92793	519	82.0	True	CREBBP	1	1
Q92793	601	82.0	True	CREBBP	1	1
Q92793	714	28.0	True	CREBBP	1	1
Q92793	742	26.0	True	CREBBP	1	1
Q92793	768	26.0	True	CREBBP	1	1
Q92793	1341	573.0	False	CREBBP	1	1
Q92793	2353	13.0	True	CREBBP	1	1
Q92793	2366	13.0	True	CREBBP	1	1
Q92794	1877	12.0	True	KAT6A	1	1
Q92794	1889	12.0	True	KAT6A	1	1
Q92794	2003	114.0	False	KAT6A	1	1
Q92797	215		False	SYMPK	1	1
Q92804	164	11.0	True	TAF15	1	1
Q92804	175	10.0	True	TAF15	2	2
Q92804	185	2.0	True	TAF15	2	2
Q92804	187	2.0	True	TAF15	2	2
Q92804	195	8.0	True	TAF15	2	2
Q92804	206	10.0	True	TAF15	3	3
Q92804	216	10.0	True	TAF15	1	1
Q92804	320	1.0	True	TAF15	1	1
Q92804	321	1.0	True	TAF15	1	1
Q92804	326	5.0	True	TAF15	2	2
Q92804	334	3.0	True	TAF15	2	2
Q92804	337	3.0	True	TAF15	1	1
Q92804	343	6.0	True	TAF15	1	1
Q92804	349	6.0	True	TAF15	1	1
Q92804	373	10.0	True	TAF15	1	1
Q92804	383	5.0	True	TAF15	1	1
Q92804	388	5.0	True	TAF15	1	1
Q92804	395	2.0	True	TAF15	2	2
Q92804	397	2.0	True	TAF15	2	2
Q92804	403	3.0	True	TAF15	2	2
Q92804	406	3.0	True	TAF15	1	1
Q92804	415	9.0	True	TAF15	2	2
Q92804	431	10.0	True	TAF15	2	2
Q92804	441	9.0	True	TAF15	1	1
Q92804	450	9.0	True	TAF15	1	1
Q92804	459	8.0	True	TAF15	3	3
Q92804	467	8.0	True	TAF15	2	2
Q92804	475	8.0	True	TAF15	3	3
Q92804	483	7.0	True	TAF15	2	2
Q92804	490	7.0	True	TAF15	1	1
Q92804	498	7.0	True	TAF15	2	2
Q92804	505	7.0	True	TAF15	2	2
Q92804	512	7.0	True	TAF15	2	2
Q92804	519	7.0	True	TAF15	2	2
Q92804	528	7.0	True	TAF15	3	3
Q92804	535	7.0	True	TAF15	3	3
Q92804	545	8.0	True	TAF15	1	1
Q92804	553	8.0	True	TAF15	1	1
Q92804	562	8.0	True	TAF15	3	3
Q92804	570	8.0	True	TAF15	3	3
Q92804	580	10.0	True	TAF15	1	1
Q92820	103	1.0	True	GGH	1	1
Q92820	104	1.0	True	GGH	1	1
Q92823	943		False	NRCAM	1	1
Q92835	1140		False	INPP5D	2	2
Q92837	118		False	FRAT1	1	1
Q92841	68	13.0	True	DDX17	2	2
Q92841	81	7.0	True	DDX17	2	2
Q92841	88	2.0	True	DDX17	1	1
Q92841	90	2.0	True	DDX17	1	1
Q92841	92	2.0	True	DDX17	1	2
Q92841	94	2.0	True	DDX17	2	2
Q92841	100	6.0	True	DDX17	2	2
Q92841	116	16.0	True	DDX17	1	1
Q92841	143	10.0	True	DDX17	1	1
Q92841	153	1.0	True	DDX17	1	1
Q92841	154	1.0	True	DDX17	1	1
Q92841	340	10.0	True	DDX17	1	1
Q92841	350	10.0	True	DDX17	1	1
Q92841	480	25.0	True	DDX17	1	1
Q92841	505	25.0	True	DDX17	1	1
Q92841	555	9.0	True	DDX17	2	2
Q92841	564	4.0	True	DDX17	1	1
Q92841	568	4.0	True	DDX17	1	1
Q92841	586	1.0	True	DDX17	2	2
Q92841	587	1.0	True	DDX17	1	2
Q92841	605	18.0	True	DDX17	1	1
Q92841	684	44.0	True	DDX17	3	3
Q92841	728	44.0	True	DDX17	1	1
Q92871	183		False	PMM1	1	1
Q92878	193	166.0	False	RAD50	1	1
Q92878	359	114.0	False	RAD50	1	1
Q92878	473	114.0	False	RAD50	1	1
Q92878	797	26.0	True	RAD50	1	1
Q92878	823	26.0	True	RAD50	1	1
Q92879	25	116.0	False	CELF1	1	1
Q92879	141	116.0	False	CELF1	1	1
Q92896	310	7.0	True	GLG1	1	1
Q92896	317	7.0	True	GLG1	1	1
Q92896	460	143.0	False	GLG1	1	1
Q92900	433	378.0	False	UPF1	1	1
Q92900	811	57.0	True	UPF1	1	1
Q92900	868	50.0	True	UPF1	1	1
Q92900	918	21.0	True	UPF1	1	1
Q92900	939	21.0	True	UPF1	1	1
Q92900	1019	80.0	True	UPF1	2	2
Q92905	282	12.0	True	COPS5	1	1
Q92905	294	12.0	True	COPS5	1	1
Q92908	374		False	GATA6	1	1
Q92917	29	51.0	True	GPKOW	1	1
Q92917	80	5.0	True	GPKOW	1	1
Q92917	85	5.0	True	GPKOW	1	1
Q92917	173	21.0	True	GPKOW	1	1
Q92917	194	21.0	True	GPKOW	1	1
Q92922	56	668.0	False	SMARCC1	1	1
Q92922	724	340.0	False	SMARCC1	1	1
Q92922	1064	340.0	False	SMARCC1	1	1
Q92925	4	69.0	True	SMARCD2	1	1
Q92925	73	8.0	True	SMARCD2	1	1
Q92925	81	8.0	True	SMARCD2	2	2
Q92925	104	12.0	True	SMARCD2	2	2
Q92925	116	2.0	True	SMARCD2	1	1
Q92925	118	2.0	True	SMARCD2	1	1
Q92925	132	14.0	True	SMARCD2	1	1
Q92925	519	10.0	True	SMARCD2	1	1
Q92925	529	10.0	True	SMARCD2	1	1
Q92934	94	2.0	True	BAD	2	2
Q92934	96	2.0	True	BAD	2	2
Q92934	157	4.0	True	BAD	1	1
Q92934	161	4.0	True	BAD	2	2
Q92945	70	92.0	True	KHSRP	1	1
Q92945	162	54.0	True	KHSRP	1	1
Q92945	216	54.0	True	KHSRP	1	1
Q92945	314	26.0	True	KHSRP	1	1
Q92945	340	15.0	True	KHSRP	1	1
Q92945	355	15.0	True	KHSRP	1	1
Q92945	378	6.0	True	KHSRP	1	1
Q92945	384	6.0	True	KHSRP	1	1
Q92945	394	10.0	True	KHSRP	1	1
Q92945	411	2.0	True	KHSRP	3	3
Q92945	413	2.0	True	KHSRP	3	3
Q92945	415	2.0	True	KHSRP	3	3
Q92945	442	27.0	True	KHSRP	3	3
Q92945	478	36.0	True	KHSRP	1	1
Q92947	88	231.0	False	GCDH	1	1
Q92947	319	231.0	False	GCDH	1	1
Q92966	6	75.0	True	SNAPC3	1	1
Q92966	81	75.0	True	SNAPC3	1	1
Q92973	344	2.0	True	TNPO1	1	1
Q92973	346	2.0	True	TNPO1	1	1
Q92973	803	457.0	False	TNPO1	1	1
Q92974	169	650.0	False	ARHGEF2	1	1
Q92974	819	85.0	True	ARHGEF2	1	1
Q92974	904	85.0	True	ARHGEF2	1	1
Q92979	13		False	EMG1	1	1
Q92995	4	97.0	True	USP13	2	2
Q92995	101	97.0	True	USP13	1	1
Q92997	27	185.0	False	DVL3	2	2
Q92997	212	59.0	True	DVL3	2	2
Q92997	271	59.0	True	DVL3	1	1
Q92997	342	71.0	True	DVL3	2	2
Q92997	685	13.0	True	DVL3	1	1
Q92997	698	13.0	True	DVL3	2	2
Q93008	560	1806.0	False	USP9X	1	1
Q93008	2366	1806.0	False	USP9X	1	1
Q93009	549	148.0	False	USP7	1	1
Q93009	697	148.0	False	USP7	1	1
Q93015	234		False	NAT6	1	1
Q93034	631	1.0	True	CUL5	1	1
Q93034	632	1.0	True	CUL5	1	1
Q93052	218		False	LPP	1	1
Q93073	78	255.0	False	SECISBP2L	1	1
Q93073	333	255.0	False	SECISBP2L	1	1
Q93074	1341	2.0	True	MED12	1	1
Q93074	1343	2.0	True	MED12	1	1
Q93074	1854	5.0	True	MED12	1	1
Q93074	1859	3.0	True	MED12	2	2
Q93074	1862	3.0	True	MED12	2	2
Q93074	1871	9.0	True	MED12	2	2
Q93074	1899	11.0	True	MED12	2	2
Q93074	1910	2.0	True	MED12	2	2
Q93074	1912	2.0	True	MED12	2	2
Q93074	1994	21.0	True	MED12	2	2
Q93074	2015	21.0	True	MED12	2	2
Q93077	21	9.0	True	H2AC6	1	1
Q93077	30	9.0	True	H2AC6	1	1
Q93077	82	7.0	True	H2AC6	1	1
Q93077	89	7.0	True	H2AC6	1	1
Q93077	100	11.0	True	H2AC6	1	1
Q93079	30	43.0	True	HIST1H2BH	1	1
Q93079	73	7.0	True	H2BC9	1	1
Q93079	80	7.0	True	H2BC9	1	1
Q93079	87	6.0	True	H2BC9	1	1
Q93079	93	6.0	True	H2BC9	1	1
Q93079	100	7.0	True	H2BC9	1	1
Q93100	944		False	PHKB	1	1
Q969E4	176		False	TCEAL3	1	1
Q969F0	86		False	FATE1	1	1
Q969G2	159	2.0	True	LHX4	1	1
Q969G2	161	2.0	True	LHX4	1	1
Q969G3	4	36.0	True	SMARCE1	2	2
Q969G3	40	36.0	True	SMARCE1	2	2
Q969G3	216	35.0	True	SMARCE1	1	1
Q969G3	251	35.0	True	SMARCE1	1	1
Q969G6	18		False	RFK	1	1
Q969G9	363		False	NKD1	1	1
Q969H8	113		False	C19orf10	1	1
Q969Q0	57		False	RPL36AL	1	1
Q969Q5	129		False	RAB24	1	1
Q969R2	9		False	OSBP2	1	1
Q969S3	50	2.0	True	ZNF622	1	1
Q969S3	52	2.0	True	ZNF622	1	1
Q969S3	166	5.0	True	ZNF622	1	1
Q969S3	171	5.0	True	ZNF622	1	1
Q969W3	4	24.0	True	VCF1	2	2
Q969W3	28	4.0	True	FAM104A	1	1
Q969W3	32	4.0	True	FAM104A	1	1
Q969W3	54	5.0	True	FAM104A	1	1
Q969W3	59	5.0	True	FAM104A	1	1
Q969W3	181	122.0	False	FAM104A	1	1
Q969X6	186		False	CIRH1A	1	1
Q96A00	5	4.0	True	PPP1R14A	1	1
Q96A00	9	4.0	True	PPP1R14A	1	1
Q96A00	19	2.0	True	PPP1R14A	1	1
Q96A00	21	2.0	True	PPP1R14A	1	1
Q96A05	76		False	ATP6V1E2	1	1
Q96A08	81	7.0	True	H2BC1	1	1
Q96A08	88	6.0	True	H2BC1	2	2
Q96A08	94	6.0	True	H2BC1	1	1
Q96A33	462		False	CCDC47	1	1
Q96A35	128		False	MRPL24	1	1
Q96A46	6	33.0	True	SLC25A28	1	1
Q96A46	39	33.0	True	SLC25A28	1	1
Q96A47	165		False	ISL2	1	1
Q96A65	40		False	EXOC4	1	1
Q96A73	245		False	KIAA1191	1	1
Q96AA8	122	8.0	True	JAKMIP2	1	1
Q96AA8	130	8.0	True	JAKMIP2	1	1
Q96AA8	138	8.0	True	JAKMIP2	1	1
Q96AB3	144		False	ISOC2	1	1
Q96AC1	118	306.0	False	FERMT2	1	1
Q96AC1	424	306.0	False	FERMT2	1	1
Q96AE4	118	190.0	False	FUBP1	1	1
Q96AE4	308	13.0	True	FUBP1	1	1
Q96AE4	321	10.0	True	FUBP1	1	1
Q96AE4	331	10.0	True	FUBP1	1	1
Q96AE4	359	2.0	True	FUBP1	3	3
Q96AE4	361	2.0	True	FUBP1	3	3
Q96AE4	363	2.0	True	FUBP1	3	3
Q96AE4	430	67.0	True	FUBP1	1	1
Q96AG3	15		False	SLC25A46	1	1
Q96AH0	172		False	OBFC2A	1	1
Q96AJ1	165	3.0	True	CLUAP1	1	1
Q96AJ1	168	3.0	True	CLUAP1	1	1
Q96AP0	351	13.0	True	ACD	1	1
Q96AP0	364	13.0	True	ACD	2	2
Q96AP0	383	19.0	True	ACD	1	1
Q96AQ9	107		False	FAM131C	1	1
Q96AT1	4	7.0	True	KIAA1143	1	1
Q96AT1	11	7.0	True	KIAA1143	1	1
Q96AT1	20	9.0	True	KIAA1143	1	1
Q96AX1	102		False	VPS33A	1	1
Q96AY3	282	274.0	False	FKBP10	1	1
Q96AY3	556	274.0	False	FKBP10	1	1
Q96AY4	2304	75.0	True	TTC28	1	1
Q96AY4	2379	75.0	True	TTC28	1	1
Q96B18	15	353.0	False	DACT3	1	1
Q96B18	368	353.0	False	DACT3	1	1
Q96B23	167	180.0	False	C18orf25	1	1
Q96B23	347	180.0	False	ARK2N	3	3
Q96B36	40	11.0	True	AKT1S1	1	1
Q96B36	51	8.0	True	AKT1S1	2	2
Q96B36	59	8.0	True	AKT1S1	1	1
Q96B49	29	4.0	True	TOMM6	1	1
Q96B49	33	4.0	True	TOMM6	1	1
Q96B49	38	5.0	True	TOMM6	1	1
Q96B54	75	23.0	True	ZNF428	1	1
Q96B54	98	23.0	True	ZNF428	1	1
Q96B70	61	192.0	False	LENG9	1	1
Q96B70	253	2.0	True	LENG9	1	1
Q96B70	255	2.0	True	LENG9	1	1
Q96BD5	262	52.0	True	PHF21A	1	1
Q96BD5	314	52.0	True	PHF21A	1	1
Q96BD8	240	5.0	True	SKA1	1	1
Q96BD8	245	5.0	True	SKA1	1	1
Q96BH1	344	4.0	True	RNF25	1	1
Q96BH1	348	4.0	True	RNF25	1	1
Q96BH1	352	4.0	True	RNF25	1	1
Q96BH1	422	12.0	True	RNF25	1	1
Q96BH1	434	3.0	True	RNF25	1	1
Q96BH1	437	3.0	True	RNF25	1	1
Q96BH1	443	6.0	True	RNF25	1	1
Q96BK5	7	2.0	True	PINX1	1	1
Q96BK5	9	2.0	True	PINX1	1	1
Q96BN6	185	367.0	False	FAM149B1	1	1
Q96BN6	552	3.0	True	FAM149B1	1	1
Q96BN6	555	3.0	True	FAM149B1	1	1
Q96BP2	7	5.0	True	CHCHD1	1	1
Q96BP2	12	5.0	True	CHCHD1	1	1
Q96BR5	48		False	SELRC1	1	1
Q96BU1	391	3.0	True	S100PBP	1	1
Q96BU1	394	3.0	True	S100PBP	1	1
Q96BW5	233	59.0	True	PTER	1	1
Q96BW5	292	35.0	True	PTER	1	1
Q96BW5	327	35.0	True	PTER	1	1
Q96BY2	122		False	MOAP1	1	1
Q96BZ8	137	103.0	False	LENG1	1	1
Q96BZ8	240	103.0	False	LENG1	1	1
Q96C90	27	24.0	True	PPP1R14B	1	1
Q96C90	51	1.0	True	PPP1R14B	1	1
Q96C90	52	1.0	True	PPP1R14B	1	1
Q96C92	7	8.0	True	SDCCAG3	1	1
Q96C92	15	2.0	True	SDCCAG3	1	2
Q96C92	17	2.0	True	ENTR1	1	2
Q96CB9	198		False	NSUN4	1	1
Q96CN7	66	179.0	False	ISOC1	1	1
Q96CN7	245	179.0	False	ISOC1	1	1
Q96CP6	116		False	GRAMD1A	1	1
Q96CS3	409		False	FAF2	1	1
Q96CS4	487		False	ZNF689	1	1
Q96CT7	105	6.0	True	CCDC124	1	1
Q96CT7	111	6.0	True	CCDC124	1	1
Q96CT7	163	4.0	True	CCDC124	1	1
Q96CT7	167	1.0	True	CCDC124	1	1
Q96CT7	168	1.0	True	CCDC124	1	1
Q96CU9	12	5.0	True	FOXRED1	2	2
Q96CU9	17	5.0	True	FOXRED1	1	1
Q96CU9	23	6.0	True	FOXRED1	1	1
Q96CW5	135	61.0	True	TUBGCP3	1	1
Q96CW5	196	61.0	True	TUBGCP3	1	1
Q96CW5	619	1.0	True	TUBGCP3	1	1
Q96CW5	620	1.0	True	TUBGCP3	1	1
Q96CX2	205	52.0	True	KCTD12	1	1
Q96CX2	257	52.0	True	KCTD12	1	1
Q96D05	17	9.0	True	C10orf35	1	1
Q96D05	26	9.0	True	C10orf35	1	1
Q96D46	397	40.0	True	NMD3	1	1
Q96D46	437	40.0	True	NMD3	1	1
Q96D71	669		False	REPS1	1	1
Q96DA6	51		False	DNAJC19	1	1
Q96DC7	8	2.0	True	TMCO6	2	2
Q96DC7	10	2.0	True	TMCO6	2	2
Q96DF8	129	286.0	False	DGCR14	1	1
Q96DF8	415	9.0	True	DGCR14	1	1
Q96DF8	424	9.0	True	DGCR14	1	1
Q96DH6	60	2.0	True	MSI2	1	1
Q96DH6	62	2.0	True	MSI2	1	1
Q96DH6	197	2.0	True	MSI2	1	1
Q96DH6	199	2.0	True	MSI2	1	1
Q96DH6	201	2.0	True	MSI2	1	1
Q96DH6	228	27.0	True	MSI2	2	2
Q96DH6	261	33.0	True	MSI2	2	2
Q96DI7	19	2.0	True	SNRNP40	1	1
Q96DI7	21	2.0	True	SNRNP40	1	1
Q96DI7	161	104.0	False	SNRNP40	1	1
Q96DI7	265	42.0	True	SNRNP40	1	1
Q96DI7	307	10.0	True	SNRNP40	1	1
Q96DI7	317	1.0	True	SNRNP40	1	1
Q96DI7	318	1.0	True	SNRNP40	1	1
Q96DN2	843		False	VWCE	1	1
Q96DN6	206	28.0	True	MBD6	1	1
Q96DN6	234	28.0	True	MBD6	1	1
Q96DN6	379	6.0	True	MBD6	1	1
Q96DN6	385	6.0	True	MBD6	1	1
Q96DN6	896	511.0	False	MBD6	2	2
Q96DR7	79		False	ARHGEF26	1	1
Q96DT7	126	14.0	True	ZBTB10	3	3
Q96DT7	140	14.0	True	ZBTB10	1	1
Q96DU7	7	23.0	True	ITPKC	1	1
Q96DU7	30	23.0	True	ITPKC	1	1
Q96DZ1	285		False	ERLEC1	1	1
Q96E09	150		False	FAM122A	1	1
Q96E14	16	3.0	True	RMI2	1	1
Q96E14	19	3.0	True	RMI2	1	1
Q96E14	31	11.0	True	RMI2	1	1
Q96E14	42	11.0	True	RMI2	1	1
Q96E14	84	42.0	True	RMI2	1	1
Q96E39	49	42.0	True	RBMXL1	1	1
Q96E39	91	2.0	True	RBMXL1	1	1
Q96E39	93	2.0	True	RBMXL1	1	1
Q96E39	101	2.0	True	RBMXL1	1	1
Q96E39	103	2.0	True	RBMXL1	1	1
Q96E39	107	4.0	True	RBMXL1	1	1
Q96E39	113	6.0	True	RBMXL1	2	2
Q96E39	120	5.0	True	RBMXL1	1	1
Q96E39	125	5.0	True	RBMXL1	2	2
Q96E39	144	7.0	True	RBMXL1	2	2
Q96E39	151	7.0	True	RBMXL1	1	1
Q96E39	164	8.0	True	RBMXL1	1	1
Q96E39	172	8.0	True	RBMXL1	1	1
Q96E39	180	5.0	True	RBMXL1	1	1
Q96E39	185	2.0	True	RBMXL1	1	1
Q96E39	187	2.0	True	RBMXL1	1	1
Q96E39	195	8.0	True	RBMXL1	1	1
Q96E39	258	34.0	True	RBMXL1	1	1
Q96E39	292	6.0	True	RBMXL1	1	1
Q96E39	298	6.0	True	RBMXL1	1	1
Q96E39	317	19.0	True	RBMXL1	2	2
Q96E39	343	3.0	True	RBMXL1	1	1
Q96E39	346	3.0	True	RBMXL1	1	1
Q96E39	354	8.0	True	RBMXL1	1	1
Q96E39	368	4.0	True	RBMXL1	2	2
Q96E39	372	4.0	True	RBMXL1	2	2
Q96E39	380	8.0	True	RBMXL1	1	1
Q96EA4	154	110.0	False	SPDL1	1	1
Q96EA4	264	1.0	True	CCDC99	1	1
Q96EA4	265	1.0	True	CCDC99	1	1
Q96ED9	608	11.0	True	HOOK2	1	1
Q96ED9	619	11.0	True	HOOK2	1	1
Q96EI5	193	6.0	True	TCEAL4	1	1
Q96EI5	199	4.0	True	TCEAL4	1	1
Q96EI5	203	4.0	True	TCEAL4	1	1
Q96EK4	42	41.0	True	THAP11	1	1
Q96EK4	83	41.0	True	THAP11	2	2
Q96EK5	494	2.0	True	KIAA1279	1	1
Q96EK5	496	2.0	True	KIAA1279	1	1
Q96EK6	180		False	GNPNAT1	1	1
Q96EK7	868	3.0	True	FAM120B	1	1
Q96EK7	871	3.0	True	FAM120B	1	1
Q96EK7	878	7.0	True	FAM120B	1	1
Q96EK7	885	7.0	True	FAM120B	2	2
Q96EK7	893	8.0	True	FAM120B	1	1
Q96EK9	96	3.0	True	KTI12	1	1
Q96EK9	99	3.0	True	KTI12	1	1
Q96EL2	93		False	MRPS24	1	1
Q96EP5	51	20.0	True	DAZAP1	1	1
Q96EP5	71	17.0	True	DAZAP1	1	1
Q96EP5	88	17.0	True	DAZAP1	1	1
Q96EP5	130	42.0	True	DAZAP1	1	1
Q96EP5	209	44.0	True	DAZAP1	1	1
Q96EP5	253	44.0	True	DAZAP1	2	2
Q96EP5	393	140.0	False	DAZAP1	1	1
Q96ER9	163		False	CCDC51	1	1
Q96EU6	7	10.0	True	RRP36	1	1
Q96EU6	17	10.0	True	RRP36	1	1
Q96EV2	224	7.0	True	RBM33	1	1
Q96EV2	231	6.0	True	RBM33	1	1
Q96EV2	237	6.0	True	RBM33	1	1
Q96EV2	279	7.0	True	RBM33	1	1
Q96EV2	286	7.0	True	RBM33	1	1
Q96EV2	298	12.0	True	RBM33	1	1
Q96EV2	411	7.0	True	RBM33	1	1
Q96EV2	418	7.0	True	RBM33	1	1
Q96EV2	442	8.0	True	RBM33	1	1
Q96EV2	450	8.0	True	RBM33	1	1
Q96EV2	470	10.0	True	RBM33	2	2
Q96EV2	480	10.0	True	RBM33	1	1
Q96EV2	524	44.0	True	RBM33	1	1
Q96EV2	658	14.0	True	RBM33	1	1
Q96EV2	672	6.0	True	RBM33	1	1
Q96EV2	678	4.0	True	RBM33	1	1
Q96EV2	682	4.0	True	RBM33	1	1
Q96EV2	693	11.0	True	RBM33	1	1
Q96EV2	1028	42.0	True	RBM33	3	3
Q96EV2	1070	8.0	True	RBM33	2	2
Q96EV2	1078	2.0	True	RBM33	2	2
Q96EV2	1080	2.0	True	RBM33	2	2
Q96EY1	58	180.0	False	DNAJA3	1	1
Q96EY1	238	55.0	True	DNAJA3	1	1
Q96EY1	293	55.0	True	DNAJA3	1	1
Q96EY5	123		False	MVB12A	1	1
Q96EY7	524	4.0	True	PTCD3	1	1
Q96EY7	528	4.0	True	PTCD3	1	1
Q96EY8	215		False	MMAB	1	1
Q96F44	283	3.0	True	TRIM11	1	1
Q96F44	286	3.0	True	TRIM11	1	1
Q96F44	306	1.0	True	TRIM11	1	1
Q96F44	307	1.0	True	TRIM11	1	1
Q96F45	528	73.0	True	ZNF503	1	1
Q96F45	601	35.0	True	ZNF503	1	1
Q96F45	636	35.0	True	ZNF503	1	1
Q96F63	127	51.0	True	CCDC97	1	1
Q96F63	178	2.0	True	CCDC97	1	1
Q96F63	180	2.0	True	CCDC97	1	1
Q96F86	144	83.0	True	EDC3	1	1
Q96F86	227	7.0	True	EDC3	1	1
Q96F86	234	7.0	True	EDC3	1	1
Q96FF7	40	41.0	True	MISP3	1	1
Q96FF7	81	7.0	True	LOC113230	1	1
Q96FF7	88	7.0	True	LOC113230	1	1
Q96FF7	123	35.0	True	MISP3	1	1
Q96FN4	38		False	CPNE2	1	1
Q96FS4	12	1.0	True	SIPA1	1	2
Q96FS4	13	1.0	True	SIPA1	2	2
Q96FS4	44	3.0	True	SIPA1	1	1
Q96FS4	47	3.0	True	SIPA1	2	2
Q96FS4	61	8.0	True	SIPA1	1	1
Q96FS4	69	2.0	True	SIPA1	1	1
Q96FS4	71	2.0	True	SIPA1	1	1
Q96FW1	198		False	OTUB1	1	1
Q96FX7	32	30.0	True	TRMT61A	1	1
Q96FX7	62	30.0	True	TRMT61A	1	1
Q96G03	327		False	PGM2	1	1
Q96G61	89		False	NUDT11	1	1
Q96G74	32	18.0	True	OTUD5	1	1
Q96G74	50	18.0	True	OTUD5	1	1
Q96GD0	128		False	PDXP	1	1
Q96GD4	147		False	AURKB	1	1
Q96GE4	341	205.0	False	CEP95	1	1
Q96GE4	546	205.0	False	CEP95	1	1
Q96GF1	94	9.0	True	RNF185	1	1
Q96GF1	103	9.0	True	RNF185	1	1
Q96GI7	66		False	FAM89A	1	1
Q96GM5	4	35.0	True	SMARCD1	1	1
Q96GM5	39	11.0	True	SMARCD1	1	1
Q96GM5	50	10.0	True	SMARCD1	1	1
Q96GM5	60	10.0	True	SMARCD1	1	1
Q96GM5	88	12.0	True	SMARCD1	2	2
Q96GM5	100	12.0	True	SMARCD1	1	1
Q96GN5	393	14.0	True	CDCA7L	1	1
Q96GN5	407	14.0	True	CDCA7L	1	1
Q96GQ7	541	104.0	False	DDX27	1	1
Q96GQ7	645	104.0	False	DDX27	1	1
Q96GS4	128		False	C17orf59	1	1
Q96GV9	112		False	C5orf30	1	1
Q96H20	4		False	SNF8	2	2
Q96H79	43		False	ZC3HAV1L	1	1
Q96HA1	173	10.0	True	POM121	1	1
Q96HA1	183	10.0	True	POM121	1	1
Q96HA1	215	8.0	True	POM121	1	1
Q96HA1	223	6.0	True	POM121	2	2
Q96HA1	229	6.0	True	POM121	2	2
Q96HA1	265	9.0	True	POM121	1	1
Q96HA1	274	9.0	True	POM121	1	1
Q96HA7	797	15.0	True	TONSL	1	1
Q96HA7	812	15.0	True	TONSL	1	1
Q96HB5	311	303.0	False	CCDC120	1	1
Q96HB5	614	303.0	False	CCDC120	1	1
Q96HC4	337	38.0	True	PDLIM5	1	1
Q96HC4	375	38.0	True	PDLIM5	1	1
Q96HD1	288		False	CRELD1	1	1
Q96HE7	75		False	ERO1L	1	1
Q96HJ3	41		False	CCDC34	1	1
Q96HM7	398		False	PCED1B	1	1
Q96HN2	499	15.0	True	AHCYL2	1	1
Q96HN2	514	15.0	True	AHCYL2	1	1
Q96HN2	610	96.0	True	AHCYL2	1	1
Q96HP0	865	4.0	True	DOCK6	1	1
Q96HP0	869	4.0	True	DOCK6	1	1
Q96HR8	375	4.0	True	NAF1	2	2
Q96HR8	379	2.0	True	NAF1	1	1
Q96HR8	381	2.0	True	NAF1	1	1
Q96HR8	384	3.0	True	NAF1	2	2
Q96HR8	389	5.0	True	NAF1	2	2
Q96HY6	59	4.0	True	DDRGK1	1	1
Q96HY6	63	2.0	True	DDRGK1	1	1
Q96HY6	65	2.0	True	DDRGK1	1	1
Q96I24	95	52.0	True	FUBP3	1	1
Q96I24	147	2.0	True	FUBP3	1	1
Q96I24	149	2.0	True	FUBP3	1	1
Q96I24	180	31.0	True	FUBP3	1	1
Q96I24	241	3.0	True	FUBP3	1	1
Q96I24	244	3.0	True	FUBP3	1	1
Q96I24	286	13.0	True	FUBP3	1	1
Q96I24	299	10.0	True	FUBP3	1	1
Q96I24	309	10.0	True	FUBP3	1	1
Q96I24	327	10.0	True	FUBP3	1	1
Q96I24	337	2.0	True	FUBP3	2	2
Q96I24	339	2.0	True	FUBP3	2	2
Q96I24	341	2.0	True	FUBP3	1	2
Q96I24	343	2.0	True	FUBP3	1	1
Q96I24	403	5.0	True	FUBP3	1	1
Q96I24	408	5.0	True	FUBP3	2	2
Q96I25	59	7.0	True	RBM17	1	1
Q96I25	66	7.0	True	RBM17	1	1
Q96I25	273	107.0	False	RBM17	1	1
Q96I25	380	107.0	False	RBM17	1	1
Q96I59	379		False	NARS2	1	1
Q96II8	205	17.0	True	LRCH3	1	1
Q96II8	222	17.0	True	LRCH3	1	1
Q96IK1	62		False	BOD1	1	1
Q96IQ9	270		False	ZNF414	1	1
Q96IU2	22		False	ZBED3	1	1
Q96IZ6	348		False	METTL2A	1	1
Q96J01	43	82.0	True	THOC3	1	1
Q96J01	125	5.0	True	THOC3	1	1
Q96J01	130	5.0	True	THOC3	1	1
Q96J01	264	134.0	False	THOC3	1	1
Q96J84	626		False	KIRREL	1	1
Q96J88	172	6.0	True	EPSTI1	1	1
Q96J88	178	6.0	True	EPSTI1	1	1
Q96J94	564		False	PIWIL1	1	1
Q96JB2	27	1.0	True	COG3	1	1
Q96JB2	28	1.0	True	COG3	1	1
Q96JB5	233		False	CDK5RAP3	1	1
Q96JE9	277	2.0	True	MAP6	1	1
Q96JE9	279	2.0	True	MAP6	1	1
Q96JG8	546		False	MAGED4	1	1
Q96JG9	128		False	ZNF469	1	1
Q96JH7	1125		False	VCPIP1	1	1
Q96JJ3	320		False	ELMO2	1	1
Q96JK2	218		False	DCAF5	1	1
Q96JK9	702	84.0	True	MAML3	1	1
Q96JK9	786	84.0	True	MAML3	1	1
Q96JK9	996	210.0	False	MAML3	2	2
Q96JM2	996		False	ZNF462	1	1
Q96JM3	301	97.0	True	CHAMP1	1	1
Q96JM3	398	22.0	True	CHAMP1	1	1
Q96JM3	420	11.0	True	CHAMP1	1	1
Q96JM3	431	11.0	True	CHAMP1	1	1
Q96JM3	473	42.0	True	CHAMP1	1	1
Q96JM3	778	305.0	False	CHAMP1	1	1
Q96JP2	2127		False	MYO15B	1	1
Q96JP5	48	3.0	True	ZFP91	1	1
Q96JP5	51	3.0	True	ZFP91	1	1
Q96JP5	54	2.0	True	ZFP91	1	1
Q96JP5	56	2.0	True	ZFP91	1	1
Q96JP5	58	2.0	True	ZFP91	1	1
Q96JP5	147	3.0	True	ZFP91	1	1
Q96JP5	150	3.0	True	ZFP91	1	1
Q96JP5	153	3.0	True	ZFP91	1	1
Q96JP5	303	150.0	False	ZFP91	1	1
Q96JQ0	1593		False	DCHS1	1	1
Q96JY0	389	2.0	True	MAEL	1	1
Q96JY0	391	2.0	True	MAEL	1	1
Q96JY6	131	38.0	True	PDLIM2	1	1
Q96JY6	169	16.0	True	PDLIM2	1	1
Q96JY6	185	16.0	True	PDLIM2	1	1
Q96K30	86	63.0	True	RITA1	1	1
Q96K30	149	63.0	True	RITA1	1	1
Q96K30	257	108.0	False	RITA1	1	1
Q96K76	817		False	USP47	1	1
Q96KF7	26		False	C6orf162	1	1
Q96KK5	21	9.0	True	HIST1H2AH	1	1
Q96KK5	30	9.0	True	HIST1H2AH	1	1
Q96KK5	82	7.0	True	HIST1H2AH	1	1
Q96KK5	89	7.0	True	HIST1H2AH	1	1
Q96KM6	46		False	ZNF512B	1	1
Q96KP1	83		False	EXOC2	1	1
Q96KP4	17		False	CNDP2	1	1
Q96KQ4	499	22.0	True	PPP1R13B	1	1
Q96KQ4	521	22.0	True	PPP1R13B	1	1
Q96KQ7	184		False	EHMT2	1	1
Q96KR1	147	556.0	False	ZFR	1	1
Q96KR1	703	14.0	True	ZFR	1	1
Q96KR1	717	1.0	True	ZFR	1	1
Q96KR1	718	1.0	True	ZFR	1	1
Q96KR1	725	7.0	True	ZFR	1	1
Q96KR1	970	245.0	False	ZFR	1	1
Q96KS9	145		False	FAM167A	1	1
Q96L21	24	8.0	True	RPL10L	1	1
Q96L21	32	8.0	True	RPL10L	1	1
Q96L21	110	43.0	True	RPL10L	1	1
Q96L21	153	43.0	True	RPL10L	1	1
Q96L34	60	501.0	False	MARK4	1	1
Q96L34	561	501.0	False	MARK4	1	1
Q96L58	77		False	B3GALT6	1	1
Q96L73	1986	399.0	False	NSD1	1	1
Q96L73	2385	399.0	False	NSD1	1	1
Q96L91	111	40.0	True	EP400	1	1
Q96L91	151	40.0	True	EP400NL	1	1
Q96L91	219	2.0	True	EP400NL	1	1
Q96L91	221	2.0	True	EP400NL	1	1
Q96L91	1503	2.0	True	EP400	1	1
Q96L91	1505	2.0	True	EP400	1	1
Q96L91	1555	32.0	True	EP400	1	1
Q96L91	1587	10.0	True	EP400	1	1
Q96L91	1597	10.0	True	EP400	1	1
Q96L91	1618	21.0	True	EP400	1	1
Q96L91	1643	25.0	True	EP400	2	2
Q96L91	3149	1506.0	False	EP400	1	1
Q96L92	218		False	SNX27	1	1
Q96L96	1046	164.0	False	ALPK3	1	1
Q96L96	1210	2.0	True	ALPK3	1	1
Q96L96	1212	1.0	True	ALPK3	1	1
Q96L96	1213	1.0	True	ALPK3	1	1
Q96LA8	7	22.0	True	PRMT6	1	1
Q96LA8	29	6.0	True	PRMT6	2	2
Q96LA8	35	2.0	True	PRMT6	2	2
Q96LA8	37	1.0	True	PRMT6	2	2
Q96LA8	38	1.0	True	PRMT6	1	2
Q96LA8	41	2.0	True	PRMT6	1	1
Q96LA8	43	2.0	True	PRMT6	1	1
Q96LB3	11	4.0	True	IFT74	1	1
Q96LB3	15	4.0	True	IFT74	1	1
Q96LB3	47	4.0	True	IFT74	1	1
Q96LB3	51	4.0	True	IFT74	2	2
Q96LD4	582		False	TRIM47	3	3
Q96LJ7	21		False	DHRS1	1	1
Q96M27	67		False	PRRC1	1	1
Q96M98	160		False	PACRG	1	1
Q96ME1	446		False	FBXL18	1	1
Q96MH2	199	16.0	True	HEXIM2	1	1
Q96MH2	215	8.0	True	HEXIM2	1	1
Q96MH2	223	8.0	True	HEXIM2	1	1
Q96MN9	43	21.0	True	ZNF488	1	1
Q96MN9	64	21.0	True	ZNF488	1	1
Q96MR9	284		False	ZNF560	1	1
Q96MS0	1314	20.0	True	ROBO3	1	1
Q96MS0	1334	20.0	True	ROBO3	1	1
Q96MS0	1363	2.0	True	ROBO3	1	1
Q96MS0	1365	2.0	True	ROBO3	1	1
Q96MS0	1367	2.0	True	ROBO3	1	1
Q96MU7	161		False	YTHDC1	1	1
Q96N11	5	5.0	True	C7orf26	1	1
Q96N11	10	5.0	True	C7orf26	1	1
Q96N67	1415		False	DOCK7	1	1
Q96NB2	34		False	SFXN2	1	1
Q96NC0	145		False	ZMAT2	1	1
Q96NL0	13		False	RUNDC3B	1	1
Q96NM4	357		False	TOX2	1	1
Q96NU1	482		False	SAMD11	1	1
Q96P11	85	255.0	False	NSUN5	1	1
Q96P11	340	255.0	False	NSUN5	1	1
Q96P16	114	123.0	False	RPRD1A	1	1
Q96P16	237	123.0	False	RPRD1A	1	1
Q96P48	1426		False	ARAP1	1	1
Q96P50	396	2.0	True	ACAP3	1	1
Q96P50	398	2.0	True	ACAP3	1	1
Q96PC5	1165	3.0	True	CTAGE5	2	2
Q96PC5	1168	3.0	True	MIA2	2	2
Q96PC5	1182	14.0	True	MIA2	1	1
Q96PC5	1308	9.0	True	MIA2	1	1
Q96PC5	1317	5.0	True	MIA2	1	1
Q96PC5	1322	1.0	True	MIA2	1	1
Q96PC5	1323	1.0	True	MIA2	1	1
Q96PD6	314		False	MOGAT1	1	1
Q96PE2	45	138.0	False	ARHGEF17	1	1
Q96PE2	183	138.0	False	ARHGEF17	1	1
Q96PE2	388	41.0	True	ARHGEF17	1	1
Q96PE2	429	4.0	True	ARHGEF17	1	1
Q96PE2	433	4.0	True	ARHGEF17	1	1
Q96PE2	1047	614.0	False	ARHGEF17	1	1
Q96PE3	147		False	INPP4A	1	1
Q96PG8	162		False	BBC3	1	1
Q96PK6	238	12.0	True	RBM14	2	2
Q96PK6	250	12.0	True	RBM14	1	1
Q96PK6	274	12.0	True	RBM14	1	1
Q96PK6	286	12.0	True	RBM14	2	2
Q96PK6	615	10.0	True	RBM14	1	1
Q96PK6	625	10.0	True	RBM14	1	1
Q96PK6	647	10.0	True	RBM14	1	1
Q96PK6	657	10.0	True	RBM14	1	1
Q96PK6	668	11.0	True	RBM14	1	1
Q96PR1	209		False	KCNC2	1	1
Q96PU4	428		False	UHRF2	1	1
Q96PU8	227	15.0	True	QKI	2	2
Q96PU8	242	14.0	True	QKI	3	3
Q96PU8	256	14.0	True	QKI	1	1
Q96PU8	330	6.0	True	QKI	1	1
Q96PU8	336	6.0	True	QKI	1	1
Q96PU9	186		False	ODF3	1	1
Q96PV6	374	8.0	True	LENG8	2	2
Q96PV6	382	8.0	True	LENG8	2	2
Q96PV6	392	2.0	True	LENG8	1	1
Q96PV6	394	2.0	True	LENG8	1	1
Q96PV6	472	78.0	True	LENG8	1	1
Q96PV7	651	123.0	False	FAM193B	1	1
Q96PV7	774	3.0	True	FAM193B	1	1
Q96PV7	777	3.0	True	FAM193B	1	1
Q96PY5	767		False	FMNL2	1	1
Q96PY6	472		False	NEK1	1	1
Q96PZ0	13	241.0	False	PUS7	1	1
Q96PZ0	254	196.0	False	PUS7	1	1
Q96PZ0	450	196.0	False	PUS7	1	1
Q96PZ0	661	211.0	False	PUS7	1	1
Q96Q04	490		False	LMTK3	1	1
Q96Q15	48	2.0	True	SMG1	1	1
Q96Q15	50	2.0	True	SMG1	1	1
Q96Q15	2871	2821.0	False	SMG1	1	1
Q96Q42	481		False	ALS2	1	1
Q96QC0	441	224.0	False	PPP1R10	1	1
Q96QC0	665	9.0	True	PPP1R10	3	3
Q96QC0	674	9.0	True	PPP1R10	2	2
Q96QC0	688	5.0	True	PPP1R10	2	2
Q96QC0	693	5.0	True	PPP1R10	3	3
Q96QC0	705	2.0	True	PPP1R10	2	2
Q96QC0	707	2.0	True	PPP1R10	2	2
Q96QC0	710	3.0	True	PPP1R10	2	2
Q96QC0	723	3.0	True	PPP1R10	2	2
Q96QC0	726	3.0	True	PPP1R10	2	2
Q96QC0	729	3.0	True	PPP1R10	2	2
Q96QD5	441	4.0	True	DEPDC7	1	1
Q96QD5	445	4.0	True	DEPDC7	1	1
Q96QE3	249		False	ATAD5	1	1
Q96QI5	132		False	HS3ST6	1	1
Q96QK1	145		False	VPS35	1	1
Q96QR8	152		False	PURB	2	2
Q96QS3	86	1.0	True	ARX	1	1
Q96QS3	87	1.0	True	ARX	1	1
Q96QS3	122	35.0	True	ARX	1	1
Q96QU8	305	2.0	True	XPO6	1	1
Q96QU8	307	2.0	True	XPO6	1	1
Q96QU8	1109	802.0	False	XPO6	1	1
Q96QV6	21	9.0	True	H2AC1	1	1
Q96QV6	30	9.0	True	HIST1H2AA	1	1
Q96QV6	82	7.0	True	H2AC1	1	1
Q96QV6	89	7.0	True	HIST1H2AA	1	1
Q96RF0	206		False	SNX18	1	1
Q96RK0	30	909.0	False	CIC	1	1
Q96RK0	939	542.0	False	CIC	1	1
Q96RK0	1481	27.0	True	CIC	1	1
Q96RK0	1508	27.0	True	CIC	1	1
Q96RK0	1772	71.0	True	CIC	1	1
Q96RK0	1843	71.0	True	CIC	1	1
Q96RL1	97	142.0	False	UIMC1	1	1
Q96RL1	239	142.0	False	UIMC1	1	1
Q96RL7	2962		False	VPS13A	1	1
Q96RN5	349	49.0	True	MED15	1	1
Q96RN5	398	49.0	True	MED15	1	1
Q96RN5	630	232.0	False	MED15	1	1
Q96RP9	14	358.0	False	GFM1	1	1
Q96RP9	372	358.0	False	GFM1	1	1
Q96RT1	1176		False	ERBB2IP	1	1
Q96RT8	188		False	TUBGCP5	1	1
Q96S44	68		False	TP53RK	1	1
Q96S55	511	144.0	False	WRNIP1	1	1
Q96S55	655	144.0	False	WRNIP1	1	1
Q96S59	635		False	RANBP9	1	1
Q96S65	106		False	CSRNP1	1	1
Q96S66	443		False	CLCC1	1	1
Q96SB3	14		False	PPP1R9B	1	1
Q96SB4	230		False	SRPK1	1	1
Q96SB8	1080	11.0	True	SMC6	1	1
Q96SB8	1091	11.0	True	SMC6	1	1
Q96SI9	192	416.0	False	STRBP	1	1
Q96SI9	608	2.0	True	STRBP	1	1
Q96SI9	610	2.0	True	STRBP	1	1
Q96SI9	612	2.0	True	STRBP	1	1
Q96SI9	617	5.0	True	STRBP	1	1
Q96SI9	652	35.0	True	STRBP	1	1
Q96SL8	409		False	FIZ1	1	1
Q96SN8	120	147.0	False	CDK5RAP2	1	1
Q96SN8	267	147.0	False	CDK5RAP2	1	1
Q96SN8	415	148.0	False	CDK5RAP2	1	1
Q96SN8	616	201.0	False	CDK5RAP2	1	1
Q96ST2	626		False	IWS1	1	1
Q96SZ5	28		False	ADO	1	1
Q96SZ6	298		False	CDK5RAP1	1	1
Q96T17	3	10.0	True	MAP7D2	1	1
Q96T17	13	6.0	True	MAP7D2	1	1
Q96T17	19	6.0	True	MAP7D2	1	1
Q96T17	543	524.0	False	MAP7D2	1	1
Q96T21	26	150.0	False	SECISBP2	1	1
Q96T21	176	150.0	False	SECISBP2	1	1
Q96T23	1048		False	RSF1	1	1
Q96T37	110	230.0	False	RBM15	1	1
Q96T37	340	8.0	True	RBM15	1	1
Q96T37	348	8.0	True	RBM15	1	1
Q96T37	578	38.0	True	RBM15	2	2
Q96T37	616	1.0	True	RBM15	1	1
Q96T37	617	1.0	True	RBM15	1	1
Q96T51	12	2.0	True	RUFY1	1	1
Q96T51	14	2.0	True	RUFY1	1	1
Q96T51	349	335.0	False	RUFY1	1	1
Q96T58	89	13.0	True	SPEN	1	1
Q96T58	102	6.0	True	SPEN	1	1
Q96T58	108	6.0	True	SPEN	3	3
Q96T58	125	17.0	True	SPEN	1	1
Q96T58	154	29.0	True	SPEN	1	1
Q96T58	206	11.0	True	SPEN	1	1
Q96T58	217	11.0	True	SPEN	1	1
Q96T58	630	78.0	True	SPEN	1	1
Q96T58	708	78.0	True	SPEN	1	1
Q96T58	3011	16.0	True	SPEN	1	1
Q96T58	3027	11.0	True	SPEN	1	1
Q96T58	3038	11.0	True	SPEN	1	1
Q96T58	3099	14.0	True	SPEN	1	1
Q96T58	3113	8.0	True	SPEN	2	2
Q96T58	3121	8.0	True	SPEN	3	3
Q96T58	3132	4.0	True	SPEN	2	2
Q96T58	3136	4.0	True	SPEN	1	1
Q96T58	3168	32.0	True	SPEN	1	1
Q96T58	3312	99.0	True	SPEN	2	2
Q96T58	3411	99.0	True	SPEN	1	1
Q96T58	3548	4.0	True	SPEN	1	1
Q96T58	3552	4.0	True	SPEN	1	1
Q96T60	224		False	PNKP	1	1
Q96T83	174		False	SLC9A7	1	1
Q96T88	658	6.0	True	UHRF1	1	1
Q96T88	664	6.0	True	UHRF1	1	1
Q96T88	685	21.0	True	UHRF1	1	1
Q96TA1	471	4.0	True	NIBAN2	1	1
Q96TA1	475	4.0	True	NIBAN2	1	1
Q99081	114	389.0	False	TCF12	1	1
Q99081	503	389.0	False	TCF12	1	1
Q99439	187	1.0	True	CNN2	1	1
Q99439	188	1.0	True	CNN2	1	1
Q99447	6		False	PCYT2	1	1
Q99459	240	12.0	True	CDC5L	1	1
Q99459	252	12.0	True	CDC5L	1	1
Q99459	521	269.0	False	CDC5L	1	1
Q99460	199	416.0	False	PSMD1	1	1
Q99460	615	416.0	False	PSMD1	1	1
Q99490	3	502.0	False	AGAP2	1	1
Q99490	505	502.0	False	AGAP2	1	1
Q99497	27	1.0	True	PARK7	1	1
Q99497	28	1.0	True	PARK7	1	1
Q99497	145	117.0	False	PARK7	1	1
Q99501	74	347.0	False	GAS2L1	1	1
Q99501	421	221.0	False	GAS2L1	1	1
Q99501	642	221.0	False	GAS2L1	1	1
Q99523	193		False	SORT1	1	1
Q99536	49	53.0	True	VAT1	1	1
Q99536	102	53.0	True	VAT1	1	1
Q99558	394		False	MAP3K14	1	1
Q99569	207	3.0	True	PKP4	1	1
Q99569	210	1.0	True	PKP4	1	1
Q99569	211	1.0	True	PKP4	1	1
Q99569	218	7.0	True	PKP4	1	1
Q99569	234	4.0	True	PKP4	1	1
Q99569	238	4.0	True	PKP4	1	1
Q99569	254	16.0	True	PKP4	1	1
Q99569	270	16.0	True	PKP4	1	1
Q99575	30	107.0	False	POP1	1	1
Q99575	137	17.0	True	POP1	1	1
Q99575	154	17.0	True	POP1	1	1
Q99575	830	676.0	False	POP1	1	1
Q99590	308	385.0	False	SCAF11	1	1
Q99590	693	263.0	False	SCAF11	1	1
Q99590	956	9.0	True	SCAF11	1	1
Q99590	965	4.0	True	SCAF11	1	1
Q99590	969	4.0	True	SCAF11	2	2
Q99590	1071	25.0	True	SCAF11	1	1
Q99590	1096	25.0	True	SCAF11	1	1
Q99590	1125	14.0	True	SCAF11	1	1
Q99590	1139	12.0	True	SCAF11	1	1
Q99590	1151	12.0	True	SCAF11	2	2
Q99590	1164	1.0	True	SCAF11	1	1
Q99590	1165	1.0	True	SCAF11	1	1
Q99590	1167	2.0	True	SCAF11	1	1
Q99607	270		False	ELF4	1	1
Q99613	104	184.0	False	EIF3C	1	1
Q99613	288	15.0	True	EIF3C	1	1
Q99613	303	2.0	True	EIF3C	1	1
Q99613	305	2.0	True	EIF3C	1	1
Q99613	550	103.0	False	EIF3C	1	1
Q99613	653	66.0	True	EIF3C	1	1
Q99613	719	66.0	True	EIF3C	1	1
Q99613	900	1.0	True	EIF3C	1	1
Q99613	901	1.0	True	EIF3C	1	1
Q99615	68	29.0	True	DNAJC7	1	1
Q99615	97	29.0	True	DNAJC7	1	1
Q99615	238	141.0	False	DNAJC7	1	1
Q99615	412	174.0	False	DNAJC7	1	1
Q99618	28	8.0	True	CDCA3	1	1
Q99618	36	8.0	True	CDCA3	1	1
Q99623	17	106.0	False	PHB2	1	1
Q99623	123	106.0	False	PHB2	1	1
Q99623	289	166.0	False	PHB2	1	1
Q99653	10		False	CHP	1	1
Q99661	177	57.0	True	KIF2C	1	1
Q99661	234	57.0	True	KIF2C	1	1
Q99661	498	51.0	True	KIF2C	1	1
Q99661	549	51.0	True	KIF2A	1	1
Q99666	890	237.0	False	RGPD6	1	1
Q99666	1127	237.0	False	RGPD6	1	1
Q99680	241		False	GPR22	1	1
Q99683	78	2.0	True	MAP3K5	1	1
Q99683	80	2.0	True	MAP3K5	1	1
Q99683	89	9.0	True	MAP3K5	1	1
Q99698	3315		False	LYST	1	1
Q99700	2	7.0	True	ATXN2	1	1
Q99700	9	7.0	True	ATXN2	1	1
Q99700	40	31.0	True	ATXN2	1	1
Q99700	239	5.0	True	ATXN2	1	1
Q99700	244	2.0	True	ATXN2	1	1
Q99700	246	2.0	True	ATXN2	1	1
Q99700	465	45.0	True	ATXN2	1	1
Q99700	510	5.0	True	ATXN2	1	1
Q99700	515	5.0	True	ATXN2	1	1
Q99700	622	13.0	True	ATXN2	1	1
Q99700	635	5.0	True	ATXN2	1	1
Q99700	640	5.0	True	ATXN2	3	3
Q99700	665	17.0	True	ATXN2	1	1
Q99700	682	17.0	True	ATXN2	1	1
Q99700	998	316.0	False	ATXN2	1	1
Q99704	39	15.0	True	DOK1	1	1
Q99704	54	15.0	True	DOK1	1	1
Q99707	674	458.0	False	MTR	1	1
Q99707	1132	458.0	False	MTR	1	1
Q99708	85	15.0	True	RBBP8	1	1
Q99708	100	15.0	True	RBBP8	1	1
Q99714	252	6.0	True	HSD17B10	1	1
Q99714	258	6.0	True	HSD17B10	1	1
Q99719	6		False	SEPTIN2	1	1
Q99726	21		False	SLC30A3	1	1
Q99729	194	1.0	True	HNRNPAB	1	1
Q99729	195	1.0	True	HNRNPAB	1	1
Q99729	245	3.0	True	HNRNPAB	2	2
Q99729	248	2.0	True	HNRNPAB	2	3
Q99729	250	2.0	True	HNRNPAB	2	3
Q99729	253	3.0	True	HNRNPAB	3	3
Q99729	321	1.0	True	HNRNPAB	1	3
Q99729	322	1.0	True	HNRNPAB	3	3
Q99741	171		False	CDC6	1	1
Q99742	584		False	NPAS1	1	1
Q99747	149		False	NAPG	1	1
Q99755	373		False	PIP5K1A	1	1
Q99797	331		False	MIPEP	1	1
Q99798	474	49.0	True	ACO2	1	1
Q99798	523	49.0	True	ACO2	1	1
Q99798	679	156.0	False	ACO2	1	1
Q99805	104		False	TM9SF2	1	1
Q99807	51		False	COQ7	1	1
Q99829	89	398.0	False	CPNE1	1	1
Q99829	487	398.0	False	CPNE1	1	1
Q99832	43	10.0	True	CCT7	1	1
Q99832	53	10.0	True	CCT7	1	1
Q99832	306	69.0	True	CCT7	1	1
Q99832	375	22.0	True	CCT7	1	1
Q99832	397	22.0	True	CCT7	1	1
Q99832	524	11.0	True	CCT7	1	1
Q99832	535	2.0	True	CCT7	3	3
Q99832	537	2.0	True	CCT7	2	3
Q99832	539	2.0	True	CCT7	2	2
Q99856	184	380.0	False	ARID3A	1	1
Q99856	564	380.0	False	ARID3A	1	1
Q99871	83		False	HAUS7	1	1
Q99873	195	11.0	True	PRMT1	1	1
Q99873	206	11.0	True	PRMT1	1	1
Q99877	73	7.0	True	H2BC15	1	1
Q99877	80	7.0	True	H2BC15	1	1
Q99877	87	6.0	True	H2BC15	1	1
Q99877	93	6.0	True	H2BC15	1	1
Q99877	100	7.0	True	H2BC15	1	1
Q99878	21	9.0	True	H2AC14	1	1
Q99878	30	9.0	True	H2AC14	1	1
Q99878	82	7.0	True	H2AC14	1	1
Q99878	89	7.0	True	HIST1H2AC	1	1
Q99879	73	7.0	True	HIST1H2BM	1	1
Q99879	80	7.0	True	HIST1H2BM	1	1
Q99879	87	6.0	True	HIST1H2BM	1	1
Q99879	93	6.0	True	HIST1H2BM	1	1
Q99879	100	7.0	True	HIST1H2BM	1	1
Q99880	73	14.0	True	H2BC13	1	1
Q99880	87	6.0	True	H2BC13	1	1
Q99880	93	6.0	True	H2BC13	1	1
Q99880	100	7.0	True	H2BC13	1	1
Q99933	8	50.0	True	BAG1	1	1
Q99933	58	3.0	True	BAG1	1	1
Q99933	61	3.0	True	BAG1	2	2
Q99933	68	7.0	True	BAG1	1	1
Q99943	253	2.0	True	AGPAT1	1	1
Q99943	255	2.0	True	AGPAT1	1	1
Q99943	270	15.0	True	AGPAT1	1	1
Q99958	54		False	FOXC2	1	1
Q99959	46	79.0	True	PKP2	2	2
Q99959	125	68.0	True	PKP2	1	1
Q99959	193	11.0	True	PKP2	1	1
Q99959	204	11.0	True	PKP2	1	1
Q99959	302	88.0	True	PKP2	1	1
Q99959	390	5.0	True	PKP2	1	1
Q99959	395	5.0	True	PKP2	1	1
Q99961	184		False	SH3GL1	1	1
Q99962	184		False	SH3GL2	1	1
Q99963	258		False	SH3GL3	1	1
Q99967	12		False	CITED2	1	1
Q99972	258		False	MYOC	1	1
Q99996	1618	1700.0	False	AKAP9	1	1
Q99996	3318	523.0	False	AKAP9	1	1
Q99996	3841	523.0	False	AKAP9	1	1
Q9BPU6	9	352.0	False	DPYSL5	1	1
Q9BPU6	361	190.0	False	DPYSL5	1	1
Q9BPU6	551	8.0	True	DPYSL5	1	1
Q9BPU6	559	8.0	True	DPYSL5	1	1
Q9BPW8	188	66.0	True	NIPSNAP1	1	1
Q9BPW8	254	66.0	True	NIPSNAP1	1	1
Q9BPX1	19		False	HSD17B14	1	1
Q9BPX3	257	591.0	False	NCAPG	1	1
Q9BPX3	848	86.0	True	NCAPG	1	1
Q9BPX3	934	86.0	True	NCAPG	1	1
Q9BPX5	3	6.0	True	ARPC5L	1	1
Q9BPX5	9	6.0	True	ARPC5L	1	1
Q9BQ04	129	218.0	False	RBM4B	1	1
Q9BQ04	347	218.0	False	RBM4B	1	1
Q9BQ52	14	14.0	True	ELAC2	1	1
Q9BQ52	28	14.0	True	ELAC2	1	1
Q9BQ52	202	174.0	False	ELAC2	1	1
Q9BQ52	781	579.0	False	ELAC2	1	1
Q9BQ61	7	6.0	True	C19orf43	1	1
Q9BQ61	13	6.0	True	C19orf43	1	1
Q9BQ65	33		False	C16orf57	1	1
Q9BQ67	181	1.0	True	GRWD1	1	1
Q9BQ67	182	1.0	True	GRWD1	1	1
Q9BQ67	319	137.0	False	GRWD1	2	2
Q9BQ69	244		False	MACROD1	1	1
Q9BQ70	29	169.0	False	TCF25	1	1
Q9BQ70	198	7.0	True	TCF25	1	1
Q9BQ70	205	7.0	True	TCF25	1	1
Q9BQ75	167		False	CMSS1	2	2
Q9BQ83	80		False	SLX1A	1	1
Q9BQ90	67		False	KLHDC3	1	1
Q9BQC6	60		False	MRPL57	1	1
Q9BQF6	83		False	SENP7	1	1
Q9BQG0	25	566.0	False	MYBBP1A	1	1
Q9BQG0	591	305.0	False	MYBBP1A	1	1
Q9BQG0	896	305.0	False	MYBBP1A	1	1
Q9BQI0	8		False	AIF1L	1	1
Q9BR39	197		False	JPH2	1	1
Q9BR76	30		False	CORO1B	1	1
Q9BRD0	26	91.0	True	BUD13	1	1
Q9BRD0	117	91.0	True	BUD13	1	1
Q9BRG1	171		False	VPS25	1	1
Q9BRG2	548		False	SH2D3A	1	1
Q9BRJ9	187		False	MESP1	1	1
Q9BRK4	168	86.0	True	LZTS2	1	1
Q9BRK4	254	8.0	True	LZTS2	1	1
Q9BRK4	262	8.0	True	LZTS2	1	1
Q9BRK5	97	1.0	True	SDF4	1	1
Q9BRK5	98	1.0	True	SDF4	1	1
Q9BRL6	31	79.0	True	SRSF8	1	1
Q9BRL6	110	79.0	True	SRSF8	1	1
Q9BRP4	103	24.0	True	PAAF1	1	1
Q9BRP4	127	24.0	True	PAAF1	1	1
Q9BRP4	187	2.0	True	PAAF1	1	1
Q9BRP4	189	2.0	True	PAAF1	1	1
Q9BRQ0	105	25.0	True	PYGO2	1	1
Q9BRQ0	130	1.0	True	PYGO2	1	1
Q9BRQ0	131	1.0	True	PYGO2	1	1
Q9BRR9	386		False	ARHGAP9	1	1
Q9BRS2	95		False	RIOK1	1	1
Q9BRS8	41		False	LARP6	1	1
Q9BRT9	94		False	GINS4	1	1
Q9BRU9	63		False	UTP23	1	1
Q9BRX2	108	72.0	True	PELO	1	1
Q9BRX2	180	72.0	True	PELO	1	1
Q9BRX2	291	111.0	False	PELO	1	1
Q9BRY0	164		False	SLC39A3	2	2
Q9BS26	137		False	ERP44	1	1
Q9BSC4	27	457.0	False	NOL10	1	1
Q9BSC4	484	457.0	False	NOL10	1	1
Q9BSH4	227		False	TACO1	1	1
Q9BSH5	139	1.0	True	HDHD3	1	1
Q9BSH5	140	1.0	True	HDHD3	1	1
Q9BSI4	276		False	TINF2	1	1
Q9BSJ6	52		False	FAM64A	1	1
Q9BSJ8	170		False	ESYT1	1	1
Q9BSL1	329		False	UBAC1	1	1
Q9BSM1	14	2.0	True	PCGF1	1	1
Q9BSM1	16	2.0	True	PCGF1	1	1
Q9BST9	9	5.0	True	RTKN	1	1
Q9BST9	14	5.0	True	RTKN	2	2
Q9BST9	531	2.0	True	RTKN	1	1
Q9BST9	533	2.0	True	RTKN	1	1
Q9BST9	547	14.0	True	RTKN	1	1
Q9BSV6	38		False	TSEN34	1	1
Q9BT17	195		False	MTG1	1	1
Q9BT25	7	52.0	True	HAUS8	1	1
Q9BT25	59	8.0	True	HAUS8	1	1
Q9BT25	67	8.0	True	HAUS8	1	1
Q9BT43	12	56.0	True	POLR3GL	1	1
Q9BT43	68	56.0	True	POLR3GL	1	1
Q9BT78	271		False	COPS4	1	1
Q9BTA9	19		False	WAC	1	1
Q9BTC0	62	977.0	False	DIDO1	1	1
Q9BTC0	1039	558.0	False	DIDO1	1	1
Q9BTC0	1597	178.0	False	DIDO1	1	1
Q9BTC0	1775	18.0	True	DIDO1	2	2
Q9BTC0	1793	6.0	True	DIDO1	1	1
Q9BTC0	1799	6.0	True	DIDO1	1	1
Q9BTC0	1824	11.0	True	DIDO1	1	1
Q9BTC0	1835	10.0	True	DIDO1	3	3
Q9BTC0	1845	8.0	True	DIDO1	2	2
Q9BTC0	1853	8.0	True	DIDO1	1	1
Q9BTC0	1882	11.0	True	DIDO1	2	2
Q9BTC0	1893	1.0	True	DIDO1	2	3
Q9BTC0	1894	1.0	True	DIDO1	3	3
Q9BTC0	1904	10.0	True	DIDO1	1	1
Q9BTC0	1927	11.0	True	DIDO1	1	1
Q9BTC0	1938	11.0	True	DIDO1	1	1
Q9BTC0	1949	11.0	True	DIDO1	1	1
Q9BTC0	1960	11.0	True	DIDO1	1	1
Q9BTC0	1971	6.0	True	DIDO1	1	1
Q9BTC0	1977	5.0	True	DIDO1	2	2
Q9BTC0	1982	5.0	True	DIDO1	3	3
Q9BTC0	1993	11.0	True	DIDO1	3	3
Q9BTC0	2008	15.0	True	DIDO1	2	2
Q9BTC0	2024	16.0	True	DIDO1	2	2
Q9BTC8	217		False	MTA3	1	1
Q9BTD8	130	9.0	True	RBM42	1	1
Q9BTD8	139	6.0	True	RBM42	1	1
Q9BTD8	145	1.0	True	RBM42	1	1
Q9BTD8	146	1.0	True	RBM42	1	1
Q9BTD8	153	5.0	True	RBM42	2	2
Q9BTD8	158	5.0	True	RBM42	2	2
Q9BTD8	168	10.0	True	RBM42	2	2
Q9BTD8	181	5.0	True	RBM42	2	2
Q9BTD8	186	5.0	True	RBM42	1	1
Q9BTD8	225	39.0	True	RBM42	1	1
Q9BTD8	306	7.0	True	RBM42	1	1
Q9BTD8	313	7.0	True	RBM42	1	1
Q9BTD8	321	2.0	True	RBM42	1	1
Q9BTD8	323	2.0	True	RBM42	1	1
Q9BTD8	325	2.0	True	RBM42	1	1
Q9BTD8	328	3.0	True	RBM42	1	1
Q9BTE3	166		False	MCMBP	1	1
Q9BTE6	186		False	AARSD1	1	1
Q9BTF0	24		False	THUMPD2	1	1
Q9BTK2	13		False	DANT2	1	1
Q9BTL3	46	6.0	True	FAM103A1	1	1
Q9BTL3	52	2.0	True	FAM103A1	1	1
Q9BTL3	54	2.0	True	FAM103A1	1	1
Q9BTL3	57	3.0	True	FAM103A1	1	1
Q9BTL3	62	3.0	True	FAM103A1	1	1
Q9BTL3	65	2.0	True	FAM103A1	1	1
Q9BTL3	67	2.0	True	FAM103A1	1	1
Q9BTL3	70	3.0	True	RAMAC	1	1
Q9BTL3	78	7.0	True	FAM103A1	1	1
Q9BTL3	85	7.0	True	RAMAC	2	2
Q9BTL3	112	27.0	True	RAMAC	2	2
Q9BTM1	21	9.0	True	H2AJ	1	1
Q9BTM1	30	9.0	True	H2AJ	1	1
Q9BTM1	82	7.0	True	H2AJ	1	1
Q9BTM1	89	7.0	True	H2AJ	1	1
Q9BTT0	12	2.0	True	ANP32E	1	1
Q9BTT0	14	2.0	True	ANP32E	1	1
Q9BTT0	251	237.0	False	ANP32E	1	1
Q9BTV4	131	89.0	True	TMEM43	1	1
Q9BTV4	220	46.0	True	TMEM43	1	1
Q9BTV4	266	2.0	True	TMEM43	1	1
Q9BTV4	268	2.0	True	TMEM43	1	1
Q9BTV5	310	10.0	True	FSD1	1	1
Q9BTV5	320	10.0	True	FSD1	2	2
Q9BTV5	332	12.0	True	FSD1	1	1
Q9BTV7	30		False	CABLES2	1	1
Q9BTY7	55	162.0	False	HGH1	1	1
Q9BTY7	217	162.0	False	HGH1	1	1
Q9BTZ2	221		False	DHRS4	1	1
Q9BU19	44		False	ZNF692	1	1
Q9BU61	135		False	NDUFAF3	1	1
Q9BU76	6	4.0	True	C1orf35	2	2
Q9BU76	10	4.0	True	MMTAG2	2	2
Q9BU76	166	156.0	False	MMTAG2	1	1
Q9BUA3	143		False	C11orf84	1	1
Q9BUB5	455	4.0	True	MKNK1	1	1
Q9BUB5	459	4.0	True	MKNK1	1	1
Q9BUE0	78		False	MED18	1	1
Q9BUF5	46	195.0	False	TUBB6	1	1
Q9BUF5	241	149.0	False	TUBB6	1	1
Q9BUF5	390	1.0	True	TUBB6	1	1
Q9BUF5	391	1.0	True	TUBB6	1	1
Q9BUH6	169	8.0	True	C9orf142	1	1
Q9BUH6	177	8.0	True	C9orf142	1	1
Q9BUH8	381		False	BEGAIN	1	1
Q9BUJ2	23	142.0	False	HNRNPUL1	1	1
Q9BUJ2	165	6.0	True	HNRNPUL1	1	1
Q9BUJ2	171	2.0	True	HNRNPUL1	1	1
Q9BUJ2	173	2.0	True	HNRNPUL1	1	1
Q9BUJ2	179	2.0	True	HNRNPUL1	1	2
Q9BUJ2	181	2.0	True	HNRNPUL1	2	2
Q9BUJ2	584	8.0	True	HNRNPUL1	1	1
Q9BUJ2	592	8.0	True	HNRNPUL1	1	1
Q9BUJ2	612	6.0	True	HNRNPUL1	2	2
Q9BUJ2	618	2.0	True	HNRNPUL1	2	2
Q9BUJ2	620	2.0	True	HNRNPUL1	2	2
Q9BUJ2	628	4.0	True	HNRNPUL1	1	1
Q9BUJ2	632	4.0	True	HNRNPUL1	1	1
Q9BUJ2	639	6.0	True	HNRNPUL1	3	3
Q9BUJ2	645	6.0	True	HNRNPUL1	3	3
Q9BUJ2	656	5.0	True	HNRNPUL1	3	3
Q9BUJ2	661	5.0	True	HNRNPUL1	1	1
Q9BUJ2	671	10.0	True	HNRNPUL1	2	2
Q9BUJ2	685	5.0	True	HNRNPUL1	2	2
Q9BUJ2	690	5.0	True	HNRNPUL1	1	1
Q9BUK6	419		False	MSTO1	1	1
Q9BUL8	124	2.0	True	PDCD10	1	1
Q9BUL8	126	2.0	True	PDCD10	1	1
Q9BUL9	72		False	RPP25	1	1
Q9BUM1	138		False	G6PC3	1	1
Q9BUN8	214		False	DERL1	1	1
Q9BUP0	12		False	EFHD1	1	1
Q9BUP3	174		False	HTATIP2	1	1
Q9BUQ8	253	48.0	True	DDX23	2	2
Q9BUQ8	301	48.0	True	DDX23	2	2
Q9BUQ8	508	207.0	False	DDX23	1	1
Q9BUT9	27	8.0	True	MCRIP2	1	1
Q9BUT9	35	8.0	True	MCRIP2	2	2
Q9BUT9	46	11.0	True	FAM195A	1	1
Q9BUT9	65	5.0	True	MCRIP2	2	2
Q9BUT9	70	5.0	True	MCRIP2	1	1
Q9BV20	249	39.0	True	MRI1	1	1
Q9BV20	288	39.0	True	MRI1	1	1
Q9BV38	375		False	WDR18	1	1
Q9BV40	14		False	VAMP8	1	1
Q9BV44	313		False	THUMPD3	1	1
Q9BV57	32	1.0	True	ADI1	1	1
Q9BV57	33	1.0	True	ADI1	1	1
Q9BV57	168	135.0	False	ADI1	1	1
Q9BV68	128	2.0	True	RNF126	1	1
Q9BV68	130	2.0	True	RNF126	1	1
Q9BV79	278		False	MECR	1	1
Q9BV86	223		False	METTL11A	1	1
Q9BVA0	144		False	KATNB1	1	1
Q9BVA1	162		False	TUBB2A	1	1
Q9BVC6	227		False	TMEM109	1	1
Q9BVG8	17	28.0	True	KIFC3	1	1
Q9BVG8	45	9.0	True	KIFC3	1	1
Q9BVG8	54	9.0	True	KIFC3	1	1
Q9BVK2	268		False	ALG8	1	1
Q9BVL2	436		False	NUPL1	1	1
Q9BVP2	230		False	GNL3	1	1
Q9BVT8	77		False	TMUB1	1	1
Q9BVW5	76	50.0	True	TIPIN	1	1
Q9BVW5	126	50.0	True	TIPIN	1	1
Q9BW19	54	435.0	False	KIFC1	1	1
Q9BW19	489	435.0	False	KIFC1	1	1
Q9BW27	505	3.0	True	NUP85	1	1
Q9BW27	508	3.0	True	NUP85	1	1
Q9BW62	133	5.0	True	KATNAL1	1	1
Q9BW62	138	5.0	True	KATNAL1	1	1
Q9BW71	12	4.0	True	HIRIP3	1	1
Q9BW71	16	4.0	True	HIRIP3	1	1
Q9BW71	428	412.0	False	HIRIP3	1	1
Q9BW72	74		False	HIGD2A	1	1
Q9BW85	257	35.0	True	CCDC94	1	1
Q9BW85	292	35.0	True	CCDC94	1	1
Q9BW92	429		False	TARS2	1	1
Q9BWC9	163		False	CCDC106	1	1
Q9BWD1	188		False	ACAT2	1	1
Q9BWF3	129	223.0	False	RBM4B	1	1
Q9BWF3	352	6.0	True	RBM4	1	1
Q9BWF3	358	6.0	True	RBM4	1	1
Q9BWG4	157		False	SSBP4	1	1
Q9BWH6	38		False	RPAP1	1	1
Q9BWS9	48	25.0	True	CHID1	1	1
Q9BWS9	73	25.0	True	CHID1	1	1
Q9BWT3	724	7.0	True	PAPOLG	1	1
Q9BWT3	731	7.0	True	PAPOLG	2	2
Q9BWT7	174		False	CARD10	1	1
Q9BWU0	227		False	SLC4A1AP	1	1
Q9BWW4	155	6.0	True	SSBP3	2	2
Q9BWW4	161	4.0	True	SSBP3	2	2
Q9BWW4	165	4.0	True	SSBP3	2	2
Q9BWW4	202	37.0	True	SSBP3	1	1
Q9BX10	28		False	GTPBP2	1	1
Q9BX40	44	74.0	True	LSM14B	1	1
Q9BX40	118	74.0	True	LSM14B	1	1
Q9BX40	217	1.0	True	LSM14B	1	1
Q9BX40	218	1.0	True	LSM14B	1	1
Q9BX40	221	1.0	True	LSM14B	1	1
Q9BX40	222	1.0	True	LSM14B	1	1
Q9BX40	234	4.0	True	LSM14B	1	1
Q9BX40	238	4.0	True	LSM14B	1	1
Q9BX40	351	3.0	True	LSM14B	2	2
Q9BX40	354	2.0	True	LSM14B	1	1
Q9BX40	356	2.0	True	LSM14B	1	1
Q9BX40	363	7.0	True	LSM14B	1	1
Q9BX40	373	6.0	True	LSM14B	1	1
Q9BX40	379	6.0	True	LSM14B	1	1
Q9BX46	62		False	RBM24	1	1
Q9BX68	58		False	HINT2	1	1
Q9BX69	779	19.0	True	CARD6	1	1
Q9BX69	798	19.0	True	CARD6	1	1
Q9BXB4	45		False	OSBPL11	1	1
Q9BXB5	38	5.0	True	OSBPL10	2	2
Q9BXB5	43	5.0	True	OSBPL10	1	1
Q9BXF3	660	40.0	True	CECR2	1	1
Q9BXF3	700	3.0	True	CECR2	1	1
Q9BXF3	703	3.0	True	CECR2	1	1
Q9BXF3	823	9.0	True	CECR2	1	1
Q9BXF3	832	9.0	True	CECR2	1	1
Q9BXF3	891	59.0	True	CECR2	1	1
Q9BXF3	1435	8.0	True	CECR2	1	1
Q9BXF3	1443	8.0	True	CECR2	1	1
Q9BXF6	5		False	RAB11FIP5	1	1
Q9BXH1	23	61.0	True	BBC3	1	1
Q9BXH1	84	2.0	True	BBC3	1	1
Q9BXH1	86	2.0	True	BBC3	1	1
Q9BXH1	89	3.0	True	BBC3	1	1
Q9BXJ9	70	372.0	False	NAA15	1	1
Q9BXJ9	442	372.0	False	NAA15	1	1
Q9BXK1	44		False	KLF16	1	1
Q9BXM0	240	713.0	False	PRX	1	1
Q9BXM0	953	713.0	False	PRX	1	1
Q9BXP5	20	5.0	True	SRRT	1	1
Q9BXP5	25	5.0	True	SRRT	1	1
Q9BXP5	41	4.0	True	SRRT	1	1
Q9BXP5	45	2.0	True	SRRT	2	2
Q9BXP5	47	2.0	True	SRRT	1	2
Q9BXP5	52	5.0	True	SRRT	1	1
Q9BXP5	471	63.0	True	SRRT	1	1
Q9BXP5	534	63.0	True	SRRT	1	1
Q9BXP5	802	31.0	True	SRRT	1	1
Q9BXP5	833	7.0	True	SRRT	3	3
Q9BXP5	840	7.0	True	SRRT	3	3
Q9BXP5	850	5.0	True	SRRT	2	2
Q9BXP5	855	4.0	True	SRRT	1	1
Q9BXP5	859	4.0	True	SRRT	1	1
Q9BXS5	225	185.0	False	AP1M1	1	1
Q9BXS5	410	11.0	True	AP1M1	1	1
Q9BXS5	421	11.0	True	AP1M1	1	1
Q9BXT6	577	349.0	False	MOV10L1	1	1
Q9BXT6	926	14.0	True	MOV10L1	1	1
Q9BXT6	940	14.0	True	MOV10L1	1	1
Q9BXW6	637		False	OSBPL1A	1	1
Q9BY12	270	2.0	True	SCAPER	1	1
Q9BY12	272	2.0	True	SCAPER	1	1
Q9BY66	1299		False	KDM5D	1	1
Q9BY76	164	16.0	True	ANGPTL4	1	1
Q9BY76	180	16.0	True	ANGPTL4	1	1
Q9BY76	272	92.0	True	ANGPTL4	1	1
Q9BY77	11	2.0	True	POLDIP3	1	1
Q9BY77	13	2.0	True	POLDIP3	1	1
Q9BY77	33	20.0	True	POLDIP3	2	2
Q9BY77	66	33.0	True	POLDIP3	1	1
Q9BY89	409	973.0	False	KIAA1671	1	1
Q9BY89	1382	973.0	False	KIAA1671	1	1
Q9BYB0	624	125.0	False	SHANK3	1	1
Q9BYB0	749	1.0	True	SHANK3	1	1
Q9BYB0	750	1.0	True	SHANK3	1	1
Q9BYB0	751	1.0	True	SHANK3	1	1
Q9BYB4	262		False	GNB1L	1	1
Q9BYD3	70	77.0	True	MRPL4	1	1
Q9BYD3	147	77.0	True	MRPL4	2	2
Q9BYD6	10		False	MRPL1	1	1
Q9BYG3	114	130.0	False	NIFK	1	1
Q9BYG3	244	1.0	True	NIFK	1	2
Q9BYG3	245	1.0	True	NIFK	2	2
Q9BYG3	284	39.0	True	NIFK	1	1
Q9BYG4	337		False	PARD6G	1	1
Q9BYI3	323		False	FAM126A	1	1
Q9BYJ9	327		False	YTHDF1	1	1
Q9BYN0	11	5.0	True	SRXN1	2	2
Q9BYN0	16	5.0	True	SRXN1	3	3
Q9BYN0	37	21.0	True	SRXN1	1	1
Q9BYN7	308		False	ZNF341	1	1
Q9BYN8	93	59.0	True	MRPS26	1	1
Q9BYN8	152	59.0	True	MRPS26	1	1
Q9BYP7	1334		False	WNK3	1	1
Q9BYW2	411	990.0	False	SETD2	1	1
Q9BYW2	1401	285.0	False	SETD2	1	1
Q9BYW2	1686	285.0	False	SETD2	1	1
Q9BZ67	217	2.0	True	FRMD8	1	1
Q9BZ67	219	2.0	True	FRMD8	1	1
Q9BZ67	222	3.0	True	FRMD8	1	1
Q9BZ76	688	1.0	True	CNTNAP3	1	1
Q9BZ76	689	1.0	True	CNTNAP3	1	1
Q9BZ76	693	4.0	True	CNTNAP3	1	1
Q9BZE1	27	21.0	True	MRPL37	1	1
Q9BZE1	48	21.0	True	MRPL37	1	1
Q9BZE4	61	172.0	False	GTPBP4	1	1
Q9BZE4	233	105.0	False	GTPBP4	1	1
Q9BZE4	338	105.0	False	GTPBP4	1	1
Q9BZE4	581	243.0	False	GTPBP4	1	1
Q9BZE9	417		False	ASPSCR1	1	1
Q9BZI7	447		False	UPF3B	2	2
Q9BZJ0	442		False	CRNKL1	1	1
Q9BZK7	431		False	TBL1XR1	1	1
Q9BZL1	9		False	UBL5	1	1
Q9BZQ8	138		False	FAM129A	1	1
Q9BZX2	162		False	UCK2	1	1
Q9BZZ5	79	421.0	False	API5	1	1
Q9BZZ5	500	4.0	True	API5	3	3
Q9BZZ5	504	3.0	True	API5	2	2
Q9BZZ5	507	3.0	True	API5	2	2
Q9BZZ5	510	3.0	True	API5	2	2
Q9C009	377		False	FOXQ1	1	1
Q9C026	140		False	TRIM9	1	1
Q9C073	9	9.0	True	FAM117A	1	1
Q9C073	18	7.0	True	FAM117A	1	1
Q9C073	25	1.0	True	FAM117A	1	1
Q9C073	26	1.0	True	FAM117A	1	1
Q9C073	187	161.0	False	FAM117A	1	1
Q9C075	179		False	KRT23	1	1
Q9C086	251	3.0	True	INO80B	2	2
Q9C086	254	3.0	True	INO80B	2	2
Q9C086	258	4.0	True	INO80B	1	1
Q9C0A6	757	506.0	False	SETD5	1	1
Q9C0A6	1263	154.0	False	SETD5	1	1
Q9C0A6	1417	154.0	False	SETD5	1	1
Q9C0B5	292	1.0	True	ZDHHC5	1	1
Q9C0B5	293	1.0	True	ZDHHC5	1	1
Q9C0B5	602	13.0	True	ZDHHC5	1	1
Q9C0B5	615	2.0	True	ZDHHC5	1	2
Q9C0B5	617	2.0	True	ZDHHC5	2	2
Q9C0B5	697	80.0	True	ZDHHC5	1	1
Q9C0C2	66	115.0	False	TNKS1BP1	1	1
Q9C0C2	181	5.0	True	TNKS1BP1	1	1
Q9C0C2	186	5.0	True	TNKS1BP1	1	1
Q9C0C2	823	308.0	False	TNKS1BP1	1	1
Q9C0C2	1131	308.0	False	TNKS1BP1	1	1
Q9C0C2	1581	3.0	True	TNKS1BP1	1	1
Q9C0C2	1584	3.0	True	TNKS1BP1	1	1
Q9C0C2	1589	5.0	True	TNKS1BP1	1	1
Q9C0C4	269		False	SEMA4C	1	1
Q9C0C7	226	9.0	True	AMBRA1	1	1
Q9C0C7	235	1.0	True	AMBRA1	1	1
Q9C0C7	236	1.0	True	AMBRA1	1	1
Q9C0C7	392	1.0	True	AMBRA1	1	1
Q9C0C7	393	1.0	True	AMBRA1	1	1
Q9C0C7	408	15.0	True	AMBRA1	1	1
Q9C0C7	730	17.0	True	AMBRA1	1	1
Q9C0C7	747	7.0	True	AMBRA1	1	1
Q9C0C7	754	7.0	True	AMBRA1	1	1
Q9C0C7	785	2.0	True	AMBRA1	1	1
Q9C0C7	787	2.0	True	AMBRA1	1	1
Q9C0C7	795	8.0	True	AMBRA1	1	1
Q9C0C7	808	13.0	True	AMBRA1	1	1
Q9C0C7	824	16.0	True	AMBRA1	1	1
Q9C0C7	1224	400.0	False	AMBRA1	1	1
Q9C0C9	981		False	UBE2O	1	1
Q9C0D2	243		False	CEP295	1	1
Q9C0E4	661		False	GRIP2	1	1
Q9C0G0	277		False	ZNF407	2	2
Q9C0G6	2440	18.0	True	DNAH6	1	1
Q9C0G6	2458	18.0	True	DNAH6	1	1
Q9C0J8	10	6.0	True	WDR33	2	2
Q9C0J8	16	6.0	True	WDR33	2	2
Q9C0J8	23	6.0	True	WDR33	2	2
Q9C0J8	29	6.0	True	WDR33	1	1
Q9C0J8	782	9.0	True	WDR33	2	2
Q9C0J8	791	9.0	True	WDR33	1	1
Q9C0J8	811	17.0	True	WDR33	1	1
Q9C0J8	828	6.0	True	WDR33	1	1
Q9C0J8	834	6.0	True	WDR33	1	1
Q9C0J8	915	27.0	True	WDR33	3	3
Q9C0J8	942	27.0	True	WDR33	1	1
Q9C0J8	987	4.0	True	WDR33	1	1
Q9C0J8	991	4.0	True	WDR33	1	1
Q9C0J8	1030	5.0	True	WDR33	1	1
Q9C0J8	1035	5.0	True	WDR33	2	2
Q9C0J8	1046	1.0	True	WDR33	1	2
Q9C0J8	1047	1.0	True	WDR33	2	2
Q9C0J8	1067	4.0	True	WDR33	2	2
Q9C0J8	1071	4.0	True	WDR33	1	1
Q9C0J8	1106	5.0	True	WDR33	1	1
Q9C0J8	1111	5.0	True	WDR33	1	1
Q9C0J8	1121	10.0	True	WDR33	1	1
Q9C0J8	1144	2.0	True	WDR33	2	2
Q9C0J8	1146	2.0	True	WDR33	2	2
Q9C0J8	1153	7.0	True	WDR33	1	1
Q9C0J8	1257	5.0	True	WDR33	1	1
Q9C0J8	1262	5.0	True	WDR33	2	2
Q9C0J8	1270	6.0	True	WDR33	1	1
Q9C0J8	1276	6.0	True	WDR33	1	1
Q9C0J8	1290	14.0	True	WDR33	1	1
Q9C0J8	1305	3.0	True	WDR33	2	2
Q9C0J8	1308	3.0	True	WDR33	2	2
Q9C0J8	1315	7.0	True	WDR33	3	3
Q9C0J8	1325	10.0	True	WDR33	1	1
Q9C0K0	262	31.0	True	BCL11B	1	1
Q9C0K0	293	7.0	True	BCL11B	1	1
Q9C0K0	300	7.0	True	BCL11B	1	1
Q9C0K0	322	22.0	True	BCL11B	1	1
Q9C0K0	671	80.0	True	BCL11B	1	1
Q9C0K0	751	80.0	True	BCL11B	1	1
Q9GZL7	63	256.0	False	WDR12	1	1
Q9GZL7	319	256.0	False	WDR12	1	1
Q9GZP4	52	128.0	False	PITHD1	1	1
Q9GZP4	180	128.0	False	PITHD1	1	1
Q9GZQ8	21		False	MAP1LC3B	1	1
Q9GZR2	129		False	REXO4	1	1
Q9GZR7	475		False	DDX24	1	1
Q9GZS1	40	26.0	True	POLR1E	1	1
Q9GZS1	66	26.0	True	POLR1E	1	1
Q9GZT3	7	6.0	True	SLIRP	2	2
Q9GZT3	13	6.0	True	SLIRP	1	1
Q9GZT3	46	33.0	True	SLIRP	1	1
Q9GZT8	14		False	NIF3L1	1	1
Q9GZU2	372		False	PEG3	1	1
Q9GZU8	24		False	FAM192A	1	1
Q9GZY4	108	6.0	True	C7orf44	1	1
Q9GZY4	114	6.0	True	C7orf44	1	1
Q9H000	52	5.0	True	MKRN2	1	1
Q9H000	57	5.0	True	MKRN2	1	1
Q9H000	209	152.0	False	MKRN2	1	1
Q9H013	921		False	ADAM19	1	1
Q9H074	7	6.0	True	PAIP1	1	1
Q9H074	13	2.0	True	PAIP1	2	2
Q9H074	15	2.0	True	PAIP1	2	2
Q9H074	17	2.0	True	PAIP1	2	2
Q9H074	21	4.0	True	PAIP1	3	3
Q9H074	40	2.0	True	PAIP1	1	1
Q9H074	42	2.0	True	PAIP1	1	1
Q9H074	60	3.0	True	PAIP1	1	1
Q9H074	63	3.0	True	PAIP1	1	1
Q9H074	80	17.0	True	PAIP1	1	1
Q9H089	5	9.0	True	LSG1	2	2
Q9H089	14	9.0	True	LSG1	2	2
Q9H089	581	567.0	False	LSG1	1	1
Q9H098	43		False	FAM107B	1	1
Q9H0A0	32	686.0	False	NAT10	1	1
Q9H0A0	718	686.0	False	NAT10	1	1
Q9H0A8	130		False	COMMD4	1	1
Q9H0B3	943	1.0	True	IQCN	1	1
Q9H0B3	944	1.0	True	IQCN	1	1
Q9H0B3	1148	204.0	False	IQCN	1	1
Q9H0B6	477	65.0	True	KLC2	1	1
Q9H0B6	542	65.0	True	KLC2	1	1
Q9H0C5	79		False	BTBD1	2	2
Q9H0C8	268	42.0	True	ILKAP	1	1
Q9H0C8	310	9.0	True	ILKAP	1	1
Q9H0C8	319	9.0	True	ILKAP	1	1
Q9H0C8	369	8.0	True	ILKAP	1	1
Q9H0C8	377	8.0	True	ILKAP	1	1
Q9H0D6	458	199.0	False	XRN2	1	1
Q9H0D6	657	19.0	True	XRN2	1	1
Q9H0D6	676	19.0	True	XRN2	1	1
Q9H0D6	805	1.0	True	XRN2	1	1
Q9H0D6	806	1.0	True	XRN2	1	1
Q9H0D6	816	8.0	True	XRN2	2	2
Q9H0D6	824	8.0	True	XRN2	3	3
Q9H0D6	847	4.0	True	XRN2	3	3
Q9H0D6	851	4.0	True	XRN2	2	2
Q9H0D6	864	6.0	True	XRN2	1	1
Q9H0D6	870	6.0	True	XRN2	2	2
Q9H0D6	880	3.0	True	XRN2	1	1
Q9H0D6	883	3.0	True	XRN2	3	3
Q9H0D6	895	12.0	True	XRN2	3	3
Q9H0D6	921	1.0	True	XRN2	1	1
Q9H0D6	922	1.0	True	XRN2	1	1
Q9H0D6	925	3.0	True	XRN2	1	1
Q9H0D6	928	3.0	True	XRN2	1	1
Q9H0D6	933	3.0	True	XRN2	1	1
Q9H0D6	936	3.0	True	XRN2	1	1
Q9H0D6	946	10.0	True	XRN2	3	3
Q9H0E3	5	29.0	True	SAP130	2	2
Q9H0E3	34	29.0	True	SAP130	1	1
Q9H0E3	232	112.0	False	SAP130	2	2
Q9H0E3	344	100.0	True	SAP130	1	1
Q9H0E3	444	9.0	True	SAP130	1	1
Q9H0E3	453	9.0	True	SAP130	1	1
Q9H0E3	463	10.0	True	SAP130	1	1
Q9H0E9	22	480.0	False	BRD8	1	1
Q9H0E9	502	480.0	False	BRD8	1	1
Q9H0F6	29		False	SHARPIN	1	1
Q9H0H3	551		False	KLHL25	1	1
Q9H0I3	78		False	CCDC113	1	1
Q9H0K1	547		False	SIK2	1	1
Q9H0L4	311	5.0	True	CSTF2T	2	2
Q9H0L4	316	5.0	True	CSTF2T	2	2
Q9H0L4	327	11.0	True	CSTF2T	1	1
Q9H0L4	338	11.0	True	CSTF2T	1	1
Q9H0L4	352	14.0	True	CSTF2T	1	1
Q9H0L4	373	8.0	True	CSTF2T	1	1
Q9H0L4	381	8.0	True	CSTF2T	1	1
Q9H0L4	389	7.0	True	CSTF2T	1	1
Q9H0L4	396	7.0	True	CSTF2T	2	2
Q9H0L4	403	7.0	True	CSTF2T	1	1
Q9H0L4	410	3.0	True	CSTF2T	1	1
Q9H0L4	413	3.0	True	CSTF2T	1	1
Q9H0L4	461	7.0	True	CSTF2T	2	2
Q9H0L4	468	7.0	True	CSTF2T	1	1
Q9H0N0	112		False	RAB6C	1	1
Q9H0P0	303		False	NT5C3	1	1
Q9H0R8	28		False	GABARAPL1	1	1
Q9H0U4	108		False	RAB1B	1	1
Q9H0U9	35	2.0	True	TSPYL1	1	1
Q9H0U9	37	2.0	True	TSPYL1	1	1
Q9H0U9	77	7.0	True	TSPYL1	1	1
Q9H0U9	84	7.0	True	TSPYL1	1	1
Q9H0V9	235		False	LMAN2L	1	1
Q9H0W5	320	24.0	True	CCDC8	1	1
Q9H0W5	344	24.0	True	CCDC8	1	1
Q9H0W5	445	101.0	False	CCDC8	1	1
Q9H0W8	248		False	SMG9	1	1
Q9H0W9	263		False	C11orf54	1	1
Q9H0X9	379		False	OSBPL5	1	1
Q9H0Z9	85		False	RBM38	1	1
Q9H112	27		False	CST11	1	1
Q9H147	229		False	DNTTIP1	1	1
Q9H161	84		False	ALX4	1	1
Q9H165	242	29.0	True	BCL11A	1	1
Q9H165	271	7.0	True	BCL11A	1	1
Q9H165	278	7.0	True	BCL11A	1	1
Q9H1A4	352	16.0	True	ANAPC1	1	1
Q9H1A4	368	16.0	True	ANAPC1	2	2
Q9H1A4	1334	283.0	False	ANAPC1	1	1
Q9H1A4	1617	283.0	False	ANAPC1	1	1
Q9H1B7	170	365.0	False	IRF2BPL	1	1
Q9H1B7	535	7.0	True	IRF2BPL	1	1
Q9H1B7	542	7.0	True	IRF2BPL	1	1
Q9H1E3	28		False	NUCKS1	1	1
Q9H1I8	715		False	ASCC2	1	1
Q9H1K1	11		False	ISCU	1	1
Q9H1Z4	114		False	WDR13	3	3
Q9H211	396		False	CDT1	1	1
Q9H223	211		False	EHD4	1	1
Q9H299	5	42.0	True	SH3BGRL3	1	1
Q9H299	47	42.0	True	SH3BGRL3	1	1
Q9H2D6	1930		False	TRIOBP	1	1
Q9H2F3	156		False	HSD3B7	1	1
Q9H2F5	756		False	EPC1	1	1
Q9H2G2	415		False	SLK	1	1
Q9H2H8	61	81.0	True	PPIL3	1	1
Q9H2H8	142	81.0	True	PPIL3	1	1
Q9H2J4	225		False	PDCL3	1	1
Q9H2M9	963		False	RAB3GAP2	1	1
Q9H2P0	286	10.0	True	ADNP	1	1
Q9H2P0	296	10.0	True	ADNP	1	1
Q9H2P0	306	10.0	True	ADNP	1	1
Q9H2P0	348	37.0	True	ADNP	1	1
Q9H2P0	385	6.0	True	ADNP	1	1
Q9H2P0	391	6.0	True	ADNP	1	1
Q9H2S1	566		False	KCNN2	1	1
Q9H2U1	11	23.0	True	DHX36	1	1
Q9H2U1	34	13.0	True	DHX36	1	1
Q9H2U1	47	3.0	True	DHX36	2	2
Q9H2U1	50	2.0	True	DHX36	2	2
Q9H2U1	52	2.0	True	DHX36	1	2
Q9H2U1	90	38.0	True	DHX36	1	1
Q9H2U1	251	161.0	False	DHX36	1	1
Q9H2X6	1151		False	HIPK2	1	1
Q9H2Z4	144		False	NKX2-4	1	1
Q9H307	43	11.0	True	PNN	1	1
Q9H307	54	2.0	True	PNN	2	2
Q9H307	56	2.0	True	PNN	2	2
Q9H307	62	1.0	True	PNN	1	2
Q9H307	63	1.0	True	PNN	2	2
Q9H307	604	541.0	False	PNN	1	1
Q9H324	257		False	ADAMTS10	1	1
Q9H329	19	5.0	True	EPB41L4B	1	1
Q9H329	24	5.0	True	EPB41L4B	1	1
Q9H334	336	209.0	False	FOXP1	1	1
Q9H334	545	209.0	False	FOXP1	1	1
Q9H336	247		False	CRISPLD1	1	1
Q9H361	240	69.0	True	PABPC3	1	1
Q9H361	309	69.0	True	PABPC3	1	1
Q9H361	426	4.0	True	PABPC3	1	1
Q9H361	430	4.0	True	PABPC3	1	1
Q9H361	437	7.0	True	PABPC3	1	1
Q9H361	461	8.0	True	PABPC3	1	1
Q9H361	469	6.0	True	PABPC3	1	1
Q9H361	475	6.0	True	PABPC3	1	1
Q9H3G5	279		False	CPVL	1	1
Q9H3H3	14	8.0	True	C11orf68	1	1
Q9H3H3	22	5.0	True	C11orf68	1	1
Q9H3H3	27	2.0	True	C11orf68	1	3
Q9H3H3	29	2.0	True	C11orf68	3	3
Q9H3H3	278	249.0	False	C11orf68	1	1
Q9H3H9	205		False	TCEAL2	1	1
Q9H3K6	82		False	BOLA2	1	1
Q9H3N8	299		False	HRH4	1	1
Q9H3P2	238		False	NELFA	1	1
Q9H3P7	73	1.0	True	ACBD3	1	1
Q9H3P7	74	1.0	True	ACBD3	1	1
Q9H3P7	485	411.0	False	ACBD3	1	1
Q9H3Q1	42		False	CDC42EP4	1	1
Q9H3R5	21		False	CENPH	1	1
Q9H3S7	730	106.0	False	PTPN23	1	1
Q9H3S7	836	106.0	False	PTPN23	1	1
Q9H3S7	950	114.0	False	PTPN23	2	2
Q9H3S7	1595	20.0	True	PTPN23	1	1
Q9H3S7	1615	3.0	True	PTPN23	2	2
Q9H3S7	1618	3.0	True	PTPN23	1	1
Q9H3T2	736		False	SEMA6C	1	1
Q9H3T3	665		False	SEMA6B	1	1
Q9H3U1	133		False	UNC45A	1	1
Q9H3U7	68		False	SMOC2	1	1
Q9H3Y8	18	1.0	True	PPDPF	1	1
Q9H3Y8	19	1.0	True	PPDPF	1	1
Q9H400	288		False	LIME1	1	1
Q9H410	92	1.0	True	DSN1	1	1
Q9H410	93	1.0	True	DSN1	1	1
Q9H425	27	51.0	True	C1orf198	1	1
Q9H425	78	51.0	True	C1orf198	1	1
Q9H425	293	215.0	False	C1orf198	1	1
Q9H488	380		False	POFUT1	1	1
Q9H4A4	14	43.0	True	RNPEP	1	1
Q9H4A4	57	43.0	True	RNPEP	1	1
Q9H4B6	75	12.0	True	SAV1	1	1
Q9H4B6	87	5.0	True	SAV1	1	1
Q9H4B6	92	5.0	True	SAV1	1	1
Q9H4B6	168	44.0	True	SAV1	1	1
Q9H4B6	212	2.0	True	SAV1	1	1
Q9H4B6	214	2.0	True	SAV1	1	1
Q9H4H8	539		False	FAM83D	1	1
Q9H4L4	190	37.0	True	SENP3	1	1
Q9H4L4	227	37.0	True	SENP3	1	1
Q9H4M7	279	458.0	False	PLEKHA4	1	1
Q9H4M7	737	4.0	True	PLEKHA4	1	1
Q9H4M7	741	4.0	True	PLEKHA4	1	1
Q9H4Q4	259	4.0	True	PRDM12	1	1
Q9H4Q4	263	4.0	True	PRDM12	1	1
Q9H4W6	10		False	EBF3	1	1
Q9H4Z3	598		False	PCIF1	1	1
Q9H501	56	2.0	True	ESF1	1	1
Q9H501	58	2.0	True	ESF1	1	1
Q9H511	526	3.0	True	KLHL31	1	1
Q9H511	529	3.0	True	KLHL31	1	1
Q9H568	357	8.0	True	ACTL8	1	1
Q9H568	365	8.0	True	ACTL8	1	1
Q9H582	688		False	ZNF644	1	1
Q9H583	10	1810.0	False	HEATR1	1	1
Q9H583	1820	1810.0	False	HEATR1	1	1
Q9H5H4	253	6.0	True	ZNF768	1	1
Q9H5H4	259	6.0	True	ZNF768	1	1
Q9H5H4	272	13.0	True	ZNF768	2	2
Q9H5Q4	396		False	TFB2M	1	1
Q9H6A9	274	345.0	False	PCNXL3	1	1
Q9H6A9	619	83.0	True	PCNXL3	1	1
Q9H6A9	702	83.0	True	PCNX3	1	1
Q9H6A9	1481	779.0	False	PCNX3	1	1
Q9H6E5	13		False	TUT1	1	1
Q9H6F5	15	15.0	True	CCDC86	1	1
Q9H6F5	30	15.0	True	CCDC86	1	1
Q9H6H4	147	2.0	True	REEP4	1	1
Q9H6H4	149	2.0	True	REEP4	1	1
Q9H6K5	99	141.0	False	PRR36	1	1
Q9H6K5	240	14.0	True	PRR36	1	1
Q9H6K5	254	6.0	True	PRR36	1	1
Q9H6K5	260	6.0	True	PRR36	1	1
Q9H6K5	1093	833.0	False	PRR36	1	1
Q9H6L4	191		False	ARMC7	1	1
Q9H6Q4	312		False	NARFL	1	1
Q9H6R0	43	6.0	True	DHX33	2	2
Q9H6R0	49	6.0	True	DHX33	1	1
Q9H6R0	596	4.0	True	DHX33	1	1
Q9H6R0	600	4.0	True	DHX33	1	1
Q9H6R4	955		False	NOL6	1	1
Q9H6S0	10	22.0	True	YTHDC2	1	1
Q9H6S0	32	22.0	True	YTHDC2	1	1
Q9H6S0	953	921.0	False	YTHDC2	1	1
Q9H6T0	677		False	ESRP2	1	1
Q9H6T3	198	109.0	False	RPAP3	1	1
Q9H6T3	307	109.0	False	RPAP3	1	1
Q9H6U6	812		False	BCAS3	1	1
Q9H6Y7	277		False	RNF167	1	1
Q9H773	9	26.0	True	DCTPP1	1	1
Q9H773	35	1.0	True	DCTPP1	1	1
Q9H773	36	1.0	True	DCTPP1	1	1
Q9H773	45	9.0	True	DCTPP1	1	1
Q9H773	89	44.0	True	DCTPP1	1	1
Q9H788	259	9.0	True	SH2D4A	1	1
Q9H788	268	9.0	True	SH2D4A	1	1
Q9H7B2	6	8.0	True	RPF2	1	1
Q9H7B2	14	8.0	True	RPF2	1	1
Q9H7C9	69	24.0	True	AAMDC	1	1
Q9H7C9	93	24.0	True	AAMDC	1	1
Q9H7D0	1019		False	DOCK5	1	1
Q9H7D7	520		False	WDR26	1	1
Q9H7E2	245	2.0	True	TDRD3	1	1
Q9H7E2	247	2.0	True	TDRD3	1	1
Q9H7E9	24	3.0	True	C8orf33	1	1
Q9H7E9	27	3.0	True	C8orf33	2	2
Q9H7E9	36	9.0	True	C8orf33	1	1
Q9H7N4	497	19.0	True	SCAF1	1	1
Q9H7N4	516	19.0	True	SCAF1	1	1
Q9H7P9	321	8.0	True	PLEKHG2	1	1
Q9H7P9	329	8.0	True	PLEKHG2	1	1
Q9H7P9	1305	52.0	True	PLEKHG2	1	1
Q9H7P9	1357	18.0	True	PLEKHG2	1	1
Q9H7P9	1375	18.0	True	PLEKHG2	1	1
Q9H7S9	260	284.0	False	ZNF703	1	1
Q9H7S9	544	36.0	True	ZNF703	1	1
Q9H7S9	580	36.0	True	ZNF703	1	1
Q9H7U1	262	4.0	True	CCSER2	1	1
Q9H7U1	266	4.0	True	CCSER2	1	1
Q9H7U1	316	50.0	True	FAM190B	1	1
Q9H832	268		False	UBE2Z	1	1
Q9H840	13	3.0	True	GEMIN7	1	1
Q9H840	16	3.0	True	GEMIN7	1	1
Q9H840	23	7.0	True	GEMIN7	1	1
Q9H845	266	343.0	False	ACAD9	1	1
Q9H845	609	10.0	True	ACAD9	1	1
Q9H845	619	10.0	True	ACAD9	1	1
Q9H857	324		False	NT5DC2	1	1
Q9H875	10	3.0	True	PRKRIP1	1	1
Q9H875	13	3.0	True	PRKRIP1	1	1
Q9H8H0	213	166.0	False	NOL11	1	1
Q9H8H0	379	1.0	True	NOL11	1	1
Q9H8H0	380	1.0	True	NOL11	1	1
Q9H8H0	418	38.0	True	NOL11	1	1
Q9H8H2	828		False	DDX31	3	3
Q9H8U3	199	2.0	True	ZFAND3	1	1
Q9H8U3	201	2.0	True	ZFAND3	1	1
Q9H8V3	13		False	ECT2	1	1
Q9H8Y5	242	10.0	True	ANKZF1	1	1
Q9H8Y5	252	10.0	True	ANKZF1	1	1
Q9H8Y8	428		False	GORASP2	1	1
Q9H910	104		False	JPT2	1	1
Q9H992	29	311.0	False	MARCHF7	1	1
Q9H992	340	66.0	True	MARCHF7	1	1
Q9H992	406	66.0	True	MARCHF7	1	1
Q9H9A5	263		False	CNOT10	1	1
Q9H9A6	6	7.0	True	LRRC40	1	1
Q9H9A6	13	7.0	True	LRRC40	1	1
Q9H9B1	189	813.0	False	EHMT1	1	1
Q9H9B1	1002	813.0	False	EHMT1	1	1
Q9H9B4	314		False	SFXN1	1	1
Q9H9D4	512		False	ZNF408	1	1
Q9H9E3	121		False	COG4	1	1
Q9H9F9	69	4.0	True	ACTR5	1	1
Q9H9F9	73	4.0	True	ACTR5	1	1
Q9H9H4	205	1.0	True	VPS37B	1	1
Q9H9H4	206	1.0	True	VPS37B	1	1
Q9H9H4	218	12.0	True	VPS37B	2	2
Q9H9J2	29		False	MRPL44	1	1
Q9H9L4	320		False	KANSL2	1	1
Q9H9P8	165		False	L2HGDH	1	1
Q9H9S3	405		False	SEC61A2	1	1
Q9H9T3	424		False	ELP3	1	1
Q9H9Y2	311		False	RPF1	1	1
Q9HA47	165		False	UCK1	1	1
Q9HA64	7	43.0	True	FN3KRP	1	1
Q9HA64	50	43.0	True	FN3KRP	1	1
Q9HA64	130	80.0	True	FN3KRP	1	1
Q9HA92	9		False	RSAD1	1	1
Q9HAH7	57	172.0	False	FBRS	1	1
Q9HAH7	229	10.0	True	FBRS	2	2
Q9HAH7	239	6.0	True	FBRS	2	2
Q9HAH7	245	6.0	True	FBRS	1	1
Q9HAH7	288	7.0	True	FBRS	1	1
Q9HAH7	295	7.0	True	FBRS	1	1
Q9HAH7	343	27.0	True	FBRS	1	1
Q9HAH7	370	3.0	True	FBRS	1	1
Q9HAH7	373	3.0	True	FBRS	1	1
Q9HAH7	376	3.0	True	FBRS	1	1
Q9HAH7	394	14.0	True	FBRS	1	1
Q9HAH7	408	14.0	True	FBRS	1	1
Q9HAN9	261		False	NMNAT1	1	1
Q9HAP6	45		False	LIN7B	1	1
Q9HAT8	36	2.0	True	PELI2	1	1
Q9HAT8	38	2.0	True	PELI2	1	1
Q9HAU0	22	402.0	False	PLEKHA5	1	1
Q9HAU0	424	402.0	False	PLEKHA5	1	1
Q9HAU4	232	2.0	True	SMURF2	1	1
Q9HAU4	234	2.0	True	SMURF2	1	1
Q9HAU4	237	2.0	True	SMURF2	1	1
Q9HAU4	239	2.0	True	SMURF2	1	1
Q9HAV0	219		False	GNB4	1	1
Q9HAV4	448		False	XPO5	1	1
Q9HAW4	795	12.0	True	CLSPN	1	1
Q9HAW4	807	12.0	True	CLSPN	1	1
Q9HB09	60		False	BCL2L12	1	1
Q9HB19	317	16.0	True	PLEKHA2	1	1
Q9HB19	333	2.0	True	PLEKHA2	2	2
Q9HB19	335	2.0	True	PLEKHA2	1	2
Q9HB71	162		False	CACYBP	1	1
Q9HB96	142	17.0	True	FANCE	1	1
Q9HB96	159	17.0	True	FANCE	1	1
Q9HBD1	635	3.0	True	RC3H2	1	1
Q9HBD1	638	3.0	True	RC3H2	1	1
Q9HBD1	666	28.0	True	RC3H2	1	1
Q9HBE1	397		False	PATZ1	1	1
Q9HBE5	201		False	IL21R	1	1
Q9HBI1	14		False	PARVB	1	1
Q9HBI6	515		False	CYP4F11	1	1
Q9HBM6	119	9.0	True	TAF9	1	1
Q9HBM6	128	9.0	True	TAF9B	1	1
Q9HBR0	427		False	SLC38A10	1	1
Q9HBU6	179		False	ETNK1	1	1
Q9HBZ2	34	8.0	True	ARNT2	1	1
Q9HBZ2	42	8.0	True	ARNT2	1	1
Q9HBZ2	578	536.0	False	ARNT2	1	1
Q9HC35	50	708.0	False	EML4	1	1
Q9HC35	758	2.0	True	EML4	1	1
Q9HC35	760	2.0	True	EML4	1	1
Q9HC44	101	8.0	True	GPBP1L1	1	1
Q9HC44	109	8.0	True	GPBP1L1	1	1
Q9HC52	103		False	CBX8	1	1
Q9HC96	520		False	CAPN10	1	1
Q9HC97	119		False	GPR35	1	1
Q9HC98	87	79.0	True	NEK6	1	1
Q9HC98	166	79.0	True	NEK6	1	1
Q9HCC0	188	374.0	False	MCCC2	1	1
Q9HCC0	562	374.0	False	MCCC2	1	1
Q9HCD5	13	487.0	False	NCOA5	1	1
Q9HCD5	500	15.0	True	NCOA5	1	1
Q9HCD5	515	15.0	True	NCOA5	1	1
Q9HCD6	1538	5.0	True	TANC2	1	1
Q9HCD6	1543	5.0	True	TANC2	1	1
Q9HCD6	1700	6.0	True	TANC2	1	1
Q9HCD6	1706	4.0	True	TANC2	2	2
Q9HCD6	1710	4.0	True	TANC2	1	1
Q9HCD6	1770	11.0	True	TANC2	1	1
Q9HCD6	1781	11.0	True	TANC2	1	1
Q9HCE1	154	414.0	False	MOV10	1	1
Q9HCE1	568	284.0	False	MOV10	1	1
Q9HCE1	852	284.0	False	MOV10	1	1
Q9HCE5	414	4.0	True	METTL14	1	1
Q9HCE5	418	4.0	True	METTL14	1	1
Q9HCE5	431	4.0	True	METTL14	1	1
Q9HCE5	435	4.0	True	METTL14	1	1
Q9HCE5	442	3.0	True	METTL14	1	1
Q9HCE5	445	3.0	True	METTL14	1	1
Q9HCG8	58		False	CWC22	1	1
Q9HCH3	526		False	CPNE5	1	1
Q9HCJ0	523	772.0	False	TNRC6C	2	2
Q9HCJ0	1295	772.0	False	TNRC6C	1	1
Q9HCK8	1202	161.0	False	CHD8	1	1
Q9HCK8	1363	161.0	False	CHD8	1	1
Q9HCK8	2044	360.0	False	CHD8	1	1
Q9HCK8	2404	360.0	False	CHD8	1	1
Q9HCL2	453		False	GPAM	1	1
Q9HCM3	1267		False	KIAA1549	1	1
Q9HCM7	436	55.0	True	FBRSL1	1	1
Q9HCM7	491	55.0	True	FBRSL1	1	1
Q9HCM7	630	139.0	False	FBRSL1	1	1
Q9HCN8	85	9.0	True	SDF2L1	1	1
Q9HCN8	94	9.0	True	SDF2L1	1	1
Q9HCS7	12	467.0	False	XAB2	1	1
Q9HCS7	479	467.0	False	XAB2	1	1
Q9HD15	33	1.0	True	SRA1	1	1
Q9HD15	34	1.0	True	SRA1	1	1
Q9HD15	50	16.0	True	SRA1	1	1
Q9HD20	371		False	ATP13A1	1	1
Q9HD40	90		False	SEPSECS	1	1
Q9HD45	266		False	TM9SF3	1	1
Q9NNW5	231	3.0	True	WDR6	1	1
Q9NNW5	234	3.0	True	WDR6	1	1
Q9NP08	193	9.0	True	HMX1	1	1
Q9NP08	202	9.0	True	HMX1	1	1
Q9NP50	81		False	SINHCAF	1	1
Q9NP61	513		False	ARFGAP3	1	1
Q9NP73	695	2.0	True	ALG13	1	1
Q9NP73	697	2.0	True	ALG13	1	1
Q9NP77	70		False	SSU72	1	1
Q9NP79	22	84.0	True	VTA1	1	1
Q9NP79	106	3.0	True	VTA1	1	1
Q9NP79	109	3.0	True	VTA1	1	1
Q9NP80	125		False	PNPLA8	1	1
Q9NP92	230		False	MRPS30	1	1
Q9NPB8	173	324.0	False	GPCPD1	1	1
Q9NPB8	497	1.0	True	GPCPD1	1	1
Q9NPB8	498	1.0	True	GPCPD1	1	1
Q9NPC4	179		False	A4GALT	1	1
Q9NPD3	62	168.0	False	EXOSC4	1	1
Q9NPD3	230	168.0	False	EXOSC4	1	1
Q9NPE3	13	21.0	True	NOP10	1	1
Q9NPE3	34	21.0	True	NOP10	1	1
Q9NPF4	283	7.0	True	OSGEP	1	1
Q9NPF4	290	7.0	True	OSGEP	1	1
Q9NPF5	8		False	DMAP1	1	1
Q9NPG1	549		False	FZD3	1	1
Q9NPH2	208		False	ISYNA1	1	1
Q9NPI1	517		False	BRD7	1	1
Q9NPI6	376		False	DCP1A	2	2
Q9NPQ8	45		False	RIC8A	1	1
Q9NPY3	607		False	CD93	1	1
Q9NQ48	156		False	LZTFL1	1	1
Q9NQ55	426	2.0	True	PPAN	1	2
Q9NQ55	428	2.0	True	PPAN	1	2
Q9NQ55	453	25.0	True	PPAN	1	1
Q9NQ87	240		False	HEYL	1	1
Q9NQ88	61		False	TIGAR	1	1
Q9NQ92	18	8.0	True	COPR5	1	1
Q9NQ92	26	8.0	True	COPR5	1	1
Q9NQ92	46	11.0	True	COPR5	1	1
Q9NQ92	57	11.0	True	COPR5	1	1
Q9NQ94	319	75.0	True	A1CF	1	1
Q9NQ94	394	75.0	True	A1CF	1	1
Q9NQB0	126	43.0	True	TCF7L2	1	1
Q9NQB0	169	43.0	True	TCF7L2	1	1
Q9NQG5	251	1.0	True	RPRD1B	1	1
Q9NQG5	252	1.0	True	RPRD1B	1	1
Q9NQL9	367		False	DMRT3	1	1
Q9NQR4	265		False	NIT2	1	1
Q9NQR7	359	11.0	True	CCDC177	1	1
Q9NQR7	370	11.0	True	CCDC177	1	1
Q9NQS1	17	11.0	True	AVEN	1	1
Q9NQS1	28	9.0	True	AVEN	1	1
Q9NQS1	37	9.0	True	AVEN	2	2
Q9NQS1	50	5.0	True	AVEN	1	1
Q9NQS1	55	5.0	True	AVEN	1	1
Q9NQS1	60	3.0	True	AVEN	1	1
Q9NQS1	63	3.0	True	AVEN	1	1
Q9NQS1	238	175.0	False	AVEN	1	1
Q9NQS7	891		False	INCENP	1	1
Q9NQT8	1782		False	KIF13B	1	1
Q9NQX0	161		False	PRDM6	1	1
Q9NQX3	34		False	GPHN	1	1
Q9NQX4	391		False	MYO5C	1	1
Q9NR12	103	14.0	True	PDLIM7	3	3
Q9NR12	117	14.0	True	PDLIM7	1	1
Q9NR12	137	19.0	True	PDLIM7	1	1
Q9NR12	156	2.0	True	PDLIM7	1	1
Q9NR12	158	2.0	True	PDLIM7	1	1
Q9NR12	165	3.0	True	PDLIM7	1	1
Q9NR12	168	3.0	True	PDLIM7	1	1
Q9NR22	58	15.0	True	PRMT8	2	2
Q9NR22	73	15.0	True	PRMT8	2	2
Q9NR30	255	51.0	True	DDX21	1	1
Q9NR30	306	51.0	True	DDX21	1	1
Q9NR30	432	126.0	False	DDX21	1	1
Q9NR30	718	7.0	True	DDX21	1	1
Q9NR30	725	3.0	True	DDX21	1	1
Q9NR30	728	3.0	True	DDX21	1	1
Q9NR30	738	10.0	True	DDX21	1	1
Q9NR33	40		False	POLE4	1	1
Q9NR45	264		False	S	2	2
Q9NR46	196	2.0	True	SH3GLB2	1	1
Q9NR46	198	2.0	True	SH3GLB2	1	1
Q9NR46	230	32.0	True	SH3GLB2	1	1
Q9NR48	1508	8.0	True	ASH1L	1	1
Q9NR48	1516	8.0	True	ASH1L	1	1
Q9NR50	289		False	EIF2B3	1	1
Q9NR56	24	255.0	False	MBNL1	1	1
Q9NR56	279	255.0	False	MBNL1	1	1
Q9NR99	186	10.0	True	MXRA5	1	1
Q9NR99	196	10.0	True	MXRA5	1	1
Q9NRA8	574	8.0	True	EIF4ENIF1	2	2
Q9NRA8	582	2.0	True	EIF4ENIF1	2	2
Q9NRA8	584	2.0	True	EIF4ENIF1	2	2
Q9NRA8	607	23.0	True	EIF4ENIF1	1	1
Q9NRA8	776	169.0	False	EIF4ENIF1	1	1
Q9NRA8	948	172.0	False	EIF4ENIF1	1	1
Q9NRC8	11	377.0	False	SIRT7	1	1
Q9NRC8	388	377.0	False	SIRT7	2	2
Q9NRF2	211	24.0	True	SH2B1	1	1
Q9NRF2	235	24.0	True	SH2B1	1	1
Q9NRF2	270	35.0	True	SH2B1	2	2
Q9NRF8	205	184.0	False	CTPS2	1	1
Q9NRF8	389	177.0	False	CTPS2	1	1
Q9NRF8	566	177.0	False	CTPS2	1	1
Q9NRF9	123	10.0	True	POLE3	1	1
Q9NRF9	133	10.0	True	POLE3	1	1
Q9NRH2	534		False	SNRK	1	1
Q9NRI5	21	91.0	True	DISC1	1	1
Q9NRI5	112	91.0	True	DISC1	1	1
Q9NRJ4	950	22.0	True	TULP4	1	1
Q9NRJ4	972	5.0	True	TULP4	1	1
Q9NRJ4	977	5.0	True	TULP4	1	1
Q9NRJ4	1006	29.0	True	TULP4	1	1
Q9NRL2	576	709.0	False	BAZ1A	1	1
Q9NRL2	1285	709.0	False	BAZ1A	1	1
Q9NRN7	55	106.0	False	AASDHPPT	1	1
Q9NRN7	161	85.0	True	AASDHPPT	1	1
Q9NRN7	246	6.0	True	AASDHPPT	1	1
Q9NRN7	252	6.0	True	AASDHPPT	1	1
Q9NRP2	56		False	CMC2	1	1
Q9NRR4	9	26.0	True	DROSHA	2	2
Q9NRR4	35	26.0	True	DROSHA	1	1
Q9NRR4	271	236.0	False	DROSHA	1	1
Q9NRS6	124		False	SNX15	1	1
Q9NRW1	60	52.0	True	RAB6B	1	1
Q9NRW1	112	52.0	True	RAB6B	1	1
Q9NRX1	84		False	PNO1	1	1
Q9NRX2	71		False	MRPL17	1	1
Q9NRZ9	309	494.0	False	HELLS	1	1
Q9NRZ9	803	494.0	False	HELLS	1	1
Q9NS23	18	18.0	True	RASSF1	1	1
Q9NS23	36	18.0	True	RASSF1	2	2
Q9NS23	198	162.0	False	RASSF1	1	1
Q9NS56	277	2.0	True	TOPORS	1	1
Q9NS56	279	2.0	True	TOPORS	1	1
Q9NS62	636		False	THSD1	1	1
Q9NS69	58	2.0	True	TOMM22	1	1
Q9NS69	60	2.0	True	TOMM22	1	1
Q9NS87	1321	9.0	True	KIF15	1	1
Q9NS87	1330	9.0	True	KIF15	1	1
Q9NS91	254		False	RAD18	1	1
Q9NSC5	303		False	HOMER3	1	1
Q9NSD7	312	8.0	True	RXFP3	1	1
Q9NSD7	320	8.0	True	RXFP3	1	1
Q9NSD9	71	446.0	False	FARSB	1	1
Q9NSD9	517	446.0	False	FARSB	1	1
Q9NSE4	225		False	IARS2	1	1
Q9NSI2	72		False	FAM207A	1	1
Q9NSK0	564	7.0	True	KLC4	1	1
Q9NSK0	571	7.0	True	KLC4	1	1
Q9NSQ0	33		False	RRP7B	1	1
Q9NSV4	7	21.0	True	DIAPH3	1	1
Q9NSV4	28	3.0	True	DIAPH3	1	1
Q9NSV4	31	3.0	True	DIAPH3	1	1
Q9NSV4	603	91.0	True	DIAPH3	1	1
Q9NSV4	694	91.0	True	DIAPH3	1	1
Q9NSV4	1019	325.0	False	DIAPH3	1	1
Q9NSY1	447		False	BMP2K	1	1
Q9NT62	310		False	ATG3	1	1
Q9NTG1	60	5.0	True	PKDREJ	1	1
Q9NTG1	65	5.0	True	PKDREJ	1	1
Q9NTG7	51	6.0	True	SIRT3	1	1
Q9NTG7	57	6.0	True	SIRT3	1	1
Q9NTG7	276	80.0	True	SIRT3	1	1
Q9NTG7	356	80.0	True	SIRT3	1	1
Q9NTI5	802		False	PDS5B	1	1
Q9NTJ3	214	67.0	True	SMC4	1	1
Q9NTJ3	281	67.0	True	SMC4	1	1
Q9NTJ3	1117	4.0	True	SMC4	1	1
Q9NTJ3	1121	4.0	True	SMC4	1	1
Q9NTJ3	1128	7.0	True	SMC4	1	1
Q9NTZ6	920	5.0	True	RBM12	1	1
Q9NTZ6	925	5.0	True	RBM12	1	1
Q9NU22	2112	3.0	True	MDN1	1	1
Q9NU22	2115	3.0	True	MDN1	1	1
Q9NU22	3469	1354.0	False	MDN1	1	1
Q9NU22	4856	429.0	False	MDN1	1	1
Q9NU22	5285	5.0	True	MDN1	1	1
Q9NU22	5290	5.0	True	MDN1	1	1
Q9NU39	406		False	FOXD4L1	1	1
Q9NUA8	330		False	ZBTB40	1	1
Q9NUC0	51		False	SERTAD4	1	1
Q9NUD5	55	39.0	True	ZCCHC3	1	1
Q9NUD5	94	39.0	True	ZCCHC3	1	1
Q9NUD5	352	258.0	False	ZCCHC3	1	1
Q9NUI1	219		False	DECR2	1	1
Q9NUL3	131	6.0	True	STAU2	2	2
Q9NUL3	137	6.0	True	STAU2	1	1
Q9NUP9	9	3.0	True	LIN7C	1	1
Q9NUP9	12	3.0	True	LIN7C	1	1
Q9NUP9	130	118.0	False	LIN7C	1	1
Q9NUQ3	12	12.0	True	TXLNG	3	3
Q9NUQ3	24	3.0	True	TXLNG	3	3
Q9NUQ3	27	3.0	True	TXLNG	1	1
Q9NUQ6	524		False	SPATS2L	1	1
Q9NUQ7	240		False	UFSP2	1	1
Q9NUQ8	657		False	ABCF3	1	1
Q9NUQ9	57	104.0	False	FAM49B	1	1
Q9NUQ9	161	104.0	False	FAM49B	1	1
Q9NUU7	198		False	DDX19A	1	1
Q9NUY8	481		False	TBC1D23	1	1
Q9NV06	227		False	DCAF13	1	1
Q9NV35	8	3.0	True	NUDT15	1	1
Q9NV35	11	3.0	True	NUDT15	1	1
Q9NV64	131		False	TMEM39A	1	1
Q9NVI1	64		False	FANCI	1	1
Q9NVI7	35	122.0	False	ATAD3B	1	1
Q9NVI7	157	122.0	False	ATAD3A	1	1
Q9NVM4	7	25.0	True	PRMT7	1	1
Q9NVM4	32	25.0	True	PRMT7	2	2
Q9NVM4	531	499.0	False	PRMT7	1	1
Q9NVM9	561		False	INTS13	1	1
Q9NVP1	588	47.0	True	DDX18	1	1
Q9NVP1	635	47.0	True	DDX18	1	1
Q9NVP4	381		False	DZANK1	1	1
Q9NVS2	94		False	MRPS18A	1	1
Q9NVS9	42	3.0	True	PNPO	1	1
Q9NVS9	45	3.0	True	PNPO	1	1
Q9NVS9	181	4.0	True	PNPO	1	1
Q9NVS9	185	4.0	True	PNPO	1	1
Q9NVU7	310	31.0	True	SDAD1	1	1
Q9NVU7	341	31.0	True	SDAD1	1	1
Q9NVW2	67	50.0	True	RLIM	1	1
Q9NVW2	117	50.0	True	RLIM	1	1
Q9NVW2	360	4.0	True	RLIM	2	2
Q9NVW2	364	1.0	True	RLIM	1	1
Q9NVW2	365	1.0	True	RLIM	1	1
Q9NVZ3	47		False	NECAP2	1	1
Q9NW08	195		False	POLR3B	1	1
Q9NW13	147	7.0	True	RBM28	1	1
Q9NW13	154	7.0	True	RBM28	1	1
Q9NW13	582	428.0	False	RBM28	1	1
Q9NW64	182	213.0	False	RBM22	1	1
Q9NW64	395	213.0	False	RBM22	2	2
Q9NW68	366		False	BSDC1	1	1
Q9NW75	159	180.0	False	GPATCH2	1	1
Q9NW75	339	180.0	False	GPATCH2	1	1
Q9NW82	573	3.0	True	WDR70	2	2
Q9NW82	576	3.0	True	WDR70	2	2
Q9NWB1	134	235.0	False	RBFOX1	1	1
Q9NWB1	369	19.0	True	RBFOX1	1	1
Q9NWB1	388	5.0	True	RBFOX1	1	1
Q9NWB1	393	5.0	True	RBFOX1	1	1
Q9NWB6	67	131.0	False	ARGLU1	1	1
Q9NWB6	198	5.0	True	ARGLU1	1	1
Q9NWB6	203	5.0	True	ARGLU1	1	1
Q9NWB6	210	7.0	True	ARGLU1	1	1
Q9NWB6	225	15.0	True	ARGLU1	1	1
Q9NWF9	863		False	RNF216	1	1
Q9NWH9	569	292.0	False	SLTM	1	1
Q9NWH9	861	53.0	True	SLTM	1	1
Q9NWH9	914	26.0	True	SLTM	1	1
Q9NWH9	940	26.0	True	SLTM	1	1
Q9NWH9	988	29.0	True	SLTM	1	1
Q9NWH9	1017	29.0	True	SLTM	2	2
Q9NWK9	104		False	ZNHIT6	1	1
Q9NWM3	21		False	CUEDC1	1	1
Q9NWQ4	301	5.0	True	C14orf118	1	1
Q9NWQ4	306	3.0	True	C14orf118	1	1
Q9NWQ4	309	3.0	True	C14orf118	1	1
Q9NWQ4	316	7.0	True	C14orf118	1	1
Q9NWS0	23		False	PIH1D1	1	1
Q9NWT6	138		False	HIF1AN	1	1
Q9NWU5	143		False	MRPL22	1	1
Q9NWV4	58		False	C1orf123	1	1
Q9NWV8	37		False	BABAM1	1	1
Q9NWW7	458		False	C2orf42	1	1
Q9NX00	34		False	TMEM160	1	1
Q9NX05	941	2.0	True	FAM120C	1	2
Q9NX05	943	2.0	True	FAM120C	2	2
Q9NX05	977	34.0	True	FAM120C	2	2
Q9NX07	124		False	TRNAU1AP	1	1
Q9NX14	12		False	NDUFB11	1	1
Q9NX24	41	1.0	True	NHP2	1	2
Q9NX24	42	1.0	True	NHP2	1	2
Q9NX40	32	1.0	True	OCIAD1	1	1
Q9NX40	33	1.0	True	OCIAD1	1	1
Q9NX40	203	170.0	False	OCIAD1	1	1
Q9NX55	62	1.0	True	HYPK	1	1
Q9NX55	63	1.0	True	HYPK	1	1
Q9NX63	35		False	CHCHD3	1	1
Q9NXC5	756		False	MIOS	1	1
Q9NXE4	490		False	SMPD4	1	1
Q9NXE8	90		False	CWC25	1	1
Q9NXG0	27	633.0	False	CNTLN	1	1
Q9NXG0	660	633.0	False	CNTLN	1	1
Q9NXH9	521	7.0	True	TRMT1	1	1
Q9NXH9	528	7.0	True	TRMT1	1	1
Q9NXH9	562	2.0	True	TRMT1	1	1
Q9NXH9	564	2.0	True	TRMT1	1	1
Q9NXL9	1107		False	MCM9	1	1
Q9NXR8	19		False	ING3	1	1
Q9NXV2	13	13.0	True	KCTD5	1	1
Q9NXV2	26	13.0	True	KCTD5	1	1
Q9NXW9	249		False	ALKBH4	1	1
Q9NXZ2	47	38.0	True	DDX43	2	2
Q9NXZ2	85	38.0	True	DDX43	1	1
Q9NY12	8	5.0	True	GAR1	1	1
Q9NY12	13	5.0	True	GAR1	1	1
Q9NY12	22	8.0	True	GAR1	1	1
Q9NY12	30	8.0	True	GAR1	1	1
Q9NY12	42	4.0	True	GAR1	1	1
Q9NY12	46	4.0	True	GAR1	1	1
Q9NY12	51	4.0	True	GAR1	1	1
Q9NY12	55	4.0	True	GAR1	1	1
Q9NY12	176	4.0	True	GAR1	1	1
Q9NY12	180	4.0	True	GAR1	1	1
Q9NY12	185	4.0	True	GAR1	1	1
Q9NY12	189	4.0	True	GAR1	1	1
Q9NY12	194	3.0	True	GAR1	1	1
Q9NY12	197	3.0	True	GAR1	1	1
Q9NY12	205	3.0	True	GAR1	1	1
Q9NY12	208	3.0	True	GAR1	1	1
Q9NY33	698		False	DPP3	1	1
Q9NY43	354	5.0	True	BARHL2	1	1
Q9NY43	359	5.0	True	BARHL2	1	1
Q9NY74	891		False	ETAA1	1	1
Q9NYB9	205	25.0	True	ABI2	1	1
Q9NYB9	230	7.0	True	ABI2	1	1
Q9NYB9	237	7.0	True	ABI2	1	1
Q9NYB9	355	4.0	True	ABI2	1	1
Q9NYB9	359	4.0	True	ABI2	1	1
Q9NYC9	995	645.0	False	DNAH9	1	1
Q9NYC9	1640	645.0	False	DNAH9	1	1
Q9NYC9	2530	890.0	False	DNAH9	1	1
Q9NYF0	70		False	DACT1	1	1
Q9NYF5	751		False	FAM13B	1	1
Q9NYF8	55	21.0	True	BCLAF1	1	1
Q9NYF8	76	2.0	True	BCLAF1	1	2
Q9NYF8	78	2.0	True	BCLAF1	2	2
Q9NYF8	87	3.0	True	BCLAF1	2	2
Q9NYF8	90	3.0	True	BCLAF1	1	1
Q9NYF8	94	4.0	True	BCLAF1	1	1
Q9NYF8	318	34.0	True	BCLAF1	1	1
Q9NYF8	352	34.0	True	BCLAF1	1	1
Q9NYF8	429	77.0	True	BCLAF1	1	1
Q9NYF8	794	2.0	True	BCLAF1	1	1
Q9NYF8	796	2.0	True	BCLAF1	1	1
Q9NYF8	809	13.0	True	BCLAF1	3	3
Q9NYF8	866	5.0	True	BCLAF1	1	1
Q9NYF8	871	2.0	True	BCLAF1	1	1
Q9NYF8	873	2.0	True	BCLAF1	1	1
Q9NYF8	875	2.0	True	BCLAF1	1	1
Q9NYH9	12		False	UTP6	1	1
Q9NYJ8	173	268.0	False	TAB2	2	2
Q9NYJ8	441	268.0	False	TAB2	1	1
Q9NYK5	200		False	MRPL39	1	1
Q9NYL2	670	2.0	True	MAP3K20	2	2
Q9NYL2	672	2.0	True	MLTK	1	2
Q9NYL2	683	10.0	True	ZAK	2	2
Q9NYL2	693	2.0	True	MLTK	2	2
Q9NYL2	695	2.0	True	MLTK	2	2
Q9NYL2	707	2.0	True	MLTK	1	1
Q9NYL2	709	2.0	True	MLTK	1	1
Q9NYL2	795	86.0	True	ZAK	1	1
Q9NYM9	44		False	BET1L	1	1
Q9NYP3	29	27.0	True	DONSON	1	1
Q9NYP3	56	8.0	True	DONSON	1	1
Q9NYP3	64	8.0	True	DONSON	1	1
Q9NYP9	34		False	MIS18A	1	1
Q9NYQ3	175		False	HAO2	1	1
Q9NYQ6	2229		False	CELSR1	1	1
Q9NYQ7	53		False	CELSR3	1	1
Q9NYR9	154	1.0	True	NKIRAS2	1	1
Q9NYR9	155	1.0	True	NKIRAS2	1	1
Q9NYT0	261		False	PLEK2	1	1
Q9NYU1	681	322.0	False	UGGT2	1	1
Q9NYU1	1003	322.0	False	UGGT2	1	1
Q9NYU2	972	463.0	False	UGGT1	1	1
Q9NYU2	1435	463.0	False	UGGT1	1	1
Q9NYV4	329	1.0	True	CDK12	1	1
Q9NYV4	330	1.0	True	CDK12	1	1
Q9NYV4	331	1.0	True	CDK12	1	1
Q9NYV4	449	118.0	False	CDK12	1	1
Q9NYV4	1404	3.0	True	CDK12	1	1
Q9NYV4	1407	3.0	True	CDK12	1	1
Q9NYV4	1473	66.0	True	CDK12	1	1
Q9NYV6	9	150.0	False	RRN3	1	1
Q9NYV6	159	150.0	False	RRN3	1	1
Q9NYW2	166		False	TAS2R8	1	1
Q9NYZ3	201	310.0	False	GTSE1	1	1
Q9NYZ3	511	25.0	True	GTSE1	1	1
Q9NYZ3	536	25.0	True	GTSE1	1	1
Q9NZ52	548		False	GGA3	1	1
Q9NZ63	226	11.0	True	C9orf78	1	1
Q9NZ63	237	11.0	True	C9orf78	1	1
Q9NZB2	873	11.0	True	FAM120A	2	2
Q9NZB2	884	2.0	True	FAM120A	3	3
Q9NZB2	886	2.0	True	FAM120A	3	3
Q9NZB2	908	3.0	True	FAM120A	1	1
Q9NZB2	911	3.0	True	FAM120A	1	1
Q9NZB2	964	3.0	True	FAM120A	1	1
Q9NZB2	967	3.0	True	FAM120A	1	1
Q9NZB2	982	2.0	True	FAM120A	3	3
Q9NZB2	984	2.0	True	FAM120A	2	3
Q9NZB2	986	2.0	True	FAM120A	3	3
Q9NZB2	995	4.0	True	FAM120A	1	1
Q9NZB2	999	3.0	True	FAM120A	1	1
Q9NZB2	1002	3.0	True	FAM120A	1	1
Q9NZB2	1006	4.0	True	FAM120A	1	1
Q9NZC3	64	7.0	True	GDE1	1	1
Q9NZC3	71	7.0	True	GDE1	1	1
Q9NZC3	86	15.0	True	GDE1	1	1
Q9NZI8	168	6.0	True	IGF2BP1	1	1
Q9NZI8	174	6.0	True	IGF2BP1	1	1
Q9NZI8	493	319.0	False	IGF2BP1	1	1
Q9NZJ0	678		False	DTL	1	1
Q9NZJ4	4374		False	SACS	1	1
Q9NZJ7	29		False	MTCH1	2	2
Q9NZJ9	89		False	NUDT4	1	1
Q9NZL4	162	197.0	False	HSPBP1	1	1
Q9NZL4	359	197.0	False	HSPBP1	1	1
Q9NZL6	756		False	RGL1	1	1
Q9NZL9	29	1.0	True	MAT2B	1	1
Q9NZL9	30	1.0	True	MAT2B	1	1
Q9NZM3	1098		False	ITSN2	1	1
Q9NZM4	1410		False	GLTSCR1	1	1
Q9NZM5	35	1.0	True	GLTSCR2	1	1
Q9NZM5	36	1.0	True	GLTSCR2	1	1
Q9NZM5	204	168.0	False	GLTSCR2	1	1
Q9NZM5	381	177.0	False	GLTSCR2	1	1
Q9NZN4	7		False	EHD2	1	1
Q9NZN5	11	606.0	False	ARHGEF12	1	1
Q9NZN5	617	212.0	False	ARHGEF12	1	1
Q9NZN5	829	212.0	False	ARHGEF12	1	1
Q9NZN8	87	50.0	True	CNOT2	1	1
Q9NZN8	137	50.0	True	CNOT2	1	1
Q9NZQ3	107	142.0	False	NCKIPSD	1	1
Q9NZQ3	249	142.0	False	NCKIPSD	1	1
Q9NZR2	1999	110.0	False	LRP1B	1	1
Q9NZR2	2109	110.0	False	LRP1B	1	1
Q9NZR2	3727	1618.0	False	LRP1B	1	1
Q9NZU7	31	56.0	True	CABP1	1	1
Q9NZU7	87	5.0	True	CABP1	1	1
Q9NZU7	92	5.0	True	CABP1	1	1
Q9NZU7	155	33.0	True	CABP1	1	1
Q9NZU7	188	2.0	True	CABP1	1	1
Q9NZU7	190	2.0	True	CABP1	1	1
Q9NZZ3	3		False	CHMP5	1	1
Q9P013	6	7.0	True	CWC15	1	1
Q9P013	13	3.0	True	CWC15	2	2
Q9P013	16	3.0	True	CWC15	1	1
Q9P015	17		False	MRPL15	1	1
Q9P031	88		False	CCDC59	1	1
Q9P032	10		False	NDUFAF4	1	1
Q9P035	15	2.0	True	PTPLAD1	1	1
Q9P035	17	2.0	True	PTPLAD1	1	1
Q9P035	92	7.0	True	PTPLAD1	1	1
Q9P035	99	7.0	True	PTPLAD1	1	1
Q9P0J0	81	1.0	True	NDUFA13	1	1
Q9P0J0	82	1.0	True	NDUFA13	1	1
Q9P0J1	43		False	PDP1	1	1
Q9P0J7	3	146.0	False	KCMF1	1	1
Q9P0J7	149	10.0	True	KCMF1	1	1
Q9P0J7	159	6.0	True	KCMF1	2	2
Q9P0J7	165	2.0	True	KCMF1	2	2
Q9P0J7	167	1.0	True	KCMF1	2	2
Q9P0J7	168	1.0	True	KCMF1	1	2
Q9P0L0	197	5.0	True	VAPA	1	1
Q9P0L0	202	5.0	True	VAPA	1	1
Q9P0L2	37	609.0	False	MARK1	1	1
Q9P0L2	646	609.0	False	MARK1	1	1
Q9P0M6	27		False	MACROH2A2	1	1
Q9P0U4	403		False	CXXC1	1	1
Q9P0W8	15		False	SPATA7	1	1
Q9P107	862	5.0	True	GMIP	1	1
Q9P107	867	5.0	True	GMIP	1	1
Q9P107	874	4.0	True	GMIP	1	1
Q9P107	878	4.0	True	GMIP	1	1
Q9P107	905	4.0	True	GMIP	2	2
Q9P107	909	2.0	True	GMIP	2	2
Q9P107	911	2.0	True	GMIP	1	2
Q9P1U1	102	21.0	True	ACTR3B	1	1
Q9P1U1	123	21.0	True	ACTR3B	1	1
Q9P1Y5	371	452.0	False	CAMSAP3	1	1
Q9P1Y5	823	187.0	False	CAMSAP3	1	1
Q9P1Y5	1010	24.0	True	CAMSAP3	1	1
Q9P1Y5	1034	24.0	True	CAMSAP3	1	1
Q9P1Y6	337	388.0	False	PHRF1	1	1
Q9P1Y6	725	24.0	True	PHRF1	1	1
Q9P1Y6	749	24.0	True	PHRF1	1	1
Q9P1Y6	1107	81.0	True	PHRF1	1	1
Q9P1Y6	1188	81.0	True	PHRF1	1	1
Q9P1Z2	346		False	CALCOCO1	1	1
Q9P1Z9	1533		False	CCDC180	1	1
Q9P206	239	359.0	False	KIAA1522	1	1
Q9P206	598	278.0	False	KIAA1522	1	1
Q9P206	876	278.0	False	KIAA1522	1	1
Q9P209	529		False	CEP72	1	1
Q9P219	1877		False	CCDC88C	1	1
Q9P225	284		False	DNAH2	1	1
Q9P227	180	1155.0	False	ARHGAP23	1	1
Q9P227	1335	4.0	True	ARHGAP23	1	1
Q9P227	1339	4.0	True	ARHGAP23	1	1
Q9P227	1377	10.0	True	ARHGAP23	1	1
Q9P227	1387	10.0	True	ARHGAP23	1	1
Q9P253	14		False	VPS18	1	1
Q9P258	22	4.0	True	RCC2	1	1
Q9P258	26	2.0	True	RCC2	1	1
Q9P258	28	2.0	True	RCC2	1	1
Q9P258	176	148.0	False	RCC2	1	1
Q9P258	431	89.0	True	RCC2	1	1
Q9P258	520	89.0	True	RCC2	1	1
Q9P266	57	117.0	False	JCAD	1	1
Q9P266	174	117.0	False	KIAA1462	1	1
Q9P270	51	14.0	True	SLAIN2	1	1
Q9P270	65	14.0	True	SLAIN2	1	1
Q9P270	389	83.0	True	SLAIN2	1	1
Q9P270	472	66.0	True	SLAIN2	1	1
Q9P270	538	13.0	True	SLAIN2	1	1
Q9P270	551	13.0	True	SLAIN2	2	2
Q9P278	573		False	FNIP2	1	1
Q9P281	319	425.0	False	BAHCC1	1	1
Q9P281	744	80.0	True	BAHCC1	1	1
Q9P281	824	2.0	True	BAHCC1	1	1
Q9P281	826	2.0	True	BAHCC1	1	1
Q9P286	285		False	PAK5	1	1
Q9P287	7	1.0	True	BCCIP	1	1
Q9P287	8	1.0	True	BCCIP	1	1
Q9P289	290		False	STK26	1	1
Q9P291	148		False	ARMCX1	1	1
Q9P2B2	280		False	PTGFRN	1	1
Q9P2B4	109		False	CTTNBP2NL	1	1
Q9P2D0	936	1.0	True	IBTK	1	1
Q9P2D0	937	1.0	True	IBTK	1	1
Q9P2D1	148	47.0	True	CHD7	3	3
Q9P2D1	195	14.0	True	CHD7	1	1
Q9P2D1	209	14.0	True	CHD7	1	1
Q9P2D1	250	36.0	True	CHD7	1	1
Q9P2D1	286	9.0	True	CHD7	2	2
Q9P2D1	295	9.0	True	CHD7	2	2
Q9P2D1	312	17.0	True	CHD7	1	1
Q9P2D1	346	34.0	True	CHD7	1	1
Q9P2D1	414	34.0	True	CHD7	1	1
Q9P2D1	448	34.0	True	CHD7	1	1
Q9P2D1	1308	9.0	True	CHD7	1	1
Q9P2D1	1317	9.0	True	CHD7	1	1
Q9P2D1	1359	42.0	True	CHD7	1	1
Q9P2D3	189		False	HEATR5B	1	1
Q9P2E3	44	8.0	True	ZNFX1	2	2
Q9P2E3	52	8.0	True	ZNFX1	1	1
Q9P2E8	164		False	MARCHF4	1	1
Q9P2F5	460		False	STOX2	1	1
Q9P2I0	609		False	CPSF2	1	1
Q9P2J2	1028		False	IGSF9	1	1
Q9P2J5	78	480.0	False	LARS	1	1
Q9P2J5	558	113.0	False	LARS	1	1
Q9P2J5	671	113.0	False	LARS	1	1
Q9P2J5	795	124.0	False	LARS	1	1
Q9P2J5	1126	1.0	True	LARS	1	1
Q9P2J5	1127	1.0	True	LARS	1	1
Q9P2J9	123		False	PDP2	1	1
Q9P2K1	101	2.0	True	CC2D2A	1	1
Q9P2K1	103	2.0	True	CC2D2A	1	1
Q9P2K3	303	137.0	False	RCOR3	1	1
Q9P2K3	440	5.0	True	RCOR3	1	1
Q9P2K3	445	5.0	True	RCOR3	2	2
Q9P2K3	457	12.0	True	RCOR3	2	2
Q9P2K5	406	97.0	True	MYEF2	1	1
Q9P2K5	503	97.0	True	MYEF2	1	1
Q9P2K8	5	5.0	True	EIF2AK4	1	1
Q9P2K8	10	2.0	True	EIF2AK4	1	1
Q9P2K8	12	2.0	True	EIF2AK4	1	1
Q9P2L0	521		False	WDR35	1	1
Q9P2M7	11	10.0	True	CGN	1	1
Q9P2M7	21	10.0	True	CGN	1	1
Q9P2M7	194	2.0	True	CGN	1	1
Q9P2M7	196	2.0	True	CGN	1	1
Q9P2M7	991	3.0	True	CGN	1	1
Q9P2M7	994	3.0	True	CGN	1	1
Q9P2N2	238	406.0	False	ARHGAP28	1	1
Q9P2N2	644	406.0	False	ARHGAP28	1	1
Q9P2N5	148	234.0	False	RBM27	1	1
Q9P2N5	382	29.0	True	RBM27	1	1
Q9P2N5	411	16.0	True	RBM27	1	1
Q9P2N5	427	6.0	True	RBM27	1	1
Q9P2N5	433	6.0	True	RBM27	1	1
Q9P2N5	442	9.0	True	RBM27	1	1
Q9P2N5	455	13.0	True	RBM27	3	3
Q9P2N5	505	10.0	True	RBM27	1	1
Q9P2N5	515	10.0	True	RBM27	1	1
Q9P2N5	665	3.0	True	RBM27	1	1
Q9P2N5	668	3.0	True	RBM27	1	1
Q9P2N5	935	8.0	True	RBM27	1	1
Q9P2N5	943	8.0	True	RBM27	2	2
Q9P2N5	961	2.0	True	RBM27	2	2
Q9P2N5	963	2.0	True	RBM27	2	2
Q9P2N6	4	4.0	True	KANSL3	1	1
Q9P2N6	8	4.0	True	KANSL3	1	1
Q9P2N6	151	143.0	False	KANSL3	1	1
Q9P2N7	449		False	KLHL13	1	1
Q9P2P6	3965		False	STARD9	1	1
Q9P2R3	446		False	ANKFY1	1	1
Q9P2R6	578	800.0	False	RERE	1	1
Q9P2R6	1378	9.0	True	RERE	1	1
Q9P2R6	1387	8.0	True	RERE	2	2
Q9P2R6	1395	5.0	True	RERE	1	1
Q9P2R6	1400	5.0	True	RERE	1	1
Q9P2R6	1405	5.0	True	RERE	2	2
Q9P2R6	1416	11.0	True	RERE	1	1
Q9P2R7	106		False	SUCLA2	1	1
Q9P2Y4	444		False	ZNF219	1	1
Q9UBB4	5	5.0	True	ATXN10	1	1
Q9UBB4	10	5.0	True	ATXN10	1	1
Q9UBB5	2	48.0	True	MBD2	1	1
Q9UBB5	50	11.0	True	MBD2	1	1
Q9UBB5	61	8.0	True	MBD2	1	1
Q9UBB5	69	8.0	True	MBD2	1	1
Q9UBB5	96	27.0	True	MBD2	1	1
Q9UBB9	70	96.0	True	TFIP11	1	1
Q9UBB9	166	96.0	True	TFIP11	1	1
Q9UBC1	251	36.0	True	NFKBIL1	1	1
Q9UBC1	287	4.0	True	NFKBIL1	1	1
Q9UBC1	291	4.0	True	NFKBIL1	1	1
Q9UBC1	296	5.0	True	NFKBIL1	1	1
Q9UBC3	823	3.0	True	DNMT3B	2	2
Q9UBC3	826	3.0	True	DNMT3B	1	1
Q9UBE0	21	3.0	True	SAE1	1	1
Q9UBE0	24	3.0	True	SAE1	1	1
Q9UBF2	32	53.0	True	COPG2	1	1
Q9UBF2	85	53.0	True	COPG2	1	1
Q9UBI9	289	44.0	True	HECA	1	1
Q9UBI9	333	44.0	True	HECA	1	1
Q9UBL0	284	371.0	False	ARPP21	1	1
Q9UBL0	655	371.0	False	ARPP21	2	2
Q9UBL3	296	92.0	True	ASH2L	1	1
Q9UBL3	388	10.0	True	ASH2L	1	1
Q9UBL3	398	10.0	True	ASH2L	1	1
Q9UBP0	235	13.0	True	SPAST	1	1
Q9UBP0	248	13.0	True	SPAST	1	1
Q9UBP0	499	251.0	False	SPAST	1	1
Q9UBP6	24		False	METTL1	1	1
Q9UBQ6	12		False	EXTL2	1	1
Q9UBR4	9	150.0	False	LHX3	1	1
Q9UBR4	159	2.0	True	LHX3	1	1
Q9UBR4	161	2.0	True	LHX3	1	1
Q9UBS3	136		False	DNAJB9	1	1
Q9UBS4	56		False	DNAJB11	1	1
Q9UBT2	210		False	UBA2	1	1
Q9UBT7	161		False	CTNNAL1	1	1
Q9UBU6	9		False	FAM8A1	1	1
Q9UBU9	15	6.0	True	NXF1	1	1
Q9UBU9	21	6.0	True	NXF1	1	1
Q9UBU9	82	23.0	True	NXF1	1	1
Q9UBU9	105	23.0	True	NXF1	1	1
Q9UBV8	7		False	PEF1	1	1
Q9UBW8	243	22.0	True	COPS7A	1	1
Q9UBW8	265	22.0	True	COPS7A	1	1
Q9UD71	29		False	PPP1R1B	2	2
Q9UDT6	22		False	CLIP2	1	1
Q9UDX3	286		False	SEC14L4	1	1
Q9UDX5	154		False	MTFP1	1	1
Q9UDY4	290		False	DNAJB4	1	1
Q9UEE5	25		False	STK17A	1	1
Q9UEE9	106	71.0	True	CFDP1	1	1
Q9UEE9	177	71.0	True	CFDP1	1	1
Q9UEG4	618	4.0	True	ZNF629	1	1
Q9UEG4	622	4.0	True	ZNF629	1	1
Q9UEG4	780	158.0	False	ZNF629	1	1
Q9UEU0	107	17.0	True	VTI1B	2	2
Q9UEU0	124	5.0	True	VTI1B	1	1
Q9UEU0	129	5.0	True	VTI1B	1	1
Q9UEY8	27	363.0	False	ADD3	1	1
Q9UEY8	390	363.0	False	ADD3	1	1
Q9UF33	599		False	EPHA6	1	1
Q9UF83	279	117.0	False	LOC100271840	1	1
Q9UF83	396	54.0	True	LOC100271840	1	1
Q9UF83	450	18.0	True	LOC100271840	1	1
Q9UF83	468	18.0	True	LOC100271840	1	1
Q9UFD9	512		False	RIMBP3	1	1
Q9UFH2	416		False	DNAH17	1	1
Q9UFP1	85		False	FAM198A	1	1
Q9UFW8	26		False	CGGBP1	1	1
Q9UG01	264	903.0	False	IFT172	1	1
Q9UG01	1167	903.0	False	IFT172	1	1
Q9UG63	327		False	ABCF2	1	1
Q9UGC7	245		False	MTRF1L	1	1
Q9UGL9	65		False	CRCT1	1	1
Q9UGP4	72	3.0	True	LIMD1	1	1
Q9UGP4	75	3.0	True	LIMD1	1	1
Q9UGP4	135	60.0	True	LIMD1	1	1
Q9UGP4	428	13.0	True	LIMD1	1	1
Q9UGP4	441	13.0	True	LIMD1	1	1
Q9UGP8	144	252.0	False	SEC63	1	1
Q9UGP8	396	1.0	True	SEC63	1	1
Q9UGP8	397	1.0	True	SEC63	1	1
Q9UGU0	60	964.0	False	TCF20	2	2
Q9UGU0	1024	964.0	False	TCF20	2	2
Q9UGY1	75		False	NOL12	1	1
Q9UH17	137		False	APOBEC3B	1	1
Q9UH62	89	2.0	True	ARMCX3	1	1
Q9UH62	91	2.0	True	ARMCX3	1	1
Q9UH92	26	3.0	True	MLX	1	1
Q9UH92	29	2.0	True	MLX	1	1
Q9UH92	31	2.0	True	MLX	1	1
Q9UHA3	2		False	RSL24D1	1	1
Q9UHB7	507	404.0	False	AFF4	1	1
Q9UHB7	911	24.0	True	AFF4	1	1
Q9UHB7	935	24.0	True	AFF4	1	1
Q9UHB9	31		False	SRP68	1	1
Q9UHC1	600		False	MLH3	1	1
Q9UHC7	95		False	MKRN1	1	1
Q9UHD1	8	5.0	True	CHORDC1	1	1
Q9UHD1	13	5.0	True	CHORDC1	1	1
Q9UHD8	10	5.0	True	SEPTIN9	1	1
Q9UHD8	15	5.0	True	SEPTIN9	1	1
Q9UHD8	46	31.0	True	SEPTIN9	1	1
Q9UHD8	290	195.0	False	SEPTIN9	1	1
Q9UHD8	485	195.0	False	SEPTIN9	1	1
Q9UHD9	249	21.0	True	UBQLN2	1	1
Q9UHD9	270	21.0	True	UBQLN2	1	1
Q9UHF3	91		False	NAT8B	1	1
Q9UHI6	693		False	DDX20	1	1
Q9UHJ6	426		False	SHPK	1	1
Q9UHK0	126		False	NUFIP1	1	1
Q9UHQ4	232		False	BCAP29	1	1
Q9UHR4	498	7.0	True	BAIAP2L1	1	1
Q9UHR4	505	7.0	True	BAIAP2L1	1	1
Q9UHR5	108		False	SAP30BP	1	1
Q9UHR6	55	264.0	False	ZNHIT2	1	1
Q9UHR6	319	264.0	False	ZNHIT2	1	1
Q9UHV7	70	952.0	False	MED13	1	1
Q9UHV7	1022	952.0	False	MED13	1	1
Q9UHV9	38		False	PFDN2	1	1
Q9UHW9	1075		False	SLC12A6	1	1
Q9UHX1	551		False	PUF60	1	1
Q9UI10	374		False	EIF2B4	1	1
Q9UI14	32		False	RABAC1	1	1
Q9UI15	196		False	TAGLN3	1	1
Q9UI30	14	5.0	True	TRMT112	1	1
Q9UI30	19	5.0	True	TRMT112	1	1
Q9UI30	24	5.0	True	TRMT112	1	1
Q9UIA9	1020		False	XPO7	1	1
Q9UID3	160	194.0	False	FFR	1	1
Q9UID3	354	194.0	False	FFR	1	1
Q9UID6	17		False	ZNF639	1	1
Q9UIF8	1021	886.0	False	BAZ2B	1	1
Q9UIF8	1907	886.0	False	BAZ2B	1	1
Q9UIF9	1210	176.0	False	BAZ2A	1	1
Q9UIF9	1386	1.0	True	BAZ2A	1	1
Q9UIF9	1387	1.0	True	BAZ2A	1	1
Q9UIF9	1768	8.0	True	BAZ2A	1	1
Q9UIF9	1776	8.0	True	BAZ2A	1	1
Q9UIF9	1787	11.0	True	BAZ2A	1	1
Q9UIG0	1477		False	BAZ1B	1	1
Q9UII2	35	6.0	True	ATPIF1	1	1
Q9UII2	41	6.0	True	ATPIF1	1	1
Q9UII2	57	16.0	True	ATPIF1	1	1
Q9UIJ7	48		False	AK3	1	1
Q9UIQ6	904		False	LNPEP	1	1
Q9UIS9	593		False	MBD1	1	1
Q9UIU6	198	2.0	True	SIX4	1	1
Q9UIU6	200	2.0	True	SIX4	1	1
Q9UJ96	140		False	KCNG2	1	1
Q9UJA3	6		False	MCM8	1	1
Q9UJA5	417		False	TRMT6	1	1
Q9UJC3	337		False	HOOK1	1	1
Q9UJH8	263		False	METRN	1	1
Q9UJK0	8		False	C16orf42	2	2
Q9UJM3	12		False	ERRFI1	1	1
Q9UJU2	226	15.0	True	LEF1	1	1
Q9UJU2	241	15.0	True	LEF1	1	1
Q9UJU2	393	152.0	False	LEF1	1	1
Q9UJU3	106	12.0	True	ZFP112	1	1
Q9UJU3	118	12.0	True	ZFP112	1	1
Q9UJU6	282		False	DBNL	1	1
Q9UJV9	71	123.0	False	DDX41	1	1
Q9UJV9	194	123.0	False	DDX41	1	1
Q9UJW0	9		False	DCTN4	1	1
Q9UJX2	290		False	CDC23	1	1
Q9UJX5	3	416.0	False	ANAPC4	1	1
Q9UJX5	419	8.0	True	ANAPC4	1	1
Q9UJX5	427	8.0	True	ANAPC4	1	1
Q9UJX6	720		False	ANAPC2	1	1
Q9UJY1	15	40.0	True	HSPB8	1	1
Q9UJY1	55	10.0	True	HSPB8	1	1
Q9UJY1	65	6.0	True	HSPB8	1	1
Q9UJY1	71	6.0	True	HSPB8	1	1
Q9UJY1	78	7.0	True	HSPB8	1	1
Q9UJZ1	74	278.0	False	STOML2	1	1
Q9UJZ1	352	278.0	False	STOML2	1	1
Q9UK39	121	3.0	True	NOCT	1	1
Q9UK39	124	3.0	True	NOCT	1	1
Q9UK58	471	2.0	True	CCNL1	1	1
Q9UK58	473	2.0	True	CCNL1	1	1
Q9UK76	22		False	HN1	1	1
Q9UK80	320		False	USP21	1	1
Q9UK96	855		False	FBXO10	1	1
Q9UKA8	222		False	RCAN3	1	1
Q9UKB3	180	11.0	True	DNAJC12	1	1
Q9UKB3	191	11.0	True	DNAJC12	1	1
Q9UKB5	245		False	AJAP1	1	1
Q9UKD1	363		False	GMEB2	1	1
Q9UKD2	31	95.0	True	MRTO4	1	1
Q9UKD2	126	95.0	True	MRTO4	1	1
Q9UKE5	698	7.0	True	TNIK	1	1
Q9UKE5	705	7.0	True	TNIK	1	1
Q9UKF6	232	3.0	True	CPSF3	1	1
Q9UKF6	235	3.0	True	CPSF3	1	1
Q9UKJ3	1470		False	GPATCH8	1	1
Q9UKK3	1332	13.0	True	PARP4	1	1
Q9UKK3	1345	13.0	True	PARP4	1	1
Q9UKK3	1449	27.0	True	PARP4	1	1
Q9UKK3	1476	27.0	True	PARP4	2	2
Q9UKM9	126	5.0	True	RALY	1	1
Q9UKM9	131	5.0	True	RALY	2	2
Q9UKM9	141	10.0	True	RALY	1	1
Q9UKM9	156	15.0	True	RALY	1	1
Q9UKN7	540	4.0	True	MYO15A	1	1
Q9UKN7	544	4.0	True	MYO15A	1	1
Q9UKN7	553	9.0	True	MYO15A	1	1
Q9UKN7	563	10.0	True	MYO15A	1	1
Q9UKN7	1095	532.0	False	MYO15A	1	1
Q9UKN8	149	92.0	True	GTF3C4	1	1
Q9UKN8	241	92.0	True	GTF3C4	1	1
Q9UKT5	144		False	FBXO4	1	1
Q9UKV3	8	6.0	True	ACIN1	1	1
Q9UKV3	14	6.0	True	ACIN1	2	2
Q9UKV3	29	15.0	True	ACIN1	2	2
Q9UKV3	87	58.0	True	ACIN1	1	1
Q9UKV3	296	40.0	True	ACIN1	1	1
Q9UKV3	336	40.0	True	ACIN1	1	1
Q9UKV3	524	100.0	True	ACIN1	1	1
Q9UKV3	624	100.0	True	ACIN1	1	1
Q9UKV3	935	311.0	False	ACIN1	1	1
Q9UKX2	1132	3.0	True	MYH1	1	1
Q9UKX2	1135	3.0	True	MYH1	1	1
Q9UKX7	45	1.0	True	NUP50	1	1
Q9UKX7	46	1.0	True	NUP50	1	1
Q9UKY7	24		False	CDV3	1	1
Q9UKZ1	41	19.0	True	CNOT11	3	3
Q9UKZ1	60	19.0	True	C2orf29	1	1
Q9UKZ4	37		False	TENM1	1	1
Q9UL25	16	163.0	False	RAB21	1	1
Q9UL25	179	163.0	False	RAB21	1	1
Q9UL46	8		False	PSME2	1	1
Q9UL49	178		False	TCFL5	1	1
Q9ULB1	747		False	NRXN1	1	1
Q9ULC8	441		False	ZDHHC8	1	1
Q9ULD4	511	3.0	True	BRPF3	1	1
Q9ULD4	514	3.0	True	BRPF3	1	1
Q9ULD9	455	16.0	True	ZNF608	1	1
Q9ULD9	471	16.0	True	ZNF608	1	1
Q9ULE0	493	7.0	True	WWC3	1	1
Q9ULE0	500	7.0	True	WWC3	1	1
Q9ULE4	840		False	FAM184B	1	1
Q9ULF5	306		False	SLC39A10	1	1
Q9ULG1	1424	5.0	True	INO80	1	1
Q9ULG1	1429	5.0	True	INO80	1	1
Q9ULH0	880	27.0	True	KIDINS220	1	1
Q9ULH0	907	27.0	True	KIDINS220	1	1
Q9ULH0	1149	242.0	False	KIDINS220	1	1
Q9ULH7	806		False	MKL2	1	1
Q9ULI4	4	843.0	False	KIF26A	1	1
Q9ULI4	847	654.0	False	KIF26A	1	1
Q9ULI4	1501	120.0	False	KIF26A	1	1
Q9ULI4	1621	26.0	True	KIF26A	1	1
Q9ULI4	1647	26.0	True	KIF26A	1	1
Q9ULJ3	398		False	ZNF295	1	1
Q9ULJ6	394	44.0	True	ZMIZ1	1	1
Q9ULJ6	438	44.0	True	ZMIZ1	1	1
Q9ULK2	476	347.0	False	ATXN7L1	1	1
Q9ULK2	823	347.0	False	ATXN7L1	1	1
Q9ULL5	36	192.0	False	PRR12	1	1
Q9ULL5	228	11.0	True	PRR12	1	1
Q9ULL5	239	11.0	True	PRR12	1	1
Q9ULL5	405	166.0	False	PRR12	1	1
Q9ULL5	1155	696.0	False	PRR12	1	1
Q9ULL5	1851	696.0	False	PRR12	1	1
Q9ULQ1	354		False	TPCN1	1	1
Q9ULR3	213		False	PPM1H	1	1
Q9ULT8	114	102.0	False	HECTD1	1	1
Q9ULT8	216	102.0	False	HECTD1	1	1
Q9ULT8	353	137.0	False	HECTD1	1	1
Q9ULT8	1015	662.0	False	HECTD1	1	1
Q9ULU4	555		False	ZMYND8	1	1
Q9ULV3	156		False	CIZ1	1	1
Q9ULV4	28	263.0	False	CORO1C	1	1
Q9ULV4	291	263.0	False	CORO1C	1	1
Q9ULW3	82	3.0	True	ABT1	1	1
Q9ULW3	85	3.0	True	ABT1	1	1
Q9ULW3	133	48.0	True	ABT1	1	1
Q9ULX3	345	5.0	True	NOB1	1	1
Q9ULX3	350	5.0	True	NOB1	1	1
Q9ULX3	396	46.0	True	NOB1	1	1
Q9ULX6	131	40.0	True	AKAP8L	1	1
Q9ULX6	171	8.0	True	AKAP8L	2	2
Q9ULX6	179	6.0	True	AKAP8L	2	2
Q9ULX6	185	3.0	True	AKAP8L	1	1
Q9ULX6	188	3.0	True	AKAP8L	1	1
Q9ULX6	191	3.0	True	AKAP8L	1	1
Q9ULX6	199	8.0	True	AKAP8L	1	1
Q9ULX6	208	9.0	True	AKAP8L	3	3
Q9ULX6	217	9.0	True	AKAP8L	3	3
Q9ULX6	237	10.0	True	AKAP8L	3	3
Q9ULX6	247	10.0	True	AKAP8L	2	2
Q9ULX6	272	25.0	True	AKAP8L	1	1
Q9ULX6	397	125.0	False	AKAP8L	1	1
Q9UM47	2174		False	NOTCH3	2	2
Q9UM63	414		False	PLAGL1	1	1
Q9UMN6	17	16.0	True	WBP7	1	1
Q9UMN6	33	3.0	True	KMT2B	1	1
Q9UMN6	36	3.0	True	KMT2B	1	1
Q9UMN6	48	1.0	True	WBP7	1	2
Q9UMN6	49	1.0	True	WBP7	2	2
Q9UMN6	93	44.0	True	KMT2B	1	1
Q9UMN6	181	7.0	True	KMT2B	1	1
Q9UMN6	188	7.0	True	KMT2B	1	1
Q9UMN6	217	5.0	True	WBP7	1	1
Q9UMN6	222	5.0	True	KMT2B	1	1
Q9UMN6	280	58.0	True	KMT2B	1	1
Q9UMN6	962	682.0	False	KMT2B	1	1
Q9UMR2	199		False	DDX19B	1	1
Q9UMS0	7	77.0	True	NFU1	1	1
Q9UMS0	84	77.0	True	NFU1	1	1
Q9UMS4	187		False	PRPF19	1	1
Q9UMS5	243	5.0	True	PHTF1	1	1
Q9UMS5	248	5.0	True	PHTF1	1	1
Q9UMX0	253	4.0	True	UBQLN4	1	1
Q9UMX0	257	4.0	True	UBQLN4	1	1
Q9UMX5	84		False	NENF	1	1
Q9UMY4	11	33.0	True	SNX12	1	1
Q9UMY4	44	2.0	True	SNX12	1	1
Q9UMY4	46	2.0	True	SNX12	1	1
Q9UMY4	120	33.0	True	SNX12	1	1
Q9UMY4	153	33.0	True	SNX12	1	1
Q9UN36	247		False	NDRG2	1	1
Q9UN42	294		False	ATP1B4	1	1
Q9UN81	101	4.0	True	L1RE1	1	1
Q9UN81	105	4.0	True	L1RE1	1	1
Q9UN86	32	386.0	False	G3BP2	1	1
Q9UN86	418	14.0	True	G3BP2	1	1
Q9UN86	432	6.0	True	G3BP2	1	1
Q9UN86	438	6.0	True	G3BP2	1	1
Q9UN86	447	5.0	True	G3BP2	1	1
Q9UN86	452	5.0	True	G3BP2	1	1
Q9UN86	457	5.0	True	G3BP2	3	3
Q9UN86	468	8.0	True	G3BP2	3	3
Q9UN86	476	8.0	True	G3BP2	1	1
Q9UNE7	35	49.0	True	STUB1	1	1
Q9UNE7	84	1.0	True	STUB1	1	1
Q9UNE7	85	1.0	True	STUB1	1	1
Q9UNE7	140	55.0	True	STUB1	1	1
Q9UNF0	64	220.0	False	PACSIN2	1	1
Q9UNF0	284	220.0	False	PACSIN2	1	1
Q9UNF1	219	8.0	True	MAGED2	1	1
Q9UNF1	227	8.0	True	MAGED2	1	1
Q9UNF1	239	12.0	True	MAGED2	1	1
Q9UNH7	17	206.0	False	SNX6	1	1
Q9UNH7	223	206.0	False	SNX6	1	1
Q9UNK0	78		False	STX8	1	1
Q9UNN5	588		False	FAF1	1	1
Q9UNS1	246	21.0	True	TIMELESS	1	1
Q9UNS1	267	4.0	True	TIMELESS	1	1
Q9UNS1	271	4.0	True	TIMELESS	1	1
Q9UNS1	305	34.0	True	TIMELESS	1	1
Q9UNS1	813	508.0	False	TIMELESS	1	1
Q9UNX3	11	6.0	True	RPL26L1	1	1
Q9UNX3	17	6.0	True	RPL26L1	1	1
Q9UNX3	26	9.0	True	RPL26L1	1	1
Q9UNX3	59	25.0	True	RPL26L1	1	1
Q9UNX3	84	25.0	True	RPL26L1	1	1
Q9UNY4	389	487.0	False	TTF2	1	1
Q9UNY4	876	14.0	True	TTF2	1	1
Q9UNY4	890	14.0	True	TTF2	1	1
Q9UNZ2	93	106.0	False	NSFL1C	1	1
Q9UNZ2	199	15.0	True	NSFL1C	1	1
Q9UNZ2	214	1.0	True	NSFL1C	1	1
Q9UNZ2	215	1.0	True	NSFL1C	1	1
Q9UNZ2	223	8.0	True	NSFL1C	1	1
Q9UP83	147	162.0	False	COG5	1	1
Q9UP83	309	5.0	True	COG5	2	2
Q9UP83	314	5.0	True	COG5	1	1
Q9UPA5	2046	305.0	False	BSN	1	1
Q9UPA5	2351	305.0	False	BSN	1	1
Q9UPA5	2659	308.0	False	BSN	1	1
Q9UPA5	3750	1091.0	False	BSN	1	1
Q9UPN3	1749	3040.0	False	MACF1	1	1
Q9UPN3	4789	2227.0	False	MACF1	1	1
Q9UPN3	7016	345.0	False	MACF1	1	1
Q9UPN3	7361	345.0	False	MACF1	1	1
Q9UPN4	1007		False	AZI1	1	1
Q9UPN6	512	405.0	False	SCAF8	1	1
Q9UPN6	917	10.0	True	SCAF8	2	2
Q9UPN6	927	10.0	True	SCAF8	2	2
Q9UPN6	938	11.0	True	SCAF8	2	2
Q9UPN6	967	14.0	True	SCAF8	1	1
Q9UPN6	981	7.0	True	SCAF8	1	1
Q9UPN6	988	7.0	True	SCAF8	1	1
Q9UPN6	1046	16.0	True	SCAF8	1	1
Q9UPN6	1062	11.0	True	SCAF8	1	1
Q9UPN6	1073	11.0	True	SCAF8	1	1
Q9UPN6	1120	2.0	True	SCAF8	2	2
Q9UPN6	1122	2.0	True	SCAF8	2	2
Q9UPN6	1124	2.0	True	SCAF8	1	2
Q9UPN6	1129	4.0	True	SCAF8	1	1
Q9UPN6	1133	4.0	True	SCAF8	1	1
Q9UPN6	1139	6.0	True	SCAF8	1	1
Q9UPN9	440	18.0	True	TRIM33	2	2
Q9UPN9	458	18.0	True	TRIM33	1	1
Q9UPN9	515	20.0	True	TRIM33	3	3
Q9UPN9	535	20.0	True	TRIM33	2	2
Q9UPN9	555	20.0	True	TRIM33	2	2
Q9UPN9	577	14.0	True	TRIM33	2	2
Q9UPN9	591	7.0	True	TRIM33	2	2
Q9UPN9	598	6.0	True	TRIM33	2	2
Q9UPN9	604	6.0	True	TRIM33	2	2
Q9UPQ9	1209	16.0	True	TNRC6B	1	1
Q9UPQ9	1225	16.0	True	TNRC6B	1	1
Q9UPQ9	1306	9.0	True	TNRC6B	1	1
Q9UPQ9	1315	9.0	True	TNRC6B	1	1
Q9UPQ9	1429	114.0	False	TNRC6B	1	1
Q9UPQ9	1620	3.0	True	TNRC6B	1	1
Q9UPQ9	1623	3.0	True	TNRC6B	2	2
Q9UPQ9	1631	8.0	True	TNRC6B	1	1
Q9UPR0	6		False	PLCL2	2	2
Q9UPR6	691		False	ZFR2	1	1
Q9UPS6	278	14.0	True	SETD1B	2	2
Q9UPS6	292	14.0	True	SETD1B	1	1
Q9UPS6	1538	9.0	True	SETD1B	1	1
Q9UPS6	1547	9.0	True	SETD1B	1	1
Q9UPS8	43	2.0	True	ANKRD26	1	1
Q9UPS8	45	2.0	True	ANKRD26	1	1
Q9UPT6	84	17.0	True	MAPK8IP3	1	1
Q9UPT6	101	1.0	True	MAPK8IP3	1	1
Q9UPT6	102	1.0	True	MAPK8IP3	1	1
Q9UPT6	219	117.0	False	MAPK8IP3	1	1
Q9UPT8	228	42.0	True	ZC3H4	1	1
Q9UPT8	270	42.0	True	ZC3H4	1	1
Q9UPT8	326	2.0	True	ZC3H4	1	1
Q9UPT8	328	2.0	True	ZC3H4	1	1
Q9UPT8	345	17.0	True	ZC3H4	1	1
Q9UPT8	589	244.0	False	ZC3H4	1	1
Q9UPT9	208	277.0	False	USP22	1	1
Q9UPT9	485	277.0	False	USP22	1	1
Q9UPU5	85		False	USP24	1	1
Q9UPU7	238		False	TBC1D2B	1	1
Q9UPU9	573	31.0	True	SAMD4A	1	1
Q9UPU9	604	31.0	True	SAMD4A	1	1
Q9UPV0	1249	132.0	False	CEP164	1	1
Q9UPV0	1381	132.0	False	CEP164	1	1
Q9UPV9	728	36.0	True	TRAK1	1	1
Q9UPV9	764	36.0	True	TRAK1	1	1
Q9UPW5	1121		False	AGTPBP1	1	1
Q9UPW6	283	25.0	True	SATB2	1	1
Q9UPW6	308	25.0	True	SATB2	1	1
Q9UPW6	347	39.0	True	SATB2	1	1
Q9UPZ6	277		False	THSD7A	1	1
Q9UQ16	217		False	DNM3	1	1
Q9UQ26	10	1036.0	False	RIMS2	1	1
Q9UQ26	1046	1036.0	False	RIMS2	1	1
Q9UQ35	11	10.0	True	SRRM2	2	2
Q9UQ35	21	6.0	True	SRRM2	1	1
Q9UQ35	27	2.0	True	SRRM2	1	1
Q9UQ35	29	1.0	True	SRRM2	1	1
Q9UQ35	30	1.0	True	SRRM2	1	1
Q9UQ35	33	3.0	True	SRRM2	1	1
Q9UQ35	1195	632.0	False	SRRM2	1	1
Q9UQ35	1827	97.0	True	SRRM2	1	1
Q9UQ35	1924	97.0	True	SRRM2	1	1
Q9UQ35	2129	34.0	True	SRRM2	1	1
Q9UQ35	2163	31.0	True	SRRM2	1	1
Q9UQ35	2194	13.0	True	SRRM2	2	2
Q9UQ35	2207	13.0	True	SRRM2	2	2
Q9UQ35	2221	10.0	True	SRRM2	2	2
Q9UQ35	2231	10.0	True	SRRM2	2	2
Q9UQ35	2246	15.0	True	SRRM2	3	3
Q9UQ35	2274	14.0	True	SRRM2	3	3
Q9UQ35	2288	13.0	True	SRRM2	3	3
Q9UQ35	2301	13.0	True	SRRM2	2	2
Q9UQ35	2328	14.0	True	SRRM2	1	1
Q9UQ35	2342	14.0	True	SRRM2	3	3
Q9UQ35	2356	14.0	True	SRRM2	2	2
Q9UQ35	2370	14.0	True	SRRM2	2	2
Q9UQ35	2384	8.0	True	SRRM2	3	3
Q9UQ35	2392	8.0	True	SRRM2	2	2
Q9UQ35	2460	68.0	True	SRRM2	1	1
Q9UQ35	2698	238.0	False	SRRM2	1	1
Q9UQ80	30	241.0	False	PA2G4	1	1
Q9UQ80	271	1.0	True	PA2G4	1	1
Q9UQ80	272	1.0	True	PA2G4	1	1
Q9UQ80	281	9.0	True	PA2G4	1	1
Q9UQB8	373	3.0	True	BAIAP2	1	1
Q9UQB8	376	3.0	True	BAIAP2	1	1
Q9UQE7	72	83.0	True	SMC3	1	1
Q9UQE7	155	81.0	True	SMC3	1	1
Q9UQE7	236	36.0	True	SMC3	1	1
Q9UQE7	272	36.0	True	SMC3	1	1
Q9UQE7	323	51.0	True	SMC3	1	1
Q9UQE7	453	130.0	False	SMC3	1	1
Q9UQE7	596	48.0	True	SMC3	1	1
Q9UQE7	644	28.0	True	SMC3	1	1
Q9UQE7	672	28.0	True	SMC3	1	1
Q9UQE7	837	14.0	True	SMC3	1	1
Q9UQE7	851	14.0	True	SMC3	1	1
Q9UQE7	1009	70.0	True	SMC3	1	1
Q9UQE7	1079	70.0	True	SMC3	1	1
Q9UQF2	86		False	MAPK8IP1	1	1
Q9UQN3	22		False	CHMP2B	1	1
Q9UQQ1	676		False	NAALADL1	1	1
Q9UQR1	734		False	ZNF148	1	1
Q9Y215	182		False	COLQ	1	1
Q9Y217	5		False	MTMR6	1	1
Q9Y221	30	13.0	True	NIP7	1	1
Q9Y221	43	13.0	True	NIP7	1	1
Q9Y224	65		False	C14orf166	1	1
Q9Y230	29	96.0	True	RUVBL2	1	1
Q9Y230	125	96.0	True	RUVBL2	1	1
Q9Y230	336	17.0	True	RUVBL2	1	1
Q9Y230	353	17.0	True	RUVBL2	1	1
Q9Y242	14	147.0	False	TCF19	1	1
Q9Y242	161	147.0	False	TCF19	1	1
Q9Y247	156	139.0	False	FAM50B	1	1
Q9Y247	295	139.0	False	FAM50B	1	1
Q9Y252	220	16.0	True	RNF6	1	1
Q9Y252	236	11.0	True	RNF6	1	1
Q9Y252	247	11.0	True	RNF6	1	1
Q9Y263	303		False	PLAA	1	1
Q9Y265	205	152.0	False	RUVBL1	1	1
Q9Y265	357	5.0	True	RUVBL1	1	1
Q9Y265	362	5.0	True	RUVBL1	1	1
Q9Y283	726	8.0	True	INVS	1	1
Q9Y283	734	8.0	True	INVS	1	1
Q9Y283	799	11.0	True	INVS	1	1
Q9Y283	810	11.0	True	INVS	1	1
Q9Y285	12	1.0	True	FARSA	1	1
Q9Y285	13	1.0	True	FARSA	1	1
Q9Y285	124	3.0	True	FARSA	1	1
Q9Y285	127	3.0	True	FARSA	1	1
Q9Y285	138	1.0	True	FARSA	1	1
Q9Y285	139	1.0	True	FARSA	1	1
Q9Y285	144	5.0	True	FARSA	1	1
Q9Y285	355	211.0	False	FARSA	1	1
Q9Y2A7	23		False	NCKAP1	1	1
Q9Y2B0	88		False	CNPY2	1	1
Q9Y2B4	224	4.0	True	TP53TG5	1	1
Q9Y2B4	228	4.0	True	TP53TG5	1	1
Q9Y2D8	239		False	SSX2IP	1	1
Q9Y2H1	452		False	STK38L	1	1
Q9Y2H5	326	9.0	True	PLEKHA6	1	1
Q9Y2H5	335	9.0	True	PLEKHA6	1	1
Q9Y2H5	445	24.0	True	PLEKHA6	1	1
Q9Y2H5	469	11.0	True	PLEKHA6	1	1
Q9Y2H5	480	11.0	True	PLEKHA6	1	1
Q9Y2H5	677	197.0	False	PLEKHA6	1	1
Q9Y2H6	113	21.0	True	FNDC3A	1	1
Q9Y2H6	134	21.0	True	FNDC3A	1	1
Q9Y2H9	767		False	MAST1	1	1
Q9Y2J4	197	306.0	False	AMOTL2	1	1
Q9Y2J4	503	306.0	False	AMOTL2	1	1
Q9Y2K2	567	2.0	True	SIK3	1	2
Q9Y2K2	569	2.0	True	SIK3	2	2
Q9Y2K2	976	10.0	True	SIK3	1	1
Q9Y2K2	986	10.0	True	SIK3	1	1
Q9Y2L1	12	132.0	False	DIS3	1	1
Q9Y2L1	144	3.0	True	DIS3	1	1
Q9Y2L1	147	3.0	True	DIS3	1	1
Q9Y2L1	150	3.0	True	DIS3	1	1
Q9Y2L1	178	1.0	True	DIS3	1	1
Q9Y2L1	179	1.0	True	DIS3	1	1
Q9Y2L1	210	31.0	True	DIS3	1	1
Q9Y2L1	611	401.0	False	DIS3	1	1
Q9Y2L6	656	15.0	True	FRMD4B	1	1
Q9Y2L6	671	15.0	True	FRMD4B	1	1
Q9Y2P4	341		False	SLC27A6	1	1
Q9Y2P8	118	89.0	True	RCL1	1	1
Q9Y2P8	207	89.0	True	RCL1	1	1
Q9Y2R0	14		False	CCDC56	1	1
Q9Y2R4	27		False	DDX52	1	1
Q9Y2R9	177	1.0	True	MRPS7	1	1
Q9Y2R9	178	1.0	True	MRPS7	1	1
Q9Y2S7	218		False	POLDIP2	1	1
Q9Y2U8	537	237.0	False	LEMD3	1	1
Q9Y2U8	774	1.0	True	LEMD3	1	1
Q9Y2U8	775	1.0	True	LEMD3	1	1
Q9Y2V2	49		False	CARHSP1	1	1
Q9Y2W1	62	4.0	True	THRAP3	1	1
Q9Y2W1	66	4.0	True	THRAP3	3	3
Q9Y2W1	71	3.0	True	THRAP3	1	1
Q9Y2W1	74	3.0	True	THRAP3	2	2
Q9Y2W1	78	3.0	True	THRAP3	2	2
Q9Y2W1	81	1.0	True	THRAP3	1	1
Q9Y2W1	82	1.0	True	THRAP3	1	1
Q9Y2W1	91	9.0	True	THRAP3	2	2
Q9Y2W1	101	7.0	True	THRAP3	3	3
Q9Y2W1	108	7.0	True	THRAP3	3	3
Q9Y2W1	115	7.0	True	THRAP3	2	2
Q9Y2W1	513	289.0	False	THRAP3	1	1
Q9Y2W1	802	23.0	True	THRAP3	1	1
Q9Y2W1	825	4.0	True	THRAP3	2	2
Q9Y2W1	829	2.0	True	THRAP3	1	1
Q9Y2W1	831	2.0	True	THRAP3	1	1
Q9Y2W1	837	4.0	True	THRAP3	1	1
Q9Y2W1	841	4.0	True	THRAP3	1	1
Q9Y2W1	845	4.0	True	THRAP3	1	1
Q9Y2W1	886	11.0	True	THRAP3	1	1
Q9Y2W1	897	2.0	True	THRAP3	1	1
Q9Y2W1	899	2.0	True	THRAP3	1	1
Q9Y2W1	901	2.0	True	THRAP3	1	1
Q9Y2W1	908	2.0	True	THRAP3	2	2
Q9Y2W1	910	2.0	True	THRAP3	2	2
Q9Y2W2	178	14.0	True	WBP11	1	1
Q9Y2W2	192	14.0	True	WBP11	2	2
Q9Y2W2	485	92.0	True	WBP11	1	1
Q9Y2W2	577	92.0	True	WBP11	1	1
Q9Y2W6	142	59.0	True	TDRKH	1	1
Q9Y2W6	201	59.0	True	TDRKH	1	1
Q9Y2X3	278	123.0	False	NOP58	1	1
Q9Y2X3	401	123.0	False	NOP58	1	1
Q9Y2X9	403	1.0	True	ZNF281	1	1
Q9Y2X9	404	1.0	True	ZNF281	1	1
Q9Y2Y0	162		False	ARL2BP	1	1
Q9Y2Z0	285		False	SUGT1	1	1
Q9Y2Z4	118	190.0	False	YARS2	1	1
Q9Y2Z4	308	190.0	False	YARS2	1	1
Q9Y303	2	17.0	True	AMDHD2	1	1
Q9Y303	19	17.0	True	AMDHD2	1	1
Q9Y314	112	105.0	False	NOSIP	1	1
Q9Y314	217	61.0	True	NOSIP	1	1
Q9Y314	278	61.0	True	NOSIP	1	1
Q9Y324	188	9.0	True	FCF1	1	1
Q9Y324	197	9.0	True	FCF1	1	1
Q9Y371	204		False	SH3GLB1	1	1
Q9Y376	209	104.0	False	CAB39	1	1
Q9Y376	313	104.0	False	CAB39	1	1
Q9Y383	34	248.0	False	LUC7L2	1	1
Q9Y383	282	4.0	True	LUC7L2	1	1
Q9Y383	286	2.0	True	LUC7L2	1	1
Q9Y383	288	2.0	True	LUC7L2	1	1
Q9Y3A2	170		False	UTP11L	1	1
Q9Y3A5	11	8.0	True	SBDS	1	1
Q9Y3A5	19	8.0	True	SBDS	1	1
Q9Y3A5	135	116.0	False	SBDS	1	1
Q9Y3B2	6	7.0	True	EXOSC1	2	2
Q9Y3B2	13	7.0	True	EXOSC1	1	1
Q9Y3B7	76		False	MRPL11	1	1
Q9Y3B8	9	3.0	True	REXO2	1	1
Q9Y3B8	12	3.0	True	REXO2	1	1
Q9Y3B8	211	199.0	False	REXO2	1	1
Q9Y3C6	72		False	PPIL1	1	1
Q9Y3C7	15		False	MED31	1	1
Q9Y3D3	13	59.0	True	MRPS16	1	1
Q9Y3D3	72	2.0	True	MRPS16	1	1
Q9Y3D3	74	2.0	True	MRPS16	1	1
Q9Y3D9	21	112.0	False	MRPS23	1	1
Q9Y3D9	133	1.0	True	MRPS23	1	1
Q9Y3D9	134	1.0	True	MRPS23	1	1
Q9Y3I0	51	30.0	True	C22orf28	1	1
Q9Y3I0	81	30.0	True	RTCB	1	1
Q9Y3I0	291	210.0	False	C22orf28	1	1
Q9Y3I1	451	28.0	True	FBXO7	1	1
Q9Y3I1	479	2.0	True	FBXO7	1	1
Q9Y3I1	481	2.0	True	FBXO7	1	1
Q9Y3I1	498	6.0	True	FBXO7	2	2
Q9Y3I1	504	4.0	True	FBXO7	2	2
Q9Y3I1	508	4.0	True	FBXO7	1	1
Q9Y3M8	267		False	STARD13	1	1
Q9Y3R0	435		False	GRIP1	1	1
Q9Y3R4	314		False	NEU2	1	1
Q9Y3S2	237		False	ZNF330	1	1
Q9Y3T6	108	12.0	True	R3HCC1	1	1
Q9Y3T6	120	3.0	True	R3HCC1	1	1
Q9Y3T6	123	3.0	True	R3HCC1	1	1
Q9Y3T6	141	18.0	True	R3HCC1	1	1
Q9Y3U8	4	51.0	True	RPL36	1	1
Q9Y3U8	55	1.0	True	RPL36	1	1
Q9Y3U8	56	1.0	True	RPL36	1	1
Q9Y3U8	98	42.0	True	RPL36	1	1
Q9Y3X0	94	8.0	True	CCDC9	1	1
Q9Y3X0	102	5.0	True	CCDC9	1	1
Q9Y3X0	107	3.0	True	CCDC9	1	1
Q9Y3X0	110	3.0	True	CCDC9	1	1
Q9Y3X0	121	7.0	True	CCDC9	2	2
Q9Y3X0	128	2.0	True	CCDC9	2	2
Q9Y3X0	130	1.0	True	CCDC9	2	3
Q9Y3X0	131	1.0	True	CCDC9	3	3
Q9Y3X0	133	2.0	True	CCDC9	3	3
Q9Y3X0	135	2.0	True	CCDC9	3	3
Q9Y3X0	221	22.0	True	CCDC9	1	1
Q9Y3X0	243	22.0	True	CCDC9	1	1
Q9Y3Y2	51	36.0	True	CHTOP	1	1
Q9Y3Y2	87	3.0	True	CHTOP	1	1
Q9Y3Y2	90	3.0	True	CHTOP	1	1
Q9Y3Y2	97	6.0	True	CHTOP	2	2
Q9Y3Y2	103	6.0	True	CHTOP	2	2
Q9Y3Y2	110	4.0	True	CHTOP	1	1
Q9Y3Y2	114	4.0	True	CHTOP	1	1
Q9Y3Y2	118	3.0	True	CHTOP	1	1
Q9Y3Y2	121	3.0	True	CHTOP	1	1
Q9Y3Y2	128	6.0	True	CHTOP	2	2
Q9Y3Y2	134	6.0	True	CHTOP	2	2
Q9Y3Y2	140	3.0	True	CHTOP	1	1
Q9Y3Y2	143	3.0	True	CHTOP	1	1
Q9Y3Y2	148	4.0	True	CHTOP	2	2
Q9Y3Y2	152	1.0	True	CHTOP	2	2
Q9Y3Y2	153	1.0	True	CHTOP	1	2
Q9Y3Y2	157	2.0	True	CHTOP	1	1
Q9Y3Y2	159	2.0	True	CHTOP	1	1
Q9Y3Y2	164	5.0	True	CHTOP	1	1
Q9Y3Y2	169	5.0	True	CHTOP	1	1
Q9Y3Y2	174	5.0	True	CHTOP	2	2
Q9Y3Y2	180	2.0	True	CHTOP	2	2
Q9Y3Y2	182	2.0	True	CHTOP	2	2
Q9Y3Y2	187	2.0	True	CHTOP	1	1
Q9Y3Y2	189	2.0	True	CHTOP	1	1
Q9Y3Y2	195	4.0	True	CHTOP	1	1
Q9Y3Y2	199	4.0	True	CHTOP	1	1
Q9Y3Y2	203	4.0	True	CHTOP	1	1
Q9Y3Y2	208	5.0	True	CHTOP	1	1
Q9Y446	81	180.0	False	PKP3	2	2
Q9Y446	261	180.0	False	PKP3	3	3
Q9Y450	124		False	HBS1L	1	1
Q9Y467	413		False	SALL2	1	1
Q9Y483	480		False	MTF2	1	1
Q9Y485	315	2419.0	False	DMXL1	1	1
Q9Y485	2734	2419.0	False	DMXL1	1	1
Q9Y490	74	72.0	True	TLN1	1	1
Q9Y490	146	49.0	True	TLN1	1	1
Q9Y490	195	49.0	True	TLN1	1	1
Q9Y490	889	2.0	True	TLN1	1	1
Q9Y490	891	2.0	True	TLN1	1	1
Q9Y490	898	7.0	True	TLN1	1	1
Q9Y490	1035	137.0	False	TLN1	1	1
Q9Y490	2177	20.0	True	TLN1	1	1
Q9Y490	2197	20.0	True	TLN1	1	1
Q9Y490	2233	2.0	True	TLN1	1	1
Q9Y490	2235	2.0	True	TLN1	1	1
Q9Y490	2538	303.0	False	TLN1	1	1
Q9Y4A5	3618		False	TRRAP	1	1
Q9Y4B4	483	762.0	False	RAD54L2	1	1
Q9Y4B4	1245	7.0	True	RAD54L2	1	1
Q9Y4B4	1252	7.0	True	RAD54L2	1	1
Q9Y4B4	1395	38.0	True	RAD54L2	1	1
Q9Y4B4	1433	38.0	True	RAD54L2	1	1
Q9Y4B5	118	185.0	False	SOGA2	1	1
Q9Y4B5	303	7.0	True	SOGA2	1	1
Q9Y4B5	310	7.0	True	SOGA2	1	1
Q9Y4B5	1295	9.0	True	CCDC165	1	1
Q9Y4B5	1304	3.0	True	CCDC165	2	2
Q9Y4B5	1307	3.0	True	CCDC165	1	1
Q9Y4C0	88		False	NRXN3	1	1
Q9Y4C2	709		False	FAM115A	1	1
Q9Y4D1	9		False	DAAM1	1	1
Q9Y4E5	158		False	ZNF451	3	3
Q9Y4E6	933		False	WDR7	1	1
Q9Y4E8	946		False	USP15	1	1
Q9Y4F4	27	10.0	True	TOGARAM1	1	1
Q9Y4F4	37	10.0	True	TOGARAM1	1	1
Q9Y4F4	51	14.0	True	TOGARAM1	1	1
Q9Y4F5	602	7.0	True	CEP170B	1	1
Q9Y4F5	609	7.0	True	CEP170B	1	1
Q9Y4F5	781	2.0	True	KIAA0284	1	1
Q9Y4F5	783	2.0	True	KIAA0284	1	1
Q9Y4F5	1022	5.0	True	KIAA0284	1	1
Q9Y4F5	1027	5.0	True	KIAA0284	1	1
Q9Y4G2	468	6.0	True	PLEKHM1	1	1
Q9Y4G2	474	5.0	True	PLEKHM1	1	1
Q9Y4G2	479	5.0	True	PLEKHM1	1	1
Q9Y4H2	396	5.0	True	IRS2	2	2
Q9Y4H2	401	5.0	True	IRS2	2	2
Q9Y4H2	412	11.0	True	IRS2	2	2
Q9Y4H2	429	17.0	True	IRS2	2	2
Q9Y4H2	569	3.0	True	IRS2	2	2
Q9Y4H2	572	3.0	True	IRS2	1	1
Q9Y4H2	871	5.0	True	IRS2	1	1
Q9Y4H2	876	5.0	True	IRS2	1	1
Q9Y4H2	884	2.0	True	IRS2	1	1
Q9Y4H2	886	2.0	True	IRS2	1	1
Q9Y4I1	623	1184.0	False	MYO5A	1	1
Q9Y4I1	1807	1184.0	False	MYO5A	1	1
Q9Y4K4	14		False	MAP4K5	1	1
Q9Y4L1	79	183.0	False	HYOU1	1	1
Q9Y4L1	262	16.0	True	HYOU1	1	1
Q9Y4L1	278	16.0	True	HYOU1	1	1
Q9Y4L1	900	622.0	False	HYOU1	1	1
Q9Y4L5	120	5.0	True	RNF115	1	1
Q9Y4L5	125	5.0	True	RNF115	1	1
Q9Y4P1	118		False	ATG4B	1	1
Q9Y4P3	112	282.0	False	TBL2	1	1
Q9Y4P3	394	282.0	False	TBL2	1	1
Q9Y4R8	250		False	TELO2	1	1
Q9Y4W2	435	13.0	True	LAS1L	1	1
Q9Y4W2	448	13.0	True	LAS1L	1	1
Q9Y4W6	624	27.0	True	AFG3L2	1	1
Q9Y4W6	651	27.0	True	AFG3L2	1	1
Q9Y4Z0	62	26.0	True	LSM4	1	1
Q9Y4Z0	88	2.0	True	LSM4	2	2
Q9Y4Z0	90	2.0	True	LSM4	2	2
Q9Y4Z0	102	7.0	True	LSM4	1	1
Q9Y4Z0	109	6.0	True	LSM4	1	1
Q9Y4Z0	115	2.0	True	LSM4	1	2
Q9Y4Z0	117	2.0	True	LSM4	2	2
Q9Y4Z0	125	8.0	True	LSM4	2	2
Q9Y4Z2	68		False	NEUROG3	1	1
Q9Y519	377	8.0	True	TMEM184B	1	1
Q9Y519	385	8.0	True	TMEM184B	1	1
Q9Y520	53	189.0	False	PRRC2A	1	1
Q9Y520	242	13.0	True	PRRC2C	3	3
Q9Y520	255	11.0	True	PRRC2C	3	3
Q9Y520	266	11.0	True	PRRC2C	2	2
Q9Y520	279	2.0	True	PRRC2C	2	2
Q9Y520	281	2.0	True	PRRC2C	2	2
Q9Y520	293	12.0	True	PRRC2C	1	1
Q9Y520	400	22.0	True	PRRC2C	1	1
Q9Y520	422	22.0	True	PRRC2C	1	1
Q9Y520	715	32.0	True	PRRC2C	1	1
Q9Y520	747	32.0	True	PRRC2C	1	1
Q9Y520	804	29.0	True	PRRC2C	1	1
Q9Y520	833	29.0	True	PRRC2C	1	1
Q9Y520	1177	9.0	True	PRRC2C	1	1
Q9Y520	1186	2.0	True	PRRC2C	2	2
Q9Y520	1188	2.0	True	PRRC2C	2	2
Q9Y520	1190	2.0	True	PRRC2C	1	2
Q9Y520	1196	2.0	True	PRRC2C	1	1
Q9Y520	1198	2.0	True	PRRC2C	1	1
Q9Y520	1207	5.0	True	PRRC2C	1	1
Q9Y520	1212	5.0	True	PRRC2C	1	1
Q9Y520	1342	2.0	True	PRRC2C	2	2
Q9Y520	1344	2.0	True	PRRC2C	2	2
Q9Y520	1349	1.0	True	PRRC2C	1	2
Q9Y520	1350	1.0	True	PRRC2C	2	2
Q9Y520	1353	3.0	True	PRRC2C	2	2
Q9Y520	1358	5.0	True	PRRC2C	1	1
Q9Y520	1367	9.0	True	PRRC2C	1	1
Q9Y520	1551	14.0	True	PRRC2C	1	1
Q9Y520	1565	14.0	True	PRRC2C	1	1
Q9Y520	1959	133.0	False	PRRC2C	1	1
Q9Y520	2092	133.0	False	PRRC2C	1	1
Q9Y520	2547	90.0	True	PRRC2C	1	1
Q9Y520	2637	42.0	True	PRRC2C	1	1
Q9Y520	2679	10.0	True	PRRC2C	1	1
Q9Y520	2689	10.0	True	PRRC2C	1	1
Q9Y520	2719	30.0	True	PRRC2C	1	1
Q9Y520	2795	19.0	True	PRRC2C	1	1
Q9Y520	2814	9.0	True	PRRC2C	1	1
Q9Y520	2823	9.0	True	PRRC2C	1	1
Q9Y561	432		False	LRP12	1	1
Q9Y566	76	811.0	False	SHANK1	1	1
Q9Y566	887	811.0	False	SHANK1	1	1
Q9Y570	16	309.0	False	PPME1	2	2
Q9Y570	325	309.0	False	PPME1	1	1
Q9Y572	486	22.0	True	RIPK3	1	1
Q9Y572	508	22.0	True	RIPK3	1	1
Q9Y577	48		False	TRIM17	1	1
Q9Y580	143	9.0	True	RBM7	1	1
Q9Y580	152	9.0	True	RBM7	2	2
Q9Y580	190	8.0	True	RBM7	1	1
Q9Y580	198	3.0	True	RBM7	1	1
Q9Y580	201	3.0	True	RBM7	2	2
Q9Y580	211	4.0	True	RBM7	1	1
Q9Y580	215	4.0	True	RBM7	1	1
Q9Y580	229	14.0	True	RBM7	1	1
Q9Y597	86		False	KCTD3	1	1
Q9Y5A9	357	36.0	True	YTHDF2	1	1
Q9Y5A9	393	36.0	True	YTHDF2	1	1
Q9Y5B0	81	832.0	False	CTDP1	1	1
Q9Y5B0	913	3.0	True	CTDP1	1	1
Q9Y5B0	916	3.0	True	CTDP1	1	1
Q9Y5B8	174		False	NME7	1	1
Q9Y5B9	456	304.0	False	SUPT16H	1	1
Q9Y5B9	760	254.0	False	SUPT16H	1	1
Q9Y5B9	1014	15.0	True	SUPT16H	1	1
Q9Y5B9	1029	4.0	True	SUPT16H	1	1
Q9Y5B9	1033	3.0	True	SUPT16H	1	1
Q9Y5B9	1036	3.0	True	SUPT16H	1	1
Q9Y5E7	81		False	PCDHB2	1	1
Q9Y5F9	206	16.0	True	PCDHGB6	1	1
Q9Y5F9	222	16.0	True	PCDHGB6	1	1
Q9Y5H7	170	26.0	True	PCDHA5	1	1
Q9Y5H7	196	26.0	True	PCDHA5	1	1
Q9Y5J1	109		False	UTP18	1	1
Q9Y5K6	412		False	CD2AP	1	1
Q9Y5K8	6	7.0	True	ATP6V1D	1	1
Q9Y5K8	13	7.0	True	ATP6V1D	1	1
Q9Y5L4	72		False	TIMM13	1	1
Q9Y5M8	109		False	SRPRB	1	1
Q9Y5N6	29	36.0	True	ORC6	1	1
Q9Y5N6	65	36.0	True	ORC6	1	1
Q9Y5P6	357		False	GMPPB	1	1
Q9Y5Q9	150	125.0	False	GTF3C3	1	1
Q9Y5Q9	275	125.0	False	GTF3C3	1	1
Q9Y5R2	8	20.0	True	MMP24	1	1
Q9Y5R2	28	20.0	True	MMP24	1	1
Q9Y5R6	52		False	DMRT1	1	1
Q9Y5R8	129		False	TRAPPC1	1	1
Q9Y5S2	671		False	CDC42BPB	3	3
Q9Y5S9	38	70.0	True	RBM8A	1	1
Q9Y5S9	108	1.0	True	RBM8A	1	1
Q9Y5S9	109	1.0	True	RBM8A	1	1
Q9Y5U2	139	81.0	True	TSSC4	1	1
Q9Y5U2	220	20.0	True	TSSC4	1	1
Q9Y5U2	240	20.0	True	TSSC4	2	2
Q9Y5U2	312	4.0	True	TSSC4	1	1
Q9Y5U2	316	4.0	True	TSSC4	1	1
Q9Y5V3	267	47.0	True	MAGED1	1	1
Q9Y5V3	314	47.0	True	MAGED1	1	1
Q9Y5V3	604	290.0	False	MAGED1	1	1
Q9Y5X1	191		False	SNX9	1	1
Q9Y5Y2	67	7.0	True	NUBP2	1	1
Q9Y5Y2	74	7.0	True	NUBP2	1	1
Q9Y5Z4	41		False	HEBP2	1	1
Q9Y608	8	318.0	False	LRRFIP2	1	1
Q9Y608	326	318.0	False	LRRFIP2	1	1
Q9Y613	1044		False	FHOD1	1	1
Q9Y617	5	40.0	True	PSAT1	1	1
Q9Y617	45	40.0	True	PSAT1	1	1
Q9Y617	97	52.0	True	PSAT1	1	1
Q9Y617	222	114.0	False	PSAT1	1	1
Q9Y617	336	114.0	False	PSAT1	1	1
Q9Y618	18	1208.0	False	NCOR2	1	1
Q9Y618	1226	126.0	False	NCOR2	1	1
Q9Y618	1352	126.0	False	NCOR2	1	1
Q9Y618	1556	7.0	True	NCOR2	1	1
Q9Y618	1563	5.0	True	NCOR2	1	1
Q9Y618	1568	5.0	True	NCOR2	1	1
Q9Y618	1616	9.0	True	NCOR2	1	1
Q9Y618	1625	9.0	True	NCOR2	1	1
Q9Y618	1639	14.0	True	NCOR2	1	1
Q9Y618	1653	14.0	True	NCOR2	3	3
Q9Y618	1671	11.0	True	NCOR2	1	1
Q9Y618	1682	11.0	True	NCOR2	1	1
Q9Y618	1706	5.0	True	NCOR2	1	1
Q9Y618	1711	5.0	True	NCOR2	2	2
Q9Y618	1716	5.0	True	NCOR2	1	1
Q9Y618	1729	13.0	True	NCOR2	1	1
Q9Y618	1757	28.0	True	NCOR2	1	1
Q9Y620	244		False	RAD54B	1	1
Q9Y623	1130		False	MYH4	1	1
Q9Y624	86		False	F11R	1	1
Q9Y651	147		False	SOX21	1	1
Q9Y657	117	5.0	True	SPIN1	1	1
Q9Y657	122	5.0	True	SPIN1	1	1
Q9Y664	38		False	KPTN	1	1
Q9Y678	85	219.0	False	COPG1	1	1
Q9Y678	304	55.0	True	COPG1	1	1
Q9Y678	359	55.0	True	COPG1	1	1
Q9Y678	488	129.0	False	COPG1	1	1
Q9Y692	285		False	GMEB1	1	1
Q9Y696	142	85.0	True	CLIC4	1	1
Q9Y696	227	85.0	True	CLIC4	1	1
Q9Y6A4	170		False	C16orf80	1	1
Q9Y6A5	193	1.0	True	TACC3	1	1
Q9Y6A5	194	1.0	True	TACC3	1	1
Q9Y6B7	206		False	AP4B1	1	1
Q9Y6D6	1380		False	ARFGEF1	1	1
Q9Y6G9	111	300.0	False	DYNC1LI1	1	1
Q9Y6G9	411	90.0	True	DYNC1LI1	1	1
Q9Y6G9	501	3.0	True	DYNC1LI1	1	1
Q9Y6G9	504	3.0	True	DYNC1LI1	1	1
Q9Y6H1	27		False	CHCHD2	1	1
Q9Y6I3	534		False	EPN1	1	1
Q9Y6J0	1831	11.0	True	CABIN1	1	1
Q9Y6J0	1842	11.0	True	CABIN1	1	1
Q9Y6J9	381	6.0	True	TAF6L	1	1
Q9Y6J9	387	6.0	True	TAF6L	1	1
Q9Y6J9	555	6.0	True	TAF6L	3	3
Q9Y6J9	561	6.0	True	TAF6L	3	3
Q9Y6J9	567	6.0	True	TAF6L	1	1
Q9Y6J9	593	26.0	True	TAF6L	2	2
Q9Y6K1	23	148.0	False	DNMT3A	1	1
Q9Y6K1	171	148.0	False	DNMT3A	1	1
Q9Y6K5	65	313.0	False	OAS3	1	1
Q9Y6K5	378	86.0	True	OAS3	1	1
Q9Y6K5	464	86.0	True	OAS3	1	1
Q9Y6K5	963	499.0	False	OAS3	1	1
Q9Y6L7	29		False	TLL2	1	1
Q9Y6N5	61		False	SQRDL	1	1
Q9Y6N6	1351		False	LAMC3	1	1
Q9Y6N7	1237		False	ROBO1	1	1
Q9Y6Q9	849	102.0	False	NCOA3	2	2
Q9Y6Q9	951	13.0	True	NCOA3	1	1
Q9Y6Q9	964	13.0	True	NCOA3	1	1
Q9Y6Q9	1163	8.0	True	NCOA3	1	1
Q9Y6Q9	1171	6.0	True	NCOA3	3	3
Q9Y6Q9	1177	6.0	True	NCOA3	3	3
Q9Y6Q9	1188	11.0	True	NCOA3	3	3
Q9Y6R0	307		False	NUMBL	1	1
Q9Y6R9	98	5.0	True	CCDC61	1	1
Q9Y6R9	103	5.0	True	CCDC61	1	1
Q9Y6R9	308	2.0	True	CCDC61	1	1
Q9Y6R9	310	2.0	True	CCDC61	1	1
Q9Y6V7	310	154.0	False	DDX49	1	1
Q9Y6V7	464	3.0	True	DDX49	1	1
Q9Y6V7	467	3.0	True	DDX49	1	1
Q9Y6W5	437		False	WASF2	1	1
Q9Y6X1	21		False	SERP1	1	1
Q9Y6X9	54		False	MORC2	1	1
Q9Y6Y1	665		False	CAMTA1	1	1
Q9Y6Y8	184	142.0	False	SEC23IP	1	1
Q9Y6Y8	326	142.0	False	SEC23IP	1	1
