canonical_UniProtAC	gene	position	ip	accession	treatment_count	treatments	peptide_rows_total	sequence_window	sequence_validated	me1_row_fraction	me2_row_fraction	site_key
A0AV96	RBM47	332	MMA	A0AV96	2	GSK591;MS023	2	SRYQKAARGGGAAEA	True	1.0	0.0	A0AV96:332
A0AV96	RBM47	379	ADMA	A0AV96	2	GSK591;MS023	2	FVKAGSIRGRGRGAA	True	0.0	1.0	A0AV96:379
A0AV96	RBM47	381	ADMA	A0AV96	2	GSK591;MS023	2	KAGSIRGRGRGAAGN	True	0.0	1.0	A0AV96:381
A0AV96	RBM47	383	ADMA	A0AV96	2	GSK591;MS023	2	GSIRGRGRGAAGNRA	True	0.0	1.0	A0AV96:383
A0AV96	RBM47	394	ADMA	A0AV96	2	GSK591;MS023	10	GNRAPGPRGSYLGGY	True	0.0	1.0	A0AV96:394
A0AV96	RBM47	394	MMA	A0AV96	2	GSK591;MS023	4	GNRAPGPRGSYLGGY	True	0.0	1.0	A0AV96:394
A0AV96	RBM47	405	ADMA	A0AV96	2	GSK591;MS023	8	LGGYSAGRGIYSRYH	True	0.5	0.5	A0AV96:405
A0AV96	RBM47	405	MMA	A0AV96	2	GSK591;MS023	4	LGGYSAGRGIYSRYH	True	0.5	0.5	A0AV96:405
A1L390	PLEKHG3	1107	MMA	A1L390	2	GSK591;MS023	2	SLSTKRGRGGGEAAQ	True	1.0	0.0	A1L390:1107
A1L390	PLEKHG3	1107	SDMA	A1L390	2	GSK591;MS023	2	SLSTKRGRGGGEAAQ	True	1.0	0.0	A1L390:1107
A8MU76	LOC729159	331	MMA	A8MU76	2	GSK591;MS023	2		False	1.0	0.0	A8MU76:331
A8MU76	LOC729159	331	SDMA	A8MU76	2	GSK591;MS023	2		False	1.0	0.0	A8MU76:331
A8MU76	LOC729159	332	MMA	A8MU76	2	GSK591;MS023	2		False	1.0	0.0	A8MU76:332
A8MU76	LOC729159	332	SDMA	A8MU76	2	GSK591;MS023	2		False	1.0	0.0	A8MU76:332
A8MU76	LOC729159	335	MMA	A8MU76	2	GSK591;MS023	2		False	0.0	1.0	A8MU76:335
A8MU76	LOC729159	335	SDMA	A8MU76	2	GSK591;MS023	2		False	0.0	1.0	A8MU76:335
A8MU76	LOC729159	336	MMA	A8MU76	2	GSK591;MS023	2		False	0.0	1.0	A8MU76:336
A8MU76	LOC729159	336	SDMA	A8MU76	2	GSK591;MS023	2		False	0.0	1.0	A8MU76:336
B5ME19	EIF3CL	902	MMA	B5ME19	2	GSK591;MS023	2	KNEGYMRRGGYRQQQ	True	1.0	0.0	B5ME19:902
O00267	SUPT5H	681	MMA	O00267	2	GSK591;MS023	4	HPSAGGQRGGFGSPG	True	1.0	0.0	O00267:681
O00571	DDX3X	88	MMA	O00571	2	GSK591;MS023	6	KSSFFSDRGSGSRGR	True	1.0	0.0	O00571:88
O00571	DDX3X	93	MMA	O00571	2	GSK591;MS023	6	SDRGSGSRGRFDDRG	True	0.3333333333333333	0.6666666666666666	O00571:93
O14598	VCY; VCY1B	46	ADMA	O14598	2	GSK591;MS023	2	AEKGEAVRGGRRGKK	True	1.0	0.0	O14598:46
O14598	VCY; VCY1B	46	MMA	O14598	2	GSK591;MS023	2	AEKGEAVRGGRRGKK	True	1.0	0.0	O14598:46
O14686	KMT2D; MLL2	3727	ADMA	O14686	2	GSK591;MS023	2	QLQLQQQRMQLAQKL	True	0.0	1.0	O14686:3727
O14686	KMT2D; MLL2	3727	SDMA	O14686	2	GSK591;MS023	2	QLQLQQQRMQLAQKL	True	0.0	1.0	O14686:3727
O14979	HNRNPDL; HNRPDL	325	MMA	O14979	2	GSK591;MS023	2	QQQQKGGRGAAAGGR	True	1.0	0.0	O14979:325
O14979	HNRNPDL; HNRPDL	332	MMA	O14979	2	GSK591;MS023	8	RGAAAGGRGGTRGRG	True	0.75	0.25	O14979:332
O14979	HNRNPDL; HNRPDL	336	MMA	O14979	2	GSK591;MS023	6	AGGRGGTRGRGRGQG	True	0.3333333333333333	0.6666666666666666	O14979:336
O14979	HNRNPDL; HNRPDL	338	MMA	O14979	2	GSK591;MS023	8	GRGGTRGRGRGQGQN	True	0.5	0.5	O14979:338
O14979	HNRNPDL; HNRPDL	408	ADMA	O14979	2	GSK591;MS023	2	STYGKASRGGGNHQN	True	1.0	0.0	O14979:408
O14979	HNRNPDL; HNRPDL	408	MMA	O14979	2	GSK591;MS023	2	STYGKASRGGGNHQN	True	1.0	0.0	O14979:408
O15156	ZBTB7B	199	ADMA	O15156	2	GSK591;MS023	2	PPPRPVARRSRKPRK	True	0.0	1.0	O15156:199
O15156	ZBTB7B	199	MMA	O15156	2	GSK591;MS023	2	PPPRPVARRSRKPRK	True	0.0	1.0	O15156:199
O15156	ZBTB7B	199	SDMA	O15156	2	GSK591;MS023	2	PPPRPVARRSRKPRK	True	0.0	1.0	O15156:199
O15156	ZBTB7B	200	ADMA	O15156	2	GSK591;MS023	4	PPRPVARRSRKPRKA	True	0.5	0.5	O15156:200
O15156	ZBTB7B	200	MMA	O15156	2	GSK591;MS023	4	PPRPVARRSRKPRKA	True	0.5	0.5	O15156:200
O15156	ZBTB7B	200	SDMA	O15156	2	GSK591;MS023	4	PPRPVARRSRKPRKA	True	0.5	0.5	O15156:200
O15156	ZBTB7B	202	ADMA	O15156	2	GSK591;MS023	4	RPVARRSRKPRKAFL	True	0.5	0.5	O15156:202
O15156	ZBTB7B	202	MMA	O15156	2	GSK591;MS023	4	RPVARRSRKPRKAFL	True	0.5	0.5	O15156:202
O15156	ZBTB7B	202	SDMA	O15156	2	GSK591;MS023	4	RPVARRSRKPRKAFL	True	0.5	0.5	O15156:202
O15156	ZBTB7B	205	ADMA	O15156	2	GSK591;MS023	8	ARRSRKPRKAFLQTK	True	1.0	0.0	O15156:205
O15156	ZBTB7B	205	MMA	O15156	2	GSK591;MS023	8	ARRSRKPRKAFLQTK	True	1.0	0.0	O15156:205
O15156	ZBTB7B	205	SDMA	O15156	2	GSK591;MS023	8	ARRSRKPRKAFLQTK	True	1.0	0.0	O15156:205
O15357	INPPL1	1080	MMA	O15357	2	GSK591;MS023	2	PGPVVRGRGGAEARG	True	1.0	0.0	O15357:1080
O15357	INPPL1	1080	SDMA	O15357	2	GSK591;MS023	2	PGPVVRGRGGAEARG	True	1.0	0.0	O15357:1080
O15371	EIF3D	95	ADMA	O15371	2	GSK591;MS023	2	TQKTAYQRNRMRFAQ	True	0.0	1.0	O15371:95
O15371	EIF3D	97	ADMA	O15371	2	GSK591;MS023	4	KTAYQRNRMRFAQRN	True	0.0	1.0	O15371:97
O15371	EIF3D	99	ADMA	O15371	2	GSK591;MS023	2	AYQRNRMRFAQRNLR	True	0.0	1.0	O15371:99
O15371	EIF3D	103	ADMA	O15371	2	GSK591;MS023	2	NRMRFAQRNLRRDKD	True	0.0	1.0	O15371:103
O15523	DDX3Y	78	MMA	O15523	2	GSK591;MS023	4	SFGSRDSRGKPGYFS	True	0.5	0.5	O15523:78
O15523	DDX3Y	87	MMA	O15523	2	GSK591;MS023	4	KPGYFSERGSGSRGR	True	1.0	0.0	O15523:87
O15523	DDX3Y	92	MMA	O15523	2	GSK591;MS023	2	SERGSGSRGRFDDRG	True	1.0	0.0	O15523:92
O15523	DDX3Y	615	MMA	O15523	2	GSK591;MS023	2	SSGFGASRGSSSRSG	True	1.0	0.0	O15523:615
O43237	DYNC1LI2	386	MMA	O43237	2	GSK591;MS023	2	RASESPARGPSGSPR	True	1.0	0.0	O43237:386
O43237	DYNC1LI2	386	SDMA	O43237	2	GSK591;MS023	2	RASESPARGPSGSPR	True	1.0	0.0	O43237:386
O43237	DYNC1LI2	393	MMA	O43237	2	GSK591;MS023	2	RGPSGSPRTQGRGGP	True	1.0	0.0	O43237:393
O43237	DYNC1LI2	393	SDMA	O43237	2	GSK591;MS023	2	RGPSGSPRTQGRGGP	True	1.0	0.0	O43237:393
O43237	DYNC1LI2	397	MMA	O43237	2	GSK591;MS023	8	GSPRTQGRGGPASVP	True	1.0	0.0	O43237:397
O43237	DYNC1LI2	397	SDMA	O43237	2	GSK591;MS023	2	GSPRTQGRGGPASVP	True	1.0	0.0	O43237:397
O43251	RBFOX2	381	MMA	O43251	2	GSK591;MS023	2	GAVASLYRGGYSRFA	True	1.0	0.0	O43251:381
O43719	HTATSF1	383	MMA	O43719	2	GSK591;MS023	2	PEANRGLRRSDSVSA	True	1.0	0.0	O43719:383
O43719	HTATSF1	384	MMA	O43719	2	GSK591;MS023	2	EANRGLRRSDSVSAS	True	1.0	0.0	O43719:384
O43809	NUDT21	15	MMA	O43809	2	GSK591;MS023	2	RSQTGWPRGVTQFGN	True	1.0	0.0	O43809:15
O43823	AKAP8	109	MMA	O43823	2	GSK591;MS023	2	MMSKEGGRGGSGGGG	True	1.0	0.0	O43823:109
O60293	ZFC3H1	95	ADMA	O60293	2	GSK591;MS023	10	RSRHASERGHLRGPS	True	0.0	1.0	O60293:95
O60293	ZFC3H1	99	ADMA	O60293	2	GSK591;MS023	8	ASERGHLRGPSSYRP	True	0.0	1.0	O60293:99
O60506	SYNCRIP	526	MMA	O60506	2	GSK591;MS023	2	GRAGYSQRGGPGSAR	True	1.0	0.0	O60506:526
O75306	NDUFS2	118	MMA	O75306	2	GSK591;MS023	2	PHIGLLHRGTEKLIE	True	0.0	1.0	O75306:118
O75385	ULK1	529	MMA	O75385	2	GSK591;MS023	2	SPQGAEMRGGRSPRP	True	1.0	0.0	O75385:529
O75420	GIGYF1	267	MMA	O75420	2	GSK591;MS023	2	GCGEEEGRGGGGSSH	True	1.0	0.0	O75420:267
O75528	TADA3	396	ADMA	O75528	2	GSK591;MS023	4	NEVMDAFRKIMAARQ	True	0.0	1.0	O75528:396
O75528	TADA3	396	MMA	O75528	2	GSK591;MS023	4	NEVMDAFRKIMAARQ	True	0.0	1.0	O75528:396
O75528	TADA3	396	SDMA	O75528	2	GSK591;MS023	4	NEVMDAFRKIMAARQ	True	0.0	1.0	O75528:396
O75528	TADA3	406	ADMA	O75528	2	GSK591;MS023	4	MAARQKKRTPTKKEK	True	0.0	1.0	O75528:406
O75528	TADA3	406	MMA	O75528	2	GSK591;MS023	4	MAARQKKRTPTKKEK	True	0.0	1.0	O75528:406
O75528	TADA3	406	SDMA	O75528	2	GSK591;MS023	4	MAARQKKRTPTKKEK	True	0.0	1.0	O75528:406
O75970	MPDZ	1183	ADMA	O75970	2	GSK591;MS023	2	LSNGEVMRGIFIKHV	True	0.0	1.0	O75970:1183
O75970	MPDZ	1183	MMA	O75970	2	GSK591;MS023	2	LSNGEVMRGIFIKHV	True	0.0	1.0	O75970:1183
O75970	MPDZ	1183	SDMA	O75970	2	GSK591;MS023	2	LSNGEVMRGIFIKHV	True	0.0	1.0	O75970:1183
O94842	TOX4	481	ADMA	O94842	2	GSK591;MS023	2	QPPPQKVRINLQQQP	True	0.0	1.0	O94842:481
O94874	UFL1	433	MMA	O94874	2	GSK591;MS023	4	TEGSGSMRGGGGGNA	True	1.0	0.0	O94874:433
O94874	UFL1	433	SDMA	O94874	2	GSK591;MS023	2	TEGSGSMRGGGGGNA	True	1.0	0.0	O94874:433
O94913	PCF11	864	ADMA	O94913	2	GSK591;MS023	2	EGSPGGLRFEGPGGQ	True	0.0	1.0	O94913:864
O94913	PCF11	864	MMA	O94913	2	GSK591;MS023	2	EGSPGGLRFEGPGGQ	True	0.0	1.0	O94913:864
O94913	PCF11	877	ADMA	O94913	2	GSK591;MS023	2	GQPVGGLRFEGHRGQ	True	1.0	0.0	O94913:877
O94913	PCF11	877	MMA	O94913	2	GSK591;MS023	2	GQPVGGLRFEGHRGQ	True	1.0	0.0	O94913:877
O94913	PCF11	929	ADMA	O94913	2	GSK591;MS023	2	GPSGAAIRFDGPHGQ	True	0.0	1.0	O94913:929
O94913	PCF11	942	ADMA	O94913	2	GSK591;MS023	2	GQPGGGIRFEGPLLQ	True	0.0	1.0	O94913:942
O94913	PCF11	955	ADMA	O94913	2	GSK591;MS023	2	LQQGVGMRFEGPHGQ	True	0.0	1.0	O94913:955
O94913	PCF11	955	MMA	O94913	2	GSK591;MS023	2	LQQGVGMRFEGPHGQ	True	0.0	1.0	O94913:955
O94913	PCF11	968	ADMA	O94913	2	GSK591;MS023	2	GQSVAGLRFEGQHNQ	True	1.0	0.0	O94913:968
O94913	PCF11	968	MMA	O94913	2	GSK591;MS023	2	GQSVAGLRFEGQHNQ	True	1.0	0.0	O94913:968
O94913	PCF11	1038	ADMA	O94913	2	GSK591;MS023	4	FEGCHALRFDGQPGQ	True	0.5	0.5	O94913:1038
O94913	PCF11	1038	MMA	O94913	2	GSK591;MS023	2	FEGCHALRFDGQPGQ	True	1.0	0.0	O94913:1038
O94913	PCF11	1038	SDMA	O94913	2	GSK591;MS023	2	FEGCHALRFDGQPGQ	True	0.0	1.0	O94913:1038
O94913	PCF11	1051	ADMA	O94913	2	GSK591;MS023	8	GQPSLLPRFDGLHGQ	True	0.0	1.0	O94913:1051
O94913	PCF11	1051	MMA	O94913	2	GSK591;MS023	4	GQPSLLPRFDGLHGQ	True	0.0	1.0	O94913:1051
O94913	PCF11	1051	SDMA	O94913	2	GSK591;MS023	2	GQPSLLPRFDGLHGQ	True	0.0	1.0	O94913:1051
O94913	PCF11	1062	ADMA	O94913	2	GSK591;MS023	8	LHGQPGPRFERTPGQ	True	0.0	1.0	O94913:1062
O94913	PCF11	1062	MMA	O94913	2	GSK591;MS023	4	LHGQPGPRFERTPGQ	True	0.0	1.0	O94913:1062
O94913	PCF11	1062	SDMA	O94913	2	GSK591;MS023	2	LHGQPGPRFERTPGQ	True	0.0	1.0	O94913:1062
O95793	STAU1	108	MMA	O95793	2	GSK591;MS023	2	STYNYNMRGGAYPPR	True	1.0	0.0	O95793:108
O95810	SDPR; CAVIN2	299	ADMA	O95810	2	GSK591;MS023	2	VSPLTFGRKKVREGE	True	0.0	1.0	O95810:299
O96013	PAK4	126	MMA	O96013	2	GSK591;MS023	8	EEPATTARGGPGKAG	True	1.0	0.0	O96013:126
O96013	PAK4	135	ADMA	O96013	2	GSK591;MS023	2	GPGKAGSRGRFAGHS	True	0.0	1.0	O96013:135
O96013	PAK4	135	MMA	O96013	2	GSK591;MS023	4	GPGKAGSRGRFAGHS	True	0.0	1.0	O96013:135
P04406	GAPDH	118	SDMA	P04406	2	GSK591;MS023	2	HLQGGAKRVIISAPS	True	1.0	0.0	P04406:118
P05423	POLR3D	95	MMA	P05423	2	GSK591;MS023	4	RQREGHGRGRGRPEV	True	0.5	0.5	P05423:95
P05423	POLR3D	95	SDMA	P05423	2	GSK591;MS023	4	RQREGHGRGRGRPEV	True	0.5	0.5	P05423:95
P05423	POLR3D	97	MMA	P05423	2	GSK591;MS023	4	REGHGRGRGRPEVIQ	True	0.5	0.5	P05423:97
P05423	POLR3D	97	SDMA	P05423	2	GSK591;MS023	4	REGHGRGRGRPEVIQ	True	0.5	0.5	P05423:97
P05783	KRT18	14	MMA	P05783	2	GSK591;MS023	2	STFSTNYRSLGSVQA	True	1.0	0.0	P05783:14
P05783	KRT18	45	ADMA	P05783	2	GSK591;MS023	2	GAGGSGSRISVSRST	True	0.0	1.0	P05783:45
P05783	KRT18	45	MMA	P05783	2	GSK591;MS023	4	GAGGSGSRISVSRST	True	0.5	0.5	P05783:45
P05783	KRT18	50	MMA	P05783	2	GSK591;MS023	2	GSRISVSRSTSFRGG	True	1.0	0.0	P05783:50
P05783	KRT18	55	MMA	P05783	2	GSK591;MS023	6	VSRSTSFRGGMGSGG	True	1.0	0.0	P05783:55
P05783	KRT18	429	ADMA	P05783	2	GSK591;MS023	2	TNDTKVLRH______	True	1.0	0.0	P05783:429
P05783	KRT18	429	SDMA	P05783	2	GSK591;MS023	2	TNDTKVLRH______	True	1.0	0.0	P05783:429
P05787	KRT8	133	SDMA	P05787	2	GSK591;MS023	2	LQQQKTARSNMDNMF	True	1.0	0.0	P05787:133
P06733	ENO1	56	ADMA	P06733	2	GSK591;MS023	2	LRDNDKTRYMGKGVS	True	1.0	0.0	P06733:56
P06733	ENO1	56	MMA	P06733	2	GSK591;MS023	2	LRDNDKTRYMGKGVS	True	1.0	0.0	P06733:56
P06733	ENO1	56	SDMA	P06733	2	GSK591;MS023	2	LRDNDKTRYMGKGVS	True	1.0	0.0	P06733:56
P07900	HSP90AA1	345	ADMA	P07900	2	GSK591;MS023	2	RALLFVPRRAPFDLF	True	1.0	0.0	P07900:345
P07900	HSP90AA1	345	MMA	P07900	2	GSK591;MS023	2	RALLFVPRRAPFDLF	True	1.0	0.0	P07900:345
P07900	HSP90AA1	345	SDMA	P07900	2	GSK591;MS023	2	RALLFVPRRAPFDLF	True	1.0	0.0	P07900:345
P08621	SNRNP70	201	MMA	P08621	2	GSK591;MS023	2	GGLGGTRRGGADVNI	True	1.0	0.0	P08621:201
P08727	KRT19	43	MMA	P08727	2	GSK591;MS023	4	IHGGSGGRGVSVSSA	True	1.0	0.0	P08727:43
P08727	KRT19	51	MMA	P08727	2	GSK591;MS023	2	GVSVSSARFVSSSSS	True	1.0	0.0	P08727:51
P08729	KRT7	13	ADMA	P08729	2	GSK591;MS023	2	SSPVFTSRSAAFSGR	True	1.0	0.0	P08729:13
P08729	KRT7	13	MMA	P08729	2	GSK591;MS023	2	SSPVFTSRSAAFSGR	True	1.0	0.0	P08729:13
P08729	KRT7	20	ADMA	P08729	2	GSK591;MS023	6	RSAAFSGRGAQVRLS	True	0.6666666666666666	0.3333333333333333	P08729:20
P08729	KRT7	20	MMA	P08729	2	GSK591;MS023	8	RSAAFSGRGAQVRLS	True	0.5	0.5	P08729:20
P08729	KRT7	20	SDMA	P08729	2	GSK591;MS023	4	RSAAFSGRGAQVRLS	True	0.5	0.5	P08729:20
P08729	KRT7	25	ADMA	P08729	2	GSK591;MS023	2	SGRGAQVRLSSARPG	True	1.0	0.0	P08729:25
P08729	KRT7	25	MMA	P08729	2	GSK591;MS023	6	SGRGAQVRLSSARPG	True	1.0	0.0	P08729:25
P08729	KRT7	25	SDMA	P08729	2	GSK591;MS023	2	SGRGAQVRLSSARPG	True	1.0	0.0	P08729:25
P08729	KRT7	46	MMA	P08729	2	GSK591;MS023	4	LYGLGASRPRVAVRS	True	1.0	0.0	P08729:46
P08729	KRT7	48	MMA	P08729	2	GSK591;MS023	4	GLGASRPRVAVRSAY	True	1.0	0.0	P08729:48
P09651	HNRNPA1	194	MMA	P09651	2	GSK591;MS023	4	ASASSSQRGRSGSGN	True	1.0	0.0	P09651:194
P09651	HNRNPA1	194	SDMA	P09651	2	GSK591;MS023	4	ASASSSQRGRSGSGN	True	1.0	0.0	P09651:194
P09651	HNRNPA1	206	ADMA	P09651	2	GSK591;MS023	12	SGNFGGGRGGGFGGN	True	0.5	0.5	P09651:206
P09651	HNRNPA1	206	MMA	P09651	2	GSK591;MS023	28	SGNFGGGRGGGFGGN	True	0.5	0.5	P09651:206
P09651	HNRNPA1	206	SDMA	P09651	2	GSK591;MS023	20	SGNFGGGRGGGFGGN	True	0.4	0.6	P09651:206
P09651	HNRNPA1	218	ADMA	P09651	2	GSK591;MS023	14	GGNDNFGRGGNFSGR	True	0.5714285714285714	0.42857142857142855	P09651:218
P09651	HNRNPA1	218	MMA	P09651	2	GSK591;MS023	30	GGNDNFGRGGNFSGR	True	0.6666666666666666	0.3333333333333333	P09651:218
P09651	HNRNPA1	218	SDMA	P09651	2	GSK591;MS023	16	GGNDNFGRGGNFSGR	True	0.625	0.375	P09651:218
P09651	HNRNPA1	225	ADMA	P09651	2	GSK591;MS023	16	RGGNFSGRGGFGGSR	True	0.25	0.75	P09651:225
P09651	HNRNPA1	225	MMA	P09651	2	GSK591;MS023	30	RGGNFSGRGGFGGSR	True	0.4	0.6	P09651:225
P09651	HNRNPA1	225	SDMA	P09651	2	GSK591;MS023	16	RGGNFSGRGGFGGSR	True	0.25	0.75	P09651:225
P09651	HNRNPA1	232	ADMA	P09651	2	GSK591;MS023	4	RGGFGGSRGGGGYGG	True	0.5	0.5	P09651:232
P09651	HNRNPA1	232	MMA	P09651	2	GSK591;MS023	6	RGGFGGSRGGGGYGG	True	0.6666666666666666	0.3333333333333333	P09651:232
P09651	HNRNPA1	232	SDMA	P09651	2	GSK591;MS023	4	RGGFGGSRGGGGYGG	True	0.5	0.5	P09651:232
P09651	HNRNPA1	336	MMA	P09651	2	GSK591;MS023	2	KGGNFGGRSSGPYGG	True	1.0	0.0	P09651:336
P0CG12	CHTF8	5	ADMA	P0CG12	2	GSK591;MS023	2	___MKEPRIFPRERP	True	0.0	1.0	P0CG12:5
P0CG12	CHTF8	17	ADMA	P0CG12	2	GSK591;MS023	2	ERPTPWTRAPLPPRG	True	0.0	1.0	P0CG12:17
P0DMV9	HSPA1B; HSPA1A	469	MMA	P0DMV9	2	GSK591;MS023	2	SGIPPAPRGVPQIEV	True	1.0	0.0	P0DMV9:469
P10070	GLI2	910	ADMA	P10070	2	GSK591;MS023	2	TPLPGLERMSLRTRL	True	0.0	1.0	P10070:910
P10070	GLI2	916	ADMA	P10070	2	GSK591;MS023	2	ERMSLRTRLALLDAP	True	0.0	1.0	P10070:916
P11142	HSPA8	469	ADMA	P11142	2	GSK591;MS023	2	TGIPPAPRGVPQIEV	True	1.0	0.0	P11142:469
P11142	HSPA8	469	MMA	P11142	2	GSK591;MS023	4	TGIPPAPRGVPQIEV	True	1.0	0.0	P11142:469
P11142	HSPA8	469	SDMA	P11142	2	GSK591;MS023	2	TGIPPAPRGVPQIEV	True	1.0	0.0	P11142:469
P12270	TPR	2343	ADMA	P12270	2	GSK591;MS023	2	VRGRQFNRQRGVSHA	True	0.0	1.0	P12270:2343
P12270	TPR	2343	MMA	P12270	2	GSK591;MS023	2	VRGRQFNRQRGVSHA	True	0.0	1.0	P12270:2343
P12270	TPR	2343	SDMA	P12270	2	GSK591;MS023	2	VRGRQFNRQRGVSHA	True	0.0	1.0	P12270:2343
P12270	TPR	2345	ADMA	P12270	2	GSK591;MS023	6	GRQFNRQRGVSHAMG	True	0.0	1.0	P12270:2345
P12270	TPR	2345	MMA	P12270	2	GSK591;MS023	2	GRQFNRQRGVSHAMG	True	0.0	1.0	P12270:2345
P12270	TPR	2345	SDMA	P12270	2	GSK591;MS023	2	GRQFNRQRGVSHAMG	True	0.0	1.0	P12270:2345
P12270	TPR	2354	ADMA	P12270	2	GSK591;MS023	6	VSHAMGGRGGINRGN	True	0.0	1.0	P12270:2354
P12270	TPR	2354	MMA	P12270	2	GSK591;MS023	2	VSHAMGGRGGINRGN	True	0.0	1.0	P12270:2354
P12270	TPR	2354	SDMA	P12270	2	GSK591;MS023	2	VSHAMGGRGGINRGN	True	0.0	1.0	P12270:2354
P14678	SNRPB	108	SDMA	P14678	2	GSK591;MS023	2	AGGPGIGRAAGRGIP	True	0.0	1.0	P14678:108
P14678	SNRPB	112	MMA	P14678	2	GSK591;MS023	12	GIGRAAGRGIPAGVP	True	0.6666666666666666	0.3333333333333333	P14678:112
P14678	SNRPB	112	SDMA	P14678	2	GSK591;MS023	12	GIGRAAGRGIPAGVP	True	0.5	0.5	P14678:112
P14678	SNRPB	132	MMA	P14678	2	GSK591;MS023	4	AGLAGPVRGVGGPSQ	True	1.0	0.0	P14678:132
P14678	SNRPB	132	SDMA	P14678	2	GSK591;MS023	4	AGLAGPVRGVGGPSQ	True	1.0	0.0	P14678:132
P15880	RPS2	42	ADMA	P15880	2	GSK591;MS023	2	GRGRGRGRGRGRGRG	True	0.0	1.0	P15880:42
P15880	RPS2	42	SDMA	P15880	2	GSK591;MS023	2	GRGRGRGRGRGRGRG	True	0.0	1.0	P15880:42
P15880	RPS2	44	ADMA	P15880	2	GSK591;MS023	2	GRGRGRGRGRGRGAR	True	0.0	1.0	P15880:44
P15880	RPS2	44	SDMA	P15880	2	GSK591;MS023	2	GRGRGRGRGRGRGAR	True	0.0	1.0	P15880:44
P15880	RPS2	46	ADMA	P15880	2	GSK591;MS023	2	GRGRGRGRGRGARGG	True	0.0	1.0	P15880:46
P15880	RPS2	46	SDMA	P15880	2	GSK591;MS023	2	GRGRGRGRGRGARGG	True	0.0	1.0	P15880:46
P15880	RPS2	48	ADMA	P15880	2	GSK591;MS023	2	GRGRGRGRGARGGKA	True	0.0	1.0	P15880:48
P15880	RPS2	48	SDMA	P15880	2	GSK591;MS023	2	GRGRGRGRGARGGKA	True	0.0	1.0	P15880:48
P15880	RPS2	51	ADMA	P15880	2	GSK591;MS023	2	RGRGRGARGGKAEDK	True	1.0	0.0	P15880:51
P15880	RPS2	51	SDMA	P15880	2	GSK591;MS023	2	RGRGRGARGGKAEDK	True	1.0	0.0	P15880:51
P16989	CSDA; YBX3	174	MMA	P16989	2	GSK591;MS023	2	GSRYAADRRRYRRGY	True	1.0	0.0	P16989:174
P16989	CSDA; YBX3	283	ADMA	P16989	2	GSK591;MS023	8	QLQGPVHRNPTYRPR	True	1.0	0.0	P16989:283
P16989	CSDA; YBX3	288	ADMA	P16989	2	GSK591;MS023	64	VHRNPTYRPRYRSRG	True	0.0625	0.9375	P16989:288
P16989	CSDA; YBX3	288	MMA	P16989	2	GSK591;MS023	24	VHRNPTYRPRYRSRG	True	0.16666666666666666	0.8333333333333334	P16989:288
P16989	CSDA; YBX3	288	SDMA	P16989	2	GSK591;MS023	10	VHRNPTYRPRYRSRG	True	0.0	1.0	P16989:288
P16989	CSDA; YBX3	290	ADMA	P16989	2	GSK591;MS023	58	RNPTYRPRYRSRGPP	True	0.034482758620689655	0.9655172413793104	P16989:290
P16989	CSDA; YBX3	290	MMA	P16989	2	GSK591;MS023	18	RNPTYRPRYRSRGPP	True	0.1111111111111111	0.8888888888888888	P16989:290
P16989	CSDA; YBX3	290	SDMA	P16989	2	GSK591;MS023	10	RNPTYRPRYRSRGPP	True	0.0	1.0	P16989:290
P16989	CSDA; YBX3	292	ADMA	P16989	2	GSK591;MS023	34	PTYRPRYRSRGPPRP	True	0.17647058823529413	0.8235294117647058	P16989:292
P16989	CSDA; YBX3	292	MMA	P16989	2	GSK591;MS023	6	PTYRPRYRSRGPPRP	True	0.6666666666666666	0.3333333333333333	P16989:292
P16989	CSDA; YBX3	292	SDMA	P16989	2	GSK591;MS023	4	PTYRPRYRSRGPPRP	True	0.0	1.0	P16989:292
P16989	CSDA; YBX3	294	ADMA	P16989	2	GSK591;MS023	24	YRPRYRSRGPPRPRP	True	0.5833333333333334	0.4166666666666667	P16989:294
P16989	CSDA; YBX3	294	MMA	P16989	2	GSK591;MS023	12	YRPRYRSRGPPRPRP	True	1.0	0.0	P16989:294
P16989	CSDA; YBX3	294	SDMA	P16989	2	GSK591;MS023	2	YRPRYRSRGPPRPRP	True	0.0	1.0	P16989:294
P16989	CSDA; YBX3	298	ADMA	P16989	2	GSK591;MS023	10	YRSRGPPRPRPAPAV	True	0.2	0.8	P16989:298
P16989	CSDA; YBX3	298	MMA	P16989	2	GSK591;MS023	2	YRSRGPPRPRPAPAV	True	1.0	0.0	P16989:298
P16989	CSDA; YBX3	298	SDMA	P16989	2	GSK591;MS023	2	YRSRGPPRPRPAPAV	True	0.0	1.0	P16989:298
P16989	CSDA; YBX3	300	ADMA	P16989	2	GSK591;MS023	14	SRGPPRPRPAPAVGE	True	0.42857142857142855	0.5714285714285714	P16989:300
P16989	CSDA; YBX3	300	MMA	P16989	2	GSK591;MS023	10	SRGPPRPRPAPAVGE	True	0.8	0.2	P16989:300
P16989	CSDA; YBX3	300	SDMA	P16989	2	GSK591;MS023	2	SRGPPRPRPAPAVGE	True	0.0	1.0	P16989:300
P16989	CSDA; YBX3	326	ADMA	P16989	2	GSK591;MS023	2	GPNQPSVRRGYRRPY	True	0.0	1.0	P16989:326
P16989	CSDA; YBX3	326	MMA	P16989	2	GSK591;MS023	4	GPNQPSVRRGYRRPY	True	1.0	0.0	P16989:326
P16989	CSDA; YBX3	327	ADMA	P16989	2	GSK591;MS023	2	PNQPSVRRGYRRPYN	True	0.0	1.0	P16989:327
P16989	CSDA; YBX3	327	MMA	P16989	2	GSK591;MS023	8	PNQPSVRRGYRRPYN	True	0.0	1.0	P16989:327
P16989	CSDA; YBX3	330	ADMA	P16989	2	GSK591;MS023	2	PSVRRGYRRPYNYRR	True	0.0	1.0	P16989:330
P16989	CSDA; YBX3	331	ADMA	P16989	2	GSK591;MS023	2	SVRRGYRRPYNYRRR	True	0.0	1.0	P16989:331
P16989	CSDA; YBX3	331	MMA	P16989	2	GSK591;MS023	8	SVRRGYRRPYNYRRR	True	0.5	0.5	P16989:331
P16989	CSDA; YBX3	336	ADMA	P16989	2	GSK591;MS023	2	YRRPYNYRRRPRPPN	True	0.0	1.0	P16989:336
P16989	CSDA; YBX3	337	ADMA	P16989	2	GSK591;MS023	2	RRPYNYRRRPRPPNA	True	1.0	0.0	P16989:337
P16989	CSDA; YBX3	337	MMA	P16989	2	GSK591;MS023	4	RRPYNYRRRPRPPNA	True	0.5	0.5	P16989:337
P16989	CSDA; YBX3	338	MMA	P16989	2	GSK591;MS023	4	RPYNYRRRPRPPNAP	True	1.0	0.0	P16989:338
P16989	CSDA; YBX3	340	ADMA	P16989	2	GSK591;MS023	2	YNYRRRPRPPNAPSQ	True	1.0	0.0	P16989:340
P17844	DDX5	10	MMA	P17844	2	GSK591;MS023	2	GYSSDRDRGRDRGFG	True	1.0	0.0	P17844:10
P17844	DDX5	484	ADMA	P17844	2	GSK591;MS023	2	DRGSGRSRGRGGMKD	True	0.0	1.0	P17844:484
P17844	DDX5	484	MMA	P17844	2	GSK591;MS023	6	DRGSGRSRGRGGMKD	True	0.0	1.0	P17844:484
P17844	DDX5	484	SDMA	P17844	2	GSK591;MS023	2	DRGSGRSRGRGGMKD	True	0.0	1.0	P17844:484
P17844	DDX5	486	ADMA	P17844	2	GSK591;MS023	2	GSGRSRGRGGMKDDR	True	1.0	0.0	P17844:486
P17844	DDX5	486	MMA	P17844	2	GSK591;MS023	4	GSGRSRGRGGMKDDR	True	1.0	0.0	P17844:486
P17844	DDX5	486	SDMA	P17844	2	GSK591;MS023	2	GSGRSRGRGGMKDDR	True	1.0	0.0	P17844:486
P17844	DDX5	502	MMA	P17844	2	GSK591;MS023	4	DRYSAGKRGGFNTFR	True	0.5	0.5	P17844:502
P19338	NCL	656	ADMA	P19338	2	GSK591;MS023	30	GEGGFGGRGGGRGGF	True	0.13333333333333333	0.8666666666666667	P19338:656
P19338	NCL	656	MMA	P19338	2	GSK591;MS023	38	GEGGFGGRGGGRGGF	True	0.3684210526315789	0.631578947368421	P19338:656
P19338	NCL	656	SDMA	P19338	2	GSK591;MS023	18	GEGGFGGRGGGRGGF	True	0.0	1.0	P19338:656
P19338	NCL	660	ADMA	P19338	2	GSK591;MS023	54	FGGRGGGRGGFGGRG	True	0.07407407407407407	0.9259259259259259	P19338:660
P19338	NCL	660	MMA	P19338	2	GSK591;MS023	80	FGGRGGGRGGFGGRG	True	0.225	0.775	P19338:660
P19338	NCL	660	SDMA	P19338	2	GSK591;MS023	32	FGGRGGGRGGFGGRG	True	0.0	1.0	P19338:660
P19338	NCL	666	ADMA	P19338	2	GSK591;MS023	58	GRGGFGGRGGGRGGR	True	0.06896551724137931	0.9310344827586207	P19338:666
P19338	NCL	666	MMA	P19338	2	GSK591;MS023	88	GRGGFGGRGGGRGGR	True	0.1590909090909091	0.8409090909090909	P19338:666
P19338	NCL	666	SDMA	P19338	2	GSK591;MS023	34	GRGGFGGRGGGRGGR	True	0.058823529411764705	0.9411764705882353	P19338:666
P19338	NCL	670	ADMA	P19338	2	GSK591;MS023	52	FGGRGGGRGGRGGFG	True	0.07692307692307693	0.9230769230769231	P19338:670
P19338	NCL	670	MMA	P19338	2	GSK591;MS023	78	FGGRGGGRGGRGGFG	True	0.23076923076923078	0.7692307692307693	P19338:670
P19338	NCL	670	SDMA	P19338	2	GSK591;MS023	34	FGGRGGGRGGRGGFG	True	0.058823529411764705	0.9411764705882353	P19338:670
P19338	NCL	673	ADMA	P19338	2	GSK591;MS023	60	RGGGRGGRGGFGGRG	True	0.06666666666666667	0.9333333333333333	P19338:673
P19338	NCL	673	MMA	P19338	2	GSK591;MS023	82	RGGGRGGRGGFGGRG	True	0.07317073170731707	0.926829268292683	P19338:673
P19338	NCL	673	SDMA	P19338	2	GSK591;MS023	38	RGGGRGGRGGFGGRG	True	0.0	1.0	P19338:673
P19338	NCL	679	ADMA	P19338	2	GSK591;MS023	64	GRGGFGGRGRGGFGG	True	0.09375	0.90625	P19338:679
P19338	NCL	679	MMA	P19338	2	GSK591;MS023	64	GRGGFGGRGRGGFGG	True	0.21875	0.78125	P19338:679
P19338	NCL	679	SDMA	P19338	2	GSK591;MS023	38	GRGGFGGRGRGGFGG	True	0.15789473684210525	0.8421052631578947	P19338:679
P19338	NCL	681	ADMA	P19338	2	GSK591;MS023	64	GGFGGRGRGGFGGRG	True	0.0	1.0	P19338:681
P19338	NCL	681	MMA	P19338	2	GSK591;MS023	76	GGFGGRGRGGFGGRG	True	0.05263157894736842	0.9473684210526315	P19338:681
P19338	NCL	681	SDMA	P19338	2	GSK591;MS023	32	GGFGGRGRGGFGGRG	True	0.0	1.0	P19338:681
P19338	NCL	687	ADMA	P19338	2	GSK591;MS023	62	GRGGFGGRGGFRGGR	True	0.03225806451612903	0.967741935483871	P19338:687
P19338	NCL	687	MMA	P19338	2	GSK591;MS023	76	GRGGFGGRGGFRGGR	True	0.13157894736842105	0.868421052631579	P19338:687
P19338	NCL	687	SDMA	P19338	2	GSK591;MS023	32	GRGGFGGRGGFRGGR	True	0.0	1.0	P19338:687
P19338	NCL	691	ADMA	P19338	2	GSK591;MS023	48	FGGRGGFRGGRGGGG	True	0.3333333333333333	0.6666666666666666	P19338:691
P19338	NCL	691	MMA	P19338	2	GSK591;MS023	58	FGGRGGFRGGRGGGG	True	0.4827586206896552	0.5172413793103449	P19338:691
P19338	NCL	691	SDMA	P19338	2	GSK591;MS023	24	FGGRGGFRGGRGGGG	True	0.3333333333333333	0.6666666666666666	P19338:691
P19338	NCL	694	ADMA	P19338	2	GSK591;MS023	26	RGGFRGGRGGGGDHK	True	0.38461538461538464	0.6153846153846154	P19338:694
P19338	NCL	694	MMA	P19338	2	GSK591;MS023	36	RGGFRGGRGGGGDHK	True	0.4444444444444444	0.5555555555555556	P19338:694
P19338	NCL	694	SDMA	P19338	2	GSK591;MS023	14	RGGFRGGRGGGGDHK	True	0.5714285714285714	0.42857142857142855	P19338:694
P19484	TFEB	8	ADMA	P19484	2	GSK591;MS023	2	MASRIGLRMQLMREQ	True	0.0	1.0	P19484:8
P19484	TFEB	8	SDMA	P19484	2	GSK591;MS023	2	MASRIGLRMQLMREQ	True	0.0	1.0	P19484:8
P20290	BTF3	13	MMA	P20290	2	GSK591;MS023	50	APAQADSRGRGRARG	True	0.76	0.24	P20290:13
P20290	BTF3	13	SDMA	P20290	2	GSK591;MS023	16	APAQADSRGRGRARG	True	1.0	0.0	P20290:13
P20290	BTF3	15	MMA	P20290	2	GSK591;MS023	56	AQADSRGRGRARGGC	True	0.39285714285714285	0.6071428571428571	P20290:15
P20290	BTF3	15	SDMA	P20290	2	GSK591;MS023	22	AQADSRGRGRARGGC	True	0.45454545454545453	0.5454545454545454	P20290:15
P20290	BTF3	17	MMA	P20290	2	GSK591;MS023	18	ADSRGRGRARGGCPG	True	0.8888888888888888	0.1111111111111111	P20290:17
P20290	BTF3	17	SDMA	P20290	2	GSK591;MS023	8	ADSRGRGRARGGCPG	True	1.0	0.0	P20290:17
P20290	BTF3	19	MMA	P20290	2	GSK591;MS023	26	SRGRGRARGGCPGGE	True	0.9230769230769231	0.07692307692307693	P20290:19
P20290	BTF3	19	SDMA	P20290	2	GSK591;MS023	8	SRGRGRARGGCPGGE	True	1.0	0.0	P20290:19
P22087	FBL	8	MMA	P22087	2	GSK591;MS023	4	MKPGFSPRGGGFGGR	True	0.5	0.5	P22087:8
P22087	FBL	15	MMA	P22087	2	GSK591;MS023	4	RGGGFGGRGGFGDRG	True	1.0	0.0	P22087:15
P22087	FBL	24	MMA	P22087	2	GSK591;MS023	2	GFGDRGGRGGRGGFG	True	0.0	1.0	P22087:24
P22087	FBL	27	MMA	P22087	2	GSK591;MS023	4	DRGGRGGRGGFGGGR	True	0.5	0.5	P22087:27
P22087	FBL	34	MMA	P22087	2	GSK591;MS023	4	RGGFGGGRGRGGGFR	True	1.0	0.0	P22087:34
P22087	FBL	36	MMA	P22087	2	GSK591;MS023	4	GFGGGRGRGGGFRGR	True	0.0	1.0	P22087:36
P22087	FBL	41	MMA	P22087	2	GSK591;MS023	4	RGRGGGFRGRGRGGG	True	0.5	0.5	P22087:41
P22087	FBL	43	MMA	P22087	2	GSK591;MS023	2	RGGGFRGRGRGGGGG	True	0.0	1.0	P22087:43
P22087	FBL	45	MMA	P22087	2	GSK591;MS023	6	GGFRGRGRGGGGGGG	True	0.0	1.0	P22087:45
P22087	FBL	59	MMA	P22087	2	GSK591;MS023	6	GGGGGGGRGGGGFHS	True	0.6666666666666666	0.3333333333333333	P22087:59
P22087	FBL	70	MMA	P22087	2	GSK591;MS023	2	GFHSGGNRGRGRGGK	True	1.0	0.0	P22087:70
P22626	HNRNPA2B1	203	MMA	P22626	2	GSK591;MS023	36	VQSSRSGRGGNFGFG	True	0.6666666666666666	0.3333333333333333	P22626:203
P22626	HNRNPA2B1	203	SDMA	P22626	2	GSK591;MS023	8	VQSSRSGRGGNFGFG	True	0.75	0.25	P22626:203
P22626	HNRNPA2B1	213	MMA	P22626	2	GSK591;MS023	52	NFGFGDSRGGGGNFG	True	0.6923076923076923	0.3076923076923077	P22626:213
P22626	HNRNPA2B1	213	SDMA	P22626	2	GSK591;MS023	6	NFGFGDSRGGGGNFG	True	0.6666666666666666	0.3333333333333333	P22626:213
P22626	HNRNPA2B1	228	MMA	P22626	2	GSK591;MS023	32	PGPGSNFRGGSDGYG	True	0.875	0.125	P22626:228
P22626	HNRNPA2B1	325	MMA	P22626	2	GSK591;MS023	2	SGNFGGSRNMGGPYG	True	1.0	0.0	P22626:325
P22626	HNRNPA2B1	350	MMA	P22626	2	GSK591;MS023	2	GSGGYGGRSRY____	True	1.0	0.0	P22626:350
P23246	SFPQ	3	ADMA	P23246	2	GSK591;MS023	42	_____MSRDRFRSRG	True	0.14285714285714285	0.8571428571428571	P23246:3
P23246	SFPQ	3	MMA	P23246	2	GSK591;MS023	22	_____MSRDRFRSRG	True	0.18181818181818182	0.8181818181818182	P23246:3
P23246	SFPQ	3	SDMA	P23246	2	GSK591;MS023	4	_____MSRDRFRSRG	True	0.0	1.0	P23246:3
P23246	SFPQ	5	ADMA	P23246	2	GSK591;MS023	16	___MSRDRFRSRGGG	True	0.625	0.375	P23246:5
P23246	SFPQ	5	MMA	P23246	2	GSK591;MS023	14	___MSRDRFRSRGGG	True	0.7142857142857143	0.2857142857142857	P23246:5
P23246	SFPQ	7	ADMA	P23246	2	GSK591;MS023	46	_MSRDRFRSRGGGGG	True	0.21739130434782608	0.782608695652174	P23246:7
P23246	SFPQ	7	MMA	P23246	2	GSK591;MS023	24	_MSRDRFRSRGGGGG	True	0.3333333333333333	0.6666666666666666	P23246:7
P23246	SFPQ	7	SDMA	P23246	2	GSK591;MS023	8	_MSRDRFRSRGGGGG	True	0.25	0.75	P23246:7
P23246	SFPQ	9	ADMA	P23246	2	GSK591;MS023	56	SRDRFRSRGGGGGGF	True	0.0	1.0	P23246:9
P23246	SFPQ	9	MMA	P23246	2	GSK591;MS023	30	SRDRFRSRGGGGGGF	True	0.0	1.0	P23246:9
P23246	SFPQ	9	SDMA	P23246	2	GSK591;MS023	8	SRDRFRSRGGGGGGF	True	0.0	1.0	P23246:9
P23246	SFPQ	18	ADMA	P23246	2	GSK591;MS023	18	GGGGGFHRRGGGGGR	True	0.3333333333333333	0.6666666666666666	P23246:18
P23246	SFPQ	18	MMA	P23246	2	GSK591;MS023	6	GGGGGFHRRGGGGGR	True	0.6666666666666666	0.3333333333333333	P23246:18
P23246	SFPQ	18	SDMA	P23246	2	GSK591;MS023	4	GGGGGFHRRGGGGGR	True	0.5	0.5	P23246:18
P23246	SFPQ	19	ADMA	P23246	2	GSK591;MS023	40	GGGGFHRRGGGGGRG	True	0.15	0.85	P23246:19
P23246	SFPQ	19	MMA	P23246	2	GSK591;MS023	20	GGGGFHRRGGGGGRG	True	0.2	0.8	P23246:19
P23246	SFPQ	19	SDMA	P23246	2	GSK591;MS023	8	GGGGFHRRGGGGGRG	True	0.25	0.75	P23246:19
P23246	SFPQ	25	ADMA	P23246	2	GSK591;MS023	38	RRGGGGGRGGLHDFR	True	0.21052631578947367	0.7894736842105263	P23246:25
P23246	SFPQ	25	MMA	P23246	2	GSK591;MS023	22	RRGGGGGRGGLHDFR	True	0.2727272727272727	0.7272727272727273	P23246:25
P23246	SFPQ	25	SDMA	P23246	2	GSK591;MS023	6	RRGGGGGRGGLHDFR	True	0.3333333333333333	0.6666666666666666	P23246:25
P23246	SFPQ	32	MMA	P23246	2	GSK591;MS023	2	RGGLHDFRSPPPGMG	True	1.0	0.0	P23246:32
P23246	SFPQ	236	MMA	P23246	2	GSK591;MS023	8	GHPKPPHRGGGEPRG	True	1.0	0.0	P23246:236
P23246	SFPQ	242	MMA	P23246	2	GSK591;MS023	8	HRGGGEPRGGRQHHP	True	0.25	0.75	P23246:242
P23246	SFPQ	681	ADMA	P23246	2	GSK591;MS023	12	PVGGQGPRGMGPGTP	True	0.6666666666666666	0.3333333333333333	P23246:681
P23246	SFPQ	681	MMA	P23246	2	GSK591;MS023	28	PVGGQGPRGMGPGTP	True	0.8571428571428571	0.14285714285714285	P23246:681
P23246	SFPQ	681	SDMA	P23246	2	GSK591;MS023	2	PVGGQGPRGMGPGTP	True	1.0	0.0	P23246:681
P23246	SFPQ	693	ADMA	P23246	2	GSK591;MS023	8	GTPAGYGRGREEYEG	True	0.75	0.25	P23246:693
P23246	SFPQ	693	MMA	P23246	2	GSK591;MS023	24	GTPAGYGRGREEYEG	True	0.9166666666666666	0.08333333333333333	P23246:693
P23246	SFPQ	695	ADMA	P23246	2	GSK591;MS023	6	PAGYGRGREEYEGPN	True	1.0	0.0	P23246:695
P23246	SFPQ	695	MMA	P23246	2	GSK591;MS023	18	PAGYGRGREEYEGPN	True	0.8888888888888888	0.1111111111111111	P23246:695
P23246	SFPQ	695	SDMA	P23246	2	GSK591;MS023	2	PAGYGRGREEYEGPN	True	1.0	0.0	P23246:695
P23588	EIF4B	292	MMA	P23588	2	GSK591;MS023	2	YRRDDDYRGGGDRYE	True	1.0	0.0	P23588:292
P31942	HNRNPH3	116	MMA	P31942	2	GSK591;MS023	4	QRPGPYDRPIGGRGG	True	1.0	0.0	P31942:116
P31942	HNRNPH3	116	SDMA	P31942	2	GSK591;MS023	2	QRPGPYDRPIGGRGG	True	1.0	0.0	P31942:116
P31942	HNRNPH3	121	ADMA	P31942	2	GSK591;MS023	4	YDRPIGGRGGYYGAG	True	0.5	0.5	P31942:121
P31942	HNRNPH3	121	MMA	P31942	2	GSK591;MS023	22	YDRPIGGRGGYYGAG	True	0.36363636363636365	0.6363636363636364	P31942:121
P31942	HNRNPH3	121	SDMA	P31942	2	GSK591;MS023	6	YDRPIGGRGGYYGAG	True	0.3333333333333333	0.6666666666666666	P31942:121
P31942	HNRNPH3	129	ADMA	P31942	2	GSK591;MS023	4	GGYYGAGRGSMYDRM	True	0.5	0.5	P31942:129
P31942	HNRNPH3	129	MMA	P31942	2	GSK591;MS023	22	GGYYGAGRGSMYDRM	True	0.7272727272727273	0.2727272727272727	P31942:129
P31942	HNRNPH3	129	SDMA	P31942	2	GSK591;MS023	6	GGYYGAGRGSMYDRM	True	0.6666666666666666	0.3333333333333333	P31942:129
P31943	HNRNPH1	199	ADMA	P31943	2	GSK591;MS023	6	RTHYDPPRKLMAMQR	True	1.0	0.0	P31943:199
P31943	HNRNPH1	199	MMA	P31943	2	GSK591;MS023	4	RTHYDPPRKLMAMQR	True	1.0	0.0	P31943:199
P31943	HNRNPH1	199	SDMA	P31943	2	GSK591;MS023	4	RTHYDPPRKLMAMQR	True	1.0	0.0	P31943:199
P31943	HNRNPH1	212	ADMA	P31943	2	GSK591;MS023	4	QRPGPYDRPGAGRGY	True	0.5	0.5	P31943:212
P31943	HNRNPH1	212	MMA	P31943	2	GSK591;MS023	4	QRPGPYDRPGAGRGY	True	0.5	0.5	P31943:212
P31943	HNRNPH1	212	SDMA	P31943	2	GSK591;MS023	6	QRPGPYDRPGAGRGY	True	0.6666666666666666	0.3333333333333333	P31943:212
P31943	HNRNPH1	217	ADMA	P31943	2	GSK591;MS023	26	YDRPGAGRGYNSIGR	True	0.23076923076923078	0.7692307692307693	P31943:217
P31943	HNRNPH1	217	MMA	P31943	2	GSK591;MS023	22	YDRPGAGRGYNSIGR	True	0.18181818181818182	0.8181818181818182	P31943:217
P31943	HNRNPH1	217	SDMA	P31943	2	GSK591;MS023	24	YDRPGAGRGYNSIGR	True	0.0	1.0	P31943:217
P31943	HNRNPH1	224	ADMA	P31943	2	GSK591;MS023	26	RGYNSIGRGAGFERM	True	0.3076923076923077	0.6923076923076923	P31943:224
P31943	HNRNPH1	224	MMA	P31943	2	GSK591;MS023	22	RGYNSIGRGAGFERM	True	0.36363636363636365	0.6363636363636364	P31943:224
P31943	HNRNPH1	224	SDMA	P31943	2	GSK591;MS023	26	RGYNSIGRGAGFERM	True	0.07692307692307693	0.9230769230769231	P31943:224
P31943	nan	206	SDMA	P31943; P55795	2	GSK591;MS023	2	RKLMAMQRPGPYDRP	True	0.0	1.0	P31943:206
P31943	nan	212	ADMA	P31943; P55795	2	GSK591;MS023	6	QRPGPYDRPGAGRGY	True	1.0	0.0	P31943:212
P31943	nan	212	MMA	P31943; P55795	2	GSK591;MS023	6	QRPGPYDRPGAGRGY	True	1.0	0.0	P31943:212
P31943	nan	212	SDMA	P31943; P55795	2	GSK591;MS023	16	QRPGPYDRPGAGRGY	True	1.0	0.0	P31943:212
P31943	nan	217	ADMA	P31943; P55795	2	GSK591;MS023	14	YDRPGAGRGYNSIGR	True	0.2857142857142857	0.7142857142857143	P31943:217
P31943	nan	217	MMA	P31943; P55795	2	GSK591;MS023	18	YDRPGAGRGYNSIGR	True	0.4444444444444444	0.5555555555555556	P31943:217
P31943	nan	217	SDMA	P31943; P55795	2	GSK591;MS023	32	YDRPGAGRGYNSIGR	True	0.3125	0.6875	P31943:217
P31943	nan	224	ADMA	P31943; P55795	2	GSK591;MS023	14	RGYNSIGRGAGFERM	True	0.0	1.0	P31943:224
P31943	nan	224	MMA	P31943; P55795	2	GSK591;MS023	18	RGYNSIGRGAGFERM	True	0.3333333333333333	0.6666666666666666	P31943:224
P31943	nan	224	SDMA	P31943; P55795	2	GSK591;MS023	32	RGYNSIGRGAGFERM	True	0.0625	0.9375	P31943:224
P33176	KIF5B	956	MMA	P33176	2	GSK591;MS023	2	NSQPVAVRGGGGKQV	True	1.0	0.0	P33176:956
P33240	CSTF2	402	ADMA	P33240	2	GSK591;MS023	2	RGPPLDGRGGRDPRG	True	1.0	0.0	P33240:402
P33240	CSTF2	402	MMA	P33240	2	GSK591;MS023	4	RGPPLDGRGGRDPRG	True	1.0	0.0	P33240:402
P33991	MCM4	11	MMA	P33991	2	GSK591;MS023	2	PASTPSRRGSRRGRA	True	1.0	0.0	P33991:11
P33991	MCM4	11	SDMA	P33991	2	GSK591;MS023	8	PASTPSRRGSRRGRA	True	1.0	0.0	P33991:11
P33991	MCM4	15	MMA	P33991	2	GSK591;MS023	2	PSRRGSRRGRATPAQ	True	0.0	1.0	P33991:15
P33991	MCM4	15	SDMA	P33991	2	GSK591;MS023	8	PSRRGSRRGRATPAQ	True	0.5	0.5	P33991:15
P35637	FUS	216	MMA	P35637	2	GSK591;MS023	20	GQQDRGGRGRGGSGG	True	0.4	0.6	P35637:216
P35637	FUS	216	SDMA	P35637	2	GSK591;MS023	4	GQQDRGGRGRGGSGG	True	0.0	1.0	P35637:216
P35637	FUS	218	MMA	P35637	2	GSK591;MS023	22	QDRGGRGRGGSGGGG	True	0.45454545454545453	0.5454545454545454	P35637:218
P35637	FUS	218	SDMA	P35637	2	GSK591;MS023	8	QDRGGRGRGGSGGGG	True	0.5	0.5	P35637:218
P35637	FUS	234	MMA	P35637	2	GSK591;MS023	14	GGGGGYNRSSGGYEP	True	0.8571428571428571	0.14285714285714285	P35637:234
P35637	FUS	234	SDMA	P35637	2	GSK591;MS023	4	GGGGGYNRSSGGYEP	True	1.0	0.0	P35637:234
P35637	FUS	242	ADMA	P35637	2	GSK591;MS023	12	SSGGYEPRGRGGGRG	True	0.16666666666666666	0.8333333333333334	P35637:242
P35637	FUS	242	MMA	P35637	2	GSK591;MS023	22	SSGGYEPRGRGGGRG	True	0.45454545454545453	0.5454545454545454	P35637:242
P35637	FUS	242	SDMA	P35637	2	GSK591;MS023	12	SSGGYEPRGRGGGRG	True	0.16666666666666666	0.8333333333333334	P35637:242
P35637	FUS	244	ADMA	P35637	2	GSK591;MS023	22	GGYEPRGRGGGRGGR	True	0.0	1.0	P35637:244
P35637	FUS	244	MMA	P35637	2	GSK591;MS023	34	GGYEPRGRGGGRGGR	True	0.058823529411764705	0.9411764705882353	P35637:244
P35637	FUS	244	SDMA	P35637	2	GSK591;MS023	36	GGYEPRGRGGGRGGR	True	0.0	1.0	P35637:244
P35637	FUS	248	ADMA	P35637	2	GSK591;MS023	22	PRGRGGGRGGRGGMG	True	0.09090909090909091	0.9090909090909091	P35637:248
P35637	FUS	248	MMA	P35637	2	GSK591;MS023	34	PRGRGGGRGGRGGMG	True	0.11764705882352941	0.8823529411764706	P35637:248
P35637	FUS	248	SDMA	P35637	2	GSK591;MS023	36	PRGRGGGRGGRGGMG	True	0.16666666666666666	0.8333333333333334	P35637:248
P35637	FUS	251	ADMA	P35637	2	GSK591;MS023	22	RGGGRGGRGGMGGSD	True	0.18181818181818182	0.8181818181818182	P35637:251
P35637	FUS	251	MMA	P35637	2	GSK591;MS023	34	RGGGRGGRGGMGGSD	True	0.29411764705882354	0.7058823529411765	P35637:251
P35637	FUS	251	SDMA	P35637	2	GSK591;MS023	36	RGGGRGGRGGMGGSD	True	0.2777777777777778	0.7222222222222222	P35637:251
P35637	FUS	259	ADMA	P35637	2	GSK591;MS023	20	GGMGGSDRGGFNKFG	True	0.2	0.8	P35637:259
P35637	FUS	259	MMA	P35637	2	GSK591;MS023	32	GGMGGSDRGGFNKFG	True	0.5	0.5	P35637:259
P35637	FUS	259	SDMA	P35637	2	GSK591;MS023	26	GGMGGSDRGGFNKFG	True	0.38461538461538464	0.6153846153846154	P35637:259
P35637	FUS	377	MMA	P35637	2	GSK591;MS023	8	TRRADFNRGGGNGRG	True	0.75	0.25	P35637:377
P35637	FUS	377	SDMA	P35637	2	GSK591;MS023	2	TRRADFNRGGGNGRG	True	0.0	1.0	P35637:377
P35637	FUS	383	MMA	P35637	2	GSK591;MS023	8	NRGGGNGRGGRGRGG	True	0.25	0.75	P35637:383
P35637	FUS	383	SDMA	P35637	2	GSK591;MS023	2	NRGGGNGRGGRGRGG	True	0.0	1.0	P35637:383
P35637	FUS	386	MMA	P35637	2	GSK591;MS023	8	GGNGRGGRGRGGPMG	True	0.0	1.0	P35637:386
P35637	FUS	388	MMA	P35637	2	GSK591;MS023	6	NGRGGRGRGGPMGRG	True	0.0	1.0	P35637:388
P35637	FUS	394	MMA	P35637	2	GSK591;MS023	12	GRGGPMGRGGYGGGG	True	0.16666666666666666	0.8333333333333334	P35637:394
P35637	FUS	407	MMA	P35637	2	GSK591;MS023	10	GGSGGGGRGGFPSGG	True	0.6	0.4	P35637:407
P35637	FUS	473	ADMA	P35637	2	GSK591;MS023	18	GNYGDDRRGGRGGYD	True	0.8888888888888888	0.1111111111111111	P35637:473
P35637	FUS	473	MMA	P35637	2	GSK591;MS023	30	GNYGDDRRGGRGGYD	True	0.9333333333333333	0.06666666666666667	P35637:473
P35637	FUS	473	SDMA	P35637	2	GSK591;MS023	12	GNYGDDRRGGRGGYD	True	1.0	0.0	P35637:473
P35637	FUS	476	ADMA	P35637	2	GSK591;MS023	28	GDDRRGGRGGYDRGG	True	0.2857142857142857	0.7142857142857143	P35637:476
P35637	FUS	476	MMA	P35637	2	GSK591;MS023	50	GDDRRGGRGGYDRGG	True	0.4	0.6	P35637:476
P35637	FUS	476	SDMA	P35637	2	GSK591;MS023	14	GDDRRGGRGGYDRGG	True	0.14285714285714285	0.8571428571428571	P35637:476
P35637	FUS	481	ADMA	P35637	2	GSK591;MS023	28	GGRGGYDRGGYRGRG	True	0.0	1.0	P35637:481
P35637	FUS	481	MMA	P35637	2	GSK591;MS023	52	GGRGGYDRGGYRGRG	True	0.07692307692307693	0.9230769230769231	P35637:481
P35637	FUS	481	SDMA	P35637	2	GSK591;MS023	14	GGRGGYDRGGYRGRG	True	0.0	1.0	P35637:481
P35637	FUS	485	ADMA	P35637	2	GSK591;MS023	28	GYDRGGYRGRGGDRG	True	0.14285714285714285	0.8571428571428571	P35637:485
P35637	FUS	485	MMA	P35637	2	GSK591;MS023	50	GYDRGGYRGRGGDRG	True	0.2	0.8	P35637:485
P35637	FUS	485	SDMA	P35637	2	GSK591;MS023	14	GYDRGGYRGRGGDRG	True	0.14285714285714285	0.8571428571428571	P35637:485
P35637	FUS	487	ADMA	P35637	2	GSK591;MS023	28	DRGGYRGRGGDRGGF	True	0.14285714285714285	0.8571428571428571	P35637:487
P35637	FUS	487	MMA	P35637	2	GSK591;MS023	48	DRGGYRGRGGDRGGF	True	0.25	0.75	P35637:487
P35637	FUS	487	SDMA	P35637	2	GSK591;MS023	14	DRGGYRGRGGDRGGF	True	0.14285714285714285	0.8571428571428571	P35637:487
P35637	FUS	491	ADMA	P35637	2	GSK591;MS023	28	YRGRGGDRGGFRGGR	True	0.14285714285714285	0.8571428571428571	P35637:491
P35637	FUS	491	MMA	P35637	2	GSK591;MS023	50	YRGRGGDRGGFRGGR	True	0.08	0.92	P35637:491
P35637	FUS	491	SDMA	P35637	2	GSK591;MS023	14	YRGRGGDRGGFRGGR	True	0.14285714285714285	0.8571428571428571	P35637:491
P35637	FUS	495	ADMA	P35637	2	GSK591;MS023	28	GGDRGGFRGGRGGGD	True	0.0	1.0	P35637:495
P35637	FUS	495	MMA	P35637	2	GSK591;MS023	46	GGDRGGFRGGRGGGD	True	0.08695652173913043	0.9130434782608695	P35637:495
P35637	FUS	495	SDMA	P35637	2	GSK591;MS023	14	GGDRGGFRGGRGGGD	True	0.0	1.0	P35637:495
P35637	FUS	498	ADMA	P35637	2	GSK591;MS023	22	RGGFRGGRGGGDRGG	True	0.09090909090909091	0.9090909090909091	P35637:498
P35637	FUS	498	MMA	P35637	2	GSK591;MS023	38	RGGFRGGRGGGDRGG	True	0.3684210526315789	0.631578947368421	P35637:498
P35637	FUS	498	SDMA	P35637	2	GSK591;MS023	14	RGGFRGGRGGGDRGG	True	0.14285714285714285	0.8571428571428571	P35637:498
P35637	FUS	503	ADMA	P35637	2	GSK591;MS023	8	GGRGGGDRGGFGPGK	True	0.25	0.75	P35637:503
P35637	FUS	503	MMA	P35637	2	GSK591;MS023	12	GGRGGGDRGGFGPGK	True	0.3333333333333333	0.6666666666666666	P35637:503
P35637	FUS	503	SDMA	P35637	2	GSK591;MS023	2	GGRGGGDRGGFGPGK	True	0.0	1.0	P35637:503
P35869	AHR	13	ADMA	P35869	2	GSK591;MS023	2	ANITYASRKRRKPVQ	True	0.0	1.0	P35869:13
P35869	AHR	15	ADMA	P35869	2	GSK591;MS023	2	ITYASRKRRKPVQKT	True	1.0	0.0	P35869:15
P36578	RPL4	97	MMA	P36578	2	GSK591;MS023	4	GAFGNMCRGGRMFAP	True	1.0	0.0	P36578:97
P37268	FDFT1	18	ADMA	P37268	2	GSK591;MS023	4	EEFYNLVRFRIGGKR	True	1.0	0.0	P37268:18
P37268	FDFT1	18	MMA	P37268	2	GSK591;MS023	4	EEFYNLVRFRIGGKR	True	1.0	0.0	P37268:18
P37268	FDFT1	18	SDMA	P37268	2	GSK591;MS023	4	EEFYNLVRFRIGGKR	True	1.0	0.0	P37268:18
P37268	FDFT1	20	ADMA	P37268	2	GSK591;MS023	6	FYNLVRFRIGGKRKV	True	1.0	0.0	P37268:20
P37268	FDFT1	20	MMA	P37268	2	GSK591;MS023	6	FYNLVRFRIGGKRKV	True	1.0	0.0	P37268:20
P37268	FDFT1	20	SDMA	P37268	2	GSK591;MS023	6	FYNLVRFRIGGKRKV	True	1.0	0.0	P37268:20
P38159	RBMX	94	MMA	P38159	2	GSK591;MS023	2	PSFESGRRGPPPPPR	True	1.0	0.0	P38159:94
P38159	RBMX	94	SDMA	P38159	2	GSK591;MS023	2	PSFESGRRGPPPPPR	True	1.0	0.0	P38159:94
P38159	RBMX	103	MMA	P38159	2	GSK591;MS023	2	PPPPPRSRGPPRGLR	True	1.0	0.0	P38159:103
P38159	RBMX	107	MMA	P38159	2	GSK591;MS023	6	PRSRGPPRGLRGGRG	True	0.3333333333333333	0.6666666666666666	P38159:107
P38159	RBMX	107	SDMA	P38159	2	GSK591;MS023	2	PRSRGPPRGLRGGRG	True	0.0	1.0	P38159:107
P38159	RBMX	110	MMA	P38159	2	GSK591;MS023	12	RGPPRGLRGGRGGSG	True	0.5	0.5	P38159:110
P38159	RBMX	110	SDMA	P38159	2	GSK591;MS023	2	RGPPRGLRGGRGGSG	True	0.0	1.0	P38159:110
P38159	RBMX	113	MMA	P38159	2	GSK591;MS023	12	PRGLRGGRGGSGGTR	True	0.3333333333333333	0.6666666666666666	P38159:113
P38159	RBMX	113	SDMA	P38159	2	GSK591;MS023	2	PRGLRGGRGGSGGTR	True	0.0	1.0	P38159:113
P38159	RBMX	125	MMA	P38159	2	GSK591;MS023	10	GTRGPPSRGGHMDDG	True	1.0	0.0	P38159:125
P38159	RBMX	125	SDMA	P38159	2	GSK591;MS023	2	GTRGPPSRGGHMDDG	True	1.0	0.0	P38159:125
P38159	RBMX	144	MMA	P38159	2	GSK591;MS023	2	NFNMSSSRGPLPVKR	True	1.0	0.0	P38159:144
P38159	RBMX	164	MMA	P38159	2	GSK591;MS023	4	SGGPPPKRSAPSGPV	True	1.0	0.0	P38159:164
P38159	RBMX	172	MMA	P38159	2	GSK591;MS023	4	SAPSGPVRSSSGMGG	True	1.0	0.0	P38159:172
P38159	RBMX	369	ADMA	P38159	2	GSK591;MS023	40	DSYSSSSRGAPRGGG	True	0.15	0.85	P38159:369
P38159	RBMX	369	MMA	P38159	2	GSK591;MS023	68	DSYSSSSRGAPRGGG	True	0.14705882352941177	0.8529411764705882	P38159:369
P38159	RBMX	369	SDMA	P38159	2	GSK591;MS023	30	DSYSSSSRGAPRGGG	True	0.0	1.0	P38159:369
P38159	RBMX	373	ADMA	P38159	2	GSK591;MS023	44	SSSRGAPRGGGRGGS	True	0.2727272727272727	0.7272727272727273	P38159:373
P38159	RBMX	373	MMA	P38159	2	GSK591;MS023	70	SSSRGAPRGGGRGGS	True	0.37142857142857144	0.6285714285714286	P38159:373
P38159	RBMX	373	SDMA	P38159	2	GSK591;MS023	32	SSSRGAPRGGGRGGS	True	0.0625	0.9375	P38159:373
P38159	RBMX	377	ADMA	P38159	2	GSK591;MS023	52	GAPRGGGRGGSRSDR	True	0.11538461538461539	0.8846153846153846	P38159:377
P38159	RBMX	377	MMA	P38159	2	GSK591;MS023	80	GAPRGGGRGGSRSDR	True	0.2	0.8	P38159:377
P38159	RBMX	377	SDMA	P38159	2	GSK591;MS023	36	GAPRGGGRGGSRSDR	True	0.1111111111111111	0.8888888888888888	P38159:377
P38159	RBMX	381	ADMA	P38159	2	GSK591;MS023	20	GGGRGGSRSDRGGGR	True	0.6	0.4	P38159:381
P38159	RBMX	381	MMA	P38159	2	GSK591;MS023	28	GGGRGGSRSDRGGGR	True	0.7142857142857143	0.2857142857142857	P38159:381
P38159	RBMX	381	SDMA	P38159	2	GSK591;MS023	12	GGGRGGSRSDRGGGR	True	0.6666666666666666	0.3333333333333333	P38159:381
P38159	RBMX	384	ADMA	P38159	2	GSK591;MS023	40	RGGSRSDRGGGRSRY	True	0.45	0.55	P38159:384
P38159	RBMX	384	MMA	P38159	2	GSK591;MS023	54	RGGSRSDRGGGRSRY	True	0.37037037037037035	0.6296296296296297	P38159:384
P38159	RBMX	384	SDMA	P38159	2	GSK591;MS023	26	RGGSRSDRGGGRSRY	True	0.3076923076923077	0.6923076923076923	P38159:384
P38159	RBMX	388	ADMA	P38159	2	GSK591;MS023	14	RSDRGGGRSRY____	True	0.14285714285714285	0.8571428571428571	P38159:388
P38159	RBMX	388	MMA	P38159	2	GSK591;MS023	12	RSDRGGGRSRY____	True	0.5	0.5	P38159:388
P38159	RBMX	388	SDMA	P38159	2	GSK591;MS023	6	RSDRGGGRSRY____	True	0.3333333333333333	0.6666666666666666	P38159:388
P38159	RBMX	390	ADMA	P38159	2	GSK591;MS023	20	DRGGGRSRY______	True	0.4	0.6	P38159:390
P38159	RBMX	390	MMA	P38159	2	GSK591;MS023	26	DRGGGRSRY______	True	0.6923076923076923	0.3076923076923077	P38159:390
P38159	RBMX	390	SDMA	P38159	2	GSK591;MS023	16	DRGGGRSRY______	True	0.75	0.25	P38159:390
P38432	COIL	410	ADMA	P38432	2	GSK591;MS023	2	SWKGAKGRGMRGRGR	True	0.0	1.0	P38432:410
P38432	COIL	410	SDMA	P38432	2	GSK591;MS023	2	SWKGAKGRGMRGRGR	True	0.0	1.0	P38432:410
P38432	COIL	413	ADMA	P38432	2	GSK591;MS023	2	GAKGRGMRGRGRGRG	True	0.0	1.0	P38432:413
P38432	COIL	413	SDMA	P38432	2	GSK591;MS023	2	GAKGRGMRGRGRGRG	True	0.0	1.0	P38432:413
P38432	COIL	415	ADMA	P38432	2	GSK591;MS023	2	KGRGMRGRGRGRGHP	True	0.0	1.0	P38432:415
P38432	COIL	415	SDMA	P38432	2	GSK591;MS023	2	KGRGMRGRGRGRGHP	True	0.0	1.0	P38432:415
P38432	COIL	417	ADMA	P38432	2	GSK591;MS023	2	RGMRGRGRGRGHPVS	True	0.0	1.0	P38432:417
P38432	COIL	417	SDMA	P38432	2	GSK591;MS023	2	RGMRGRGRGRGHPVS	True	0.0	1.0	P38432:417
P38432	COIL	419	ADMA	P38432	2	GSK591;MS023	2	MRGRGRGRGHPVSCV	True	0.0	1.0	P38432:419
P38432	COIL	419	SDMA	P38432	2	GSK591;MS023	2	MRGRGRGRGHPVSCV	True	0.0	1.0	P38432:419
P40926	MDH2	257	MMA	P40926	2	GSK591;MS023	2	SMAYAGARFVFSLVD	True	1.0	0.0	P40926:257
P40926	MDH2	257	SDMA	P40926	2	GSK591;MS023	2	SMAYAGARFVFSLVD	True	1.0	0.0	P40926:257
P42167	TMPO	252	MMA	P42167	2	GSK591;MS023	4	ALTRESTRGSRRTPR	True	1.0	0.0	P42167:252
P42167	TMPO	252	SDMA	P42167	2	GSK591;MS023	2	ALTRESTRGSRRTPR	True	1.0	0.0	P42167:252
P45985	MAP2K4	58	ADMA	P45985	2	GSK591;MS023	4	PPFKSTARFTLNPNP	True	0.5	0.5	P45985:58
P45985	MAP2K4	58	MMA	P45985	2	GSK591;MS023	4	PPFKSTARFTLNPNP	True	0.5	0.5	P45985:58
P46783	RPS10	119	ADMA	P46783	2	GSK591;MS023	2	ERPARLTRGEADRDT	True	1.0	0.0	P46783:119
P46783	RPS10	153	ADMA	P46783	2	GSK591;MS023	26	SATEFQFRGGFGRGR	True	0.7692307692307693	0.23076923076923078	P46783:153
P46783	RPS10	153	MMA	P46783	2	GSK591;MS023	42	SATEFQFRGGFGRGR	True	0.8095238095238095	0.19047619047619047	P46783:153
P46783	RPS10	153	SDMA	P46783	2	GSK591;MS023	36	SATEFQFRGGFGRGR	True	0.7777777777777778	0.2222222222222222	P46783:153
P46783	RPS10	158	ADMA	P46783	2	GSK591;MS023	40	QFRGGFGRGRGQPPQ	True	0.4	0.6	P46783:158
P46783	RPS10	158	MMA	P46783	2	GSK591;MS023	50	QFRGGFGRGRGQPPQ	True	0.52	0.48	P46783:158
P46783	RPS10	158	SDMA	P46783	2	GSK591;MS023	54	QFRGGFGRGRGQPPQ	True	0.37037037037037035	0.6296296296296297	P46783:158
P46783	RPS10	160	ADMA	P46783	2	GSK591;MS023	38	RGGFGRGRGQPPQ__	True	0.5263157894736842	0.47368421052631576	P46783:160
P46783	RPS10	160	MMA	P46783	2	GSK591;MS023	46	RGGFGRGRGQPPQ__	True	0.5652173913043478	0.43478260869565216	P46783:160
P46783	RPS10	160	SDMA	P46783	2	GSK591;MS023	50	RGGFGRGRGQPPQ__	True	0.44	0.56	P46783:160
P48634	PRRC2A	1024	ADMA	P48634	2	GSK591;MS023	4	RVGPTSCRGRGRGEY	True	0.0	1.0	P48634:1024
P48634	PRRC2A	1024	MMA	P48634	2	GSK591;MS023	12	RVGPTSCRGRGRGEY	True	0.3333333333333333	0.6666666666666666	P48634:1024
P48634	PRRC2A	1024	SDMA	P48634	2	GSK591;MS023	2	RVGPTSCRGRGRGEY	True	0.0	1.0	P48634:1024
P48634	PRRC2A	1026	ADMA	P48634	2	GSK591;MS023	4	GPTSCRGRGRGEYFA	True	0.0	1.0	P48634:1026
P48634	PRRC2A	1026	MMA	P48634	2	GSK591;MS023	14	GPTSCRGRGRGEYFA	True	0.2857142857142857	0.7142857142857143	P48634:1026
P48634	PRRC2A	1026	SDMA	P48634	2	GSK591;MS023	2	GPTSCRGRGRGEYFA	True	0.0	1.0	P48634:1026
P48634	PRRC2A	1028	ADMA	P48634	2	GSK591;MS023	4	TSCRGRGRGEYFARG	True	0.0	1.0	P48634:1028
P48634	PRRC2A	1028	MMA	P48634	2	GSK591;MS023	12	TSCRGRGRGEYFARG	True	0.16666666666666666	0.8333333333333334	P48634:1028
P48634	PRRC2A	1028	SDMA	P48634	2	GSK591;MS023	2	TSCRGRGRGEYFARG	True	0.0	1.0	P48634:1028
P48634	PRRC2A	1034	ADMA	P48634	2	GSK591;MS023	6	GRGEYFARGRGFRGT	True	0.0	1.0	P48634:1034
P48634	PRRC2A	1034	MMA	P48634	2	GSK591;MS023	6	GRGEYFARGRGFRGT	True	0.0	1.0	P48634:1034
P48634	PRRC2A	1034	SDMA	P48634	2	GSK591;MS023	6	GRGEYFARGRGFRGT	True	0.0	1.0	P48634:1034
P48634	PRRC2A	1036	ADMA	P48634	2	GSK591;MS023	6	GEYFARGRGFRGTYG	True	0.0	1.0	P48634:1036
P48634	PRRC2A	1036	MMA	P48634	2	GSK591;MS023	4	GEYFARGRGFRGTYG	True	1.0	0.0	P48634:1036
P48634	PRRC2A	1036	SDMA	P48634	2	GSK591;MS023	6	GEYFARGRGFRGTYG	True	0.0	1.0	P48634:1036
P48634	PRRC2A	1039	ADMA	P48634	2	GSK591;MS023	6	FARGRGFRGTYGGRG	True	0.0	1.0	P48634:1039
P48634	PRRC2A	1039	MMA	P48634	2	GSK591;MS023	2	FARGRGFRGTYGGRG	True	1.0	0.0	P48634:1039
P48634	PRRC2A	1039	SDMA	P48634	2	GSK591;MS023	6	FARGRGFRGTYGGRG	True	0.0	1.0	P48634:1039
P48634	PRRC2A	1045	ADMA	P48634	2	GSK591;MS023	6	FRGTYGGRGRGARSR	True	0.0	1.0	P48634:1045
P48634	PRRC2A	1045	MMA	P48634	2	GSK591;MS023	6	FRGTYGGRGRGARSR	True	0.0	1.0	P48634:1045
P48634	PRRC2A	1045	SDMA	P48634	2	GSK591;MS023	6	FRGTYGGRGRGARSR	True	0.0	1.0	P48634:1045
P48634	PRRC2A	1047	ADMA	P48634	2	GSK591;MS023	6	GTYGGRGRGARSREF	True	0.0	1.0	P48634:1047
P48634	PRRC2A	1047	MMA	P48634	2	GSK591;MS023	6	GTYGGRGRGARSREF	True	0.3333333333333333	0.6666666666666666	P48634:1047
P48634	PRRC2A	1047	SDMA	P48634	2	GSK591;MS023	6	GTYGGRGRGARSREF	True	0.0	1.0	P48634:1047
P48634	PRRC2A	1050	ADMA	P48634	2	GSK591;MS023	2	GGRGRGARSREFRSY	True	1.0	0.0	P48634:1050
P48634	PRRC2A	1050	SDMA	P48634	2	GSK591;MS023	2	GGRGRGARSREFRSY	True	1.0	0.0	P48634:1050
P48634	PRRC2A	1052	ADMA	P48634	2	GSK591;MS023	2	RGRGARSREFRSYRE	True	1.0	0.0	P48634:1052
P48634	PRRC2A	1052	SDMA	P48634	2	GSK591;MS023	2	RGRGARSREFRSYRE	True	1.0	0.0	P48634:1052
P49368	CCT3	38	SDMA	P49368	2	GSK591;MS023	2	KTIADIIRTCLGPKS	True	1.0	0.0	P49368:38
P49750	nan	758	ADMA	P49750	2	GSK591;MS023	14	SSYLESPRGPRFDGP	True	0.2857142857142857	0.7142857142857143	P49750:758
P49750	nan	758	MMA	P49750	2	GSK591;MS023	8	SSYLESPRGPRFDGP	True	0.5	0.5	P49750:758
P49750	nan	761	ADMA	P49750	2	GSK591;MS023	16	LESPRGPRFDGPRRF	True	0.0	1.0	P49750:761
P49750	nan	761	MMA	P49750	2	GSK591;MS023	10	LESPRGPRFDGPRRF	True	0.0	1.0	P49750:761
P49750	nan	766	ADMA	P49750	2	GSK591;MS023	6	GPRFDGPRRFEDLGS	True	1.0	0.0	P49750:766
P49750	nan	766	MMA	P49750	2	GSK591;MS023	4	GPRFDGPRRFEDLGS	True	1.0	0.0	P49750:766
P49750	nan	784	ADMA	P49750	2	GSK591;MS023	16	GPRPKGPRFEGNRPD	True	0.25	0.75	P49750:784
P49750	nan	784	MMA	P49750	2	GSK591;MS023	10	GPRPKGPRFEGNRPD	True	0.6	0.4	P49750:784
P49750	nan	789	ADMA	P49750	2	GSK591;MS023	20	GPRFEGNRPDGPRPR	True	0.6	0.4	P49750:789
P49750	nan	789	MMA	P49750	2	GSK591;MS023	12	GPRFEGNRPDGPRPR	True	0.6666666666666666	0.3333333333333333	P49750:789
P49750	nan	794	ADMA	P49750	2	GSK591;MS023	26	GNRPDGPRPRYEGHP	True	0.23076923076923078	0.7692307692307693	P49750:794
P49750	nan	794	MMA	P49750	2	GSK591;MS023	16	GNRPDGPRPRYEGHP	True	0.25	0.75	P49750:794
P49750	nan	796	ADMA	P49750	2	GSK591;MS023	26	RPDGPRPRYEGHPAE	True	0.23076923076923078	0.7692307692307693	P49750:796
P49750	nan	796	MMA	P49750	2	GSK591;MS023	14	RPDGPRPRYEGHPAE	True	0.2857142857142857	0.7142857142857143	P49750:796
P49750	nan	1074	MMA	P49750	2	GSK591;MS023	2	DSREKMNRGEGSRDR	True	1.0	0.0	P49750:1074
P49750	nan	1081	MMA	P49750	2	GSK591;MS023	2	RGEGSRDRGLVRPGS	True	1.0	0.0	P49750:1081
P49750	nan	1758	MMA	P49750	2	GSK591;MS023	2	KDHSSSRRGGFDRPS	True	1.0	0.0	P49750:1758
P49959	MRE11A; MRE11	577	MMA	P49959	2	GSK591;MS023	2	RGRGRGRRGGRGQNS	True	0.0	1.0	P49959:577
P49959	MRE11A; MRE11	577	SDMA	P49959	2	GSK591;MS023	2	RGRGRGRRGGRGQNS	True	0.0	1.0	P49959:577
P49959	MRE11A; MRE11	580	MMA	P49959	2	GSK591;MS023	2	GRGRRGGRGQNSASR	True	0.0	1.0	P49959:580
P49959	MRE11A; MRE11	580	SDMA	P49959	2	GSK591;MS023	2	GRGRRGGRGQNSASR	True	0.0	1.0	P49959:580
P49959	MRE11A; MRE11	587	MMA	P49959	2	GSK591;MS023	2	RGQNSASRGGSQRGR	True	0.0	1.0	P49959:587
P49959	MRE11A; MRE11	587	SDMA	P49959	2	GSK591;MS023	2	RGQNSASRGGSQRGR	True	0.0	1.0	P49959:587
P49959	MRE11A; MRE11	592	MMA	P49959	2	GSK591;MS023	2	ASRGGSQRGRADTGL	True	1.0	0.0	P49959:592
P49959	MRE11A; MRE11	592	SDMA	P49959	2	GSK591;MS023	2	ASRGGSQRGRADTGL	True	1.0	0.0	P49959:592
P50238	CRIP1	68	ADMA	P50238	2	GSK591;MS023	20	FGPKGFGRGGAESHT	True	0.8	0.2	P50238:68
P50238	CRIP1	68	MMA	P50238	2	GSK591;MS023	46	FGPKGFGRGGAESHT	True	0.8260869565217391	0.17391304347826086	P50238:68
P50238	CRIP1	68	SDMA	P50238	2	GSK591;MS023	28	FGPKGFGRGGAESHT	True	0.7142857142857143	0.2857142857142857	P50238:68
P51114	FXR1	386	MMA	P51114	2	GSK591;MS023	4	GSRSYSGRGRGRRGP	True	0.5	0.5	P51114:386
P51114	FXR1	388	MMA	P51114	2	GSK591;MS023	2	RSYSGRGRGRRGPNY	True	1.0	0.0	P51114:388
P51114	FXR1	445	ADMA	P51114	2	GSK591;MS023	2	SRRRPGGRGRSVSGG	True	1.0	0.0	P51114:445
P51114	FXR1	445	SDMA	P51114	2	GSK591;MS023	2	SRRRPGGRGRSVSGG	True	1.0	0.0	P51114:445
P51114	FXR1	453	ADMA	P51114	2	GSK591;MS023	2	GRSVSGGRGRGGPRG	True	0.0	1.0	P51114:453
P51114	FXR1	453	MMA	P51114	2	GSK591;MS023	14	GRSVSGGRGRGGPRG	True	0.5714285714285714	0.42857142857142855	P51114:453
P51114	FXR1	453	SDMA	P51114	2	GSK591;MS023	4	GRSVSGGRGRGGPRG	True	0.0	1.0	P51114:453
P51114	FXR1	455	MMA	P51114	2	GSK591;MS023	14	SVSGGRGRGGPRGGK	True	0.7142857142857143	0.2857142857142857	P51114:455
P51114	FXR1	455	SDMA	P51114	2	GSK591;MS023	4	SVSGGRGRGGPRGGK	True	0.5	0.5	P51114:455
P51114	FXR1	459	MMA	P51114	2	GSK591;MS023	12	GRGRGGPRGGKSSIS	True	0.6666666666666666	0.3333333333333333	P51114:459
P51114	FXR1	459	SDMA	P51114	2	GSK591;MS023	4	GRGRGGPRGGKSSIS	True	0.5	0.5	P51114:459
P51116	FXR2	399	ADMA	P51116	2	GSK591;MS023	6	FRPPGSGRGSGGSDK	True	0.3333333333333333	0.6666666666666666	P51116:399
P51116	FXR2	399	MMA	P51116	2	GSK591;MS023	6	FRPPGSGRGSGGSDK	True	0.6666666666666666	0.3333333333333333	P51116:399
P51116	FXR2	399	SDMA	P51116	2	GSK591;MS023	6	FRPPGSGRGSGGSDK	True	0.3333333333333333	0.6666666666666666	P51116:399
P51116	FXR2	432	ADMA	P51116	2	GSK591;MS023	2	YGGSYGGRGRGRRTG	True	0.0	1.0	P51116:432
P51116	FXR2	432	SDMA	P51116	2	GSK591;MS023	4	YGGSYGGRGRGRRTG	True	0.0	1.0	P51116:432
P51116	FXR2	434	ADMA	P51116	2	GSK591;MS023	2	GSYGGRGRGRRTGGP	True	0.0	1.0	P51116:434
P51116	FXR2	434	MMA	P51116	2	GSK591;MS023	2	GSYGGRGRGRRTGGP	True	0.0	1.0	P51116:434
P51116	FXR2	434	SDMA	P51116	2	GSK591;MS023	4	GSYGGRGRGRRTGGP	True	0.0	1.0	P51116:434
P51148	RAB5C	4	ADMA	P51148	2	GSK591;MS023	2	____MAGRGGAARPN	True	1.0	0.0	P51148:4
P51148	RAB5C	4	MMA	P51148	2	GSK591;MS023	4	____MAGRGGAARPN	True	1.0	0.0	P51148:4
P51148	RAB5C	4	SDMA	P51148	2	GSK591;MS023	2	____MAGRGGAARPN	True	1.0	0.0	P51148:4
P51991	HNRNPA3	216	MMA	P51991	2	GSK591;MS023	24	SAGSQRGRGGGSGNF	True	0.5833333333333334	0.4166666666666667	P51991:216
P51991	HNRNPA3	216	SDMA	P51991	2	GSK591;MS023	4	SAGSQRGRGGGSGNF	True	0.5	0.5	P51991:216
P51991	HNRNPA3	226	MMA	P51991	2	GSK591;MS023	34	GSGNFMGRGGNFGGG	True	0.6470588235294118	0.35294117647058826	P51991:226
P51991	HNRNPA3	226	SDMA	P51991	2	GSK591;MS023	2	GSGNFMGRGGNFGGG	True	1.0	0.0	P51991:226
P51991	HNRNPA3	239	MMA	P51991	2	GSK591;MS023	26	GGGGNFGRGGNFGGR	True	0.46153846153846156	0.5384615384615384	P51991:239
P51991	HNRNPA3	246	MMA	P51991	2	GSK591;MS023	28	RGGNFGGRGGYGGGG	True	0.21428571428571427	0.7857142857142857	P51991:246
P51991	HNRNPA3	354	MMA	P51991	2	GSK591;MS023	2	KGGSFGGRSSGSPYG	True	1.0	0.0	P51991:354
P51991	HNRNPA3	377	MMA	P51991	2	GSK591;MS023	2	SGGYGSRRF______	True	1.0	0.0	P51991:377
P52298	NCBP2	146	MMA	P52298	2	GSK591;MS023	2	RQDYDAGRGGYGKLA	True	1.0	0.0	P52298:146
P52597	HNRNPF	212	MMA	P52597	2	GSK591;MS023	2	QRPGPYDRPGTARRY	True	1.0	0.0	P52597:212
P54259	ATN1	1115	ADMA	P54259	2	GSK591;MS023	6	LHENEVLRHQLFAAP	True	0.0	1.0	P54259:1115
P54652	HSPA2	472	ADMA	P54652	2	GSK591;MS023	2	TGIPPAPRGVPQIEV	True	1.0	0.0	P54652:472
P54652	HSPA2	472	MMA	P54652	2	GSK591;MS023	4	TGIPPAPRGVPQIEV	True	1.0	0.0	P54652:472
P54652	HSPA2	472	SDMA	P54652	2	GSK591;MS023	4	TGIPPAPRGVPQIEV	True	1.0	0.0	P54652:472
P55265	ADAR	26	ADMA	P55265	2	GSK591;MS023	4	GYEHRQLRYQQPGPG	True	0.0	1.0	P55265:26
P56545	CTBP2	22	ADMA	P56545	2	GSK591;MS023	6	DRICEGIRPQIMNGP	True	0.0	1.0	P56545:22
P56545	CTBP2	22	SDMA	P56545	2	GSK591;MS023	2	DRICEGIRPQIMNGP	True	0.0	1.0	P56545:22
P57772	EEFSEC	556	MMA	P57772	2	GSK591;MS023	2	KKRARAGRGEATRQE	True	1.0	0.0	P57772:556
P61081	UBE2M	169	MMA	P61081	2	GSK591;MS023	8	QNVQRSMRGGYIGST	True	1.0	0.0	P61081:169
P61978	HNRNPK	247	ADMA	P61978	2	GSK591;MS023	8	TMMFDDRRGRPVGFP	True	0.75	0.25	P61978:247
P61978	HNRNPK	247	MMA	P61978	2	GSK591;MS023	14	TMMFDDRRGRPVGFP	True	0.8571428571428571	0.14285714285714285	P61978:247
P61978	HNRNPK	247	SDMA	P61978	2	GSK591;MS023	2	TMMFDDRRGRPVGFP	True	1.0	0.0	P61978:247
P61978	HNRNPK	249	MMA	P61978	2	GSK591;MS023	2	MFDDRRGRPVGFPMR	True	1.0	0.0	P61978:249
P61978	HNRNPK	256	ADMA	P61978	2	GSK591;MS023	18	RPVGFPMRGRGGFDR	True	0.1111111111111111	0.8888888888888888	P61978:256
P61978	HNRNPK	256	MMA	P61978	2	GSK591;MS023	52	RPVGFPMRGRGGFDR	True	0.19230769230769232	0.8076923076923077	P61978:256
P61978	HNRNPK	256	SDMA	P61978	2	GSK591;MS023	20	RPVGFPMRGRGGFDR	True	0.2	0.8	P61978:256
P61978	HNRNPK	258	ADMA	P61978	2	GSK591;MS023	18	VGFPMRGRGGFDRMP	True	0.1111111111111111	0.8888888888888888	P61978:258
P61978	HNRNPK	258	MMA	P61978	2	GSK591;MS023	48	VGFPMRGRGGFDRMP	True	0.20833333333333334	0.7916666666666666	P61978:258
P61978	HNRNPK	258	SDMA	P61978	2	GSK591;MS023	18	VGFPMRGRGGFDRMP	True	0.3333333333333333	0.6666666666666666	P61978:258
P61978	HNRNPK	263	ADMA	P61978	2	GSK591;MS023	8	RGRGGFDRMPPGRGG	True	0.75	0.25	P61978:263
P61978	HNRNPK	263	MMA	P61978	2	GSK591;MS023	26	RGRGGFDRMPPGRGG	True	0.6923076923076923	0.3076923076923077	P61978:263
P61978	HNRNPK	263	SDMA	P61978	2	GSK591;MS023	10	RGRGGFDRMPPGRGG	True	0.4	0.6	P61978:263
P61978	HNRNPK	268	ADMA	P61978	2	GSK591;MS023	8	FDRMPPGRGGRPMPP	True	0.0	1.0	P61978:268
P61978	HNRNPK	268	MMA	P61978	2	GSK591;MS023	30	FDRMPPGRGGRPMPP	True	0.3333333333333333	0.6666666666666666	P61978:268
P61978	HNRNPK	268	SDMA	P61978	2	GSK591;MS023	12	FDRMPPGRGGRPMPP	True	0.3333333333333333	0.6666666666666666	P61978:268
P61978	HNRNPK	271	MMA	P61978	2	GSK591;MS023	2	MPPGRGGRPMPPSRR	True	1.0	0.0	P61978:271
P61978	HNRNPK	271	SDMA	P61978	2	GSK591;MS023	2	MPPGRGGRPMPPSRR	True	1.0	0.0	P61978:271
P61978	HNRNPK	287	ADMA	P61978	2	GSK591;MS023	2	YDDMSPRRGPPPPPP	True	1.0	0.0	P61978:287
P61978	HNRNPK	287	MMA	P61978	2	GSK591;MS023	6	YDDMSPRRGPPPPPP	True	1.0	0.0	P61978:287
P61978	HNRNPK	296	ADMA	P61978	2	GSK591;MS023	4	PPPPPPGRGGRGGSR	True	0.0	1.0	P61978:296
P61978	HNRNPK	296	MMA	P61978	2	GSK591;MS023	18	PPPPPPGRGGRGGSR	True	0.3333333333333333	0.6666666666666666	P61978:296
P61978	HNRNPK	299	ADMA	P61978	2	GSK591;MS023	4	PPPGRGGRGGSRARN	True	0.0	1.0	P61978:299
P61978	HNRNPK	299	MMA	P61978	2	GSK591;MS023	16	PPPGRGGRGGSRARN	True	0.25	0.75	P61978:299
P61978	HNRNPK	303	ADMA	P61978	2	GSK591;MS023	4	RGGRGGSRARNLPLP	True	0.5	0.5	P61978:303
P61978	HNRNPK	303	MMA	P61978	2	GSK591;MS023	12	RGGRGGSRARNLPLP	True	0.3333333333333333	0.6666666666666666	P61978:303
P61978	HNRNPK	305	MMA	P61978	2	GSK591;MS023	4	GRGGSRARNLPLPPP	True	1.0	0.0	P61978:305
P61978	HNRNPK	316	MMA	P61978	2	GSK591;MS023	10	LPPPPPPRGGDLMAY	True	1.0	0.0	P61978:316
P61978	HNRNPK	316	SDMA	P61978	2	GSK591;MS023	2	LPPPPPPRGGDLMAY	True	1.0	0.0	P61978:316
P61978	HNRNPK	325	MMA	P61978	2	GSK591;MS023	4	GDLMAYDRRGRPGDR	True	1.0	0.0	P61978:325
P61978	HNRNPK	326	MMA	P61978	2	GSK591;MS023	2	DLMAYDRRGRPGDRY	True	1.0	0.0	P61978:326
P62314	SNRPD1	98	ADMA	P62314	2	GSK591;MS023	66	KREAVAGRGRGRGRG	True	0.09090909090909091	0.9090909090909091	P62314:98
P62314	SNRPD1	98	MMA	P62314	2	GSK591;MS023	106	KREAVAGRGRGRGRG	True	0.1320754716981132	0.8679245283018868	P62314:98
P62314	SNRPD1	98	SDMA	P62314	2	GSK591;MS023	152	KREAVAGRGRGRGRG	True	0.10526315789473684	0.8947368421052632	P62314:98
P62314	SNRPD1	100	ADMA	P62314	2	GSK591;MS023	64	EAVAGRGRGRGRGRG	True	0.625	0.375	P62314:100
P62314	SNRPD1	100	MMA	P62314	2	GSK591;MS023	90	EAVAGRGRGRGRGRG	True	0.6444444444444445	0.35555555555555557	P62314:100
P62314	SNRPD1	100	SDMA	P62314	2	GSK591;MS023	124	EAVAGRGRGRGRGRG	True	0.6129032258064516	0.3870967741935484	P62314:100
P62314	SNRPD1	102	ADMA	P62314	2	GSK591;MS023	68	VAGRGRGRGRGRGRG	True	0.35294117647058826	0.6470588235294118	P62314:102
P62314	SNRPD1	102	MMA	P62314	2	GSK591;MS023	88	VAGRGRGRGRGRGRG	True	0.45454545454545453	0.5454545454545454	P62314:102
P62314	SNRPD1	102	SDMA	P62314	2	GSK591;MS023	130	VAGRGRGRGRGRGRG	True	0.4	0.6	P62314:102
P62314	SNRPD1	104	ADMA	P62314	2	GSK591;MS023	68	GRGRGRGRGRGRGRG	True	0.3235294117647059	0.6764705882352942	P62314:104
P62314	SNRPD1	104	MMA	P62314	2	GSK591;MS023	96	GRGRGRGRGRGRGRG	True	0.3958333333333333	0.6041666666666666	P62314:104
P62314	SNRPD1	104	SDMA	P62314	2	GSK591;MS023	134	GRGRGRGRGRGRGRG	True	0.3582089552238806	0.6417910447761194	P62314:104
P62314	SNRPD1	106	ADMA	P62314	2	GSK591;MS023	72	GRGRGRGRGRGRGRG	True	0.25	0.75	P62314:106
P62314	SNRPD1	106	MMA	P62314	2	GSK591;MS023	106	GRGRGRGRGRGRGRG	True	0.3018867924528302	0.6981132075471698	P62314:106
P62314	SNRPD1	106	SDMA	P62314	2	GSK591;MS023	152	GRGRGRGRGRGRGRG	True	0.2631578947368421	0.7368421052631579	P62314:106
P62314	SNRPD1	108	ADMA	P62314	2	GSK591;MS023	90	GRGRGRGRGRGRGRG	True	0.13333333333333333	0.8666666666666667	P62314:108
P62314	SNRPD1	108	MMA	P62314	2	GSK591;MS023	138	GRGRGRGRGRGRGRG	True	0.15942028985507245	0.8405797101449275	P62314:108
P62314	SNRPD1	108	SDMA	P62314	2	GSK591;MS023	190	GRGRGRGRGRGRGRG	True	0.15789473684210525	0.8421052631578947	P62314:108
P62314	SNRPD1	110	ADMA	P62314	2	GSK591;MS023	98	GRGRGRGRGRGRGGP	True	0.10204081632653061	0.8979591836734694	P62314:110
P62314	SNRPD1	110	MMA	P62314	2	GSK591;MS023	152	GRGRGRGRGRGRGGP	True	0.10526315789473684	0.8947368421052632	P62314:110
P62314	SNRPD1	110	SDMA	P62314	2	GSK591;MS023	206	GRGRGRGRGRGRGGP	True	0.08737864077669903	0.912621359223301	P62314:110
P62314	SNRPD1	112	ADMA	P62314	2	GSK591;MS023	98	GRGRGRGRGRGGPRR	True	0.08163265306122448	0.9183673469387755	P62314:112
P62314	SNRPD1	112	MMA	P62314	2	GSK591;MS023	154	GRGRGRGRGRGGPRR	True	0.1038961038961039	0.8961038961038961	P62314:112
P62314	SNRPD1	112	SDMA	P62314	2	GSK591;MS023	208	GRGRGRGRGRGGPRR	True	0.08653846153846154	0.9134615384615384	P62314:112
P62314	SNRPD1	114	ADMA	P62314	2	GSK591;MS023	96	GRGRGRGRGGPRR__	True	0.08333333333333333	0.9166666666666666	P62314:114
P62314	SNRPD1	114	MMA	P62314	2	GSK591;MS023	154	GRGRGRGRGGPRR__	True	0.09090909090909091	0.9090909090909091	P62314:114
P62314	SNRPD1	114	SDMA	P62314	2	GSK591;MS023	206	GRGRGRGRGGPRR__	True	0.07766990291262135	0.9223300970873787	P62314:114
P62314	SNRPD1	118	ADMA	P62314	2	GSK591;MS023	2	GRGRGGPRR______	True	0.0	1.0	P62314:118
P62314	SNRPD1	118	SDMA	P62314	2	GSK591;MS023	4	GRGRGGPRR______	True	0.5	0.5	P62314:118
P62318	SNRPD3	110	ADMA	P62318	2	GSK591;MS023	16	LKAQVAARGRGRGMG	True	0.0	1.0	P62318:110
P62318	SNRPD3	110	MMA	P62318	2	GSK591;MS023	8	LKAQVAARGRGRGMG	True	0.25	0.75	P62318:110
P62318	SNRPD3	110	SDMA	P62318	2	GSK591;MS023	24	LKAQVAARGRGRGMG	True	0.08333333333333333	0.9166666666666666	P62318:110
P62318	SNRPD3	112	ADMA	P62318	2	GSK591;MS023	32	AQVAARGRGRGMGRG	True	0.0625	0.9375	P62318:112
P62318	SNRPD3	112	MMA	P62318	2	GSK591;MS023	16	AQVAARGRGRGMGRG	True	0.625	0.375	P62318:112
P62318	SNRPD3	112	SDMA	P62318	2	GSK591;MS023	46	AQVAARGRGRGMGRG	True	0.21739130434782608	0.782608695652174	P62318:112
P62318	SNRPD3	114	ADMA	P62318	2	GSK591;MS023	30	VAARGRGRGMGRGNI	True	0.13333333333333333	0.8666666666666667	P62318:114
P62318	SNRPD3	114	MMA	P62318	2	GSK591;MS023	20	VAARGRGRGMGRGNI	True	0.3	0.7	P62318:114
P62318	SNRPD3	114	SDMA	P62318	2	GSK591;MS023	52	VAARGRGRGMGRGNI	True	0.15384615384615385	0.8461538461538461	P62318:114
P62318	SNRPD3	118	ADMA	P62318	2	GSK591;MS023	26	GRGRGMGRGNIFQKR	True	0.38461538461538464	0.6153846153846154	P62318:118
P62318	SNRPD3	118	MMA	P62318	2	GSK591;MS023	18	GRGRGMGRGNIFQKR	True	0.4444444444444444	0.5555555555555556	P62318:118
P62318	SNRPD3	118	SDMA	P62318	2	GSK591;MS023	48	GRGRGMGRGNIFQKR	True	0.3333333333333333	0.6666666666666666	P62318:118
P62508	ESRRG	202	SDMA	P62508	2	GSK591;MS023	4	KEGVRLDRVRGGRQK	True	1.0	0.0	P62508:202
P62508	ESRRG	204	SDMA	P62508	2	GSK591;MS023	4	GVRLDRVRGGRQKYK	True	0.0	1.0	P62508:204
P62508	ESRRG	207	SDMA	P62508	2	GSK591;MS023	4	LDRVRGGRQKYKRRI	True	0.0	1.0	P62508:207
P62508	ESRRG	212	SDMA	P62508	2	GSK591;MS023	2	GGRQKYKRRIDAENS	True	0.0	1.0	P62508:212
P62508	ESRRG	213	SDMA	P62508	2	GSK591;MS023	2	GRQKYKRRIDAENSP	True	0.0	1.0	P62508:213
P62633	CNBP	25	MMA	P62633	2	GSK591;MS023	6	ECPTGGGRGRGMRSR	True	0.0	1.0	P62633:25
P62633	CNBP	27	MMA	P62633	2	GSK591;MS023	6	PTGGGRGRGMRSRGR	True	0.3333333333333333	0.6666666666666666	P62633:27
P62633	CNBP	30	MMA	P62633	2	GSK591;MS023	4	GGRGRGMRSRGRGGF	True	0.5	0.5	P62633:30
P62633	CNBP	32	MMA	P62633	2	GSK591;MS023	4	RGRGMRSRGRGGFTS	True	0.0	1.0	P62633:32
P62633	CNBP	34	MMA	P62633	2	GSK591;MS023	4	RGMRSRGRGGFTSDR	True	0.5	0.5	P62633:34
P62633	CNBP	79	MMA	P62633	2	GSK591;MS023	4	DACYNCGRGGHIAKD	True	1.0	0.0	P62633:79
P62851	RPS25	104	ADMA	P62851	2	GSK591;MS023	2	IKLVSKHRAQVIYTR	True	0.0	1.0	P62851:104
P62851	RPS25	104	SDMA	P62851	2	GSK591;MS023	2	IKLVSKHRAQVIYTR	True	0.0	1.0	P62851:104
P62851	RPS25	111	ADMA	P62851	2	GSK591;MS023	2	RAQVIYTRNTKGGDA	True	0.0	1.0	P62851:111
P62851	RPS25	111	SDMA	P62851	2	GSK591;MS023	2	RAQVIYTRNTKGGDA	True	0.0	1.0	P62851:111
P62995	TRA2B	241	MMA	P62995	2	GSK591;MS023	2	DYYSRSYRGGGGGGG	True	1.0	0.0	P62995:241
P63162	SNRPN; SNURF	108	SDMA	P63162	2	GSK591;MS023	2	AGGPGVGRAAGRGVP	True	0.0	1.0	P63162:108
P63162	SNRPN; SNURF	112	SDMA	P63162	2	GSK591;MS023	2	GVGRAAGRGVPAGVP	True	0.0	1.0	P63162:112
P63162	SNRPN; SNURF	228	SDMA	P63162	2	GSK591;MS023	2	RPPPPGIRGPPPPGM	True	1.0	0.0	P63162:228
P63162	SNRPN; SNURF	236	SDMA	P63162	2	GSK591;MS023	2	GPPPPGMRPPRP___	True	0.0	1.0	P63162:236
P67809	YBX1	186	MMA	P67809	2	GSK591;MS023	2	EGQAQQRRPYRRRRF	True	1.0	0.0	P67809:186
P67809	YBX1	190	ADMA	P67809	2	GSK591;MS023	2	QQRRPYRRRRFPPYY	True	1.0	0.0	P67809:190
P67809	YBX1	190	MMA	P67809	2	GSK591;MS023	2	QQRRPYRRRRFPPYY	True	1.0	0.0	P67809:190
P67809	YBX1	199	ADMA	P67809	2	GSK591;MS023	20	RFPPYYMRRPYGRRP	True	0.7	0.3	P67809:199
P67809	YBX1	199	MMA	P67809	2	GSK591;MS023	48	RFPPYYMRRPYGRRP	True	0.75	0.25	P67809:199
P67809	YBX1	199	SDMA	P67809	2	GSK591;MS023	2	RFPPYYMRRPYGRRP	True	1.0	0.0	P67809:199
P67809	YBX1	200	ADMA	P67809	2	GSK591;MS023	10	FPPYYMRRPYGRRPQ	True	0.4	0.6	P67809:200
P67809	YBX1	200	MMA	P67809	2	GSK591;MS023	22	FPPYYMRRPYGRRPQ	True	0.6363636363636364	0.36363636363636365	P67809:200
P67809	YBX1	204	ADMA	P67809	2	GSK591;MS023	6	YMRRPYGRRPQYSNP	True	1.0	0.0	P67809:204
P67809	YBX1	204	MMA	P67809	2	GSK591;MS023	14	YMRRPYGRRPQYSNP	True	0.8571428571428571	0.14285714285714285	P67809:204
P67809	YBX1	205	ADMA	P67809	2	GSK591;MS023	10	MRRPYGRRPQYSNPP	True	0.6	0.4	P67809:205
P67809	YBX1	205	MMA	P67809	2	GSK591;MS023	22	MRRPYGRRPQYSNPP	True	0.5454545454545454	0.45454545454545453	P67809:205
P67809	YBX1	290	MMA	P67809	2	GSK591;MS023	2	RNFNYRRRRPENPKP	True	1.0	0.0	P67809:290
P68104	EEF1A1	37	ADMA	P68104	2	GSK591;MS023	4	KCGGIDKRTIEKFEK	True	0.5	0.5	P68104:37
P68104	EEF1A1	37	MMA	P68104	2	GSK591;MS023	4	KCGGIDKRTIEKFEK	True	0.5	0.5	P68104:37
P68104	EEF1A1	37	SDMA	P68104	2	GSK591;MS023	4	KCGGIDKRTIEKFEK	True	0.5	0.5	P68104:37
P68104	EEF1A1	166	ADMA	P68104	2	GSK591;MS023	12	EPPYSQKRYEEIVKE	True	0.5	0.5	P68104:166
P68104	EEF1A1	166	MMA	P68104	2	GSK591;MS023	12	EPPYSQKRYEEIVKE	True	0.5	0.5	P68104:166
P68104	EEF1A1	166	SDMA	P68104	2	GSK591;MS023	12	EPPYSQKRYEEIVKE	True	0.5	0.5	P68104:166
P78317	RNF4	7	ADMA	P78317	2	GSK591;MS023	2	_MSTRKRRGGAINSR	True	1.0	0.0	P78317:7
P78317	RNF4	7	MMA	P78317	2	GSK591;MS023	2	_MSTRKRRGGAINSR	True	1.0	0.0	P78317:7
P98175	RBM10	6	SDMA	P98175	2	GSK591;MS023	2	__MEYERRGGRGDRT	True	1.0	0.0	P98175:6
P98175	RBM10	895	MMA	P98175	2	GSK591;MS023	2	IEAQTRVRGSGLGAR	True	1.0	0.0	P98175:895
P98175	RBM10	902	MMA	P98175	2	GSK591;MS023	2	RGSGLGARGSSYGVT	True	1.0	0.0	P98175:902
P98179	RBM3	87	MMA	P98179	2	GSK591;MS023	6	DHAGKSARGTRGGGF	True	0.6666666666666666	0.3333333333333333	P98179:87
P98179	RBM3	90	MMA	P98179	2	GSK591;MS023	10	GKSARGTRGGGFGAH	True	0.8	0.2	P98179:90
P98179	RBM3	99	MMA	P98179	2	GSK591;MS023	8	GGFGAHGRGRSYSRG	True	0.25	0.75	P98179:99
P98179	RBM3	101	MMA	P98179	2	GSK591;MS023	2	FGAHGRGRSYSRGGG	True	0.0	1.0	P98179:101
P98179	RBM3	105	MMA	P98179	2	GSK591;MS023	2	GRGRSYSRGGGDQGY	True	1.0	0.0	P98179:105
Q00839	HNRNPU	702	ADMA	Q00839	2	GSK591;MS023	6	SGKNQFNRGGGHRGR	True	0.0	1.0	Q00839:702
Q00839	HNRNPU	702	MMA	Q00839	2	GSK591;MS023	8	SGKNQFNRGGGHRGR	True	0.75	0.25	Q00839:702
Q00839	HNRNPU	702	SDMA	Q00839	2	GSK591;MS023	4	SGKNQFNRGGGHRGR	True	1.0	0.0	Q00839:702
Q00839	HNRNPU	707	ADMA	Q00839	2	GSK591;MS023	20	FNRGGGHRGRGGFNM	True	0.1	0.9	Q00839:707
Q00839	HNRNPU	707	MMA	Q00839	2	GSK591;MS023	8	FNRGGGHRGRGGFNM	True	0.0	1.0	Q00839:707
Q00839	HNRNPU	707	SDMA	Q00839	2	GSK591;MS023	10	FNRGGGHRGRGGFNM	True	0.0	1.0	Q00839:707
Q00839	HNRNPU	709	ADMA	Q00839	2	GSK591;MS023	20	RGGGHRGRGGFNMRG	True	0.0	1.0	Q00839:709
Q00839	HNRNPU	709	MMA	Q00839	2	GSK591;MS023	8	RGGGHRGRGGFNMRG	True	0.0	1.0	Q00839:709
Q00839	HNRNPU	709	SDMA	Q00839	2	GSK591;MS023	10	RGGGHRGRGGFNMRG	True	0.0	1.0	Q00839:709
Q00839	HNRNPU	715	ADMA	Q00839	2	GSK591;MS023	18	GRGGFNMRGGNFRGG	True	0.1111111111111111	0.8888888888888888	Q00839:715
Q00839	HNRNPU	715	MMA	Q00839	2	GSK591;MS023	8	GRGGFNMRGGNFRGG	True	0.0	1.0	Q00839:715
Q00839	HNRNPU	715	SDMA	Q00839	2	GSK591;MS023	10	GRGGFNMRGGNFRGG	True	0.0	1.0	Q00839:715
Q00839	HNRNPU	720	ADMA	Q00839	2	GSK591;MS023	14	NMRGGNFRGGAPGNR	True	0.0	1.0	Q00839:720
Q00839	HNRNPU	720	MMA	Q00839	2	GSK591;MS023	8	NMRGGNFRGGAPGNR	True	0.25	0.75	Q00839:720
Q00839	HNRNPU	720	SDMA	Q00839	2	GSK591;MS023	8	NMRGGNFRGGAPGNR	True	0.0	1.0	Q00839:720
Q00839	HNRNPU	727	ADMA	Q00839	2	GSK591;MS023	6	RGGAPGNRGGYNRRG	True	0.3333333333333333	0.6666666666666666	Q00839:727
Q00839	HNRNPU	727	MMA	Q00839	2	GSK591;MS023	10	RGGAPGNRGGYNRRG	True	0.2	0.8	Q00839:727
Q00839	HNRNPU	727	SDMA	Q00839	2	GSK591;MS023	8	RGGAPGNRGGYNRRG	True	0.25	0.75	Q00839:727
Q00839	HNRNPU	732	ADMA	Q00839	2	GSK591;MS023	4	GNRGGYNRRGNMPQR	True	0.5	0.5	Q00839:732
Q00839	HNRNPU	732	MMA	Q00839	2	GSK591;MS023	2	GNRGGYNRRGNMPQR	True	0.0	1.0	Q00839:732
Q00839	HNRNPU	732	SDMA	Q00839	2	GSK591;MS023	6	GNRGGYNRRGNMPQR	True	0.3333333333333333	0.6666666666666666	Q00839:732
Q00839	HNRNPU	733	ADMA	Q00839	2	GSK591;MS023	6	NRGGYNRRGNMPQRG	True	0.0	1.0	Q00839:733
Q00839	HNRNPU	733	MMA	Q00839	2	GSK591;MS023	24	NRGGYNRRGNMPQRG	True	0.5	0.5	Q00839:733
Q00839	HNRNPU	733	SDMA	Q00839	2	GSK591;MS023	6	NRGGYNRRGNMPQRG	True	0.3333333333333333	0.6666666666666666	Q00839:733
Q00839	HNRNPU	739	ADMA	Q00839	2	GSK591;MS023	8	RRGNMPQRGGGGGGS	True	0.5	0.5	Q00839:739
Q00839	HNRNPU	739	MMA	Q00839	2	GSK591;MS023	28	RRGNMPQRGGGGGGS	True	0.7142857142857143	0.2857142857142857	Q00839:739
Q00839	HNRNPU	739	SDMA	Q00839	2	GSK591;MS023	6	RRGNMPQRGGGGGGS	True	0.6666666666666666	0.3333333333333333	Q00839:739
Q00839	HNRNPU	755	ADMA	Q00839	2	GSK591;MS023	4	GIGYPYPRAPVFPGR	True	1.0	0.0	Q00839:755
Q00839	HNRNPU	755	MMA	Q00839	2	GSK591;MS023	10	GIGYPYPRAPVFPGR	True	0.6	0.4	Q00839:755
Q00839	HNRNPU	755	SDMA	Q00839	2	GSK591;MS023	2	GIGYPYPRAPVFPGR	True	1.0	0.0	Q00839:755
Q00839	HNRNPU	762	ADMA	Q00839	2	GSK591;MS023	40	RAPVFPGRGSYSNRG	True	0.05	0.95	Q00839:762
Q00839	HNRNPU	762	MMA	Q00839	2	GSK591;MS023	6	RAPVFPGRGSYSNRG	True	0.0	1.0	Q00839:762
Q00839	HNRNPU	762	SDMA	Q00839	2	GSK591;MS023	10	RAPVFPGRGSYSNRG	True	0.0	1.0	Q00839:762
Q00839	HNRNPU	768	ADMA	Q00839	2	GSK591;MS023	40	GRGSYSNRGNYNRGG	True	0.0	1.0	Q00839:768
Q00839	HNRNPU	768	MMA	Q00839	2	GSK591;MS023	8	GRGSYSNRGNYNRGG	True	0.0	1.0	Q00839:768
Q00839	HNRNPU	768	SDMA	Q00839	2	GSK591;MS023	10	GRGSYSNRGNYNRGG	True	0.0	1.0	Q00839:768
Q00839	HNRNPU	773	ADMA	Q00839	2	GSK591;MS023	30	SNRGNYNRGGMPNRG	True	0.2	0.8	Q00839:773
Q00839	HNRNPU	773	MMA	Q00839	2	GSK591;MS023	8	SNRGNYNRGGMPNRG	True	0.25	0.75	Q00839:773
Q00839	HNRNPU	773	SDMA	Q00839	2	GSK591;MS023	10	SNRGNYNRGGMPNRG	True	0.0	1.0	Q00839:773
Q00839	HNRNPU	779	ADMA	Q00839	2	GSK591;MS023	26	NRGGMPNRGNYNQNF	True	0.23076923076923078	0.7692307692307693	Q00839:779
Q00839	HNRNPU	779	MMA	Q00839	2	GSK591;MS023	8	NRGGMPNRGNYNQNF	True	0.5	0.5	Q00839:779
Q00839	HNRNPU	779	SDMA	Q00839	2	GSK591;MS023	10	NRGGMPNRGNYNQNF	True	0.2	0.8	Q00839:779
Q00839	HNRNPU	787	ADMA	Q00839	2	GSK591;MS023	26	GNYNQNFRGRGNNRG	True	0.23076923076923078	0.7692307692307693	Q00839:787
Q00839	HNRNPU	787	MMA	Q00839	2	GSK591;MS023	8	GNYNQNFRGRGNNRG	True	0.5	0.5	Q00839:787
Q00839	HNRNPU	787	SDMA	Q00839	2	GSK591;MS023	10	GNYNQNFRGRGNNRG	True	0.2	0.8	Q00839:787
Q00839	HNRNPU	789	ADMA	Q00839	2	GSK591;MS023	18	YNQNFRGRGNNRGYK	True	0.1111111111111111	0.8888888888888888	Q00839:789
Q00839	HNRNPU	789	MMA	Q00839	2	GSK591;MS023	6	YNQNFRGRGNNRGYK	True	0.0	1.0	Q00839:789
Q00839	HNRNPU	789	SDMA	Q00839	2	GSK591;MS023	8	YNQNFRGRGNNRGYK	True	0.0	1.0	Q00839:789
Q00839	HNRNPU	793	ADMA	Q00839	2	GSK591;MS023	22	FRGRGNNRGYKNQSQ	True	0.2727272727272727	0.7272727272727273	Q00839:793
Q00839	HNRNPU	793	MMA	Q00839	2	GSK591;MS023	4	FRGRGNNRGYKNQSQ	True	0.0	1.0	Q00839:793
Q00839	HNRNPU	793	SDMA	Q00839	2	GSK591;MS023	8	FRGRGNNRGYKNQSQ	True	0.0	1.0	Q00839:793
Q01844	EWSR1	300	ADMA	Q01844	2	GSK591;MS023	38	SMSGPDNRGRGRGGF	True	0.15789473684210525	0.8421052631578947	Q01844:300
Q01844	EWSR1	300	MMA	Q01844	2	GSK591;MS023	16	SMSGPDNRGRGRGGF	True	0.25	0.75	Q01844:300
Q01844	EWSR1	300	SDMA	Q01844	2	GSK591;MS023	20	SMSGPDNRGRGRGGF	True	0.3	0.7	Q01844:300
Q01844	EWSR1	302	ADMA	Q01844	2	GSK591;MS023	50	SGPDNRGRGRGGFDR	True	0.08	0.92	Q01844:302
Q01844	EWSR1	302	MMA	Q01844	2	GSK591;MS023	16	SGPDNRGRGRGGFDR	True	0.0	1.0	Q01844:302
Q01844	EWSR1	302	SDMA	Q01844	2	GSK591;MS023	34	SGPDNRGRGRGGFDR	True	0.23529411764705882	0.7647058823529411	Q01844:302
Q01844	EWSR1	304	ADMA	Q01844	2	GSK591;MS023	54	PDNRGRGRGGFDRGG	True	0.07407407407407407	0.9259259259259259	Q01844:304
Q01844	EWSR1	304	MMA	Q01844	2	GSK591;MS023	22	PDNRGRGRGGFDRGG	True	0.09090909090909091	0.9090909090909091	Q01844:304
Q01844	EWSR1	304	SDMA	Q01844	2	GSK591;MS023	36	PDNRGRGRGGFDRGG	True	0.1111111111111111	0.8888888888888888	Q01844:304
Q01844	EWSR1	309	ADMA	Q01844	2	GSK591;MS023	54	RGRGGFDRGGMSRGG	True	0.07407407407407407	0.9259259259259259	Q01844:309
Q01844	EWSR1	309	MMA	Q01844	2	GSK591;MS023	22	RGRGGFDRGGMSRGG	True	0.18181818181818182	0.8181818181818182	Q01844:309
Q01844	EWSR1	309	SDMA	Q01844	2	GSK591;MS023	34	RGRGGFDRGGMSRGG	True	0.0	1.0	Q01844:309
Q01844	EWSR1	314	ADMA	Q01844	2	GSK591;MS023	38	FDRGGMSRGGRGGGR	True	0.15789473684210525	0.8421052631578947	Q01844:314
Q01844	EWSR1	314	MMA	Q01844	2	GSK591;MS023	16	FDRGGMSRGGRGGGR	True	0.5	0.5	Q01844:314
Q01844	EWSR1	314	SDMA	Q01844	2	GSK591;MS023	32	FDRGGMSRGGRGGGR	True	0.1875	0.8125	Q01844:314
Q01844	EWSR1	317	ADMA	Q01844	2	GSK591;MS023	42	GGMSRGGRGGGRGGM	True	0.19047619047619047	0.8095238095238095	Q01844:317
Q01844	EWSR1	317	MMA	Q01844	2	GSK591;MS023	20	GGMSRGGRGGGRGGM	True	0.2	0.8	Q01844:317
Q01844	EWSR1	317	SDMA	Q01844	2	GSK591;MS023	30	GGMSRGGRGGGRGGM	True	0.13333333333333333	0.8666666666666667	Q01844:317
Q01844	EWSR1	321	ADMA	Q01844	2	GSK591;MS023	46	RGGRGGGRGGMGSAG	True	0.34782608695652173	0.6521739130434783	Q01844:321
Q01844	EWSR1	321	MMA	Q01844	2	GSK591;MS023	16	RGGRGGGRGGMGSAG	True	0.875	0.125	Q01844:321
Q01844	EWSR1	321	SDMA	Q01844	2	GSK591;MS023	30	RGGRGGGRGGMGSAG	True	0.2	0.8	Q01844:321
Q01844	EWSR1	330	MMA	Q01844	2	GSK591;MS023	4	GMGSAGERGGFNKPG	True	1.0	0.0	Q01844:330
Q01844	EWSR1	455	ADMA	Q01844	2	GSK591;MS023	2	KPPMNSMRGGLPPRE	True	1.0	0.0	Q01844:455
Q01844	EWSR1	455	MMA	Q01844	2	GSK591;MS023	4	KPPMNSMRGGLPPRE	True	1.0	0.0	Q01844:455
Q01844	EWSR1	464	MMA	Q01844	2	GSK591;MS023	8	GLPPREGRGMPPPLR	True	1.0	0.0	Q01844:464
Q01844	EWSR1	471	MMA	Q01844	2	GSK591;MS023	16	RGMPPPLRGGPGGPG	True	0.5	0.5	Q01844:471
Q01844	EWSR1	486	MMA	Q01844	2	GSK591;MS023	8	GPGGPMGRMGGRGGD	True	1.0	0.0	Q01844:486
Q01844	EWSR1	490	MMA	Q01844	2	GSK591;MS023	4	PMGRMGGRGGDRGGF	True	1.0	0.0	Q01844:490
Q01844	EWSR1	494	ADMA	Q01844	2	GSK591;MS023	2	MGGRGGDRGGFPPRG	True	1.0	0.0	Q01844:494
Q01844	EWSR1	494	MMA	Q01844	2	GSK591;MS023	18	MGGRGGDRGGFPPRG	True	0.7777777777777778	0.2222222222222222	Q01844:494
Q01844	EWSR1	494	SDMA	Q01844	2	GSK591;MS023	2	MGGRGGDRGGFPPRG	True	1.0	0.0	Q01844:494
Q01844	EWSR1	500	ADMA	Q01844	2	GSK591;MS023	2	DRGGFPPRGPRGSRG	True	0.0	1.0	Q01844:500
Q01844	EWSR1	500	MMA	Q01844	2	GSK591;MS023	16	DRGGFPPRGPRGSRG	True	0.25	0.75	Q01844:500
Q01844	EWSR1	500	SDMA	Q01844	2	GSK591;MS023	2	DRGGFPPRGPRGSRG	True	0.0	1.0	Q01844:500
Q01844	EWSR1	503	MMA	Q01844	2	GSK591;MS023	10	GFPPRGPRGSRGNPS	True	0.2	0.8	Q01844:503
Q01844	EWSR1	506	MMA	Q01844	2	GSK591;MS023	8	PRGPRGSRGNPSGGG	True	0.0	1.0	Q01844:506
Q01844	EWSR1	518	MMA	Q01844	2	GSK591;MS023	2	GGGNVQHRAGDWQCP	True	0.0	1.0	Q01844:518
Q01844	EWSR1	581	ADMA	Q01844	2	GSK591;MS023	2	GRGGLMDRGGPGGMF	True	1.0	0.0	Q01844:581
Q01844	EWSR1	581	MMA	Q01844	2	GSK591;MS023	4	GRGGLMDRGGPGGMF	True	1.0	0.0	Q01844:581
Q01844	EWSR1	581	SDMA	Q01844	2	GSK591;MS023	2	GRGGLMDRGGPGGMF	True	1.0	0.0	Q01844:581
Q01844	EWSR1	589	ADMA	Q01844	2	GSK591;MS023	2	GGPGGMFRGGRGGDR	True	0.0	1.0	Q01844:589
Q01844	EWSR1	589	MMA	Q01844	2	GSK591;MS023	4	GGPGGMFRGGRGGDR	True	0.0	1.0	Q01844:589
Q01844	EWSR1	589	SDMA	Q01844	2	GSK591;MS023	2	GGPGGMFRGGRGGDR	True	0.0	1.0	Q01844:589
Q01844	EWSR1	592	ADMA	Q01844	2	GSK591;MS023	2	GGMFRGGRGGDRGGF	True	0.0	1.0	Q01844:592
Q01844	EWSR1	592	MMA	Q01844	2	GSK591;MS023	2	GGMFRGGRGGDRGGF	True	0.0	1.0	Q01844:592
Q01844	EWSR1	592	SDMA	Q01844	2	GSK591;MS023	2	GGMFRGGRGGDRGGF	True	1.0	0.0	Q01844:592
Q01844	EWSR1	596	ADMA	Q01844	2	GSK591;MS023	2	RGGRGGDRGGFRGGR	True	0.0	1.0	Q01844:596
Q01844	EWSR1	596	MMA	Q01844	2	GSK591;MS023	4	RGGRGGDRGGFRGGR	True	0.0	1.0	Q01844:596
Q01844	EWSR1	596	SDMA	Q01844	2	GSK591;MS023	2	RGGRGGDRGGFRGGR	True	0.0	1.0	Q01844:596
Q01844	EWSR1	600	ADMA	Q01844	2	GSK591;MS023	2	GGDRGGFRGGRGMDR	True	0.0	1.0	Q01844:600
Q01844	EWSR1	600	MMA	Q01844	2	GSK591;MS023	4	GGDRGGFRGGRGMDR	True	0.5	0.5	Q01844:600
Q01844	EWSR1	600	SDMA	Q01844	2	GSK591;MS023	2	GGDRGGFRGGRGMDR	True	0.0	1.0	Q01844:600
Q01844	EWSR1	603	ADMA	Q01844	2	GSK591;MS023	2	RGGFRGGRGMDRGGF	True	0.0	1.0	Q01844:603
Q01844	EWSR1	603	MMA	Q01844	2	GSK591;MS023	4	RGGFRGGRGMDRGGF	True	0.0	1.0	Q01844:603
Q01844	EWSR1	603	SDMA	Q01844	2	GSK591;MS023	2	RGGFRGGRGMDRGGF	True	0.0	1.0	Q01844:603
Q01844	EWSR1	607	MMA	Q01844	2	GSK591;MS023	2	RGGRGMDRGGFGGGR	True	0.0	1.0	Q01844:607
Q01844	EWSR1	615	MMA	Q01844	2	GSK591;MS023	2	GGFGGGRRGGPGGPP	True	0.0	1.0	Q01844:615
Q01844	EWSR1	632	MMA	Q01844	2	GSK591;MS023	16	LMEQMGGRRGGRGGP	True	0.75	0.25	Q01844:632
Q01844	EWSR1	632	SDMA	Q01844	2	GSK591;MS023	6	LMEQMGGRRGGRGGP	True	1.0	0.0	Q01844:632
Q01844	EWSR1	633	MMA	Q01844	2	GSK591;MS023	36	MEQMGGRRGGRGGPG	True	0.1111111111111111	0.8888888888888888	Q01844:633
Q01844	EWSR1	633	SDMA	Q01844	2	GSK591;MS023	10	MEQMGGRRGGRGGPG	True	0.0	1.0	Q01844:633
Q01844	EWSR1	636	MMA	Q01844	2	GSK591;MS023	34	MGGRRGGRGGPGKMD	True	0.9411764705882353	0.058823529411764705	Q01844:636
Q01844	EWSR1	636	SDMA	Q01844	2	GSK591;MS023	10	MGGRRGGRGGPGKMD	True	0.8	0.2	Q01844:636
Q04637	EIF4G1	685	MMA	Q04637	2	GSK591;MS023	4	LSTRGPPRGGPGGEL	True	1.0	0.0	Q04637:685
Q04637	EIF4G1	694	MMA	Q04637	2	GSK591;MS023	2	GPGGELPRGPAGLGP	True	1.0	0.0	Q04637:694
Q04637	EIF4G1	1032	MMA	Q04637	2	GSK591;MS023	2	AKGSDKRRGGPPGPP	True	1.0	0.0	Q04637:1032
Q06787	FMR1	471	ADMA	Q06787	2	GSK591;MS023	4	DDGQGMGRGSRPYRN	True	1.0	0.0	Q06787:471
Q06787	FMR1	471	MMA	Q06787	2	GSK591;MS023	6	DDGQGMGRGSRPYRN	True	1.0	0.0	Q06787:471
Q06787	FMR1	474	MMA	Q06787	2	GSK591;MS023	2	QGMGRGSRPYRNRGH	True	1.0	0.0	Q06787:474
Q06787	FMR1	479	ADMA	Q06787	2	GSK591;MS023	2	GSRPYRNRGHGRRGP	True	0.0	1.0	Q06787:479
Q06787	FMR1	479	MMA	Q06787	2	GSK591;MS023	4	GSRPYRNRGHGRRGP	True	0.5	0.5	Q06787:479
Q06787	FMR1	483	ADMA	Q06787	2	GSK591;MS023	2	YRNRGHGRRGPGYTS	True	0.0	1.0	Q06787:483
Q06787	FMR1	483	MMA	Q06787	2	GSK591;MS023	2	YRNRGHGRRGPGYTS	True	0.0	1.0	Q06787:483
Q07020	RPL18	176	MMA	Q07020	2	GSK591;MS023	2	SKGRKFERARGRRAS	True	1.0	0.0	Q07020:176
Q07020	RPL18	178	MMA	Q07020	2	GSK591;MS023	2	GRKFERARGRRASRG	True	1.0	0.0	Q07020:178
Q07020	RPL18	184	MMA	Q07020	2	GSK591;MS023	4	ARGRRASRGYKN___	True	1.0	0.0	Q07020:184
Q07507	DPT	43	SDMA	Q07507	2	GSK591;MS023	2	DGWVNLNRQGFSYQC	True	0.0	1.0	Q07507:43
Q07666	KHDRBS1	45	ADMA	Q07666	2	GSK591;MS023	2	PPLPHRSRGGGGGSR	True	0.0	1.0	Q07666:45
Q07666	KHDRBS1	52	ADMA	Q07666	2	GSK591;MS023	2	RGGGGGSRGGARASP	True	0.0	1.0	Q07666:52
Q07666	KHDRBS1	284	MMA	Q07666	2	GSK591;MS023	8	VPEPSRGRGVPVRGR	True	1.0	0.0	Q07666:284
Q07666	KHDRBS1	289	MMA	Q07666	2	GSK591;MS023	8	RGRGVPVRGRGAAPP	True	0.5	0.5	Q07666:289
Q07666	KHDRBS1	291	MMA	Q07666	2	GSK591;MS023	8	RGVPVRGRGAAPPPP	True	0.5	0.5	Q07666:291
Q07666	KHDRBS1	302	MMA	Q07666	2	GSK591;MS023	8	PPPPPVPRGRGVGPP	True	1.0	0.0	Q07666:302
Q07666	KHDRBS1	325	MMA	Q07666	2	GSK591;MS023	2	PVRGAITRGATVTRG	True	1.0	0.0	Q07666:325
Q07666	KHDRBS1	331	MMA	Q07666	2	GSK591;MS023	4	TRGATVTRGVPPPPT	True	0.5	0.5	Q07666:331
Q07666	KHDRBS1	340	MMA	Q07666	2	GSK591;MS023	4	VPPPPTVRGAPAPRA	True	1.0	0.0	Q07666:340
Q07666	KHDRBS1	346	MMA	Q07666	2	GSK591;MS023	2	VRGAPAPRARTAGIQ	True	0.0	1.0	Q07666:346
Q07890	SOS2	1321	ADMA	Q07890	2	GSK591;MS023	2	LSHPPLYRLPLLENA	True	0.0	1.0	Q07890:1321
Q07955	SRSF1	93	ADMA	Q07955	2	GSK591;MS023	10	VEFPRSGRGTGRGGG	True	0.6	0.4	Q07955:93
Q07955	SRSF1	93	MMA	Q07955	2	GSK591;MS023	42	VEFPRSGRGTGRGGG	True	0.6190476190476191	0.38095238095238093	Q07955:93
Q07955	SRSF1	93	SDMA	Q07955	2	GSK591;MS023	4	VEFPRSGRGTGRGGG	True	1.0	0.0	Q07955:93
Q07955	SRSF1	97	ADMA	Q07955	2	GSK591;MS023	10	RSGRGTGRGGGGGGG	True	0.6	0.4	Q07955:97
Q07955	SRSF1	97	MMA	Q07955	2	GSK591;MS023	52	RSGRGTGRGGGGGGG	True	0.5	0.5	Q07955:97
Q07955	SRSF1	97	SDMA	Q07955	2	GSK591;MS023	4	RSGRGTGRGGGGGGG	True	0.5	0.5	Q07955:97
Q07955	SRSF1	109	ADMA	Q07955	2	GSK591;MS023	6	GGGGGAPRGRYGPPS	True	0.3333333333333333	0.6666666666666666	Q07955:109
Q07955	SRSF1	109	MMA	Q07955	2	GSK591;MS023	42	GGGGGAPRGRYGPPS	True	0.7619047619047619	0.23809523809523808	Q07955:109
Q07955	SRSF1	109	SDMA	Q07955	2	GSK591;MS023	4	GGGGGAPRGRYGPPS	True	1.0	0.0	Q07955:109
Q07955	SRSF1	111	MMA	Q07955	2	GSK591;MS023	2	GGGAPRGRYGPPSRR	True	1.0	0.0	Q07955:111
Q08211	DHX9	1227	MMA	Q08211	2	GSK591;MS023	2	GVSRGGFRGNSGGDY	True	0.0	1.0	Q08211:1227
Q08211	DHX9	1235	MMA	Q08211	2	GSK591;MS023	2	GNSGGDYRGPSGGYR	True	1.0	0.0	Q08211:1235
Q08211	DHX9	1242	MMA	Q08211	2	GSK591;MS023	4	RGPSGGYRGSGGFQR	True	0.5	0.5	Q08211:1242
Q08211	DHX9	1242	SDMA	Q08211	2	GSK591;MS023	2	RGPSGGYRGSGGFQR	True	0.0	1.0	Q08211:1242
Q08211	DHX9	1249	MMA	Q08211	2	GSK591;MS023	6	RGSGGFQRGGGRGAY	True	0.0	1.0	Q08211:1249
Q08211	DHX9	1249	SDMA	Q08211	2	GSK591;MS023	4	RGSGGFQRGGGRGAY	True	0.0	1.0	Q08211:1249
Q08211	DHX9	1253	MMA	Q08211	2	GSK591;MS023	6	GFQRGGGRGAYGTGY	True	0.0	1.0	Q08211:1253
Q08211	DHX9	1253	SDMA	Q08211	2	GSK591;MS023	4	GFQRGGGRGAYGTGY	True	0.0	1.0	Q08211:1253
Q08211	DHX9	1265	MMA	Q08211	2	GSK591;MS023	6	TGYFGQGRGGGGY__	True	1.0	0.0	Q08211:1265
Q08211	DHX9	1265	SDMA	Q08211	2	GSK591;MS023	4	TGYFGQGRGGGGY__	True	0.0	1.0	Q08211:1265
Q08945	SSRP1	645	MMA	Q08945	2	GSK591;MS023	2	EKKSTPSRGSSSKSS	True	1.0	0.0	Q08945:645
Q12769	NUP160	1428	ADMA	Q12769	2	GSK591;MS023	2	QKVDKATRDLLYRRT	True	1.0	0.0	Q12769:1428
Q12769	NUP160	1433	ADMA	Q12769	2	GSK591;MS023	2	ATRDLLYRRTL____	True	0.0	1.0	Q12769:1433
Q12774	ARHGEF5	866	ADMA	Q12774	2	GSK591;MS023	2	RGRSRSTRGGHMNSG	True	0.0	1.0	Q12774:866
Q12873	CHD3	1664	ADMA	Q12873	2	GSK591;MS023	2	DGQEHRERPEGETGD	True	0.0	1.0	Q12873:1664
Q12888	TP53BP1	1355	MMA	Q12888	2	GSK591;MS023	2	DFALPSSRGGPGKLS	True	1.0	0.0	Q12888:1355
Q12905	ILF2	2	ADMA	Q12905	2	GSK591;MS023	114	______MRGDRGRGR	True	0.3333333333333333	0.6666666666666666	Q12905:2
Q12905	ILF2	2	MMA	Q12905	2	GSK591;MS023	116	______MRGDRGRGR	True	0.3448275862068966	0.6551724137931034	Q12905:2
Q12905	ILF2	2	SDMA	Q12905	2	GSK591;MS023	88	______MRGDRGRGR	True	0.3409090909090909	0.6590909090909091	Q12905:2
Q12905	ILF2	5	ADMA	Q12905	2	GSK591;MS023	164	___MRGDRGRGRGGR	True	0.23170731707317074	0.7682926829268293	Q12905:5
Q12905	ILF2	5	MMA	Q12905	2	GSK591;MS023	166	___MRGDRGRGRGGR	True	0.24096385542168675	0.7590361445783133	Q12905:5
Q12905	ILF2	5	SDMA	Q12905	2	GSK591;MS023	110	___MRGDRGRGRGGR	True	0.18181818181818182	0.8181818181818182	Q12905:5
Q12905	ILF2	7	ADMA	Q12905	2	GSK591;MS023	184	_MRGDRGRGRGGRFG	True	0.06521739130434782	0.9347826086956522	Q12905:7
Q12905	ILF2	7	MMA	Q12905	2	GSK591;MS023	182	_MRGDRGRGRGGRFG	True	0.054945054945054944	0.945054945054945	Q12905:7
Q12905	ILF2	7	SDMA	Q12905	2	GSK591;MS023	128	_MRGDRGRGRGGRFG	True	0.03125	0.96875	Q12905:7
Q12905	ILF2	9	ADMA	Q12905	2	GSK591;MS023	184	RGDRGRGRGGRFGSR	True	0.16304347826086957	0.8369565217391305	Q12905:9
Q12905	ILF2	9	MMA	Q12905	2	GSK591;MS023	182	RGDRGRGRGGRFGSR	True	0.2087912087912088	0.7912087912087912	Q12905:9
Q12905	ILF2	9	SDMA	Q12905	2	GSK591;MS023	128	RGDRGRGRGGRFGSR	True	0.15625	0.84375	Q12905:9
Q12905	ILF2	12	ADMA	Q12905	2	GSK591;MS023	136	RGRGRGGRFGSRGGP	True	0.3382352941176471	0.6617647058823529	Q12905:12
Q12905	ILF2	12	MMA	Q12905	2	GSK591;MS023	118	RGRGRGGRFGSRGGP	True	0.4067796610169492	0.5932203389830508	Q12905:12
Q12905	ILF2	12	SDMA	Q12905	2	GSK591;MS023	82	RGRGRGGRFGSRGGP	True	0.3902439024390244	0.6097560975609756	Q12905:12
Q12905	ILF2	16	ADMA	Q12905	2	GSK591;MS023	44	RGGRFGSRGGPGGGF	True	0.8181818181818182	0.18181818181818182	Q12905:16
Q12905	ILF2	16	MMA	Q12905	2	GSK591;MS023	48	RGGRFGSRGGPGGGF	True	0.8333333333333334	0.16666666666666666	Q12905:16
Q12905	ILF2	16	SDMA	Q12905	2	GSK591;MS023	36	RGGRFGSRGGPGGGF	True	0.8333333333333334	0.16666666666666666	Q12905:16
Q12905	ILF2	24	ADMA	Q12905	2	GSK591;MS023	4	GGPGGGFRPFVPHIP	True	1.0	0.0	Q12905:24
Q12905	ILF2	24	MMA	Q12905	2	GSK591;MS023	2	GGPGGGFRPFVPHIP	True	1.0	0.0	Q12905:24
Q12905	ILF2	24	SDMA	Q12905	2	GSK591;MS023	2	GGPGGGFRPFVPHIP	True	1.0	0.0	Q12905:24
Q12906	ILF3	609	ADMA	Q12906	2	GSK591;MS023	2	KRAPVPVRGGPKFAA	True	0.0	1.0	Q12906:609
Q12906	ILF3	609	MMA	Q12906	2	GSK591;MS023	4	KRAPVPVRGGPKFAA	True	1.0	0.0	Q12906:609
Q12906	ILF3	609	SDMA	Q12906	2	GSK591;MS023	2	KRAPVPVRGGPKFAA	True	0.0	1.0	Q12906:609
Q13151	HNRNPA0	192	MMA	Q13151	2	GSK591;MS023	6	GGGSRSSRGGRGGRG	True	0.0	1.0	Q13151:192
Q13151	HNRNPA0	195	MMA	Q13151	2	GSK591;MS023	6	SRSSRGGRGGRGRGG	True	0.6666666666666666	0.3333333333333333	Q13151:195
Q13151	HNRNPA0	198	MMA	Q13151	2	GSK591;MS023	6	SRGGRGGRGRGGGRD	True	0.3333333333333333	0.6666666666666666	Q13151:198
Q13151	HNRNPA0	200	MMA	Q13151	2	GSK591;MS023	4	GGRGGRGRGGGRDQN	True	0.0	1.0	Q13151:200
Q13155	AIMP2	26	ADMA	Q13155	2	GSK591;MS023	10	ELPTCMYRLPNVHGR	True	0.0	1.0	Q13155:26
Q13155	AIMP2	26	MMA	Q13155	2	GSK591;MS023	2	ELPTCMYRLPNVHGR	True	0.0	1.0	Q13155:26
Q13155	AIMP2	26	SDMA	Q13155	2	GSK591;MS023	2	ELPTCMYRLPNVHGR	True	0.0	1.0	Q13155:26
Q13227	GPS2	312	ADMA	Q13227	2	GSK591;MS023	2	ATSQPGPRLPFIQHS	True	0.0	1.0	Q13227:312
Q13227	GPS2	312	MMA	Q13227	2	GSK591;MS023	2	ATSQPGPRLPFIQHS	True	0.0	1.0	Q13227:312
Q13227	GPS2	323	ADMA	Q13227	2	GSK591;MS023	2	IQHSQNPRFYHK___	True	0.0	1.0	Q13227:323
Q13227	GPS2	323	MMA	Q13227	2	GSK591;MS023	2	IQHSQNPRFYHK___	True	0.0	1.0	Q13227:323
Q13242	SRSF9	93	MMA	Q13242	2	GSK591;MS023	4	FPRTYGGRGGWPRGG	True	1.0	0.0	Q13242:93
Q13242	SRSF9	98	MMA	Q13242	2	GSK591;MS023	4	GGRGGWPRGGRNGPP	True	0.5	0.5	Q13242:98
Q13242	SRSF9	101	MMA	Q13242	2	GSK591;MS023	2	GGWPRGGRNGPPTRR	True	1.0	0.0	Q13242:101
Q13243	SRSF5	75	ADMA	Q13243	2	GSK591;MS023	2	TIEHARARSRGGRGR	True	1.0	0.0	Q13243:75
Q13243	SRSF5	75	MMA	Q13243	2	GSK591;MS023	2	TIEHARARSRGGRGR	True	1.0	0.0	Q13243:75
Q13243	SRSF5	77	ADMA	Q13243	2	GSK591;MS023	6	EHARARSRGGRGRGR	True	0.0	1.0	Q13243:77
Q13243	SRSF5	77	MMA	Q13243	2	GSK591;MS023	6	EHARARSRGGRGRGR	True	0.3333333333333333	0.6666666666666666	Q13243:77
Q13243	SRSF5	80	ADMA	Q13243	2	GSK591;MS023	6	RARSRGGRGRGRYSD	True	0.3333333333333333	0.6666666666666666	Q13243:80
Q13243	SRSF5	80	MMA	Q13243	2	GSK591;MS023	6	RARSRGGRGRGRYSD	True	0.3333333333333333	0.6666666666666666	Q13243:80
Q13243	SRSF5	82	ADMA	Q13243	2	GSK591;MS023	6	RSRGGRGRGRYSDRF	True	0.0	1.0	Q13243:82
Q13243	SRSF5	82	MMA	Q13243	2	GSK591;MS023	6	RSRGGRGRGRYSDRF	True	0.0	1.0	Q13243:82
Q13243	SRSF5	84	ADMA	Q13243	2	GSK591;MS023	2	RGGRGRGRYSDRFSS	True	0.0	1.0	Q13243:84
Q13243	SRSF5	88	ADMA	Q13243	2	GSK591;MS023	4	GRGRYSDRFSSRRPR	True	1.0	0.0	Q13243:88
Q13243	SRSF5	88	MMA	Q13243	2	GSK591;MS023	4	GRGRYSDRFSSRRPR	True	1.0	0.0	Q13243:88
Q13283	G3BP1	429	ADMA	Q13283	2	GSK591;MS023	2	DRRDNRLRGPGGPRG	True	1.0	0.0	Q13283:429
Q13283	G3BP1	429	SDMA	Q13283	2	GSK591;MS023	2	DRRDNRLRGPGGPRG	True	1.0	0.0	Q13283:429
Q13283	G3BP1	435	ADMA	Q13283	2	GSK591;MS023	24	LRGPGGPRGGLGGGM	True	0.25	0.75	Q13283:435
Q13283	G3BP1	435	MMA	Q13283	2	GSK591;MS023	44	LRGPGGPRGGLGGGM	True	0.4090909090909091	0.5909090909090909	Q13283:435
Q13283	G3BP1	435	SDMA	Q13283	2	GSK591;MS023	38	LRGPGGPRGGLGGGM	True	0.15789473684210525	0.8421052631578947	Q13283:435
Q13283	G3BP1	443	MMA	Q13283	2	GSK591;MS023	2	GGLGGGMRGPPRGGM	True	0.0	1.0	Q13283:443
Q13283	G3BP1	443	SDMA	Q13283	2	GSK591;MS023	2	GGLGGGMRGPPRGGM	True	1.0	0.0	Q13283:443
Q13283	G3BP1	447	ADMA	Q13283	2	GSK591;MS023	26	GGMRGPPRGGMVQKP	True	0.3076923076923077	0.6923076923076923	Q13283:447
Q13283	G3BP1	447	MMA	Q13283	2	GSK591;MS023	60	GGMRGPPRGGMVQKP	True	0.4	0.6	Q13283:447
Q13283	G3BP1	447	SDMA	Q13283	2	GSK591;MS023	38	GGMRGPPRGGMVQKP	True	0.15789473684210525	0.8421052631578947	Q13283:447
Q13283	G3BP1	460	ADMA	Q13283	2	GSK591;MS023	20	KPGFGVGRGLAPRQ_	True	0.4	0.6	Q13283:460
Q13283	G3BP1	460	MMA	Q13283	2	GSK591;MS023	46	KPGFGVGRGLAPRQ_	True	0.5652173913043478	0.43478260869565216	Q13283:460
Q13283	G3BP1	460	SDMA	Q13283	2	GSK591;MS023	26	KPGFGVGRGLAPRQ_	True	0.3076923076923077	0.6923076923076923	Q13283:460
Q13283	G3BP1	465	ADMA	Q13283	2	GSK591;MS023	6	VGRGLAPRQ______	True	0.3333333333333333	0.6666666666666666	Q13283:465
Q13283	G3BP1	465	MMA	Q13283	2	GSK591;MS023	12	VGRGLAPRQ______	True	0.5	0.5	Q13283:465
Q13283	G3BP1	465	SDMA	Q13283	2	GSK591;MS023	10	VGRGLAPRQ______	True	0.4	0.6	Q13283:465
Q13303	KCNAB2	28	ADMA	Q13303	2	GSK591;MS023	2	PGMIYSTRYGSPKRQ	True	0.0	1.0	Q13303:28
Q13310	PABPC4	509	ADMA	Q13310	2	GSK591;MS023	2	AVQNLAPRAAVAAAA	True	0.0	1.0	Q13310:509
Q13310	PABPC4	518	ADMA	Q13310	2	GSK591;MS023	2	AVAAAAPRAVAPYKY	True	0.0	1.0	Q13310:518
Q13435	SF3B2	205	ADMA	Q13435	2	GSK591;MS023	2	KMGTPVPRPPQDMGQ	True	1.0	0.0	Q13435:205
Q13435	SF3B2	216	ADMA	Q13435	2	GSK591;MS023	42	DMGQIGVRTPLGPRV	True	0.19047619047619047	0.8095238095238095	Q13435:216
Q13435	SF3B2	216	MMA	Q13435	2	GSK591;MS023	20	DMGQIGVRTPLGPRV	True	0.5	0.5	Q13435:216
Q13435	SF3B2	222	ADMA	Q13435	2	GSK591;MS023	28	VRTPLGPRVAAPVGP	True	0.35714285714285715	0.6428571428571429	Q13435:222
Q13435	SF3B2	222	MMA	Q13435	2	GSK591;MS023	12	VRTPLGPRVAAPVGP	True	0.6666666666666666	0.3333333333333333	Q13435:222
Q13435	SF3B2	245	ADMA	Q13435	2	GSK591;MS023	28	PMGAPVPRPRGPPPP	True	0.2857142857142857	0.7142857142857143	Q13435:245
Q13435	SF3B2	245	MMA	Q13435	2	GSK591;MS023	18	PMGAPVPRPRGPPPP	True	0.3333333333333333	0.6666666666666666	Q13435:245
Q13435	SF3B2	247	ADMA	Q13435	2	GSK591;MS023	12	GAPVPRPRGPPPPPG	True	0.3333333333333333	0.6666666666666666	Q13435:247
Q13435	SF3B2	247	MMA	Q13435	2	GSK591;MS023	6	GAPVPRPRGPPPPPG	True	0.0	1.0	Q13435:247
Q13435	SF3B2	258	MMA	Q13435	2	GSK591;MS023	2	PPPGDENREMDDPSV	True	0.0	1.0	Q13435:258
Q13435	SF3B2	884	MMA	Q13435	2	GSK591;MS023	4	KAQPQDSRGGSKKYK	True	1.0	0.0	Q13435:884
Q13442	PDAP1	6	MMA	Q13442	2	GSK591;MS023	4	__MPKGGRKGGHKGR	True	1.0	0.0	Q13442:6
Q13442	PDAP1	13	MMA	Q13442	2	GSK591;MS023	2	RKGGHKGRARQYTSP	True	1.0	0.0	Q13442:13
Q14011	CIRBP	94	ADMA	Q14011	2	GSK591;MS023	2	DNRSRGYRGGSAGGR	True	0.0	1.0	Q14011:94
Q14011	CIRBP	94	MMA	Q14011	2	GSK591;MS023	4	DNRSRGYRGGSAGGR	True	0.5	0.5	Q14011:94
Q14011	CIRBP	94	SDMA	Q14011	2	GSK591;MS023	2	DNRSRGYRGGSAGGR	True	1.0	0.0	Q14011:94
Q14011	CIRBP	101	ADMA	Q14011	2	GSK591;MS023	4	RGGSAGGRGFFRGGR	True	0.0	1.0	Q14011:101
Q14011	CIRBP	101	MMA	Q14011	2	GSK591;MS023	6	RGGSAGGRGFFRGGR	True	0.0	1.0	Q14011:101
Q14011	CIRBP	101	SDMA	Q14011	2	GSK591;MS023	2	RGGSAGGRGFFRGGR	True	0.0	1.0	Q14011:101
Q14011	CIRBP	105	ADMA	Q14011	2	GSK591;MS023	4	AGGRGFFRGGRGRGR	True	0.0	1.0	Q14011:105
Q14011	CIRBP	105	MMA	Q14011	2	GSK591;MS023	8	AGGRGFFRGGRGRGR	True	0.25	0.75	Q14011:105
Q14011	CIRBP	105	SDMA	Q14011	2	GSK591;MS023	2	AGGRGFFRGGRGRGR	True	0.0	1.0	Q14011:105
Q14011	CIRBP	108	ADMA	Q14011	2	GSK591;MS023	4	RGFFRGGRGRGRGFS	True	0.0	1.0	Q14011:108
Q14011	CIRBP	108	MMA	Q14011	2	GSK591;MS023	6	RGFFRGGRGRGRGFS	True	0.0	1.0	Q14011:108
Q14011	CIRBP	108	SDMA	Q14011	2	GSK591;MS023	2	RGFFRGGRGRGRGFS	True	0.0	1.0	Q14011:108
Q14011	CIRBP	110	ADMA	Q14011	2	GSK591;MS023	4	FFRGGRGRGRGFSRG	True	0.0	1.0	Q14011:110
Q14011	CIRBP	110	MMA	Q14011	2	GSK591;MS023	4	FFRGGRGRGRGFSRG	True	0.0	1.0	Q14011:110
Q14011	CIRBP	110	SDMA	Q14011	2	GSK591;MS023	2	FFRGGRGRGRGFSRG	True	0.0	1.0	Q14011:110
Q14011	CIRBP	112	ADMA	Q14011	2	GSK591;MS023	4	RGGRGRGRGFSRGGG	True	0.0	1.0	Q14011:112
Q14011	CIRBP	112	MMA	Q14011	2	GSK591;MS023	4	RGGRGRGRGFSRGGG	True	0.0	1.0	Q14011:112
Q14011	CIRBP	112	SDMA	Q14011	2	GSK591;MS023	2	RGGRGRGRGFSRGGG	True	0.0	1.0	Q14011:112
Q14011	CIRBP	116	ADMA	Q14011	2	GSK591;MS023	4	GRGRGFSRGGGDRGY	True	0.0	1.0	Q14011:116
Q14011	CIRBP	116	MMA	Q14011	2	GSK591;MS023	4	GRGRGFSRGGGDRGY	True	0.0	1.0	Q14011:116
Q14011	CIRBP	116	SDMA	Q14011	2	GSK591;MS023	2	GRGRGFSRGGGDRGY	True	0.0	1.0	Q14011:116
Q14011	CIRBP	121	MMA	Q14011	2	GSK591;MS023	2	FSRGGGDRGYGGNRF	True	0.0	1.0	Q14011:121
Q14103	HNRNPD	272	MMA	Q14103	2	GSK591;MS023	4	QQQQWGSRGGFAGRA	True	1.0	0.0	Q14103:272
Q14103	HNRNPD	278	MMA	Q14103	2	GSK591;MS023	2	SRGGFAGRARGRGGG	True	0.0	1.0	Q14103:278
Q14103	HNRNPD	345	MMA	Q14103	2	GSK591;MS023	2	GYGKVSRRGGHQNSY	True	1.0	0.0	Q14103:345
Q14137	BOP1	5	ADMA	Q14137	2	GSK591;MS023	4	___MAGSRGAGRTAA	True	1.0	0.0	Q14137:5
Q14137	BOP1	5	MMA	Q14137	2	GSK591;MS023	4	___MAGSRGAGRTAA	True	1.0	0.0	Q14137:5
Q14137	BOP1	5	SDMA	Q14137	2	GSK591;MS023	2	___MAGSRGAGRTAA	True	1.0	0.0	Q14137:5
Q14151	SAFB2	897	MMA	Q14151	2	GSK591;MS023	4	GPGHMASRGGVAGRG	True	1.0	0.0	Q14151:897
Q14151	SAFB2	903	ADMA	Q14151	2	GSK591;MS023	2	SRGGVAGRGGFAQGG	True	1.0	0.0	Q14151:903
Q14151	SAFB2	903	MMA	Q14151	2	GSK591;MS023	8	SRGGVAGRGGFAQGG	True	0.5	0.5	Q14151:903
Q14157	UBAP2L	172	ADMA	Q14157	2	GSK591;MS023	4	PSGRGTERGRRGRGR	True	0.0	1.0	Q14157:172
Q14157	UBAP2L	172	MMA	Q14157	2	GSK591;MS023	2	PSGRGTERGRRGRGR	True	0.0	1.0	Q14157:172
Q14157	UBAP2L	174	ADMA	Q14157	2	GSK591;MS023	4	GRGTERGRRGRGRGR	True	0.0	1.0	Q14157:174
Q14157	UBAP2L	174	MMA	Q14157	2	GSK591;MS023	2	GRGTERGRRGRGRGR	True	0.0	1.0	Q14157:174
Q14157	UBAP2L	175	ADMA	Q14157	2	GSK591;MS023	4	RGTERGRRGRGRGRG	True	0.0	1.0	Q14157:175
Q14157	UBAP2L	175	MMA	Q14157	2	GSK591;MS023	2	RGTERGRRGRGRGRG	True	0.0	1.0	Q14157:175
Q14157	UBAP2L	177	ADMA	Q14157	2	GSK591;MS023	4	TERGRRGRGRGRGGS	True	0.0	1.0	Q14157:177
Q14157	UBAP2L	177	MMA	Q14157	2	GSK591;MS023	2	TERGRRGRGRGRGGS	True	0.0	1.0	Q14157:177
Q14157	UBAP2L	179	ADMA	Q14157	2	GSK591;MS023	4	RGRRGRGRGRGGSGR	True	0.0	1.0	Q14157:179
Q14157	UBAP2L	179	MMA	Q14157	2	GSK591;MS023	2	RGRRGRGRGRGGSGR	True	0.0	1.0	Q14157:179
Q14157	UBAP2L	181	ADMA	Q14157	2	GSK591;MS023	4	RRGRGRGRGGSGRRG	True	0.0	1.0	Q14157:181
Q14157	UBAP2L	181	MMA	Q14157	2	GSK591;MS023	2	RRGRGRGRGGSGRRG	True	0.0	1.0	Q14157:181
Q14157	UBAP2L	186	ADMA	Q14157	2	GSK591;MS023	4	RGRGGSGRRGGRFSA	True	0.0	1.0	Q14157:186
Q14157	UBAP2L	186	MMA	Q14157	2	GSK591;MS023	2	RGRGGSGRRGGRFSA	True	0.0	1.0	Q14157:186
Q14157	UBAP2L	187	ADMA	Q14157	2	GSK591;MS023	2	GRGGSGRRGGRFSAQ	True	0.0	1.0	Q14157:187
Q14157	UBAP2L	187	MMA	Q14157	2	GSK591;MS023	2	GRGGSGRRGGRFSAQ	True	0.0	1.0	Q14157:187
Q14157	UBAP2L	190	ADMA	Q14157	2	GSK591;MS023	2	GSGRRGGRFSAQGMG	True	0.0	1.0	Q14157:190
Q14157	UBAP2L	190	MMA	Q14157	2	GSK591;MS023	2	GSGRRGGRFSAQGMG	True	0.0	1.0	Q14157:190
Q14160	SCRIB	1116	MMA	Q14160	2	GSK591;MS023	2	ERLGISIRGGARGHA	True	1.0	0.0	Q14160:1116
Q14444	CAPRIN1	608	ADMA	Q14444	2	GSK591;MS023	4	NQPYYNSRGVSRGGS	True	0.0	1.0	Q14444:608
Q14444	CAPRIN1	608	MMA	Q14444	2	GSK591;MS023	2	NQPYYNSRGVSRGGS	True	0.0	1.0	Q14444:608
Q14444	CAPRIN1	608	SDMA	Q14444	2	GSK591;MS023	2	NQPYYNSRGVSRGGS	True	0.0	1.0	Q14444:608
Q14444	CAPRIN1	612	ADMA	Q14444	2	GSK591;MS023	8	YNSRGVSRGGSRGAR	True	0.0	1.0	Q14444:612
Q14444	CAPRIN1	612	MMA	Q14444	2	GSK591;MS023	2	YNSRGVSRGGSRGAR	True	0.0	1.0	Q14444:612
Q14444	CAPRIN1	612	SDMA	Q14444	2	GSK591;MS023	2	YNSRGVSRGGSRGAR	True	0.0	1.0	Q14444:612
Q14444	CAPRIN1	616	ADMA	Q14444	2	GSK591;MS023	10	GVSRGGSRGARGLMN	True	0.0	1.0	Q14444:616
Q14444	CAPRIN1	616	MMA	Q14444	2	GSK591;MS023	2	GVSRGGSRGARGLMN	True	0.0	1.0	Q14444:616
Q14444	CAPRIN1	616	SDMA	Q14444	2	GSK591;MS023	2	GVSRGGSRGARGLMN	True	0.0	1.0	Q14444:616
Q14444	CAPRIN1	619	ADMA	Q14444	2	GSK591;MS023	8	RGGSRGARGLMNGYR	True	0.0	1.0	Q14444:619
Q14444	CAPRIN1	619	MMA	Q14444	2	GSK591;MS023	2	RGGSRGARGLMNGYR	True	0.0	1.0	Q14444:619
Q14444	CAPRIN1	619	SDMA	Q14444	2	GSK591;MS023	2	RGGSRGARGLMNGYR	True	0.0	1.0	Q14444:619
Q14444	CAPRIN1	626	ADMA	Q14444	2	GSK591;MS023	2	RGLMNGYRGPANGFR	True	0.0	1.0	Q14444:626
Q14444	CAPRIN1	676	ADMA	Q14444	2	GSK591;MS023	4	GYQQNFKRGSGQSGP	True	0.0	1.0	Q14444:676
Q14444	CAPRIN1	676	MMA	Q14444	2	GSK591;MS023	6	GYQQNFKRGSGQSGP	True	0.0	1.0	Q14444:676
Q14444	CAPRIN1	684	ADMA	Q14444	2	GSK591;MS023	4	GSGQSGPRGAPRGRG	True	0.0	1.0	Q14444:684
Q14444	CAPRIN1	684	MMA	Q14444	2	GSK591;MS023	6	GSGQSGPRGAPRGRG	True	0.0	1.0	Q14444:684
Q14444	CAPRIN1	688	ADMA	Q14444	2	GSK591;MS023	4	SGPRGAPRGRGGPPR	True	0.0	1.0	Q14444:688
Q14444	CAPRIN1	688	MMA	Q14444	2	GSK591;MS023	6	SGPRGAPRGRGGPPR	True	0.0	1.0	Q14444:688
Q14444	CAPRIN1	690	ADMA	Q14444	2	GSK591;MS023	4	PRGAPRGRGGPPRPN	True	0.0	1.0	Q14444:690
Q14444	CAPRIN1	690	MMA	Q14444	2	GSK591;MS023	4	PRGAPRGRGGPPRPN	True	0.0	1.0	Q14444:690
Q14444	CAPRIN1	695	ADMA	Q14444	2	GSK591;MS023	2	RGRGGPPRPNRGMPQ	True	0.0	1.0	Q14444:695
Q14444	CAPRIN1	695	MMA	Q14444	2	GSK591;MS023	2	RGRGGPPRPNRGMPQ	True	0.0	1.0	Q14444:695
Q14444	CAPRIN1	698	ADMA	Q14444	2	GSK591;MS023	2	GGPPRPNRGMPQMNT	True	0.0	1.0	Q14444:698
Q14444	CAPRIN1	698	MMA	Q14444	2	GSK591;MS023	4	GGPPRPNRGMPQMNT	True	1.0	0.0	Q14444:698
Q14686	NCOA6	1047	ADMA	Q14686	2	GSK591;MS023	2	QQDPKSVRLPVSQNV	True	0.0	1.0	Q14686:1047
Q14686	NCOA6	1058	ADMA	Q14686	2	GSK591;MS023	2	SQNVHPPRGPLNPDS	True	0.0	1.0	Q14686:1058
Q14966	ZNF638	3	ADMA	Q14966	2	GSK591;MS023	2	_____MSRPRFNPRG	True	0.0	1.0	Q14966:3
Q14966	ZNF638	9	ADMA	Q14966	2	GSK591;MS023	2	SRPRFNPRGDFPLQR	True	0.0	1.0	Q14966:9
Q14966	ZNF638	1465	ADMA	Q14966	2	GSK591;MS023	2	PTQSSLTRGGSGRIS	True	1.0	0.0	Q14966:1465
Q14966	ZNF638	1465	MMA	Q14966	2	GSK591;MS023	4	PTQSSLTRGGSGRIS	True	1.0	0.0	Q14966:1465
Q14978	NOLC1	683	MMA	Q14978	2	GSK591;MS023	2	KKKRGSYRGGSISVQ	True	1.0	0.0	Q14978:683
Q15020	SART3	906	MMA	Q15020	2	GSK591;MS023	2	LPQTYGARGKGRTQL	True	1.0	0.0	Q15020:906
Q15020	SART3	906	SDMA	Q15020	2	GSK591;MS023	2	LPQTYGARGKGRTQL	True	1.0	0.0	Q15020:906
Q15056	EIF4H	19	MMA	Q15056	2	GSK591;MS023	8	YSSFGGGRGSRGSAG	True	0.75	0.25	Q15056:19
Q15056	EIF4H	22	MMA	Q15056	2	GSK591;MS023	4	FGGGRGSRGSAGGHG	True	1.0	0.0	Q15056:22
Q15056	EIF4H	166	ADMA	Q15056	2	GSK591;MS023	2	RDDFLGGRGGSRPGD	True	1.0	0.0	Q15056:166
Q15056	EIF4H	166	MMA	Q15056	2	GSK591;MS023	4	RDDFLGGRGGSRPGD	True	1.0	0.0	Q15056:166
Q15056	EIF4H	191	MMA	Q15056	2	GSK591;MS023	2	FRDGPPLRGSNMDFR	True	1.0	0.0	Q15056:191
Q15424	SAFB	868	MMA	Q15424	2	GSK591;MS023	2	GPGHMMNRGGMSGRG	True	1.0	0.0	Q15424:868
Q15424	SAFB	874	MMA	Q15424	2	GSK591;MS023	2	NRGGMSGRGSFAPGG	True	0.0	1.0	Q15424:874
Q15654	TRIP6	179	MMA	Q15654	2	GSK591;MS023	2	VKVAQPVRGCGPPRR	True	1.0	0.0	Q15654:179
Q15654	TRIP6	186	MMA	Q15654	2	GSK591;MS023	4	RGCGPPRRGASQASG	True	0.5	0.5	Q15654:186
Q15654	TRIP6	205	MMA	Q15654	2	GSK591;MS023	4	PHFPLPGRGEVWGPG	True	1.0	0.0	Q15654:205
Q15654	TRIP6	236	MMA	Q15654	2	GSK591;MS023	2	GVSGPAGRGRGGEHG	True	1.0	0.0	Q15654:236
Q15654	TRIP6	238	MMA	Q15654	2	GSK591;MS023	2	SGPAGRGRGGEHGPQ	True	1.0	0.0	Q15654:238
Q16630	CPSF6	202	ADMA	Q16630	2	GSK591;MS023	2	AAFPQGGRGRGRFPG	True	0.0	1.0	Q16630:202
Q16630	CPSF6	202	SDMA	Q16630	2	GSK591;MS023	2	AAFPQGGRGRGRFPG	True	0.0	1.0	Q16630:202
Q16630	CPSF6	204	ADMA	Q16630	2	GSK591;MS023	2	FPQGGRGRGRFPGAV	True	0.0	1.0	Q16630:204
Q16630	CPSF6	204	SDMA	Q16630	2	GSK591;MS023	2	FPQGGRGRGRFPGAV	True	0.0	1.0	Q16630:204
Q16695	HIST3H3	41	ADMA	Q16695	2	GSK591;MS023	2	GGVKKPHRYRPGTVA	True	1.0	0.0	Q16695:41
Q1KMD3	HNRNPUL2	656	MMA	Q1KMD3	2	GSK591;MS023	2	RNRQNRSRGQGYVGG	True	0.0	1.0	Q1KMD3:656
Q1KMD3	HNRNPUL2	665	MMA	Q1KMD3	2	GSK591;MS023	2	QGYVGGQRRGYDNRA	True	1.0	0.0	Q1KMD3:665
Q1KMD3	HNRNPUL2	684	MMA	Q1KMD3	2	GSK591;MS023	2	YWGQPGNRGGYRNFY	True	1.0	0.0	Q1KMD3:684
Q2I0M4	LRRC26	210	ADMA	Q2I0M4	2	GSK591;MS023	2	WGCGCALRPLCAWLR	True	1.0	0.0	Q2I0M4:210
Q2I0M4	LRRC26	210	MMA	Q2I0M4	2	GSK591;MS023	2	WGCGCALRPLCAWLR	True	1.0	0.0	Q2I0M4:210
Q2I0M4	LRRC26	210	SDMA	Q2I0M4	2	GSK591;MS023	2	WGCGCALRPLCAWLR	True	1.0	0.0	Q2I0M4:210
Q2M3G4	SHROOM1	234	MMA	Q2M3G4	2	GSK591;MS023	2	GKLDRVGRGGGPARE	True	1.0	0.0	Q2M3G4:234
Q2M3G4	SHROOM1	234	SDMA	Q2M3G4	2	GSK591;MS023	2	GKLDRVGRGGGPARE	True	1.0	0.0	Q2M3G4:234
Q4KMQ1	TPRN	70	ADMA	Q4KMQ1	2	GSK591;MS023	2	LLEAERRRGGGAAGA	True	1.0	0.0	Q4KMQ1:70
Q4KMQ1	TPRN	70	MMA	Q4KMQ1	2	GSK591;MS023	2	LLEAERRRGGGAAGA	True	1.0	0.0	Q4KMQ1:70
Q53ET0	CRTC2	161	ADMA	Q53ET0	2	GSK591;MS023	4	AEKGQLFRLPSALNR	True	0.0	1.0	Q53ET0:161
Q53ET0	CRTC2	161	SDMA	Q53ET0	2	GSK591;MS023	2	AEKGQLFRLPSALNR	True	0.0	1.0	Q53ET0:161
Q53GS9	USP39	22	MMA	Q53GS9	2	GSK591;MS023	4	GKRESESRGSSGRVK	True	1.0	0.0	Q53GS9:22
Q58FF3	HSP90B2P	320	MMA	Q58FF3	2	GSK591;MS023	2	STNYHASRKKTFEIN	True	0.0	1.0	Q58FF3:320
Q58FF3	HSP90B2P	320	SDMA	Q58FF3	2	GSK591;MS023	2	STNYHASRKKTFEIN	True	0.0	1.0	Q58FF3:320
Q5BKZ1	ZNF326	173	SDMA	Q5BKZ1	2	GSK591;MS023	2	KPAPVGSRGRGTPAY	True	0.0	1.0	Q5BKZ1:173
Q5BKZ1	ZNF326	175	MMA	Q5BKZ1	2	GSK591;MS023	2	APVGSRGRGTPAYPE	True	0.0	1.0	Q5BKZ1:175
Q5BKZ1	ZNF326	175	SDMA	Q5BKZ1	2	GSK591;MS023	4	APVGSRGRGTPAYPE	True	0.0	1.0	Q5BKZ1:175
Q5BKZ1	ZNF326	200	ADMA	Q5BKZ1	2	GSK591;MS023	6	FGGPSTGRGRGRGHM	True	0.0	1.0	Q5BKZ1:200
Q5BKZ1	ZNF326	200	MMA	Q5BKZ1	2	GSK591;MS023	2	FGGPSTGRGRGRGHM	True	0.0	1.0	Q5BKZ1:200
Q5BKZ1	ZNF326	200	SDMA	Q5BKZ1	2	GSK591;MS023	10	FGGPSTGRGRGRGHM	True	0.0	1.0	Q5BKZ1:200
Q5BKZ1	ZNF326	202	ADMA	Q5BKZ1	2	GSK591;MS023	6	GPSTGRGRGRGHMGD	True	0.0	1.0	Q5BKZ1:202
Q5BKZ1	ZNF326	202	MMA	Q5BKZ1	2	GSK591;MS023	2	GPSTGRGRGRGHMGD	True	0.0	1.0	Q5BKZ1:202
Q5BKZ1	ZNF326	202	SDMA	Q5BKZ1	2	GSK591;MS023	10	GPSTGRGRGRGHMGD	True	0.0	1.0	Q5BKZ1:202
Q5BKZ1	ZNF326	204	ADMA	Q5BKZ1	2	GSK591;MS023	6	STGRGRGRGHMGDFG	True	0.0	1.0	Q5BKZ1:204
Q5BKZ1	ZNF326	204	MMA	Q5BKZ1	2	GSK591;MS023	2	STGRGRGRGHMGDFG	True	0.0	1.0	Q5BKZ1:204
Q5BKZ1	ZNF326	204	SDMA	Q5BKZ1	2	GSK591;MS023	10	STGRGRGRGHMGDFG	True	0.0	1.0	Q5BKZ1:204
Q5JRA6	MIA3	1784	ADMA	Q5JRA6	2	GSK591;MS023	2	GPVPPPIRYGPPPQL	True	0.0	1.0	Q5JRA6:1784
Q5JRA6	MIA3	1784	MMA	Q5JRA6	2	GSK591;MS023	8	GPVPPPIRYGPPPQL	True	0.0	1.0	Q5JRA6:1784
Q5JRA6	MIA3	1784	SDMA	Q5JRA6	2	GSK591;MS023	2	GPVPPPIRYGPPPQL	True	0.0	1.0	Q5JRA6:1784
Q5JRA6	MIA3	1798	ADMA	Q5JRA6	2	GSK591;MS023	2	LCGPFGPRPLPPPFG	True	0.0	1.0	Q5JRA6:1798
Q5JRA6	MIA3	1798	MMA	Q5JRA6	2	GSK591;MS023	6	LCGPFGPRPLPPPFG	True	0.0	1.0	Q5JRA6:1798
Q5JRA6	MIA3	1798	SDMA	Q5JRA6	2	GSK591;MS023	2	LCGPFGPRPLPPPFG	True	0.0	1.0	Q5JRA6:1798
Q5JRA6	MIA3	1809	ADMA	Q5JRA6	2	GSK591;MS023	2	PPFGPGMRPPLGLRE	True	0.0	1.0	Q5JRA6:1809
Q5JRA6	MIA3	1809	MMA	Q5JRA6	2	GSK591;MS023	6	PPFGPGMRPPLGLRE	True	0.0	1.0	Q5JRA6:1809
Q5JRA6	MIA3	1809	SDMA	Q5JRA6	2	GSK591;MS023	2	PPFGPGMRPPLGLRE	True	0.0	1.0	Q5JRA6:1809
Q5JRA6	MIA3	1815	ADMA	Q5JRA6	2	GSK591;MS023	2	MRPPLGLREFAPGVP	True	0.0	1.0	Q5JRA6:1815
Q5JRA6	MIA3	1815	MMA	Q5JRA6	2	GSK591;MS023	8	MRPPLGLREFAPGVP	True	0.0	1.0	Q5JRA6:1815
Q5JRA6	MIA3	1815	SDMA	Q5JRA6	2	GSK591;MS023	2	MRPPLGLREFAPGVP	True	0.0	1.0	Q5JRA6:1815
Q5JRA6	MIA3	1859	ADMA	Q5JRA6	2	GSK591;MS023	2	EYFIPGTRLPPPTHG	True	0.0	1.0	Q5JRA6:1859
Q5JTH9	RRP12	1138	MMA	Q5JTH9	2	GSK591;MS023	2	ATQPGPGRGRKKDHG	True	1.0	0.0	Q5JTH9:1138
Q5JVS0	HABP4	70	MMA	Q5JVS0	2	GSK591;MS023	10	AAAGAGPRGGRSPAG	True	0.8	0.2	Q5JVS0:70
Q5JVS0	HABP4	82	MMA	Q5JVS0	2	GSK591;MS023	2	PAGASGHRAGAGGRR	True	1.0	0.0	Q5JVS0:82
Q5PRF9	SAMD4B	602	ADMA	Q5PRF9	2	GSK591;MS023	4	GIGGVSPRHALTSPS	True	0.0	1.0	Q5PRF9:602
Q5T280	C9orf114; SPOUT1	4	MMA	Q5T280	2	GSK591;MS023	2	____MAERGRKRPCG	True	1.0	0.0	Q5T280:4
Q5T2E6	C10orf76	7	MMA	Q5T2E6	2	GSK591;MS023	2	_MAQVEKRGGLLRKS	True	1.0	0.0	Q5T2E6:7
Q5T6F2	UBAP2	169	ADMA	Q5T6F2	2	GSK591;MS023	2	KPSDRGKRARGRGFG	True	0.0	1.0	Q5T6F2:169
Q5T6F2	UBAP2	171	ADMA	Q5T6F2	2	GSK591;MS023	2	SDRGKRARGRGFGRG	True	0.0	1.0	Q5T6F2:171
Q5T6F2	UBAP2	173	ADMA	Q5T6F2	2	GSK591;MS023	2	RGKRARGRGFGRGRG	True	0.0	1.0	Q5T6F2:173
Q5T6F2	UBAP2	177	ADMA	Q5T6F2	2	GSK591;MS023	2	ARGRGFGRGRGRGAG	True	0.0	1.0	Q5T6F2:177
Q5T6F2	UBAP2	179	ADMA	Q5T6F2	2	GSK591;MS023	2	GRGFGRGRGRGAGRF	True	0.0	1.0	Q5T6F2:179
Q5T6F2	UBAP2	181	ADMA	Q5T6F2	2	GSK591;MS023	2	GFGRGRGRGAGRFST	True	0.0	1.0	Q5T6F2:181
Q5T6F2	UBAP2	185	ADMA	Q5T6F2	2	GSK591;MS023	2	GRGRGAGRFSTQGMG	True	1.0	0.0	Q5T6F2:185
Q5T8P6	RBM26	855	SDMA	Q5T8P6	2	GSK591;MS023	2	RGILSSGRGRGIHSR	True	0.0	1.0	Q5T8P6:855
Q5T8P6	RBM26	857	SDMA	Q5T8P6	2	GSK591;MS023	2	ILSSGRGRGIHSRGR	True	0.0	1.0	Q5T8P6:857
Q5VT52	RPRD2	1117	MMA	Q5VT52	2	GSK591;MS023	2	RVPGKGNRGHGREAS	True	1.0	0.0	Q5VT52:1117
Q5VT52	RPRD2	1366	ADMA	Q5VT52	2	GSK591;MS023	2	GPGLSRVRESLTLPS	True	0.0	1.0	Q5VT52:1366
Q5VT52	RPRD2	1418	ADMA	Q5VT52	2	GSK591;MS023	2	GIILRSPRPDFRPRE	True	0.0	1.0	Q5VT52:1418
Q5VT52	RPRD2	1422	ADMA	Q5VT52	2	GSK591;MS023	2	RSPRPDFRPREPFLS	True	0.0	1.0	Q5VT52:1422
Q5VT52	RPRD2	1424	ADMA	Q5VT52	2	GSK591;MS023	2	PRPDFRPREPFLSRD	True	0.0	1.0	Q5VT52:1424
Q5VT52	RPRD2	1430	ADMA	Q5VT52	2	GSK591;MS023	2	PREPFLSRDPFHSLK	True	0.0	1.0	Q5VT52:1430
Q63ZY3	KANK2	117	MMA	Q63ZY3	2	GSK591;MS023	2	QYGALETRGGFNPRV	True	1.0	0.0	Q63ZY3:117
Q68EM7	ARHGAP17	510	MMA	Q68EM7	2	GSK591;MS023	2	MDFQAHRRGGTLNRK	True	1.0	0.0	Q68EM7:510
Q68EM7	ARHGAP17	516	MMA	Q68EM7	2	GSK591;MS023	2	RRGGTLNRKHISPAF	True	1.0	0.0	Q68EM7:516
Q6L9W6	B4GALNT3	973	SDMA	Q6L9W6	2	GSK591;MS023	2	QAGLDVERLSLRNFF	True	1.0	0.0	Q6L9W6:973
Q6L9W6	B4GALNT3	977	SDMA	Q6L9W6	2	GSK591;MS023	2	DVERLSLRNFFHHFH	True	1.0	0.0	Q6L9W6:977
Q6NUQ4	TMEM214	29	MMA	Q6NUQ4	2	GSK591;MS023	4	VGAGAGGRGGGRNRR	True	1.0	0.0	Q6NUQ4:29
Q6NUQ4	TMEM214	29	SDMA	Q6NUQ4	2	GSK591;MS023	2	VGAGAGGRGGGRNRR	True	1.0	0.0	Q6NUQ4:29
Q6NXT4	SLC30A6	449	ADMA	Q6NXT4	2	GSK591;MS023	2	GFTNIPSRYGTNNRI	True	0.0	1.0	Q6NXT4:449
Q6NXT4	SLC30A6	449	MMA	Q6NXT4	2	GSK591;MS023	2	GFTNIPSRYGTNNRI	True	0.0	1.0	Q6NXT4:449
Q6P6C2	ALKBH5	359	MMA	Q6P6C2	2	GSK591;MS023	2	LLPTHRRRGSFSSEN	True	1.0	0.0	Q6P6C2:359
Q6PID8	KLHDC10	13	MMA	Q6PID8	2	GSK591;MS023	2	GWDRNRRRGGGAAGA	True	1.0	0.0	Q6PID8:13
Q6PKG0	LARP1	338	ADMA	Q6PKG0	2	GSK591;MS023	2	GGARASFRGRGRGRG	True	0.0	1.0	Q6PKG0:338
Q6PKG0	LARP1	338	SDMA	Q6PKG0	2	GSK591;MS023	2	GGARASFRGRGRGRG	True	0.0	1.0	Q6PKG0:338
Q6PKG0	LARP1	340	ADMA	Q6PKG0	2	GSK591;MS023	2	ARASFRGRGRGRGRG	True	0.0	1.0	Q6PKG0:340
Q6PKG0	LARP1	340	SDMA	Q6PKG0	2	GSK591;MS023	2	ARASFRGRGRGRGRG	True	0.0	1.0	Q6PKG0:340
Q6PKG0	LARP1	342	ADMA	Q6PKG0	2	GSK591;MS023	2	ASFRGRGRGRGRGRG	True	0.0	1.0	Q6PKG0:342
Q6PKG0	LARP1	342	SDMA	Q6PKG0	2	GSK591;MS023	2	ASFRGRGRGRGRGRG	True	0.0	1.0	Q6PKG0:342
Q6PKG0	LARP1	344	ADMA	Q6PKG0	2	GSK591;MS023	2	FRGRGRGRGRGRGRG	True	0.0	1.0	Q6PKG0:344
Q6PKG0	LARP1	344	SDMA	Q6PKG0	2	GSK591;MS023	2	FRGRGRGRGRGRGRG	True	0.0	1.0	Q6PKG0:344
Q6PKG0	LARP1	346	ADMA	Q6PKG0	2	GSK591;MS023	2	GRGRGRGRGRGRGRG	True	0.0	1.0	Q6PKG0:346
Q6PKG0	LARP1	346	SDMA	Q6PKG0	2	GSK591;MS023	2	GRGRGRGRGRGRGRG	True	0.0	1.0	Q6PKG0:346
Q6PKG0	LARP1	348	ADMA	Q6PKG0	2	GSK591;MS023	2	GRGRGRGRGRGRGGT	True	0.0	1.0	Q6PKG0:348
Q6PKG0	LARP1	348	SDMA	Q6PKG0	2	GSK591;MS023	2	GRGRGRGRGRGRGGT	True	0.0	1.0	Q6PKG0:348
Q6PKG0	LARP1	350	ADMA	Q6PKG0	2	GSK591;MS023	2	GRGRGRGRGRGGTRT	True	0.0	1.0	Q6PKG0:350
Q6PKG0	LARP1	350	SDMA	Q6PKG0	2	GSK591;MS023	2	GRGRGRGRGRGGTRT	True	0.0	1.0	Q6PKG0:350
Q6PKG0	LARP1	352	ADMA	Q6PKG0	2	GSK591;MS023	2	GRGRGRGRGGTRTHF	True	0.0	1.0	Q6PKG0:352
Q6PKG0	LARP1	352	SDMA	Q6PKG0	2	GSK591;MS023	2	GRGRGRGRGGTRTHF	True	0.0	1.0	Q6PKG0:352
Q6UUV9	CRTC1	108	ADMA	Q6UUV9	2	GSK591;MS023	2	VDRVYRERGRLGSPH	True	0.0	1.0	Q6UUV9:108
Q6Y7W6	GIGYF2	107	ADMA	Q6Y7W6	2	GSK591;MS023	2	AVLRLTGRGGGGTVV	True	0.0	1.0	Q6Y7W6:107
Q6Y7W6	GIGYF2	107	MMA	Q6Y7W6	2	GSK591;MS023	2	AVLRLTGRGGGGTVV	True	0.0	1.0	Q6Y7W6:107
Q6Y7W6	GIGYF2	107	SDMA	Q6Y7W6	2	GSK591;MS023	12	AVLRLTGRGGGGTVV	True	0.16666666666666666	0.8333333333333334	Q6Y7W6:107
Q6Y7W6	GIGYF2	118	ADMA	Q6Y7W6	2	GSK591;MS023	2	GTVVGAPRGRSSSRG	True	0.0	1.0	Q6Y7W6:118
Q6Y7W6	GIGYF2	118	MMA	Q6Y7W6	2	GSK591;MS023	2	GTVVGAPRGRSSSRG	True	0.0	1.0	Q6Y7W6:118
Q6Y7W6	GIGYF2	118	SDMA	Q6Y7W6	2	GSK591;MS023	12	GTVVGAPRGRSSSRG	True	0.0	1.0	Q6Y7W6:118
Q6Y7W6	GIGYF2	120	ADMA	Q6Y7W6	2	GSK591;MS023	2	VVGAPRGRSSSRGRG	True	0.0	1.0	Q6Y7W6:120
Q6Y7W6	GIGYF2	120	MMA	Q6Y7W6	2	GSK591;MS023	2	VVGAPRGRSSSRGRG	True	0.0	1.0	Q6Y7W6:120
Q6Y7W6	GIGYF2	120	SDMA	Q6Y7W6	2	GSK591;MS023	12	VVGAPRGRSSSRGRG	True	0.0	1.0	Q6Y7W6:120
Q6Y7W6	GIGYF2	124	ADMA	Q6Y7W6	2	GSK591;MS023	2	PRGRSSSRGRGRGRG	True	0.0	1.0	Q6Y7W6:124
Q6Y7W6	GIGYF2	124	MMA	Q6Y7W6	2	GSK591;MS023	2	PRGRSSSRGRGRGRG	True	0.0	1.0	Q6Y7W6:124
Q6Y7W6	GIGYF2	124	SDMA	Q6Y7W6	2	GSK591;MS023	12	PRGRSSSRGRGRGRG	True	0.0	1.0	Q6Y7W6:124
Q6Y7W6	GIGYF2	126	ADMA	Q6Y7W6	2	GSK591;MS023	2	GRSSSRGRGRGRGEC	True	0.0	1.0	Q6Y7W6:126
Q6Y7W6	GIGYF2	126	MMA	Q6Y7W6	2	GSK591;MS023	2	GRSSSRGRGRGRGEC	True	0.0	1.0	Q6Y7W6:126
Q6Y7W6	GIGYF2	126	SDMA	Q6Y7W6	2	GSK591;MS023	12	GRSSSRGRGRGRGEC	True	0.0	1.0	Q6Y7W6:126
Q6Y7W6	GIGYF2	128	ADMA	Q6Y7W6	2	GSK591;MS023	2	SSSRGRGRGRGECGF	True	0.0	1.0	Q6Y7W6:128
Q6Y7W6	GIGYF2	128	MMA	Q6Y7W6	2	GSK591;MS023	2	SSSRGRGRGRGECGF	True	0.0	1.0	Q6Y7W6:128
Q6Y7W6	GIGYF2	128	SDMA	Q6Y7W6	2	GSK591;MS023	10	SSSRGRGRGRGECGF	True	0.2	0.8	Q6Y7W6:128
Q6Y7W6	GIGYF2	130	ADMA	Q6Y7W6	2	GSK591;MS023	2	SRGRGRGRGECGFYQ	True	0.0	1.0	Q6Y7W6:130
Q6Y7W6	GIGYF2	130	MMA	Q6Y7W6	2	GSK591;MS023	2	SRGRGRGRGECGFYQ	True	0.0	1.0	Q6Y7W6:130
Q6Y7W6	GIGYF2	130	SDMA	Q6Y7W6	2	GSK591;MS023	12	SRGRGRGRGECGFYQ	True	0.0	1.0	Q6Y7W6:130
Q6Y7W6	GIGYF2	138	SDMA	Q6Y7W6	2	GSK591;MS023	4	GECGFYQRSFDEVEG	True	0.5	0.5	Q6Y7W6:138
Q6Y7W6	GIGYF2	149	MMA	Q6Y7W6	2	GSK591;MS023	4	EVEGVFGRGGGREMH	True	1.0	0.0	Q6Y7W6:149
Q6ZRS2	SRCAP	1016	ADMA	Q6ZRS2	2	GSK591;MS023	2	VVVVNNPRAPLGPVP	True	0.0	1.0	Q6ZRS2:1016
Q6ZRS2	SRCAP	1025	ADMA	Q6ZRS2	2	GSK591;MS023	2	PLGPVPVRPPPGPEL	True	0.0	1.0	Q6ZRS2:1025
Q709C8	VPS13C	3519	MMA	Q709C8	2	GSK591;MS023	2	DFGDSLARGGKGFLR	True	1.0	0.0	Q709C8:3519
Q71H61	ILDR2	452	MMA	Q71H61	2	GSK591;MS023	2	DGNSHEARGGSRFER	True	1.0	0.0	Q71H61:452
Q7L014	DDX46	70	ADMA	Q7L014	2	GSK591;MS023	6	RDRKRLRRSRSRERD	True	0.0	1.0	Q7L014:70
Q7L014	DDX46	74	ADMA	Q7L014	2	GSK591;MS023	6	RLRRSRSRERDRSRE	True	0.0	1.0	Q7L014:74
Q7L014	DDX46	76	ADMA	Q7L014	2	GSK591;MS023	2	RRSRSRERDRSRERR	True	0.0	1.0	Q7L014:76
Q7L014	DDX46	78	ADMA	Q7L014	2	GSK591;MS023	2	SRSRERDRSRERRRS	True	0.0	1.0	Q7L014:78
Q7L014	DDX46	80	ADMA	Q7L014	2	GSK591;MS023	2	SRERDRSRERRRSRS	True	0.0	1.0	Q7L014:80
Q86U42	PABPN1	17	MMA	Q86U42	2	GSK591;MS023	6	AAGAAGGRGSGPGRR	True	1.0	0.0	Q86U42:17
Q86U42	PABPN1	17	SDMA	Q86U42	2	GSK591;MS023	2	AAGAAGGRGSGPGRR	True	1.0	0.0	Q86U42:17
Q86U42	PABPN1	238	MMA	Q86U42	2	GSK591;MS023	2	ALDESLFRGRQIKVI	True	1.0	0.0	Q86U42:238
Q86U42	PABPN1	251	MMA	Q86U42	2	GSK591;MS023	2	VIPKRTNRPGISTTD	True	1.0	0.0	Q86U42:251
Q86U42	PABPN1	259	ADMA	Q86U42	2	GSK591;MS023	14	PGISTTDRGFPRARY	True	0.0	1.0	Q86U42:259
Q86U42	PABPN1	259	MMA	Q86U42	2	GSK591;MS023	8	PGISTTDRGFPRARY	True	0.75	0.25	Q86U42:259
Q86U42	PABPN1	259	SDMA	Q86U42	2	GSK591;MS023	4	PGISTTDRGFPRARY	True	0.0	1.0	Q86U42:259
Q86U42	PABPN1	263	ADMA	Q86U42	2	GSK591;MS023	18	TTDRGFPRARYRART	True	0.0	1.0	Q86U42:263
Q86U42	PABPN1	263	MMA	Q86U42	2	GSK591;MS023	6	TTDRGFPRARYRART	True	0.6666666666666666	0.3333333333333333	Q86U42:263
Q86U42	PABPN1	263	SDMA	Q86U42	2	GSK591;MS023	4	TTDRGFPRARYRART	True	0.0	1.0	Q86U42:263
Q86U42	PABPN1	265	ADMA	Q86U42	2	GSK591;MS023	18	DRGFPRARYRARTTN	True	0.0	1.0	Q86U42:265
Q86U42	PABPN1	265	MMA	Q86U42	2	GSK591;MS023	2	DRGFPRARYRARTTN	True	0.0	1.0	Q86U42:265
Q86U42	PABPN1	265	SDMA	Q86U42	2	GSK591;MS023	4	DRGFPRARYRARTTN	True	0.0	1.0	Q86U42:265
Q86U42	PABPN1	267	ADMA	Q86U42	2	GSK591;MS023	14	GFPRARYRARTTNYN	True	0.0	1.0	Q86U42:267
Q86U42	PABPN1	267	MMA	Q86U42	2	GSK591;MS023	2	GFPRARYRARTTNYN	True	0.0	1.0	Q86U42:267
Q86U42	PABPN1	267	SDMA	Q86U42	2	GSK591;MS023	4	GFPRARYRARTTNYN	True	0.0	1.0	Q86U42:267
Q86U42	PABPN1	269	ADMA	Q86U42	2	GSK591;MS023	10	PRARYRARTTNYNSS	True	0.4	0.6	Q86U42:269
Q86U42	PABPN1	269	MMA	Q86U42	2	GSK591;MS023	2	PRARYRARTTNYNSS	True	1.0	0.0	Q86U42:269
Q86U42	PABPN1	277	ADMA	Q86U42	2	GSK591;MS023	2	TTNYNSSRSRFYSGF	True	1.0	0.0	Q86U42:277
Q86U42	PABPN1	279	MMA	Q86U42	2	GSK591;MS023	2	NYNSSRSRFYSGFNS	True	1.0	0.0	Q86U42:279
Q86U42	PABPN1	287	MMA	Q86U42	2	GSK591;MS023	2	FYSGFNSRPRGRVYR	True	0.0	1.0	Q86U42:287
Q86U42	PABPN1	289	MMA	Q86U42	2	GSK591;MS023	2	SGFNSRPRGRVYRGR	True	0.0	1.0	Q86U42:289
Q86UU0	BCL9L	680	ADMA	Q86UU0	2	GSK591;MS023	2	RVREELLRHQLLEKR	True	0.0	1.0	Q86UU0:680
Q86V81	ALYREF	20	MMA	Q86V81	2	GSK591;MS023	14	IKLNRSQRGGRGGGR	True	0.42857142857142855	0.5714285714285714	Q86V81:20
Q86V81	ALYREF	23	MMA	Q86V81	2	GSK591;MS023	14	NRSQRGGRGGGRGRG	True	0.2857142857142857	0.7142857142857143	Q86V81:23
Q86V81	ALYREF	27	MMA	Q86V81	2	GSK591;MS023	12	RGGRGGGRGRGRAGS	True	0.16666666666666666	0.8333333333333334	Q86V81:27
Q86V81	ALYREF	29	MMA	Q86V81	2	GSK591;MS023	10	GRGGGRGRGRAGSQG	True	0.0	1.0	Q86V81:29
Q86V81	ALYREF	38	MMA	Q86V81	2	GSK591;MS023	2	RAGSQGGRGGGAQAA	True	1.0	0.0	Q86V81:38
Q86V81	ALYREF	50	MMA	Q86V81	2	GSK591;MS023	4	QAAARVNRGGGPIRN	True	1.0	0.0	Q86V81:50
Q86V81	ALYREF	56	MMA	Q86V81	2	GSK591;MS023	2	NRGGGPIRNRPAIAR	True	1.0	0.0	Q86V81:56
Q86V81	ALYREF	63	ADMA	Q86V81	2	GSK591;MS023	2	RNRPAIARGAAGGGG	True	0.0	1.0	Q86V81:63
Q86V81	ALYREF	63	MMA	Q86V81	2	GSK591;MS023	6	RNRPAIARGAAGGGG	True	0.3333333333333333	0.6666666666666666	Q86V81:63
Q86V81	ALYREF	63	SDMA	Q86V81	2	GSK591;MS023	2	RNRPAIARGAAGGGG	True	0.0	1.0	Q86V81:63
Q86V81	ALYREF	197	ADMA	Q86V81	2	GSK591;MS023	4	RPAQSVNRGGMTRNR	True	0.5	0.5	Q86V81:197
Q86V81	ALYREF	197	MMA	Q86V81	2	GSK591;MS023	6	RPAQSVNRGGMTRNR	True	1.0	0.0	Q86V81:197
Q86V81	ALYREF	197	SDMA	Q86V81	2	GSK591;MS023	4	RPAQSVNRGGMTRNR	True	0.5	0.5	Q86V81:197
Q86V81	ALYREF	202	ADMA	Q86V81	2	GSK591;MS023	2	VNRGGMTRNRGAGGF	True	1.0	0.0	Q86V81:202
Q86V81	ALYREF	202	SDMA	Q86V81	2	GSK591;MS023	2	VNRGGMTRNRGAGGF	True	1.0	0.0	Q86V81:202
Q86V81	ALYREF	204	ADMA	Q86V81	2	GSK591;MS023	4	RGGMTRNRGAGGFGG	True	0.0	1.0	Q86V81:204
Q86V81	ALYREF	204	MMA	Q86V81	2	GSK591;MS023	6	RGGMTRNRGAGGFGG	True	0.0	1.0	Q86V81:204
Q86V81	ALYREF	204	SDMA	Q86V81	2	GSK591;MS023	6	RGGMTRNRGAGGFGG	True	0.0	1.0	Q86V81:204
Q86V81	ALYREF	216	ADMA	Q86V81	2	GSK591;MS023	4	FGGGGGTRRGTRGGA	True	0.5	0.5	Q86V81:216
Q86V81	ALYREF	216	MMA	Q86V81	2	GSK591;MS023	6	FGGGGGTRRGTRGGA	True	0.6666666666666666	0.3333333333333333	Q86V81:216
Q86V81	ALYREF	216	SDMA	Q86V81	2	GSK591;MS023	4	FGGGGGTRRGTRGGA	True	0.5	0.5	Q86V81:216
Q86V81	ALYREF	217	ADMA	Q86V81	2	GSK591;MS023	6	GGGGGTRRGTRGGAR	True	0.3333333333333333	0.6666666666666666	Q86V81:217
Q86V81	ALYREF	217	MMA	Q86V81	2	GSK591;MS023	12	GGGGGTRRGTRGGAR	True	0.3333333333333333	0.6666666666666666	Q86V81:217
Q86V81	ALYREF	217	SDMA	Q86V81	2	GSK591;MS023	6	GGGGGTRRGTRGGAR	True	0.3333333333333333	0.6666666666666666	Q86V81:217
Q86V81	ALYREF	220	ADMA	Q86V81	2	GSK591;MS023	6	GGTRRGTRGGARGRG	True	0.0	1.0	Q86V81:220
Q86V81	ALYREF	220	MMA	Q86V81	2	GSK591;MS023	12	GGTRRGTRGGARGRG	True	0.16666666666666666	0.8333333333333334	Q86V81:220
Q86V81	ALYREF	220	SDMA	Q86V81	2	GSK591;MS023	6	GGTRRGTRGGARGRG	True	0.0	1.0	Q86V81:220
Q86V81	ALYREF	224	ADMA	Q86V81	2	GSK591;MS023	6	RGTRGGARGRGRGAG	True	0.0	1.0	Q86V81:224
Q86V81	ALYREF	224	MMA	Q86V81	2	GSK591;MS023	12	RGTRGGARGRGRGAG	True	0.16666666666666666	0.8333333333333334	Q86V81:224
Q86V81	ALYREF	224	SDMA	Q86V81	2	GSK591;MS023	6	RGTRGGARGRGRGAG	True	0.0	1.0	Q86V81:224
Q86V81	ALYREF	226	ADMA	Q86V81	2	GSK591;MS023	6	TRGGARGRGRGAGRN	True	0.0	1.0	Q86V81:226
Q86V81	ALYREF	226	MMA	Q86V81	2	GSK591;MS023	12	TRGGARGRGRGAGRN	True	0.16666666666666666	0.8333333333333334	Q86V81:226
Q86V81	ALYREF	226	SDMA	Q86V81	2	GSK591;MS023	6	TRGGARGRGRGAGRN	True	0.0	1.0	Q86V81:226
Q86V81	ALYREF	228	ADMA	Q86V81	2	GSK591;MS023	6	GGARGRGRGAGRNSK	True	0.0	1.0	Q86V81:228
Q86V81	ALYREF	228	MMA	Q86V81	2	GSK591;MS023	12	GGARGRGRGAGRNSK	True	0.0	1.0	Q86V81:228
Q86V81	ALYREF	228	SDMA	Q86V81	2	GSK591;MS023	6	GGARGRGRGAGRNSK	True	0.0	1.0	Q86V81:228
Q86WJ1	CHD1L; LOC101060601	9	MMA	Q86WJ1	2	GSK591;MS023	4	ERAGATSRGGQAPGF	True	1.0	0.0	Q86WJ1:9
Q86WJ1	CHD1L; LOC101060601	9	SDMA	Q86WJ1	2	GSK591;MS023	2	ERAGATSRGGQAPGF	True	1.0	0.0	Q86WJ1:9
Q86WP2	GPBP1	87	MMA	Q86WP2	2	GSK591;MS023	2	GTENINHRGGYHGGS	True	1.0	0.0	Q86WP2:87
Q86WR7	C10orf47; PROSER2	320	MMA	Q86WR7	2	GSK591;MS023	2	PERVARGRGLPGPAE	True	1.0	0.0	Q86WR7:320
Q86XZ4	SPATS2	449	ADMA	Q86XZ4	2	GSK591;MS023	2	EVLPGNRRGGQGYRP	True	1.0	0.0	Q86XZ4:449
Q86XZ4	SPATS2	449	MMA	Q86XZ4	2	GSK591;MS023	6	EVLPGNRRGGQGYRP	True	1.0	0.0	Q86XZ4:449
Q8IUG5	nan	316	ADMA	Q8IUG5	2	GSK591;MS023	2	VRPQIPGRKWGGFLG	True	0.0	1.0	Q8IUG5:316
Q8IUG5	nan	324	ADMA	Q8IUG5	2	GSK591;MS023	2	KWGGFLGRRSKWDGP	True	1.0	0.0	Q8IUG5:324
Q8IWX8	CHERP	559	ADMA	Q8IWX8	2	GSK591;MS023	2	MQDDFPPRHPFERPP	True	0.0	1.0	Q8IWX8:559
Q8IWX8	CHERP	564	ADMA	Q8IWX8	2	GSK591;MS023	4	PPRHPFERPPYPHRF	True	0.0	1.0	Q8IWX8:564
Q8IWX8	CHERP	570	ADMA	Q8IWX8	2	GSK591;MS023	4	ERPPYPHRFDYPQGD	True	0.0	1.0	Q8IWX8:570
Q8IZ40	RCOR2	479	ADMA	Q8IZ40	2	GSK591;MS023	2	QGRFLQPRLAPNQPP	True	0.0	1.0	Q8IZ40:479
Q8IZ40	RCOR2	491	ADMA	Q8IZ40	2	GSK591;MS023	2	QPPPPLIRPALAAPR	True	0.0	1.0	Q8IZ40:491
Q8N6I1	EID2	51	ADMA	Q8N6I1	2	GSK591;MS023	2	EGAMAAARGGPVPAA	True	1.0	0.0	Q8N6I1:51
Q8N6I1	EID2	51	MMA	Q8N6I1	2	GSK591;MS023	2	EGAMAAARGGPVPAA	True	1.0	0.0	Q8N6I1:51
Q8N8A6	DDX51	8	ADMA	Q8N8A6	2	GSK591;MS023	2	MALFYVARYPGPDAA	True	0.0	1.0	Q8N8A6:8
Q8NC51	SERBP1	160	SDMA	Q8NC51	2	GSK591;MS023	2	VDRPIIDRPIRGRGG	True	0.0	1.0	Q8NC51:160
Q8NC51	SERBP1	163	SDMA	Q8NC51	2	GSK591;MS023	2	PIIDRPIRGRGGLGR	True	0.0	1.0	Q8NC51:163
Q8NC51	SERBP1	165	MMA	Q8NC51	2	GSK591;MS023	2	IDRPIRGRGGLGRGR	True	1.0	0.0	Q8NC51:165
Q8NC51	SERBP1	165	SDMA	Q8NC51	2	GSK591;MS023	4	IDRPIRGRGGLGRGR	True	0.0	1.0	Q8NC51:165
Q8NC51	SERBP1	170	ADMA	Q8NC51	2	GSK591;MS023	6	RGRGGLGRGRGGRGR	True	0.0	1.0	Q8NC51:170
Q8NC51	SERBP1	170	MMA	Q8NC51	2	GSK591;MS023	6	RGRGGLGRGRGGRGR	True	0.0	1.0	Q8NC51:170
Q8NC51	SERBP1	170	SDMA	Q8NC51	2	GSK591;MS023	12	RGRGGLGRGRGGRGR	True	0.0	1.0	Q8NC51:170
Q8NC51	SERBP1	172	ADMA	Q8NC51	2	GSK591;MS023	6	RGGLGRGRGGRGRGM	True	0.0	1.0	Q8NC51:172
Q8NC51	SERBP1	172	MMA	Q8NC51	2	GSK591;MS023	8	RGGLGRGRGGRGRGM	True	0.0	1.0	Q8NC51:172
Q8NC51	SERBP1	172	SDMA	Q8NC51	2	GSK591;MS023	12	RGGLGRGRGGRGRGM	True	0.0	1.0	Q8NC51:172
Q8NC51	SERBP1	175	ADMA	Q8NC51	2	GSK591;MS023	6	LGRGRGGRGRGMGRG	True	0.3333333333333333	0.6666666666666666	Q8NC51:175
Q8NC51	SERBP1	175	MMA	Q8NC51	2	GSK591;MS023	6	LGRGRGGRGRGMGRG	True	0.3333333333333333	0.6666666666666666	Q8NC51:175
Q8NC51	SERBP1	175	SDMA	Q8NC51	2	GSK591;MS023	12	LGRGRGGRGRGMGRG	True	0.3333333333333333	0.6666666666666666	Q8NC51:175
Q8NC51	SERBP1	177	ADMA	Q8NC51	2	GSK591;MS023	10	RGRGGRGRGMGRGDG	True	0.2	0.8	Q8NC51:177
Q8NC51	SERBP1	177	MMA	Q8NC51	2	GSK591;MS023	8	RGRGGRGRGMGRGDG	True	0.5	0.5	Q8NC51:177
Q8NC51	SERBP1	177	SDMA	Q8NC51	2	GSK591;MS023	18	RGRGGRGRGMGRGDG	True	0.2222222222222222	0.7777777777777778	Q8NC51:177
Q8NC51	SERBP1	181	ADMA	Q8NC51	2	GSK591;MS023	10	GRGRGMGRGDGFDSR	True	0.2	0.8	Q8NC51:181
Q8NC51	SERBP1	181	MMA	Q8NC51	2	GSK591;MS023	4	GRGRGMGRGDGFDSR	True	0.5	0.5	Q8NC51:181
Q8NC51	SERBP1	181	SDMA	Q8NC51	2	GSK591;MS023	14	GRGRGMGRGDGFDSR	True	0.42857142857142855	0.5714285714285714	Q8NC51:181
Q8NC51	SERBP1	188	MMA	Q8NC51	2	GSK591;MS023	4	RGDGFDSRGKREFDR	True	1.0	0.0	Q8NC51:188
Q8NC51	SERBP1	201	MMA	Q8NC51	2	GSK591;MS023	2	DRHSGSDRSSFSHYS	True	1.0	0.0	Q8NC51:201
Q8NC51	SERBP1	216	ADMA	Q8NC51	2	GSK591;MS023	2	GLKHEDKRGGSGSHN	True	1.0	0.0	Q8NC51:216
Q8NC51	SERBP1	216	MMA	Q8NC51	2	GSK591;MS023	12	GLKHEDKRGGSGSHN	True	1.0	0.0	Q8NC51:216
Q8NC51	SERBP1	364	MMA	Q8NC51	2	GSK591;MS023	2	INFGDLGRPGRGGRG	True	1.0	0.0	Q8NC51:364
Q8NC51	SERBP1	367	ADMA	Q8NC51	2	GSK591;MS023	10	GDLGRPGRGGRGGRG	True	0.0	1.0	Q8NC51:367
Q8NC51	SERBP1	367	MMA	Q8NC51	2	GSK591;MS023	16	GDLGRPGRGGRGGRG	True	0.25	0.75	Q8NC51:367
Q8NC51	SERBP1	367	SDMA	Q8NC51	2	GSK591;MS023	10	GDLGRPGRGGRGGRG	True	0.0	1.0	Q8NC51:367
Q8NC51	SERBP1	370	ADMA	Q8NC51	2	GSK591;MS023	10	GRPGRGGRGGRGGRG	True	0.0	1.0	Q8NC51:370
Q8NC51	SERBP1	370	MMA	Q8NC51	2	GSK591;MS023	14	GRPGRGGRGGRGGRG	True	0.14285714285714285	0.8571428571428571	Q8NC51:370
Q8NC51	SERBP1	370	SDMA	Q8NC51	2	GSK591;MS023	10	GRPGRGGRGGRGGRG	True	0.0	1.0	Q8NC51:370
Q8NC51	SERBP1	373	ADMA	Q8NC51	2	GSK591;MS023	10	GRGGRGGRGGRGRGG	True	0.0	1.0	Q8NC51:373
Q8NC51	SERBP1	373	MMA	Q8NC51	2	GSK591;MS023	18	GRGGRGGRGGRGRGG	True	0.1111111111111111	0.8888888888888888	Q8NC51:373
Q8NC51	SERBP1	373	SDMA	Q8NC51	2	GSK591;MS023	10	GRGGRGGRGGRGRGG	True	0.0	1.0	Q8NC51:373
Q8NC51	SERBP1	376	ADMA	Q8NC51	2	GSK591;MS023	8	GRGGRGGRGRGGRPN	True	0.0	1.0	Q8NC51:376
Q8NC51	SERBP1	376	MMA	Q8NC51	2	GSK591;MS023	16	GRGGRGGRGRGGRPN	True	0.0	1.0	Q8NC51:376
Q8NC51	SERBP1	376	SDMA	Q8NC51	2	GSK591;MS023	8	GRGGRGGRGRGGRPN	True	0.0	1.0	Q8NC51:376
Q8NC51	SERBP1	378	ADMA	Q8NC51	2	GSK591;MS023	6	GGRGGRGRGGRPNRG	True	0.0	1.0	Q8NC51:378
Q8NC51	SERBP1	378	MMA	Q8NC51	2	GSK591;MS023	14	GGRGGRGRGGRPNRG	True	0.14285714285714285	0.8571428571428571	Q8NC51:378
Q8NC51	SERBP1	378	SDMA	Q8NC51	2	GSK591;MS023	6	GGRGGRGRGGRPNRG	True	0.0	1.0	Q8NC51:378
Q8NC51	SERBP1	381	ADMA	Q8NC51	2	GSK591;MS023	6	GGRGRGGRPNRGSRT	True	0.0	1.0	Q8NC51:381
Q8NC51	SERBP1	381	MMA	Q8NC51	2	GSK591;MS023	6	GGRGRGGRPNRGSRT	True	0.0	1.0	Q8NC51:381
Q8NC51	SERBP1	381	SDMA	Q8NC51	2	GSK591;MS023	6	GGRGRGGRPNRGSRT	True	0.0	1.0	Q8NC51:381
Q8NC51	SERBP1	384	ADMA	Q8NC51	2	GSK591;MS023	10	GRGGRPNRGSRTDKS	True	0.6	0.4	Q8NC51:384
Q8NC51	SERBP1	384	MMA	Q8NC51	2	GSK591;MS023	10	GRGGRPNRGSRTDKS	True	0.6	0.4	Q8NC51:384
Q8NC51	SERBP1	384	SDMA	Q8NC51	2	GSK591;MS023	10	GRGGRPNRGSRTDKS	True	0.6	0.4	Q8NC51:384
Q8NCA5	nan	336	MMA	Q8NCA5	2	GSK591;MS023	2	PQQQTGGRGGGRGGY	True	1.0	0.0	Q8NCA5:336
Q8NCA5	nan	351	MMA	Q8NCA5	2	GSK591;MS023	2	EHSSYGGRGGHEQGG	True	1.0	0.0	Q8NCA5:351
Q8NCN4	RNF169	22	MMA	Q8NCN4	2	GSK591;MS023	2	AAAALSRRGRRGRCD	True	1.0	0.0	Q8NCN4:22
Q8NCN4	RNF169	22	SDMA	Q8NCN4	2	GSK591;MS023	2	AAAALSRRGRRGRCD	True	1.0	0.0	Q8NCN4:22
Q8ND56	LSM14A	269	ADMA	Q8ND56	2	GSK591;MS023	2	PGAPSAPRRGRGGHR	True	0.0	1.0	Q8ND56:269
Q8ND56	LSM14A	270	ADMA	Q8ND56	2	GSK591;MS023	4	GAPSAPRRGRGGHRG	True	0.0	1.0	Q8ND56:270
Q8ND56	LSM14A	272	ADMA	Q8ND56	2	GSK591;MS023	4	PSAPRRGRGGHRGGR	True	0.0	1.0	Q8ND56:272
Q8ND56	LSM14A	276	ADMA	Q8ND56	2	GSK591;MS023	4	RRGRGGHRGGRGRFG	True	0.0	1.0	Q8ND56:276
Q8ND56	LSM14A	279	ADMA	Q8ND56	2	GSK591;MS023	4	RGGHRGGRGRFGIRR	True	0.0	1.0	Q8ND56:279
Q8ND56	LSM14A	281	ADMA	Q8ND56	2	GSK591;MS023	4	GHRGGRGRFGIRRDG	True	0.0	1.0	Q8ND56:281
Q8ND56	LSM14A	285	ADMA	Q8ND56	2	GSK591;MS023	2	GRGRFGIRRDGPMKF	True	0.0	1.0	Q8ND56:285
Q8NDX5	PHC3	837	MMA	Q8NDX5	2	GSK591;MS023	2	DNQSLGHRGRRPSGP	True	1.0	0.0	Q8NDX5:837
Q8NEZ4	KMT2C; MLL3	2454	ADMA	Q8NEZ4	2	GSK591;MS023	2	VAPPLGPRYAVFPKD	True	0.0	1.0	Q8NEZ4:2454
Q8NFW1	COL22A1	685	ADMA	Q8NFW1	2	GSK591;MS023	2	GPIGPEGRDGPPGLQ	True	0.0	1.0	Q8NFW1:685
Q8NFW1	COL22A1	685	SDMA	Q8NFW1	2	GSK591;MS023	2	GPIGPEGRDGPPGLQ	True	0.0	1.0	Q8NFW1:685
Q8NFW8	CMAS	16	MMA	Q8NFW8	2	GSK591;MS023	2	ATSVSNPRGRPSRGR	True	1.0	0.0	Q8NFW8:16
Q8NFW8	CMAS	21	MMA	Q8NFW8	2	GSK591;MS023	2	NPRGRPSRGRPPKLQ	True	1.0	0.0	Q8NFW8:21
Q8TDD1	DDX54	664	MMA	Q8TDD1	2	GSK591;MS023	2	RQRSGPNRGAKRRRE	True	1.0	0.0	Q8TDD1:664
Q8TDN6	BRIX1	9	ADMA	Q8TDN6	2	GSK591;MS023	2	AATKRKRRGGFAVQA	True	1.0	0.0	Q8TDN6:9
Q8TDN6	BRIX1	9	MMA	Q8TDN6	2	GSK591;MS023	4	AATKRKRRGGFAVQA	True	1.0	0.0	Q8TDN6:9
Q8TEW0	PARD3	294	MMA	Q8TEW0	2	GSK591;MS023	2	HVVPFSARGGRTLGL	True	1.0	0.0	Q8TEW0:294
Q8WWM7	ATXN2L	361	ADMA	Q8WWM7	2	GSK591;MS023	2	QRVREGPRGGVRCSS	True	1.0	0.0	Q8WWM7:361
Q8WWM7	ATXN2L	361	MMA	Q8WWM7	2	GSK591;MS023	4	QRVREGPRGGVRCSS	True	1.0	0.0	Q8WWM7:361
Q8WWM7	ATXN2L	370	ADMA	Q8WWM7	2	GSK591;MS023	4	GVRCSSSRGGRPGLS	True	0.5	0.5	Q8WWM7:370
Q8WWM7	ATXN2L	370	MMA	Q8WWM7	2	GSK591;MS023	4	GVRCSSSRGGRPGLS	True	0.5	0.5	Q8WWM7:370
Q8WWM7	ATXN2L	382	ADMA	Q8WWM7	2	GSK591;MS023	2	GLSSLPPRGPHHLDN	True	1.0	0.0	Q8WWM7:382
Q8WWM7	ATXN2L	382	MMA	Q8WWM7	2	GSK591;MS023	2	GLSSLPPRGPHHLDN	True	1.0	0.0	Q8WWM7:382
Q8WXF1	PSPC1	4	ADMA	Q8WXF1	2	GSK591;MS023	2	____MMLRGNLKQVR	True	0.0	1.0	Q8WXF1:4
Q8WXF1	PSPC1	4	SDMA	Q8WXF1	2	GSK591;MS023	2	____MMLRGNLKQVR	True	0.0	1.0	Q8WXF1:4
Q8WXH0	SYNE2	2923	ADMA	Q8WXH0	2	GSK591;MS023	4	QLKNLKIRTNRIQRF	True	0.0	1.0	Q8WXH0:2923
Q8WXH0	SYNE2	2923	MMA	Q8WXH0	2	GSK591;MS023	4	QLKNLKIRTNRIQRF	True	0.0	1.0	Q8WXH0:2923
Q8WXH0	SYNE2	2923	SDMA	Q8WXH0	2	GSK591;MS023	4	QLKNLKIRTNRIQRF	True	0.0	1.0	Q8WXH0:2923
Q8WXH0	SYNE2	2926	ADMA	Q8WXH0	2	GSK591;MS023	6	NLKIRTNRIQRFIQN	True	0.6666666666666666	0.3333333333333333	Q8WXH0:2926
Q8WXH0	SYNE2	2926	MMA	Q8WXH0	2	GSK591;MS023	6	NLKIRTNRIQRFIQN	True	0.6666666666666666	0.3333333333333333	Q8WXH0:2926
Q8WXH0	SYNE2	2926	SDMA	Q8WXH0	2	GSK591;MS023	6	NLKIRTNRIQRFIQN	True	0.6666666666666666	0.3333333333333333	Q8WXH0:2926
Q8WXH0	SYNE2	2929	ADMA	Q8WXH0	2	GSK591;MS023	6	IRTNRIQRFIQNTCN	True	0.6666666666666666	0.3333333333333333	Q8WXH0:2929
Q8WXH0	SYNE2	2929	MMA	Q8WXH0	2	GSK591;MS023	6	IRTNRIQRFIQNTCN	True	0.6666666666666666	0.3333333333333333	Q8WXH0:2929
Q8WXH0	SYNE2	2929	SDMA	Q8WXH0	2	GSK591;MS023	6	IRTNRIQRFIQNTCN	True	0.6666666666666666	0.3333333333333333	Q8WXH0:2929
Q92530	PSMF1	205	MMA	Q92530	2	GSK591;MS023	4	LDPFGPRRGGMIVDP	True	1.0	0.0	Q92530:205
Q92530	PSMF1	231	MMA	Q92530	2	GSK591;MS023	2	PSSGLPNRLPPGAVP	True	1.0	0.0	Q92530:231
Q92615	LARP4B	493	MMA	Q92615	2	GSK591;MS023	2	ESSPGLGRGRKNSFG	True	1.0	0.0	Q92615:493
Q92615	LARP4B	493	SDMA	Q92615	2	GSK591;MS023	4	ESSPGLGRGRKNSFG	True	0.0	1.0	Q92615:493
Q92686	NRGN	51	ADMA	Q92686	2	GSK591;MS023	2	KKIKSGERGRKGPGP	True	1.0	0.0	Q92686:51
Q92686	NRGN	68	ADMA	Q92686	2	GSK591;MS023	2	PGGAGVARGGAGGGP	True	1.0	0.0	Q92686:68
Q92686	NRGN	68	MMA	Q92686	2	GSK591;MS023	2	PGGAGVARGGAGGGP	True	1.0	0.0	Q92686:68
Q92734	TFG	385	ADMA	Q92734	2	GSK591;MS023	2	PNPYARNRPPFGQGY	True	0.0	1.0	Q92734:385
Q92734	TFG	385	MMA	Q92734	2	GSK591;MS023	6	PNPYARNRPPFGQGY	True	0.6666666666666666	0.3333333333333333	Q92734:385
Q92734	TFG	385	SDMA	Q92734	2	GSK591;MS023	2	PNPYARNRPPFGQGY	True	1.0	0.0	Q92734:385
Q92734	TFG	400	ADMA	Q92734	2	GSK591;MS023	2	TQPGPGYR_______	True	1.0	0.0	Q92734:400
Q92734	TFG	400	MMA	Q92734	2	GSK591;MS023	6	TQPGPGYR_______	True	1.0	0.0	Q92734:400
Q92734	TFG	400	SDMA	Q92734	2	GSK591;MS023	2	TQPGPGYR_______	True	1.0	0.0	Q92734:400
Q92804	TAF15	185	ADMA	Q92804	2	GSK591;MS023	2	GGSQGGGRGRGGYDK	True	0.0	1.0	Q92804:185
Q92804	TAF15	185	MMA	Q92804	2	GSK591;MS023	18	GGSQGGGRGRGGYDK	True	0.3333333333333333	0.6666666666666666	Q92804:185
Q92804	TAF15	187	ADMA	Q92804	2	GSK591;MS023	2	SQGGGRGRGGYDKDG	True	1.0	0.0	Q92804:187
Q92804	TAF15	187	MMA	Q92804	2	GSK591;MS023	14	SQGGGRGRGGYDKDG	True	1.0	0.0	Q92804:187
Q92804	TAF15	195	MMA	Q92804	2	GSK591;MS023	2	GGYDKDGRGPMTGSS	True	1.0	0.0	Q92804:195
Q92804	TAF15	206	MMA	Q92804	2	GSK591;MS023	6	TGSSGGDRGGFKNFG	True	0.0	1.0	Q92804:206
Q92804	TAF15	320	ADMA	Q92804	2	GSK591;MS023	2	IKVSFATRRPEFMRG	True	1.0	0.0	Q92804:320
Q92804	TAF15	320	MMA	Q92804	2	GSK591;MS023	2	IKVSFATRRPEFMRG	True	1.0	0.0	Q92804:320
Q92804	TAF15	320	SDMA	Q92804	2	GSK591;MS023	2	IKVSFATRRPEFMRG	True	1.0	0.0	Q92804:320
Q92804	TAF15	321	ADMA	Q92804	2	GSK591;MS023	2	KVSFATRRPEFMRGG	True	1.0	0.0	Q92804:321
Q92804	TAF15	321	MMA	Q92804	2	GSK591;MS023	2	KVSFATRRPEFMRGG	True	1.0	0.0	Q92804:321
Q92804	TAF15	321	SDMA	Q92804	2	GSK591;MS023	2	KVSFATRRPEFMRGG	True	1.0	0.0	Q92804:321
Q92804	TAF15	326	ADMA	Q92804	2	GSK591;MS023	22	TRRPEFMRGGGSGGG	True	0.09090909090909091	0.9090909090909091	Q92804:326
Q92804	TAF15	326	MMA	Q92804	2	GSK591;MS023	16	TRRPEFMRGGGSGGG	True	0.125	0.875	Q92804:326
Q92804	TAF15	326	SDMA	Q92804	2	GSK591;MS023	6	TRRPEFMRGGGSGGG	True	0.0	1.0	Q92804:326
Q92804	TAF15	334	ADMA	Q92804	2	GSK591;MS023	24	GGGSGGGRRGRGGYR	True	0.16666666666666666	0.8333333333333334	Q92804:334
Q92804	TAF15	334	MMA	Q92804	2	GSK591;MS023	18	GGGSGGGRRGRGGYR	True	0.1111111111111111	0.8888888888888888	Q92804:334
Q92804	TAF15	334	SDMA	Q92804	2	GSK591;MS023	6	GGGSGGGRRGRGGYR	True	0.0	1.0	Q92804:334
Q92804	TAF15	335	ADMA	Q92804	2	GSK591;MS023	24	GGSGGGRRGRGGYRG	True	0.0	1.0	Q92804:335
Q92804	TAF15	335	MMA	Q92804	2	GSK591;MS023	18	GGSGGGRRGRGGYRG	True	0.0	1.0	Q92804:335
Q92804	TAF15	335	SDMA	Q92804	2	GSK591;MS023	6	GGSGGGRRGRGGYRG	True	0.0	1.0	Q92804:335
Q92804	TAF15	337	ADMA	Q92804	2	GSK591;MS023	24	SGGGRRGRGGYRGRG	True	0.0	1.0	Q92804:337
Q92804	TAF15	337	MMA	Q92804	2	GSK591;MS023	18	SGGGRRGRGGYRGRG	True	0.0	1.0	Q92804:337
Q92804	TAF15	337	SDMA	Q92804	2	GSK591;MS023	6	SGGGRRGRGGYRGRG	True	0.0	1.0	Q92804:337
Q92804	TAF15	341	ADMA	Q92804	2	GSK591;MS023	24	RRGRGGYRGRGGFQG	True	0.0	1.0	Q92804:341
Q92804	TAF15	341	MMA	Q92804	2	GSK591;MS023	18	RRGRGGYRGRGGFQG	True	0.0	1.0	Q92804:341
Q92804	TAF15	341	SDMA	Q92804	2	GSK591;MS023	6	RRGRGGYRGRGGFQG	True	0.0	1.0	Q92804:341
Q92804	TAF15	343	ADMA	Q92804	2	GSK591;MS023	24	GRGGYRGRGGFQGRG	True	0.08333333333333333	0.9166666666666666	Q92804:343
Q92804	TAF15	343	MMA	Q92804	2	GSK591;MS023	18	GRGGYRGRGGFQGRG	True	0.1111111111111111	0.8888888888888888	Q92804:343
Q92804	TAF15	343	SDMA	Q92804	2	GSK591;MS023	6	GRGGYRGRGGFQGRG	True	0.3333333333333333	0.6666666666666666	Q92804:343
Q92804	TAF15	349	ADMA	Q92804	2	GSK591;MS023	10	GRGGFQGRGGDPKSG	True	0.8	0.2	Q92804:349
Q92804	TAF15	349	MMA	Q92804	2	GSK591;MS023	6	GRGGFQGRGGDPKSG	True	0.6666666666666666	0.3333333333333333	Q92804:349
Q92804	TAF15	349	SDMA	Q92804	2	GSK591;MS023	4	GRGGFQGRGGDPKSG	True	0.5	0.5	Q92804:349
Q92804	TAF15	395	MMA	Q92804	2	GSK591;MS023	6	RPSGGDFRGRGYGGE	True	0.3333333333333333	0.6666666666666666	Q92804:395
Q92804	TAF15	397	MMA	Q92804	2	GSK591;MS023	8	SGGDFRGRGYGGERG	True	0.75	0.25	Q92804:397
Q92804	TAF15	403	ADMA	Q92804	2	GSK591;MS023	2	GRGYGGERGYRGRGG	True	0.0	1.0	Q92804:403
Q92804	TAF15	403	MMA	Q92804	2	GSK591;MS023	6	GRGYGGERGYRGRGG	True	0.0	1.0	Q92804:403
Q92804	TAF15	406	ADMA	Q92804	2	GSK591;MS023	2	YGGERGYRGRGGRGG	True	0.0	1.0	Q92804:406
Q92804	TAF15	406	MMA	Q92804	2	GSK591;MS023	8	YGGERGYRGRGGRGG	True	0.0	1.0	Q92804:406
Q92804	TAF15	408	ADMA	Q92804	2	GSK591;MS023	2	GERGYRGRGGRGGDR	True	0.0	1.0	Q92804:408
Q92804	TAF15	408	MMA	Q92804	2	GSK591;MS023	8	GERGYRGRGGRGGDR	True	0.0	1.0	Q92804:408
Q92804	TAF15	411	MMA	Q92804	2	GSK591;MS023	8	GYRGRGGRGGDRGGY	True	0.75	0.25	Q92804:411
Q92804	TAF15	415	MMA	Q92804	2	GSK591;MS023	6	RGGRGGDRGGYGGDR	True	0.6666666666666666	0.3333333333333333	Q92804:415
Q92804	TAF15	459	MMA	Q92804	2	GSK591;MS023	16	GGGYGGDRGGGYGGD	True	1.0	0.0	Q92804:459
Q92804	TAF15	467	MMA	Q92804	2	GSK591;MS023	24	GGGYGGDRGGGYGGD	True	0.6666666666666666	0.3333333333333333	Q92804:467
Q92804	TAF15	475	MMA	Q92804	2	GSK591;MS023	20	GGGYGGDRGGGYGGD	True	0.5	0.5	Q92804:475
Q92804	TAF15	483	MMA	Q92804	2	GSK591;MS023	28	GGGYGGDRGGYGGDR	True	0.21428571428571427	0.7857142857142857	Q92804:483
Q92804	TAF15	490	MMA	Q92804	2	GSK591;MS023	10	RGGYGGDRGGGYGGD	True	1.0	0.0	Q92804:490
Q92804	TAF15	498	MMA	Q92804	2	GSK591;MS023	34	GGGYGGDRGGYGGDR	True	0.7647058823529411	0.23529411764705882	Q92804:498
Q92804	TAF15	505	MMA	Q92804	2	GSK591;MS023	36	RGGYGGDRGGYGGDR	True	0.6666666666666666	0.3333333333333333	Q92804:505
Q92804	TAF15	512	MMA	Q92804	2	GSK591;MS023	44	RGGYGGDRGGYGGDR	True	0.45454545454545453	0.5454545454545454	Q92804:512
Q92804	TAF15	519	MMA	Q92804	2	GSK591;MS023	38	RGGYGGDRGGYGGDR	True	0.3684210526315789	0.631578947368421	Q92804:519
Q92804	TAF15	528	MMA	Q92804	2	GSK591;MS023	6	GYGGDRSRGGYGGDR	True	0.6666666666666666	0.3333333333333333	Q92804:528
Q92804	TAF15	535	MMA	Q92804	2	GSK591;MS023	8	RGGYGGDRGGGSGYG	True	0.75	0.25	Q92804:535
Q92804	TAF15	562	MMA	Q92804	2	GSK591;MS023	4	GGGYGGDRGGGYGGD	True	1.0	0.0	Q92804:562
Q92804	TAF15	570	MMA	Q92804	2	GSK591;MS023	6	GGGYGGDRGGYGGKM	True	0.6666666666666666	0.3333333333333333	Q92804:570
Q92841	DDX17	81	MMA	Q92841	2	GSK591;MS023	2	LYPFGTMRGGGFGDR	True	1.0	0.0	Q92841:81
Q92841	DDX17	94	MMA	Q92841	2	GSK591;MS023	4	DRDRDRDRGGFGARG	True	1.0	0.0	Q92841:94
Q92841	DDX17	100	ADMA	Q92841	2	GSK591;MS023	2	DRGGFGARGGGGLPP	True	1.0	0.0	Q92841:100
Q92841	DDX17	100	MMA	Q92841	2	GSK591;MS023	10	DRGGFGARGGGGLPP	True	1.0	0.0	Q92841:100
Q92841	DDX17	100	SDMA	Q92841	2	GSK591;MS023	2	DRGGFGARGGGGLPP	True	1.0	0.0	Q92841:100
Q92945	KHSRP	394	MMA	Q92945	2	GSK591;MS023	2	NDLLQSLRSGPPGPP	True	1.0	0.0	Q92945:394
Q92945	KHSRP	411	ADMA	Q92945	2	GSK591;MS023	4	PGMPPGGRGRGRGQG	True	0.5	0.5	Q92945:411
Q92945	KHSRP	411	MMA	Q92945	2	GSK591;MS023	22	PGMPPGGRGRGRGQG	True	0.6363636363636364	0.36363636363636365	Q92945:411
Q92945	KHSRP	411	SDMA	Q92945	2	GSK591;MS023	24	PGMPPGGRGRGRGQG	True	0.25	0.75	Q92945:411
Q92945	KHSRP	413	ADMA	Q92945	2	GSK591;MS023	4	MPPGGRGRGRGQGNW	True	0.5	0.5	Q92945:413
Q92945	KHSRP	413	MMA	Q92945	2	GSK591;MS023	28	MPPGGRGRGRGQGNW	True	0.35714285714285715	0.6428571428571429	Q92945:413
Q92945	KHSRP	413	SDMA	Q92945	2	GSK591;MS023	26	MPPGGRGRGRGQGNW	True	0.23076923076923078	0.7692307692307693	Q92945:413
Q92945	KHSRP	415	ADMA	Q92945	2	GSK591;MS023	4	PGGRGRGRGQGNWGP	True	0.5	0.5	Q92945:415
Q92945	KHSRP	415	MMA	Q92945	2	GSK591;MS023	24	PGGRGRGRGQGNWGP	True	0.6666666666666666	0.3333333333333333	Q92945:415
Q92945	KHSRP	415	SDMA	Q92945	2	GSK591;MS023	26	PGGRGRGRGQGNWGP	True	0.38461538461538464	0.6153846153846154	Q92945:415
Q92945	KHSRP	442	ADMA	Q92945	2	GSK591;MS023	4	KCGLVIGRGGENVKA	True	1.0	0.0	Q92945:442
Q92945	KHSRP	442	MMA	Q92945	2	GSK591;MS023	10	KCGLVIGRGGENVKA	True	1.0	0.0	Q92945:442
Q969E4	TCEAL3	176	MMA	Q969E4	2	GSK591;MS023	2	VQDPFAPRGQRGVRG	True	1.0	0.0	Q969E4:176
Q96AE4	FUBP1	359	ADMA	Q96AE4	2	GSK591;MS023	2	GGPGPGGRGRGRGQG	True	1.0	0.0	Q96AE4:359
Q96AE4	FUBP1	359	MMA	Q96AE4	2	GSK591;MS023	4	GGPGPGGRGRGRGQG	True	0.5	0.5	Q96AE4:359
Q96AE4	FUBP1	359	SDMA	Q96AE4	2	GSK591;MS023	8	GGPGPGGRGRGRGQG	True	0.0	1.0	Q96AE4:359
Q96AE4	FUBP1	361	ADMA	Q96AE4	2	GSK591;MS023	2	PGPGGRGRGRGQGNW	True	0.0	1.0	Q96AE4:361
Q96AE4	FUBP1	361	MMA	Q96AE4	2	GSK591;MS023	4	PGPGGRGRGRGQGNW	True	0.0	1.0	Q96AE4:361
Q96AE4	FUBP1	361	SDMA	Q96AE4	2	GSK591;MS023	10	PGPGGRGRGRGQGNW	True	0.0	1.0	Q96AE4:361
Q96AE4	FUBP1	363	ADMA	Q96AE4	2	GSK591;MS023	2	PGGRGRGRGQGNWNM	True	0.0	1.0	Q96AE4:363
Q96AE4	FUBP1	363	MMA	Q96AE4	2	GSK591;MS023	4	PGGRGRGRGQGNWNM	True	0.5	0.5	Q96AE4:363
Q96AE4	FUBP1	363	SDMA	Q96AE4	2	GSK591;MS023	10	PGGRGRGRGQGNWNM	True	0.2	0.8	Q96AE4:363
Q96B36	AKT1S1	51	MMA	Q96B36	2	GSK591;MS023	2	CAYAAHGRGALAEAA	True	1.0	0.0	Q96B36:51
Q96B54	ZNF428	75	MMA	Q96B54	2	GSK591;MS023	2	KQRLGGGRGGPSRRA	True	1.0	0.0	Q96B54:75
Q96DT7	ZBTB10	126	MMA	Q96DT7	2	GSK591;MS023	2	NRRTLAFRGGGGGGL	True	1.0	0.0	Q96DT7:126
Q96EV2	RBM33	470	ADMA	Q96EV2	2	GSK591;MS023	2	LGVSGEPRFPSHLFL	True	0.0	1.0	Q96EV2:470
Q96EV2	RBM33	470	SDMA	Q96EV2	2	GSK591;MS023	2	LGVSGEPRFPSHLFL	True	0.0	1.0	Q96EV2:470
Q96EV2	RBM33	1028	MMA	Q96EV2	2	GSK591;MS023	2	ARKVTLTRGGLQQPP	True	1.0	0.0	Q96EV2:1028
Q96H20	SNF8	4	MMA	Q96H20	2	GSK591;MS023	4	____MHRRGVGAGAI	True	1.0	0.0	Q96H20:4
Q96HR8	NAF1	375	ADMA	Q96HR8	2	GSK591;MS023	6	YRNREFTRGFSRARY	True	0.0	1.0	Q96HR8:375
Q96HR8	NAF1	379	ADMA	Q96HR8	2	GSK591;MS023	6	EFTRGFSRARYPRSC	True	0.0	1.0	Q96HR8:379
Q96HR8	NAF1	381	ADMA	Q96HR8	2	GSK591;MS023	6	TRGFSRARYPRSCHG	True	0.0	1.0	Q96HR8:381
Q96HR8	NAF1	384	ADMA	Q96HR8	2	GSK591;MS023	4	FSRARYPRSCHGRPP	True	0.5	0.5	Q96HR8:384
Q96HR8	NAF1	389	ADMA	Q96HR8	2	GSK591;MS023	4	YPRSCHGRPPPQHFY	True	0.5	0.5	Q96HR8:389
Q96I24	FUBP3	337	MMA	Q96I24	2	GSK591;MS023	4	FGGLAAARGRGRGRG	True	1.0	0.0	Q96I24:337
Q96I24	FUBP3	337	SDMA	Q96I24	2	GSK591;MS023	12	FGGLAAARGRGRGRG	True	0.8333333333333334	0.16666666666666666	Q96I24:337
Q96I24	FUBP3	339	MMA	Q96I24	2	GSK591;MS023	16	GLAAARGRGRGRGDW	True	0.375	0.625	Q96I24:339
Q96I24	FUBP3	339	SDMA	Q96I24	2	GSK591;MS023	24	GLAAARGRGRGRGDW	True	0.25	0.75	Q96I24:339
Q96I24	FUBP3	341	MMA	Q96I24	2	GSK591;MS023	10	AAARGRGRGRGDWSV	True	0.6	0.4	Q96I24:341
Q96I24	FUBP3	341	SDMA	Q96I24	2	GSK591;MS023	16	AAARGRGRGRGDWSV	True	0.375	0.625	Q96I24:341
Q96I24	FUBP3	343	MMA	Q96I24	2	GSK591;MS023	8	ARGRGRGRGDWSVGA	True	0.75	0.25	Q96I24:343
Q96I24	FUBP3	343	SDMA	Q96I24	2	GSK591;MS023	12	ARGRGRGRGDWSVGA	True	0.6666666666666666	0.3333333333333333	Q96I24:343
Q96I25	RBM17	273	ADMA	Q96I25	2	GSK591;MS023	4	SVEKTSKRGGKIIVG	True	1.0	0.0	Q96I25:273
Q96I25	RBM17	273	MMA	Q96I25	2	GSK591;MS023	6	SVEKTSKRGGKIIVG	True	1.0	0.0	Q96I25:273
Q96I25	RBM17	273	SDMA	Q96I25	2	GSK591;MS023	2	SVEKTSKRGGKIIVG	True	1.0	0.0	Q96I25:273
Q96LD4	TRIM47	582	MMA	Q96LD4	2	GSK591;MS023	2	LKASRPRRGGIPASP	True	1.0	0.0	Q96LD4:582
Q96QC0	PPP1R10	693	MMA	Q96QC0	2	GSK591;MS023	4	PMRGGPMRGGPGPGP	True	1.0	0.0	Q96QC0:693
Q96QC0	PPP1R10	705	MMA	Q96QC0	2	GSK591;MS023	4	PGPGPYHRGRGGRGG	True	0.0	1.0	Q96QC0:705
Q96QC0	PPP1R10	707	MMA	Q96QC0	2	GSK591;MS023	4	PGPYHRGRGGRGGNE	True	0.0	1.0	Q96QC0:707
Q96SI9	STRBP	608	ADMA	Q96SI9	2	GSK591;MS023	2	SAAVQAVRGRGRGTL	True	0.0	1.0	Q96SI9:608
Q96SI9	STRBP	610	ADMA	Q96SI9	2	GSK591;MS023	2	AVQAVRGRGRGTLTR	True	0.0	1.0	Q96SI9:610
Q96SI9	STRBP	612	ADMA	Q96SI9	2	GSK591;MS023	2	QAVRGRGRGTLTRGA	True	0.0	1.0	Q96SI9:612
Q96SI9	STRBP	617	ADMA	Q96SI9	2	GSK591;MS023	2	RGRGTLTRGAFVGAT	True	0.0	1.0	Q96SI9:617
Q96T58	SPEN	108	MMA	Q96T58	2	GSK591;MS023	2	SREVSGFRGGGGGPA	True	1.0	0.0	Q96T58:108
Q99729	HNRNPAB	245	MMA	Q99729	2	GSK591;MS023	2	QQYGSGGRGNRNRGN	True	1.0	0.0	Q99729:245
Q99729	HNRNPAB	322	MMA	Q99729	2	GSK591;MS023	4	NYGKSQRRGGHQNNY	True	1.0	0.0	Q99729:322
Q99832	CCT7	524	SDMA	Q99832	2	GSK591;MS023	2	DETIKNPRSTVDAPT	True	1.0	0.0	Q99832:524
Q99832	CCT7	535	ADMA	Q99832	2	GSK591;MS023	18	DAPTAAGRGRGRGRP	True	0.3333333333333333	0.6666666666666666	Q99832:535
Q99832	CCT7	535	MMA	Q99832	2	GSK591;MS023	46	DAPTAAGRGRGRGRP	True	0.782608695652174	0.21739130434782608	Q99832:535
Q99832	CCT7	535	SDMA	Q99832	2	GSK591;MS023	36	DAPTAAGRGRGRGRP	True	0.5	0.5	Q99832:535
Q99832	CCT7	537	ADMA	Q99832	2	GSK591;MS023	20	PTAAGRGRGRGRPH_	True	0.3	0.7	Q99832:537
Q99832	CCT7	537	MMA	Q99832	2	GSK591;MS023	44	PTAAGRGRGRGRPH_	True	0.45454545454545453	0.5454545454545454	Q99832:537
Q99832	CCT7	537	SDMA	Q99832	2	GSK591;MS023	40	PTAAGRGRGRGRPH_	True	0.3	0.7	Q99832:537
Q99832	CCT7	539	ADMA	Q99832	2	GSK591;MS023	12	AAGRGRGRGRPH___	True	0.3333333333333333	0.6666666666666666	Q99832:539
Q99832	CCT7	539	MMA	Q99832	2	GSK591;MS023	32	AAGRGRGRGRPH___	True	0.8125	0.1875	Q99832:539
Q99832	CCT7	539	SDMA	Q99832	2	GSK591;MS023	32	AAGRGRGRGRPH___	True	0.5	0.5	Q99832:539
Q99832	CCT7	541	ADMA	Q99832	2	GSK591;MS023	2	GRGRGRGRPH_____	True	0.0	1.0	Q99832:541
Q99832	CCT7	541	SDMA	Q99832	2	GSK591;MS023	4	GRGRGRGRPH_____	True	0.5	0.5	Q99832:541
Q99933	BAG1	4	ADMA	Q99933	2	GSK591;MS023	2	____MAQRGGARRPR	True	1.0	0.0	Q99933:4
Q99933	BAG1	4	MMA	Q99933	2	GSK591;MS023	2	____MAQRGGARRPR	True	1.0	0.0	Q99933:4
Q9BQ61	C19orf43; TRIR	4	MMA	Q9BQ61	2	GSK591;MS023	2	____MAARGRRAEPQ	True	1.0	0.0	Q9BQ61:4
Q9BTC0	DIDO1	2008	ADMA	Q9BTC0	2	GSK591;MS023	2	KNEQTPSRFHFQGQA	True	0.0	1.0	Q9BTC0:2008
Q9BTC0	DIDO1	2024	ADMA	Q9BTC0	2	GSK591;MS023	2	QVMKPGPRPLLELPS	True	0.0	1.0	Q9BTC0:2024
Q9BUJ2	HNRNPUL1	179	MMA	Q9BUJ2	2	GSK591;MS023	6	KRPYEENRGRGYFEH	True	1.0	0.0	Q9BUJ2:179
Q9BUJ2	HNRNPUL1	608	MMA	Q9BUJ2	2	GSK591;MS023	2	AGPPPEKRFDNRGGG	True	0.0	1.0	Q9BUJ2:608
Q9BUJ2	HNRNPUL1	612	MMA	Q9BUJ2	2	GSK591;MS023	14	PEKRFDNRGGGGFRG	True	1.0	0.0	Q9BUJ2:612
Q9BUJ2	HNRNPUL1	612	SDMA	Q9BUJ2	2	GSK591;MS023	2	PEKRFDNRGGGGFRG	True	1.0	0.0	Q9BUJ2:612
Q9BUJ2	HNRNPUL1	618	MMA	Q9BUJ2	2	GSK591;MS023	24	NRGGGGFRGRGGGGG	True	0.25	0.75	Q9BUJ2:618
Q9BUJ2	HNRNPUL1	618	SDMA	Q9BUJ2	2	GSK591;MS023	10	NRGGGGFRGRGGGGG	True	0.4	0.6	Q9BUJ2:618
Q9BUJ2	HNRNPUL1	620	MMA	Q9BUJ2	2	GSK591;MS023	26	GGGGFRGRGGGGGFQ	True	0.5384615384615384	0.46153846153846156	Q9BUJ2:620
Q9BUJ2	HNRNPUL1	620	SDMA	Q9BUJ2	2	GSK591;MS023	12	GGGGFRGRGGGGGFQ	True	0.5	0.5	Q9BUJ2:620
Q9BUJ2	HNRNPUL1	628	MMA	Q9BUJ2	2	GSK591;MS023	4	GGGGGFQRYENRGPP	True	0.0	1.0	Q9BUJ2:628
Q9BUJ2	HNRNPUL1	639	ADMA	Q9BUJ2	2	GSK591;MS023	16	RGPPGGNRGGFQNRG	True	0.25	0.75	Q9BUJ2:639
Q9BUJ2	HNRNPUL1	639	MMA	Q9BUJ2	2	GSK591;MS023	22	RGPPGGNRGGFQNRG	True	0.5454545454545454	0.45454545454545453	Q9BUJ2:639
Q9BUJ2	HNRNPUL1	645	ADMA	Q9BUJ2	2	GSK591;MS023	14	NRGGFQNRGGGSGGG	True	0.2857142857142857	0.7142857142857143	Q9BUJ2:645
Q9BUJ2	HNRNPUL1	645	MMA	Q9BUJ2	2	GSK591;MS023	24	NRGGFQNRGGGSGGG	True	0.3333333333333333	0.6666666666666666	Q9BUJ2:645
Q9BUJ2	HNRNPUL1	656	ADMA	Q9BUJ2	2	GSK591;MS023	10	SGGGGNYRGGFNRSG	True	0.2	0.8	Q9BUJ2:656
Q9BUJ2	HNRNPUL1	656	MMA	Q9BUJ2	2	GSK591;MS023	16	SGGGGNYRGGFNRSG	True	0.5	0.5	Q9BUJ2:656
Q9BUJ2	HNRNPUL1	661	ADMA	Q9BUJ2	2	GSK591;MS023	2	NYRGGFNRSGGGGYS	True	0.0	1.0	Q9BUJ2:661
Q9BUJ2	HNRNPUL1	661	MMA	Q9BUJ2	2	GSK591;MS023	2	NYRGGFNRSGGGGYS	True	0.0	1.0	Q9BUJ2:661
Q9BUJ2	HNRNPUL1	685	MMA	Q9BUJ2	2	GSK591;MS023	2	DNNNSNNRGSYNRAP	True	1.0	0.0	Q9BUJ2:685
Q9BV68	nan	119	ADMA	Q9BV68	2	GSK591;MS023	2	RERDHPSRHRYGARQ	True	0.0	1.0	Q9BV68:119
Q9BV68	nan	121	ADMA	Q9BV68	2	GSK591;MS023	2	RDHPSRHRYGARQPR	True	1.0	0.0	Q9BV68:121
Q9BV68	nan	128	ADMA	Q9BV68	2	GSK591;MS023	8	RYGARQPRARLTTRR	True	0.0	1.0	Q9BV68:128
Q9BV68	nan	130	ADMA	Q9BV68	2	GSK591;MS023	8	GARQPRARLTTRRAT	True	0.0	1.0	Q9BV68:130
Q9BYN0	SRXN1	16	MMA	Q9BYN0	2	GSK591;MS023	2	LGRAGAGRGAPEGPG	True	1.0	0.0	Q9BYN0:16
Q9BZZ5	API5	500	ADMA	Q9BZZ5	2	GSK591;MS023	20	GNFNYEQRGAFRGSR	True	0.2	0.8	Q9BZZ5:500
Q9BZZ5	API5	500	MMA	Q9BZZ5	2	GSK591;MS023	16	GNFNYEQRGAFRGSR	True	0.25	0.75	Q9BZZ5:500
Q9BZZ5	API5	500	SDMA	Q9BZZ5	2	GSK591;MS023	4	GNFNYEQRGAFRGSR	True	0.0	1.0	Q9BZZ5:500
Q9BZZ5	API5	504	ADMA	Q9BZZ5	2	GSK591;MS023	40	YEQRGAFRGSRGGRG	True	0.3	0.7	Q9BZZ5:504
Q9BZZ5	API5	504	MMA	Q9BZZ5	2	GSK591;MS023	28	YEQRGAFRGSRGGRG	True	0.21428571428571427	0.7857142857142857	Q9BZZ5:504
Q9BZZ5	API5	504	SDMA	Q9BZZ5	2	GSK591;MS023	4	YEQRGAFRGSRGGRG	True	0.0	1.0	Q9BZZ5:504
Q9BZZ5	API5	507	ADMA	Q9BZZ5	2	GSK591;MS023	46	RGAFRGSRGGRGWGT	True	0.17391304347826086	0.8260869565217391	Q9BZZ5:507
Q9BZZ5	API5	507	MMA	Q9BZZ5	2	GSK591;MS023	26	RGAFRGSRGGRGWGT	True	0.15384615384615385	0.8461538461538461	Q9BZZ5:507
Q9BZZ5	API5	507	SDMA	Q9BZZ5	2	GSK591;MS023	4	RGAFRGSRGGRGWGT	True	0.0	1.0	Q9BZZ5:507
Q9BZZ5	API5	510	ADMA	Q9BZZ5	2	GSK591;MS023	28	FRGSRGGRGWGTRGN	True	0.07142857142857142	0.9285714285714286	Q9BZZ5:510
Q9BZZ5	API5	510	MMA	Q9BZZ5	2	GSK591;MS023	22	FRGSRGGRGWGTRGN	True	0.09090909090909091	0.9090909090909091	Q9BZZ5:510
Q9BZZ5	API5	510	SDMA	Q9BZZ5	2	GSK591;MS023	4	FRGSRGGRGWGTRGN	True	0.0	1.0	Q9BZZ5:510
Q9BZZ5	API5	515	ADMA	Q9BZZ5	2	GSK591;MS023	40	GGRGWGTRGNRSRGR	True	0.0	1.0	Q9BZZ5:515
Q9BZZ5	API5	515	MMA	Q9BZZ5	2	GSK591;MS023	26	GGRGWGTRGNRSRGR	True	0.0	1.0	Q9BZZ5:515
Q9BZZ5	API5	515	SDMA	Q9BZZ5	2	GSK591;MS023	4	GGRGWGTRGNRSRGR	True	0.0	1.0	Q9BZZ5:515
Q9BZZ5	API5	518	ADMA	Q9BZZ5	2	GSK591;MS023	38	GWGTRGNRSRGRLY_	True	0.0	1.0	Q9BZZ5:518
Q9BZZ5	API5	518	MMA	Q9BZZ5	2	GSK591;MS023	26	GWGTRGNRSRGRLY_	True	0.0	1.0	Q9BZZ5:518
Q9BZZ5	API5	518	SDMA	Q9BZZ5	2	GSK591;MS023	4	GWGTRGNRSRGRLY_	True	0.0	1.0	Q9BZZ5:518
Q9BZZ5	API5	520	ADMA	Q9BZZ5	2	GSK591;MS023	46	GTRGNRSRGRLY___	True	0.043478260869565216	0.9565217391304348	Q9BZZ5:520
Q9BZZ5	API5	520	MMA	Q9BZZ5	2	GSK591;MS023	26	GTRGNRSRGRLY___	True	0.0	1.0	Q9BZZ5:520
Q9BZZ5	API5	520	SDMA	Q9BZZ5	2	GSK591;MS023	2	GTRGNRSRGRLY___	True	0.0	1.0	Q9BZZ5:520
Q9BZZ5	API5	522	ADMA	Q9BZZ5	2	GSK591;MS023	6	RGNRSRGRLY_____	True	0.3333333333333333	0.6666666666666666	Q9BZZ5:522
Q9BZZ5	API5	522	MMA	Q9BZZ5	2	GSK591;MS023	4	RGNRSRGRLY_____	True	0.5	0.5	Q9BZZ5:522
Q9BZZ5	API5	522	SDMA	Q9BZZ5	2	GSK591;MS023	2	RGNRSRGRLY_____	True	0.0	1.0	Q9BZZ5:522
Q9C0J8	WDR33	10	ADMA	Q9C0J8	2	GSK591;MS023	8	TEIGSPPRFFHMPRF	True	0.0	1.0	Q9C0J8:10
Q9C0J8	WDR33	10	SDMA	Q9C0J8	2	GSK591;MS023	4	TEIGSPPRFFHMPRF	True	0.0	1.0	Q9C0J8:10
Q9C0J8	WDR33	16	ADMA	Q9C0J8	2	GSK591;MS023	6	PRFFHMPRFQHQAPR	True	0.0	1.0	Q9C0J8:16
Q9C0J8	WDR33	16	SDMA	Q9C0J8	2	GSK591;MS023	4	PRFFHMPRFQHQAPR	True	0.0	1.0	Q9C0J8:16
Q9C0J8	WDR33	1035	ADMA	Q9C0J8	2	GSK591;MS023	2	RLREFEGRGGPLPQE	True	1.0	0.0	Q9C0J8:1035
Q9C0J8	WDR33	1035	MMA	Q9C0J8	2	GSK591;MS023	4	RLREFEGRGGPLPQE	True	1.0	0.0	Q9C0J8:1035
Q9C0J8	WDR33	1047	ADMA	Q9C0J8	2	GSK591;MS023	4	PQEEKWRRGGPGPPF	True	1.0	0.0	Q9C0J8:1047
Q9C0J8	WDR33	1047	MMA	Q9C0J8	2	GSK591;MS023	4	PQEEKWRRGGPGPPF	True	1.0	0.0	Q9C0J8:1047
Q9C0J8	WDR33	1047	SDMA	Q9C0J8	2	GSK591;MS023	2	PQEEKWRRGGPGPPF	True	1.0	0.0	Q9C0J8:1047
Q9C0J8	WDR33	1106	MMA	Q9C0J8	2	GSK591;MS023	2	RREESFRRGAPPRHE	True	1.0	0.0	Q9C0J8:1106
Q9C0J8	WDR33	1262	ADMA	Q9C0J8	2	GSK591;MS023	2	EDRGGKGRGGPGPAQ	True	0.0	1.0	Q9C0J8:1262
Q9C0J8	WDR33	1262	MMA	Q9C0J8	2	GSK591;MS023	2	EDRGGKGRGGPGPAQ	True	1.0	0.0	Q9C0J8:1262
Q9C0J8	WDR33	1262	SDMA	Q9C0J8	2	GSK591;MS023	2	EDRGGKGRGGPGPAQ	True	0.0	1.0	Q9C0J8:1262
Q9C0J8	WDR33	1305	ADMA	Q9C0J8	2	GSK591;MS023	4	PGSGTPSRGGRSGSN	True	0.0	1.0	Q9C0J8:1305
Q9C0J8	WDR33	1305	MMA	Q9C0J8	2	GSK591;MS023	2	PGSGTPSRGGRSGSN	True	0.0	1.0	Q9C0J8:1305
Q9C0J8	WDR33	1315	ADMA	Q9C0J8	2	GSK591;MS023	8	RSGSNWGRGSNMNSG	True	0.0	1.0	Q9C0J8:1315
Q9C0J8	WDR33	1315	MMA	Q9C0J8	2	GSK591;MS023	2	RSGSNWGRGSNMNSG	True	0.0	1.0	Q9C0J8:1315
Q9C0J8	WDR33	1326	ADMA	Q9C0J8	2	GSK591;MS023	4	MNSGPPRRGASRGGG	True	0.0	1.0	Q9C0J8:1326
Q9C0J8	WDR33	1326	MMA	Q9C0J8	2	GSK591;MS023	2	MNSGPPRRGASRGGG	True	0.0	1.0	Q9C0J8:1326
Q9C0J8	WDR33	1330	ADMA	Q9C0J8	2	GSK591;MS023	4	PPRRGASRGGGRGR_	True	0.0	1.0	Q9C0J8:1330
Q9C0J8	WDR33	1330	MMA	Q9C0J8	2	GSK591;MS023	2	PPRRGASRGGGRGR_	True	0.0	1.0	Q9C0J8:1330
Q9C0J8	WDR33	1334	ADMA	Q9C0J8	2	GSK591;MS023	4	GASRGGGRGR_____	True	0.0	1.0	Q9C0J8:1334
Q9C0J8	WDR33	1334	MMA	Q9C0J8	2	GSK591;MS023	2	GASRGGGRGR_____	True	0.0	1.0	Q9C0J8:1334
Q9H074	PAIP1	13	ADMA	Q9H074	2	GSK591;MS023	18	DRAPGAGRGRSRGLG	True	0.0	1.0	Q9H074:13
Q9H074	PAIP1	13	MMA	Q9H074	2	GSK591;MS023	60	DRAPGAGRGRSRGLG	True	0.03333333333333333	0.9666666666666667	Q9H074:13
Q9H074	PAIP1	13	SDMA	Q9H074	2	GSK591;MS023	84	DRAPGAGRGRSRGLG	True	0.023809523809523808	0.9761904761904762	Q9H074:13
Q9H074	PAIP1	15	ADMA	Q9H074	2	GSK591;MS023	14	APGAGRGRSRGLGRG	True	0.42857142857142855	0.5714285714285714	Q9H074:15
Q9H074	PAIP1	15	MMA	Q9H074	2	GSK591;MS023	28	APGAGRGRSRGLGRG	True	0.6428571428571429	0.35714285714285715	Q9H074:15
Q9H074	PAIP1	15	SDMA	Q9H074	2	GSK591;MS023	58	APGAGRGRSRGLGRG	True	0.5172413793103449	0.4827586206896552	Q9H074:15
Q9H074	PAIP1	17	ADMA	Q9H074	2	GSK591;MS023	12	GAGRGRSRGLGRGGG	True	0.8333333333333334	0.16666666666666666	Q9H074:17
Q9H074	PAIP1	17	MMA	Q9H074	2	GSK591;MS023	34	GAGRGRSRGLGRGGG	True	0.7647058823529411	0.23529411764705882	Q9H074:17
Q9H074	PAIP1	17	SDMA	Q9H074	2	GSK591;MS023	52	GAGRGRSRGLGRGGG	True	0.6153846153846154	0.38461538461538464	Q9H074:17
Q9H074	PAIP1	21	ADMA	Q9H074	2	GSK591;MS023	18	GRSRGLGRGGGGPEG	True	0.2222222222222222	0.7777777777777778	Q9H074:21
Q9H074	PAIP1	21	MMA	Q9H074	2	GSK591;MS023	58	GRSRGLGRGGGGPEG	True	0.5172413793103449	0.4827586206896552	Q9H074:21
Q9H074	PAIP1	21	SDMA	Q9H074	2	GSK591;MS023	76	GRSRGLGRGGGGPEG	True	0.2631578947368421	0.7368421052631579	Q9H074:21
Q9H0D6	XRN2	883	MMA	Q9H0D6	2	GSK591;MS023	2	FQQQRFDRGVGAEPL	True	1.0	0.0	Q9H0D6:883
Q9H0D6	XRN2	925	MMA	Q9H0D6	2	GSK591;MS023	2	YPPRRDDRGGRQGYP	True	0.0	1.0	Q9H0D6:925
Q9H0D6	XRN2	933	MMA	Q9H0D6	2	GSK591;MS023	2	GGRQGYPREGRKYPL	True	1.0	0.0	Q9H0D6:933
Q9H0D6	XRN2	946	ADMA	Q9H0D6	2	GSK591;MS023	6	PLPPPSGRYNWN___	True	0.6666666666666666	0.3333333333333333	Q9H0D6:946
Q9H0D6	XRN2	946	MMA	Q9H0D6	2	GSK591;MS023	6	PLPPPSGRYNWN___	True	0.6666666666666666	0.3333333333333333	Q9H0D6:946
Q9H0D6	XRN2	946	SDMA	Q9H0D6	2	GSK591;MS023	4	PLPPPSGRYNWN___	True	0.5	0.5	Q9H0D6:946
Q9H2U1	DHX36	47	MMA	Q9H2U1	2	GSK591;MS023	4	GGGGGGGRGGRGRHP	True	1.0	0.0	Q9H2U1:47
Q9H2U1	DHX36	50	MMA	Q9H2U1	2	GSK591;MS023	4	GGGGRGGRGRHPGHL	True	0.0	1.0	Q9H2U1:50
Q9H3H3	nan	14	ADMA	Q9H3H3	2	GSK591;MS023	2	AAVAGVGRGGGGAEP	True	1.0	0.0	Q9H3H3:14
Q9H3H3	nan	14	MMA	Q9H3H3	2	GSK591;MS023	4	AAVAGVGRGGGGAEP	True	1.0	0.0	Q9H3H3:14
Q9H3H3	nan	14	SDMA	Q9H3H3	2	GSK591;MS023	2	AAVAGVGRGGGGAEP	True	1.0	0.0	Q9H3H3:14
Q9H3H3	nan	29	MMA	Q9H3H3	2	GSK591;MS023	4	RQERSRARGWAGVER	True	1.0	0.0	Q9H3H3:29
Q9H3H3	nan	36	MMA	Q9H3H3	2	GSK591;MS023	2	RGWAGVERSEGRRME	True	1.0	0.0	Q9H3H3:36
Q9H9D4	ZNF408	512	ADMA	Q9H9D4	2	GSK591;MS023	2	FRQRGNLRGHLRLHT	True	0.0	1.0	Q9H9D4:512
Q9HCD5	NCOA5	13	MMA	Q9HCD5	2	GSK591;MS023	2	SRPSPTRRDPYGFGD	True	1.0	0.0	Q9HCD5:13
Q9HCE5	METTL14	408	MMA	Q9HCE5	2	GSK591;MS023	2	PPKSKSDRGGGAPRG	True	1.0	0.0	Q9HCE5:408
Q9HCE5	METTL14	414	MMA	Q9HCE5	2	GSK591;MS023	2	DRGGGAPRGGGRGGT	True	0.0	1.0	Q9HCE5:414
Q9HCE5	METTL14	418	MMA	Q9HCE5	2	GSK591;MS023	2	GAPRGGGRGGTSAGR	True	0.0	1.0	Q9HCE5:418
Q9HCE5	METTL14	425	MMA	Q9HCE5	2	GSK591;MS023	2	RGGTSAGRGRERNRS	True	0.0	1.0	Q9HCE5:425
Q9HCE5	METTL14	438	SDMA	Q9HCE5	2	GSK591;MS023	4	RSNFRGERGGFRGGR	True	0.0	1.0	Q9HCE5:438
Q9HCE5	METTL14	442	SDMA	Q9HCE5	2	GSK591;MS023	2	RGERGGFRGGRGGAH	True	0.0	1.0	Q9HCE5:442
Q9HCE5	METTL14	445	SDMA	Q9HCE5	2	GSK591;MS023	4	RGGFRGGRGGAHRGG	True	0.0	1.0	Q9HCE5:445
Q9HCE5	METTL14	450	SDMA	Q9HCE5	2	GSK591;MS023	4	GGRGGAHRGGFPPR_	True	0.5	0.5	Q9HCE5:450
Q9NR30	DDX21	735	MMA	Q9NR30	2	GSK591;MS023	2	REGSRGFRGQRDGNR	True	1.0	0.0	Q9NR30:735
Q9NSQ0	RRP7B; RRP7BP	33	ADMA	Q9NSQ0	2	GSK591;MS023	2	GWVKVTRRGRRPVLP	True	1.0	0.0	Q9NSQ0:33
Q9NSQ0	RRP7B; RRP7BP	33	MMA	Q9NSQ0	2	GSK591;MS023	2	GWVKVTRRGRRPVLP	True	1.0	0.0	Q9NSQ0:33
Q9NSQ0	RRP7B; RRP7BP	33	SDMA	Q9NSQ0	2	GSK591;MS023	2	GWVKVTRRGRRPVLP	True	1.0	0.0	Q9NSQ0:33
Q9NUD5	nan	58	MMA	Q9NUD5	2	GSK591;MS023	2	KGEFREPRPPRREEE	True	1.0	0.0	Q9NUD5:58
Q9NUD5	nan	58	SDMA	Q9NUD5	2	GSK591;MS023	2	KGEFREPRPPRREEE	True	1.0	0.0	Q9NUD5:58
Q9NUD5	nan	61	MMA	Q9NUD5	2	GSK591;MS023	2	FREPRPPRREEESGG	True	1.0	0.0	Q9NUD5:61
Q9NUD5	nan	61	SDMA	Q9NUD5	2	GSK591;MS023	2	FREPRPPRREEESGG	True	1.0	0.0	Q9NUD5:61
Q9NUQ3	TXLNG	24	ADMA	Q9NUQ3	2	GSK591;MS023	2	EEATEAGRGGRRRSP	True	1.0	0.0	Q9NUQ3:24
Q9NUQ3	TXLNG	24	MMA	Q9NUQ3	2	GSK591;MS023	4	EEATEAGRGGRRRSP	True	1.0	0.0	Q9NUQ3:24
Q9NUQ3	TXLNG	24	SDMA	Q9NUQ3	2	GSK591;MS023	2	EEATEAGRGGRRRSP	True	1.0	0.0	Q9NUQ3:24
Q9NW82	WDR70	573	MMA	Q9NW82	2	GSK591;MS023	2	PPVAGPGRGGRVGTH	True	1.0	0.0	Q9NW82:573
Q9NWH9	SLTM	914	MMA	Q9NWH9	2	GSK591;MS023	2	EVSGHSVRGAPPGNR	True	1.0	0.0	Q9NWH9:914
Q9NWH9	SLTM	914	SDMA	Q9NWH9	2	GSK591;MS023	2	EVSGHSVRGAPPGNR	True	1.0	0.0	Q9NWH9:914
Q9NY12	GAR1	4	ADMA	Q9NY12	2	GSK591;MS023	18	____MSFRGGGRGGF	True	0.2222222222222222	0.7777777777777778	Q9NY12:4
Q9NY12	GAR1	4	MMA	Q9NY12	2	GSK591;MS023	10	____MSFRGGGRGGF	True	0.6	0.4	Q9NY12:4
Q9NY12	GAR1	4	SDMA	Q9NY12	2	GSK591;MS023	2	____MSFRGGGRGGF	True	0.0	1.0	Q9NY12:4
Q9NY12	GAR1	8	ADMA	Q9NY12	2	GSK591;MS023	18	MSFRGGGRGGFNRGG	True	0.0	1.0	Q9NY12:8
Q9NY12	GAR1	8	MMA	Q9NY12	2	GSK591;MS023	10	MSFRGGGRGGFNRGG	True	0.0	1.0	Q9NY12:8
Q9NY12	GAR1	8	SDMA	Q9NY12	2	GSK591;MS023	2	MSFRGGGRGGFNRGG	True	0.0	1.0	Q9NY12:8
Q9NY12	GAR1	13	ADMA	Q9NY12	2	GSK591;MS023	14	GGRGGFNRGGGGGGF	True	0.2857142857142857	0.7142857142857143	Q9NY12:13
Q9NY12	GAR1	13	MMA	Q9NY12	2	GSK591;MS023	6	GGRGGFNRGGGGGGF	True	1.0	0.0	Q9NY12:13
Q9NY12	GAR1	13	SDMA	Q9NY12	2	GSK591;MS023	2	GGRGGFNRGGGGGGF	True	1.0	0.0	Q9NY12:13
Q9NY12	GAR1	22	ADMA	Q9NY12	2	GSK591;MS023	12	GGGGGFNRGGSSNHF	True	0.16666666666666666	0.8333333333333334	Q9NY12:22
Q9NY12	GAR1	22	SDMA	Q9NY12	2	GSK591;MS023	2	GGGGGFNRGGSSNHF	True	1.0	0.0	Q9NY12:22
Q9NY12	GAR1	30	ADMA	Q9NY12	2	GSK591;MS023	10	GGSSNHFRGGGGGGG	True	0.0	1.0	Q9NY12:30
Q9NY12	GAR1	42	ADMA	Q9NY12	2	GSK591;MS023	10	GGGGGNFRGGGRGGF	True	0.0	1.0	Q9NY12:42
Q9NY12	GAR1	42	MMA	Q9NY12	2	GSK591;MS023	4	GGGGGNFRGGGRGGF	True	1.0	0.0	Q9NY12:42
Q9NY12	GAR1	46	ADMA	Q9NY12	2	GSK591;MS023	10	GNFRGGGRGGFGRGG	True	0.0	1.0	Q9NY12:46
Q9NY12	GAR1	46	MMA	Q9NY12	2	GSK591;MS023	4	GNFRGGGRGGFGRGG	True	0.5	0.5	Q9NY12:46
Q9NY12	GAR1	51	ADMA	Q9NY12	2	GSK591;MS023	6	GGRGGFGRGGGRGGF	True	0.3333333333333333	0.6666666666666666	Q9NY12:51
Q9NY12	GAR1	55	ADMA	Q9NY12	2	GSK591;MS023	10	GFGRGGGRGGFNKGQ	True	0.2	0.8	Q9NY12:55
Q9NY12	GAR1	189	MMA	Q9NY12	2	GSK591;MS023	2	GGGRGGGRGGGFRGG	True	0.0	1.0	Q9NY12:189
Q9NY12	GAR1	194	MMA	Q9NY12	2	GSK591;MS023	2	GGRGGGFRGGRGGGG	True	0.0	1.0	Q9NY12:194
Q9NY12	GAR1	197	MMA	Q9NY12	2	GSK591;MS023	2	GGGFRGGRGGGGGGF	True	1.0	0.0	Q9NY12:197
Q9NY12	GAR1	205	MMA	Q9NY12	2	GSK591;MS023	2	GGGGGGFRGGRGGGF	True	0.0	1.0	Q9NY12:205
Q9NYF8	BCLAF1	65	SDMA	Q9NYF8	2	GSK591;MS023	2	RRDYRNNRGMRRPYG	True	0.0	1.0	Q9NYF8:65
Q9NYF8	BCLAF1	68	SDMA	Q9NYF8	2	GSK591;MS023	2	YRNNRGMRRPYGYRG	True	0.0	1.0	Q9NYF8:68
Q9NYF8	BCLAF1	69	SDMA	Q9NYF8	2	GSK591;MS023	2	RNNRGMRRPYGYRGR	True	0.0	1.0	Q9NYF8:69
Q9NYF8	BCLAF1	74	SDMA	Q9NYF8	2	GSK591;MS023	2	MRRPYGYRGRGRGYY	True	0.0	1.0	Q9NYF8:74
Q9NYF8	BCLAF1	76	SDMA	Q9NYF8	2	GSK591;MS023	2	RPYGYRGRGRGYYQG	True	0.0	1.0	Q9NYF8:76
Q9NYF8	BCLAF1	78	SDMA	Q9NYF8	2	GSK591;MS023	2	YGYRGRGRGYYQGGG	True	0.0	1.0	Q9NYF8:78
Q9NYF8	BCLAF1	87	SDMA	Q9NYF8	2	GSK591;MS023	2	YYQGGGGRYHRGGYR	True	0.0	1.0	Q9NYF8:87
Q9NYF8	BCLAF1	90	SDMA	Q9NYF8	2	GSK591;MS023	2	GGGGRYHRGGYRPVW	True	0.0	1.0	Q9NYF8:90
Q9NYF8	BCLAF1	862	ADMA	Q9NYF8	2	GSK591;MS023	2	GVDYWAKRGRGRGTF	True	0.0	1.0	Q9NYF8:862
Q9NYF8	BCLAF1	862	SDMA	Q9NYF8	2	GSK591;MS023	4	GVDYWAKRGRGRGTF	True	0.0	1.0	Q9NYF8:862
Q9NYF8	BCLAF1	864	ADMA	Q9NYF8	2	GSK591;MS023	2	DYWAKRGRGRGTFQR	True	0.0	1.0	Q9NYF8:864
Q9NYF8	BCLAF1	864	SDMA	Q9NYF8	2	GSK591;MS023	4	DYWAKRGRGRGTFQR	True	0.0	1.0	Q9NYF8:864
Q9NYF8	BCLAF1	866	ADMA	Q9NYF8	2	GSK591;MS023	2	WAKRGRGRGTFQRGR	True	0.0	1.0	Q9NYF8:866
Q9NYF8	BCLAF1	866	SDMA	Q9NYF8	2	GSK591;MS023	4	WAKRGRGRGTFQRGR	True	0.0	1.0	Q9NYF8:866
Q9NYF8	BCLAF1	871	ADMA	Q9NYF8	2	GSK591;MS023	2	RGRGTFQRGRGRFNF	True	0.0	1.0	Q9NYF8:871
Q9NYF8	BCLAF1	871	SDMA	Q9NYF8	2	GSK591;MS023	4	RGRGTFQRGRGRFNF	True	0.0	1.0	Q9NYF8:871
Q9NYF8	BCLAF1	873	ADMA	Q9NYF8	2	GSK591;MS023	2	RGTFQRGRGRFNFKK	True	0.0	1.0	Q9NYF8:873
Q9NYF8	BCLAF1	873	SDMA	Q9NYF8	2	GSK591;MS023	4	RGTFQRGRGRFNFKK	True	0.0	1.0	Q9NYF8:873
Q9NYF8	BCLAF1	875	SDMA	Q9NYF8	2	GSK591;MS023	2	TFQRGRGRFNFKKSG	True	0.0	1.0	Q9NYF8:875
Q9NZB2	FAM120A	999	ADMA	Q9NZB2	2	GSK591;MS023	2	PVIRTFGRGGRYYGR	True	0.0	1.0	Q9NZB2:999
Q9NZB2	FAM120A	1002	ADMA	Q9NZB2	2	GSK591;MS023	2	RTFGRGGRYYGRGYK	True	0.0	1.0	Q9NZB2:1002
Q9NZB2	FAM120A	1006	ADMA	Q9NZB2	2	GSK591;MS023	2	RGGRYYGRGYKNQAA	True	0.0	1.0	Q9NZB2:1006
Q9NZN4	EHD2	7	MMA	Q9NZN4	2	GSK591;MS023	2	_MFSWLKRGGARGQQ	True	1.0	0.0	Q9NZN4:7
Q9NZN4	EHD2	7	SDMA	Q9NZN4	2	GSK591;MS023	2	_MFSWLKRGGARGQQ	True	1.0	0.0	Q9NZN4:7
Q9P013	CWC15	13	MMA	Q9P013	2	GSK591;MS023	14	RPTFEPARGGRGKGE	True	1.0	0.0	Q9P013:13
Q9P013	CWC15	13	SDMA	Q9P013	2	GSK591;MS023	4	RPTFEPARGGRGKGE	True	1.0	0.0	Q9P013:13
Q9P013	CWC15	16	MMA	Q9P013	2	GSK591;MS023	2	FEPARGGRGKGEGDL	True	1.0	0.0	Q9P013:16
Q9P2K3	RCOR3	445	ADMA	Q9P2K3	2	GSK591;MS023	2	QARFIQPRPTLNQPP	True	0.0	1.0	Q9P2K3:445
Q9P2K3	RCOR3	457	ADMA	Q9P2K3	2	GSK591;MS023	2	QPPPPLIRPANSMPP	True	0.0	1.0	Q9P2K3:457
Q9P2N5	RBM27	952	ADMA	Q9P2N5	2	GSK591;MS023	6	KTMSSQGRGRGRGRG	True	0.0	1.0	Q9P2N5:952
Q9P2N5	RBM27	954	ADMA	Q9P2N5	2	GSK591;MS023	6	MSSQGRGRGRGRGGR	True	0.0	1.0	Q9P2N5:954
Q9P2N5	RBM27	956	ADMA	Q9P2N5	2	GSK591;MS023	6	SQGRGRGRGRGGRGR	True	0.0	1.0	Q9P2N5:956
Q9P2N5	RBM27	958	ADMA	Q9P2N5	2	GSK591;MS023	4	GRGRGRGRGGRGRGS	True	0.0	1.0	Q9P2N5:958
Q9P2N5	RBM27	961	ADMA	Q9P2N5	2	GSK591;MS023	8	RGRGRGGRGRGSLNH	True	0.0	1.0	Q9P2N5:961
Q9P2N5	RBM27	963	ADMA	Q9P2N5	2	GSK591;MS023	12	RGRGGRGRGSLNHMV	True	0.0	1.0	Q9P2N5:963
Q9P2N5	RBM27	974	ADMA	Q9P2N5	2	GSK591;MS023	2	NHMVVDHRPKALTVG	True	0.0	1.0	Q9P2N5:974
Q9UKZ1	C2orf29; CNOT11	41	MMA	Q9UKZ1	2	GSK591;MS023	2	FGGSGGGRGGASGPG	True	1.0	0.0	Q9UKZ1:41
Q9UN86	G3BP2	468	MMA	Q9UN86	2	GSK591;MS023	2	AQKLGSGRGTGQMEG	True	1.0	0.0	Q9UN86:468
Q9UN86	G3BP2	468	SDMA	Q9UN86	2	GSK591;MS023	2	AQKLGSGRGTGQMEG	True	0.0	1.0	Q9UN86:468
Q9UP83	COG5	309	MMA	Q9UP83	2	GSK591;MS023	2	QPSQSAVRGGPGRST	True	1.0	0.0	Q9UP83:309
Q9UPN3	MACF1	7360	SDMA	Q9UPN3	2	GSK591;MS023	2	AGGQGNSRRGLNKPS	True	1.0	0.0	Q9UPN3:7360
Q9UPN3	MACF1	7361	SDMA	Q9UPN3	2	GSK591;MS023	2	GGQGNSRRGLNKPSK	True	1.0	0.0	Q9UPN3:7361
Q9UPT8	ZC3H4	341	ADMA	Q9UPT8	2	GSK591;MS023	14	GRGKGMGRGRGRGGS	True	0.0	1.0	Q9UPT8:341
Q9UPT8	ZC3H4	341	MMA	Q9UPT8	2	GSK591;MS023	6	GRGKGMGRGRGRGGS	True	0.0	1.0	Q9UPT8:341
Q9UPT8	ZC3H4	341	SDMA	Q9UPT8	2	GSK591;MS023	6	GRGKGMGRGRGRGGS	True	0.0	1.0	Q9UPT8:341
Q9UPT8	ZC3H4	343	ADMA	Q9UPT8	2	GSK591;MS023	14	GKGMGRGRGRGGSRG	True	0.0	1.0	Q9UPT8:343
Q9UPT8	ZC3H4	343	MMA	Q9UPT8	2	GSK591;MS023	6	GKGMGRGRGRGGSRG	True	0.0	1.0	Q9UPT8:343
Q9UPT8	ZC3H4	343	SDMA	Q9UPT8	2	GSK591;MS023	6	GKGMGRGRGRGGSRG	True	0.0	1.0	Q9UPT8:343
Q9UPT8	ZC3H4	345	ADMA	Q9UPT8	2	GSK591;MS023	14	GMGRGRGRGGSRGGM	True	0.2857142857142857	0.7142857142857143	Q9UPT8:345
Q9UPT8	ZC3H4	345	MMA	Q9UPT8	2	GSK591;MS023	6	GMGRGRGRGGSRGGM	True	0.3333333333333333	0.6666666666666666	Q9UPT8:345
Q9UPT8	ZC3H4	345	SDMA	Q9UPT8	2	GSK591;MS023	6	GMGRGRGRGGSRGGM	True	0.3333333333333333	0.6666666666666666	Q9UPT8:345
Q9UPT8	ZC3H4	349	ADMA	Q9UPT8	2	GSK591;MS023	10	GRGRGGSRGGMNKGG	True	0.0	1.0	Q9UPT8:349
Q9UPT8	ZC3H4	349	MMA	Q9UPT8	2	GSK591;MS023	4	GRGRGGSRGGMNKGG	True	0.0	1.0	Q9UPT8:349
Q9UPT8	ZC3H4	349	SDMA	Q9UPT8	2	GSK591;MS023	4	GRGRGGSRGGMNKGG	True	0.0	1.0	Q9UPT8:349
Q9Y283	INVS	799	MMA	Q9Y283	2	GSK591;MS023	2	KRRTQELRGGRCSPA	True	1.0	0.0	Q9Y283:799
Q9Y2W1	THRAP3	62	ADMA	Q9Y2W1	2	GSK591;MS023	2	SPAHNRERNHPRVYQ	True	1.0	0.0	Q9Y2W1:62
Q9Y2W1	THRAP3	66	ADMA	Q9Y2W1	2	GSK591;MS023	16	NRERNHPRVYQNRDF	True	0.125	0.875	Q9Y2W1:66
Q9Y2W1	THRAP3	66	MMA	Q9Y2W1	2	GSK591;MS023	8	NRERNHPRVYQNRDF	True	0.25	0.75	Q9Y2W1:66
Q9Y2W1	THRAP3	66	SDMA	Q9Y2W1	2	GSK591;MS023	6	NRERNHPRVYQNRDF	True	0.0	1.0	Q9Y2W1:66
Q9Y2W1	THRAP3	71	ADMA	Q9Y2W1	2	GSK591;MS023	6	HPRVYQNRDFRGHNR	True	1.0	0.0	Q9Y2W1:71
Q9Y2W1	THRAP3	71	MMA	Q9Y2W1	2	GSK591;MS023	4	HPRVYQNRDFRGHNR	True	1.0	0.0	Q9Y2W1:71
Q9Y2W1	THRAP3	71	SDMA	Q9Y2W1	2	GSK591;MS023	2	HPRVYQNRDFRGHNR	True	1.0	0.0	Q9Y2W1:71
Q9Y2W1	THRAP3	74	ADMA	Q9Y2W1	2	GSK591;MS023	2	VYQNRDFRGHNRGYR	True	0.0	1.0	Q9Y2W1:74
Q9Y2W1	THRAP3	74	MMA	Q9Y2W1	2	GSK591;MS023	2	VYQNRDFRGHNRGYR	True	0.0	1.0	Q9Y2W1:74
Q9Y2W1	THRAP3	78	ADMA	Q9Y2W1	2	GSK591;MS023	2	RDFRGHNRGYRRPYY	True	0.0	1.0	Q9Y2W1:78
Q9Y2W1	THRAP3	78	MMA	Q9Y2W1	2	GSK591;MS023	2	RDFRGHNRGYRRPYY	True	0.0	1.0	Q9Y2W1:78
Q9Y2W1	THRAP3	81	ADMA	Q9Y2W1	2	GSK591;MS023	2	RGHNRGYRRPYYFRG	True	0.0	1.0	Q9Y2W1:81
Q9Y2W1	THRAP3	81	MMA	Q9Y2W1	2	GSK591;MS023	2	RGHNRGYRRPYYFRG	True	0.0	1.0	Q9Y2W1:81
Q9Y2W1	THRAP3	825	MMA	Q9Y2W1	2	GSK591;MS023	2	DFVGPSERGGGRARG	True	1.0	0.0	Q9Y2W1:825
Q9Y2W1	THRAP3	829	MMA	Q9Y2W1	2	GSK591;MS023	2	PSERGGGRARGTFQF	True	0.0	1.0	Q9Y2W1:829
Q9Y2W1	THRAP3	831	MMA	Q9Y2W1	2	GSK591;MS023	2	ERGGGRARGTFQFRA	True	0.0	1.0	Q9Y2W1:831
Q9Y2W1	THRAP3	901	ADMA	Q9Y2W1	2	GSK591;MS023	2	WVSRGRGRGAFPRGR	True	0.0	1.0	Q9Y2W1:901
Q9Y2W1	THRAP3	906	ADMA	Q9Y2W1	2	GSK591;MS023	2	RGRGAFPRGRGRFMF	True	0.0	1.0	Q9Y2W1:906
Q9Y2W1	THRAP3	908	ADMA	Q9Y2W1	2	GSK591;MS023	2	RGAFPRGRGRFMFRK	True	0.0	1.0	Q9Y2W1:908
Q9Y2W1	THRAP3	910	ADMA	Q9Y2W1	2	GSK591;MS023	2	AFPRGRGRFMFRKSS	True	0.0	1.0	Q9Y2W1:910
Q9Y2W1	THRAP3	914	ADMA	Q9Y2W1	2	GSK591;MS023	2	GRGRFMFRKSSTSPK	True	0.0	1.0	Q9Y2W1:914
Q9Y3X0	CCDC9	121	MMA	Q9Y3X0	2	GSK591;MS023	2	GSPGEQPRGGGAGGR	True	1.0	0.0	Q9Y3X0:121
Q9Y3X0	CCDC9	128	MMA	Q9Y3X0	2	GSK591;MS023	2	RGGGAGGRGRRGRGR	True	0.0	1.0	Q9Y3X0:128
Q9Y3Y2	CHTOP	110	ADMA	Q9Y3Y2	2	GSK591;MS023	2	RGLPIIQRGLPRGGL	True	0.0	1.0	Q9Y3Y2:110
Q9Y3Y2	CHTOP	114	ADMA	Q9Y3Y2	2	GSK591;MS023	2	IIQRGLPRGGLRGGR	True	0.0	1.0	Q9Y3Y2:114
Q9Y3Y2	CHTOP	118	ADMA	Q9Y3Y2	2	GSK591;MS023	2	GLPRGGLRGGRATRT	True	0.0	1.0	Q9Y3Y2:118
Q9Y3Y2	CHTOP	134	SDMA	Q9Y3Y2	2	GSK591;MS023	2	LRGGMSLRGQNLLRG	True	1.0	0.0	Q9Y3Y2:134
Q9Y3Y2	CHTOP	153	ADMA	Q9Y3Y2	2	GSK591;MS023	8	APRMGLRRGGVRGRG	True	0.5	0.5	Q9Y3Y2:153
Q9Y3Y2	CHTOP	153	MMA	Q9Y3Y2	2	GSK591;MS023	8	APRMGLRRGGVRGRG	True	0.75	0.25	Q9Y3Y2:153
Q9Y3Y2	CHTOP	153	SDMA	Q9Y3Y2	2	GSK591;MS023	4	APRMGLRRGGVRGRG	True	1.0	0.0	Q9Y3Y2:153
Q9Y3Y2	CHTOP	157	ADMA	Q9Y3Y2	2	GSK591;MS023	8	GLRRGGVRGRGGPGR	True	0.25	0.75	Q9Y3Y2:157
Q9Y3Y2	CHTOP	157	MMA	Q9Y3Y2	2	GSK591;MS023	8	GLRRGGVRGRGGPGR	True	0.25	0.75	Q9Y3Y2:157
Q9Y3Y2	CHTOP	157	SDMA	Q9Y3Y2	2	GSK591;MS023	4	GLRRGGVRGRGGPGR	True	0.5	0.5	Q9Y3Y2:157
Q9Y3Y2	CHTOP	159	ADMA	Q9Y3Y2	2	GSK591;MS023	8	RRGGVRGRGGPGRGG	True	0.25	0.75	Q9Y3Y2:159
Q9Y3Y2	CHTOP	159	MMA	Q9Y3Y2	2	GSK591;MS023	8	RRGGVRGRGGPGRGG	True	0.5	0.5	Q9Y3Y2:159
Q9Y3Y2	CHTOP	159	SDMA	Q9Y3Y2	2	GSK591;MS023	4	RRGGVRGRGGPGRGG	True	0.5	0.5	Q9Y3Y2:159
Q9Y3Y2	CHTOP	164	ADMA	Q9Y3Y2	2	GSK591;MS023	4	RGRGGPGRGGLGRGA	True	0.5	0.5	Q9Y3Y2:164
Q9Y3Y2	CHTOP	164	MMA	Q9Y3Y2	2	GSK591;MS023	4	RGRGGPGRGGLGRGA	True	0.5	0.5	Q9Y3Y2:164
Q9Y3Y2	CHTOP	169	ADMA	Q9Y3Y2	2	GSK591;MS023	2	PGRGGLGRGAMGRGG	True	1.0	0.0	Q9Y3Y2:169
Q9Y3Y2	CHTOP	174	MMA	Q9Y3Y2	2	GSK591;MS023	2	LGRGAMGRGGIGGRG	True	1.0	0.0	Q9Y3Y2:174
Q9Y3Y2	CHTOP	180	MMA	Q9Y3Y2	2	GSK591;MS023	2	GRGGIGGRGRGMIGR	True	1.0	0.0	Q9Y3Y2:180
Q9Y3Y2	CHTOP	189	ADMA	Q9Y3Y2	2	GSK591;MS023	2	RGMIGRGRGGFGGRG	True	0.0	1.0	Q9Y3Y2:189
Q9Y3Y2	CHTOP	189	MMA	Q9Y3Y2	2	GSK591;MS023	2	RGMIGRGRGGFGGRG	True	0.0	1.0	Q9Y3Y2:189
Q9Y3Y2	CHTOP	189	SDMA	Q9Y3Y2	2	GSK591;MS023	2	RGMIGRGRGGFGGRG	True	0.0	1.0	Q9Y3Y2:189
Q9Y3Y2	CHTOP	195	ADMA	Q9Y3Y2	2	GSK591;MS023	2	GRGGFGGRGRGRGRG	True	0.0	1.0	Q9Y3Y2:195
Q9Y3Y2	CHTOP	195	MMA	Q9Y3Y2	2	GSK591;MS023	2	GRGGFGGRGRGRGRG	True	0.0	1.0	Q9Y3Y2:195
Q9Y3Y2	CHTOP	195	SDMA	Q9Y3Y2	2	GSK591;MS023	2	GRGGFGGRGRGRGRG	True	0.0	1.0	Q9Y3Y2:195
Q9Y3Y2	CHTOP	197	ADMA	Q9Y3Y2	2	GSK591;MS023	2	GGFGGRGRGRGRGRG	True	0.0	1.0	Q9Y3Y2:197
Q9Y3Y2	CHTOP	197	MMA	Q9Y3Y2	2	GSK591;MS023	2	GGFGGRGRGRGRGRG	True	0.0	1.0	Q9Y3Y2:197
Q9Y3Y2	CHTOP	197	SDMA	Q9Y3Y2	2	GSK591;MS023	2	GGFGGRGRGRGRGRG	True	0.0	1.0	Q9Y3Y2:197
Q9Y3Y2	CHTOP	199	ADMA	Q9Y3Y2	2	GSK591;MS023	2	FGGRGRGRGRGRGAL	True	0.0	1.0	Q9Y3Y2:199
Q9Y3Y2	CHTOP	199	MMA	Q9Y3Y2	2	GSK591;MS023	2	FGGRGRGRGRGRGAL	True	0.0	1.0	Q9Y3Y2:199
Q9Y3Y2	CHTOP	199	SDMA	Q9Y3Y2	2	GSK591;MS023	2	FGGRGRGRGRGRGAL	True	0.0	1.0	Q9Y3Y2:199
Q9Y3Y2	CHTOP	201	ADMA	Q9Y3Y2	2	GSK591;MS023	2	GRGRGRGRGRGALAR	True	0.0	1.0	Q9Y3Y2:201
Q9Y3Y2	CHTOP	201	MMA	Q9Y3Y2	2	GSK591;MS023	2	GRGRGRGRGRGALAR	True	0.0	1.0	Q9Y3Y2:201
Q9Y3Y2	CHTOP	201	SDMA	Q9Y3Y2	2	GSK591;MS023	2	GRGRGRGRGRGALAR	True	0.0	1.0	Q9Y3Y2:201
Q9Y3Y2	CHTOP	203	ADMA	Q9Y3Y2	2	GSK591;MS023	2	GRGRGRGRGALARPV	True	0.0	1.0	Q9Y3Y2:203
Q9Y3Y2	CHTOP	203	MMA	Q9Y3Y2	2	GSK591;MS023	2	GRGRGRGRGALARPV	True	0.0	1.0	Q9Y3Y2:203
Q9Y3Y2	CHTOP	203	SDMA	Q9Y3Y2	2	GSK591;MS023	2	GRGRGRGRGALARPV	True	0.0	1.0	Q9Y3Y2:203
Q9Y4B5	SOGA2; MTCL1	118	SDMA	Q9Y4B5	2	GSK591;MS023	2	PPPGAGARAAGGAKA	True	0.0	1.0	Q9Y4B5:118
Q9Y4Z0	LSM4	88	ADMA	Q9Y4Z0	2	GSK591;MS023	58	EEVVAKGRGRGGLQQ	True	0.0	1.0	Q9Y4Z0:88
Q9Y4Z0	LSM4	88	MMA	Q9Y4Z0	2	GSK591;MS023	88	EEVVAKGRGRGGLQQ	True	0.022727272727272728	0.9772727272727273	Q9Y4Z0:88
Q9Y4Z0	LSM4	88	SDMA	Q9Y4Z0	2	GSK591;MS023	130	EEVVAKGRGRGGLQQ	True	0.03076923076923077	0.9692307692307692	Q9Y4Z0:88
Q9Y4Z0	LSM4	90	ADMA	Q9Y4Z0	2	GSK591;MS023	70	VVAKGRGRGGLQQQK	True	0.02857142857142857	0.9714285714285714	Q9Y4Z0:90
Q9Y4Z0	LSM4	90	MMA	Q9Y4Z0	2	GSK591;MS023	106	VVAKGRGRGGLQQQK	True	0.1320754716981132	0.8679245283018868	Q9Y4Z0:90
Q9Y4Z0	LSM4	90	SDMA	Q9Y4Z0	2	GSK591;MS023	156	VVAKGRGRGGLQQQK	True	0.08974358974358974	0.9102564102564102	Q9Y4Z0:90
Q9Y4Z0	LSM4	102	ADMA	Q9Y4Z0	2	GSK591;MS023	112	QQKQQKGRGMGGAGR	True	0.17857142857142858	0.8214285714285714	Q9Y4Z0:102
Q9Y4Z0	LSM4	102	MMA	Q9Y4Z0	2	GSK591;MS023	140	QQKQQKGRGMGGAGR	True	0.3142857142857143	0.6857142857142857	Q9Y4Z0:102
Q9Y4Z0	LSM4	102	SDMA	Q9Y4Z0	2	GSK591;MS023	226	QQKQQKGRGMGGAGR	True	0.2920353982300885	0.7079646017699115	Q9Y4Z0:102
Q9Y4Z0	LSM4	109	ADMA	Q9Y4Z0	2	GSK591;MS023	116	RGMGGAGRGVFGGRG	True	0.25862068965517243	0.7413793103448276	Q9Y4Z0:109
Q9Y4Z0	LSM4	109	MMA	Q9Y4Z0	2	GSK591;MS023	162	RGMGGAGRGVFGGRG	True	0.3950617283950617	0.6049382716049383	Q9Y4Z0:109
Q9Y4Z0	LSM4	109	SDMA	Q9Y4Z0	2	GSK591;MS023	224	RGMGGAGRGVFGGRG	True	0.32142857142857145	0.6785714285714286	Q9Y4Z0:109
Q9Y4Z0	LSM4	115	ADMA	Q9Y4Z0	2	GSK591;MS023	114	GRGVFGGRGRGGIPG	True	0.17543859649122806	0.8245614035087719	Q9Y4Z0:115
Q9Y4Z0	LSM4	115	MMA	Q9Y4Z0	2	GSK591;MS023	170	GRGVFGGRGRGGIPG	True	0.24705882352941178	0.7529411764705882	Q9Y4Z0:115
Q9Y4Z0	LSM4	115	SDMA	Q9Y4Z0	2	GSK591;MS023	232	GRGVFGGRGRGGIPG	True	0.14655172413793102	0.853448275862069	Q9Y4Z0:115
Q9Y4Z0	LSM4	117	ADMA	Q9Y4Z0	2	GSK591;MS023	120	GVFGGRGRGGIPGTG	True	0.13333333333333333	0.8666666666666667	Q9Y4Z0:117
Q9Y4Z0	LSM4	117	MMA	Q9Y4Z0	2	GSK591;MS023	186	GVFGGRGRGGIPGTG	True	0.20430107526881722	0.7956989247311828	Q9Y4Z0:117
Q9Y4Z0	LSM4	117	SDMA	Q9Y4Z0	2	GSK591;MS023	254	GVFGGRGRGGIPGTG	True	0.15748031496062992	0.84251968503937	Q9Y4Z0:117
Q9Y4Z0	LSM4	125	ADMA	Q9Y4Z0	2	GSK591;MS023	114	GGIPGTGRGQPEKKP	True	0.19298245614035087	0.8070175438596491	Q9Y4Z0:125
Q9Y4Z0	LSM4	125	MMA	Q9Y4Z0	2	GSK591;MS023	170	GGIPGTGRGQPEKKP	True	0.2823529411764706	0.7176470588235294	Q9Y4Z0:125
Q9Y4Z0	LSM4	125	SDMA	Q9Y4Z0	2	GSK591;MS023	246	GGIPGTGRGQPEKKP	True	0.21138211382113822	0.7886178861788617	Q9Y4Z0:125
Q9Y520	PRRC2C	279	MMA	Q9Y520	2	GSK591;MS023	2	SETNKGLRGRGPPPS	True	1.0	0.0	Q9Y520:279
Q9Y520	PRRC2C	279	SDMA	Q9Y520	2	GSK591;MS023	2	SETNKGLRGRGPPPS	True	1.0	0.0	Q9Y520:279
Q9Y520	PRRC2C	1186	MMA	Q9Y520	2	GSK591;MS023	18	WFPDQGYRGRGRGEY	True	0.8888888888888888	0.1111111111111111	Q9Y520:1186
Q9Y520	PRRC2C	1186	SDMA	Q9Y520	2	GSK591;MS023	10	WFPDQGYRGRGRGEY	True	0.6	0.4	Q9Y520:1186
Q9Y520	PRRC2C	1188	MMA	Q9Y520	2	GSK591;MS023	16	PDQGYRGRGRGEYYS	True	0.5	0.5	Q9Y520:1188
Q9Y520	PRRC2C	1188	SDMA	Q9Y520	2	GSK591;MS023	10	PDQGYRGRGRGEYYS	True	0.2	0.8	Q9Y520:1188
Q9Y520	PRRC2C	1190	MMA	Q9Y520	2	GSK591;MS023	12	QGYRGRGRGEYYSRG	True	0.6666666666666666	0.3333333333333333	Q9Y520:1190
Q9Y520	PRRC2C	1190	SDMA	Q9Y520	2	GSK591;MS023	8	QGYRGRGRGEYYSRG	True	0.5	0.5	Q9Y520:1190
Q9Y520	PRRC2C	1196	ADMA	Q9Y520	2	GSK591;MS023	2	GRGEYYSRGRSYRGS	True	0.0	1.0	Q9Y520:1196
Q9Y520	PRRC2C	1196	MMA	Q9Y520	2	GSK591;MS023	2	GRGEYYSRGRSYRGS	True	0.0	1.0	Q9Y520:1196
Q9Y520	PRRC2C	1196	SDMA	Q9Y520	2	GSK591;MS023	4	GRGEYYSRGRSYRGS	True	0.0	1.0	Q9Y520:1196
Q9Y520	PRRC2C	1198	ADMA	Q9Y520	2	GSK591;MS023	2	GEYYSRGRSYRGSYG	True	0.0	1.0	Q9Y520:1198
Q9Y520	PRRC2C	1198	MMA	Q9Y520	2	GSK591;MS023	2	GEYYSRGRSYRGSYG	True	0.0	1.0	Q9Y520:1198
Q9Y520	PRRC2C	1198	SDMA	Q9Y520	2	GSK591;MS023	2	GEYYSRGRSYRGSYG	True	0.0	1.0	Q9Y520:1198
Q9Y520	PRRC2C	1201	ADMA	Q9Y520	2	GSK591;MS023	2	YSRGRSYRGSYGGRG	True	0.0	1.0	Q9Y520:1201
Q9Y520	PRRC2C	1201	MMA	Q9Y520	2	GSK591;MS023	2	YSRGRSYRGSYGGRG	True	0.0	1.0	Q9Y520:1201
Q9Y520	PRRC2C	1201	SDMA	Q9Y520	2	GSK591;MS023	4	YSRGRSYRGSYGGRG	True	0.0	1.0	Q9Y520:1201
Q9Y520	PRRC2C	1207	ADMA	Q9Y520	2	GSK591;MS023	2	YRGSYGGRGRGGRGH	True	0.0	1.0	Q9Y520:1207
Q9Y520	PRRC2C	1207	MMA	Q9Y520	2	GSK591;MS023	2	YRGSYGGRGRGGRGH	True	0.0	1.0	Q9Y520:1207
Q9Y520	PRRC2C	1207	SDMA	Q9Y520	2	GSK591;MS023	4	YRGSYGGRGRGGRGH	True	0.0	1.0	Q9Y520:1207
Q9Y520	PRRC2C	1209	ADMA	Q9Y520	2	GSK591;MS023	2	GSYGGRGRGGRGHTR	True	0.0	1.0	Q9Y520:1209
Q9Y520	PRRC2C	1209	MMA	Q9Y520	2	GSK591;MS023	2	GSYGGRGRGGRGHTR	True	0.0	1.0	Q9Y520:1209
Q9Y520	PRRC2C	1209	SDMA	Q9Y520	2	GSK591;MS023	4	GSYGGRGRGGRGHTR	True	0.0	1.0	Q9Y520:1209
Q9Y520	PRRC2C	1212	ADMA	Q9Y520	2	GSK591;MS023	2	GGRGRGGRGHTRDYP	True	0.0	1.0	Q9Y520:1212
Q9Y520	PRRC2C	1212	MMA	Q9Y520	2	GSK591;MS023	2	GGRGRGGRGHTRDYP	True	0.0	1.0	Q9Y520:1212
Q9Y520	PRRC2C	1212	SDMA	Q9Y520	2	GSK591;MS023	2	GGRGRGGRGHTRDYP	True	0.0	1.0	Q9Y520:1212
Q9Y5U2	TSSC4	240	ADMA	Q9Y5U2	2	GSK591;MS023	2	GKVGEPGRGGLGNPA	True	1.0	0.0	Q9Y5U2:240
Q9Y5U2	TSSC4	240	MMA	Q9Y5U2	2	GSK591;MS023	6	GKVGEPGRGGLGNPA	True	1.0	0.0	Q9Y5U2:240
Q9Y6Q9	NCOA3	1171	ADMA	Q9Y6Q9	2	GSK591;MS023	2	TNTPKQLRMQLQQRL	True	0.0	1.0	Q9Y6Q9:1171
Q9Y6Q9	NCOA3	1177	ADMA	Q9Y6Q9	2	GSK591;MS023	2	LRMQLQQRLQGQQFL	True	0.0	1.0	Q9Y6Q9:1177
