distance_aa	sites_total	prob_neighbor_within_x	mean_other_methyl_args_within_x	sites_with_neighbor_within_x	ordered_neighbor_pairs_within_x	null_mean_prob_neighbor_within_x	null_sd_prob_neighbor_within_x	null_q025_prob_neighbor_within_x	null_q975_prob_neighbor_within_x	null_mean_other_methyl_args_within_x	null_sd_other_methyl_args_within_x	null_q025_other_methyl_args_within_x	null_q975_other_methyl_args_within_x	empirical_p_greater_prob_neighbor_within_x	empirical_p_greater_other_methyl_args_within_x	delta_prob_neighbor_within_x_vs_null	ratio_prob_neighbor_within_x_vs_null	delta_other_methyl_args_within_x_vs_null	ratio_other_methyl_args_within_x_vs_null	mean_other_modified_sites_within_x	null_mean_other_modified_sites_within_x	delta_other_modified_sites_within_x_vs_null	ratio_other_modified_sites_within_x_vs_null	ptm_group
1	12826	0.055044440979260874	0.05566817402151879	706	714	0.02484796507094963	0.0017287975850681003	0.021555824107282084	0.028658584125994074	0.025398409480742238	0.0017928085434853358	0.021986589739591455	0.02932324964915016	0.009900990099009901	0.009900990099009901	0.030196475908311243	2.215249450894258	0.03026976454077655	2.1917976424361494	0.05566817402151879	0.025398409480742238	0.03026976454077655	2.1917976424361494	Arg methylation
2	12826	0.14228910026508654	0.15187899578980196	1825	1948	0.06062529237486355	0.0024371963968514653	0.05511461094651489	0.0645680648682364	0.06526586620926243	0.0027414037685154855	0.059164977389677215	0.07018556058007172	0.009900990099009901	0.009900990099009901	0.08166380789022298	2.3470253864554134	0.08661312958053953	2.327081591207741	0.15187899578980196	0.06526586620926243	0.08661312958053953	2.327081591207741	Arg methylation
3	12826	0.19140807734289725	0.2137845002338999	2455	2742	0.08534851083736161	0.002566264873196498	0.08061749571183534	0.09025222204896305	0.09606268517074691	0.0030973583328277945	0.09004755964447217	0.10143848432870732	0.009900990099009901	0.009900990099009901	0.10605956650553564	2.2426645229656157	0.11772181506315298	2.2254687119551986	0.2137845002338999	0.09606268517074691	0.11772181506315298	2.2254687119551986	Arg methylation
4	12826	0.23483549041010449	0.2817714018400125	3012	3614	0.10708404802744427	0.0027647532496618415	0.10232535474816778	0.11207898019647591	0.1286246686418213	0.003759596384221118	0.12185794479962576	0.13488227038827383	0.009900990099009901	0.009900990099009901	0.12775144238266023	2.193001616355773	0.1531467331981912	2.190648223356408	0.2817714018400125	0.1286246686418213	0.1531467331981912	2.190648223356408	Arg methylation
5	12826	0.27717137065336034	0.3480430375799158	3555	4464	0.12734991423670666	0.0027545288248997557	0.12240760954311555	0.13303835958209886	0.15983938874161863	0.003917994095852226	0.15343053173241852	0.16748791517230627	0.009900990099009901	0.009900990099009901	0.14982145641665368	2.1764551025780743	0.18820364883829716	2.1774547583044725	0.3480430375799158	0.15983938874161863	0.18820364883829716	2.1774547583044725	Arg methylation
6	12826	0.313893653516295	0.414938406362077	4026	5322	0.14956962420084202	0.0031868451964294285	0.14376656790893497	0.15618665211289567	0.19750974582878528	0.004535251859390798	0.18953297988460938	0.2062256354280368	0.009900990099009901	0.009900990099009901	0.16432402931545298	2.098645732336659	0.21742866053329174	2.1008502877714883	0.414938406362077	0.19750974582878528	0.21742866053329174	2.1008502877714883	Arg methylation
7	12826	0.3567753001715266	0.4968033681584282	4576	6372	0.17226648994230473	0.003254878584237221	0.1666926555434274	0.17942850460003118	0.2391532823951349	0.0047124021205937824	0.23108529549352877	0.24835100576953065	0.009900990099009901	0.009900990099009901	0.18450881022922186	2.071066173641881	0.2576500857632933	2.0773428789390294	0.4968033681584282	0.2391532823951349	0.2576500857632933	2.0773428789390294	Arg methylation
8	12826	0.3838297208794636	0.5612038047715577	4923	7198	0.18875331358178699	0.0034457543415783607	0.18286878216123498	0.19516996725401528	0.2732246998284734	0.004883580587821863	0.2653165445189459	0.2823288632465305	0.009900990099009901	0.009900990099009901	0.1950764072976766	2.033499246163696	0.2879791049430843	2.0540009930429917	0.5612038047715577	0.2732246998284734	0.2879791049430843	2.0540009930429917	Arg methylation
9	12826	0.40721970996413537	0.620614377046624	5223	7960	0.20399812880087317	0.003792587110490926	0.19795727428660534	0.21027990020271323	0.30577420863870264	0.005453736473485455	0.2967409948542024	0.31569078434430065	0.009900990099009901	0.009900990099009901	0.2032215811632622	1.9961933590166947	0.3148401684079214	2.029649197064658	0.620614377046624	0.30577420863870264	0.3148401684079214	2.029649197064658	Arg methylation
10	12826	0.42663340090441293	0.6826758147512865	5472	8756	0.2180274442538594	0.003932208950044986	0.21068337751442381	0.22529432402931546	0.3378855449867458	0.005850799603674	0.3279276469670981	0.34790269764540777	0.009900990099009901	0.009900990099009901	0.20860595665055354	1.956787607011822	0.3447902697645407	2.0204350996372624	0.6826758147512865	0.3378855449867458	0.3447902697645407	2.0204350996372624	Arg methylation
11	12826	0.4444877592390457	0.7392795883361921	5701	9482	0.23030329019179796	0.0037359554565178496	0.22378956806486824	0.23782551068142835	0.3685825666614689	0.006122275751479068	0.35716123499142366	0.3793583346327771	0.009900990099009901	0.009900990099009901	0.21418446904724775	1.9300104608530502	0.37069702167472324	2.0057367200852894	0.7392795883361921	0.3685825666614689	0.37069702167472324	2.0057367200852894	Arg methylation
12	12826	0.4578980196475908	0.79073756432247	5873	10142	0.24257991579603932	0.0037524596022592803	0.23619405894277248	0.25005457664119757	0.3993871822859816	0.006600146037986462	0.38700296273195073	0.4111531264618743	0.009900990099009901	0.009900990099009901	0.21531810385155148	1.887617192647517	0.3913503820364884	1.9798771703100417	0.79073756432247	0.3993871822859816	0.3913503820364884	1.9798771703100417	Arg methylation
13	12826	0.47045064712303136	0.8432870731326992	6034	10816	0.2537073132699204	0.0038544129639864794	0.24759472945579292	0.2608880399189147	0.431216279432403	0.0070977155830837324	0.41850148136597537	0.4445891158584126	0.009900990099009901	0.009900990099009901	0.21674333385311095	1.85430463576159	0.41207079370029626	1.95560119910754	0.8432870731326992	0.431216279432403	0.41207079370029626	1.95560119910754	Arg methylation
14	12826	0.48308124122875407	0.8964603149851863	6196	11498	0.26555044440979264	0.003770046712721075	0.2593754872914393	0.27269023857788866	0.46480742242320283	0.007024070359951426	0.45145407765476375	0.4766957742086387	0.009900990099009901	0.009900990099009901	0.21753079681896142	1.8191693947356828	0.43165289256198347	1.9286703949597592	0.8964603149851863	0.46480742242320283	0.43165289256198347	1.9286703949597592	Arg methylation
15	12826	0.49313893653516294	0.9416809605488851	6325	12078	0.2759231249025417	0.0035899130250525457	0.2692148760330578	0.28331319195384375	0.4952455948853891	0.007057133890616765	0.4805785123966942	0.5079876812724154	0.009900990099009901	0.009900990099009901	0.21721581163262121	1.7872330806246979	0.44643536566349595	1.901442375811159	0.9416809605488851	0.4952455948853891	0.44643536566349595	1.901442375811159	Arg methylation
16	12826	0.5002338998908468	0.9870575393731483	6416	12660	0.2851762045844379	0.0035022546891603674	0.27821807266489945	0.2917589271791673	0.5241400280679869	0.007360170531693677	0.5092468423514735	0.537919070637767	0.009900990099009901	0.009900990099009901	0.2150576953064089	1.7541221597355694	0.46291751130516146	1.8831943498219446	0.9870575393731483	0.5241400280679869	0.46291751130516146	1.8831943498219446	Arg methylation
17	12826	0.5083424294401996	1.0311866521128956	6520	13226	0.2938359582098861	0.003537519479996798	0.28761889911118044	0.30135661936691094	0.5498393887416185	0.007592773237153116	0.5352136285669734	0.563788398565414	0.009900990099009901	0.009900990099009901	0.21450647123031347	1.7300211741855371	0.4813472633712771	1.8754324866992615	1.0311866521128956	0.5498393887416185	0.4813472633712771	1.8754324866992615	Arg methylation
18	12826	0.5141119600810853	1.0714174333385311	6594	13742	0.3026563230937159	0.0035443003136379934	0.29638819585217524	0.310237018556058	0.5775253391548417	0.007784180107020923	0.5645368782161235	0.5912404490877904	0.009900990099009901	0.009900990099009901	0.2114556369873694	1.6986658491912403	0.4938920941836894	1.855186882200628	1.0714174333385311	0.5775253391548417	0.4938920941836894	1.855186882200628	Arg methylation
19	12826	0.5191018244191486	1.1074380165289257	6658	14204	0.310175424918135	0.003625758569349553	0.30339739591454856	0.3173280835802277	0.6023873382192422	0.007809816323029775	0.5890768750974583	0.6170435053796975	0.009900990099009901	0.009900990099009901	0.20892639950101366	1.673574960221803	0.5050506783096835	1.8384151629127827	1.1074380165289257	0.6023873382192422	0.5050506783096835	1.8384151629127827	Arg methylation
20	12826	0.5247154217994698	1.148292530796819	6730	14728	0.3183424294401996	0.0036891361398418724	0.311490332137845	0.3258264462809917	0.6325432714798066	0.008057161482480826	0.6196436924996102	0.6497388117885544	0.009900990099009901	0.009900990099009901	0.20637299235927026	1.6482735987225268	0.5157492593170124	1.8153580672993963	1.148292530796819	0.6325432714798066	0.5157492593170124	1.8153580672993963	Arg methylation
21	12826	0.530329019179791	1.1858724465928583	6802	15210	0.32587088726025265	0.0035484059237183225	0.32012708560736003	0.3325276781537502	0.6581022922189302	0.008189127496170557	0.6434780913768907	0.6743528769686574	0.009900990099009901	0.009900990099009901	0.20445813191953838	1.627420674606782	0.527770154373928	1.8019576297089621	1.1858724465928583	0.6581022922189302	0.527770154373928	1.8019576297089621	Arg methylation
22	12826	0.535552783408701	1.2243879619522844	6869	15704	0.333485888039919	0.003654293414881158	0.3275670513020427	0.3408818025884921	0.6839279588336191	0.008432301555950726	0.6679985966006549	0.7004015281459535	0.009900990099009901	0.009900990099009901	0.20206689536878203	1.6059233767175005	0.5404600031186653	1.7902294329952146	1.2243879619522844	0.6839279588336191	0.5404600031186653	1.7902294329952146	Arg methylation
23	12826	0.539762981443942	1.2602526118821145	6923	16164	0.34013644160299394	0.0037489241557982123	0.3340051457975986	0.34785396850148137	0.7082597848121004	0.008785519564582131	0.6901528145953532	0.724859660065492	0.009900990099009901	0.009900990099009901	0.19962653984094803	1.5869013590550565	0.5519928270700141	1.7793649151157953	1.2602526118821145	0.7082597848121004	0.5519928270700141	1.7793649151157953	Arg methylation
24	12826	0.5450647123031342	1.2967409948542024	6991	16632	0.3474481521908623	0.003909556016428865	0.3407570559800405	0.3552763917043505	0.7349103383751754	0.009385193597895773	0.7171331670045221	0.7528535786683299	0.009900990099009901	0.009900990099009901	0.19761656011227197	1.568765609677832	0.561830656479027	1.7644887099032884	1.2967409948542024	0.7349103383751754	0.561830656479027	1.7644887099032884	Arg methylation
25	12826	0.550210509901762	1.3310463121783878	7057	17072	0.3538975518478092	0.003896221827774982	0.34673514735693123	0.3613616871978793	0.7610338375175428	0.009530914104128414	0.7440160611258382	0.78029003586465	0.009900990099009901	0.009900990099009901	0.19631295805395282	1.554716914623856	0.5700124746608449	1.7489975432895326	1.3310463121783878	0.7610338375175428	0.5700124746608449	1.7489975432895326	Arg methylation
26	12826	0.5543427413067207	1.3669109621082176	7110	17532	0.3599664743489786	0.0040194063652282536	0.3527463745516919	0.3672793544363013	0.785052237642289	0.009650124161646866	0.7677140184001248	0.8038515515359426	0.009900990099009901	0.009900990099009901	0.19437626695774207	1.5399843619028228	0.5818587244659286	1.7411719839349773	1.3669109621082176	0.785052237642289	0.5818587244659286	1.7411719839349773	Arg methylation
27	12826	0.5584749727116795	1.3990332137845003	7163	17944	0.3656354280368002	0.004080419483285513	0.357835646343365	0.3740644004366131	0.809792608763449	0.009620059594654156	0.7932285981599876	0.8294168096054888	0.009900990099009901	0.009900990099009901	0.19283954467487924	1.5274093533832025	0.5892406050210512	1.7276438419471623	1.3990332137845003	0.809792608763449	0.5892406050210512	1.7276438419471623	Arg methylation
28	12826	0.5621394043349447	1.4342741306720723	7210	18396	0.37163340090441294	0.0040041928530345685	0.36427374083892095	0.37925502884765316	0.8355636987369407	0.00968229274095804	0.8195540308747856	0.8546857944799626	0.009900990099009901	0.009900990099009901	0.19050600343053176	1.5126180880591285	0.5987104319351316	1.716534757122835	1.4342741306720723	0.8355636987369407	0.5987104319351316	1.716534757122835	Arg methylation
29	12826	0.5651021362856697	1.4671760486511773	7248	18818	0.3777795103695618	0.003944211475344996	0.37156946826758147	0.38534617183845316	0.8607937002962731	0.009585347961727584	0.8431896148448464	0.8805863090597225	0.009900990099009901	0.009900990099009901	0.18732262591610793	1.4958517356668182	0.6063823483549042	1.7044456158847305	1.4671760486511773	0.8607937002962731	0.6063823483549042	1.7044456158847305	Arg methylation
30	12826	0.5678309683455481	1.4936847029471387	7283	19158	0.38316934352097304	0.003898007899787017	0.37632933104631217	0.3906186652112896	0.8839357554966475	0.009868132219060816	0.8648253547481678	0.9037462965850616	0.009900990099009901	0.009900990099009901	0.1846616248245751	1.4819321481403105	0.6097489474504912	1.6898113846609792	1.4936847029471387	0.8839357554966475	0.6097489474504912	1.6898113846609792	Arg methylation
31	12826	0.5709496335568377	1.5262747544051145	7323	19576	0.38851941369094023	0.003855336810960175	0.38170513020427255	0.3965733665990956	0.9087213472633714	0.009901223278236972	0.8899851863402464	0.9286995166068922	0.009900990099009901	0.009900990099009901	0.18243021986589747	1.4695523915595559	0.6175534071417431	1.6795850114025768	1.5262747544051145	0.9087213472633714	0.6175534071417431	1.6795850114025768	Arg methylation
32	12826	0.5739123655075627	1.559020739123655	7361	19996	0.3934087010759395	0.003976954683799104	0.3868626227974427	0.4012981443941993	0.9318509278029004	0.00988457114803812	0.9125643224699829	0.9506744113519413	0.009900990099009901	0.009900990099009901	0.18050366443162325	1.4588197056596892	0.6271698113207547	1.6730366334446682	1.559020739123655	0.9318509278029004	0.6271698113207547	1.6730366334446682	Arg methylation
33	12826	0.5773428972399813	1.5870887260252613	7405	20356	0.39844066739435513	0.003840490620038886	0.39177452050522377	0.40597614221113365	0.9551426789334165	0.010042046583243218	0.9358217682831749	0.9750233899890847	0.009900990099009901	0.009900990099009901	0.1789022298456262	1.4490059486537261	0.6319460470918448	1.6616247614414243	1.5870887260252613	0.9551426789334165	0.6319460470918448	1.6616247614414243	Arg methylation
34	12826	0.5800717292998596	1.6164041790113832	7440	20732	0.403520193357243	0.0038211181976841174	0.39708014969593014	0.4103013410260409	0.9785560580071728	0.010260391788922194	0.9588102292218931	0.9994698269140808	0.009900990099009901	0.009900990099009901	0.17655153594261663	1.4375283786264266	0.6378481210042104	1.6518258364300422	1.6164041790113832	0.9785560580071728	0.6378481210042104	1.6518258364300422	Arg methylation
35	12826	0.5828785279900203	1.6500857632933104	7476	21164	0.40820520817090283	0.0038711852537570545	0.4016801808825822	0.41503976298144396	1.0022922189302979	0.010185337075883625	0.9827186963979417	1.0230703259005145	0.009900990099009901	0.009900990099009901	0.17467331981911743	1.4279056619630075	0.6477935443630125	1.6463120556342081	1.6500857632933104	1.0022922189302979	0.6477935443630125	1.6463120556342081	Arg methylation
36	12826	0.5865429596132855	1.6779978169343521	7523	21522	0.41326290347731165	0.0038661694416004953	0.40698581007328866	0.4207566661468891	1.0250366443162326	0.01009245666725476	1.0051964759083114	1.0466981132075472	0.009900990099009901	0.009900990099009901	0.17328005613597386	1.4192973883645161	0.6529611726181195	1.6370125168097651	1.6779978169343521	1.0250366443162326	0.6529611726181195	1.6370125168097651	Arg methylation
37	12826	0.5904412911273975	1.7020115390612818	7573	21830	0.41803757991579604	0.003860079986544091	0.41158194292842665	0.4257426321534383	1.0463542803680026	0.00990864239796491	1.0257952596288789	1.068454701387806	0.009900990099009901	0.009900990099009901	0.17240371121160147	1.412411992353243	0.6556572586932792	1.6266111497748972	1.7020115390612818	1.0463542803680026	0.6556572586932792	1.6266111497748972	Arg methylation
38	12826	0.5928582566661469	1.7314829253079682	7604	22208	0.42264384843287073	0.0039530448465780205	0.4163749415250273	0.4304615624512709	1.0706206143770465	0.010078492256501035	1.0494347419304537	1.092795883361921	0.009900990099009901	0.009900990099009901	0.17021440823327616	1.4027372192081287	0.6608623109309217	1.6172703029031927	1.7314829253079682	1.0706206143770465	0.6608623109309217	1.6172703029031927	Arg methylation
39	12826	0.5962108217682832	1.7612661780757837	7647	22590	0.4273600498986434	0.003910187723679374	0.42054810541088417	0.4348647278964603	1.0947793544363014	0.010493478149280323	1.0736862622797443	1.1171799469826913	0.009900990099009901	0.009900990099009901	0.16885077186963982	1.3951019097589632	0.6664868236394823	1.6087864380513957	1.7612661780757837	1.0947793544363014	0.6664868236394823	1.6087864380513957	Arg methylation
40	12826	0.5999532200218306	1.7952596288788398	7695	23026	0.4319943864026196	0.0039278646057327405	0.42491813503820364	0.4395466240449088	1.1187681272415406	0.010823751707935217	1.095680648682364	1.1420707937002963	0.009900990099009901	0.009900990099009901	0.167958833619211	1.3887986485608472	0.6764915016372992	1.6046753435005978	1.7952596288788398	1.1187681272415406	0.6764915016372992	1.6046753435005978	Arg methylation
41	12826	0.6014345859971932	1.8234835490410104	7714	23388	0.4362630594105723	0.004061444659551491	0.4289938406362077	0.444429284266334	1.1401824419148605	0.010955542432827835	1.118103851551536	1.164521284890067	0.009900990099009901	0.009900990099009901	0.16517152658662093	1.3786053460721186	0.6833011071261499	1.599291027476788	1.8234835490410104	1.1401824419148605	0.6833011071261499	1.599291027476788	Arg methylation
42	12826	0.6039295181662249	1.8510837361609231	7746	23742	0.4409005145797599	0.003989633032537597	0.4338687041946047	0.44910338375175424	1.1637642289100265	0.011009797512420172	1.141049430843599	1.18830110712615	0.009900990099009901	0.009900990099009901	0.163029003586465	1.369763695426517	0.6873195072508966	1.5906003038902778	1.8510837361609231	1.1637642289100265	0.6873195072508966	1.5906003038902778	Arg methylation
43	12826	0.6058007172929986	1.8766567908934977	7770	24070	0.44535240916887575	0.003930677041115359	0.437778730703259	0.45362349914236705	1.1851380009355994	0.011043558503040651	1.1630828005613598	1.2104670201153906	0.009900990099009901	0.009900990099009901	0.1604483081241228	1.3602726847791262	0.6915187899578983	1.5834922088499257	1.8766567908934977	1.1851380009355994	0.6915187899578983	1.5834922088499257	Arg methylation
44	12826	0.6087634492437237	1.9044129112739747	7808	24426	0.4496686418213005	0.004019912287053401	0.4421370653360362	0.4580578512396694	1.2074832371744892	0.011041596767548824	1.1867924528301887	1.231822080149696	0.009900990099009901	0.009900990099009901	0.1590948074224232	1.353804541001656	0.6969296740994855	1.5771754444643893	1.9044129112739747	1.2074832371744892	0.6969296740994855	1.5771754444643893	Arg methylation
45	12826	0.6102448152190862	1.9282707001403399	7827	24732	0.4535381256822079	0.004087863838557177	0.4453590363324497	0.4617573678465617	1.2281225635428037	0.011406963961203607	1.2070481833775144	1.2538749415250272	0.009900990099009901	0.009900990099009901	0.15670668953687833	1.3455204329319868	0.7001481365975362	1.5700963058424697	1.9282707001403399	1.2281225635428037	0.7001481365975362	1.5700963058424697	Arg methylation
46	12826	0.6123499142367067	1.952440355527834	7854	25042	0.4574637455169187	0.004049267696173204	0.44909753625448307	0.46542764696709804	1.250943396226415	0.011564521874099048	1.2292803680024948	1.2757835646343365	0.009900990099009901	0.009900990099009901	0.154886168719788	1.338575833030816	0.7014969593014191	1.5607743415230049	1.952440355527834	1.250943396226415	0.7014969593014191	1.5607743415230049	Arg methylation
47	12826	0.6146109465148917	1.9783252767815376	7883	25374	0.4614766879775456	0.0040190129028345525	0.4534968033681584	0.46937080929362235	1.2731436145329798	0.011861763050496757	1.2532862934663964	1.2991969437080928	0.009900990099009901	0.009900990099009901	0.15313425853734608	1.331835307236142	0.7051816622485578	1.553890114358572	1.9783252767815376	1.2731436145329798	0.7051816622485578	1.553890114358572	Arg methylation
48	12826	0.6163262123811009	2.0018711991267737	7905	25676	0.4652752222048962	0.004103337265879492	0.45690589427724937	0.4729494776235771	1.2942335880243256	0.012042894406035766	1.2726960860751597	1.3202167472321846	0.009900990099009901	0.009900990099009901	0.15105099017620466	1.3246486874164243	0.707637611102448	1.5467618965002072	2.0018711991267737	1.2942335880243256	0.707637611102448	1.5467618965002072	Arg methylation
49	12826	0.6183533447684391	2.0251052549508812	7931	25974	0.46909948542024005	0.004174020663344449	0.46073405582410726	0.4775534071417433	1.3172150319663183	0.012356153729787817	1.2932948697957274	1.3435755496647435	0.009900990099009901	0.009900990099009901	0.14925385934819901	1.3181710148637038	0.707890222984563	1.5374143217359395	2.0251052549508812	1.3172150319663183	0.707890222984563	1.5374143217359395	Arg methylation
50	12826	0.6203025105254951	2.0483393107749883	7956	26272	0.4724458131919539	0.004202199733317003	0.4648253547481678	0.4808319039451115	1.3375440511461094	0.012654830152241196	1.31295025728988	1.3636441602993918	0.009900990099009901	0.009900990099009901	0.14785669733354123	1.312960117763743	0.7107952596288789	1.5314182056432575	2.0483393107749883	1.3375440511461094	0.7107952596288789	1.5314182056432575	Arg methylation
51	12826	0.6217838765008576	2.072353032901918	7975	26580	0.4760431935131765	0.004232813464928187	0.46824419148604396	0.4840285357866833	1.3598175580851393	0.012799726188101674	1.3348549820676752	1.3856619366910963	0.009900990099009901	0.009900990099009901	0.14574068298768117	1.3061501245551308	0.7125354748167789	1.523993436163711	2.072353032901918	1.3598175580851393	0.7125354748167789	1.523993436163711	Arg methylation
52	12826	0.6232652424762202	2.0982379541556213	7994	26912	0.4795353188835179	0.004234765909753257	0.4714037891782317	0.48722516762825513	1.380343053173242	0.012792711338823108	1.354732574458132	1.406751910182442	0.009900990099009901	0.009900990099009901	0.14372992359270226	1.2997275027152173	0.7178949009823794	1.520084408967775	2.0982379541556213	1.380343053173242	0.7178949009823794	1.520084408967775	Arg methylation
53	12826	0.6256822080149695	2.124746608451583	8025	27252	0.48282395134882267	0.004283551485311001	0.47483821924216435	0.4907492593170123	1.4010229221893036	0.012904386664322991	1.3747816934352097	1.4264813659753626	0.009900990099009901	0.009900990099009901	0.14285825666614688	1.2958806336492967	0.7237236862622793	1.5165680552402063	2.124746608451583	1.4010229221893036	0.7237236862622793	1.5165680552402063	Arg methylation
54	12826	0.6274754405114611	2.145641665367223	8048	27520	0.4858794635895838	0.004229171425944883	0.4775514579759863	0.4936418213004834	1.4202229845626073	0.013185109485000889	1.3933962264150945	1.4462848900670513	0.009900990099009901	0.009900990099009901	0.1415959769218773	1.2914220244580694	0.7254186808046157	1.5107780177406622	2.145641665367223	1.4202229845626073	0.7254186808046157	1.5107780177406622	Arg methylation
55	12826	0.630048339310775	2.172462186184313	8081	27864	0.4889256198347108	0.004232277645080644	0.48093131139872136	0.496727350693903	1.4405925463901448	0.013227746069913265	1.412673475752378	1.4645719631997505	0.009900990099009901	0.009900990099009901	0.1411227194760642	1.2886384221873524	0.7318696397941684	1.508033754324286	2.172462186184313	1.4405925463901448	0.7318696397941684	1.508033754324286	Arg methylation
56	12826	0.6317636051769843	2.1970996413535007	8103	28180	0.4921604553251209	0.004250712806923947	0.4845879463589584	0.5000565258069546	1.4619554030874784	0.013395609257298676	1.4334905660377357	1.4845665055356307	0.009900990099009901	0.009900990099009901	0.13960314985186334	1.2836537319107477	0.7351442382660223	1.502849975254706	2.1970996413535007	1.4619554030874784	0.7351442382660223	1.502849975254706	Arg methylation
57	12826	0.633946670824887	2.219398097614221	8131	28466	0.49525962887883984	0.004205411727872292	0.4874278808669889	0.5033642600966786	1.4815811632621234	0.013709659850438677	1.4532161234991423	1.5065219086231092	0.009900990099009901	0.009900990099009901	0.13868704194604714	1.2800289663423696	0.7378169343520977	1.4979929231332716	2.219398097614221	1.4815811632621234	0.7378169343520977	1.4979929231332716	Arg methylation
58	12826	0.6350382036488383	2.243411819741151	8145	28774	0.498349446436925	0.004135878565387928	0.49016450958989555	0.5062412287540933	1.5018462498050835	0.013981202719799581	1.47298066427569	1.5261967877748324	0.009900990099009901	0.009900990099009901	0.13668875721191331	1.2742829518306964	0.7415655699360675	1.4937692989760512	2.243411819741151	1.5018462498050835	0.7415655699360675	1.4937692989760512	Arg methylation
59	12826	0.6367534695150475	2.2652424762201777	8167	29054	0.501413535007017	0.00408127915771004	0.4933085139560268	0.5086542959613286	1.5207890222984561	0.01418303413386919	1.49143926399501	1.545891158584126	0.009900990099009901	0.009900990099009901	0.1353399345080305	1.2699167953376778	0.7444534539217216	1.4895179035396942	2.2652424762201777	1.5207890222984561	0.7444534539217216	1.4895179035396942	Arg methylation
60	12826	0.6387026352721036	2.290347731171059	8192	29376	0.5048471854046468	0.00401549064963423	0.497144472165913	0.5120516918758771	1.5410852954935288	0.014264408883240943	1.5102643068766568	1.5667979104943084	0.009900990099009901	0.009900990099009901	0.1338554498674568	1.265140529128965	0.7492624356775301	1.4861914119020783	2.290347731171059	1.5410852954935288	0.7492624356775301	1.4861914119020783	Arg methylation
61	12826	0.6398721347263371	2.3118665211289566	8207	29652	0.5078083580227662	0.003985381174759681	0.5004639014501793	0.5145427257133947	1.5593980976142208	0.014312284758722652	1.5295766411975673	1.5851824419148604	0.009900990099009901	0.009900990099009901	0.13206377670357083	1.2600661738175845	0.7524684235147359	1.4825377334151968	2.3118665211289566	1.5593980976142208	0.7524684235147359	1.4825377334151968	Arg methylation
62	12826	0.640807734289724	2.331358178699517	8219	29902	0.5105551224076095	0.00398598823351362	0.5031518010291596	0.5169596912521441	1.5778200530173085	0.014488472070097368	1.5484211757367847	1.6037696865741462	0.009900990099009901	0.009900990099009901	0.13025261188211457	1.2551195868291092	0.7535381256822082	1.4775817902942712	2.331358178699517	1.5778200530173085	0.7535381256822082	1.4775817902942712	Arg methylation
63	12826	0.6422111336348043	2.352097302354592	8237	30168	0.5133237174489319	0.0040651378829687475	0.5053796974894745	0.519848354904101	1.5955746140651796	0.014560269791888526	1.5656712926867302	1.6217565881802587	0.009900990099009901	0.009900990099009901	0.1288874161858724	1.2510840855482093	0.7565226882894125	1.4741380826822983	2.352097302354592	1.5955746140651796	0.7565226882894125	1.4741380826822983	Arg methylation
64	12826	0.6436924996101668	2.3717448931857166	8256	30420	0.5161453297988462	0.00400277301739499	0.5084457352253235	0.522807188523312	1.6140495867768592	0.014779582175193151	1.583564634336504	1.6420746920318103	0.009900990099009901	0.009900990099009901	0.12754716981132064	1.2471148384913775	0.7576953064088574	1.4694374402225896	2.3717448931857166	1.6140495867768592	0.7576953064088574	1.4694374402225896	Arg methylation
65	12826	0.645017932324965	2.3945111492281304	8273	30712	0.5187501949165757	0.004064739103966486	0.510583970060814	0.5253391548417278	1.634327147980664	0.014820776095076966	1.6030796818961486	1.662369405894277	0.009900990099009901	0.009900990099009901	0.12626773740838926	1.2434075951117385	0.7601840012474663	1.465135760723752	2.3945111492281304	1.634327147980664	0.7601840012474663	1.465135760723752	Arg methylation
66	12826	0.6471230313425854	2.4115078746296583	8300	30930	0.5213277717137066	0.0040838768665444935	0.5132543271479807	0.5278750194916576	1.6512895680648685	0.014913788140198777	1.6210120068610634	1.6800366443162325	0.009900990099009901	0.009900990099009901	0.12579525962887883	1.2412978292243384	0.7602183065647898	1.460378555806952	2.4115078746296583	1.6512895680648685	0.7602183065647898	1.460378555806952	Arg methylation
67	12826	0.6487603305785123	2.434118197411508	8321	31220	0.5239544674879152	0.0040274011743528645	0.5166400280679869	0.5308825822547949	1.6699407453609856	0.014918711001035796	1.6390846717604866	1.699442538593482	0.009900990099009901	0.009900990099009901	0.12480586309059716	1.2381998261966833	0.7641774520505222	1.4576075254007486	2.434118197411508	1.6699407453609856	0.7641774520505222	1.4576075254007486	Arg methylation
68	12826	0.6500077966630282	2.4542335880243256	8337	31478	0.5266489942304693	0.004043269716542875	0.5193240293154531	0.5343209106502417	1.6877031030718854	0.015209028840476603	1.6570598783720567	1.7180336815842818	0.009900990099009901	0.009900990099009901	0.12335880243255892	1.2342334340024872	0.7665304849524401	1.4541856227894787	2.4542335880243256	1.6877031030718854	0.7665304849524401	1.4541856227894787	Arg methylation
69	12826	0.6520349290503664	2.4760642445033527	8363	31758	0.5291330110712614	0.00396935430205598	0.5217858256666147	0.5370419460470919	1.7061281771401837	0.015354094342278312	1.674368470294714	1.7359075315764851	0.009900990099009901	0.009900990099009901	0.12290191797910499	1.232270365687982	0.769936067363169	1.45127680187179	2.4760642445033527	1.7061281771401837	0.769936067363169	1.45127680187179	Arg methylation
70	12826	0.6535162950257289	2.4960237018556057	8382	32014	0.5319476064244503	0.003944633646527807	0.5245555902073912	0.5395817090285357	1.7237236862622796	0.015602098693613462	1.6913223140495868	1.7538905348510838	0.009900990099009901	0.009900990099009901	0.12156868860127867	1.2285350796451877	0.7723000155933262	1.4480416564141905	2.4960237018556057	1.7237236862622796	0.7723000155933262	1.4480416564141905	Arg methylation
71	12826	0.655153594261656	2.5122407609543114	8403	32222	0.5343528769686574	0.003908224581948031	0.5272103539685015	0.5418310463121784	1.7389630438172463	0.015724083943294907	1.7060034305317324	1.7685911429908	0.009900990099009901	0.009900990099009901	0.12080071729299857	1.226069181059325	0.7732777171370651	1.4446774874753068	2.5122407609543114	1.7389630438172463	0.7732777171370651	1.4446774874753068	Arg methylation
72	12826	0.657102760018712	2.5301730859192264	8428	32452	0.5367815375019492	0.0038913810902070694	0.5293778262903477	0.5440920785903633	1.7559644472165914	0.01608771967297455	1.7211211601434586	1.7861804147824731	0.009900990099009901	0.009900990099009901	0.1203212225167628	1.2241530568966819	0.774208638702635	1.440902228931711	2.5301730859192264	1.7559644472165914	0.774208638702635	1.440902228931711	Arg methylation
73	12826	0.6592078590363325	2.547949477623577	8455	32680	0.5392437236862623	0.0039060609761458896	0.5325491189770778	0.5468579447996258	1.772580695462342	0.016035871311264143	1.7385622953375954	1.8024871355060033	0.009900990099009901	0.009900990099009901	0.11996413535007022	1.222467374362741	0.7753687821612352	1.4374236863495773	2.547949477623577	1.772580695462342	0.7753687821612352	1.4374236863495773	Arg methylation
74	12826	0.6602214252300016	2.565569936067363	8468	32906	0.5417651645095899	0.003870493005368322	0.5348764228910027	0.5493197411507874	1.7899033213784503	0.016047110273202058	1.7557500389833152	1.8184975830344612	0.009900990099009901	0.009900990099009901	0.11845626072041171	1.218648721771617	0.7756666146889128	1.433356710066079	2.565569936067363	1.7899033213784503	0.7756666146889128	1.433356710066079	Arg methylation
75	12826	0.6614688913145174	2.5842819273351005	8484	33146	0.5442928426633401	0.0038796139644670146	0.5372115234679558	0.5519569624200842	1.8067285201933572	0.01602796706944267	1.773779822236083	1.8350927802900359	0.009900990099009901	0.009900990099009901	0.11717604865117726	1.215281259400381	0.7775534071417434	1.4303653805489986	2.5842819273351005	1.8067285201933572	0.7775534071417434	1.4303653805489986	Arg methylation
76	12826	0.6619366910962108	2.5989396538281615	8490	33334	0.5465990955870886	0.003947306348824208	0.5395797598627787	0.5544148604397318	1.8221783876500859	0.016343130872725167	1.7882738188055511	1.8508693279276471	0.009900990099009901	0.009900990099009901	0.11533759550912215	1.211009488380585	0.7767612661780756	1.4262816810047896	2.5989396538281615	1.8221783876500859	0.7767612661780756	1.4262816810047896	Arg methylation
77	12826	0.6635739903321378	2.617963511617028	8511	33578	0.5488796195228441	0.003909816720913639	0.5423495244035552	0.5569643692499611	1.8384921253703417	0.016387684670868652	1.804974271012007	1.866509433962264	0.009900990099009901	0.009900990099009901	0.11469437080929368	1.2089608845542499	0.7794713862466862	1.4239731981934223	2.617963511617028	1.8384921253703417	0.7794713862466862	1.4239731981934223	Arg methylation
78	12826	0.6645875565258069	2.636051769842507	8524	33810	0.5511437704662404	0.0038947143106550356	0.5442947918290971	0.5594670980820209	1.8557289879931391	0.016534724104560444	1.8227896460314985	1.8856697333541244	0.009900990099009901	0.009900990099009901	0.11344378605956651	1.205833381666636	0.7803227818493681	1.4204939335960047	2.636051769842507	1.8557289879931391	0.7803227818493681	1.4204939335960047	Arg methylation
79	12826	0.6656790893497583	2.654763761110245	8538	34050	0.5534757523779823	0.00394180211773402	0.5464992983003274	0.5619464369249961	1.8739310774988305	0.016713626899195155	1.840842819273351	1.9032434118197412	0.009900990099009901	0.009900990099009901	0.11220333697177598	1.202724936891453	0.7808326836114146	1.4166816447985942	2.654763761110245	1.8739310774988305	0.7808326836114146	1.4166816447985942	Arg methylation
80	12826	0.6672384219554031	2.671136753469515	8558	34260	0.5557367846561673	0.004030284086020078	0.5485576173397786	0.5640378917823171	1.8915733665990957	0.01703048709151339	1.8570949633556837	1.921167940121628	0.009900990099009901	0.009900990099009901	0.11150163729923579	1.2006374967030868	0.7795633868704193	1.4121243196990105	2.671136753469515	1.8915733665990957	0.7795633868704193	1.4121243196990105	Arg methylation
81	12826	0.6688757211913301	2.688445345392172	8579	34482	0.5578223920162171	0.004003386181299028	0.550732886324653	0.5658155309527522	1.9059878372056758	0.0170613687481071	1.8724972711679402	1.935934819897084	0.009900990099009901	0.009900990099009901	0.11105332917511301	1.1990836702946204	0.7824575081864962	1.4105259713166054	2.688445345392172	1.9059878372056758	0.7824575081864962	1.4105259713166054	Arg methylation
82	12826	0.6704350537969749	2.707001403399345	8599	34720	0.5600569156401061	0.0039702834939636805	0.5532823951348823	0.5683026664587557	1.9227272727272726	0.01719281030300024	1.8879580539529082	1.9531459535318885	0.009900990099009901	0.009900990099009901	0.11037813815686881	1.1970837875124072	0.7842741306720724	1.407896710987839	2.707001403399345	1.9227272727272726	0.7842741306720724	1.407896710987839	Arg methylation
83	12826	0.6719164197723374	2.721347263371277	8618	34904	0.5621581163262124	0.0038862653422011015	0.5555063932636831	0.5701738655855294	1.9383876500857633	0.017099643620035	1.9025923904568844	1.9692967409948543	0.009900990099009901	0.009900990099009901	0.10975830344612503	1.1952445410971062	0.7829596132855137	1.4039231333582176	2.721347263371277	1.9383876500857633	0.7829596132855137	1.4039231333582176	Arg methylation
84	12826	0.6727740527054421	2.7355371900826446	8629	35086	0.5644300639326368	0.0038571266123561187	0.5574419148604397	0.5721756588180259	1.953977857477	0.016964478140777575	1.9198035240916886	1.9855800717293	0.009900990099009901	0.009900990099009901	0.10834398877280527	1.1919529020440978	0.7815593326056447	1.399983720191591	2.7355371900826446	1.953977857477	0.7815593326056447	1.399983720191591	Arg methylation
85	12826	0.6737876188991112	2.752222048963044	8642	35300	0.5665647902697645	0.0038320575750321537	0.559888117885545	0.5738421955403088	1.970670513020427	0.01695438521511259	1.9375136441602994	2.0020349290503665	0.009900990099009901	0.009900990099009901	0.10722282862934673	1.1892507802652077	0.7815515359426171	1.3965916832767447	2.752222048963044	1.970670513020427	0.7815515359426171	1.3965916832767447	Arg methylation
86	12826	0.675035084983627	2.7707781069702166	8658	35538	0.5685708716669265	0.0039037380977874265	0.5617456728520193	0.575873226259161	1.986669265554343	0.016997924662431208	1.9545337595509122	2.016470450647123	0.009900990099009901	0.009900990099009901	0.10646421331670042	1.1872487997926633	0.7841088414158737	1.3946851421175446	2.7707781069702166	1.986669265554343	0.7841088414158737	1.3946851421175446	Arg methylation
87	12826	0.6761266178075783	2.7879307656323093	8672	35758	0.5706135973803211	0.0038456783576605036	0.563575939497895	0.577851629502573	2.0035552783408703	0.016947501404492783	1.9710548885077186	2.033326836114143	0.009900990099009901	0.009900990099009901	0.10551302042725719	1.1849115073872512	0.784375487291439	1.391491812464977	2.7879307656323093	2.0035552783408703	0.784375487291439	1.391491812464977	Arg methylation
88	12826	0.6765164509589896	2.8019647590831123	8677	35938	0.5727179167316389	0.0038207245645244746	0.5658662092624357	0.5805219865897395	2.018517074692032	0.017301834417935563	1.9857321066583502	2.0485849056603773	0.009900990099009901	0.009900990099009901	0.10379853422735075	1.1812384966402023	0.7834476843910805	1.388130323103961	2.8019647590831123	2.018517074692032	0.7834476843910805	1.388130323103961	Arg methylation
89	12826	0.6773740838920942	2.8159987525339156	8688	36118	0.5748214564166537	0.0038006046650446673	0.5677042725713395	0.5821807266489942	2.035548105410884	0.01725047103307762	2.0025612038047718	2.0642834866677062	0.009900990099009901	0.009900990099009901	0.10255262747544047	1.1784077931167312	0.7804506471230317	1.383410563989346	2.8159987525339156	2.035548105410884	0.7804506471230317	1.383410563989346	Arg methylation
90	12826	0.6776859504132231	2.8300327459847185	8692	36298	0.5767690628411041	0.0037233754011786087	0.5694448775923905	0.5840928582566661	2.050999532200218	0.01728586344530223	2.0173943552159677	2.0810852954935286	0.009900990099009901	0.009900990099009901	0.10091688757211903	1.17496931453815	0.7790332137845004	1.3798310051045157	2.8300327459847185	2.050999532200218	0.7790332137845004	1.3798310051045157	Arg methylation
91	12826	0.678933416497739	2.8471854046468112	8708	36518	0.5786184313113988	0.0037153025781779445	0.5712790425697801	0.585724309995322	2.0663714330266645	0.01729287680770923	2.034753625448308	2.0966123499142366	0.009900990099009901	0.009900990099009901	0.10031498518634019	1.1733698405683055	0.7808139716201468	1.3778671922871435	2.8471854046468112	2.0663714330266645	0.7808139716201468	1.3778671922871435	Arg methylation
92	12826	0.6807266489942305	2.861219398097614	8731	36698	0.5804818337751442	0.0037736483640670553	0.573050834242944	0.5878001715265866	2.0811071261500076	0.017333853152271116	2.048425074068299	2.112295337595509	0.009900990099009901	0.009900990099009901	0.10024481521908635	1.17269242444186	0.7801122719476066	1.3748544522985673	2.861219398097614	2.0811071261500076	0.7801122719476066	1.3748544522985673	Arg methylation
93	12826	0.6816622485576174	2.8779042569780136	8743	36912	0.5823241852487135	0.0037133250362859746	0.5749961016684859	0.5892581475128645	2.0964244503352565	0.01725487278383195	2.0633790737564324	2.1268711991267737	0.009900990099009901	0.009900990099009901	0.09933806330890382	1.1705889362408606	0.7814798066427571	1.3727679318554906	2.8779042569780136	2.0964244503352565	0.7814798066427571	1.3727679318554906	Arg methylation
94	12826	0.6826758147512865	2.893029783252768	8756	37106	0.5841259940745361	0.003663736174690346	0.57705247154218	0.5912326524247622	2.11176516450959	0.01754776929928089	2.0774637455169187	2.1417589271791675	0.009900990099009901	0.009900990099009901	0.09854982067675033	1.1687132941804592	0.7812646187431778	1.3699580956600395	2.893029783252768	2.11176516450959	0.7812646187431778	1.3699580956600395	Arg methylation
95	12826	0.684157180726649	2.908623109309216	8775	37306	0.5858217682831748	0.0035946285873064286	0.5789899423046936	0.5928329175113052	2.127250896616248	0.0177214250126259	2.09157180726649	2.157114455013254	0.009900990099009901	0.009900990099009901	0.09833541244347421	1.16785892530361	0.7813722126929679	1.3673154934078873	2.908623109309216	2.127250896616248	0.7813722126929679	1.3673154934078873	Arg methylation
96	12826	0.6856385467020115	2.923124902541712	8794	37492	0.5877444253859349	0.003553909810091037	0.5811320754716981	0.5946144550132544	2.142133167004522	0.017965754056800794	2.1070169967254015	2.1723062529237485	0.009900990099009901	0.009900990099009901	0.09789412131607667	1.1665589958625227	0.78099173553719	1.3645859872611465	2.923124902541712	2.142133167004522	0.78099173553719	1.3645859872611465	Arg methylation
97	12826	0.6865741462653984	2.9368470294713864	8806	37668	0.5895197255574615	0.0035020675287033534	0.5830520037423982	0.5959808202089506	2.157673475752378	0.017878282817167492	2.122177607983783	2.187529237486356	0.009900990099009901	0.009900990099009901	0.0970544207079369	1.1646330334683208	0.7791735537190085	1.361117454737822	2.9368470294713864	2.157673475752378	0.7791735537190085	1.361117454737822	Arg methylation
98	12826	0.6873538125682208	2.9508810229221893	8816	37848	0.5912926867300796	0.003501196026984379	0.5848043037579915	0.5978481210042103	2.1720302510525493	0.017736705801537203	2.137829409012942	2.20131763605177	0.009900990099009901	0.009900990099009901	0.09606112583814119	1.1624595196151857	0.77885077186964	1.358581917306269	2.9508810229221893	2.1720302510525493	0.77885077186964	1.358581917306269	Arg methylation
99	12826	0.6884453453921722	2.9653828161546856	8830	38034	0.5931716825198814	0.003426483885669195	0.5867281303602058	0.5995789801964759	2.1876953064088567	0.017884930322872715	2.1516489942304693	2.2183962264150945	0.009900990099009901	0.009900990099009901	0.09527366287229078	1.160617348534836	0.7776875097458289	1.355482551645831	2.9653828161546856	2.1876953064088567	0.7776875097458289	1.355482551645831	Arg methylation
100	12826	0.6897707781069702	2.978481210042102	8847	38202	0.5949267113675347	0.003406957918568416	0.5888663651956962	0.6015944175892718	2.2027428660533293	0.018064122911521537	2.1684624980508342	2.23362700764073	0.009900990099009901	0.009900990099009901	0.09484406673943546	1.1594214294419916	0.7757383439887726	1.3521692685713556	2.978481210042102	2.2027428660533293	0.7757383439887726	1.3521692685713556	Arg methylation
1	2683	0.04099888184867685	0.04099888184867685	110	110	0.024319791278419677	0.0031409610999180056	0.018440178904211704	0.03056280283265002	0.024420424897502794	0.00315749410680113	0.018635855385762207	0.03056280283265002	0.009900990099009901	0.009900990099009901	0.016679090570257175	1.685823754789272	0.016578456951174058	1.678876678876679	0.04099888184867685	0.024420424897502794	0.016578456951174058	1.678876678876679	Lys acylation
2	2683	0.06261647409616102	0.06485277674245248	168	174	0.03715616846813268	0.004175915421007888	0.030367126351099515	0.04474468878121505	0.03849422288483041	0.0044707475959459815	0.0309168840849795	0.045862840104360786	0.009900990099009901	0.009900990099009901	0.025460305628028333	1.6852241950045144	0.026358553857622063	1.6847405112316034	0.06485277674245248	0.03849422288483041	0.026358553857622063	1.6847405112316034	Lys acylation
3	2683	0.09951546775997018	0.11703317182258666	267	314	0.05471859858367499	0.004680694904132842	0.04657100260901975	0.06412597838240774	0.06097651882221393	0.005547039280706102	0.0502981736861722	0.07085352217666789	0.009900990099009901	0.009900990099009901	0.04479686917629519	1.8186772018254886	0.05605665300037273	1.9193154034229831	0.11703317182258666	0.06097651882221393	0.05605665300037273	1.9193154034229831	Lys acylation
4	2683	0.13865076407007082	0.19008572493477452	372	510	0.07843458814759598	0.005618502252891529	0.06911106969809915	0.09019754006708908	0.09601938128960122	0.0069748664268020795	0.08533358181140514	0.1092620201267238	0.009900990099009901	0.009900990099009901	0.06021617592247484	1.7677247671545333	0.0940663436451733	1.9796599642884865	0.19008572493477452	0.09601938128960122	0.0940663436451733	1.9796599642884865	Lys acylation
5	2683	0.16846813268729036	0.253447633246366	452	680	0.094890048453224	0.005411849863031027	0.08627469250838614	0.10557212076034286	0.12278046962355571	0.006990621245602257	0.11067834513604174	0.1338240775251584	0.009900990099009901	0.009900990099009901	0.07357808423406635	1.7754035900860208	0.13066716362281028	2.0642341084330034	0.253447633246366	0.12278046962355571	0.13066716362281028	2.0642341084330034	Lys acylation
6	2683	0.1934401789042117	0.28922847558702947	519	776	0.10713007827059265	0.005441369352401273	0.0980245993291092	0.11801155423033916	0.14146105106224374	0.007043063418523078	0.12896011926947448	0.1532053671263511	0.009900990099009901	0.009900990099009901	0.08631010063361905	1.805657029537626	0.14776742452478572	2.044580281393266	0.28922847558702947	0.14146105106224374	0.14776742452478572	2.044580281393266	Lys acylation
7	2683	0.2221393961982855	0.3369362653745807	596	904	0.12008199776369737	0.005704275504863793	0.11087402161759224	0.1321375326127469	0.1670592620201267	0.007766241660020389	0.15238538948937755	0.17964964591874766	0.009900990099009901	0.009900990099009901	0.10205739843458812	1.8498975727853992	0.16987700335445402	2.016866717237072	0.3369362653745807	0.1670592620201267	0.16987700335445402	2.016866717237072	Lys acylation
8	2683	0.23853894893775623	0.38017144986954904	640	1020	0.13131196421915767	0.005458475914832521	0.12299664554603057	0.14204248975027953	0.19077152441297054	0.008542522229494079	0.17478568766306374	0.20652254938501677	0.009900990099009901	0.009900990099009901	0.10722698471859857	1.8165819874542304	0.1893999254565785	1.9928102532041265	0.38017144986954904	0.19077152441297054	0.1893999254565785	1.9928102532041265	Lys acylation
9	2683	0.2500931792769288	0.4189340290719344	671	1124	0.14199030935519938	0.005982718545468111	0.13231457323891166	0.1524599329109206	0.21699590011181516	0.009640704663943728	0.19821095788296683	0.23183004099888185	0.009900990099009901	0.009900990099009901	0.10810286992172943	1.7613397732045362	0.20193812896011923	1.9306080384747506	0.4189340290719344	0.21699590011181516	0.20193812896011923	1.9306080384747506	Lys acylation
10	2683	0.256429370108088	0.44726052925829296	688	1200	0.1517480432351845	0.006616455338206597	0.14031867312709653	0.1672847558702944	0.23950801341781586	0.010374855576535245	0.21798360044726053	0.25760342899739097	0.009900990099009901	0.009900990099009901	0.10468132687290346	1.689836419904701	0.2077525158404771	1.8674136321195147	0.44726052925829296	0.23950801341781586	0.2077525158404771	1.8674136321195147	Lys acylation
11	2683	0.2668654491241148	0.47558702944465153	716	1276	0.1598434588147596	0.007402777791479009	0.1472046216921357	0.1774133432724562	0.2599850913156914	0.01160439029882625	0.23551994036526278	0.28224002981736857	0.009900990099009901	0.009900990099009901	0.10702199030935522	1.6695425080445834	0.2156019381289601	1.8292857757261232	0.47558702944465153	0.2599850913156914	0.2156019381289601	1.8292857757261232	Lys acylation
12	2683	0.2795378307864331	0.49795005590756614	750	1336	0.16812523294819237	0.007532370023011083	0.154621692135669	0.1845136041744316	0.28209467014535966	0.012263505646450987	0.2585911293328364	0.3072679836004472	0.009900990099009901	0.009900990099009901	0.1114125978382407	1.6626762436818296	0.21585538576220648	1.7651877493856196	0.49795005590756614	0.28209467014535966	0.21585538576220648	1.7651877493856196	Lys acylation
13	2683	0.28512858740216174	0.5165859112933283	765	1386	0.17454342154304886	0.007429736097471548	0.16230898248229594	0.18955460305628027	0.30104360790160273	0.012865735966377962	0.27502795378307865	0.3284196794632873	0.009900990099009901	0.009900990099009901	0.11058516585911288	1.633568225496476	0.2155423033917256	1.7159836572985014	0.5165859112933283	0.30104360790160273	0.2155423033917256	1.7159836572985014	Lys acylation
14	2683	0.2944465150950429	0.541930674617965	790	1454	0.18269101751770406	0.0075517268641563315	0.16919493104733507	0.1983227730152814	0.32213939619828547	0.013544541538449528	0.2944092433842714	0.35223630264629147	0.009900990099009901	0.009900990099009901	0.11175549757733882	1.6117186224906155	0.2197912784196795	1.6822862432025918	0.541930674617965	0.32213939619828547	0.2197912784196795	1.6822862432025918	Lys acylation
15	2683	0.2981736861721953	0.5657845695117406	800	1518	0.19065598210957885	0.0076912356063868394	0.17757174804323517	0.20636414461423777	0.3420797614610511	0.013659310136644632	0.3160268356317555	0.37161759224748414	0.009900990099009901	0.009900990099009901	0.10751770406261646	1.5639356440482473	0.22370480805068949	1.6539551100457615	0.5657845695117406	0.3420797614610511	0.22370480805068949	1.6539551100457615	Lys acylation
16	2683	0.3041371598956392	0.5777115169586284	816	1550	0.19731270965337308	0.007452628023249481	0.18465337308982482	0.2123648900484532	0.35795751024972056	0.013884486050159689	0.3313268729034663	0.38514722325754747	0.009900990099009901	0.009900990099009901	0.10682445024226614	1.5413967018644101	0.21975400670890788	1.6139108704706369	0.5777115169586284	0.35795751024972056	0.21975400670890788	1.6139108704706369	Lys acylation
17	2683	0.30935519940365264	0.5874021617592248	830	1576	0.20398807305255315	0.007454624510402569	0.19249906820723073	0.21899925456578456	0.37188222139396193	0.013623834758283635	0.34662691017517705	0.3980618710398807	0.009900990099009901	0.009900990099009901	0.10536712635109949	1.516535720811255	0.21551994036526284	1.5795381654906995	0.5874021617592248	0.37188222139396193	0.21551994036526284	1.5795381654906995	Lys acylation
18	2683	0.3104733507267984	0.6023108460678345	833	1616	0.20976146105106228	0.007620825997688961	0.19789414834140887	0.22521431233693623	0.392396571002609	0.014167014412207383	0.36593365635482666	0.4200708162504659	0.009900990099009901	0.009900990099009901	0.1007118896757361	1.480125801808845	0.20991427506522548	1.534954407294833	0.6023108460678345	0.392396571002609	0.20991427506522548	1.534954407294833	Lys acylation
19	2683	0.3194185613119642	0.6202012672381663	857	1664	0.21663063734625418	0.007497995418969851	0.20591688408497952	0.2311591502049944	0.41768915393216544	0.014235017921909723	0.39159522922102125	0.44399925456578454	0.009900990099009901	0.009900990099009901	0.10278792396571004	1.4744847045869036	0.20251211330600083	1.4848392911320119	0.6202012672381663	0.41768915393216544	0.20251211330600083	1.4848392911320119	Lys acylation
20	2683	0.32612746925083863	0.636600819977637	875	1708	0.22264629146477818	0.007393768581571141	0.21058516585911294	0.23745806932538202	0.4306522549385016	0.014276369090950173	0.40249720462169214	0.45713753261274687	0.009900990099009901	0.009900990099009901	0.10348117778606045	1.4647783581090135	0.20594856503913533	1.4782247455514783	0.636600819977637	0.4306522549385016	0.20594856503913533	1.4782247455514783	Lys acylation
21	2683	0.3294819232202758	0.6485277674245248	884	1740	0.22823332090942972	0.007360072667014003	0.21635296310100635	0.24324450242266119	0.44098397316436816	0.014513478660576704	0.41364144614237797	0.46746179649645914	0.009900990099009901	0.009900990099009901	0.10124860231084609	1.4436188454315344	0.20754379426015662	1.470637952601508	0.6485277674245248	0.44098397316436816	0.20754379426015662	1.470637952601508	Lys acylation
22	2683	0.3346999627282892	0.6641818859485651	898	1782	0.23381289601192695	0.007608956105427461	0.22172940737979874	0.2507174804323518	0.45770406261647417	0.01465790696431889	0.4300782705926202	0.4850354081252329	0.009900990099009901	0.009900990099009901	0.10088706671636227	1.4314863227698782	0.20647782333209092	1.45111643132848	0.6641818859485651	0.45770406261647417	0.20647782333209092	1.45111643132848	Lys acylation
23	2683	0.34140887066716363	0.6813268729034663	916	1828	0.24014163250093185	0.007711468383390633	0.22694744688781215	0.2571934401789042	0.4795005590756616	0.014623357222439164	0.4487141259783824	0.508069325382035	0.009900990099009901	0.009900990099009901	0.10126723816623179	1.4216979667856586	0.2018263138278047	1.420909444228527	0.6813268729034663	0.4795005590756616	0.2018263138278047	1.420909444228527	Lys acylation
24	2683	0.3462541930674618	0.6910175177040626	929	1854	0.24546775997018258	0.007465270003124692	0.23140141632500932	0.26052925829295565	0.49001863585538574	0.014159294499091554	0.4614237793514722	0.5155982109578829	0.009900990099009901	0.009900990099009901	0.10078643309727922	1.4105892892391323	0.20099888184867687	1.410186199342826	0.6910175177040626	0.49001863585538574	0.20099888184867687	1.410186199342826	Lys acylation
25	2683	0.3488632128214685	0.7051807677972419	936	1892	0.25089079388743946	0.0072715824558575145	0.23814759597465524	0.2655702571748043	0.5020872158032054	0.013918956392210986	0.47519567648155053	0.5282705926202013	0.009900990099009901	0.009900990099009901	0.09797241893402903	1.3904982618771724	0.20309355199403656	1.4044985524459952	0.7051807677972419	0.5020872158032054	0.20309355199403656	1.4044985524459952	Lys acylation
26	2683	0.35519940365262764	0.7253074916138651	953	1946	0.2562504658963846	0.007546291722490962	0.2424058889303019	0.27078829668281773	0.5140961610137906	0.014935097471911534	0.4855944837868058	0.5423592992918375	0.009900990099009901	0.009900990099009901	0.09894893775624303	1.3861414940656274	0.21121133060007447	1.4108401241191308	0.7253074916138651	0.5140961610137906	0.21121133060007447	1.4108401241191308	Lys acylation
27	2683	0.3607901602683563	0.7387253074916139	968	1982	0.26131569139023486	0.007585316914807841	0.24746552366753635	0.2766120014908684	0.528706671636228	0.015496681669837961	0.49795005590756614	0.5569139023481178	0.009900990099009901	0.009900990099009901	0.09947446887812145	1.380667798205702	0.21001863585538594	1.3972309167301136	0.7387253074916139	0.528706671636228	0.21001863585538594	1.3972309167301136	Lys acylation
28	2683	0.36451733134550873	0.7521431233693626	978	2018	0.2670965337308982	0.007687827727273506	0.252115169586284	0.2834793142005218	0.5443831531867311	0.015947110343936723	0.510976518822214	0.572176667909057	0.009900990099009901	0.009900990099009901	0.09742079761461053	1.3647400295833219	0.20775997018263148	1.3816429089813638	0.7521431233693626	0.5443831531867311	0.20775997018263148	1.3816429089813638	Lys acylation
29	2683	0.3701080879612374	0.7663063734625419	993	2056	0.27205367126351104	0.0075211842589871705	0.25733320909429747	0.28832463660082	0.5603279910547894	0.015847043776185767	0.5276556093924711	0.5878307864330973	0.009900990099009901	0.009900990099009901	0.09805441669772635	1.3604230600613763	0.20597838240775257	1.3676032354193275	0.7663063734625419	0.5603279910547894	0.20597838240775257	1.3676032354193275	Lys acylation
30	2683	0.3749534103615356	0.7871785314945956	1006	2112	0.2773947074170704	0.007393551276693131	0.26347372344390607	0.29281587774878864	0.5711293328363771	0.015529402402909152	0.540365262765561	0.5997950055907566	0.009900990099009901	0.009900990099009901	0.09755870294446523	1.3516963385959022	0.21604919865821848	1.378284192803164	0.7871785314945956	0.5711293328363771	0.21604919865821848	1.378284192803164	Lys acylation
31	2683	0.3775624301155423	0.8050689526649273	1013	2160	0.2825792023853895	0.007506251455070482	0.26871039880730524	0.29874207976146105	0.5826090197540068	0.015693422300808495	0.5526462914647783	0.6120387625792024	0.009900990099009901	0.009900990099009901	0.09498322773015277	1.3361295768703174	0.22245993291092048	1.3818340007932748	0.8050689526649273	0.5826090197540068	0.22245993291092048	1.3818340007932748	Lys acylation
32	2683	0.38389862094670146	0.8207230711889676	1030	2202	0.28685426761088334	0.007186882893449599	0.2731643682445024	0.3028606038017145	0.5946254193067461	0.01569679821247756	0.5638650764070071	0.6220834886321283	0.009900990099009901	0.009900990099009901	0.09704435333581812	1.338305419487286	0.22609765188222153	1.3802354298035582	0.8207230711889676	0.5946254193067461	0.22609765188222153	1.3802354298035582	Lys acylation
33	2683	0.3891166604547149	0.8326500186358554	1044	2234	0.29152068579947815	0.007443675377945709	0.2776369735370854	0.3074916138650764	0.6081774133432725	0.01603008530441962	0.5749720462169213	0.638166231830041	0.009900990099009901	0.009900990099009901	0.09759597465523673	1.3347823307549704	0.22447260529258295	1.3690906639538163	0.8326500186358554	0.6081774133432725	0.22447260529258295	1.3690906639538163	Lys acylation
34	2683	0.3902348117778606	0.8542676108833396	1047	2292	0.2952031308237048	0.007737981416578106	0.28232389116660456	0.31217853149459557	0.6178904211703317	0.01641956252546847	0.5839918002236303	0.6497018263138278	0.009900990099009901	0.009900990099009901	0.09503168095415582	1.321919624256657	0.23637718971300792	1.3825551936301124	0.8542676108833396	0.6178904211703317	0.23637718971300792	1.3825551936301124	Lys acylation
35	2683	0.3928438315318673	0.8766306373462542	1054	2352	0.2995937383525904	0.007593784759103234	0.2854640327991055	0.3157659336563548	0.628878121505777	0.016347625544980617	0.5967014535967201	0.6597838240775251	0.009900990099009901	0.009900990099009901	0.0932500931792769	1.3112551473606946	0.2477525158404772	1.393959508795221	0.8766306373462542	0.628878121505777	0.2477525158404772	1.393959508795221	Lys acylation
36	2683	0.39657100260901973	0.8870667163622811	1064	2380	0.30356317554975776	0.007697247492209796	0.2897782333209094	0.3208628401043607	0.6387700335445397	0.016852301348048174	0.6037271710771525	0.668654491241148	0.009900990099009901	0.009900990099009901	0.09300782705926197	1.3063870539989684	0.24829668281774142	1.388710599712922	0.8870667163622811	0.6387700335445397	0.24829668281774142	1.388710599712922	Lys acylation
37	2683	0.40178904211703315	0.9019754006708908	1078	2420	0.3074655236675364	0.007636821041089764	0.29332836377189714	0.3254379426015654	0.6493402907193441	0.017056891380591924	0.6137346254193068	0.6794819232202758	0.009900990099009901	0.009900990099009901	0.09432351844949677	1.3067775447613734	0.2526351099515467	1.3890642757923979	0.9019754006708908	0.6493402907193441	0.2526351099515467	1.3890642757923979	Lys acylation
38	2683	0.40327991054789414	0.9124114796869176	1082	2448	0.31141632500931793	0.008021482728297377	0.2971953037644428	0.3300689526649273	0.6602683563175549	0.01773709286205926	0.6238166231830041	0.6925456578456951	0.009900990099009901	0.009900990099009901	0.09186358553857621	1.2949864158079303	0.25214312336936273	1.381879762912786	0.9124114796869176	0.6602683563175549	0.25214312336936273	1.381879762912786	Lys acylation
39	2683	0.40663436451733137	0.920611256056653	1091	2470	0.3150465896384644	0.008038503030103462	0.30150950428624673	0.3325009317927693	0.6684755870294445	0.017882927610613133	0.633153186731271	0.70109951546776	0.009900990099009901	0.009900990099009901	0.09158777487886699	1.2907118435529477	0.2521356690272084	1.3771800704759358	0.920611256056653	0.6684755870294445	0.2521356690272084	1.3771800704759358	Lys acylation
40	2683	0.4081252329481923	0.9258292955646664	1095	2484	0.31888930301900853	0.008113965217201606	0.30486395825568396	0.33675922474841596	0.6776891539321654	0.01760046435711521	0.6428811032426388	0.7093365635482668	0.009900990099009901	0.009900990099009901	0.08923592992918378	1.2798335631968958	0.24814014163250098	1.3661562829989442	0.9258292955646664	0.6776891539321654	0.24814014163250098	1.3661562829989442	Lys acylation
41	2683	0.4111069698099143	0.9429742825195676	1103	2530	0.32222512113306	0.008169508687468777	0.3078456951174059	0.3388371226239284	0.6889153932165486	0.018325422043480387	0.6530003727171078	0.7219716734998136	0.009900990099009901	0.009900990099009901	0.08888184867685428	1.2758377384243462	0.254058889303019	1.3687809734034495	0.9429742825195676	0.6889153932165486	0.254058889303019	1.3687809734034495	Lys acylation
42	2683	0.4133432724562057	0.9541557957510249	1109	2560	0.32574357062989195	0.008196602183845205	0.3111442415206858	0.34234998136414463	0.7014535967200892	0.019134131615274545	0.6617964964591875	0.7372717107715244	0.009900990099009901	0.009900990099009901	0.08759970182631377	1.2689222742199386	0.2527021990309357	1.360255047821467	0.9541557957510249	0.7014535967200892	0.2527021990309357	1.360255047821467	Lys acylation
43	2683	0.41595229221021246	0.9690644800596347	1116	2600	0.3293924711144242	0.007990927795994555	0.31528140141632505	0.34517331345508756	0.7136414461423779	0.01933645812142905	0.6757174804323518	0.7480991427506523	0.009900990099009901	0.009900990099009901	0.08655982109578825	1.2627862768172353	0.25542303391725685	1.357915078080117	0.9690644800596347	0.7136414461423779	0.25542303391725685	1.357915078080117	Lys acylation
44	2683	0.41930674617964964	0.9765188222139396	1125	2620	0.3329034662691018	0.007846733503886549	0.3205180767797242	0.34780096906448005	0.7208125232948193	0.0195810853803476	0.6841595229221021	0.7562989191203876	0.009900990099009901	0.009900990099009901	0.08640327991054786	1.2595445486911931	0.25570629891912033	1.3547473034323712	0.9765188222139396	0.7208125232948193	0.25570629891912033	1.3547473034323712	Lys acylation
45	2683	0.42005218039508013	0.9795005590756616	1127	2628	0.33642564293701077	0.008034452184355426	0.32275437942601565	0.3515095042862467	0.730197540067089	0.02006438784953461	0.693496086470369	0.7663063734625419	0.009900990099009901	0.009900990099009901	0.08362653745806936	1.2485736126652118	0.24930301900857255	1.3414185961043734	0.9795005590756616	0.730197540067089	0.24930301900857255	1.3414185961043734	Lys acylation
46	2683	0.4219157659336564	0.9832277301528141	1132	2638	0.33989936638091683	0.007950482054976728	0.32777674245247856	0.35519940365262764	0.7402012672381661	0.020454104807927195	0.7020126723816623	0.7775251584047708	0.009900990099009901	0.009900990099009901	0.08201639955273954	1.241296123690992	0.2430264629146479	1.328324840379464	0.9832277301528141	0.7402012672381661	0.2430264629146479	1.328324840379464	Lys acylation
47	2683	0.4241520685799478	0.9921729407379799	1138	2662	0.342884830413716	0.007724816655350268	0.3309727916511368	0.35751024972046214	0.7484383153186732	0.02045121641851694	0.7096161013790533	0.7853335818114051	0.009900990099009901	0.009900990099009901	0.08126723816623183	1.2370103047958607	0.24373462541930668	1.3256575998725137	0.9921729407379799	0.7484383153186732	0.24373462541930668	1.3256575998725137	Lys acylation
48	2683	0.4256429370108088	0.9988818486768543	1142	2680	0.34640700708162503	0.008003030689181345	0.3335818114051435	0.3620573984345881	0.7563324636600821	0.02062293968369874	0.7188408497950056	0.7912970555348491	0.009900990099009901	0.009900990099009901	0.07923592992918377	1.2287365102591967	0.24254938501677215	1.3206914904102027	0.9988818486768543	0.7563324636600821	0.24254938501677215	1.3206914904102027	Lys acylation
49	2683	0.4286246738725307	1.0100633619083117	1150	2710	0.3499217294073798	0.007924556052780696	0.3367405888930302	0.36588706671636223	0.7658516585911292	0.02015887896902171	0.7297428251956765	0.8014163250093179	0.009900990099009901	0.009900990099009901	0.07870294446515091	1.2249158536065783	0.24421170331718245	1.3188759867236397	1.0100633619083117	0.7658516585911292	0.24421170331718245	1.3188759867236397	Lys acylation
50	2683	0.4308609765188222	1.015281401416325	1156	2724	0.35327618337681693	0.007690189224265678	0.33952664927320164	0.3674990682072307	0.7754453969437197	0.020063352777766035	0.7416697726425643	0.8110696980991428	0.009900990099009901	0.009900990099009901	0.07758479314200528	1.2196151249155978	0.23983600447260522	1.3092880625997345	1.015281401416325	0.7754453969437197	0.23983600447260522	1.3092880625997345	Lys acylation
51	2683	0.4330972791651137	1.019754006708908	1162	2736	0.35632128214685055	0.007649899694614287	0.3425270219903094	0.3689899366380917	0.785747297800969	0.020128447193439078	0.7532053671263511	0.826723816623183	0.009900990099009901	0.009900990099009901	0.07677599701826315	1.2154684574429138	0.23400670890793895	1.2978142076502734	1.019754006708908	0.785747297800969	0.23400670890793895	1.2978142076502734	Lys acylation
52	2683	0.43346999627282895	1.0294446515095044	1163	2762	0.35958255683935897	0.007605311174065946	0.34494036526276556	0.37349981364144613	0.7974207976146106	0.02010331813013774	0.7655236675363399	0.8367685426761088	0.009900990099009901	0.009900990099009901	0.07388743943346998	1.2054811559351548	0.23202385389489377	1.2909678987417503	1.0294446515095044	0.7974207976146106	0.23202385389489377	1.2909678987417503	Lys acylation
53	2683	0.4349608647036899	1.0354081252329481	1167	2778	0.3627841967946329	0.007500389557351683	0.349608647036899	0.37644427879239656	0.8045769660827433	0.020473096272645108	0.7718784942228848	0.8457882966828177	0.009900990099009901	0.009900990099009901	0.07217666790905697	1.1989520727384804	0.2308311591502048	1.2868975485018619	1.0354081252329481	0.8045769660827433	0.2308311591502048	1.2868975485018619	Lys acylation
54	2683	0.4375698844576966	1.0436079016026836	1174	2800	0.366332463660082	0.007388858210349674	0.35347558702944465	0.3797987327618338	0.8122474841595231	0.02067020826826846	0.7792955646664183	0.8535594483786806	0.009900990099009901	0.009900990099009901	0.07123742079761464	1.1944611189679206	0.2313604174431605	1.2848398080082228	1.0436079016026836	0.8122474841595231	0.2313604174431605	1.2848398080082228	Lys acylation
55	2683	0.43794260156541187	1.050316809541558	1175	2818	0.3690011181513231	0.007365043192697489	0.3555348490495714	0.38240775251584047	0.8222661200149086	0.0207386865971131	0.7889862094670146	0.8629705553484904	0.009900990099009901	0.009900990099009901	0.06894148341408879	1.1868327222407404	0.22805068952664942	1.2773441395378355	1.050316809541558	0.8222661200149086	0.22805068952664942	1.2773441395378355	Lys acylation
56	2683	0.4409243384271338	1.0607528885575848	1183	2846	0.3722661200149087	0.0073766255248116	0.3594576966082743	0.38576220648527765	0.8317927692881105	0.021036724331391924	0.7979686917629519	0.8759224748415952	0.009900990099009901	0.009900990099009901	0.06865821841222508	1.1844331641285955	0.22896011926947424	1.2752610117847378	1.0607528885575848	0.8317927692881105	0.22896011926947424	1.2752610117847378	Lys acylation
57	2683	0.4416697726425643	1.0644800596347372	1185	2856	0.3747670518076779	0.007245771010262599	0.36036153559448375	0.3883712262392844	0.8391576593365637	0.02085274808652451	0.8042862467387253	0.8807864330972791	0.009900990099009901	0.009900990099009901	0.06690272083488641	1.178518150174043	0.22532240029817352	1.2685102111518745	1.0644800596347372	0.8391576593365637	0.22532240029817352	1.2685102111518745	Lys acylation
58	2683	0.4439060752888558	1.0696980991427507	1191	2870	0.37743570629891915	0.007409068250683774	0.36393030190085723	0.3915486395825568	0.848557584793142	0.021121093192269076	0.8102124487513978	0.8908684308609764	0.009900990099009901	0.009900990099009901	0.06647036898993663	1.1761104418067267	0.22114051434960869	1.2606075513466979	1.0696980991427507	0.848557584793142	0.22114051434960869	1.2606075513466979	Lys acylation
59	2683	0.44651509504286246	1.079388743943347	1198	2896	0.3805180767797242	0.0074956885016355815	0.3659709280655982	0.3943346999627283	0.8587402161759224	0.021167489353994953	0.8184494968319046	0.9001677226984718	0.009900990099009901	0.009900990099009901	0.06599701826313825	1.1734399028336908	0.2206485277674245	1.2569444444444444	1.079388743943347	0.8587402161759224	0.2206485277674245	1.2569444444444444	Lys acylation
60	2683	0.45061498322773014	1.088333954528513	1209	2920	0.3829370108087962	0.007566106285201297	0.36803019008572496	0.39657100260901973	0.8675437942601567	0.021358787758180012	0.8244502422661201	0.9094670145359672	0.009900990099009901	0.009900990099009901	0.06767797241893392	1.17673395495513	0.22079016026835618	1.2545003050326082	1.088333954528513	0.8675437942601567	0.22079016026835618	1.2545003050326082	Lys acylation
61	2683	0.4509877003354454	1.0950428624673874	1210	2938	0.3853447633246365	0.007764922576472739	0.37008945210585165	0.3980618710398807	0.8773164368244503	0.021653699165717914	0.8310473350726798	0.9180954155795751	0.009900990099009901	0.009900990099009901	0.06564293701080887	1.170348589778311	0.2177264256429371	1.2481731978384258	1.0950428624673874	0.8773164368244503	0.2177264256429371	1.2481731978384258	Lys acylation
62	2683	0.4528512858740216	1.1017517704062616	1215	2956	0.38814386880357804	0.0076642670272762965	0.37213007827059263	0.4004938501677227	0.8860231084606783	0.02157431842406106	0.8456392098397316	0.9251211330600074	0.009900990099009901	0.009900990099009901	0.06470741707044358	1.1667098781436351	0.21572866194558327	1.243479724045095	1.1017517704062616	0.8860231084606783	0.21572866194558327	1.243479724045095	Lys acylation
63	2683	0.45471487141259787	1.1092061125605666	1220	2976	0.39073797987327624	0.007772706446807491	0.3741707044353336	0.40422102124487513	0.8941707044353336	0.02129134427484227	0.852981736861722	0.9333209094297428	0.009900990099009901	0.009900990099009901	0.06397689153932162	1.1637334859541182	0.21503540812523292	1.240485856960643	1.1092061125605666	0.8941707044353336	0.21503540812523292	1.240485856960643	Lys acylation
64	2683	0.45732389116660455	1.1166604547148715	1227	2996	0.39330972791651136	0.007875293052621954	0.3754845322400298	0.4066716362281029	0.9012821468505403	0.021660586569790762	0.8585538576220649	0.9407752515840477	0.009900990099009901	0.009900990099009901	0.06401416325009318	1.1627576403695807	0.2153783078643312	1.2389687941971932	1.1166604547148715	0.9012821468505403	0.2153783078643312	1.2389687941971932	Lys acylation
65	2683	0.4621692135669027	1.1256056653000373	1240	3020	0.3958591129332835	0.007851866859398707	0.3788576220648528	0.4094576966082743	0.9111516958628401	0.02166458712649501	0.8671077152441297	0.9500745434215431	0.009900990099009901	0.009900990099009901	0.0663101006336192	1.1675093447824576	0.2144539694371972	1.2353658237272052	1.1256056653000373	0.9111516958628401	0.2144539694371972	1.2353658237272052	Lys acylation
66	2683	0.46589638464405514	1.1382780469623557	1250	3054	0.39836004472605296	0.007787248136011984	0.3810752888557585	0.41151695862840104	0.9192992918374954	0.02154128358749099	0.8739284383153187	0.9571748043235184	0.009900990099009901	0.009900990099009901	0.06753633991800218	1.1695359281437123	0.2189787551248603	1.2382018098666927	1.1382780469623557	0.9192992918374954	0.2189787551248603	1.2382018098666927	Lys acylation
67	2683	0.4696235557212076	1.149459560193813	1260	3084	0.40052553112187844	0.0076958755582105555	0.38370294446515096	0.4135389489377562	0.9258292955646665	0.02186607031929433	0.8783637718971301	0.9635296310100634	0.009900990099009901	0.009900990099009901	0.06909802459932918	1.1725184020249209	0.22363026462914637	1.2415458937198067	1.149459560193813	0.9258292955646665	0.22363026462914637	1.2415458937198067	Lys acylation
68	2683	0.47111442415206856	1.1569139023481179	1264	3104	0.40304882594111063	0.007802509996897561	0.38592061125605664	0.41559821095788296	0.9337979873276185	0.021918038793418873	0.8846813268729035	0.9710212448751397	0.009900990099009901	0.009900990099009901	0.06806559821095792	1.168876805563262	0.22311591502049932	1.2389338144313435	1.1569139023481179	0.9337979873276185	0.22311591502049932	1.2389338144313435	Lys acylation
69	2683	0.4722325754752143	1.163622810286992	1267	3122	0.40544912411479694	0.00798570372342753	0.3892377935147223	0.4189713007827059	0.9425941110696979	0.02216094532248609	0.8906448005963474	0.9784010436079016	0.009900990099009901	0.009900990099009901	0.06678345136041736	1.1647147506021214	0.22102869921729418	1.2344897943044233	1.163622810286992	0.9425941110696979	0.22102869921729418	1.2344897943044233	Lys acylation
70	2683	0.4737234439060753	1.174058889303019	1271	3150	0.4076630637346254	0.008007767719550168	0.3920611256056653	0.4211703317182259	0.9521580320536713	0.02233034402882479	0.8995154677599702	0.9891912038762579	0.009900990099009901	0.009900990099009901	0.06606038017144988	1.1620465184318316	0.22190085724934772	1.233050449378386	1.174058889303019	0.9521580320536713	0.22190085724934772	1.233050449378386	Lys acylation
71	2683	0.4752143123369363	1.1792769288110325	1275	3164	0.4098397316436824	0.008003189365914858	0.39525717480432354	0.4234066343645173	0.9588147595974656	0.022465289848557043	0.9085352217666791	0.9970741707044353	0.009900990099009901	0.009900990099009901	0.06537458069325386	1.1595125500181884	0.22046216921356687	1.2299319727891156	1.1792769288110325	0.9588147595974656	0.22046216921356687	1.2299319727891156	Lys acylation
72	2683	0.47782333209094296	1.1867312709653373	1282	3184	0.41228102869921734	0.007952952587428664	0.3986116287737607	0.4260342899739098	0.9656056653000374	0.02247906335299455	0.9164927320163996	1.0033544539694372	0.009900990099009901	0.009900990099009901	0.06554230339172562	1.1589748225828322	0.22112560566529982	1.2290019762845847	1.1867312709653373	0.9656056653000374	0.22112560566529982	1.2290019762845847	Lys acylation
73	2683	0.48266865449124113	1.1971673499813642	1295	3212	0.41484532240029814	0.007863360267536606	0.4002981736861722	0.428447633246366	0.974521058516586	0.02233084673375509	0.9294446515095043	1.013473723443906	0.009900990099009901	0.009900990099009901	0.06782333209094299	1.1634906516446097	0.2226462914647782	1.2284673989535844	1.1971673499813642	0.974521058516586	0.2226462914647782	1.2284673989535844	Lys acylation
74	2683	0.48937756243011554	1.213566902720835	1313	3256	0.41736861721953034	0.007704459569738488	0.40324263883712264	0.4308609765188222	0.985068952664927	0.022239060006667206	0.9377189713007827	1.023518449496832	0.009900990099009901	0.009900990099009901	0.0720089452105852	1.1725308090730489	0.2284979500559079	1.2319613763460393	1.213566902720835	0.985068952664927	0.2284979500559079	1.2319613763460393	Lys acylation
75	2683	0.48937756243011554	1.2210212448751399	1313	3276	0.41952292210212455	0.007769601600382818	0.4049105478941484	0.4332929556466642	0.9950130450987702	0.022073188496222147	0.9458814759597466	1.0320723071188966	0.009900990099009901	0.009900990099009901	0.06985464032799099	1.1665097105492277	0.22600819977636966	1.2271409414073913	1.2210212448751399	0.9950130450987702	0.22600819977636966	1.2271409414073913	Lys acylation
76	2683	0.4927320163995527	1.2314573238911666	1322	3304	0.4216921356690272	0.007751849728450941	0.4067554975773388	0.43442974282519564	1.0028922847558703	0.02205056727703767	0.9545098770033544	1.041371598956392	0.009900990099009901	0.009900990099009901	0.07103988073052553	1.1684638500972246	0.22856503913529624	1.2279058704603902	1.2314573238911666	1.0028922847558703	0.22856503913529624	1.2279058704603902	Lys acylation
77	2683	0.4942228848304137	1.2389116660454715	1326	3324	0.42386880357808415	0.007711217268460095	0.40844204248975025	0.4361349235929929	1.0107342527021992	0.022181452509848987	0.9623555721207604	1.0503540812523295	0.009900990099009901	0.009900990099009901	0.07035408125232956	1.1659807956104256	0.22817741334327235	1.2257541116601518	1.2389116660454715	1.0107342527021992	0.22817741334327235	1.2257541116601518	Lys acylation
78	2683	0.49608647036898995	1.2418934029071935	1331	3332	0.42594483786805815	0.0075856498906321495	0.4110696980991428	0.4379985091315691	1.0189340290719346	0.021546072193556823	0.9723630264629146	1.0581997763697353	0.009900990099009901	0.009900990099009901	0.0701416325009318	1.164673042763014	0.22295937383525888	1.218816299656156	1.2418934029071935	1.0189340290719346	0.22295937383525888	1.218816299656156	Lys acylation
79	2683	0.4983227730152814	1.2493477450614983	1337	3352	0.4284271338054417	0.007451603686481639	0.4146384644055162	0.44058889303019005	1.0279836004472604	0.021689761503584155	0.9802087215803206	1.0649459560193812	0.009900990099009901	0.009900990099009901	0.06989563920983971	1.1631447536690822	0.2213641446142378	1.2153382062884326	1.2493477450614983	1.0279836004472604	0.2213641446142378	1.2153382062884326	Lys acylation
80	2683	0.4990682072307119	1.2538203503540812	1339	3364	0.4303466269101752	0.007403869531439832	0.41650204994409246	0.44282519567648154	1.036720089452106	0.021471077876775362	0.9861721953037644	1.0720089452105852	0.009900990099009901	0.009900990099009901	0.06872158032053666	1.1596889019764076	0.2171002609019752	1.2094106819293047	1.2538203503540812	1.036720089452106	0.2171002609019752	1.2094106819293047	Lys acylation
81	2683	0.5005590756615729	1.2582929556466642	1343	3376	0.4320163995527395	0.007157701683401459	0.4194465150950429	0.4442974282519568	1.0438911666045472	0.02106163116048559	0.9962169213566903	1.077189713007827	0.009900990099009901	0.009900990099009901	0.06854267610883336	1.158657579156242	0.21440178904211704	1.2053871092132136	1.2582929556466642	1.0438911666045472	0.21440178904211704	1.2053871092132136	Lys acylation
82	2683	0.5024226612001491	1.2642564293701082	1348	3392	0.4341371598956393	0.007202220698778748	0.4209560193812896	0.4457882966828177	1.0533283637718973	0.021248717549927833	1.0070443533358182	1.088725307491614	0.009900990099009901	0.009900990099009901	0.06828550130450983	1.157290155306965	0.21092806559821087	1.2002491083054971	1.2642564293701082	1.0533283637718973	0.21092806559821087	1.2002491083054971	Lys acylation
83	2683	0.5031680954155796	1.2709653373089824	1350	3410	0.4361237420797614	0.0072805038724939085	0.4241520685799478	0.4467294073797987	1.059679463287365	0.02131054437805647	1.0140700708162504	1.0946887812150579	0.009900990099009901	0.009900990099009901	0.06704435333581821	1.1537278227874066	0.21128587402161747	1.1993865893806803	1.2709653373089824	1.059679463287365	0.21128587402161747	1.1993865893806803	Lys acylation
84	2683	0.505404398061871	1.2799105478941484	1356	3434	0.438214685054044	0.007362261026604476	0.42601565411852405	0.4501024972046217	1.0678046962355572	0.021215540816040594	1.024152068579948	1.1036339918002236	0.009900990099009901	0.009900990099009901	0.067189713007827	1.1533260187287897	0.2121058516585912	1.1986373092442373	1.2799105478941484	1.0678046962355572	0.2121058516585912	1.1986373092442373	Lys acylation
85	2683	0.5057771151695862	1.2851285874021618	1357	3448	0.4402869921729408	0.007410786776791023	0.4278419679463287	0.4530469623555721	1.0768766306373463	0.02108583511895368	1.0335259038389861	1.1118710398807305	0.009900990099009901	0.009900990099009901	0.06549012299664542	1.1487441695096037	0.20825195676481556	1.193385157445159	1.2851285874021618	1.0768766306373463	0.20825195676481556	1.193385157445159	Lys acylation
86	2683	0.5076407007081625	1.2940737979873276	1362	3472	0.4420834886321281	0.007378451450965111	0.4297241893402907	0.45530190085724936	1.089019754006709	0.020847855421011027	1.0464405516213195	1.1230525531121878	0.009900990099009901	0.009900990099009901	0.06555721207603438	1.1482914738093435	0.20505404398061855	1.1882923089560002	1.2940737979873276	1.089019754006709	0.20505404398061855	1.1882923089560002	Lys acylation
87	2683	0.5087588520313082	1.3000372717107715	1365	3488	0.4438874394334701	0.007455542093868875	0.43178345136041746	0.45794819232202755	1.0959746552366754	0.020738719074651794	1.0535035408125233	1.1297241893402907	0.009900990099009901	0.009900990099009901	0.06487141259783813	1.1461438347537678	0.20406261647409618	1.1861928243496005	1.3000372717107715	1.0959746552366754	0.20406261647409618	1.1861928243496005	Lys acylation
88	2683	0.5106224375698845	1.3097279165113678	1370	3514	0.4459821095788296	0.007489882972082637	0.4329016026835632	0.4603615355944838	1.106574729780097	0.021033810542711178	1.0639396198285502	1.1379239657100262	0.009900990099009901	0.009900990099009901	0.06464032799105485	1.144939284789022	0.2031531867312708	1.1835874083006055	1.3097279165113678	1.106574729780097	0.2031531867312708	1.1835874083006055	Lys acylation
89	2683	0.5106224375698845	1.3127096533730898	1370	3522	0.4476332463660082	0.007283147725383055	0.43419679463287364	0.46167536339917997	1.1145434215430488	0.020773155891055183	1.071002609019754	1.145378307864331	0.009900990099009901	0.009900990099009901	0.06298919120387625	1.1407160699417151	0.198166231830041	1.177800369191257	1.3127096533730898	1.1145434215430488	0.198166231830041	1.177800369191257	Lys acylation
90	2683	0.5121133060007454	1.3194185613119642	1374	3540	0.44940737979873285	0.007365931930406695	0.4360603801714499	0.46300782705926197	1.1227431979127842	0.020959834010505867	1.0773201639955274	1.1535780842340664	0.009900990099009901	0.009900990099009901	0.0627059262020126	1.1395302547770698	0.19667536339918001	1.1751739523025442	1.3194185613119642	1.1227431979127842	0.19667536339918001	1.1751739523025442	Lys acylation
91	2683	0.5132314573238912	1.3231457323891167	1377	3550	0.4512150577711517	0.00733955278570314	0.43774692508386137	0.46465710026090196	1.1307789787551248	0.02133252558118859	1.085203130823705	1.162914647782333	0.009900990099009901	0.009900990099009901	0.06201639955273952	1.1374431071938942	0.19236675363399192	1.1701187917781852	1.3231457323891167	1.1307789787551248	0.19236675363399192	1.1701187917781852	Lys acylation
92	2683	0.5162131941856131	1.3335818114051434	1385	3578	0.4528512858740216	0.007074983961796706	0.43976891539321655	0.46595229221021245	1.1429817368617219	0.020820110395966623	1.0982295937383526	1.176798360044726	0.009900990099009901	0.009900990099009901	0.06336190831159144	1.1399176954732508	0.19060007454342154	1.1667568854308652	1.3335818114051434	1.1429817368617219	0.19060007454342154	1.1667568854308652	Lys acylation
93	2683	0.5165859112933283	1.3380544166977264	1386	3590	0.45435333581811405	0.0068234792672192904	0.4419679463287365	0.4672474841595229	1.152955646664182	0.020084344503672982	1.1093738352590383	1.1875139768915393	0.009900990099009901	0.009900990099009901	0.06223257547521427	1.1369695577631393	0.18509877003354447	1.1605428366382402	1.3380544166977264	1.152955646664182	0.18509877003354447	1.1605428366382402	Lys acylation
94	2683	0.5177040626164741	1.3410361535594484	1389	3598	0.4561461051062244	0.006891061840919734	0.4431233693626538	0.4693067461796496	1.1597614610510623	0.020628817618225256	1.1142005218039508	1.1942228848304137	0.009900990099009901	0.009900990099009901	0.06155795751024967	1.1349522813439665	0.18127469250838613	1.1563034284171692	1.3410361535594484	1.1597614610510623	0.18127469250838613	1.1563034284171692	Lys acylation
95	2683	0.5180767797241893	1.3462541930674619	1390	3612	0.45766679090570256	0.006993932471334959	0.4436917629519195	0.47093738352590386	1.1690793887439432	0.02096657054384162	1.1220462169213565	1.2013231457323892	0.009900990099009901	0.009900990099009901	0.06040998881848675	1.1319955697439572	0.17717480432351862	1.151550703937972	1.3462541930674619	1.1690793887439432	0.17717480432351862	1.151550703937972	Lys acylation
96	2683	0.5184494968319046	1.3537085352217666	1391	3632	0.4594111069698099	0.0069169310450471755	0.4468319045844204	0.4732482295937383	1.179903093551994	0.02033182908241041	1.1343645173313457	1.2113306000745434	0.009900990099009901	0.009900990099009901	0.05903838986209464	1.1285088430958947	0.17380544166977252	1.147304844456799	1.3537085352217666	1.179903093551994	0.17380544166977252	1.147304844456799	Lys acylation
97	2683	0.5184494968319046	1.3641446142377935	1391	3660	0.4610473350726798	0.006932229521933089	0.44849981364144614	0.47487886693999254	1.1929332836377189	0.02034180904350986	1.1486395825568394	1.2255311218784941	0.009900990099009901	0.009900990099009901	0.057402161759224746	1.1245038359243	0.17121133060007465	1.143521295740852	1.3641446142377935	1.1929332836377189	0.17121133060007465	1.143521295740852	Lys acylation
98	2683	0.5199403652627655	1.3715989563920985	1395	3680	0.4626462914647782	0.006840449560076312	0.4494595601938129	0.47617405888930303	1.2012076034289974	0.020455257305527306	1.1586470368989936	1.232202758106597	0.009900990099009901	0.009900990099009901	0.057294073797987344	1.1238399071925755	0.17039135296310115	1.1418500453016596	1.3715989563920985	1.2012076034289974	0.17039135296310115	1.1418500453016596	Lys acylation
99	2683	0.522176667909057	1.3820350354081252	1401	3708	0.46426761088333945	0.0069700112386011015	0.45077338799850913	0.47805628028326497	1.2085426761088334	0.020485265243255134	1.165821841222512	1.240831159150205	0.009900990099009901	0.009900990099009901	0.05790905702571758	1.1247320632932736	0.17349235929929185	1.1435550127678473	1.3820350354081252	1.2085426761088334	0.17349235929929185	1.1435550127678473	Lys acylation
100	2683	0.523667536339918	1.398434588147596	1405	3752	0.46578084234066336	0.006891871214347178	0.4522083488632128	0.4791744316064107	1.2189116660454715	0.020416221461542292	1.176108833395453	1.2520499440924338	0.009900990099009901	0.009900990099009901	0.05788669399925467	1.1242788211476449	0.1795229221021244	1.1472813224313068	1.398434588147596	1.2189116660454715	0.1795229221021244	1.1472813224313068	Lys acylation
1	234	0.017094017094017096	0.017094017094017096	4	4	0.02444444444444444	0.010291602692198433	0.008547008547008548	0.044978632478632444	0.024871794871794868	0.010872120110441807	0.008547008547008548	0.04722222222222215	0.8514851485148515	0.8514851485148515	-0.007350427350427343	0.6993006993006995	-0.007777777777777772	0.6872852233676978	0.017094017094017096	0.024871794871794868	-0.007777777777777772	0.6872852233676978	Lys methylation
2	234	0.021367521367521368	0.02564102564102564	5	6	0.035897435897435895	0.012208778813149624	0.008547008547008548	0.05555555555555555	0.03726495726495726	0.013825471671054941	0.008547008547008548	0.06431623931623925	0.8910891089108911	0.8910891089108911	-0.014529914529914527	0.5952380952380953	-0.011623931623931619	0.6880733944954129	0.02564102564102564	0.03726495726495726	-0.011623931623931619	0.6880733944954129	Lys methylation
3	234	0.038461538461538464	0.05128205128205128	9	12	0.06547008547008547	0.019004054655463017	0.02564102564102564	0.10705128205128198	0.067008547008547	0.019464416579148904	0.02564102564102564	0.1111111111111111	0.9405940594059405	0.8811881188118812	-0.027008547008547004	0.587467362924282	-0.015726495726495718	0.7653061224489797	0.05128205128205128	0.067008547008547	-0.015726495726495718	0.7653061224489797	Lys methylation
4	234	0.0641025641025641	0.07692307692307693	15	18	0.099017094017094	0.02036457373562757	0.05534188034188034	0.13675213675213677	0.10059829059829059	0.021001088345630622	0.05534188034188034	0.14123931623931618	0.9603960396039604	0.9306930693069307	-0.03491452991452991	0.6473888649115236	-0.023675213675213663	0.7646559048428209	0.07692307692307693	0.10059829059829059	-0.023675213675213663	0.7646559048428209	Lys methylation
5	234	0.10256410256410256	0.1282051282051282	24	30	0.12474358974358973	0.019576072449992158	0.0875	0.1623931623931624	0.1488034188034188	0.021970932586790094	0.1111111111111111	0.18803418803418803	0.8910891089108911	0.8910891089108911	-0.022179487179487173	0.8221993833504625	-0.020598290598290603	0.861573808156232	0.1282051282051282	0.1488034188034188	-0.020598290598290603	0.861573808156232	Lys methylation
6	234	0.1111111111111111	0.13675213675213677	26	32	0.12807692307692306	0.020076283578302573	0.09177350427350428	0.1623931623931624	0.1523076923076923	0.02231368026480966	0.1111111111111111	0.18803418803418803	0.8415841584158416	0.8118811881188119	-0.016965811965811955	0.8675342008675343	-0.015555555555555545	0.8978675645342312	0.13675213675213677	0.1523076923076923	-0.015555555555555545	0.8978675645342312	Lys methylation
7	234	0.12393162393162394	0.15384615384615385	29	36	0.14867521367521366	0.02127923572485143	0.10683760683760683	0.18600427350427348	0.17410256410256406	0.02354540286300995	0.13226495726495727	0.21367521367521367	0.8910891089108911	0.8415841584158416	-0.024743589743589728	0.8335728657660249	-0.0202564102564102	0.8836524300441829	0.15384615384615385	0.17410256410256406	-0.0202564102564102	0.8836524300441829	Lys methylation
8	234	0.1752136752136752	0.20512820512820512	41	48	0.1754700854700855	0.023484212043964323	0.13023504273504272	0.22019230769230766	0.20247863247863243	0.026662299830392606	0.15384615384615385	0.2523504273504273	0.504950495049505	0.48514851485148514	-0.00025641025641029436	0.9985387238188015	0.00264957264957269	1.0130856901646266	0.20512820512820512	0.20247863247863243	0.00264957264957269	1.0130856901646266	Lys methylation
9	234	0.19658119658119658	0.29914529914529914	46	70	0.18500000000000003	0.023931431222321994	0.1387820512820513	0.22446581196581192	0.2709401709401709	0.03294601389969018	0.21367521367521367	0.3247863247863248	0.297029702970297	0.26732673267326734	0.011581196581196551	1.0626010626010625	0.028205128205128216	1.1041009463722398	0.29914529914529914	0.2709401709401709	0.028205128205128216	1.1041009463722398	Lys methylation
10	234	0.19658119658119658	0.3162393162393162	46	74	0.19256410256410258	0.022975979981293165	0.14732905982905983	0.2330128205128205	0.30692307692307685	0.03214326781253422	0.2564102564102564	0.3634615384615384	0.46534653465346537	0.46534653465346537	0.004017094017093992	1.020861074123391	0.009316239316239372	1.0303536619326095	0.3162393162393162	0.30692307692307685	0.009316239316239372	1.0303536619326095	Lys methylation
11	234	0.2905982905982906	0.41025641025641024	68	96	0.2172222222222222	0.02448587202077471	0.16869658119658118	0.26495726495726496	0.33683760683760694	0.03648695966897106	0.269017094017094	0.4017094017094017	0.009900990099009901	0.0297029702970297	0.07337606837606842	1.3377926421404684	0.0734188034188033	1.2179649835067237	0.41025641025641024	0.33683760683760694	0.0734188034188033	1.2179649835067237	Lys methylation
12	234	0.29914529914529914	0.42735042735042733	70	100	0.22179487179487178	0.02410198853956084	0.17094017094017094	0.2694444444444444	0.3446153846153846	0.037282869124884564	0.2775641025641026	0.41025641025641024	0.009900990099009901	0.019801980198019802	0.07735042735042735	1.348747591522158	0.08273504273504273	1.2400793650793651	0.42735042735042733	0.3446153846153846	0.08273504273504273	1.2400793650793651	Lys methylation
13	234	0.29914529914529914	0.452991452991453	70	106	0.22517094017094016	0.024982884259246125	0.175	0.2757478632478632	0.3801709401709401	0.039429810179333946	0.32029914529914527	0.4444444444444444	0.009900990099009901	0.0297029702970297	0.07397435897435897	1.3285253368760677	0.07282051282051288	1.1915467625899283	0.452991452991453	0.3801709401709401	0.07282051282051288	1.1915467625899283	Lys methylation
14	234	0.31196581196581197	0.5384615384615384	73	126	0.250042735042735	0.02552923196073899	0.1986111111111111	0.2928418803418803	0.4603418803418804	0.042744020467671784	0.3886752136752137	0.5384615384615384	0.0297029702970297	0.04950495049504951	0.06192307692307697	1.247649974363357	0.07811965811965804	1.1696992202005196	0.5384615384615384	0.4603418803418804	0.07811965811965804	1.1696992202005196	Lys methylation
15	234	0.3247863247863248	0.5641025641025641	76	132	0.26508547008547007	0.024564099199682363	0.21794871794871795	0.30566239316239313	0.48264957264957276	0.04318087396039926	0.4017094017094017	0.5600427350427349	0.009900990099009901	0.039603960396039604	0.05970085470085473	1.225213606319523	0.08145299145299134	1.1687621746059853	0.5641025641025641	0.48264957264957276	0.08145299145299134	1.1687621746059853	Lys methylation
16	234	0.3333333333333333	0.5726495726495726	78	134	0.2676495726495726	0.024118476956553035	0.222008547008547	0.30566239316239313	0.48675213675213674	0.04317950686596319	0.41025641025641024	0.5685897435897435	0.009900990099009901	0.039603960396039604	0.0656837606837607	1.245409548139869	0.08589743589743587	1.1764705882352942	0.5726495726495726	0.48675213675213674	0.08589743589743587	1.1764705882352942	Lys methylation
17	234	0.3333333333333333	0.5726495726495726	78	134	0.27	0.023488610542539524	0.22852564102564102	0.30566239316239313	0.4922222222222222	0.04331123264251285	0.41025641025641024	0.5726495726495726	0.009900990099009901	0.04950495049504951	0.0633333333333333	1.2345679012345678	0.08042735042735039	1.1633964229901024	0.5726495726495726	0.4922222222222222	0.08042735042735039	1.1633964229901024	Lys methylation
18	234	0.3333333333333333	0.6239316239316239	78	146	0.2718803418803419	0.024019799080985643	0.22852564102564102	0.3099358974358974	0.5252136752136752	0.04400889996142388	0.4358974358974359	0.6068376068376068	0.009900990099009901	0.019801980198019802	0.061452991452991435	1.2260295504558314	0.0987179487179487	1.1879576891781936	0.6239316239316239	0.5252136752136752	0.0987179487179487	1.1879576891781936	Lys methylation
19	234	0.3547008547008547	0.6923076923076923	83	162	0.277051282051282	0.023399498051773902	0.2327991452991453	0.3162393162393162	0.5776923076923075	0.04598847719992428	0.48717948717948717	0.6626068376068375	0.009900990099009901	0.019801980198019802	0.07764957264957273	1.2802714792534324	0.11461538461538479	1.1984021304926769	0.6923076923076923	0.5776923076923075	0.11461538461538479	1.1984021304926769	Lys methylation
20	234	0.3547008547008547	0.717948717948718	83	168	0.2796581196581196	0.023417347678671815	0.23707264957264956	0.32072649572649564	0.5993162393162392	0.04667624458224374	0.5042735042735043	0.6797008547008546	0.009900990099009901	0.009900990099009901	0.07504273504273512	1.2683374083129588	0.11863247863247872	1.1979463776383346	0.717948717948718	0.5993162393162392	0.11863247863247872	1.1979463776383346	Lys methylation
21	234	0.358974358974359	0.7350427350427351	84	172	0.28525641025641024	0.024070395682867726	0.23707264957264956	0.32072649572649564	0.609059829059829	0.04730967103296861	0.5128205128205128	0.6967948717948717	0.009900990099009901	0.009900990099009901	0.07371794871794873	1.2584269662921348	0.12598290598290607	1.2068481616615214	0.7350427350427351	0.609059829059829	0.12598290598290607	1.2068481616615214	Lys methylation
22	234	0.358974358974359	0.7350427350427351	84	172	0.28756410256410253	0.024682768845898276	0.24134615384615385	0.3247863247863248	0.6292307692307691	0.04777776310572746	0.5299145299145299	0.717948717948718	0.009900990099009901	0.009900990099009901	0.07141025641025645	1.248328131966117	0.10581196581196595	1.1681608258625376	0.7350427350427351	0.6292307692307691	0.10581196581196595	1.1681608258625376	Lys methylation
23	234	0.358974358974359	0.7863247863247863	84	184	0.31961538461538463	0.020973620448257603	0.2777777777777778	0.3569444444444444	0.7078632478632477	0.04435969047144389	0.6153846153846154	0.7948717948717948	0.039603960396039604	0.0594059405940594	0.03935897435897434	1.1231448054552746	0.07846153846153858	1.110842791596233	0.7863247863247863	0.7078632478632477	0.07846153846153858	1.110842791596233	Lys methylation
24	234	0.358974358974359	0.7863247863247863	84	184	0.3217094017094017	0.020634763730814135	0.28205128205128205	0.3569444444444444	0.7135897435897435	0.04457731551318596	0.6239316239316239	0.7948717948717948	0.039603960396039604	0.0891089108910891	0.037264957264957266	1.1158342189160468	0.07273504273504283	1.1019283746556476	0.7863247863247863	0.7135897435897435	0.07273504273504283	1.1019283746556476	Lys methylation
25	234	0.358974358974359	0.7863247863247863	84	184	0.32628205128205123	0.021366442172522447	0.2863247863247863	0.36324786324786323	0.7218803418803419	0.04562320255518173	0.6365384615384615	0.8079059829059828	0.07920792079207921	0.10891089108910891	0.03269230769230774	1.100196463654224	0.06444444444444442	1.0892730286526167	0.7863247863247863	0.7218803418803419	0.06444444444444442	1.0892730286526167	Lys methylation
26	234	0.358974358974359	0.7863247863247863	84	184	0.32824786324786326	0.02174572482984009	0.29038461538461535	0.36324786324786323	0.7252136752136755	0.04655110877583142	0.6365384615384615	0.811965811965812	0.10891089108910891	0.1188118811881188	0.030726495726495717	1.0936076031766697	0.06111111111111078	1.084266352386564	0.7863247863247863	0.7252136752136755	0.06111111111111078	1.084266352386564	Lys methylation
27	234	0.358974358974359	0.8205128205128205	84	192	0.32965811965811964	0.021483927074159033	0.29262820512820514	0.36549145299145297	0.7604273504273504	0.04693125429703597	0.6621794871794872	0.855128205128205	0.10891089108910891	0.12871287128712872	0.029316239316239334	1.088929219600726	0.06008547008547005	1.0790153984489153	0.8205128205128205	0.7604273504273504	0.06008547008547005	1.0790153984489153	Lys methylation
28	234	0.36752136752136755	0.8803418803418803	86	206	0.34611111111111115	0.020834188348694417	0.3076923076923077	0.38258547008547006	0.8264102564102563	0.04938645978942388	0.7134615384615385	0.919017094017094	0.21782178217821782	0.13861386138613863	0.0214102564102564	1.0618594888257809	0.053931623931623984	1.0652601096287104	0.8803418803418803	0.8264102564102563	0.053931623931623984	1.0652601096287104	Lys methylation
29	234	0.36752136752136755	0.905982905982906	86	212	0.3484615384615384	0.021375462566464918	0.31196581196581197	0.3888888888888889	0.8487179487179486	0.05290393331926769	0.7264957264957265	0.9536324786324785	0.24752475247524752	0.15841584158415842	0.01905982905982917	1.0546970811871477	0.057264957264957395	1.0674723061430011	0.905982905982906	0.8487179487179486	0.057264957264957395	1.0674723061430011	Lys methylation
30	234	0.36752136752136755	0.905982905982906	86	212	0.3504273504273504	0.021560896543141576	0.31196581196581197	0.3888888888888889	0.8517094017094016	0.05265052286922082	0.7264957264957265	0.9536324786324785	0.24752475247524752	0.15841584158415842	0.017094017094017144	1.048780487804878	0.054273504273504414	1.063723030607125	0.905982905982906	0.8517094017094016	0.054273504273504414	1.063723030607125	Lys methylation
31	234	0.36752136752136755	0.905982905982906	86	212	0.35602564102564105	0.020306879754428506	0.32051282051282054	0.3911324786324786	0.8624786324786327	0.05211127047440221	0.7476495726495727	0.9626068376068372	0.32673267326732675	0.2376237623762376	0.0114957264957265	1.032289040931461	0.04350427350427333	1.0504409870181348	0.905982905982906	0.8624786324786327	0.04350427350427333	1.0504409870181348	Lys methylation
32	234	0.3717948717948718	0.9401709401709402	87	220	0.359102564102564	0.020250114588228174	0.3247863247863248	0.39316239316239315	0.8831623931623932	0.05348039270902887	0.7732905982905983	0.9797008547008543	0.33663366336633666	0.13861386138613863	0.01269230769230778	1.0353445198143523	0.05700854700854696	1.0645504693699797	0.9401709401709402	0.8831623931623932	0.05700854700854696	1.0645504693699797	Lys methylation
33	234	0.3717948717948718	0.9914529914529915	87	232	0.36141025641025626	0.01988980764891911	0.32905982905982906	0.39540598290598283	0.9186324786324787	0.05617772337172495	0.8070512820512821	1.026068376068376	0.3465346534653465	0.0891089108910891	0.010384615384615548	1.0287335934728632	0.07282051282051283	1.0792705619650167	0.9914529914529915	0.9186324786324787	0.07282051282051283	1.0792705619650167	Lys methylation
34	234	0.3717948717948718	0.9914529914529915	87	232	0.36183760683760674	0.02003581290763358	0.32905982905982906	0.39540598290598283	0.9198290598290599	0.05594475140339163	0.8070512820512821	1.026068376068376	0.3465346534653465	0.0891089108910891	0.009957264957265066	1.0275186016298574	0.07162393162393155	1.0778665675524994	0.9914529914529915	0.9198290598290599	0.07162393162393155	1.0778665675524994	Lys methylation
35	234	0.3717948717948718	1.0	87	234	0.3644871794871794	0.019722529601409113	0.32905982905982906	0.3974358974358974	0.9258974358974359	0.05630335020352979	0.8155982905982906	1.026068376068376	0.40594059405940597	0.09900990099009901	0.007307692307692404	1.0200492437565953	0.0741025641025641	1.0800332317917474	1.0	0.9258974358974359	0.0741025641025641	1.0800332317917474	Lys methylation
36	234	0.3717948717948718	1.0085470085470085	87	236	0.3694017094017093	0.019335475214765984	0.33760683760683763	0.4017094017094017	0.9452991452991454	0.05335531062205052	0.8416666666666667	1.043162393162393	0.5148514851485149	0.10891089108910891	0.002393162393162507	1.0064784821841744	0.06324786324786313	1.0669077757685352	1.0085470085470085	0.9452991452991454	0.06324786324786313	1.0669077757685352	Lys methylation
37	234	0.3717948717948718	1.0341880341880343	87	242	0.37123931623931616	0.019386307795967343	0.33760683760683763	0.405982905982906	0.9637606837606836	0.05469545859596928	0.8547008547008547	1.0643162393162393	0.5247524752475248	0.09900990099009901	0.0005555555555556424	1.0014964890065619	0.07042735042735071	1.0730755587087624	1.0341880341880343	0.9637606837606836	0.07042735042735071	1.0730755587087624	Lys methylation
38	234	0.3717948717948718	1.0598290598290598	87	248	0.37273504273504265	0.01919433078370538	0.33963675213675215	0.405982905982906	0.9831623931623932	0.05742451622745141	0.8673076923076923	1.0858974358974358	0.5544554455445545	0.0891089108910891	-0.000940170940170848	0.9974776427424905	0.07666666666666666	1.0779796574806573	1.0598290598290598	0.9831623931623932	0.07666666666666666	1.0779796574806573	Lys methylation
39	234	0.3717948717948718	1.0598290598290598	87	248	0.38299145299145293	0.02017093285454734	0.34615384615384615	0.4188034188034188	1.013162393162393	0.059220645678734724	0.905982905982906	1.1326923076923077	0.6534653465346535	0.24752475247524752	-0.011196581196581123	0.9707654541397012	0.046666666666666856	1.0460604015522188	1.0598290598290598	1.013162393162393	0.046666666666666856	1.0460604015522188	Lys methylation
40	234	0.3717948717948718	1.0598290598290598	87	248	0.38401709401709394	0.02049068563142716	0.34818376068376067	0.4210470085470085	1.0165811965811966	0.060775193068261756	0.905982905982906	1.137179487179487	0.6732673267326733	0.31683168316831684	-0.012222222222222134	0.9681727131092813	0.04324786324786323	1.0425424583823777	1.0598290598290598	1.0165811965811966	0.04324786324786323	1.0425424583823777	Lys methylation
41	234	0.3717948717948718	1.0940170940170941	87	256	0.38508547008547	0.020408369930624295	0.34818376068376067	0.4210470085470085	1.0372649572649573	0.06402360672970821	0.9185897435897435	1.1623931623931625	0.7029702970297029	0.22772277227722773	-0.013290598290598199	0.9654866274553326	0.05675213675213686	1.0547132498352012	1.0940170940170941	1.0372649572649573	0.05675213675213686	1.0547132498352012	Lys methylation
42	234	0.3717948717948718	1.1025641025641026	87	258	0.39230769230769225	0.019121342048901216	0.358974358974359	0.42735042735042733	1.0993162393162392	0.06558649602725106	0.9784188034188034	1.2222222222222223	0.8712871287128713	0.5148514851485149	-0.02051282051282044	0.9477124183006538	0.003247863247863414	1.0029544394339918	1.1025641025641026	1.0993162393162392	0.003247863247863414	1.0029544394339918	Lys methylation
43	234	0.39316239316239315	1.1623931623931625	92	272	0.39662393162393156	0.019434207444579785	0.3610042735042735	0.4338675213675213	1.1336752136752135	0.06270772296259135	1.0256410256410255	1.2478632478632479	0.6039603960396039	0.3564356435643564	-0.003461538461538405	0.9912724921883419	0.02871794871794897	1.0253317249698435	1.1623931623931625	1.1336752136752135	0.02871794871794897	1.0253317249698435	Lys methylation
44	234	0.39316239316239315	1.1623931623931625	92	272	0.3971794871794871	0.01947332334837239	0.3610042735042735	0.4338675213675213	1.135213675213675	0.06288233999727914	1.0256410256410255	1.2478632478632479	0.6237623762376238	0.3564356435643564	-0.004017094017093936	0.9898859479233917	0.027179487179487483	1.0239421773829245	1.1623931623931625	1.135213675213675	0.027179487179487483	1.0239421773829245	Lys methylation
45	234	0.39316239316239315	1.170940170940171	92	274	0.3984615384615385	0.01921872674446843	0.36324786324786323	0.4338675213675213	1.1388034188034188	0.0625734334258975	1.0297008547008546	1.2478632478632479	0.6435643564356436	0.32673267326732675	-0.005299145299145325	0.9867009867009866	0.032136752136752156	1.0282197538276794	1.170940170940171	1.1388034188034188	0.032136752136752156	1.0282197538276794	Lys methylation
46	234	0.39316239316239315	1.1965811965811965	92	280	0.3992307692307693	0.019419821457689918	0.36324786324786323	0.43611111111111106	1.1576068376068374	0.06374408382628446	1.0382478632478633	1.2735042735042734	0.6633663366336634	0.27722772277227725	-0.0060683760683761245	0.9847998287304645	0.03897435897435919	1.0336680448907267	1.1965811965811965	1.1576068376068374	0.03897435897435919	1.0336680448907267	Lys methylation
47	234	0.39316239316239315	1.2222222222222223	92	286	0.4005128205128205	0.019878906823099646	0.36527777777777776	0.44017094017094016	1.175042735042735	0.06570676799321667	1.0423076923076924	1.2865384615384616	0.6633663366336634	0.24752475247524752	-0.0073504273504273465	0.9816474605207	0.04717948717948728	1.0401512947337797	1.2222222222222223	1.175042735042735	0.04717948717948728	1.0401512947337797	Lys methylation
48	234	0.39316239316239315	1.2307692307692308	92	288	0.4016666666666666	0.020150024567455842	0.36527777777777776	0.44017094017094016	1.1787179487179487	0.06514980982536477	1.0463675213675214	1.2905982905982907	0.6633663366336634	0.22772277227722773	-0.008504273504273463	0.9788275348441324	0.05205128205128218	1.0441592342832282	1.2307692307692308	1.1787179487179487	0.05205128205128218	1.0441592342832282	Lys methylation
49	234	0.39316239316239315	1.2478632478632479	92	292	0.4043162393162394	0.020399328836687682	0.36527777777777776	0.44241452991452984	1.1865811965811965	0.06613854976200458	1.05491452991453	1.3040598290598289	0.7128712871287128	0.19801980198019803	-0.011153846153846236	0.9724130641581227	0.06128205128205133	1.051645897860693	1.2478632478632479	1.1865811965811965	0.06128205128205133	1.051645897860693	Lys methylation
50	234	0.4017094017094017	1.2564102564102564	94	294	0.405940170940171	0.020665271003036088	0.36527777777777776	0.4444444444444444	1.2068376068376068	0.06710156397011378	1.0764957264957264	1.3247863247863247	0.6336633663366337	0.24752475247524752	-0.00423076923076926	0.9895778503000315	0.04957264957264962	1.0410764872521248	1.2564102564102564	1.2068376068376068	0.04957264957264962	1.0410764872521248	Lys methylation
51	234	0.44871794871794873	1.3504273504273505	105	316	0.41521367521367514	0.020014302620981285	0.3780982905982906	0.44871794871794873	1.249059829059829	0.06646091991345993	1.1196581196581197	1.3764957264957263	0.0594059405940594	0.0594059405940594	0.033504273504273596	1.0806916426512971	0.10136752136752158	1.0811550567948545	1.3504273504273505	1.249059829059829	0.10136752136752158	1.0811550567948545	Lys methylation
52	234	0.44871794871794873	1.4017094017094016	105	328	0.41696581196581195	0.020101995218945796	0.3803418803418803	0.44871794871794873	1.2868376068376068	0.06989506735726062	1.1579059829059828	1.4111111111111108	0.06930693069306931	0.039603960396039604	0.031752136752136784	1.0761504560828123	0.11487179487179477	1.0892667375132836	1.4017094017094016	1.2868376068376068	0.11487179487179477	1.0892667375132836	Lys methylation
53	234	0.44871794871794873	1.4017094017094016	105	328	0.41837606837606833	0.020232297223530808	0.3803418803418803	0.4509615384615384	1.2903418803418802	0.06859645696209907	1.1619658119658118	1.4111111111111108	0.06930693069306931	0.039603960396039604	0.0303418803418804	1.0725229826353424	0.11136752136752137	1.0863085381201563	1.4017094017094016	1.2903418803418802	0.11136752136752137	1.0863085381201563	Lys methylation
54	234	0.44871794871794873	1.4017094017094016	105	328	0.4197008547008547	0.020357688088115854	0.3803418803418803	0.4509615384615384	1.2923931623931622	0.06864850112652644	1.1619658119658118	1.41517094017094	0.07920792079207921	0.04950495049504951	0.029017094017094014	1.0691375623663577	0.10931623931623946	1.084584352886714	1.4017094017094016	1.2923931623931622	0.10931623931623946	1.084584352886714	Lys methylation
55	234	0.44871794871794873	1.4273504273504274	105	334	0.42123931623931626	0.01993612749508945	0.38440170940170937	0.452991452991453	1.310940170940171	0.06965670282225281	1.1786324786324787	1.4408119658119656	0.07920792079207921	0.04950495049504951	0.02747863247863247	1.0652328294612965	0.11641025641025649	1.0887990611553007	1.4273504273504274	1.310940170940171	0.11641025641025649	1.0887990611553007	Lys methylation
56	234	0.44871794871794873	1.4615384615384615	105	342	0.42256410256410254	0.019656805844786827	0.38440170940170937	0.452991452991453	1.3321367521367522	0.06928750221469328	1.2042735042735042	1.462393162393162	0.09900990099009901	0.039603960396039604	0.026153846153846194	1.0618932038834952	0.12940170940170925	1.0971384575901448	1.4615384615384615	1.3321367521367522	0.12940170940170925	1.0971384575901448	Lys methylation
57	234	0.44871794871794873	1.4615384615384615	105	342	0.423974358974359	0.019046863022243826	0.38440170940170937	0.452991452991453	1.3350427350427352	0.06891353984629725	1.2087606837606837	1.4668803418803416	0.13861386138613863	0.039603960396039604	0.024743589743589756	1.058361052313275	0.12649572649572627	1.0947503201024327	1.4615384615384615	1.3350427350427352	0.12649572649572627	1.0947503201024327	Lys methylation
58	234	0.44871794871794873	1.4871794871794872	105	348	0.4260256410256411	0.019405709991785508	0.3888888888888889	0.459508547008547	1.3540170940170941	0.0681618417358913	1.2217948717948717	1.4749999999999999	0.16831683168316833	0.039603960396039604	0.022692307692307623	1.053265121877821	0.1331623931623931	1.098346168413079	1.4871794871794872	1.3540170940170941	0.1331623931623931	1.098346168413079	Lys methylation
59	234	0.44871794871794873	1.4871794871794872	105	348	0.4306410256410257	0.019100636954583458	0.39294871794871794	0.459508547008547	1.3811111111111116	0.06771561152417885	1.2564102564102564	1.5051282051282049	0.26732673267326734	0.0594059405940594	0.018076923076923046	1.0419767788032153	0.1060683760683756	1.0767993068878021	1.4871794871794872	1.3811111111111116	0.1060683760683756	1.0767993068878021	Lys methylation
60	234	0.44871794871794873	1.5213675213675213	105	356	0.4328632478632479	0.01898866276389063	0.3974358974358974	0.46378205128205124	1.4023931623931625	0.07066529576052913	1.277136752136752	1.53525641025641	0.297029702970297	0.039603960396039604	0.01585470085470081	1.0366275051831375	0.11897435897435882	1.0848366650414432	1.5213675213675213	1.4023931623931625	0.11897435897435882	1.0848366650414432	Lys methylation
61	234	0.4658119658119658	1.564102564102564	109	366	0.4343162393162393	0.018698495850459323	0.3974358974358974	0.4658119658119658	1.4247008547008548	0.07155783442455631	1.3032051282051282	1.5649572649572647	0.04950495049504951	0.039603960396039604	0.03149572649572652	1.0725179572960741	0.13940170940170926	1.0978463015177875	1.564102564102564	1.4247008547008548	0.13940170940170926	1.0978463015177875	Lys methylation
62	234	0.4658119658119658	1.6581196581196582	109	388	0.4395726495726495	0.018353618011723232	0.40373931623931625	0.4680555555555555	1.4510256410256408	0.06944531109374946	1.3288461538461538	1.586111111111111	0.10891089108910891	0.019801980198019802	0.0262393162393163	1.0596927863114916	0.20709401709401742	1.1427225069211289	1.6581196581196582	1.4510256410256408	0.20709401709401742	1.1427225069211289	Lys methylation
63	234	0.4658119658119658	1.6752136752136753	109	392	0.44252136752136756	0.017930156944188598	0.4080128205128205	0.4700854700854701	1.4605128205128204	0.07107759920681878	1.3373931623931623	1.59017094017094	0.1485148514851485	0.019801980198019802	0.023290598290598263	1.0526315789473684	0.21470085470085487	1.1470037453183521	1.6752136752136753	1.4605128205128204	0.21470085470085487	1.1470037453183521	Lys methylation
64	234	0.4658119658119658	1.6752136752136753	109	392	0.44337606837606847	0.017671074446561873	0.41025641025641024	0.4700854700854701	1.4618803418803419	0.07127084776051426	1.3373931623931623	1.5942307692307691	0.16831683168316833	0.019801980198019802	0.022435897435897356	1.050602409638554	0.21333333333333337	1.145930776426567	1.6752136752136753	1.4618803418803419	0.21333333333333337	1.145930776426567	Lys methylation
65	234	0.4658119658119658	1.6752136752136753	109	392	0.4463247863247863	0.01791929936583064	0.41025641025641024	0.47435897435897434	1.5126495726495726	0.07042786172050415	1.380128205128205	1.646367521367521	0.21782178217821782	0.019801980198019802	0.01948717948717954	1.0436614324013789	0.1625641025641027	1.1074697705955476	1.6752136752136753	1.5126495726495726	0.1625641025641027	1.1074697705955476	Lys methylation
66	234	0.4658119658119658	1.7094017094017093	109	400	0.44760683760683756	0.018116896868768006	0.41228632478632476	0.4766025641025641	1.5315384615384615	0.07061322281938055	1.393162393162393	1.663034188034188	0.22772277227722773	0.019801980198019802	0.018205128205128263	1.0406721405384765	0.1778632478632478	1.1161337128187956	1.7094017094017093	1.5315384615384615	0.1778632478632478	1.1161337128187956	Lys methylation
67	234	0.47863247863247865	1.7264957264957266	112	404	0.4494871794871795	0.017744050847886064	0.4165598290598291	0.48087606837606833	1.5350427350427354	0.07114732871921269	1.4017094017094016	1.6715811965811964	0.0594059405940594	0.019801980198019802	0.029145299145299175	1.0648412245674084	0.19145299145299122	1.1247216035634742	1.7264957264957266	1.5350427350427354	0.19145299145299122	1.1247216035634742	Lys methylation
68	234	0.47863247863247865	1.7264957264957266	112	404	0.45098290598290597	0.018297598430023047	0.4165598290598291	0.48087606837606833	1.5376923076923077	0.07122087529728262	1.4057692307692307	1.6715811965811964	0.07920792079207921	0.019801980198019802	0.027649572649572685	1.0613095802141572	0.1888034188034189	1.1227836140292369	1.7264957264957266	1.5376923076923077	0.1888034188034189	1.1227836140292369	Lys methylation
69	234	0.47863247863247865	1.735042735042735	112	406	0.4522222222222222	0.01777521249397718	0.4165598290598291	0.48087606837606833	1.5414529914529913	0.07084982737904912	1.4143162393162394	1.6756410256410255	0.10891089108910891	0.019801980198019802	0.02641025641025646	1.0584010584010586	0.1935897435897438	1.1255891322428613	1.735042735042735	1.5414529914529913	0.1935897435897438	1.1255891322428613	Lys methylation
70	234	0.48717948717948717	1.7777777777777777	114	416	0.4548717948717949	0.017764208290657845	0.4230769230769231	0.4851495726495726	1.5694871794871796	0.06917702980128679	1.4444444444444444	1.7057692307692305	0.039603960396039604	0.019801980198019802	0.03230769230769226	1.0710259301014655	0.20829059829059804	1.132712519740783	1.7777777777777777	1.5694871794871796	0.20829059829059804	1.132712519740783	Lys methylation
71	234	0.49572649572649574	1.794871794871795	116	420	0.455982905982906	0.017472922247172007	0.4230769230769231	0.4851495726495726	1.5727350427350428	0.06875805198974663	1.4444444444444444	1.7143162393162392	0.019801980198019802	0.009900990099009901	0.03974358974358977	1.0871602624179943	0.2221367521367521	1.1412423237867506	1.794871794871795	1.5727350427350428	0.2221367521367521	1.1412423237867506	Lys methylation
72	234	0.5042735042735043	1.8034188034188035	118	422	0.45692307692307693	0.01715520431361212	0.4251068376068376	0.4851495726495726	1.574017094017094	0.06919905308639064	1.4444444444444444	1.7188034188034185	0.009900990099009901	0.009900990099009901	0.04735042735042733	1.103628881406659	0.22940170940170934	1.1457428323197218	1.8034188034188035	1.574017094017094	0.22940170940170934	1.1457428323197218	Lys methylation
73	234	0.5042735042735043	1.8034188034188035	118	422	0.4572222222222222	0.017001986138603816	0.42735042735042733	0.4851495726495726	1.582905982905983	0.06949995788835747	1.4444444444444444	1.7188034188034185	0.009900990099009901	0.009900990099009901	0.04705128205128206	1.1029068137209086	0.2205128205128204	1.1393088552915767	1.8034188034188035	1.582905982905983	0.2205128205128204	1.1393088552915767	Lys methylation
74	234	0.5042735042735043	1.811965811965812	118	424	0.45901709401709406	0.016356071422085967	0.42938034188034185	0.4873931623931623	1.5877777777777777	0.06950903497112483	1.4444444444444444	1.7228632478632477	0.009900990099009901	0.009900990099009901	0.045256410256410196	1.098594171864817	0.22418803418803424	1.1411961027076494	1.811965811965812	1.5877777777777777	0.22418803418803424	1.1411961027076494	Lys methylation
75	234	0.5128205128205128	1.8461538461538463	120	432	0.4603418803418804	0.01612875114238442	0.42938034188034185	0.4873931623931623	1.606239316239316	0.06965114113184416	1.4655982905982905	1.7440170940170938	0.009900990099009901	0.009900990099009901	0.05247863247863238	1.1139992573338282	0.23991452991453022	1.1493641249401374	1.8461538461538463	1.606239316239316	0.23991452991453022	1.1493641249401374	Lys methylation
76	234	0.5128205128205128	1.8461538461538463	120	432	0.4609401709401709	0.015944006298055067	0.42938034188034185	0.48942307692307685	1.6084615384615384	0.06951795165262259	1.4700854700854702	1.7440170940170938	0.009900990099009901	0.009900990099009901	0.05188034188034185	1.1125533098460967	0.23769230769230787	1.1477761836441895	1.8461538461538463	1.6084615384615384	0.23769230769230787	1.1477761836441895	Lys methylation
77	234	0.5128205128205128	1.8547008547008548	120	434	0.4617948717948718	0.016033998799051284	0.42938034188034185	0.49369658119658116	1.6145299145299148	0.07012883394939476	1.4741452991452992	1.748076923076923	0.009900990099009901	0.009900990099009901	0.051025641025641	1.110494169905608	0.24017094017093998	1.1487559555320275	1.8547008547008548	1.6145299145299148	0.24017094017093998	1.1487559555320275	Lys methylation
78	234	0.5128205128205128	1.8547008547008548	120	434	0.4623504273504273	0.016078519339784055	0.42938034188034185	0.49369658119658116	1.6344444444444446	0.06890127865560736	1.4957264957264957	1.7566239316239316	0.009900990099009901	0.009900990099009901	0.05047008547008547	1.109159811442832	0.22025641025641018	1.134759190503582	1.8547008547008548	1.6344444444444446	0.22025641025641018	1.134759190503582	Lys methylation
79	234	0.5128205128205128	1.8547008547008548	120	434	0.46363247863247864	0.01623607841329676	0.42938034188034185	0.49369658119658116	1.656153846153846	0.06789799849687611	1.5254273504273503	1.7737179487179486	0.009900990099009901	0.009900990099009901	0.049188034188034135	1.106092727440317	0.19854700854700869	1.1198843990297778	1.8547008547008548	1.656153846153846	0.19854700854700869	1.1198843990297778	Lys methylation
80	234	0.5128205128205128	1.8547008547008548	120	434	0.4644871794871795	0.01611290237274111	0.43162393162393164	0.49369658119658116	1.6594017094017093	0.06741287180677015	1.5299145299145298	1.7737179487179486	0.009900990099009901	0.009900990099009901	0.048333333333333284	1.1040574109853711	0.1952991452991455	1.1176925057944889	1.8547008547008548	1.6594017094017093	0.1952991452991455	1.1176925057944889	Lys methylation
81	234	0.5170940170940171	1.8632478632478633	121	436	0.46658119658119657	0.016051936756014507	0.4358974358974359	0.49369658119658116	1.6681196581196582	0.06865666976690532	1.5384615384615385	1.7777777777777777	0.009900990099009901	0.019801980198019802	0.05051282051282058	1.1082615863711305	0.19512820512820506	1.1169749449198134	1.8632478632478633	1.6681196581196582	0.19512820512820506	1.1169749449198134	Lys methylation
82	234	0.5170940170940171	1.8632478632478633	121	436	0.46760683760683763	0.015887908516888608	0.4358974358974359	0.49572649572649574	1.6716239316239319	0.06855045533827732	1.5425213675213676	1.7867521367521366	0.009900990099009901	0.019801980198019802	0.04948717948717951	1.1058307439225006	0.19162393162393143	1.1146333980979648	1.8632478632478633	1.6716239316239319	0.19162393162393143	1.1146333980979648	Lys methylation
83	234	0.5170940170940171	1.8632478632478633	121	436	0.4692307692307692	0.015545410442292278	0.4379273504273504	0.4979700854700854	1.6768376068376072	0.06770035409923131	1.5425213675213676	1.794871794871795	0.009900990099009901	0.019801980198019802	0.04786324786324797	1.1020036429872497	0.1864102564102561	1.1111677455527802	1.8632478632478633	1.6768376068376072	0.1864102564102561	1.1111677455527802	Lys methylation
84	234	0.5170940170940171	1.8632478632478633	121	436	0.46995726495726503	0.015867867052022384	0.44017094017094016	0.4979700854700854	1.6790598290598293	0.06833693734810876	1.5425213675213676	1.794871794871795	0.009900990099009901	0.019801980198019802	0.047136752136752114	1.100300081840502	0.18418803418803398	1.1096971239501143	1.8632478632478633	1.6790598290598293	0.18418803418803398	1.1096971239501143	Lys methylation
85	234	0.5170940170940171	1.8717948717948718	121	438	0.4710683760683761	0.01584925521278619	0.4422008547008547	0.5	1.6982905982905983	0.06643293533831982	1.5681623931623931	1.807905982905983	0.009900990099009901	0.019801980198019802	0.04602564102564105	1.0977047990565183	0.17350427350427355	1.1021640664318069	1.8717948717948718	1.6982905982905983	0.17350427350427355	1.1021640664318069	Lys methylation
86	234	0.5170940170940171	1.8974358974358974	121	444	0.4714102564102564	0.016078519339784044	0.4422008547008547	0.5044871794871794	1.7156410256410257	0.06569974881626012	1.5938034188034187	1.825	0.009900990099009901	0.019801980198019802	0.04568376068376073	1.0969087118121659	0.18179487179487164	1.1059632341951875	1.8974358974358974	1.7156410256410257	0.18179487179487164	1.1059632341951875	Lys methylation
87	234	0.5170940170940171	1.9059829059829059	121	446	0.47235042735042737	0.01640517229295647	0.4422008547008547	0.5085470085470085	1.718803418803419	0.06549327417173183	1.5978632478632477	1.825	0.009900990099009901	0.019801980198019802	0.04474358974358977	1.0947254139147744	0.18717948717948696	1.1089010442565885	1.9059829059829059	1.718803418803419	0.18717948717948696	1.1089010442565885	Lys methylation
88	234	0.5170940170940171	1.9059829059829059	121	446	0.4730769230769231	0.01678363645431536	0.44647435897435894	0.5085470085470085	1.736324786324787	0.06522089887280799	1.6059829059829058	1.8335470085470085	0.0297029702970297	0.019801980198019802	0.04401709401709403	1.0930442637759712	0.16965811965811883	1.0977110509475752	1.9059829059829059	1.736324786324787	0.16965811965811883	1.0977110509475752	Lys methylation
89	234	0.5170940170940171	1.9059829059829059	121	446	0.47380341880341886	0.017079496120219227	0.44647435897435894	0.5085470085470085	1.7394871794871802	0.06543669094076167	1.6104700854700855	1.842094017094017	0.0297029702970297	0.019801980198019802	0.04329059829059828	1.0913682691440425	0.16649572649572564	1.095715408805031	1.9059829059829059	1.7394871794871802	0.16649572649572564	1.095715408805031	Lys methylation
90	234	0.5170940170940171	1.9059829059829059	121	446	0.47465811965811966	0.017289896876016033	0.44647435897435894	0.5085470085470085	1.7447008547008553	0.06519011822898299	1.614957264957265	1.8506410256410257	0.0297029702970297	0.019801980198019802	0.042435897435897485	1.0894030791392817	0.16128205128205053	1.0924410914613232	1.9059829059829059	1.7447008547008553	0.16128205128205053	1.0924410914613232	Lys methylation
91	234	0.5170940170940171	1.9059829059829059	121	446	0.47495726495726504	0.017319372688727516	0.44647435897435894	0.5085470085470085	1.747692307692308	0.0653689973272296	1.614957264957265	1.8591880341880342	0.0297029702970297	0.019801980198019802	0.04213675213675211	1.0887169335972646	0.15829059829059777	1.0905712050078245	1.9059829059829059	1.747692307692308	0.15829059829059777	1.0905712050078245	Lys methylation
92	234	0.5170940170940171	1.9059829059829059	121	446	0.47555555555555556	0.017266675300006473	0.44647435897435894	0.5085470085470085	1.7652991452991458	0.06328052151558805	1.6365384615384615	1.8762820512820513	0.0297029702970297	0.0297029702970297	0.04153846153846158	1.0873472322070454	0.1406837606837601	1.0796940060036793	1.9059829059829059	1.7652991452991458	0.1406837606837601	1.0796940060036793	Lys methylation
93	234	0.5170940170940171	1.9059829059829059	121	446	0.47662393162393163	0.017163536010278944	0.44647435897435894	0.5085470085470085	1.7684615384615388	0.06274977649645426	1.6365384615384615	1.8762820512820513	0.0297029702970297	0.0297029702970297	0.040470085470085515	1.0849098897157716	0.13752136752136712	1.0777632787202163	1.9059829059829059	1.7684615384615388	0.13752136752136712	1.0777632787202163	Lys methylation
94	234	0.5170940170940171	1.9059829059829059	121	446	0.47880341880341876	0.016886856610736262	0.44871794871794873	0.5107905982905983	1.7719658119658122	0.061512076225951444	1.64508547008547	1.8762820512820513	0.0297029702970297	0.0297029702970297	0.03829059829059839	1.0799714387718673	0.13401709401709372	1.0756318734323749	1.9059829059829059	1.7719658119658122	0.13401709401709372	1.0756318734323749	Lys methylation
95	234	0.5170940170940171	1.9316239316239316	121	452	0.4801709401709401	0.01691523533416212	0.44871794871794873	0.513034188034188	1.7903418803418807	0.06050304258500282	1.6621794871794873	1.8978632478632476	0.039603960396039604	0.019801980198019802	0.03692307692307706	1.0768956924172306	0.14128205128205096	1.0789134482264762	1.9316239316239316	1.7903418803418807	0.14128205128205096	1.0789134482264762	Lys methylation
96	234	0.5170940170940171	1.9316239316239316	121	452	0.48064102564102557	0.017055717692235087	0.44871794871794873	0.5150641025641025	1.7931623931623937	0.06081379028337634	1.6666666666666667	1.8978632478632476	0.039603960396039604	0.019801980198019802	0.03645299145299158	1.0758424468747225	0.13846153846153797	1.0772163965681598	1.9316239316239316	1.7931623931623937	0.13846153846153797	1.0772163965681598	Lys methylation
97	234	0.5170940170940171	1.9316239316239316	121	452	0.48111111111111104	0.01684595106433147	0.44871794871794873	0.5150641025641025	1.8110256410256413	0.0587009616998935	1.6963675213675213	1.9230769230769231	0.039603960396039604	0.0297029702970297	0.0359829059829061	1.0747912595487656	0.1205982905982903	1.0665911557883805	1.9316239316239316	1.8110256410256413	0.1205982905982903	1.0665911557883805	Lys methylation
98	234	0.5170940170940171	1.9316239316239316	121	452	0.4816239316239315	0.016706520552328623	0.44871794871794873	0.5150641025641025	1.8146153846153847	0.058773824592342636	1.7008547008547008	1.9275641025641026	0.039603960396039604	0.039603960396039604	0.03547008547008562	1.0736468500443659	0.1170085470085469	1.0644811831755452	1.9316239316239316	1.8146153846153847	0.1170085470085469	1.0644811831755452	Lys methylation
99	234	0.5170940170940171	1.9572649572649572	121	458	0.482008547008547	0.0170648006386553	0.44871794871794873	0.5150641025641025	1.8309401709401714	0.05687091334028613	1.7179487179487178	1.9446581196581196	0.039603960396039604	0.019801980198019802	0.03508547008547014	1.0727901409699443	0.12632478632478583	1.0689944916441039	1.9572649572649572	1.8309401709401714	0.12632478632478583	1.0689944916441039	Lys methylation
100	234	0.5170940170940171	1.9572649572649572	121	458	0.4825213675213675	0.017159666305919263	0.44871794871794873	0.5150641025641025	1.8325641025641028	0.056890566866220973	1.7179487179487178	1.9446581196581196	0.039603960396039604	0.019801980198019802	0.03457264957264966	1.071649986715083	0.12470085470085435	1.0680471992910776	1.9572649572649572	1.8325641025641028	0.12470085470085435	1.0680471992910776	Lys methylation
1	66109	0.1571041764358862	0.17020375440560287	10386	11252	0.07132674824910375	0.0012067148278894788	0.06917779727419866	0.07349264094147544	0.07470450316900874	0.0012931508751789966	0.07220953274138166	0.07710069733319215	0.009900990099009901	0.009900990099009901	0.08577742818678245	2.2025983280102817	0.09549925123659413	2.2783600343414387	0.17020375440560287	0.07470450316900874	0.09549925123659413	2.2783600343414387	Phosphorylation
2	66109	0.3090804580314329	0.3846677456927196	20433	25430	0.1375069960217217	0.0015348568395741834	0.13449568137469936	0.14089307053502548	0.1565463098821643	0.0019322498116562674	0.15289597482944833	0.1604229378753271	0.009900990099009901	0.009900990099009901	0.17157346200971121	2.247743511047308	0.2281214358105553	2.457213753439906	0.3846677456927196	0.1565463098821643	0.2281214358105553	2.457213753439906	Phosphorylation
3	66109	0.39982453221195297	0.5577455414542649	26432	36872	0.18800102860427476	0.0016741318738158512	0.18411222375168282	0.19098912402244778	0.22944440242629593	0.002356159789705523	0.22580737872301807	0.23419125988897121	0.009900990099009901	0.009900990099009901	0.2118235036076782	2.1267145992777925	0.328301139027969	2.4308526839456395	0.5577455414542649	0.22944440242629593	0.328301139027969	2.4308526839456395	Phosphorylation
4	66109	0.4689225370221906	0.7304300473460497	31000	48288	0.2338667957464188	0.0016827975323270674	0.2303381536553268	0.23734400762377286	0.3059786110816984	0.002746745488984938	0.3012547459498707	0.31104917636025353	0.009900990099009901	0.009900990099009901	0.2350557412757718	2.0050838577813423	0.4244514362643513	2.387193159560489	0.7304300473460497	0.3059786110816984	0.4244514362643513	2.387193159560489	Phosphorylation
5	66109	0.5127743575004916	0.86333177025821	33899	57074	0.27076237728599745	0.0017783734649631988	0.26717844771513716	0.2743045576245292	0.37446399128711666	0.003089403115081884	0.3686948826937331	0.3798620460149148	0.009900990099009901	0.009900990099009901	0.24201198021449416	1.8938168686518246	0.4888677789710933	2.305513454820436	0.86333177025821	0.37446399128711666	0.4888677789710933	2.305513454820436	Phosphorylation
6	66109	0.5471872211045394	0.9910904717965784	36174	65520	0.30439577062124673	0.0017521239791748514	0.30133680739384955	0.3074997352856646	0.444436612261568	0.0032902115693741723	0.43872241298461634	0.45015126533452327	0.009900990099009901	0.009900990099009901	0.2427914504832927	1.797617686959892	0.5466538595350103	2.2299928593940495	0.9910904717965784	0.444436612261568	0.5466538595350103	2.2299928593940495	Phosphorylation
7	66109	0.5730838463749263	1.104599978822853	37886	73024	0.3339056709373912	0.0017363258203594984	0.33105401685095825	0.3368928587635572	0.5114873920343675	0.0035823404390652245	0.505345716922053	0.5187342116807091	0.009900990099009901	0.009900990099009901	0.23917817543753506	1.7163046220990419	0.5931125867884856	2.1595839819813847	1.104599978822853	0.5114873920343675	0.5931125867884856	2.1595839819813847	Phosphorylation
8	66109	0.5955164954847297	1.214569877021283	39369	80294	0.3609839810010741	0.0017257502481785212	0.35807076192348997	0.36407334856071033	0.5791538217186768	0.0038050908218559645	0.5723895384894644	0.586703777095403	0.009900990099009901	0.009900990099009901	0.23453251448365564	1.6497033852672753	0.6354160553026061	2.0971455794195877	1.214569877021283	0.5791538217186768	0.6354160553026061	2.0971455794195877	Phosphorylation
9	66109	0.6139406132296662	1.3167344839583113	40587	87048	0.3847297644798742	0.0017581537774998682	0.38198618947495805	0.38783259465428305	0.644196705441014	0.003961550027429682	0.6375327111285907	0.6525132735331044	0.009900990099009901	0.009900990099009901	0.22921084874979197	1.5957710318037592	0.6725377785172972	2.043994439643837	1.3167344839583113	0.644196705441014	0.6725377785172972	2.043994439643837	Phosphorylation
10	66109	0.629808346821159	1.4149359391308294	41636	93540	0.4067724515572766	0.0017658906421578312	0.4034189747235626	0.4100349422922749	0.7097194028044592	0.004032834972454767	0.7028823609493412	0.7176647657656294	0.009900990099009901	0.009900990099009901	0.22303589526388246	1.54830629362932	0.7052165363263702	1.9936554271162716	1.4149359391308294	0.7097194028044592	0.7052165363263702	1.9936554271162716	Phosphorylation
11	66109	0.643981908665991	1.510717148950975	42573	99872	0.4269911812309973	0.0018717342003589568	0.4234075541908061	0.43041302999591585	0.7735872574082198	0.004005949872641676	0.7665060733031811	0.7814049524270522	0.009900990099009901	0.009900990099009901	0.21699072743499376	1.5081855011839327	0.7371298915427552	1.9528723288596956	1.510717148950975	0.7735872574082198	0.7371298915427552	1.9528723288596956	Phosphorylation
12	66109	0.656083135427854	1.6014763496649473	43373	105872	0.4453157663858174	0.001814345724173346	0.44171179415813283	0.4484729764479874	0.8367831913960276	0.0044898015164776695	0.8295474141191064	0.8452653950294211	0.009900990099009901	0.009900990099009901	0.21076736904203663	1.4732986903936156	0.7646931582689197	1.913848612318756	1.6014763496649473	0.8367831913960276	0.7646931582689197	1.913848612318756	Phosphorylation
13	66109	0.6666565823110318	1.6888774599525027	44072	111650	0.4623730505680013	0.0019454242288941149	0.4585446005838842	0.4659445007487634	0.8984628416705742	0.004679704313650552	0.89090592808846	0.9076260418399915	0.009900990099009901	0.009900990099009901	0.20428353174303043	1.4418153945003471	0.7904146182819285	1.8797410216901747	1.6888774599525027	0.8984628416705742	0.7904146182819285	1.8797410216901747	Phosphorylation
14	66109	0.6772754087945666	1.777700464384577	44774	117522	0.47835151038436513	0.0019218693044234405	0.4747050325976796	0.48202400580858884	0.9597228819071535	0.00498524227759854	0.9517221558335476	0.9685262218457397	0.009900990099009901	0.009900990099009901	0.19892389841020147	1.4158529744169974	0.8179775824774236	1.8523060123896862	1.777700464384577	0.9597228819071535	0.8179775824774236	1.8523060123896862	Phosphorylation
15	66109	0.6866538595350103	1.862318292516904	45394	123116	0.49312181397389154	0.0019322103567261536	0.4896451315252084	0.4970824698603821	1.0192733213329503	0.005229284498751152	1.010658155470511	1.0297032174136653	0.009900990099009901	0.009900990099009901	0.1935320455611188	1.3924629575834693	0.8430449711839536	1.827103931339501	1.862318292516904	1.0192733213329503	0.8430449711839536	1.827103931339501	Phosphorylation
16	66109	0.6950944652014098	1.9444856222299536	45952	128548	0.5069135821143869	0.0018258765398577442	0.5035902827149102	0.5105832791299219	1.0784501353824745	0.005316671454396233	1.0692106974844575	1.0874812809148529	0.009900990099009901	0.009900990099009901	0.18818088308702297	1.3712287256184807	0.8660354868474791	1.8030371163524754	1.9444856222299536	1.0784501353824745	0.8660354868474791	1.8030371163524754	Phosphorylation
17	66109	0.7035501974012616	2.025624347668245	46511	133912	0.5198547852788578	0.001805528128887273	0.5166422121042521	0.5235346170718056	1.136609236261326	0.005536576538073862	1.1272807030812748	1.1463522364579708	0.009900990099009901	0.009900990099009901	0.1836954121224038	1.3533590866608392	0.8890151114069189	1.7821642505133743	2.025624347668245	1.136609236261326	0.8890151114069189	1.7821642505133743	Phosphorylation
18	66109	0.7114916274637342	2.1055226973634453	47036	139194	0.532299535615423	0.001756213432915422	0.5292755146803008	0.5356740383306358	1.1961403137243038	0.005625187946337417	1.186631169734832	1.206852319653905	0.009900990099009901	0.009900990099009901	0.1791920918483112	1.3366377008785788	0.9093823836391415	1.7602639700418485	2.1055226973634453	1.1961403137243038	0.9093823836391415	1.7602639700418485	Phosphorylation
19	66109	0.7185405920525193	2.1836361161112707	47502	144358	0.5439377391883102	0.001734436386554832	0.5407682766340438	0.5473842442027561	1.2542972968884722	0.005864482677603936	1.2439297221255805	1.26424238757204	0.009900990099009901	0.009900990099009901	0.17460285286420907	1.3209978648011438	0.9293388192227985	1.7409238794727564	2.1836361161112707	1.2542972968884722	0.9293388192227985	1.7409238794727564	Phosphorylation
20	66109	0.7253021525057103	2.2611747265879076	47949	149484	0.5550852380160038	0.0017194473655540552	0.5520583430395257	0.5587907849158208	1.312366546158617	0.005951950660146648	1.3023181412515694	1.3232767096764435	0.009900990099009901	0.009900990099009901	0.17021691448970644	1.3066500472938156	0.9488081804292907	1.7229749822612552	2.2611747265879076	1.312366546158617	0.9488081804292907	1.7229749822612552	Phosphorylation
21	66109	0.7312771332193801	2.335809042641698	48344	154418	0.5654750487830704	0.0017209895679700794	0.5623186706802402	0.5690269101030117	1.3696788636948072	0.006164631205849373	1.35790890801555	1.3811402380916364	0.009900990099009901	0.009900990099009901	0.16580208443630973	1.293208488673592	0.9661301789468908	1.7053698531498729	2.335809042641698	1.3696788636948072	0.9661301789468908	1.7053698531498729	Phosphorylation
22	66109	0.7366016729945998	2.40759957040645	48696	159164	0.5753770288462993	0.0016117928342706072	0.5725721913809012	0.5783104418460421	1.426315025185678	0.006188548501068763	1.4149124930039783	1.4377354066768517	0.009900990099009901	0.009900990099009901	0.1612246441483005	1.2802069531200706	0.9812845452207719	1.687985843164646	2.40759957040645	1.426315025185678	0.9812845452207719	1.687985843164646	Phosphorylation
23	66109	0.7416388086342253	2.4771513712202573	49029	163762	0.5847898168176799	0.0015717979352385116	0.5818186631169735	0.5877891058706076	1.4822726103858777	0.006359064693257396	1.4710659668123856	1.4942110756477938	0.009900990099009901	0.009900990099009901	0.15684899181654532	1.2682143007723512	0.9948787608343796	1.6711847428492823	2.4771513712202573	1.4822726103858777	0.9948787608343796	1.6711847428492823	Phosphorylation
24	66109	0.7466305646734938	2.547671270175014	49359	168424	0.5936946557957313	0.0014708117942134303	0.5908821037982726	0.5964191713684975	1.538168176798923	0.006545864452040485	1.5261847857326536	1.5501142053275652	0.009900990099009901	0.009900990099009901	0.15293590887776243	1.2576002788382554	1.0095030933760911	1.6563021577243684	2.547671270175014	1.538168176798923	1.0095030933760911	1.6563021577243684	Phosphorylation
25	66109	0.7512592839099064	2.617888638460724	49665	173066	0.6022190624574567	0.0014597660922562009	0.5995140601128439	0.605350633045425	1.5930417946119289	0.006482073878514158	1.5813905822202725	1.6035895263882376	0.009900990099009901	0.009900990099009901	0.14904022145244966	1.2474850610743968	1.0248468438487952	1.6433270284025736	2.617888638460724	1.5930417946119289	1.0248468438487952	1.6433270284025736	Phosphorylation
26	66109	0.7559938888804852	2.687137908605485	49978	177644	0.6104866205811613	0.0014739840139514897	0.6077277677774584	0.6136339227639203	1.649238379040675	0.006554425483997648	1.637033535524664	1.6596477030358954	0.009900990099009901	0.009900990099009901	0.14550726829932392	1.238346367297626	1.03789952956481	1.6293205050009403	2.687137908605485	1.649238379040675	1.03789952956481	1.6293205050009403	Phosphorylation
27	66109	0.7596696365094011	2.7554493336762014	50221	182160	0.6183510565883618	0.001520711976723154	0.6153969202377891	0.6215537975162232	1.7043373822021208	0.006711391595339971	1.6918377225491235	1.7158979866583974	0.009900990099009901	0.009900990099009901	0.14131857992103936	1.2285410179465668	1.0511119514740805	1.616727628256309	2.7554493336762014	1.7043373822021208	1.0511119514740805	1.616727628256309	Phosphorylation
28	66109	0.7640260781436718	2.8243355670181063	50509	186714	0.6259668123856056	0.0014933127708417382	0.6234332692976751	0.6292346730399795	1.7596708466320772	0.006803186986690434	1.7473551256258604	1.7705009907879412	0.009900990099009901	0.009900990099009901	0.13805926575806626	1.220553650810835	1.064664720386029	1.6050362898400827	2.8243355670181063	1.7596708466320772	1.064664720386029	1.6050362898400827	Phosphorylation
29	66109	0.7677018257725877	2.8900452283350226	50752	191058	0.6332295148920722	0.0015088885018034466	0.6305075708299929	0.6364598617434842	1.8137321695986932	0.006802637386657375	1.800818345459771	1.8249345777428188	0.009900990099009901	0.009900990099009901	0.13447231088051548	1.2123595121800899	1.0763130587363294	1.593424474008461	2.8900452283350226	1.8137321695986932	1.0763130587363294	1.593424474008461	Phosphorylation
30	66109	0.7719523816726921	2.9572675429971715	51033	195502	0.6400651953591796	0.0014887327484144842	0.6375796033822928	0.6435126079656325	1.8671509174242542	0.006941250747095105	1.8543428277541636	1.8787767172397103	0.009900990099009901	0.009900990099009901	0.13188718631351248	1.2060527384862765	1.0901166255729173	1.5838395897192605	2.9572675429971715	1.8671509174242542	1.0901166255729173	1.5838395897192605	Phosphorylation
31	66109	0.7754617374336323	3.021071261099094	51265	199720	0.6467441649397208	0.0015467079215728567	0.644202756054395	0.650295723728993	1.9207454355685305	0.007234673783669045	1.9080170627297341	1.9326135624498935	0.009900990099009901	0.009900990099009901	0.12871757249391158	1.1990239409518424	1.1003258255305635	1.5728639543557592	3.021071261099094	1.9207454355685305	1.1003258255305635	1.5728639543557592	Phosphorylation
32	66109	0.7788349543935016	3.083785868792449	51488	203866	0.6530732578015097	0.001572930243056292	0.6507196448289946	0.6568095871969021	1.9741082152203182	0.0073862076895374745	1.9603193211211787	1.9865683946210047	0.009900990099009901	0.009900990099009901	0.12576169659199188	1.1925690496275303	1.1096776535721307	1.5621159189838467	3.083785868792449	1.9741082152203182	1.1096776535721307	1.5621159189838467	Phosphorylation
33	66109	0.782026652951943	3.1468635132886598	51699	208036	0.6591957222163398	0.00153007210795176	0.6568337896504258	0.6628579315978157	2.0262269887609854	0.007285192315634209	2.0124438427445583	2.0392329334886323	0.009900990099009901	0.009900990099009901	0.12283093073560314	1.18633453858381	1.1206365245276744	1.5530656391132815	3.1468635132886598	2.0262269887609854	1.1206365245276744	1.5530656391132815	Phosphorylation
34	66109	0.7848704412409808	3.208367998305828	51887	212102	0.665106717693506	0.0015006040857650433	0.6627898621972803	0.6687084965738401	2.078547247727238	0.007489343722239755	2.0643853333131648	2.0910488738295845	0.009900990099009901	0.009900990099009901	0.11976372354747478	1.1800669281507155	1.12982075057859	1.5435626983288344	3.208367998305828	2.078547247727238	1.12982075057859	1.5435626983288344	Phosphorylation
35	66109	0.7878352417976372	3.271445642802039	52083	216272	0.6708135049690663	0.001511058404584401	0.6683719312045259	0.674442965405618	2.1308227321544724	0.007506283966400541	2.115873027878201	2.143295920373928	0.009900990099009901	0.009900990099009901	0.11702173682857087	1.1744474969000023	1.1406229106475667	1.5352969505324754	3.271445642802039	2.1308227321544724	1.1406229106475667	1.5352969505324754	Phosphorylation
36	66109	0.7900134626147726	3.330287857931598	52227	220162	0.6763212270643938	0.0014414772288022142	0.6737947934471857	0.6794150569513985	2.1826780014823997	0.007425034804276946	2.1688385847615304	2.1959581902615377	0.009900990099009901	0.009900990099009901	0.11369223555037877	1.168103899450067	1.1476098564491983	1.5257806491245072	3.330287857931598	2.1826780014823997	1.1476098564491983	1.5257806491245072	Phosphorylation
37	66109	0.7925244671678592	3.392004114417099	52393	224242	0.6817348621216476	0.001452170599746273	0.6794664871651364	0.6847789257135942	2.23531652271249	0.007722690328762895	2.221650607330318	2.2499084844726136	0.009900990099009901	0.009900990099009901	0.1107896050462116	1.1625112799738888	1.156687591704609	1.5174603148823878	3.392004114417099	2.23531652271249	1.156687591704609	1.5174603148823878	Phosphorylation
38	66109	0.7952321166558259	3.4517841746207023	52572	228194	0.6868373443857871	0.00149340212587637	0.6845735830219789	0.6900724560952367	2.2866562797803627	0.007695348028004402	2.27226398826181	2.301213147982877	0.009900990099009901	0.009900990099009901	0.1083947722700388	1.1578172374523	1.1651278948403396	1.5095334638366602	3.4517841746207023	2.2866562797803627	1.1651278948403396	1.5095334638366602	Phosphorylation
39	66109	0.7976523620081986	3.512471826831445	52732	232206	0.6917961245821296	0.0015180074862103097	0.6893456261628522	0.695095977854755	2.3384576986492003	0.007948794484664873	2.3235346170718056	2.352116202029981	0.009900990099009901	0.009900990099009901	0.10585623742606898	1.1530165227363915	1.174014128182245	1.5020463397137391	3.512471826831445	2.3384576986492003	1.174014128182245	1.5020463397137391	Phosphorylation
40	66109	0.8000121012267619	3.5704367030207687	52888	236038	0.696598496422575	0.0014910302031717923	0.6941959491143415	0.6996044411502216	2.3894701175331647	0.00785993573037057	2.375162988397949	2.4042112269131284	0.009900990099009901	0.009900990099009901	0.10341360480418693	1.1484551076915526	1.180966585487604	1.494237855004777	3.5704367030207687	2.3894701175331647	1.180966585487604	1.494237855004777	Phosphorylation
41	66109	0.8023113343115158	3.62773601173819	53040	239826	0.7012188960655888	0.001413410395103062	0.6985436929918771	0.7041329471025125	2.4400099835120783	0.007990159641384427	2.425796033822929	2.454505437988776	0.009900990099009901	0.009900990099009901	0.10109243824592695	1.1441667342582154	1.1877260282261117	1.4867709707140353	3.62773601173819	2.4400099835120783	1.1877260282261117	1.4867709707140353	Phosphorylation
42	66109	0.8045500612624605	3.6860639247303695	53188	243682	0.7057734952880846	0.0014257558380901991	0.7031190911978702	0.7088766279931628	2.4913379418838586	0.008106632855079978	2.4764479874147245	2.5066813898258937	0.009900990099009901	0.009900990099009901	0.0987765659743759	1.139955051633183	1.1947259828465109	1.479551955903302	3.6860639247303695	2.4913379418838586	1.1947259828465109	1.479551955903302	Phosphorylation
43	66109	0.8065467636781679	3.7403076736904204	53320	247268	0.7101066420608391	0.0014228761036108077	0.7075670483595274	0.7128764616012948	2.540258361191366	0.008320016714259332	2.524327247424708	2.5553668940688863	0.009900990099009901	0.009900990099009901	0.09644012161732884	1.1358107584199533	1.2000493124990546	1.4724123068868626	3.7403076736904204	2.540258361191366	1.2000493124990546	1.4724123068868626	Phosphorylation
44	66109	0.8087703640956602	3.795459014657611	53467	250914	0.7142735482309519	0.00146140481923228	0.7118274365063758	0.7171149162746373	2.590126004023658	0.008456235670111716	2.573859081214358	2.605561270023749	0.009900990099009901	0.009900990099009901	0.09449681586470826	1.1322977955697078	1.2053330106339528	1.4653569010779846	3.795459014657611	2.590126004023658	1.2053330106339528	1.4653569010779846	Phosphorylation
45	66109	0.8114023809163654	3.8523347804383667	53641	254674	0.7184055121087901	0.0014250331089715488	0.71582500113449	0.7214305162685868	2.639511715500159	0.00860630174102919	2.622621730777958	2.65449787472205	0.009900990099009901	0.009900990099009901	0.0929968688075753	1.129448991189662	1.212823064938208	1.459487661227672	3.8523347804383667	2.639511715500159	1.212823064938208	1.459487661227672	Phosphorylation
46	66109	0.813868005869095	3.9078189051415086	53804	258342	0.7224713730354416	0.001402823169295931	0.7200279084542195	0.7253940461964332	2.6890226746736454	0.008740404662971126	2.671984903719615	2.7054077357092075	0.009900990099009901	0.009900990099009901	0.0913966328336534	1.1265055422883445	1.2187962304678632	1.4532487739679558	3.9078189051415086	2.6890226746736454	1.2187962304678632	1.4532487739679558	Phosphorylation
47	66109	0.815713442950279	3.9617298703656085	53926	261906	0.7264159191638053	0.0014018551174058349	0.7239347138816198	0.7290319774917182	2.7380441392246144	0.008842233360242901	2.721104539472689	2.7543511473475624	0.009900990099009901	0.009900990099009901	0.08929752378647371	1.1229289191366651	1.223685731140994	1.4469196510058926	3.9617298703656085	2.7380441392246144	1.223685731140994	1.4469196510058926	Phosphorylation
48	66109	0.8177706514997958	4.016397162262324	54062	265520	0.730200577833578	0.001448646341388572	0.7274947435296254	0.7327950808513213	2.7873989925728724	0.008878169651360101	2.7696009620475275	2.804289128560408	0.009900990099009901	0.009900990099009901	0.08757007366621783	1.1199260536413547	1.2289981696894516	1.4409121811998076	4.016397162262324	2.7873989925728724	1.2289981696894516	1.4409121811998076	Phosphorylation
49	66109	0.8197219743151462	4.071336731761182	54191	269152	0.7338584761530198	0.001462775791795921	0.7310646054243749	0.7367423497557065	2.8359566776081926	0.008950624081982854	2.817756281293016	2.852001240375743	0.009900990099009901	0.009900990099009901	0.08586349816212635	1.117002802246332	1.2353800541529893	1.435613161479918	4.071336731761182	2.8359566776081926	1.2353800541529893	1.435613161479918	Phosphorylation
50	66109	0.821552284862878	4.126427566594564	54312	272794	0.7374265228637554	0.0014253918236431567	0.7348942655311682	0.7398591719735588	2.8842372445506665	0.008885142963154184	2.866461450029497	2.8997035199443344	0.009900990099009901	0.009900990099009901	0.08412576199912258	1.1140801956409498	1.2421903220438972	1.4306824358470613	4.126427566594564	2.8842372445506665	1.2421903220438972	1.4306824358470613	Phosphorylation
51	66109	0.8233977219440621	4.18109485849128	54434	276408	0.7408800617162565	0.001458732186331895	0.7382050855405466	0.7437330771907001	2.9327304905534795	0.009198694137995093	2.915717980910315	2.9483474262203333	0.009900990099009901	0.009900990099009901	0.0825176602278056	1.1113778929839906	1.2483643679378003	1.4256662424177282	4.18109485849128	2.9327304905534795	1.2483643679378003	1.4256662424177282	Phosphorylation
52	66109	0.8250918936907229	4.234400762377286	54546	279932	0.7442327065906307	0.001480246324060786	0.7413188824517085	0.747013644133174	2.9811801721399513	0.00934322159815951	2.963678924200941	2.9970389810767064	0.009900990099009901	0.009900990099009901	0.08085918710009221	1.1086477205100438	1.2532205902373343	1.4203773398028967	4.234400762377286	2.9811801721399513	1.2532205902373343	1.4203773398028967	Phosphorylation
53	66109	0.8267709389039314	4.28749489479496	54657	283442	0.7475076010830597	0.001459187253479779	0.7446864269615333	0.7504250555900104	3.0286266620278637	0.009561481114765995	3.009715016109758	3.045985418021752	0.009900990099009901	0.009900990099009901	0.0792633378208717	1.1060368318743883	1.258868232767096	1.4156564586023295	4.28749489479496	3.0286266620278637	1.258868232767096	1.4156564586023295	Phosphorylation
54	66109	0.8285558698513061	4.340558774145729	54775	286950	0.7507210818496723	0.0014324871145671486	0.7479219924669863	0.7536651590554992	3.076394439486303	0.009589122593328952	3.0561549864617525	3.0934381097883796	0.009900990099009901	0.009900990099009901	0.07783478800163379	1.1036800349470135	1.2641643346594265	1.4109240084540384	4.340558774145729	3.076394439486303	1.2641643346594265	1.4109240084540384	Phosphorylation
55	66109	0.830068523196539	4.3929873390915	54875	290416	0.7538731488904686	0.0014504240816345703	0.7510384365215024	0.7569476168146545	3.1241594941687207	0.009868872376289157	3.103255229998941	3.1413892208322616	0.009900990099009901	0.009900990099009901	0.07619537430607037	1.101071877169538	1.2688278449227797	1.4061341449727716	4.3929873390915	3.1241594941687207	1.2688278449227797	1.4061341449727716	Phosphorylation
56	66109	0.8318383276104615	4.446807545114886	54992	293974	0.7569343054652166	0.0014276124829058863	0.7541352160825304	0.7598311122540047	3.171940582976599	0.010001841644417378	3.150845573219985	3.1895642045712385	0.009900990099009901	0.009900990099009901	0.07490402214524494	1.0989570978675731	1.274866962138287	1.401920190113376	4.446807545114886	3.171940582976599	1.274866962138287	1.401920190113376	Phosphorylation
57	66109	0.8332904748218851	4.497904975116852	55088	297352	0.7599378299475107	0.0014209069117096143	0.7570277874419519	0.7629615483519642	3.2189695805412275	0.010085653916685788	3.1976387481280915	3.2364148603064637	0.009900990099009901	0.009900990099009901	0.07335264487437443	1.0965245339601544	1.2789353945756248	1.397312047403874	4.497904975116852	3.2189695805412275	1.2789353945756248	1.397312047403874	Phosphorylation
58	66109	0.8346367362991424	4.549425948055484	55177	300758	0.7628548306584583	0.001420398348775957	0.7599612004416948	0.7659074407418052	3.2664227261038588	0.010321790387804291	3.2449704276271008	3.284718419579785	0.009900990099009901	0.009900990099009901	0.0717819056406841	1.0940964161932691	1.2830032219516254	1.3927854198718403	4.549425948055484	3.2664227261038588	1.2830032219516254	1.3927854198718403	Phosphorylation
59	66109	0.8358922385756856	4.599434267648883	55260	304064	0.7657244853196993	0.001374700952639924	0.7628912099714108	0.7687028241237956	3.3130263655478074	0.010293298996302994	3.292289249572675	3.331707483096099	0.009900990099009901	0.009900990099009901	0.07016775325598634	1.0916357705692152	1.2864079021010757	1.3882878553211782	4.599434267648883	3.3130263655478074	1.2864079021010757	1.3882878553211782	Phosphorylation
60	66109	0.8376771695230604	4.651076252855133	55378	307478	0.7684983890241872	0.0013679545420807065	0.7658382368512608	0.7712754693007003	3.359984873466548	0.010419277322382708	3.3392382277753407	3.3782117412152655	0.009900990099009901	0.009900990099009901	0.06917878049887316	1.0900181203850199	1.2910913793885852	1.3842551166179944	4.651076252855133	3.359984873466548	1.2910913793885852	1.3842551166179944	Phosphorylation
61	66109	0.8395226066042445	4.702899756462811	55500	310904	0.7712674522379706	0.0013167538654892527	0.7685980728796382	0.773996354505438	3.406535267512744	0.010602811057065125	3.3858869442889774	3.425156937784568	0.009900990099009901	0.009900990099009901	0.06825515436627394	1.0884973872140196	1.2963644889500672	1.3805521995656889	4.702899756462811	3.406535267512744	1.2963644889500672	1.3805521995656889	Phosphorylation
62	66109	0.8408839946149541	4.75245428005264	55590	314180	0.7738929646492914	0.001303826556947649	0.7713390007412002	0.7765519823322089	3.453158571450182	0.010632887001217716	3.4318859761908365	3.471585563236473	0.009900990099009901	0.009900990099009901	0.06699102996566275	1.086563689070389	1.299295708602458	1.3762629724984823	4.75245428005264	3.453158571450182	1.299295708602458	1.3762629724984823	Phosphorylation
63	66109	0.842305888759473	4.801766779107232	55684	317440	0.7764811145229845	0.001295590678610267	0.7742054788304165	0.7788863846072395	3.500093481976736	0.010786157224200515	3.479394636131238	3.518598072879638	0.009900990099009901	0.009900990099009901	0.06582477423648847	1.0847731812214474	1.3016732971304958	1.3718967232827606	4.801766779107232	3.500093481976736	1.3016732971304958	1.3718967232827606	Phosphorylation
64	66109	0.843500884902207	4.848931310411593	55763	320558	0.7790367423497557	0.001286707198755922	0.7767164833835031	0.7813875569135821	3.54628900754814	0.010914056353578316	3.5256447684884056	3.564006413650184	0.009900990099009901	0.009900990099009901	0.06446414255245125	1.0827485265431929	1.3026423028634526	1.3673254774472212	4.848931310411593	3.54628900754814	1.3026423028634526	1.3673254774472212	Phosphorylation
65	66109	0.8448471463794642	4.900603548684748	55852	323974	0.7815256621640019	0.0012968323799726774	0.7791575277193725	0.7837832216490946	3.5926385212300898	0.01102525097010243	3.57122630806698	3.6094737479011934	0.009900990099009901	0.009900990099009901	0.06332148421546235	1.0810229110585168	1.307965027454658	1.3640680852597498	4.900603548684748	3.5926385212300898	1.307965027454658	1.3640680852597498	Phosphorylation
66	66109	0.8459816363883889	4.950248831475291	55927	327256	0.7839751017259377	0.001251760066453592	0.7817377361630036	0.7862862847721188	3.638144881937407	0.011117052812007555	3.6164561557427883	3.654987974405905	0.009900990099009901	0.009900990099009901	0.06200653466245121	1.07909247950087	1.3121039495378835	1.3606519234712704	4.950248831475291	3.638144881937407	1.3121039495378835	1.3606519234712704	Phosphorylation
67	66109	0.8472976447987415	4.9991075345263125	56014	330486	0.786338925108533	0.0012077418777981385	0.7840592808845998	0.788436143339031	3.6841325689391753	0.011251495216788629	3.661821385892995	3.702619159267271	0.009900990099009901	0.009900990099009901	0.060958719690208496	1.0775221952567016	1.3149749655871372	1.356929328948056	4.9991075345263125	3.6841325689391753	1.3149749655871372	1.356929328948056	Phosphorylation
68	66109	0.848749792010165	5.047088898637099	56110	333658	0.7887022946951248	0.001238995885909526	0.7862972515088718	0.7908318080745436	3.730277874419519	0.011379271696727599	3.705939433360057	3.7482816257998155	0.009900990099009901	0.009900990099009901	0.06004749731504022	1.076134553834729	1.3168110242175803	1.3530061482142248	5.047088898637099	3.730277874419519	1.3168110242175803	1.3530061482142248	Phosphorylation
69	66109	0.850035547353613	5.091923943789801	56195	336622	0.7909777791223587	0.0012457368437517205	0.7885560211166407	0.7930777201288781	3.775057858990455	0.011718810466760748	3.749975797546476	3.7938329123114856	0.009900990099009901	0.009900990099009901	0.059057768231254304	1.0746642570626734	1.3168660847993463	1.348833351431469	5.091923943789801	3.775057858990455	1.3168660847993463	1.348833351431469	Phosphorylation
70	66109	0.85118516389599	5.140238091636539	56271	339816	0.7932363218321257	0.0012015277469155173	0.7906514241631245	0.7953985085238016	3.8207977733742755	0.011654561695342399	3.796004326188567	3.840876431348228	0.009900990099009901	0.009900990099009901	0.0579488420638643	1.073053692158247	1.3194403182622638	1.3453311053144332	5.140238091636539	3.8207977733742755	1.3194403182622638	1.3453311053144332	Phosphorylation
71	66109	0.8522137681707483	5.187614394409233	56339	342948	0.7953980547277982	0.0011933083355590859	0.7928644360072002	0.7977208095720704	3.8658315811765416	0.011639615562626587	3.8410307219894415	3.885010361675415	0.009900990099009901	0.009900990099009901	0.05681571344295011	1.071430541104848	1.3217828132326916	1.341914226079765	5.187614394409233	3.8658315811765416	1.3217828132326916	1.341914226079765	Phosphorylation
72	66109	0.8534692704472916	5.232630957963363	56422	345924	0.7975566110514454	0.001199248520701216	0.7950596741744694	0.7998861728357712	3.909815607557216	0.011556091568581783	3.884995991468635	3.929056558108578	0.009900990099009901	0.009900990099009901	0.05591265939584622	1.0701049412933017	1.322815350406147	1.338331901854732	5.232630957963363	3.909815607557216	1.322815350406147	1.338331901854732	Phosphorylation
73	66109	0.8547852788576442	5.278555113524633	56509	348960	0.7996342404211226	0.001222770848541763	0.7969115400323709	0.8020088036424693	3.954248891981424	0.011672812488143251	3.928972605847918	3.974044381249149	0.009900990099009901	0.009900990099009901	0.05515103843652158	1.068970331244791	1.324306221543209	1.3349071486695456	5.278555113524633	3.954248891981424	1.324306221543209	1.3349071486695456	Phosphorylation
74	66109	0.8555718585971653	5.324025473082334	56561	351966	0.8016542376983468	0.0012068720645617322	0.7991843016835831	0.8038818466472039	3.99896564764253	0.011810310261427549	3.9726527401715352	4.018410503864829	0.009900990099009901	0.009900990099009901	0.053917620898818575	1.0672579503273418	1.325059825439804	1.3313506396887789	5.324025473082334	3.99896564764253	1.325059825439804	1.3313506396887789	Phosphorylation
75	66109	0.8566004628719236	5.368285709963848	56629	354892	0.8036450407660075	0.0012343613333190473	0.8011269267421984	0.806016956844	4.043011995341027	0.011927211964002442	4.016006141372582	4.061974163880864	0.009900990099009901	0.009900990099009901	0.05295542210591608	1.0658940445341898	1.3252737146228206	1.3277936637709713	5.368285709963848	4.043011995341027	1.3252737146228206	1.3277936637709713	Phosphorylation
76	66109	0.8580677366167996	5.41272746524679	56726	357830	0.8056019603987353	0.0012317453581579157	0.8032900210258814	0.8080216006897699	4.086909800481024	0.01214018372789476	4.059409460134021	4.1061391036016275	0.009900990099009901	0.009900990099009901	0.05246577621806425	1.0651261774389131	1.3258176647657658	1.3244059031128406	5.41272746524679	4.086909800481024	1.3258176647657658	1.3244059031128406	Phosphorylation
77	66109	0.8592476062260812	5.458621367741155	56804	360864	0.8075339212512667	0.0012452622476253905	0.80523642771786	0.8099812430985192	4.131101060369995	0.012120532437561903	4.102849082575746	4.151578453765751	0.009900990099009901	0.009900990099009901	0.051713684974814544	1.0640390250042806	1.3275203073711594	1.3213478169551878	5.458621367741155	4.131101060369995	1.3275203073711594	1.3213478169551878	Phosphorylation
78	66109	0.8604274758353628	5.504424511034806	56882	363892	0.8094763194118803	0.0012402286335809753	0.8070996384758505	0.8120233251145835	4.176103707513349	0.012253294502624369	4.147526811780544	4.1970094843364745	0.009900990099009901	0.009900990099009901	0.05095115642348258	1.0629433563424076	1.328320803521457	1.318076584432431	5.504424511034806	4.176103707513349	1.328320803521457	1.318076584432431	Phosphorylation
79	66109	0.8613048147755978	5.547504878307039	56940	366740	0.8112849990167754	0.0012086035687903331	0.809014279447579	0.8136880001210123	4.219679014960141	0.012257844561913223	4.191712172321469	4.240250949189974	0.009900990099009901	0.009900990099009901	0.05001981575882242	1.0616550482499285	1.3278258633468978	1.314674613552197	5.547504878307039	4.219679014960141	1.3278258633468978	1.314674613552197	Phosphorylation
80	66109	0.8624241782510702	5.593550046135927	57014	369784	0.8131044184604214	0.0011885400720762491	0.8106910556807696	0.8154377618781103	4.263797062427204	0.012169477945144818	4.234397737070595	4.2846125338456185	0.009900990099009901	0.009900990099009901	0.04931975979064884	1.0606561207526504	1.3297529837087225	1.3118706083426375	5.593550046135927	4.263797062427204	1.3297529837087225	1.3118706083426375	Phosphorylation
81	66109	0.8637553131948751	5.6378405360843455	57102	372712	0.8148861728357712	0.0011763632688143995	0.8124880878549062	0.8171024368845392	4.306905867582326	0.012217676905687948	4.277763239498404	4.329319003463977	0.009900990099009901	0.009900990099009901	0.048869140359103835	1.059970511205315	1.3309346685020191	1.3090233939218032	5.6378405360843455	4.306905867582326	1.3309346685020191	1.3090233939218032	Phosphorylation
82	66109	0.8645721460013008	5.6827360873708574	57156	375680	0.8166512880243233	0.001131212442661293	0.814334281262763	0.8187296737206734	4.350713216052277	0.012202717620452467	4.321682373050568	4.372873587559939	0.009900990099009901	0.009900990099009901	0.04792085797697754	1.0586797066014673	1.3320228713185802	1.3061619567118292	5.6827360873708574	4.350713216052277	1.3320228713185802	1.3061619567118292	Phosphorylation
83	66109	0.865449484941536	5.726088732245231	57214	378546	0.8183719312045258	0.001125792014171813	0.8160987913899772	0.8203799785203225	4.393589375122903	0.012241140145478028	4.364772572569544	4.41560377558275	0.009900990099009901	0.009900990099009901	0.04707755373701017	1.0575258656143287	1.3324993571223285	1.3032826337088121	5.726088732245231	4.393589375122903	1.3324993571223285	1.3032826337088121	Phosphorylation
84	66109	0.8667201137515316	5.771105295799361	57298	381522	0.8200304043322394	0.0011441631522793353	0.8176409414754421	0.8222579376484291	4.4369144897063935	0.012369210460636998	4.408144125610734	4.458135806017335	0.009900990099009901	0.009900990099009901	0.04668970941929218	1.0569365589039497	1.334190806092968	1.300702393338497	5.771105295799361	4.4369144897063935	1.334190806092968	1.300702393338497	Phosphorylation
85	66109	0.8675974526917666	5.816273124688015	57356	384508	0.8217092982801131	0.0011673243663729105	0.8193112889319155	0.8240179098156075	4.479737100848599	0.012444591450137299	4.451076252855133	4.500819858113116	0.009900990099009901	0.009900990099009901	0.0458881544116535	1.0558447549610308	1.3365360238394164	1.29835144200454	5.816273124688015	4.479737100848599	1.3365360238394164	1.29835144200454	Phosphorylation
86	66109	0.868762195767596	5.859777034896912	57433	387384	0.8233087779273625	0.0011211837042092473	0.8209759639383443	0.8255819933745784	4.521509325507874	0.012492391666316093	4.493478195102028	4.542737751289537	0.009900990099009901	0.009900990099009901	0.04545341784023349	1.0552082269238767	1.3382677093890383	1.2959780933856015	5.859777034896912	4.521509325507874	1.3382677093890383	1.2959780933856015	Phosphorylation
87	66109	0.8698059265758066	5.90282714910224	57502	390230	0.8248663570769488	0.0011387796579077538	0.82248218850686	0.8271059916199005	4.5642535812067955	0.012669545879351365	4.535857447548746	4.5862628386452675	0.009900990099009901	0.009900990099009901	0.0449395694988578	1.054481030912824	1.3385735678954447	1.2932732689101651	5.90282714910224	4.5642535812067955	1.3385735678954447	1.2932732689101651	Phosphorylation
88	66109	0.8709101635178266	5.945937769441377	57575	393080	0.8264240874918696	0.0011189654298581252	0.8240874918694883	0.8283830492066133	4.6066986340740295	0.013052487188613682	4.5775439047633455	4.62874797682615	0.009900990099009901	0.009900990099009901	0.044486076025957	1.0538295975386784	1.3392391353673476	1.2907155952120453	5.945937769441377	4.6066986340740295	1.3392391353673476	1.2907155952120453	Phosphorylation
89	66109	0.8718177555249663	5.989925728720749	57635	395988	0.8279586743106081	0.0011157349071547692	0.8257132160522773	0.8300881876900271	4.649035986023083	0.013054948996490725	4.619448184059659	4.670195434812204	0.009900990099009901	0.009900990099009901	0.04385908121435822	1.0529725487215615	1.3408897426976658	1.2884231799299752	5.989925728720749	4.649035986023083	1.3408897426976658	1.2884231799299752	Phosphorylation
90	66109	0.8728009801993677	6.032401034654888	57700	398796	0.829439410670257	0.001112404399116585	0.8272054485773496	0.8314832322376682	4.691147347562358	0.013276514535850029	4.661815335279615	4.713413453538853	0.009900990099009901	0.009900990099009901	0.043361569529110744	1.052278163987977	1.3412536870925296	1.2859116518242557	6.032401034654888	4.691147347562358	1.3412536870925296	1.2859116518242557	Phosphorylation
91	66109	0.8736329395392458	6.075330136592597	57755	401634	0.8309254413166136	0.00112520881578997	0.8286836890589784	0.8328873527053805	4.734061625497285	0.013360490749596974	4.706145910541681	4.755777579452117	0.009900990099009901	0.009900990099009901	0.0427074982226322	1.0513975094503805	1.3412685110953122	1.2833229934885817	6.075330136592597	4.734061625497285	1.3412685110953122	1.2833229934885817	Phosphorylation
92	66109	0.8745102784794808	6.118138226262688	57813	404464	0.8323432512971002	0.0011285302485798086	0.8299788984858341	0.83419957948237	4.775535857447548	0.013450895664453342	4.74789287389009	4.797849763269752	0.009900990099009901	0.009900990099009901	0.042167027182380634	1.0506606224255062	1.3426023688151396	1.2811417208230826	6.118138226262688	4.775535857447548	1.3426023688151396	1.2811417208230826	Phosphorylation
93	66109	0.8752363520851927	6.161853907939918	57861	407354	0.8337837510777656	0.0011221534208475114	0.8314370963106386	0.8355673962697968	4.817521366228501	0.01374489508940212	4.790196493669546	4.840111785082213	0.009900990099009901	0.009900990099009901	0.04145260100742709	1.0497162495117525	1.3443325417114167	1.2790506651688929	6.161853907939918	4.817521366228501	1.3443325417114167	1.2790506651688929	Phosphorylation
94	66109	0.8757657807560242	6.202120739990017	57896	410016	0.8351843168101167	0.0011156096164718168	0.8327795761545327	0.8370274849112829	4.858729673720673	0.013849973312653646	4.831314193226339	4.881270326279327	0.009900990099009901	0.009900990099009901	0.04058146394590745	1.048589829968196	1.3433910662693433	1.2764901849829842	6.202120739990017	4.858729673720673	1.3433910662693433	1.2764901849829842	Phosphorylation
95	66109	0.8765674870289976	6.244838070459393	57949	412840	0.8365322422060535	0.0011206752732475043	0.8340384819011027	0.8382296661574067	4.900252310577985	0.014088652226451908	4.872554417704095	4.9230127516677005	0.009900990099009901	0.009900990099009901	0.04003524482294407	1.0478585795059918	1.344585759881408	1.2743911281831148	6.244838070459393	4.900252310577985	1.344585759881408	1.2743911281831148	Phosphorylation
96	66109	0.8771120422332814	6.2860427475835365	57985	415564	0.8379036137288418	0.0011341863273129438	0.8354248286920086	0.8396587454053155	4.941509628038542	0.014157801698130065	4.913909603836089	4.96372506012797	0.009900990099009901	0.009900990099009901	0.03920842850443962	1.046793482999738	1.3445331195449945	1.272089547679114	6.2860427475835365	4.941509628038542	1.3445331195449945	1.272089547679114	Phosphorylation
97	66109	0.8777473566382792	6.3271264124400615	58027	418280	0.8392477574914156	0.0011679701927166661	0.8366534813716741	0.8409985781058554	4.982476818587484	0.01428244491293936	4.9547058645570194	5.004443419201621	0.009900990099009901	0.009900990099009901	0.03849959914686363	1.0458739374674557	1.3446495938525773	1.2698757350633858	6.3271264124400615	4.982476818587484	1.3446495938525773	1.2698757350633858	Phosphorylation
98	66109	0.8784734302439909	6.3683008364972995	58075	421002	0.8405793462312241	0.0011657992913531611	0.8380311304058449	0.842386815713443	5.023886611505242	0.01409388568785481	4.996109455596061	5.046129120089549	0.009900990099009901	0.009900990099009901	0.03789408401276684	1.0450809125666325	1.3444142249920574	1.2676044124708554	6.3683008364972995	5.023886611505242	1.3444142249920574	1.2676044124708554	Phosphorylation
99	66109	0.8791087446489888	6.407508811205736	58117	423594	0.8418542104705865	0.001145324327070524	0.8394560498570544	0.8436154683931083	5.064347365714199	0.014140344166711952	5.036346034579256	5.086343765599238	0.009900990099009901	0.009900990099009901	0.0372545341784023	1.0442529522511712	1.3431614454915373	1.2652190595346569	6.407508811205736	5.064347365714199	1.3431614454915373	1.2652190595346569	Phosphorylation
100	66109	0.8799104509219622	6.448410957660833	58170	426298	0.8431195449938736	0.0011464785803931294	0.8407232751970232	0.8449583264003389	5.104969671300427	0.01448142362130754	5.076853378511247	5.128723018045954	0.009900990099009901	0.009900990099009901	0.036790905928088535	1.0436366422134786	1.343441286360406	1.2631634216973087	6.448410957660833	5.104969671300427	1.343441286360406	1.2631634216973087	Phosphorylation
1	643	0.07931570762052877	0.08087091757387248	51	52	0.0368895800933126	0.00768941798510094	0.02332814930015552	0.04821150855365474	0.0384447900466563	0.0076894179851009405	0.024883359253499222	0.049766718506998445	0.009900990099009901	0.009900990099009901	0.04242612752721617	2.1500843170320403	0.042426127527216174	2.1035598705501615	0.08087091757387248	0.0384447900466563	0.042426127527216174	2.1035598705501615	Ubiquitin/SUMO
2	643	0.15552099533437014	0.16174183514774496	100	104	0.0675583203732504	0.011182752752258109	0.04968895800933126	0.09027993779160184	0.07244167962674962	0.011230409004672582	0.05435458786936236	0.09494556765163294	0.009900990099009901	0.009900990099009901	0.08796267496111974	2.302025782688766	0.08930015552099534	2.23271790468012	0.16174183514774496	0.07244167962674962	0.08930015552099534	2.23271790468012	Ubiquitin/SUMO
3	643	0.18506998444790046	0.19906687402799378	119	128	0.08704510108864698	0.012635465176452858	0.06605754276827372	0.11286936236391909	0.0954587869362364	0.013134748351117958	0.07465007776049767	0.12130637636080871	0.009900990099009901	0.009900990099009901	0.09802488335925348	2.1261390030373413	0.10360808709175738	2.085369827305311	0.19906687402799378	0.0954587869362364	0.10360808709175738	2.085369827305311	Ubiquitin/SUMO
4	643	0.2161741835147745	0.24572317262830481	139	158	0.12367029548989113	0.013838870774449346	0.09871695178849145	0.15011664074650077	0.13981337480559874	0.014731645544672581	0.1119751166407465	0.1664852255054432	0.009900990099009901	0.009900990099009901	0.09250388802488337	1.7479879275653925	0.10590979782270607	1.7575083426028921	0.24572317262830481	0.13981337480559874	0.10590979782270607	1.7575083426028921	Ubiquitin/SUMO
5	643	0.24727838258164853	0.27682737169517885	159	178	0.1519751166407465	0.015144734739581929	0.12360031104199067	0.18351477449455678	0.17343701399688957	0.017208378062458073	0.14455676516329705	0.2115085536547434	0.009900990099009901	0.009900990099009901	0.09530326594090202	1.627097830536226	0.10339035769828928	1.596126255380201	0.27682737169517885	0.17343701399688957	0.10339035769828928	1.596126255380201	Ubiquitin/SUMO
6	643	0.2939346811819596	0.3452566096423017	189	222	0.1778849144634526	0.01608764206780131	0.14300155520995333	0.21388024883359252	0.20805598755832036	0.019888883873076108	0.16632970451010887	0.2473561430793157	0.009900990099009901	0.009900990099009901	0.116049766718507	1.6523867809057526	0.13720062208398134	1.6594408730751982	0.3452566096423017	0.20805598755832036	0.13720062208398134	1.6594408730751982	Ubiquitin/SUMO
7	643	0.3141524105754277	0.3701399688958009	202	238	0.1936391912908243	0.015332975686671534	0.16329704510108864	0.22247278382581645	0.22737169517884911	0.020194151858457743	0.1849922239502333	0.26765163297045097	0.009900990099009901	0.009900990099009901	0.1205132192846034	1.622359649827323	0.1427682737169518	1.6279069767441863	0.3701399688958009	0.22737169517884911	0.1427682737169518	1.6279069767441863	Ubiquitin/SUMO
8	643	0.3561430793157076	0.4261275272161742	229	274	0.2122395023328149	0.015057979805850632	0.17803265940902022	0.23958009331259716	0.25234836702954894	0.020630557384847346	0.21461897356143078	0.29090202177293933	0.009900990099009901	0.009900990099009901	0.1439035769828927	1.6780244742434236	0.17377916018662526	1.6886478491310246	0.4261275272161742	0.25234836702954894	0.17377916018662526	1.6886478491310246	Ubiquitin/SUMO
9	643	0.37325038880248834	0.463452566096423	240	298	0.22856920684292376	0.015923821577757867	0.19113530326594091	0.2558709175738725	0.27782270606531884	0.022130771710256705	0.22853810264385693	0.31578538102643855	0.009900990099009901	0.009900990099009901	0.1446811819595646	1.632986323739539	0.18562986003110415	1.6681594267801163	0.463452566096423	0.27782270606531884	0.18562986003110415	1.6681594267801163	Ubiquitin/SUMO
10	643	0.39035769828926903	0.49144634525660963	251	316	0.24981337480559876	0.016213009610129857	0.21446345256609642	0.27838258164852253	0.3110108864696734	0.024248845714966	0.26275272161741836	0.35474339035769825	0.009900990099009901	0.009900990099009901	0.14054432348367027	1.5625972732366307	0.18043545878693623	1.5801580158015802	0.49144634525660963	0.3110108864696734	0.18043545878693623	1.5801580158015802	Ubiquitin/SUMO
11	643	0.4059097978227061	0.5287713841368584	261	340	0.2675894245723172	0.015673871726073877	0.23402021772939346	0.2963063763608087	0.3367029548989114	0.024628249912327017	0.29237947122861585	0.381104199066874	0.009900990099009901	0.009900990099009901	0.13832037325038887	1.5169127048703943	0.19206842923794704	1.570438799076212	0.5287713841368584	0.3367029548989114	0.19206842923794704	1.570438799076212	Ubiquitin/SUMO
12	643	0.4121306376360809	0.5598755832037325	265	360	0.2803732503888025	0.016135105007156102	0.2511275272161742	0.30793157076205285	0.3567651632970451	0.025563310023559035	0.3110419906687403	0.40287713841368583	0.009900990099009901	0.009900990099009901	0.13175738724727837	1.4699356556467715	0.20311041990668743	1.5693112467306016	0.5598755832037325	0.3567651632970451	0.20311041990668743	1.5693112467306016	Ubiquitin/SUMO
13	643	0.4214618973561431	0.5878693623639192	271	378	0.293810264385692	0.01581022726522778	0.26749611197511663	0.3234836702954899	0.37972006220839816	0.02593592056195678	0.33265940902021773	0.42153965785381026	0.009900990099009901	0.009900990099009901	0.12765163297045107	1.434469616769003	0.20814930015552102	1.548165137614679	0.5878693623639192	0.37972006220839816	0.20814930015552102	1.548165137614679	Ubiquitin/SUMO
14	643	0.43390357698289267	0.6220839813374806	279	400	0.3072161741835148	0.014997771332119075	0.27838258164852253	0.3328149300155521	0.4103888024883359	0.026410629045350298	0.3701399688958009	0.45412130637636083	0.009900990099009901	0.009900990099009901	0.12668740279937785	1.412372177786777	0.21169517884914463	1.5158405335758678	0.6220839813374806	0.4103888024883359	0.21169517884914463	1.5158405335758678	Ubiquitin/SUMO
15	643	0.4525660964230171	0.6749611197511665	291	434	0.32325038880248824	0.013973961563609359	0.2986003110419907	0.34607309486780713	0.44121306376360814	0.02631630927215563	0.3996111975116641	0.48522550544323484	0.009900990099009901	0.009900990099009901	0.12931570762052885	1.4000481116189563	0.23374805598755832	1.529784984138174	0.6749611197511665	0.44121306376360814	0.23374805598755832	1.529784984138174	Ubiquitin/SUMO
16	643	0.4665629860031104	0.71850699844479	300	462	0.33360808709175743	0.013762776007308266	0.30940902021772937	0.35622083981337477	0.4657542768273717	0.026358033967748794	0.4213841368584759	0.5101088646967341	0.009900990099009901	0.009900990099009901	0.13295489891135298	1.3985361987786116	0.25275272161741835	1.5426739682115667	0.71850699844479	0.4657542768273717	0.25275272161741835	1.5426739682115667	Ubiquitin/SUMO
17	643	0.4712286158631415	0.7558320373250389	303	486	0.34248833592534994	0.014151521510842981	0.31726283048211507	0.36702954898911355	0.4894556765163297	0.0270240277923352	0.4431570762052877	0.542846034214619	0.009900990099009901	0.009900990099009901	0.12874027993779158	1.375896830442285	0.2663763608087092	1.5442297915607524	0.7558320373250389	0.4894556765163297	0.2663763608087092	1.5442297915607524	Ubiquitin/SUMO
18	643	0.47900466562986005	0.80248833592535	308	516	0.352348367029549	0.014116501452861223	0.32733281493001554	0.37562208398133745	0.5123794712286158	0.0279181156951766	0.46329704510108866	0.5660964230171073	0.009900990099009901	0.009900990099009901	0.12665629860031102	1.359463276836158	0.29010886469673414	1.5661992351120015	0.80248833592535	0.5123794712286158	0.29010886469673414	1.5661992351120015	Ubiquitin/SUMO
19	643	0.48833592534992226	0.8460342146189735	314	544	0.36233281493001557	0.014233117314525869	0.337402799377916	0.3842923794712286	0.5426127527216175	0.02874090489839672	0.49603421461897357	0.5988335925349922	0.009900990099009901	0.009900990099009901	0.1260031104199067	1.3477551721177783	0.3034214618973561	1.5591860131842934	0.8460342146189735	0.5426127527216175	0.3034214618973561	1.5591860131842934	Ubiquitin/SUMO
20	643	0.49922239502332816	0.8740279937791602	321	562	0.3680093312597201	0.014306181254872556	0.3444401244167963	0.3927293934681182	0.5539968895800933	0.029626672302083615	0.5037325038880249	0.6143856920684292	0.009900990099009901	0.009900990099009901	0.13121306376360808	1.3565481976080802	0.3200311041990669	1.577676716635787	0.8740279937791602	0.5539968895800933	0.3200311041990669	1.577676716635787	Ubiquitin/SUMO
21	643	0.5085536547433903	0.9393468118195957	327	604	0.37819595645412135	0.015361446661350283	0.3473950233281493	0.4068040435458786	0.5836702954898911	0.03027105756891521	0.5287713841368584	0.6469673405909798	0.009900990099009901	0.009900990099009901	0.13035769828926896	1.344682950900567	0.35567651632970454	1.609379163335998	0.9393468118195957	0.5836702954898911	0.35567651632970454	1.609379163335998	Ubiquitin/SUMO
22	643	0.5101088646967341	0.9580093312597201	328	616	0.38768273716951795	0.01548452889354986	0.3584370139968896	0.41368584758942456	0.6047900466562985	0.031193049026117265	0.5474339035769828	0.664307931570762	0.009900990099009901	0.009900990099009901	0.12242612752721616	1.3157894736842104	0.35321928460342156	1.584036206541864	0.9580093312597201	0.6047900466562985	0.35321928460342156	1.584036206541864	Ubiquitin/SUMO
23	643	0.5116640746500778	0.9922239502332815	329	638	0.39726283048211514	0.016226061488341503	0.3631026438569207	0.4262052877138413	0.6355832037325038	0.03253603087628183	0.5862363919129082	0.7014774494556765	0.009900990099009901	0.009900990099009901	0.11440124416796266	1.2879736924522391	0.3566407465007777	1.561123617500245	0.9922239502332815	0.6355832037325038	0.3566407465007777	1.561123617500245	Ubiquitin/SUMO
24	643	0.5178849144634525	1.0171073094867806	333	654	0.4029082426127526	0.015874341919789477	0.37169517884914466	0.4276827371695179	0.65402799377916	0.032732576775919994	0.6017884914463453	0.7170295489891135	0.009900990099009901	0.009900990099009901	0.11497667185069993	1.28536688925773	0.36307931570762064	1.5551433870737625	1.0171073094867806	0.65402799377916	0.36307931570762064	1.5551433870737625	Ubiquitin/SUMO
25	643	0.5241057542768274	1.04199066874028	337	670	0.41167962674961117	0.015569832954830802	0.3802099533437014	0.43627527216174183	0.6764230171073095	0.032545745986454586	0.6173405909797822	0.735692068429238	0.009900990099009901	0.009900990099009901	0.1124261275272162	1.2730913074685506	0.36556765163297056	1.5404423598657289	1.04199066874028	0.6764230171073095	0.36556765163297056	1.5404423598657289	Ubiquitin/SUMO
26	643	0.5272161741835147	1.0699844479004665	339	688	0.4163763608087092	0.01575321987193274	0.3864307931570762	0.4401244167962675	0.6970139968895799	0.0333309035727874	0.6389580093312597	0.7558320373250389	0.009900990099009901	0.009900990099009901	0.11083981337480553	1.2662010234191161	0.37297045101088666	1.535097505466554	1.0699844479004665	0.6970139968895799	0.37297045101088666	1.535097505466554	Ubiquitin/SUMO
27	643	0.5303265940902022	1.1166407465007777	341	718	0.4242301710730949	0.01560789275739326	0.3988724727838258	0.45182737169517884	0.722208398133748	0.03334731842068741	0.6651632970451011	0.7856143079315706	0.009900990099009901	0.009900990099009901	0.10609642301710731	1.25009164894787	0.3944323483670297	1.546147551574142	1.1166407465007777	0.722208398133748	0.3944323483670297	1.546147551574142	Ubiquitin/SUMO
28	643	0.5334370139968896	1.135303265940902	343	730	0.4301399688958009	0.01525739916487436	0.40435458786936235	0.45878693623639194	0.7457231726283048	0.03389861885717712	0.6887247278382581	0.8087091757387247	0.009900990099009901	0.009900990099009901	0.10329704510108867	1.2401475160893776	0.38958009331259713	1.5224191866527632	1.135303265940902	0.7457231726283048	0.38958009331259713	1.5224191866527632	Ubiquitin/SUMO
29	643	0.536547433903577	1.157076205287714	345	744	0.4358786936236392	0.015785754405514024	0.40902021772939345	0.46500777604976673	0.7638258164852254	0.03601726033150092	0.7057542768273717	0.8324261275272161	0.009900990099009901	0.009900990099009901	0.10066874027993777	1.230955863988297	0.3932503888024885	1.5148430182839927	1.157076205287714	0.7638258164852254	0.3932503888024885	1.5148430182839927	Ubiquitin/SUMO
30	643	0.536547433903577	1.1850699844479005	345	762	0.44202177293934675	0.016701307546594258	0.4152410575427683	0.4736780715396578	0.7837325038880251	0.03719509403434069	0.7147744945567651	0.857153965785381	0.009900990099009901	0.009900990099009901	0.09452566096423021	1.2138484272746466	0.4013374805598754	1.512084771996666	1.1850699844479005	0.7837325038880251	0.4013374805598754	1.512084771996666	Ubiquitin/SUMO
31	643	0.5396578538102644	1.2037325038880249	347	774	0.44727838258164854	0.016857711865333934	0.4199066874027994	0.4798989113530326	0.7977916018662521	0.03749091282357675	0.7241057542768273	0.8695956454121305	0.009900990099009901	0.009900990099009901	0.0923794712286159	1.20653685674548	0.4059409020217728	1.5088307536356191	1.2037325038880249	0.7977916018662521	0.4059409020217728	1.5088307536356191	Ubiquitin/SUMO
32	643	0.5412130637636081	1.213063763608087	348	780	0.4536236391912908	0.017224555274751814	0.4253110419906687	0.48374805598755827	0.8140590979782272	0.038424410484655565	0.7398133748055987	0.8866251944012441	0.009900990099009901	0.009900990099009901	0.08758942457231733	1.193088315962699	0.3990046656298598	1.490142136634571	1.213063763608087	0.8140590979782272	0.3990046656298598	1.490142136634571	Ubiquitin/SUMO
33	643	0.5427682737169518	1.228615863141524	349	790	0.4579160186625195	0.016709702052683177	0.42842146189735614	0.48833592534992226	0.8288958009331259	0.038762238235573995	0.7556765163297046	0.9055987558320372	0.009900990099009901	0.009900990099009901	0.08485225505443228	1.185300910202418	0.3997200622083982	1.4822319786858795	1.228615863141524	0.8288958009331259	0.3997200622083982	1.4822319786858795	Ubiquitin/SUMO
34	643	0.5474339035769828	1.2783825816485226	352	822	0.463203732503888	0.016561962661490622	0.4346423017107309	0.49226283048211505	0.8534681181959565	0.037929903225964866	0.785303265940902	0.9285381026438568	0.009900990099009901	0.009900990099009901	0.08423017107309483	1.18184260005372	0.4249144634525661	1.4978679981048872	1.2783825816485226	0.8534681181959565	0.4249144634525661	1.4978679981048872	Ubiquitin/SUMO
35	643	0.5598755832037325	1.3032659409020217	360	838	0.4664230171073096	0.016647850824146708	0.4408631415241058	0.4977449455676516	0.8690513219284606	0.03894460325894107	0.7977449455676516	0.9426127527216174	0.009900990099009901	0.009900990099009901	0.09345256609642294	1.2003601080324096	0.4342146189735612	1.4996420901932708	1.3032659409020217	0.8690513219284606	0.4342146189735612	1.4996420901932708	Ubiquitin/SUMO
36	643	0.5645412130637636	1.3405909797822706	363	862	0.47130637636080863	0.0165953481412483	0.4447900466562986	0.5038880248833593	0.8992846034214621	0.040126815725109254	0.8381804043545878	0.9766718506998445	0.009900990099009901	0.009900990099009901	0.09323483670295496	1.1978221415607988	0.4413063763608085	1.4907304925290534	1.3405909797822706	0.8992846034214621	0.4413063763608085	1.4907304925290534	Ubiquitin/SUMO
37	643	0.5660964230171073	1.3716951788491447	364	882	0.4753965785381025	0.016765985459243318	0.447900466562986	0.5124805598755832	0.9211819595645413	0.04160335566217253	0.852099533437014	1.0110419906687402	0.009900990099009901	0.009900990099009901	0.09069984447900475	1.1907877518974093	0.4505132192846034	1.489059967585089	1.3716951788491447	0.9211819595645413	0.4505132192846034	1.489059967585089	Ubiquitin/SUMO
38	643	0.5692068429237948	1.3965785381026439	366	898	0.4790357698289269	0.016726741336231754	0.4494556765163297	0.5140357698289268	0.9365474339035771	0.04150877322380934	0.8722395023328149	1.0267496111975116	0.009900990099009901	0.009900990099009901	0.09017107309486783	1.1882345302253101	0.4600311041990668	1.491198937230156	1.3965785381026439	0.9365474339035771	0.4600311041990668	1.491198937230156	Ubiquitin/SUMO
39	643	0.5692068429237948	1.4090202177293936	366	906	0.4830482115085537	0.016426106291088507	0.4510108864696734	0.5147744945567652	0.9564230171073095	0.04164508738709799	0.8910575427682738	1.048367029548989	0.009900990099009901	0.009900990099009901	0.08615863141524105	1.1783644558918223	0.4525972006220841	1.4732186412566264	1.4090202177293936	0.9564230171073095	0.4525972006220841	1.4732186412566264	Ubiquitin/SUMO
40	643	0.5692068429237948	1.4307931570762054	366	920	0.4857698289269052	0.01670100766476855	0.4525660964230171	0.5172239502332815	0.9787558320373251	0.0426709631035479	0.9097200622083982	1.0622861586314152	0.009900990099009901	0.009900990099009901	0.08343701399688958	1.1717624459740674	0.4520373250388803	1.4618489210919376	1.4307931570762054	0.9787558320373251	0.4520373250388803	1.4618489210919376	Ubiquitin/SUMO
41	643	0.5723172628304821	1.4618973561430793	368	940	0.4899377916018662	0.016361212185524717	0.45715396578538103	0.5195178849144634	0.9980404354587868	0.04324333465339383	0.9295489891135303	1.084059097978227	0.009900990099009901	0.009900990099009901	0.08237947122861594	1.1681427165666765	0.4638569206842924	1.464767662916446	1.4618973561430793	0.9980404354587868	0.4638569206842924	1.464767662916446	Ubiquitin/SUMO
42	643	0.5754276827371695	1.4867807153965786	370	956	0.49298600311041985	0.016458045463659286	0.4603421461897356	0.5218118195956454	1.0175427682737168	0.04446750141348491	0.9532659409020218	1.1104199066874028	0.009900990099009901	0.009900990099009901	0.08244167962674964	1.1672292501340737	0.4692379471228618	1.461148132298099	1.4867807153965786	1.0175427682737168	0.4692379471228618	1.461148132298099	Ubiquitin/SUMO
43	643	0.5754276827371695	1.4930015552099534	370	960	0.49595645412130634	0.016398567544846178	0.46419129082426125	0.5249222395023327	1.0325038880248836	0.04444410118629177	0.9640746500777605	1.1244945567651632	0.009900990099009901	0.009900990099009901	0.07947122861586314	1.1602383192223267	0.4604976671850698	1.4460009037505646	1.4930015552099534	1.0325038880248836	0.4604976671850698	1.4460009037505646	Ubiquitin/SUMO
44	643	0.5754276827371695	1.5023328149300155	370	966	0.49926905132192845	0.016099293293402255	0.4719673405909798	0.5272939346811819	1.0450388802488337	0.04418300553608426	0.9828926905132193	1.1400466562986002	0.009900990099009901	0.009900990099009901	0.07615863141524104	1.1525402610347941	0.45729393468118174	1.4375855705696765	1.5023328149300155	1.0450388802488337	0.45729393468118174	1.4375855705696765	Ubiquitin/SUMO
45	643	0.5769828926905132	1.5147744945567652	371	974	0.5044790046656299	0.01585050753518853	0.47818818040435457	0.5326982892690513	1.059253499222395	0.04478580279172206	0.993701399688958	1.1601866251944013	0.009900990099009901	0.009900990099009901	0.07250388802488328	1.143720328010358	0.4555209953343702	1.430039641755983	1.5147744945567652	1.059253499222395	0.4555209953343702	1.430039641755983	Ubiquitin/SUMO
46	643	0.5847589424572317	1.5334370139968896	376	986	0.5105909797822706	0.01580406815929647	0.48359253499222393	0.5389191290824261	1.0739968895800933	0.04468514131509593	1.010886469673406	1.1757387247278384	0.009900990099009901	0.009900990099009901	0.07416796267496106	1.1452590539429197	0.45944012441679627	1.4277853398592488	1.5334370139968896	1.0739968895800933	0.45944012441679627	1.4277853398592488	Ubiquitin/SUMO
47	643	0.5878693623639192	1.5489891135303266	378	996	0.5143545878693623	0.015836745061739328	0.4890746500777605	0.5420295489891135	1.0933748055987558	0.044283528487337236	1.027760497667185	1.1929237947122862	0.009900990099009901	0.009900990099009901	0.0735147744945569	1.1429262540440845	0.45561430793157087	1.4167045971779701	1.5489891135303266	1.0933748055987558	0.45561430793157087	1.4167045971779701	Ubiquitin/SUMO
48	643	0.5940902021772939	1.5707620528771384	382	1010	0.516796267496112	0.01551041431040114	0.49144634525660963	0.5443234836702955	1.1072783825816486	0.04510784850966005	1.0385692068429238	1.2040435458786936	0.009900990099009901	0.009900990099009901	0.07729393468118195	1.1495636473066506	0.46348367029548987	1.4185791735722912	1.5707620528771384	1.1072783825816486	0.46348367029548987	1.4185791735722912	Ubiquitin/SUMO
49	643	0.5972006220839814	1.598755832037325	384	1028	0.5205443234836702	0.015308737317125063	0.4936625194401244	0.5489891135303266	1.1310108864696733	0.043914116095695184	1.0668740279937792	1.225660964230171	0.009900990099009901	0.009900990099009901	0.0766562986003112	1.1472618087299458	0.46774494556765167	1.4135636103624665	1.598755832037325	1.1310108864696733	0.46774494556765167	1.4135636103624665	Ubiquitin/SUMO
50	643	0.5972006220839814	1.6111975116640747	384	1036	0.5227838258164852	0.015337563903424735	0.4944790046656299	0.5489891135303266	1.1474961119751166	0.0447209602059829	1.0791601866251943	1.2444790046656298	0.009900990099009901	0.009900990099009901	0.0744167962674962	1.142347166443552	0.46370139968895807	1.404098449528353	1.6111975116640747	1.1474961119751166	0.46370139968895807	1.404098449528353	Ubiquitin/SUMO
51	643	0.5987558320373251	1.6236391912908243	385	1044	0.5249611197511664	0.015211204887504146	0.4952954898911353	0.552099533437014	1.1634214618973562	0.04551852722843351	1.0979782270606533	1.2660964230171072	0.009900990099009901	0.009900990099009901	0.07379471228615864	1.1405717671456082	0.46021772939346817	1.395572666025024	1.6236391912908243	1.1634214618973562	0.46021772939346817	1.395572666025024	Ubiquitin/SUMO
52	643	0.5987558320373251	1.6516329704510109	385	1062	0.5286314152410576	0.015298839587288724	0.5007776049766719	0.5552099533437014	1.1845101088646965	0.04605734802083261	1.1135303265940901	1.283281493001555	0.009900990099009901	0.009900990099009901	0.07012441679626746	1.132652761024977	0.46712286158631433	1.3943595399401294	1.6516329704510109	1.1845101088646965	0.46712286158631433	1.3943595399401294	Ubiquitin/SUMO
53	643	0.6003110419906688	1.6578538102643856	386	1066	0.5318195956454121	0.015379789111280226	0.5038880248833593	0.5598755832037325	1.202954898911353	0.04661831926293636	1.1289269051321928	1.3035769828926904	0.009900990099009901	0.009900990099009901	0.06849144634525661	1.128786992630717	0.4548989113530326	1.3781512605042017	1.6578538102643856	1.202954898911353	0.4548989113530326	1.3781512605042017	Ubiquitin/SUMO
54	643	0.6034214618973561	1.6640746500777606	388	1070	0.5344945567651633	0.015376548190559112	0.5061819595645412	0.5598755832037325	1.2171695178849145	0.047215090050583455	1.1413685847589425	1.3206065318818039	0.009900990099009901	0.009900990099009901	0.0689269051321928	1.1289571694599627	0.4469051321928461	1.3671675355208015	1.6640746500777606	1.2171695178849145	0.4469051321928461	1.3671675355208015	Ubiquitin/SUMO
55	643	0.6080870917573873	1.6734059097978227	391	1076	0.5382426127527217	0.015123773170133777	0.512402799377916	0.5614307931570762	1.2362363919129082	0.0469920526585945	1.1601866251944013	1.3299377916018662	0.009900990099009901	0.009900990099009901	0.06984447900466562	1.1297639342367591	0.4371695178849144	1.35362938734432	1.6734059097978227	1.2362363919129082	0.4371695178849144	1.35362938734432	Ubiquitin/SUMO
56	643	0.6080870917573873	1.692068429237947	391	1088	0.5397822706065319	0.014840993216265355	0.5131415241057543	0.5614307931570762	1.2524416796267497	0.04712671095867787	1.1772161741835148	1.3456454121306376	0.009900990099009901	0.009900990099009901	0.06830482115085534	1.1265414313702893	0.4396267496111974	1.351015745293796	1.692068429237947	1.2524416796267497	0.4396267496111974	1.351015745293796	Ubiquitin/SUMO
57	643	0.609642301710731	1.729393468118196	392	1112	0.5418506998444791	0.014980942657372164	0.5146189735614308	0.565357698289269	1.2751166407465009	0.04787792775131275	1.1975116640746502	1.3685847589424571	0.009900990099009901	0.009900990099009901	0.06779160186625188	1.1251112195401967	0.45427682737169506	1.3562629588974264	1.729393468118196	1.2751166407465009	0.45427682737169506	1.3562629588974264	Ubiquitin/SUMO
58	643	0.6127527216174183	1.7387247278382583	394	1118	0.5438102643856921	0.015050839253460131	0.5162519440124417	0.565357698289269	1.2860031104199066	0.04860315432247203	1.2083203732503887	1.3872472783825816	0.009900990099009901	0.009900990099009901	0.0689424572317262	1.1267766751508563	0.4527216174183517	1.3520377312855245	1.7387247278382583	1.2860031104199066	0.4527216174183517	1.3520377312855245	Ubiquitin/SUMO
59	643	0.6158631415241057	1.76049766718507	396	1132	0.5489269051321929	0.015001843232917296	0.5194401244167963	0.5715785381026438	1.308118195956454	0.049039409488099574	1.226982892690513	1.4137636080870917	0.009900990099009901	0.009900990099009901	0.06693623639191282	1.1219401631912962	0.452379471228616	1.3458246147993154	1.76049766718507	1.308118195956454	0.452379471228616	1.3458246147993154	Ubiquitin/SUMO
60	643	0.6189735614307932	1.7698289269051322	398	1138	0.5518506998444789	0.014730351928995768	0.523950233281493	0.5738724727838258	1.3241368584758946	0.04867130808721217	1.2425349922239501	1.432426127527216	0.009900990099009901	0.009900990099009901	0.06712286158631431	1.1216322849735094	0.4456920684292376	1.336590636818491	1.7698289269051322	1.3241368584758946	0.4456920684292376	1.336590636818491	Ubiquitin/SUMO
61	643	0.6189735614307932	1.7791601866251945	398	1144	0.5544323483670296	0.014300792352652901	0.5263219284603421	0.5777993779160187	1.3414618973561432	0.048698978342719294	1.2611975116640746	1.4463452566096422	0.009900990099009901	0.009900990099009901	0.06454121306376359	1.1164095371669003	0.4376982892690513	1.3262845483212762	1.7791601866251945	1.3414618973561432	0.4376982892690513	1.3262845483212762	Ubiquitin/SUMO
62	643	0.6236391912908242	1.791601866251944	401	1152	0.5570606531881804	0.01418276064435674	0.5271384136858476	0.5800933125972006	1.3566407465007777	0.04925495228876923	1.2703732503888026	1.4604199066874026	0.009900990099009901	0.009900990099009901	0.0665785381026438	1.119517574471649	0.43496111975116625	1.3206162876008802	1.791601866251944	1.3566407465007777	0.43496111975116625	1.3206162876008802	Ubiquitin/SUMO
63	643	0.6236391912908242	1.8102643856920684	401	1164	0.5597356143079315	0.01364081486540986	0.5348367029548989	0.5840202177293934	1.3729704510108862	0.05008985804102758	1.2905132192846034	1.4774494556765163	0.009900990099009901	0.009900990099009901	0.06390357698289273	1.1141674307465756	0.43729393468118216	1.3185020729027437	1.8102643856920684	1.3729704510108862	0.43729393468118216	1.3185020729027437	Ubiquitin/SUMO
64	643	0.6251944012441679	1.8258164852255054	402	1174	0.5615241057542768	0.013754474643818144	0.5355754276827372	0.5855754276827371	1.3973561430793153	0.05053519924508536	1.3124416796267495	1.499222395023328	0.009900990099009901	0.009900990099009901	0.06367029548989112	1.1133883565058438	0.4284603421461901	1.3066221480244855	1.8258164852255054	1.3973561430793153	0.4284603421461901	1.3066221480244855	Ubiquitin/SUMO
65	643	0.6267496111975117	1.8475894245723172	403	1188	0.564199066874028	0.013580655881416092	0.5380248833592535	0.5886858475894245	1.416360808709176	0.05186581210833897	1.331104199066874	1.5226283048211506	0.009900990099009901	0.009900990099009901	0.06255054432348373	1.110866089641105	0.4312286158631413	1.304462403373155	1.8475894245723172	1.416360808709176	0.4312286158631413	1.304462403373155	Ubiquitin/SUMO
66	643	0.6298600311041991	1.860031104199067	405	1196	0.5667340590979782	0.013345684491976578	0.5419517884914463	0.5902410575427682	1.4313219284603418	0.052518408085058824	1.3374805598755832	1.5381804043545877	0.009900990099009901	0.009900990099009901	0.06312597200622083	1.111385527290689	0.42870917573872513	1.2995197427037837	1.860031104199067	1.4313219284603418	0.42870917573872513	1.2995197427037837	Ubiquitin/SUMO
67	643	0.6298600311041991	1.869362363919129	405	1202	0.5683825816485226	0.013551616563641244	0.5426905132192846	0.5917962674961119	1.4428615863141523	0.05259134590512789	1.3513996889580093	1.549144634525661	0.009900990099009901	0.009900990099009901	0.06147744945567646	1.1081620926478233	0.42650077760497673	1.2955936880227645	1.869362363919129	1.4428615863141523	0.42650077760497673	1.2955936880227645	Ubiquitin/SUMO
68	643	0.6298600311041991	1.8818040435458787	405	1210	0.5696734059097979	0.013755682426221492	0.5426905132192846	0.5917962674961119	1.4545567651632971	0.052502524062202995	1.3669517884914462	1.5586314152410574	0.009900990099009901	0.009900990099009901	0.06018662519440121	1.1056511056511056	0.4272472783825816	1.2937302198272174	1.8818040435458787	1.4545567651632971	0.4272472783825816	1.2937302198272174	Ubiquitin/SUMO
69	643	0.6298600311041991	1.8942457231726284	405	1218	0.5713374805598757	0.013584388215767077	0.5474339035769828	0.5964618973561431	1.469206842923795	0.052825133898248354	1.3793934681181959	1.5758164852255054	0.009900990099009901	0.009900990099009901	0.058522550544323426	1.102430791844734	0.4250388802488334	1.2892981899015559	1.8942457231726284	1.469206842923795	0.4250388802488334	1.2892981899015559	Ubiquitin/SUMO
70	643	0.6298600311041991	1.8942457231726284	405	1218	0.5729237947122862	0.01352353563012224	0.5497278382581648	0.5972006220839814	1.4825816485225507	0.05364387107298201	1.3902021772939346	1.5989113530326593	0.009900990099009901	0.009900990099009901	0.05693623639191292	1.0993783761774207	0.4116640746500777	1.2776670512954997	1.8942457231726284	1.4825816485225507	0.4116640746500777	1.2776670512954997	Ubiquitin/SUMO
71	643	0.6298600311041991	1.9004665629860031	405	1222	0.5747122861586315	0.013499170272259832	0.552099533437014	0.5980171073094868	1.497262830482115	0.053445446186504916	1.4057542768273716	1.6128304821150854	0.009900990099009901	0.009900990099009901	0.05514774494556762	1.0959571358986848	0.4032037325038882	1.269293890354613	1.9004665629860031	1.497262830482115	0.4032037325038882	1.269293890354613	Ubiquitin/SUMO
72	643	0.6298600311041991	1.9035769828926905	405	1224	0.5774805598755832	0.013818377003217726	0.5535769828926905	0.6011275272161741	1.5128460342146186	0.053951597708727594	1.4213063763608087	1.6255832037325038	0.009900990099009901	0.009900990099009901	0.05237947122861586	1.0907034363890984	0.3907309486780719	1.2582754225091495	1.9035769828926905	1.5128460342146186	0.3907309486780719	1.2582754225091495	Ubiquitin/SUMO
73	643	0.6329704510108864	1.9129082426127528	407	1230	0.5798444790046656	0.013647305800098533	0.5543157076205287	0.6018662519440124	1.5270606531881803	0.05445927175107576	1.4352255054432348	1.6380248833592534	0.009900990099009901	0.009900990099009901	0.05312597200622082	1.0916210707005687	0.38584758942457253	1.2526733883287506	1.9129082426127528	1.5270606531881803	0.38584758942457253	1.2526733883287506	Ubiquitin/SUMO
74	643	0.6329704510108864	1.9191290824261276	407	1234	0.5814618973561431	0.013500726629178504	0.5543157076205287	0.6034214618973561	1.5383203732503887	0.05454691387642913	1.4445567651632971	1.653421461897356	0.009900990099009901	0.009900990099009901	0.05150855365474338	1.088584572590136	0.38080870917573884	1.2475483753563703	1.9191290824261276	1.5383203732503887	0.38080870917573884	1.2475483753563703	Ubiquitin/SUMO
75	643	0.6345256609642301	1.937791601866252	408	1246	0.5834059097978226	0.013739964083397727	0.5543157076205287	0.6042379471228615	1.5538724727838258	0.05448596660350359	1.4664852255054432	1.664385692068429	0.009900990099009901	0.009900990099009901	0.051119751166407545	1.0876229573747769	0.3839191290824262	1.247072482334808	1.937791601866252	1.5538724727838258	0.3839191290824262	1.247072482334808	Ubiquitin/SUMO
76	643	0.6360808709175739	1.9595645412130638	409	1260	0.5856920684292379	0.01375124152782449	0.5606143079315707	0.6074261275272161	1.573219284603421	0.05418748827869415	1.486625194401244	1.6812597200622084	0.009900990099009901	0.009900990099009901	0.05038880248833599	1.0860329261816253	0.3863452566096428	1.2455762272880053	1.9595645412130638	1.573219284603421	0.3863452566096428	1.2455762272880053	Ubiquitin/SUMO
77	643	0.6360808709175739	1.9688958009331259	409	1266	0.586905132192846	0.013922123599183165	0.5606143079315707	0.6081648522550543	1.589362363919129	0.05485192610466959	1.4989113530326594	1.6953343701399688	0.009900990099009901	0.009900990099009901	0.04917573872472791	1.083788224071228	0.3795334370139969	1.2387960389839132	1.9688958009331259	1.589362363919129	0.3795334370139969	1.2387960389839132	Ubiquitin/SUMO
78	643	0.6391912908242613	1.9813374805598756	411	1274	0.5879937791601866	0.01390087382545365	0.5613530326594091	0.6089035769828927	1.6089580093312597	0.055900356762867455	1.5097200622083982	1.7185847589424572	0.009900990099009901	0.009900990099009901	0.05119751166407471	1.0870715192551843	0.3723794712286159	1.231441385709867	1.9813374805598756	1.6089580093312597	0.3723794712286159	1.231441385709867	Ubiquitin/SUMO
79	643	0.640746500777605	1.9937791601866253	412	1282	0.589642301710731	0.014058751815676025	0.5620917573872473	0.6120917573872472	1.622395023328149	0.055795226737475216	1.521850699844479	1.7326594090202176	0.009900990099009901	0.009900990099009901	0.05110419906687402	1.086669831724429	0.37138413685847627	1.2289110429447856	1.9937791601866253	1.622395023328149	0.37138413685847627	1.2289110429447856	Ubiquitin/SUMO
80	643	0.640746500777605	2.0093312597200623	412	1292	0.5909486780715396	0.014267405935383183	0.5637247278382581	0.6143856920684292	1.644043545878694	0.05553068622368395	1.545412130637636	1.7501555209953343	0.009900990099009901	0.009900990099009901	0.049797822706065364	1.0842675930312122	0.3652877138413684	1.222188587861359	2.0093312597200623	1.644043545878694	0.3652877138413684	1.222188587861359	Ubiquitin/SUMO
81	643	0.6423017107309487	2.0279937791601865	413	1304	0.5923328149300155	0.014396406417316017	0.5668351477449455	0.6174183514774495	1.6616174183514771	0.05615364612502727	1.5611197511664074	1.7671850699844478	0.009900990099009901	0.009900990099009901	0.04996889580093311	1.084359492740305	0.3663763608087094	1.2204938132943974	2.0279937791601865	1.6616174183514771	0.3663763608087094	1.2204938132943974	Ubiquitin/SUMO
82	643	0.6423017107309487	2.031104199066874	413	1306	0.5942146189735614	0.014272028587970968	0.5690513219284603	0.6174183514774495	1.6764852255054432	0.05501650421817201	1.5832037325038881	1.7747278382581648	0.009900990099009901	0.009900990099009901	0.048087091757387235	1.080925460636516	0.3546189735614309	1.2115252602089093	2.031104199066874	1.6764852255054432	0.3546189735614309	1.2115252602089093	Ubiquitin/SUMO
83	643	0.6423017107309487	2.0404354587869364	413	1312	0.5954432348367029	0.013995414583845161	0.5690513219284603	0.6182348367029549	1.687589424572317	0.05548138920495697	1.5925349922239502	1.791601866251944	0.009900990099009901	0.009900990099009901	0.046858475894245744	1.0786951184475149	0.35284603421461935	1.2090828664110884	2.0404354587869364	1.687589424572317	0.35284603421461935	1.2090828664110884	Ubiquitin/SUMO
84	643	0.6423017107309487	2.052877138413686	413	1320	0.596547433903577	0.014219722341559101	0.5713452566096423	0.6182348367029549	1.6989424572317262	0.055921706808881366	1.6018662519440123	1.8040435458786936	0.009900990099009901	0.009900990099009901	0.045754276827371654	1.0766984722873976	0.3539346811819597	1.208326467842039	2.052877138413686	1.6989424572317262	0.3539346811819597	1.208326467842039	Ubiquitin/SUMO
85	643	0.6423017107309487	2.0653188180404354	413	1328	0.5978071539657854	0.014417163064824504	0.5713452566096423	0.6197900466562986	1.7100466562986003	0.0570793149380405	1.610886469673406	1.8195956454121307	0.009900990099009901	0.009900990099009901	0.04449455676516323	1.0744296157548323	0.35527216174183507	1.207755829604569	2.0653188180404354	1.7100466562986003	0.35527216174183507	1.207755829604569	Ubiquitin/SUMO
86	643	0.6936236391912908	2.124416796267496	446	1366	0.5999533437013996	0.014103576038775203	0.5737169517884915	0.6213452566096422	1.7227371695178846	0.05638415473740044	1.6251166407465008	1.8258164852255054	0.009900990099009901	0.009900990099009901	0.09367029548989114	1.1561292998418746	0.40167962674961144	1.2331636153540608	2.124416796267496	1.7227371695178846	0.40167962674961144	1.2331636153540608	Ubiquitin/SUMO
87	643	0.6936236391912908	2.139968895800933	446	1376	0.6015707620528772	0.014172421331738943	0.5753499222395023	0.6229004665629859	1.7414307931570763	0.05608287561156061	1.6452566096423018	1.8523328149300153	0.009900990099009901	0.009900990099009901	0.09205287713841359	1.153020862955973	0.3985381026438568	1.2288566988765248	2.139968895800933	1.7414307931570763	0.3985381026438568	1.2288566988765248	Ubiquitin/SUMO
88	643	0.6936236391912908	2.1430793157076207	446	1378	0.6034214618973561	0.014051764182619489	0.5760886469673406	0.6244556765163296	1.755054432348367	0.05660618099491981	1.6576982892690513	1.8616640746500777	0.009900990099009901	0.009900990099009901	0.09020217729393465	1.1494845360824741	0.38802488335925367	1.2210899424014179	2.1430793157076207	1.755054432348367	0.38802488335925367	1.2210899424014179	Ubiquitin/SUMO
89	643	0.6936236391912908	2.1493001555209954	446	1382	0.6049766718506998	0.013978550175481377	0.5799377916018662	0.6283048211508554	1.7641990668740277	0.05631074975591063	1.6624416796267496	1.8741057542768274	0.009900990099009901	0.009900990099009901	0.08864696734059097	1.1465295629820051	0.3851010886469677	1.2182866411608106	2.1493001555209954	1.7641990668740277	0.3851010886469677	1.2182866411608106	Ubiquitin/SUMO
90	643	0.6951788491446346	2.1679626749611196	447	1394	0.6067029548989114	0.013438359029089094	0.5815707620528772	0.6299377916018662	1.7794401244167963	0.05744540780174886	1.6763608087091757	1.8868584758942457	0.009900990099009901	0.009900990099009901	0.08847589424572322	1.1458306631462922	0.3885225505443233	1.2183397717142406	2.1679626749611196	1.7794401244167963	0.3885225505443233	1.2183397717142406	Ubiquitin/SUMO
91	643	0.6982892690513219	2.1835147744945567	449	1404	0.6087247278382582	0.01370157452169289	0.5830482115085537	0.6314930015552099	1.7958009331259719	0.0569195168213702	1.6997667185069985	1.900933125972006	0.009900990099009901	0.009900990099009901	0.08956454121306379	1.1471347180705653	0.3877138413685848	1.215900233826968	2.1835147744945567	1.7958009331259719	0.3877138413685848	1.215900233826968	Ubiquitin/SUMO
92	643	0.6998444790046656	2.192846034214619	450	1410	0.6107465007776051	0.013700147978327309	0.586158631415241	0.6346034214618973	1.8133437013996891	0.05695405010681254	1.7090979782270606	1.9195956454121303	0.009900990099009901	0.009900990099009901	0.08909797822706056	1.145883730997428	0.37950233281492984	1.2092831780991096	2.192846034214619	1.8133437013996891	0.37950233281492984	1.2092831780991096	Ubiquitin/SUMO
93	643	0.7013996889580093	2.2052877138413685	451	1418	0.6124572317262831	0.013766680799208456	0.5877916018662519	0.6360808709175739	1.8265318818040435	0.05684474880383346	1.7276049766718506	1.927293934681182	0.009900990099009901	0.009900990099009901	0.08894245723172622	1.1452223153297274	0.378755832037325	1.2073633840232958	2.2052877138413685	1.8265318818040435	0.378755832037325	1.2073633840232958	Ubiquitin/SUMO
94	643	0.7060653188180405	2.214618973561431	454	1424	0.6135303265940902	0.013891766878603709	0.5877916018662519	0.6377138413685848	1.8341213063763606	0.05642579654386045	1.7415241057542767	1.933670295489891	0.009900990099009901	0.009900990099009901	0.09253499222395023	1.1508238276299112	0.38049766718507017	1.2074550172130176	2.214618973561431	1.8341213063763606	0.38049766718507017	1.2074550172130176	Ubiquitin/SUMO
95	643	0.7060653188180405	2.23950233281493	454	1440	0.6152877138413686	0.013828583517589118	0.5901632970451011	0.6400077760497667	1.8515396578538101	0.057216587108732814	1.7569206842923795	1.9603421461897355	0.009900990099009901	0.009900990099009901	0.09077760497667187	1.147536839976746	0.38796267496112	1.2095351689149463	2.23950233281493	1.8515396578538101	0.38796267496112	1.2095351689149463	Ubiquitin/SUMO
96	643	0.7060653188180405	2.2519440124416796	454	1448	0.6171695178849145	0.013203279260956265	0.5901632970451011	0.6400077760497667	1.8630171073094866	0.05802062772175645	1.7665629860031105	1.9726283048211506	0.009900990099009901	0.009900990099009901	0.08889580093312599	1.144037899405302	0.3889269051321931	1.2087618538800589	2.2519440124416796	1.8630171073094866	0.3889269051321931	1.2087618538800589	Ubiquitin/SUMO
97	643	0.7060653188180405	2.264385692068429	454	1456	0.6195800933125972	0.012906046924554396	0.5917185069984447	0.6423017107309487	1.8792534992223948	0.05784766139387631	1.7884914463452566	1.9914463452566094	0.009900990099009901	0.009900990099009901	0.08648522550544324	1.1395868370190014	0.3851321928460343	1.2049389254857825	2.264385692068429	1.8792534992223948	0.3851321928460343	1.2049389254857825	Ubiquitin/SUMO
98	643	0.7091757387247278	2.270606531881804	456	1460	0.620746500777605	0.012820817322255021	0.5932737169517884	0.6439346811819595	1.8906687402799378	0.058447635941104144	1.797822706065319	2.010108864696734	0.009900990099009901	0.009900990099009901	0.08842923794712287	1.142456281004159	0.379937791601866	1.2009541827753556	2.270606531881804	1.8906687402799378	0.379937791601866	1.2009541827753556	Ubiquitin/SUMO
99	643	0.7107309486780715	2.2830482115085537	457	1468	0.6224105754276826	0.012914373419516305	0.5932737169517884	0.645412130637636	1.9045723172628306	0.060326046169421325	1.8117418351477448	2.019440124416796	0.009900990099009901	0.009900990099009901	0.08832037325038888	1.141900502236326	0.37847589424572314	1.1987196237261561	2.2830482115085537	1.9045723172628306	0.37847589424572314	1.1987196237261561	Ubiquitin/SUMO
100	643	0.7107309486780715	2.295489891135303	457	1476	0.6241213063763609	0.012835434315048737	0.5948289269051321	0.645412130637636	1.9165474339035768	0.06057367171653473	1.822706065318818	2.0330482115085537	0.009900990099009901	0.009900990099009901	0.08660964230171064	1.1387705265256285	0.37894245723172637	1.1977214080529726	2.295489891135303	1.9165474339035768	0.37894245723172637	1.1977214080529726	Ubiquitin/SUMO
